unit,seed,arm,base,feedback_applied,rho,epoch,diagnostic_only,auc_1,auc_2,b_1,b_2,v_1,v_2,w_1,w_2,s_1,s_2,w_kind
run__B__s0__J-F__r0.25,0,J-F,joint,True,0.25,0,False,0.756048,0.785112,0.746048,0.775112,0.01,0.01,2,2,1,1,applied
run__B__s0__J-F__r0.25,0,J-F,joint,True,0.25,1,False,0.684832,0.823155,0.746048,0.775112,-0.0612156,0.0480424,1,3,0.447214,1.34164,applied
run__B__s0__J-F__r0.25,0,J-F,joint,True,0.25,2,False,0.683502,0.827485,0.746048,0.775112,-0.0625458,0.0523731,0.25,4,0.0882162,1.41146,applied
run__B__s0__J-F__r0.25,0,J-F,joint,True,0.25,3,False,0.710768,0.811182,0.746048,0.775112,-0.0352793,0.0360701,0.25,5,0.0706225,1.41245,applied
run__B__s0__J-F__r0.25,0,J-F,joint,True,0.25,4,False,0.705301,0.821807,0.746048,0.775112,-0.0407467,0.0466945,0.25,6,0.0588745,1.41299,applied
run__B__s0__J-F__r0.25,0,J-F,joint,True,0.25,5,False,0.678903,0.796017,0.746048,0.775112,-0.0671449,0.0209046,0.25,7,0.0504754,1.41331,applied
run__B__s0__J-F__r0.25,0,J-F,joint,True,0.25,6,False,0.708541,0.816042,0.746048,0.775112,-0.0375065,0.04093,0.25,8,0.0441726,1.41352,applied
run__B__s0__J-F__r0.25,0,J-F,joint,True,0.25,7,False,0.715892,0.800309,0.746048,0.775112,-0.0301552,0.0251966,0.25,8,0.0441726,1.41352,applied
run__B__s0__J-F__r0.25,0,J-F,joint,True,0.25,8,False,0.73032,0.780161,0.746048,0.775112,-0.0157276,0.00504918,0.25,8,0.0441726,1.41352,applied
run__B__s0__J-F__r0.25,0,J-F,joint,True,0.25,9,False,0.702139,0.819374,0.746048,0.775112,-0.0439087,0.044262,0.25,8,0.0441726,1.41352,applied
run__B__s0__J-F__r0.25,0,J-F,joint,True,0.25,10,False,0.726331,0.795297,0.746048,0.775112,-0.0197167,0.0201844,0.25,8,0.0441726,1.41352,applied
run__B__s0__J-F__r0.25,0,J-F,joint,True,0.25,11,False,0.725881,0.791896,0.746048,0.775112,-0.0201669,0.0167842,0.25,8,0.0441726,1.41352,applied
run__B__s0__J-F__r0.25,0,J-F,joint,True,0.25,12,False,0.70782,0.794803,0.746048,0.775112,-0.0382276,0.0196904,0.25,8,0.0441726,1.41352,applied
run__B__s0__J-F__r0.25,0,J-F,joint,True,0.25,13,False,0.709945,0.812164,0.746048,0.775112,-0.036103,0.037052,0.25,8,0.0441726,1.41352,applied
run__B__s0__J-F__r0.25,0,J-F,joint,True,0.25,14,False,0.719235,0.807393,0.746048,0.775112,-0.0268123,0.0322804,0.25,8,0.0441726,1.41352,applied
run__B__s0__J-F__r0.25,0,J-F,joint,True,0.25,15,False,0.704681,0.799224,0.746048,0.775112,-0.0413669,0.024112,0.25,8,0.0441726,1.41352,applied
run__B__s0__J-F__r0.25,0,J-F,joint,True,0.25,16,False,0.706918,0.798014,0.746048,0.775112,-0.0391296,0.0229021,0.25,8,0.0441726,1.41352,applied
run__B__s0__J-F__r0.25,0,J-F,joint,True,0.25,17,False,0.713741,0.797119,0.746048,0.775112,-0.0323066,0.0220068,0.25,8,0.0441726,1.41352,applied
run__B__s0__J-F__r0.25,0,J-F,joint,True,0.25,18,False,0.711685,0.80376,0.746048,0.775112,-0.0343622,0.028648,0.25,8,0.0441726,1.41352,applied
run__B__s0__J-F__r0.25,0,J-F,joint,True,0.25,19,False,0.719198,0.794635,0.746048,0.775112,-0.0268493,0.019523,0.25,8,0.0441726,1.41352,applied
run__B__s0__J-F__r0.25,0,J-F,joint,True,0.25,20,True,0.721513,0.789679,0.746048,0.775112,-0.0245346,0.0145671,0.25,8,0.0441726,1.41352,applied
run__B__s0__J-F__r0.75,0,J-F,joint,True,0.75,0,False,0.756048,0.785112,0.746048,0.775112,0.01,0.01,2,2,1,1,applied
run__B__s0__J-F__r0.75,0,J-F,joint,True,0.75,1,False,0.757568,0.808755,0.746048,0.775112,0.0115204,0.0336426,3,3,1,1,applied
run__B__s0__J-F__r0.75,0,J-F,joint,True,0.75,2,False,0.680355,0.811658,0.746048,0.775112,-0.0656927,0.0365454,2,4,0.632456,1.26491,applied
run__B__s0__J-F__r0.75,0,J-F,joint,True,0.75,3,False,0.665698,0.788495,0.746048,0.775112,-0.0803491,0.0133824,1,5,0.27735,1.38675,applied
run__B__s0__J-F__r0.75,0,J-F,joint,True,0.75,4,False,0.677178,0.83351,0.746048,0.775112,-0.0688698,0.0583975,0.25,6,0.0588745,1.41299,applied
run__B__s0__J-F__r0.75,0,J-F,joint,True,0.75,5,False,0.711218,0.825133,0.746048,0.775112,-0.0348292,0.0500205,0.25,7,0.0504754,1.41331,applied
run__B__s0__J-F__r0.75,0,J-F,joint,True,0.75,6,False,0.708141,0.806786,0.746048,0.775112,-0.037907,0.0316737,0.25,8,0.0441726,1.41352,applied
run__B__s0__J-F__r0.75,0,J-F,joint,True,0.75,7,False,0.703722,0.836932,0.746048,0.775112,-0.0423261,0.0618195,0.25,8,0.0441726,1.41352,applied
run__B__s0__J-F__r0.75,0,J-F,joint,True,0.75,8,False,0.727482,0.838727,0.746048,0.775112,-0.0185657,0.0636151,0.25,8,0.0441726,1.41352,applied
run__B__s0__J-F__r0.75,0,J-F,joint,True,0.75,9,False,0.716203,0.820357,0.746048,0.775112,-0.0298447,0.0452447,0.25,8,0.0441726,1.41352,applied
run__B__s0__J-F__r0.75,0,J-F,joint,True,0.75,10,False,0.728694,0.801607,0.746048,0.775112,-0.017354,0.0264949,0.25,8,0.0441726,1.41352,applied
run__B__s0__J-F__r0.75,0,J-F,joint,True,0.75,11,False,0.724008,0.82332,0.746048,0.775112,-0.0220398,0.0482081,0.25,8,0.0441726,1.41352,applied
run__B__s0__J-F__r0.75,0,J-F,joint,True,0.75,12,False,0.709548,0.780935,0.746048,0.775112,-0.0364993,0.00582327,0.25,8,0.0441726,1.41352,applied
run__B__s0__J-F__r0.75,0,J-F,joint,True,0.75,13,False,0.715973,0.820555,0.746048,0.775112,-0.0300744,0.0454433,0.25,8,0.0441726,1.41352,applied
run__B__s0__J-F__r0.75,0,J-F,joint,True,0.75,14,False,0.708734,0.831852,0.746048,0.775112,-0.0373138,0.05674,0.25,8,0.0441726,1.41352,applied
run__B__s0__J-F__r0.75,0,J-F,joint,True,0.75,15,False,0.71204,0.780198,0.746048,0.775112,-0.0340079,0.00508536,0.25,8,0.0441726,1.41352,applied
run__B__s0__J-F__r0.75,0,J-F,joint,True,0.75,16,False,0.707733,0.809574,0.746048,0.775112,-0.0383151,0.0344621,0.25,8,0.0441726,1.41352,applied
run__B__s0__J-F__r0.75,0,J-F,joint,True,0.75,17,False,0.718175,0.814371,0.746048,0.775112,-0.0278724,0.039259,0.25,8,0.0441726,1.41352,applied
run__B__s0__J-F__r0.75,0,J-F,joint,True,0.75,18,False,0.719427,0.820043,0.746048,0.775112,-0.0266204,0.0449309,0.25,8,0.0441726,1.41352,applied
run__B__s0__J-F__r0.75,0,J-F,joint,True,0.75,19,False,0.720948,0.842958,0.746048,0.775112,-0.0251,0.0678457,0.25,8,0.0441726,1.41352,applied
run__B__s0__J-F__r0.75,0,J-F,joint,True,0.75,20,True,0.718844,0.842274,0.746048,0.775112,-0.0272035,0.0671616,0.25,8,0.0441726,1.41352,applied
run__B__s0__J-F__r1.5,0,J-F,joint,True,1.5,0,False,0.756048,0.785112,0.746048,0.775112,0.01,0.01,2,2,1,1,applied
run__B__s0__J-F__r1.5,0,J-F,joint,True,1.5,1,False,0.77642,0.818136,0.746048,0.775112,0.0303721,0.0430234,3,3,1,1,applied
run__B__s0__J-F__r1.5,0,J-F,joint,True,1.5,2,False,0.789503,0.811945,0.746048,0.775112,0.0434559,0.0368324,4,4,1,1,applied
run__B__s0__J-F__r1.5,0,J-F,joint,True,1.5,3,False,0.764871,0.803512,0.746048,0.775112,0.018823,0.0283998,5,5,1,1,applied
run__B__s0__J-F__r1.5,0,J-F,joint,True,1.5,4,False,0.73549,0.825277,0.746048,0.775112,-0.0105572,0.0501653,4,6,0.784465,1.1767,applied
run__B__s0__J-F__r1.5,0,J-F,joint,True,1.5,5,False,0.721234,0.815417,0.746048,0.775112,-0.0248139,0.0403048,3,7,0.557086,1.29987,applied
run__B__s0__J-F__r1.5,0,J-F,joint,True,1.5,6,False,0.690341,0.848415,0.746048,0.775112,-0.0557069,0.073303,2,8,0.342997,1.37199,applied
run__B__s0__J-F__r1.5,0,J-F,joint,True,1.5,7,False,0.679827,0.828617,0.746048,0.775112,-0.0662202,0.0535048,1,8,0.175412,1.40329,applied
run__B__s0__J-F__r1.5,0,J-F,joint,True,1.5,8,False,0.712051,0.837798,0.746048,0.775112,-0.0339962,0.0626853,0.25,8,0.0441726,1.41352,applied
run__B__s0__J-F__r1.5,0,J-F,joint,True,1.5,9,False,0.716514,0.823065,0.746048,0.775112,-0.0295334,0.0479524,0.25,8,0.0441726,1.41352,applied
run__B__s0__J-F__r1.5,0,J-F,joint,True,1.5,10,False,0.730004,0.829994,0.746048,0.775112,-0.016044,0.0548813,0.25,8,0.0441726,1.41352,applied
run__B__s0__J-F__r1.5,0,J-F,joint,True,1.5,11,False,0.721621,0.828136,0.746048,0.775112,-0.0244269,0.0530235,0.25,8,0.0441726,1.41352,applied
run__B__s0__J-F__r1.5,0,J-F,joint,True,1.5,12,False,0.70484,0.827501,0.746048,0.775112,-0.0412078,0.0523891,0.25,8,0.0441726,1.41352,applied
run__B__s0__J-F__r1.5,0,J-F,joint,True,1.5,13,False,0.722123,0.801743,0.746048,0.775112,-0.0239246,0.0266312,0.25,8,0.0441726,1.41352,applied
run__B__s0__J-F__r1.5,0,J-F,joint,True,1.5,14,False,0.715878,0.833635,0.746048,0.775112,-0.0301695,0.0585229,0.25,8,0.0441726,1.41352,applied
run__B__s0__J-F__r1.5,0,J-F,joint,True,1.5,15,False,0.704178,0.835587,0.746048,0.775112,-0.0418692,0.060475,0.25,8,0.0441726,1.41352,applied
run__B__s0__J-F__r1.5,0,J-F,joint,True,1.5,16,False,0.700232,0.834758,0.746048,0.775112,-0.0458154,0.0596453,0.25,8,0.0441726,1.41352,applied
run__B__s0__J-F__r1.5,0,J-F,joint,True,1.5,17,False,0.708041,0.816206,0.746048,0.775112,-0.0380063,0.0410941,0.25,8,0.0441726,1.41352,applied
run__B__s0__J-F__r1.5,0,J-F,joint,True,1.5,18,False,0.701514,0.824625,0.746048,0.775112,-0.0445339,0.0495132,0.25,8,0.0441726,1.41352,applied
run__B__s0__J-F__r1.5,0,J-F,joint,True,1.5,19,False,0.716737,0.818201,0.746048,0.775112,-0.0293104,0.043089,0.25,8,0.0441726,1.41352,applied
run__B__s0__J-F__r1.5,0,J-F,joint,True,1.5,20,True,0.70815,0.835167,0.746048,0.775112,-0.0378978,0.0600551,0.25,8,0.0441726,1.41352,applied
run__B__s0__J-N__r0.25,0,J-N,joint,False,0.25,0,False,0.756048,0.785112,0.746048,0.775112,0.01,0.01,2,2,1,1,hypothetical (twin)
run__B__s0__J-N__r0.25,0,J-N,joint,False,0.25,1,False,0.690134,0.822296,0.746048,0.775112,-0.0559139,0.0471842,1,3,0.447214,1.34164,hypothetical (twin)
run__B__s0__J-N__r0.25,0,J-N,joint,False,0.25,2,False,0.6825,0.824939,0.746048,0.775112,-0.0635471,0.049827,0.25,4,0.0882162,1.41146,hypothetical (twin)
run__B__s0__J-N__r0.25,0,J-N,joint,False,0.25,3,False,0.707929,0.817147,0.746048,0.775112,-0.0381182,0.0420348,0.25,5,0.0706225,1.41245,hypothetical (twin)
run__B__s0__J-N__r0.25,0,J-N,joint,False,0.25,4,False,0.712101,0.829534,0.746048,0.775112,-0.0339465,0.0544219,0.25,6,0.0588745,1.41299,hypothetical (twin)
run__B__s0__J-N__r0.25,0,J-N,joint,False,0.25,5,False,0.689381,0.821399,0.746048,0.775112,-0.0566661,0.0462872,0.25,7,0.0504754,1.41331,hypothetical (twin)
run__B__s0__J-N__r0.25,0,J-N,joint,False,0.25,6,False,0.702532,0.818698,0.746048,0.775112,-0.0435158,0.0435855,0.25,8,0.0441726,1.41352,hypothetical (twin)
run__B__s0__J-N__r0.25,0,J-N,joint,False,0.25,7,False,0.704196,0.82495,0.746048,0.775112,-0.0418515,0.0498379,0.25,8,0.0441726,1.41352,hypothetical (twin)
run__B__s0__J-N__r0.25,0,J-N,joint,False,0.25,8,False,0.688182,0.826317,0.746048,0.775112,-0.0578651,0.0512052,0.25,8,0.0441726,1.41352,hypothetical (twin)
run__B__s0__J-N__r0.25,0,J-N,joint,False,0.25,9,False,0.701567,0.811622,0.746048,0.775112,-0.0444809,0.0365101,0.25,8,0.0441726,1.41352,hypothetical (twin)
run__B__s0__J-N__r0.25,0,J-N,joint,False,0.25,10,False,0.715653,0.831349,0.746048,0.775112,-0.0303941,0.0562368,0.25,8,0.0441726,1.41352,hypothetical (twin)
run__B__s0__J-N__r0.25,0,J-N,joint,False,0.25,11,False,0.699314,0.827994,0.746048,0.775112,-0.0467333,0.0528813,0.25,8,0.0441726,1.41352,hypothetical (twin)
run__B__s0__J-N__r0.25,0,J-N,joint,False,0.25,12,False,0.687286,0.830546,0.746048,0.775112,-0.058762,0.0554341,0.25,8,0.0441726,1.41352,hypothetical (twin)
run__B__s0__J-N__r0.25,0,J-N,joint,False,0.25,13,False,0.688932,0.830611,0.746048,0.775112,-0.0571154,0.0554989,0.25,8,0.0441726,1.41352,hypothetical (twin)
run__B__s0__J-N__r0.25,0,J-N,joint,False,0.25,14,False,0.699366,0.818184,0.746048,0.775112,-0.0466812,0.0430722,0.25,8,0.0441726,1.41352,hypothetical (twin)
run__B__s0__J-N__r0.25,0,J-N,joint,False,0.25,15,False,0.689091,0.818664,0.746048,0.775112,-0.0569564,0.0435518,0.25,8,0.0441726,1.41352,hypothetical (twin)
run__B__s0__J-N__r0.25,0,J-N,joint,False,0.25,16,False,0.68015,0.813224,0.746048,0.775112,-0.0658971,0.0381113,0.25,8,0.0441726,1.41352,hypothetical (twin)
run__B__s0__J-N__r0.25,0,J-N,joint,False,0.25,17,False,0.690362,0.822039,0.746048,0.775112,-0.0556859,0.0469267,0.25,8,0.0441726,1.41352,hypothetical (twin)
run__B__s0__J-N__r0.25,0,J-N,joint,False,0.25,18,False,0.688717,0.819894,0.746048,0.775112,-0.0573308,0.044782,0.25,8,0.0441726,1.41352,hypothetical (twin)
run__B__s0__J-N__r0.25,0,J-N,joint,False,0.25,19,False,0.703111,0.819651,0.746048,0.775112,-0.0429369,0.0445388,0.25,8,0.0441726,1.41352,hypothetical (twin)
run__B__s0__J-N__r0.25,0,J-N,joint,False,0.25,20,True,0.702062,0.820538,0.746048,0.775112,-0.0439853,0.0454256,0.25,8,0.0441726,1.41352,hypothetical (twin)
run__B__s0__J-N__r0.75,0,J-N,joint,False,0.75,0,False,0.756048,0.785112,0.746048,0.775112,0.01,0.01,2,2,1,1,hypothetical (twin)
run__B__s0__J-N__r0.75,0,J-N,joint,False,0.75,1,False,0.76571,0.844663,0.746048,0.775112,0.0196627,0.0695512,3,3,1,1,hypothetical (twin)
run__B__s0__J-N__r0.75,0,J-N,joint,False,0.75,2,False,0.69305,0.820008,0.746048,0.775112,-0.0529976,0.0448955,2,4,0.632456,1.26491,hypothetical (twin)
run__B__s0__J-N__r0.75,0,J-N,joint,False,0.75,3,False,0.674508,0.798767,0.746048,0.775112,-0.0715396,0.0236543,1,5,0.27735,1.38675,hypothetical (twin)
run__B__s0__J-N__r0.75,0,J-N,joint,False,0.75,4,False,0.666919,0.821314,0.746048,0.775112,-0.0791282,0.0462014,0.25,6,0.0588745,1.41299,hypothetical (twin)
run__B__s0__J-N__r0.75,0,J-N,joint,False,0.75,5,False,0.694863,0.779655,0.746048,0.775112,-0.0511844,0.00454265,0.25,6.45427,0.0547372,1.41315,hypothetical (twin)
run__B__s0__J-N__r0.75,0,J-N,joint,False,0.75,6,False,0.715414,0.772638,0.746048,0.775112,-0.0306339,-0.00247465,0.25,6.2068,0.0569161,1.41307,hypothetical (twin)
run__B__s0__J-N__r0.75,0,J-N,joint,False,0.75,7,False,0.695378,0.810228,0.746048,0.775112,-0.0506694,0.0351159,0.25,7.2068,0.0490288,1.41336,hypothetical (twin)
run__B__s0__J-N__r0.75,0,J-N,joint,False,0.75,8,False,0.699825,0.801407,0.746048,0.775112,-0.0462226,0.0262946,0.25,8,0.0441726,1.41352,hypothetical (twin)
run__B__s0__J-N__r0.75,0,J-N,joint,False,0.75,9,False,0.679338,0.82445,0.746048,0.775112,-0.0667091,0.0493373,0.25,8,0.0441726,1.41352,hypothetical (twin)
run__B__s0__J-N__r0.75,0,J-N,joint,False,0.75,10,False,0.683125,0.801289,0.746048,0.775112,-0.0629228,0.0261768,0.25,8,0.0441726,1.41352,hypothetical (twin)
run__B__s0__J-N__r0.75,0,J-N,joint,False,0.75,11,False,0.67015,0.784159,0.746048,0.775112,-0.0758972,0.00904669,0.25,8,0.0441726,1.41352,hypothetical (twin)
run__B__s0__J-N__r0.75,0,J-N,joint,False,0.75,12,False,0.704825,0.8217,0.746048,0.775112,-0.0412221,0.0465876,0.25,8,0.0441726,1.41352,hypothetical (twin)
run__B__s0__J-N__r0.75,0,J-N,joint,False,0.75,13,False,0.711616,0.807825,0.746048,0.775112,-0.0344312,0.0327129,0.25,8,0.0441726,1.41352,hypothetical (twin)
run__B__s0__J-N__r0.75,0,J-N,joint,False,0.75,14,False,0.726726,0.792841,0.746048,0.775112,-0.0193212,0.0177291,0.25,8,0.0441726,1.41352,hypothetical (twin)
run__B__s0__J-N__r0.75,0,J-N,joint,False,0.75,15,False,0.716079,0.816648,0.746048,0.775112,-0.0299684,0.0415358,0.25,8,0.0441726,1.41352,hypothetical (twin)
run__B__s0__J-N__r0.75,0,J-N,joint,False,0.75,16,False,0.695103,0.832748,0.746048,0.775112,-0.0509446,0.0576361,0.25,8,0.0441726,1.41352,hypothetical (twin)
run__B__s0__J-N__r0.75,0,J-N,joint,False,0.75,17,False,0.663369,0.816465,0.746048,0.775112,-0.0826781,0.0413524,0.25,8,0.0441726,1.41352,hypothetical (twin)
run__B__s0__J-N__r0.75,0,J-N,joint,False,0.75,18,False,0.722975,0.772325,0.746048,0.775112,-0.0230731,-0.00278681,0.25,7.72132,0.0457653,1.41347,hypothetical (twin)
run__B__s0__J-N__r0.75,0,J-N,joint,False,0.75,19,False,0.708392,0.816035,0.746048,0.775112,-0.0376554,0.0409233,0.25,8,0.0441726,1.41352,hypothetical (twin)
run__B__s0__J-N__r0.75,0,J-N,joint,False,0.75,20,True,0.757804,0.8307,0.746048,0.775112,0.0117569,0.0555881,0.25,8,0.0441726,1.41352,hypothetical (twin)
run__B__s0__J-N__r1.5,0,J-N,joint,False,1.5,0,False,0.756048,0.785112,0.746048,0.775112,0.01,0.01,2,2,1,1,hypothetical (twin)
run__B__s0__J-N__r1.5,0,J-N,joint,False,1.5,1,False,0.727464,0.83601,0.746048,0.775112,-0.0185833,0.0608982,1,3,0.447214,1.34164,hypothetical (twin)
run__B__s0__J-N__r1.5,0,J-N,joint,False,1.5,2,False,0.745362,0.830569,0.746048,0.775112,-0.000685828,0.0554568,0.931417,4,0.320725,1.37737,hypothetical (twin)
run__B__s0__J-N__r1.5,0,J-N,joint,False,1.5,3,False,0.732228,0.80439,0.746048,0.775112,-0.0138193,0.0292774,0.25,5,0.0706225,1.41245,hypothetical (twin)
run__B__s0__J-N__r1.5,0,J-N,joint,False,1.5,4,False,0.766898,0.8237,0.746048,0.775112,0.0208507,0.0485876,1.25,6,0.288435,1.38449,hypothetical (twin)
run__B__s0__J-N__r1.5,0,J-N,joint,False,1.5,5,False,0.821571,0.825404,0.746048,0.775112,0.0755235,0.0502915,2.25,7,0.432762,1.34637,hypothetical (twin)
run__B__s0__J-N__r1.5,0,J-N,joint,False,1.5,6,False,0.760053,0.81261,0.746048,0.775112,0.0140051,0.0374979,3.25,8,0.532278,1.31022,hypothetical (twin)
run__B__s0__J-N__r1.5,0,J-N,joint,False,1.5,7,False,0.784714,0.840912,0.746048,0.775112,0.0386666,0.0657994,4.25,8,0.663486,1.24891,hypothetical (twin)
run__B__s0__J-N__r1.5,0,J-N,joint,False,1.5,8,False,0.803525,0.835294,0.746048,0.775112,0.0574771,0.0601813,5.25,8,0.775917,1.18235,hypothetical (twin)
run__B__s0__J-N__r1.5,0,J-N,joint,False,1.5,9,False,0.729702,0.835506,0.746048,0.775112,-0.0163452,0.0603942,4.25,8,0.663486,1.24891,hypothetical (twin)
run__B__s0__J-N__r1.5,0,J-N,joint,False,1.5,10,False,0.793567,0.806777,0.746048,0.775112,0.0475199,0.0316645,5.25,8,0.775917,1.18235,hypothetical (twin)
run__B__s0__J-N__r1.5,0,J-N,joint,False,1.5,11,False,0.753553,0.814477,0.746048,0.775112,0.00750524,0.039365,6.00052,8,0.848576,1.13134,hypothetical (twin)
run__B__s0__J-N__r1.5,0,J-N,joint,False,1.5,12,False,0.744748,0.862485,0.746048,0.775112,-0.00129921,0.087373,5.8706,8,0.836679,1.14016,hypothetical (twin)
run__B__s0__J-N__r1.5,0,J-N,joint,False,1.5,13,False,0.781433,0.840198,0.746048,0.775112,0.0353852,0.0650859,6.8706,8,0.921398,1.07286,hypothetical (twin)
run__B__s0__J-N__r1.5,0,J-N,joint,False,1.5,14,False,0.79341,0.848203,0.746048,0.775112,0.0473625,0.073091,7.8706,8,0.991814,1.00812,hypothetical (twin)
run__B__s0__J-N__r1.5,0,J-N,joint,False,1.5,15,False,0.797945,0.848126,0.746048,0.775112,0.0518977,0.0730136,8,8,1,1,hypothetical (twin)
run__B__s0__J-N__r1.5,0,J-N,joint,False,1.5,16,False,0.791095,0.84696,0.746048,0.775112,0.0450478,0.0718482,8,8,1,1,hypothetical (twin)
run__B__s0__J-N__r1.5,0,J-N,joint,False,1.5,17,False,0.766439,0.853,0.746048,0.775112,0.0203913,0.0778878,8,8,1,1,hypothetical (twin)
run__B__s0__J-N__r1.5,0,J-N,joint,False,1.5,18,False,0.809484,0.827086,0.746048,0.775112,0.0634367,0.0519734,8,8,1,1,hypothetical (twin)
run__B__s0__J-N__r1.5,0,J-N,joint,False,1.5,19,False,0.803092,0.852446,0.746048,0.775112,0.0570446,0.0773342,8,8,1,1,hypothetical (twin)
run__B__s0__J-N__r1.5,0,J-N,joint,False,1.5,20,True,0.802529,0.845459,0.746048,0.775112,0.0564817,0.0703472,8,8,1,1,hypothetical (twin)
run__B__s0__L-F__r0.25,0,L-F,local,True,0.25,0,False,0.756048,0.785112,0.746048,0.775112,0.01,0.01,2,2,1,1,applied
run__B__s0__L-F__r0.25,0,L-F,local,True,0.25,1,False,0.683717,0.822863,0.746048,0.775112,-0.0623304,0.0477504,1,3,0.447214,1.34164,applied
run__B__s0__L-F__r0.25,0,L-F,local,True,0.25,2,False,0.682965,0.814225,0.746048,0.775112,-0.0630827,0.0391126,0.25,4,0.0882162,1.41146,applied
run__B__s0__L-F__r0.25,0,L-F,local,True,0.25,3,False,0.706898,0.810636,0.746048,0.775112,-0.0391498,0.035524,0.25,5,0.0706225,1.41245,applied
run__B__s0__L-F__r0.25,0,L-F,local,True,0.25,4,False,0.716017,0.813347,0.746048,0.775112,-0.0300306,0.038235,0.25,6,0.0588745,1.41299,applied
run__B__s0__L-F__r0.25,0,L-F,local,True,0.25,5,False,0.67901,0.811863,0.746048,0.775112,-0.0670372,0.0367508,0.25,7,0.0504754,1.41331,applied
run__B__s0__L-F__r0.25,0,L-F,local,True,0.25,6,False,0.715,0.808154,0.746048,0.775112,-0.0310479,0.0330418,0.25,8,0.0441726,1.41352,applied
run__B__s0__L-F__r0.25,0,L-F,local,True,0.25,7,False,0.718954,0.800998,0.746048,0.775112,-0.0270933,0.0258857,0.25,8,0.0441726,1.41352,applied
run__B__s0__L-F__r0.25,0,L-F,local,True,0.25,8,False,0.719697,0.797053,0.746048,0.775112,-0.0263503,0.0219412,0.25,8,0.0441726,1.41352,applied
run__B__s0__L-F__r0.25,0,L-F,local,True,0.25,9,False,0.706072,0.808532,0.746048,0.775112,-0.039976,0.0334196,0.25,8,0.0441726,1.41352,applied
run__B__s0__L-F__r0.25,0,L-F,local,True,0.25,10,False,0.697003,0.816577,0.746048,0.775112,-0.0490447,0.0414651,0.25,8,0.0441726,1.41352,applied
run__B__s0__L-F__r0.25,0,L-F,local,True,0.25,11,False,0.716808,0.802459,0.746048,0.775112,-0.0292397,0.0273464,0.25,8,0.0441726,1.41352,applied
run__B__s0__L-F__r0.25,0,L-F,local,True,0.25,12,False,0.704375,0.818683,0.746048,0.775112,-0.0416723,0.0435703,0.25,8,0.0441726,1.41352,applied
run__B__s0__L-F__r0.25,0,L-F,local,True,0.25,13,False,0.701809,0.823436,0.746048,0.775112,-0.0442386,0.0483234,0.25,8,0.0441726,1.41352,applied
run__B__s0__L-F__r0.25,0,L-F,local,True,0.25,14,False,0.703188,0.790361,0.746048,0.775112,-0.0428595,0.0152487,0.25,8,0.0441726,1.41352,applied
run__B__s0__L-F__r0.25,0,L-F,local,True,0.25,15,False,0.703835,0.795408,0.746048,0.775112,-0.0422125,0.0202954,0.25,8,0.0441726,1.41352,applied
run__B__s0__L-F__r0.25,0,L-F,local,True,0.25,16,False,0.704623,0.797931,0.746048,0.775112,-0.0414249,0.0228188,0.25,8,0.0441726,1.41352,applied
run__B__s0__L-F__r0.25,0,L-F,local,True,0.25,17,False,0.710544,0.799142,0.746048,0.775112,-0.035504,0.0240296,0.25,8,0.0441726,1.41352,applied
run__B__s0__L-F__r0.25,0,L-F,local,True,0.25,18,False,0.714948,0.810974,0.746048,0.775112,-0.0310992,0.0358622,0.25,8,0.0441726,1.41352,applied
run__B__s0__L-F__r0.25,0,L-F,local,True,0.25,19,False,0.715828,0.800176,0.746048,0.775112,-0.0302199,0.0250637,0.25,8,0.0441726,1.41352,applied
run__B__s0__L-F__r0.25,0,L-F,local,True,0.25,20,True,0.715224,0.790909,0.746048,0.775112,-0.0308232,0.0157973,0.25,8,0.0441726,1.41352,applied
run__B__s0__L-F__r0.75,0,L-F,local,True,0.75,0,False,0.756048,0.785112,0.746048,0.775112,0.01,0.01,2,2,1,1,applied
run__B__s0__L-F__r0.75,0,L-F,local,True,0.75,1,False,0.693661,0.797695,0.746048,0.775112,-0.0523867,0.0225824,1,3,0.447214,1.34164,applied
run__B__s0__L-F__r0.75,0,L-F,local,True,0.75,2,False,0.678884,0.813329,0.746048,0.775112,-0.0671635,0.0382165,0.25,4,0.0882162,1.41146,applied
run__B__s0__L-F__r0.75,0,L-F,local,True,0.75,3,False,0.705535,0.825546,0.746048,0.775112,-0.0405128,0.0504337,0.25,5,0.0706225,1.41245,applied
run__B__s0__L-F__r0.75,0,L-F,local,True,0.75,4,False,0.708261,0.836107,0.746048,0.775112,-0.0377867,0.060995,0.25,6,0.0588745,1.41299,applied
run__B__s0__L-F__r0.75,0,L-F,local,True,0.75,5,False,0.716725,0.796121,0.746048,0.775112,-0.0293222,0.0210089,0.25,7,0.0504754,1.41331,applied
run__B__s0__L-F__r0.75,0,L-F,local,True,0.75,6,False,0.70734,0.810411,0.746048,0.775112,-0.038708,0.0352985,0.25,8,0.0441726,1.41352,applied
run__B__s0__L-F__r0.75,0,L-F,local,True,0.75,7,False,0.708221,0.831054,0.746048,0.775112,-0.0378262,0.0559415,0.25,8,0.0441726,1.41352,applied
run__B__s0__L-F__r0.75,0,L-F,local,True,0.75,8,False,0.721839,0.836858,0.746048,0.775112,-0.0242081,0.0617455,0.25,8,0.0441726,1.41352,applied
run__B__s0__L-F__r0.75,0,L-F,local,True,0.75,9,False,0.707893,0.82714,0.746048,0.775112,-0.0381544,0.0520281,0.25,8,0.0441726,1.41352,applied
run__B__s0__L-F__r0.75,0,L-F,local,True,0.75,10,False,0.716997,0.828723,0.746048,0.775112,-0.0290504,0.0536108,0.25,8,0.0441726,1.41352,applied
run__B__s0__L-F__r0.75,0,L-F,local,True,0.75,11,False,0.716516,0.850261,0.746048,0.775112,-0.0295317,0.0751491,0.25,8,0.0441726,1.41352,applied
run__B__s0__L-F__r0.75,0,L-F,local,True,0.75,12,False,0.702509,0.836131,0.746048,0.775112,-0.0435385,0.0610185,0.25,8,0.0441726,1.41352,applied
run__B__s0__L-F__r0.75,0,L-F,local,True,0.75,13,False,0.710459,0.837177,0.746048,0.775112,-0.0355881,0.0620652,0.25,8,0.0441726,1.41352,applied
run__B__s0__L-F__r0.75,0,L-F,local,True,0.75,14,False,0.703551,0.842493,0.746048,0.775112,-0.0424969,0.0673812,0.25,8,0.0441726,1.41352,applied
run__B__s0__L-F__r0.75,0,L-F,local,True,0.75,15,False,0.702476,0.847218,0.746048,0.775112,-0.0435713,0.0721057,0.25,8,0.0441726,1.41352,applied
run__B__s0__L-F__r0.75,0,L-F,local,True,0.75,16,False,0.701775,0.843894,0.746048,0.775112,-0.0442722,0.0687813,0.25,8,0.0441726,1.41352,applied
run__B__s0__L-F__r0.75,0,L-F,local,True,0.75,17,False,0.709712,0.833012,0.746048,0.775112,-0.0363353,0.0578994,0.25,8,0.0441726,1.41352,applied
run__B__s0__L-F__r0.75,0,L-F,local,True,0.75,18,False,0.711834,0.84777,0.746048,0.775112,-0.0342132,0.0726577,0.25,8,0.0441726,1.41352,applied
run__B__s0__L-F__r0.75,0,L-F,local,True,0.75,19,False,0.711918,0.845067,0.746048,0.775112,-0.0341299,0.0699551,0.25,8,0.0441726,1.41352,applied
run__B__s0__L-F__r0.75,0,L-F,local,True,0.75,20,True,0.718513,0.853809,0.746048,0.775112,-0.027535,0.0786973,0.25,8,0.0441726,1.41352,applied
run__B__s0__L-F__r1.5,0,L-F,local,True,1.5,0,False,0.756048,0.785112,0.746048,0.775112,0.01,0.01,2,2,1,1,applied
run__B__s0__L-F__r1.5,0,L-F,local,True,1.5,1,False,0.725969,0.81027,0.746048,0.775112,-0.0200785,0.035158,1,3,0.447214,1.34164,applied
run__B__s0__L-F__r1.5,0,L-F,local,True,1.5,2,False,0.730289,0.807959,0.746048,0.775112,-0.0157587,0.0328466,0.25,4,0.0882162,1.41146,applied
run__B__s0__L-F__r1.5,0,L-F,local,True,1.5,3,False,0.731058,0.771646,0.746048,0.775112,-0.0149897,-0.00346583,0.25,3.65342,0.0965476,1.41091,applied
run__B__s0__L-F__r1.5,0,L-F,local,True,1.5,4,False,0.738042,0.830031,0.746048,0.775112,-0.0080052,0.0549183,0.25,4.65342,0.0758677,1.41218,applied
run__B__s0__L-F__r1.5,0,L-F,local,True,1.5,5,False,0.718555,0.8312,0.746048,0.775112,-0.027493,0.0560879,0.25,5.65342,0.0624769,1.41283,applied
run__B__s0__L-F__r1.5,0,L-F,local,True,1.5,6,False,0.691954,0.849063,0.746048,0.775112,-0.0540939,0.0739509,0.25,6.65342,0.0531011,1.41322,applied
run__B__s0__L-F__r1.5,0,L-F,local,True,1.5,7,False,0.685924,0.820577,0.746048,0.775112,-0.0601234,0.0454643,0.25,7.65342,0.0461709,1.41346,applied
run__B__s0__L-F__r1.5,0,L-F,local,True,1.5,8,False,0.690866,0.839888,0.746048,0.775112,-0.0551819,0.0647754,0.25,8,0.0441726,1.41352,applied
run__B__s0__L-F__r1.5,0,L-F,local,True,1.5,9,False,0.700795,0.850919,0.746048,0.775112,-0.0452525,0.075807,0.25,8,0.0441726,1.41352,applied
run__B__s0__L-F__r1.5,0,L-F,local,True,1.5,10,False,0.696017,0.84399,0.746048,0.775112,-0.0500308,0.0688781,0.25,8,0.0441726,1.41352,applied
run__B__s0__L-F__r1.5,0,L-F,local,True,1.5,11,False,0.716474,0.852197,0.746048,0.775112,-0.0295737,0.0770851,0.25,8,0.0441726,1.41352,applied
run__B__s0__L-F__r1.5,0,L-F,local,True,1.5,12,False,0.703927,0.842763,0.746048,0.775112,-0.0421208,0.0676505,0.25,8,0.0441726,1.41352,applied
run__B__s0__L-F__r1.5,0,L-F,local,True,1.5,13,False,0.705969,0.84956,0.746048,0.775112,-0.0400787,0.0744482,0.25,8,0.0441726,1.41352,applied
run__B__s0__L-F__r1.5,0,L-F,local,True,1.5,14,False,0.708093,0.852236,0.746048,0.775112,-0.0379541,0.0771238,0.25,8,0.0441726,1.41352,applied
run__B__s0__L-F__r1.5,0,L-F,local,True,1.5,15,False,0.702719,0.852114,0.746048,0.775112,-0.0433282,0.0770018,0.25,8,0.0441726,1.41352,applied
run__B__s0__L-F__r1.5,0,L-F,local,True,1.5,16,False,0.671846,0.845545,0.746048,0.775112,-0.0742018,0.070433,0.25,8,0.0441726,1.41352,applied
run__B__s0__L-F__r1.5,0,L-F,local,True,1.5,17,False,0.711687,0.826888,0.746048,0.775112,-0.0343605,0.0517757,0.25,8,0.0441726,1.41352,applied
run__B__s0__L-F__r1.5,0,L-F,local,True,1.5,18,False,0.702247,0.839266,0.746048,0.775112,-0.0438002,0.0641536,0.25,8,0.0441726,1.41352,applied
run__B__s0__L-F__r1.5,0,L-F,local,True,1.5,19,False,0.714103,0.849477,0.746048,0.775112,-0.0319448,0.0743649,0.25,8,0.0441726,1.41352,applied
run__B__s0__L-F__r1.5,0,L-F,local,True,1.5,20,True,0.713178,0.843411,0.746048,0.775112,-0.0328695,0.0682992,0.25,8,0.0441726,1.41352,applied
run__B__s0__L-N__r0.25,0,L-N,local,False,0.25,0,False,0.756048,0.785112,0.746048,0.775112,0.01,0.01,2,2,1,1,hypothetical (twin)
run__B__s0__L-N__r0.25,0,L-N,local,False,0.25,1,False,0.683717,0.822863,0.746048,0.775112,-0.0623304,0.0477504,1,3,0.447214,1.34164,hypothetical (twin)
run__B__s0__L-N__r0.25,0,L-N,local,False,0.25,2,False,0.687769,0.820734,0.746048,0.775112,-0.0582782,0.0456217,0.25,4,0.0882162,1.41146,hypothetical (twin)
run__B__s0__L-N__r0.25,0,L-N,local,False,0.25,3,False,0.70274,0.818651,0.746048,0.775112,-0.0433071,0.0435392,0.25,5,0.0706225,1.41245,hypothetical (twin)
run__B__s0__L-N__r0.25,0,L-N,local,False,0.25,4,False,0.719982,0.828937,0.746048,0.775112,-0.0260659,0.0538245,0.25,6,0.0588745,1.41299,hypothetical (twin)
run__B__s0__L-N__r0.25,0,L-N,local,False,0.25,5,False,0.690567,0.820105,0.746048,0.775112,-0.0554806,0.0449923,0.25,7,0.0504754,1.41331,hypothetical (twin)
run__B__s0__L-N__r0.25,0,L-N,local,False,0.25,6,False,0.688474,0.820592,0.746048,0.775112,-0.057574,0.0454795,0.25,8,0.0441726,1.41352,hypothetical (twin)
run__B__s0__L-N__r0.25,0,L-N,local,False,0.25,7,False,0.699059,0.821914,0.746048,0.775112,-0.0469883,0.0468022,0.25,8,0.0441726,1.41352,hypothetical (twin)
run__B__s0__L-N__r0.25,0,L-N,local,False,0.25,8,False,0.705717,0.817282,0.746048,0.775112,-0.0403303,0.0421694,0.25,8,0.0441726,1.41352,hypothetical (twin)
run__B__s0__L-N__r0.25,0,L-N,local,False,0.25,9,False,0.695959,0.812476,0.746048,0.775112,-0.0500889,0.0373641,0.25,8,0.0441726,1.41352,hypothetical (twin)
run__B__s0__L-N__r0.25,0,L-N,local,False,0.25,10,False,0.709829,0.826255,0.746048,0.775112,-0.0362183,0.051143,0.25,8,0.0441726,1.41352,hypothetical (twin)
run__B__s0__L-N__r0.25,0,L-N,local,False,0.25,11,False,0.696417,0.815328,0.746048,0.775112,-0.0496303,0.0402157,0.25,8,0.0441726,1.41352,hypothetical (twin)
run__B__s0__L-N__r0.25,0,L-N,local,False,0.25,12,False,0.678813,0.821289,0.746048,0.775112,-0.067235,0.046177,0.25,8,0.0441726,1.41352,hypothetical (twin)
run__B__s0__L-N__r0.25,0,L-N,local,False,0.25,13,False,0.673419,0.835585,0.746048,0.775112,-0.0726284,0.0604724,0.25,8,0.0441726,1.41352,hypothetical (twin)
run__B__s0__L-N__r0.25,0,L-N,local,False,0.25,14,False,0.687766,0.819144,0.746048,0.775112,-0.0582816,0.0440323,0.25,8,0.0441726,1.41352,hypothetical (twin)
run__B__s0__L-N__r0.25,0,L-N,local,False,0.25,15,False,0.689292,0.81517,0.746048,0.775112,-0.0567553,0.0400575,0.25,8,0.0441726,1.41352,hypothetical (twin)
run__B__s0__L-N__r0.25,0,L-N,local,False,0.25,16,False,0.686235,0.814449,0.746048,0.775112,-0.059813,0.0393372,0.25,8,0.0441726,1.41352,hypothetical (twin)
run__B__s0__L-N__r0.25,0,L-N,local,False,0.25,17,False,0.69362,0.814897,0.746048,0.775112,-0.052428,0.0397849,0.25,8,0.0441726,1.41352,hypothetical (twin)
run__B__s0__L-N__r0.25,0,L-N,local,False,0.25,18,False,0.689981,0.818622,0.746048,0.775112,-0.0560662,0.0435097,0.25,8,0.0441726,1.41352,hypothetical (twin)
run__B__s0__L-N__r0.25,0,L-N,local,False,0.25,19,False,0.687549,0.824932,0.746048,0.775112,-0.0584987,0.0498203,0.25,8,0.0441726,1.41352,hypothetical (twin)
run__B__s0__L-N__r0.25,0,L-N,local,False,0.25,20,True,0.695243,0.824116,0.746048,0.775112,-0.0508049,0.0490041,0.25,8,0.0441726,1.41352,hypothetical (twin)
run__B__s0__L-N__r0.75,0,L-N,local,False,0.75,0,False,0.756048,0.785112,0.746048,0.775112,0.01,0.01,2,2,1,1,hypothetical (twin)
run__B__s0__L-N__r0.75,0,L-N,local,False,0.75,1,False,0.693661,0.797695,0.746048,0.775112,-0.0523867,0.0225824,1,3,0.447214,1.34164,hypothetical (twin)
run__B__s0__L-N__r0.75,0,L-N,local,False,0.75,2,False,0.689264,0.821242,0.746048,0.775112,-0.0567839,0.0461299,0.25,4,0.0882162,1.41146,hypothetical (twin)
run__B__s0__L-N__r0.75,0,L-N,local,False,0.75,3,False,0.684694,0.824616,0.746048,0.775112,-0.0613536,0.0495039,0.25,5,0.0706225,1.41245,hypothetical (twin)
run__B__s0__L-N__r0.75,0,L-N,local,False,0.75,4,False,0.675599,0.815314,0.746048,0.775112,-0.0704483,0.0402022,0.25,6,0.0588745,1.41299,hypothetical (twin)
run__B__s0__L-N__r0.75,0,L-N,local,False,0.75,5,False,0.681106,0.810901,0.746048,0.775112,-0.0649413,0.035789,0.25,7,0.0504754,1.41331,hypothetical (twin)
run__B__s0__L-N__r0.75,0,L-N,local,False,0.75,6,False,0.681312,0.817858,0.746048,0.775112,-0.0647352,0.0427458,0.25,8,0.0441726,1.41352,hypothetical (twin)
run__B__s0__L-N__r0.75,0,L-N,local,False,0.75,7,False,0.676648,0.806141,0.746048,0.775112,-0.0693999,0.0310284,0.25,8,0.0441726,1.41352,hypothetical (twin)
run__B__s0__L-N__r0.75,0,L-N,local,False,0.75,8,False,0.68534,0.788729,0.746048,0.775112,-0.0607074,0.0136172,0.25,8,0.0441726,1.41352,hypothetical (twin)
run__B__s0__L-N__r0.75,0,L-N,local,False,0.75,9,False,0.679761,0.781799,0.746048,0.775112,-0.0662867,0.00668655,0.25,8,0.0441726,1.41352,hypothetical (twin)
run__B__s0__L-N__r0.75,0,L-N,local,False,0.75,10,False,0.712256,0.831666,0.746048,0.775112,-0.0337917,0.056554,0.25,8,0.0441726,1.41352,hypothetical (twin)
run__B__s0__L-N__r0.75,0,L-N,local,False,0.75,11,False,0.723192,0.832678,0.746048,0.775112,-0.022856,0.0575662,0.25,8,0.0441726,1.41352,hypothetical (twin)
run__B__s0__L-N__r0.75,0,L-N,local,False,0.75,12,False,0.693132,0.812445,0.746048,0.775112,-0.052916,0.037333,0.25,8,0.0441726,1.41352,hypothetical (twin)
run__B__s0__L-N__r0.75,0,L-N,local,False,0.75,13,False,0.713488,0.796841,0.746048,0.775112,-0.0325599,0.0217283,0.25,8,0.0441726,1.41352,hypothetical (twin)
run__B__s0__L-N__r0.75,0,L-N,local,False,0.75,14,False,0.710157,0.803818,0.746048,0.775112,-0.0358902,0.0287061,0.25,8,0.0441726,1.41352,hypothetical (twin)
run__B__s0__L-N__r0.75,0,L-N,local,False,0.75,15,False,0.688535,0.82303,0.746048,0.775112,-0.0575126,0.0479179,0.25,8,0.0441726,1.41352,hypothetical (twin)
run__B__s0__L-N__r0.75,0,L-N,local,False,0.75,16,False,0.682851,0.801419,0.746048,0.775112,-0.0631962,0.0263072,0.25,8,0.0441726,1.41352,hypothetical (twin)
run__B__s0__L-N__r0.75,0,L-N,local,False,0.75,17,False,0.691288,0.820912,0.746048,0.775112,-0.0547595,0.0458,0.25,8,0.0441726,1.41352,hypothetical (twin)
run__B__s0__L-N__r0.75,0,L-N,local,False,0.75,18,False,0.715155,0.83618,0.746048,0.775112,-0.0308931,0.0610682,0.25,8,0.0441726,1.41352,hypothetical (twin)
run__B__s0__L-N__r0.75,0,L-N,local,False,0.75,19,False,0.707302,0.815963,0.746048,0.775112,-0.0387459,0.0408509,0.25,8,0.0441726,1.41352,hypothetical (twin)
run__B__s0__L-N__r0.75,0,L-N,local,False,0.75,20,True,0.714173,0.839671,0.746048,0.775112,-0.0318741,0.0645591,0.25,8,0.0441726,1.41352,hypothetical (twin)
run__B__s0__L-N__r1.5,0,L-N,local,False,1.5,0,False,0.756048,0.785112,0.746048,0.775112,0.01,0.01,2,2,1,1,hypothetical (twin)
run__B__s0__L-N__r1.5,0,L-N,local,False,1.5,1,False,0.725969,0.81027,0.746048,0.775112,-0.0200785,0.035158,1,3,0.447214,1.34164,hypothetical (twin)
run__B__s0__L-N__r1.5,0,L-N,local,False,1.5,2,False,0.721965,0.834277,0.746048,0.775112,-0.0240827,0.0591649,0.25,4,0.0882162,1.41146,hypothetical (twin)
run__B__s0__L-N__r1.5,0,L-N,local,False,1.5,3,False,0.735946,0.816911,0.746048,0.775112,-0.010102,0.0417992,0.25,5,0.0706225,1.41245,hypothetical (twin)
run__B__s0__L-N__r1.5,0,L-N,local,False,1.5,4,False,0.763909,0.820974,0.746048,0.775112,0.0178612,0.0458615,1.25,6,0.288435,1.38449,hypothetical (twin)
run__B__s0__L-N__r1.5,0,L-N,local,False,1.5,5,False,0.785414,0.826036,0.746048,0.775112,0.0393667,0.0509234,2.25,7,0.432762,1.34637,hypothetical (twin)
run__B__s0__L-N__r1.5,0,L-N,local,False,1.5,6,False,0.772059,0.848582,0.746048,0.775112,0.0260111,0.0734696,3.25,8,0.532278,1.31022,hypothetical (twin)
run__B__s0__L-N__r1.5,0,L-N,local,False,1.5,7,False,0.763629,0.847135,0.746048,0.775112,0.0175819,0.0720224,4.25,8,0.663486,1.24891,hypothetical (twin)
run__B__s0__L-N__r1.5,0,L-N,local,False,1.5,8,False,0.748158,0.828153,0.746048,0.775112,0.00211016,0.0530403,4.46102,8,0.688757,1.23516,hypothetical (twin)
run__B__s0__L-N__r1.5,0,L-N,local,False,1.5,9,False,0.788693,0.830101,0.746048,0.775112,0.0426456,0.054989,5.46102,8,0.797323,1.16802,hypothetical (twin)
run__B__s0__L-N__r1.5,0,L-N,local,False,1.5,10,False,0.786369,0.835599,0.746048,0.775112,0.0403217,0.0604868,6.46102,8,0.888559,1.10021,hypothetical (twin)
run__B__s0__L-N__r1.5,0,L-N,local,False,1.5,11,False,0.78924,0.848064,0.746048,0.775112,0.0431925,0.0729513,7.46102,8,0.964553,1.03423,hypothetical (twin)
run__B__s0__L-N__r1.5,0,L-N,local,False,1.5,12,False,0.741076,0.841453,0.746048,0.775112,-0.0049711,0.0663404,6.96391,8,0.928537,1.06669,hypothetical (twin)
run__B__s0__L-N__r1.5,0,L-N,local,False,1.5,13,False,0.763274,0.800926,0.746048,0.775112,0.017226,0.0258133,7.96391,8,0.997736,1.00226,hypothetical (twin)
run__B__s0__L-N__r1.5,0,L-N,local,False,1.5,14,False,0.750845,0.822545,0.746048,0.775112,0.0047976,0.0474324,8,8,1,1,hypothetical (twin)
run__B__s0__L-N__r1.5,0,L-N,local,False,1.5,15,False,0.792834,0.848106,0.746048,0.775112,0.0467862,0.0729942,8,8,1,1,hypothetical (twin)
run__B__s0__L-N__r1.5,0,L-N,local,False,1.5,16,False,0.768139,0.84094,0.746048,0.775112,0.0220918,0.065828,8,8,1,1,hypothetical (twin)
run__B__s0__L-N__r1.5,0,L-N,local,False,1.5,17,False,0.700068,0.837097,0.746048,0.775112,-0.0459794,0.0619853,7,8,0.931266,1.0643,hypothetical (twin)
run__B__s0__L-N__r1.5,0,L-N,local,False,1.5,18,False,0.775054,0.838275,0.746048,0.775112,0.0290065,0.0631624,8,8,1,1,hypothetical (twin)
run__B__s0__L-N__r1.5,0,L-N,local,False,1.5,19,False,0.742868,0.845666,0.746048,0.775112,-0.00317975,0.0705533,7.68203,8,0.979522,1.02007,hypothetical (twin)
run__B__s0__L-N__r1.5,0,L-N,local,False,1.5,20,True,0.764467,0.838196,0.746048,0.775112,0.0184191,0.0630842,7.68203,8,0.979522,1.02007,hypothetical (twin)
run__B__s1__J-F__r0.25,1,J-F,joint,True,0.25,0,False,0.667993,0.811829,0.657993,0.801829,0.01,0.01,2,2,1,1,applied
run__B__s1__J-F__r0.25,1,J-F,joint,True,0.25,1,False,0.676543,0.812563,0.657993,0.801829,0.0185503,0.0107337,3,3,1,1,applied
run__B__s1__J-F__r0.25,1,J-F,joint,True,0.25,2,False,0.675243,0.788893,0.657993,0.801829,0.0172504,-0.0129358,4,2,1.26491,0.632456,applied
run__B__s1__J-F__r0.25,1,J-F,joint,True,0.25,3,False,0.689944,0.825673,0.657993,0.801829,0.0319514,0.0238436,5,3,1.21268,0.727607,applied
run__B__s1__J-F__r0.25,1,J-F,joint,True,0.25,4,False,0.711896,0.823723,0.657993,0.801829,0.0539028,0.0218941,6,4,1.1767,0.784465,applied
run__B__s1__J-F__r0.25,1,J-F,joint,True,0.25,5,False,0.687396,0.825838,0.657993,0.801829,0.0294028,0.0240085,7,5,1.15079,0.821995,applied
run__B__s1__J-F__r0.25,1,J-F,joint,True,0.25,6,False,0.707879,0.821576,0.657993,0.801829,0.0498859,0.0197468,8,6,1.13137,0.848528,applied
run__B__s1__J-F__r0.25,1,J-F,joint,True,0.25,7,False,0.708456,0.830696,0.657993,0.801829,0.0504631,0.0288668,8,7,1.0643,0.931266,applied
run__B__s1__J-F__r0.25,1,J-F,joint,True,0.25,8,False,0.698733,0.802302,0.657993,0.801829,0.0407398,0.000472785,8,7.04728,1.06119,0.934813,applied
run__B__s1__J-F__r0.25,1,J-F,joint,True,0.25,9,False,0.706819,0.834349,0.657993,0.801829,0.0488257,0.0325202,8,8,1,1,applied
run__B__s1__J-F__r0.25,1,J-F,joint,True,0.25,10,False,0.710591,0.81067,0.657993,0.801829,0.0525978,0.00884055,8,8,1,1,applied
run__B__s1__J-F__r0.25,1,J-F,joint,True,0.25,11,False,0.667101,0.828028,0.657993,0.801829,0.00910811,0.0261987,8,8,1,1,applied
run__B__s1__J-F__r0.25,1,J-F,joint,True,0.25,12,False,0.708393,0.829171,0.657993,0.801829,0.0504,0.0273422,8,8,1,1,applied
run__B__s1__J-F__r0.25,1,J-F,joint,True,0.25,13,False,0.690098,0.825241,0.657993,0.801829,0.0321045,0.023412,8,8,1,1,applied
run__B__s1__J-F__r0.25,1,J-F,joint,True,0.25,14,False,0.687541,0.833314,0.657993,0.801829,0.0295483,0.0314844,8,8,1,1,applied
run__B__s1__J-F__r0.25,1,J-F,joint,True,0.25,15,False,0.702303,0.823203,0.657993,0.801829,0.0443099,0.0213741,8,8,1,1,applied
run__B__s1__J-F__r0.25,1,J-F,joint,True,0.25,16,False,0.674209,0.820853,0.657993,0.801829,0.0162163,0.0190241,8,8,1,1,applied
run__B__s1__J-F__r0.25,1,J-F,joint,True,0.25,17,False,0.688003,0.80929,0.657993,0.801829,0.0300103,0.00746064,8,8,1,1,applied
run__B__s1__J-F__r0.25,1,J-F,joint,True,0.25,18,False,0.689493,0.828551,0.657993,0.801829,0.0315004,0.0267212,8,8,1,1,applied
run__B__s1__J-F__r0.25,1,J-F,joint,True,0.25,19,False,0.692574,0.821201,0.657993,0.801829,0.0345808,0.0193716,8,8,1,1,applied
run__B__s1__J-F__r0.25,1,J-F,joint,True,0.25,20,True,0.692204,0.822599,0.657993,0.801829,0.0342114,0.02077,8,8,1,1,applied
run__B__s1__J-F__r0.75,1,J-F,joint,True,0.75,0,False,0.667993,0.811829,0.657993,0.801829,0.01,0.01,2,2,1,1,applied
run__B__s1__J-F__r0.75,1,J-F,joint,True,0.75,1,False,0.705949,0.788896,0.657993,0.801829,0.0479557,-0.0129333,3,1,1.34164,0.447214,applied
run__B__s1__J-F__r0.75,1,J-F,joint,True,0.75,2,False,0.705895,0.821512,0.657993,0.801829,0.0479019,0.0196829,4,2,1.26491,0.632456,applied
run__B__s1__J-F__r0.75,1,J-F,joint,True,0.75,3,False,0.679067,0.803934,0.657993,0.801829,0.0210737,0.00210511,5,2.21051,1.29345,0.571836,applied
run__B__s1__J-F__r0.75,1,J-F,joint,True,0.75,4,False,0.702963,0.813419,0.657993,0.801829,0.0449696,0.0115894,6,3.21051,1.24693,0.667212,applied
run__B__s1__J-F__r0.75,1,J-F,joint,True,0.75,5,False,0.700868,0.796142,0.657993,0.801829,0.0428753,-0.00568713,7,2.6418,1.32312,0.499346,applied
run__B__s1__J-F__r0.75,1,J-F,joint,True,0.75,6,False,0.724055,0.792008,0.657993,0.801829,0.0660619,-0.00982179,8,1.65962,1.38473,0.287266,applied
run__B__s1__J-F__r0.75,1,J-F,joint,True,0.75,7,False,0.709472,0.806137,0.657993,0.801829,0.0514787,0.0043079,8,2.09041,1.36827,0.357531,applied
run__B__s1__J-F__r0.75,1,J-F,joint,True,0.75,8,False,0.683742,0.800406,0.657993,0.801829,0.0257494,-0.00142374,8,1.94803,1.37406,0.33459,applied
run__B__s1__J-F__r0.75,1,J-F,joint,True,0.75,9,False,0.717124,0.819489,0.657993,0.801829,0.0591313,0.0176601,8,2.94803,1.32698,0.488999,applied
run__B__s1__J-F__r0.75,1,J-F,joint,True,0.75,10,False,0.730113,0.81933,0.657993,0.801829,0.07212,0.0175003,8,3.94803,1.26819,0.625857,applied
run__B__s1__J-F__r0.75,1,J-F,joint,True,0.75,11,False,0.695869,0.789828,0.657993,0.801829,0.0378757,-0.012001,8,2.94803,1.32698,0.488999,applied
run__B__s1__J-F__r0.75,1,J-F,joint,True,0.75,12,False,0.692056,0.806886,0.657993,0.801829,0.0340633,0.00505675,8,3.45371,1.29839,0.560531,applied
run__B__s1__J-F__r0.75,1,J-F,joint,True,0.75,13,False,0.707072,0.797645,0.657993,0.801829,0.049079,-0.00418439,8,3.03527,1.32224,0.501671,applied
run__B__s1__J-F__r0.75,1,J-F,joint,True,0.75,14,False,0.686435,0.79414,0.657993,0.801829,0.0284419,-0.00768967,8,2.2663,1.36067,0.385461,applied
run__B__s1__J-F__r0.75,1,J-F,joint,True,0.75,15,False,0.68849,0.804738,0.657993,0.801829,0.0304974,0.00290865,8,2.55717,1.34707,0.430586,applied
run__B__s1__J-F__r0.75,1,J-F,joint,True,0.75,16,False,0.730964,0.79423,0.657993,0.801829,0.0729707,-0.00759964,8,1.7972,1.37982,0.309978,applied
run__B__s1__J-F__r0.75,1,J-F,joint,True,0.75,17,False,0.742357,0.811803,0.657993,0.801829,0.0843641,0.00997392,8,2.7946,1.3351,0.466383,applied
run__B__s1__J-F__r0.75,1,J-F,joint,True,0.75,18,False,0.789156,0.817272,0.657993,0.801829,0.131163,0.015443,8,3.7946,1.27776,0.606074,applied
run__B__s1__J-F__r0.75,1,J-F,joint,True,0.75,19,False,0.772561,0.803217,0.657993,0.801829,0.114568,0.00138739,8,3.93334,1.26911,0.623981,applied
run__B__s1__J-F__r0.75,1,J-F,joint,True,0.75,20,True,0.782833,0.79854,0.657993,0.801829,0.12484,-0.00328913,8,3.93334,1.26911,0.623981,applied
run__B__s1__J-F__r1.5,1,J-F,joint,True,1.5,0,False,0.667993,0.811829,0.657993,0.801829,0.01,0.01,2,2,1,1,applied
run__B__s1__J-F__r1.5,1,J-F,joint,True,1.5,1,False,0.718051,0.845878,0.657993,0.801829,0.0600585,0.0440482,3,3,1,1,applied
run__B__s1__J-F__r1.5,1,J-F,joint,True,1.5,2,False,0.739082,0.84124,0.657993,0.801829,0.0810894,0.0394104,4,4,1,1,applied
run__B__s1__J-F__r1.5,1,J-F,joint,True,1.5,3,False,0.758556,0.816778,0.657993,0.801829,0.100563,0.0149491,5,5,1,1,applied
run__B__s1__J-F__r1.5,1,J-F,joint,True,1.5,4,False,0.777883,0.846638,0.657993,0.801829,0.11989,0.0448089,6,6,1,1,applied
run__B__s1__J-F__r1.5,1,J-F,joint,True,1.5,5,False,0.716472,0.852234,0.657993,0.801829,0.0584792,0.0504042,7,7,1,1,applied
run__B__s1__J-F__r1.5,1,J-F,joint,True,1.5,6,False,0.70173,0.846053,0.657993,0.801829,0.0437369,0.0442233,8,8,1,1,applied
run__B__s1__J-F__r1.5,1,J-F,joint,True,1.5,7,False,0.750833,0.828429,0.657993,0.801829,0.0928404,0.0266001,8,8,1,1,applied
run__B__s1__J-F__r1.5,1,J-F,joint,True,1.5,8,False,0.810927,0.819516,0.657993,0.801829,0.152934,0.0176871,8,8,1,1,applied
run__B__s1__J-F__r1.5,1,J-F,joint,True,1.5,9,False,0.786141,0.807504,0.657993,0.801829,0.128148,0.00567434,8,8,1,1,applied
run__B__s1__J-F__r1.5,1,J-F,joint,True,1.5,10,False,0.749347,0.820621,0.657993,0.801829,0.0913545,0.0187918,8,8,1,1,applied
run__B__s1__J-F__r1.5,1,J-F,joint,True,1.5,11,False,0.733941,0.839008,0.657993,0.801829,0.0759475,0.037179,8,8,1,1,applied
run__B__s1__J-F__r1.5,1,J-F,joint,True,1.5,12,False,0.753438,0.835618,0.657993,0.801829,0.0954454,0.033789,8,8,1,1,applied
run__B__s1__J-F__r1.5,1,J-F,joint,True,1.5,13,False,0.764181,0.814331,0.657993,0.801829,0.106188,0.0125015,8,8,1,1,applied
run__B__s1__J-F__r1.5,1,J-F,joint,True,1.5,14,False,0.74945,0.836143,0.657993,0.801829,0.0914571,0.0343132,8,8,1,1,applied
run__B__s1__J-F__r1.5,1,J-F,joint,True,1.5,15,False,0.725307,0.858759,0.657993,0.801829,0.0673139,0.0569293,8,8,1,1,applied
run__B__s1__J-F__r1.5,1,J-F,joint,True,1.5,16,False,0.769057,0.852063,0.657993,0.801829,0.111064,0.0502334,8,8,1,1,applied
run__B__s1__J-F__r1.5,1,J-F,joint,True,1.5,17,False,0.744979,0.841666,0.657993,0.801829,0.0869859,0.039837,8,8,1,1,applied
run__B__s1__J-F__r1.5,1,J-F,joint,True,1.5,18,False,0.79508,0.813843,0.657993,0.801829,0.137087,0.0120135,8,8,1,1,applied
run__B__s1__J-F__r1.5,1,J-F,joint,True,1.5,19,False,0.801922,0.849655,0.657993,0.801829,0.143929,0.0478253,8,8,1,1,applied
run__B__s1__J-F__r1.5,1,J-F,joint,True,1.5,20,True,0.799286,0.835715,0.657993,0.801829,0.141293,0.0338858,8,8,1,1,applied
run__B__s1__J-N__r0.25,1,J-N,joint,False,0.25,0,False,0.667993,0.811829,0.657993,0.801829,0.01,0.01,2,2,1,1,hypothetical (twin)
run__B__s1__J-N__r0.25,1,J-N,joint,False,0.25,1,False,0.693979,0.811059,0.657993,0.801829,0.0359859,0.00923012,3,2.92301,1.01291,0.986918,hypothetical (twin)
run__B__s1__J-N__r0.25,1,J-N,joint,False,0.25,2,False,0.682626,0.790295,0.657993,0.801829,0.0246329,-0.011534,4,1.92301,1.27457,0.612754,hypothetical (twin)
run__B__s1__J-N__r0.25,1,J-N,joint,False,0.25,3,False,0.694167,0.823139,0.657993,0.801829,0.0361735,0.0213101,5,2.92301,1.22089,0.713737,hypothetical (twin)
run__B__s1__J-N__r0.25,1,J-N,joint,False,0.25,4,False,0.714306,0.826195,0.657993,0.801829,0.0563134,0.0243661,6,3.92301,1.18366,0.773918,hypothetical (twin)
run__B__s1__J-N__r0.25,1,J-N,joint,False,0.25,5,False,0.683313,0.817106,0.657993,0.801829,0.0253203,0.0152764,7,4.92301,1.15678,0.813548,hypothetical (twin)
run__B__s1__J-N__r0.25,1,J-N,joint,False,0.25,6,False,0.68329,0.817849,0.657993,0.801829,0.0252967,0.0160194,8,5.92301,1.1366,0.841511,hypothetical (twin)
run__B__s1__J-N__r0.25,1,J-N,joint,False,0.25,7,False,0.702335,0.820766,0.657993,0.801829,0.0443419,0.0189365,8,6.92301,1.06939,0.925423,hypothetical (twin)
run__B__s1__J-N__r0.25,1,J-N,joint,False,0.25,8,False,0.702979,0.82322,0.657993,0.801829,0.0449864,0.0213909,8,7.92301,1.00482,0.995153,hypothetical (twin)
run__B__s1__J-N__r0.25,1,J-N,joint,False,0.25,9,False,0.709858,0.830063,0.657993,0.801829,0.0518649,0.0282332,8,8,1,1,hypothetical (twin)
run__B__s1__J-N__r0.25,1,J-N,joint,False,0.25,10,False,0.710371,0.82943,0.657993,0.801829,0.0523781,0.0276005,8,8,1,1,hypothetical (twin)
run__B__s1__J-N__r0.25,1,J-N,joint,False,0.25,11,False,0.681008,0.829418,0.657993,0.801829,0.0230148,0.0275887,8,8,1,1,hypothetical (twin)
run__B__s1__J-N__r0.25,1,J-N,joint,False,0.25,12,False,0.715057,0.824306,0.657993,0.801829,0.0570639,0.0224772,8,8,1,1,hypothetical (twin)
run__B__s1__J-N__r0.25,1,J-N,joint,False,0.25,13,False,0.671086,0.82473,0.657993,0.801829,0.013093,0.0229004,8,8,1,1,hypothetical (twin)
run__B__s1__J-N__r0.25,1,J-N,joint,False,0.25,14,False,0.6907,0.794289,0.657993,0.801829,0.032707,-0.0075399,8,7.24601,1.04817,0.949385,hypothetical (twin)
run__B__s1__J-N__r0.25,1,J-N,joint,False,0.25,15,False,0.705595,0.819041,0.657993,0.801829,0.0476023,0.0172117,8,8,1,1,hypothetical (twin)
run__B__s1__J-N__r0.25,1,J-N,joint,False,0.25,16,False,0.674743,0.825192,0.657993,0.801829,0.0167497,0.0233632,8,8,1,1,hypothetical (twin)
run__B__s1__J-N__r0.25,1,J-N,joint,False,0.25,17,False,0.684681,0.804349,0.657993,0.801829,0.0266884,0.00251992,8,8,1,1,hypothetical (twin)
run__B__s1__J-N__r0.25,1,J-N,joint,False,0.25,18,False,0.689198,0.82993,0.657993,0.801829,0.0312051,0.0281003,8,8,1,1,hypothetical (twin)
run__B__s1__J-N__r0.25,1,J-N,joint,False,0.25,19,False,0.692302,0.816264,0.657993,0.801829,0.034309,0.014435,8,8,1,1,hypothetical (twin)
run__B__s1__J-N__r0.25,1,J-N,joint,False,0.25,20,True,0.691388,0.819728,0.657993,0.801829,0.0333952,0.0178991,8,8,1,1,hypothetical (twin)
run__B__s1__J-N__r0.75,1,J-N,joint,False,0.75,0,False,0.667993,0.811829,0.657993,0.801829,0.01,0.01,2,2,1,1,hypothetical (twin)
run__B__s1__J-N__r0.75,1,J-N,joint,False,0.75,1,False,0.692262,0.814738,0.657993,0.801829,0.0342695,0.0129087,3,3,1,1,hypothetical (twin)
run__B__s1__J-N__r0.75,1,J-N,joint,False,0.75,2,False,0.676124,0.808484,0.657993,0.801829,0.0181313,0.00665458,4,3.66546,1.04265,0.955448,hypothetical (twin)
run__B__s1__J-N__r0.75,1,J-N,joint,False,0.75,3,False,0.707106,0.829931,0.657993,0.801829,0.0491135,0.028102,5,4.66546,1.03399,0.96481,hypothetical (twin)
run__B__s1__J-N__r0.75,1,J-N,joint,False,0.75,4,False,0.729486,0.841373,0.657993,0.801829,0.0714932,0.0395434,6,5.66546,1.02826,0.970923,hypothetical (twin)
run__B__s1__J-N__r0.75,1,J-N,joint,False,0.75,5,False,0.733601,0.817017,0.657993,0.801829,0.0756085,0.0151873,7,6.66546,1.02417,0.975227,hypothetical (twin)
run__B__s1__J-N__r0.75,1,J-N,joint,False,0.75,6,False,0.742256,0.805331,0.657993,0.801829,0.0842631,0.00350184,8,7.01564,1.06327,0.932443,hypothetical (twin)
run__B__s1__J-N__r0.75,1,J-N,joint,False,0.75,7,False,0.721068,0.842499,0.657993,0.801829,0.0630749,0.04067,8,8,1,1,hypothetical (twin)
run__B__s1__J-N__r0.75,1,J-N,joint,False,0.75,8,False,0.747236,0.819654,0.657993,0.801829,0.0892426,0.0178242,8,8,1,1,hypothetical (twin)
run__B__s1__J-N__r0.75,1,J-N,joint,False,0.75,9,False,0.718389,0.818587,0.657993,0.801829,0.0603959,0.0167573,8,8,1,1,hypothetical (twin)
run__B__s1__J-N__r0.75,1,J-N,joint,False,0.75,10,False,0.71437,0.808297,0.657993,0.801829,0.0563773,0.00646779,8,8,1,1,hypothetical (twin)
run__B__s1__J-N__r0.75,1,J-N,joint,False,0.75,11,False,0.687477,0.814213,0.657993,0.801829,0.0294844,0.0123837,8,8,1,1,hypothetical (twin)
run__B__s1__J-N__r0.75,1,J-N,joint,False,0.75,12,False,0.661846,0.775156,0.657993,0.801829,0.0038527,-0.0266734,8,7,1.0643,0.931266,hypothetical (twin)
run__B__s1__J-N__r0.75,1,J-N,joint,False,0.75,13,False,0.710172,0.777161,0.657993,0.801829,0.0521787,-0.0246684,8,6,1.13137,0.848528,hypothetical (twin)
run__B__s1__J-N__r0.75,1,J-N,joint,False,0.75,14,False,0.693515,0.78087,0.657993,0.801829,0.0355223,-0.0209595,8,5,1.19925,0.749532,hypothetical (twin)
run__B__s1__J-N__r0.75,1,J-N,joint,False,0.75,15,False,0.663544,0.800034,0.657993,0.801829,0.0055515,-0.00179564,8,4.82044,1.21131,0.729881,hypothetical (twin)
run__B__s1__J-N__r0.75,1,J-N,joint,False,0.75,16,False,0.666562,0.798772,0.657993,0.801829,0.00856877,-0.00305775,8,4.51466,1.23163,0.695048,hypothetical (twin)
run__B__s1__J-N__r0.75,1,J-N,joint,False,0.75,17,False,0.728858,0.805322,0.657993,0.801829,0.0708655,0.00349258,8,4.86392,1.2084,0.734694,hypothetical (twin)
run__B__s1__J-N__r0.75,1,J-N,joint,False,0.75,18,False,0.679151,0.813131,0.657993,0.801829,0.0211579,0.0113017,8,5.86392,1.14062,0.83606,hypothetical (twin)
run__B__s1__J-N__r0.75,1,J-N,joint,False,0.75,19,False,0.675224,0.760194,0.657993,0.801829,0.017231,-0.0416353,8,4.86392,1.2084,0.734694,hypothetical (twin)
run__B__s1__J-N__r0.75,1,J-N,joint,False,0.75,20,True,0.696538,0.777353,0.657993,0.801829,0.0385455,-0.0244765,8,4.86392,1.2084,0.734694,hypothetical (twin)
run__B__s1__J-N__r1.5,1,J-N,joint,False,1.5,0,False,0.667993,0.811829,0.657993,0.801829,0.01,0.01,2,2,1,1,hypothetical (twin)
run__B__s1__J-N__r1.5,1,J-N,joint,False,1.5,1,False,0.72081,0.834018,0.657993,0.801829,0.0628166,0.0321887,3,3,1,1,hypothetical (twin)
run__B__s1__J-N__r1.5,1,J-N,joint,False,1.5,2,False,0.719283,0.815006,0.657993,0.801829,0.0612903,0.0131771,4,4,1,1,hypothetical (twin)
run__B__s1__J-N__r1.5,1,J-N,joint,False,1.5,3,False,0.75627,0.84253,0.657993,0.801829,0.0982767,0.0407003,5,5,1,1,hypothetical (twin)
run__B__s1__J-N__r1.5,1,J-N,joint,False,1.5,4,False,0.784018,0.837448,0.657993,0.801829,0.126025,0.0356182,6,6,1,1,hypothetical (twin)
run__B__s1__J-N__r1.5,1,J-N,joint,False,1.5,5,False,0.758447,0.822772,0.657993,0.801829,0.100454,0.0209425,7,7,1,1,hypothetical (twin)
run__B__s1__J-N__r1.5,1,J-N,joint,False,1.5,6,False,0.683653,0.842958,0.657993,0.801829,0.0256602,0.0411286,8,8,1,1,hypothetical (twin)
run__B__s1__J-N__r1.5,1,J-N,joint,False,1.5,7,False,0.769126,0.844933,0.657993,0.801829,0.111133,0.0431042,8,8,1,1,hypothetical (twin)
run__B__s1__J-N__r1.5,1,J-N,joint,False,1.5,8,False,0.741947,0.831994,0.657993,0.801829,0.0839543,0.0301642,8,8,1,1,hypothetical (twin)
run__B__s1__J-N__r1.5,1,J-N,joint,False,1.5,9,False,0.727657,0.84558,0.657993,0.801829,0.0696639,0.0437504,8,8,1,1,hypothetical (twin)
run__B__s1__J-N__r1.5,1,J-N,joint,False,1.5,10,False,0.725624,0.851941,0.657993,0.801829,0.0676311,0.0501114,8,8,1,1,hypothetical (twin)
run__B__s1__J-N__r1.5,1,J-N,joint,False,1.5,11,False,0.721114,0.849656,0.657993,0.801829,0.0631212,0.047827,8,8,1,1,hypothetical (twin)
run__B__s1__J-N__r1.5,1,J-N,joint,False,1.5,12,False,0.805037,0.857799,0.657993,0.801829,0.147044,0.0559701,8,8,1,1,hypothetical (twin)
run__B__s1__J-N__r1.5,1,J-N,joint,False,1.5,13,False,0.77603,0.846072,0.657993,0.801829,0.118037,0.0442426,8,8,1,1,hypothetical (twin)
run__B__s1__J-N__r1.5,1,J-N,joint,False,1.5,14,False,0.752547,0.83912,0.657993,0.801829,0.0945535,0.0372909,8,8,1,1,hypothetical (twin)
run__B__s1__J-N__r1.5,1,J-N,joint,False,1.5,15,False,0.749217,0.830241,0.657993,0.801829,0.0912241,0.0284116,8,8,1,1,hypothetical (twin)
run__B__s1__J-N__r1.5,1,J-N,joint,False,1.5,16,False,0.763592,0.837442,0.657993,0.801829,0.105599,0.0356132,8,8,1,1,hypothetical (twin)
run__B__s1__J-N__r1.5,1,J-N,joint,False,1.5,17,False,0.772108,0.824905,0.657993,0.801829,0.114115,0.0230754,8,8,1,1,hypothetical (twin)
run__B__s1__J-N__r1.5,1,J-N,joint,False,1.5,18,False,0.764025,0.843883,0.657993,0.801829,0.106032,0.0420541,8,8,1,1,hypothetical (twin)
run__B__s1__J-N__r1.5,1,J-N,joint,False,1.5,19,False,0.742694,0.858027,0.657993,0.801829,0.0847007,0.0561973,8,8,1,1,hypothetical (twin)
run__B__s1__J-N__r1.5,1,J-N,joint,False,1.5,20,True,0.769464,0.854042,0.657993,0.801829,0.111471,0.0522124,8,8,1,1,hypothetical (twin)
run__B__s1__L-F__r0.25,1,L-F,local,True,0.25,0,False,0.667993,0.811829,0.657993,0.801829,0.01,0.01,2,2,1,1,applied
run__B__s1__L-F__r0.25,1,L-F,local,True,0.25,1,False,0.708323,0.823035,0.657993,0.801829,0.0503302,0.0212058,3,3,1,1,applied
run__B__s1__L-F__r0.25,1,L-F,local,True,0.25,2,False,0.670628,0.792729,0.657993,0.801829,0.0126353,-0.00909987,4,2.09001,1.25343,0.65492,applied
run__B__s1__L-F__r0.25,1,L-F,local,True,0.25,3,False,0.690647,0.83007,0.657993,0.801829,0.032654,0.0282408,5,3.09001,1.20302,0.743469,applied
run__B__s1__L-F__r0.25,1,L-F,local,True,0.25,4,False,0.708049,0.825425,0.657993,0.801829,0.0500559,0.0235954,6,4.09001,1.16854,0.796559,applied
run__B__s1__L-F__r0.25,1,L-F,local,True,0.25,5,False,0.678557,0.829246,0.657993,0.801829,0.0205638,0.0274171,7,5.09001,1.1438,0.831705,applied
run__B__s1__L-F__r0.25,1,L-F,local,True,0.25,6,False,0.700416,0.830192,0.657993,0.801829,0.0424227,0.0283628,8,6.09001,1.12526,0.856609,applied
run__B__s1__L-F__r0.25,1,L-F,local,True,0.25,7,False,0.701175,0.833443,0.657993,0.801829,0.0431824,0.031614,8,7.09001,1.05838,0.937992,applied
run__B__s1__L-F__r0.25,1,L-F,local,True,0.25,8,False,0.69483,0.79831,0.657993,0.801829,0.0368374,-0.00351968,8,6.73805,1.08167,0.911041,applied
run__B__s1__L-F__r0.25,1,L-F,local,True,0.25,9,False,0.70592,0.834729,0.657993,0.801829,0.0479271,0.0328996,8,7.73805,1.0165,0.983219,applied
run__B__s1__L-F__r0.25,1,L-F,local,True,0.25,10,False,0.711922,0.812569,0.657993,0.801829,0.0539289,0.0107396,8,8,1,1,applied
run__B__s1__L-F__r0.25,1,L-F,local,True,0.25,11,False,0.68168,0.836857,0.657993,0.801829,0.0236871,0.0350276,8,8,1,1,applied
run__B__s1__L-F__r0.25,1,L-F,local,True,0.25,12,False,0.70774,0.834031,0.657993,0.801829,0.0497471,0.0322021,8,8,1,1,applied
run__B__s1__L-F__r0.25,1,L-F,local,True,0.25,13,False,0.685466,0.826321,0.657993,0.801829,0.0274734,0.0244915,8,8,1,1,applied
run__B__s1__L-F__r0.25,1,L-F,local,True,0.25,14,False,0.675657,0.802149,0.657993,0.801829,0.0176635,0.000319649,8,8,1,1,applied
run__B__s1__L-F__r0.25,1,L-F,local,True,0.25,15,False,0.696458,0.826308,0.657993,0.801829,0.0384647,0.0244789,8,8,1,1,applied
run__B__s1__L-F__r0.25,1,L-F,local,True,0.25,16,False,0.665101,0.827122,0.657993,0.801829,0.0071081,0.0252925,8,8,1,1,applied
run__B__s1__L-F__r0.25,1,L-F,local,True,0.25,17,False,0.683964,0.82204,0.657993,0.801829,0.0259707,0.0202104,8,8,1,1,applied
run__B__s1__L-F__r0.25,1,L-F,local,True,0.25,18,False,0.691481,0.830836,0.657993,0.801829,0.0334878,0.0290065,8,8,1,1,applied
run__B__s1__L-F__r0.25,1,L-F,local,True,0.25,19,False,0.700627,0.829198,0.657993,0.801829,0.0426338,0.0273691,8,8,1,1,applied
run__B__s1__L-F__r0.25,1,L-F,local,True,0.25,20,True,0.692606,0.822007,0.657993,0.801829,0.0346127,0.0201776,8,8,1,1,applied
run__B__s1__L-F__r0.75,1,L-F,local,True,0.75,0,False,0.667993,0.811829,0.657993,0.801829,0.01,0.01,2,2,1,1,applied
run__B__s1__L-F__r0.75,1,L-F,local,True,0.75,1,False,0.700678,0.812377,0.657993,0.801829,0.0426852,0.0105478,3,3,1,1,applied
run__B__s1__L-F__r0.75,1,L-F,local,True,0.75,2,False,0.681458,0.839361,0.657993,0.801829,0.023465,0.0375316,4,4,1,1,applied
run__B__s1__L-F__r0.75,1,L-F,local,True,0.75,3,False,0.697387,0.849402,0.657993,0.801829,0.0393936,0.0475729,5,5,1,1,applied
run__B__s1__L-F__r0.75,1,L-F,local,True,0.75,4,False,0.692816,0.841794,0.657993,0.801829,0.0348231,0.0399649,6,6,1,1,applied
run__B__s1__L-F__r0.75,1,L-F,local,True,0.75,5,False,0.682203,0.787846,0.657993,0.801829,0.0242096,-0.0139834,7,5,1.15079,0.821995,applied
run__B__s1__L-F__r0.75,1,L-F,local,True,0.75,6,False,0.66031,0.811768,0.657993,0.801829,0.00231714,0.00993858,7.23171,5.99386,1.08884,0.90246,applied
run__B__s1__L-F__r0.75,1,L-F,local,True,0.75,7,False,0.663498,0.814295,0.657993,0.801829,0.00550522,0.0124653,7.78224,6.99386,1.05186,0.9453,applied
run__B__s1__L-F__r0.75,1,L-F,local,True,0.75,8,False,0.657745,0.823033,0.657993,0.801829,-0.000248298,0.0212041,7.75741,7.99386,0.984877,1.0149,applied
run__B__s1__L-F__r0.75,1,L-F,local,True,0.75,9,False,0.690172,0.786626,0.657993,0.801829,0.0321786,-0.0152034,8,6.99386,1.06471,0.930803,applied
run__B__s1__L-F__r0.75,1,L-F,local,True,0.75,10,False,0.648918,0.826277,0.657993,0.801829,-0.00907462,0.0244477,7.09254,7.99386,0.938583,1.05786,applied
run__B__s1__L-F__r0.75,1,L-F,local,True,0.75,11,False,0.695541,0.80582,0.657993,0.801829,0.0375476,0.00399069,8,8,1,1,applied
run__B__s1__L-F__r0.75,1,L-F,local,True,0.75,12,False,0.702135,0.804542,0.657993,0.801829,0.0441416,0.0027126,8,8,1,1,applied
run__B__s1__L-F__r0.75,1,L-F,local,True,0.75,13,False,0.721476,0.836593,0.657993,0.801829,0.063483,0.0347642,8,8,1,1,applied
run__B__s1__L-F__r0.75,1,L-F,local,True,0.75,14,False,0.732948,0.807123,0.657993,0.801829,0.0749547,0.00529403,8,8,1,1,applied
run__B__s1__L-F__r0.75,1,L-F,local,True,0.75,15,False,0.691355,0.801784,0.657993,0.801829,0.0333616,-4.55199e-05,8,7.99545,1.00028,0.999715,applied
run__B__s1__L-F__r0.75,1,L-F,local,True,0.75,16,False,0.687165,0.819213,0.657993,0.801829,0.0291722,0.0173833,8,8,1,1,applied
run__B__s1__L-F__r0.75,1,L-F,local,True,0.75,17,False,0.70504,0.797504,0.657993,0.801829,0.047047,-0.0043249,8,7.56751,1.02739,0.971843,applied
run__B__s1__L-F__r0.75,1,L-F,local,True,0.75,18,False,0.704231,0.823837,0.657993,0.801829,0.0462384,0.0220077,8,8,1,1,applied
run__B__s1__L-F__r0.75,1,L-F,local,True,0.75,19,False,0.711979,0.817552,0.657993,0.801829,0.0539861,0.0157224,8,8,1,1,applied
run__B__s1__L-F__r0.75,1,L-F,local,True,0.75,20,True,0.732616,0.785802,0.657993,0.801829,0.0746232,-0.0160271,8,8,1,1,applied
run__B__s1__L-F__r1.5,1,L-F,local,True,1.5,0,False,0.667993,0.811829,0.657993,0.801829,0.01,0.01,2,2,1,1,applied
run__B__s1__L-F__r1.5,1,L-F,local,True,1.5,1,False,0.752916,0.82309,0.657993,0.801829,0.0949229,0.0212605,3,3,1,1,applied
run__B__s1__L-F__r1.5,1,L-F,local,True,1.5,2,False,0.738693,0.833867,0.657993,0.801829,0.0806998,0.0320372,4,4,1,1,applied
run__B__s1__L-F__r1.5,1,L-F,local,True,1.5,3,False,0.730907,0.831684,0.657993,0.801829,0.0729143,0.0298546,5,5,1,1,applied
run__B__s1__L-F__r1.5,1,L-F,local,True,1.5,4,False,0.765523,0.819469,0.657993,0.801829,0.10753,0.0176399,6,6,1,1,applied
run__B__s1__L-F__r1.5,1,L-F,local,True,1.5,5,False,0.754415,0.82332,0.657993,0.801829,0.0964223,0.0214911,7,7,1,1,applied
run__B__s1__L-F__r1.5,1,L-F,local,True,1.5,6,False,0.742824,0.85394,0.657993,0.801829,0.0848311,0.0521106,8,8,1,1,applied
run__B__s1__L-F__r1.5,1,L-F,local,True,1.5,7,False,0.768722,0.842792,0.657993,0.801829,0.110729,0.0409628,8,8,1,1,applied
run__B__s1__L-F__r1.5,1,L-F,local,True,1.5,8,False,0.740453,0.840376,0.657993,0.801829,0.08246,0.0385463,8,8,1,1,applied
run__B__s1__L-F__r1.5,1,L-F,local,True,1.5,9,False,0.717376,0.834818,0.657993,0.801829,0.0593828,0.0329888,8,8,1,1,applied
run__B__s1__L-F__r1.5,1,L-F,local,True,1.5,10,False,0.753013,0.856359,0.657993,0.801829,0.0950205,0.0545296,8,8,1,1,applied
run__B__s1__L-F__r1.5,1,L-F,local,True,1.5,11,False,0.811139,0.840468,0.657993,0.801829,0.153146,0.0386389,8,8,1,1,applied
run__B__s1__L-F__r1.5,1,L-F,local,True,1.5,12,False,0.806152,0.842949,0.657993,0.801829,0.148159,0.0411202,8,8,1,1,applied
run__B__s1__L-F__r1.5,1,L-F,local,True,1.5,13,False,0.769596,0.8439,0.657993,0.801829,0.111603,0.0420709,8,8,1,1,applied
run__B__s1__L-F__r1.5,1,L-F,local,True,1.5,14,False,0.76857,0.849016,0.657993,0.801829,0.110577,0.0471867,8,8,1,1,applied
run__B__s1__L-F__r1.5,1,L-F,local,True,1.5,15,False,0.711472,0.851732,0.657993,0.801829,0.0534787,0.0499027,8,8,1,1,applied
run__B__s1__L-F__r1.5,1,L-F,local,True,1.5,16,False,0.744711,0.848092,0.657993,0.801829,0.0867175,0.0462628,8,8,1,1,applied
run__B__s1__L-F__r1.5,1,L-F,local,True,1.5,17,False,0.710716,0.842618,0.657993,0.801829,0.0527231,0.0407886,8,8,1,1,applied
run__B__s1__L-F__r1.5,1,L-F,local,True,1.5,18,False,0.715871,0.833983,0.657993,0.801829,0.0578776,0.0321533,8,8,1,1,applied
run__B__s1__L-F__r1.5,1,L-F,local,True,1.5,19,False,0.729553,0.833993,0.657993,0.801829,0.0715605,0.0321634,8,8,1,1,applied
run__B__s1__L-F__r1.5,1,L-F,local,True,1.5,20,True,0.76871,0.839514,0.657993,0.801829,0.110717,0.0376847,8,8,1,1,applied
run__B__s1__L-N__r0.25,1,L-N,local,False,0.25,0,False,0.667993,0.811829,0.657993,0.801829,0.01,0.01,2,2,1,1,hypothetical (twin)
run__B__s1__L-N__r0.25,1,L-N,local,False,0.25,1,False,0.708323,0.823035,0.657993,0.801829,0.0503302,0.0212058,3,3,1,1,hypothetical (twin)
run__B__s1__L-N__r0.25,1,L-N,local,False,0.25,2,False,0.670628,0.792729,0.657993,0.801829,0.0126353,-0.00909987,4,2.09001,1.25343,0.65492,hypothetical (twin)
run__B__s1__L-N__r0.25,1,L-N,local,False,0.25,3,False,0.691841,0.829207,0.657993,0.801829,0.0338479,0.0273775,5,3.09001,1.20302,0.743469,hypothetical (twin)
run__B__s1__L-N__r0.25,1,L-N,local,False,0.25,4,False,0.712258,0.821948,0.657993,0.801829,0.0542654,0.0201187,6,4.09001,1.16854,0.796559,hypothetical (twin)
run__B__s1__L-N__r0.25,1,L-N,local,False,0.25,5,False,0.684501,0.826008,0.657993,0.801829,0.0265075,0.0241785,7,5.09001,1.1438,0.831705,hypothetical (twin)
run__B__s1__L-N__r0.25,1,L-N,local,False,0.25,6,False,0.702773,0.820064,0.657993,0.801829,0.0447803,0.0182348,8,6.09001,1.12526,0.856609,hypothetical (twin)
run__B__s1__L-N__r0.25,1,L-N,local,False,0.25,7,False,0.689742,0.82384,0.657993,0.801829,0.0317494,0.022011,8,7.09001,1.05838,0.937992,hypothetical (twin)
run__B__s1__L-N__r0.25,1,L-N,local,False,0.25,8,False,0.693095,0.824507,0.657993,0.801829,0.0351024,0.0226774,8,8,1,1,hypothetical (twin)
run__B__s1__L-N__r0.25,1,L-N,local,False,0.25,9,False,0.705661,0.833806,0.657993,0.801829,0.047668,0.0319766,8,8,1,1,hypothetical (twin)
run__B__s1__L-N__r0.25,1,L-N,local,False,0.25,10,False,0.712458,0.827454,0.657993,0.801829,0.0544648,0.0256249,8,8,1,1,hypothetical (twin)
run__B__s1__L-N__r0.25,1,L-N,local,False,0.25,11,False,0.688844,0.830261,0.657993,0.801829,0.0308508,0.0284318,8,8,1,1,hypothetical (twin)
run__B__s1__L-N__r0.25,1,L-N,local,False,0.25,12,False,0.706696,0.831497,0.657993,0.801829,0.0487029,0.0296678,8,8,1,1,hypothetical (twin)
run__B__s1__L-N__r0.25,1,L-N,local,False,0.25,13,False,0.685575,0.824785,0.657993,0.801829,0.027582,0.0229559,8,8,1,1,hypothetical (twin)
run__B__s1__L-N__r0.25,1,L-N,local,False,0.25,14,False,0.691777,0.825012,0.657993,0.801829,0.033784,0.0231823,8,8,1,1,hypothetical (twin)
run__B__s1__L-N__r0.25,1,L-N,local,False,0.25,15,False,0.699101,0.828088,0.657993,0.801829,0.0411075,0.0262584,8,8,1,1,hypothetical (twin)
run__B__s1__L-N__r0.25,1,L-N,local,False,0.25,16,False,0.675403,0.805766,0.657993,0.801829,0.0174102,0.00393684,8,8,1,1,hypothetical (twin)
run__B__s1__L-N__r0.25,1,L-N,local,False,0.25,17,False,0.69073,0.803948,0.657993,0.801829,0.0327373,0.00211857,8,8,1,1,hypothetical (twin)
run__B__s1__L-N__r0.25,1,L-N,local,False,0.25,18,False,0.691401,0.823243,0.657993,0.801829,0.0334079,0.0214136,8,8,1,1,hypothetical (twin)
run__B__s1__L-N__r0.25,1,L-N,local,False,0.25,19,False,0.699864,0.820694,0.657993,0.801829,0.0418707,0.018865,8,8,1,1,hypothetical (twin)
run__B__s1__L-N__r0.25,1,L-N,local,False,0.25,20,True,0.690851,0.820474,0.657993,0.801829,0.0328584,0.0186446,8,8,1,1,hypothetical (twin)
run__B__s1__L-N__r0.75,1,L-N,local,False,0.75,0,False,0.667993,0.811829,0.657993,0.801829,0.01,0.01,2,2,1,1,hypothetical (twin)
run__B__s1__L-N__r0.75,1,L-N,local,False,0.75,1,False,0.700678,0.812377,0.657993,0.801829,0.0426852,0.0105478,3,3,1,1,hypothetical (twin)
run__B__s1__L-N__r0.75,1,L-N,local,False,0.75,2,False,0.681458,0.839361,0.657993,0.801829,0.023465,0.0375316,4,4,1,1,hypothetical (twin)
run__B__s1__L-N__r0.75,1,L-N,local,False,0.75,3,False,0.697387,0.849402,0.657993,0.801829,0.0393936,0.0475729,5,5,1,1,hypothetical (twin)
run__B__s1__L-N__r0.75,1,L-N,local,False,0.75,4,False,0.692816,0.841794,0.657993,0.801829,0.0348231,0.0399649,6,6,1,1,hypothetical (twin)
run__B__s1__L-N__r0.75,1,L-N,local,False,0.75,5,False,0.682203,0.787846,0.657993,0.801829,0.0242096,-0.0139834,7,5,1.15079,0.821995,hypothetical (twin)
run__B__s1__L-N__r0.75,1,L-N,local,False,0.75,6,False,0.719838,0.81547,0.657993,0.801829,0.0618448,0.0136408,8,6,1.13137,0.848528,hypothetical (twin)
run__B__s1__L-N__r0.75,1,L-N,local,False,0.75,7,False,0.653011,0.802983,0.657993,0.801829,-0.00498204,0.00115348,7.5018,6.11535,1.09615,0.893564,hypothetical (twin)
run__B__s1__L-N__r0.75,1,L-N,local,False,0.75,8,False,0.644457,0.820014,0.657993,0.801829,-0.0135357,0.0181852,6.5018,7.11535,0.953975,1.044,hypothetical (twin)
run__B__s1__L-N__r0.75,1,L-N,local,False,0.75,9,False,0.670253,0.824757,0.657993,0.801829,0.01226,0.0229282,7.5018,8,0.967362,1.03161,hypothetical (twin)
run__B__s1__L-N__r0.75,1,L-N,local,False,0.75,10,False,0.722922,0.825819,0.657993,0.801829,0.0649294,0.02399,8,8,1,1,hypothetical (twin)
run__B__s1__L-N__r0.75,1,L-N,local,False,0.75,11,False,0.712518,0.801361,0.657993,0.801829,0.0545254,-0.000468746,8,7.95313,1.00293,0.997057,hypothetical (twin)
run__B__s1__L-N__r0.75,1,L-N,local,False,0.75,12,False,0.733421,0.77181,0.657993,0.801829,0.0754276,-0.0300188,8,6.95313,1.0674,0.927719,hypothetical (twin)
run__B__s1__L-N__r0.75,1,L-N,local,False,0.75,13,False,0.708762,0.808275,0.657993,0.801829,0.0507685,0.00644591,8,7.59772,1.02545,0.973885,hypothetical (twin)
run__B__s1__L-N__r0.75,1,L-N,local,False,0.75,14,False,0.681513,0.804937,0.657993,0.801829,0.0235197,0.00310722,8,7.90844,1.00574,0.994228,hypothetical (twin)
run__B__s1__L-N__r0.75,1,L-N,local,False,0.75,15,False,0.720285,0.798751,0.657993,0.801829,0.0622924,-0.00307878,8,7.60056,1.02527,0.974077,hypothetical (twin)
run__B__s1__L-N__r0.75,1,L-N,local,False,0.75,16,False,0.674368,0.795132,0.657993,0.801829,0.0163753,-0.00669766,8,6.93079,1.06887,0.926018,hypothetical (twin)
run__B__s1__L-N__r0.75,1,L-N,local,False,0.75,17,False,0.688981,0.808494,0.657993,0.801829,0.030988,0.00666468,8,7.59726,1.02548,0.973854,hypothetical (twin)
run__B__s1__L-N__r0.75,1,L-N,local,False,0.75,18,False,0.698345,0.810534,0.657993,0.801829,0.040352,0.00870424,8,8,1,1,hypothetical (twin)
run__B__s1__L-N__r0.75,1,L-N,local,False,0.75,19,False,0.731593,0.803008,0.657993,0.801829,0.0736,0.00117872,8,8,1,1,hypothetical (twin)
run__B__s1__L-N__r0.75,1,L-N,local,False,0.75,20,True,0.713273,0.799511,0.657993,0.801829,0.0552801,-0.00231815,8,8,1,1,hypothetical (twin)
run__B__s1__L-N__r1.5,1,L-N,local,False,1.5,0,False,0.667993,0.811829,0.657993,0.801829,0.01,0.01,2,2,1,1,hypothetical (twin)
run__B__s1__L-N__r1.5,1,L-N,local,False,1.5,1,False,0.752916,0.82309,0.657993,0.801829,0.0949229,0.0212605,3,3,1,1,hypothetical (twin)
run__B__s1__L-N__r1.5,1,L-N,local,False,1.5,2,False,0.738693,0.833867,0.657993,0.801829,0.0806998,0.0320372,4,4,1,1,hypothetical (twin)
run__B__s1__L-N__r1.5,1,L-N,local,False,1.5,3,False,0.730907,0.831684,0.657993,0.801829,0.0729143,0.0298546,5,5,1,1,hypothetical (twin)
run__B__s1__L-N__r1.5,1,L-N,local,False,1.5,4,False,0.765523,0.819469,0.657993,0.801829,0.10753,0.0176399,6,6,1,1,hypothetical (twin)
run__B__s1__L-N__r1.5,1,L-N,local,False,1.5,5,False,0.754415,0.82332,0.657993,0.801829,0.0964223,0.0214911,7,7,1,1,hypothetical (twin)
run__B__s1__L-N__r1.5,1,L-N,local,False,1.5,6,False,0.742824,0.85394,0.657993,0.801829,0.0848311,0.0521106,8,8,1,1,hypothetical (twin)
run__B__s1__L-N__r1.5,1,L-N,local,False,1.5,7,False,0.768722,0.842792,0.657993,0.801829,0.110729,0.0409628,8,8,1,1,hypothetical (twin)
run__B__s1__L-N__r1.5,1,L-N,local,False,1.5,8,False,0.740453,0.840376,0.657993,0.801829,0.08246,0.0385463,8,8,1,1,hypothetical (twin)
run__B__s1__L-N__r1.5,1,L-N,local,False,1.5,9,False,0.717376,0.834818,0.657993,0.801829,0.0593828,0.0329888,8,8,1,1,hypothetical (twin)
run__B__s1__L-N__r1.5,1,L-N,local,False,1.5,10,False,0.753013,0.856359,0.657993,0.801829,0.0950205,0.0545296,8,8,1,1,hypothetical (twin)
run__B__s1__L-N__r1.5,1,L-N,local,False,1.5,11,False,0.811139,0.840468,0.657993,0.801829,0.153146,0.0386389,8,8,1,1,hypothetical (twin)
run__B__s1__L-N__r1.5,1,L-N,local,False,1.5,12,False,0.806152,0.842949,0.657993,0.801829,0.148159,0.0411202,8,8,1,1,hypothetical (twin)
run__B__s1__L-N__r1.5,1,L-N,local,False,1.5,13,False,0.769596,0.8439,0.657993,0.801829,0.111603,0.0420709,8,8,1,1,hypothetical (twin)
run__B__s1__L-N__r1.5,1,L-N,local,False,1.5,14,False,0.76857,0.849016,0.657993,0.801829,0.110577,0.0471867,8,8,1,1,hypothetical (twin)
run__B__s1__L-N__r1.5,1,L-N,local,False,1.5,15,False,0.711472,0.851732,0.657993,0.801829,0.0534787,0.0499027,8,8,1,1,hypothetical (twin)
run__B__s1__L-N__r1.5,1,L-N,local,False,1.5,16,False,0.744711,0.848092,0.657993,0.801829,0.0867175,0.0462628,8,8,1,1,hypothetical (twin)
run__B__s1__L-N__r1.5,1,L-N,local,False,1.5,17,False,0.710716,0.842618,0.657993,0.801829,0.0527231,0.0407886,8,8,1,1,hypothetical (twin)
run__B__s1__L-N__r1.5,1,L-N,local,False,1.5,18,False,0.715871,0.833983,0.657993,0.801829,0.0578776,0.0321533,8,8,1,1,hypothetical (twin)
run__B__s1__L-N__r1.5,1,L-N,local,False,1.5,19,False,0.729553,0.833993,0.657993,0.801829,0.0715605,0.0321634,8,8,1,1,hypothetical (twin)
run__B__s1__L-N__r1.5,1,L-N,local,False,1.5,20,True,0.76871,0.839514,0.657993,0.801829,0.110717,0.0376847,8,8,1,1,hypothetical (twin)
run__B__s2__J-F__r0.25,2,J-F,joint,True,0.25,0,False,0.83702,0.829219,0.82702,0.819219,0.01,0.01,2,2,1,1,applied
run__B__s2__J-F__r0.25,2,J-F,joint,True,0.25,1,False,0.828455,0.828085,0.82702,0.819219,0.00143535,0.00886663,2.14354,2.88666,0.843116,1.13541,applied
run__B__s2__J-F__r0.25,2,J-F,joint,True,0.25,2,False,0.823914,0.829486,0.82702,0.819219,-0.00310655,0.0102676,1.83288,3.88666,0.603208,1.27912,applied
run__B__s2__J-F__r0.25,2,J-F,joint,True,0.25,3,False,0.820567,0.819025,0.82702,0.819219,-0.00645281,-0.000193607,1.1876,3.8673,0.415153,1.35191,applied
run__B__s2__J-F__r0.25,2,J-F,joint,True,0.25,4,False,0.814778,0.805429,0.82702,0.819219,-0.0122425,-0.0137899,0.25,2.8673,0.122839,1.40887,applied
run__B__s2__J-F__r0.25,2,J-F,joint,True,0.25,5,False,0.812974,0.810836,0.82702,0.819219,-0.0140465,-0.00838215,0.25,2.02909,0.172935,1.4036,applied
run__B__s2__J-F__r0.25,2,J-F,joint,True,0.25,6,False,0.811697,0.806197,0.82702,0.819219,-0.0153229,-0.0130216,0.25,1.02909,0.33385,1.37424,applied
run__B__s2__J-F__r0.25,2,J-F,joint,True,0.25,7,False,0.80791,0.820026,0.82702,0.819219,-0.01911,0.000807664,0.25,1.10985,0.310772,1.37965,applied
run__B__s2__J-F__r0.25,2,J-F,joint,True,0.25,8,False,0.80194,0.81959,0.82702,0.819219,-0.0250798,0.000370975,0.25,1.14695,0.301183,1.38177,applied
run__B__s2__J-F__r0.25,2,J-F,joint,True,0.25,9,False,0.798119,0.809902,0.82702,0.819219,-0.0289015,-0.00931695,0.25,0.25,1,1,applied
run__B__s2__J-F__r0.25,2,J-F,joint,True,0.25,10,False,0.775247,0.818195,0.82702,0.819219,-0.0517733,-0.00102323,0.25,0.25,1,1,applied
run__B__s2__J-F__r0.25,2,J-F,joint,True,0.25,11,False,0.753167,0.813685,0.82702,0.819219,-0.0738526,-0.005534,0.25,0.25,1,1,applied
run__B__s2__J-F__r0.25,2,J-F,joint,True,0.25,12,False,0.759009,0.812971,0.82702,0.819219,-0.0680108,-0.00624751,0.25,0.25,1,1,applied
run__B__s2__J-F__r0.25,2,J-F,joint,True,0.25,13,False,0.742286,0.822048,0.82702,0.819219,-0.0847337,0.00282956,0.25,0.532956,0.600589,1.28035,applied
run__B__s2__J-F__r0.25,2,J-F,joint,True,0.25,14,False,0.741848,0.815934,0.82702,0.819219,-0.085172,-0.00328492,0.25,0.25,1,1,applied
run__B__s2__J-F__r0.25,2,J-F,joint,True,0.25,15,False,0.72967,0.814375,0.82702,0.819219,-0.0973497,-0.00484405,0.25,0.25,1,1,applied
run__B__s2__J-F__r0.25,2,J-F,joint,True,0.25,16,False,0.733049,0.818256,0.82702,0.819219,-0.0939706,-0.00096265,0.25,0.25,1,1,applied
run__B__s2__J-F__r0.25,2,J-F,joint,True,0.25,17,False,0.736452,0.82575,0.82702,0.819219,-0.0905679,0.00653173,0.25,0.903173,0.37727,1.36296,applied
run__B__s2__J-F__r0.25,2,J-F,joint,True,0.25,18,False,0.734358,0.812821,0.82702,0.819219,-0.0926622,-0.00639728,0.25,0.263446,0.973479,1.02584,applied
run__B__s2__J-F__r0.25,2,J-F,joint,True,0.25,19,False,0.729897,0.818542,0.82702,0.819219,-0.0971233,-0.000676573,0.25,0.25,1,1,applied
run__B__s2__J-F__r0.25,2,J-F,joint,True,0.25,20,True,0.722055,0.803484,0.82702,0.819219,-0.104965,-0.0157343,0.25,0.25,1,1,applied
run__B__s2__J-F__r0.75,2,J-F,joint,True,0.75,0,False,0.83702,0.829219,0.82702,0.819219,0.01,0.01,2,2,1,1,applied
run__B__s2__J-F__r0.75,2,J-F,joint,True,0.75,1,False,0.807733,0.847682,0.82702,0.819219,-0.0192867,0.0284638,1,3,0.447214,1.34164,applied
run__B__s2__J-F__r0.75,2,J-F,joint,True,0.75,2,False,0.795085,0.82459,0.82702,0.819219,-0.0319347,0.00537144,0.25,3.53714,0.0997058,1.41069,applied
run__B__s2__J-F__r0.75,2,J-F,joint,True,0.75,3,False,0.788553,0.797446,0.82702,0.819219,-0.0384674,-0.0217722,0.25,2.53714,0.138679,1.4074,applied
run__B__s2__J-F__r0.75,2,J-F,joint,True,0.75,4,False,0.773126,0.833466,0.82702,0.819219,-0.0538945,0.0142474,0.25,3.53714,0.0997058,1.41069,applied
run__B__s2__J-F__r0.75,2,J-F,joint,True,0.75,5,False,0.762967,0.789081,0.82702,0.819219,-0.0640528,-0.0301375,0.25,2.53714,0.138679,1.4074,applied
run__B__s2__J-F__r0.75,2,J-F,joint,True,0.75,6,False,0.756876,0.824751,0.82702,0.819219,-0.0701437,0.00553215,0.25,3.09036,0.114033,1.40961,applied
run__B__s2__J-F__r0.75,2,J-F,joint,True,0.75,7,False,0.756923,0.815349,0.82702,0.819219,-0.0700966,-0.0038697,0.25,2.70339,0.130226,1.4082,applied
run__B__s2__J-F__r0.75,2,J-F,joint,True,0.75,8,False,0.735894,0.836056,0.82702,0.819219,-0.0911258,0.0168372,0.25,3.70339,0.0952508,1.411,applied
run__B__s2__J-F__r0.75,2,J-F,joint,True,0.75,9,False,0.742104,0.857253,0.82702,0.819219,-0.0849162,0.0380347,0.25,4.70339,0.075064,1.41222,applied
run__B__s2__J-F__r0.75,2,J-F,joint,True,0.75,10,False,0.740959,0.861265,0.82702,0.819219,-0.0860614,0.0420465,0.25,5.70339,0.0619306,1.41286,applied
run__B__s2__J-F__r0.75,2,J-F,joint,True,0.75,11,False,0.737138,0.852241,0.82702,0.819219,-0.0898818,0.0330225,0.25,6.70339,0.0527058,1.41323,applied
run__B__s2__J-F__r0.75,2,J-F,joint,True,0.75,12,False,0.736063,0.863462,0.82702,0.819219,-0.0909567,0.0442435,0.25,7.70339,0.0458717,1.41347,applied
run__B__s2__J-F__r0.75,2,J-F,joint,True,0.75,13,False,0.737024,0.817238,0.82702,0.819219,-0.0899962,-0.00198075,0.25,7.50531,0.047081,1.41343,applied
run__B__s2__J-F__r0.75,2,J-F,joint,True,0.75,14,False,0.742225,0.825555,0.82702,0.819219,-0.0847955,0.00633653,0.25,8,0.0441726,1.41352,applied
run__B__s2__J-F__r0.75,2,J-F,joint,True,0.75,15,False,0.735953,0.857142,0.82702,0.819219,-0.0910673,0.0379237,0.25,8,0.0441726,1.41352,applied
run__B__s2__J-F__r0.75,2,J-F,joint,True,0.75,16,False,0.747342,0.8665,0.82702,0.819219,-0.0796777,0.0472809,0.25,8,0.0441726,1.41352,applied
run__B__s2__J-F__r0.75,2,J-F,joint,True,0.75,17,False,0.735498,0.860368,0.82702,0.819219,-0.0915225,0.0411496,0.25,8,0.0441726,1.41352,applied
run__B__s2__J-F__r0.75,2,J-F,joint,True,0.75,18,False,0.740618,0.856826,0.82702,0.819219,-0.0864022,0.0376073,0.25,8,0.0441726,1.41352,applied
run__B__s2__J-F__r0.75,2,J-F,joint,True,0.75,19,False,0.731838,0.847509,0.82702,0.819219,-0.0951818,0.0282904,0.25,8,0.0441726,1.41352,applied
run__B__s2__J-F__r0.75,2,J-F,joint,True,0.75,20,True,0.739838,0.830511,0.82702,0.819219,-0.0871821,0.0112924,0.25,8,0.0441726,1.41352,applied
run__B__s2__J-F__r1.5,2,J-F,joint,True,1.5,0,False,0.83702,0.829219,0.82702,0.819219,0.01,0.01,2,2,1,1,applied
run__B__s2__J-F__r1.5,2,J-F,joint,True,1.5,1,False,0.814042,0.845244,0.82702,0.819219,-0.0129779,0.0260254,1,3,0.447214,1.34164,applied
run__B__s2__J-F__r1.5,2,J-F,joint,True,1.5,2,False,0.810036,0.868113,0.82702,0.819219,-0.0169838,0.0488947,0.25,4,0.0882162,1.41146,applied
run__B__s2__J-F__r1.5,2,J-F,joint,True,1.5,3,False,0.80957,0.855134,0.82702,0.819219,-0.01745,0.0359152,0.25,5,0.0706225,1.41245,applied
run__B__s2__J-F__r1.5,2,J-F,joint,True,1.5,4,False,0.796172,0.85417,0.82702,0.819219,-0.0308476,0.0349518,0.25,6,0.0588745,1.41299,applied
run__B__s2__J-F__r1.5,2,J-F,joint,True,1.5,5,False,0.782534,0.841642,0.82702,0.819219,-0.0444859,0.0224233,0.25,7,0.0504754,1.41331,applied
run__B__s2__J-F__r1.5,2,J-F,joint,True,1.5,6,False,0.761581,0.861022,0.82702,0.819219,-0.0654394,0.0418034,0.25,8,0.0441726,1.41352,applied
run__B__s2__J-F__r1.5,2,J-F,joint,True,1.5,7,False,0.764123,0.864875,0.82702,0.819219,-0.0628967,0.0456562,0.25,8,0.0441726,1.41352,applied
run__B__s2__J-F__r1.5,2,J-F,joint,True,1.5,8,False,0.7599,0.862404,0.82702,0.819219,-0.0671205,0.043185,0.25,8,0.0441726,1.41352,applied
run__B__s2__J-F__r1.5,2,J-F,joint,True,1.5,9,False,0.748238,0.866695,0.82702,0.819219,-0.0787824,0.0474761,0.25,8,0.0441726,1.41352,applied
run__B__s2__J-F__r1.5,2,J-F,joint,True,1.5,10,False,0.741279,0.855586,0.82702,0.819219,-0.0857408,0.0363671,0.25,8,0.0441726,1.41352,applied
run__B__s2__J-F__r1.5,2,J-F,joint,True,1.5,11,False,0.728238,0.860955,0.82702,0.819219,-0.0987817,0.0417361,0.25,8,0.0441726,1.41352,applied
run__B__s2__J-F__r1.5,2,J-F,joint,True,1.5,12,False,0.75015,0.865737,0.82702,0.819219,-0.0768699,0.0465186,0.25,8,0.0441726,1.41352,applied
run__B__s2__J-F__r1.5,2,J-F,joint,True,1.5,13,False,0.72792,0.862835,0.82702,0.819219,-0.0991002,0.0436166,0.25,8,0.0441726,1.41352,applied
run__B__s2__J-F__r1.5,2,J-F,joint,True,1.5,14,False,0.735739,0.857707,0.82702,0.819219,-0.0912806,0.0384882,0.25,8,0.0441726,1.41352,applied
run__B__s2__J-F__r1.5,2,J-F,joint,True,1.5,15,False,0.732604,0.832213,0.82702,0.819219,-0.0944165,0.0129946,0.25,8,0.0441726,1.41352,applied
run__B__s2__J-F__r1.5,2,J-F,joint,True,1.5,16,False,0.729804,0.83025,0.82702,0.819219,-0.0972159,0.0110316,0.25,8,0.0441726,1.41352,applied
run__B__s2__J-F__r1.5,2,J-F,joint,True,1.5,17,False,0.734128,0.820177,0.82702,0.819219,-0.0928919,0.000958275,0.25,8,0.0441726,1.41352,applied
run__B__s2__J-F__r1.5,2,J-F,joint,True,1.5,18,False,0.729402,0.845284,0.82702,0.819219,-0.0976176,0.0260649,0.25,8,0.0441726,1.41352,applied
run__B__s2__J-F__r1.5,2,J-F,joint,True,1.5,19,False,0.728547,0.843183,0.82702,0.819219,-0.0984734,0.0239648,0.25,8,0.0441726,1.41352,applied
run__B__s2__J-F__r1.5,2,J-F,joint,True,1.5,20,True,0.724132,0.857316,0.82702,0.819219,-0.102888,0.0380978,0.25,8,0.0441726,1.41352,applied
run__B__s2__J-N__r0.25,2,J-N,joint,False,0.25,0,False,0.83702,0.829219,0.82702,0.819219,0.01,0.01,2,2,1,1,hypothetical (twin)
run__B__s2__J-N__r0.25,2,J-N,joint,False,0.25,1,False,0.826945,0.813869,0.82702,0.819219,-7.49691e-05,-0.00534973,1.9925,1.46503,1.13938,0.837749,hypothetical (twin)
run__B__s2__J-N__r0.25,2,J-N,joint,False,0.25,2,False,0.816528,0.82691,0.82702,0.819219,-0.0104924,0.00769119,0.992503,2.23415,0.574149,1.29242,hypothetical (twin)
run__B__s2__J-N__r0.25,2,J-N,joint,False,0.25,3,False,0.809043,0.82486,0.82702,0.819219,-0.0179767,0.00564153,0.25,2.7983,0.125845,1.4086,hypothetical (twin)
run__B__s2__J-N__r0.25,2,J-N,joint,False,0.25,4,False,0.798399,0.830925,0.82702,0.819219,-0.0286213,0.0117064,0.25,3.7983,0.0928811,1.41116,hypothetical (twin)
run__B__s2__J-N__r0.25,2,J-N,joint,False,0.25,5,False,0.764528,0.814671,0.82702,0.819219,-0.062492,-0.00454787,0.25,3.34351,0.105449,1.41028,hypothetical (twin)
run__B__s2__J-N__r0.25,2,J-N,joint,False,0.25,6,False,0.743361,0.808537,0.82702,0.819219,-0.0836592,-0.0106817,0.25,2.34351,0.150014,1.40623,hypothetical (twin)
run__B__s2__J-N__r0.25,2,J-N,joint,False,0.25,7,False,0.737236,0.821655,0.82702,0.819219,-0.0897838,0.00243662,0.25,2.58717,0.136023,1.40766,hypothetical (twin)
run__B__s2__J-N__r0.25,2,J-N,joint,False,0.25,8,False,0.712088,0.826633,0.82702,0.819219,-0.114932,0.00741437,0.25,3.32861,0.105918,1.41024,hypothetical (twin)
run__B__s2__J-N__r0.25,2,J-N,joint,False,0.25,9,False,0.711882,0.821153,0.82702,0.819219,-0.115138,0.0019343,0.25,3.52204,0.100131,1.41066,hypothetical (twin)
run__B__s2__J-N__r0.25,2,J-N,joint,False,0.25,10,False,0.713751,0.816447,0.82702,0.819219,-0.113269,-0.00277167,0.25,3.24487,0.108636,1.41003,hypothetical (twin)
run__B__s2__J-N__r0.25,2,J-N,joint,False,0.25,11,False,0.711648,0.824113,0.82702,0.819219,-0.115373,0.00489436,0.25,3.73431,0.0944656,1.41106,hypothetical (twin)
run__B__s2__J-N__r0.25,2,J-N,joint,False,0.25,12,False,0.715191,0.822184,0.82702,0.819219,-0.111829,0.00296502,0.25,4.03081,0.0875445,1.4115,hypothetical (twin)
run__B__s2__J-N__r0.25,2,J-N,joint,False,0.25,13,False,0.711321,0.823287,0.82702,0.819219,-0.115699,0.0040681,0.25,4.43762,0.0795457,1.41197,hypothetical (twin)
run__B__s2__J-N__r0.25,2,J-N,joint,False,0.25,14,False,0.706254,0.815857,0.82702,0.819219,-0.120766,-0.00336149,0.25,4.10147,0.0860419,1.41159,hypothetical (twin)
run__B__s2__J-N__r0.25,2,J-N,joint,False,0.25,15,False,0.693297,0.816359,0.82702,0.819219,-0.133724,-0.00286002,0.25,3.81547,0.0924648,1.41119,hypothetical (twin)
run__B__s2__J-N__r0.25,2,J-N,joint,False,0.25,16,False,0.707194,0.821011,0.82702,0.819219,-0.119826,0.00179211,0.25,3.99468,0.0883332,1.41145,hypothetical (twin)
run__B__s2__J-N__r0.25,2,J-N,joint,False,0.25,17,False,0.685939,0.822306,0.82702,0.819219,-0.141081,0.00308787,0.25,4.30347,0.0820172,1.41183,hypothetical (twin)
run__B__s2__J-N__r0.25,2,J-N,joint,False,0.25,18,False,0.697064,0.821332,0.82702,0.819219,-0.129957,0.00211352,0.25,4.51482,0.0781897,1.41205,hypothetical (twin)
run__B__s2__J-N__r0.25,2,J-N,joint,False,0.25,19,False,0.688533,0.824832,0.82702,0.819219,-0.138488,0.00561292,0.25,5.07611,0.0695661,1.4125,hypothetical (twin)
run__B__s2__J-N__r0.25,2,J-N,joint,False,0.25,20,True,0.698461,0.812134,0.82702,0.819219,-0.128559,-0.0070847,0.25,5.07611,0.0695661,1.4125,hypothetical (twin)
run__B__s2__J-N__r0.75,2,J-N,joint,False,0.75,0,False,0.83702,0.829219,0.82702,0.819219,0.01,0.01,2,2,1,1,hypothetical (twin)
run__B__s2__J-N__r0.75,2,J-N,joint,False,0.75,1,False,0.8061,0.831423,0.82702,0.819219,-0.0209199,0.0122045,1,3,0.447214,1.34164,hypothetical (twin)
run__B__s2__J-N__r0.75,2,J-N,joint,False,0.75,2,False,0.75247,0.827988,0.82702,0.819219,-0.0745501,0.00876987,0.25,3.87699,0.0910038,1.41128,hypothetical (twin)
run__B__s2__J-N__r0.75,2,J-N,joint,False,0.75,3,False,0.72422,0.830658,0.82702,0.819219,-0.1028,0.0114396,0.25,4.87699,0.0723992,1.41236,hypothetical (twin)
run__B__s2__J-N__r0.75,2,J-N,joint,False,0.75,4,False,0.665766,0.78536,0.82702,0.819219,-0.161254,-0.0338582,0.25,3.87699,0.0910038,1.41128,hypothetical (twin)
run__B__s2__J-N__r0.75,2,J-N,joint,False,0.75,5,False,0.704149,0.807104,0.82702,0.819219,-0.122871,-0.0121146,0.25,2.87699,0.122429,1.4089,hypothetical (twin)
run__B__s2__J-N__r0.75,2,J-N,joint,False,0.75,6,False,0.685778,0.836335,0.82702,0.819219,-0.141242,0.0171166,0.25,3.87699,0.0910038,1.41128,hypothetical (twin)
run__B__s2__J-N__r0.75,2,J-N,joint,False,0.75,7,False,0.703493,0.834751,0.82702,0.819219,-0.123527,0.0155322,0.25,4.87699,0.0723992,1.41236,hypothetical (twin)
run__B__s2__J-N__r0.75,2,J-N,joint,False,0.75,8,False,0.722759,0.860861,0.82702,0.819219,-0.104261,0.0416427,0.25,5.87699,0.0601046,1.41294,hypothetical (twin)
run__B__s2__J-N__r0.75,2,J-N,joint,False,0.75,9,False,0.688803,0.828842,0.82702,0.819219,-0.138217,0.00962305,0.25,6.83929,0.0516599,1.41327,hypothetical (twin)
run__B__s2__J-N__r0.75,2,J-N,joint,False,0.75,10,False,0.745145,0.810741,0.82702,0.819219,-0.0818754,-0.00847807,0.25,5.99148,0.058958,1.41298,hypothetical (twin)
run__B__s2__J-N__r0.75,2,J-N,joint,False,0.75,11,False,0.777847,0.804987,0.82702,0.819219,-0.0491734,-0.0142316,0.25,4.99148,0.0707426,1.41244,hypothetical (twin)
run__B__s2__J-N__r0.75,2,J-N,joint,False,0.75,12,False,0.778781,0.798141,0.82702,0.819219,-0.0482386,-0.0210772,0.25,3.99148,0.0884037,1.41145,hypothetical (twin)
run__B__s2__J-N__r0.75,2,J-N,joint,False,0.75,13,False,0.734636,0.803518,0.82702,0.819219,-0.0923837,-0.0157007,0.25,2.99148,0.117776,1.4093,hypothetical (twin)
run__B__s2__J-N__r0.75,2,J-N,joint,False,0.75,14,False,0.696327,0.808972,0.82702,0.819219,-0.130693,-0.0102467,0.25,1.99148,0.17615,1.4032,hypothetical (twin)
run__B__s2__J-N__r0.75,2,J-N,joint,False,0.75,15,False,0.662965,0.819859,0.82702,0.819219,-0.164055,0.000640224,0.25,2.05551,0.170745,1.40387,hypothetical (twin)
run__B__s2__J-N__r0.75,2,J-N,joint,False,0.75,16,False,0.696835,0.814194,0.82702,0.819219,-0.130185,-0.00502411,0.25,1.5531,0.224751,1.39624,hypothetical (twin)
run__B__s2__J-N__r0.75,2,J-N,joint,False,0.75,17,False,0.685456,0.833506,0.82702,0.819219,-0.141564,0.0142878,0.25,2.5531,0.137821,1.40748,hypothetical (twin)
run__B__s2__J-N__r0.75,2,J-N,joint,False,0.75,18,False,0.70615,0.814136,0.82702,0.819219,-0.12087,-0.00508216,0.25,2.04488,0.171619,1.40376,hypothetical (twin)
run__B__s2__J-N__r0.75,2,J-N,joint,False,0.75,19,False,0.697755,0.845925,0.82702,0.819219,-0.129265,0.0267061,0.25,3.04488,0.115725,1.40947,hypothetical (twin)
run__B__s2__J-N__r0.75,2,J-N,joint,False,0.75,20,True,0.705733,0.826699,0.82702,0.819219,-0.121287,0.00748,0.25,3.04488,0.115725,1.40947,hypothetical (twin)
run__B__s2__J-N__r1.5,2,J-N,joint,False,1.5,0,False,0.83702,0.829219,0.82702,0.819219,0.01,0.01,2,2,1,1,hypothetical (twin)
run__B__s2__J-N__r1.5,2,J-N,joint,False,1.5,1,False,0.800615,0.843941,0.82702,0.819219,-0.026405,0.0247229,1,3,0.447214,1.34164,hypothetical (twin)
run__B__s2__J-N__r1.5,2,J-N,joint,False,1.5,2,False,0.759772,0.865201,0.82702,0.819219,-0.0672484,0.0459826,0.25,4,0.0882162,1.41146,hypothetical (twin)
run__B__s2__J-N__r1.5,2,J-N,joint,False,1.5,3,False,0.786957,0.860289,0.82702,0.819219,-0.0400635,0.0410705,0.25,5,0.0706225,1.41245,hypothetical (twin)
run__B__s2__J-N__r1.5,2,J-N,joint,False,1.5,4,False,0.7606,0.838011,0.82702,0.819219,-0.0664197,0.0187927,0.25,6,0.0588745,1.41299,hypothetical (twin)
run__B__s2__J-N__r1.5,2,J-N,joint,False,1.5,5,False,0.745426,0.835499,0.82702,0.819219,-0.0815944,0.0162802,0.25,7,0.0504754,1.41331,hypothetical (twin)
run__B__s2__J-N__r1.5,2,J-N,joint,False,1.5,6,False,0.739071,0.849314,0.82702,0.819219,-0.0879495,0.0300952,0.25,8,0.0441726,1.41352,hypothetical (twin)
run__B__s2__J-N__r1.5,2,J-N,joint,False,1.5,7,False,0.775314,0.850626,0.82702,0.819219,-0.051706,0.031407,0.25,8,0.0441726,1.41352,hypothetical (twin)
run__B__s2__J-N__r1.5,2,J-N,joint,False,1.5,8,False,0.756053,0.81032,0.82702,0.819219,-0.0709674,-0.00889877,0.25,7.11012,0.0496946,1.41334,hypothetical (twin)
run__B__s2__J-N__r1.5,2,J-N,joint,False,1.5,9,False,0.754006,0.830515,0.82702,0.819219,-0.0730137,0.0112966,0.25,8,0.0441726,1.41352,hypothetical (twin)
run__B__s2__J-N__r1.5,2,J-N,joint,False,1.5,10,False,0.715445,0.849266,0.82702,0.819219,-0.111575,0.0300473,0.25,8,0.0441726,1.41352,hypothetical (twin)
run__B__s2__J-N__r1.5,2,J-N,joint,False,1.5,11,False,0.731582,0.84558,0.82702,0.819219,-0.095438,0.0263611,0.25,8,0.0441726,1.41352,hypothetical (twin)
run__B__s2__J-N__r1.5,2,J-N,joint,False,1.5,12,False,0.752217,0.822293,0.82702,0.819219,-0.0748034,0.00307441,0.25,8,0.0441726,1.41352,hypothetical (twin)
run__B__s2__J-N__r1.5,2,J-N,joint,False,1.5,13,False,0.740036,0.792923,0.82702,0.819219,-0.0869844,-0.0262956,0.25,7,0.0504754,1.41331,hypothetical (twin)
run__B__s2__J-N__r1.5,2,J-N,joint,False,1.5,14,False,0.729669,0.845713,0.82702,0.819219,-0.0973513,0.026494,0.25,8,0.0441726,1.41352,hypothetical (twin)
run__B__s2__J-N__r1.5,2,J-N,joint,False,1.5,15,False,0.740112,0.848828,0.82702,0.819219,-0.0869078,0.0296098,0.25,8,0.0441726,1.41352,hypothetical (twin)
run__B__s2__J-N__r1.5,2,J-N,joint,False,1.5,16,False,0.700271,0.808066,0.82702,0.819219,-0.126749,-0.0111529,0.25,7,0.0504754,1.41331,hypothetical (twin)
run__B__s2__J-N__r1.5,2,J-N,joint,False,1.5,17,False,0.730811,0.856266,0.82702,0.819219,-0.0962096,0.0370469,0.25,8,0.0441726,1.41352,hypothetical (twin)
run__B__s2__J-N__r1.5,2,J-N,joint,False,1.5,18,False,0.80578,0.837481,0.82702,0.819219,-0.0212396,0.0182626,0.25,8,0.0441726,1.41352,hypothetical (twin)
run__B__s2__J-N__r1.5,2,J-N,joint,False,1.5,19,False,0.731245,0.839599,0.82702,0.819219,-0.0957754,0.0203804,0.25,8,0.0441726,1.41352,hypothetical (twin)
run__B__s2__J-N__r1.5,2,J-N,joint,False,1.5,20,True,0.754536,0.822272,0.82702,0.819219,-0.0724837,0.00305337,0.25,8,0.0441726,1.41352,hypothetical (twin)
run__B__s2__L-F__r0.25,2,L-F,local,True,0.25,0,False,0.83702,0.829219,0.82702,0.819219,0.01,0.01,2,2,1,1,applied
run__B__s2__L-F__r0.25,2,L-F,local,True,0.25,1,False,0.827309,0.813532,0.82702,0.819219,0.000289359,-0.00568629,2.02894,1.43137,1.15559,0.815242,applied
run__B__s2__L-F__r0.25,2,L-F,local,True,0.25,2,False,0.821012,0.826179,0.82702,0.819219,-0.00600771,0.00696001,1.42817,2.12737,0.78825,1.17416,applied
run__B__s2__L-F__r0.25,2,L-F,local,True,0.25,3,False,0.813541,0.820726,0.82702,0.819219,-0.0134794,0.00150771,0.428165,2.27814,0.261221,1.38988,applied
run__B__s2__L-F__r0.25,2,L-F,local,True,0.25,4,False,0.809206,0.803188,0.82702,0.819219,-0.0178143,-0.0160305,0.25,1.27814,0.271471,1.38791,applied
run__B__s2__L-F__r0.25,2,L-F,local,True,0.25,5,False,0.802421,0.816483,0.82702,0.819219,-0.0245994,-0.00273549,0.25,1.00459,0.34152,1.37236,applied
run__B__s2__L-F__r0.25,2,L-F,local,True,0.25,6,False,0.797102,0.817848,0.82702,0.819219,-0.0299179,-0.00137073,0.25,0.867521,0.391608,1.35891,applied
run__B__s2__L-F__r0.25,2,L-F,local,True,0.25,7,False,0.792306,0.811001,0.82702,0.819219,-0.0347139,-0.00821723,0.25,0.25,1,1,applied
run__B__s2__L-F__r0.25,2,L-F,local,True,0.25,8,False,0.766708,0.825868,0.82702,0.819219,-0.0603119,0.00664953,0.25,0.914953,0.372753,1.36421,applied
run__B__s2__L-F__r0.25,2,L-F,local,True,0.25,9,False,0.757457,0.822127,0.82702,0.819219,-0.0695631,0.00290865,0.25,1.20582,0.287101,1.38476,applied
run__B__s2__L-F__r0.25,2,L-F,local,True,0.25,10,False,0.752302,0.811683,0.82702,0.819219,-0.0747184,-0.0075357,0.25,0.452248,0.684189,1.23769,applied
run__B__s2__L-F__r0.25,2,L-F,local,True,0.25,11,False,0.737866,0.804986,0.82702,0.819219,-0.0891544,-0.0142324,0.25,0.25,1,1,applied
run__B__s2__L-F__r0.25,2,L-F,local,True,0.25,12,False,0.724531,0.812983,0.82702,0.819219,-0.102489,-0.00623573,0.25,0.25,1,1,applied
run__B__s2__L-F__r0.25,2,L-F,local,True,0.25,13,False,0.721823,0.824921,0.82702,0.819219,-0.105197,0.00570211,0.25,0.820211,0.412324,1.35277,applied
run__B__s2__L-F__r0.25,2,L-F,local,True,0.25,14,False,0.719947,0.80925,0.82702,0.819219,-0.107073,-0.00996904,0.25,0.25,1,1,applied
run__B__s2__L-F__r0.25,2,L-F,local,True,0.25,15,False,0.699083,0.806306,0.82702,0.819219,-0.127937,-0.0129123,0.25,0.25,1,1,applied
run__B__s2__L-F__r0.25,2,L-F,local,True,0.25,16,False,0.718714,0.817701,0.82702,0.819219,-0.108306,-0.00151714,0.25,0.25,1,1,applied
run__B__s2__L-F__r0.25,2,L-F,local,True,0.25,17,False,0.705308,0.809493,0.82702,0.819219,-0.121713,-0.00972587,0.25,0.25,1,1,applied
run__B__s2__L-F__r0.25,2,L-F,local,True,0.25,18,False,0.706534,0.826739,0.82702,0.819219,-0.120487,0.00752038,0.25,1.00204,0.34234,1.37215,applied
run__B__s2__L-F__r0.25,2,L-F,local,True,0.25,19,False,0.704173,0.801222,0.82702,0.819219,-0.122847,-0.0179969,0.25,0.25,1,1,applied
run__B__s2__L-F__r0.25,2,L-F,local,True,0.25,20,True,0.704584,0.805338,0.82702,0.819219,-0.122436,-0.0138807,0.25,0.25,1,1,applied
run__B__s2__L-F__r0.75,2,L-F,local,True,0.75,0,False,0.83702,0.829219,0.82702,0.819219,0.01,0.01,2,2,1,1,applied
run__B__s2__L-F__r0.75,2,L-F,local,True,0.75,1,False,0.816923,0.832392,0.82702,0.819219,-0.0100969,0.0131738,1,3,0.447214,1.34164,applied
run__B__s2__L-F__r0.75,2,L-F,local,True,0.75,2,False,0.774423,0.85565,0.82702,0.819219,-0.0525971,0.0364319,0.25,4,0.0882162,1.41146,applied
run__B__s2__L-F__r0.75,2,L-F,local,True,0.75,3,False,0.76872,0.835792,0.82702,0.819219,-0.0583001,0.016573,0.25,5,0.0706225,1.41245,applied
run__B__s2__L-F__r0.75,2,L-F,local,True,0.75,4,False,0.757621,0.815712,0.82702,0.819219,-0.0693991,-0.00350706,0.25,4.64929,0.0759348,1.41217,applied
run__B__s2__L-F__r0.75,2,L-F,local,True,0.75,5,False,0.753995,0.810279,0.82702,0.819219,-0.0730247,-0.00894,0.25,3.75529,0.09394,1.41109,applied
run__B__s2__L-F__r0.75,2,L-F,local,True,0.75,6,False,0.743403,0.852427,0.82702,0.819219,-0.0836171,0.0332084,0.25,4.75529,0.0742469,1.41226,applied
run__B__s2__L-F__r0.75,2,L-F,local,True,0.75,7,False,0.746364,0.84351,0.82702,0.819219,-0.0806562,0.0242912,0.25,5.75529,0.0613731,1.41288,applied
run__B__s2__L-F__r0.75,2,L-F,local,True,0.75,8,False,0.740927,0.852382,0.82702,0.819219,-0.0860934,0.0331638,0.25,6.75529,0.0523014,1.41325,applied
run__B__s2__L-F__r0.75,2,L-F,local,True,0.75,9,False,0.735497,0.820914,0.82702,0.819219,-0.0915229,0.00169534,0.25,6.92483,0.0510227,1.41329,applied
run__B__s2__L-F__r0.75,2,L-F,local,True,0.75,10,False,0.734317,0.832483,0.82702,0.819219,-0.0927026,0.0132646,0.25,7.92483,0.0445912,1.41351,applied
run__B__s2__L-F__r0.75,2,L-F,local,True,0.75,11,False,0.733044,0.860588,0.82702,0.819219,-0.0939756,0.0413692,0.25,8,0.0441726,1.41352,applied
run__B__s2__L-F__r0.75,2,L-F,local,True,0.75,12,False,0.764576,0.857064,0.82702,0.819219,-0.062444,0.0378454,0.25,8,0.0441726,1.41352,applied
run__B__s2__L-F__r0.75,2,L-F,local,True,0.75,13,False,0.733352,0.831452,0.82702,0.819219,-0.0936685,0.0122331,0.25,8,0.0441726,1.41352,applied
run__B__s2__L-F__r0.75,2,L-F,local,True,0.75,14,False,0.735604,0.860838,0.82702,0.819219,-0.0914161,0.0416191,0.25,8,0.0441726,1.41352,applied
run__B__s2__L-F__r0.75,2,L-F,local,True,0.75,15,False,0.728474,0.853837,0.82702,0.819219,-0.0985461,0.0346186,0.25,8,0.0441726,1.41352,applied
run__B__s2__L-F__r0.75,2,L-F,local,True,0.75,16,False,0.740889,0.841727,0.82702,0.819219,-0.0861312,0.0225083,0.25,8,0.0441726,1.41352,applied
run__B__s2__L-F__r0.75,2,L-F,local,True,0.75,17,False,0.727836,0.837421,0.82702,0.819219,-0.0991839,0.0182028,0.25,8,0.0441726,1.41352,applied
run__B__s2__L-F__r0.75,2,L-F,local,True,0.75,18,False,0.733716,0.853192,0.82702,0.819219,-0.0933042,0.0339733,0.25,8,0.0441726,1.41352,applied
run__B__s2__L-F__r0.75,2,L-F,local,True,0.75,19,False,0.733867,0.843205,0.82702,0.819219,-0.0931527,0.0239867,0.25,8,0.0441726,1.41352,applied
run__B__s2__L-F__r0.75,2,L-F,local,True,0.75,20,True,0.732211,0.847032,0.82702,0.819219,-0.0948095,0.0278134,0.25,8,0.0441726,1.41352,applied
run__B__s2__L-F__r1.5,2,L-F,local,True,1.5,0,False,0.83702,0.829219,0.82702,0.819219,0.01,0.01,2,2,1,1,applied
run__B__s2__L-F__r1.5,2,L-F,local,True,1.5,1,False,0.811954,0.861499,0.82702,0.819219,-0.0150663,0.0422805,1,3,0.447214,1.34164,applied
run__B__s2__L-F__r1.5,2,L-F,local,True,1.5,2,False,0.78281,0.85525,0.82702,0.819219,-0.04421,0.0360314,0.25,4,0.0882162,1.41146,applied
run__B__s2__L-F__r1.5,2,L-F,local,True,1.5,3,False,0.771269,0.855371,0.82702,0.819219,-0.0557507,0.0361525,0.25,5,0.0706225,1.41245,applied
run__B__s2__L-F__r1.5,2,L-F,local,True,1.5,4,False,0.758003,0.87769,0.82702,0.819219,-0.0690171,0.0584716,0.25,6,0.0588745,1.41299,applied
run__B__s2__L-F__r1.5,2,L-F,local,True,1.5,5,False,0.752149,0.850283,0.82702,0.819219,-0.0748707,0.0310645,0.25,7,0.0504754,1.41331,applied
run__B__s2__L-F__r1.5,2,L-F,local,True,1.5,6,False,0.731845,0.854649,0.82702,0.819219,-0.0951746,0.0354306,0.25,8,0.0441726,1.41352,applied
run__B__s2__L-F__r1.5,2,L-F,local,True,1.5,7,False,0.733591,0.84818,0.82702,0.819219,-0.0934296,0.0289619,0.25,8,0.0441726,1.41352,applied
run__B__s2__L-F__r1.5,2,L-F,local,True,1.5,8,False,0.727113,0.845703,0.82702,0.819219,-0.0999075,0.0264839,0.25,8,0.0441726,1.41352,applied
run__B__s2__L-F__r1.5,2,L-F,local,True,1.5,9,False,0.729564,0.854166,0.82702,0.819219,-0.0974557,0.0349476,0.25,8,0.0441726,1.41352,applied
run__B__s2__L-F__r1.5,2,L-F,local,True,1.5,10,False,0.731294,0.884652,0.82702,0.819219,-0.0957258,0.0654334,0.25,8,0.0441726,1.41352,applied
run__B__s2__L-F__r1.5,2,L-F,local,True,1.5,11,False,0.74197,0.871936,0.82702,0.819219,-0.08505,0.0527172,0.25,8,0.0441726,1.41352,applied
run__B__s2__L-F__r1.5,2,L-F,local,True,1.5,12,False,0.741214,0.875268,0.82702,0.819219,-0.0858056,0.0560492,0.25,8,0.0441726,1.41352,applied
run__B__s2__L-F__r1.5,2,L-F,local,True,1.5,13,False,0.732509,0.882267,0.82702,0.819219,-0.0945108,0.063048,0.25,8,0.0441726,1.41352,applied
run__B__s2__L-F__r1.5,2,L-F,local,True,1.5,14,False,0.719684,0.85819,0.82702,0.819219,-0.107336,0.0389712,0.25,8,0.0441726,1.41352,applied
run__B__s2__L-F__r1.5,2,L-F,local,True,1.5,15,False,0.722165,0.849537,0.82702,0.819219,-0.104855,0.0303182,0.25,8,0.0441726,1.41352,applied
run__B__s2__L-F__r1.5,2,L-F,local,True,1.5,16,False,0.734905,0.825909,0.82702,0.819219,-0.0921153,0.00669076,0.25,8,0.0441726,1.41352,applied
run__B__s2__L-F__r1.5,2,L-F,local,True,1.5,17,False,0.711353,0.813236,0.82702,0.819219,-0.115667,-0.00598247,0.25,7.40175,0.0477389,1.41341,applied
run__B__s2__L-F__r1.5,2,L-F,local,True,1.5,18,False,0.727327,0.861587,0.82702,0.819219,-0.099693,0.0423688,0.25,8,0.0441726,1.41352,applied
run__B__s2__L-F__r1.5,2,L-F,local,True,1.5,19,False,0.725703,0.842329,0.82702,0.819219,-0.101317,0.0231108,0.25,8,0.0441726,1.41352,applied
run__B__s2__L-F__r1.5,2,L-F,local,True,1.5,20,True,0.724408,0.854731,0.82702,0.819219,-0.102612,0.0355122,0.25,8,0.0441726,1.41352,applied
run__B__s2__L-N__r0.25,2,L-N,local,False,0.25,0,False,0.83702,0.829219,0.82702,0.819219,0.01,0.01,2,2,1,1,hypothetical (twin)
run__B__s2__L-N__r0.25,2,L-N,local,False,0.25,1,False,0.827309,0.813532,0.82702,0.819219,0.000289359,-0.00568629,2.02894,1.43137,1.15559,0.815242,hypothetical (twin)
run__B__s2__L-N__r0.25,2,L-N,local,False,0.25,2,False,0.823089,0.828252,0.82702,0.819219,-0.00393112,0.00903323,1.63582,2.33469,0.81151,1.15821,hypothetical (twin)
run__B__s2__L-N__r0.25,2,L-N,local,False,0.25,3,False,0.815629,0.820112,0.82702,0.819219,-0.011391,0.000893487,0.635824,2.42404,0.358809,1.36794,hypothetical (twin)
run__B__s2__L-N__r0.25,2,L-N,local,False,0.25,4,False,0.804164,0.830086,0.82702,0.819219,-0.022856,0.0108675,0.25,3.42404,0.102982,1.41046,hypothetical (twin)
run__B__s2__L-N__r0.25,2,L-N,local,False,0.25,5,False,0.776255,0.826093,0.82702,0.819219,-0.0507653,0.00687418,0.25,4.11146,0.0858336,1.41161,hypothetical (twin)
run__B__s2__L-N__r0.25,2,L-N,local,False,0.25,6,False,0.745031,0.825899,0.82702,0.819219,-0.081989,0.00668066,0.25,4.77953,0.0738715,1.41228,hypothetical (twin)
run__B__s2__L-N__r0.25,2,L-N,local,False,0.25,7,False,0.73158,0.820099,0.82702,0.819219,-0.0954405,0.000880866,0.25,4.86761,0.0725382,1.41235,hypothetical (twin)
run__B__s2__L-N__r0.25,2,L-N,local,False,0.25,8,False,0.709972,0.823727,0.82702,0.819219,-0.117048,0.00450816,0.25,5.31843,0.0664037,1.41265,hypothetical (twin)
run__B__s2__L-N__r0.25,2,L-N,local,False,0.25,9,False,0.70602,0.8231,0.82702,0.819219,-0.121,0.00388131,0.25,5.70656,0.0618962,1.41286,hypothetical (twin)
run__B__s2__L-N__r0.25,2,L-N,local,False,0.25,10,False,0.706386,0.82471,0.82702,0.819219,-0.120634,0.00549092,0.25,6.25565,0.0564724,1.41309,hypothetical (twin)
run__B__s2__L-N__r0.25,2,L-N,local,False,0.25,11,False,0.700654,0.82405,0.82702,0.819219,-0.126366,0.00483126,0.25,6.73878,0.0524294,1.41324,hypothetical (twin)
run__B__s2__L-N__r0.25,2,L-N,local,False,0.25,12,False,0.70069,0.827595,0.82702,0.819219,-0.12633,0.00837609,0.25,7.57639,0.0466398,1.41344,hypothetical (twin)
run__B__s2__L-N__r0.25,2,L-N,local,False,0.25,13,False,0.705817,0.826073,0.82702,0.819219,-0.121203,0.00685483,0.25,8,0.0441726,1.41352,hypothetical (twin)
run__B__s2__L-N__r0.25,2,L-N,local,False,0.25,14,False,0.712942,0.828954,0.82702,0.819219,-0.114078,0.00973496,0.25,8,0.0441726,1.41352,hypothetical (twin)
run__B__s2__L-N__r0.25,2,L-N,local,False,0.25,15,False,0.694453,0.824264,0.82702,0.819219,-0.132567,0.00504497,0.25,8,0.0441726,1.41352,hypothetical (twin)
run__B__s2__L-N__r0.25,2,L-N,local,False,0.25,16,False,0.712068,0.821,0.82702,0.819219,-0.114952,0.00178117,0.25,8,0.0441726,1.41352,hypothetical (twin)
run__B__s2__L-N__r0.25,2,L-N,local,False,0.25,17,False,0.702513,0.818374,0.82702,0.819219,-0.124507,-0.000844854,0.25,7.91551,0.0446436,1.41351,hypothetical (twin)
run__B__s2__L-N__r0.25,2,L-N,local,False,0.25,18,False,0.700689,0.822673,0.82702,0.819219,-0.126331,0.00345472,0.25,8,0.0441726,1.41352,hypothetical (twin)
run__B__s2__L-N__r0.25,2,L-N,local,False,0.25,19,False,0.688219,0.82533,0.82702,0.819219,-0.138801,0.00611187,0.25,8,0.0441726,1.41352,hypothetical (twin)
run__B__s2__L-N__r0.25,2,L-N,local,False,0.25,20,True,0.695253,0.821213,0.82702,0.819219,-0.131767,0.00199404,0.25,8,0.0441726,1.41352,hypothetical (twin)
run__B__s2__L-N__r0.75,2,L-N,local,False,0.75,0,False,0.83702,0.829219,0.82702,0.819219,0.01,0.01,2,2,1,1,hypothetical (twin)
run__B__s2__L-N__r0.75,2,L-N,local,False,0.75,1,False,0.816923,0.832392,0.82702,0.819219,-0.0100969,0.0131738,1,3,0.447214,1.34164,hypothetical (twin)
run__B__s2__L-N__r0.75,2,L-N,local,False,0.75,2,False,0.788803,0.845109,0.82702,0.819219,-0.0382175,0.0258908,0.25,4,0.0882162,1.41146,hypothetical (twin)
run__B__s2__L-N__r0.75,2,L-N,local,False,0.75,3,False,0.752856,0.832308,0.82702,0.819219,-0.0741639,0.0130896,0.25,5,0.0706225,1.41245,hypothetical (twin)
run__B__s2__L-N__r0.75,2,L-N,local,False,0.75,4,False,0.712964,0.856446,0.82702,0.819219,-0.114057,0.0372278,0.25,6,0.0588745,1.41299,hypothetical (twin)
run__B__s2__L-N__r0.75,2,L-N,local,False,0.75,5,False,0.71291,0.821879,0.82702,0.819219,-0.11411,0.00266043,0.25,6.26604,0.0563789,1.41309,hypothetical (twin)
run__B__s2__L-N__r0.75,2,L-N,local,False,0.75,6,False,0.694011,0.795415,0.82702,0.819219,-0.133009,-0.0238034,0.25,5.26604,0.0670628,1.41262,hypothetical (twin)
run__B__s2__L-N__r0.75,2,L-N,local,False,0.75,7,False,0.721008,0.803668,0.82702,0.819219,-0.106012,-0.0155509,0.25,4.26604,0.0827342,1.41179,hypothetical (twin)
run__B__s2__L-N__r0.75,2,L-N,local,False,0.75,8,False,0.710531,0.75075,0.82702,0.819219,-0.116489,-0.0684685,0.25,3.26604,0.107936,1.41009,hypothetical (twin)
run__B__s2__L-N__r0.75,2,L-N,local,False,0.75,9,False,0.725417,0.826912,0.82702,0.819219,-0.101603,0.00769371,0.25,4.03541,0.087445,1.41151,hypothetical (twin)
run__B__s2__L-N__r0.75,2,L-N,local,False,0.75,10,False,0.702683,0.828597,0.82702,0.819219,-0.124337,0.0093782,0.25,4.97323,0.0710016,1.41243,hypothetical (twin)
run__B__s2__L-N__r0.75,2,L-N,local,False,0.75,11,False,0.718101,0.788135,0.82702,0.819219,-0.108919,-0.0310841,0.25,3.97323,0.0888081,1.41142,hypothetical (twin)
run__B__s2__L-N__r0.75,2,L-N,local,False,0.75,12,False,0.713652,0.851311,0.82702,0.819219,-0.113368,0.0320927,0.25,4.97323,0.0710016,1.41243,hypothetical (twin)
run__B__s2__L-N__r0.75,2,L-N,local,False,0.75,13,False,0.721652,0.808904,0.82702,0.819219,-0.105368,-0.0103149,0.25,3.97323,0.0888081,1.41142,hypothetical (twin)
run__B__s2__L-N__r0.75,2,L-N,local,False,0.75,14,False,0.739725,0.806268,0.82702,0.819219,-0.0872949,-0.012951,0.25,2.97323,0.118494,1.40924,hypothetical (twin)
run__B__s2__L-N__r0.75,2,L-N,local,False,0.75,15,False,0.71859,0.840669,0.82702,0.819219,-0.10843,0.0214507,0.25,3.97323,0.0888081,1.41142,hypothetical (twin)
run__B__s2__L-N__r0.75,2,L-N,local,False,0.75,16,False,0.740049,0.826544,0.82702,0.819219,-0.0869709,0.00732518,0.25,4.70575,0.0750264,1.41222,hypothetical (twin)
run__B__s2__L-N__r0.75,2,L-N,local,False,0.75,17,False,0.709524,0.840622,0.82702,0.819219,-0.117496,0.0214035,0.25,5.70575,0.061905,1.41286,hypothetical (twin)
run__B__s2__L-N__r0.75,2,L-N,local,False,0.75,18,False,0.698922,0.835336,0.82702,0.819219,-0.128098,0.016117,0.25,6.70575,0.0526873,1.41323,hypothetical (twin)
run__B__s2__L-N__r0.75,2,L-N,local,False,0.75,19,False,0.720999,0.842042,0.82702,0.819219,-0.106021,0.022823,0.25,7.70575,0.0458576,1.41347,hypothetical (twin)
run__B__s2__L-N__r0.75,2,L-N,local,False,0.75,20,True,0.729933,0.829477,0.82702,0.819219,-0.0970871,0.0102583,0.25,7.70575,0.0458576,1.41347,hypothetical (twin)
run__B__s2__L-N__r1.5,2,L-N,local,False,1.5,0,False,0.83702,0.829219,0.82702,0.819219,0.01,0.01,2,2,1,1,hypothetical (twin)
run__B__s2__L-N__r1.5,2,L-N,local,False,1.5,1,False,0.811954,0.861499,0.82702,0.819219,-0.0150663,0.0422805,1,3,0.447214,1.34164,hypothetical (twin)
run__B__s2__L-N__r1.5,2,L-N,local,False,1.5,2,False,0.807287,0.854598,0.82702,0.819219,-0.0197335,0.0353793,0.25,4,0.0882162,1.41146,hypothetical (twin)
run__B__s2__L-N__r1.5,2,L-N,local,False,1.5,3,False,0.831166,0.817681,0.82702,0.819219,0.00414551,-0.00153733,0.664551,3.84627,0.240778,1.39357,hypothetical (twin)
run__B__s2__L-N__r1.5,2,L-N,local,False,1.5,4,False,0.815624,0.850133,0.82702,0.819219,-0.0113961,0.0309148,0.25,4.84627,0.0728569,1.41234,hypothetical (twin)
run__B__s2__L-N__r1.5,2,L-N,local,False,1.5,5,False,0.715922,0.849115,0.82702,0.819219,-0.111098,0.0298967,0.25,5.84627,0.0604198,1.41292,hypothetical (twin)
run__B__s2__L-N__r1.5,2,L-N,local,False,1.5,6,False,0.775299,0.872009,0.82702,0.819219,-0.0517212,0.0527904,0.25,6.84627,0.0516074,1.41327,hypothetical (twin)
run__B__s2__L-N__r1.5,2,L-N,local,False,1.5,7,False,0.782655,0.868132,0.82702,0.819219,-0.0443648,0.0489132,0.25,7.84627,0.0450372,1.4135,hypothetical (twin)
run__B__s2__L-N__r1.5,2,L-N,local,False,1.5,8,False,0.824357,0.868561,0.82702,0.819219,-0.00266313,0.0493424,0.25,8,0.0441726,1.41352,hypothetical (twin)
run__B__s2__L-N__r1.5,2,L-N,local,False,1.5,9,False,0.737236,0.833338,0.82702,0.819219,-0.0897838,0.0141195,0.25,8,0.0441726,1.41352,hypothetical (twin)
run__B__s2__L-N__r1.5,2,L-N,local,False,1.5,10,False,0.770218,0.848902,0.82702,0.819219,-0.0568024,0.029683,0.25,8,0.0441726,1.41352,hypothetical (twin)
run__B__s2__L-N__r1.5,2,L-N,local,False,1.5,11,False,0.811521,0.864871,0.82702,0.819219,-0.0154987,0.045652,0.25,8,0.0441726,1.41352,hypothetical (twin)
run__B__s2__L-N__r1.5,2,L-N,local,False,1.5,12,False,0.832774,0.859019,0.82702,0.819219,0.00575428,0.0398,0.825428,8,0.145146,1.40675,hypothetical (twin)
run__B__s2__L-N__r1.5,2,L-N,local,False,1.5,13,False,0.784127,0.842361,0.82702,0.819219,-0.0428932,0.0231427,0.25,8,0.0441726,1.41352,hypothetical (twin)
run__B__s2__L-N__r1.5,2,L-N,local,False,1.5,14,False,0.815208,0.847522,0.82702,0.819219,-0.0118126,0.0283031,0.25,8,0.0441726,1.41352,hypothetical (twin)
run__B__s2__L-N__r1.5,2,L-N,local,False,1.5,15,False,0.812688,0.83,0.82702,0.819219,-0.0143317,0.0107817,0.25,8,0.0441726,1.41352,hypothetical (twin)
run__B__s2__L-N__r1.5,2,L-N,local,False,1.5,16,False,0.810497,0.865614,0.82702,0.819219,-0.0165236,0.0463949,0.25,8,0.0441726,1.41352,hypothetical (twin)
run__B__s2__L-N__r1.5,2,L-N,local,False,1.5,17,False,0.776429,0.830508,0.82702,0.819219,-0.0505912,0.011289,0.25,8,0.0441726,1.41352,hypothetical (twin)
run__B__s2__L-N__r1.5,2,L-N,local,False,1.5,18,False,0.754239,0.840539,0.82702,0.819219,-0.0727815,0.0213202,0.25,8,0.0441726,1.41352,hypothetical (twin)
run__B__s2__L-N__r1.5,2,L-N,local,False,1.5,19,False,0.744627,0.852329,0.82702,0.819219,-0.0823929,0.0331108,0.25,8,0.0441726,1.41352,hypothetical (twin)
run__B__s2__L-N__r1.5,2,L-N,local,False,1.5,20,True,0.806774,0.841283,0.82702,0.819219,-0.0202459,0.0220649,0.25,8,0.0441726,1.41352,hypothetical (twin)
