seed,role,target,audit_budget,selector,split,reference_teacher,arm,comparison,E_rho0,E_rho0p1,reference_rho0,reference_rho0p1,E_reconstruction_delta,reference_reconstruction_delta,left_minus_right,signed_gain_interaction
0,transfer,same_residence,,primary,validation,R,C,E_reconstruction_interaction_vs_R,E_rho0_C,E_rho0p1_C,R_rho0_C,R_rho0p1_C,-0.0018768040826244725,0.0017432386686635493,-0.0036200427512880218,
0,transfer,same_residence,,primary,validation,S,C,E_reconstruction_interaction_vs_S,E_rho0_C,E_rho0p1_C,S_rho0_C,S_rho0p1_C,-0.0018768040826244725,0.0034794822354242694,-0.005356286318048742,
0,transfer,same_residence,,primary,development_evaluation,R,C,E_reconstruction_interaction_vs_R,E_rho0_C,E_rho0p1_C,R_rho0_C,R_rho0p1_C,-0.00031812811618392445,0.0009904702909517837,-0.0013085984071357082,
0,transfer,same_residence,,primary,development_evaluation,S,C,E_reconstruction_interaction_vs_S,E_rho0_C,E_rho0p1_C,S_rho0_C,S_rho0p1_C,-0.00031812811618392445,0.0031952864729057895,-0.003513414589089714,
0,transfer,same_residence,,primary,validation_person_weighted,R,C,E_reconstruction_interaction_vs_R,E_rho0_C,E_rho0p1_C,R_rho0_C,R_rho0p1_C,-0.0019138645869359316,0.0015643052621566733,-0.003478169849092605,
0,transfer,same_residence,,primary,validation_person_weighted,S,C,E_reconstruction_interaction_vs_S,E_rho0_C,E_rho0p1_C,S_rho0_C,S_rho0p1_C,-0.0019138645869359316,0.004550375707225107,-0.006464240294161039,
0,transfer,same_residence,,primary,development_evaluation_person_weighted,R,C,E_reconstruction_interaction_vs_R,E_rho0_C,E_rho0p1_C,R_rho0_C,R_rho0p1_C,0.0005057479952489952,0.0009896102373352922,-0.000483862242086297,
0,transfer,same_residence,,primary,development_evaluation_person_weighted,S,C,E_reconstruction_interaction_vs_S,E_rho0_C,E_rho0p1_C,S_rho0_C,S_rho0p1_C,0.0005057479952489952,0.002452695763753565,-0.00194694776850457,
0,transfer,commute_over20,,primary,validation,R,C,E_reconstruction_interaction_vs_R,E_rho0_C,E_rho0p1_C,R_rho0_C,R_rho0p1_C,-0.00015061549872508184,0.00010386201829315489,-0.00025447751701823673,
0,transfer,commute_over20,,primary,validation,S,C,E_reconstruction_interaction_vs_S,E_rho0_C,E_rho0p1_C,S_rho0_C,S_rho0p1_C,-0.00015061549872508184,0.0010889497645044655,-0.0012395652632295473,
0,transfer,commute_over20,,primary,development_evaluation,R,C,E_reconstruction_interaction_vs_R,E_rho0_C,E_rho0p1_C,R_rho0_C,R_rho0p1_C,-0.003550096689618587,0.00036664873448721824,-0.003916745424105805,
0,transfer,commute_over20,,primary,development_evaluation,S,C,E_reconstruction_interaction_vs_S,E_rho0_C,E_rho0p1_C,S_rho0_C,S_rho0p1_C,-0.003550096689618587,-0.0010929978107272476,-0.0024570988788913395,
0,transfer,commute_over20,,primary,validation_person_weighted,R,C,E_reconstruction_interaction_vs_R,E_rho0_C,E_rho0p1_C,R_rho0_C,R_rho0p1_C,-0.0027723080869299643,-0.0005493242210161675,-0.002222983865913797,
0,transfer,commute_over20,,primary,validation_person_weighted,S,C,E_reconstruction_interaction_vs_S,E_rho0_C,E_rho0p1_C,S_rho0_C,S_rho0p1_C,-0.0027723080869299643,-0.0011909472952015276,-0.0015813607917284367,
0,transfer,commute_over20,,primary,development_evaluation_person_weighted,R,C,E_reconstruction_interaction_vs_R,E_rho0_C,E_rho0p1_C,R_rho0_C,R_rho0p1_C,-0.003777607715702791,0.000814370424744193,-0.004591978140446984,
0,transfer,commute_over20,,primary,development_evaluation_person_weighted,S,C,E_reconstruction_interaction_vs_S,E_rho0_C,E_rho0p1_C,S_rho0_C,S_rho0p1_C,-0.003777607715702791,-0.0029118979499039854,-0.0008657097657988055,
0,transfer,income_binary,,primary,validation,R,C,E_reconstruction_interaction_vs_R,E_rho0_C,E_rho0p1_C,R_rho0_C,R_rho0p1_C,0.005600008671414414,0.0015571409616297882,0.0040428677097846255,
0,transfer,income_binary,,primary,validation,S,C,E_reconstruction_interaction_vs_S,E_rho0_C,E_rho0p1_C,S_rho0_C,S_rho0p1_C,0.005600008671414414,0.001384953287259405,0.004215055384155009,
0,transfer,income_binary,,primary,development_evaluation,R,C,E_reconstruction_interaction_vs_R,E_rho0_C,E_rho0p1_C,R_rho0_C,R_rho0p1_C,0.00020638939255540611,0.0006812087723530591,-0.000474819379797653,
0,transfer,income_binary,,primary,development_evaluation,S,C,E_reconstruction_interaction_vs_S,E_rho0_C,E_rho0p1_C,S_rho0_C,S_rho0p1_C,0.00020638939255540611,0.0037131348692456823,-0.003506745476690276,
0,transfer,income_binary,,primary,validation_person_weighted,R,C,E_reconstruction_interaction_vs_R,E_rho0_C,E_rho0p1_C,R_rho0_C,R_rho0p1_C,0.007850284092822013,0.0009706019426518053,0.006879682150170208,
0,transfer,income_binary,,primary,validation_person_weighted,S,C,E_reconstruction_interaction_vs_S,E_rho0_C,E_rho0p1_C,S_rho0_C,S_rho0p1_C,0.007850284092822013,0.002497941905352352,0.005352342187469661,
0,transfer,income_binary,,primary,development_evaluation_person_weighted,R,C,E_reconstruction_interaction_vs_R,E_rho0_C,E_rho0p1_C,R_rho0_C,R_rho0p1_C,-2.646829650243543e-05,0.0005539142786355478,-0.0005803825751379832,
0,transfer,income_binary,,primary,development_evaluation_person_weighted,S,C,E_reconstruction_interaction_vs_S,E_rho0_C,E_rho0p1_C,S_rho0_C,S_rho0p1_C,-2.646829650243543e-05,0.004462783200670339,-0.004489251497172775,
0,transfer,civilian_at_work,,primary,validation,R,C,E_reconstruction_interaction_vs_R,E_rho0_C,E_rho0p1_C,R_rho0_C,R_rho0p1_C,0.0024968862012482718,-0.00035635419853286,0.0028532403997811318,
0,transfer,civilian_at_work,,primary,validation,S,C,E_reconstruction_interaction_vs_S,E_rho0_C,E_rho0p1_C,S_rho0_C,S_rho0p1_C,0.0024968862012482718,0.0034427932956728746,-0.0009459070944246029,
0,transfer,civilian_at_work,,primary,development_evaluation,R,C,E_reconstruction_interaction_vs_R,E_rho0_C,E_rho0p1_C,R_rho0_C,R_rho0p1_C,0.0018068971694912839,-4.9099572126953817e-05,0.0018559967416182377,
0,transfer,civilian_at_work,,primary,development_evaluation,S,C,E_reconstruction_interaction_vs_S,E_rho0_C,E_rho0p1_C,S_rho0_C,S_rho0p1_C,0.0018068971694912839,-0.002046576626122787,0.0038534737956140708,
0,transfer,civilian_at_work,,primary,validation_person_weighted,R,C,E_reconstruction_interaction_vs_R,E_rho0_C,E_rho0p1_C,R_rho0_C,R_rho0p1_C,0.005185225865752596,-0.0008980651794372463,0.0060832910451898425,
0,transfer,civilian_at_work,,primary,validation_person_weighted,S,C,E_reconstruction_interaction_vs_S,E_rho0_C,E_rho0p1_C,S_rho0_C,S_rho0p1_C,0.005185225865752596,0.003480799807817292,0.0017044260579353043,
0,transfer,civilian_at_work,,primary,development_evaluation_person_weighted,R,C,E_reconstruction_interaction_vs_R,E_rho0_C,E_rho0p1_C,R_rho0_C,R_rho0p1_C,0.0020560726074617675,-0.0011031563371160513,0.0031592289445778188,
0,transfer,civilian_at_work,,primary,development_evaluation_person_weighted,S,C,E_reconstruction_interaction_vs_S,E_rho0_C,E_rho0p1_C,S_rho0_C,S_rho0p1_C,0.0020560726074617675,-0.002210015224557771,0.004266087832019538,
0,transfer,public_coverage,,primary,validation,R,C,E_reconstruction_interaction_vs_R,E_rho0_C,E_rho0p1_C,R_rho0_C,R_rho0p1_C,0.002056898945519414,0.000587035256672086,0.0014698636888473282,
0,transfer,public_coverage,,primary,validation,S,C,E_reconstruction_interaction_vs_S,E_rho0_C,E_rho0p1_C,S_rho0_C,S_rho0p1_C,0.002056898945519414,-0.0020020042971411467,0.004058903242660561,
0,transfer,public_coverage,,primary,development_evaluation,R,C,E_reconstruction_interaction_vs_R,E_rho0_C,E_rho0p1_C,R_rho0_C,R_rho0p1_C,-0.0006684850329194969,0.0006806952586776438,-0.0013491802915971407,
0,transfer,public_coverage,,primary,development_evaluation,S,C,E_reconstruction_interaction_vs_S,E_rho0_C,E_rho0p1_C,S_rho0_C,S_rho0p1_C,-0.0006684850329194969,-0.001342616636729077,0.0006741316038095801,
0,transfer,public_coverage,,primary,validation_person_weighted,R,C,E_reconstruction_interaction_vs_R,E_rho0_C,E_rho0p1_C,R_rho0_C,R_rho0p1_C,0.001931158423762791,0.0016768425272937204,0.0002543158964690706,
0,transfer,public_coverage,,primary,validation_person_weighted,S,C,E_reconstruction_interaction_vs_S,E_rho0_C,E_rho0p1_C,S_rho0_C,S_rho0p1_C,0.001931158423762791,-0.004479539699885571,0.006410698123648362,
0,transfer,public_coverage,,primary,development_evaluation_person_weighted,R,C,E_reconstruction_interaction_vs_R,E_rho0_C,E_rho0p1_C,R_rho0_C,R_rho0p1_C,-0.0013552940438628092,0.00020432947377568844,-0.0015596235176384976,
0,transfer,public_coverage,,primary,development_evaluation_person_weighted,S,C,E_reconstruction_interaction_vs_S,E_rho0_C,E_rho0p1_C,S_rho0_C,S_rho0p1_C,-0.0013552940438628092,-0.0028133318579203204,0.0014580378140575112,
0,audit,SEX,120,primary,validation,R,C,E_reconstruction_interaction_vs_R,E_rho0_C,E_rho0p1_C,R_rho0_C,R_rho0p1_C,0.001704645999888954,0.001786583676199216,-8.193767631026194e-05,8.193767631026194e-05
0,audit,SEX,120,primary,validation,S,C,E_reconstruction_interaction_vs_S,E_rho0_C,E_rho0p1_C,S_rho0_C,S_rho0p1_C,0.001704645999888954,0.0018733129744257226,-0.0001686669745367686,0.0001686669745367686
0,audit,SEX,120,primary,development_evaluation,R,C,E_reconstruction_interaction_vs_R,E_rho0_C,E_rho0p1_C,R_rho0_C,R_rho0p1_C,0.009531920154223328,0.0013741882206077527,0.008157731933615575,-0.008157731933615575
0,audit,SEX,120,primary,development_evaluation,S,C,E_reconstruction_interaction_vs_S,E_rho0_C,E_rho0p1_C,S_rho0_C,S_rho0p1_C,0.009531920154223328,-0.00014166465508758108,0.009673584809310909,-0.009673584809310909
0,audit,SEX,120,primary,validation_person_weighted,R,C,E_reconstruction_interaction_vs_R,E_rho0_C,E_rho0p1_C,R_rho0_C,R_rho0p1_C,0.0006588197844709098,-0.00028278278197912954,0.0009416025664500394,-0.0009416025664500394
0,audit,SEX,120,primary,validation_person_weighted,S,C,E_reconstruction_interaction_vs_S,E_rho0_C,E_rho0p1_C,S_rho0_C,S_rho0p1_C,0.0006588197844709098,0.002559541182587055,-0.0019007213981161453,0.0019007213981161453
0,audit,SEX,120,primary,development_evaluation_person_weighted,R,C,E_reconstruction_interaction_vs_R,E_rho0_C,E_rho0p1_C,R_rho0_C,R_rho0p1_C,0.008286710094541738,-0.00024368512738792703,0.008530395221929665,-0.008530395221929665
0,audit,SEX,120,primary,development_evaluation_person_weighted,S,C,E_reconstruction_interaction_vs_S,E_rho0_C,E_rho0p1_C,S_rho0_C,S_rho0p1_C,0.008286710094541738,-0.0009593930734275169,0.009246103167969255,-0.009246103167969255
0,audit,RAC1P,120,primary,validation,R,C,E_reconstruction_interaction_vs_R,E_rho0_C,E_rho0p1_C,R_rho0_C,R_rho0p1_C,0.002329122685172269,0.001131031548421646,0.001198091136750623,-0.001198091136750623
0,audit,RAC1P,120,primary,validation,S,C,E_reconstruction_interaction_vs_S,E_rho0_C,E_rho0p1_C,S_rho0_C,S_rho0p1_C,0.002329122685172269,0.003190038970817044,-0.000860916285644775,0.000860916285644775
0,audit,RAC1P,120,primary,development_evaluation,R,C,E_reconstruction_interaction_vs_R,E_rho0_C,E_rho0p1_C,R_rho0_C,R_rho0p1_C,0.0018884287004214961,0.0007216105615672763,0.0011668181388542198,-0.0011668181388542198
0,audit,RAC1P,120,primary,development_evaluation,S,C,E_reconstruction_interaction_vs_S,E_rho0_C,E_rho0p1_C,S_rho0_C,S_rho0p1_C,0.0018884287004214961,0.0040961549523890195,-0.0022077262519675234,0.0022077262519675234
0,audit,RAC1P,120,primary,validation_person_weighted,R,C,E_reconstruction_interaction_vs_R,E_rho0_C,E_rho0p1_C,R_rho0_C,R_rho0p1_C,-0.0009830369857544152,0.00035955562865463975,-0.001342592614409055,0.001342592614409055
0,audit,RAC1P,120,primary,validation_person_weighted,S,C,E_reconstruction_interaction_vs_S,E_rho0_C,E_rho0p1_C,S_rho0_C,S_rho0p1_C,-0.0009830369857544152,6.294664468220468e-05,-0.00104598363043662,0.00104598363043662
0,audit,RAC1P,120,primary,development_evaluation_person_weighted,R,C,E_reconstruction_interaction_vs_R,E_rho0_C,E_rho0p1_C,R_rho0_C,R_rho0p1_C,-0.001234288349458712,0.0005626225664956408,-0.0017969109159543528,0.0017969109159543528
0,audit,RAC1P,120,primary,development_evaluation_person_weighted,S,C,E_reconstruction_interaction_vs_S,E_rho0_C,E_rho0p1_C,S_rho0_C,S_rho0p1_C,-0.001234288349458712,0.004872304214525558,-0.00610659256398427,0.00610659256398427
0,audit,SEX,120,pooled,validation,R,C,E_reconstruction_interaction_vs_R,E_rho0_C,E_rho0p1_C,R_rho0_C,R_rho0p1_C,0.008158492519740101,0.001786583676199216,0.0063719088435408855,-0.0063719088435408855
0,audit,SEX,120,pooled,validation,S,C,E_reconstruction_interaction_vs_S,E_rho0_C,E_rho0p1_C,S_rho0_C,S_rho0p1_C,0.008158492519740101,0.004992174532762461,0.0031663179869776403,-0.0031663179869776403
0,audit,SEX,120,pooled,development_evaluation,R,C,E_reconstruction_interaction_vs_R,E_rho0_C,E_rho0p1_C,R_rho0_C,R_rho0p1_C,0.006898801698570378,0.0013741882206077527,0.0055246134779626255,-0.0055246134779626255
0,audit,SEX,120,pooled,development_evaluation,S,C,E_reconstruction_interaction_vs_S,E_rho0_C,E_rho0p1_C,S_rho0_C,S_rho0p1_C,0.006898801698570378,0.0020716921953968237,0.0048271095031735545,-0.0048271095031735545
0,audit,SEX,120,pooled,validation_person_weighted,R,C,E_reconstruction_interaction_vs_R,E_rho0_C,E_rho0p1_C,R_rho0_C,R_rho0p1_C,0.007893449396974117,-0.00028278278197912954,0.008176232178953247,-0.008176232178953247
0,audit,SEX,120,pooled,validation_person_weighted,S,C,E_reconstruction_interaction_vs_S,E_rho0_C,E_rho0p1_C,S_rho0_C,S_rho0p1_C,0.007893449396974117,0.0042347684623536,0.0036586809346205174,-0.0036586809346205174
0,audit,SEX,120,pooled,development_evaluation_person_weighted,R,C,E_reconstruction_interaction_vs_R,E_rho0_C,E_rho0p1_C,R_rho0_C,R_rho0p1_C,0.00871680680714082,-0.00024368512738792703,0.008960491934528747,-0.008960491934528747
0,audit,SEX,120,pooled,development_evaluation_person_weighted,S,C,E_reconstruction_interaction_vs_S,E_rho0_C,E_rho0p1_C,S_rho0_C,S_rho0p1_C,0.00871680680714082,0.00038679687758969017,0.00833000992955113,-0.00833000992955113
0,audit,RAC1P,120,pooled,validation,R,C,E_reconstruction_interaction_vs_R,E_rho0_C,E_rho0p1_C,R_rho0_C,R_rho0p1_C,0.010799833277716608,0.001131031548421646,0.009668801729294962,-0.009668801729294962
0,audit,RAC1P,120,pooled,validation,S,C,E_reconstruction_interaction_vs_S,E_rho0_C,E_rho0p1_C,S_rho0_C,S_rho0p1_C,0.010799833277716608,0.004067923468148438,0.006731909809568171,-0.006731909809568171
0,audit,RAC1P,120,pooled,development_evaluation,R,C,E_reconstruction_interaction_vs_R,E_rho0_C,E_rho0p1_C,R_rho0_C,R_rho0p1_C,0.012448069436654885,0.0007216105615672763,0.011726458875087609,-0.011726458875087609
0,audit,RAC1P,120,pooled,development_evaluation,S,C,E_reconstruction_interaction_vs_S,E_rho0_C,E_rho0p1_C,S_rho0_C,S_rho0p1_C,0.012448069436654885,0.005466955764243275,0.00698111367241161,-0.00698111367241161
0,audit,RAC1P,120,pooled,validation_person_weighted,R,C,E_reconstruction_interaction_vs_R,E_rho0_C,E_rho0p1_C,R_rho0_C,R_rho0p1_C,0.002861480283135709,0.00035955562865463975,0.002501924654481069,-0.002501924654481069
0,audit,RAC1P,120,pooled,validation_person_weighted,S,C,E_reconstruction_interaction_vs_S,E_rho0_C,E_rho0p1_C,S_rho0_C,S_rho0p1_C,0.002861480283135709,0.0064849900081227485,-0.0036235097249870396,0.0036235097249870396
0,audit,RAC1P,120,pooled,development_evaluation_person_weighted,R,C,E_reconstruction_interaction_vs_R,E_rho0_C,E_rho0p1_C,R_rho0_C,R_rho0p1_C,0.011227313651199111,0.0005626225664956408,0.01066469108470347,-0.01066469108470347
0,audit,RAC1P,120,pooled,development_evaluation_person_weighted,S,C,E_reconstruction_interaction_vs_S,E_rho0_C,E_rho0p1_C,S_rho0_C,S_rho0p1_C,0.011227313651199111,0.004164820036709038,0.007062493614490073,-0.007062493614490073
0,audit,SEX,360,primary,validation,R,C,E_reconstruction_interaction_vs_R,E_rho0_C,E_rho0p1_C,R_rho0_C,R_rho0p1_C,0.001704645999888954,0.001786583676199216,-8.193767631026194e-05,8.193767631026194e-05
0,audit,SEX,360,primary,validation,S,C,E_reconstruction_interaction_vs_S,E_rho0_C,E_rho0p1_C,S_rho0_C,S_rho0p1_C,0.001704645999888954,0.0018733129744257226,-0.0001686669745367686,0.0001686669745367686
0,audit,SEX,360,primary,development_evaluation,R,C,E_reconstruction_interaction_vs_R,E_rho0_C,E_rho0p1_C,R_rho0_C,R_rho0p1_C,0.009531920154223328,0.0013741882206077527,0.008157731933615575,-0.008157731933615575
0,audit,SEX,360,primary,development_evaluation,S,C,E_reconstruction_interaction_vs_S,E_rho0_C,E_rho0p1_C,S_rho0_C,S_rho0p1_C,0.009531920154223328,-0.00014166465508758108,0.009673584809310909,-0.009673584809310909
0,audit,SEX,360,primary,validation_person_weighted,R,C,E_reconstruction_interaction_vs_R,E_rho0_C,E_rho0p1_C,R_rho0_C,R_rho0p1_C,0.0006588197844709098,-0.00028278278197912954,0.0009416025664500394,-0.0009416025664500394
0,audit,SEX,360,primary,validation_person_weighted,S,C,E_reconstruction_interaction_vs_S,E_rho0_C,E_rho0p1_C,S_rho0_C,S_rho0p1_C,0.0006588197844709098,0.002559541182587055,-0.0019007213981161453,0.0019007213981161453
0,audit,SEX,360,primary,development_evaluation_person_weighted,R,C,E_reconstruction_interaction_vs_R,E_rho0_C,E_rho0p1_C,R_rho0_C,R_rho0p1_C,0.008286710094541738,-0.00024368512738792703,0.008530395221929665,-0.008530395221929665
0,audit,SEX,360,primary,development_evaluation_person_weighted,S,C,E_reconstruction_interaction_vs_S,E_rho0_C,E_rho0p1_C,S_rho0_C,S_rho0p1_C,0.008286710094541738,-0.0009593930734275169,0.009246103167969255,-0.009246103167969255
0,audit,RAC1P,360,primary,validation,R,C,E_reconstruction_interaction_vs_R,E_rho0_C,E_rho0p1_C,R_rho0_C,R_rho0p1_C,0.002329122685172269,0.001131031548421646,0.001198091136750623,-0.001198091136750623
0,audit,RAC1P,360,primary,validation,S,C,E_reconstruction_interaction_vs_S,E_rho0_C,E_rho0p1_C,S_rho0_C,S_rho0p1_C,0.002329122685172269,0.003190038970817044,-0.000860916285644775,0.000860916285644775
0,audit,RAC1P,360,primary,development_evaluation,R,C,E_reconstruction_interaction_vs_R,E_rho0_C,E_rho0p1_C,R_rho0_C,R_rho0p1_C,0.0018884287004214961,0.0007216105615672763,0.0011668181388542198,-0.0011668181388542198
0,audit,RAC1P,360,primary,development_evaluation,S,C,E_reconstruction_interaction_vs_S,E_rho0_C,E_rho0p1_C,S_rho0_C,S_rho0p1_C,0.0018884287004214961,0.0040961549523890195,-0.0022077262519675234,0.0022077262519675234
0,audit,RAC1P,360,primary,validation_person_weighted,R,C,E_reconstruction_interaction_vs_R,E_rho0_C,E_rho0p1_C,R_rho0_C,R_rho0p1_C,-0.0009830369857544152,0.00035955562865463975,-0.001342592614409055,0.001342592614409055
0,audit,RAC1P,360,primary,validation_person_weighted,S,C,E_reconstruction_interaction_vs_S,E_rho0_C,E_rho0p1_C,S_rho0_C,S_rho0p1_C,-0.0009830369857544152,6.294664468220468e-05,-0.00104598363043662,0.00104598363043662
0,audit,RAC1P,360,primary,development_evaluation_person_weighted,R,C,E_reconstruction_interaction_vs_R,E_rho0_C,E_rho0p1_C,R_rho0_C,R_rho0p1_C,-0.001234288349458712,0.0005626225664956408,-0.0017969109159543528,0.0017969109159543528
0,audit,RAC1P,360,primary,development_evaluation_person_weighted,S,C,E_reconstruction_interaction_vs_S,E_rho0_C,E_rho0p1_C,S_rho0_C,S_rho0p1_C,-0.001234288349458712,0.004872304214525558,-0.00610659256398427,0.00610659256398427
0,audit,SEX,360,pooled,validation,R,C,E_reconstruction_interaction_vs_R,E_rho0_C,E_rho0p1_C,R_rho0_C,R_rho0p1_C,0.008158492519740101,0.001786583676199216,0.0063719088435408855,-0.0063719088435408855
0,audit,SEX,360,pooled,validation,S,C,E_reconstruction_interaction_vs_S,E_rho0_C,E_rho0p1_C,S_rho0_C,S_rho0p1_C,0.008158492519740101,0.004992174532762461,0.0031663179869776403,-0.0031663179869776403
0,audit,SEX,360,pooled,development_evaluation,R,C,E_reconstruction_interaction_vs_R,E_rho0_C,E_rho0p1_C,R_rho0_C,R_rho0p1_C,0.006898801698570378,0.0013741882206077527,0.0055246134779626255,-0.0055246134779626255
0,audit,SEX,360,pooled,development_evaluation,S,C,E_reconstruction_interaction_vs_S,E_rho0_C,E_rho0p1_C,S_rho0_C,S_rho0p1_C,0.006898801698570378,0.0020716921953968237,0.0048271095031735545,-0.0048271095031735545
0,audit,SEX,360,pooled,validation_person_weighted,R,C,E_reconstruction_interaction_vs_R,E_rho0_C,E_rho0p1_C,R_rho0_C,R_rho0p1_C,0.007893449396974117,-0.00028278278197912954,0.008176232178953247,-0.008176232178953247
0,audit,SEX,360,pooled,validation_person_weighted,S,C,E_reconstruction_interaction_vs_S,E_rho0_C,E_rho0p1_C,S_rho0_C,S_rho0p1_C,0.007893449396974117,0.0042347684623536,0.0036586809346205174,-0.0036586809346205174
0,audit,SEX,360,pooled,development_evaluation_person_weighted,R,C,E_reconstruction_interaction_vs_R,E_rho0_C,E_rho0p1_C,R_rho0_C,R_rho0p1_C,0.00871680680714082,-0.00024368512738792703,0.008960491934528747,-0.008960491934528747
0,audit,SEX,360,pooled,development_evaluation_person_weighted,S,C,E_reconstruction_interaction_vs_S,E_rho0_C,E_rho0p1_C,S_rho0_C,S_rho0p1_C,0.00871680680714082,0.00038679687758969017,0.00833000992955113,-0.00833000992955113
0,audit,RAC1P,360,pooled,validation,R,C,E_reconstruction_interaction_vs_R,E_rho0_C,E_rho0p1_C,R_rho0_C,R_rho0p1_C,0.010799833277716608,0.001131031548421646,0.009668801729294962,-0.009668801729294962
0,audit,RAC1P,360,pooled,validation,S,C,E_reconstruction_interaction_vs_S,E_rho0_C,E_rho0p1_C,S_rho0_C,S_rho0p1_C,0.010799833277716608,0.004067923468148438,0.006731909809568171,-0.006731909809568171
0,audit,RAC1P,360,pooled,development_evaluation,R,C,E_reconstruction_interaction_vs_R,E_rho0_C,E_rho0p1_C,R_rho0_C,R_rho0p1_C,0.012448069436654885,0.0007216105615672763,0.011726458875087609,-0.011726458875087609
0,audit,RAC1P,360,pooled,development_evaluation,S,C,E_reconstruction_interaction_vs_S,E_rho0_C,E_rho0p1_C,S_rho0_C,S_rho0p1_C,0.012448069436654885,0.005466955764243275,0.00698111367241161,-0.00698111367241161
0,audit,RAC1P,360,pooled,validation_person_weighted,R,C,E_reconstruction_interaction_vs_R,E_rho0_C,E_rho0p1_C,R_rho0_C,R_rho0p1_C,0.002861480283135709,0.00035955562865463975,0.002501924654481069,-0.002501924654481069
0,audit,RAC1P,360,pooled,validation_person_weighted,S,C,E_reconstruction_interaction_vs_S,E_rho0_C,E_rho0p1_C,S_rho0_C,S_rho0p1_C,0.002861480283135709,0.0064849900081227485,-0.0036235097249870396,0.0036235097249870396
0,audit,RAC1P,360,pooled,development_evaluation_person_weighted,R,C,E_reconstruction_interaction_vs_R,E_rho0_C,E_rho0p1_C,R_rho0_C,R_rho0p1_C,0.011227313651199111,0.0005626225664956408,0.01066469108470347,-0.01066469108470347
0,audit,RAC1P,360,pooled,development_evaluation_person_weighted,S,C,E_reconstruction_interaction_vs_S,E_rho0_C,E_rho0p1_C,S_rho0_C,S_rho0p1_C,0.011227313651199111,0.004164820036709038,0.007062493614490073,-0.007062493614490073
0,transfer,same_residence,,primary,validation,R,D,E_reconstruction_interaction_vs_R,E_rho0_D,E_rho0p1_D,R_rho0_D,R_rho0p1_D,-0.0008750553576685194,0.0012440916519301792,-0.0021191470095986986,
0,transfer,same_residence,,primary,validation,S,D,E_reconstruction_interaction_vs_S,E_rho0_D,E_rho0p1_D,S_rho0_D,S_rho0p1_D,-0.0008750553576685194,0.0030871935625407243,-0.003962248920209244,
0,transfer,same_residence,,primary,development_evaluation,R,D,E_reconstruction_interaction_vs_R,E_rho0_D,E_rho0p1_D,R_rho0_D,R_rho0p1_D,-0.002241633024567591,0.0004993018429942375,-0.0027409348675618284,
0,transfer,same_residence,,primary,development_evaluation,S,D,E_reconstruction_interaction_vs_S,E_rho0_D,E_rho0p1_D,S_rho0_D,S_rho0p1_D,-0.002241633024567591,0.0027175701866992696,-0.0049592032112668605,
0,transfer,same_residence,,primary,validation_person_weighted,R,D,E_reconstruction_interaction_vs_R,E_rho0_D,E_rho0p1_D,R_rho0_D,R_rho0p1_D,-0.0006252726103802009,0.0010652099229879197,-0.0016904825333681206,
0,transfer,same_residence,,primary,validation_person_weighted,S,D,E_reconstruction_interaction_vs_S,E_rho0_D,E_rho0p1_D,S_rho0_D,S_rho0p1_D,-0.0006252726103802009,0.004309160569426873,-0.004934433179807074,
0,transfer,same_residence,,primary,development_evaluation_person_weighted,R,D,E_reconstruction_interaction_vs_R,E_rho0_D,E_rho0p1_D,R_rho0_D,R_rho0p1_D,-0.0009632986875093286,0.00037834935945796344,-0.001341648046967292,
0,transfer,same_residence,,primary,development_evaluation_person_weighted,S,D,E_reconstruction_interaction_vs_S,E_rho0_D,E_rho0p1_D,S_rho0_D,S_rho0p1_D,-0.0009632986875093286,0.002209901116806856,-0.0031731998043161846,
0,transfer,commute_over20,,primary,validation,R,D,E_reconstruction_interaction_vs_R,E_rho0_D,E_rho0p1_D,R_rho0_D,R_rho0p1_D,-0.001273389207199438,3.884626472083763e-05,-0.0013122354719202756,
0,transfer,commute_over20,,primary,validation,S,D,E_reconstruction_interaction_vs_S,E_rho0_D,E_rho0p1_D,S_rho0_D,S_rho0p1_D,-0.001273389207199438,0.0018647293250940722,-0.00313811853229351,
0,transfer,commute_over20,,primary,development_evaluation,R,D,E_reconstruction_interaction_vs_R,E_rho0_D,E_rho0p1_D,R_rho0_D,R_rho0p1_D,-0.003615292071320164,0.00016623980920549286,-0.003781531880525657,
0,transfer,commute_over20,,primary,development_evaluation,S,D,E_reconstruction_interaction_vs_S,E_rho0_D,E_rho0p1_D,S_rho0_D,S_rho0p1_D,-0.003615292071320164,-0.0011558949133192442,-0.00245939715800092,
0,transfer,commute_over20,,primary,validation_person_weighted,R,D,E_reconstruction_interaction_vs_R,E_rho0_D,E_rho0p1_D,R_rho0_D,R_rho0p1_D,-0.003791677555657791,-0.0001821272156093956,-0.0036095503400483953,
0,transfer,commute_over20,,primary,validation_person_weighted,S,D,E_reconstruction_interaction_vs_S,E_rho0_D,E_rho0p1_D,S_rho0_D,S_rho0p1_D,-0.003791677555657791,-0.0006324897483235281,-0.0031591878073342627,
0,transfer,commute_over20,,primary,development_evaluation_person_weighted,R,D,E_reconstruction_interaction_vs_R,E_rho0_D,E_rho0p1_D,R_rho0_D,R_rho0p1_D,-0.004042668939439276,0.0003884021636810786,-0.004431071103120354,
0,transfer,commute_over20,,primary,development_evaluation_person_weighted,S,D,E_reconstruction_interaction_vs_S,E_rho0_D,E_rho0p1_D,S_rho0_D,S_rho0p1_D,-0.004042668939439276,-0.0029437561347961383,-0.0010989128046431373,
0,transfer,income_binary,,primary,validation,R,D,E_reconstruction_interaction_vs_R,E_rho0_D,E_rho0p1_D,R_rho0_D,R_rho0p1_D,0.006111649367084637,0.001409203066446374,0.004702446300638263,
0,transfer,income_binary,,primary,validation,S,D,E_reconstruction_interaction_vs_S,E_rho0_D,E_rho0p1_D,S_rho0_D,S_rho0p1_D,0.006111649367084637,0.0009772658158076486,0.005134383551276989,
0,transfer,income_binary,,primary,development_evaluation,R,D,E_reconstruction_interaction_vs_R,E_rho0_D,E_rho0p1_D,R_rho0_D,R_rho0p1_D,0.0015078161996909811,0.0010548780938529623,0.00045293810583801886,
0,transfer,income_binary,,primary,development_evaluation,S,D,E_reconstruction_interaction_vs_S,E_rho0_D,E_rho0p1_D,S_rho0_D,S_rho0p1_D,0.0015078161996909811,0.003646053459020193,-0.002138237259329212,
0,transfer,income_binary,,primary,validation_person_weighted,R,D,E_reconstruction_interaction_vs_R,E_rho0_D,E_rho0p1_D,R_rho0_D,R_rho0p1_D,0.007258415291454934,0.0003540986475161767,0.006904316643938757,
0,transfer,income_binary,,primary,validation_person_weighted,S,D,E_reconstruction_interaction_vs_S,E_rho0_D,E_rho0p1_D,S_rho0_D,S_rho0p1_D,0.007258415291454934,0.0018243070695095343,0.0054341082219453996,
0,transfer,income_binary,,primary,development_evaluation_person_weighted,R,D,E_reconstruction_interaction_vs_R,E_rho0_D,E_rho0p1_D,R_rho0_D,R_rho0p1_D,0.0015120227400636788,0.000845338630383996,0.0006666841096796827,
0,transfer,income_binary,,primary,development_evaluation_person_weighted,S,D,E_reconstruction_interaction_vs_S,E_rho0_D,E_rho0p1_D,S_rho0_D,S_rho0p1_D,0.0015120227400636788,0.005219828114725211,-0.0037078053746615325,
0,transfer,civilian_at_work,,primary,validation,R,D,E_reconstruction_interaction_vs_R,E_rho0_D,E_rho0p1_D,R_rho0_D,R_rho0p1_D,0.004322557313304443,0.0011762768587270656,0.003146280454577377,
0,transfer,civilian_at_work,,primary,validation,S,D,E_reconstruction_interaction_vs_S,E_rho0_D,E_rho0p1_D,S_rho0_D,S_rho0p1_D,0.004322557313304443,0.003246317493138251,0.0010762398201661916,
0,transfer,civilian_at_work,,primary,development_evaluation,R,D,E_reconstruction_interaction_vs_R,E_rho0_D,E_rho0p1_D,R_rho0_D,R_rho0p1_D,0.0012615325423571688,0.0009824345790777067,0.0002790979632794621,
0,transfer,civilian_at_work,,primary,development_evaluation,S,D,E_reconstruction_interaction_vs_S,E_rho0_D,E_rho0p1_D,S_rho0_D,S_rho0p1_D,0.0012615325423571688,-0.003210883805769116,0.004472416348126285,
0,transfer,civilian_at_work,,primary,validation_person_weighted,R,D,E_reconstruction_interaction_vs_R,E_rho0_D,E_rho0p1_D,R_rho0_D,R_rho0p1_D,0.006351216351944355,0.0006064082380685121,0.005744808113875843,
0,transfer,civilian_at_work,,primary,validation_person_weighted,S,D,E_reconstruction_interaction_vs_S,E_rho0_D,E_rho0p1_D,S_rho0_D,S_rho0p1_D,0.006351216351944355,0.0033835035639848687,0.0029677127879594867,
0,transfer,civilian_at_work,,primary,development_evaluation_person_weighted,R,D,E_reconstruction_interaction_vs_R,E_rho0_D,E_rho0p1_D,R_rho0_D,R_rho0p1_D,0.0021202260547917295,-0.0005513719098960701,0.0026715979646877996,
0,transfer,civilian_at_work,,primary,development_evaluation_person_weighted,S,D,E_reconstruction_interaction_vs_S,E_rho0_D,E_rho0p1_D,S_rho0_D,S_rho0p1_D,0.0021202260547917295,-0.0032064482093075997,0.005326674264099329,
0,transfer,public_coverage,,primary,validation,R,D,E_reconstruction_interaction_vs_R,E_rho0_D,E_rho0p1_D,R_rho0_D,R_rho0p1_D,0.001089764662470627,0.00033955734666307746,0.0007502073158075495,
0,transfer,public_coverage,,primary,validation,S,D,E_reconstruction_interaction_vs_S,E_rho0_D,E_rho0p1_D,S_rho0_D,S_rho0p1_D,0.001089764662470627,-0.0005503089227303914,0.0016400735852010184,
0,transfer,public_coverage,,primary,development_evaluation,R,D,E_reconstruction_interaction_vs_R,E_rho0_D,E_rho0p1_D,R_rho0_D,R_rho0p1_D,-0.000567140862759663,0.00041164247659353226,-0.0009787833393531953,
0,transfer,public_coverage,,primary,development_evaluation,S,D,E_reconstruction_interaction_vs_S,E_rho0_D,E_rho0p1_D,S_rho0_D,S_rho0p1_D,-0.000567140862759663,0.0001616139735003408,-0.0007287548362600038,
0,transfer,public_coverage,,primary,validation_person_weighted,R,D,E_reconstruction_interaction_vs_R,E_rho0_D,E_rho0p1_D,R_rho0_D,R_rho0p1_D,0.0005414587906151791,0.0011309403611791113,-0.0005894815705639322,
0,transfer,public_coverage,,primary,validation_person_weighted,S,D,E_reconstruction_interaction_vs_S,E_rho0_D,E_rho0p1_D,S_rho0_D,S_rho0p1_D,0.0005414587906151791,-0.002644092363818351,0.00318555115443353,
0,transfer,public_coverage,,primary,development_evaluation_person_weighted,R,D,E_reconstruction_interaction_vs_R,E_rho0_D,E_rho0p1_D,R_rho0_D,R_rho0p1_D,-0.0019294192987047154,0.00011140621919303317,-0.0020408255178977486,
0,transfer,public_coverage,,primary,development_evaluation_person_weighted,S,D,E_reconstruction_interaction_vs_S,E_rho0_D,E_rho0p1_D,S_rho0_D,S_rho0p1_D,-0.0019294192987047154,-0.0010329009244005594,-0.000896518374304156,
0,audit,SEX,120,primary,validation,R,D,E_reconstruction_interaction_vs_R,E_rho0_D,E_rho0p1_D,R_rho0_D,R_rho0p1_D,-0.0018056425078296634,0.0019374434325287737,-0.003743085940358437,0.003743085940358437
0,audit,SEX,120,primary,validation,S,D,E_reconstruction_interaction_vs_S,E_rho0_D,E_rho0p1_D,S_rho0_D,S_rho0p1_D,-0.0018056425078296634,0.001639050806747644,-0.0034446933145773073,0.0034446933145773073
0,audit,SEX,120,primary,development_evaluation,R,D,E_reconstruction_interaction_vs_R,E_rho0_D,E_rho0p1_D,R_rho0_D,R_rho0p1_D,0.0020708896073676764,0.0015432958068444247,0.0005275938005232517,-0.0005275938005232517
0,audit,SEX,120,primary,development_evaluation,S,D,E_reconstruction_interaction_vs_S,E_rho0_D,E_rho0p1_D,S_rho0_D,S_rho0p1_D,0.0020708896073676764,-0.0008605851520389063,0.0029314747594065826,-0.0029314747594065826
0,audit,SEX,120,primary,validation_person_weighted,R,D,E_reconstruction_interaction_vs_R,E_rho0_D,E_rho0p1_D,R_rho0_D,R_rho0p1_D,0.0005006033354463257,-9.519519991396663e-06,0.0005101228554377224,-0.0005101228554377224
0,audit,SEX,120,primary,validation_person_weighted,S,D,E_reconstruction_interaction_vs_S,E_rho0_D,E_rho0p1_D,S_rho0_D,S_rho0p1_D,0.0005006033354463257,0.00215517843458668,-0.001654575099140354,0.001654575099140354
0,audit,SEX,120,primary,development_evaluation_person_weighted,R,D,E_reconstruction_interaction_vs_R,E_rho0_D,E_rho0p1_D,R_rho0_D,R_rho0p1_D,-0.00010921726575285895,0.0003508473000090051,-0.00046006456576186405,0.00046006456576186405
0,audit,SEX,120,primary,development_evaluation_person_weighted,S,D,E_reconstruction_interaction_vs_S,E_rho0_D,E_rho0p1_D,S_rho0_D,S_rho0p1_D,-0.00010921726575285895,-0.0007280235493846154,0.0006188062836317565,-0.0006188062836317565
0,audit,RAC1P,120,primary,validation,R,D,E_reconstruction_interaction_vs_R,E_rho0_D,E_rho0p1_D,R_rho0_D,R_rho0p1_D,0.0030660683266647837,0.0008954881162674955,0.002170580210397288,-0.002170580210397288
0,audit,RAC1P,120,primary,validation,S,D,E_reconstruction_interaction_vs_S,E_rho0_D,E_rho0p1_D,S_rho0_D,S_rho0p1_D,0.0030660683266647837,0.0008998514184683781,0.0021662169081964056,-0.0021662169081964056
0,audit,RAC1P,120,primary,development_evaluation,R,D,E_reconstruction_interaction_vs_R,E_rho0_D,E_rho0p1_D,R_rho0_D,R_rho0p1_D,0.0015109699306172786,-2.021705254895423e-05,0.0015311869831662328,-0.0015311869831662328
0,audit,RAC1P,120,primary,development_evaluation,S,D,E_reconstruction_interaction_vs_S,E_rho0_D,E_rho0p1_D,S_rho0_D,S_rho0p1_D,0.0015109699306172786,0.0029850600079082135,-0.0014740900772909349,0.0014740900772909349
0,audit,RAC1P,120,primary,validation_person_weighted,R,D,E_reconstruction_interaction_vs_R,E_rho0_D,E_rho0p1_D,R_rho0_D,R_rho0p1_D,0.00048390253719921006,0.00026252771440526956,0.0002213748227939405,-0.0002213748227939405
0,audit,RAC1P,120,primary,validation_person_weighted,S,D,E_reconstruction_interaction_vs_S,E_rho0_D,E_rho0p1_D,S_rho0_D,S_rho0p1_D,0.00048390253719921006,-0.0010368590111398124,0.0015207615483390224,-0.0015207615483390224
0,audit,RAC1P,120,primary,development_evaluation_person_weighted,R,D,E_reconstruction_interaction_vs_R,E_rho0_D,E_rho0p1_D,R_rho0_D,R_rho0p1_D,-0.0002360744729479336,0.00024992922280087093,-0.00048600369574880453,0.00048600369574880453
0,audit,RAC1P,120,primary,development_evaluation_person_weighted,S,D,E_reconstruction_interaction_vs_S,E_rho0_D,E_rho0p1_D,S_rho0_D,S_rho0p1_D,-0.0002360744729479336,0.003994092294705265,-0.0042301667676531984,0.0042301667676531984
0,audit,SEX,120,pooled,validation,R,D,E_reconstruction_interaction_vs_R,E_rho0_D,E_rho0p1_D,R_rho0_D,R_rho0p1_D,0.014225672607893869,0.0019374434325287737,0.012288229175365095,-0.012288229175365095
0,audit,SEX,120,pooled,validation,S,D,E_reconstruction_interaction_vs_S,E_rho0_D,E_rho0p1_D,S_rho0_D,S_rho0p1_D,0.014225672607893869,0.0005564843232200856,0.013669188284673783,-0.013669188284673783
0,audit,SEX,120,pooled,development_evaluation,R,D,E_reconstruction_interaction_vs_R,E_rho0_D,E_rho0p1_D,R_rho0_D,R_rho0p1_D,0.010462386013245895,0.0015432958068444247,0.00891909020640147,-0.00891909020640147
0,audit,SEX,120,pooled,development_evaluation,S,D,E_reconstruction_interaction_vs_S,E_rho0_D,E_rho0p1_D,S_rho0_D,S_rho0p1_D,0.010462386013245895,0.000899405723525093,0.009562980289720802,-0.009562980289720802
0,audit,SEX,120,pooled,validation_person_weighted,R,D,E_reconstruction_interaction_vs_R,E_rho0_D,E_rho0p1_D,R_rho0_D,R_rho0p1_D,0.009786941253408399,-9.519519991396663e-06,0.009796460773399795,-0.009796460773399795
0,audit,SEX,120,pooled,validation_person_weighted,S,D,E_reconstruction_interaction_vs_S,E_rho0_D,E_rho0p1_D,S_rho0_D,S_rho0p1_D,0.009786941253408399,-0.0002651378235514201,0.010052079076959819,-0.010052079076959819
0,audit,SEX,120,pooled,development_evaluation_person_weighted,R,D,E_reconstruction_interaction_vs_R,E_rho0_D,E_rho0p1_D,R_rho0_D,R_rho0p1_D,0.012109991425671263,0.0003508473000090051,0.011759144125662258,-0.011759144125662258
0,audit,SEX,120,pooled,development_evaluation_person_weighted,S,D,E_reconstruction_interaction_vs_S,E_rho0_D,E_rho0p1_D,S_rho0_D,S_rho0p1_D,0.012109991425671263,-0.004722853997850551,0.016832845423521814,-0.016832845423521814
0,audit,RAC1P,120,pooled,validation,R,D,E_reconstruction_interaction_vs_R,E_rho0_D,E_rho0p1_D,R_rho0_D,R_rho0p1_D,0.009817676792583052,0.0008954881162674955,0.008922188676315557,-0.008922188676315557
0,audit,RAC1P,120,pooled,validation,S,D,E_reconstruction_interaction_vs_S,E_rho0_D,E_rho0p1_D,S_rho0_D,S_rho0p1_D,0.009817676792583052,0.009037178536345891,0.000780498256237161,-0.000780498256237161
0,audit,RAC1P,120,pooled,development_evaluation,R,D,E_reconstruction_interaction_vs_R,E_rho0_D,E_rho0p1_D,R_rho0_D,R_rho0p1_D,0.006561358534991735,-2.021705254895423e-05,0.006581575587540689,-0.006581575587540689
0,audit,RAC1P,120,pooled,development_evaluation,S,D,E_reconstruction_interaction_vs_S,E_rho0_D,E_rho0p1_D,S_rho0_D,S_rho0p1_D,0.006561358534991735,0.00790182680593765,-0.001340468270945916,0.001340468270945916
0,audit,RAC1P,120,pooled,validation_person_weighted,R,D,E_reconstruction_interaction_vs_R,E_rho0_D,E_rho0p1_D,R_rho0_D,R_rho0p1_D,0.006552653374198414,0.00026252771440526956,0.006290125659793144,-0.006290125659793144
0,audit,RAC1P,120,pooled,validation_person_weighted,S,D,E_reconstruction_interaction_vs_S,E_rho0_D,E_rho0p1_D,S_rho0_D,S_rho0p1_D,0.006552653374198414,0.012155202015618816,-0.005602548641420402,0.005602548641420402
0,audit,RAC1P,120,pooled,development_evaluation_person_weighted,R,D,E_reconstruction_interaction_vs_R,E_rho0_D,E_rho0p1_D,R_rho0_D,R_rho0p1_D,0.008643462774411859,0.00024992922280087093,0.008393533551610988,-0.008393533551610988
0,audit,RAC1P,120,pooled,development_evaluation_person_weighted,S,D,E_reconstruction_interaction_vs_S,E_rho0_D,E_rho0p1_D,S_rho0_D,S_rho0p1_D,0.008643462774411859,0.00880965094709718,-0.00016618817268532204,0.00016618817268532204
0,audit,SEX,360,primary,validation,R,D,E_reconstruction_interaction_vs_R,E_rho0_D,E_rho0p1_D,R_rho0_D,R_rho0p1_D,-0.0018056425078296634,0.0019374434325287737,-0.003743085940358437,0.003743085940358437
0,audit,SEX,360,primary,validation,S,D,E_reconstruction_interaction_vs_S,E_rho0_D,E_rho0p1_D,S_rho0_D,S_rho0p1_D,-0.0018056425078296634,0.001639050806747644,-0.0034446933145773073,0.0034446933145773073
0,audit,SEX,360,primary,development_evaluation,R,D,E_reconstruction_interaction_vs_R,E_rho0_D,E_rho0p1_D,R_rho0_D,R_rho0p1_D,0.0020708896073676764,0.0015432958068444247,0.0005275938005232517,-0.0005275938005232517
0,audit,SEX,360,primary,development_evaluation,S,D,E_reconstruction_interaction_vs_S,E_rho0_D,E_rho0p1_D,S_rho0_D,S_rho0p1_D,0.0020708896073676764,-0.0008605851520389063,0.0029314747594065826,-0.0029314747594065826
0,audit,SEX,360,primary,validation_person_weighted,R,D,E_reconstruction_interaction_vs_R,E_rho0_D,E_rho0p1_D,R_rho0_D,R_rho0p1_D,0.0005006033354463257,-9.519519991396663e-06,0.0005101228554377224,-0.0005101228554377224
0,audit,SEX,360,primary,validation_person_weighted,S,D,E_reconstruction_interaction_vs_S,E_rho0_D,E_rho0p1_D,S_rho0_D,S_rho0p1_D,0.0005006033354463257,0.00215517843458668,-0.001654575099140354,0.001654575099140354
0,audit,SEX,360,primary,development_evaluation_person_weighted,R,D,E_reconstruction_interaction_vs_R,E_rho0_D,E_rho0p1_D,R_rho0_D,R_rho0p1_D,-0.00010921726575285895,0.0003508473000090051,-0.00046006456576186405,0.00046006456576186405
0,audit,SEX,360,primary,development_evaluation_person_weighted,S,D,E_reconstruction_interaction_vs_S,E_rho0_D,E_rho0p1_D,S_rho0_D,S_rho0p1_D,-0.00010921726575285895,-0.0007280235493846154,0.0006188062836317565,-0.0006188062836317565
0,audit,RAC1P,360,primary,validation,R,D,E_reconstruction_interaction_vs_R,E_rho0_D,E_rho0p1_D,R_rho0_D,R_rho0p1_D,0.0030660683266647837,0.0008954881162674955,0.002170580210397288,-0.002170580210397288
0,audit,RAC1P,360,primary,validation,S,D,E_reconstruction_interaction_vs_S,E_rho0_D,E_rho0p1_D,S_rho0_D,S_rho0p1_D,0.0030660683266647837,0.0008998514184683781,0.0021662169081964056,-0.0021662169081964056
0,audit,RAC1P,360,primary,development_evaluation,R,D,E_reconstruction_interaction_vs_R,E_rho0_D,E_rho0p1_D,R_rho0_D,R_rho0p1_D,0.0015109699306172786,-2.021705254895423e-05,0.0015311869831662328,-0.0015311869831662328
0,audit,RAC1P,360,primary,development_evaluation,S,D,E_reconstruction_interaction_vs_S,E_rho0_D,E_rho0p1_D,S_rho0_D,S_rho0p1_D,0.0015109699306172786,0.0029850600079082135,-0.0014740900772909349,0.0014740900772909349
0,audit,RAC1P,360,primary,validation_person_weighted,R,D,E_reconstruction_interaction_vs_R,E_rho0_D,E_rho0p1_D,R_rho0_D,R_rho0p1_D,0.00048390253719921006,0.00026252771440526956,0.0002213748227939405,-0.0002213748227939405
0,audit,RAC1P,360,primary,validation_person_weighted,S,D,E_reconstruction_interaction_vs_S,E_rho0_D,E_rho0p1_D,S_rho0_D,S_rho0p1_D,0.00048390253719921006,-0.0010368590111398124,0.0015207615483390224,-0.0015207615483390224
0,audit,RAC1P,360,primary,development_evaluation_person_weighted,R,D,E_reconstruction_interaction_vs_R,E_rho0_D,E_rho0p1_D,R_rho0_D,R_rho0p1_D,-0.0002360744729479336,0.00024992922280087093,-0.00048600369574880453,0.00048600369574880453
0,audit,RAC1P,360,primary,development_evaluation_person_weighted,S,D,E_reconstruction_interaction_vs_S,E_rho0_D,E_rho0p1_D,S_rho0_D,S_rho0p1_D,-0.0002360744729479336,0.003994092294705265,-0.0042301667676531984,0.0042301667676531984
0,audit,SEX,360,pooled,validation,R,D,E_reconstruction_interaction_vs_R,E_rho0_D,E_rho0p1_D,R_rho0_D,R_rho0p1_D,0.014225672607893869,0.0019374434325287737,0.012288229175365095,-0.012288229175365095
0,audit,SEX,360,pooled,validation,S,D,E_reconstruction_interaction_vs_S,E_rho0_D,E_rho0p1_D,S_rho0_D,S_rho0p1_D,0.014225672607893869,0.0005564843232200856,0.013669188284673783,-0.013669188284673783
0,audit,SEX,360,pooled,development_evaluation,R,D,E_reconstruction_interaction_vs_R,E_rho0_D,E_rho0p1_D,R_rho0_D,R_rho0p1_D,0.010462386013245895,0.0015432958068444247,0.00891909020640147,-0.00891909020640147
0,audit,SEX,360,pooled,development_evaluation,S,D,E_reconstruction_interaction_vs_S,E_rho0_D,E_rho0p1_D,S_rho0_D,S_rho0p1_D,0.010462386013245895,0.000899405723525093,0.009562980289720802,-0.009562980289720802
0,audit,SEX,360,pooled,validation_person_weighted,R,D,E_reconstruction_interaction_vs_R,E_rho0_D,E_rho0p1_D,R_rho0_D,R_rho0p1_D,0.009786941253408399,-9.519519991396663e-06,0.009796460773399795,-0.009796460773399795
0,audit,SEX,360,pooled,validation_person_weighted,S,D,E_reconstruction_interaction_vs_S,E_rho0_D,E_rho0p1_D,S_rho0_D,S_rho0p1_D,0.009786941253408399,-0.0002651378235514201,0.010052079076959819,-0.010052079076959819
0,audit,SEX,360,pooled,development_evaluation_person_weighted,R,D,E_reconstruction_interaction_vs_R,E_rho0_D,E_rho0p1_D,R_rho0_D,R_rho0p1_D,0.012109991425671263,0.0003508473000090051,0.011759144125662258,-0.011759144125662258
0,audit,SEX,360,pooled,development_evaluation_person_weighted,S,D,E_reconstruction_interaction_vs_S,E_rho0_D,E_rho0p1_D,S_rho0_D,S_rho0p1_D,0.012109991425671263,-0.004722853997850551,0.016832845423521814,-0.016832845423521814
0,audit,RAC1P,360,pooled,validation,R,D,E_reconstruction_interaction_vs_R,E_rho0_D,E_rho0p1_D,R_rho0_D,R_rho0p1_D,0.009817676792583052,0.0008954881162674955,0.008922188676315557,-0.008922188676315557
0,audit,RAC1P,360,pooled,validation,S,D,E_reconstruction_interaction_vs_S,E_rho0_D,E_rho0p1_D,S_rho0_D,S_rho0p1_D,0.009817676792583052,0.009037178536345891,0.000780498256237161,-0.000780498256237161
0,audit,RAC1P,360,pooled,development_evaluation,R,D,E_reconstruction_interaction_vs_R,E_rho0_D,E_rho0p1_D,R_rho0_D,R_rho0p1_D,0.006561358534991735,-2.021705254895423e-05,0.006581575587540689,-0.006581575587540689
0,audit,RAC1P,360,pooled,development_evaluation,S,D,E_reconstruction_interaction_vs_S,E_rho0_D,E_rho0p1_D,S_rho0_D,S_rho0p1_D,0.006561358534991735,0.00790182680593765,-0.001340468270945916,0.001340468270945916
0,audit,RAC1P,360,pooled,validation_person_weighted,R,D,E_reconstruction_interaction_vs_R,E_rho0_D,E_rho0p1_D,R_rho0_D,R_rho0p1_D,0.006552653374198414,0.00026252771440526956,0.006290125659793144,-0.006290125659793144
0,audit,RAC1P,360,pooled,validation_person_weighted,S,D,E_reconstruction_interaction_vs_S,E_rho0_D,E_rho0p1_D,S_rho0_D,S_rho0p1_D,0.006552653374198414,0.012155202015618816,-0.005602548641420402,0.005602548641420402
0,audit,RAC1P,360,pooled,development_evaluation_person_weighted,R,D,E_reconstruction_interaction_vs_R,E_rho0_D,E_rho0p1_D,R_rho0_D,R_rho0p1_D,0.008643462774411859,0.00024992922280087093,0.008393533551610988,-0.008393533551610988
0,audit,RAC1P,360,pooled,development_evaluation_person_weighted,S,D,E_reconstruction_interaction_vs_S,E_rho0_D,E_rho0p1_D,S_rho0_D,S_rho0p1_D,0.008643462774411859,0.00880965094709718,-0.00016618817268532204,0.00016618817268532204
1,transfer,same_residence,,primary,validation,R,C,E_reconstruction_interaction_vs_R,E_rho0_C,E_rho0p1_C,R_rho0_C,R_rho0p1_C,0.005098651401619025,0.0025691707745376102,0.002529480627081415,
1,transfer,same_residence,,primary,validation,S,C,E_reconstruction_interaction_vs_S,E_rho0_C,E_rho0p1_C,S_rho0_C,S_rho0p1_C,0.005098651401619025,0.005790295709556248,-0.0006916443079372225,
1,transfer,same_residence,,primary,development_evaluation,R,C,E_reconstruction_interaction_vs_R,E_rho0_C,E_rho0p1_C,R_rho0_C,R_rho0p1_C,0.0037410863120429516,0.0019978925931295466,0.001743193718913405,
1,transfer,same_residence,,primary,development_evaluation,S,C,E_reconstruction_interaction_vs_S,E_rho0_C,E_rho0p1_C,S_rho0_C,S_rho0p1_C,0.0037410863120429516,-0.0029369525453658563,0.006678038857408808,
1,transfer,same_residence,,primary,validation_person_weighted,R,C,E_reconstruction_interaction_vs_R,E_rho0_C,E_rho0p1_C,R_rho0_C,R_rho0p1_C,0.005278358929505789,0.0024477381601306636,0.002830620769375125,
1,transfer,same_residence,,primary,validation_person_weighted,S,C,E_reconstruction_interaction_vs_S,E_rho0_C,E_rho0p1_C,S_rho0_C,S_rho0p1_C,0.005278358929505789,0.007946385513586451,-0.0026680265840806627,
1,transfer,same_residence,,primary,development_evaluation_person_weighted,R,C,E_reconstruction_interaction_vs_R,E_rho0_C,E_rho0p1_C,R_rho0_C,R_rho0p1_C,0.003793594100257258,0.0022612165676660356,0.0015323775325912226,
1,transfer,same_residence,,primary,development_evaluation_person_weighted,S,C,E_reconstruction_interaction_vs_S,E_rho0_C,E_rho0p1_C,S_rho0_C,S_rho0p1_C,0.003793594100257258,3.5912166134188794e-05,0.0037576819341230694,
1,transfer,commute_over20,,primary,validation,R,C,E_reconstruction_interaction_vs_R,E_rho0_C,E_rho0p1_C,R_rho0_C,R_rho0p1_C,-0.0005949464902534896,0.00028966272767783074,-0.0008846092179313203,
1,transfer,commute_over20,,primary,validation,S,C,E_reconstruction_interaction_vs_S,E_rho0_C,E_rho0p1_C,S_rho0_C,S_rho0p1_C,-0.0005949464902534896,-0.0005052850632869532,-8.966142696653634e-05,
1,transfer,commute_over20,,primary,development_evaluation,R,C,E_reconstruction_interaction_vs_R,E_rho0_C,E_rho0p1_C,R_rho0_C,R_rho0p1_C,0.0003784697328351738,-0.0003893898537322693,0.0007678595865674431,
1,transfer,commute_over20,,primary,development_evaluation,S,C,E_reconstruction_interaction_vs_S,E_rho0_C,E_rho0p1_C,S_rho0_C,S_rho0p1_C,0.0003784697328351738,3.5941293121677376e-05,0.00034252843971349645,
1,transfer,commute_over20,,primary,validation_person_weighted,R,C,E_reconstruction_interaction_vs_R,E_rho0_C,E_rho0p1_C,R_rho0_C,R_rho0p1_C,-0.001447248249769717,-0.00021690218559400343,-0.0012303460641757136,
1,transfer,commute_over20,,primary,validation_person_weighted,S,C,E_reconstruction_interaction_vs_S,E_rho0_C,E_rho0p1_C,S_rho0_C,S_rho0p1_C,-0.001447248249769717,0.0001215869517197099,-0.001568835201489427,
1,transfer,commute_over20,,primary,development_evaluation_person_weighted,R,C,E_reconstruction_interaction_vs_R,E_rho0_C,E_rho0p1_C,R_rho0_C,R_rho0p1_C,0.0006667276677317924,-0.0008623711033856063,0.0015290987711173987,
1,transfer,commute_over20,,primary,development_evaluation_person_weighted,S,C,E_reconstruction_interaction_vs_S,E_rho0_C,E_rho0p1_C,S_rho0_C,S_rho0p1_C,0.0006667276677317924,-0.0013189729188826105,0.001985700586614403,
1,transfer,income_binary,,primary,validation,R,C,E_reconstruction_interaction_vs_R,E_rho0_C,E_rho0p1_C,R_rho0_C,R_rho0p1_C,-0.00032157905927021613,-0.002470155789653594,0.002148576730383378,
1,transfer,income_binary,,primary,validation,S,C,E_reconstruction_interaction_vs_S,E_rho0_C,E_rho0p1_C,S_rho0_C,S_rho0p1_C,-0.00032157905927021613,-0.0005179263170234649,0.0001963472577532488,
1,transfer,income_binary,,primary,development_evaluation,R,C,E_reconstruction_interaction_vs_R,E_rho0_C,E_rho0p1_C,R_rho0_C,R_rho0p1_C,-0.0008236036881859587,-0.0010562057484859722,0.0002326020603000134,
1,transfer,income_binary,,primary,development_evaluation,S,C,E_reconstruction_interaction_vs_S,E_rho0_C,E_rho0p1_C,S_rho0_C,S_rho0p1_C,-0.0008236036881859587,-0.0010896719852209746,0.0002660682970350159,
1,transfer,income_binary,,primary,validation_person_weighted,R,C,E_reconstruction_interaction_vs_R,E_rho0_C,E_rho0p1_C,R_rho0_C,R_rho0p1_C,-0.0015607234353268717,-0.0021922743178556248,0.000631550882528753,
1,transfer,income_binary,,primary,validation_person_weighted,S,C,E_reconstruction_interaction_vs_S,E_rho0_C,E_rho0p1_C,S_rho0_C,S_rho0p1_C,-0.0015607234353268717,0.00011536775014792111,-0.0016760911854747929,
1,transfer,income_binary,,primary,development_evaluation_person_weighted,R,C,E_reconstruction_interaction_vs_R,E_rho0_C,E_rho0p1_C,R_rho0_C,R_rho0p1_C,-0.0026041015895369446,0.0010986903822935434,-0.003702791971830488,
1,transfer,income_binary,,primary,development_evaluation_person_weighted,S,C,E_reconstruction_interaction_vs_S,E_rho0_C,E_rho0p1_C,S_rho0_C,S_rho0p1_C,-0.0026041015895369446,-0.000842036902598986,-0.0017620646869379586,
1,transfer,civilian_at_work,,primary,validation,R,C,E_reconstruction_interaction_vs_R,E_rho0_C,E_rho0p1_C,R_rho0_C,R_rho0p1_C,0.002063256372032418,0.00019316057425061706,0.0018700957977818011,
1,transfer,civilian_at_work,,primary,validation,S,C,E_reconstruction_interaction_vs_S,E_rho0_C,E_rho0p1_C,S_rho0_C,S_rho0p1_C,0.002063256372032418,0.0019136096850002615,0.00014964668703215667,
1,transfer,civilian_at_work,,primary,development_evaluation,R,C,E_reconstruction_interaction_vs_R,E_rho0_C,E_rho0p1_C,R_rho0_C,R_rho0p1_C,0.009824791264085142,-0.0025308426405338813,0.012355633904619023,
1,transfer,civilian_at_work,,primary,development_evaluation,S,C,E_reconstruction_interaction_vs_S,E_rho0_C,E_rho0p1_C,S_rho0_C,S_rho0p1_C,0.009824791264085142,0.002124777415840995,0.007700013848244147,
1,transfer,civilian_at_work,,primary,validation_person_weighted,R,C,E_reconstruction_interaction_vs_R,E_rho0_C,E_rho0p1_C,R_rho0_C,R_rho0p1_C,0.003916166343630234,-0.0007173915484872673,0.004633557892117501,
1,transfer,civilian_at_work,,primary,validation_person_weighted,S,C,E_reconstruction_interaction_vs_S,E_rho0_C,E_rho0p1_C,S_rho0_C,S_rho0p1_C,0.003916166343630234,0.003188307008213709,0.0007278593354165253,
1,transfer,civilian_at_work,,primary,development_evaluation_person_weighted,R,C,E_reconstruction_interaction_vs_R,E_rho0_C,E_rho0p1_C,R_rho0_C,R_rho0p1_C,0.0075211704703619375,-0.0014429514078693195,0.008964121878231257,
1,transfer,civilian_at_work,,primary,development_evaluation_person_weighted,S,C,E_reconstruction_interaction_vs_S,E_rho0_C,E_rho0p1_C,S_rho0_C,S_rho0p1_C,0.0075211704703619375,0.0012939728039744747,0.006227197666387463,
1,transfer,public_coverage,,primary,validation,R,C,E_reconstruction_interaction_vs_R,E_rho0_C,E_rho0p1_C,R_rho0_C,R_rho0p1_C,0.0033232781579888293,-0.0003458771257050519,0.0036691552836938812,
1,transfer,public_coverage,,primary,validation,S,C,E_reconstruction_interaction_vs_S,E_rho0_C,E_rho0p1_C,S_rho0_C,S_rho0p1_C,0.0033232781579888293,-0.0004131414865004013,0.0037364196444892306,
1,transfer,public_coverage,,primary,development_evaluation,R,C,E_reconstruction_interaction_vs_R,E_rho0_C,E_rho0p1_C,R_rho0_C,R_rho0p1_C,-0.002231515211814472,-0.00155504843586729,-0.0006764667759471821,
1,transfer,public_coverage,,primary,development_evaluation,S,C,E_reconstruction_interaction_vs_S,E_rho0_C,E_rho0p1_C,S_rho0_C,S_rho0p1_C,-0.002231515211814472,-0.003524201764770807,0.0012926865529563347,
1,transfer,public_coverage,,primary,validation_person_weighted,R,C,E_reconstruction_interaction_vs_R,E_rho0_C,E_rho0p1_C,R_rho0_C,R_rho0p1_C,0.0036766925996203903,-0.0005253377168597528,0.004202030316480143,
1,transfer,public_coverage,,primary,validation_person_weighted,S,C,E_reconstruction_interaction_vs_S,E_rho0_C,E_rho0p1_C,S_rho0_C,S_rho0p1_C,0.0036766925996203903,-0.0007016673180259558,0.004378359917646346,
1,transfer,public_coverage,,primary,development_evaluation_person_weighted,R,C,E_reconstruction_interaction_vs_R,E_rho0_C,E_rho0p1_C,R_rho0_C,R_rho0p1_C,-0.0003377807336497063,-0.0009544581102200467,0.0006166773765703404,
1,transfer,public_coverage,,primary,development_evaluation_person_weighted,S,C,E_reconstruction_interaction_vs_S,E_rho0_C,E_rho0p1_C,S_rho0_C,S_rho0p1_C,-0.0003377807336497063,-0.006064026015421942,0.005726245281772235,
1,audit,SEX,120,primary,validation,R,C,E_reconstruction_interaction_vs_R,E_rho0_C,E_rho0p1_C,R_rho0_C,R_rho0p1_C,0.008687511964853734,0.003441287523509806,0.005246224441343927,-0.005246224441343927
1,audit,SEX,120,primary,validation,S,C,E_reconstruction_interaction_vs_S,E_rho0_C,E_rho0p1_C,S_rho0_C,S_rho0p1_C,0.008687511964853734,0.0027718308638156053,0.005915681101038128,-0.005915681101038128
1,audit,SEX,120,primary,development_evaluation,R,C,E_reconstruction_interaction_vs_R,E_rho0_C,E_rho0p1_C,R_rho0_C,R_rho0p1_C,0.011996764243938474,0.0023193484335957137,0.00967741581034276,-0.00967741581034276
1,audit,SEX,120,primary,development_evaluation,S,C,E_reconstruction_interaction_vs_S,E_rho0_C,E_rho0p1_C,S_rho0_C,S_rho0p1_C,0.011996764243938474,0.003310981052114248,0.008685783191824226,-0.008685783191824226
1,audit,SEX,120,primary,validation_person_weighted,R,C,E_reconstruction_interaction_vs_R,E_rho0_C,E_rho0p1_C,R_rho0_C,R_rho0p1_C,0.006983009955514929,0.002703198068790713,0.004279811886724216,-0.004279811886724216
1,audit,SEX,120,primary,validation_person_weighted,S,C,E_reconstruction_interaction_vs_S,E_rho0_C,E_rho0p1_C,S_rho0_C,S_rho0p1_C,0.006983009955514929,0.0039112398351273114,0.003071770120387618,-0.003071770120387618
1,audit,SEX,120,primary,development_evaluation_person_weighted,R,C,E_reconstruction_interaction_vs_R,E_rho0_C,E_rho0p1_C,R_rho0_C,R_rho0p1_C,0.009026707462763905,0.0022323754353810177,0.006794332027382888,-0.006794332027382888
1,audit,SEX,120,primary,development_evaluation_person_weighted,S,C,E_reconstruction_interaction_vs_S,E_rho0_C,E_rho0p1_C,S_rho0_C,S_rho0p1_C,0.009026707462763905,0.002429174336213702,0.0065975331265502035,-0.0065975331265502035
1,audit,RAC1P,120,primary,validation,R,C,E_reconstruction_interaction_vs_R,E_rho0_C,E_rho0p1_C,R_rho0_C,R_rho0p1_C,-0.0011083537855822723,-0.0015983071829337447,0.0004899533973514725,-0.0004899533973514725
1,audit,RAC1P,120,primary,validation,S,C,E_reconstruction_interaction_vs_S,E_rho0_C,E_rho0p1_C,S_rho0_C,S_rho0p1_C,-0.0011083537855822723,0.0018377633093746848,-0.002946117094956957,0.002946117094956957
1,audit,RAC1P,120,primary,development_evaluation,R,C,E_reconstruction_interaction_vs_R,E_rho0_C,E_rho0p1_C,R_rho0_C,R_rho0p1_C,0.0011722727785981046,0.001475043202514792,-0.0003027704239166873,0.0003027704239166873
1,audit,RAC1P,120,primary,development_evaluation,S,C,E_reconstruction_interaction_vs_S,E_rho0_C,E_rho0p1_C,S_rho0_C,S_rho0p1_C,0.0011722727785981046,0.0031781142732840717,-0.002005841494685967,0.002005841494685967
1,audit,RAC1P,120,primary,validation_person_weighted,R,C,E_reconstruction_interaction_vs_R,E_rho0_C,E_rho0p1_C,R_rho0_C,R_rho0p1_C,-0.0014488381014825524,-0.0008522540457962524,-0.0005965840556863,0.0005965840556863
1,audit,RAC1P,120,primary,validation_person_weighted,S,C,E_reconstruction_interaction_vs_S,E_rho0_C,E_rho0p1_C,S_rho0_C,S_rho0p1_C,-0.0014488381014825524,-0.0013688649929304297,-7.99731085521227e-05,7.99731085521227e-05
1,audit,RAC1P,120,primary,development_evaluation_person_weighted,R,C,E_reconstruction_interaction_vs_R,E_rho0_C,E_rho0p1_C,R_rho0_C,R_rho0p1_C,-0.001683585958909939,0.0017261906562962004,-0.0034097766152061393,0.0034097766152061393
1,audit,RAC1P,120,primary,development_evaluation_person_weighted,S,C,E_reconstruction_interaction_vs_S,E_rho0_C,E_rho0p1_C,S_rho0_C,S_rho0p1_C,-0.001683585958909939,0.0044301302745948234,-0.006113716233504762,0.006113716233504762
1,audit,SEX,120,pooled,validation,R,C,E_reconstruction_interaction_vs_R,E_rho0_C,E_rho0p1_C,R_rho0_C,R_rho0p1_C,0.00917493501542932,0.003441287523509806,0.0057336474919195135,-0.0057336474919195135
1,audit,SEX,120,pooled,validation,S,C,E_reconstruction_interaction_vs_S,E_rho0_C,E_rho0p1_C,S_rho0_C,S_rho0p1_C,0.00917493501542932,0.004930387696949423,0.0042445473184798965,-0.0042445473184798965
1,audit,SEX,120,pooled,development_evaluation,R,C,E_reconstruction_interaction_vs_R,E_rho0_C,E_rho0p1_C,R_rho0_C,R_rho0p1_C,0.011704356638824076,0.0023193484335957137,0.009385008205228362,-0.009385008205228362
1,audit,SEX,120,pooled,development_evaluation,S,C,E_reconstruction_interaction_vs_S,E_rho0_C,E_rho0p1_C,S_rho0_C,S_rho0p1_C,0.011704356638824076,0.008805731416542617,0.002898625222281459,-0.002898625222281459
1,audit,SEX,120,pooled,validation_person_weighted,R,C,E_reconstruction_interaction_vs_R,E_rho0_C,E_rho0p1_C,R_rho0_C,R_rho0p1_C,0.007977185860982727,0.002703198068790713,0.005273987792192014,-0.005273987792192014
1,audit,SEX,120,pooled,validation_person_weighted,S,C,E_reconstruction_interaction_vs_S,E_rho0_C,E_rho0p1_C,S_rho0_C,S_rho0p1_C,0.007977185860982727,-0.0028968232905490776,0.010874009151531805,-0.010874009151531805
1,audit,SEX,120,pooled,development_evaluation_person_weighted,R,C,E_reconstruction_interaction_vs_R,E_rho0_C,E_rho0p1_C,R_rho0_C,R_rho0p1_C,0.007601987289993395,0.0022323754353810177,0.005369611854612377,-0.005369611854612377
1,audit,SEX,120,pooled,development_evaluation_person_weighted,S,C,E_reconstruction_interaction_vs_S,E_rho0_C,E_rho0p1_C,S_rho0_C,S_rho0p1_C,0.007601987289993395,0.004798984141687224,0.0028030031483061713,-0.0028030031483061713
1,audit,RAC1P,120,pooled,validation,R,C,E_reconstruction_interaction_vs_R,E_rho0_C,E_rho0p1_C,R_rho0_C,R_rho0p1_C,0.0015846097855434227,-0.0015983071829337447,0.0031829169684771674,-0.0031829169684771674
1,audit,RAC1P,120,pooled,validation,S,C,E_reconstruction_interaction_vs_S,E_rho0_C,E_rho0p1_C,S_rho0_C,S_rho0p1_C,0.0015846097855434227,0.0018377633093746848,-0.0002531535238312621,0.0002531535238312621
1,audit,RAC1P,120,pooled,development_evaluation,R,C,E_reconstruction_interaction_vs_R,E_rho0_C,E_rho0p1_C,R_rho0_C,R_rho0p1_C,0.006124150284018803,0.001475043202514792,0.004649107081504011,-0.004649107081504011
1,audit,RAC1P,120,pooled,development_evaluation,S,C,E_reconstruction_interaction_vs_S,E_rho0_C,E_rho0p1_C,S_rho0_C,S_rho0p1_C,0.006124150284018803,0.0031781142732840717,0.0029460360107347316,-0.0029460360107347316
1,audit,RAC1P,120,pooled,validation_person_weighted,R,C,E_reconstruction_interaction_vs_R,E_rho0_C,E_rho0p1_C,R_rho0_C,R_rho0p1_C,-0.0023836270725383635,-0.0008522540457962524,-0.001531373026742111,0.001531373026742111
1,audit,RAC1P,120,pooled,validation_person_weighted,S,C,E_reconstruction_interaction_vs_S,E_rho0_C,E_rho0p1_C,S_rho0_C,S_rho0p1_C,-0.0023836270725383635,-0.0013688649929304297,-0.0010147620796079337,0.0010147620796079337
1,audit,RAC1P,120,pooled,development_evaluation_person_weighted,R,C,E_reconstruction_interaction_vs_R,E_rho0_C,E_rho0p1_C,R_rho0_C,R_rho0p1_C,0.006493558339136785,0.0017261906562962004,0.004767367682840584,-0.004767367682840584
1,audit,RAC1P,120,pooled,development_evaluation_person_weighted,S,C,E_reconstruction_interaction_vs_S,E_rho0_C,E_rho0p1_C,S_rho0_C,S_rho0p1_C,0.006493558339136785,0.0044301302745948234,0.002063428064541961,-0.002063428064541961
1,audit,SEX,360,primary,validation,R,C,E_reconstruction_interaction_vs_R,E_rho0_C,E_rho0p1_C,R_rho0_C,R_rho0p1_C,0.008687511964853734,0.003441287523509806,0.005246224441343927,-0.005246224441343927
1,audit,SEX,360,primary,validation,S,C,E_reconstruction_interaction_vs_S,E_rho0_C,E_rho0p1_C,S_rho0_C,S_rho0p1_C,0.008687511964853734,0.0027718308638156053,0.005915681101038128,-0.005915681101038128
1,audit,SEX,360,primary,development_evaluation,R,C,E_reconstruction_interaction_vs_R,E_rho0_C,E_rho0p1_C,R_rho0_C,R_rho0p1_C,0.011996764243938474,0.0023193484335957137,0.00967741581034276,-0.00967741581034276
1,audit,SEX,360,primary,development_evaluation,S,C,E_reconstruction_interaction_vs_S,E_rho0_C,E_rho0p1_C,S_rho0_C,S_rho0p1_C,0.011996764243938474,0.003310981052114248,0.008685783191824226,-0.008685783191824226
1,audit,SEX,360,primary,validation_person_weighted,R,C,E_reconstruction_interaction_vs_R,E_rho0_C,E_rho0p1_C,R_rho0_C,R_rho0p1_C,0.006983009955514929,0.002703198068790713,0.004279811886724216,-0.004279811886724216
1,audit,SEX,360,primary,validation_person_weighted,S,C,E_reconstruction_interaction_vs_S,E_rho0_C,E_rho0p1_C,S_rho0_C,S_rho0p1_C,0.006983009955514929,0.0039112398351273114,0.003071770120387618,-0.003071770120387618
1,audit,SEX,360,primary,development_evaluation_person_weighted,R,C,E_reconstruction_interaction_vs_R,E_rho0_C,E_rho0p1_C,R_rho0_C,R_rho0p1_C,0.009026707462763905,0.0022323754353810177,0.006794332027382888,-0.006794332027382888
1,audit,SEX,360,primary,development_evaluation_person_weighted,S,C,E_reconstruction_interaction_vs_S,E_rho0_C,E_rho0p1_C,S_rho0_C,S_rho0p1_C,0.009026707462763905,0.002429174336213702,0.0065975331265502035,-0.0065975331265502035
1,audit,RAC1P,360,primary,validation,R,C,E_reconstruction_interaction_vs_R,E_rho0_C,E_rho0p1_C,R_rho0_C,R_rho0p1_C,-0.0011083537855822723,-0.0015983071829337447,0.0004899533973514725,-0.0004899533973514725
1,audit,RAC1P,360,primary,validation,S,C,E_reconstruction_interaction_vs_S,E_rho0_C,E_rho0p1_C,S_rho0_C,S_rho0p1_C,-0.0011083537855822723,0.0018377633093746848,-0.002946117094956957,0.002946117094956957
1,audit,RAC1P,360,primary,development_evaluation,R,C,E_reconstruction_interaction_vs_R,E_rho0_C,E_rho0p1_C,R_rho0_C,R_rho0p1_C,0.0011722727785981046,0.001475043202514792,-0.0003027704239166873,0.0003027704239166873
1,audit,RAC1P,360,primary,development_evaluation,S,C,E_reconstruction_interaction_vs_S,E_rho0_C,E_rho0p1_C,S_rho0_C,S_rho0p1_C,0.0011722727785981046,0.0031781142732840717,-0.002005841494685967,0.002005841494685967
1,audit,RAC1P,360,primary,validation_person_weighted,R,C,E_reconstruction_interaction_vs_R,E_rho0_C,E_rho0p1_C,R_rho0_C,R_rho0p1_C,-0.0014488381014825524,-0.0008522540457962524,-0.0005965840556863,0.0005965840556863
1,audit,RAC1P,360,primary,validation_person_weighted,S,C,E_reconstruction_interaction_vs_S,E_rho0_C,E_rho0p1_C,S_rho0_C,S_rho0p1_C,-0.0014488381014825524,-0.0013688649929304297,-7.99731085521227e-05,7.99731085521227e-05
1,audit,RAC1P,360,primary,development_evaluation_person_weighted,R,C,E_reconstruction_interaction_vs_R,E_rho0_C,E_rho0p1_C,R_rho0_C,R_rho0p1_C,-0.001683585958909939,0.0017261906562962004,-0.0034097766152061393,0.0034097766152061393
1,audit,RAC1P,360,primary,development_evaluation_person_weighted,S,C,E_reconstruction_interaction_vs_S,E_rho0_C,E_rho0p1_C,S_rho0_C,S_rho0p1_C,-0.001683585958909939,0.0044301302745948234,-0.006113716233504762,0.006113716233504762
1,audit,SEX,360,pooled,validation,R,C,E_reconstruction_interaction_vs_R,E_rho0_C,E_rho0p1_C,R_rho0_C,R_rho0p1_C,0.00917493501542932,0.003441287523509806,0.0057336474919195135,-0.0057336474919195135
1,audit,SEX,360,pooled,validation,S,C,E_reconstruction_interaction_vs_S,E_rho0_C,E_rho0p1_C,S_rho0_C,S_rho0p1_C,0.00917493501542932,0.004930387696949423,0.0042445473184798965,-0.0042445473184798965
1,audit,SEX,360,pooled,development_evaluation,R,C,E_reconstruction_interaction_vs_R,E_rho0_C,E_rho0p1_C,R_rho0_C,R_rho0p1_C,0.011704356638824076,0.0023193484335957137,0.009385008205228362,-0.009385008205228362
1,audit,SEX,360,pooled,development_evaluation,S,C,E_reconstruction_interaction_vs_S,E_rho0_C,E_rho0p1_C,S_rho0_C,S_rho0p1_C,0.011704356638824076,0.008805731416542617,0.002898625222281459,-0.002898625222281459
1,audit,SEX,360,pooled,validation_person_weighted,R,C,E_reconstruction_interaction_vs_R,E_rho0_C,E_rho0p1_C,R_rho0_C,R_rho0p1_C,0.007977185860982727,0.002703198068790713,0.005273987792192014,-0.005273987792192014
1,audit,SEX,360,pooled,validation_person_weighted,S,C,E_reconstruction_interaction_vs_S,E_rho0_C,E_rho0p1_C,S_rho0_C,S_rho0p1_C,0.007977185860982727,-0.0028968232905490776,0.010874009151531805,-0.010874009151531805
1,audit,SEX,360,pooled,development_evaluation_person_weighted,R,C,E_reconstruction_interaction_vs_R,E_rho0_C,E_rho0p1_C,R_rho0_C,R_rho0p1_C,0.007601987289993395,0.0022323754353810177,0.005369611854612377,-0.005369611854612377
1,audit,SEX,360,pooled,development_evaluation_person_weighted,S,C,E_reconstruction_interaction_vs_S,E_rho0_C,E_rho0p1_C,S_rho0_C,S_rho0p1_C,0.007601987289993395,0.004798984141687224,0.0028030031483061713,-0.0028030031483061713
1,audit,RAC1P,360,pooled,validation,R,C,E_reconstruction_interaction_vs_R,E_rho0_C,E_rho0p1_C,R_rho0_C,R_rho0p1_C,0.0015846097855434227,-0.0015983071829337447,0.0031829169684771674,-0.0031829169684771674
1,audit,RAC1P,360,pooled,validation,S,C,E_reconstruction_interaction_vs_S,E_rho0_C,E_rho0p1_C,S_rho0_C,S_rho0p1_C,0.0015846097855434227,0.0018377633093746848,-0.0002531535238312621,0.0002531535238312621
1,audit,RAC1P,360,pooled,development_evaluation,R,C,E_reconstruction_interaction_vs_R,E_rho0_C,E_rho0p1_C,R_rho0_C,R_rho0p1_C,0.006124150284018803,0.001475043202514792,0.004649107081504011,-0.004649107081504011
1,audit,RAC1P,360,pooled,development_evaluation,S,C,E_reconstruction_interaction_vs_S,E_rho0_C,E_rho0p1_C,S_rho0_C,S_rho0p1_C,0.006124150284018803,0.0031781142732840717,0.0029460360107347316,-0.0029460360107347316
1,audit,RAC1P,360,pooled,validation_person_weighted,R,C,E_reconstruction_interaction_vs_R,E_rho0_C,E_rho0p1_C,R_rho0_C,R_rho0p1_C,-0.0023836270725383635,-0.0008522540457962524,-0.001531373026742111,0.001531373026742111
1,audit,RAC1P,360,pooled,validation_person_weighted,S,C,E_reconstruction_interaction_vs_S,E_rho0_C,E_rho0p1_C,S_rho0_C,S_rho0p1_C,-0.0023836270725383635,-0.0013688649929304297,-0.0010147620796079337,0.0010147620796079337
1,audit,RAC1P,360,pooled,development_evaluation_person_weighted,R,C,E_reconstruction_interaction_vs_R,E_rho0_C,E_rho0p1_C,R_rho0_C,R_rho0p1_C,0.006493558339136785,0.0017261906562962004,0.004767367682840584,-0.004767367682840584
1,audit,RAC1P,360,pooled,development_evaluation_person_weighted,S,C,E_reconstruction_interaction_vs_S,E_rho0_C,E_rho0p1_C,S_rho0_C,S_rho0p1_C,0.006493558339136785,0.0044301302745948234,0.002063428064541961,-0.002063428064541961
1,transfer,same_residence,,primary,validation,R,D,E_reconstruction_interaction_vs_R,E_rho0_D,E_rho0p1_D,R_rho0_D,R_rho0p1_D,0.0040930749325504,0.002450742022548358,0.0016423329100020423,
1,transfer,same_residence,,primary,validation,S,D,E_reconstruction_interaction_vs_S,E_rho0_D,E_rho0p1_D,S_rho0_D,S_rho0p1_D,0.0040930749325504,0.006154945066528472,-0.002061870133978072,
1,transfer,same_residence,,primary,development_evaluation,R,D,E_reconstruction_interaction_vs_R,E_rho0_D,E_rho0p1_D,R_rho0_D,R_rho0p1_D,0.004143804985957844,0.008144653291584925,-0.0040008483056270805,
1,transfer,same_residence,,primary,development_evaluation,S,D,E_reconstruction_interaction_vs_S,E_rho0_D,E_rho0p1_D,S_rho0_D,S_rho0p1_D,0.004143804985957844,-0.0030814650742413408,0.007225270060199185,
1,transfer,same_residence,,primary,validation_person_weighted,R,D,E_reconstruction_interaction_vs_R,E_rho0_D,E_rho0p1_D,R_rho0_D,R_rho0p1_D,0.004459652531452973,0.0020827008882588482,0.002376951643194125,
1,transfer,same_residence,,primary,validation_person_weighted,S,D,E_reconstruction_interaction_vs_S,E_rho0_D,E_rho0p1_D,S_rho0_D,S_rho0p1_D,0.004459652531452973,0.007132061648607746,-0.0026724091171547726,
1,transfer,same_residence,,primary,development_evaluation_person_weighted,R,D,E_reconstruction_interaction_vs_R,E_rho0_D,E_rho0p1_D,R_rho0_D,R_rho0p1_D,0.00480964397714323,0.006457790676150321,-0.0016481466990070914,
1,transfer,same_residence,,primary,development_evaluation_person_weighted,S,D,E_reconstruction_interaction_vs_S,E_rho0_D,E_rho0p1_D,S_rho0_D,S_rho0p1_D,0.00480964397714323,0.00041713017388528284,0.004392513803257947,
1,transfer,commute_over20,,primary,validation,R,D,E_reconstruction_interaction_vs_R,E_rho0_D,E_rho0p1_D,R_rho0_D,R_rho0p1_D,-0.00028187620619013476,0.00021444287221739078,-0.0004963190784075255,
1,transfer,commute_over20,,primary,validation,S,D,E_reconstruction_interaction_vs_S,E_rho0_D,E_rho0p1_D,S_rho0_D,S_rho0p1_D,-0.00028187620619013476,-0.0002353632125327021,-4.6512993657432666e-05,
1,transfer,commute_over20,,primary,development_evaluation,R,D,E_reconstruction_interaction_vs_R,E_rho0_D,E_rho0p1_D,R_rho0_D,R_rho0p1_D,0.0014508264749887312,-0.0002934617316543431,0.0017442882066430743,
1,transfer,commute_over20,,primary,development_evaluation,S,D,E_reconstruction_interaction_vs_S,E_rho0_D,E_rho0p1_D,S_rho0_D,S_rho0p1_D,0.0014508264749887312,0.0018059264977405842,-0.00035510002275185304,
1,transfer,commute_over20,,primary,validation_person_weighted,R,D,E_reconstruction_interaction_vs_R,E_rho0_D,E_rho0p1_D,R_rho0_D,R_rho0p1_D,-0.0014088540115851922,-0.00012620648403394163,-0.0012826475275512506,
1,transfer,commute_over20,,primary,validation_person_weighted,S,D,E_reconstruction_interaction_vs_S,E_rho0_D,E_rho0p1_D,S_rho0_D,S_rho0p1_D,-0.0014088540115851922,-0.0007729737708366269,-0.0006358802407485653,
1,transfer,commute_over20,,primary,development_evaluation_person_weighted,R,D,E_reconstruction_interaction_vs_R,E_rho0_D,E_rho0p1_D,R_rho0_D,R_rho0p1_D,0.0020500527649180977,-0.000712178404257191,0.0027622311691752888,
1,transfer,commute_over20,,primary,development_evaluation_person_weighted,S,D,E_reconstruction_interaction_vs_S,E_rho0_D,E_rho0p1_D,S_rho0_D,S_rho0p1_D,0.0020500527649180977,0.0016074374929347934,0.0004426152719833043,
1,transfer,income_binary,,primary,validation,R,D,E_reconstruction_interaction_vs_R,E_rho0_D,E_rho0p1_D,R_rho0_D,R_rho0p1_D,0.0006004906835637147,-0.0019188207708970562,0.002519311454460771,
1,transfer,income_binary,,primary,validation,S,D,E_reconstruction_interaction_vs_S,E_rho0_D,E_rho0p1_D,S_rho0_D,S_rho0p1_D,0.0006004906835637147,0.0003975885421342862,0.00020290214142942853,
1,transfer,income_binary,,primary,development_evaluation,R,D,E_reconstruction_interaction_vs_R,E_rho0_D,E_rho0p1_D,R_rho0_D,R_rho0p1_D,5.854714412800721e-05,-0.0004767900599224606,0.0005353372040504678,
1,transfer,income_binary,,primary,development_evaluation,S,D,E_reconstruction_interaction_vs_S,E_rho0_D,E_rho0p1_D,S_rho0_D,S_rho0p1_D,5.854714412800721e-05,0.001230733818908647,-0.0011721866747806398,
1,transfer,income_binary,,primary,validation_person_weighted,R,D,E_reconstruction_interaction_vs_R,E_rho0_D,E_rho0p1_D,R_rho0_D,R_rho0p1_D,-0.0001870719741648985,-0.0017054005114318094,0.0015183285372669109,
1,transfer,income_binary,,primary,validation_person_weighted,S,D,E_reconstruction_interaction_vs_S,E_rho0_D,E_rho0p1_D,S_rho0_D,S_rho0p1_D,-0.0001870719741648985,0.0008748994675846777,-0.0010619714417495763,
1,transfer,income_binary,,primary,development_evaluation_person_weighted,R,D,E_reconstruction_interaction_vs_R,E_rho0_D,E_rho0p1_D,R_rho0_D,R_rho0p1_D,-0.0009056666828241022,0.0018018006247544904,-0.0027074673075785927,
1,transfer,income_binary,,primary,development_evaluation_person_weighted,S,D,E_reconstruction_interaction_vs_S,E_rho0_D,E_rho0p1_D,S_rho0_D,S_rho0p1_D,-0.0009056666828241022,0.0015055907243757827,-0.002411257407199885,
1,transfer,civilian_at_work,,primary,validation,R,D,E_reconstruction_interaction_vs_R,E_rho0_D,E_rho0p1_D,R_rho0_D,R_rho0p1_D,0.0022489806045816185,5.500090236293387e-05,0.0021939797022186847,
1,transfer,civilian_at_work,,primary,validation,S,D,E_reconstruction_interaction_vs_S,E_rho0_D,E_rho0p1_D,S_rho0_D,S_rho0p1_D,0.0022489806045816185,0.001844817951763389,0.0004041626528182296,
1,transfer,civilian_at_work,,primary,development_evaluation,R,D,E_reconstruction_interaction_vs_R,E_rho0_D,E_rho0p1_D,R_rho0_D,R_rho0p1_D,-0.00024221598445567372,-0.0015303104748317087,0.001288094490376035,
1,transfer,civilian_at_work,,primary,development_evaluation,S,D,E_reconstruction_interaction_vs_S,E_rho0_D,E_rho0p1_D,S_rho0_D,S_rho0p1_D,-0.00024221598445567372,0.0066476728580709965,-0.00688988884252667,
1,transfer,civilian_at_work,,primary,validation_person_weighted,R,D,E_reconstruction_interaction_vs_R,E_rho0_D,E_rho0p1_D,R_rho0_D,R_rho0p1_D,0.003052444595997683,-0.0013964767147719992,0.004448921310769682,
1,transfer,civilian_at_work,,primary,validation_person_weighted,S,D,E_reconstruction_interaction_vs_S,E_rho0_D,E_rho0p1_D,S_rho0_D,S_rho0p1_D,0.003052444595997683,0.002387293082964592,0.000665151513033091,
1,transfer,civilian_at_work,,primary,development_evaluation_person_weighted,R,D,E_reconstruction_interaction_vs_R,E_rho0_D,E_rho0p1_D,R_rho0_D,R_rho0p1_D,-0.000863994443634275,-0.000320758119840725,-0.00054323632379355,
1,transfer,civilian_at_work,,primary,development_evaluation_person_weighted,S,D,E_reconstruction_interaction_vs_S,E_rho0_D,E_rho0p1_D,S_rho0_D,S_rho0p1_D,-0.000863994443634275,0.006205301009705955,-0.00706929545334023,
1,transfer,public_coverage,,primary,validation,R,D,E_reconstruction_interaction_vs_R,E_rho0_D,E_rho0p1_D,R_rho0_D,R_rho0p1_D,0.003731126815478103,-0.00010704651065840398,0.003838173326136507,
1,transfer,public_coverage,,primary,validation,S,D,E_reconstruction_interaction_vs_S,E_rho0_D,E_rho0p1_D,S_rho0_D,S_rho0p1_D,0.003731126815478103,-0.00012421463505690733,0.0038553414505350103,
1,transfer,public_coverage,,primary,development_evaluation,R,D,E_reconstruction_interaction_vs_R,E_rho0_D,E_rho0p1_D,R_rho0_D,R_rho0p1_D,-0.002090275505475858,-0.001257111687610446,-0.0008331638178654122,
1,transfer,public_coverage,,primary,development_evaluation,S,D,E_reconstruction_interaction_vs_S,E_rho0_D,E_rho0p1_D,S_rho0_D,S_rho0p1_D,-0.002090275505475858,-0.002569699676241932,0.000479424170766074,
1,transfer,public_coverage,,primary,validation_person_weighted,R,D,E_reconstruction_interaction_vs_R,E_rho0_D,E_rho0p1_D,R_rho0_D,R_rho0p1_D,0.0038852946874826655,-0.0004224287504259183,0.004307723437908584,
1,transfer,public_coverage,,primary,validation_person_weighted,S,D,E_reconstruction_interaction_vs_S,E_rho0_D,E_rho0p1_D,S_rho0_D,S_rho0p1_D,0.0038852946874826655,0.002129884810881333,0.0017554098766013326,
1,transfer,public_coverage,,primary,development_evaluation_person_weighted,R,D,E_reconstruction_interaction_vs_R,E_rho0_D,E_rho0p1_D,R_rho0_D,R_rho0p1_D,-0.00163966332295723,-0.0007207552798263461,-0.0009189080431308838,
1,transfer,public_coverage,,primary,development_evaluation_person_weighted,S,D,E_reconstruction_interaction_vs_S,E_rho0_D,E_rho0p1_D,S_rho0_D,S_rho0p1_D,-0.00163966332295723,-0.00250480324811464,0.0008651399251574099,
1,audit,SEX,120,primary,validation,R,D,E_reconstruction_interaction_vs_R,E_rho0_D,E_rho0p1_D,R_rho0_D,R_rho0p1_D,0.0038798148067572535,0.003051912056057593,0.0008279027506996606,-0.0008279027506996606
1,audit,SEX,120,primary,validation,S,D,E_reconstruction_interaction_vs_S,E_rho0_D,E_rho0p1_D,S_rho0_D,S_rho0p1_D,0.0038798148067572535,0.0020432236285162775,0.001836591178240976,-0.001836591178240976
1,audit,SEX,120,primary,development_evaluation,R,D,E_reconstruction_interaction_vs_R,E_rho0_D,E_rho0p1_D,R_rho0_D,R_rho0p1_D,0.004048536935224001,0.002139761639394111,0.0019087752958298898,-0.0019087752958298898
1,audit,SEX,120,primary,development_evaluation,S,D,E_reconstruction_interaction_vs_S,E_rho0_D,E_rho0p1_D,S_rho0_D,S_rho0p1_D,0.004048536935224001,0.0027960273563297777,0.001252509578894223,-0.001252509578894223
1,audit,SEX,120,primary,validation_person_weighted,R,D,E_reconstruction_interaction_vs_R,E_rho0_D,E_rho0p1_D,R_rho0_D,R_rho0p1_D,0.002502362029209948,0.002508044190799419,-5.68216158947088e-06,5.68216158947088e-06
1,audit,SEX,120,primary,validation_person_weighted,S,D,E_reconstruction_interaction_vs_S,E_rho0_D,E_rho0p1_D,S_rho0_D,S_rho0p1_D,0.002502362029209948,0.0036480526974095318,-0.0011456906681995838,0.0011456906681995838
1,audit,SEX,120,primary,development_evaluation_person_weighted,R,D,E_reconstruction_interaction_vs_R,E_rho0_D,E_rho0p1_D,R_rho0_D,R_rho0p1_D,0.0026389233386905353,0.0015781527755217573,0.001060770563168778,-0.001060770563168778
1,audit,SEX,120,primary,development_evaluation_person_weighted,S,D,E_reconstruction_interaction_vs_S,E_rho0_D,E_rho0p1_D,S_rho0_D,S_rho0p1_D,0.0026389233386905353,0.0025833305777092086,5.5592760981326705e-05,-5.5592760981326705e-05
1,audit,RAC1P,120,primary,validation,R,D,E_reconstruction_interaction_vs_R,E_rho0_D,E_rho0p1_D,R_rho0_D,R_rho0p1_D,0.0006785288772357401,-0.0012625078276184976,0.0019410367048542376,-0.0019410367048542376
1,audit,RAC1P,120,primary,validation,S,D,E_reconstruction_interaction_vs_S,E_rho0_D,E_rho0p1_D,S_rho0_D,S_rho0p1_D,0.0006785288772357401,-0.001641579807309279,0.002320108684545019,-0.002320108684545019
1,audit,RAC1P,120,primary,development_evaluation,R,D,E_reconstruction_interaction_vs_R,E_rho0_D,E_rho0p1_D,R_rho0_D,R_rho0p1_D,0.003925119521114961,0.0008999685801862611,0.0030251509409287003,-0.0030251509409287003
1,audit,RAC1P,120,primary,development_evaluation,S,D,E_reconstruction_interaction_vs_S,E_rho0_D,E_rho0p1_D,S_rho0_D,S_rho0p1_D,0.003925119521114961,0.0014525247905479155,0.002472594730567046,-0.002472594730567046
1,audit,RAC1P,120,primary,validation_person_weighted,R,D,E_reconstruction_interaction_vs_R,E_rho0_D,E_rho0p1_D,R_rho0_D,R_rho0p1_D,-0.0026093113872946994,4.7886998328250385e-05,-0.0026571983856229497,0.0026571983856229497
1,audit,RAC1P,120,primary,validation_person_weighted,S,D,E_reconstruction_interaction_vs_S,E_rho0_D,E_rho0p1_D,S_rho0_D,S_rho0p1_D,-0.0026093113872946994,-0.0036360203648724276,0.0010267089775777283,-0.0010267089775777283
1,audit,RAC1P,120,primary,development_evaluation_person_weighted,R,D,E_reconstruction_interaction_vs_R,E_rho0_D,E_rho0p1_D,R_rho0_D,R_rho0p1_D,0.0004180029227074389,0.0013177955342078551,-0.0008997926115004162,0.0008997926115004162
1,audit,RAC1P,120,primary,development_evaluation_person_weighted,S,D,E_reconstruction_interaction_vs_S,E_rho0_D,E_rho0p1_D,S_rho0_D,S_rho0p1_D,0.0004180029227074389,0.002890342224888709,-0.00247233930218127,0.00247233930218127
1,audit,SEX,120,pooled,validation,R,D,E_reconstruction_interaction_vs_R,E_rho0_D,E_rho0p1_D,R_rho0_D,R_rho0p1_D,0.005566914947277679,0.003051912056057593,0.002515002891220086,-0.002515002891220086
1,audit,SEX,120,pooled,validation,S,D,E_reconstruction_interaction_vs_S,E_rho0_D,E_rho0p1_D,S_rho0_D,S_rho0p1_D,0.005566914947277679,-0.00016008021203683942,0.0057269951593145185,-0.0057269951593145185
1,audit,SEX,120,pooled,development_evaluation,R,D,E_reconstruction_interaction_vs_R,E_rho0_D,E_rho0p1_D,R_rho0_D,R_rho0p1_D,0.0014628212703853283,0.002139761639394111,-0.0006769403690087827,0.0006769403690087827
1,audit,SEX,120,pooled,development_evaluation,S,D,E_reconstruction_interaction_vs_S,E_rho0_D,E_rho0p1_D,S_rho0_D,S_rho0p1_D,0.0014628212703853283,0.0143327699529181,-0.012869948682532772,0.012869948682532772
1,audit,SEX,120,pooled,validation_person_weighted,R,D,E_reconstruction_interaction_vs_R,E_rho0_D,E_rho0p1_D,R_rho0_D,R_rho0p1_D,0.002890235370956673,0.002508044190799419,0.0003821911801572542,-0.0003821911801572542
1,audit,SEX,120,pooled,validation_person_weighted,S,D,E_reconstruction_interaction_vs_S,E_rho0_D,E_rho0p1_D,S_rho0_D,S_rho0p1_D,0.002890235370956673,-0.005005176759602548,0.00789541213055922,-0.00789541213055922
1,audit,SEX,120,pooled,development_evaluation_person_weighted,R,D,E_reconstruction_interaction_vs_R,E_rho0_D,E_rho0p1_D,R_rho0_D,R_rho0p1_D,-0.0030925165872747185,0.0015781527755217573,-0.004670669362796476,0.004670669362796476
1,audit,SEX,120,pooled,development_evaluation_person_weighted,S,D,E_reconstruction_interaction_vs_S,E_rho0_D,E_rho0p1_D,S_rho0_D,S_rho0p1_D,-0.0030925165872747185,0.009703969720688654,-0.012796486307963373,0.012796486307963373
1,audit,RAC1P,120,pooled,validation,R,D,E_reconstruction_interaction_vs_R,E_rho0_D,E_rho0p1_D,R_rho0_D,R_rho0p1_D,-0.007913031957763383,-0.0012625078276184976,-0.006650524130144886,0.006650524130144886
1,audit,RAC1P,120,pooled,validation,S,D,E_reconstruction_interaction_vs_S,E_rho0_D,E_rho0p1_D,S_rho0_D,S_rho0p1_D,-0.007913031957763383,-0.001641579807309279,-0.006271452150454104,0.006271452150454104
1,audit,RAC1P,120,pooled,development_evaluation,R,D,E_reconstruction_interaction_vs_R,E_rho0_D,E_rho0p1_D,R_rho0_D,R_rho0p1_D,0.008483095821099518,0.0008999685801862611,0.007583127240913257,-0.007583127240913257
1,audit,RAC1P,120,pooled,development_evaluation,S,D,E_reconstruction_interaction_vs_S,E_rho0_D,E_rho0p1_D,S_rho0_D,S_rho0p1_D,0.008483095821099518,0.0014525247905479155,0.007030571030551602,-0.007030571030551602
1,audit,RAC1P,120,pooled,validation_person_weighted,R,D,E_reconstruction_interaction_vs_R,E_rho0_D,E_rho0p1_D,R_rho0_D,R_rho0p1_D,-0.012827995449642415,4.7886998328250385e-05,-0.012875882447970666,0.012875882447970666
1,audit,RAC1P,120,pooled,validation_person_weighted,S,D,E_reconstruction_interaction_vs_S,E_rho0_D,E_rho0p1_D,S_rho0_D,S_rho0p1_D,-0.012827995449642415,-0.0036360203648724276,-0.009191975084769988,0.009191975084769988
1,audit,RAC1P,120,pooled,development_evaluation_person_weighted,R,D,E_reconstruction_interaction_vs_R,E_rho0_D,E_rho0p1_D,R_rho0_D,R_rho0p1_D,0.008494865564744325,0.0013177955342078551,0.00717707003053647,-0.00717707003053647
1,audit,RAC1P,120,pooled,development_evaluation_person_weighted,S,D,E_reconstruction_interaction_vs_S,E_rho0_D,E_rho0p1_D,S_rho0_D,S_rho0p1_D,0.008494865564744325,0.002890342224888709,0.005604523339855616,-0.005604523339855616
1,audit,SEX,360,primary,validation,R,D,E_reconstruction_interaction_vs_R,E_rho0_D,E_rho0p1_D,R_rho0_D,R_rho0p1_D,0.0038798148067572535,0.003051912056057593,0.0008279027506996606,-0.0008279027506996606
1,audit,SEX,360,primary,validation,S,D,E_reconstruction_interaction_vs_S,E_rho0_D,E_rho0p1_D,S_rho0_D,S_rho0p1_D,0.0038798148067572535,0.0020432236285162775,0.001836591178240976,-0.001836591178240976
1,audit,SEX,360,primary,development_evaluation,R,D,E_reconstruction_interaction_vs_R,E_rho0_D,E_rho0p1_D,R_rho0_D,R_rho0p1_D,0.004048536935224001,0.002139761639394111,0.0019087752958298898,-0.0019087752958298898
1,audit,SEX,360,primary,development_evaluation,S,D,E_reconstruction_interaction_vs_S,E_rho0_D,E_rho0p1_D,S_rho0_D,S_rho0p1_D,0.004048536935224001,0.0027960273563297777,0.001252509578894223,-0.001252509578894223
1,audit,SEX,360,primary,validation_person_weighted,R,D,E_reconstruction_interaction_vs_R,E_rho0_D,E_rho0p1_D,R_rho0_D,R_rho0p1_D,0.002502362029209948,0.002508044190799419,-5.68216158947088e-06,5.68216158947088e-06
1,audit,SEX,360,primary,validation_person_weighted,S,D,E_reconstruction_interaction_vs_S,E_rho0_D,E_rho0p1_D,S_rho0_D,S_rho0p1_D,0.002502362029209948,0.0036480526974095318,-0.0011456906681995838,0.0011456906681995838
1,audit,SEX,360,primary,development_evaluation_person_weighted,R,D,E_reconstruction_interaction_vs_R,E_rho0_D,E_rho0p1_D,R_rho0_D,R_rho0p1_D,0.0026389233386905353,0.0015781527755217573,0.001060770563168778,-0.001060770563168778
1,audit,SEX,360,primary,development_evaluation_person_weighted,S,D,E_reconstruction_interaction_vs_S,E_rho0_D,E_rho0p1_D,S_rho0_D,S_rho0p1_D,0.0026389233386905353,0.0025833305777092086,5.5592760981326705e-05,-5.5592760981326705e-05
1,audit,RAC1P,360,primary,validation,R,D,E_reconstruction_interaction_vs_R,E_rho0_D,E_rho0p1_D,R_rho0_D,R_rho0p1_D,0.0006785288772357401,-0.0012625078276184976,0.0019410367048542376,-0.0019410367048542376
1,audit,RAC1P,360,primary,validation,S,D,E_reconstruction_interaction_vs_S,E_rho0_D,E_rho0p1_D,S_rho0_D,S_rho0p1_D,0.0006785288772357401,-0.001641579807309279,0.002320108684545019,-0.002320108684545019
1,audit,RAC1P,360,primary,development_evaluation,R,D,E_reconstruction_interaction_vs_R,E_rho0_D,E_rho0p1_D,R_rho0_D,R_rho0p1_D,0.003925119521114961,0.0008999685801862611,0.0030251509409287003,-0.0030251509409287003
1,audit,RAC1P,360,primary,development_evaluation,S,D,E_reconstruction_interaction_vs_S,E_rho0_D,E_rho0p1_D,S_rho0_D,S_rho0p1_D,0.003925119521114961,0.0014525247905479155,0.002472594730567046,-0.002472594730567046
1,audit,RAC1P,360,primary,validation_person_weighted,R,D,E_reconstruction_interaction_vs_R,E_rho0_D,E_rho0p1_D,R_rho0_D,R_rho0p1_D,-0.0026093113872946994,4.7886998328250385e-05,-0.0026571983856229497,0.0026571983856229497
1,audit,RAC1P,360,primary,validation_person_weighted,S,D,E_reconstruction_interaction_vs_S,E_rho0_D,E_rho0p1_D,S_rho0_D,S_rho0p1_D,-0.0026093113872946994,-0.0036360203648724276,0.0010267089775777283,-0.0010267089775777283
1,audit,RAC1P,360,primary,development_evaluation_person_weighted,R,D,E_reconstruction_interaction_vs_R,E_rho0_D,E_rho0p1_D,R_rho0_D,R_rho0p1_D,0.0004180029227074389,0.0013177955342078551,-0.0008997926115004162,0.0008997926115004162
1,audit,RAC1P,360,primary,development_evaluation_person_weighted,S,D,E_reconstruction_interaction_vs_S,E_rho0_D,E_rho0p1_D,S_rho0_D,S_rho0p1_D,0.0004180029227074389,0.002890342224888709,-0.00247233930218127,0.00247233930218127
1,audit,SEX,360,pooled,validation,R,D,E_reconstruction_interaction_vs_R,E_rho0_D,E_rho0p1_D,R_rho0_D,R_rho0p1_D,0.005566914947277679,0.003051912056057593,0.002515002891220086,-0.002515002891220086
1,audit,SEX,360,pooled,validation,S,D,E_reconstruction_interaction_vs_S,E_rho0_D,E_rho0p1_D,S_rho0_D,S_rho0p1_D,0.005566914947277679,-0.00016008021203683942,0.0057269951593145185,-0.0057269951593145185
1,audit,SEX,360,pooled,development_evaluation,R,D,E_reconstruction_interaction_vs_R,E_rho0_D,E_rho0p1_D,R_rho0_D,R_rho0p1_D,0.0014628212703853283,0.002139761639394111,-0.0006769403690087827,0.0006769403690087827
1,audit,SEX,360,pooled,development_evaluation,S,D,E_reconstruction_interaction_vs_S,E_rho0_D,E_rho0p1_D,S_rho0_D,S_rho0p1_D,0.0014628212703853283,0.0143327699529181,-0.012869948682532772,0.012869948682532772
1,audit,SEX,360,pooled,validation_person_weighted,R,D,E_reconstruction_interaction_vs_R,E_rho0_D,E_rho0p1_D,R_rho0_D,R_rho0p1_D,0.002890235370956673,0.002508044190799419,0.0003821911801572542,-0.0003821911801572542
1,audit,SEX,360,pooled,validation_person_weighted,S,D,E_reconstruction_interaction_vs_S,E_rho0_D,E_rho0p1_D,S_rho0_D,S_rho0p1_D,0.002890235370956673,-0.005005176759602548,0.00789541213055922,-0.00789541213055922
1,audit,SEX,360,pooled,development_evaluation_person_weighted,R,D,E_reconstruction_interaction_vs_R,E_rho0_D,E_rho0p1_D,R_rho0_D,R_rho0p1_D,-0.0030925165872747185,0.0015781527755217573,-0.004670669362796476,0.004670669362796476
1,audit,SEX,360,pooled,development_evaluation_person_weighted,S,D,E_reconstruction_interaction_vs_S,E_rho0_D,E_rho0p1_D,S_rho0_D,S_rho0p1_D,-0.0030925165872747185,0.009703969720688654,-0.012796486307963373,0.012796486307963373
1,audit,RAC1P,360,pooled,validation,R,D,E_reconstruction_interaction_vs_R,E_rho0_D,E_rho0p1_D,R_rho0_D,R_rho0p1_D,-0.007913031957763383,-0.0012625078276184976,-0.006650524130144886,0.006650524130144886
1,audit,RAC1P,360,pooled,validation,S,D,E_reconstruction_interaction_vs_S,E_rho0_D,E_rho0p1_D,S_rho0_D,S_rho0p1_D,-0.007913031957763383,-0.001641579807309279,-0.006271452150454104,0.006271452150454104
1,audit,RAC1P,360,pooled,development_evaluation,R,D,E_reconstruction_interaction_vs_R,E_rho0_D,E_rho0p1_D,R_rho0_D,R_rho0p1_D,0.008483095821099518,0.0008999685801862611,0.007583127240913257,-0.007583127240913257
1,audit,RAC1P,360,pooled,development_evaluation,S,D,E_reconstruction_interaction_vs_S,E_rho0_D,E_rho0p1_D,S_rho0_D,S_rho0p1_D,0.008483095821099518,0.0014525247905479155,0.007030571030551602,-0.007030571030551602
1,audit,RAC1P,360,pooled,validation_person_weighted,R,D,E_reconstruction_interaction_vs_R,E_rho0_D,E_rho0p1_D,R_rho0_D,R_rho0p1_D,-0.012827995449642415,4.7886998328250385e-05,-0.012875882447970666,0.012875882447970666
1,audit,RAC1P,360,pooled,validation_person_weighted,S,D,E_reconstruction_interaction_vs_S,E_rho0_D,E_rho0p1_D,S_rho0_D,S_rho0p1_D,-0.012827995449642415,-0.0036360203648724276,-0.009191975084769988,0.009191975084769988
1,audit,RAC1P,360,pooled,development_evaluation_person_weighted,R,D,E_reconstruction_interaction_vs_R,E_rho0_D,E_rho0p1_D,R_rho0_D,R_rho0p1_D,0.008494865564744325,0.0013177955342078551,0.00717707003053647,-0.00717707003053647
1,audit,RAC1P,360,pooled,development_evaluation_person_weighted,S,D,E_reconstruction_interaction_vs_S,E_rho0_D,E_rho0p1_D,S_rho0_D,S_rho0p1_D,0.008494865564744325,0.002890342224888709,0.005604523339855616,-0.005604523339855616
2,transfer,same_residence,,primary,validation,R,C,E_reconstruction_interaction_vs_R,E_rho0_C,E_rho0p1_C,R_rho0_C,R_rho0p1_C,0.0019494544687994608,0.0010210748239148915,0.0009283796448845694,
2,transfer,same_residence,,primary,validation,S,C,E_reconstruction_interaction_vs_S,E_rho0_C,E_rho0p1_C,S_rho0_C,S_rho0p1_C,0.0019494544687994608,-0.0030759680089909036,0.0050254224777903644,
2,transfer,same_residence,,primary,development_evaluation,R,C,E_reconstruction_interaction_vs_R,E_rho0_C,E_rho0p1_C,R_rho0_C,R_rho0p1_C,0.0038591096370111933,0.002049133749811971,0.0018099758871992222,
2,transfer,same_residence,,primary,development_evaluation,S,C,E_reconstruction_interaction_vs_S,E_rho0_C,E_rho0p1_C,S_rho0_C,S_rho0p1_C,0.0038591096370111933,0.0003598294827941162,0.003499280154217077,
2,transfer,same_residence,,primary,validation_person_weighted,R,C,E_reconstruction_interaction_vs_R,E_rho0_C,E_rho0p1_C,R_rho0_C,R_rho0p1_C,-0.0003856391245459778,0.0006464728578053358,-0.0010321119823513136,
2,transfer,same_residence,,primary,validation_person_weighted,S,C,E_reconstruction_interaction_vs_S,E_rho0_C,E_rho0p1_C,S_rho0_C,S_rho0p1_C,-0.0003856391245459778,-0.003973400865467935,0.0035877617409219575,
2,transfer,same_residence,,primary,development_evaluation_person_weighted,R,C,E_reconstruction_interaction_vs_R,E_rho0_C,E_rho0p1_C,R_rho0_C,R_rho0p1_C,0.0035707352145225024,0.001429813569518712,0.0021409216450037905,
2,transfer,same_residence,,primary,development_evaluation_person_weighted,S,C,E_reconstruction_interaction_vs_S,E_rho0_C,E_rho0p1_C,S_rho0_C,S_rho0p1_C,0.0035707352145225024,0.0004919718627023895,0.003078763351820113,
2,transfer,commute_over20,,primary,validation,R,C,E_reconstruction_interaction_vs_R,E_rho0_C,E_rho0p1_C,R_rho0_C,R_rho0p1_C,-0.005232838113387817,0.0003707284086705842,-0.005603566522058401,
2,transfer,commute_over20,,primary,validation,S,C,E_reconstruction_interaction_vs_S,E_rho0_C,E_rho0p1_C,S_rho0_C,S_rho0p1_C,-0.005232838113387817,-0.0028481921678645827,-0.002384645945523234,
2,transfer,commute_over20,,primary,development_evaluation,R,C,E_reconstruction_interaction_vs_R,E_rho0_C,E_rho0p1_C,R_rho0_C,R_rho0p1_C,0.002447635674689197,-0.0013084691635978363,0.0037561048382870332,
2,transfer,commute_over20,,primary,development_evaluation,S,C,E_reconstruction_interaction_vs_S,E_rho0_C,E_rho0p1_C,S_rho0_C,S_rho0p1_C,0.002447635674689197,-0.00033382807070081455,0.0027814637453900115,
2,transfer,commute_over20,,primary,validation_person_weighted,R,C,E_reconstruction_interaction_vs_R,E_rho0_C,E_rho0p1_C,R_rho0_C,R_rho0p1_C,-0.00408174481193746,-0.00103652078598504,-0.00304522402595242,
2,transfer,commute_over20,,primary,validation_person_weighted,S,C,E_reconstruction_interaction_vs_S,E_rho0_C,E_rho0p1_C,S_rho0_C,S_rho0p1_C,-0.00408174481193746,-0.0032611759283887043,-0.0008205688835487557,
2,transfer,commute_over20,,primary,development_evaluation_person_weighted,R,C,E_reconstruction_interaction_vs_R,E_rho0_C,E_rho0p1_C,R_rho0_C,R_rho0p1_C,0.0075751077058976435,0.00018256222591805926,0.007392545479979584,
2,transfer,commute_over20,,primary,development_evaluation_person_weighted,S,C,E_reconstruction_interaction_vs_S,E_rho0_C,E_rho0p1_C,S_rho0_C,S_rho0p1_C,0.0075751077058976435,-0.0006348843550357808,0.008209992060933424,
2,transfer,income_binary,,primary,validation,R,C,E_reconstruction_interaction_vs_R,E_rho0_C,E_rho0p1_C,R_rho0_C,R_rho0p1_C,0.0017160034709053917,-0.0021556547352393207,0.0038716582061447125,
2,transfer,income_binary,,primary,validation,S,C,E_reconstruction_interaction_vs_S,E_rho0_C,E_rho0p1_C,S_rho0_C,S_rho0p1_C,0.0017160034709053917,0.002358824161533324,-0.0006428206906279321,
2,transfer,income_binary,,primary,development_evaluation,R,C,E_reconstruction_interaction_vs_R,E_rho0_C,E_rho0p1_C,R_rho0_C,R_rho0p1_C,0.002832020192268081,-0.0006557456598521028,0.0034877658521201838,
2,transfer,income_binary,,primary,development_evaluation,S,C,E_reconstruction_interaction_vs_S,E_rho0_C,E_rho0p1_C,S_rho0_C,S_rho0p1_C,0.002832020192268081,0.001780732439400523,0.001051287752867558,
2,transfer,income_binary,,primary,validation_person_weighted,R,C,E_reconstruction_interaction_vs_R,E_rho0_C,E_rho0p1_C,R_rho0_C,R_rho0p1_C,0.0032667345643068724,-0.000822516740213608,0.00408925130452048,
2,transfer,income_binary,,primary,validation_person_weighted,S,C,E_reconstruction_interaction_vs_S,E_rho0_C,E_rho0p1_C,S_rho0_C,S_rho0p1_C,0.0032667345643068724,0.0020082299618428556,0.0012585046024640167,
2,transfer,income_binary,,primary,development_evaluation_person_weighted,R,C,E_reconstruction_interaction_vs_R,E_rho0_C,E_rho0p1_C,R_rho0_C,R_rho0p1_C,0.0019312174356849732,-0.0011471188950278877,0.003078336330712861,
2,transfer,income_binary,,primary,development_evaluation_person_weighted,S,C,E_reconstruction_interaction_vs_S,E_rho0_C,E_rho0p1_C,S_rho0_C,S_rho0p1_C,0.0019312174356849732,0.0014578070758463069,0.0004734103598386663,
2,transfer,civilian_at_work,,primary,validation,R,C,E_reconstruction_interaction_vs_R,E_rho0_C,E_rho0p1_C,R_rho0_C,R_rho0p1_C,-0.00021996281606517787,0.0007990741812703428,-0.0010190369973355207,
2,transfer,civilian_at_work,,primary,validation,S,C,E_reconstruction_interaction_vs_S,E_rho0_C,E_rho0p1_C,S_rho0_C,S_rho0p1_C,-0.00021996281606517787,0.0008585249951624796,-0.0010784878112276575,
2,transfer,civilian_at_work,,primary,development_evaluation,R,C,E_reconstruction_interaction_vs_R,E_rho0_C,E_rho0p1_C,R_rho0_C,R_rho0p1_C,0.003901821902685676,-0.0018859247316694305,0.0057877466343551065,
2,transfer,civilian_at_work,,primary,development_evaluation,S,C,E_reconstruction_interaction_vs_S,E_rho0_C,E_rho0p1_C,S_rho0_C,S_rho0p1_C,0.003901821902685676,0.0006297148302120692,0.0032721070724736068,
2,transfer,civilian_at_work,,primary,validation_person_weighted,R,C,E_reconstruction_interaction_vs_R,E_rho0_C,E_rho0p1_C,R_rho0_C,R_rho0p1_C,0.0016748289658098936,0.0007725576451018124,0.0009022713207080812,
2,transfer,civilian_at_work,,primary,validation_person_weighted,S,C,E_reconstruction_interaction_vs_S,E_rho0_C,E_rho0p1_C,S_rho0_C,S_rho0p1_C,0.0016748289658098936,0.0010299624923308381,0.0006448664734790555,
2,transfer,civilian_at_work,,primary,development_evaluation_person_weighted,R,C,E_reconstruction_interaction_vs_R,E_rho0_C,E_rho0p1_C,R_rho0_C,R_rho0p1_C,0.004404783079872743,-0.002321900301853752,0.006726683381726495,
2,transfer,civilian_at_work,,primary,development_evaluation_person_weighted,S,C,E_reconstruction_interaction_vs_S,E_rho0_C,E_rho0p1_C,S_rho0_C,S_rho0p1_C,0.004404783079872743,0.00033567454288813137,0.004069108536984611,
2,transfer,public_coverage,,primary,validation,R,C,E_reconstruction_interaction_vs_R,E_rho0_C,E_rho0p1_C,R_rho0_C,R_rho0p1_C,-0.001225146547957301,-1.199272774810023e-06,-0.001223947275182491,
2,transfer,public_coverage,,primary,validation,S,C,E_reconstruction_interaction_vs_S,E_rho0_C,E_rho0p1_C,S_rho0_C,S_rho0p1_C,-0.001225146547957301,-0.000985712005189987,-0.0002394345427673139,
2,transfer,public_coverage,,primary,development_evaluation,R,C,E_reconstruction_interaction_vs_R,E_rho0_C,E_rho0p1_C,R_rho0_C,R_rho0p1_C,0.002323120032049708,0.004844055095003075,-0.0025209350629533667,
2,transfer,public_coverage,,primary,development_evaluation,S,C,E_reconstruction_interaction_vs_S,E_rho0_C,E_rho0p1_C,S_rho0_C,S_rho0p1_C,0.002323120032049708,-0.0005214832714954265,0.0028446033035451346,
2,transfer,public_coverage,,primary,validation_person_weighted,R,C,E_reconstruction_interaction_vs_R,E_rho0_C,E_rho0p1_C,R_rho0_C,R_rho0p1_C,-0.0002661855183736517,-0.0027058756666333283,0.0024396901482596767,
2,transfer,public_coverage,,primary,validation_person_weighted,S,C,E_reconstruction_interaction_vs_S,E_rho0_C,E_rho0p1_C,S_rho0_C,S_rho0p1_C,-0.0002661855183736517,-0.0015098966020701265,0.0012437110836964749,
2,transfer,public_coverage,,primary,development_evaluation_person_weighted,R,C,E_reconstruction_interaction_vs_R,E_rho0_C,E_rho0p1_C,R_rho0_C,R_rho0p1_C,0.0005182584414349933,0.005441486177550636,-0.004923227736115643,
2,transfer,public_coverage,,primary,development_evaluation_person_weighted,S,C,E_reconstruction_interaction_vs_S,E_rho0_C,E_rho0p1_C,S_rho0_C,S_rho0p1_C,0.0005182584414349933,-0.004011425050197859,0.004529683491632852,
2,audit,SEX,120,primary,validation,R,C,E_reconstruction_interaction_vs_R,E_rho0_C,E_rho0p1_C,R_rho0_C,R_rho0p1_C,0.003314215398059761,0.0006018839713951563,0.002712331426664605,-0.002712331426664605
2,audit,SEX,120,primary,validation,S,C,E_reconstruction_interaction_vs_S,E_rho0_C,E_rho0p1_C,S_rho0_C,S_rho0p1_C,0.003314215398059761,0.006601249205732906,-0.0032870338076731453,0.0032870338076731453
2,audit,SEX,120,primary,development_evaluation,R,C,E_reconstruction_interaction_vs_R,E_rho0_C,E_rho0p1_C,R_rho0_C,R_rho0p1_C,0.005673210310784604,0.0011331817181741144,0.00454002859261049,-0.00454002859261049
2,audit,SEX,120,primary,development_evaluation,S,C,E_reconstruction_interaction_vs_S,E_rho0_C,E_rho0p1_C,S_rho0_C,S_rho0p1_C,0.005673210310784604,0.00611537583850319,-0.0004421655277185854,0.0004421655277185854
2,audit,SEX,120,primary,validation_person_weighted,R,C,E_reconstruction_interaction_vs_R,E_rho0_C,E_rho0p1_C,R_rho0_C,R_rho0p1_C,-0.0007229313980537944,-0.0009639392836187088,0.00024100788556491448,-0.00024100788556491448
2,audit,SEX,120,primary,validation_person_weighted,S,C,E_reconstruction_interaction_vs_S,E_rho0_C,E_rho0p1_C,S_rho0_C,S_rho0p1_C,-0.0007229313980537944,0.004125232099663867,-0.004848163497717661,0.004848163497717661
2,audit,SEX,120,primary,development_evaluation_person_weighted,R,C,E_reconstruction_interaction_vs_R,E_rho0_C,E_rho0p1_C,R_rho0_C,R_rho0p1_C,0.004965046175264609,-0.00030544066794790936,0.0052704868432125185,-0.0052704868432125185
2,audit,SEX,120,primary,development_evaluation_person_weighted,S,C,E_reconstruction_interaction_vs_S,E_rho0_C,E_rho0p1_C,S_rho0_C,S_rho0p1_C,0.004965046175264609,0.003807985008290049,0.00115706116697456,-0.00115706116697456
2,audit,RAC1P,120,primary,validation,R,C,E_reconstruction_interaction_vs_R,E_rho0_C,E_rho0p1_C,R_rho0_C,R_rho0p1_C,0.002000480486681777,-0.0008735788772897823,0.0028740593639715595,-0.0028740593639715595
2,audit,RAC1P,120,primary,validation,S,C,E_reconstruction_interaction_vs_S,E_rho0_C,E_rho0p1_C,S_rho0_C,S_rho0p1_C,0.002000480486681777,0.005919780982079903,-0.003919300495398126,0.003919300495398126
2,audit,RAC1P,120,primary,development_evaluation,R,C,E_reconstruction_interaction_vs_R,E_rho0_C,E_rho0p1_C,R_rho0_C,R_rho0p1_C,0.0018110214787929735,0.00045488247304947826,0.0013561390057434952,-0.0013561390057434952
2,audit,RAC1P,120,primary,development_evaluation,S,C,E_reconstruction_interaction_vs_S,E_rho0_C,E_rho0p1_C,S_rho0_C,S_rho0p1_C,0.0018110214787929735,0.008451191675803216,-0.006640170197010242,0.006640170197010242
2,audit,RAC1P,120,primary,validation_person_weighted,R,C,E_reconstruction_interaction_vs_R,E_rho0_C,E_rho0p1_C,R_rho0_C,R_rho0p1_C,0.0027966580154592524,-0.001706819957309147,0.004503477972768399,-0.004503477972768399
2,audit,RAC1P,120,primary,validation_person_weighted,S,C,E_reconstruction_interaction_vs_S,E_rho0_C,E_rho0p1_C,S_rho0_C,S_rho0p1_C,0.0027966580154592524,0.004842320766632158,-0.0020456627511729053,0.0020456627511729053
2,audit,RAC1P,120,primary,development_evaluation_person_weighted,R,C,E_reconstruction_interaction_vs_R,E_rho0_C,E_rho0p1_C,R_rho0_C,R_rho0p1_C,0.00101159173510168,0.004161921728383033,-0.0031503299932813533,0.0031503299932813533
2,audit,RAC1P,120,primary,development_evaluation_person_weighted,S,C,E_reconstruction_interaction_vs_S,E_rho0_C,E_rho0p1_C,S_rho0_C,S_rho0p1_C,0.00101159173510168,0.00753839382252508,-0.0065268020874234,0.0065268020874234
2,audit,SEX,120,pooled,validation,R,C,E_reconstruction_interaction_vs_R,E_rho0_C,E_rho0p1_C,R_rho0_C,R_rho0p1_C,0.0025516408355187314,0.0006018839713951563,0.0019497568641235752,-0.0019497568641235752
2,audit,SEX,120,pooled,validation,S,C,E_reconstruction_interaction_vs_S,E_rho0_C,E_rho0p1_C,S_rho0_C,S_rho0p1_C,0.0025516408355187314,0.006601249205732906,-0.004049608370214175,0.004049608370214175
2,audit,SEX,120,pooled,development_evaluation,R,C,E_reconstruction_interaction_vs_R,E_rho0_C,E_rho0p1_C,R_rho0_C,R_rho0p1_C,0.004236853306203825,0.0011331817181741144,0.0031036715880297105,-0.0031036715880297105
2,audit,SEX,120,pooled,development_evaluation,S,C,E_reconstruction_interaction_vs_S,E_rho0_C,E_rho0p1_C,S_rho0_C,S_rho0p1_C,0.004236853306203825,0.00611537583850319,-0.0018785225322993648,0.0018785225322993648
2,audit,SEX,120,pooled,validation_person_weighted,R,C,E_reconstruction_interaction_vs_R,E_rho0_C,E_rho0p1_C,R_rho0_C,R_rho0p1_C,-0.003973929033025292,-0.0009639392836187088,-0.003009989749406583,0.003009989749406583
2,audit,SEX,120,pooled,validation_person_weighted,S,C,E_reconstruction_interaction_vs_S,E_rho0_C,E_rho0p1_C,S_rho0_C,S_rho0p1_C,-0.003973929033025292,0.004125232099663867,-0.008099161132689159,0.008099161132689159
2,audit,SEX,120,pooled,development_evaluation_person_weighted,R,C,E_reconstruction_interaction_vs_R,E_rho0_C,E_rho0p1_C,R_rho0_C,R_rho0p1_C,0.0062736492000606825,-0.00030544066794790936,0.006579089868008592,-0.006579089868008592
2,audit,SEX,120,pooled,development_evaluation_person_weighted,S,C,E_reconstruction_interaction_vs_S,E_rho0_C,E_rho0p1_C,S_rho0_C,S_rho0p1_C,0.0062736492000606825,0.003807985008290049,0.0024656641917706335,-0.0024656641917706335
2,audit,RAC1P,120,pooled,validation,R,C,E_reconstruction_interaction_vs_R,E_rho0_C,E_rho0p1_C,R_rho0_C,R_rho0p1_C,0.010926974372561515,-0.0008735788772897823,0.011800553249851298,-0.011800553249851298
2,audit,RAC1P,120,pooled,validation,S,C,E_reconstruction_interaction_vs_S,E_rho0_C,E_rho0p1_C,S_rho0_C,S_rho0p1_C,0.010926974372561515,0.015384205266622208,-0.004457230894060693,0.004457230894060693
2,audit,RAC1P,120,pooled,development_evaluation,R,C,E_reconstruction_interaction_vs_R,E_rho0_C,E_rho0p1_C,R_rho0_C,R_rho0p1_C,0.002020025478051135,0.00045488247304947826,0.0015651430050016568,-0.0015651430050016568
2,audit,RAC1P,120,pooled,development_evaluation,S,C,E_reconstruction_interaction_vs_S,E_rho0_C,E_rho0p1_C,S_rho0_C,S_rho0p1_C,0.002020025478051135,0.00885118463543666,-0.006831159157385525,0.006831159157385525
2,audit,RAC1P,120,pooled,validation_person_weighted,R,C,E_reconstruction_interaction_vs_R,E_rho0_C,E_rho0p1_C,R_rho0_C,R_rho0p1_C,0.013955292648340167,-0.001706819957309147,0.015662112605649314,-0.015662112605649314
2,audit,RAC1P,120,pooled,validation_person_weighted,S,C,E_reconstruction_interaction_vs_S,E_rho0_C,E_rho0p1_C,S_rho0_C,S_rho0p1_C,0.013955292648340167,0.015486659846181361,-0.0015313671978411936,0.0015313671978411936
2,audit,RAC1P,120,pooled,development_evaluation_person_weighted,R,C,E_reconstruction_interaction_vs_R,E_rho0_C,E_rho0p1_C,R_rho0_C,R_rho0p1_C,0.0021046377523281645,0.004161921728383033,-0.002057283976054869,0.002057283976054869
2,audit,RAC1P,120,pooled,development_evaluation_person_weighted,S,C,E_reconstruction_interaction_vs_S,E_rho0_C,E_rho0p1_C,S_rho0_C,S_rho0p1_C,0.0021046377523281645,0.007557189974342071,-0.005452552222013907,0.005452552222013907
2,audit,SEX,360,primary,validation,R,C,E_reconstruction_interaction_vs_R,E_rho0_C,E_rho0p1_C,R_rho0_C,R_rho0p1_C,0.003314215398059761,0.0006018839713951563,0.002712331426664605,-0.002712331426664605
2,audit,SEX,360,primary,validation,S,C,E_reconstruction_interaction_vs_S,E_rho0_C,E_rho0p1_C,S_rho0_C,S_rho0p1_C,0.003314215398059761,0.006601249205732906,-0.0032870338076731453,0.0032870338076731453
2,audit,SEX,360,primary,development_evaluation,R,C,E_reconstruction_interaction_vs_R,E_rho0_C,E_rho0p1_C,R_rho0_C,R_rho0p1_C,0.005673210310784604,0.0011331817181741144,0.00454002859261049,-0.00454002859261049
2,audit,SEX,360,primary,development_evaluation,S,C,E_reconstruction_interaction_vs_S,E_rho0_C,E_rho0p1_C,S_rho0_C,S_rho0p1_C,0.005673210310784604,0.00611537583850319,-0.0004421655277185854,0.0004421655277185854
2,audit,SEX,360,primary,validation_person_weighted,R,C,E_reconstruction_interaction_vs_R,E_rho0_C,E_rho0p1_C,R_rho0_C,R_rho0p1_C,-0.0007229313980537944,-0.0009639392836187088,0.00024100788556491448,-0.00024100788556491448
2,audit,SEX,360,primary,validation_person_weighted,S,C,E_reconstruction_interaction_vs_S,E_rho0_C,E_rho0p1_C,S_rho0_C,S_rho0p1_C,-0.0007229313980537944,0.004125232099663867,-0.004848163497717661,0.004848163497717661
2,audit,SEX,360,primary,development_evaluation_person_weighted,R,C,E_reconstruction_interaction_vs_R,E_rho0_C,E_rho0p1_C,R_rho0_C,R_rho0p1_C,0.004965046175264609,-0.00030544066794790936,0.0052704868432125185,-0.0052704868432125185
2,audit,SEX,360,primary,development_evaluation_person_weighted,S,C,E_reconstruction_interaction_vs_S,E_rho0_C,E_rho0p1_C,S_rho0_C,S_rho0p1_C,0.004965046175264609,0.003807985008290049,0.00115706116697456,-0.00115706116697456
2,audit,RAC1P,360,primary,validation,R,C,E_reconstruction_interaction_vs_R,E_rho0_C,E_rho0p1_C,R_rho0_C,R_rho0p1_C,0.002000480486681777,-0.0008735788772897823,0.0028740593639715595,-0.0028740593639715595
2,audit,RAC1P,360,primary,validation,S,C,E_reconstruction_interaction_vs_S,E_rho0_C,E_rho0p1_C,S_rho0_C,S_rho0p1_C,0.002000480486681777,0.005919780982079903,-0.003919300495398126,0.003919300495398126
2,audit,RAC1P,360,primary,development_evaluation,R,C,E_reconstruction_interaction_vs_R,E_rho0_C,E_rho0p1_C,R_rho0_C,R_rho0p1_C,0.0018110214787929735,0.00045488247304947826,0.0013561390057434952,-0.0013561390057434952
2,audit,RAC1P,360,primary,development_evaluation,S,C,E_reconstruction_interaction_vs_S,E_rho0_C,E_rho0p1_C,S_rho0_C,S_rho0p1_C,0.0018110214787929735,0.008451191675803216,-0.006640170197010242,0.006640170197010242
2,audit,RAC1P,360,primary,validation_person_weighted,R,C,E_reconstruction_interaction_vs_R,E_rho0_C,E_rho0p1_C,R_rho0_C,R_rho0p1_C,0.0027966580154592524,-0.001706819957309147,0.004503477972768399,-0.004503477972768399
2,audit,RAC1P,360,primary,validation_person_weighted,S,C,E_reconstruction_interaction_vs_S,E_rho0_C,E_rho0p1_C,S_rho0_C,S_rho0p1_C,0.0027966580154592524,0.004842320766632158,-0.0020456627511729053,0.0020456627511729053
2,audit,RAC1P,360,primary,development_evaluation_person_weighted,R,C,E_reconstruction_interaction_vs_R,E_rho0_C,E_rho0p1_C,R_rho0_C,R_rho0p1_C,0.00101159173510168,0.004161921728383033,-0.0031503299932813533,0.0031503299932813533
2,audit,RAC1P,360,primary,development_evaluation_person_weighted,S,C,E_reconstruction_interaction_vs_S,E_rho0_C,E_rho0p1_C,S_rho0_C,S_rho0p1_C,0.00101159173510168,0.00753839382252508,-0.0065268020874234,0.0065268020874234
2,audit,SEX,360,pooled,validation,R,C,E_reconstruction_interaction_vs_R,E_rho0_C,E_rho0p1_C,R_rho0_C,R_rho0p1_C,0.0025516408355187314,0.0006018839713951563,0.0019497568641235752,-0.0019497568641235752
2,audit,SEX,360,pooled,validation,S,C,E_reconstruction_interaction_vs_S,E_rho0_C,E_rho0p1_C,S_rho0_C,S_rho0p1_C,0.0025516408355187314,0.006601249205732906,-0.004049608370214175,0.004049608370214175
2,audit,SEX,360,pooled,development_evaluation,R,C,E_reconstruction_interaction_vs_R,E_rho0_C,E_rho0p1_C,R_rho0_C,R_rho0p1_C,0.004236853306203825,0.0011331817181741144,0.0031036715880297105,-0.0031036715880297105
2,audit,SEX,360,pooled,development_evaluation,S,C,E_reconstruction_interaction_vs_S,E_rho0_C,E_rho0p1_C,S_rho0_C,S_rho0p1_C,0.004236853306203825,0.00611537583850319,-0.0018785225322993648,0.0018785225322993648
2,audit,SEX,360,pooled,validation_person_weighted,R,C,E_reconstruction_interaction_vs_R,E_rho0_C,E_rho0p1_C,R_rho0_C,R_rho0p1_C,-0.003973929033025292,-0.0009639392836187088,-0.003009989749406583,0.003009989749406583
2,audit,SEX,360,pooled,validation_person_weighted,S,C,E_reconstruction_interaction_vs_S,E_rho0_C,E_rho0p1_C,S_rho0_C,S_rho0p1_C,-0.003973929033025292,0.004125232099663867,-0.008099161132689159,0.008099161132689159
2,audit,SEX,360,pooled,development_evaluation_person_weighted,R,C,E_reconstruction_interaction_vs_R,E_rho0_C,E_rho0p1_C,R_rho0_C,R_rho0p1_C,0.0062736492000606825,-0.00030544066794790936,0.006579089868008592,-0.006579089868008592
2,audit,SEX,360,pooled,development_evaluation_person_weighted,S,C,E_reconstruction_interaction_vs_S,E_rho0_C,E_rho0p1_C,S_rho0_C,S_rho0p1_C,0.0062736492000606825,0.003807985008290049,0.0024656641917706335,-0.0024656641917706335
2,audit,RAC1P,360,pooled,validation,R,C,E_reconstruction_interaction_vs_R,E_rho0_C,E_rho0p1_C,R_rho0_C,R_rho0p1_C,0.010926974372561515,-0.0008735788772897823,0.011800553249851298,-0.011800553249851298
2,audit,RAC1P,360,pooled,validation,S,C,E_reconstruction_interaction_vs_S,E_rho0_C,E_rho0p1_C,S_rho0_C,S_rho0p1_C,0.010926974372561515,0.015384205266622208,-0.004457230894060693,0.004457230894060693
2,audit,RAC1P,360,pooled,development_evaluation,R,C,E_reconstruction_interaction_vs_R,E_rho0_C,E_rho0p1_C,R_rho0_C,R_rho0p1_C,0.002020025478051135,0.00045488247304947826,0.0015651430050016568,-0.0015651430050016568
2,audit,RAC1P,360,pooled,development_evaluation,S,C,E_reconstruction_interaction_vs_S,E_rho0_C,E_rho0p1_C,S_rho0_C,S_rho0p1_C,0.002020025478051135,0.00885118463543666,-0.006831159157385525,0.006831159157385525
2,audit,RAC1P,360,pooled,validation_person_weighted,R,C,E_reconstruction_interaction_vs_R,E_rho0_C,E_rho0p1_C,R_rho0_C,R_rho0p1_C,0.013955292648340167,-0.001706819957309147,0.015662112605649314,-0.015662112605649314
2,audit,RAC1P,360,pooled,validation_person_weighted,S,C,E_reconstruction_interaction_vs_S,E_rho0_C,E_rho0p1_C,S_rho0_C,S_rho0p1_C,0.013955292648340167,0.015486659846181361,-0.0015313671978411936,0.0015313671978411936
2,audit,RAC1P,360,pooled,development_evaluation_person_weighted,R,C,E_reconstruction_interaction_vs_R,E_rho0_C,E_rho0p1_C,R_rho0_C,R_rho0p1_C,0.0021046377523281645,0.004161921728383033,-0.002057283976054869,0.002057283976054869
2,audit,RAC1P,360,pooled,development_evaluation_person_weighted,S,C,E_reconstruction_interaction_vs_S,E_rho0_C,E_rho0p1_C,S_rho0_C,S_rho0p1_C,0.0021046377523281645,0.007557189974342071,-0.005452552222013907,0.005452552222013907
2,transfer,same_residence,,primary,validation,R,D,E_reconstruction_interaction_vs_R,E_rho0_D,E_rho0p1_D,R_rho0_D,R_rho0p1_D,0.0020752061619282447,0.0012114488890138109,0.0008637572729144338,
2,transfer,same_residence,,primary,validation,S,D,E_reconstruction_interaction_vs_S,E_rho0_D,E_rho0p1_D,S_rho0_D,S_rho0p1_D,0.0020752061619282447,-0.001639469978479302,0.003714676140407547,
2,transfer,same_residence,,primary,development_evaluation,R,D,E_reconstruction_interaction_vs_R,E_rho0_D,E_rho0p1_D,R_rho0_D,R_rho0p1_D,0.004455175287805924,0.0022628647536148683,0.0021923105341910554,
2,transfer,same_residence,,primary,development_evaluation,S,D,E_reconstruction_interaction_vs_S,E_rho0_D,E_rho0p1_D,S_rho0_D,S_rho0p1_D,0.004455175287805924,0.00040008281003584,0.004055092477770084,
2,transfer,same_residence,,primary,validation_person_weighted,R,D,E_reconstruction_interaction_vs_R,E_rho0_D,E_rho0p1_D,R_rho0_D,R_rho0p1_D,0.0005540038620245324,0.000874290504161046,-0.0003202866421365136,
2,transfer,same_residence,,primary,validation_person_weighted,S,D,E_reconstruction_interaction_vs_S,E_rho0_D,E_rho0p1_D,S_rho0_D,S_rho0p1_D,0.0005540038620245324,-0.0026059551016962557,0.003159958963720788,
2,transfer,same_residence,,primary,development_evaluation_person_weighted,R,D,E_reconstruction_interaction_vs_R,E_rho0_D,E_rho0p1_D,R_rho0_D,R_rho0p1_D,0.00413126119092222,0.0017806500881609177,0.002350611102761302,
2,transfer,same_residence,,primary,development_evaluation_person_weighted,S,D,E_reconstruction_interaction_vs_S,E_rho0_D,E_rho0p1_D,S_rho0_D,S_rho0p1_D,0.00413126119092222,-0.00012097160185897682,0.0042522327927811965,
2,transfer,commute_over20,,primary,validation,R,D,E_reconstruction_interaction_vs_R,E_rho0_D,E_rho0p1_D,R_rho0_D,R_rho0p1_D,-0.004282408892389955,1.1424517100011577e-05,-0.004293833409489967,
2,transfer,commute_over20,,primary,validation,S,D,E_reconstruction_interaction_vs_S,E_rho0_D,E_rho0p1_D,S_rho0_D,S_rho0p1_D,-0.004282408892389955,-0.0024987493017955,-0.0017836595905944552,
2,transfer,commute_over20,,primary,development_evaluation,R,D,E_reconstruction_interaction_vs_R,E_rho0_D,E_rho0p1_D,R_rho0_D,R_rho0p1_D,0.0021203384257709734,-0.0012912195596795906,0.003411557985450564,
2,transfer,commute_over20,,primary,development_evaluation,S,D,E_reconstruction_interaction_vs_S,E_rho0_D,E_rho0p1_D,S_rho0_D,S_rho0p1_D,0.0021203384257709734,-0.00012711025311185065,0.002247448678882824,
2,transfer,commute_over20,,primary,validation_person_weighted,R,D,E_reconstruction_interaction_vs_R,E_rho0_D,E_rho0p1_D,R_rho0_D,R_rho0p1_D,-0.0025145575720216806,-0.001151561586958727,-0.0013629959850629536,
2,transfer,commute_over20,,primary,validation_person_weighted,S,D,E_reconstruction_interaction_vs_S,E_rho0_D,E_rho0p1_D,S_rho0_D,S_rho0p1_D,-0.0025145575720216806,-0.0026580702558749447,0.0001435126838532641,
2,transfer,commute_over20,,primary,development_evaluation_person_weighted,R,D,E_reconstruction_interaction_vs_R,E_rho0_D,E_rho0p1_D,R_rho0_D,R_rho0p1_D,0.00768261064197584,-0.00022380824641676789,0.007906418888392608,
2,transfer,commute_over20,,primary,development_evaluation_person_weighted,S,D,E_reconstruction_interaction_vs_S,E_rho0_D,E_rho0p1_D,S_rho0_D,S_rho0p1_D,0.00768261064197584,-0.001131869295490473,0.008814479937466313,
2,transfer,income_binary,,primary,validation,R,D,E_reconstruction_interaction_vs_R,E_rho0_D,E_rho0p1_D,R_rho0_D,R_rho0p1_D,0.0010557913052064993,-0.0019018500411976946,0.002957641346404194,
2,transfer,income_binary,,primary,validation,S,D,E_reconstruction_interaction_vs_S,E_rho0_D,E_rho0p1_D,S_rho0_D,S_rho0p1_D,0.0010557913052064993,0.001549023281459061,-0.0004932319762525617,
2,transfer,income_binary,,primary,development_evaluation,R,D,E_reconstruction_interaction_vs_R,E_rho0_D,E_rho0p1_D,R_rho0_D,R_rho0p1_D,0.0025770211014642386,-0.0009050112914932296,0.003482032392957468,
2,transfer,income_binary,,primary,development_evaluation,S,D,E_reconstruction_interaction_vs_S,E_rho0_D,E_rho0p1_D,S_rho0_D,S_rho0p1_D,0.0025770211014642386,0.000151131032478935,0.0024258900689853036,
2,transfer,income_binary,,primary,validation_person_weighted,R,D,E_reconstruction_interaction_vs_R,E_rho0_D,E_rho0p1_D,R_rho0_D,R_rho0p1_D,0.0023624337127409745,-0.0008637000372710979,0.0032261337500120724,
2,transfer,income_binary,,primary,validation_person_weighted,S,D,E_reconstruction_interaction_vs_S,E_rho0_D,E_rho0p1_D,S_rho0_D,S_rho0p1_D,0.0023624337127409745,0.0029556654003667915,-0.000593231687625817,
2,transfer,income_binary,,primary,development_evaluation_person_weighted,R,D,E_reconstruction_interaction_vs_R,E_rho0_D,E_rho0p1_D,R_rho0_D,R_rho0p1_D,0.001519736598476873,-0.001194432381824595,0.002714168980301468,
2,transfer,income_binary,,primary,development_evaluation_person_weighted,S,D,E_reconstruction_interaction_vs_S,E_rho0_D,E_rho0p1_D,S_rho0_D,S_rho0p1_D,0.001519736598476873,-0.0006367936689203879,0.002156530267397261,
2,transfer,civilian_at_work,,primary,validation,R,D,E_reconstruction_interaction_vs_R,E_rho0_D,E_rho0p1_D,R_rho0_D,R_rho0p1_D,-0.00036014477098200715,0.0006260289451985868,-0.000986173716180594,
2,transfer,civilian_at_work,,primary,validation,S,D,E_reconstruction_interaction_vs_S,E_rho0_D,E_rho0p1_D,S_rho0_D,S_rho0p1_D,-0.00036014477098200715,0.0009387459394413211,-0.0012988907104233283,
2,transfer,civilian_at_work,,primary,development_evaluation,R,D,E_reconstruction_interaction_vs_R,E_rho0_D,E_rho0p1_D,R_rho0_D,R_rho0p1_D,0.003533515422923128,-0.0010226737014375487,0.004556189124360677,
2,transfer,civilian_at_work,,primary,development_evaluation,S,D,E_reconstruction_interaction_vs_S,E_rho0_D,E_rho0p1_D,S_rho0_D,S_rho0p1_D,0.003533515422923128,0.0010323186257651384,0.0025011967971579896,
2,transfer,civilian_at_work,,primary,validation_person_weighted,R,D,E_reconstruction_interaction_vs_R,E_rho0_D,E_rho0p1_D,R_rho0_D,R_rho0p1_D,-0.002354884313764183,-0.0006153499691577968,-0.001739534344606386,
2,transfer,civilian_at_work,,primary,validation_person_weighted,S,D,E_reconstruction_interaction_vs_S,E_rho0_D,E_rho0p1_D,S_rho0_D,S_rho0p1_D,-0.002354884313764183,0.0008575582093129364,-0.003212442523077119,
2,transfer,civilian_at_work,,primary,development_evaluation_person_weighted,R,D,E_reconstruction_interaction_vs_R,E_rho0_D,E_rho0p1_D,R_rho0_D,R_rho0p1_D,0.0030450545310773958,-0.0014945670159410285,0.004539621547018424,
2,transfer,civilian_at_work,,primary,development_evaluation_person_weighted,S,D,E_reconstruction_interaction_vs_S,E_rho0_D,E_rho0p1_D,S_rho0_D,S_rho0p1_D,0.0030450545310773958,0.00130322981736547,0.0017418247137119258,
2,transfer,public_coverage,,primary,validation,R,D,E_reconstruction_interaction_vs_R,E_rho0_D,E_rho0p1_D,R_rho0_D,R_rho0p1_D,-0.0003292041559851966,0.00019447699571750743,-0.000523681151702704,
2,transfer,public_coverage,,primary,validation,S,D,E_reconstruction_interaction_vs_S,E_rho0_D,E_rho0p1_D,S_rho0_D,S_rho0p1_D,-0.0003292041559851966,1.6153547475750152e-05,-0.00034535770346094674,
2,transfer,public_coverage,,primary,development_evaluation,R,D,E_reconstruction_interaction_vs_R,E_rho0_D,E_rho0p1_D,R_rho0_D,R_rho0p1_D,0.0018472477506639162,0.002158031221842327,-0.00031078347117841076,
2,transfer,public_coverage,,primary,development_evaluation,S,D,E_reconstruction_interaction_vs_S,E_rho0_D,E_rho0p1_D,S_rho0_D,S_rho0p1_D,0.0018472477506639162,-0.00035162186452536437,0.0021988696151892806,
2,transfer,public_coverage,,primary,validation_person_weighted,R,D,E_reconstruction_interaction_vs_R,E_rho0_D,E_rho0p1_D,R_rho0_D,R_rho0p1_D,5.5168676161843067e-05,1.738846360221924e-05,3.778021255962383e-05,
2,transfer,public_coverage,,primary,validation_person_weighted,S,D,E_reconstruction_interaction_vs_S,E_rho0_D,E_rho0p1_D,S_rho0_D,S_rho0p1_D,5.5168676161843067e-05,0.0010363155567520987,-0.0009811468805902557,
2,transfer,public_coverage,,primary,development_evaluation_person_weighted,R,D,E_reconstruction_interaction_vs_R,E_rho0_D,E_rho0p1_D,R_rho0_D,R_rho0p1_D,6.175417252024529e-05,0.0016014818736413972,-0.0015397277011211519,
2,transfer,public_coverage,,primary,development_evaluation_person_weighted,S,D,E_reconstruction_interaction_vs_S,E_rho0_D,E_rho0p1_D,S_rho0_D,S_rho0p1_D,6.175417252024529e-05,-0.0033907361633955246,0.00345249033591577,
2,audit,SEX,120,primary,validation,R,D,E_reconstruction_interaction_vs_R,E_rho0_D,E_rho0p1_D,R_rho0_D,R_rho0p1_D,0.0016698778666229819,0.0007375542168287508,0.0009323236497942311,-0.0009323236497942311
2,audit,SEX,120,primary,validation,S,D,E_reconstruction_interaction_vs_S,E_rho0_D,E_rho0p1_D,S_rho0_D,S_rho0p1_D,0.0016698778666229819,0.002626319671158117,-0.0009564418045351353,0.0009564418045351353
2,audit,SEX,120,primary,development_evaluation,R,D,E_reconstruction_interaction_vs_R,E_rho0_D,E_rho0p1_D,R_rho0_D,R_rho0p1_D,0.0014711734394757814,0.001386681020568159,8.449241890762238e-05,-8.449241890762238e-05
2,audit,SEX,120,primary,development_evaluation,S,D,E_reconstruction_interaction_vs_S,E_rho0_D,E_rho0p1_D,S_rho0_D,S_rho0p1_D,0.0014711734394757814,0.0004558872161213312,0.0010152862233544502,-0.0010152862233544502
2,audit,SEX,120,primary,validation_person_weighted,R,D,E_reconstruction_interaction_vs_R,E_rho0_D,E_rho0p1_D,R_rho0_D,R_rho0p1_D,6.490058784525132e-05,-0.0012887896372354435,0.0013536902250806948,-0.0013536902250806948
2,audit,SEX,120,primary,validation_person_weighted,S,D,E_reconstruction_interaction_vs_S,E_rho0_D,E_rho0p1_D,S_rho0_D,S_rho0p1_D,6.490058784525132e-05,0.0013249388234394255,-0.0012600382355941742,0.0012600382355941742
2,audit,SEX,120,primary,development_evaluation_person_weighted,R,D,E_reconstruction_interaction_vs_R,E_rho0_D,E_rho0p1_D,R_rho0_D,R_rho0p1_D,0.0017082141413987673,7.334426146010653e-05,0.0016348698799386607,-0.0016348698799386607
2,audit,SEX,120,primary,development_evaluation_person_weighted,S,D,E_reconstruction_interaction_vs_S,E_rho0_D,E_rho0p1_D,S_rho0_D,S_rho0p1_D,0.0017082141413987673,-0.0009891637775694129,0.00269737791896818,-0.00269737791896818
2,audit,RAC1P,120,primary,validation,R,D,E_reconstruction_interaction_vs_R,E_rho0_D,E_rho0p1_D,R_rho0_D,R_rho0p1_D,0.0015784142013475222,-0.00048080561159258295,0.002059219812940105,-0.002059219812940105
2,audit,RAC1P,120,primary,validation,S,D,E_reconstruction_interaction_vs_S,E_rho0_D,E_rho0p1_D,S_rho0_D,S_rho0p1_D,0.0015784142013475222,0.0024498616404875495,-0.0008714474391400273,0.0008714474391400273
2,audit,RAC1P,120,primary,development_evaluation,R,D,E_reconstruction_interaction_vs_R,E_rho0_D,E_rho0p1_D,R_rho0_D,R_rho0p1_D,0.0020756939216668435,0.0003352890402181785,0.001740404881448665,-0.001740404881448665
2,audit,RAC1P,120,primary,development_evaluation,S,D,E_reconstruction_interaction_vs_S,E_rho0_D,E_rho0p1_D,S_rho0_D,S_rho0p1_D,0.0020756939216668435,0.007033069030833561,-0.004957375109166717,0.004957375109166717
2,audit,RAC1P,120,primary,validation_person_weighted,R,D,E_reconstruction_interaction_vs_R,E_rho0_D,E_rho0p1_D,R_rho0_D,R_rho0p1_D,0.0016267523651420923,-0.0022080185437276523,0.0038347709088697446,-0.0038347709088697446
2,audit,RAC1P,120,primary,validation_person_weighted,S,D,E_reconstruction_interaction_vs_S,E_rho0_D,E_rho0p1_D,S_rho0_D,S_rho0p1_D,0.0016267523651420923,-0.0001881263252709875,0.0018148786904130798,-0.0018148786904130798
2,audit,RAC1P,120,primary,development_evaluation_person_weighted,R,D,E_reconstruction_interaction_vs_R,E_rho0_D,E_rho0p1_D,R_rho0_D,R_rho0p1_D,0.0011778550456589265,0.00400909257661386,-0.002831237530954933,0.002831237530954933
2,audit,RAC1P,120,primary,development_evaluation_person_weighted,S,D,E_reconstruction_interaction_vs_S,E_rho0_D,E_rho0p1_D,S_rho0_D,S_rho0p1_D,0.0011778550456589265,0.007628136307515909,-0.006450281261856983,0.006450281261856983
2,audit,SEX,120,pooled,validation,R,D,E_reconstruction_interaction_vs_R,E_rho0_D,E_rho0p1_D,R_rho0_D,R_rho0p1_D,-0.001435015729206679,0.0007375542168287508,-0.0021725699460354297,0.0021725699460354297
2,audit,SEX,120,pooled,validation,S,D,E_reconstruction_interaction_vs_S,E_rho0_D,E_rho0p1_D,S_rho0_D,S_rho0p1_D,-0.001435015729206679,0.002626319671158117,-0.004061335400364796,0.004061335400364796
2,audit,SEX,120,pooled,development_evaluation,R,D,E_reconstruction_interaction_vs_R,E_rho0_D,E_rho0p1_D,R_rho0_D,R_rho0p1_D,-0.004642537048986206,0.001386681020568159,-0.006029218069554365,0.006029218069554365
2,audit,SEX,120,pooled,development_evaluation,S,D,E_reconstruction_interaction_vs_S,E_rho0_D,E_rho0p1_D,S_rho0_D,S_rho0p1_D,-0.004642537048986206,0.0004558872161213312,-0.005098424265107537,0.005098424265107537
2,audit,SEX,120,pooled,validation_person_weighted,R,D,E_reconstruction_interaction_vs_R,E_rho0_D,E_rho0p1_D,R_rho0_D,R_rho0p1_D,-0.0045003747517539106,-0.0012887896372354435,-0.003211585114518467,0.003211585114518467
2,audit,SEX,120,pooled,validation_person_weighted,S,D,E_reconstruction_interaction_vs_S,E_rho0_D,E_rho0p1_D,S_rho0_D,S_rho0p1_D,-0.0045003747517539106,0.0013249388234394255,-0.005825313575193336,0.005825313575193336
2,audit,SEX,120,pooled,development_evaluation_person_weighted,R,D,E_reconstruction_interaction_vs_R,E_rho0_D,E_rho0p1_D,R_rho0_D,R_rho0p1_D,0.0013413532562515096,7.334426146010653e-05,0.001268008994791403,-0.001268008994791403
2,audit,SEX,120,pooled,development_evaluation_person_weighted,S,D,E_reconstruction_interaction_vs_S,E_rho0_D,E_rho0p1_D,S_rho0_D,S_rho0p1_D,0.0013413532562515096,-0.0009891637775694129,0.0023305170338209225,-0.0023305170338209225
2,audit,RAC1P,120,pooled,validation,R,D,E_reconstruction_interaction_vs_R,E_rho0_D,E_rho0p1_D,R_rho0_D,R_rho0p1_D,0.0059446740591508895,-0.00048080561159258295,0.0064254796707434725,-0.0064254796707434725
2,audit,RAC1P,120,pooled,validation,S,D,E_reconstruction_interaction_vs_S,E_rho0_D,E_rho0p1_D,S_rho0_D,S_rho0p1_D,0.0059446740591508895,0.007089513779080736,-0.0011448397199298466,0.0011448397199298466
2,audit,RAC1P,120,pooled,development_evaluation,R,D,E_reconstruction_interaction_vs_R,E_rho0_D,E_rho0p1_D,R_rho0_D,R_rho0p1_D,0.004309134048944729,0.0003352890402181785,0.003973845008726551,-0.003973845008726551
2,audit,RAC1P,120,pooled,development_evaluation,S,D,E_reconstruction_interaction_vs_S,E_rho0_D,E_rho0p1_D,S_rho0_D,S_rho0p1_D,0.004309134048944729,0.00016680600238894172,0.004142328046555788,-0.004142328046555788
2,audit,RAC1P,120,pooled,validation_person_weighted,R,D,E_reconstruction_interaction_vs_R,E_rho0_D,E_rho0p1_D,R_rho0_D,R_rho0p1_D,0.0073282588367997725,-0.0022080185437276523,0.009536277380527425,-0.009536277380527425
2,audit,RAC1P,120,pooled,validation_person_weighted,S,D,E_reconstruction_interaction_vs_S,E_rho0_D,E_rho0p1_D,S_rho0_D,S_rho0p1_D,0.0073282588367997725,0.009954688758491148,-0.0026264299216913756,0.0026264299216913756
2,audit,RAC1P,120,pooled,development_evaluation_person_weighted,R,D,E_reconstruction_interaction_vs_R,E_rho0_D,E_rho0p1_D,R_rho0_D,R_rho0p1_D,0.0018400355865710871,0.00400909257661386,-0.0021690569900427725,0.0021690569900427725
2,audit,RAC1P,120,pooled,development_evaluation_person_weighted,S,D,E_reconstruction_interaction_vs_S,E_rho0_D,E_rho0p1_D,S_rho0_D,S_rho0p1_D,0.0018400355865710871,0.0013804293010917235,0.00045960628547936366,-0.00045960628547936366
2,audit,SEX,360,primary,validation,R,D,E_reconstruction_interaction_vs_R,E_rho0_D,E_rho0p1_D,R_rho0_D,R_rho0p1_D,0.0016698778666229819,0.0007375542168287508,0.0009323236497942311,-0.0009323236497942311
2,audit,SEX,360,primary,validation,S,D,E_reconstruction_interaction_vs_S,E_rho0_D,E_rho0p1_D,S_rho0_D,S_rho0p1_D,0.0016698778666229819,0.002626319671158117,-0.0009564418045351353,0.0009564418045351353
2,audit,SEX,360,primary,development_evaluation,R,D,E_reconstruction_interaction_vs_R,E_rho0_D,E_rho0p1_D,R_rho0_D,R_rho0p1_D,0.0014711734394757814,0.001386681020568159,8.449241890762238e-05,-8.449241890762238e-05
2,audit,SEX,360,primary,development_evaluation,S,D,E_reconstruction_interaction_vs_S,E_rho0_D,E_rho0p1_D,S_rho0_D,S_rho0p1_D,0.0014711734394757814,0.0004558872161213312,0.0010152862233544502,-0.0010152862233544502
2,audit,SEX,360,primary,validation_person_weighted,R,D,E_reconstruction_interaction_vs_R,E_rho0_D,E_rho0p1_D,R_rho0_D,R_rho0p1_D,6.490058784525132e-05,-0.0012887896372354435,0.0013536902250806948,-0.0013536902250806948
2,audit,SEX,360,primary,validation_person_weighted,S,D,E_reconstruction_interaction_vs_S,E_rho0_D,E_rho0p1_D,S_rho0_D,S_rho0p1_D,6.490058784525132e-05,0.0013249388234394255,-0.0012600382355941742,0.0012600382355941742
2,audit,SEX,360,primary,development_evaluation_person_weighted,R,D,E_reconstruction_interaction_vs_R,E_rho0_D,E_rho0p1_D,R_rho0_D,R_rho0p1_D,0.0017082141413987673,7.334426146010653e-05,0.0016348698799386607,-0.0016348698799386607
2,audit,SEX,360,primary,development_evaluation_person_weighted,S,D,E_reconstruction_interaction_vs_S,E_rho0_D,E_rho0p1_D,S_rho0_D,S_rho0p1_D,0.0017082141413987673,-0.0009891637775694129,0.00269737791896818,-0.00269737791896818
2,audit,RAC1P,360,primary,validation,R,D,E_reconstruction_interaction_vs_R,E_rho0_D,E_rho0p1_D,R_rho0_D,R_rho0p1_D,0.0015784142013475222,-0.00048080561159258295,0.002059219812940105,-0.002059219812940105
2,audit,RAC1P,360,primary,validation,S,D,E_reconstruction_interaction_vs_S,E_rho0_D,E_rho0p1_D,S_rho0_D,S_rho0p1_D,0.0015784142013475222,0.0024498616404875495,-0.0008714474391400273,0.0008714474391400273
2,audit,RAC1P,360,primary,development_evaluation,R,D,E_reconstruction_interaction_vs_R,E_rho0_D,E_rho0p1_D,R_rho0_D,R_rho0p1_D,0.0020756939216668435,0.0003352890402181785,0.001740404881448665,-0.001740404881448665
2,audit,RAC1P,360,primary,development_evaluation,S,D,E_reconstruction_interaction_vs_S,E_rho0_D,E_rho0p1_D,S_rho0_D,S_rho0p1_D,0.0020756939216668435,0.007033069030833561,-0.004957375109166717,0.004957375109166717
2,audit,RAC1P,360,primary,validation_person_weighted,R,D,E_reconstruction_interaction_vs_R,E_rho0_D,E_rho0p1_D,R_rho0_D,R_rho0p1_D,0.0016267523651420923,-0.0022080185437276523,0.0038347709088697446,-0.0038347709088697446
2,audit,RAC1P,360,primary,validation_person_weighted,S,D,E_reconstruction_interaction_vs_S,E_rho0_D,E_rho0p1_D,S_rho0_D,S_rho0p1_D,0.0016267523651420923,-0.0001881263252709875,0.0018148786904130798,-0.0018148786904130798
2,audit,RAC1P,360,primary,development_evaluation_person_weighted,R,D,E_reconstruction_interaction_vs_R,E_rho0_D,E_rho0p1_D,R_rho0_D,R_rho0p1_D,0.0011778550456589265,0.00400909257661386,-0.002831237530954933,0.002831237530954933
2,audit,RAC1P,360,primary,development_evaluation_person_weighted,S,D,E_reconstruction_interaction_vs_S,E_rho0_D,E_rho0p1_D,S_rho0_D,S_rho0p1_D,0.0011778550456589265,0.007628136307515909,-0.006450281261856983,0.006450281261856983
2,audit,SEX,360,pooled,validation,R,D,E_reconstruction_interaction_vs_R,E_rho0_D,E_rho0p1_D,R_rho0_D,R_rho0p1_D,-0.001435015729206679,0.0007375542168287508,-0.0021725699460354297,0.0021725699460354297
2,audit,SEX,360,pooled,validation,S,D,E_reconstruction_interaction_vs_S,E_rho0_D,E_rho0p1_D,S_rho0_D,S_rho0p1_D,-0.001435015729206679,0.002626319671158117,-0.004061335400364796,0.004061335400364796
2,audit,SEX,360,pooled,development_evaluation,R,D,E_reconstruction_interaction_vs_R,E_rho0_D,E_rho0p1_D,R_rho0_D,R_rho0p1_D,-0.004642537048986206,0.001386681020568159,-0.006029218069554365,0.006029218069554365
2,audit,SEX,360,pooled,development_evaluation,S,D,E_reconstruction_interaction_vs_S,E_rho0_D,E_rho0p1_D,S_rho0_D,S_rho0p1_D,-0.004642537048986206,0.0004558872161213312,-0.005098424265107537,0.005098424265107537
2,audit,SEX,360,pooled,validation_person_weighted,R,D,E_reconstruction_interaction_vs_R,E_rho0_D,E_rho0p1_D,R_rho0_D,R_rho0p1_D,-0.0045003747517539106,-0.0012887896372354435,-0.003211585114518467,0.003211585114518467
2,audit,SEX,360,pooled,validation_person_weighted,S,D,E_reconstruction_interaction_vs_S,E_rho0_D,E_rho0p1_D,S_rho0_D,S_rho0p1_D,-0.0045003747517539106,0.0013249388234394255,-0.005825313575193336,0.005825313575193336
2,audit,SEX,360,pooled,development_evaluation_person_weighted,R,D,E_reconstruction_interaction_vs_R,E_rho0_D,E_rho0p1_D,R_rho0_D,R_rho0p1_D,0.0013413532562515096,7.334426146010653e-05,0.001268008994791403,-0.001268008994791403
2,audit,SEX,360,pooled,development_evaluation_person_weighted,S,D,E_reconstruction_interaction_vs_S,E_rho0_D,E_rho0p1_D,S_rho0_D,S_rho0p1_D,0.0013413532562515096,-0.0009891637775694129,0.0023305170338209225,-0.0023305170338209225
2,audit,RAC1P,360,pooled,validation,R,D,E_reconstruction_interaction_vs_R,E_rho0_D,E_rho0p1_D,R_rho0_D,R_rho0p1_D,0.0059446740591508895,-0.00048080561159258295,0.0064254796707434725,-0.0064254796707434725
2,audit,RAC1P,360,pooled,validation,S,D,E_reconstruction_interaction_vs_S,E_rho0_D,E_rho0p1_D,S_rho0_D,S_rho0p1_D,0.0059446740591508895,0.007089513779080736,-0.0011448397199298466,0.0011448397199298466
2,audit,RAC1P,360,pooled,development_evaluation,R,D,E_reconstruction_interaction_vs_R,E_rho0_D,E_rho0p1_D,R_rho0_D,R_rho0p1_D,0.004309134048944729,0.0003352890402181785,0.003973845008726551,-0.003973845008726551
2,audit,RAC1P,360,pooled,development_evaluation,S,D,E_reconstruction_interaction_vs_S,E_rho0_D,E_rho0p1_D,S_rho0_D,S_rho0p1_D,0.004309134048944729,0.00016680600238894172,0.004142328046555788,-0.004142328046555788
2,audit,RAC1P,360,pooled,validation_person_weighted,R,D,E_reconstruction_interaction_vs_R,E_rho0_D,E_rho0p1_D,R_rho0_D,R_rho0p1_D,0.0073282588367997725,-0.0022080185437276523,0.009536277380527425,-0.009536277380527425
2,audit,RAC1P,360,pooled,validation_person_weighted,S,D,E_reconstruction_interaction_vs_S,E_rho0_D,E_rho0p1_D,S_rho0_D,S_rho0p1_D,0.0073282588367997725,0.009954688758491148,-0.0026264299216913756,0.0026264299216913756
2,audit,RAC1P,360,pooled,development_evaluation_person_weighted,R,D,E_reconstruction_interaction_vs_R,E_rho0_D,E_rho0p1_D,R_rho0_D,R_rho0p1_D,0.0018400355865710871,0.00400909257661386,-0.0021690569900427725,0.0021690569900427725
2,audit,RAC1P,360,pooled,development_evaluation_person_weighted,S,D,E_reconstruction_interaction_vs_S,E_rho0_D,E_rho0p1_D,S_rho0_D,S_rho0p1_D,0.0018400355865710871,0.0013804293010917235,0.00045960628547936366,-0.00045960628547936366
