unit,seed,stage,epoch,mapper_optimizer_steps,adversary_optimizer_steps,fit_base_loss,fit_source_ce,fit_source_losses,fit_reconstruction_mse,fit_adversary_ce,fit_normalized_adversary_ce,source_validation_base_loss,source_validation_ce,source_validation_losses,source_validation_reconstruction_mse,selection,fit_preservation_loss,preservation_coefficient,fit_applied_preservation,source_coefficient,reconstruction_coefficient,protection_coefficient,fit_applied_protection,fit_objective
R_rho0,0,C,0,2520,840,0.35524675250053406,0.35524675250053406,"{""income_binary"":0.2983444333076477,""civilian_at_work"":0.2862294614315033,""public_coverage"":0.48116636276245117}",1.0324623584747314,"{""SEX"":0.6372917890548706,""RAC1P"":1.1797046661376953}",0.9151854515075684,0.36465319991111755,0.36465319991111755,"{""income_binary"":0.3076235055923462,""civilian_at_work"":0.3007984459400177,""public_coverage"":0.48553764820098877}",1.0290099382400513,none; fixed final iterate,0.012141091749072075,1.0,0.012141091749072075,1.0,0.0,0.0,0.0,0.36738784424960613
R_rho0,0,C,5,2730,1470,0.3534753620624542,0.3534753620624542,"{""income_binary"":0.2938341796398163,""civilian_at_work"":0.28647494316101074,""public_coverage"":0.48011696338653564}",1.0321283340454102,"{""SEX"":0.6315765380859375,""RAC1P"":1.1726014614105225}",0.9083196520805359,0.36250928044319153,0.36250928044319153,"{""income_binary"":0.3023984134197235,""civilian_at_work"":0.3011300563812256,""public_coverage"":0.4839993715286255}",1.0286636352539062,none; fixed final iterate,0.011619985103607178,1.0,0.011619985103607178,1.0,0.0,0.0,0.0,0.3650953471660614
R_rho0,0,C,10,2940,2100,0.3511418402194977,0.3511418402194977,"{""income_binary"":0.292227178812027,""civilian_at_work"":0.2821686863899231,""public_coverage"":0.4790295958518982}",1.0320569276809692,"{""SEX"":0.633287250995636,""RAC1P"":1.1636435985565186}",0.9060973525047302,0.36106035113334656,0.36106035113334656,"{""income_binary"":0.3008430600166321,""civilian_at_work"":0.2976875305175781,""public_coverage"":0.4846504330635071}",1.0285972356796265,none; fixed final iterate,0.011799400672316551,1.0,0.011799400672316551,1.0,0.0,0.0,0.0,0.36294124089181423
R_rho0,0,C,15,3150,2730,0.34856879711151123,0.34856879711151123,"{""income_binary"":0.2889176905155182,""civilian_at_work"":0.2789662182331085,""public_coverage"":0.477822482585907}",1.032228946685791,"{""SEX"":0.6220807433128357,""RAC1P"":1.1591606140136719}",0.8962796926498413,0.3597618639469147,0.3597618639469147,"{""income_binary"":0.2991856038570404,""civilian_at_work"":0.29779571294784546,""public_coverage"":0.48230427503585815}",1.028767704963684,none; fixed final iterate,0.011843067593872547,1.0,0.011843067593872547,1.0,0.0,0.0,0.0,0.3604118647053838
R_rho0,0,C,20,3360,3360,0.3465866148471832,0.3465866148471832,"{""income_binary"":0.28553661704063416,""civilian_at_work"":0.27626553177833557,""public_coverage"":0.47795775532722473}",1.0319700241088867,"{""SEX"":0.6199278831481934,""RAC1P"":1.147704005241394}",0.8903048038482666,0.35849642753601074,0.35849642753601074,"{""income_binary"":0.2962675988674164,""civilian_at_work"":0.2958369255065918,""public_coverage"":0.48338472843170166}",1.0285245180130005,none; fixed final iterate,0.01160400826483965,1.0,0.01160400826483965,1.0,0.0,0.0,0.0,0.3581906231120229
R_rho0,0,C,25,3570,3990,0.34534215927124023,0.34534215927124023,"{""income_binary"":0.2857976257801056,""civilian_at_work"":0.27488788962364197,""public_coverage"":0.47534099221229553}",1.0318478345870972,"{""SEX"":0.6127450466156006,""RAC1P"":1.141222357749939}",0.8826197385787964,0.35756993293762207,0.35756993293762207,"{""income_binary"":0.2964792847633362,""civilian_at_work"":0.29409730434417725,""public_coverage"":0.4821332097053528}",1.0283727645874023,none; fixed final iterate,0.01027755718678236,1.0,0.01027755718678236,1.0,0.0,0.0,0.0,0.3556197164580226
R_rho0,0,C,30,3780,4620,0.34412527084350586,0.34412527084350586,"{""income_binary"":0.2831047475337982,""civilian_at_work"":0.27444231510162354,""public_coverage"":0.47482869029045105}",1.0317803621292114,"{""SEX"":0.6081809997558594,""RAC1P"":1.1398451328277588}",0.8787944316864014,0.35755860805511475,0.35755860805511475,"{""income_binary"":0.29435473680496216,""civilian_at_work"":0.29576441645622253,""public_coverage"":0.48255670070648193}",1.0283477306365967,none; fixed final iterate,0.010306992568075657,1.0,0.010306992568075657,1.0,0.0,0.0,0.0,0.3544322634115815
R_rho0,0,C,35,3990,5250,0.3429844379425049,0.3429844379425049,"{""income_binary"":0.2829393148422241,""civilian_at_work"":0.27151191234588623,""public_coverage"":0.4745021462440491}",1.0314526557922363,"{""SEX"":0.6051117181777954,""RAC1P"":1.1304590702056885}",0.8729571104049683,0.3571547567844391,0.3571547567844391,"{""income_binary"":0.2960812747478485,""civilian_at_work"":0.29248762130737305,""public_coverage"":0.4828954339027405}",1.0279663801193237,none; fixed final iterate,0.00931356381624937,1.0,0.00931356381624937,1.0,0.0,0.0,0.0,0.35229800175875425
R_rho0,0,C,40,4200,5880,0.34158217906951904,0.34158217906951904,"{""income_binary"":0.2815485894680023,""civilian_at_work"":0.2692459225654602,""public_coverage"":0.4739520251750946}",1.0312960147857666,"{""SEX"":0.602405309677124,""RAC1P"":1.1209232807159424}",0.8673239946365356,0.356390118598938,0.356390118598938,"{""income_binary"":0.29429376125335693,""civilian_at_work"":0.29150089621543884,""public_coverage"":0.4833756387233734}",1.0278774499893188,none; fixed final iterate,0.009434876963496208,1.0,0.009434876963496208,1.0,0.0,0.0,0.0,0.35101705603301525
R_rho0,0,C,45,4410,6510,0.3407881557941437,0.3407881557941437,"{""income_binary"":0.27891090512275696,""civilian_at_work"":0.2710787355899811,""public_coverage"":0.47237488627433777}",1.0309745073318481,"{""SEX"":0.6059069633483887,""RAC1P"":1.1171162128448486}",0.8683819770812988,0.35572049021720886,0.35572049021720886,"{""income_binary"":0.2931305170059204,""civilian_at_work"":0.29289039969444275,""public_coverage"":0.48114049434661865}",1.0275347232818604,none; fixed final iterate,0.010901886969804764,1.0,0.010901886969804764,1.0,0.0,0.0,0.0,0.35169004276394844
R_rho0,0,C,50,4620,7140,0.3401598632335663,0.3401598632335663,"{""income_binary"":0.2797491252422333,""civilian_at_work"":0.2672099173069,""public_coverage"":0.47352051734924316}",1.031568169593811,"{""SEX"":0.5957463383674622,""RAC1P"":1.1189278364181519}",0.8617482781410217,0.3568263351917267,0.3568263351917267,"{""income_binary"":0.2941596806049347,""civilian_at_work"":0.2929060161113739,""public_coverage"":0.48341333866119385}",1.0281683206558228,none; fixed final iterate,0.008880979381501675,1.0,0.008880979381501675,1.0,0.0,0.0,0.0,0.34904084261506796
R_rho0,0,C,55,4830,7770,0.3407205641269684,0.3407205641269684,"{""income_binary"":0.28121501207351685,""civilian_at_work"":0.2679513990879059,""public_coverage"":0.4729953110218048}",1.0313748121261597,"{""SEX"":0.5953643321990967,""RAC1P"":1.107951045036316}",0.8572365045547485,0.35733938217163086,0.35733938217163086,"{""income_binary"":0.2963206470012665,""civilian_at_work"":0.2933569848537445,""public_coverage"":0.4823405146598816}",1.0278730392456055,none; fixed final iterate,0.0088585764169693,1.0,0.0088585764169693,1.0,0.0,0.0,0.0,0.3495791405439377
R_rho0,0,C,60,5040,8400,0.3387577533721924,0.3387577533721924,"{""income_binary"":0.2783409655094147,""civilian_at_work"":0.265343576669693,""public_coverage"":0.4725887179374695}",1.031126856803894,"{""SEX"":0.5871866941452026,""RAC1P"":1.0991615056991577}",0.8479428291320801,0.3561362028121948,0.3561362028121948,"{""income_binary"":0.29361051321029663,""civilian_at_work"":0.2912544310092926,""public_coverage"":0.48354366421699524}",1.0277293920516968,none; fixed final iterate,0.009315245784819126,1.0,0.009315245784819126,1.0,0.0,0.0,0.0,0.3480729991570115
R_rho0,0,C,65,5250,9030,0.338517427444458,0.338517427444458,"{""income_binary"":0.27840545773506165,""civilian_at_work"":0.2640267610549927,""public_coverage"":0.4731200933456421}",1.0312938690185547,"{""SEX"":0.5854493379592896,""RAC1P"":1.1079859733581543}",0.8500944375991821,0.35579895973205566,0.35579895973205566,"{""income_binary"":0.2940898835659027,""civilian_at_work"":0.29011040925979614,""public_coverage"":0.4831966459751129}",1.027830719947815,none; fixed final iterate,0.008446109481155872,1.0,0.008446109481155872,1.0,0.0,0.0,0.0,0.3469635369256139
R_rho0,0,C,70,5460,9660,0.3369351923465729,0.3369351923465729,"{""income_binary"":0.2760330140590668,""civilian_at_work"":0.2635595202445984,""public_coverage"":0.47121310234069824}",1.0313953161239624,"{""SEX"":0.5751060247421265,""RAC1P"":1.0926631689071655}",0.8367165923118591,0.35475242137908936,0.35475242137908936,"{""income_binary"":0.29304733872413635,""civilian_at_work"":0.28976863622665405,""public_coverage"":0.48144128918647766}",1.0279892683029175,none; fixed final iterate,0.0091179134324193,1.0,0.0091179134324193,1.0,0.0,0.0,0.0,0.3460531057789922
R_rho0,0,C,75,5670,10290,0.3361896276473999,0.3361896276473999,"{""income_binary"":0.27550747990608215,""civilian_at_work"":0.2615545988082886,""public_coverage"":0.471506804227829}",1.031302571296692,"{""SEX"":0.5768866539001465,""RAC1P"":1.0904016494750977}",0.8371289372444153,0.3539167642593384,0.3539167642593384,"{""income_binary"":0.29254963994026184,""civilian_at_work"":0.28826597332954407,""public_coverage"":0.4809347093105316}",1.027820348739624,none; fixed final iterate,0.009011192247271538,1.0,0.009011192247271538,1.0,0.0,0.0,0.0,0.34520081989467144
R_rho0,0,C,80,5880,10920,0.33576083183288574,0.33576083183288574,"{""income_binary"":0.2753864824771881,""civilian_at_work"":0.26067617535591125,""public_coverage"":0.47121983766555786}",1.031129002571106,"{""SEX"":0.5707502365112305,""RAC1P"":1.0854637622833252}",0.8307947516441345,0.3550640344619751,0.3550640344619751,"{""income_binary"":0.2929995059967041,""civilian_at_work"":0.2895427346229553,""public_coverage"":0.48264989256858826}",1.027694582939148,none; fixed final iterate,0.0088685043156147,1.0,0.0088685043156147,1.0,0.0,0.0,0.0,0.34462933614850044
R_rho0,0,D,0,2520,840,0.35524675250053406,0.35524675250053406,"{""income_binary"":0.2983444333076477,""civilian_at_work"":0.2862294614315033,""public_coverage"":0.48116636276245117}",1.0324623584747314,"{""SEX"":0.6372917890548706,""RAC1P"":1.1797046661376953}",0.9151854515075684,0.36465319991111755,0.36465319991111755,"{""income_binary"":0.3076235055923462,""civilian_at_work"":0.3007984459400177,""public_coverage"":0.48553764820098877}",1.0290099382400513,none; fixed final iterate,0.012141091749072075,1.0,0.012141091749072075,1.0,0.0,-0.1,-0.09151854515075684,0.2758692990988493
R_rho0,0,D,5,2730,1470,0.35352814197540283,0.35352814197540283,"{""income_binary"":0.2938533127307892,""civilian_at_work"":0.28654173016548157,""public_coverage"":0.48018941283226013}",1.0321664810180664,"{""SEX"":0.6333370804786682,""RAC1P"":1.173429012298584}",0.9099096059799194,0.3625623285770416,0.3625623285770416,"{""income_binary"":0.30243298411369324,""civilian_at_work"":0.30119001865386963,""public_coverage"":0.4840640425682068}",1.0287096500396729,none; fixed final iterate,0.01174344215542078,1.0,0.01174344215542078,1.0,0.0,-0.1,-0.09099096059799194,0.27428062353283167
R_rho0,0,D,10,2940,2100,0.35131630301475525,0.35131630301475525,"{""income_binary"":0.2922383248806,""civilian_at_work"":0.2825951874256134,""public_coverage"":0.47911542654037476}",1.0320554971694946,"{""SEX"":0.6350364685058594,""RAC1P"":1.1646655797958374}",0.907754123210907,0.3612278699874878,0.3612278699874878,"{""income_binary"":0.3007880449295044,""civilian_at_work"":0.29812195897102356,""public_coverage"":0.4847736358642578}",1.0285942554473877,none; fixed final iterate,0.01201414130628109,1.0,0.01201414130628109,1.0,0.0,-0.1,-0.09077541232109071,0.27255503199994563
R_rho0,0,D,15,3150,2730,0.3486628234386444,0.3486628234386444,"{""income_binary"":0.28914934396743774,""civilian_at_work"":0.2789918780326843,""public_coverage"":0.4778471887111664}",1.032179594039917,"{""SEX"":0.6243137121200562,""RAC1P"":1.160256028175354}",0.8983139395713806,0.35994863510131836,0.35994863510131836,"{""income_binary"":0.2993960380554199,""civilian_at_work"":0.2979337275028229,""public_coverage"":0.48251622915267944}",1.0287171602249146,none; fixed final iterate,0.011956137605011463,1.0,0.011956137605011463,1.0,0.0,-0.1,-0.08983139395713807,0.2707875670865178
R_rho0,0,D,20,3360,3360,0.3466602861881256,0.3466602861881256,"{""income_binary"":0.2856370210647583,""civilian_at_work"":0.2763122320175171,""public_coverage"":0.47803160548210144}",1.0319784879684448,"{""SEX"":0.6216456294059753,""RAC1P"":1.1482871770858765}",0.891769528388977,0.35862457752227783,0.35862457752227783,"{""income_binary"":0.29628950357437134,""civilian_at_work"":0.2960095703601837,""public_coverage"":0.48357459902763367}",1.0285288095474243,none; fixed final iterate,0.011647503823041916,1.0,0.011647503823041916,1.0,0.0,-0.1,-0.0891769528388977,0.2691308371722698
R_rho0,0,D,25,3570,3990,0.34548625349998474,0.34548625349998474,"{""income_binary"":0.28591930866241455,""civilian_at_work"":0.27508339285850525,""public_coverage"":0.47545596957206726}",1.0317785739898682,"{""SEX"":0.615176796913147,""RAC1P"":1.142208218574524}",0.8847551345825195,0.35777702927589417,0.35777702927589417,"{""income_binary"":0.29646265506744385,""civilian_at_work"":0.2943720817565918,""public_coverage"":0.4824964106082916}",1.0283050537109375,none; fixed final iterate,0.010445191524922848,1.0,0.010445191524922848,1.0,0.0,-0.1,-0.08847551345825196,0.26745593156665565
R_rho0,0,D,30,3780,4620,0.34429094195365906,0.34429094195365906,"{""income_binary"":0.2833482623100281,""civilian_at_work"":0.2745908796787262,""public_coverage"":0.4749336540699005}",1.0318101644515991,"{""SEX"":0.6108428835868835,""RAC1P"":1.1402310132980347}",0.8808643817901611,0.3578290045261383,0.3578290045261383,"{""income_binary"":0.2945191264152527,""civilian_at_work"":0.29598376154899597,""public_coverage"":0.48298418521881104}",1.0283702611923218,none; fixed final iterate,0.010391841642558575,1.0,0.010391841642558575,1.0,0.0,-0.1,-0.08808643817901612,0.2665963454172015
R_rho0,0,D,35,3990,5250,0.3431161344051361,0.3431161344051361,"{""income_binary"":0.28317034244537354,""civilian_at_work"":0.271556556224823,""public_coverage"":0.47462141513824463}",1.0314626693725586,"{""SEX"":0.6078311800956726,""RAC1P"":1.130875587463379}",0.8750804662704468,0.3573150634765625,0.3573150634765625,"{""income_binary"":0.29618319869041443,""civilian_at_work"":0.2926843464374542,""public_coverage"":0.4830775856971741}",1.027976155281067,none; fixed final iterate,0.009416020475327969,1.0,0.009416020475327969,1.0,0.0,-0.1,-0.08750804662704469,0.2650241082534194
R_rho0,0,D,40,4200,5880,0.3417150676250458,0.3417150676250458,"{""income_binary"":0.2817647457122803,""civilian_at_work"":0.269288033246994,""public_coverage"":0.4740923345088959}",1.0313785076141357,"{""SEX"":0.6046862006187439,""RAC1P"":1.120871901512146}",0.8689502477645874,0.3568136394023895,0.3568136394023895,"{""income_binary"":0.2946234941482544,""civilian_at_work"":0.291973739862442,""public_coverage"":0.4838436543941498}",1.0279580354690552,none; fixed final iterate,0.009433697909116745,1.0,0.009433697909116745,1.0,0.0,-0.1,-0.08689502477645875,0.2642537407577038
R_rho0,0,D,45,4410,6510,0.3408621549606323,0.3408621549606323,"{""income_binary"":0.2789667844772339,""civilian_at_work"":0.2710922956466675,""public_coverage"":0.472527414560318}",1.0308648347854614,"{""SEX"":0.6083122491836548,""RAC1P"":1.1186338663101196}",0.8707034587860107,0.35602453351020813,0.35602453351020813,"{""income_binary"":0.2932036221027374,""civilian_at_work"":0.2933800220489502,""public_coverage"":0.48149001598358154}",1.027415156364441,none; fixed final iterate,0.011060279794037342,1.0,0.011060279794037342,1.0,0.0,-0.1,-0.08707034587860107,0.2648520888760686
R_rho0,0,D,50,4620,7140,0.3402281105518341,0.3402281105518341,"{""income_binary"":0.27993330359458923,""civilian_at_work"":0.26719340682029724,""public_coverage"":0.47355765104293823}",1.0314915180206299,"{""SEX"":0.5977962017059326,""RAC1P"":1.1205719709396362}",0.8638620972633362,0.3571021854877472,0.3571021854877472,"{""income_binary"":0.29443737864494324,""civilian_at_work"":0.293232262134552,""public_coverage"":0.4836369752883911}",1.0280885696411133,none; fixed final iterate,0.009112347848713398,1.0,0.009112347848713398,1.0,0.0,-0.1,-0.08638620972633362,0.2629542486742139
R_rho0,0,D,55,4830,7770,0.3409023582935333,0.3409023582935333,"{""income_binary"":0.28154003620147705,""civilian_at_work"":0.26784756779670715,""public_coverage"":0.47331950068473816}",1.0313507318496704,"{""SEX"":0.6012988090515137,""RAC1P"":1.1100878715515137}",0.8623440265655518,0.3576679527759552,0.3576679527759552,"{""income_binary"":0.2965242564678192,""civilian_at_work"":0.2933882474899292,""public_coverage"":0.4830913543701172}",1.0278511047363281,none; fixed final iterate,0.008876358158886433,1.0,0.008876358158886433,1.0,0.0,-0.1,-0.08623440265655519,0.26354431379586457
R_rho0,0,D,60,5040,8400,0.33879968523979187,0.33879968523979187,"{""income_binary"":0.27851900458335876,""civilian_at_work"":0.26533907651901245,""public_coverage"":0.4725409746170044}",1.030980110168457,"{""SEX"":0.5894411206245422,""RAC1P"":1.1013754606246948}",0.8504242300987244,0.356487512588501,0.356487512588501,"{""income_binary"":0.2938731014728546,""civilian_at_work"":0.2915182411670685,""public_coverage"":0.48407116532325745}",1.0275460481643677,none; fixed final iterate,0.009572608396410942,1.0,0.009572608396410942,1.0,0.0,-0.1,-0.08504242300987244,0.2633298706263304
R_rho0,0,D,65,5250,9030,0.3384568989276886,0.3384568989276886,"{""income_binary"":0.2785549461841583,""civilian_at_work"":0.2637350261211395,""public_coverage"":0.47308075428009033}",1.0312670469284058,"{""SEX"":0.5922744274139404,""RAC1P"":1.1101312637329102}",0.855847954750061,0.35589298605918884,0.35589298605918884,"{""income_binary"":0.2942090928554535,""civilian_at_work"":0.2900888919830322,""public_coverage"":0.48338091373443604}",1.0277906656265259,none; fixed final iterate,0.008733569644391537,1.0,0.008733569644391537,1.0,0.0,-0.1,-0.08558479547500611,0.26160567309707405
R_rho0,0,D,70,5460,9660,0.3369714915752411,0.3369714915752411,"{""income_binary"":0.276223748922348,""civilian_at_work"":0.2634172737598419,""public_coverage"":0.47127339243888855}",1.0313665866851807,"{""SEX"":0.5791982412338257,""RAC1P"":1.096123456954956}",0.841005265712738,0.35498669743537903,0.35498669743537903,"{""income_binary"":0.2932037115097046,""civilian_at_work"":0.28986263275146484,""public_coverage"":0.4818938076496124}",1.0279452800750732,none; fixed final iterate,0.0093344422057271,1.0,0.0093344422057271,1.0,0.0,-0.1,-0.08410052657127381,0.2622054072096944
R_rho0,0,D,75,5670,10290,0.3362264335155487,0.3362264335155487,"{""income_binary"":0.2757050693035126,""civilian_at_work"":0.26150599122047424,""public_coverage"":0.4714681804180145}",1.031209111213684,"{""SEX"":0.5822824239730835,""RAC1P"":1.093892216682434}",0.8423700332641602,0.35418829321861267,0.35418829321861267,"{""income_binary"":0.2925397455692291,""civilian_at_work"":0.2882775664329529,""public_coverage"":0.48174747824668884}",1.027715802192688,none; fixed final iterate,0.009242864325642586,1.0,0.009242864325642586,1.0,0.0,-0.1,-0.08423700332641602,0.26123229451477525
R_rho0,0,D,80,5880,10920,0.33574214577674866,0.33574214577674866,"{""income_binary"":0.275408536195755,""civilian_at_work"":0.26066774129867554,""public_coverage"":0.47115013003349304}",1.030888557434082,"{""SEX"":0.576448917388916,""RAC1P"":1.088166356086731}",0.8359503746032715,0.35516735911369324,0.35516735911369324,"{""income_binary"":0.29278695583343506,""civilian_at_work"":0.28988131880760193,""public_coverage"":0.48283371329307556}",1.0273934602737427,none; fixed final iterate,0.009557361714541912,1.0,0.009557361714541912,1.0,0.0,-0.1,-0.08359503746032715,0.2617044700309634
R_rho0,0,warm_base,0,0,0,0.7027423977851868,0.7027423977851868,"{""income_binary"":0.6993687152862549,""civilian_at_work"":0.6676714420318604,""public_coverage"":0.7411870956420898}",1.031505823135376,,,0.7035148739814758,0.7035148739814758,"{""income_binary"":0.7059230208396912,""civilian_at_work"":0.6681001782417297,""public_coverage"":0.7365214824676514}",1.0278820991516113,none; fixed final iterate,1.6824472494502318e-15,1.0,1.6824472494502318e-15,1.0,0.0,0.0,0.0,0.7027423977851884
R_rho0,0,warm_base,5,210,0,0.557429850101471,0.557429850101471,"{""income_binary"":0.5307044982910156,""civilian_at_work"":0.5042669773101807,""public_coverage"":0.6373180747032166}",1.0351754426956177,,,0.5575039386749268,0.5575039386749268,"{""income_binary"":0.5379230976104736,""civilian_at_work"":0.5042361617088318,""public_coverage"":0.6303525567054749}",1.0317118167877197,none; fixed final iterate,0.02474221959710121,1.0,0.02474221959710121,1.0,0.0,0.0,0.0,0.5821720696985722
R_rho0,0,warm_base,10,420,0,0.48595330119132996,0.48595330119132996,"{""income_binary"":0.4536589980125427,""civilian_at_work"":0.4227061867713928,""public_coverage"":0.5814946889877319}",1.0350761413574219,,,0.4859566390514374,0.4859566390514374,"{""income_binary"":0.4602895677089691,""civilian_at_work"":0.42309805750846863,""public_coverage"":0.574482262134552}",1.0316529273986816,none; fixed final iterate,0.032533470541238785,1.0,0.032533470541238785,1.0,0.0,0.0,0.0,0.5184867717325687
R_rho0,0,warm_base,15,630,0,0.44782841205596924,0.44782841205596924,"{""income_binary"":0.41317644715309143,""civilian_at_work"":0.37744662165641785,""public_coverage"":0.5528621673583984}",1.0348178148269653,,,0.44878169894218445,0.44878169894218445,"{""income_binary"":0.420400470495224,""civilian_at_work"":0.37865975499153137,""public_coverage"":0.5472848415374756}",1.0314780473709106,none; fixed final iterate,0.029115179553627968,1.0,0.029115179553627968,1.0,0.0,0.0,0.0,0.4769435916095972
R_rho0,0,warm_base,20,840,0,0.4224790334701538,0.4224790334701538,"{""income_binary"":0.3812045753002167,""civilian_at_work"":0.3514519929885864,""public_coverage"":0.5347805023193359}",1.034988284111023,,,0.4241558611392975,0.4241558611392975,"{""income_binary"":0.38854318857192993,""civilian_at_work"":0.35327956080436707,""public_coverage"":0.530644953250885}",1.0316529273986816,none; fixed final iterate,0.025492610409855843,1.0,0.025492610409855843,1.0,0.0,0.0,0.0,0.44797164388000965
R_rho0,0,warm_base,25,1050,0,0.4072146415710449,0.4072146415710449,"{""income_binary"":0.3585827648639679,""civilian_at_work"":0.3384823799133301,""public_coverage"":0.5245787501335144}",1.034700870513916,,,0.41006866097450256,0.41006866097450256,"{""income_binary"":0.3664035201072693,""civilian_at_work"":0.34253832697868347,""public_coverage"":0.5212641954421997}",1.031339406967163,none; fixed final iterate,0.021507663652300835,1.0,0.021507663652300835,1.0,0.0,0.0,0.0,0.42872230522334576
R_rho0,0,warm_base,30,1260,0,0.39170679450035095,0.39170679450035095,"{""income_binary"":0.34579354524612427,""civilian_at_work"":0.32245710492134094,""public_coverage"":0.5068696737289429}",1.0347211360931396,,,0.3957935571670532,0.3957935571670532,"{""income_binary"":0.35416820645332336,""civilian_at_work"":0.32748323678970337,""public_coverage"":0.5057291984558105}",1.0313137769699097,none; fixed final iterate,0.020024558529257774,1.0,0.020024558529257774,1.0,0.0,0.0,0.0,0.4117313530296087
R_rho0,0,warm_base,35,1470,0,0.38247552514076233,0.38247552514076233,"{""income_binary"":0.3343914747238159,""civilian_at_work"":0.315132200717926,""public_coverage"":0.49790289998054504}",1.0337263345718384,,,0.38705554604530334,0.38705554604530334,"{""income_binary"":0.34328487515449524,""civilian_at_work"":0.31988707184791565,""public_coverage"":0.49799469113349915}",1.030369758605957,none; fixed final iterate,0.01727565936744213,1.0,0.01727565936744213,1.0,0.0,0.0,0.0,0.39975118450820446
R_rho0,0,warm_base,40,1680,0,0.3743543326854706,0.3743543326854706,"{""income_binary"":0.32445427775382996,""civilian_at_work"":0.306720107793808,""public_coverage"":0.4918885827064514}",1.033656358718872,,,0.3799803555011749,0.3799803555011749,"{""income_binary"":0.3329194188117981,""civilian_at_work"":0.3142144978046417,""public_coverage"":0.4928071200847626}",1.0303032398223877,none; fixed final iterate,0.015721777454018593,1.0,0.015721777454018593,1.0,0.0,0.0,0.0,0.3900761101394892
R_rho0,0,warm_base,45,1890,0,0.36797118186950684,0.36797118186950684,"{""income_binary"":0.31371036171913147,""civilian_at_work"":0.3002966046333313,""public_coverage"":0.48990654945373535}",1.0329266786575317,,,0.37491095066070557,0.37491095066070557,"{""income_binary"":0.32244640588760376,""civilian_at_work"":0.3110114336013794,""public_coverage"":0.49127498269081116}",1.029522180557251,none; fixed final iterate,0.014678713865578175,1.0,0.014678713865578175,1.0,0.0,0.0,0.0,0.382649895735085
R_rho0,0,warm_base,50,2100,0,0.3626530170440674,0.3626530170440674,"{""income_binary"":0.30695101618766785,""civilian_at_work"":0.29486581683158875,""public_coverage"":0.4861421585083008}",1.0329824686050415,,,0.37079358100891113,0.37079358100891113,"{""income_binary"":0.31613171100616455,""civilian_at_work"":0.3070746660232544,""public_coverage"":0.4891743063926697}",1.0295718908309937,none; fixed final iterate,0.014141279272735119,1.0,0.014141279272735119,1.0,0.0,0.0,0.0,0.3767942963168025
R_rho0,0,warm_base,55,2310,0,0.35826775431632996,0.35826775431632996,"{""income_binary"":0.30123084783554077,""civilian_at_work"":0.289595365524292,""public_coverage"":0.4839770495891571}",1.0327903032302856,,,0.3664773404598236,0.3664773404598236,"{""income_binary"":0.3098248541355133,""civilian_at_work"":0.30265071988105774,""public_coverage"":0.4869564473628998}",1.0293526649475098,none; fixed final iterate,0.013347825035452843,1.0,0.013347825035452843,1.0,0.0,0.0,0.0,0.3716155793517828
R_rho0,0,warm_base,60,2520,0,0.35524675250053406,0.35524675250053406,"{""income_binary"":0.2983444333076477,""civilian_at_work"":0.2862294614315033,""public_coverage"":0.48116636276245117}",1.0324623584747314,,,0.36465319991111755,0.36465319991111755,"{""income_binary"":0.3076235055923462,""civilian_at_work"":0.3007984459400177,""public_coverage"":0.48553764820098877}",1.0290099382400513,none; fixed final iterate,0.012141091749072075,1.0,0.012141091749072075,1.0,0.0,0.0,0.0,0.36738784424960613
R_rho0,0,warm_adversary,0,2520,0,0.35524675250053406,0.35524675250053406,"{""income_binary"":0.2983444333076477,""civilian_at_work"":0.2862294614315033,""public_coverage"":0.48116636276245117}",1.0324623584747314,"{""SEX"":0.7082235217094421,""RAC1P"":2.233212947845459}",1.3729350566864014,0.36465319991111755,0.36465319991111755,"{""income_binary"":0.3076235055923462,""civilian_at_work"":0.3007984459400177,""public_coverage"":0.48553764820098877}",1.0290099382400513,none; fixed final iterate,0.012141091749072075,0.0,0.0,1.0,0.0,0.0,0.0,0.35524675250053406
R_rho0,0,warm_adversary,5,2520,210,0.35524675250053406,0.35524675250053406,"{""income_binary"":0.2983444333076477,""civilian_at_work"":0.2862294614315033,""public_coverage"":0.48116636276245117}",1.0324623584747314,"{""SEX"":0.6530633568763733,""RAC1P"":1.2296690940856934}",0.9458494186401367,0.36465319991111755,0.36465319991111755,"{""income_binary"":0.3076235055923462,""civilian_at_work"":0.3007984459400177,""public_coverage"":0.48553764820098877}",1.0290099382400513,none; fixed final iterate,0.012141091749072075,0.0,0.0,1.0,0.0,0.0,0.0,0.35524675250053406
R_rho0,0,warm_adversary,10,2520,420,0.35524675250053406,0.35524675250053406,"{""income_binary"":0.2983444333076477,""civilian_at_work"":0.2862294614315033,""public_coverage"":0.48116636276245117}",1.0324623584747314,"{""SEX"":0.643733561038971,""RAC1P"":1.1962721347808838}",0.9262279868125916,0.36465319991111755,0.36465319991111755,"{""income_binary"":0.3076235055923462,""civilian_at_work"":0.3007984459400177,""public_coverage"":0.48553764820098877}",1.0290099382400513,none; fixed final iterate,0.012141091749072075,0.0,0.0,1.0,0.0,0.0,0.0,0.35524675250053406
R_rho0,0,warm_adversary,15,2520,630,0.35524675250053406,0.35524675250053406,"{""income_binary"":0.2983444333076477,""civilian_at_work"":0.2862294614315033,""public_coverage"":0.48116636276245117}",1.0324623584747314,"{""SEX"":0.6390072107315063,""RAC1P"":1.1858559846878052}",0.9187973737716675,0.36465319991111755,0.36465319991111755,"{""income_binary"":0.3076235055923462,""civilian_at_work"":0.3007984459400177,""public_coverage"":0.48553764820098877}",1.0290099382400513,none; fixed final iterate,0.012141091749072075,0.0,0.0,1.0,0.0,0.0,0.0,0.35524675250053406
R_rho0,0,warm_adversary,20,2520,840,0.35524675250053406,0.35524675250053406,"{""income_binary"":0.2983444333076477,""civilian_at_work"":0.2862294614315033,""public_coverage"":0.48116636276245117}",1.0324623584747314,"{""SEX"":0.6372917890548706,""RAC1P"":1.1797046661376953}",0.9151854515075684,0.36465319991111755,0.36465319991111755,"{""income_binary"":0.3076235055923462,""civilian_at_work"":0.3007984459400177,""public_coverage"":0.48553764820098877}",1.0290099382400513,none; fixed final iterate,0.012141091749072075,0.0,0.0,1.0,0.0,0.0,0.0,0.35524675250053406
R_rho0,1,C,0,2460,820,0.3562317192554474,0.3562317192554474,"{""income_binary"":0.2997584640979767,""civilian_at_work"":0.27935582399368286,""public_coverage"":0.489580899477005}",1.0284428596496582,"{""SEX"":0.6320013403892517,""RAC1P"":1.1687270402908325}",0.9145076870918274,0.36849698424339294,0.36849698424339294,"{""income_binary"":0.3078900873661041,""civilian_at_work"":0.3230193853378296,""public_coverage"":0.4745815396308899}",1.018134593963623,none; fixed final iterate,0.01291295699775219,1.0,0.01291295699775219,1.0,0.0,0.0,0.0,0.3691446762531996
R_rho0,1,C,5,2665,1435,0.3527742922306061,0.3527742922306061,"{""income_binary"":0.29462331533432007,""civilian_at_work"":0.27416184544563293,""public_coverage"":0.48953768610954285}",1.0285894870758057,"{""SEX"":0.6277121305465698,""RAC1P"":1.1622295379638672}",0.9088637232780457,0.36581429839134216,0.36581429839134216,"{""income_binary"":0.30296653509140015,""civilian_at_work"":0.31981784105300903,""public_coverage"":0.4746585190296173}",1.0182408094406128,none; fixed final iterate,0.013001477345824242,1.0,0.013001477345824242,1.0,0.0,0.0,0.0,0.3657757695764303
R_rho0,1,C,10,2870,2050,0.3508206903934479,0.3508206903934479,"{""income_binary"":0.29069650173187256,""civilian_at_work"":0.27361640334129333,""public_coverage"":0.4881491959095001}",1.029212236404419,"{""SEX"":0.620775580406189,""RAC1P"":1.1524051427841187}",0.9000043272972107,0.3648886978626251,0.3648886978626251,"{""income_binary"":0.29984650015830994,""civilian_at_work"":0.32044968008995056,""public_coverage"":0.47436994314193726}",1.0188926458358765,none; fixed final iterate,0.012353437021374702,1.0,0.012353437021374702,1.0,0.0,0.0,0.0,0.3631741274148226
R_rho0,1,C,15,3075,2665,0.34893420338630676,0.34893420338630676,"{""income_binary"":0.28880366683006287,""civilian_at_work"":0.2717014253139496,""public_coverage"":0.4862975478172302}",1.0283793210983276,"{""SEX"":0.6148855090141296,""RAC1P"":1.1445621252059937}",0.8926773071289062,0.363956093788147,0.363956093788147,"{""income_binary"":0.29853323101997375,""civilian_at_work"":0.32098400592803955,""public_coverage"":0.47235107421875}",1.0179773569107056,none; fixed final iterate,0.012142562307417393,1.0,0.012142562307417393,1.0,0.0,0.0,0.0,0.36107676569372416
R_rho0,1,C,20,3280,3280,0.3464590609073639,0.3464590609073639,"{""income_binary"":0.2859545946121216,""civilian_at_work"":0.2664128541946411,""public_coverage"":0.4870097041130066}",1.0285959243774414,"{""SEX"":0.611132800579071,""RAC1P"":1.137716293334961}",0.8872839212417603,0.3613843023777008,0.3613843023777008,"{""income_binary"":0.2954598665237427,""civilian_at_work"":0.3154083788394928,""public_coverage"":0.4732847809791565}",1.0181821584701538,none; fixed final iterate,0.011855854652822018,1.0,0.011855854652822018,1.0,0.0,0.0,0.0,0.3583149155601859
R_rho0,1,C,25,3485,3895,0.34520235657691956,0.34520235657691956,"{""income_binary"":0.2830382287502289,""civilian_at_work"":0.26768600940704346,""public_coverage"":0.48488280177116394}",1.028927206993103,"{""SEX"":0.6059243679046631,""RAC1P"":1.130530834197998}",0.880706787109375,0.3613862097263336,0.3613862097263336,"{""income_binary"":0.2930470407009125,""civilian_at_work"":0.319670170545578,""public_coverage"":0.47144147753715515}",1.018545389175415,none; fixed final iterate,0.010741076432168484,1.0,0.010741076432168484,1.0,0.0,0.0,0.0,0.35594343300908804
R_rho0,1,C,30,3690,4510,0.3441105782985687,0.3441105782985687,"{""income_binary"":0.28345486521720886,""civilian_at_work"":0.26334327459335327,""public_coverage"":0.48553356528282166}",1.0289286375045776,"{""SEX"":0.5998059511184692,""RAC1P"":1.1262105703353882}",0.8745965957641602,0.3618292510509491,0.3618292510509491,"{""income_binary"":0.29445886611938477,""civilian_at_work"":0.31791043281555176,""public_coverage"":0.47311845421791077}",1.0185691118240356,none; fixed final iterate,0.010216875933110714,1.0,0.010216875933110714,1.0,0.0,0.0,0.0,0.35432745423167944
R_rho0,1,C,35,3895,5125,0.3430496156215668,0.3430496156215668,"{""income_binary"":0.280925989151001,""civilian_at_work"":0.26369431614875793,""public_coverage"":0.48452848196029663}",1.0291829109191895,"{""SEX"":0.6008906960487366,""RAC1P"":1.121530532836914}",0.8735438585281372,0.3613832890987396,0.3613832890987396,"{""income_binary"":0.29240715503692627,""civilian_at_work"":0.31919220089912415,""public_coverage"":0.47255048155784607}",1.018805980682373,none; fixed final iterate,0.010041585192084312,1.0,0.010041585192084312,1.0,0.0,0.0,0.0,0.3530912008136511
R_rho0,1,C,40,4100,5740,0.3414499759674072,0.3414499759674072,"{""income_binary"":0.2798251807689667,""civilian_at_work"":0.25955861806869507,""public_coverage"":0.48496609926223755}",1.0287266969680786,"{""SEX"":0.5967121124267578,""RAC1P"":1.1173697710037231}",0.8688963055610657,0.36006414890289307,0.36006414890289307,"{""income_binary"":0.29122665524482727,""civilian_at_work"":0.316010445356369,""public_coverage"":0.4729553759098053}",1.0183860063552856,none; fixed final iterate,0.010108566842973232,1.0,0.010108566842973232,1.0,0.0,0.0,0.0,0.35155854281038046
R_rho0,1,C,45,4305,6355,0.340194970369339,0.340194970369339,"{""income_binary"":0.27782732248306274,""civilian_at_work"":0.2580340802669525,""public_coverage"":0.4847235679626465}",1.0290932655334473,"{""SEX"":0.5956060290336609,""RAC1P"":1.116221308708191}",0.8676475882530212,0.35889625549316406,0.35889625549316406,"{""income_binary"":0.2888982892036438,""civilian_at_work"":0.3158676028251648,""public_coverage"":0.4719228446483612}",1.0187195539474487,none; fixed final iterate,0.010028723627328873,1.0,0.010028723627328873,1.0,0.0,0.0,0.0,0.35022369399666786
R_rho0,1,C,50,4510,6970,0.3400686979293823,0.3400686979293823,"{""income_binary"":0.2780924141407013,""civilian_at_work"":0.25825831294059753,""public_coverage"":0.48385539650917053}",1.0285840034484863,"{""SEX"":0.5850896239280701,""RAC1P"":1.1064831018447876}",0.8562383651733398,0.35948240756988525,0.35948240756988525,"{""income_binary"":0.2898378372192383,""civilian_at_work"":0.3166327476501465,""public_coverage"":0.4719766676425934}",1.0182007551193237,none; fixed final iterate,0.009787566028535366,1.0,0.009787566028535366,1.0,0.0,0.0,0.0,0.3498562639579177
R_rho0,1,C,55,4715,7585,0.3389042317867279,0.3389042317867279,"{""income_binary"":0.2774978578090668,""civilian_at_work"":0.2552502453327179,""public_coverage"":0.4839645028114319}",1.028700590133667,"{""SEX"":0.5887202620506287,""RAC1P"":1.0997211933135986}",0.8562065362930298,0.3593843877315521,0.3593843877315521,"{""income_binary"":0.2899296283721924,""civilian_at_work"":0.3152628242969513,""public_coverage"":0.4729606509208679}",1.0182791948318481,none; fixed final iterate,0.009590239264070988,1.0,0.009590239264070988,1.0,0.0,0.0,0.0,0.3484944710507989
R_rho0,1,C,60,4920,8200,0.3381080627441406,0.3381080627441406,"{""income_binary"":0.2760273218154907,""civilian_at_work"":0.2558742165565491,""public_coverage"":0.48242270946502686}",1.028618335723877,"{""SEX"":0.5770981311798096,""RAC1P"":1.096590518951416}",0.8465908765792847,0.3600601255893707,0.3600601255893707,"{""income_binary"":0.2888006865978241,""civilian_at_work"":0.3200506865978241,""public_coverage"":0.47132909297943115}",1.018246054649353,none; fixed final iterate,0.009929710067808628,1.0,0.009929710067808628,1.0,0.0,0.0,0.0,0.34803777281194925
R_rho0,1,C,65,5125,8815,0.33749163150787354,0.33749163150787354,"{""income_binary"":0.27555954456329346,""civilian_at_work"":0.25434818863868713,""public_coverage"":0.4825672209262848}",1.0282416343688965,"{""SEX"":0.5767276883125305,""RAC1P"":1.091984510421753}",0.8445169925689697,0.3594449758529663,0.3594449758529663,"{""income_binary"":0.2891902029514313,""civilian_at_work"":0.3169296383857727,""public_coverage"":0.47221505641937256}",1.0178210735321045,none; fixed final iterate,0.009171188808977604,1.0,0.009171188808977604,1.0,0.0,0.0,0.0,0.34666282031685114
R_rho0,1,C,70,5330,9430,0.3366703987121582,0.3366703987121582,"{""income_binary"":0.27462276816368103,""civilian_at_work"":0.25311046838760376,""public_coverage"":0.4822779893875122}",1.0288490056991577,"{""SEX"":0.5762113928794861,""RAC1P"":1.0897611379623413}",0.84327232837677,0.3595980107784271,0.3595980107784271,"{""income_binary"":0.28842076659202576,""civilian_at_work"":0.317959189414978,""public_coverage"":0.4724140167236328}",1.0184983015060425,none; fixed final iterate,0.008898090571165085,1.0,0.008898090571165085,1.0,0.0,0.0,0.0,0.3455684892833233
R_rho0,1,C,75,5535,10045,0.33549681305885315,0.33549681305885315,"{""income_binary"":0.2729555070400238,""civilian_at_work"":0.2519610822200775,""public_coverage"":0.4815738797187805}",1.0289409160614014,"{""SEX"":0.5704450607299805,""RAC1P"":1.086342453956604}",0.8377698659896851,0.35974907875061035,0.35974907875061035,"{""income_binary"":0.2883850634098053,""civilian_at_work"":0.31816667318344116,""public_coverage"":0.4726954400539398}",1.0185092687606812,none; fixed final iterate,0.009165697731077671,1.0,0.009165697731077671,1.0,0.0,0.0,0.0,0.3446625107899308
R_rho0,1,C,80,5740,10660,0.3351491689682007,0.3351491689682007,"{""income_binary"":0.27220988273620605,""civilian_at_work"":0.25149214267730713,""public_coverage"":0.4817454516887665}",1.0292675495147705,"{""SEX"":0.571721613407135,""RAC1P"":1.0842769145965576}",0.8378810882568359,0.359830766916275,0.359830766916275,"{""income_binary"":0.2882480323314667,""civilian_at_work"":0.31862974166870117,""public_coverage"":0.47261446714401245}",1.0188519954681396,none; fixed final iterate,0.00959523394703865,1.0,0.00959523394703865,1.0,0.0,0.0,0.0,0.34474440291523933
R_rho0,1,D,0,2460,820,0.3562317192554474,0.3562317192554474,"{""income_binary"":0.2997584640979767,""civilian_at_work"":0.27935582399368286,""public_coverage"":0.489580899477005}",1.0284428596496582,"{""SEX"":0.6320013403892517,""RAC1P"":1.1687270402908325}",0.9145076870918274,0.36849698424339294,0.36849698424339294,"{""income_binary"":0.3078900873661041,""civilian_at_work"":0.3230193853378296,""public_coverage"":0.4745815396308899}",1.018134593963623,none; fixed final iterate,0.01291295699775219,1.0,0.01291295699775219,1.0,0.0,-0.1,-0.09145076870918274,0.27769390754401685
R_rho0,1,D,5,2665,1435,0.35271894931793213,0.35271894931793213,"{""income_binary"":0.29439693689346313,""civilian_at_work"":0.27422797679901123,""public_coverage"":0.489531934261322}",1.0285463333129883,"{""SEX"":0.6304401755332947,""RAC1P"":1.1635229587554932}",0.9113398790359497,0.36583244800567627,0.36583244800567627,"{""income_binary"":0.30279791355133057,""civilian_at_work"":0.31999674439430237,""public_coverage"":0.47470274567604065}",1.0182201862335205,none; fixed final iterate,0.013224013149738312,1.0,0.013224013149738312,1.0,0.0,-0.1,-0.09113398790359498,0.2748089745640755
R_rho0,1,D,10,2870,2050,0.3509029448032379,0.3509029448032379,"{""income_binary"":0.29088136553764343,""civilian_at_work"":0.2737354636192322,""public_coverage"":0.4880920946598053}",1.0291703939437866,"{""SEX"":0.6244074106216431,""RAC1P"":1.153952956199646}",0.9032325148582458,0.36505651473999023,0.36505651473999023,"{""income_binary"":0.300092488527298,""civilian_at_work"":0.32071027159690857,""public_coverage"":0.47436684370040894}",1.0188624858856201,none; fixed final iterate,0.01252641063183546,1.0,0.01252641063183546,1.0,0.0,-0.1,-0.0903232514858246,0.2731061039492488
R_rho0,1,D,15,3075,2665,0.34901168942451477,0.34901168942451477,"{""income_binary"":0.2890115976333618,""civilian_at_work"":0.27176791429519653,""public_coverage"":0.48625558614730835}",1.0284392833709717,"{""SEX"":0.6184751987457275,""RAC1P"":1.1464073657989502}",0.8959917426109314,0.3641104996204376,0.3641104996204376,"{""income_binary"":0.2987734079360962,""civilian_at_work"":0.3211369216442108,""public_coverage"":0.47242113947868347}",1.0180494785308838,none; fixed final iterate,0.012147863395512104,1.0,0.012147863395512104,1.0,0.0,-0.1,-0.08959917426109315,0.2715603785589337
R_rho0,1,D,20,3280,3280,0.3466205596923828,0.3466205596923828,"{""income_binary"":0.2861579656600952,""civilian_at_work"":0.266622394323349,""public_coverage"":0.48708122968673706}",1.0285673141479492,"{""SEX"":0.6152936220169067,""RAC1P"":1.1397355794906616}",0.8910788297653198,0.3616139888763428,0.3616139888763428,"{""income_binary"":0.29567456245422363,""civilian_at_work"":0.3157791197299957,""public_coverage"":0.4733883738517761}",1.018168330192566,none; fixed final iterate,0.012063913978636265,1.0,0.012063913978636265,1.0,0.0,-0.1,-0.089107882976532,0.2695765906944871
R_rho0,1,D,25,3485,3895,0.3454248607158661,0.3454248607158661,"{""income_binary"":0.28340286016464233,""civilian_at_work"":0.26792362332344055,""public_coverage"":0.484948068857193}",1.028954267501831,"{""SEX"":0.6101313233375549,""RAC1P"":1.1326862573623657}",0.8845883011817932,0.361609548330307,0.361609548330307,"{""income_binary"":0.2933758795261383,""civilian_at_work"":0.32005611062049866,""public_coverage"":0.4713965654373169}",1.0186055898666382,none; fixed final iterate,0.010742207057774067,1.0,0.010742207057774067,1.0,0.0,-0.1,-0.08845883011817933,0.2677082376554608
R_rho0,1,D,30,3690,4510,0.34419432282447815,0.34419432282447815,"{""income_binary"":0.2836422920227051,""civilian_at_work"":0.2632448971271515,""public_coverage"":0.48569586873054504}",1.0289057493209839,"{""SEX"":0.6038868427276611,""RAC1P"":1.1280163526535034}",0.8782500624656677,0.36192455887794495,0.36192455887794495,"{""income_binary"":0.2944597601890564,""civilian_at_work"":0.31809213757514954,""public_coverage"":0.4732217490673065}",1.0185657739639282,none; fixed final iterate,0.010357142426073551,1.0,0.010357142426073551,1.0,0.0,-0.1,-0.08782500624656678,0.26672645900398495
R_rho0,1,D,35,3895,5125,0.343082994222641,0.343082994222641,"{""income_binary"":0.2808292806148529,""civilian_at_work"":0.2636604607105255,""public_coverage"":0.4847591817378998}",1.0292081832885742,"{""SEX"":0.6045639514923096,""RAC1P"":1.124311923980713}",0.8772858381271362,0.3614130914211273,0.3614130914211273,"{""income_binary"":0.2922954857349396,""civilian_at_work"":0.31921643018722534,""public_coverage"":0.4727272689342499}",1.0188339948654175,none; fixed final iterate,0.010286589153110981,1.0,0.010286589153110981,1.0,0.0,-0.1,-0.08772858381271363,0.2656409995630383
R_rho0,1,D,40,4100,5740,0.3416666090488434,0.3416666090488434,"{""income_binary"":0.28005489706993103,""civilian_at_work"":0.2597745656967163,""public_coverage"":0.4851703643798828}",1.028628945350647,"{""SEX"":0.6024631857872009,""RAC1P"":1.1189273595809937}",0.8736578226089478,0.36034277081489563,0.36034277081489563,"{""income_binary"":0.2915550172328949,""civilian_at_work"":0.3164004385471344,""public_coverage"":0.47307291626930237}",1.0183097124099731,none; fixed final iterate,0.01018972136080265,1.0,0.01018972136080265,1.0,0.0,-0.1,-0.08736578226089478,0.2644905481487513
R_rho0,1,D,45,4305,6355,0.3405151665210724,0.3405151665210724,"{""income_binary"":0.27813899517059326,""civilian_at_work"":0.25846025347709656,""public_coverage"":0.48494625091552734}",1.0290571451187134,"{""SEX"":0.5995275378227234,""RAC1P"":1.119718313217163}",0.8718492984771729,0.35922273993492126,0.35922273993492126,"{""income_binary"":0.28928256034851074,""civilian_at_work"":0.3166392147541046,""public_coverage"":0.47174644470214844}",1.0187098979949951,none; fixed final iterate,0.010191043838858604,1.0,0.010191043838858604,1.0,0.0,-0.1,-0.0871849298477173,0.2635212805122137
R_rho0,1,D,50,4510,6970,0.34032630920410156,0.34032630920410156,"{""income_binary"":0.27851003408432007,""civilian_at_work"":0.25823527574539185,""public_coverage"":0.48423364758491516}",1.02854585647583,"{""SEX"":0.5901986956596375,""RAC1P"":1.1087409257888794}",0.8608112335205078,0.3597707748413086,0.3597707748413086,"{""income_binary"":0.29030129313468933,""civilian_at_work"":0.3168720304965973,""public_coverage"":0.4721389412879944}",1.0181995630264282,none; fixed final iterate,0.010048460215330124,1.0,0.010048460215330124,1.0,0.0,-0.1,-0.08608112335205079,0.2642936460673809
R_rho0,1,D,55,4715,7585,0.3390696942806244,0.3390696942806244,"{""income_binary"":0.27747151255607605,""civilian_at_work"":0.2554389536380768,""public_coverage"":0.48429858684539795}",1.028770923614502,"{""SEX"":0.594763994216919,""RAC1P"":1.101830244064331}",0.861395537853241,0.35947832465171814,0.35947832465171814,"{""income_binary"":0.28989869356155396,""civilian_at_work"":0.31571435928344727,""public_coverage"":0.4728218615055084}",1.0183850526809692,none; fixed final iterate,0.009874476119875908,1.0,0.009874476119875908,1.0,0.0,-0.1,-0.0861395537853241,0.2628046166151762
R_rho0,1,D,60,4920,8200,0.3385554850101471,0.3385554850101471,"{""income_binary"":0.2765439450740814,""civilian_at_work"":0.2561376094818115,""public_coverage"":0.48298490047454834}",1.0285511016845703,"{""SEX"":0.5820614099502563,""RAC1P"":1.097679615020752}",0.8506000638008118,0.36074209213256836,0.36074209213256836,"{""income_binary"":0.28942006826400757,""civilian_at_work"":0.3212790787220001,""public_coverage"":0.4715270698070526}",1.0182310342788696,none; fixed final iterate,0.009955420158803463,1.0,0.009955420158803463,1.0,0.0,-0.1,-0.08506000638008118,0.2634508987888694
R_rho0,1,D,65,5125,8815,0.33786189556121826,0.33786189556121826,"{""income_binary"":0.2761025130748749,""civilian_at_work"":0.2544109523296356,""public_coverage"":0.4830722510814667}",1.0280659198760986,"{""SEX"":0.5818021297454834,""RAC1P"":1.0941333770751953}",0.8490220308303833,0.35995855927467346,0.35995855927467346,"{""income_binary"":0.2898898124694824,""civilian_at_work"":0.31778576970100403,""public_coverage"":0.4722001552581787}",1.0176899433135986,none; fixed final iterate,0.009539825841784477,1.0,0.009539825841784477,1.0,0.0,-0.1,-0.08490220308303834,0.26249951831996443
R_rho0,1,D,70,5330,9430,0.337004691362381,0.337004691362381,"{""income_binary"":0.27513977885246277,""civilian_at_work"":0.2531684339046478,""public_coverage"":0.4827059209346771}",1.0287853479385376,"{""SEX"":0.5829617381095886,""RAC1P"":1.0919257402420044}",0.8489931225776672,0.36016955971717834,0.36016955971717834,"{""income_binary"":0.28924182057380676,""civilian_at_work"":0.318988561630249,""public_coverage"":0.472278356552124}",1.0184826850891113,none; fixed final iterate,0.00914490595459938,1.0,0.00914490595459938,1.0,0.0,-0.1,-0.08489931225776673,0.26125028505921366
R_rho0,1,D,75,5535,10045,0.33552584052085876,0.33552584052085876,"{""income_binary"":0.2727302610874176,""civilian_at_work"":0.25182539224624634,""public_coverage"":0.48202186822891235}",1.0288746356964111,"{""SEX"":0.578947126865387,""RAC1P"":1.0879541635513306}",0.8445380330085754,0.3599569499492645,0.3599569499492645,"{""income_binary"":0.28839680552482605,""civilian_at_work"":0.31886354088783264,""public_coverage"":0.4726105034351349}",1.0184439420700073,none; fixed final iterate,0.00943597313016653,1.0,0.00943597313016653,1.0,0.0,-0.1,-0.08445380330085756,0.26050801035016774
R_rho0,1,D,80,5740,10660,0.3354029357433319,0.3354029357433319,"{""income_binary"":0.2724533975124359,""civilian_at_work"":0.25137701630592346,""public_coverage"":0.4823783338069916}",1.0292054414749146,"{""SEX"":0.5796274542808533,""RAC1P"":1.085908055305481}",0.8442264795303345,0.360187292098999,0.360187292098999,"{""income_binary"":0.2886621952056885,""civilian_at_work"":0.31924378871917725,""public_coverage"":0.47265592217445374}",1.018812894821167,none; fixed final iterate,0.009810321033000946,1.0,0.009810321033000946,1.0,0.0,-0.1,-0.08442264795303345,0.2607906088232994
R_rho0,1,warm_base,0,0,0,0.7118697166442871,0.7118697166442871,"{""income_binary"":0.7249402403831482,""civilian_at_work"":0.6785551905632019,""public_coverage"":0.7321138381958008}",1.0284864902496338,,,0.7159926295280457,0.7159926295280457,"{""income_binary"":0.728021502494812,""civilian_at_work"":0.6855751872062683,""public_coverage"":0.7343810796737671}",1.0178860425949097,none; fixed final iterate,1.408707270842205e-15,1.0,1.408707270842205e-15,1.0,0.0,0.0,0.0,0.7118697166442886
R_rho0,1,warm_base,5,205,0,0.5461471080780029,0.5461471080780029,"{""income_binary"":0.5397620797157288,""civilian_at_work"":0.4813216030597687,""public_coverage"":0.6173575520515442}",1.0278924703598022,,,0.5492075681686401,0.5492075681686401,"{""income_binary"":0.5455459952354431,""civilian_at_work"":0.4941273629665375,""public_coverage"":0.6079493761062622}",1.0173170566558838,none; fixed final iterate,0.03584081307053566,1.0,0.03584081307053566,1.0,0.0,0.0,0.0,0.5819879211485386
R_rho0,1,warm_base,10,410,0,0.4785081446170807,0.4785081446170807,"{""income_binary"":0.4544397294521332,""civilian_at_work"":0.4045524299144745,""public_coverage"":0.5765323638916016}",1.0272817611694336,,,0.4815814197063446,0.4815814197063446,"{""income_binary"":0.4598780870437622,""civilian_at_work"":0.4228057265281677,""public_coverage"":0.5620604157447815}",1.016784429550171,none; fixed final iterate,0.03989134728908539,1.0,0.03989134728908539,1.0,0.0,0.0,0.0,0.5183994919061661
R_rho0,1,warm_base,15,615,0,0.44182348251342773,0.44182348251342773,"{""income_binary"":0.4046759009361267,""civilian_at_work"":0.3663426339626312,""public_coverage"":0.5544520020484924}",1.0269571542739868,,,0.4450875520706177,0.4450875520706177,"{""income_binary"":0.4090178608894348,""civilian_at_work"":0.38852959871292114,""public_coverage"":0.5377151966094971}",1.016656517982483,none; fixed final iterate,0.03737214580178261,1.0,0.03737214580178261,1.0,0.0,0.0,0.0,0.47919562831521034
R_rho0,1,warm_base,20,820,0,0.4169495105743408,0.4169495105743408,"{""income_binary"":0.37459322810173035,""civilian_at_work"":0.3387787342071533,""public_coverage"":0.5374765992164612}",1.0271296501159668,,,0.42127132415771484,0.42127132415771484,"{""income_binary"":0.3790743947029114,""civilian_at_work"":0.36418092250823975,""public_coverage"":0.5205586552619934}",1.0169270038604736,none; fixed final iterate,0.03517580404877663,1.0,0.03517580404877663,1.0,0.0,0.0,0.0,0.45212531462311745
R_rho0,1,warm_base,25,1025,0,0.4037928581237793,0.4037928581237793,"{""income_binary"":0.3599007725715637,""civilian_at_work"":0.3244657814502716,""public_coverage"":0.527012050151825}",1.027500867843628,,,0.4086887836456299,0.4086887836456299,"{""income_binary"":0.3639962375164032,""civilian_at_work"":0.35242125391960144,""public_coverage"":0.5096489191055298}",1.017260193824768,none; fixed final iterate,0.02800295129418373,1.0,0.02800295129418373,1.0,0.0,0.0,0.0,0.43179580941796303
R_rho0,1,warm_base,30,1230,0,0.3897262513637543,0.3897262513637543,"{""income_binary"":0.341327041387558,""civilian_at_work"":0.31257739663124084,""public_coverage"":0.5152742862701416}",1.0277398824691772,,,0.3960660994052887,0.3960660994052887,"{""income_binary"":0.34596705436706543,""civilian_at_work"":0.3437497913837433,""public_coverage"":0.4984814524650574}",1.0175076723098755,none; fixed final iterate,0.02640591748058796,1.0,0.02640591748058796,1.0,0.0,0.0,0.0,0.41613216884434223
R_rho0,1,warm_base,35,1435,0,0.37993720173835754,0.37993720173835754,"{""income_binary"":0.33440545201301575,""civilian_at_work"":0.29990240931510925,""public_coverage"":0.50550377368927}",1.0275143384933472,,,0.3873080909252167,0.3873080909252167,"{""income_binary"":0.3393498361110687,""civilian_at_work"":0.3337959945201874,""public_coverage"":0.48877838253974915}",1.0173308849334717,none; fixed final iterate,0.02389354631304741,1.0,0.02389354631304741,1.0,0.0,0.0,0.0,0.40383074805140495
R_rho0,1,warm_base,40,1640,0,0.3741389811038971,0.3741389811038971,"{""income_binary"":0.3256673812866211,""civilian_at_work"":0.29681095480918884,""public_coverage"":0.49993860721588135}",1.0274083614349365,,,0.3824253976345062,0.3824253976345062,"{""income_binary"":0.330878347158432,""civilian_at_work"":0.33367952704429626,""public_coverage"":0.48271825909614563}",1.0171587467193604,none; fixed final iterate,0.020331107079982758,1.0,0.020331107079982758,1.0,0.0,0.0,0.0,0.39447008818387985
R_rho0,1,warm_base,45,1845,0,0.3682899475097656,0.3682899475097656,"{""income_binary"":0.31567150354385376,""civilian_at_work"":0.2912766635417938,""public_coverage"":0.4979217052459717}",1.0285838842391968,,,0.3778171241283417,0.3778171241283417,"{""income_binary"":0.32234659790992737,""civilian_at_work"":0.32994595170021057,""public_coverage"":0.4811588227748871}",1.018316388130188,none; fixed final iterate,0.01730327308177948,1.0,0.01730327308177948,1.0,0.0,0.0,0.0,0.3855932205915451
R_rho0,1,warm_base,50,2050,0,0.36294040083885193,0.36294040083885193,"{""income_binary"":0.30916541814804077,""civilian_at_work"":0.2853034436702728,""public_coverage"":0.4943522810935974}",1.0283008813858032,,,0.37322497367858887,0.37322497367858887,"{""income_binary"":0.3165290951728821,""civilian_at_work"":0.32449522614479065,""public_coverage"":0.47865062952041626}",1.0180233716964722,none; fixed final iterate,0.015801582485437393,1.0,0.015801582485437393,1.0,0.0,0.0,0.0,0.3787419833242893
R_rho0,1,warm_base,55,2255,0,0.3595637381076813,0.3595637381076813,"{""income_binary"":0.30753594636917114,""civilian_at_work"":0.27908554673194885,""public_coverage"":0.4920697808265686}",1.0281572341918945,,,0.3707960546016693,0.3707960546016693,"{""income_binary"":0.3144571781158447,""civilian_at_work"":0.32170960307121277,""public_coverage"":0.47622132301330566}",1.0178316831588745,none; fixed final iterate,0.014426959678530693,1.0,0.014426959678530693,1.0,0.0,0.0,0.0,0.37399069778621197
R_rho0,1,warm_base,60,2460,0,0.3562317192554474,0.3562317192554474,"{""income_binary"":0.2997584640979767,""civilian_at_work"":0.27935582399368286,""public_coverage"":0.489580899477005}",1.0284428596496582,,,0.36849698424339294,0.36849698424339294,"{""income_binary"":0.3078900873661041,""civilian_at_work"":0.3230193853378296,""public_coverage"":0.4745815396308899}",1.018134593963623,none; fixed final iterate,0.01291295699775219,1.0,0.01291295699775219,1.0,0.0,0.0,0.0,0.3691446762531996
R_rho0,1,warm_adversary,0,2460,0,0.3562317192554474,0.3562317192554474,"{""income_binary"":0.2997584640979767,""civilian_at_work"":0.27935582399368286,""public_coverage"":0.489580899477005}",1.0284428596496582,"{""SEX"":0.701615571975708,""RAC1P"":2.1551811695098877}",1.351647138595581,0.36849698424339294,0.36849698424339294,"{""income_binary"":0.3078900873661041,""civilian_at_work"":0.3230193853378296,""public_coverage"":0.4745815396308899}",1.018134593963623,none; fixed final iterate,0.01291295699775219,0.0,0.0,1.0,0.0,0.0,0.0,0.3562317192554474
R_rho0,1,warm_adversary,5,2460,205,0.3562317192554474,0.3562317192554474,"{""income_binary"":0.2997584640979767,""civilian_at_work"":0.27935582399368286,""public_coverage"":0.489580899477005}",1.0284428596496582,"{""SEX"":0.650431752204895,""RAC1P"":1.200575590133667}",0.9403003454208374,0.36849698424339294,0.36849698424339294,"{""income_binary"":0.3078900873661041,""civilian_at_work"":0.3230193853378296,""public_coverage"":0.4745815396308899}",1.018134593963623,none; fixed final iterate,0.01291295699775219,0.0,0.0,1.0,0.0,0.0,0.0,0.3562317192554474
R_rho0,1,warm_adversary,10,2460,410,0.3562317192554474,0.3562317192554474,"{""income_binary"":0.2997584640979767,""civilian_at_work"":0.27935582399368286,""public_coverage"":0.489580899477005}",1.0284428596496582,"{""SEX"":0.6420168280601501,""RAC1P"":1.1813503503799438}",0.9266869425773621,0.36849698424339294,0.36849698424339294,"{""income_binary"":0.3078900873661041,""civilian_at_work"":0.3230193853378296,""public_coverage"":0.4745815396308899}",1.018134593963623,none; fixed final iterate,0.01291295699775219,0.0,0.0,1.0,0.0,0.0,0.0,0.3562317192554474
R_rho0,1,warm_adversary,15,2460,615,0.3562317192554474,0.3562317192554474,"{""income_binary"":0.2997584640979767,""civilian_at_work"":0.27935582399368286,""public_coverage"":0.489580899477005}",1.0284428596496582,"{""SEX"":0.6374714374542236,""RAC1P"":1.1753419637680054}",0.921049952507019,0.36849698424339294,0.36849698424339294,"{""income_binary"":0.3078900873661041,""civilian_at_work"":0.3230193853378296,""public_coverage"":0.4745815396308899}",1.018134593963623,none; fixed final iterate,0.01291295699775219,0.0,0.0,1.0,0.0,0.0,0.0,0.3562317192554474
R_rho0,1,warm_adversary,20,2460,820,0.3562317192554474,0.3562317192554474,"{""income_binary"":0.2997584640979767,""civilian_at_work"":0.27935582399368286,""public_coverage"":0.489580899477005}",1.0284428596496582,"{""SEX"":0.6320013403892517,""RAC1P"":1.1687270402908325}",0.9145076870918274,0.36849698424339294,0.36849698424339294,"{""income_binary"":0.3078900873661041,""civilian_at_work"":0.3230193853378296,""public_coverage"":0.4745815396308899}",1.018134593963623,none; fixed final iterate,0.01291295699775219,0.0,0.0,1.0,0.0,0.0,0.0,0.3562317192554474
R_rho0,2,C,0,2520,840,0.35483670234680176,0.35483670234680176,"{""income_binary"":0.28659969568252563,""civilian_at_work"":0.2966229319572449,""public_coverage"":0.4812874495983124}",1.0185434818267822,"{""SEX"":0.6324251890182495,""RAC1P"":1.179796576499939}",0.9116793870925903,0.37193116545677185,0.37193116545677185,"{""income_binary"":0.32230380177497864,""civilian_at_work"":0.30705708265304565,""public_coverage"":0.4864325225353241}",0.9970176815986633,none; fixed final iterate,0.013418960385024548,1.0,0.013418960385024548,1.0,0.0,0.0,0.0,0.3682556627318263
R_rho0,2,C,5,2730,1470,0.3526606261730194,0.3526606261730194,"{""income_binary"":0.2838561534881592,""civilian_at_work"":0.29346904158592224,""public_coverage"":0.48065659403800964}",1.0187718868255615,"{""SEX"":0.6276527047157288,""RAC1P"":1.1712414026260376}",0.9049338102340698,0.3705521821975708,0.3705521821975708,"{""income_binary"":0.3200787603855133,""civilian_at_work"":0.3056020140647888,""public_coverage"":0.4859757721424103}",0.9972320199012756,none; fixed final iterate,0.012551278807222843,1.0,0.012551278807222843,1.0,0.0,0.0,0.0,0.36521190498024225
R_rho0,2,C,10,2940,2100,0.3518284261226654,0.3518284261226654,"{""income_binary"":0.2854805588722229,""civilian_at_work"":0.290609210729599,""public_coverage"":0.47939547896385193}",1.0187747478485107,"{""SEX"":0.6233663558959961,""RAC1P"":1.1632499694824219}",0.8987566232681274,0.3695039749145508,0.3695039749145508,"{""income_binary"":0.3216467499732971,""civilian_at_work"":0.3021070957183838,""public_coverage"":0.4847581386566162}",0.9971868395805359,none; fixed final iterate,0.010318595916032791,1.0,0.010318595916032791,1.0,0.0,0.0,0.0,0.3621470220386982
R_rho0,2,C,15,3150,2730,0.3485584259033203,0.3485584259033203,"{""income_binary"":0.2788640558719635,""civilian_at_work"":0.2886689305305481,""public_coverage"":0.47814226150512695}",1.0190961360931396,"{""SEX"":0.6160575151443481,""RAC1P"":1.1542437076568604}",0.8900058269500732,0.36627593636512756,0.36627593636512756,"{""income_binary"":0.3153032958507538,""civilian_at_work"":0.29984280467033386,""public_coverage"":0.48368167877197266}",0.9974515438079834,none; fixed final iterate,0.010913771577179432,1.0,0.010913771577179432,1.0,0.0,0.0,0.0,0.35947219748049974
R_rho0,2,C,20,3360,3360,0.34809157252311707,0.34809157252311707,"{""income_binary"":0.2785743474960327,""civilian_at_work"":0.2869585156440735,""public_coverage"":0.4787418246269226}",1.0189017057418823,"{""SEX"":0.6101595163345337,""RAC1P"":1.1537292003631592}",0.8855491876602173,0.366667240858078,0.366667240858078,"{""income_binary"":0.31562167406082153,""civilian_at_work"":0.2992566227912903,""public_coverage"":0.4851233661174774}",0.997234046459198,none; fixed final iterate,0.009893718175590038,1.0,0.009893718175590038,1.0,0.0,0.0,0.0,0.3579852906987071
R_rho0,2,C,25,3570,3990,0.34571051597595215,0.34571051597595215,"{""income_binary"":0.2750511169433594,""civilian_at_work"":0.28442490100860596,""public_coverage"":0.4776555001735687}",1.0192337036132812,"{""SEX"":0.6078364253044128,""RAC1P"":1.1410125494003296}",0.8789666891098022,0.3650372326374054,0.3650372326374054,"{""income_binary"":0.3129793703556061,""civilian_at_work"":0.2979698181152344,""public_coverage"":0.4841625690460205}",0.9976036548614502,none; fixed final iterate,0.010206527076661587,1.0,0.010206527076661587,1.0,0.0,0.0,0.0,0.35591704305261374
R_rho0,2,C,30,3780,4620,0.34395745396614075,0.34395745396614075,"{""income_binary"":0.27218371629714966,""civilian_at_work"":0.2827707827091217,""public_coverage"":0.4769178330898285}",1.019176721572876,"{""SEX"":0.6045399904251099,""RAC1P"":1.1329444646835327}",0.873474657535553,0.36426305770874023,0.36426305770874023,"{""income_binary"":0.31126561760902405,""civilian_at_work"":0.297465443611145,""public_coverage"":0.48405808210372925}",0.997503936290741,none; fixed final iterate,0.010058372281491756,1.0,0.010058372281491756,1.0,0.0,0.0,0.0,0.3540158262476325
R_rho0,2,C,35,3990,5250,0.34414544701576233,0.34414544701576233,"{""income_binary"":0.2723105847835541,""civilian_at_work"":0.2825073003768921,""public_coverage"":0.47761842608451843}",1.019176721572876,"{""SEX"":0.5985397696495056,""RAC1P"":1.1294695138931274}",0.8678022623062134,0.36546802520751953,0.36546802520751953,"{""income_binary"":0.3133793771266937,""civilian_at_work"":0.297654390335083,""public_coverage"":0.4853702485561371}",0.997550904750824,none; fixed final iterate,0.009796109050512314,1.0,0.009796109050512314,1.0,0.0,0.0,0.0,0.35394155606627464
R_rho0,2,C,40,4200,5880,0.3419744670391083,0.3419744670391083,"{""income_binary"":0.2702033519744873,""civilian_at_work"":0.2784091532230377,""public_coverage"":0.4773108661174774}",1.0188928842544556,"{""SEX"":0.59409099817276,""RAC1P"":1.1300071477890015}",0.864797830581665,0.3632921278476715,0.3632921278476715,"{""income_binary"":0.3110521137714386,""civilian_at_work"":0.2930377423763275,""public_coverage"":0.485786497592926}",0.9971830248832703,none; fixed final iterate,0.00942433625459671,1.0,0.00942433625459671,1.0,0.0,0.0,0.0,0.351398803293705
R_rho0,2,C,45,4410,6510,0.3417816460132599,0.3417816460132599,"{""income_binary"":0.26951587200164795,""civilian_at_work"":0.2794329524040222,""public_coverage"":0.4763961732387543}",1.0190284252166748,"{""SEX"":0.5910351872444153,""RAC1P"":1.127492070198059}",0.8616214394569397,0.3633878529071808,0.3633878529071808,"{""income_binary"":0.31002163887023926,""civilian_at_work"":0.29588615894317627,""public_coverage"":0.4842557907104492}",0.9973075985908508,none; fixed final iterate,0.008928821422159672,1.0,0.008928821422159672,1.0,0.0,0.0,0.0,0.35071046743541956
R_rho0,2,C,50,4620,7140,0.3400932550430298,0.3400932550430298,"{""income_binary"":0.2674762010574341,""civilian_at_work"":0.2768111824989319,""public_coverage"":0.4759924113750458}",1.0191763639450073,"{""SEX"":0.5908616185188293,""RAC1P"":1.1122666597366333}",0.8556231260299683,0.36174342036247253,0.36174342036247253,"{""income_binary"":0.30976971983909607,""civilian_at_work"":0.2914831340312958,""public_coverage"":0.483977347612381}",0.9975115656852722,none; fixed final iterate,0.008984643965959549,1.0,0.008984643965959549,1.0,0.0,0.0,0.0,0.34907789900898933
R_rho0,2,C,55,4830,7770,0.3395065367221832,0.3395065367221832,"{""income_binary"":0.26667240262031555,""civilian_at_work"":0.27605411410331726,""public_coverage"":0.47579312324523926}",1.0193430185317993,"{""SEX"":0.5846431255340576,""RAC1P"":1.1104100942611694}",0.8504174947738647,0.3625531494617462,0.3625531494617462,"{""income_binary"":0.3090977072715759,""civilian_at_work"":0.2942492365837097,""public_coverage"":0.4843125641345978}",0.9976136088371277,none; fixed final iterate,0.00899597816169262,1.0,0.00899597816169262,1.0,0.0,0.0,0.0,0.34850251488387585
R_rho0,2,C,60,5040,8400,0.3379932641983032,0.3379932641983032,"{""income_binary"":0.265022873878479,""civilian_at_work"":0.2742665708065033,""public_coverage"":0.47469034790992737}",1.0193895101547241,"{""SEX"":0.5803603529930115,""RAC1P"":1.1030385494232178}",0.8444819450378418,0.36093685030937195,0.36093685030937195,"{""income_binary"":0.3077394664287567,""civilian_at_work"":0.2911384403705597,""public_coverage"":0.48393258452415466}",0.9976463913917542,none; fixed final iterate,0.009450621902942657,1.0,0.009450621902942657,1.0,0.0,0.0,0.0,0.3474438861012459
R_rho0,2,C,65,5250,9030,0.3378573954105377,0.3378573954105377,"{""income_binary"":0.26497697830200195,""civilian_at_work"":0.27364179491996765,""public_coverage"":0.47495341300964355}",1.019431233406067,"{""SEX"":0.5796852111816406,""RAC1P"":1.0991714000701904}",0.8425028324127197,0.3619823753833771,0.3619823753833771,"{""income_binary"":0.3086130619049072,""civilian_at_work"":0.2918238639831543,""public_coverage"":0.4855102300643921}",0.9977026581764221,none; fixed final iterate,0.008383167907595634,1.0,0.008383167907595634,1.0,0.0,0.0,0.0,0.34624056331813335
R_rho0,2,C,70,5460,9660,0.3371957838535309,0.3371957838535309,"{""income_binary"":0.2640354335308075,""civilian_at_work"":0.27235355973243713,""public_coverage"":0.4751984477043152}",1.0191700458526611,"{""SEX"":0.5739246010780334,""RAC1P"":1.095374584197998}",0.8368792533874512,0.3616971969604492,0.3616971969604492,"{""income_binary"":0.30820348858833313,""civilian_at_work"":0.2907606363296509,""public_coverage"":0.4861275553703308}",0.9973613023757935,none; fixed final iterate,0.008648212999105453,1.0,0.008648212999105453,1.0,0.0,0.0,0.0,0.34584399685263634
R_rho0,2,C,75,5670,10290,0.3367038667201996,0.3367038667201996,"{""income_binary"":0.2634969651699066,""civilian_at_work"":0.2722161114215851,""public_coverage"":0.4743984341621399}",1.0195506811141968,"{""SEX"":0.5704392194747925,""RAC1P"":1.0914840698242188}",0.8328622579574585,0.3619621992111206,0.3619621992111206,"{""income_binary"":0.3096093535423279,""civilian_at_work"":0.29148006439208984,""public_coverage"":0.4847971796989441}",0.9977405071258545,none; fixed final iterate,0.008811606094241142,1.0,0.008811606094241142,1.0,0.0,0.0,0.0,0.3455154728144407
R_rho0,2,C,80,5880,10920,0.33641818165779114,0.33641818165779114,"{""income_binary"":0.26209962368011475,""civilian_at_work"":0.2723413109779358,""public_coverage"":0.47481364011764526}",1.0195295810699463,"{""SEX"":0.5685285329818726,""RAC1P"":1.0872784852981567}",0.8298605680465698,0.3622998297214508,0.3622998297214508,"{""income_binary"":0.3075011074542999,""civilian_at_work"":0.29332074522972107,""public_coverage"":0.4860776662826538}",0.9977865815162659,none; fixed final iterate,0.009485876187682152,1.0,0.009485876187682152,1.0,0.0,0.0,0.0,0.3459040578454733
R_rho0,2,D,0,2520,840,0.35483670234680176,0.35483670234680176,"{""income_binary"":0.28659969568252563,""civilian_at_work"":0.2966229319572449,""public_coverage"":0.4812874495983124}",1.0185434818267822,"{""SEX"":0.6324251890182495,""RAC1P"":1.179796576499939}",0.9116793870925903,0.37193116545677185,0.37193116545677185,"{""income_binary"":0.32230380177497864,""civilian_at_work"":0.30705708265304565,""public_coverage"":0.4864325225353241}",0.9970176815986633,none; fixed final iterate,0.013418960385024548,1.0,0.013418960385024548,1.0,0.0,-0.1,-0.09116793870925904,0.27708772402256726
R_rho0,2,D,5,2730,1470,0.3527366816997528,0.3527366816997528,"{""income_binary"":0.2838488519191742,""civilian_at_work"":0.29359203577041626,""public_coverage"":0.48076918721199036}",1.018716812133789,"{""SEX"":0.6287577152252197,""RAC1P"":1.1723041534423828}",0.9061415195465088,0.3706660568714142,0.3706660568714142,"{""income_binary"":0.32017019391059875,""civilian_at_work"":0.3057468831539154,""public_coverage"":0.4860811233520508}",0.9971851110458374,none; fixed final iterate,0.0126796904951334,1.0,0.0126796904951334,1.0,0.0,-0.1,-0.09061415195465089,0.2748022202402353
R_rho0,2,D,10,2940,2100,0.3519097864627838,0.3519097864627838,"{""income_binary"":0.28557491302490234,""civilian_at_work"":0.2906373143196106,""public_coverage"":0.4795171916484833}",1.0187549591064453,"{""SEX"":0.6254600286483765,""RAC1P"":1.1642364263534546}",0.9006486535072327,0.3696136474609375,0.3696136474609375,"{""income_binary"":0.32167306542396545,""civilian_at_work"":0.30230453610420227,""public_coverage"":0.48486340045928955}",0.9971615076065063,none; fixed final iterate,0.010404457338154316,1.0,0.010404457338154316,1.0,0.0,-0.1,-0.09006486535072328,0.27224937845021485
R_rho0,2,D,15,3150,2730,0.3486626446247101,0.3486626446247101,"{""income_binary"":0.2789103090763092,""civilian_at_work"":0.2888999581336975,""public_coverage"":0.47817766666412354}",1.0190300941467285,"{""SEX"":0.6181802749633789,""RAC1P"":1.1560211181640625}",0.8922239542007446,0.36642971634864807,0.36642971634864807,"{""income_binary"":0.31551241874694824,""civilian_at_work"":0.30004066228866577,""public_coverage"":0.4837360978126526}",0.9973634481430054,none; fixed final iterate,0.01095284428447485,1.0,0.01095284428447485,1.0,0.0,-0.1,-0.08922239542007447,0.27039309348911045
R_rho0,2,D,20,3360,3360,0.34816253185272217,0.34816253185272217,"{""income_binary"":0.2786048352718353,""civilian_at_work"":0.2869855463504791,""public_coverage"":0.47889718413352966}",1.0189982652664185,"{""SEX"":0.6117520928382874,""RAC1P"":1.1559675931930542}",0.8875623941421509,0.36684486269950867,0.36684486269950867,"{""income_binary"":0.31571733951568604,""civilian_at_work"":0.29943156242370605,""public_coverage"":0.4853856861591339}",0.9973056316375732,none; fixed final iterate,0.009918375872075558,1.0,0.009918375872075558,1.0,0.0,-0.1,-0.0887562394142151,0.26932466831058266
R_rho0,2,D,25,3570,3990,0.34572720527648926,0.34572720527648926,"{""income_binary"":0.2750016450881958,""civilian_at_work"":0.2844116985797882,""public_coverage"":0.47776833176612854}",1.0191975831985474,"{""SEX"":0.6091460585594177,""RAC1P"":1.1425164937973022}",0.8804923295974731,0.3651792109012604,0.3651792109012604,"{""income_binary"":0.31296536326408386,""civilian_at_work"":0.2981344163417816,""public_coverage"":0.48443785309791565}",0.9975297451019287,none; fixed final iterate,0.010474639013409615,1.0,0.010474639013409615,1.0,0.0,-0.1,-0.08804923295974731,0.26815261133015156
R_rho0,2,D,30,3780,4620,0.344137042760849,0.344137042760849,"{""income_binary"":0.2725341022014618,""civilian_at_work"":0.2828291356563568,""public_coverage"":0.477047860622406}",1.0191339254379272,"{""SEX"":0.6053529977798462,""RAC1P"":1.1355383396148682}",0.8750621676445007,0.36432918906211853,0.36432918906211853,"{""income_binary"":0.31143832206726074,""civilian_at_work"":0.29727640748023987,""public_coverage"":0.484272837638855}",0.9974432587623596,none; fixed final iterate,0.009870035573840141,1.0,0.009870035573840141,1.0,0.0,-0.1,-0.08750621676445008,0.26650086157023906
R_rho0,2,D,35,3990,5250,0.3442378044128418,0.3442378044128418,"{""income_binary"":0.27245423197746277,""civilian_at_work"":0.28267133235931396,""public_coverage"":0.47758784890174866}",1.0191054344177246,"{""SEX"":0.6000751256942749,""RAC1P"":1.1323130130767822}",0.8700076341629028,0.3655576705932617,0.3655576705932617,"{""income_binary"":0.31342923641204834,""civilian_at_work"":0.2977451682090759,""public_coverage"":0.4854985773563385}",0.9974669814109802,none; fixed final iterate,0.010043464601039886,1.0,0.010043464601039886,1.0,0.0,-0.1,-0.08700076341629029,0.2672805055975914
R_rho0,2,D,40,4200,5880,0.34201177954673767,0.34201177954673767,"{""income_binary"":0.2701495587825775,""civilian_at_work"":0.27842676639556885,""public_coverage"":0.47745901346206665}",1.0188692808151245,"{""SEX"":0.5950310826301575,""RAC1P"":1.1330806016921997}",0.8666620254516602,0.3634171783924103,0.3634171783924103,"{""income_binary"":0.31106218695640564,""civilian_at_work"":0.2930501401424408,""public_coverage"":0.4861392080783844}",0.9971452951431274,none; fixed final iterate,0.009543295949697495,1.0,0.009543295949697495,1.0,0.0,-0.1,-0.08666620254516602,0.26488887295126917
R_rho0,2,D,45,4410,6510,0.34198513627052307,0.34198513627052307,"{""income_binary"":0.2699270248413086,""civilian_at_work"":0.2794923186302185,""public_coverage"":0.4765360355377197}",1.0190777778625488,"{""SEX"":0.5916406512260437,""RAC1P"":1.1306874752044678}",0.8632911443710327,0.36367860436439514,0.36367860436439514,"{""income_binary"":0.310417503118515,""civilian_at_work"":0.29592883586883545,""public_coverage"":0.48468953371047974}",0.997340738773346,none; fixed final iterate,0.009138483554124832,1.0,0.009138483554124832,1.0,0.0,-0.1,-0.08632911443710328,0.2647945053875446
R_rho0,2,D,50,4620,7140,0.3400941789150238,0.3400941789150238,"{""income_binary"":0.267549604177475,""civilian_at_work"":0.27676790952682495,""public_coverage"":0.47596505284309387}",1.0191642045974731,"{""SEX"":0.5906000733375549,""RAC1P"":1.1169220209121704}",0.8572300672531128,0.36163827776908875,0.36163827776908875,"{""income_binary"":0.30958718061447144,""civilian_at_work"":0.29131343960762024,""public_coverage"":0.4840141236782074}",0.9974796175956726,none; fixed final iterate,0.009206193499267101,1.0,0.009206193499267101,1.0,0.0,-0.1,-0.08572300672531129,0.2635773656889796
R_rho0,2,D,55,4830,7770,0.33986082673072815,0.33986082673072815,"{""income_binary"":0.26732137799263,""civilian_at_work"":0.276243656873703,""public_coverage"":0.4760175347328186}",1.0193393230438232,"{""SEX"":0.5868965983390808,""RAC1P"":1.1139169931411743}",0.8533971309661865,0.3628349006175995,0.3628349006175995,"{""income_binary"":0.30940717458724976,""civilian_at_work"":0.2944786846637726,""public_coverage"":0.48461881279945374}",0.9976183176040649,none; fixed final iterate,0.00930765364319086,1.0,0.00930765364319086,1.0,0.0,-0.1,-0.08533971309661866,0.26382876727730037
R_rho0,2,D,60,5040,8400,0.33835411071777344,0.33835411071777344,"{""income_binary"":0.2654571533203125,""civilian_at_work"":0.2746690511703491,""public_coverage"":0.4749360978603363}",1.019484281539917,"{""SEX"":0.5845044255256653,""RAC1P"":1.108027458190918}",0.8493982553482056,0.3613675534725189,0.3613675534725189,"{""income_binary"":0.30817297101020813,""civilian_at_work"":0.291752427816391,""public_coverage"":0.4841771721839905}",0.9977326393127441,none; fixed final iterate,0.009866575710475445,1.0,0.009866575710475445,1.0,0.0,-0.1,-0.08493982553482056,0.26328086089342834
R_rho0,2,D,65,5250,9030,0.3381420373916626,0.3381420373916626,"{""income_binary"":0.2655293345451355,""civilian_at_work"":0.27382442355155945,""public_coverage"":0.47507235407829285}",1.019339680671692,"{""SEX"":0.581649124622345,""RAC1P"":1.104210615158081}",0.8458645343780518,0.3622579872608185,0.3622579872608185,"{""income_binary"":0.30913758277893066,""civilian_at_work"":0.2920811176300049,""public_coverage"":0.4855552613735199}",0.9976195693016052,none; fixed final iterate,0.008624907582998276,1.0,0.008624907582998276,1.0,0.0,-0.1,-0.08458645343780519,0.2621804915368557
R_rho0,2,D,70,5460,9660,0.3373356759548187,0.3373356759548187,"{""income_binary"":0.2644590735435486,""civilian_at_work"":0.27216804027557373,""public_coverage"":0.47537991404533386}",1.019055724143982,"{""SEX"":0.5788491368293762,""RAC1P"":1.1027653217315674}",0.8432855606079102,0.36183080077171326,0.36183080077171326,"{""income_binary"":0.30836421251296997,""civilian_at_work"":0.2907220423221588,""public_coverage"":0.4864060580730438}",0.9972524046897888,none; fixed final iterate,0.00889601744711399,1.0,0.00889601744711399,1.0,0.0,-0.1,-0.08432855606079102,0.2619031373411417
R_rho0,2,D,75,5670,10290,0.33693113923072815,0.33693113923072815,"{""income_binary"":0.2640311121940613,""civilian_at_work"":0.2724147439002991,""public_coverage"":0.47434762120246887}",1.0196946859359741,"{""SEX"":0.5760486125946045,""RAC1P"":1.0975615978240967}",0.8392564058303833,0.36233893036842346,0.36233893036842346,"{""income_binary"":0.3097973167896271,""civilian_at_work"":0.29202643036842346,""public_coverage"":0.48519301414489746}",0.9978532791137695,none; fixed final iterate,0.009115925058722496,1.0,0.009115925058722496,1.0,0.0,-0.1,-0.08392564058303834,0.26212142370641234
R_rho0,2,D,80,5880,10920,0.3368876278400421,0.3368876278400421,"{""income_binary"":0.2627714276313782,""civilian_at_work"":0.27267417311668396,""public_coverage"":0.47521737217903137}",1.0194973945617676,"{""SEX"":0.5745204091072083,""RAC1P"":1.0945738554000854}",0.8370006084442139,0.3630334138870239,0.3630334138870239,"{""income_binary"":0.3080933690071106,""civilian_at_work"":0.29412999749183655,""public_coverage"":0.48687681555747986}",0.997774064540863,none; fixed final iterate,0.010031618177890778,1.0,0.010031618177890778,1.0,0.0,-0.1,-0.08370006084442139,0.2632191851735115
R_rho0,2,warm_base,0,0,0,0.7130289077758789,0.7130289077758789,"{""income_binary"":0.71417236328125,""civilian_at_work"":0.7128317356109619,""public_coverage"":0.7120826840400696}",1.0188953876495361,,,0.7131239771842957,0.7131239771842957,"{""income_binary"":0.7137216925621033,""civilian_at_work"":0.7125829458236694,""public_coverage"":0.7130672335624695}",0.9973122477531433,none; fixed final iterate,1.726161772825079e-15,1.0,1.726161772825079e-15,1.0,0.0,0.0,0.0,0.7130289077758807
R_rho0,2,warm_base,5,210,0,0.5684237480163574,0.5684237480163574,"{""income_binary"":0.5702903866767883,""civilian_at_work"":0.5334469676017761,""public_coverage"":0.601533830165863}",1.0191457271575928,,,0.5717408657073975,0.5717408657073975,"{""income_binary"":0.5789231657981873,""civilian_at_work"":0.5337406396865845,""public_coverage"":0.6025587916374207}",0.9980273842811584,none; fixed final iterate,0.02362724021077156,1.0,0.02362724021077156,1.0,0.0,0.0,0.0,0.592050988227129
R_rho0,2,warm_base,10,420,0,0.494570255279541,0.494570255279541,"{""income_binary"":0.48405030369758606,""civilian_at_work"":0.44099006056785583,""public_coverage"":0.5586704611778259}",1.019465446472168,,,0.5010690093040466,0.5010690093040466,"{""income_binary"":0.499975323677063,""civilian_at_work"":0.4430639445781708,""public_coverage"":0.5601676106452942}",0.9983692169189453,none; fixed final iterate,0.027510955929756165,1.0,0.027510955929756165,1.0,0.0,0.0,0.0,0.5220812112092972
R_rho0,2,warm_base,15,630,0,0.45014795660972595,0.45014795660972595,"{""income_binary"":0.4247153699398041,""civilian_at_work"":0.390960156917572,""public_coverage"":0.534768283367157}",1.01959228515625,,,0.4588945806026459,0.4588945806026459,"{""income_binary"":0.4460375905036926,""civilian_at_work"":0.3940753936767578,""public_coverage"":0.53657066822052}",0.9985430240631104,none; fixed final iterate,0.027741149067878723,1.0,0.027741149067878723,1.0,0.0,0.0,0.0,0.4778891056776047
R_rho0,2,warm_base,20,840,0,0.4238416254520416,0.4238416254520416,"{""income_binary"":0.38328874111175537,""civilian_at_work"":0.36626264452934265,""public_coverage"":0.5219734907150269}",1.0190789699554443,,,0.43464961647987366,0.43464961647987366,"{""income_binary"":0.4080844223499298,""civilian_at_work"":0.3719263970851898,""public_coverage"":0.523938000202179}",0.9979292154312134,none; fixed final iterate,0.02455919049680233,1.0,0.02455919049680233,1.0,0.0,0.0,0.0,0.44840081594884396
R_rho0,2,warm_base,25,1050,0,0.4044099748134613,0.4044099748134613,"{""income_binary"":0.3585759997367859,""civilian_at_work"":0.3450942635536194,""public_coverage"":0.5095595717430115}",1.0188195705413818,,,0.41650626063346863,0.41650626063346863,"{""income_binary"":0.3855443596839905,""civilian_at_work"":0.3517291247844696,""public_coverage"":0.5122452974319458}",0.9976247549057007,none; fixed final iterate,0.022673463448882103,1.0,0.022673463448882103,1.0,0.0,0.0,0.0,0.4270834382623434
R_rho0,2,warm_base,30,1260,0,0.3918953239917755,0.3918953239917755,"{""income_binary"":0.3427254557609558,""civilian_at_work"":0.332237184047699,""public_coverage"":0.5007233619689941}",1.018821120262146,,,0.4044816792011261,0.4044816792011261,"{""income_binary"":0.37104105949401855,""civilian_at_work"":0.33848828077316284,""public_coverage"":0.5039157271385193}",0.9975243210792542,none; fixed final iterate,0.01986244134604931,1.0,0.01986244134604931,1.0,0.0,0.0,0.0,0.4117577653378248
R_rho0,2,warm_base,35,1470,0,0.38137540221214294,0.38137540221214294,"{""income_binary"":0.32796400785446167,""civilian_at_work"":0.3208235502243042,""public_coverage"":0.49533867835998535}",1.018541693687439,,,0.3953462839126587,0.3953462839126587,"{""income_binary"":0.3583366572856903,""civilian_at_work"":0.3289058208465576,""public_coverage"":0.49879634380340576}",0.9971909523010254,none; fixed final iterate,0.01830371469259262,1.0,0.01830371469259262,1.0,0.0,0.0,0.0,0.39967911690473557
R_rho0,2,warm_base,40,1680,0,0.37454232573509216,0.37454232573509216,"{""income_binary"":0.31793826818466187,""civilian_at_work"":0.31565698981285095,""public_coverage"":0.49003171920776367}",1.018567681312561,,,0.38898423314094543,0.38898423314094543,"{""income_binary"":0.34910833835601807,""civilian_at_work"":0.32434043288230896,""public_coverage"":0.49350395798683167}",0.9971458911895752,none; fixed final iterate,0.01618582010269165,1.0,0.01618582010269165,1.0,0.0,0.0,0.0,0.3907281458377838
R_rho0,2,warm_base,45,1890,0,0.368361234664917,0.368361234664917,"{""income_binary"":0.30544421076774597,""civilian_at_work"":0.31200486421585083,""public_coverage"":0.48763465881347656}",1.01861572265625,,,0.38345035910606384,0.38345035910606384,"{""income_binary"":0.337846040725708,""civilian_at_work"":0.32090112566947937,""public_coverage"":0.49160391092300415}",0.9971411228179932,none; fixed final iterate,0.015075884759426117,1.0,0.015075884759426117,1.0,0.0,0.0,0.0,0.3834371194243431
R_rho0,2,warm_base,50,2100,0,0.36349400877952576,0.36349400877952576,"{""income_binary"":0.3017749488353729,""civilian_at_work"":0.3039046823978424,""public_coverage"":0.48480236530303955}",1.0184439420700073,,,0.3789103925228119,0.3789103925228119,"{""income_binary"":0.33458074927330017,""civilian_at_work"":0.3133861720561981,""public_coverage"":0.4887641966342926}",0.9969257712364197,none; fixed final iterate,0.013436746783554554,1.0,0.013436746783554554,1.0,0.0,0.0,0.0,0.3769307555630803
R_rho0,2,warm_base,55,2310,0,0.3587816655635834,0.3587816655635834,"{""income_binary"":0.2927682399749756,""civilian_at_work"":0.30068355798721313,""public_coverage"":0.482893168926239}",1.0188782215118408,,,0.3750603199005127,0.3750603199005127,"{""income_binary"":0.3271840214729309,""civilian_at_work"":0.3106849491596222,""public_coverage"":0.4873120188713074}",0.9973416328430176,none; fixed final iterate,0.013313205912709236,1.0,0.013313205912709236,1.0,0.0,0.0,0.0,0.3720948714762926
R_rho0,2,warm_base,60,2520,0,0.35483670234680176,0.35483670234680176,"{""income_binary"":0.28659969568252563,""civilian_at_work"":0.2966229319572449,""public_coverage"":0.4812874495983124}",1.0185434818267822,,,0.37193116545677185,0.37193116545677185,"{""income_binary"":0.32230380177497864,""civilian_at_work"":0.30705708265304565,""public_coverage"":0.4864325225353241}",0.9970176815986633,none; fixed final iterate,0.013418960385024548,1.0,0.013418960385024548,1.0,0.0,0.0,0.0,0.3682556627318263
R_rho0,2,warm_adversary,0,2520,0,0.35483670234680176,0.35483670234680176,"{""income_binary"":0.28659969568252563,""civilian_at_work"":0.2966229319572449,""public_coverage"":0.4812874495983124}",1.0185434818267822,"{""SEX"":0.6967558264732361,""RAC1P"":2.2532460689544678}",1.3721895217895508,0.37193116545677185,0.37193116545677185,"{""income_binary"":0.32230380177497864,""civilian_at_work"":0.30705708265304565,""public_coverage"":0.4864325225353241}",0.9970176815986633,none; fixed final iterate,0.013418960385024548,0.0,0.0,1.0,0.0,0.0,0.0,0.35483670234680176
R_rho0,2,warm_adversary,5,2520,210,0.35483670234680176,0.35483670234680176,"{""income_binary"":0.28659969568252563,""civilian_at_work"":0.2966229319572449,""public_coverage"":0.4812874495983124}",1.0185434818267822,"{""SEX"":0.6493155360221863,""RAC1P"":1.2155300378799438}",0.937657356262207,0.37193116545677185,0.37193116545677185,"{""income_binary"":0.32230380177497864,""civilian_at_work"":0.30705708265304565,""public_coverage"":0.4864325225353241}",0.9970176815986633,none; fixed final iterate,0.013418960385024548,0.0,0.0,1.0,0.0,0.0,0.0,0.35483670234680176
R_rho0,2,warm_adversary,10,2520,420,0.35483670234680176,0.35483670234680176,"{""income_binary"":0.28659969568252563,""civilian_at_work"":0.2966229319572449,""public_coverage"":0.4812874495983124}",1.0185434818267822,"{""SEX"":0.6411142945289612,""RAC1P"":1.1926547288894653}",0.9229124784469604,0.37193116545677185,0.37193116545677185,"{""income_binary"":0.32230380177497864,""civilian_at_work"":0.30705708265304565,""public_coverage"":0.4864325225353241}",0.9970176815986633,none; fixed final iterate,0.013418960385024548,0.0,0.0,1.0,0.0,0.0,0.0,0.35483670234680176
R_rho0,2,warm_adversary,15,2520,630,0.35483670234680176,0.35483670234680176,"{""income_binary"":0.28659969568252563,""civilian_at_work"":0.2966229319572449,""public_coverage"":0.4812874495983124}",1.0185434818267822,"{""SEX"":0.6362015604972839,""RAC1P"":1.1832963228225708}",0.9157558083534241,0.37193116545677185,0.37193116545677185,"{""income_binary"":0.32230380177497864,""civilian_at_work"":0.30705708265304565,""public_coverage"":0.4864325225353241}",0.9970176815986633,none; fixed final iterate,0.013418960385024548,0.0,0.0,1.0,0.0,0.0,0.0,0.35483670234680176
R_rho0,2,warm_adversary,20,2520,840,0.35483670234680176,0.35483670234680176,"{""income_binary"":0.28659969568252563,""civilian_at_work"":0.2966229319572449,""public_coverage"":0.4812874495983124}",1.0185434818267822,"{""SEX"":0.6324251890182495,""RAC1P"":1.179796576499939}",0.9116793870925903,0.37193116545677185,0.37193116545677185,"{""income_binary"":0.32230380177497864,""civilian_at_work"":0.30705708265304565,""public_coverage"":0.4864325225353241}",0.9970176815986633,none; fixed final iterate,0.013418960385024548,0.0,0.0,1.0,0.0,0.0,0.0,0.35483670234680176
E_rho0p1,0,C,0,2520,840,0.3978268802165985,0.35539016127586365,"{""income_binary"":0.29749631881713867,""civilian_at_work"":0.2898818850517273,""public_coverage"":0.4787922501564026}",0.4243670701980591,"{""SEX"":0.6461864709854126,""RAC1P"":1.2114341259002686}",0.9338493943214417,0.40908539295196533,0.36616769433021545,"{""income_binary"":0.30921703577041626,""civilian_at_work"":0.3033316731452942,""public_coverage"":0.4859543442726135}",0.42917686700820923,none; fixed final iterate,0.03601958602666855,1.0,0.03601958602666855,1.0,0.1,0.0,0.0,0.43384646624326706
E_rho0p1,0,C,5,2730,1470,0.39624831080436707,0.3549249470233917,"{""income_binary"":0.2961355447769165,""civilian_at_work"":0.291490375995636,""public_coverage"":0.47714897990226746}",0.4132337272167206,"{""SEX"":0.6452713012695312,""RAC1P"":1.2002002000808716}",0.9288536310195923,0.4073493480682373,0.3656182289123535,"{""income_binary"":0.30846232175827026,""civilian_at_work"":0.3046227991580963,""public_coverage"":0.48376956582069397}",0.4173111021518707,none; fixed final iterate,0.03359492868185043,1.0,0.03359492868185043,1.0,0.1,0.0,0.0,0.4298432394862175
E_rho0p1,0,C,10,2940,2100,0.3953501880168915,0.35456928610801697,"{""income_binary"":0.29519447684288025,""civilian_at_work"":0.2912069261074066,""public_coverage"":0.47730645537376404}",0.4078090786933899,"{""SEX"":0.6547927260398865,""RAC1P"":1.193063497543335}",0.9329710006713867,0.40586939454078674,0.36468830704689026,"{""income_binary"":0.3050190806388855,""civilian_at_work"":0.3042391538619995,""public_coverage"":0.48480671644210815}",0.4118109941482544,none; fixed final iterate,0.03339207544922829,1.0,0.03339207544922829,1.0,0.1,0.0,0.0,0.42874226346611977
E_rho0p1,0,C,15,3150,2730,0.3882155120372772,0.34870263934135437,"{""income_binary"":0.28862887620925903,""civilian_at_work"":0.28344446420669556,""public_coverage"":0.4740345776081085}",0.39512866735458374,"{""SEX"":0.6369460821151733,""RAC1P"":1.1887184381484985}",0.9184144735336304,0.401480108499527,0.36163878440856934,"{""income_binary"":0.3032274842262268,""civilian_at_work"":0.30017411708831787,""public_coverage"":0.48151469230651855}",0.3984133303165436,none; fixed final iterate,0.03411167860031128,1.0,0.03411167860031128,1.0,0.1,0.0,0.0,0.4223271906375885
E_rho0p1,0,C,20,3360,3360,0.38433322310447693,0.34615394473075867,"{""income_binary"":0.28641724586486816,""civilian_at_work"":0.27991291880607605,""public_coverage"":0.4721316397190094}",0.3817928433418274,"{""SEX"":0.6331402659416199,""RAC1P"":1.1776108741760254}",0.9113813638687134,0.398866206407547,0.36029091477394104,"{""income_binary"":0.3012162446975708,""civilian_at_work"":0.29849228262901306,""public_coverage"":0.48116424679756165}",0.38575291633605957,none; fixed final iterate,0.03376007825136185,1.0,0.03376007825136185,1.0,0.1,0.0,0.0,0.4180933013558388
E_rho0p1,0,C,25,3570,3990,0.3815360963344574,0.3442709445953369,"{""income_binary"":0.2843436300754547,""civilian_at_work"":0.27969083189964294,""public_coverage"":0.46877843141555786}",0.3726516366004944,"{""SEX"":0.6318572759628296,""RAC1P"":1.1728745698928833}",0.9086276888847351,0.3959047496318817,0.3583355247974396,"{""income_binary"":0.297684907913208,""civilian_at_work"":0.2971855103969574,""public_coverage"":0.4801361560821533}",0.37569230794906616,none; fixed final iterate,0.031029431149363518,1.0,0.031029431149363518,1.0,0.1,0.0,0.0,0.4125655274838209
E_rho0p1,0,C,30,3780,4620,0.38035714626312256,0.34387460350990295,"{""income_binary"":0.2833237648010254,""civilian_at_work"":0.27974140644073486,""public_coverage"":0.4685586392879486}",0.3648253381252289,"{""SEX"":0.6245665550231934,""RAC1P"":1.169671654701233}",0.9021300077438354,0.39688923954963684,0.3600137233734131,"{""income_binary"":0.2993874251842499,""civilian_at_work"":0.2992006540298462,""public_coverage"":0.4814531207084656}",0.36875516176223755,none; fixed final iterate,0.03048328310251236,1.0,0.03048328310251236,1.0,0.1,0.0,0.0,0.4108404293656349
E_rho0p1,0,C,35,3990,5250,0.377792090177536,0.34210696816444397,"{""income_binary"":0.28452980518341064,""civilian_at_work"":0.27563244104385376,""public_coverage"":0.4661587178707123}",0.35685133934020996,"{""SEX"":0.6246758103370667,""RAC1P"":1.1676491498947144}",0.9014283418655396,0.39489832520484924,0.3589972257614136,"{""income_binary"":0.3027020990848541,""civilian_at_work"":0.2944434583187103,""public_coverage"":0.47984611988067627}",0.3590110242366791,none; fixed final iterate,0.028936205431818962,1.0,0.028936205431818962,1.0,0.1,0.0,0.0,0.406728295609355
E_rho0p1,0,C,40,4200,5880,0.3748486042022705,0.3397904336452484,"{""income_binary"":0.28086036443710327,""civilian_at_work"":0.2741908133029938,""public_coverage"":0.4643201231956482}",0.35058167576789856,"{""SEX"":0.6205950379371643,""RAC1P"":1.1567829847335815}",0.8942899703979492,0.39357155561447144,0.3582538068294525,"{""income_binary"":0.298553466796875,""civilian_at_work"":0.29488405585289,""public_coverage"":0.48132389783859253}",0.35317736864089966,none; fixed final iterate,0.02850164659321308,1.0,0.02850164659321308,1.0,0.1,0.0,0.0,0.4033502507954836
E_rho0p1,0,C,45,4410,6510,0.37374064326286316,0.339231014251709,"{""income_binary"":0.2799200713634491,""civilian_at_work"":0.27413469552993774,""public_coverage"":0.4636383056640625}",0.3450964093208313,"{""SEX"":0.6291457414627075,""RAC1P"":1.156750202178955}",0.9004482626914978,0.3919745981693268,0.3572502136230469,"{""income_binary"":0.29900863766670227,""civilian_at_work"":0.29379987716674805,""public_coverage"":0.4789421260356903}",0.3472437858581543,none; fixed final iterate,0.029310019686818123,1.0,0.029310019686818123,1.0,0.1,0.0,0.0,0.4030506629496813
E_rho0p1,0,C,50,4620,7140,0.37081179022789,0.33706215023994446,"{""income_binary"":0.27756598591804504,""civilian_at_work"":0.2716656029224396,""public_coverage"":0.46195489168167114}",0.3374965190887451,"{""SEX"":0.6245653033256531,""RAC1P"":1.1588854789733887}",0.8979666233062744,0.3911615014076233,0.3572889268398285,"{""income_binary"":0.2950093150138855,""civilian_at_work"":0.2958064079284668,""public_coverage"":0.481050968170166}",0.3387258052825928,none; fixed final iterate,0.02792038582265377,1.0,0.02792038582265377,1.0,0.1,0.0,0.0,0.3987321760505438
E_rho0p1,0,C,55,4830,7770,0.37039104104042053,0.33657848834991455,"{""income_binary"":0.2770884931087494,""civilian_at_work"":0.27154335379600525,""public_coverage"":0.4611035883426666}",0.3381255865097046,"{""SEX"":0.614617645740509,""RAC1P"":1.1487200260162354}",0.8868645429611206,0.39162763953208923,0.3577229082584381,"{""income_binary"":0.2964278757572174,""civilian_at_work"":0.2949509024620056,""public_coverage"":0.4817899763584137}",0.3390474021434784,none; fixed final iterate,0.027470307424664497,1.0,0.027470307424664497,1.0,0.1,0.0,0.0,0.39786134846508503
E_rho0p1,0,C,60,5040,8400,0.36884912848472595,0.33581724762916565,"{""income_binary"":0.27656692266464233,""civilian_at_work"":0.2700916528701782,""public_coverage"":0.4607931971549988}",0.330318808555603,"{""SEX"":0.6102131605148315,""RAC1P"":1.1439546346664429}",0.8818469047546387,0.3906739354133606,0.3575836718082428,"{""income_binary"":0.2958701550960541,""civilian_at_work"":0.29398417472839355,""public_coverage"":0.48289674520492554}",0.33090269565582275,none; fixed final iterate,0.026691991835832596,1.0,0.026691991835832596,1.0,0.1,0.0,0.0,0.39554112032055855
E_rho0p1,0,C,65,5250,9030,0.36695024371147156,0.3343517780303955,"{""income_binary"":0.2759990394115448,""civilian_at_work"":0.26802194118499756,""public_coverage"":0.459034264087677}",0.32598474621772766,"{""SEX"":0.6103893518447876,""RAC1P"":1.154407024383545}",0.8860077261924744,0.3883005976676941,0.3557610809803009,"{""income_binary"":0.2946931719779968,""civilian_at_work"":0.29241958260536194,""public_coverage"":0.48017048835754395}",0.32539528608322144,none; fixed final iterate,0.026146408170461655,1.0,0.026146408170461655,1.0,0.1,0.0,0.0,0.3930966518819332
E_rho0p1,0,C,70,5460,9660,0.3638380169868469,0.3320911228656769,"{""income_binary"":0.27334702014923096,""civilian_at_work"":0.2663136124610901,""public_coverage"":0.4566127359867096}",0.3174687922000885,"{""SEX"":0.6103991866111755,""RAC1P"":1.1375492811203003}",0.8795092105865479,0.3858894407749176,0.3541899025440216,"{""income_binary"":0.2946231961250305,""civilian_at_work"":0.29085350036621094,""public_coverage"":0.47709301114082336}",0.3169952630996704,none; fixed final iterate,0.026176083832979202,1.0,0.026176083832979202,1.0,0.1,0.0,0.0,0.3900141008198261
E_rho0p1,0,C,75,5670,10290,0.3635346293449402,0.3309333920478821,"{""income_binary"":0.27235403656959534,""civilian_at_work"":0.26557183265686035,""public_coverage"":0.45487433671951294}",0.326012521982193,"{""SEX"":0.6163029670715332,""RAC1P"":1.1358771324157715}",0.8831246495246887,0.3858904242515564,0.3534213602542877,"{""income_binary"":0.29410794377326965,""civilian_at_work"":0.28978148102760315,""public_coverage"":0.47637468576431274}",0.32469072937965393,none; fixed final iterate,0.02632124163210392,1.0,0.02632124163210392,1.0,0.1,0.0,0.0,0.3898558709770441
E_rho0p1,0,C,80,5880,10920,0.3617424964904785,0.33043283224105835,"{""income_binary"":0.2719144821166992,""civilian_at_work"":0.26472410559654236,""public_coverage"":0.4546598792076111}",0.31309664249420166,"{""SEX"":0.6143279671669006,""RAC1P"":1.1320115327835083}",0.8802075386047363,0.38617339730262756,0.3550380766391754,"{""income_binary"":0.2951560616493225,""civilian_at_work"":0.29053524136543274,""public_coverage"":0.4794229567050934}",0.31135326623916626,none; fixed final iterate,0.025876453146338463,1.0,0.025876453146338463,1.0,0.1,0.0,0.0,0.387618949636817
E_rho0p1,0,D,0,2520,840,0.3978268802165985,0.35539016127586365,"{""income_binary"":0.29749631881713867,""civilian_at_work"":0.2898818850517273,""public_coverage"":0.4787922501564026}",0.4243670701980591,"{""SEX"":0.6461864709854126,""RAC1P"":1.2114341259002686}",0.9338493943214417,0.40908539295196533,0.36616769433021545,"{""income_binary"":0.30921703577041626,""civilian_at_work"":0.3033316731452942,""public_coverage"":0.4859543442726135}",0.42917686700820923,none; fixed final iterate,0.03601958602666855,1.0,0.03601958602666855,1.0,0.1,-0.1,-0.09338493943214417,0.3404615268111229
E_rho0p1,0,D,5,2730,1470,0.39688125252723694,0.355016827583313,"{""income_binary"":0.29586073756217957,""civilian_at_work"":0.2918887436389923,""public_coverage"":0.4773009717464447}",0.4186442196369171,"{""SEX"":0.6541789174079895,""RAC1P"":1.2034597396850586}",0.9365400075912476,0.40782833099365234,0.3654944598674774,"{""income_binary"":0.3078596889972687,""civilian_at_work"":0.30468928813934326,""public_coverage"":0.4839343726634979}",0.4233388304710388,none; fixed final iterate,0.03351885452866554,1.0,0.03351885452866554,1.0,0.1,-0.1,-0.09365400075912476,0.3367461062967777
E_rho0p1,0,D,10,2940,2100,0.39556702971458435,0.354229599237442,"{""income_binary"":0.2948082685470581,""civilian_at_work"":0.2908000349998474,""public_coverage"":0.47708046436309814}",0.4133741855621338,"{""SEX"":0.6558144688606262,""RAC1P"":1.1971617937088013}",0.9352899789810181,0.40610113739967346,0.3643127381801605,"{""income_binary"":0.30448460578918457,""civilian_at_work"":0.3037171959877014,""public_coverage"":0.4847364127635956}",0.4178840219974518,none; fixed final iterate,0.033333055675029755,1.0,0.033333055675029755,1.0,0.1,-0.1,-0.09352899789810182,0.3353710874915123
E_rho0p1,0,D,15,3150,2730,0.38839778304100037,0.3486478626728058,"{""income_binary"":0.28890782594680786,""civilian_at_work"":0.2830747961997986,""public_coverage"":0.4739609956741333}",0.39749929308891296,"{""SEX"":0.6459710597991943,""RAC1P"":1.1945395469665527}",0.9271741509437561,0.40164777636528015,0.36152005195617676,"{""income_binary"":0.3032587170600891,""civilian_at_work"":0.29974475502967834,""public_coverage"":0.48155665397644043}",0.40127721428871155,none; fixed final iterate,0.03340160846710205,1.0,0.03340160846710205,1.0,0.1,-0.1,-0.09271741509437562,0.32908197641372683
E_rho0p1,0,D,20,3360,3360,0.3851396441459656,0.3464287221431732,"{""income_binary"":0.2864234149456024,""civilian_at_work"":0.28050127625465393,""public_coverage"":0.47236141562461853}",0.38710930943489075,"{""SEX"":0.6416741609573364,""RAC1P"":1.1818265914916992}",0.9191670417785645,0.3996284604072571,0.36045119166374207,"{""income_binary"":0.3011336326599121,""civilian_at_work"":0.298921138048172,""public_coverage"":0.4812988340854645}",0.3917728364467621,none; fixed final iterate,0.03350353613495827,1.0,0.03350353613495827,1.0,0.1,-0.1,-0.09191670417785645,0.3267264761030674
E_rho0p1,0,D,25,3570,3990,0.38233423233032227,0.3444393575191498,"{""income_binary"":0.2842141091823578,""civilian_at_work"":0.2800690531730652,""public_coverage"":0.4690348505973816}",0.37894880771636963,"{""SEX"":0.6363306045532227,""RAC1P"":1.1774318218231201}",0.9136146903038025,0.3967691957950592,0.3585328161716461,"{""income_binary"":0.2977105677127838,""civilian_at_work"":0.2972681522369385,""public_coverage"":0.48061978816986084}",0.3823637068271637,none; fixed final iterate,0.030940856784582138,1.0,0.030940856784582138,1.0,0.1,-0.1,-0.09136146903038025,0.3219136200845242
E_rho0p1,0,D,30,3780,4620,0.3811876177787781,0.344136506319046,"{""income_binary"":0.2832629084587097,""civilian_at_work"":0.2801232933998108,""public_coverage"":0.46902337670326233}",0.37051108479499817,"{""SEX"":0.6310681700706482,""RAC1P"":1.17423677444458}",0.9085838794708252,0.397512823343277,0.3599914014339447,"{""income_binary"":0.299093097448349,""civilian_at_work"":0.29914939403533936,""public_coverage"":0.48173171281814575}",0.37521418929100037,none; fixed final iterate,0.03034680150449276,1.0,0.03034680150449276,1.0,0.1,-0.1,-0.09085838794708252,0.3206760313361883
E_rho0p1,0,D,35,3990,5250,0.37915706634521484,0.3428182601928711,"{""income_binary"":0.2848343253135681,""civilian_at_work"":0.2768341600894928,""public_coverage"":0.46678632497787476}",0.36338797211647034,"{""SEX"":0.6317008137702942,""RAC1P"":1.172783613204956}",0.9084796905517578,0.3960747718811035,0.35944899916648865,"{""income_binary"":0.3027103543281555,""civilian_at_work"":0.2949807643890381,""public_coverage"":0.48065584897994995}",0.3662576675415039,none; fixed final iterate,0.028716878965497017,1.0,0.028716878965497017,1.0,0.1,-0.1,-0.09084796905517578,0.3170259762555361
E_rho0p1,0,D,40,4200,5880,0.375893235206604,0.34006837010383606,"{""income_binary"":0.2810870110988617,""civilian_at_work"":0.2742227017879486,""public_coverage"":0.4648953974246979}",0.3582487404346466,"{""SEX"":0.6291933059692383,""RAC1P"":1.1623173952102661}",0.9026309847831726,0.3944999873638153,0.358358770608902,"{""income_binary"":0.29826971888542175,""civilian_at_work"":0.2947201132774353,""public_coverage"":0.4820864796638489}",0.3614122271537781,none; fixed final iterate,0.02846098504960537,1.0,0.02846098504960537,1.0,0.1,-0.1,-0.09026309847831726,0.3140911217778921
E_rho0p1,0,D,45,4410,6510,0.3749953508377075,0.3397349417209625,"{""income_binary"":0.28013885021209717,""civilian_at_work"":0.27426663041114807,""public_coverage"":0.46479934453964233}",0.35260412096977234,"{""SEX"":0.6335005164146423,""RAC1P"":1.164168357849121}",0.9064537286758423,0.3928968608379364,0.35737672448158264,"{""income_binary"":0.2985258400440216,""civilian_at_work"":0.29393672943115234,""public_coverage"":0.47966766357421875}",0.3552013337612152,none; fixed final iterate,0.029384447261691093,1.0,0.029384447261691093,1.0,0.1,-0.1,-0.09064537286758423,0.3137344252318144
E_rho0p1,0,D,50,4620,7140,0.372010737657547,0.33755064010620117,"{""income_binary"":0.27763673663139343,""civilian_at_work"":0.2723222076892853,""public_coverage"":0.46269291639328003}",0.344601035118103,"{""SEX"":0.6271305084228516,""RAC1P"":1.1658191680908203}",0.9024936556816101,0.39234402775764465,0.3577028214931488,"{""income_binary"":0.2950431704521179,""civilian_at_work"":0.2959677278995514,""public_coverage"":0.4820975661277771}",0.34641215205192566,none; fixed final iterate,0.02780071273446083,1.0,0.02780071273446083,1.0,0.1,-0.1,-0.09024936556816102,0.30956208482384684
E_rho0p1,0,D,55,4830,7770,0.37099218368530273,0.33698156476020813,"{""income_binary"":0.27718213200569153,""civilian_at_work"":0.27191171050071716,""public_coverage"":0.4618509113788605}",0.3401062786579132,"{""SEX"":0.6209061145782471,""RAC1P"":1.1567959785461426}",0.8945194482803345,0.3922393023967743,0.35807836055755615,"{""income_binary"":0.2967093586921692,""civilian_at_work"":0.2949557304382324,""public_coverage"":0.48256999254226685}",0.34160953760147095,none; fixed final iterate,0.027291441336274147,1.0,0.027291441336274147,1.0,0.1,-0.1,-0.08945194482803345,0.30883168019354346
E_rho0p1,0,D,60,5040,8400,0.36973458528518677,0.3360236883163452,"{""income_binary"":0.2765880525112152,""civilian_at_work"":0.27039310336112976,""public_coverage"":0.46108993887901306}",0.33710911870002747,"{""SEX"":0.6174111366271973,""RAC1P"":1.1519266366958618}",0.8901180028915405,0.39149248600006104,0.35771968960762024,"{""income_binary"":0.2958735227584839,""civilian_at_work"":0.29409483075141907,""public_coverage"":0.48319074511528015}",0.3377279043197632,none; fixed final iterate,0.026664774864912033,1.0,0.026664774864912033,1.0,0.1,-0.1,-0.08901180028915406,0.30738755986094474
E_rho0p1,0,D,65,5250,9030,0.3674713373184204,0.3345748484134674,"{""income_binary"":0.27598142623901367,""civilian_at_work"":0.2679630219936371,""public_coverage"":0.4597800672054291}",0.3289650082588196,"{""SEX"":0.6170395016670227,""RAC1P"":1.1636826992034912}",0.8943866491317749,0.3891659379005432,0.3562770187854767,"{""income_binary"":0.29549694061279297,""civilian_at_work"":0.29228565096855164,""public_coverage"":0.48104846477508545}",0.32888904213905334,none; fixed final iterate,0.026082579046487808,1.0,0.026082579046487808,1.0,0.1,-0.1,-0.08943866491317749,0.30411525145173074
E_rho0p1,0,D,70,5460,9660,0.3642703890800476,0.33218586444854736,"{""income_binary"":0.27322110533714294,""civilian_at_work"":0.26629209518432617,""public_coverage"":0.4570443332195282}",0.32084527611732483,"{""SEX"":0.6142809391021729,""RAC1P"":1.1467370986938477}",0.8858563303947449,0.38648244738578796,0.3544100224971771,"{""income_binary"":0.2946639955043793,""civilian_at_work"":0.2910257875919342,""public_coverage"":0.47754019498825073}",0.320724219083786,none; fixed final iterate,0.02631964534521103,1.0,0.02631964534521103,1.0,0.1,-0.1,-0.08858563303947449,0.30200440138578416
E_rho0p1,0,D,75,5670,10290,0.3642681837081909,0.33119967579841614,"{""income_binary"":0.2722366452217102,""civilian_at_work"":0.266040563583374,""public_coverage"":0.4553218185901642}",0.330685019493103,"{""SEX"":0.6177620887756348,""RAC1P"":1.1464219093322754}",0.888247013092041,0.3870610296726227,0.35407009720802307,"{""income_binary"":0.29443445801734924,""civilian_at_work"":0.29066312313079834,""public_coverage"":0.4771128296852112}",0.32990923523902893,none; fixed final iterate,0.026161739602684975,1.0,0.026161739602684975,1.0,0.1,-0.1,-0.08882470130920411,0.3016052220016718
E_rho0p1,0,D,80,5880,10920,0.3626819849014282,0.33057689666748047,"{""income_binary"":0.2721364200115204,""civilian_at_work"":0.26458948850631714,""public_coverage"":0.45500484108924866}",0.3210507333278656,"{""SEX"":0.6154351830482483,""RAC1P"":1.1415361166000366}",0.8846822381019592,0.38738372921943665,0.35540756583213806,"{""income_binary"":0.2956852912902832,""civilian_at_work"":0.2904411852359772,""public_coverage"":0.4800962805747986}",0.3197615444660187,none; fixed final iterate,0.025888778269290924,1.0,0.025888778269290924,1.0,0.1,-0.1,-0.08846822381019592,0.3001025393605232
E_rho0p1,0,warm_base,0,0,0,0.8058930039405823,0.7027423977851868,"{""income_binary"":0.6993687152862549,""civilian_at_work"":0.6676714420318604,""public_coverage"":0.7411870956420898}",1.031505823135376,,,0.806303083896637,0.7035148739814758,"{""income_binary"":0.7059230208396912,""civilian_at_work"":0.6681001782417297,""public_coverage"":0.7365214824676514}",1.0278820991516113,none; fixed final iterate,0.5625,1.0,0.5625,1.0,0.1,0.0,0.0,1.3683930039405823
E_rho0p1,0,warm_base,5,210,0,0.6511268615722656,0.5772227644920349,"{""income_binary"":0.538364589214325,""civilian_at_work"":0.5520237684249878,""public_coverage"":0.6412799954414368}",0.739041268825531,,,0.6503095626831055,0.5763161182403564,"{""income_binary"":0.5400072336196899,""civilian_at_work"":0.5505167841911316,""public_coverage"":0.6384244561195374}",0.7399347424507141,none; fixed final iterate,0.04506130516529083,1.0,0.04506130516529083,1.0,0.1,0.0,0.0,0.6961881667375565
E_rho0p1,0,warm_base,10,420,0,0.5596557259559631,0.4944089353084564,"{""income_binary"":0.4491465389728546,""civilian_at_work"":0.45017752051353455,""public_coverage"":0.5839027166366577}",0.652467668056488,,,0.5593346357345581,0.4936974048614502,"{""income_binary"":0.4499156177043915,""civilian_at_work"":0.4495370388031006,""public_coverage"":0.5816395878791809}",0.6563722491264343,none; fixed final iterate,0.05751785263419151,1.0,0.05751785263419151,1.0,0.1,0.0,0.0,0.6171735785901546
E_rho0p1,0,warm_base,15,630,0,0.5079188346862793,0.4484948217868805,"{""income_binary"":0.40541407465934753,""civilian_at_work"":0.389064222574234,""public_coverage"":0.5510062575340271}",0.5942403674125671,,,0.5087090134620667,0.44878435134887695,"{""income_binary"":0.40766844153404236,""civilian_at_work"":0.3894120454788208,""public_coverage"":0.5492725968360901}",0.5992464423179626,none; fixed final iterate,0.05643244460225105,1.0,0.05643244460225105,1.0,0.1,0.0,0.0,0.5643512792885303
E_rho0p1,0,warm_base,20,840,0,0.47591209411621094,0.4199777841567993,"{""income_binary"":0.3756493926048279,""civilian_at_work"":0.35590270161628723,""public_coverage"":0.5283812284469604}",0.5593430399894714,,,0.47748392820358276,0.42101994156837463,"{""income_binary"":0.3786027729511261,""civilian_at_work"":0.35739806294441223,""public_coverage"":0.5270590782165527}",0.5646398663520813,none; fixed final iterate,0.0540352500975132,1.0,0.0540352500975132,1.0,0.1,0.0,0.0,0.5299473442137241
E_rho0p1,0,warm_base,25,1050,0,0.45923060178756714,0.40583738684654236,"{""income_binary"":0.35602593421936035,""civilian_at_work"":0.3394806385040283,""public_coverage"":0.522005558013916}",0.5339320302009583,,,0.46235471963882446,0.4084182679653168,"{""income_binary"":0.3609192371368408,""civilian_at_work"":0.34340858459472656,""public_coverage"":0.5209270119667053}",0.5393643975257874,none; fixed final iterate,0.048678919672966,1.0,0.048678919672966,1.0,0.1,0.0,0.0,0.5079095214605331
E_rho0p1,0,warm_base,30,1260,0,0.44264811277389526,0.3914240300655365,"{""income_binary"":0.34319016337394714,""civilian_at_work"":0.32562264800071716,""public_coverage"":0.505459189414978}",0.5122409462928772,,,0.44751426577568054,0.3957560956478119,"{""income_binary"":0.3503403067588806,""civilian_at_work"":0.3302193582057953,""public_coverage"":0.5067086815834045}",0.5175817608833313,none; fixed final iterate,0.04643500968813896,1.0,0.04643500968813896,1.0,0.1,0.0,0.0,0.4890831224620342
E_rho0p1,0,warm_base,35,1470,0,0.429749071598053,0.38047564029693604,"{""income_binary"":0.32973968982696533,""civilian_at_work"":0.31628280878067017,""public_coverage"":0.4954043924808502}",0.4927343428134918,,,0.4352014660835266,0.38538166880607605,"{""income_binary"":0.33760926127433777,""civilian_at_work"":0.3208804428577423,""public_coverage"":0.49765530228614807}",0.49819809198379517,none; fixed final iterate,0.04536876082420349,1.0,0.04536876082420349,1.0,0.1,0.0,0.0,0.47511783242225647
E_rho0p1,0,warm_base,40,1680,0,0.4203856289386749,0.3725970685482025,"{""income_binary"":0.3191938102245331,""civilian_at_work"":0.30883827805519104,""public_coverage"":0.4897591471672058}",0.4778856337070465,,,0.4269697070121765,0.3786824643611908,"{""income_binary"":0.32694876194000244,""civilian_at_work"":0.31559091806411743,""public_coverage"":0.4935077130794525}",0.48287248611450195,none; fixed final iterate,0.04372648894786835,1.0,0.04372648894786835,1.0,0.1,0.0,0.0,0.4641121178865433
E_rho0p1,0,warm_base,45,1890,0,0.4146972894668579,0.3683975636959076,"{""income_binary"":0.3128308951854706,""civilian_at_work"":0.3040007948875427,""public_coverage"":0.4883609414100647}",0.4629971385002136,,,0.42235761880874634,0.37555834650993347,"{""income_binary"":0.3215598464012146,""civilian_at_work"":0.31315627694129944,""public_coverage"":0.491958886384964}",0.46799278259277344,none; fixed final iterate,0.039858732372522354,1.0,0.039858732372522354,1.0,0.1,0.0,0.0,0.45455602183938026
E_rho0p1,0,warm_base,50,2100,0,0.40802744030952454,0.3628816306591034,"{""income_binary"":0.3069385290145874,""civilian_at_work"":0.29744288325309753,""public_coverage"":0.48426344990730286}",0.4514581561088562,,,0.41731971502304077,0.3716568648815155,"{""income_binary"":0.3164847493171692,""civilian_at_work"":0.3081723749637604,""public_coverage"":0.4903133809566498}",0.45662838220596313,none; fixed final iterate,0.03916964679956436,1.0,0.03916964679956436,1.0,0.1,0.0,0.0,0.4471970871090889
E_rho0p1,0,warm_base,55,2310,0,0.4023771584033966,0.3585544526576996,"{""income_binary"":0.30132049322128296,""civilian_at_work"":0.2936779856681824,""public_coverage"":0.4806648790836334}",0.4382271468639374,,,0.41226863861083984,0.3680054247379303,"{""income_binary"":0.3119713366031647,""civilian_at_work"":0.3057667911052704,""public_coverage"":0.486278235912323}",0.44263210892677307,none; fixed final iterate,0.0377267524600029,1.0,0.0377267524600029,1.0,0.1,0.0,0.0,0.4401039108633995
E_rho0p1,0,warm_base,60,2520,0,0.3978268802165985,0.35539016127586365,"{""income_binary"":0.29749631881713867,""civilian_at_work"":0.2898818850517273,""public_coverage"":0.4787922501564026}",0.4243670701980591,,,0.40908539295196533,0.36616769433021545,"{""income_binary"":0.30921703577041626,""civilian_at_work"":0.3033316731452942,""public_coverage"":0.4859543442726135}",0.42917686700820923,none; fixed final iterate,0.03601958602666855,1.0,0.03601958602666855,1.0,0.1,0.0,0.0,0.43384646624326706
E_rho0p1,0,warm_adversary,0,2520,0,0.3978268802165985,0.35539016127586365,"{""income_binary"":0.29749631881713867,""civilian_at_work"":0.2898818850517273,""public_coverage"":0.4787922501564026}",0.4243670701980591,"{""SEX"":0.7051560878753662,""RAC1P"":2.217212438583374}",1.364546537399292,0.40908539295196533,0.36616769433021545,"{""income_binary"":0.30921703577041626,""civilian_at_work"":0.3033316731452942,""public_coverage"":0.4859543442726135}",0.42917686700820923,none; fixed final iterate,0.03601958602666855,0.0,0.0,1.0,0.1,0.0,0.0,0.3978268802165985
E_rho0p1,0,warm_adversary,5,2520,210,0.3978268802165985,0.35539016127586365,"{""income_binary"":0.29749631881713867,""civilian_at_work"":0.2898818850517273,""public_coverage"":0.4787922501564026}",0.4243670701980591,"{""SEX"":0.6785126328468323,""RAC1P"":1.281038761138916}",0.9840399026870728,0.40908539295196533,0.36616769433021545,"{""income_binary"":0.30921703577041626,""civilian_at_work"":0.3033316731452942,""public_coverage"":0.4859543442726135}",0.42917686700820923,none; fixed final iterate,0.03601958602666855,0.0,0.0,1.0,0.1,0.0,0.0,0.3978268802165985
E_rho0p1,0,warm_adversary,10,2520,420,0.3978268802165985,0.35539016127586365,"{""income_binary"":0.29749631881713867,""civilian_at_work"":0.2898818850517273,""public_coverage"":0.4787922501564026}",0.4243670701980591,"{""SEX"":0.659641444683075,""RAC1P"":1.2396535873413086}",0.9544498920440674,0.40908539295196533,0.36616769433021545,"{""income_binary"":0.30921703577041626,""civilian_at_work"":0.3033316731452942,""public_coverage"":0.4859543442726135}",0.42917686700820923,none; fixed final iterate,0.03601958602666855,0.0,0.0,1.0,0.1,0.0,0.0,0.3978268802165985
E_rho0p1,0,warm_adversary,15,2520,630,0.3978268802165985,0.35539016127586365,"{""income_binary"":0.29749631881713867,""civilian_at_work"":0.2898818850517273,""public_coverage"":0.4787922501564026}",0.4243670701980591,"{""SEX"":0.6515660285949707,""RAC1P"":1.2212601900100708}",0.9415237307548523,0.40908539295196533,0.36616769433021545,"{""income_binary"":0.30921703577041626,""civilian_at_work"":0.3033316731452942,""public_coverage"":0.4859543442726135}",0.42917686700820923,none; fixed final iterate,0.03601958602666855,0.0,0.0,1.0,0.1,0.0,0.0,0.3978268802165985
E_rho0p1,0,warm_adversary,20,2520,840,0.3978268802165985,0.35539016127586365,"{""income_binary"":0.29749631881713867,""civilian_at_work"":0.2898818850517273,""public_coverage"":0.4787922501564026}",0.4243670701980591,"{""SEX"":0.6461864709854126,""RAC1P"":1.2114341259002686}",0.9338493943214417,0.40908539295196533,0.36616769433021545,"{""income_binary"":0.30921703577041626,""civilian_at_work"":0.3033316731452942,""public_coverage"":0.4859543442726135}",0.42917686700820923,none; fixed final iterate,0.03601958602666855,0.0,0.0,1.0,0.1,0.0,0.0,0.3978268802165985
E_rho0p1,1,C,0,2460,820,0.3972543776035309,0.35541006922721863,"{""income_binary"":0.30073657631874084,""civilian_at_work"":0.2869643568992615,""public_coverage"":0.4785292148590088}",0.4184430241584778,"{""SEX"":0.6437004804611206,""RAC1P"":1.2049429416656494}",0.9371553063392639,0.416639119386673,0.3739979565143585,"{""income_binary"":0.3138137459754944,""civilian_at_work"":0.32927337288856506,""public_coverage"":0.4789067506790161}",0.426411509513855,none; fixed final iterate,0.036938123404979706,1.0,0.036938123404979706,1.0,0.1,0.0,0.0,0.4341925010085106
E_rho0p1,1,C,5,2665,1435,0.394914835691452,0.3543708324432373,"{""income_binary"":0.29932457208633423,""civilian_at_work"":0.28687089681625366,""public_coverage"":0.4769170582294464}",0.4054401218891144,"{""SEX"":0.6408868432044983,""RAC1P"":1.1931027173995972}",0.9304808378219604,0.4150030016899109,0.3735474646091461,"{""income_binary"":0.3140478730201721,""civilian_at_work"":0.33020150661468506,""public_coverage"":0.4763930141925812}",0.4145554304122925,none; fixed final iterate,0.034332819283008575,1.0,0.034332819283008575,1.0,0.1,0.0,0.0,0.4292476549744606
E_rho0p1,1,C,10,2870,2050,0.3901243805885315,0.35057783126831055,"{""income_binary"":0.2923487424850464,""civilian_at_work"":0.28300464153289795,""public_coverage"":0.4763801693916321}",0.3954654932022095,"{""SEX"":0.6353837251663208,""RAC1P"":1.1802009344100952}",0.9214489459991455,0.41137319803237915,0.37096866965293884,"{""income_binary"":0.3066815435886383,""civilian_at_work"":0.32831132411956787,""public_coverage"":0.47791311144828796}",0.4040451645851135,none; fixed final iterate,0.03486321121454239,1.0,0.03486321121454239,1.0,0.1,0.0,0.0,0.4249875918030739
E_rho0p1,1,C,15,3075,2665,0.38671520352363586,0.34846368432044983,"{""income_binary"":0.28911441564559937,""civilian_at_work"":0.28463461995124817,""public_coverage"":0.47164198756217957}",0.3825151324272156,"{""SEX"":0.6323658227920532,""RAC1P"":1.1704057455062866}",0.9154291152954102,0.4097415506839752,0.37058499455451965,"{""income_binary"":0.30428600311279297,""civilian_at_work"":0.33269810676574707,""public_coverage"":0.4747708737850189}",0.39156562089920044,none; fixed final iterate,0.03463251143693924,1.0,0.03463251143693924,1.0,0.1,0.0,0.0,0.4213477149605751
E_rho0p1,1,C,20,3280,3280,0.3838208019733429,0.3466080129146576,"{""income_binary"":0.28890714049339294,""civilian_at_work"":0.27952152490615845,""public_coverage"":0.47139543294906616}",0.3721279203891754,"{""SEX"":0.6260473132133484,""RAC1P"":1.1667795181274414}",0.9094467163085938,0.40671348571777344,0.3686258792877197,"{""income_binary"":0.304691344499588,""civilian_at_work"":0.3253853917121887,""public_coverage"":0.47580087184906006}",0.3808760941028595,none; fixed final iterate,0.033061638474464417,1.0,0.033061638474464417,1.0,0.1,0.0,0.0,0.4168824404478073
E_rho0p1,1,C,25,3485,3895,0.3811414837837219,0.34509825706481934,"{""income_binary"":0.2877344489097595,""civilian_at_work"":0.27899229526519775,""public_coverage"":0.4685680866241455}",0.36043235659599304,"{""SEX"":0.624850332736969,""RAC1P"":1.1639753580093384}",0.9074831008911133,0.4061506986618042,0.36913660168647766,"{""income_binary"":0.3036925792694092,""civilian_at_work"":0.32892128825187683,""public_coverage"":0.474795937538147}",0.3701411187648773,none; fixed final iterate,0.031042633578181267,1.0,0.031042633578181267,1.0,0.1,0.0,0.0,0.4121841173619032
E_rho0p1,1,C,30,3690,4510,0.3774985074996948,0.34253764152526855,"{""income_binary"":0.28424838185310364,""civilian_at_work"":0.2752261459827423,""public_coverage"":0.46813833713531494}",0.3496086299419403,"{""SEX"":0.6212970018386841,""RAC1P"":1.1602685451507568}",0.9034647941589355,0.40346136689186096,0.36757996678352356,"{""income_binary"":0.3005538284778595,""civilian_at_work"":0.32540205121040344,""public_coverage"":0.4767840504646301}",0.3588140308856964,none; fixed final iterate,0.03125913068652153,1.0,0.03125913068652153,1.0,0.1,0.0,0.0,0.40875763818621635
E_rho0p1,1,C,35,3895,5125,0.375671923160553,0.3419652283191681,"{""income_binary"":0.2846512496471405,""civilian_at_work"":0.2734922468662262,""public_coverage"":0.4677521884441376}",0.3370670676231384,"{""SEX"":0.6186182498931885,""RAC1P"":1.1566182374954224}",0.9000998139381409,0.40313994884490967,0.3684488832950592,"{""income_binary"":0.30210718512535095,""civilian_at_work"":0.32609811425209045,""public_coverage"":0.4771413803100586}",0.34691059589385986,none; fixed final iterate,0.030399715527892113,1.0,0.030399715527892113,1.0,0.1,0.0,0.0,0.4060716386884451
E_rho0p1,1,C,40,4100,5740,0.37345126271247864,0.34071114659309387,"{""income_binary"":0.2835516035556793,""civilian_at_work"":0.27260786294937134,""public_coverage"":0.46597400307655334}",0.3274012804031372,"{""SEX"":0.6176995038986206,""RAC1P"":1.1550159454345703}",0.8988083004951477,0.4013965129852295,0.3676636219024658,"{""income_binary"":0.30051931738853455,""civilian_at_work"":0.3241064250469208,""public_coverage"":0.4783651530742645}",0.3373289704322815,none; fixed final iterate,0.029740240424871445,1.0,0.029740240424871445,1.0,0.1,0.0,0.0,0.4031915031373501
E_rho0p1,1,C,45,4305,6355,0.369914174079895,0.3378320634365082,"{""income_binary"":0.28179341554641724,""civilian_at_work"":0.26847052574157715,""public_coverage"":0.463232159614563}",0.32082119584083557,"{""SEX"":0.6153932213783264,""RAC1P"":1.154173493385315}",0.8968133926391602,0.39780285954475403,0.3647032678127289,"{""income_binary"":0.2987537384033203,""civilian_at_work"":0.321601003408432,""public_coverage"":0.47375503182411194}",0.33099597692489624,none; fixed final iterate,0.029469680041074753,1.0,0.029469680041074753,1.0,0.1,0.0,0.0,0.3993838541209698
E_rho0p1,1,C,50,4510,6970,0.3693392276763916,0.33829107880592346,"{""income_binary"":0.28131797909736633,""civilian_at_work"":0.2699759900569916,""public_coverage"":0.46357932686805725}",0.31048160791397095,"{""SEX"":0.6117820143699646,""RAC1P"":1.1473292112350464}",0.8915227651596069,0.39779406785964966,0.36563727259635925,"{""income_binary"":0.298898845911026,""civilian_at_work"":0.3228713274002075,""public_coverage"":0.47514161467552185}",0.3215678334236145,none; fixed final iterate,0.0287406574934721,1.0,0.0287406574934721,1.0,0.1,0.0,0.0,0.3980798851698637
E_rho0p1,1,C,55,4715,7585,0.3670405447483063,0.33684489130973816,"{""income_binary"":0.27996939420700073,""civilian_at_work"":0.26811453700065613,""public_coverage"":0.46245071291923523}",0.301956444978714,"{""SEX"":0.6113134622573853,""RAC1P"":1.1446553468704224}",0.8901358842849731,0.3971700668334961,0.36589035391807556,"{""income_binary"":0.29827141761779785,""civilian_at_work"":0.32335445284843445,""public_coverage"":0.4760451018810272}",0.31279700994491577,none; fixed final iterate,0.027887839823961258,1.0,0.027887839823961258,1.0,0.1,0.0,0.0,0.39492838457226753
E_rho0p1,1,C,60,4920,8200,0.3657698929309845,0.33601415157318115,"{""income_binary"":0.2794508934020996,""civilian_at_work"":0.2676279842853546,""public_coverage"":0.460963636636734}",0.2975573241710663,"{""SEX"":0.604162871837616,""RAC1P"":1.1422988176345825}",0.8840510249137878,0.39812472462654114,0.36726364493370056,"{""income_binary"":0.29823336005210876,""civilian_at_work"":0.32664990425109863,""public_coverage"":0.47690755128860474}",0.30861085653305054,none; fixed final iterate,0.027786219492554665,1.0,0.027786219492554665,1.0,0.1,0.0,0.0,0.39355611242353916
E_rho0p1,1,C,65,5125,8815,0.36388731002807617,0.3352203071117401,"{""income_binary"":0.27928096055984497,""civilian_at_work"":0.2681168019771576,""public_coverage"":0.4582631587982178}",0.28666993975639343,"{""SEX"":0.6049326062202454,""RAC1P"":1.1380349397659302}",0.8829342126846313,0.3960669934749603,0.3662679195404053,"{""income_binary"":0.2980061173439026,""civilian_at_work"":0.32488128542900085,""public_coverage"":0.47591644525527954}",0.2979908585548401,none; fixed final iterate,0.02620008960366249,1.0,0.02620008960366249,1.0,0.1,0.0,0.0,0.39008739963173866
E_rho0p1,1,C,70,5330,9430,0.3608951270580292,0.3332844078540802,"{""income_binary"":0.2781011760234833,""civilian_at_work"":0.26389816403388977,""public_coverage"":0.45785394310951233}",0.2761072814464569,"{""SEX"":0.60396409034729,""RAC1P"":1.139643669128418}",0.8828661441802979,0.39459213614463806,0.3657706081867218,"{""income_binary"":0.29769790172576904,""civilian_at_work"":0.3228957951068878,""public_coverage"":0.47671815752983093}",0.28821519017219543,none; fixed final iterate,0.027081552892923355,1.0,0.027081552892923355,1.0,0.1,0.0,0.0,0.38797667995095253
E_rho0p1,1,C,75,5535,10045,0.35971617698669434,0.3324602544307709,"{""income_binary"":0.27654990553855896,""civilian_at_work"":0.26388558745384216,""public_coverage"":0.4569452404975891}",0.272559255361557,"{""SEX"":0.6009935140609741,""RAC1P"":1.1341129541397095}",0.878553032875061,0.3946862518787384,0.3661889135837555,"{""income_binary"":0.2974342107772827,""civilian_at_work"":0.32429566979408264,""public_coverage"":0.4768368601799011}",0.2849734425544739,none; fixed final iterate,0.02746020443737507,1.0,0.02746020443737507,1.0,0.1,0.0,0.0,0.3871763814240694
E_rho0p1,1,C,80,5740,10660,0.35834455490112305,0.3318926990032196,"{""income_binary"":0.27455785870552063,""civilian_at_work"":0.26411041617393494,""public_coverage"":0.45700985193252563}",0.2645185887813568,"{""SEX"":0.5941266417503357,""RAC1P"":1.1374198198318481}",0.8748942017555237,0.39355599880218506,0.36596331000328064,"{""income_binary"":0.2950701117515564,""civilian_at_work"":0.32362085580825806,""public_coverage"":0.4791989028453827}",0.2759268581867218,none; fixed final iterate,0.026256440207362175,1.0,0.026256440207362175,1.0,0.1,0.0,0.0,0.3846009951084852
E_rho0p1,1,D,0,2460,820,0.3972543776035309,0.35541006922721863,"{""income_binary"":0.30073657631874084,""civilian_at_work"":0.2869643568992615,""public_coverage"":0.4785292148590088}",0.4184430241584778,"{""SEX"":0.6437004804611206,""RAC1P"":1.2049429416656494}",0.9371553063392639,0.416639119386673,0.3739979565143585,"{""income_binary"":0.3138137459754944,""civilian_at_work"":0.32927337288856506,""public_coverage"":0.4789067506790161}",0.426411509513855,none; fixed final iterate,0.036938123404979706,1.0,0.036938123404979706,1.0,0.1,-0.1,-0.0937155306339264,0.3404769703745842
E_rho0p1,1,D,5,2665,1435,0.3955497145652771,0.35430967807769775,"{""income_binary"":0.2992652952671051,""civilian_at_work"":0.2867041528224945,""public_coverage"":0.47695961594581604}",0.4124005138874054,"{""SEX"":0.651051938533783,""RAC1P"":1.1975871324539185}",0.9395759105682373,0.4158504009246826,0.3737211227416992,"{""income_binary"":0.31417110562324524,""civilian_at_work"":0.3304195702075958,""public_coverage"":0.476572722196579}",0.42129263281822205,none; fixed final iterate,0.03404136747121811,1.0,0.03404136747121811,1.0,0.1,-0.1,-0.09395759105682373,0.3356334909796715
E_rho0p1,1,D,10,2870,2050,0.3914421796798706,0.3508744239807129,"{""income_binary"":0.29222995042800903,""civilian_at_work"":0.28371569514274597,""public_coverage"":0.4766775965690613}",0.4056777060031891,"{""SEX"":0.6513926982879639,""RAC1P"":1.18731689453125}",0.9357936978340149,0.4128928482532501,0.3714907467365265,"{""income_binary"":0.30675017833709717,""civilian_at_work"":0.32932376861572266,""public_coverage"":0.4783983528614044}",0.4140208959579468,none; fixed final iterate,0.03521503880620003,1.0,0.03521503880620003,1.0,0.1,-0.1,-0.09357936978340149,0.33307784870266915
E_rho0p1,1,D,15,3075,2665,0.3874576985836029,0.34858396649360657,"{""income_binary"":0.2890967130661011,""civilian_at_work"":0.2848191559314728,""public_coverage"":0.4718360900878906}",0.38873720169067383,"{""SEX"":0.641767680644989,""RAC1P"":1.1772210597991943}",0.9248875379562378,0.41068559885025024,0.3709494173526764,"{""income_binary"":0.3043597936630249,""civilian_at_work"":0.33333104848861694,""public_coverage"":0.47515738010406494}",0.397361695766449,none; fixed final iterate,0.03455869480967522,1.0,0.03455869480967522,1.0,0.1,-0.1,-0.09248875379562378,0.32952763959765435
E_rho0p1,1,D,20,3280,3280,0.3849041163921356,0.3469615876674652,"{""income_binary"":0.28915801644325256,""civilian_at_work"":0.2798994183540344,""public_coverage"":0.47182726860046387}",0.37942537665367126,"{""SEX"":0.6333555579185486,""RAC1P"":1.1743000745773315}",0.9176708459854126,0.40796732902526855,0.3691580593585968,"{""income_binary"":0.30506059527397156,""civilian_at_work"":0.326006680727005,""public_coverage"":0.47640690207481384}",0.38809284567832947,none; fixed final iterate,0.032605160027742386,1.0,0.032605160027742386,1.0,0.1,-0.1,-0.09176708459854127,0.32574219182133674
E_rho0p1,1,D,25,3485,3895,0.38210684061050415,0.3453015089035034,"{""income_binary"":0.28795355558395386,""civilian_at_work"":0.27950429916381836,""public_coverage"":0.46844667196273804}",0.3680533766746521,"{""SEX"":0.6315370798110962,""RAC1P"":1.171897530555725}",0.9154161214828491,0.40731900930404663,0.36958226561546326,"{""income_binary"":0.30388203263282776,""civilian_at_work"":0.330048143863678,""public_coverage"":0.4748165011405945}",0.3773675560951233,none; fixed final iterate,0.03092137724161148,1.0,0.03092137724161148,1.0,0.1,-0.1,-0.09154161214828492,0.3214866057038307
E_rho0p1,1,D,30,3690,4510,0.3787514567375183,0.34272143244743347,"{""income_binary"":0.28436022996902466,""civilian_at_work"":0.27504271268844604,""public_coverage"":0.46876129508018494}",0.3603002727031708,"{""SEX"":0.6252206563949585,""RAC1P"":1.167972207069397}",0.9093179702758789,0.4048151969909668,0.367923378944397,"{""income_binary"":0.300702303647995,""civilian_at_work"":0.3257373571395874,""public_coverage"":0.47733044624328613}",0.3689180612564087,none; fixed final iterate,0.031035879626870155,1.0,0.031035879626870155,1.0,0.1,-0.1,-0.0909317970275879,0.31885553933680055
E_rho0p1,1,D,35,3895,5125,0.3766883611679077,0.34205618500709534,"{""income_binary"":0.2845800518989563,""civilian_at_work"":0.27374735474586487,""public_coverage"":0.46784114837646484}",0.34632182121276855,"{""SEX"":0.6270944476127625,""RAC1P"":1.1643754243850708}",0.909259557723999,0.4043899178504944,0.36880776286125183,"{""income_binary"":0.30203646421432495,""civilian_at_work"":0.3270620107650757,""public_coverage"":0.47732481360435486}",0.3558215796947479,none; fixed final iterate,0.030308540910482407,1.0,0.030308540910482407,1.0,0.1,-0.1,-0.09092595577239991,0.3160709463059902
E_rho0p1,1,D,40,4100,5740,0.37455570697784424,0.341044545173645,"{""income_binary"":0.28379127383232117,""civilian_at_work"":0.2728504538536072,""public_coverage"":0.4664919674396515}",0.33511173725128174,"{""SEX"":0.6213452219963074,""RAC1P"":1.1619644165039062}",0.9041646718978882,0.4025396406650543,0.36803391575813293,"{""income_binary"":0.3004458248615265,""civilian_at_work"":0.3248322308063507,""public_coverage"":0.4788237512111664}",0.34505733847618103,none; fixed final iterate,0.02942465990781784,1.0,0.02942465990781784,1.0,0.1,-0.1,-0.09041646718978882,0.3135638996958733
E_rho0p1,1,D,45,4305,6355,0.3712051212787628,0.33814167976379395,"{""income_binary"":0.28185462951660156,""civilian_at_work"":0.2687174081802368,""public_coverage"":0.4638529419898987}",0.33063453435897827,"{""SEX"":0.6190636157989502,""RAC1P"":1.1619881391525269}",0.9025273323059082,0.3990357518196106,0.36497271060943604,"{""income_binary"":0.2985548973083496,""civilian_at_work"":0.3222901523113251,""public_coverage"":0.47407302260398865}",0.34063035249710083,none; fixed final iterate,0.029169147834181786,1.0,0.029169147834181786,1.0,0.1,-0.1,-0.09025273323059083,0.3101215358823538
E_rho0p1,1,D,50,4510,6970,0.3709046244621277,0.33888721466064453,"{""income_binary"":0.28199121356010437,""civilian_at_work"":0.27115777134895325,""public_coverage"":0.4635126292705536}",0.32017409801483154,"{""SEX"":0.6145594716072083,""RAC1P"":1.155861258506775}",0.8968736529350281,0.39933642745018005,0.36620497703552246,"{""income_binary"":0.29909858107566833,""civilian_at_work"":0.32472482323646545,""public_coverage"":0.474791556596756}",0.3313145637512207,none; fixed final iterate,0.028177956119179726,1.0,0.028177956119179726,1.0,0.1,-0.1,-0.08968736529350281,0.3093952152878046
E_rho0p1,1,D,55,4715,7585,0.3685983717441559,0.3371313810348511,"{""income_binary"":0.2802946865558624,""civilian_at_work"":0.2684830129146576,""public_coverage"":0.4626164734363556}",0.31466996669769287,"{""SEX"":0.6146267056465149,""RAC1P"":1.1527868509292603}",0.8957163691520691,0.3985278606414795,0.3659789562225342,"{""income_binary"":0.29797500371932983,""civilian_at_work"":0.32418522238731384,""public_coverage"":0.4757766127586365}",0.3254888951778412,none; fixed final iterate,0.027518820017576218,1.0,0.027518820017576218,1.0,0.1,-0.1,-0.08957163691520692,0.3065455548465252
E_rho0p1,1,D,60,4920,8200,0.3671857714653015,0.33625519275665283,"{""income_binary"":0.2796267569065094,""civilian_at_work"":0.26782357692718506,""public_coverage"":0.4613152742385864}",0.30930575728416443,"{""SEX"":0.6092647910118103,""RAC1P"":1.1501657962799072}",0.8908185958862305,0.3995603919029236,0.36752191185951233,"{""income_binary"":0.2978968620300293,""civilian_at_work"":0.3275728225708008,""public_coverage"":0.4770961105823517}",0.320384681224823,none; fixed final iterate,0.027771154418587685,1.0,0.027771154418587685,1.0,0.1,-0.1,-0.08908185958862305,0.3058750662952662
E_rho0p1,1,D,65,5125,8815,0.3650358319282532,0.3352479934692383,"{""income_binary"":0.27903100848197937,""civilian_at_work"":0.26824191212654114,""public_coverage"":0.45847100019454956}",0.297878235578537,"{""SEX"":0.609162449836731,""RAC1P"":1.1451940536499023}",0.8887947797775269,0.39685186743736267,0.3658965528011322,"{""income_binary"":0.2967997193336487,""civilian_at_work"":0.32497936487197876,""public_coverage"":0.4759105443954468}",0.30955323576927185,none; fixed final iterate,0.026170451194047928,1.0,0.026170451194047928,1.0,0.1,-0.1,-0.0888794779777527,0.3023268051445484
E_rho0p1,1,D,70,5330,9430,0.36226820945739746,0.3336639404296875,"{""income_binary"":0.2791752219200134,""civilian_at_work"":0.26398783922195435,""public_coverage"":0.4578287899494171}",0.28604280948638916,"{""SEX"":0.6095209717750549,""RAC1P"":1.1457303762435913}",0.8892638683319092,0.39591121673583984,0.36604055762290955,"{""income_binary"":0.29793569445610046,""civilian_at_work"":0.3232361376285553,""public_coverage"":0.4769497513771057}",0.29870665073394775,none; fixed final iterate,0.026907024905085564,1.0,0.026907024905085564,1.0,0.1,-0.1,-0.08892638683319093,0.3002488475292921
E_rho0p1,1,D,75,5535,10045,0.36074626445770264,0.33246591687202454,"{""income_binary"":0.2767165005207062,""civilian_at_work"":0.2638980746269226,""public_coverage"":0.45678311586380005}",0.28280332684516907,"{""SEX"":0.604516327381134,""RAC1P"":1.1411364078521729}",0.8838502168655396,0.3955494463443756,0.3659806251525879,"{""income_binary"":0.2966689169406891,""civilian_at_work"":0.3241923749446869,""public_coverage"":0.47708064317703247}",0.29568833112716675,none; fixed final iterate,0.027242660522460938,1.0,0.027242660522460938,1.0,0.1,-0.1,-0.08838502168655396,0.29960390329360964
E_rho0p1,1,D,80,5740,10660,0.35920608043670654,0.3318580389022827,"{""income_binary"":0.27479517459869385,""civilian_at_work"":0.2638384997844696,""public_coverage"":0.4569404125213623}",0.27348050475120544,"{""SEX"":0.5995374321937561,""RAC1P"":1.1441620588302612}",0.8814436197280884,0.3946172595024109,0.3659956455230713,"{""income_binary"":0.2945510745048523,""civilian_at_work"":0.3239699900150299,""public_coverage"":0.47946587204933167}",0.286216139793396,none; fixed final iterate,0.02628413401544094,1.0,0.02628413401544094,1.0,0.1,-0.1,-0.08814436197280884,0.29734585247933865
E_rho0p1,1,warm_base,0,0,0,0.8147183656692505,0.7118697166442871,"{""income_binary"":0.7249402403831482,""civilian_at_work"":0.6785551905632019,""public_coverage"":0.7321138381958008}",1.0284864902496338,,,0.8177812099456787,0.7159926295280457,"{""income_binary"":0.728021502494812,""civilian_at_work"":0.6855751872062683,""public_coverage"":0.7343810796737671}",1.0178860425949097,none; fixed final iterate,0.5625,1.0,0.5625,1.0,0.1,0.0,0.0,1.3772183656692505
E_rho0p1,1,warm_base,5,205,0,0.636172890663147,0.5621622800827026,"{""income_binary"":0.543995201587677,""civilian_at_work"":0.5182597041130066,""public_coverage"":0.6242319345474243}",0.7401060461997986,,,0.6393847465515137,0.5656037926673889,"{""income_binary"":0.5477204918861389,""civilian_at_work"":0.5286793112754822,""public_coverage"":0.6204115748405457}",0.7378098368644714,none; fixed final iterate,0.05253181979060173,1.0,0.05253181979060173,1.0,0.1,0.0,0.0,0.6887047104537487
E_rho0p1,1,warm_base,10,410,0,0.5486201047897339,0.48243430256843567,"{""income_binary"":0.45146486163139343,""civilian_at_work"":0.4271049201488495,""public_coverage"":0.5687331557273865}",0.661858081817627,,,0.5530804991722107,0.48703646659851074,"{""income_binary"":0.4577747881412506,""civilian_at_work"":0.4424237310886383,""public_coverage"":0.5609108209609985}",0.6604404449462891,none; fixed final iterate,0.06083808094263077,1.0,0.06083808094263077,1.0,0.1,0.0,0.0,0.6094581857323647
E_rho0p1,1,warm_base,15,615,0,0.5024223923683167,0.44286683201789856,"{""income_binary"":0.4067055881023407,""civilian_at_work"":0.3805827498435974,""public_coverage"":0.5413122177124023}",0.5955556035041809,,,0.5078208446502686,0.4483148157596588,"{""income_binary"":0.4135226607322693,""civilian_at_work"":0.3998417258262634,""public_coverage"":0.5315800309181213}",0.5950604677200317,none; fixed final iterate,0.05666689947247505,1.0,0.05666689947247505,1.0,0.1,0.0,0.0,0.5590892918407917
E_rho0p1,1,warm_base,20,820,0,0.47101855278015137,0.41558751463890076,"{""income_binary"":0.3759545087814331,""civilian_at_work"":0.35088294744491577,""public_coverage"":0.5199251174926758}",0.5543105006217957,,,0.4778542220592499,0.4223071038722992,"{""income_binary"":0.38397201895713806,""civilian_at_work"":0.3730317950248718,""public_coverage"":0.5099175572395325}",0.5554711222648621,none; fixed final iterate,0.05513475835323334,1.0,0.05513475835323334,1.0,0.1,0.0,0.0,0.5261533111333847
E_rho0p1,1,warm_base,25,1025,0,0.4545648694038391,0.4016049802303314,"{""income_binary"":0.35895290970802307,""civilian_at_work"":0.33492928743362427,""public_coverage"":0.5109326839447021}",0.5295989513397217,,,0.4630606472492218,0.4098505675792694,"{""income_binary"":0.3677428662776947,""civilian_at_work"":0.36050862073898315,""public_coverage"":0.5013002157211304}",0.5321006774902344,none; fixed final iterate,0.0493595153093338,1.0,0.0493595153093338,1.0,0.1,0.0,0.0,0.5039243847131729
E_rho0p1,1,warm_base,30,1230,0,0.4381360113620758,0.3870048522949219,"{""income_binary"":0.3386436104774475,""civilian_at_work"":0.32206451892852783,""public_coverage"":0.5003064274787903}",0.5113115906715393,,,0.44867372512817383,0.39720940589904785,"{""income_binary"":0.34855836629867554,""civilian_at_work"":0.35076025128364563,""public_coverage"":0.4923095703125}",0.5146430730819702,none; fixed final iterate,0.04911182075738907,1.0,0.04911182075738907,1.0,0.1,0.0,0.0,0.4872478321194649
E_rho0p1,1,warm_base,35,1435,0,0.42780449986457825,0.3781716525554657,"{""income_binary"":0.32862207293510437,""civilian_at_work"":0.31272581219673157,""public_coverage"":0.49316707253456116}",0.49632853269577026,,,0.43935415148735046,0.3893568515777588,"{""income_binary"":0.33819887042045593,""civilian_at_work"":0.3439887762069702,""public_coverage"":0.48588281869888306}",0.49997299909591675,none; fixed final iterate,0.04684436693787575,1.0,0.04684436693787575,1.0,0.1,0.0,0.0,0.474648866802454
E_rho0p1,1,warm_base,40,1640,0,0.42139795422554016,0.37304186820983887,"{""income_binary"":0.3222777843475342,""civilian_at_work"":0.30628663301467896,""public_coverage"":0.49056124687194824}",0.48356086015701294,,,0.4347671568393707,0.385916143655777,"{""income_binary"":0.33207082748413086,""civilian_at_work"":0.34117093682289124,""public_coverage"":0.4845067262649536}",0.48851025104522705,none; fixed final iterate,0.0424838662147522,1.0,0.0424838662147522,1.0,0.1,0.0,0.0,0.46388182044029236
E_rho0p1,1,warm_base,45,1845,0,0.41286107897758484,0.36605605483055115,"{""income_binary"":0.31233981251716614,""civilian_at_work"":0.29839158058166504,""public_coverage"":0.48743677139282227}",0.46805036067962646,,,0.4274986684322357,0.380141019821167,"{""income_binary"":0.32336243987083435,""civilian_at_work"":0.3347015976905823,""public_coverage"":0.48235902190208435}",0.4735766053199768,none; fixed final iterate,0.042025018483400345,1.0,0.042025018483400345,1.0,0.1,0.0,0.0,0.4548860974609852
E_rho0p1,1,warm_base,50,2050,0,0.40842297673225403,0.3636767864227295,"{""income_binary"":0.3115203380584717,""civilian_at_work"":0.29483258724212646,""public_coverage"":0.4846774935722351}",0.44746190309524536,,,0.4240603446960449,0.3786737024784088,"{""income_binary"":0.3249255120754242,""civilian_at_work"":0.3314451575279236,""public_coverage"":0.4796505272388458}",0.4538663327693939,none; fixed final iterate,0.03867967799305916,1.0,0.03867967799305916,1.0,0.1,0.0,0.0,0.4471026547253132
E_rho0p1,1,warm_base,55,2255,0,0.40236854553222656,0.3590583801269531,"{""income_binary"":0.30379536747932434,""civilian_at_work"":0.29070034623146057,""public_coverage"":0.48267948627471924}",0.433101624250412,,,0.41961970925331116,0.37552741169929504,"{""income_binary"":0.3155236542224884,""civilian_at_work"":0.33105936646461487,""public_coverage"":0.47999927401542664}",0.4409230649471283,none; fixed final iterate,0.03825560584664345,1.0,0.03825560584664345,1.0,0.1,0.0,0.0,0.44062415137887
E_rho0p1,1,warm_base,60,2460,0,0.3972543776035309,0.35541006922721863,"{""income_binary"":0.30073657631874084,""civilian_at_work"":0.2869643568992615,""public_coverage"":0.4785292148590088}",0.4184430241584778,,,0.416639119386673,0.3739979565143585,"{""income_binary"":0.3138137459754944,""civilian_at_work"":0.32927337288856506,""public_coverage"":0.4789067506790161}",0.426411509513855,none; fixed final iterate,0.036938123404979706,1.0,0.036938123404979706,1.0,0.1,0.0,0.0,0.4341925010085106
E_rho0p1,1,warm_adversary,0,2460,0,0.3972543776035309,0.35541006922721863,"{""income_binary"":0.30073657631874084,""civilian_at_work"":0.2869643568992615,""public_coverage"":0.4785292148590088}",0.4184430241584778,"{""SEX"":0.6969248652458191,""RAC1P"":2.1631529331207275}",1.3513884544372559,0.416639119386673,0.3739979565143585,"{""income_binary"":0.3138137459754944,""civilian_at_work"":0.32927337288856506,""public_coverage"":0.4789067506790161}",0.426411509513855,none; fixed final iterate,0.036938123404979706,0.0,0.0,1.0,0.1,0.0,0.0,0.3972543776035309
E_rho0p1,1,warm_adversary,5,2460,205,0.3972543776035309,0.35541006922721863,"{""income_binary"":0.30073657631874084,""civilian_at_work"":0.2869643568992615,""public_coverage"":0.4785292148590088}",0.4184430241584778,"{""SEX"":0.6689960956573486,""RAC1P"":1.2583918571472168}",0.976374626159668,0.416639119386673,0.3739979565143585,"{""income_binary"":0.3138137459754944,""civilian_at_work"":0.32927337288856506,""public_coverage"":0.4789067506790161}",0.426411509513855,none; fixed final iterate,0.036938123404979706,0.0,0.0,1.0,0.1,0.0,0.0,0.3972543776035309
E_rho0p1,1,warm_adversary,10,2460,410,0.3972543776035309,0.35541006922721863,"{""income_binary"":0.30073657631874084,""civilian_at_work"":0.2869643568992615,""public_coverage"":0.4785292148590088}",0.4184430241584778,"{""SEX"":0.6535335779190063,""RAC1P"":1.2310174703598022}",0.9544786214828491,0.416639119386673,0.3739979565143585,"{""income_binary"":0.3138137459754944,""civilian_at_work"":0.32927337288856506,""public_coverage"":0.4789067506790161}",0.426411509513855,none; fixed final iterate,0.036938123404979706,0.0,0.0,1.0,0.1,0.0,0.0,0.3972543776035309
E_rho0p1,1,warm_adversary,15,2460,615,0.3972543776035309,0.35541006922721863,"{""income_binary"":0.30073657631874084,""civilian_at_work"":0.2869643568992615,""public_coverage"":0.4785292148590088}",0.4184430241584778,"{""SEX"":0.6471402049064636,""RAC1P"":1.2173289060592651}",0.944495677947998,0.416639119386673,0.3739979565143585,"{""income_binary"":0.3138137459754944,""civilian_at_work"":0.32927337288856506,""public_coverage"":0.4789067506790161}",0.426411509513855,none; fixed final iterate,0.036938123404979706,0.0,0.0,1.0,0.1,0.0,0.0,0.3972543776035309
E_rho0p1,1,warm_adversary,20,2460,820,0.3972543776035309,0.35541006922721863,"{""income_binary"":0.30073657631874084,""civilian_at_work"":0.2869643568992615,""public_coverage"":0.4785292148590088}",0.4184430241584778,"{""SEX"":0.6437004804611206,""RAC1P"":1.2049429416656494}",0.9371553063392639,0.416639119386673,0.3739979565143585,"{""income_binary"":0.3138137459754944,""civilian_at_work"":0.32927337288856506,""public_coverage"":0.4789067506790161}",0.426411509513855,none; fixed final iterate,0.036938123404979706,0.0,0.0,1.0,0.1,0.0,0.0,0.3972543776035309
E_rho0p1,2,C,0,2520,840,0.39505666494369507,0.3549933135509491,"{""income_binary"":0.2908301055431366,""civilian_at_work"":0.2971770763397217,""public_coverage"":0.47697269916534424}",0.40063345432281494,"{""SEX"":0.6381626129150391,""RAC1P"":1.2045012712478638}",0.925351083278656,0.4113163948059082,0.37267816066741943,"{""income_binary"":0.3269213140010834,""civilian_at_work"":0.3076924979686737,""public_coverage"":0.48342064023017883}",0.3863823413848877,none; fixed final iterate,0.03838014602661133,1.0,0.03838014602661133,1.0,0.1,0.0,0.0,0.4334368109703064
E_rho0p1,2,C,5,2730,1470,0.39280834794044495,0.3538680970668793,"{""income_binary"":0.2896427512168884,""civilian_at_work"":0.2958719730377197,""public_coverage"":0.47608959674835205}",0.38940250873565674,"{""SEX"":0.6353247761726379,""RAC1P"":1.189139485359192}",0.9173766374588013,0.41018742322921753,0.37267637252807617,"{""income_binary"":0.32524070143699646,""civilian_at_work"":0.30873268842697144,""public_coverage"":0.4840557873249054}",0.375110387802124,none; fixed final iterate,0.03583240136504173,1.0,0.03583240136504173,1.0,0.1,0.0,0.0,0.4286407493054867
E_rho0p1,2,C,10,2940,2100,0.3898749053478241,0.3521394431591034,"{""income_binary"":0.29014351963996887,""civilian_at_work"":0.2934015989303589,""public_coverage"":0.4728732109069824}",0.3773547410964966,"{""SEX"":0.6303620934486389,""RAC1P"":1.183266043663025}",0.9115282297134399,0.4083207845687866,0.3719884157180786,"{""income_binary"":0.32663121819496155,""civilian_at_work"":0.30704981088638306,""public_coverage"":0.48228418827056885}",0.3633236587047577,none; fixed final iterate,0.03388569504022598,1.0,0.03388569504022598,1.0,0.1,0.0,0.0,0.4237606003880501
E_rho0p1,2,C,15,3150,2730,0.38566404581069946,0.34903863072395325,"{""income_binary"":0.2839123010635376,""civilian_at_work"":0.2920955717563629,""public_coverage"":0.4711080491542816}",0.3662540316581726,"{""SEX"":0.6240919232368469,""RAC1P"":1.1770083904266357}",0.9045875072479248,0.4041699469089508,0.36888957023620605,"{""income_binary"":0.3206006586551666,""civilian_at_work"":0.30544254183769226,""public_coverage"":0.4806254506111145}",0.3528038561344147,none; fixed final iterate,0.03363359719514847,1.0,0.03363359719514847,1.0,0.1,0.0,0.0,0.41929764300584793
E_rho0p1,2,C,20,3360,3360,0.38248735666275024,0.347106009721756,"{""income_binary"":0.28184056282043457,""civilian_at_work"":0.2897542119026184,""public_coverage"":0.46972328424453735}",0.3538134694099426,"{""SEX"":0.6190913915634155,""RAC1P"":1.1766971349716187}",0.9008572101593018,0.4019399583339691,0.3678620159626007,"{""income_binary"":0.319023072719574,""civilian_at_work"":0.3040067255496979,""public_coverage"":0.48055627942085266}",0.3407793641090393,none; fixed final iterate,0.03295409679412842,1.0,0.03295409679412842,1.0,0.1,0.0,0.0,0.41544145345687866
E_rho0p1,2,C,25,3570,3990,0.3786986768245697,0.34415245056152344,"{""income_binary"":0.28014540672302246,""civilian_at_work"":0.284146785736084,""public_coverage"":0.46816521883010864}",0.3454621732234955,"{""SEX"":0.6174455881118774,""RAC1P"":1.1684514284133911}",0.8964883089065552,0.39943647384643555,0.36618971824645996,"{""income_binary"":0.3176337480545044,""civilian_at_work"":0.30006182193756104,""public_coverage"":0.4808735251426697}",0.33246755599975586,none; fixed final iterate,0.033090412616729736,1.0,0.033090412616729736,1.0,0.1,0.0,0.0,0.41178908944129944
E_rho0p1,2,C,30,3780,4620,0.37654635310173035,0.34300342202186584,"{""income_binary"":0.2771381437778473,""civilian_at_work"":0.28572437167167664,""public_coverage"":0.4661478102207184}",0.3354294002056122,"{""SEX"":0.6147083044052124,""RAC1P"":1.1623085737228394}",0.8921425938606262,0.39814886450767517,0.36582645773887634,"{""income_binary"":0.3147142231464386,""civilian_at_work"":0.30340656638145447,""public_coverage"":0.47935861349105835}",0.3232240676879883,none; fixed final iterate,0.03194223344326019,1.0,0.03194223344326019,1.0,0.1,0.0,0.0,0.40848858654499054
E_rho0p1,2,C,35,3990,5250,0.37430036067962646,0.34135702252388,"{""income_binary"":0.2759890556335449,""civilian_at_work"":0.2842492163181305,""public_coverage"":0.4638328552246094}",0.32943350076675415,"{""SEX"":0.613717257976532,""RAC1P"":1.1624997854232788}",0.8915008306503296,0.39711907505989075,0.3653034269809723,"{""income_binary"":0.31599652767181396,""civilian_at_work"":0.302063524723053,""public_coverage"":0.4778502285480499}",0.3181564509868622,none; fixed final iterate,0.03131009265780449,1.0,0.03131009265780449,1.0,0.1,0.0,0.0,0.40561045333743095
E_rho0p1,2,C,40,4200,5880,0.3722718060016632,0.34034478664398193,"{""income_binary"":0.27411022782325745,""civilian_at_work"":0.2833234965801239,""public_coverage"":0.46360063552856445}",0.3192701041698456,"{""SEX"":0.6094310283660889,""RAC1P"":1.1637502908706665}",0.8888887166976929,0.39497053623199463,0.3641444444656372,"{""income_binary"":0.3130917549133301,""civilian_at_work"":0.29992926120758057,""public_coverage"":0.4794122874736786}",0.30826106667518616,none; fixed final iterate,0.03057797998189926,1.0,0.03057797998189926,1.0,0.1,0.0,0.0,0.40284978598356247
E_rho0p1,2,C,45,4410,6510,0.36959877610206604,0.3384115993976593,"{""income_binary"":0.2737071216106415,""civilian_at_work"":0.2797274887561798,""public_coverage"":0.461800217628479}",0.31187164783477783,"{""SEX"":0.6078342199325562,""RAC1P"":1.160810947418213}",0.8866020441055298,0.39395493268966675,0.3638215959072113,"{""income_binary"":0.31432044506073,""civilian_at_work"":0.29890552163124084,""public_coverage"":0.4782387912273407}",0.301333487033844,none; fixed final iterate,0.03003297559916973,1.0,0.03003297559916973,1.0,0.1,0.0,0.0,0.39963175170123577
E_rho0p1,2,C,50,4620,7140,0.36723238229751587,0.3369161784648895,"{""income_binary"":0.27136173844337463,""civilian_at_work"":0.27923285961151123,""public_coverage"":0.4601539671421051}",0.3031620383262634,"{""SEX"":0.6067947149276733,""RAC1P"":1.1517441272735596}",0.8823541402816772,0.39118441939353943,0.3620293140411377,"{""income_binary"":0.312925785779953,""civilian_at_work"":0.29685452580451965,""public_coverage"":0.47630763053894043}",0.29155099391937256,none; fixed final iterate,0.03013087809085846,1.0,0.03013087809085846,1.0,0.1,0.0,0.0,0.39736326038837433
E_rho0p1,2,C,55,4830,7770,0.3660372495651245,0.33625802397727966,"{""income_binary"":0.2712031602859497,""civilian_at_work"":0.27701276540756226,""public_coverage"":0.460558146238327}",0.2977922856807709,"{""SEX"":0.6069508194923401,""RAC1P"":1.147597074508667}",0.8808672428131104,0.3918735086917877,0.36318936944007874,"{""income_binary"":0.3125309348106384,""civilian_at_work"":0.29831236600875854,""public_coverage"":0.47872477769851685}",0.286841481924057,none; fixed final iterate,0.029489733278751373,1.0,0.029489733278751373,1.0,0.1,0.0,0.0,0.3955269828438759
E_rho0p1,2,C,60,5040,8400,0.3646828532218933,0.3355773985385895,"{""income_binary"":0.26948288083076477,""civilian_at_work"":0.27841559052467346,""public_coverage"":0.4588337540626526}",0.2910543978214264,"{""SEX"":0.6030895113945007,""RAC1P"":1.1450709104537964}",0.8771049976348877,0.39056405425071716,0.36243560910224915,"{""income_binary"":0.3113253712654114,""civilian_at_work"":0.29776230454444885,""public_coverage"":0.4782191216945648}",0.2812843918800354,none; fixed final iterate,0.02831943891942501,1.0,0.02831943891942501,1.0,0.1,0.0,0.0,0.3930022921413183
E_rho0p1,2,C,65,5250,9030,0.3627108335494995,0.33429011702537537,"{""income_binary"":0.26818081736564636,""civilian_at_work"":0.2778266370296478,""public_coverage"":0.4568628966808319}",0.2842072546482086,"{""SEX"":0.6066763997077942,""RAC1P"":1.1428486108779907}",0.8788374662399292,0.3903924524784088,0.3629990816116333,"{""income_binary"":0.31108880043029785,""civilian_at_work"":0.2988515794277191,""public_coverage"":0.47905683517456055}",0.2739337384700775,none; fixed final iterate,0.027989504858851433,1.0,0.027989504858851433,1.0,0.1,0.0,0.0,0.39070033840835094
E_rho0p1,2,C,70,5460,9660,0.3616173565387726,0.33358463644981384,"{""income_binary"":0.26757946610450745,""civilian_at_work"":0.27656668424606323,""public_coverage"":0.4566076993942261}",0.2803272008895874,"{""SEX"":0.5970869660377502,""RAC1P"":1.1443696022033691}",0.8725008964538574,0.3910561203956604,0.36391839385032654,"{""income_binary"":0.3126245439052582,""civilian_at_work"":0.298171728849411,""public_coverage"":0.48095887899398804}",0.2713772654533386,none; fixed final iterate,0.027830112725496292,1.0,0.027830112725496292,1.0,0.1,0.0,0.0,0.3894474692642689
E_rho0p1,2,C,75,5670,10290,0.3607836365699768,0.3333236873149872,"{""income_binary"":0.2664766013622284,""civilian_at_work"":0.27785012125968933,""public_coverage"":0.4556443393230438}",0.27459949254989624,"{""SEX"":0.596513032913208,""RAC1P"":1.1386127471923828}",0.869865894317627,0.3903551697731018,0.36378955841064453,"{""income_binary"":0.31334593892097473,""civilian_at_work"":0.29992708563804626,""public_coverage"":0.4780956208705902}",0.2656562328338623,none; fixed final iterate,0.027312474325299263,1.0,0.027312474325299263,1.0,0.1,0.0,0.0,0.38809611089527607
E_rho0p1,2,C,80,5880,10920,0.3585711121559143,0.33168062567710876,"{""income_binary"":0.26563119888305664,""civilian_at_work"":0.27613431215286255,""public_coverage"":0.4532763361930847}",0.2689049541950226,"{""SEX"":0.5981777310371399,""RAC1P"":1.1357625722885132}",0.8699682950973511,0.38890278339385986,0.36282041668891907,"{""income_binary"":0.3116160035133362,""civilian_at_work"":0.30039849877357483,""public_coverage"":0.4764467775821686}",0.26082363724708557,none; fixed final iterate,0.02816292643547058,1.0,0.02816292643547058,1.0,0.1,0.0,0.0,0.3867340385913849
E_rho0p1,2,D,0,2520,840,0.39505666494369507,0.3549933135509491,"{""income_binary"":0.2908301055431366,""civilian_at_work"":0.2971770763397217,""public_coverage"":0.47697269916534424}",0.40063345432281494,"{""SEX"":0.6381626129150391,""RAC1P"":1.2045012712478638}",0.925351083278656,0.4113163948059082,0.37267816066741943,"{""income_binary"":0.3269213140010834,""civilian_at_work"":0.3076924979686737,""public_coverage"":0.48342064023017883}",0.3863823413848877,none; fixed final iterate,0.03838014602661133,1.0,0.03838014602661133,1.0,0.1,-0.1,-0.0925351083278656,0.3409017026424408
E_rho0p1,2,D,5,2730,1470,0.39336153864860535,0.3540283441543579,"{""income_binary"":0.28946349024772644,""civilian_at_work"":0.29622432589530945,""public_coverage"":0.47639718651771545}",0.393331915140152,"{""SEX"":0.6388832926750183,""RAC1P"":1.1916531324386597}",0.9209153652191162,0.4109196662902832,0.37299641966819763,"{""income_binary"":0.3252421021461487,""civilian_at_work"":0.3092901408672333,""public_coverage"":0.4844570755958557}",0.37923258543014526,none; fixed final iterate,0.03589195758104324,1.0,0.03589195758104324,1.0,0.1,-0.1,-0.09209153652191163,0.337161959707737
E_rho0p1,2,D,10,2940,2100,0.39009231328964233,0.35203126072883606,"{""income_binary"":0.2897050082683563,""civilian_at_work"":0.2934706509113312,""public_coverage"":0.47291818261146545}",0.3806104063987732,"{""SEX"":0.6352764368057251,""RAC1P"":1.18646240234375}",0.916309118270874,0.408684641122818,0.3720051348209381,"{""income_binary"":0.3263094425201416,""civilian_at_work"":0.30756810307502747,""public_coverage"":0.4821379482746124}",0.36679506301879883,none; fixed final iterate,0.03390815109014511,1.0,0.03390815109014511,1.0,0.1,-0.1,-0.09163091182708741,0.33236955255270006
E_rho0p1,2,D,15,3150,2730,0.38614529371261597,0.34904220700263977,"{""income_binary"":0.2839116156101227,""civilian_at_work"":0.29214635491371155,""public_coverage"":0.47106871008872986}",0.3710307478904724,"{""SEX"":0.6298518776893616,""RAC1P"":1.1796730756759644}",0.9097738862037659,0.40483540296554565,0.36903712153434753,"{""income_binary"":0.320822536945343,""civilian_at_work"":0.30576759576797485,""public_coverage"":0.48052120208740234}",0.35798293352127075,none; fixed final iterate,0.033629514276981354,1.0,0.033629514276981354,1.0,0.1,-0.1,-0.09097738862037659,0.32879741936922074
E_rho0p1,2,D,20,3360,3360,0.38317787647247314,0.34735849499702454,"{""income_binary"":0.28235897421836853,""civilian_at_work"":0.28984910249710083,""public_coverage"":0.46986743807792664}",0.35819366574287415,"{""SEX"":0.6241369843482971,""RAC1P"":1.1775355339050293}",0.904823362827301,0.4028618633747101,0.36831775307655334,"{""income_binary"":0.31949490308761597,""civilian_at_work"":0.3045428395271301,""public_coverage"":0.48091548681259155}",0.345441073179245,none; fixed final iterate,0.03279932960867882,1.0,0.03279932960867882,1.0,0.1,-0.1,-0.09048233628273011,0.32549486979842185
E_rho0p1,2,D,25,3570,3990,0.37941938638687134,0.3443617522716522,"{""income_binary"":0.2806663513183594,""civilian_at_work"":0.2840418517589569,""public_coverage"":0.4683769941329956}",0.35057637095451355,"{""SEX"":0.6221648454666138,""RAC1P"":1.168949842453003}",0.9000877737998962,0.40045663714408875,0.3666572570800781,"{""income_binary"":0.3182803988456726,""civilian_at_work"":0.3002949357032776,""public_coverage"":0.48139646649360657}",0.33799371123313904,none; fixed final iterate,0.03295733407139778,1.0,0.03295733407139778,1.0,0.1,-0.1,-0.09000877737998964,0.3223679430782795
E_rho0p1,2,D,30,3780,4620,0.3774307668209076,0.3432135283946991,"{""income_binary"":0.2771947681903839,""civilian_at_work"":0.28594672679901123,""public_coverage"":0.46649906039237976}",0.3421723246574402,"{""SEX"":0.6194383502006531,""RAC1P"":1.162650227546692}",0.8956893682479858,0.3992370367050171,0.36623868346214294,"{""income_binary"":0.3149142861366272,""civilian_at_work"":0.30399030447006226,""public_coverage"":0.47981148958206177}",0.3299834132194519,none; fixed final iterate,0.03191256895661354,1.0,0.03191256895661354,1.0,0.1,-0.1,-0.08956893682479859,0.3197743989527225
E_rho0p1,2,D,35,3990,5250,0.37504512071609497,0.3416774272918701,"{""income_binary"":0.2763233780860901,""civilian_at_work"":0.2845767140388489,""public_coverage"":0.4641322195529938}",0.3336769640445709,"{""SEX"":0.6184635162353516,""RAC1P"":1.1632956266403198}",0.8952344655990601,0.39799851179122925,0.36576762795448303,"{""income_binary"":0.3164374828338623,""civilian_at_work"":0.30266904830932617,""public_coverage"":0.4781964123249054}",0.32230886816978455,none; fixed final iterate,0.03131993114948273,1.0,0.03131993114948273,1.0,0.1,-0.1,-0.08952344655990602,0.3168416053056717
E_rho0p1,2,D,40,4200,5880,0.37300652265548706,0.3406308889389038,"{""income_binary"":0.2742530107498169,""civilian_at_work"":0.2837696075439453,""public_coverage"":0.4638700485229492}",0.32375648617744446,"{""SEX"":0.6133031845092773,""RAC1P"":1.1645909547805786}",0.8920085430145264,0.3957061171531677,0.36445745825767517,"{""income_binary"":0.3131413161754608,""civilian_at_work"":0.30045831203460693,""public_coverage"":0.479772686958313}",0.31248652935028076,none; fixed final iterate,0.030411701649427414,1.0,0.030411701649427414,1.0,0.1,-0.1,-0.08920085430145264,0.31421737000346184
E_rho0p1,2,D,45,4410,6510,0.3702477812767029,0.3386698067188263,"{""income_binary"":0.273878276348114,""civilian_at_work"":0.2797820568084717,""public_coverage"":0.4623490869998932}",0.3157796263694763,"{""SEX"":0.6108623147010803,""RAC1P"":1.1599366664886475}",0.8884509801864624,0.3944914638996124,0.3640230894088745,"{""income_binary"":0.31444111466407776,""civilian_at_work"":0.2990201711654663,""public_coverage"":0.47860804200172424}",0.3046838641166687,none; fixed final iterate,0.02984180860221386,1.0,0.02984180860221386,1.0,0.1,-0.1,-0.08884509801864625,0.3112444918602705
E_rho0p1,2,D,50,4620,7140,0.36757782101631165,0.33690544962882996,"{""income_binary"":0.2711660861968994,""civilian_at_work"":0.27894631028175354,""public_coverage"":0.4606039822101593}",0.30672383308410645,"{""SEX"":0.6118900775909424,""RAC1P"":1.1524326801300049}",0.8862984776496887,0.39158761501312256,0.3621678054332733,"{""income_binary"":0.3126364052295685,""civilian_at_work"":0.2968001067638397,""public_coverage"":0.47706687450408936}",0.29419809579849243,none; fixed final iterate,0.030271688476204872,1.0,0.030271688476204872,1.0,0.1,-0.1,-0.08862984776496888,0.30921966172754767
E_rho0p1,2,D,55,4830,7770,0.36682775616645813,0.3366989195346832,"{""income_binary"":0.2716914415359497,""civilian_at_work"":0.27727824449539185,""public_coverage"":0.4611271619796753}",0.30128830671310425,"{""SEX"":0.6079246997833252,""RAC1P"":1.149564504623413}",0.8823292255401611,0.3924751281738281,0.3635229766368866,"{""income_binary"":0.3126670718193054,""civilian_at_work"":0.29842284321784973,""public_coverage"":0.47947898507118225}",0.28952163457870483,none; fixed final iterate,0.029553892090916634,1.0,0.029553892090916634,1.0,0.1,-0.1,-0.08823292255401612,0.30814872570335866
E_rho0p1,2,D,60,5040,8400,0.36528587341308594,0.33584490418434143,"{""income_binary"":0.2699134349822998,""civilian_at_work"":0.27827224135398865,""public_coverage"":0.45934903621673584}",0.29440954327583313,"{""SEX"":0.6056849360466003,""RAC1P"":1.1460357904434204}",0.879351019859314,0.390849769115448,0.3624982535839081,"{""income_binary"":0.3108883500099182,""civilian_at_work"":0.2978597581386566,""public_coverage"":0.4787466824054718}",0.283515065908432,none; fixed final iterate,0.0284055657684803,1.0,0.0284055657684803,1.0,0.1,-0.1,-0.08793510198593141,0.30575633719563483
E_rho0p1,2,D,65,5250,9030,0.36328139901161194,0.3346754312515259,"{""income_binary"":0.268744558095932,""civilian_at_work"":0.2778812646865845,""public_coverage"":0.45740047097206116}",0.286059707403183,"{""SEX"":0.6107813715934753,""RAC1P"":1.145146131515503}",0.8826873302459717,0.3908294141292572,0.36332929134368896,"{""income_binary"":0.311134397983551,""civilian_at_work"":0.2990266680717468,""public_coverage"":0.47982680797576904}",0.27500128746032715,none; fixed final iterate,0.027910074219107628,1.0,0.027910074219107628,1.0,0.1,-0.1,-0.08826873302459717,0.3029227402061224
E_rho0p1,2,D,70,5460,9660,0.36240318417549133,0.3340916931629181,"{""income_binary"":0.26814863085746765,""civilian_at_work"":0.2770780622959137,""public_coverage"":0.4570483863353729}",0.283115029335022,"{""SEX"":0.600650429725647,""RAC1P"":1.1450814008712769}",0.8753481507301331,0.3917231261730194,0.36437535285949707,"{""income_binary"":0.3124258816242218,""civilian_at_work"":0.2989664077758789,""public_coverage"":0.4817338287830353}",0.27347785234451294,none; fixed final iterate,0.027803752571344376,1.0,0.027803752571344376,1.0,0.1,-0.1,-0.0875348150730133,0.3026721216738224
E_rho0p1,2,D,75,5670,10290,0.36147886514663696,0.33375871181488037,"{""income_binary"":0.2673935294151306,""civilian_at_work"":0.27798405289649963,""public_coverage"":0.45589855313301086}",0.2772015929222107,"{""SEX"":0.5984551310539246,""RAC1P"":1.1410067081451416}",0.8721914291381836,0.39079588651657104,0.364105224609375,"{""income_binary"":0.3133998513221741,""civilian_at_work"":0.3001725673675537,""public_coverage"":0.4787432551383972}",0.2669067680835724,none; fixed final iterate,0.027259787544608116,1.0,0.027259787544608116,1.0,0.1,-0.1,-0.08721914291381837,0.3015195097774267
E_rho0p1,2,D,80,5880,10920,0.35911762714385986,0.3318289518356323,"{""income_binary"":0.2661946713924408,""civilian_at_work"":0.2757149040699005,""public_coverage"":0.45357728004455566}",0.2728866934776306,"{""SEX"":0.6024442911148071,""RAC1P"":1.1363064050674438}",0.8732584714889526,0.3894214630126953,0.3630869686603546,"{""income_binary"":0.31182780861854553,""civilian_at_work"":0.3000774085521698,""public_coverage"":0.4773556888103485}",0.26334482431411743,none; fixed final iterate,0.028288356959819794,1.0,0.028288356959819794,1.0,0.1,-0.1,-0.08732584714889527,0.3000801369547844
E_rho0p1,2,warm_base,0,0,0,0.8149184584617615,0.7130289077758789,"{""income_binary"":0.71417236328125,""civilian_at_work"":0.7128317356109619,""public_coverage"":0.7120826840400696}",1.0188953876495361,,,0.8128551840782166,0.7131239771842957,"{""income_binary"":0.7137216925621033,""civilian_at_work"":0.7125829458236694,""public_coverage"":0.7130672335624695}",0.9973122477531433,none; fixed final iterate,0.5000000596046448,1.0,0.5000000596046448,1.0,0.1,0.0,0.0,1.3149185180664062
E_rho0p1,2,warm_base,5,210,0,0.6533038020133972,0.5821681022644043,"{""income_binary"":0.5746781826019287,""civilian_at_work"":0.5635316967964172,""public_coverage"":0.6082945466041565}",0.7113571763038635,,,0.6541693210601807,0.5847988128662109,"{""income_binary"":0.5837418437004089,""civilian_at_work"":0.5610598921775818,""public_coverage"":0.6095946431159973}",0.6937052011489868,none; fixed final iterate,0.039935335516929626,1.0,0.039935335516929626,1.0,0.1,0.0,0.0,0.6932391375303268
E_rho0p1,2,warm_base,10,420,0,0.560884416103363,0.49829497933387756,"{""income_binary"":0.48885443806648254,""civilian_at_work"":0.4487263560295105,""public_coverage"":0.5573040843009949}",0.6258946061134338,,,0.5638613104820251,0.5028954148292542,"{""income_binary"":0.5037522315979004,""civilian_at_work"":0.4469548165798187,""public_coverage"":0.5579792857170105}",0.6096591353416443,none; fixed final iterate,0.05038956180214882,1.0,0.05038956180214882,1.0,0.1,0.0,0.0,0.6112739779055119
E_rho0p1,2,warm_base,15,630,0,0.5063706636428833,0.4500013589859009,"{""income_binary"":0.42327138781547546,""civilian_at_work"":0.3953598737716675,""public_coverage"":0.5313727855682373}",0.5636932253837585,,,0.5111862421035767,0.456330806016922,"{""income_binary"":0.44351327419281006,""civilian_at_work"":0.39460718631744385,""public_coverage"":0.5308719873428345}",0.5485540628433228,none; fixed final iterate,0.053639188408851624,1.0,0.053639188408851624,1.0,0.1,0.0,0.0,0.5600098520517349
E_rho0p1,2,warm_base,20,840,0,0.4751835763454437,0.42273175716400146,"{""income_binary"":0.3829047679901123,""civilian_at_work"":0.36637842655181885,""public_coverage"":0.5189120769500732}",0.5245183110237122,,,0.4819372892379761,0.43098315596580505,"{""income_binary"":0.40647032856941223,""civilian_at_work"":0.3683556616306305,""public_coverage"":0.51812344789505}",0.5095413327217102,none; fixed final iterate,0.05140269175171852,1.0,0.05140269175171852,1.0,0.1,0.0,0.0,0.5265862680971622
E_rho0p1,2,warm_base,25,1050,0,0.4527256488800049,0.40268394351005554,"{""income_binary"":0.3565623164176941,""civilian_at_work"":0.34601128101348877,""public_coverage"":0.5054782032966614}",0.5004169344902039,,,0.46057388186454773,0.41197094321250916,"{""income_binary"":0.38253283500671387,""civilian_at_work"":0.348736971616745,""public_coverage"":0.504642903804779}",0.4860294461250305,none; fixed final iterate,0.05064801499247551,1.0,0.05064801499247551,1.0,0.1,0.0,0.0,0.5033736638724804
E_rho0p1,2,warm_base,30,1260,0,0.4409446716308594,0.39238202571868896,"{""income_binary"":0.34406033158302307,""civilian_at_work"":0.33489900827407837,""public_coverage"":0.49818673729896545}",0.48562631011009216,,,0.4494248926639557,0.40229108929634094,"{""income_binary"":0.37089768052101135,""civilian_at_work"":0.3378666639328003,""public_coverage"":0.49810898303985596}",0.47133803367614746,none; fixed final iterate,0.04580512270331383,1.0,0.04580512270331383,1.0,0.1,0.0,0.0,0.4867497943341732
E_rho0p1,2,warm_base,35,1470,0,0.42862218618392944,0.38152647018432617,"{""income_binary"":0.3271384835243225,""civilian_at_work"":0.32241198420524597,""public_coverage"":0.49502894282341003}",0.4709570109844208,,,0.4394972324371338,0.39383864402770996,"{""income_binary"":0.35742658376693726,""civilian_at_work"":0.3278169631958008,""public_coverage"":0.4962724447250366}",0.45658600330352783,none; fixed final iterate,0.04508879780769348,1.0,0.04508879780769348,1.0,0.1,0.0,0.0,0.4737109839916229
E_rho0p1,2,warm_base,40,1680,0,0.4197912812232971,0.3743631839752197,"{""income_binary"":0.3175755739212036,""civilian_at_work"":0.3174944221973419,""public_coverage"":0.48801955580711365}",0.45428112149238586,,,0.43130943179130554,0.3873571455478668,"{""income_binary"":0.3479132056236267,""civilian_at_work"":0.3240751624107361,""public_coverage"":0.49008315801620483}",0.43952295184135437,none; fixed final iterate,0.043108001351356506,1.0,0.043108001351356506,1.0,0.1,0.0,0.0,0.4628992825746536
E_rho0p1,2,warm_base,45,1890,0,0.41504672169685364,0.37106752395629883,"{""income_binary"":0.3110041916370392,""civilian_at_work"":0.3168075680732727,""public_coverage"":0.4853908121585846}",0.43979188799858093,,,0.42752718925476074,0.3850017488002777,"{""income_binary"":0.3418983817100525,""civilian_at_work"":0.3245934545993805,""public_coverage"":0.48851338028907776}",0.42525437474250793,none; fixed final iterate,0.03911277651786804,1.0,0.03911277651786804,1.0,0.1,0.0,0.0,0.4541594982147217
E_rho0p1,2,warm_base,50,2100,0,0.40728455781936646,0.36479687690734863,"{""income_binary"":0.3044196367263794,""civilian_at_work"":0.307740718126297,""public_coverage"":0.4822302460670471}",0.42487677931785583,,,0.42053210735321045,0.3794722557067871,"{""income_binary"":0.3360126316547394,""civilian_at_work"":0.316058874130249,""public_coverage"":0.4863453209400177}",0.41059863567352295,none; fixed final iterate,0.038333285599946976,1.0,0.038333285599946976,1.0,0.1,0.0,0.0,0.44561784341931343
E_rho0p1,2,warm_base,55,2310,0,0.4015637934207916,0.3603096306324005,"{""income_binary"":0.2968069612979889,""civilian_at_work"":0.3053784668445587,""public_coverage"":0.47874346375465393}",0.41254162788391113,,,0.41650882363319397,0.37673065066337585,"{""income_binary"":0.3308989107608795,""civilian_at_work"":0.3150363564491272,""public_coverage"":0.48425665497779846}",0.3977816104888916,none; fixed final iterate,0.03779471293091774,1.0,0.03779471293091774,1.0,0.1,0.0,0.0,0.43935850635170937
E_rho0p1,2,warm_base,60,2520,0,0.39505666494369507,0.3549933135509491,"{""income_binary"":0.2908301055431366,""civilian_at_work"":0.2971770763397217,""public_coverage"":0.47697269916534424}",0.40063345432281494,,,0.4113163948059082,0.37267816066741943,"{""income_binary"":0.3269213140010834,""civilian_at_work"":0.3076924979686737,""public_coverage"":0.48342064023017883}",0.3863823413848877,none; fixed final iterate,0.03838014602661133,1.0,0.03838014602661133,1.0,0.1,0.0,0.0,0.4334368109703064
E_rho0p1,2,warm_adversary,0,2520,0,0.39505666494369507,0.3549933135509491,"{""income_binary"":0.2908301055431366,""civilian_at_work"":0.2971770763397217,""public_coverage"":0.47697269916534424}",0.40063345432281494,"{""SEX"":0.6942399144172668,""RAC1P"":2.2535712718963623}",1.3704984188079834,0.4113163948059082,0.37267816066741943,"{""income_binary"":0.3269213140010834,""civilian_at_work"":0.3076924979686737,""public_coverage"":0.48342064023017883}",0.3863823413848877,none; fixed final iterate,0.03838014602661133,0.0,0.0,1.0,0.1,0.0,0.0,0.39505666494369507
E_rho0p1,2,warm_adversary,5,2520,210,0.39505666494369507,0.3549933135509491,"{""income_binary"":0.2908301055431366,""civilian_at_work"":0.2971770763397217,""public_coverage"":0.47697269916534424}",0.40063345432281494,"{""SEX"":0.6630792021751404,""RAC1P"":1.2787214517593384}",0.9719693064689636,0.4113163948059082,0.37267816066741943,"{""income_binary"":0.3269213140010834,""civilian_at_work"":0.3076924979686737,""public_coverage"":0.48342064023017883}",0.3863823413848877,none; fixed final iterate,0.03838014602661133,0.0,0.0,1.0,0.1,0.0,0.0,0.39505666494369507
E_rho0p1,2,warm_adversary,10,2520,420,0.39505666494369507,0.3549933135509491,"{""income_binary"":0.2908301055431366,""civilian_at_work"":0.2971770763397217,""public_coverage"":0.47697269916534424}",0.40063345432281494,"{""SEX"":0.6488507390022278,""RAC1P"":1.2450155019760132}",0.9486953020095825,0.4113163948059082,0.37267816066741943,"{""income_binary"":0.3269213140010834,""civilian_at_work"":0.3076924979686737,""public_coverage"":0.48342064023017883}",0.3863823413848877,none; fixed final iterate,0.03838014602661133,0.0,0.0,1.0,0.1,0.0,0.0,0.39505666494369507
E_rho0p1,2,warm_adversary,15,2520,630,0.39505666494369507,0.3549933135509491,"{""income_binary"":0.2908301055431366,""civilian_at_work"":0.2971770763397217,""public_coverage"":0.47697269916534424}",0.40063345432281494,"{""SEX"":0.6437663435935974,""RAC1P"":1.21556556224823}",0.9336646795272827,0.4113163948059082,0.37267816066741943,"{""income_binary"":0.3269213140010834,""civilian_at_work"":0.3076924979686737,""public_coverage"":0.48342064023017883}",0.3863823413848877,none; fixed final iterate,0.03838014602661133,0.0,0.0,1.0,0.1,0.0,0.0,0.39505666494369507
E_rho0p1,2,warm_adversary,20,2520,840,0.39505666494369507,0.3549933135509491,"{""income_binary"":0.2908301055431366,""civilian_at_work"":0.2971770763397217,""public_coverage"":0.47697269916534424}",0.40063345432281494,"{""SEX"":0.6381626129150391,""RAC1P"":1.2045012712478638}",0.925351083278656,0.4113163948059082,0.37267816066741943,"{""income_binary"":0.3269213140010834,""civilian_at_work"":0.3076924979686737,""public_coverage"":0.48342064023017883}",0.3863823413848877,none; fixed final iterate,0.03838014602661133,0.0,0.0,1.0,0.1,0.0,0.0,0.39505666494369507
E_rho0,0,C,0,2520,840,0.3544340133666992,0.3544340133666992,"{""income_binary"":0.2968732714653015,""civilian_at_work"":0.2896018326282501,""public_coverage"":0.47682687640190125}",1.0258713960647583,"{""SEX"":0.6562029719352722,""RAC1P"":1.2129491567611694}",0.9416628479957581,0.3663230836391449,0.3663230836391449,"{""income_binary"":0.31009793281555176,""civilian_at_work"":0.3039788603782654,""public_coverage"":0.48489248752593994}",1.0240321159362793,none; fixed final iterate,0.0342562310397625,1.0,0.0342562310397625,1.0,0.0,0.0,0.0,0.3886902444064617
E_rho0,0,C,5,2730,1470,0.3539850413799286,0.3539850413799286,"{""income_binary"":0.2954675555229187,""civilian_at_work"":0.29173988103866577,""public_coverage"":0.4747476875782013}",1.0258519649505615,"{""SEX"":0.6555079221725464,""RAC1P"":1.2043863534927368}",0.9378567934036255,0.36612609028816223,0.36612609028816223,"{""income_binary"":0.30952098965644836,""civilian_at_work"":0.3061698079109192,""public_coverage"":0.48268744349479675}",1.0239986181259155,none; fixed final iterate,0.031196294352412224,1.0,0.031196294352412224,1.0,0.0,0.0,0.0,0.3851813357323408
E_rho0,0,C,10,2940,2100,0.3533935844898224,0.3533935844898224,"{""income_binary"":0.2954350411891937,""civilian_at_work"":0.2909974753856659,""public_coverage"":0.47374826669692993}",1.0255721807479858,"{""SEX"":0.6630558967590332,""RAC1P"":1.1984460353851318}",0.9410116672515869,0.3648662567138672,0.3648662567138672,"{""income_binary"":0.3060714304447174,""civilian_at_work"":0.30507856607437134,""public_coverage"":0.48344874382019043}",1.0237504243850708,none; fixed final iterate,0.03058704361319542,1.0,0.03058704361319542,1.0,0.0,0.0,0.0,0.3839806281030178
E_rho0,0,C,15,3150,2730,0.3471370041370392,0.3471370041370392,"{""income_binary"":0.28774210810661316,""civilian_at_work"":0.2830966114997864,""public_coverage"":0.4705723226070404}",1.0256460905075073,"{""SEX"":0.6442466974258423,""RAC1P"":1.1936404705047607}",0.925582766532898,0.36164477467536926,0.36164477467536926,"{""income_binary"":0.3034968972206116,""civilian_at_work"":0.30169743299484253,""public_coverage"":0.47974005341529846}",1.0238608121871948,none; fixed final iterate,0.03230660408735275,1.0,0.03230660408735275,1.0,0.0,0.0,0.0,0.37944360822439194
E_rho0,0,C,20,3360,3360,0.3445197641849518,0.3445197641849518,"{""income_binary"":0.28561797738075256,""civilian_at_work"":0.2791996896266937,""public_coverage"":0.46874168515205383}",1.025473713874817,"{""SEX"":0.6416026949882507,""RAC1P"":1.184018850326538}",0.9199615120887756,0.3606053292751312,0.3606053292751312,"{""income_binary"":0.30157703161239624,""civilian_at_work"":0.30013367533683777,""public_coverage"":0.48010531067848206}",1.0236526727676392,none; fixed final iterate,0.0323324054479599,1.0,0.0323324054479599,1.0,0.0,0.0,0.0,0.3768521696329117
E_rho0,0,C,25,3570,3990,0.34218278527259827,0.34218278527259827,"{""income_binary"":0.2831764221191406,""civilian_at_work"":0.2787458598613739,""public_coverage"":0.46462610363960266}",1.0253273248672485,"{""SEX"":0.6347333192825317,""RAC1P"":1.1791844367980957}",0.9131382703781128,0.3587864935398102,0.3587864935398102,"{""income_binary"":0.297638475894928,""civilian_at_work"":0.298818439245224,""public_coverage"":0.4799026846885681}",1.0235002040863037,none; fixed final iterate,0.029859039932489395,1.0,0.029859039932489395,1.0,0.0,0.0,0.0,0.37204182520508766
E_rho0,0,C,30,3780,4620,0.34238362312316895,0.34238362312316895,"{""income_binary"":0.2823503613471985,""civilian_at_work"":0.279970645904541,""public_coverage"":0.4648299217224121}",1.0250228643417358,"{""SEX"":0.6310040950775146,""RAC1P"":1.1776454448699951}",0.9098531007766724,0.3609355688095093,0.3609355688095093,"{""income_binary"":0.2999829053878784,""civilian_at_work"":0.3011004328727722,""public_coverage"":0.4817233383655548}",1.0232555866241455,none; fixed final iterate,0.028472572565078735,1.0,0.028472572565078735,1.0,0.0,0.0,0.0,0.3708561956882477
E_rho0,0,C,35,3990,5250,0.34025731682777405,0.34025731682777405,"{""income_binary"":0.2838534116744995,""civilian_at_work"":0.2752159535884857,""public_coverage"":0.4617026448249817}",1.0248674154281616,"{""SEX"":0.6281148195266724,""RAC1P"":1.1750051975250244}",0.9067490100860596,0.35990846157073975,0.35990846157073975,"{""income_binary"":0.3035746216773987,""civilian_at_work"":0.2957111895084381,""public_coverage"":0.48043957352638245}",1.0230913162231445,none; fixed final iterate,0.027326449751853943,1.0,0.027326449751853943,1.0,0.0,0.0,0.0,0.367583766579628
E_rho0,0,C,40,4200,5880,0.33749425411224365,0.33749425411224365,"{""income_binary"":0.27993544936180115,""civilian_at_work"":0.27278727293014526,""public_coverage"":0.45976006984710693}",1.0251414775848389,"{""SEX"":0.6273912191390991,""RAC1P"":1.1637359857559204}",0.9018778800964355,0.3589794337749481,0.3589794337749481,"{""income_binary"":0.29891714453697205,""civilian_at_work"":0.29583290219306946,""public_coverage"":0.48218822479248047}",1.0234215259552002,none; fixed final iterate,0.02670362778007984,1.0,0.02670362778007984,1.0,0.0,0.0,0.0,0.3641978818923235
E_rho0,0,C,45,4410,6510,0.3371710479259491,0.3371710479259491,"{""income_binary"":0.2788340151309967,""civilian_at_work"":0.2725512385368347,""public_coverage"":0.4601278603076935}",1.0250731706619263,"{""SEX"":0.6310692429542542,""RAC1P"":1.1656460762023926}",0.9052693843841553,0.35836052894592285,0.35836052894592285,"{""income_binary"":0.29961642622947693,""civilian_at_work"":0.29477405548095703,""public_coverage"":0.4806911051273346}",1.0233145952224731,none; fixed final iterate,0.028168482705950737,1.0,0.028168482705950737,1.0,0.0,0.0,0.0,0.36533953063189983
E_rho0,0,C,50,4620,7140,0.3344598710536957,0.3344598710536957,"{""income_binary"":0.276538610458374,""civilian_at_work"":0.2704773545265198,""public_coverage"":0.4563635587692261}",1.024908423423767,"{""SEX"":0.6266075372695923,""RAC1P"":1.1691155433654785}",0.9033883810043335,0.35854199528694153,0.35854199528694153,"{""income_binary"":0.2957964837551117,""civilian_at_work"":0.29734286665916443,""public_coverage"":0.48248663544654846}",1.0231812000274658,none; fixed final iterate,0.025740092620253563,1.0,0.025740092620253563,1.0,0.0,0.0,0.0,0.36019996367394924
E_rho0,0,C,55,4830,7770,0.3336477279663086,0.3336477279663086,"{""income_binary"":0.27605050802230835,""civilian_at_work"":0.2697148323059082,""public_coverage"":0.45517784357070923}",1.0247584581375122,"{""SEX"":0.6236850023269653,""RAC1P"":1.1578983068466187}",0.896950364112854,0.3589317798614502,0.3589317798614502,"{""income_binary"":0.2975096106529236,""civilian_at_work"":0.2960769832134247,""public_coverage"":0.4832088351249695}",1.0230402946472168,none; fixed final iterate,0.025961462408304214,1.0,0.025961462408304214,1.0,0.0,0.0,0.0,0.3596091903746128
E_rho0,0,C,60,5040,8400,0.3327603042125702,0.3327603042125702,"{""income_binary"":0.27540963888168335,""civilian_at_work"":0.26885074377059937,""public_coverage"":0.45402055978775024}",1.0248585939407349,"{""SEX"":0.6157116293907166,""RAC1P"":1.1534451246261597}",0.8894774913787842,0.3588303029537201,0.3588303029537201,"{""income_binary"":0.29659807682037354,""civilian_at_work"":0.29648956656455994,""public_coverage"":0.48340314626693726}",1.023102045059204,none; fixed final iterate,0.025034962221980095,1.0,0.025034962221980095,1.0,0.0,0.0,0.0,0.3577952664345503
E_rho0,0,C,65,5250,9030,0.33187252283096313,0.33187252283096313,"{""income_binary"":0.2754443287849426,""civilian_at_work"":0.26594462990760803,""public_coverage"":0.45422857999801636}",1.0245774984359741,"{""SEX"":0.6203644871711731,""RAC1P"":1.1661608219146729}",0.897742509841919,0.357634037733078,0.357634037733078,"{""income_binary"":0.2962731719017029,""civilian_at_work"":0.29322800040245056,""public_coverage"":0.48340097069740295}",1.0228848457336426,none; fixed final iterate,0.02439841628074646,1.0,0.02439841628074646,1.0,0.0,0.0,0.0,0.3562709391117096
E_rho0,0,C,70,5460,9660,0.32904818654060364,0.32904818654060364,"{""income_binary"":0.2724170386791229,""civilian_at_work"":0.26459720730781555,""public_coverage"":0.45013028383255005}",1.0246970653533936,"{""SEX"":0.6128911972045898,""RAC1P"":1.1473702192306519}",0.8850976824760437,0.3559354543685913,0.3559354543685913,"{""income_binary"":0.2959789037704468,""civilian_at_work"":0.29326656460762024,""public_coverage"":0.4785609245300293}",1.0229772329330444,none; fixed final iterate,0.02457270212471485,1.0,0.02457270212471485,1.0,0.0,0.0,0.0,0.3536208886653185
E_rho0,0,C,75,5670,10290,0.3274773359298706,0.3274773359298706,"{""income_binary"":0.2710157036781311,""civilian_at_work"":0.2631072998046875,""public_coverage"":0.4483089745044708}",1.0244725942611694,"{""SEX"":0.612332284450531,""RAC1P"":1.1486262083053589}",0.8851790428161621,0.3548623323440552,0.3548623323440552,"{""income_binary"":0.295128732919693,""civilian_at_work"":0.2923107445240021,""public_coverage"":0.47714748978614807}",1.0227428674697876,none; fixed final iterate,0.024489959701895714,1.0,0.024489959701895714,1.0,0.0,0.0,0.0,0.3519672956317663
E_rho0,0,C,80,5880,10920,0.328249990940094,0.328249990940094,"{""income_binary"":0.27095234394073486,""civilian_at_work"":0.26562732458114624,""public_coverage"":0.4481703042984009}",1.0246866941452026,"{""SEX"":0.6144111156463623,""RAC1P"":1.1466516256332397}",0.8859173059463501,0.3579360544681549,0.3579360544681549,"{""income_binary"":0.29547345638275146,""civilian_at_work"":0.29612255096435547,""public_coverage"":0.4822121560573578}",1.022992730140686,none; fixed final iterate,0.024437090381979942,1.0,0.024437090381979942,1.0,0.0,0.0,0.0,0.35268708132207394
E_rho0,0,D,0,2520,840,0.3544340133666992,0.3544340133666992,"{""income_binary"":0.2968732714653015,""civilian_at_work"":0.2896018326282501,""public_coverage"":0.47682687640190125}",1.0258713960647583,"{""SEX"":0.6562029719352722,""RAC1P"":1.2129491567611694}",0.9416628479957581,0.3663230836391449,0.3663230836391449,"{""income_binary"":0.31009793281555176,""civilian_at_work"":0.3039788603782654,""public_coverage"":0.48489248752593994}",1.0240321159362793,none; fixed final iterate,0.0342562310397625,1.0,0.0342562310397625,1.0,0.0,-0.1,-0.09416628479957581,0.29452395960688593
E_rho0,0,D,5,2730,1470,0.3542442321777344,0.3542442321777344,"{""income_binary"":0.29550057649612427,""civilian_at_work"":0.29216811060905457,""public_coverage"":0.47506406903266907}",1.0257463455200195,"{""SEX"":0.6592141389846802,""RAC1P"":1.2088568210601807}",0.9422566890716553,0.3662095367908478,0.3662095367908478,"{""income_binary"":0.30933696031570435,""civilian_at_work"":0.30640143156051636,""public_coverage"":0.4828902781009674}",1.0238968133926392,none; fixed final iterate,0.03123338147997856,1.0,0.03123338147997856,1.0,0.0,-0.1,-0.09422566890716554,0.2912519447505474
E_rho0,0,D,10,2940,2100,0.3534787595272064,0.3534787595272064,"{""income_binary"":0.29578152298927307,""civilian_at_work"":0.29088151454925537,""public_coverage"":0.4737733006477356}",1.025434970855713,"{""SEX"":0.6640725135803223,""RAC1P"":1.2030194997787476}",0.9435102939605713,0.3648662567138672,0.3648662567138672,"{""income_binary"":0.30631962418556213,""civilian_at_work"":0.3049526810646057,""public_coverage"":0.48332643508911133}",1.023608684539795,none; fixed final iterate,0.030593013390898705,1.0,0.030593013390898705,1.0,0.0,-0.1,-0.09435102939605713,0.289720743522048
E_rho0,0,D,15,3150,2730,0.34745097160339355,0.34745097160339355,"{""income_binary"":0.28799620270729065,""civilian_at_work"":0.28309693932533264,""public_coverage"":0.47125983238220215}",1.0255450010299683,"{""SEX"":0.6482042670249939,""RAC1P"":1.1986116170883179}",0.9303572773933411,0.36177173256874084,0.36177173256874084,"{""income_binary"":0.3034880757331848,""civilian_at_work"":0.30179542303085327,""public_coverage"":0.4800317883491516}",1.0237547159194946,none; fixed final iterate,0.03242870420217514,1.0,0.03242870420217514,1.0,0.0,-0.1,-0.0930357277393341,0.2868439480662346
E_rho0,0,D,20,3360,3360,0.3450750410556793,0.3450750410556793,"{""income_binary"":0.2861466109752655,""civilian_at_work"":0.27977773547172546,""public_coverage"":0.4693008065223694}",1.025381088256836,"{""SEX"":0.6476343870162964,""RAC1P"":1.1888267993927002}",0.9261699914932251,0.36085978150367737,0.36085978150367737,"{""income_binary"":0.3021342158317566,""civilian_at_work"":0.30039703845977783,""public_coverage"":0.4800480902194977}",1.0235657691955566,none; fixed final iterate,0.03230343014001846,1.0,0.03230343014001846,1.0,0.0,-0.1,-0.09261699914932252,0.28476147204637525
E_rho0,0,D,25,3570,3990,0.34247836470603943,0.34247836470603943,"{""income_binary"":0.283326119184494,""civilian_at_work"":0.2791488766670227,""public_coverage"":0.4649600386619568}",1.0252220630645752,"{""SEX"":0.6414521336555481,""RAC1P"":1.1834309101104736}",0.9196259379386902,0.3587656021118164,0.3587656021118164,"{""income_binary"":0.29791882634162903,""civilian_at_work"":0.29881155490875244,""public_coverage"":0.4795665144920349}",1.0234054327011108,none; fixed final iterate,0.030020181089639664,1.0,0.030020181089639664,1.0,0.0,-0.1,-0.09196259379386902,0.2805359520018101
E_rho0,0,D,30,3780,4620,0.34280797839164734,0.34280797839164734,"{""income_binary"":0.2825661599636078,""civilian_at_work"":0.2804940640926361,""public_coverage"":0.4653637111186981}",1.0249358415603638,"{""SEX"":0.6377753615379333,""RAC1P"":1.1805415153503418}",0.9158574342727661,0.3609731197357178,0.3609731197357178,"{""income_binary"":0.29995691776275635,""civilian_at_work"":0.3015788495540619,""public_coverage"":0.4813835322856903}",1.0231659412384033,none; fixed final iterate,0.028667159378528595,1.0,0.028667159378528595,1.0,0.0,-0.1,-0.09158574342727661,0.27988939434289933
E_rho0,0,D,35,3990,5250,0.340896338224411,0.340896338224411,"{""income_binary"":0.28425469994544983,""civilian_at_work"":0.27600449323654175,""public_coverage"":0.46242979168891907}",1.0247405767440796,"{""SEX"":0.6345646381378174,""RAC1P"":1.1786844730377197}",0.9128236770629883,0.36012616753578186,0.36012616753578186,"{""income_binary"":0.30378496646881104,""civilian_at_work"":0.2965279817581177,""public_coverage"":0.48006564378738403}",1.0229837894439697,none; fixed final iterate,0.027397943660616875,1.0,0.027397943660616875,1.0,0.0,-0.1,-0.09128236770629883,0.27701191417872906
E_rho0,0,D,40,4200,5880,0.3378334939479828,0.3378334939479828,"{""income_binary"":0.28046032786369324,""civilian_at_work"":0.27277180552482605,""public_coverage"":0.4602683484554291}",1.0249617099761963,"{""SEX"":0.6335238814353943,""RAC1P"":1.1664042472839355}",0.907333493232727,0.3587653636932373,0.3587653636932373,"{""income_binary"":0.2989603281021118,""civilian_at_work"":0.2959556579589844,""public_coverage"":0.4813801348209381}",1.023248314857483,none; fixed final iterate,0.026791729032993317,1.0,0.026791729032993317,1.0,0.0,-0.1,-0.0907333493232727,0.2738918736577034
E_rho0,0,D,45,4410,6510,0.3374992311000824,0.3374992311000824,"{""income_binary"":0.2793615460395813,""civilian_at_work"":0.2729512155056,""public_coverage"":0.4601849317550659}",1.0249508619308472,"{""SEX"":0.6381471157073975,""RAC1P"":1.1661155223846436}",0.9105585813522339,0.35808753967285156,0.35808753967285156,"{""income_binary"":0.29976052045822144,""civilian_at_work"":0.29532676935195923,""public_coverage"":0.4791753888130188}",1.0232213735580444,none; fixed final iterate,0.028108863160014153,1.0,0.028108863160014153,1.0,0.0,-0.1,-0.09105585813522339,0.2745522361248732
E_rho0,0,D,50,4620,7140,0.3347925841808319,0.3347925841808319,"{""income_binary"":0.2768842875957489,""civilian_at_work"":0.2708888649940491,""public_coverage"":0.45660459995269775}",1.0247758626937866,"{""SEX"":0.630649983882904,""RAC1P"":1.1710000038146973}",0.9070329666137695,0.35845986008644104,0.35845986008644104,"{""income_binary"":0.2959441542625427,""civilian_at_work"":0.29763683676719666,""public_coverage"":0.4817987084388733}",1.0230833292007446,none; fixed final iterate,0.02597207948565483,1.0,0.02597207948565483,1.0,0.0,-0.1,-0.09070329666137696,0.2700613670051098
E_rho0,0,D,55,4830,7770,0.33399322628974915,0.33399322628974915,"{""income_binary"":0.27672603726387024,""civilian_at_work"":0.27004483342170715,""public_coverage"":0.45520880818367004}",1.0245771408081055,"{""SEX"":0.6265925765037537,""RAC1P"":1.1611804962158203}",0.9003152847290039,0.35882458090782166,0.35882458090782166,"{""income_binary"":0.29810428619384766,""civilian_at_work"":0.29635530710220337,""public_coverage"":0.48201411962509155}",1.0229027271270752,none; fixed final iterate,0.02601802535355091,1.0,0.02601802535355091,1.0,0.0,-0.1,-0.0900315284729004,0.26997972317039964
E_rho0,0,D,60,5040,8400,0.33318281173706055,0.33318281173706055,"{""income_binary"":0.2756606936454773,""civilian_at_work"":0.26994431018829346,""public_coverage"":0.4539434611797333}",1.0247876644134521,"{""SEX"":0.622772216796875,""RAC1P"":1.1559791564941406}",0.8955509662628174,0.3587883412837982,0.3587883412837982,"{""income_binary"":0.2964130640029907,""civilian_at_work"":0.2977788746356964,""public_coverage"":0.48217305541038513}",1.0230668783187866,none; fixed final iterate,0.025307385250926018,1.0,0.025307385250926018,1.0,0.0,-0.1,-0.08955509662628175,0.2689351003617048
E_rho0,0,D,65,5250,9030,0.3326161503791809,0.3326161503791809,"{""income_binary"":0.2760516405105591,""civilian_at_work"":0.26690489053726196,""public_coverage"":0.4548919200897217}",1.0245347023010254,"{""SEX"":0.6270025372505188,""RAC1P"":1.1703808307647705}",0.9041616916656494,0.3581724464893341,0.3581724464893341,"{""income_binary"":0.2970544993877411,""civilian_at_work"":0.2941197454929352,""public_coverage"":0.48334309458732605}",1.0228692293167114,none; fixed final iterate,0.024636533111333847,1.0,0.024636533111333847,1.0,0.0,-0.1,-0.09041616916656495,0.26683651432394984
E_rho0,0,D,70,5460,9660,0.3292233943939209,0.3292233943939209,"{""income_binary"":0.2726726830005646,""civilian_at_work"":0.26469913125038147,""public_coverage"":0.45029836893081665}",1.0246350765228271,"{""SEX"":0.6212800741195679,""RAC1P"":1.1515815258026123}",0.8927770256996155,0.35570183396339417,0.35570183396339417,"{""income_binary"":0.296235054731369,""civilian_at_work"":0.293061763048172,""public_coverage"":0.4778086543083191}",1.022960901260376,none; fixed final iterate,0.02464163675904274,1.0,0.02464163675904274,1.0,0.0,-0.1,-0.08927770256996155,0.2645873285830021
E_rho0,0,D,75,5670,10290,0.3278177082538605,0.3278177082538605,"{""income_binary"":0.2712802588939667,""civilian_at_work"":0.26387447118759155,""public_coverage"":0.4482983946800232}",1.0244452953338623,"{""SEX"":0.6207666397094727,""RAC1P"":1.1519250869750977}",0.8925390243530273,0.3547801971435547,0.3547801971435547,"{""income_binary"":0.29550468921661377,""civilian_at_work"":0.29287189245224,""public_coverage"":0.4759640097618103}",1.0227481126785278,none; fixed final iterate,0.024878136813640594,1.0,0.024878136813640594,1.0,0.0,-0.1,-0.08925390243530273,0.26344194263219833
E_rho0,0,D,80,5880,10920,0.32796934247016907,0.32796934247016907,"{""income_binary"":0.2711310088634491,""civilian_at_work"":0.26550525426864624,""public_coverage"":0.44727185368537903}",1.0246154069900513,"{""SEX"":0.6232551336288452,""RAC1P"":1.1517460346221924}",0.89426589012146,0.3568238914012909,0.3568238914012909,"{""income_binary"":0.29537197947502136,""civilian_at_work"":0.29549744725227356,""public_coverage"":0.47960221767425537}",1.0229692459106445,none; fixed final iterate,0.024432698264718056,1.0,0.024432698264718056,1.0,0.0,-0.1,-0.08942658901214601,0.2629754517227411
E_rho0,0,warm_base,0,0,0,0.7027423977851868,0.7027423977851868,"{""income_binary"":0.6993687152862549,""civilian_at_work"":0.6676714420318604,""public_coverage"":0.7411870956420898}",1.031505823135376,,,0.7035148739814758,0.7035148739814758,"{""income_binary"":0.7059230208396912,""civilian_at_work"":0.6681001782417297,""public_coverage"":0.7365214824676514}",1.0278820991516113,none; fixed final iterate,0.5625,1.0,0.5625,1.0,0.0,0.0,0.0,1.2652423977851868
E_rho0,0,warm_base,5,210,0,0.5777720808982849,0.5777720808982849,"{""income_binary"":0.5393399596214294,""civilian_at_work"":0.5525701642036438,""public_coverage"":0.6414061188697815}",1.0280263423919678,,,0.5769059062004089,0.5769059062004089,"{""income_binary"":0.5409502387046814,""civilian_at_work"":0.5510228872299194,""public_coverage"":0.6387447118759155}",1.0263277292251587,none; fixed final iterate,0.04416065663099289,1.0,0.04416065663099289,1.0,0.0,0.0,0.0,0.6219327375292778
E_rho0,0,warm_base,10,420,0,0.4943000376224518,0.4943000376224518,"{""income_binary"":0.449135422706604,""civilian_at_work"":0.4501563012599945,""public_coverage"":0.5836083889007568}",1.028778314590454,,,0.49364742636680603,0.49364742636680603,"{""income_binary"":0.4499410092830658,""civilian_at_work"":0.44943687319755554,""public_coverage"":0.5815643668174744}",1.0271075963974,none; fixed final iterate,0.057332370430231094,1.0,0.057332370430231094,1.0,0.0,0.0,0.0,0.5516324080526829
E_rho0,0,warm_base,15,630,0,0.44856205582618713,0.44856205582618713,"{""income_binary"":0.4055898189544678,""civilian_at_work"":0.38909468054771423,""public_coverage"":0.5510016083717346}",1.028699517250061,,,0.4488009512424469,0.4488009512424469,"{""income_binary"":0.4076690375804901,""civilian_at_work"":0.38937869668006897,""public_coverage"":0.5493550896644592}",1.0269713401794434,none; fixed final iterate,0.05583110824227333,1.0,0.05583110824227333,1.0,0.0,0.0,0.0,0.5043931640684605
E_rho0,0,warm_base,20,840,0,0.4197917878627777,0.4197917878627777,"{""income_binary"":0.37572363018989563,""civilian_at_work"":0.35564184188842773,""public_coverage"":0.5280099511146545}",1.0282069444656372,,,0.4208696782588959,0.4208696782588959,"{""income_binary"":0.37864023447036743,""civilian_at_work"":0.35719728469848633,""public_coverage"":0.5267714858055115}",1.0264344215393066,none; fixed final iterate,0.05365440621972084,1.0,0.05365440621972084,1.0,0.0,0.0,0.0,0.47344619408249855
E_rho0,0,warm_base,25,1050,0,0.40534868836402893,0.40534868836402893,"{""income_binary"":0.3553437292575836,""civilian_at_work"":0.3395269811153412,""public_coverage"":0.5211754441261292}",1.027862310409546,,,0.40811315178871155,0.40811315178871155,"{""income_binary"":0.36040061712265015,""civilian_at_work"":0.3436371088027954,""public_coverage"":0.5203016996383667}",1.0260140895843506,none; fixed final iterate,0.04831511154770851,1.0,0.04831511154770851,1.0,0.0,0.0,0.0,0.45366379991173744
E_rho0,0,warm_base,30,1260,0,0.3911353051662445,0.3911353051662445,"{""income_binary"":0.3429674208164215,""civilian_at_work"":0.3253909945487976,""public_coverage"":0.5050474405288696}",1.0278278589248657,,,0.39581331610679626,0.39581331610679626,"{""income_binary"":0.3506544530391693,""civilian_at_work"":0.3301748037338257,""public_coverage"":0.506610631942749}",1.026004672050476,none; fixed final iterate,0.04561038687825203,1.0,0.04561038687825203,1.0,0.0,0.0,0.0,0.43674569204449654
E_rho0,0,warm_base,35,1470,0,0.3800991475582123,0.3800991475582123,"{""income_binary"":0.3294030427932739,""civilian_at_work"":0.3165905177593231,""public_coverage"":0.4943038821220398}",1.0272116661071777,,,0.3854699432849884,0.3854699432849884,"{""income_binary"":0.33793503046035767,""civilian_at_work"":0.3215576708316803,""public_coverage"":0.49691712856292725}",1.025357961654663,none; fixed final iterate,0.04437944293022156,1.0,0.04437944293022156,1.0,0.0,0.0,0.0,0.42447859048843384
E_rho0,0,warm_base,40,1680,0,0.37188050150871277,0.37188050150871277,"{""income_binary"":0.3182891607284546,""civilian_at_work"":0.3091815710067749,""public_coverage"":0.48817071318626404}",1.0268051624298096,,,0.37865185737609863,0.37865185737609863,"{""income_binary"":0.3270322382450104,""civilian_at_work"":0.3164207637310028,""public_coverage"":0.4925026297569275}",1.02497136592865,none; fixed final iterate,0.0426785834133625,1.0,0.0426785834133625,1.0,0.0,0.0,0.0,0.41455908492207527
E_rho0,0,warm_base,45,1890,0,0.3684524595737457,0.3684524595737457,"{""income_binary"":0.3139222264289856,""civilian_at_work"":0.3044131100177765,""public_coverage"":0.4870221018791199}",1.0266435146331787,,,0.3762369453907013,0.3762369453907013,"{""income_binary"":0.32362011075019836,""civilian_at_work"":0.31403085589408875,""public_coverage"":0.49105992913246155}",1.0248204469680786,none; fixed final iterate,0.03769047185778618,1.0,0.03769047185778618,1.0,0.0,0.0,0.0,0.4061429314315319
E_rho0,0,warm_base,50,2100,0,0.3624609410762787,0.3624609410762787,"{""income_binary"":0.3066949248313904,""civilian_at_work"":0.2982480525970459,""public_coverage"":0.4824397563934326}",1.0264869928359985,,,0.3719199597835541,0.3719199597835541,"{""income_binary"":0.31766489148139954,""civilian_at_work"":0.30922091007232666,""public_coverage"":0.48887404799461365}",1.0246306657791138,none; fixed final iterate,0.03754294663667679,1.0,0.03754294663667679,1.0,0.0,0.0,0.0,0.4000038877129555
E_rho0,0,warm_base,55,2310,0,0.3579953908920288,0.3579953908920288,"{""income_binary"":0.30048710107803345,""civilian_at_work"":0.29420340061187744,""public_coverage"":0.47929564118385315}",1.0265802145004272,,,0.3683706521987915,0.3683706521987915,"{""income_binary"":0.3128514289855957,""civilian_at_work"":0.3070524036884308,""public_coverage"":0.485208123922348}",1.0246952772140503,none; fixed final iterate,0.036058202385902405,1.0,0.036058202385902405,1.0,0.0,0.0,0.0,0.3940535932779312
E_rho0,0,warm_base,60,2520,0,0.3544340133666992,0.3544340133666992,"{""income_binary"":0.2968732714653015,""civilian_at_work"":0.2896018326282501,""public_coverage"":0.47682687640190125}",1.0258713960647583,,,0.3663230836391449,0.3663230836391449,"{""income_binary"":0.31009793281555176,""civilian_at_work"":0.3039788603782654,""public_coverage"":0.48489248752593994}",1.0240321159362793,none; fixed final iterate,0.0342562310397625,1.0,0.0342562310397625,1.0,0.0,0.0,0.0,0.3886902444064617
E_rho0,0,warm_adversary,0,2520,0,0.3544340133666992,0.3544340133666992,"{""income_binary"":0.2968732714653015,""civilian_at_work"":0.2896018326282501,""public_coverage"":0.47682687640190125}",1.0258713960647583,"{""SEX"":0.705291748046875,""RAC1P"":2.2170791625976562}",1.3645930290222168,0.3663230836391449,0.3663230836391449,"{""income_binary"":0.31009793281555176,""civilian_at_work"":0.3039788603782654,""public_coverage"":0.48489248752593994}",1.0240321159362793,none; fixed final iterate,0.0342562310397625,0.0,0.0,1.0,0.0,0.0,0.0,0.3544340133666992
E_rho0,0,warm_adversary,5,2520,210,0.3544340133666992,0.3544340133666992,"{""income_binary"":0.2968732714653015,""civilian_at_work"":0.2896018326282501,""public_coverage"":0.47682687640190125}",1.0258713960647583,"{""SEX"":0.6809287071228027,""RAC1P"":1.2823809385299683}",0.9863015413284302,0.3663230836391449,0.3663230836391449,"{""income_binary"":0.31009793281555176,""civilian_at_work"":0.3039788603782654,""public_coverage"":0.48489248752593994}",1.0240321159362793,none; fixed final iterate,0.0342562310397625,0.0,0.0,1.0,0.0,0.0,0.0,0.3544340133666992
E_rho0,0,warm_adversary,10,2520,420,0.3544340133666992,0.3544340133666992,"{""income_binary"":0.2968732714653015,""civilian_at_work"":0.2896018326282501,""public_coverage"":0.47682687640190125}",1.0258713960647583,"{""SEX"":0.6658198237419128,""RAC1P"":1.2408748865127563}",0.959380030632019,0.3663230836391449,0.3663230836391449,"{""income_binary"":0.31009793281555176,""civilian_at_work"":0.3039788603782654,""public_coverage"":0.48489248752593994}",1.0240321159362793,none; fixed final iterate,0.0342562310397625,0.0,0.0,1.0,0.0,0.0,0.0,0.3544340133666992
E_rho0,0,warm_adversary,15,2520,630,0.3544340133666992,0.3544340133666992,"{""income_binary"":0.2968732714653015,""civilian_at_work"":0.2896018326282501,""public_coverage"":0.47682687640190125}",1.0258713960647583,"{""SEX"":0.6598231196403503,""RAC1P"":1.222334623336792}",0.9478974342346191,0.3663230836391449,0.3663230836391449,"{""income_binary"":0.31009793281555176,""civilian_at_work"":0.3039788603782654,""public_coverage"":0.48489248752593994}",1.0240321159362793,none; fixed final iterate,0.0342562310397625,0.0,0.0,1.0,0.0,0.0,0.0,0.3544340133666992
E_rho0,0,warm_adversary,20,2520,840,0.3544340133666992,0.3544340133666992,"{""income_binary"":0.2968732714653015,""civilian_at_work"":0.2896018326282501,""public_coverage"":0.47682687640190125}",1.0258713960647583,"{""SEX"":0.6562029719352722,""RAC1P"":1.2129491567611694}",0.9416628479957581,0.3663230836391449,0.3663230836391449,"{""income_binary"":0.31009793281555176,""civilian_at_work"":0.3039788603782654,""public_coverage"":0.48489248752593994}",1.0240321159362793,none; fixed final iterate,0.0342562310397625,0.0,0.0,1.0,0.0,0.0,0.0,0.3544340133666992
E_rho0,1,C,0,2460,820,0.3546227514743805,0.3546227514743805,"{""income_binary"":0.2996220588684082,""civilian_at_work"":0.2874121367931366,""public_coverage"":0.4768339991569519}",1.0172594785690308,"{""SEX"":0.6533346772193909,""RAC1P"":1.2109891176223755}",0.9464797377586365,0.373506098985672,0.373506098985672,"{""income_binary"":0.31303295493125916,""civilian_at_work"":0.3295382261276245,""public_coverage"":0.4779471158981323}",1.0075461864471436,none; fixed final iterate,0.03487073630094528,1.0,0.03487073630094528,1.0,0.0,0.0,0.0,0.3894934877753258
E_rho0,1,C,5,2665,1435,0.3533639907836914,0.3533639907836914,"{""income_binary"":0.2976534962654114,""civilian_at_work"":0.2870672345161438,""public_coverage"":0.4753713011741638}",1.0173823833465576,"{""SEX"":0.6499279737472534,""RAC1P"":1.2020355463027954}",0.9405094385147095,0.372580885887146,0.372580885887146,"{""income_binary"":0.31280651688575745,""civilian_at_work"":0.3303219676017761,""public_coverage"":0.4746141731739044}",1.0076621770858765,none; fixed final iterate,0.03253597021102905,1.0,0.03253597021102905,1.0,0.0,0.0,0.0,0.38589996099472046
E_rho0,1,C,10,2870,2050,0.3498234748840332,0.3498234748840332,"{""income_binary"":0.29078346490859985,""civilian_at_work"":0.2834983170032501,""public_coverage"":0.47518864274024963}",1.0177382230758667,"{""SEX"":0.646705150604248,""RAC1P"":1.1910507678985596}",0.9338750839233398,0.3703474700450897,0.3703474700450897,"{""income_binary"":0.3058413565158844,""civilian_at_work"":0.3287394940853119,""public_coverage"":0.4764615595340729}",1.0080344676971436,none; fixed final iterate,0.032880689948797226,1.0,0.032880689948797226,1.0,0.0,0.0,0.0,0.38270416483283043
E_rho0,1,C,15,3075,2665,0.3476143777370453,0.3476143777370453,"{""income_binary"":0.2878997325897217,""civilian_at_work"":0.2846791744232178,""public_coverage"":0.470264196395874}",1.0169912576675415,"{""SEX"":0.6396656036376953,""RAC1P"":1.1814038753509521}",0.9250110387802124,0.3699779808521271,0.3699779808521271,"{""income_binary"":0.3037576377391815,""civilian_at_work"":0.332953542470932,""public_coverage"":0.4732227623462677}",1.0072420835494995,none; fixed final iterate,0.03241141140460968,1.0,0.03241141140460968,1.0,0.0,0.0,0.0,0.38002578914165497
E_rho0,1,C,20,3280,3280,0.34587857127189636,0.34587857127189636,"{""income_binary"":0.2876206636428833,""civilian_at_work"":0.2790340781211853,""public_coverage"":0.4709809720516205}",1.0169612169265747,"{""SEX"":0.6348026394844055,""RAC1P"":1.1789612770080566}",0.920543372631073,0.367971807718277,0.367971807718277,"{""income_binary"":0.3039768636226654,""civilian_at_work"":0.32507410645484924,""public_coverage"":0.4748644232749939}",1.007259488105774,none; fixed final iterate,0.03098064847290516,1.0,0.03098064847290516,1.0,0.0,0.0,0.0,0.3768592197448015
E_rho0,1,C,25,3485,3895,0.344607949256897,0.344607949256897,"{""income_binary"":0.28659552335739136,""civilian_at_work"":0.27986305952072144,""public_coverage"":0.4673652648925781}",1.0173002481460571,"{""SEX"":0.6324653625488281,""RAC1P"":1.1745977401733398}",0.9171451330184937,0.36881223320961,0.36881223320961,"{""income_binary"":0.302966445684433,""civilian_at_work"":0.33010682463645935,""public_coverage"":0.4733634889125824}",1.0076348781585693,none; fixed final iterate,0.028398476541042328,1.0,0.028398476541042328,1.0,0.0,0.0,0.0,0.3730064257979393
E_rho0,1,C,30,3690,4510,0.34216177463531494,0.34216177463531494,"{""income_binary"":0.28353238105773926,""civilian_at_work"":0.2750307619571686,""public_coverage"":0.46792224049568176}",1.0170596837997437,"{""SEX"":0.6296073198318481,""RAC1P"":1.170485496520996}",0.9134695529937744,0.3675104081630707,0.3675104081630707,"{""income_binary"":0.3007703721523285,""civilian_at_work"":0.32587730884552,""public_coverage"":0.47588348388671875}",1.0074108839035034,none; fixed final iterate,0.028308769688010216,1.0,0.028308769688010216,1.0,0.0,0.0,0.0,0.37047054432332516
E_rho0,1,C,35,3895,5125,0.34065142273902893,0.34065142273902893,"{""income_binary"":0.2830282747745514,""civilian_at_work"":0.27249109745025635,""public_coverage"":0.46643492579460144}",1.0172673463821411,"{""SEX"":0.6278402805328369,""RAC1P"":1.1674456596374512}",0.9110020399093628,0.36756595969200134,0.36756595969200134,"{""income_binary"":0.3014150559902191,""civilian_at_work"":0.3255292773246765,""public_coverage"":0.475753515958786}",1.0075844526290894,none; fixed final iterate,0.027744470164179802,1.0,0.027744470164179802,1.0,0.0,0.0,0.0,0.36839589290320873
E_rho0,1,C,40,4100,5740,0.3393944799900055,0.3393944799900055,"{""income_binary"":0.28215980529785156,""civilian_at_work"":0.2711735963821411,""public_coverage"":0.4648500680923462}",1.01686429977417,"{""SEX"":0.6251460313796997,""RAC1P"":1.1632455587387085}",0.9074102640151978,0.3667465150356293,0.3667465150356293,"{""income_binary"":0.3001711070537567,""civilian_at_work"":0.32369503378868103,""public_coverage"":0.4763733148574829}",1.007278323173523,none; fixed final iterate,0.0274128969758749,1.0,0.0274128969758749,1.0,0.0,0.0,0.0,0.3668073769658804
E_rho0,1,C,45,4305,6355,0.3365451991558075,0.3365451991558075,"{""income_binary"":0.2809280455112457,""civilian_at_work"":0.2663938105106354,""public_coverage"":0.4623137414455414}",1.0172520875930786,"{""SEX"":0.622624933719635,""RAC1P"":1.1613532304763794}",0.904848575592041,0.36434540152549744,0.36434540152549744,"{""income_binary"":0.29895275831222534,""civilian_at_work"":0.32163459062576294,""public_coverage"":0.4724488854408264}",1.0076220035552979,none; fixed final iterate,0.0267251655459404,1.0,0.0267251655459404,1.0,0.0,0.0,0.0,0.3632703647017479
E_rho0,1,C,50,4510,6970,0.3371489942073822,0.3371489942073822,"{""income_binary"":0.2809860408306122,""civilian_at_work"":0.2687475085258484,""public_coverage"":0.4617134630680084}",1.0170764923095703,"{""SEX"":0.6168901920318604,""RAC1P"":1.155998945236206}",0.8986097574234009,0.36525821685791016,0.36525821685791016,"{""income_binary"":0.2994573414325714,""civilian_at_work"":0.32316911220550537,""public_coverage"":0.4731482267379761}",1.0073589086532593,none; fixed final iterate,0.02595195546746254,1.0,0.02595195546746254,1.0,0.0,0.0,0.0,0.36310094967484474
E_rho0,1,C,55,4715,7585,0.3355019986629486,0.3355019986629486,"{""income_binary"":0.27918192744255066,""civilian_at_work"":0.26588568091392517,""public_coverage"":0.4614383280277252}",1.0169421434402466,"{""SEX"":0.6173657774925232,""RAC1P"":1.1503782272338867}",0.896748423576355,0.3654254376888275,0.3654254376888275,"{""income_binary"":0.2986131012439728,""civilian_at_work"":0.3231043517589569,""public_coverage"":0.47455883026123047}",1.0072413682937622,none; fixed final iterate,0.0252247154712677,1.0,0.0252247154712677,1.0,0.0,0.0,0.0,0.3607267141342163
E_rho0,1,C,60,4920,8200,0.33492836356163025,0.33492836356163025,"{""income_binary"":0.27849623560905457,""civilian_at_work"":0.2656446099281311,""public_coverage"":0.46064427495002747}",1.0172619819641113,"{""SEX"":0.6139862537384033,""RAC1P"":1.145885944366455}",0.8925474882125854,0.36690381169319153,0.36690381169319153,"{""income_binary"":0.29843389987945557,""civilian_at_work"":0.3266168534755707,""public_coverage"":0.47566065192222595}",1.007591962814331,none; fixed final iterate,0.025000276044011116,1.0,0.025000276044011116,1.0,0.0,0.0,0.0,0.35992863960564137
E_rho0,1,C,65,5125,8815,0.3336467742919922,0.3336467742919922,"{""income_binary"":0.27850839495658875,""civilian_at_work"":0.2647566795349121,""public_coverage"":0.45767518877983093}",1.0169044733047485,"{""SEX"":0.61887127161026,""RAC1P"":1.1409703493118286}",0.894145131111145,0.3654429614543915,0.3654429614543915,"{""income_binary"":0.29842260479927063,""civilian_at_work"":0.32307639718055725,""public_coverage"":0.4748298227787018}",1.0072271823883057,none; fixed final iterate,0.023674376308918,1.0,0.023674376308918,1.0,0.0,0.0,0.0,0.3573211506009102
E_rho0,1,C,70,5330,9430,0.3319559693336487,0.3319559693336487,"{""income_binary"":0.2785222828388214,""civilian_at_work"":0.2609221339225769,""public_coverage"":0.45642346143722534}",1.0170568227767944,"{""SEX"":0.6100320816040039,""RAC1P"":1.1438959836959839}",0.8889132738113403,0.36535894870758057,0.36535894870758057,"{""income_binary"":0.29916152358055115,""civilian_at_work"":0.32270359992980957,""public_coverage"":0.4742116928100586}",1.0073717832565308,none; fixed final iterate,0.02380426786839962,1.0,0.02380426786839962,1.0,0.0,0.0,0.0,0.3557602372020483
E_rho0,1,C,75,5535,10045,0.33100658655166626,0.33100658655166626,"{""income_binary"":0.27545490860939026,""civilian_at_work"":0.26169073581695557,""public_coverage"":0.45587414503097534}",1.0173137187957764,"{""SEX"":0.6114232540130615,""RAC1P"":1.1377509832382202}",0.8875071406364441,0.3658623695373535,0.3658623695373535,"{""income_binary"":0.2972690463066101,""civilian_at_work"":0.32543283700942993,""public_coverage"":0.4748852252960205}",1.007606863975525,none; fixed final iterate,0.024459093809127808,1.0,0.024459093809127808,1.0,0.0,0.0,0.0,0.35546568036079407
E_rho0,1,C,80,5740,10660,0.3301960229873657,0.3301960229873657,"{""income_binary"":0.2745198905467987,""civilian_at_work"":0.2599874436855316,""public_coverage"":0.45608073472976685}",1.0170644521713257,"{""SEX"":0.6037392020225525,""RAC1P"":1.1415202617645264}",0.8834398984909058,0.3651924133300781,0.3651924133300781,"{""income_binary"":0.295956015586853,""civilian_at_work"":0.3223685920238495,""public_coverage"":0.4772525727748871}",1.0074336528778076,none; fixed final iterate,0.023685356602072716,1.0,0.023685356602072716,1.0,0.0,0.0,0.0,0.35388137958943844
E_rho0,1,D,0,2460,820,0.3546227514743805,0.3546227514743805,"{""income_binary"":0.2996220588684082,""civilian_at_work"":0.2874121367931366,""public_coverage"":0.4768339991569519}",1.0172594785690308,"{""SEX"":0.6533346772193909,""RAC1P"":1.2109891176223755}",0.9464797377586365,0.373506098985672,0.373506098985672,"{""income_binary"":0.31303295493125916,""civilian_at_work"":0.3295382261276245,""public_coverage"":0.4779471158981323}",1.0075461864471436,none; fixed final iterate,0.03487073630094528,1.0,0.03487073630094528,1.0,0.0,-0.1,-0.09464797377586365,0.2948455139994621
E_rho0,1,D,5,2665,1435,0.3536473214626312,0.3536473214626312,"{""income_binary"":0.29791632294654846,""civilian_at_work"":0.2872641682624817,""public_coverage"":0.475761353969574}",1.0171630382537842,"{""SEX"":0.6541653275489807,""RAC1P"":1.2058745622634888}",0.9450732469558716,0.3730646073818207,0.3730646073818207,"{""income_binary"":0.31301507353782654,""civilian_at_work"":0.33082258701324463,""public_coverage"":0.47535616159439087}",1.0074641704559326,none; fixed final iterate,0.03240165114402771,1.0,0.03240165114402771,1.0,0.0,-0.1,-0.09450732469558716,0.2915416479110718
E_rho0,1,D,10,2870,2050,0.3502935469150543,0.3502935469150543,"{""income_binary"":0.29104873538017273,""civilian_at_work"":0.2841181755065918,""public_coverage"":0.47571367025375366}",1.017626166343689,"{""SEX"":0.6521263718605042,""RAC1P"":1.196091890335083}",0.9397648572921753,0.3709512948989868,0.3709512948989868,"{""income_binary"":0.3059435784816742,""civilian_at_work"":0.32959720492362976,""public_coverage"":0.4773131012916565}",1.007941722869873,none; fixed final iterate,0.032915566116571426,1.0,0.032915566116571426,1.0,0.0,-0.1,-0.09397648572921753,0.28923262730240823
E_rho0,1,D,15,3075,2665,0.34795859456062317,0.34795859456062317,"{""income_binary"":0.28811153769493103,""civilian_at_work"":0.28508344292640686,""public_coverage"":0.4706808030605316}",1.0168437957763672,"{""SEX"":0.6449976563453674,""RAC1P"":1.1867629289627075}",0.9309610724449158,0.3705335557460785,0.3705335557460785,"{""income_binary"":0.3038828372955322,""civilian_at_work"":0.3338209390640259,""public_coverage"":0.47389692068099976}",1.0071176290512085,none; fixed final iterate,0.03230810537934303,1.0,0.03230810537934303,1.0,0.0,-0.1,-0.09309610724449158,0.2871705926954746
E_rho0,1,D,20,3280,3280,0.3463870584964752,0.3463870584964752,"{""income_binary"":0.28799059987068176,""civilian_at_work"":0.27944958209991455,""public_coverage"":0.4717211127281189}",1.0167934894561768,"{""SEX"":0.640245795249939,""RAC1P"":1.184453010559082}",0.926625669002533,0.3686216175556183,0.3686216175556183,"{""income_binary"":0.304253488779068,""civilian_at_work"":0.3257102072238922,""public_coverage"":0.47590115666389465}",1.007118821144104,none; fixed final iterate,0.030777601525187492,1.0,0.030777601525187492,1.0,0.0,-0.1,-0.0926625669002533,0.2845020931214094
E_rho0,1,D,25,3485,3895,0.34532442688941956,0.34532442688941956,"{""income_binary"":0.28683847188949585,""civilian_at_work"":0.2811255156993866,""public_coverage"":0.4680093228816986}",1.0171961784362793,"{""SEX"":0.638494074344635,""RAC1P"":1.1801047325134277}",0.9236559867858887,0.36961936950683594,0.36961936950683594,"{""income_binary"":0.30288127064704895,""civilian_at_work"":0.3317732512950897,""public_coverage"":0.47420355677604675}",1.007554531097412,none; fixed final iterate,0.028417613357305527,1.0,0.028417613357305527,1.0,0.0,-0.1,-0.09236559867858887,0.28137644156813624
E_rho0,1,D,30,3690,4510,0.3425523340702057,0.3425523340702057,"{""income_binary"":0.28391212224960327,""civilian_at_work"":0.27530714869499207,""public_coverage"":0.46843773126602173}",1.0167834758758545,"{""SEX"":0.6350468993186951,""RAC1P"":1.1759583950042725}",0.9195418953895569,0.3680427372455597,0.3680427372455597,"{""income_binary"":0.30083346366882324,""civilian_at_work"":0.3266107439994812,""public_coverage"":0.47668400406837463}",1.0071804523468018,none; fixed final iterate,0.028395531699061394,1.0,0.028395531699061394,1.0,0.0,-0.1,-0.09195418953895569,0.2789936762303114
E_rho0,1,D,35,3895,5125,0.3410169184207916,0.3410169184207916,"{""income_binary"":0.28315576910972595,""civilian_at_work"":0.2731863260269165,""public_coverage"":0.4667086601257324}",1.017106294631958,"{""SEX"":0.6358701586723328,""RAC1P"":1.1720637083053589}",0.9186084866523743,0.3680720031261444,0.3680720031261444,"{""income_binary"":0.30110689997673035,""civilian_at_work"":0.32679814100265503,""public_coverage"":0.47631093859672546}",1.0074447393417358,none; fixed final iterate,0.02768445387482643,1.0,0.02768445387482643,1.0,0.0,-0.1,-0.09186084866523743,0.27684052363038064
E_rho0,1,D,40,4100,5740,0.3399171531200409,0.3399171531200409,"{""income_binary"":0.282487690448761,""civilian_at_work"":0.2721177041530609,""public_coverage"":0.4651460349559784}",1.0167146921157837,"{""SEX"":0.6320174336433411,""RAC1P"":1.1674031019210815}",0.9140000343322754,0.3671528398990631,0.3671528398990631,"{""income_binary"":0.29984551668167114,""civilian_at_work"":0.32474416494369507,""public_coverage"":0.4768688976764679}",1.0071814060211182,none; fixed final iterate,0.027376024052500725,1.0,0.027376024052500725,1.0,0.0,-0.1,-0.09140000343322754,0.2758931737393141
E_rho0,1,D,45,4305,6355,0.3370267450809479,0.3370267450809479,"{""income_binary"":0.28111711144447327,""civilian_at_work"":0.26749756932258606,""public_coverage"":0.46246564388275146}",1.0171161890029907,"{""SEX"":0.6294424533843994,""RAC1P"":1.166233777999878}",0.9116830229759216,0.36480697989463806,0.36480697989463806,"{""income_binary"":0.2986263334751129,""civilian_at_work"":0.322927862405777,""public_coverage"":0.4728667736053467}",1.0075331926345825,none; fixed final iterate,0.026531973853707314,1.0,0.026531973853707314,1.0,0.0,-0.1,-0.09116830229759217,0.27239041663706304
E_rho0,1,D,50,4510,6970,0.3374467194080353,0.3374467194080353,"{""income_binary"":0.28113311529159546,""civilian_at_work"":0.26939070224761963,""public_coverage"":0.4618164002895355}",1.0169004201889038,"{""SEX"":0.6241939067840576,""RAC1P"":1.1601636409759521}",0.9055143594741821,0.36577823758125305,0.36577823758125305,"{""income_binary"":0.29922905564308167,""civilian_at_work"":0.32429826259613037,""public_coverage"":0.4738074839115143}",1.0072578191757202,none; fixed final iterate,0.02607891522347927,1.0,0.02607891522347927,1.0,0.0,-0.1,-0.09055143594741821,0.27297419868409634
E_rho0,1,D,55,4715,7585,0.3360937833786011,0.3360937833786011,"{""income_binary"":0.27931246161460876,""civilian_at_work"":0.2666754126548767,""public_coverage"":0.4622935354709625}",1.016708493232727,"{""SEX"":0.6266693472862244,""RAC1P"":1.1564849615097046}",0.905858039855957,0.36644113063812256,0.36644113063812256,"{""income_binary"":0.2988170087337494,""civilian_at_work"":0.32438939809799194,""public_coverage"":0.47611701488494873}",1.0070655345916748,none; fixed final iterate,0.025200622156262398,1.0,0.025200622156262398,1.0,0.0,-0.1,-0.09058580398559571,0.2707086015492678
E_rho0,1,D,60,4920,8200,0.33551302552223206,0.33551302552223206,"{""income_binary"":0.27922573685646057,""civilian_at_work"":0.2666304409503937,""public_coverage"":0.4606829583644867}",1.0169708728790283,"{""SEX"":0.6204673647880554,""RAC1P"":1.1516178846359253}",0.8994731307029724,0.36820241808891296,0.36820241808891296,"{""income_binary"":0.2996097505092621,""civilian_at_work"":0.32838648557662964,""public_coverage"":0.47661101818084717}",1.007388949394226,none; fixed final iterate,0.02431994117796421,1.0,0.02431994117796421,1.0,0.0,-0.1,-0.08994731307029724,0.269885653629899
E_rho0,1,D,65,5125,8815,0.3343075215816498,0.3343075215816498,"{""income_binary"":0.279227077960968,""civilian_at_work"":0.2654450535774231,""public_coverage"":0.45825040340423584}",1.0166850090026855,"{""SEX"":0.62800532579422,""RAC1P"":1.1469932794570923}",0.903099536895752,0.3669142425060272,0.3669142425060272,"{""income_binary"":0.2996537685394287,""civilian_at_work"":0.3246404528617859,""public_coverage"":0.4764484465122223}",1.007088303565979,none; fixed final iterate,0.023525122553110123,1.0,0.023525122553110123,1.0,0.0,-0.1,-0.0903099536895752,0.26752269044518473
E_rho0,1,D,70,5330,9430,0.3322310745716095,0.3322310745716095,"{""income_binary"":0.27845099568367004,""civilian_at_work"":0.2613350749015808,""public_coverage"":0.45690712332725525}",1.0168849229812622,"{""SEX"":0.61812424659729,""RAC1P"":1.148681640625}",0.8966304659843445,0.3663274049758911,0.3663274049758911,"{""income_binary"":0.2994570732116699,""civilian_at_work"":0.3236663043498993,""public_coverage"":0.4758588373661041}",1.0072838068008423,none; fixed final iterate,0.02402651309967041,1.0,0.02402651309967041,1.0,0.0,-0.1,-0.08966304659843445,0.26659454107284547
E_rho0,1,D,75,5535,10045,0.3311631381511688,0.3311631381511688,"{""income_binary"":0.2757655084133148,""civilian_at_work"":0.26185959577560425,""public_coverage"":0.4558643400669098}",1.0171267986297607,"{""SEX"":0.6202237010002136,""RAC1P"":1.1424150466918945}",0.8956878185272217,0.3664843738079071,0.3664843738079071,"{""income_binary"":0.2977251410484314,""civilian_at_work"":0.32613998651504517,""public_coverage"":0.4755879342556}",1.0075104236602783,none; fixed final iterate,0.02467695251107216,1.0,0.02467695251107216,1.0,0.0,-0.1,-0.08956878185272217,0.2662713088095188
E_rho0,1,D,80,5740,10660,0.33054566383361816,0.33054566383361816,"{""income_binary"":0.27443063259124756,""civilian_at_work"":0.2605549395084381,""public_coverage"":0.4566514492034912}",1.0169525146484375,"{""SEX"":0.6122211813926697,""RAC1P"":1.1454672813415527}",0.8911094665527344,0.3662717342376709,0.3662717342376709,"{""income_binary"":0.29590314626693726,""civilian_at_work"":0.3243037462234497,""public_coverage"":0.4786083400249481}",1.0073809623718262,none; fixed final iterate,0.023970827460289,1.0,0.023970827460289,1.0,0.0,-0.1,-0.08911094665527344,0.26540554463863375
E_rho0,1,warm_base,0,0,0,0.7118697166442871,0.7118697166442871,"{""income_binary"":0.7249402403831482,""civilian_at_work"":0.6785551905632019,""public_coverage"":0.7321138381958008}",1.0284864902496338,,,0.7159926295280457,0.7159926295280457,"{""income_binary"":0.728021502494812,""civilian_at_work"":0.6855751872062683,""public_coverage"":0.7343810796737671}",1.0178860425949097,none; fixed final iterate,0.5625,1.0,0.5625,1.0,0.0,0.0,0.0,1.274369716644287
E_rho0,1,warm_base,5,205,0,0.5628455281257629,0.5628455281257629,"{""income_binary"":0.5452399253845215,""civilian_at_work"":0.5188997983932495,""public_coverage"":0.6243969798088074}",1.0183457136154175,,,0.5663172602653503,0.5663172602653503,"{""income_binary"":0.5489810705184937,""civilian_at_work"":0.5292973518371582,""public_coverage"":0.620673418045044}",1.0084202289581299,none; fixed final iterate,0.05157094448804855,1.0,0.05157094448804855,1.0,0.0,0.0,0.0,0.6144164726138115
E_rho0,1,warm_base,10,410,0,0.4828634262084961,0.4828634262084961,"{""income_binary"":0.4526156485080719,""civilian_at_work"":0.42689356207847595,""public_coverage"":0.5690810084342957}",1.018057942390442,,,0.4876774847507477,0.4876774847507477,"{""income_binary"":0.45903855562210083,""civilian_at_work"":0.4424387812614441,""public_coverage"":0.5615551471710205}",1.0081814527511597,none; fixed final iterate,0.060088515281677246,1.0,0.060088515281677246,1.0,0.0,0.0,0.0,0.5429519414901733
E_rho0,1,warm_base,15,615,0,0.4427906274795532,0.4427906274795532,"{""income_binary"":0.40630805492401123,""civilian_at_work"":0.38035672903060913,""public_coverage"":0.5417070984840393}",1.0180511474609375,,,0.44844958186149597,0.44844958186149597,"{""income_binary"":0.41318780183792114,""civilian_at_work"":0.39992958307266235,""public_coverage"":0.532231330871582}",1.0082885026931763,none; fixed final iterate,0.056197527796030045,1.0,0.056197527796030045,1.0,0.0,0.0,0.0,0.49898815527558327
E_rho0,1,warm_base,20,820,0,0.4157978594303131,0.4157978594303131,"{""income_binary"":0.37650614976882935,""civilian_at_work"":0.35081571340560913,""public_coverage"":0.520071804523468}",1.0178866386413574,,,0.42274537682533264,0.42274537682533264,"{""income_binary"":0.38444238901138306,""civilian_at_work"":0.3732500672340393,""public_coverage"":0.5105437636375427}",1.0081547498703003,none; fixed final iterate,0.054016031324863434,1.0,0.054016031324863434,1.0,0.0,0.0,0.0,0.46981389075517654
E_rho0,1,warm_base,25,1025,0,0.40154004096984863,0.40154004096984863,"{""income_binary"":0.3588290810585022,""civilian_at_work"":0.3351580798625946,""public_coverage"":0.5106330513954163}",1.0177286863327026,,,0.40995994210243225,0.40995994210243225,"{""income_binary"":0.36770403385162354,""civilian_at_work"":0.3608400821685791,""public_coverage"":0.5013357996940613}",1.007949948310852,none; fixed final iterate,0.048366304486989975,1.0,0.048366304486989975,1.0,0.0,0.0,0.0,0.4499063454568386
E_rho0,1,warm_base,30,1230,0,0.3862733542919159,0.3862733542919159,"{""income_binary"":0.33711516857147217,""civilian_at_work"":0.32245272397994995,""public_coverage"":0.49925217032432556}",1.017717719078064,,,0.39675188064575195,0.39675188064575195,"{""income_binary"":0.3470291495323181,""civilian_at_work"":0.3513602912425995,""public_coverage"":0.49186617136001587}",1.0079352855682373,none; fixed final iterate,0.048654962331056595,1.0,0.048654962331056595,1.0,0.0,0.0,0.0,0.4349283166229725
E_rho0,1,warm_base,35,1435,0,0.3779507577419281,0.3779507577419281,"{""income_binary"":0.3285176157951355,""civilian_at_work"":0.31353041529655457,""public_coverage"":0.49180424213409424}",1.0175105333328247,,,0.389472633600235,0.389472633600235,"{""income_binary"":0.33799540996551514,""civilian_at_work"":0.344875305891037,""public_coverage"":0.48554718494415283}",1.007773756980896,none; fixed final iterate,0.045631442219018936,1.0,0.045631442219018936,1.0,0.0,0.0,0.0,0.42358219996094704
E_rho0,1,warm_base,40,1640,0,0.3720005452632904,0.3720005452632904,"{""income_binary"":0.32071995735168457,""civilian_at_work"":0.3067949414253235,""public_coverage"":0.48848670721054077}",1.0173860788345337,,,0.385427325963974,0.385427325963974,"{""income_binary"":0.3306503891944885,""civilian_at_work"":0.3418440818786621,""public_coverage"":0.48378750681877136}",1.0076515674591064,none; fixed final iterate,0.04176196828484535,1.0,0.04176196828484535,1.0,0.0,0.0,0.0,0.41376251354813576
E_rho0,1,warm_base,45,1845,0,0.36542633175849915,0.36542633175849915,"{""income_binary"":0.3112373948097229,""civilian_at_work"":0.29925400018692017,""public_coverage"":0.48578763008117676}",1.017633318901062,,,0.3801784813404083,0.3801784813404083,"{""income_binary"":0.32265228033065796,""civilian_at_work"":0.3357246220111847,""public_coverage"":0.48215851187705994}",1.007901668548584,none; fixed final iterate,0.04075567424297333,1.0,0.04075567424297333,1.0,0.0,0.0,0.0,0.4061820060014725
E_rho0,1,warm_base,50,2050,0,0.3640647828578949,0.3640647828578949,"{""income_binary"":0.3128528296947479,""civilian_at_work"":0.2957303822040558,""public_coverage"":0.4836111068725586}",1.0174894332885742,,,0.3796204626560211,0.3796204626560211,"{""income_binary"":0.3266494572162628,""civilian_at_work"":0.33243557810783386,""public_coverage"":0.4797763228416443}",1.0076982975006104,none; fixed final iterate,0.036053117364645004,1.0,0.036053117364645004,1.0,0.0,0.0,0.0,0.4001179002225399
E_rho0,1,warm_base,55,2255,0,0.3579793870449066,0.3579793870449066,"{""income_binary"":0.30177733302116394,""civilian_at_work"":0.2912245988845825,""public_coverage"":0.480936199426651}",1.017448902130127,,,0.37482547760009766,0.37482547760009766,"{""income_binary"":0.31384819746017456,""civilian_at_work"":0.3314160406589508,""public_coverage"":0.47921210527420044}",1.0077413320541382,none; fixed final iterate,0.03670157119631767,1.0,0.03670157119631767,1.0,0.0,0.0,0.0,0.3946809582412243
E_rho0,1,warm_base,60,2460,0,0.3546227514743805,0.3546227514743805,"{""income_binary"":0.2996220588684082,""civilian_at_work"":0.2874121367931366,""public_coverage"":0.4768339991569519}",1.0172594785690308,,,0.373506098985672,0.373506098985672,"{""income_binary"":0.31303295493125916,""civilian_at_work"":0.3295382261276245,""public_coverage"":0.4779471158981323}",1.0075461864471436,none; fixed final iterate,0.03487073630094528,1.0,0.03487073630094528,1.0,0.0,0.0,0.0,0.3894934877753258
E_rho0,1,warm_adversary,0,2460,0,0.3546227514743805,0.3546227514743805,"{""income_binary"":0.2996220588684082,""civilian_at_work"":0.2874121367931366,""public_coverage"":0.4768339991569519}",1.0172594785690308,"{""SEX"":0.6970306634902954,""RAC1P"":2.163193464279175}",1.3514807224273682,0.373506098985672,0.373506098985672,"{""income_binary"":0.31303295493125916,""civilian_at_work"":0.3295382261276245,""public_coverage"":0.4779471158981323}",1.0075461864471436,none; fixed final iterate,0.03487073630094528,0.0,0.0,1.0,0.0,0.0,0.0,0.3546227514743805
E_rho0,1,warm_adversary,5,2460,205,0.3546227514743805,0.3546227514743805,"{""income_binary"":0.2996220588684082,""civilian_at_work"":0.2874121367931366,""public_coverage"":0.4768339991569519}",1.0172594785690308,"{""SEX"":0.676643967628479,""RAC1P"":1.2584284543991089}",0.9819084405899048,0.373506098985672,0.373506098985672,"{""income_binary"":0.31303295493125916,""civilian_at_work"":0.3295382261276245,""public_coverage"":0.4779471158981323}",1.0075461864471436,none; fixed final iterate,0.03487073630094528,0.0,0.0,1.0,0.0,0.0,0.0,0.3546227514743805
E_rho0,1,warm_adversary,10,2460,410,0.3546227514743805,0.3546227514743805,"{""income_binary"":0.2996220588684082,""civilian_at_work"":0.2874121367931366,""public_coverage"":0.4768339991569519}",1.0172594785690308,"{""SEX"":0.6632658839225769,""RAC1P"":1.232135534286499}",0.9619410037994385,0.373506098985672,0.373506098985672,"{""income_binary"":0.31303295493125916,""civilian_at_work"":0.3295382261276245,""public_coverage"":0.4779471158981323}",1.0075461864471436,none; fixed final iterate,0.03487073630094528,0.0,0.0,1.0,0.0,0.0,0.0,0.3546227514743805
E_rho0,1,warm_adversary,15,2460,615,0.3546227514743805,0.3546227514743805,"{""income_binary"":0.2996220588684082,""civilian_at_work"":0.2874121367931366,""public_coverage"":0.4768339991569519}",1.0172594785690308,"{""SEX"":0.6580551862716675,""RAC1P"":1.2206467390060425}",0.9536744356155396,0.373506098985672,0.373506098985672,"{""income_binary"":0.31303295493125916,""civilian_at_work"":0.3295382261276245,""public_coverage"":0.4779471158981323}",1.0075461864471436,none; fixed final iterate,0.03487073630094528,0.0,0.0,1.0,0.0,0.0,0.0,0.3546227514743805
E_rho0,1,warm_adversary,20,2460,820,0.3546227514743805,0.3546227514743805,"{""income_binary"":0.2996220588684082,""civilian_at_work"":0.2874121367931366,""public_coverage"":0.4768339991569519}",1.0172594785690308,"{""SEX"":0.6533346772193909,""RAC1P"":1.2109891176223755}",0.9464797377586365,0.373506098985672,0.373506098985672,"{""income_binary"":0.31303295493125916,""civilian_at_work"":0.3295382261276245,""public_coverage"":0.4779471158981323}",1.0075461864471436,none; fixed final iterate,0.03487073630094528,0.0,0.0,1.0,0.0,0.0,0.0,0.3546227514743805
E_rho0,2,C,0,2520,840,0.35404229164123535,0.35404229164123535,"{""income_binary"":0.28990840911865234,""civilian_at_work"":0.2971060276031494,""public_coverage"":0.4751124978065491}",1.0128090381622314,"{""SEX"":0.6403939127922058,""RAC1P"":1.2074719667434692}",0.9281078577041626,0.3721315562725067,0.3721315562725067,"{""income_binary"":0.32716459035873413,""civilian_at_work"":0.3079560399055481,""public_coverage"":0.4812740385532379}",0.9909077882766724,none; fixed final iterate,0.037238553166389465,1.0,0.037238553166389465,1.0,0.0,0.0,0.0,0.3912808448076248
E_rho0,2,C,5,2730,1470,0.3530125617980957,0.3530125617980957,"{""income_binary"":0.2887027859687805,""civilian_at_work"":0.29618558287620544,""public_coverage"":0.47414928674697876}",1.0121241807937622,"{""SEX"":0.636652946472168,""RAC1P"":1.192255973815918}",0.9195376634597778,0.3722091615200043,0.3722091615200043,"{""income_binary"":0.3251718282699585,""civilian_at_work"":0.3098093867301941,""public_coverage"":0.4816462993621826}",0.9901806712150574,none; fixed final iterate,0.03438801318407059,1.0,0.03438801318407059,1.0,0.0,0.0,0.0,0.3874005749821663
E_rho0,2,C,10,2940,2100,0.3506871163845062,0.3506871163845062,"{""income_binary"":0.2891370952129364,""civilian_at_work"":0.2929944694042206,""public_coverage"":0.4699298143386841}",1.0119597911834717,"{""SEX"":0.6352654099464417,""RAC1P"":1.187320590019226}",0.9166321754455566,0.3712484538555145,0.3712484538555145,"{""income_binary"":0.3265901803970337,""civilian_at_work"":0.30771487951278687,""public_coverage"":0.479440301656723}",0.9899500012397766,none; fixed final iterate,0.032566577196121216,1.0,0.032566577196121216,1.0,0.0,0.0,0.0,0.38325369358062744
E_rho0,2,C,15,3150,2730,0.3476177752017975,0.3476177752017975,"{""income_binary"":0.2830759584903717,""civilian_at_work"":0.292036235332489,""public_coverage"":0.46774113178253174}",1.0124114751815796,"{""SEX"":0.6269701719284058,""RAC1P"":1.1809117794036865}",0.9081711769104004,0.3682878911495209,0.3682878911495209,"{""income_binary"":0.32108476758003235,""civilian_at_work"":0.30618536472320557,""public_coverage"":0.4775935709476471}",0.9904564023017883,none; fixed final iterate,0.031725093722343445,1.0,0.031725093722343445,1.0,0.0,0.0,0.0,0.37934286892414093
E_rho0,2,C,20,3360,3360,0.3454928696155548,0.3454928696155548,"{""income_binary"":0.2804458737373352,""civilian_at_work"":0.2896166443824768,""public_coverage"":0.4664161503314972}",1.0122087001800537,"{""SEX"":0.6233730912208557,""RAC1P"":1.1800525188446045}",0.9052428007125854,0.36726114153862,0.36726114153862,"{""income_binary"":0.3190956711769104,""civilian_at_work"":0.3048783540725708,""public_coverage"":0.477809339761734}",0.9902074337005615,none; fixed final iterate,0.03108813986182213,1.0,0.03108813986182213,1.0,0.0,0.0,0.0,0.37658100947737694
E_rho0,2,C,25,3570,3990,0.34202370047569275,0.34202370047569275,"{""income_binary"":0.2779410481452942,""civilian_at_work"":0.2837171256542206,""public_coverage"":0.46441298723220825}",1.012224793434143,"{""SEX"":0.6202999353408813,""RAC1P"":1.1696691513061523}",0.8990188241004944,0.365134596824646,0.365134596824646,"{""income_binary"":0.31717079877853394,""civilian_at_work"":0.30046868324279785,""public_coverage"":0.4777642786502838}",0.9902709126472473,none; fixed final iterate,0.031563326716423035,1.0,0.031563326716423035,1.0,0.0,0.0,0.0,0.3735870271921158
E_rho0,2,C,30,3780,4620,0.3409642279148102,0.3409642279148102,"{""income_binary"":0.27533912658691406,""civilian_at_work"":0.2851182222366333,""public_coverage"":0.46243542432785034}",1.0121057033538818,"{""SEX"":0.6188501119613647,""RAC1P"":1.1650757789611816}",0.8962002992630005,0.3651341497898102,0.3651341497898102,"{""income_binary"":0.31471163034439087,""civilian_at_work"":0.3041500747203827,""public_coverage"":0.47654083371162415}",0.9900617003440857,none; fixed final iterate,0.030199753120541573,1.0,0.030199753120541573,1.0,0.0,0.0,0.0,0.37116398103535175
E_rho0,2,C,35,3990,5250,0.3392314910888672,0.3392314910888672,"{""income_binary"":0.2734895944595337,""civilian_at_work"":0.2841033935546875,""public_coverage"":0.4601014256477356}",1.0118205547332764,"{""SEX"":0.6184489130973816,""RAC1P"":1.164085030555725}",0.8955284357070923,0.3645907938480377,0.3645907938480377,"{""income_binary"":0.3162439465522766,""civilian_at_work"":0.3021751642227173,""public_coverage"":0.4753532409667969}",0.9898227453231812,none; fixed final iterate,0.029672855511307716,1.0,0.029672855511307716,1.0,0.0,0.0,0.0,0.3689043466001749
E_rho0,2,C,40,4200,5880,0.3385433256626129,0.3385433256626129,"{""income_binary"":0.2713923156261444,""civilian_at_work"":0.284126341342926,""public_coverage"":0.4601113498210907}",1.0120840072631836,"{""SEX"":0.6128223538398743,""RAC1P"":1.1700916290283203}",0.8937832117080688,0.3637166917324066,0.3637166917324066,"{""income_binary"":0.3130497336387634,""civilian_at_work"":0.30097493529319763,""public_coverage"":0.477125346660614}",0.99004065990448,none; fixed final iterate,0.029301254078745842,1.0,0.029301254078745842,1.0,0.0,0.0,0.0,0.36784457974135876
E_rho0,2,C,45,4410,6510,0.3359414041042328,0.3359414041042328,"{""income_binary"":0.2721543312072754,""civilian_at_work"":0.277662456035614,""public_coverage"":0.45800745487213135}",1.0119973421096802,"{""SEX"":0.6098623275756836,""RAC1P"":1.1619937419891357}",0.8885225057601929,0.36309799551963806,0.36309799551963806,"{""income_binary"":0.3151605427265167,""civilian_at_work"":0.29816320538520813,""public_coverage"":0.47597020864486694}",0.9899939894676208,none; fixed final iterate,0.028094660490751266,1.0,0.028094660490751266,1.0,0.0,0.0,0.0,0.36403606459498405
E_rho0,2,C,50,4620,7140,0.3347872197628021,0.3347872197628021,"{""income_binary"":0.2686368227005005,""civilian_at_work"":0.27848055958747864,""public_coverage"":0.45724427700042725}",1.0119402408599854,"{""SEX"":0.6111341118812561,""RAC1P"":1.1545069217681885}",0.8865528106689453,0.3618291914463043,0.3618291914463043,"{""income_binary"":0.3129637837409973,""civilian_at_work"":0.2972734868526459,""public_coverage"":0.4752504229545593}",0.9899701476097107,none; fixed final iterate,0.027904072776436806,1.0,0.027904072776436806,1.0,0.0,0.0,0.0,0.36269129253923893
E_rho0,2,C,55,4830,7770,0.3337779939174652,0.3337779939174652,"{""income_binary"":0.26829198002815247,""civilian_at_work"":0.27562788128852844,""public_coverage"":0.45741403102874756}",1.0120853185653687,"{""SEX"":0.6102432012557983,""RAC1P"":1.149681806564331}",0.884048342704773,0.3624943792819977,0.3624943792819977,"{""income_binary"":0.3120630979537964,""civilian_at_work"":0.29860761761665344,""public_coverage"":0.47681254148483276}",0.9900407195091248,none; fixed final iterate,0.02745797671377659,1.0,0.02745797671377659,1.0,0.0,0.0,0.0,0.3612359706312418
E_rho0,2,C,60,5040,8400,0.33272841572761536,0.33272841572761536,"{""income_binary"":0.2671995759010315,""civilian_at_work"":0.2764275074005127,""public_coverage"":0.45455822348594666}",1.0121406316757202,"{""SEX"":0.6063550710678101,""RAC1P"":1.1458934545516968}",0.8797799348831177,0.36210116744041443,0.36210116744041443,"{""income_binary"":0.31238070130348206,""civilian_at_work"":0.2971932590007782,""public_coverage"":0.47672945261001587}",0.9900344014167786,none; fixed final iterate,0.026162603870034218,1.0,0.026162603870034218,1.0,0.0,0.0,0.0,0.3588910195976496
E_rho0,2,C,65,5250,9030,0.3319053053855896,0.3319053053855896,"{""income_binary"":0.2653605341911316,""civilian_at_work"":0.2775358557701111,""public_coverage"":0.4528195261955261}",1.011911392211914,"{""SEX"":0.6096269488334656,""RAC1P"":1.1455931663513184}",0.8820263147354126,0.3634098470211029,0.3634098470211029,"{""income_binary"":0.31191229820251465,""civilian_at_work"":0.29990270733833313,""public_coverage"":0.4784145653247833}",0.9898717999458313,none; fixed final iterate,0.025609271600842476,1.0,0.025609271600842476,1.0,0.0,0.0,0.0,0.3575145769864321
E_rho0,2,C,70,5460,9660,0.3304736018180847,0.3304736018180847,"{""income_binary"":0.2649752199649811,""civilian_at_work"":0.2745668292045593,""public_coverage"":0.45187872648239136}",1.0118790864944458,"{""SEX"":0.6023080348968506,""RAC1P"":1.143507719039917}",0.875937819480896,0.3638806641101837,0.3638806641101837,"{""income_binary"":0.3134952783584595,""civilian_at_work"":0.29852548241615295,""public_coverage"":0.4796212911605835}",0.9897946119308472,none; fixed final iterate,0.025985954329371452,1.0,0.025985954329371452,1.0,0.0,0.0,0.0,0.35645955614745617
E_rho0,2,C,75,5670,10290,0.33085161447525024,0.33085161447525024,"{""income_binary"":0.2636905312538147,""civilian_at_work"":0.27663949131965637,""public_coverage"":0.4522247910499573}",1.0120742321014404,"{""SEX"":0.6000422239303589,""RAC1P"":1.1403390169143677}",0.873079776763916,0.3649919927120209,0.3649919927120209,"{""income_binary"":0.31508153676986694,""civilian_at_work"":0.30066168308258057,""public_coverage"":0.47923266887664795}",0.9900197982788086,none; fixed final iterate,0.02531502954661846,1.0,0.02531502954661846,1.0,0.0,0.0,0.0,0.3561666440218687
E_rho0,2,C,80,5880,10920,0.32860419154167175,0.32860419154167175,"{""income_binary"":0.2626838684082031,""civilian_at_work"":0.2739877998828888,""public_coverage"":0.44914090633392334}",1.0118647813796997,"{""SEX"":0.6044138073921204,""RAC1P"":1.1376944780349731}",0.8752157688140869,0.36387351155281067,0.36387351155281067,"{""income_binary"":0.3129498362541199,""civilian_at_work"":0.30051806569099426,""public_coverage"":0.47815266251564026}",0.9897449612617493,none; fixed final iterate,0.025974983349442482,1.0,0.025974983349442482,1.0,0.0,0.0,0.0,0.35457917489111423
E_rho0,2,D,0,2520,840,0.35404229164123535,0.35404229164123535,"{""income_binary"":0.28990840911865234,""civilian_at_work"":0.2971060276031494,""public_coverage"":0.4751124978065491}",1.0128090381622314,"{""SEX"":0.6403939127922058,""RAC1P"":1.2074719667434692}",0.9281078577041626,0.3721315562725067,0.3721315562725067,"{""income_binary"":0.32716459035873413,""civilian_at_work"":0.3079560399055481,""public_coverage"":0.4812740385532379}",0.9909077882766724,none; fixed final iterate,0.037238553166389465,1.0,0.037238553166389465,1.0,0.0,-0.1,-0.09281078577041627,0.2984700590372086
E_rho0,2,D,5,2730,1470,0.3531268537044525,0.3531268537044525,"{""income_binary"":0.288600355386734,""civilian_at_work"":0.29654043912887573,""public_coverage"":0.47423964738845825}",1.0119799375534058,"{""SEX"":0.6397325396537781,""RAC1P"":1.195453405380249}",0.9229944944381714,0.3723706007003784,0.3723706007003784,"{""income_binary"":0.32514268159866333,""civilian_at_work"":0.31010839343070984,""public_coverage"":0.48186078667640686}",0.9900158047676086,none; fixed final iterate,0.034691572189331055,1.0,0.034691572189331055,1.0,0.0,-0.1,-0.09229944944381714,0.29551897644996644
E_rho0,2,D,10,2940,2100,0.3505506217479706,0.3505506217479706,"{""income_binary"":0.28852078318595886,""civilian_at_work"":0.2930239737033844,""public_coverage"":0.4701070487499237}",1.0118588209152222,"{""SEX"":0.637562096118927,""RAC1P"":1.1907174587249756}",0.9196006059646606,0.3712673485279083,0.3712673485279083,"{""income_binary"":0.32627904415130615,""civilian_at_work"":0.3078959882259369,""public_coverage"":0.47962701320648193}",0.9898464679718018,none; fixed final iterate,0.03280515968799591,1.0,0.03280515968799591,1.0,0.0,-0.1,-0.09196006059646607,0.29139572083950044
E_rho0,2,D,15,3150,2730,0.3476127088069916,0.3476127088069916,"{""income_binary"":0.2827097177505493,""civilian_at_work"":0.29223236441612244,""public_coverage"":0.4678959846496582}",1.0122838020324707,"{""SEX"":0.6301146745681763,""RAC1P"":1.1844624280929565}",0.9118110537528992,0.36852261424064636,0.36852261424064636,"{""income_binary"":0.3211423456668854,""civilian_at_work"":0.3063921630382538,""public_coverage"":0.4780333340167999}",0.9903199076652527,none; fixed final iterate,0.031967513263225555,1.0,0.031967513263225555,1.0,0.0,-0.1,-0.09118110537528992,0.28839911669492724
E_rho0,2,D,20,3360,3360,0.34575486183166504,0.34575486183166504,"{""income_binary"":0.28071415424346924,""civilian_at_work"":0.28992795944213867,""public_coverage"":0.4666224420070648}",1.0120810270309448,"{""SEX"":0.6262699961662292,""RAC1P"":1.183292031288147}",0.9085838198661804,0.36773037910461426,0.36773037910461426,"{""income_binary"":0.3197075128555298,""civilian_at_work"":0.3052804172039032,""public_coverage"":0.4782031774520874}",0.9900743961334229,none; fixed final iterate,0.031228257343173027,1.0,0.031228257343173027,1.0,0.0,-0.1,-0.09085838198661805,0.28612473718822
E_rho0,2,D,25,3570,3990,0.3422476053237915,0.3422476053237915,"{""income_binary"":0.2781750559806824,""civilian_at_work"":0.2838566303253174,""public_coverage"":0.46471112966537476}",1.0120878219604492,"{""SEX"":0.6229287385940552,""RAC1P"":1.1742140054702759}",0.9026698470115662,0.36570003628730774,0.36570003628730774,"{""income_binary"":0.3182397484779358,""civilian_at_work"":0.300790011882782,""public_coverage"":0.47807037830352783}",0.9901189208030701,none; fixed final iterate,0.03166646137833595,1.0,0.03166646137833595,1.0,0.0,-0.1,-0.09026698470115663,0.28364708200097083
E_rho0,2,D,30,3780,4620,0.34132102131843567,0.34132102131843567,"{""income_binary"":0.27521923184394836,""civilian_at_work"":0.2858136296272278,""public_coverage"":0.46293023228645325}",1.0118900537490845,"{""SEX"":0.6206790208816528,""RAC1P"":1.1699882745742798}",0.8994156122207642,0.3656651973724365,0.3656651973724365,"{""income_binary"":0.31546440720558167,""civilian_at_work"":0.30482611060142517,""public_coverage"":0.47670504450798035}",0.9898391366004944,none; fixed final iterate,0.030628520995378494,1.0,0.030628520995378494,1.0,0.0,-0.1,-0.08994156122207642,0.28200798109173775
E_rho0,2,D,35,3990,5250,0.33961570262908936,0.33961570262908936,"{""income_binary"":0.2735750079154968,""civilian_at_work"":0.28459757566452026,""public_coverage"":0.46067455410957336}",1.011668086051941,"{""SEX"":0.6208022832870483,""RAC1P"":1.1684762239456177}",0.8989213705062866,0.36518552899360657,0.36518552899360657,"{""income_binary"":0.31733691692352295,""civilian_at_work"":0.30261293053627014,""public_coverage"":0.4756068289279938}",0.9896711111068726,none; fixed final iterate,0.029791386798024178,1.0,0.029791386798024178,1.0,0.0,-0.1,-0.08989213705062866,0.2795149523764849
E_rho0,2,D,40,4200,5880,0.33887073397636414,0.33887073397636414,"{""income_binary"":0.2711581587791443,""civilian_at_work"":0.2848525941371918,""public_coverage"":0.46060141921043396}",1.0120304822921753,"{""SEX"":0.6163374185562134,""RAC1P"":1.1751081943511963}",0.8982560038566589,0.3642423450946808,0.3642423450946808,"{""income_binary"":0.31379809975624084,""civilian_at_work"":0.3016170859336853,""public_coverage"":0.4773118793964386}",0.9899994134902954,none; fixed final iterate,0.029443049803376198,1.0,0.029443049803376198,1.0,0.0,-0.1,-0.0898256003856659,0.27848818339407444
E_rho0,2,D,45,4410,6510,0.3364524841308594,0.3364524841308594,"{""income_binary"":0.27281707525253296,""civilian_at_work"":0.2778768837451935,""public_coverage"":0.4586634337902069}",1.0118739604949951,"{""SEX"":0.614378809928894,""RAC1P"":1.1658421754837036}",0.8932677507400513,0.363828182220459,0.363828182220459,"{""income_binary"":0.31669381260871887,""civilian_at_work"":0.29847460985183716,""public_coverage"":0.47631606459617615}",0.9898733496665955,none; fixed final iterate,0.02810896374285221,1.0,0.02810896374285221,1.0,0.0,-0.1,-0.08932677507400513,0.2752346727997065
E_rho0,2,D,50,4620,7140,0.3348102867603302,0.3348102867603302,"{""income_binary"":0.2683628499507904,""civilian_at_work"":0.2783219814300537,""public_coverage"":0.45774605870246887}",1.0117580890655518,"{""SEX"":0.6149175763130188,""RAC1P"":1.1598173379898071}",0.891332745552063,0.3622318506240845,0.3622318506240845,"{""income_binary"":0.3138011395931244,""civilian_at_work"":0.2973431348800659,""public_coverage"":0.4755512773990631}",0.9897626638412476,none; fixed final iterate,0.028105607256293297,1.0,0.028105607256293297,1.0,0.0,-0.1,-0.08913327455520631,0.2737826194614172
E_rho0,2,D,55,4830,7770,0.3339860141277313,0.3339860141277313,"{""income_binary"":0.26787757873535156,""civilian_at_work"":0.27611932158470154,""public_coverage"":0.4579610824584961}",1.012035608291626,"{""SEX"":0.6155387759208679,""RAC1P"":1.1558938026428223}",0.8902677893638611,0.36300143599510193,0.36300143599510193,"{""income_binary"":0.31296420097351074,""civilian_at_work"":0.29894331097602844,""public_coverage"":0.4770967960357666}",0.9899739027023315,none; fixed final iterate,0.027559319511055946,1.0,0.027559319511055946,1.0,0.0,-0.1,-0.08902677893638611,0.27251855470240116
E_rho0,2,D,60,5040,8400,0.33269527554512024,0.33269527554512024,"{""income_binary"":0.2668921649456024,""civilian_at_work"":0.27630317211151123,""public_coverage"":0.4548904597759247}",1.0120973587036133,"{""SEX"":0.6115341782569885,""RAC1P"":1.1531122922897339}",0.8863036632537842,0.3628113567829132,0.3628113567829132,"{""income_binary"":0.3134573996067047,""civilian_at_work"":0.2978150248527527,""public_coverage"":0.4771616756916046}",0.9899452328681946,none; fixed final iterate,0.026258645579218864,1.0,0.026258645579218864,1.0,0.0,-0.1,-0.08863036632537842,0.2703235547989607
E_rho0,2,D,65,5250,9030,0.3321293890476227,0.3321293890476227,"{""income_binary"":0.26538988947868347,""civilian_at_work"":0.27807798981666565,""public_coverage"":0.45292025804519653}",1.0118666887283325,"{""SEX"":0.6138631105422974,""RAC1P"":1.1517305374145508}",0.8874521255493164,0.364153653383255,0.364153653383255,"{""income_binary"":0.3131335973739624,""civilian_at_work"":0.30084580183029175,""public_coverage"":0.47848162055015564}",0.9897809028625488,none; fixed final iterate,0.02562767267227173,1.0,0.02562767267227173,1.0,0.0,-0.1,-0.08874521255493165,0.2690118491649628
E_rho0,2,D,70,5460,9660,0.3309844136238098,0.3309844136238098,"{""income_binary"":0.26506128907203674,""civilian_at_work"":0.27545490860939026,""public_coverage"":0.45243704319000244}",1.0118476152420044,"{""SEX"":0.6081047654151917,""RAC1P"":1.1529514789581299}",0.883765697479248,0.3645531237125397,0.3645531237125397,"{""income_binary"":0.31414780020713806,""civilian_at_work"":0.2997075617313385,""public_coverage"":0.47980397939682007}",0.9897012114524841,none; fixed final iterate,0.026276566088199615,1.0,0.026276566088199615,1.0,0.0,-0.1,-0.08837656974792481,0.26888440996408464
E_rho0,2,D,75,5670,10290,0.3310296833515167,0.3310296833515167,"{""income_binary"":0.26357170939445496,""civilian_at_work"":0.2771199345588684,""public_coverage"":0.45239749550819397}",1.0121876001358032,"{""SEX"":0.6058938503265381,""RAC1P"":1.1481398344039917}",0.8803134560585022,0.3654032051563263,0.3654032051563263,"{""income_binary"":0.3155581057071686,""civilian_at_work"":0.30134254693984985,""public_coverage"":0.47930893301963806}",0.9900878667831421,none; fixed final iterate,0.02537345327436924,1.0,0.02537345327436924,1.0,0.0,-0.1,-0.08803134560585023,0.2683717910200357
E_rho0,2,D,80,5880,10920,0.32877135276794434,0.32877135276794434,"{""income_binary"":0.2627255916595459,""civilian_at_work"":0.27398350834846497,""public_coverage"":0.44960498809814453}",1.011839747428894,"{""SEX"":0.6106575727462769,""RAC1P"":1.1445045471191406}",0.8823504447937012,0.36435797810554504,0.36435797810554504,"{""income_binary"":0.31422388553619385,""civilian_at_work"":0.3006003797054291,""public_coverage"":0.4782496392726898}",0.9896489977836609,none; fixed final iterate,0.026230374351143837,1.0,0.026230374351143837,1.0,0.0,-0.1,-0.08823504447937013,0.26676668263971803
E_rho0,2,warm_base,0,0,0,0.7130289077758789,0.7130289077758789,"{""income_binary"":0.71417236328125,""civilian_at_work"":0.7128317356109619,""public_coverage"":0.7120826840400696}",1.0188953876495361,,,0.7131239771842957,0.7131239771842957,"{""income_binary"":0.7137216925621033,""civilian_at_work"":0.7125829458236694,""public_coverage"":0.7130672335624695}",0.9973122477531433,none; fixed final iterate,0.5000000596046448,1.0,0.5000000596046448,1.0,0.0,0.0,0.0,1.2130289673805237
E_rho0,2,warm_base,5,210,0,0.582587480545044,0.582587480545044,"{""income_binary"":0.5740708708763123,""civilian_at_work"":0.5650012493133545,""public_coverage"":0.6086903214454651}",1.0124446153640747,,,0.5852048993110657,0.5852048993110657,"{""income_binary"":0.5830845832824707,""civilian_at_work"":0.5624577403068542,""public_coverage"":0.6100723147392273}",0.9906376004219055,none; fixed final iterate,0.03937540575861931,1.0,0.03937540575861931,1.0,0.0,0.0,0.0,0.6219628863036633
E_rho0,2,warm_base,10,420,0,0.49840807914733887,0.49840807914733887,"{""income_binary"":0.4886156916618347,""civilian_at_work"":0.44916030764579773,""public_coverage"":0.5574482679367065}",1.0134236812591553,,,0.5029972195625305,0.5029972195625305,"{""income_binary"":0.5034242272377014,""civilian_at_work"":0.4474375545978546,""public_coverage"":0.5581297874450684}",0.9916864633560181,none; fixed final iterate,0.04999808222055435,1.0,0.04999808222055435,1.0,0.0,0.0,0.0,0.5484061613678932
E_rho0,2,warm_base,15,630,0,0.450374037027359,0.450374037027359,"{""income_binary"":0.4231267273426056,""civilian_at_work"":0.3959405720233917,""public_coverage"":0.5320547819137573}",1.0143036842346191,,,0.45669078826904297,0.45669078826904297,"{""income_binary"":0.4433285593986511,""civilian_at_work"":0.3952583968639374,""public_coverage"":0.531485378742218}",0.9925787448883057,none; fixed final iterate,0.05293289199471474,1.0,0.05293289199471474,1.0,0.0,0.0,0.0,0.5033069290220737
E_rho0,2,warm_base,20,840,0,0.4229101836681366,0.4229101836681366,"{""income_binary"":0.38375285267829895,""civilian_at_work"":0.36604663729667664,""public_coverage"":0.5189310312271118}",1.0135695934295654,,,0.4311627149581909,0.4311627149581909,"{""income_binary"":0.40724343061447144,""civilian_at_work"":0.36816537380218506,""public_coverage"":0.5180793404579163}",0.9918192028999329,none; fixed final iterate,0.05083693936467171,1.0,0.05083693936467171,1.0,0.0,0.0,0.0,0.4737471230328083
E_rho0,2,warm_base,25,1050,0,0.40341901779174805,0.40341901779174805,"{""income_binary"":0.35768821835517883,""civilian_at_work"":0.34666186571121216,""public_coverage"":0.505906879901886}",1.0133737325668335,,,0.4126962423324585,0.4126962423324585,"{""income_binary"":0.38335347175598145,""civilian_at_work"":0.3498084545135498,""public_coverage"":0.5049268007278442}",0.9916104674339294,none; fixed final iterate,0.049409691244363785,1.0,0.049409691244363785,1.0,0.0,0.0,0.0,0.45282870903611183
E_rho0,2,warm_base,30,1260,0,0.39205217361450195,0.39205217361450195,"{""income_binary"":0.3426703214645386,""civilian_at_work"":0.3352719247341156,""public_coverage"":0.4982143044471741}",1.0135610103607178,,,0.4020977318286896,0.4020977318286896,"{""income_binary"":0.3696385622024536,""civilian_at_work"":0.3386308252811432,""public_coverage"":0.4980238974094391}",0.9918490052223206,none; fixed final iterate,0.045652296394109726,1.0,0.045652296394109726,1.0,0.0,0.0,0.0,0.4377044700086117
E_rho0,2,warm_base,35,1470,0,0.38132643699645996,0.38132643699645996,"{""income_binary"":0.3266575038433075,""civilian_at_work"":0.32221028208732605,""public_coverage"":0.4951115548610687}",1.0132721662521362,,,0.3938941955566406,0.3938941955566406,"{""income_binary"":0.35721835494041443,""civilian_at_work"":0.32816874980926514,""public_coverage"":0.4962954819202423}",0.9914246797561646,none; fixed final iterate,0.044608842581510544,1.0,0.044608842581510544,1.0,0.0,0.0,0.0,0.4259352795779705
E_rho0,2,warm_base,40,1680,0,0.3744443953037262,0.3744443953037262,"{""income_binary"":0.3182472288608551,""civilian_at_work"":0.31722092628479004,""public_coverage"":0.4878651201725006}",1.0128042697906494,,,0.3875908851623535,0.3875908851623535,"{""income_binary"":0.34866470098495483,""civilian_at_work"":0.3242798447608948,""public_coverage"":0.4898281693458557}",0.9909822940826416,none; fixed final iterate,0.04173895716667175,1.0,0.04173895716667175,1.0,0.0,0.0,0.0,0.41618335247039795
E_rho0,2,warm_base,45,1890,0,0.3709864914417267,0.3709864914417267,"{""income_binary"":0.3108934462070465,""civilian_at_work"":0.31745433807373047,""public_coverage"":0.48461171984672546}",1.0130234956741333,,,0.3851102292537689,0.3851102292537689,"{""income_binary"":0.3418383002281189,""civilian_at_work"":0.3257899582386017,""public_coverage"":0.4877023994922638}",0.9911212921142578,none; fixed final iterate,0.03783959150314331,1.0,0.03783959150314331,1.0,0.0,0.0,0.0,0.40882608294487
E_rho0,2,warm_base,50,2100,0,0.36433956027030945,0.36433956027030945,"{""income_binary"":0.30453866720199585,""civilian_at_work"":0.3075661063194275,""public_coverage"":0.48091384768486023}",1.0129135847091675,,,0.3792065680027008,0.3792065680027008,"{""income_binary"":0.3362989127635956,""civilian_at_work"":0.31644120812416077,""public_coverage"":0.48487967252731323}",0.9910421371459961,none; fixed final iterate,0.03716051205992699,1.0,0.03716051205992699,1.0,0.0,0.0,0.0,0.40150007233023643
E_rho0,2,warm_base,55,2310,0,0.3593185842037201,0.3593185842037201,"{""income_binary"":0.2950088679790497,""civilian_at_work"":0.3055604100227356,""public_coverage"":0.477386474609375}",1.0130233764648438,,,0.3762255609035492,0.3762255609035492,"{""income_binary"":0.3303024470806122,""civilian_at_work"":0.3156999945640564,""public_coverage"":0.4826742112636566}",0.9911161065101624,none; fixed final iterate,0.03697989881038666,1.0,0.03697989881038666,1.0,0.0,0.0,0.0,0.39629848301410675
E_rho0,2,warm_base,60,2520,0,0.35404229164123535,0.35404229164123535,"{""income_binary"":0.28990840911865234,""civilian_at_work"":0.2971060276031494,""public_coverage"":0.4751124978065491}",1.0128090381622314,,,0.3721315562725067,0.3721315562725067,"{""income_binary"":0.32716459035873413,""civilian_at_work"":0.3079560399055481,""public_coverage"":0.4812740385532379}",0.9909077882766724,none; fixed final iterate,0.037238553166389465,1.0,0.037238553166389465,1.0,0.0,0.0,0.0,0.3912808448076248
E_rho0,2,warm_adversary,0,2520,0,0.35404229164123535,0.35404229164123535,"{""income_binary"":0.28990840911865234,""civilian_at_work"":0.2971060276031494,""public_coverage"":0.4751124978065491}",1.0128090381622314,"{""SEX"":0.6941674947738647,""RAC1P"":2.253591299057007}",1.3704538345336914,0.3721315562725067,0.3721315562725067,"{""income_binary"":0.32716459035873413,""civilian_at_work"":0.3079560399055481,""public_coverage"":0.4812740385532379}",0.9909077882766724,none; fixed final iterate,0.037238553166389465,0.0,0.0,1.0,0.0,0.0,0.0,0.35404229164123535
E_rho0,2,warm_adversary,5,2520,210,0.35404229164123535,0.35404229164123535,"{""income_binary"":0.28990840911865234,""civilian_at_work"":0.2971060276031494,""public_coverage"":0.4751124978065491}",1.0128090381622314,"{""SEX"":0.6635004281997681,""RAC1P"":1.2783783674240112}",0.9721410274505615,0.3721315562725067,0.3721315562725067,"{""income_binary"":0.32716459035873413,""civilian_at_work"":0.3079560399055481,""public_coverage"":0.4812740385532379}",0.9909077882766724,none; fixed final iterate,0.037238553166389465,0.0,0.0,1.0,0.0,0.0,0.0,0.35404229164123535
E_rho0,2,warm_adversary,10,2520,420,0.35404229164123535,0.35404229164123535,"{""income_binary"":0.28990840911865234,""civilian_at_work"":0.2971060276031494,""public_coverage"":0.4751124978065491}",1.0128090381622314,"{""SEX"":0.6504974365234375,""RAC1P"":1.243147850036621}",0.9491637349128723,0.3721315562725067,0.3721315562725067,"{""income_binary"":0.32716459035873413,""civilian_at_work"":0.3079560399055481,""public_coverage"":0.4812740385532379}",0.9909077882766724,none; fixed final iterate,0.037238553166389465,0.0,0.0,1.0,0.0,0.0,0.0,0.35404229164123535
E_rho0,2,warm_adversary,15,2520,630,0.35404229164123535,0.35404229164123535,"{""income_binary"":0.28990840911865234,""civilian_at_work"":0.2971060276031494,""public_coverage"":0.4751124978065491}",1.0128090381622314,"{""SEX"":0.6463474035263062,""RAC1P"":1.216762900352478}",0.9359899759292603,0.3721315562725067,0.3721315562725067,"{""income_binary"":0.32716459035873413,""civilian_at_work"":0.3079560399055481,""public_coverage"":0.4812740385532379}",0.9909077882766724,none; fixed final iterate,0.037238553166389465,0.0,0.0,1.0,0.0,0.0,0.0,0.35404229164123535
E_rho0,2,warm_adversary,20,2520,840,0.35404229164123535,0.35404229164123535,"{""income_binary"":0.28990840911865234,""civilian_at_work"":0.2971060276031494,""public_coverage"":0.4751124978065491}",1.0128090381622314,"{""SEX"":0.6403939127922058,""RAC1P"":1.2074719667434692}",0.9281078577041626,0.3721315562725067,0.3721315562725067,"{""income_binary"":0.32716459035873413,""civilian_at_work"":0.3079560399055481,""public_coverage"":0.4812740385532379}",0.9909077882766724,none; fixed final iterate,0.037238553166389465,0.0,0.0,1.0,0.0,0.0,0.0,0.35404229164123535
S_rho0p1,0,C,0,2520,840,0.4015626907348633,0.357331782579422,"{""income_binary"":0.29808133840560913,""civilian_at_work"":0.2951931953430176,""public_coverage"":0.47872087359428406}",0.4423091411590576,"{""SEX"":0.6513965129852295,""RAC1P"":1.196043610572815}",0.931670069694519,0.4134361445903778,0.3682926893234253,"{""income_binary"":0.3103315532207489,""civilian_at_work"":0.3056712746620178,""public_coverage"":0.48887524008750916}",0.4514346122741699,none; fixed final iterate,0.03057609684765339,1.0,0.03057609684765339,1.0,0.1,0.0,0.0,0.43213878758251667
S_rho0p1,0,C,5,2730,1470,0.3993963599205017,0.35639822483062744,"{""income_binary"":0.29478028416633606,""civilian_at_work"":0.2974381744861603,""public_coverage"":0.4769761860370636}",0.4299813508987427,"{""SEX"":0.6442645788192749,""RAC1P"":1.1882920265197754}",0.9235316514968872,0.4108378291130066,0.36698564887046814,"{""income_binary"":0.3070122003555298,""civilian_at_work"":0.3077782392501831,""public_coverage"":0.48616647720336914}",0.43852174282073975,none; fixed final iterate,0.029063593596220016,1.0,0.029063593596220016,1.0,0.1,0.0,0.0,0.4284599535167217
S_rho0p1,0,C,10,2940,2100,0.3985474705696106,0.35648664832115173,"{""income_binary"":0.294719934463501,""civilian_at_work"":0.2985507547855377,""public_coverage"":0.4761892557144165}",0.4206083416938782,"{""SEX"":0.6526834964752197,""RAC1P"":1.1843540668487549}",0.9280877113342285,0.40994811058044434,0.36700868606567383,"{""income_binary"":0.3050931394100189,""civilian_at_work"":0.3086983859539032,""public_coverage"":0.48723459243774414}",0.4293941557407379,none; fixed final iterate,0.028189586475491524,1.0,0.028189586475491524,1.0,0.1,0.0,0.0,0.4267370570451021
S_rho0p1,0,C,15,3150,2730,0.39167898893356323,0.3509420156478882,"{""income_binary"":0.2879253029823303,""civilian_at_work"":0.2922555208206177,""public_coverage"":0.47264525294303894}",0.4073697030544281,"{""SEX"":0.6371111273765564,""RAC1P"":1.1864385604858398}",0.9176537990570068,0.40549519658088684,0.36388954520225525,"{""income_binary"":0.3024166524410248,""civilian_at_work"":0.30518975853919983,""public_coverage"":0.48406219482421875}",0.41605642437934875,none; fixed final iterate,0.029428884387016296,1.0,0.029428884387016296,1.0,0.1,0.0,0.0,0.42110787332057953
S_rho0p1,0,C,20,3360,3360,0.3893575966358185,0.34954485297203064,"{""income_binary"":0.28818437457084656,""civilian_at_work"":0.28850218653678894,""public_coverage"":0.47194796800613403}",0.3981274366378784,"{""SEX"":0.64240962266922,""RAC1P"":1.173696517944336}",0.9165604114532471,0.40390899777412415,0.3631603717803955,"{""income_binary"":0.30213719606399536,""civilian_at_work"":0.3028877079486847,""public_coverage"":0.4844561815261841}",0.4074863791465759,none; fixed final iterate,0.028483565896749496,1.0,0.028483565896749496,1.0,0.1,0.0,0.0,0.417841162532568
S_rho0p1,0,C,25,3570,3990,0.38691604137420654,0.34820762276649475,"{""income_binary"":0.2848527729511261,""civilian_at_work"":0.2896956503391266,""public_coverage"":0.47007453441619873}",0.38708430528640747,"{""SEX"":0.6282619833946228,""RAC1P"":1.1738426685333252}",0.9064066410064697,0.4011361002922058,0.3615703284740448,"{""income_binary"":0.2974100112915039,""civilian_at_work"":0.3031347692012787,""public_coverage"":0.48416614532470703}",0.39565783739089966,none; fixed final iterate,0.02703920751810074,1.0,0.02703920751810074,1.0,0.1,0.0,0.0,0.4139552488923073
S_rho0p1,0,C,30,3780,4620,0.3854936957359314,0.347565621137619,"{""income_binary"":0.28463518619537354,""civilian_at_work"":0.2884534001350403,""public_coverage"":0.46960821747779846}",0.37928077578544617,"{""SEX"":0.6223076581954956,""RAC1P"":1.1761707067489624}",0.9030078649520874,0.4018431007862091,0.3630037307739258,"{""income_binary"":0.2994721233844757,""civilian_at_work"":0.3041638135910034,""public_coverage"":0.4853753447532654}",0.3883937895298004,none; fixed final iterate,0.027665628120303154,1.0,0.027665628120303154,1.0,0.1,0.0,0.0,0.41315932385623455
S_rho0p1,0,C,35,3990,5250,0.3811952471733093,0.3441634178161621,"{""income_binary"":0.2843910753726959,""civilian_at_work"":0.280575692653656,""public_coverage"":0.4675234258174896}",0.3703184425830841,"{""SEX"":0.6202502250671387,""RAC1P"":1.1679165363311768}",0.8983376026153564,0.3974189758300781,0.3594939708709717,"{""income_binary"":0.2992790639400482,""civilian_at_work"":0.29589712619781494,""public_coverage"":0.4833056926727295}",0.37925010919570923,none; fixed final iterate,0.02687734179198742,1.0,0.02687734179198742,1.0,0.1,0.0,0.0,0.40807258896529675
S_rho0p1,0,C,40,4200,5880,0.379059761762619,0.3426283895969391,"{""income_binary"":0.2821786403656006,""civilian_at_work"":0.2809944450855255,""public_coverage"":0.46471208333969116}",0.36431369185447693,"{""SEX"":0.6173424124717712,""RAC1P"":1.159612774848938}",0.8930345773696899,0.3966636061668396,0.35933664441108704,"{""income_binary"":0.29809480905532837,""civilian_at_work"":0.29775160551071167,""public_coverage"":0.48216351866722107}",0.3732697665691376,none; fixed final iterate,0.02665073797106743,1.0,0.02665073797106743,1.0,0.1,0.0,0.0,0.40571049973368645
S_rho0p1,0,C,45,4410,6510,0.3785214424133301,0.34310659766197205,"{""income_binary"":0.2815069854259491,""civilian_at_work"":0.28562691807746887,""public_coverage"":0.46218591928482056}",0.3541485071182251,"{""SEX"":0.6165221929550171,""RAC1P"":1.1571085453033447}",0.8914762735366821,0.3959749639034271,0.35975101590156555,"{""income_binary"":0.29817527532577515,""civilian_at_work"":0.30161231756210327,""public_coverage"":0.47946545481681824}",0.3622395992279053,none; fixed final iterate,0.026043126359581947,1.0,0.026043126359581947,1.0,0.1,0.0,0.0,0.404564568772912
S_rho0p1,0,C,50,4620,7140,0.3749220371246338,0.34015896916389465,"{""income_binary"":0.28085288405418396,""civilian_at_work"":0.277168869972229,""public_coverage"":0.462455153465271}",0.34763073921203613,"{""SEX"":0.6146003603935242,""RAC1P"":1.1588188409805298}",0.8907493352890015,0.3948211669921875,0.3592185974121094,"{""income_binary"":0.29778045415878296,""civilian_at_work"":0.2974180579185486,""public_coverage"":0.48245733976364136}",0.3560256361961365,none; fixed final iterate,0.026227038353681564,1.0,0.026227038353681564,1.0,0.1,0.0,0.0,0.40114907547831535
S_rho0p1,0,C,55,4830,7770,0.3749852776527405,0.3403545618057251,"{""income_binary"":0.28026270866394043,""civilian_at_work"":0.2772330641746521,""public_coverage"":0.4635678827762604}",0.34630727767944336,"{""SEX"":0.6250001192092896,""RAC1P"":1.1518436670303345}",0.8955628871917725,0.39534902572631836,0.3598220646381378,"{""income_binary"":0.29719987511634827,""civilian_at_work"":0.2961413860321045,""public_coverage"":0.48612499237060547}",0.3552696406841278,none; fixed final iterate,0.025031721219420433,1.0,0.025031721219420433,1.0,0.1,0.0,0.0,0.4000169988721609
S_rho0p1,0,C,60,5040,8400,0.37313663959503174,0.339669793844223,"{""income_binary"":0.2795323133468628,""civilian_at_work"":0.27810463309288025,""public_coverage"":0.46137237548828125}",0.33466845750808716,"{""SEX"":0.6091712117195129,""RAC1P"":1.147504448890686}",0.8824647665023804,0.3940444588661194,0.35963019728660583,"{""income_binary"":0.29760992527008057,""civilian_at_work"":0.2967653274536133,""public_coverage"":0.48451530933380127}",0.34414249658584595,none; fixed final iterate,0.025004621595144272,1.0,0.025004621595144272,1.0,0.1,0.0,0.0,0.398141261190176
S_rho0p1,0,C,65,5250,9030,0.3700912594795227,0.3368087112903595,"{""income_binary"":0.2787645161151886,""civilian_at_work"":0.27235621213912964,""public_coverage"":0.45930540561676025}",0.3328254818916321,"{""SEX"":0.6079596877098083,""RAC1P"":1.1538010835647583}",0.8840203881263733,0.39082780480384827,0.35664594173431396,"{""income_binary"":0.2955174446105957,""civilian_at_work"":0.29309186339378357,""public_coverage"":0.4813285171985626}",0.34181874990463257,none; fixed final iterate,0.025528259575366974,1.0,0.025528259575366974,1.0,0.1,0.0,0.0,0.3956195190548897
S_rho0p1,0,C,70,5460,9660,0.3690944314002991,0.33681878447532654,"{""income_binary"":0.2791101038455963,""civilian_at_work"":0.2754075825214386,""public_coverage"":0.4559386074542999}",0.3227565586566925,"{""SEX"":0.6017394661903381,""RAC1P"":1.1466444730758667}",0.8767695426940918,0.39055049419403076,0.357315331697464,"{""income_binary"":0.2974487245082855,""civilian_at_work"":0.295905739068985,""public_coverage"":0.47859153151512146}",0.33235153555870056,none; fixed final iterate,0.023876063525676727,1.0,0.023876063525676727,1.0,0.1,0.0,0.0,0.3929704949259758
S_rho0p1,0,C,75,5670,10290,0.3674832582473755,0.33510255813598633,"{""income_binary"":0.2765392065048218,""civilian_at_work"":0.273446261882782,""public_coverage"":0.4553222358226776}",0.32380712032318115,"{""SEX"":0.6047815680503845,""RAC1P"":1.1433082818984985}",0.8776775002479553,0.38930049538612366,0.35591673851013184,"{""income_binary"":0.29490023851394653,""civilian_at_work"":0.29434934258461,""public_coverage"":0.4785005748271942}",0.3338375687599182,none; fixed final iterate,0.024063270539045334,1.0,0.024063270539045334,1.0,0.1,0.0,0.0,0.3915465287864208
S_rho0p1,0,C,80,5880,10920,0.36603522300720215,0.3345475196838379,"{""income_binary"":0.2774990200996399,""civilian_at_work"":0.269870787858963,""public_coverage"":0.45627275109291077}",0.3148769736289978,"{""SEX"":0.6034103035926819,""RAC1P"":1.1430870294570923}",0.8766025304794312,0.38981837034225464,0.35729292035102844,"{""income_binary"":0.29639557003974915,""civilian_at_work"":0.2926960289478302,""public_coverage"":0.48278719186782837}",0.32525449991226196,none; fixed final iterate,0.02427743934094906,1.0,0.02427743934094906,1.0,0.1,0.0,0.0,0.3903126623481512
S_rho0p1,0,D,0,2520,840,0.4015626907348633,0.357331782579422,"{""income_binary"":0.29808133840560913,""civilian_at_work"":0.2951931953430176,""public_coverage"":0.47872087359428406}",0.4423091411590576,"{""SEX"":0.6513965129852295,""RAC1P"":1.196043610572815}",0.931670069694519,0.4134361445903778,0.3682926893234253,"{""income_binary"":0.3103315532207489,""civilian_at_work"":0.3056712746620178,""public_coverage"":0.48887524008750916}",0.4514346122741699,none; fixed final iterate,0.03057609684765339,1.0,0.03057609684765339,1.0,0.1,-0.1,-0.0931670069694519,0.33897178061306477
S_rho0p1,0,D,5,2730,1470,0.39974042773246765,0.3564395010471344,"{""income_binary"":0.2947094738483429,""civilian_at_work"":0.2974911630153656,""public_coverage"":0.47711795568466187}",0.4330092668533325,"{""SEX"":0.6482281684875488,""RAC1P"":1.1907492876052856}",0.9273403882980347,0.41121500730514526,0.3670165538787842,"{""income_binary"":0.3068560063838959,""civilian_at_work"":0.3077782094478607,""public_coverage"":0.48641541600227356}",0.4419845938682556,none; fixed final iterate,0.029048746451735497,1.0,0.029048746451735497,1.0,0.1,-0.1,-0.09273403882980347,0.3360551353543997
S_rho0p1,0,D,10,2940,2100,0.3992152810096741,0.35644951462745667,"{""income_binary"":0.29440838098526,""civilian_at_work"":0.29876402020454407,""public_coverage"":0.4761761724948883}",0.4276576340198517,"{""SEX"":0.6517801284790039,""RAC1P"":1.1887930631637573}",0.9291488528251648,0.41068923473358154,0.36696115136146545,"{""income_binary"":0.30462801456451416,""civilian_at_work"":0.3088418245315552,""public_coverage"":0.4874136447906494}",0.4372808635234833,none; fixed final iterate,0.028321025893092155,1.0,0.028321025893092155,1.0,0.1,-0.1,-0.09291488528251649,0.33462142162024977
S_rho0p1,0,D,15,3150,2730,0.3923865556716919,0.35110533237457275,"{""income_binary"":0.28816312551498413,""civilian_at_work"":0.2922230660915375,""public_coverage"":0.47292980551719666}",0.41281214356422424,"{""SEX"":0.6402081251144409,""RAC1P"":1.1879627704620361}",0.920477032661438,0.406379371881485,0.36414989829063416,"{""income_binary"":0.3028060495853424,""civilian_at_work"":0.30524712800979614,""public_coverage"":0.48439642786979675}",0.4222947955131531,none; fixed final iterate,0.029293661937117577,1.0,0.029293661937117577,1.0,0.1,-0.1,-0.09204770326614381,0.32963251434266566
S_rho0p1,0,D,20,3360,3360,0.38983261585235596,0.349523663520813,"{""income_binary"":0.2882263958454132,""civilian_at_work"":0.2881690263748169,""public_coverage"":0.47217559814453125}",0.40308958292007446,"{""SEX"":0.6449506282806396,""RAC1P"":1.1778122186660767}",0.9199824333190918,0.4045092761516571,0.3631882667541504,"{""income_binary"":0.30224210023880005,""civilian_at_work"":0.30252805352211,""public_coverage"":0.4847946763038635}",0.41321003437042236,none; fixed final iterate,0.028392352163791656,1.0,0.028392352163791656,1.0,0.1,-0.1,-0.09199824333190919,0.3262267246842384
S_rho0p1,0,D,25,3570,3990,0.3877670168876648,0.3484790325164795,"{""income_binary"":0.2849484086036682,""civilian_at_work"":0.28998658061027527,""public_coverage"":0.470502108335495}",0.3928799331188202,"{""SEX"":0.6336374282836914,""RAC1P"":1.177693486213684}",0.9117720723152161,0.40235188603401184,0.36208972334861755,"{""income_binary"":0.29768967628479004,""civilian_at_work"":0.3035982847213745,""public_coverage"":0.4849812090396881}",0.4026215672492981,none; fixed final iterate,0.026836661621928215,1.0,0.026836661621928215,1.0,0.1,-0.1,-0.09117720723152162,0.3234264712780714
S_rho0p1,0,D,30,3780,4620,0.38623422384262085,0.34776410460472107,"{""income_binary"":0.28475481271743774,""civilian_at_work"":0.2886655628681183,""public_coverage"":0.46987184882164}",0.38470107316970825,"{""SEX"":0.6281130313873291,""RAC1P"":1.1821445226669312}",0.9095028638839722,0.4027765691280365,0.36330410838127136,"{""income_binary"":0.29996562004089355,""civilian_at_work"":0.30407270789146423,""public_coverage"":0.4858739674091339}",0.3947245180606842,none; fixed final iterate,0.027458854019641876,1.0,0.027458854019641876,1.0,0.1,-0.1,-0.09095028638839722,0.32274279147386553
S_rho0p1,0,D,35,3990,5250,0.3822322487831116,0.3444809019565582,"{""income_binary"":0.28460898995399475,""civilian_at_work"":0.28076180815696716,""public_coverage"":0.46807199716567993}",0.3775135278701782,"{""SEX"":0.6267364621162415,""RAC1P"":1.1725552082061768}",0.904808759689331,0.3988080322742462,0.36006811261177063,"{""income_binary"":0.29998740553855896,""civilian_at_work"":0.29594123363494873,""public_coverage"":0.4842757284641266}",0.38739916682243347,none; fixed final iterate,0.02663422003388405,1.0,0.02663422003388405,1.0,0.1,-0.1,-0.09048087596893312,0.3183855928480625
S_rho0p1,0,D,40,4200,5880,0.3801431655883789,0.3427139222621918,"{""income_binary"":0.28222590684890747,""civilian_at_work"":0.280646413564682,""public_coverage"":0.4652694761753082}",0.3742925524711609,"{""SEX"":0.6230572462081909,""RAC1P"":1.1660114526748657}",0.899628221988678,0.39812859892845154,0.359684020280838,"{""income_binary"":0.2986585795879364,""civilian_at_work"":0.29747387766838074,""public_coverage"":0.4829196333885193}",0.3844457268714905,none; fixed final iterate,0.026628024876117706,1.0,0.026628024876117706,1.0,0.1,-0.1,-0.08996282219886781,0.3168083682656288
S_rho0p1,0,D,45,4410,6510,0.3794945478439331,0.34348201751708984,"{""income_binary"":0.2816435694694519,""civilian_at_work"":0.28578057885169983,""public_coverage"":0.4630218744277954}",0.36012524366378784,"{""SEX"":0.6248324513435364,""RAC1P"":1.1624764204025269}",0.8995451927185059,0.39732861518859863,0.36037132143974304,"{""income_binary"":0.29886946082115173,""civilian_at_work"":0.3019852638244629,""public_coverage"":0.48025915026664734}",0.36957287788391113,none; fixed final iterate,0.025891225785017014,1.0,0.025891225785017014,1.0,0.1,-0.1,-0.0899545192718506,0.3154312543570995
S_rho0p1,0,D,50,4620,7140,0.3757023215293884,0.3402363955974579,"{""income_binary"":0.2810649573802948,""civilian_at_work"":0.27688151597976685,""public_coverage"":0.462762713432312}",0.35465919971466064,"{""SEX"":0.6201460957527161,""RAC1P"":1.1626509428024292}",0.8962304592132568,0.39589542150497437,0.3594644069671631,"{""income_binary"":0.29861024022102356,""civilian_at_work"":0.2971023917198181,""public_coverage"":0.4826805591583252}",0.36430999636650085,none; fixed final iterate,0.02605665661394596,1.0,0.02605665661394596,1.0,0.1,-0.1,-0.0896230459213257,0.3121359322220087
S_rho0p1,0,D,55,4830,7770,0.37630346417427063,0.3407629728317261,"{""income_binary"":0.2810716927051544,""civilian_at_work"":0.2773844599723816,""public_coverage"":0.4638327360153198}",0.3554048538208008,"{""SEX"":0.6307036280632019,""RAC1P"":1.1597545146942139}",0.9027318954467773,0.3969620168209076,0.36036527156829834,"{""income_binary"":0.29858267307281494,""civilian_at_work"":0.29637840390205383,""public_coverage"":0.48613476753234863}",0.36596745252609253,none; fixed final iterate,0.02475219964981079,1.0,0.02475219964981079,1.0,0.1,-0.1,-0.09027318954467774,0.3107824742794037
S_rho0p1,0,D,60,5040,8400,0.37437331676483154,0.34016963839530945,"{""income_binary"":0.279678612947464,""civilian_at_work"":0.2783244252204895,""public_coverage"":0.4625057876110077}",0.3420368731021881,"{""SEX"":0.6145366430282593,""RAC1P"":1.1543232202529907}",0.8889684677124023,0.39543285965919495,0.3601514995098114,"{""income_binary"":0.2979452610015869,""civilian_at_work"":0.2971246540546417,""public_coverage"":0.4853845536708832}",0.3528134822845459,none; fixed final iterate,0.02486100234091282,1.0,0.02486100234091282,1.0,0.1,-0.1,-0.08889684677124024,0.31033747233450415
S_rho0p1,0,D,65,5250,9030,0.3709173798561096,0.33693113923072815,"{""income_binary"":0.2784949839115143,""civilian_at_work"":0.2722039520740509,""public_coverage"":0.46009451150894165}",0.3398624360561371,"{""SEX"":0.6134054660797119,""RAC1P"":1.1585444211959839}",0.8897810578346252,0.3916320502758026,0.35655006766319275,"{""income_binary"":0.2951454818248749,""civilian_at_work"":0.29280397295951843,""public_coverage"":0.48170074820518494}",0.35081976652145386,none; fixed final iterate,0.02547026425600052,1.0,0.02547026425600052,1.0,0.1,-0.1,-0.08897810578346253,0.3074095383286476
S_rho0p1,0,D,70,5460,9660,0.37004557251930237,0.3371398448944092,"{""income_binary"":0.27909085154533386,""civilian_at_work"":0.2752823531627655,""public_coverage"":0.4570463001728058}",0.3290572166442871,"{""SEX"":0.6091827750205994,""RAC1P"":1.1540498733520508}",0.8849990963935852,0.39149466156959534,0.35746800899505615,"{""income_binary"":0.29746419191360474,""civilian_at_work"":0.29588207602500916,""public_coverage"":0.47905781865119934}",0.3402664363384247,none; fixed final iterate,0.023803258314728737,1.0,0.023803258314728737,1.0,0.1,-0.1,-0.08849990963935853,0.3053489211946726
S_rho0p1,0,D,75,5670,10290,0.36839649081230164,0.33552834391593933,"{""income_binary"":0.27678704261779785,""civilian_at_work"":0.27345743775367737,""public_coverage"":0.4563405513763428}",0.32868143916130066,"{""SEX"":0.6095571517944336,""RAC1P"":1.1504993438720703}",0.8838990926742554,0.39023369550704956,0.3561801016330719,"{""income_binary"":0.29522278904914856,""civilian_at_work"":0.2945038676261902,""public_coverage"":0.47881364822387695}",0.3405357897281647,none; fixed final iterate,0.024066388607025146,1.0,0.024066388607025146,1.0,0.1,-0.1,-0.08838990926742554,0.30407297015190127
S_rho0p1,0,D,80,5880,10920,0.36726295948028564,0.3349381387233734,"{""income_binary"":0.2776494026184082,""civilian_at_work"":0.27005016803741455,""public_coverage"":0.4571147561073303}",0.32324814796447754,"{""SEX"":0.6081911325454712,""RAC1P"":1.15113365650177}",0.8831580877304077,0.3908768892288208,0.35734787583351135,"{""income_binary"":0.2965955138206482,""civilian_at_work"":0.2928018569946289,""public_coverage"":0.48264622688293457}",0.3352900743484497,none; fixed final iterate,0.02431735396385193,1.0,0.02431735396385193,1.0,0.1,-0.1,-0.08831580877304078,0.3032645046710968
S_rho0p1,0,warm_base,0,0,0,0.8058930039405823,0.7027423977851868,"{""income_binary"":0.6993687152862549,""civilian_at_work"":0.6676714420318604,""public_coverage"":0.7411870956420898}",1.031505823135376,,,0.806303083896637,0.7035148739814758,"{""income_binary"":0.7059230208396912,""civilian_at_work"":0.6681001782417297,""public_coverage"":0.7365214824676514}",1.0278820991516113,none; fixed final iterate,0.5625000596046448,1.0,0.5625000596046448,1.0,0.1,0.0,0.0,1.368393063545227
S_rho0p1,0,warm_base,5,210,0,0.6348564028739929,0.5599825978279114,"{""income_binary"":0.52089524269104,""civilian_at_work"":0.5308648943901062,""public_coverage"":0.6281877160072327}",0.7487379908561707,,,0.6351134777069092,0.5601426959037781,"{""income_binary"":0.5230827927589417,""civilian_at_work"":0.5320695638656616,""public_coverage"":0.6252756118774414}",0.7497075200080872,none; fixed final iterate,0.03832884877920151,1.0,0.03832884877920151,1.0,0.1,0.0,0.0,0.6731852516531944
S_rho0p1,0,warm_base,10,420,0,0.5486867427825928,0.48184311389923096,"{""income_binary"":0.4315260946750641,""civilian_at_work"":0.44809621572494507,""public_coverage"":0.5659070014953613}",0.6684359908103943,,,0.5492801666259766,0.48222827911376953,"{""income_binary"":0.43375226855278015,""civilian_at_work"":0.4495065212249756,""public_coverage"":0.5634260773658752}",0.6705186367034912,none; fixed final iterate,0.046485498547554016,1.0,0.046485498547554016,1.0,0.1,0.0,0.0,0.5951722413301468
S_rho0p1,0,warm_base,15,630,0,0.5042718648910522,0.44235625863075256,"{""income_binary"":0.3904687166213989,""civilian_at_work"":0.3992680013179779,""public_coverage"":0.5373320579528809}",0.6191563010215759,,,0.5056678056716919,0.4434267282485962,"{""income_binary"":0.39355501532554626,""civilian_at_work"":0.4010169506072998,""public_coverage"":0.5357081890106201}",0.6224108934402466,none; fixed final iterate,0.04377138987183571,1.0,0.04377138987183571,1.0,0.1,0.0,0.0,0.548043254762888
S_rho0p1,0,warm_base,20,840,0,0.47397881746292114,0.4148796498775482,"{""income_binary"":0.35879701375961304,""civilian_at_work"":0.36701399087905884,""public_coverage"":0.5188279151916504}",0.5909917950630188,,,0.47620365023612976,0.4167059361934662,"{""income_binary"":0.3627728521823883,""civilian_at_work"":0.36850687861442566,""public_coverage"":0.518838107585907}",0.5949770212173462,none; fixed final iterate,0.04401642829179764,1.0,0.04401642829179764,1.0,0.1,0.0,0.0,0.5179952457547188
S_rho0p1,0,warm_base,25,1050,0,0.45955008268356323,0.4025174081325531,"{""income_binary"":0.34506598114967346,""civilian_at_work"":0.35106804966926575,""public_coverage"":0.5114182233810425}",0.5703267455101013,,,0.463649719953537,0.4061298370361328,"{""income_binary"":0.35080716013908386,""civilian_at_work"":0.3546293079853058,""public_coverage"":0.5129530429840088}",0.5751988291740417,none; fixed final iterate,0.03816353529691696,1.0,0.03816353529691696,1.0,0.1,0.0,0.0,0.4977136179804802
S_rho0p1,0,warm_base,30,1260,0,0.44582468271255493,0.3909520208835602,"{""income_binary"":0.3370038866996765,""civilian_at_work"":0.3356160521507263,""public_coverage"":0.5002361536026001}",0.5487265586853027,,,0.4514702558517456,0.3960202634334564,"{""income_binary"":0.3445746600627899,""civilian_at_work"":0.3399624824523926,""public_coverage"":0.503523588180542}",0.5544998645782471,none; fixed final iterate,0.03594392538070679,1.0,0.03594392538070679,1.0,0.1,0.0,0.0,0.4817686080932617
S_rho0p1,0,warm_base,35,1470,0,0.43354707956314087,0.3808266222476959,"{""income_binary"":0.32517117261886597,""civilian_at_work"":0.32522809505462646,""public_coverage"":0.49208056926727295}",0.527204692363739,,,0.439503937959671,0.3861139118671417,"{""income_binary"":0.3331320285797119,""civilian_at_work"":0.32828661799430847,""public_coverage"":0.4969230592250824}",0.5339001417160034,none; fixed final iterate,0.035752203315496445,1.0,0.035752203315496445,1.0,0.1,0.0,0.0,0.4692992828786373
S_rho0p1,0,warm_base,40,1680,0,0.42335957288742065,0.3728599548339844,"{""income_binary"":0.3155214786529541,""civilian_at_work"":0.31507375836372375,""public_coverage"":0.48798465728759766}",0.5049962997436523,,,0.43054330348968506,0.37931016087532043,"{""income_binary"":0.32351094484329224,""civilian_at_work"":0.3203408718109131,""public_coverage"":0.49407872557640076}",0.5123313665390015,none; fixed final iterate,0.03567608818411827,1.0,0.03567608818411827,1.0,0.1,0.0,0.0,0.4590356610715389
S_rho0p1,0,warm_base,45,1890,0,0.4183938205242157,0.3695610463619232,"{""income_binary"":0.31136444211006165,""civilian_at_work"":0.3103565573692322,""public_coverage"":0.4869620203971863}",0.4883277416229248,,,0.4267446994781494,0.3771451711654663,"{""income_binary"":0.3206377923488617,""civilian_at_work"":0.3179110586643219,""public_coverage"":0.4928866922855377}",0.49599525332450867,none; fixed final iterate,0.0326654426753521,1.0,0.0326654426753521,1.0,0.1,0.0,0.0,0.4510592631995678
S_rho0p1,0,warm_base,50,2100,0,0.4120500087738037,0.364534467458725,"{""income_binary"":0.3036894202232361,""civilian_at_work"":0.3064711093902588,""public_coverage"":0.48344284296035767}",0.4751555621623993,,,0.42168641090393066,0.37333059310913086,"{""income_binary"":0.313399076461792,""civilian_at_work"":0.3144253194332123,""public_coverage"":0.49216729402542114}",0.4835582673549652,none; fixed final iterate,0.03239308297634125,1.0,0.03239308297634125,1.0,0.1,0.0,0.0,0.44444309175014496
S_rho0p1,0,warm_base,55,2310,0,0.4073474109172821,0.36134839057922363,"{""income_binary"":0.30080345273017883,""civilian_at_work"":0.3031463325023651,""public_coverage"":0.48009538650512695}",0.4599902331829071,,,0.41758325695991516,0.37073472142219543,"{""income_binary"":0.3120534420013428,""civilian_at_work"":0.3117195963859558,""public_coverage"":0.4884311854839325}",0.4684852957725525,none; fixed final iterate,0.030862031504511833,1.0,0.030862031504511833,1.0,0.1,0.0,0.0,0.43820944242179394
S_rho0p1,0,warm_base,60,2520,0,0.4015626907348633,0.357331782579422,"{""income_binary"":0.29808133840560913,""civilian_at_work"":0.2951931953430176,""public_coverage"":0.47872087359428406}",0.4423091411590576,,,0.4134361445903778,0.3682926893234253,"{""income_binary"":0.3103315532207489,""civilian_at_work"":0.3056712746620178,""public_coverage"":0.48887524008750916}",0.4514346122741699,none; fixed final iterate,0.03057609684765339,1.0,0.03057609684765339,1.0,0.1,0.0,0.0,0.43213878758251667
S_rho0p1,0,warm_adversary,0,2520,0,0.4015626907348633,0.357331782579422,"{""income_binary"":0.29808133840560913,""civilian_at_work"":0.2951931953430176,""public_coverage"":0.47872087359428406}",0.4423091411590576,"{""SEX"":0.7059075236320496,""RAC1P"":2.2215819358825684}",1.3667750358581543,0.4134361445903778,0.3682926893234253,"{""income_binary"":0.3103315532207489,""civilian_at_work"":0.3056712746620178,""public_coverage"":0.48887524008750916}",0.4514346122741699,none; fixed final iterate,0.03057609684765339,0.0,0.0,1.0,0.1,0.0,0.0,0.4015626907348633
S_rho0p1,0,warm_adversary,5,2520,210,0.4015626907348633,0.357331782579422,"{""income_binary"":0.29808133840560913,""civilian_at_work"":0.2951931953430176,""public_coverage"":0.47872087359428406}",0.4423091411590576,"{""SEX"":0.6688709259033203,""RAC1P"":1.23381769657135}",0.9588584899902344,0.4134361445903778,0.3682926893234253,"{""income_binary"":0.3103315532207489,""civilian_at_work"":0.3056712746620178,""public_coverage"":0.48887524008750916}",0.4514346122741699,none; fixed final iterate,0.03057609684765339,0.0,0.0,1.0,0.1,0.0,0.0,0.4015626907348633
S_rho0p1,0,warm_adversary,10,2520,420,0.4015626907348633,0.357331782579422,"{""income_binary"":0.29808133840560913,""civilian_at_work"":0.2951931953430176,""public_coverage"":0.47872087359428406}",0.4423091411590576,"{""SEX"":0.6596187353134155,""RAC1P"":1.2136808633804321}",0.9444103240966797,0.4134361445903778,0.3682926893234253,"{""income_binary"":0.3103315532207489,""civilian_at_work"":0.3056712746620178,""public_coverage"":0.48887524008750916}",0.4514346122741699,none; fixed final iterate,0.03057609684765339,0.0,0.0,1.0,0.1,0.0,0.0,0.4015626907348633
S_rho0p1,0,warm_adversary,15,2520,630,0.4015626907348633,0.357331782579422,"{""income_binary"":0.29808133840560913,""civilian_at_work"":0.2951931953430176,""public_coverage"":0.47872087359428406}",0.4423091411590576,"{""SEX"":0.6554600596427917,""RAC1P"":1.2025450468063354}",0.9371116161346436,0.4134361445903778,0.3682926893234253,"{""income_binary"":0.3103315532207489,""civilian_at_work"":0.3056712746620178,""public_coverage"":0.48887524008750916}",0.4514346122741699,none; fixed final iterate,0.03057609684765339,0.0,0.0,1.0,0.1,0.0,0.0,0.4015626907348633
S_rho0p1,0,warm_adversary,20,2520,840,0.4015626907348633,0.357331782579422,"{""income_binary"":0.29808133840560913,""civilian_at_work"":0.2951931953430176,""public_coverage"":0.47872087359428406}",0.4423091411590576,"{""SEX"":0.6513965129852295,""RAC1P"":1.196043610572815}",0.931670069694519,0.4134361445903778,0.3682926893234253,"{""income_binary"":0.3103315532207489,""civilian_at_work"":0.3056712746620178,""public_coverage"":0.48887524008750916}",0.4514346122741699,none; fixed final iterate,0.03057609684765339,0.0,0.0,1.0,0.1,0.0,0.0,0.4015626907348633
S_rho0p1,1,C,0,2460,820,0.39743074774742126,0.35587000846862793,"{""income_binary"":0.30039575695991516,""civilian_at_work"":0.2868802547454834,""public_coverage"":0.48033407330513}",0.4156074523925781,"{""SEX"":0.6374812126159668,""RAC1P"":1.175394892692566}",0.9210777282714844,0.41566523909568787,0.37339845299720764,"{""income_binary"":0.3136412501335144,""civilian_at_work"":0.3268655240535736,""public_coverage"":0.4796886444091797}",0.42266789078712463,none; fixed final iterate,0.03540240228176117,1.0,0.03540240228176117,1.0,0.1,0.0,0.0,0.43283315002918243
S_rho0p1,1,C,5,2665,1435,0.3936839997768402,0.3532524108886719,"{""income_binary"":0.29433122277259827,""civilian_at_work"":0.2866998612880707,""public_coverage"":0.4787260890007019}",0.4043157994747162,"{""SEX"":0.633581280708313,""RAC1P"":1.171114206314087}",0.9165842533111572,0.4127676486968994,0.37153539061546326,"{""income_binary"":0.3088344931602478,""civilian_at_work"":0.32729876041412354,""public_coverage"":0.47847288846969604}",0.4123227000236511,none; fixed final iterate,0.03384120389819145,1.0,0.03384120389819145,1.0,0.1,0.0,0.0,0.42752520367503166
S_rho0p1,1,C,10,2870,2050,0.38905423879623413,0.3498338758945465,"{""income_binary"":0.2898431420326233,""civilian_at_work"":0.28206151723861694,""public_coverage"":0.4775969386100769}",0.3922036588191986,"{""SEX"":0.6296243667602539,""RAC1P"":1.1636682748794556}",0.9108080863952637,0.4093087613582611,0.36920642852783203,"{""income_binary"":0.3046022653579712,""civilian_at_work"":0.324387788772583,""public_coverage"":0.4786291718482971}",0.40102335810661316,none; fixed final iterate,0.03393020108342171,1.0,0.03393020108342171,1.0,0.1,0.0,0.0,0.42298443987965584
S_rho0p1,1,C,15,3075,2665,0.38466963171958923,0.3466767370700836,"{""income_binary"":0.2871512174606323,""civilian_at_work"":0.27895474433898926,""public_coverage"":0.47392433881759644}",0.37992894649505615,"{""SEX"":0.6248363852500916,""RAC1P"":1.158164620399475}",0.9051939845085144,0.4071055054664612,0.36824098229408264,"{""income_binary"":0.30314719676971436,""civilian_at_work"":0.32474061846733093,""public_coverage"":0.47683507204055786}",0.38864508271217346,none; fixed final iterate,0.034390196204185486,1.0,0.034390196204185486,1.0,0.1,0.0,0.0,0.4190598279237747
S_rho0p1,1,C,20,3280,3280,0.3822181224822998,0.3449166715145111,"{""income_binary"":0.28510773181915283,""civilian_at_work"":0.27643874287605286,""public_coverage"":0.47320353984832764}",0.3730144202709198,"{""SEX"":0.619650661945343,""RAC1P"":1.156083106994629}",0.9006350040435791,0.4046351909637451,0.36643972992897034,"{""income_binary"":0.30053722858428955,""civilian_at_work"":0.32138192653656006,""public_coverage"":0.47740012407302856}",0.3819546401500702,none; fixed final iterate,0.03265969827771187,1.0,0.03265969827771187,1.0,0.1,0.0,0.0,0.4148778207600117
S_rho0p1,1,C,25,3485,3895,0.37859782576560974,0.3423805236816406,"{""income_binary"":0.2851412296295166,""civilian_at_work"":0.27208617329597473,""public_coverage"":0.4699142277240753}",0.36217302083969116,"{""SEX"":0.6173194646835327,""RAC1P"":1.151772379875183}",0.8972618579864502,0.4032028615474701,0.3659280836582184,"{""income_binary"":0.3017213046550751,""civilian_at_work"":0.3201417028903961,""public_coverage"":0.47592127323150635}",0.37274789810180664,none; fixed final iterate,0.03181328624486923,1.0,0.03181328624486923,1.0,0.1,0.0,0.0,0.410411112010479
S_rho0p1,1,C,30,3690,4510,0.377009779214859,0.34173282980918884,"{""income_binary"":0.283843070268631,""civilian_at_work"":0.27081993222236633,""public_coverage"":0.47053539752960205}",0.3527695834636688,"{""SEX"":0.6155912280082703,""RAC1P"":1.152052640914917}",0.8961244821548462,0.40268340706825256,0.36638379096984863,"{""income_binary"":0.3011111915111542,""civilian_at_work"":0.32052022218704224,""public_coverage"":0.4775199890136719}",0.3629962205886841,none; fixed final iterate,0.030324455350637436,1.0,0.030324455350637436,1.0,0.1,0.0,0.0,0.40733423456549644
S_rho0p1,1,C,35,3895,5125,0.37471500039100647,0.33977219462394714,"{""income_binary"":0.28332164883613586,""civilian_at_work"":0.2677643299102783,""public_coverage"":0.46823057532310486}",0.34942811727523804,"{""SEX"":0.6186795234680176,""RAC1P"":1.1476542949676514}",0.8966282606124878,0.4017479717731476,0.3657311499118805,"{""income_binary"":0.30040425062179565,""civilian_at_work"":0.3193414807319641,""public_coverage"":0.4774477183818817}",0.3601682484149933,none; fixed final iterate,0.029797948896884918,1.0,0.029797948896884918,1.0,0.1,0.0,0.0,0.4045129492878914
S_rho0p1,1,C,40,4100,5740,0.3710048794746399,0.3371773660182953,"{""income_binary"":0.28001776337623596,""civilian_at_work"":0.26639702916145325,""public_coverage"":0.4651172161102295}",0.33827510476112366,"{""SEX"":0.6119791865348816,""RAC1P"":1.1434992551803589}",0.8901629447937012,0.39904046058654785,0.36417070031166077,"{""income_binary"":0.2978333830833435,""civilian_at_work"":0.31836411356925964,""public_coverage"":0.4763147234916687}",0.3486976623535156,none; fixed final iterate,0.030141258612275124,1.0,0.030141258612275124,1.0,0.1,0.0,0.0,0.401146138086915
S_rho0p1,1,C,45,4305,6355,0.36972934007644653,0.33631575107574463,"{""income_binary"":0.2790816128253937,""civilian_at_work"":0.2652598023414612,""public_coverage"":0.46460583806037903}",0.33413583040237427,"{""SEX"":0.6073179841041565,""RAC1P"":1.1450861692428589}",0.8874213099479675,0.3974725008010864,0.36290884017944336,"{""income_binary"":0.2958495616912842,""civilian_at_work"":0.31877559423446655,""public_coverage"":0.47410130500793457}",0.3456367254257202,none; fixed final iterate,0.027862517163157463,1.0,0.027862517163157463,1.0,0.1,0.0,0.0,0.397591857239604
S_rho0p1,1,C,50,4510,6970,0.36971402168273926,0.33698055148124695,"{""income_binary"":0.27959635853767395,""civilian_at_work"":0.26782482862472534,""public_coverage"":0.4635204076766968}",0.32733476161956787,"{""SEX"":0.6101903915405273,""RAC1P"":1.1414328813552856}",0.8880615234375,0.3986891210079193,0.36486515402793884,"{""income_binary"":0.29833629727363586,""civilian_at_work"":0.3213600814342499,""public_coverage"":0.4748991131782532}",0.33823972940444946,none; fixed final iterate,0.026471827179193497,1.0,0.026471827179193497,1.0,0.1,0.0,0.0,0.39618584886193275
S_rho0p1,1,C,55,4715,7585,0.3671262562274933,0.33487966656684875,"{""income_binary"":0.2788168787956238,""civilian_at_work"":0.263393372297287,""public_coverage"":0.4624288082122803}",0.32246580719947815,"{""SEX"":0.6058871150016785,""RAC1P"":1.1338098049163818}",0.8819659352302551,0.3971964716911316,0.36374616622924805,"{""income_binary"":0.2966999113559723,""civilian_at_work"":0.32021188735961914,""public_coverage"":0.4743266999721527}",0.33450308442115784,none; fixed final iterate,0.027110952883958817,1.0,0.027110952883958817,1.0,0.1,0.0,0.0,0.3942372091114521
S_rho0p1,1,C,60,4920,8200,0.3629859685897827,0.331724613904953,"{""income_binary"":0.2749062776565552,""civilian_at_work"":0.2598409354686737,""public_coverage"":0.46042656898498535}",0.31261351704597473,"{""SEX"":0.6016349196434021,""RAC1P"":1.1306086778640747}",0.8776415586471558,0.3951224982738495,0.3627336919307709,"{""income_binary"":0.2940789461135864,""civilian_at_work"":0.3193735182285309,""public_coverage"":0.4747486710548401}",0.3238880932331085,none; fixed final iterate,0.028320400044322014,1.0,0.028320400044322014,1.0,0.1,0.0,0.0,0.39130636863410473
S_rho0p1,1,C,65,5125,8815,0.3619456887245178,0.3310399353504181,"{""income_binary"":0.27505701780319214,""civilian_at_work"":0.2596363425254822,""public_coverage"":0.45842641592025757}",0.3090576231479645,"{""SEX"":0.6008119583129883,""RAC1P"":1.1292067766189575}",0.876497745513916,0.3944282531738281,0.362368106842041,"{""income_binary"":0.2944188714027405,""civilian_at_work"":0.3182271718978882,""public_coverage"":0.4744582176208496}",0.32060155272483826,none; fixed final iterate,0.02672373130917549,1.0,0.02672373130917549,1.0,0.1,0.0,0.0,0.3886694200336933
S_rho0p1,1,C,70,5330,9430,0.360670804977417,0.3302515149116516,"{""income_binary"":0.27478528022766113,""civilian_at_work"":0.2569584846496582,""public_coverage"":0.4590107798576355}",0.30419299006462097,"{""SEX"":0.6000018119812012,""RAC1P"":1.1266567707061768}",0.8749129772186279,0.3949141204357147,0.3633727729320526,"{""income_binary"":0.29583418369293213,""civilian_at_work"":0.31814298033714294,""public_coverage"":0.4761411249637604}",0.31541359424591064,none; fixed final iterate,0.02664310485124588,1.0,0.02664310485124588,1.0,0.1,0.0,0.0,0.3873139098286629
S_rho0p1,1,C,75,5535,10045,0.3590955138206482,0.3291972875595093,"{""income_binary"":0.2738022804260254,""civilian_at_work"":0.2552587687969208,""public_coverage"":0.4585307836532593}",0.2989822328090668,"{""SEX"":0.5948726534843445,""RAC1P"":1.12411630153656}",0.8702148199081421,0.39389798045158386,0.36297357082366943,"{""income_binary"":0.2951226532459259,""civilian_at_work"":0.31770530343055725,""public_coverage"":0.47609272599220276}",0.3092440366744995,none; fixed final iterate,0.026909708976745605,1.0,0.026909708976745605,1.0,0.1,0.0,0.0,0.3860052227973938
S_rho0p1,1,C,80,5740,10660,0.3586537539958954,0.3292563855648041,"{""income_binary"":0.27199989557266235,""civilian_at_work"":0.2577863931655884,""public_coverage"":0.4579828977584839}",0.29397374391555786,"{""SEX"":0.596770703792572,""RAC1P"":1.1260415315628052}",0.8723397254943848,0.3944252133369446,0.36404597759246826,"{""income_binary"":0.29396894574165344,""civilian_at_work"":0.32013562321662903,""public_coverage"":0.4780333340167999}",0.30379244685173035,none; fixed final iterate,0.02623625285923481,1.0,0.02623625285923481,1.0,0.1,0.0,0.0,0.3848900068551302
S_rho0p1,1,D,0,2460,820,0.39743074774742126,0.35587000846862793,"{""income_binary"":0.30039575695991516,""civilian_at_work"":0.2868802547454834,""public_coverage"":0.48033407330513}",0.4156074523925781,"{""SEX"":0.6374812126159668,""RAC1P"":1.175394892692566}",0.9210777282714844,0.41566523909568787,0.37339845299720764,"{""income_binary"":0.3136412501335144,""civilian_at_work"":0.3268655240535736,""public_coverage"":0.4796886444091797}",0.42266789078712463,none; fixed final iterate,0.03540240228176117,1.0,0.03540240228176117,1.0,0.1,-0.1,-0.09210777282714844,0.340725377202034
S_rho0p1,1,D,5,2665,1435,0.39412590861320496,0.3533518612384796,"{""income_binary"":0.29433971643447876,""civilian_at_work"":0.28675347566604614,""public_coverage"":0.47896242141723633}",0.4077405035495758,"{""SEX"":0.638103723526001,""RAC1P"":1.1728675365447998}",0.9205357432365417,0.4132249355316162,0.3716614246368408,"{""income_binary"":0.3087301254272461,""civilian_at_work"":0.32761287689208984,""public_coverage"":0.4786412715911865}",0.41563525795936584,none; fixed final iterate,0.03374527022242546,1.0,0.03374527022242546,1.0,0.1,-0.1,-0.09205357432365419,0.33581760451197623
S_rho0p1,1,D,10,2870,2050,0.3896966576576233,0.34998926520347595,"{""income_binary"":0.28962093591690063,""civilian_at_work"":0.282469779253006,""public_coverage"":0.47787705063819885}",0.39707380533218384,"{""SEX"":0.6364579200744629,""RAC1P"":1.1662665605545044}",0.9167590141296387,0.40998050570487976,0.36939969658851624,"{""income_binary"":0.3042615056037903,""civilian_at_work"":0.325123131275177,""public_coverage"":0.4788145124912262}",0.40580812096595764,none; fixed final iterate,0.03407638892531395,1.0,0.03407638892531395,1.0,0.1,-0.1,-0.09167590141296388,0.33209714516997335
S_rho0p1,1,D,15,3075,2665,0.3853068947792053,0.3468937575817108,"{""income_binary"":0.287369042634964,""civilian_at_work"":0.27903297543525696,""public_coverage"":0.4742792546749115}",0.38413140177726746,"{""SEX"":0.6305364966392517,""RAC1P"":1.1603353023529053}",0.910159170627594,0.4077566862106323,0.36848923563957214,"{""income_binary"":0.30319130420684814,""civilian_at_work"":0.32528308033943176,""public_coverage"":0.4769933223724365}",0.3926745653152466,none; fixed final iterate,0.03416695073246956,1.0,0.03416695073246956,1.0,0.1,-0.1,-0.09101591706275941,0.32845792844891547
S_rho0p1,1,D,20,3280,3280,0.382995069026947,0.34521570801734924,"{""income_binary"":0.2849416434764862,""civilian_at_work"":0.2772423326969147,""public_coverage"":0.47346317768096924}",0.37779363989830017,"{""SEX"":0.6259841322898865,""RAC1P"":1.1583943367004395}",0.9061124324798584,0.4053732454776764,0.36669984459877014,"{""income_binary"":0.3000998795032501,""civilian_at_work"":0.32229769229888916,""public_coverage"":0.4777020215988159}",0.3867339491844177,none; fixed final iterate,0.032704804092645645,1.0,0.032704804092645645,1.0,0.1,-0.1,-0.09061124324798585,0.3250886298716068
S_rho0p1,1,D,25,3485,3895,0.37934374809265137,0.3426985740661621,"{""income_binary"":0.28528839349746704,""civilian_at_work"":0.2726154923439026,""public_coverage"":0.4701918065547943}",0.36645159125328064,"{""SEX"":0.6223416328430176,""RAC1P"":1.1531723737716675}",0.9014354944229126,0.4040476679801941,0.36631885170936584,"{""income_binary"":0.3016403615474701,""civilian_at_work"":0.32100459933280945,""public_coverage"":0.4763116240501404}",0.37728801369667053,none; fixed final iterate,0.031532447785139084,1.0,0.031532447785139084,1.0,0.1,-0.1,-0.09014354944229126,0.3207326464354992
S_rho0p1,1,D,30,3690,4510,0.37757357954978943,0.34185442328453064,"{""income_binary"":0.28383946418762207,""civilian_at_work"":0.27107512950897217,""public_coverage"":0.4706486761569977}",0.3571915328502655,"{""SEX"":0.6198364496231079,""RAC1P"":1.1540765762329102}",0.8999820947647095,0.4032886028289795,0.3664986789226532,"{""income_binary"":0.30075350403785706,""civilian_at_work"":0.32103973627090454,""public_coverage"":0.4777027368545532}",0.367899090051651,none; fixed final iterate,0.03015909530222416,1.0,0.03015909530222416,1.0,0.1,-0.1,-0.08999820947647096,0.3177344653755426
S_rho0p1,1,D,35,3895,5125,0.37514644861221313,0.3398648202419281,"{""income_binary"":0.28295883536338806,""civilian_at_work"":0.2680867612361908,""public_coverage"":0.46854880452156067}",0.3528161346912384,"{""SEX"":0.6271091103553772,""RAC1P"":1.1490851640701294}",0.9032731056213379,0.40243789553642273,0.3660371005535126,"{""income_binary"":0.3000025451183319,""civilian_at_work"":0.3199573755264282,""public_coverage"":0.4781513512134552}",0.3640080392360687,none; fixed final iterate,0.02973123826086521,1.0,0.02973123826086521,1.0,0.1,-0.1,-0.09032731056213379,0.31455037631094457
S_rho0p1,1,D,40,4100,5740,0.3717156946659088,0.3374593257904053,"{""income_binary"":0.2804180085659027,""civilian_at_work"":0.2666630148887634,""public_coverage"":0.46529704332351685}",0.342563658952713,"{""SEX"":0.6177163124084473,""RAC1P"":1.1450510025024414}",0.89491206407547,0.40002840757369995,0.3646797835826874,"{""income_binary"":0.29814615845680237,""civilian_at_work"":0.31897786259651184,""public_coverage"":0.4769153296947479}",0.35348618030548096,none; fixed final iterate,0.02998322807252407,1.0,0.02998322807252407,1.0,0.1,-0.1,-0.089491206407547,0.3122077163308859
S_rho0p1,1,D,45,4305,6355,0.3702060878276825,0.3364076614379883,"{""income_binary"":0.27875471115112305,""civilian_at_work"":0.2656082212924957,""public_coverage"":0.46486005187034607}",0.33798423409461975,"{""SEX"":0.6127198934555054,""RAC1P"":1.1474872827529907}",0.8922616243362427,0.39818722009658813,0.3631722629070282,"{""income_binary"":0.29533037543296814,""civilian_at_work"":0.31928473711013794,""public_coverage"":0.47490164637565613}",0.35014966130256653,none; fixed final iterate,0.027959508821368217,1.0,0.027959508821368217,1.0,0.1,-0.1,-0.08922616243362427,0.30893943421542647
S_rho0p1,1,D,50,4510,6970,0.3708547055721283,0.33744820952415466,"{""income_binary"":0.2800317108631134,""civilian_at_work"":0.26872700452804565,""public_coverage"":0.46358591318130493}",0.3340650200843811,"{""SEX"":0.6194764971733093,""RAC1P"":1.141273021697998}",0.8947006464004517,0.4000187814235687,0.3654526174068451,"{""income_binary"":0.2982873320579529,""civilian_at_work"":0.3224477171897888,""public_coverage"":0.47562283277511597}",0.3456617593765259,none; fixed final iterate,0.026398643851280212,1.0,0.026398643851280212,1.0,0.1,-0.1,-0.08947006464004517,0.30778328478336336
S_rho0p1,1,D,55,4715,7585,0.36776694655418396,0.3350257873535156,"{""income_binary"":0.2787390649318695,""civilian_at_work"":0.26404455304145813,""public_coverage"":0.462293803691864}",0.32741162180900574,"{""SEX"":0.6133705377578735,""RAC1P"":1.1351414918899536}",0.88788902759552,0.39810848236083984,0.3641069829463959,"{""income_binary"":0.2963906228542328,""civilian_at_work"":0.3209306299686432,""public_coverage"":0.4749996066093445}",0.34001508355140686,none; fixed final iterate,0.02689879573881626,1.0,0.02689879573881626,1.0,0.1,-0.1,-0.08878890275955201,0.30587683953344824
S_rho0p1,1,D,60,4920,8200,0.3635469377040863,0.3317588269710541,"{""income_binary"":0.2751362919807434,""civilian_at_work"":0.25977835059165955,""public_coverage"":0.4603618383407593}",0.3178810775279999,"{""SEX"":0.6075378060340881,""RAC1P"":1.1316004991531372}",0.8822907209396362,0.39626941084861755,0.363257497549057,"{""income_binary"":0.2944249212741852,""civilian_at_work"":0.31973567605018616,""public_coverage"":0.4756118655204773}",0.3301191031932831,none; fixed final iterate,0.02829706482589245,1.0,0.02829706482589245,1.0,0.1,-0.1,-0.08822907209396363,0.3036149304360151
S_rho0p1,1,D,65,5125,8815,0.36241409182548523,0.3310052454471588,"{""income_binary"":0.2752772569656372,""civilian_at_work"":0.25971290469169617,""public_coverage"":0.4580255150794983}",0.31408846378326416,"{""SEX"":0.6070135235786438,""RAC1P"":1.1317439079284668}",0.88196861743927,0.3953138291835785,0.3626556396484375,"{""income_binary"":0.2945832908153534,""civilian_at_work"":0.31835395097732544,""public_coverage"":0.47502967715263367}",0.32658201456069946,none; fixed final iterate,0.026762472465634346,1.0,0.026762472465634346,1.0,0.1,-0.1,-0.088196861743927,0.3009797025471926
S_rho0p1,1,D,70,5330,9430,0.3611738979816437,0.3304882347583771,"{""income_binary"":0.27535900473594666,""civilian_at_work"":0.25739365816116333,""public_coverage"":0.458712100982666}",0.30685654282569885,"{""SEX"":0.6056289076805115,""RAC1P"":1.127807855606079}",0.8794255256652832,0.3956756889820099,0.3637723922729492,"{""income_binary"":0.2961023151874542,""civilian_at_work"":0.31856948137283325,""public_coverage"":0.4766453802585602}",0.31903308629989624,none; fixed final iterate,0.02644253335893154,1.0,0.02644253335893154,1.0,0.1,-0.1,-0.08794255256652833,0.2996738787740469
S_rho0p1,1,D,75,5535,10045,0.35956236720085144,0.3291085660457611,"{""income_binary"":0.27385413646698,""civilian_at_work"":0.25575172901153564,""public_coverage"":0.4577198326587677}",0.30453798174858093,"{""SEX"":0.6019735932350159,""RAC1P"":1.1272841691970825}",0.8765820860862732,0.39476269483566284,0.36313295364379883,"{""income_binary"":0.29513004422187805,""civilian_at_work"":0.3181130886077881,""public_coverage"":0.4761558175086975}",0.31629735231399536,none; fixed final iterate,0.027251427993178368,1.0,0.027251427993178368,1.0,0.1,-0.1,-0.08765820860862733,0.2991555865854025
S_rho0p1,1,D,80,5740,10660,0.3592444956302643,0.3290006220340729,"{""income_binary"":0.27227917313575745,""civilian_at_work"":0.2577296197414398,""public_coverage"":0.45699313282966614}",0.3024388551712036,"{""SEX"":0.6049436926841736,""RAC1P"":1.126875400543213}",0.8785653114318848,0.39561790227890015,0.36430540680885315,"{""income_binary"":0.29454901814460754,""civilian_at_work"":0.32012808322906494,""public_coverage"":0.47823911905288696}",0.3131248354911804,none; fixed final iterate,0.026275306940078735,1.0,0.026275306940078735,1.0,0.1,-0.1,-0.08785653114318848,0.29766327142715454
S_rho0p1,1,warm_base,0,0,0,0.8147183656692505,0.7118697166442871,"{""income_binary"":0.7249402403831482,""civilian_at_work"":0.6785551905632019,""public_coverage"":0.7321138381958008}",1.0284864902496338,,,0.8177812099456787,0.7159926295280457,"{""income_binary"":0.728021502494812,""civilian_at_work"":0.6855751872062683,""public_coverage"":0.7343810796737671}",1.0178860425949097,none; fixed final iterate,0.5625000596046448,1.0,0.5625000596046448,1.0,0.1,0.0,0.0,1.3772184252738953
S_rho0p1,1,warm_base,5,205,0,0.633180558681488,0.5607181191444397,"{""income_binary"":0.5590677857398987,""civilian_at_work"":0.5213009715080261,""public_coverage"":0.6017857193946838}",0.7246246337890625,,,0.633345365524292,0.5613054633140564,"{""income_binary"":0.5610392689704895,""civilian_at_work"":0.5256099700927734,""public_coverage"":0.5972672700881958}",0.7203989624977112,none; fixed final iterate,0.052330270409584045,1.0,0.052330270409584045,1.0,0.1,0.0,0.0,0.6855108290910721
S_rho0p1,1,warm_base,10,410,0,0.5482153296470642,0.48475536704063416,"{""income_binary"":0.46348443627357483,""civilian_at_work"":0.4378516376018524,""public_coverage"":0.5529299378395081}",0.6345997452735901,,,0.5497308969497681,0.48638343811035156,"{""income_binary"":0.46738746762275696,""civilian_at_work"":0.4468724727630615,""public_coverage"":0.5448903441429138}",0.6334747076034546,none; fixed final iterate,0.056680090725421906,1.0,0.056680090725421906,1.0,0.1,0.0,0.0,0.6048954203724861
S_rho0p1,1,warm_base,15,615,0,0.5034497380256653,0.44554343819618225,"{""income_binary"":0.41062992811203003,""civilian_at_work"":0.3918730616569519,""public_coverage"":0.5341272950172424}",0.5790628790855408,,,0.5065556168556213,0.4486243724822998,"{""income_binary"":0.4152667820453644,""civilian_at_work"":0.4058245122432709,""public_coverage"":0.5247817635536194}",0.5793122053146362,none; fixed final iterate,0.05326719582080841,1.0,0.05326719582080841,1.0,0.1,0.0,0.0,0.5567169338464737
S_rho0p1,1,warm_base,20,820,0,0.4722108542919159,0.4179714620113373,"{""income_binary"":0.37605050206184387,""civilian_at_work"":0.3603123128414154,""public_coverage"":0.517551600933075}",0.5423940420150757,,,0.47710567712783813,0.4228239953517914,"{""income_binary"":0.3821004033088684,""civilian_at_work"":0.37780535221099854,""public_coverage"":0.5085662603378296}",0.5428169369697571,none; fixed final iterate,0.05234625190496445,1.0,0.05234625190496445,1.0,0.1,0.0,0.0,0.5245571061968803
S_rho0p1,1,warm_base,25,1025,0,0.4543112814426422,0.40278658270835876,"{""income_binary"":0.3553682267665863,""civilian_at_work"":0.3424810767173767,""public_coverage"":0.5105104446411133}",0.5152470469474792,,,0.460879385471344,0.40927353501319885,"{""income_binary"":0.3623603582382202,""civilian_at_work"":0.36347246170043945,""public_coverage"":0.5019877552986145}",0.516058623790741,none; fixed final iterate,0.04784761741757393,1.0,0.04784761741757393,1.0,0.1,0.0,0.0,0.5021588988602161
S_rho0p1,1,warm_base,30,1230,0,0.43872129917144775,0.38885965943336487,"{""income_binary"":0.33712419867515564,""civilian_at_work"":0.32583850622177124,""public_coverage"":0.5036163926124573}",0.4986163377761841,,,0.4475712478160858,0.3975889980792999,"{""income_binary"":0.34571489691734314,""civilian_at_work"":0.35084009170532227,""public_coverage"":0.4962120056152344}",0.4998225271701813,none; fixed final iterate,0.04663504287600517,1.0,0.04663504287600517,1.0,0.1,0.0,0.0,0.4853563420474529
S_rho0p1,1,warm_base,35,1435,0,0.427810937166214,0.379529744386673,"{""income_binary"":0.32582738995552063,""civilian_at_work"":0.31496289372444153,""public_coverage"":0.49779897928237915}",0.48281192779541016,,,0.437893271446228,0.38944128155708313,"{""income_binary"":0.33463767170906067,""civilian_at_work"":0.34261319041252136,""public_coverage"":0.49107298254966736}",0.48451992869377136,none; fixed final iterate,0.04463928937911987,1.0,0.04463928937911987,1.0,0.1,0.0,0.0,0.47245022654533386
S_rho0p1,1,warm_base,40,1640,0,0.4207979142665863,0.37379714846611023,"{""income_binary"":0.31900304555892944,""civilian_at_work"":0.30812305212020874,""public_coverage"":0.4942653179168701}",0.47000768780708313,,,0.4329981803894043,0.3856287896633148,"{""income_binary"":0.32874026894569397,""civilian_at_work"":0.34003734588623047,""public_coverage"":0.48810872435569763}",0.4736938774585724,none; fixed final iterate,0.0413091666996479,1.0,0.0413091666996479,1.0,0.1,0.0,0.0,0.4621070809662342
S_rho0p1,1,warm_base,45,1845,0,0.4137699604034424,0.3679140508174896,"{""income_binary"":0.31216660141944885,""civilian_at_work"":0.3010662794113159,""public_coverage"":0.4905092418193817}",0.4585590362548828,,,0.4273475706577301,0.3810199797153473,"{""income_binary"":0.32257264852523804,""civilian_at_work"":0.3347889482975006,""public_coverage"":0.485698401927948}",0.46327582001686096,none; fixed final iterate,0.03967878222465515,1.0,0.03967878222465515,1.0,0.1,0.0,0.0,0.45344874262809753
S_rho0p1,1,warm_base,50,2050,0,0.4078195095062256,0.36343708634376526,"{""income_binary"":0.3066178262233734,""civilian_at_work"":0.29701149463653564,""public_coverage"":0.4866819381713867}",0.4438241124153137,,,0.42272046208381653,0.3778326213359833,"{""income_binary"":0.3191371560096741,""civilian_at_work"":0.33131852746009827,""public_coverage"":0.4830420911312103}",0.44887852668762207,none; fixed final iterate,0.0377851165831089,1.0,0.0377851165831089,1.0,0.1,0.0,0.0,0.4456046260893345
S_rho0p1,1,warm_base,55,2255,0,0.40210357308387756,0.35898396372795105,"{""income_binary"":0.30051201581954956,""civilian_at_work"":0.29190775752067566,""public_coverage"":0.48453208804130554}",0.4311959743499756,,,0.41840314865112305,0.37462058663368225,"{""income_binary"":0.3118734359741211,""civilian_at_work"":0.32948118448257446,""public_coverage"":0.48250722885131836}",0.4378257393836975,none; fixed final iterate,0.03705770894885063,1.0,0.03705770894885063,1.0,0.1,0.0,0.0,0.4391612820327282
S_rho0p1,1,warm_base,60,2460,0,0.39743074774742126,0.35587000846862793,"{""income_binary"":0.30039575695991516,""civilian_at_work"":0.2868802547454834,""public_coverage"":0.48033407330513}",0.4156074523925781,,,0.41566523909568787,0.37339845299720764,"{""income_binary"":0.3136412501335144,""civilian_at_work"":0.3268655240535736,""public_coverage"":0.4796886444091797}",0.42266789078712463,none; fixed final iterate,0.03540240228176117,1.0,0.03540240228176117,1.0,0.1,0.0,0.0,0.43283315002918243
S_rho0p1,1,warm_adversary,0,2460,0,0.39743074774742126,0.35587000846862793,"{""income_binary"":0.30039575695991516,""civilian_at_work"":0.2868802547454834,""public_coverage"":0.48033407330513}",0.4156074523925781,"{""SEX"":0.699127197265625,""RAC1P"":2.164032459259033}",1.3533228635787964,0.41566523909568787,0.37339845299720764,"{""income_binary"":0.3136412501335144,""civilian_at_work"":0.3268655240535736,""public_coverage"":0.4796886444091797}",0.42266789078712463,none; fixed final iterate,0.03540240228176117,0.0,0.0,1.0,0.1,0.0,0.0,0.39743074774742126
S_rho0p1,1,warm_adversary,5,2460,205,0.39743074774742126,0.35587000846862793,"{""income_binary"":0.30039575695991516,""civilian_at_work"":0.2868802547454834,""public_coverage"":0.48033407330513}",0.4156074523925781,"{""SEX"":0.6571449041366577,""RAC1P"":1.2068026065826416}",0.9475876092910767,0.41566523909568787,0.37339845299720764,"{""income_binary"":0.3136412501335144,""civilian_at_work"":0.3268655240535736,""public_coverage"":0.4796886444091797}",0.42266789078712463,none; fixed final iterate,0.03540240228176117,0.0,0.0,1.0,0.1,0.0,0.0,0.39743074774742126
S_rho0p1,1,warm_adversary,10,2460,410,0.39743074774742126,0.35587000846862793,"{""income_binary"":0.30039575695991516,""civilian_at_work"":0.2868802547454834,""public_coverage"":0.48033407330513}",0.4156074523925781,"{""SEX"":0.6481010913848877,""RAC1P"":1.1886084079742432}",0.933924674987793,0.41566523909568787,0.37339845299720764,"{""income_binary"":0.3136412501335144,""civilian_at_work"":0.3268655240535736,""public_coverage"":0.4796886444091797}",0.42266789078712463,none; fixed final iterate,0.03540240228176117,0.0,0.0,1.0,0.1,0.0,0.0,0.39743074774742126
S_rho0p1,1,warm_adversary,15,2460,615,0.39743074774742126,0.35587000846862793,"{""income_binary"":0.30039575695991516,""civilian_at_work"":0.2868802547454834,""public_coverage"":0.48033407330513}",0.4156074523925781,"{""SEX"":0.6442712545394897,""RAC1P"":1.1820565462112427}",0.9285908937454224,0.41566523909568787,0.37339845299720764,"{""income_binary"":0.3136412501335144,""civilian_at_work"":0.3268655240535736,""public_coverage"":0.4796886444091797}",0.42266789078712463,none; fixed final iterate,0.03540240228176117,0.0,0.0,1.0,0.1,0.0,0.0,0.39743074774742126
S_rho0p1,1,warm_adversary,20,2460,820,0.39743074774742126,0.35587000846862793,"{""income_binary"":0.30039575695991516,""civilian_at_work"":0.2868802547454834,""public_coverage"":0.48033407330513}",0.4156074523925781,"{""SEX"":0.6374812126159668,""RAC1P"":1.175394892692566}",0.9210777282714844,0.41566523909568787,0.37339845299720764,"{""income_binary"":0.3136412501335144,""civilian_at_work"":0.3268655240535736,""public_coverage"":0.4796886444091797}",0.42266789078712463,none; fixed final iterate,0.03540240228176117,0.0,0.0,1.0,0.1,0.0,0.0,0.39743074774742126
S_rho0p1,2,C,0,2520,840,0.39948293566703796,0.35365161299705505,"{""income_binary"":0.28362104296684265,""civilian_at_work"":0.2976662814617157,""public_coverage"":0.4796675443649292}",0.4583132565021515,"{""SEX"":0.646905243396759,""RAC1P"":1.2067540884017944}",0.9325319528579712,0.41691312193870544,0.37211623787879944,"{""income_binary"":0.3180028796195984,""civilian_at_work"":0.30779173970222473,""public_coverage"":0.49055415391921997}",0.4479689598083496,none; fixed final iterate,0.027560340240597725,1.0,0.027560340240597725,1.0,0.1,0.0,0.0,0.4270432759076357
S_rho0p1,2,C,5,2730,1470,0.3989409804344177,0.35355937480926514,"{""income_binary"":0.28531691431999207,""civilian_at_work"":0.2972269058227539,""public_coverage"":0.47813430428504944}",0.45381593704223633,"{""SEX"":0.6430568099021912,""RAC1P"":1.1945810317993164}",0.9250579476356506,0.4179016053676605,0.3736354112625122,"{""income_binary"":0.31992441415786743,""civilian_at_work"":0.3106776177883148,""public_coverage"":0.49030420184135437}",0.4426618218421936,none; fixed final iterate,0.02430080808699131,1.0,0.02430080808699131,1.0,0.1,0.0,0.0,0.42324178852140903
S_rho0p1,2,C,10,2940,2100,0.3956287205219269,0.35129091143608093,"{""income_binary"":0.2844134569168091,""civilian_at_work"":0.2924530804157257,""public_coverage"":0.4770062267780304}",0.44337815046310425,"{""SEX"":0.6364837288856506,""RAC1P"":1.1852630376815796}",0.9167181253433228,0.4154808521270752,0.37217065691947937,"{""income_binary"":0.31956958770751953,""civilian_at_work"":0.30651840567588806,""public_coverage"":0.49042388796806335}",0.43310195207595825,none; fixed final iterate,0.023642048239707947,1.0,0.023642048239707947,1.0,0.1,0.0,0.0,0.4192707687616348
S_rho0p1,2,C,15,3150,2730,0.39109113812446594,0.34804806113243103,"{""income_binary"":0.278876930475235,""civilian_at_work"":0.2906471788883209,""public_coverage"":0.47461998462677}",0.43043068051338196,"{""SEX"":0.6287720799446106,""RAC1P"":1.1770167350769043}",0.9079697132110596,0.4113585948944092,0.3692590296268463,"{""income_binary"":0.3151404857635498,""civilian_at_work"":0.30357545614242554,""public_coverage"":0.4890612065792084}",0.4209957718849182,none; fixed final iterate,0.02421257458627224,1.0,0.02421257458627224,1.0,0.1,0.0,0.0,0.4153037127107382
S_rho0p1,2,C,20,3360,3360,0.38861483335494995,0.34644412994384766,"{""income_binary"":0.2780977189540863,""civilian_at_work"":0.2881197929382324,""public_coverage"":0.47311487793922424}",0.42170700430870056,"{""SEX"":0.6218948364257812,""RAC1P"":1.177517056465149}",0.9031974673271179,0.4098978340625763,0.36873069405555725,"{""income_binary"":0.31480664014816284,""civilian_at_work"":0.30263566970825195,""public_coverage"":0.48874974250793457}",0.4116712808609009,none; fixed final iterate,0.023495635017752647,1.0,0.023495635017752647,1.0,0.1,0.0,0.0,0.4121104683727026
S_rho0p1,2,C,25,3570,3990,0.38571101427078247,0.344185471534729,"{""income_binary"":0.2755832076072693,""civilian_at_work"":0.2849887013435364,""public_coverage"":0.47198447585105896}",0.41525551676750183,"{""SEX"":0.6178106665611267,""RAC1P"":1.1700971126556396}",0.8973866701126099,0.407973051071167,0.3674285411834717,"{""income_binary"":0.31270313262939453,""civilian_at_work"":0.30072855949401855,""public_coverage"":0.48885393142700195}",0.4054452180862427,none; fixed final iterate,0.02345317415893078,1.0,0.02345317415893078,1.0,0.1,0.0,0.0,0.40916418842971325
S_rho0p1,2,C,30,3780,4620,0.3833998739719391,0.34286847710609436,"{""income_binary"":0.2725660800933838,""civilian_at_work"":0.28558701276779175,""public_coverage"":0.4704524278640747}",0.4053138792514801,"{""SEX"":0.6168893575668335,""RAC1P"":1.1636897325515747}",0.8942500352859497,0.4068029820919037,0.3672143518924713,"{""income_binary"":0.30998730659484863,""civilian_at_work"":0.3032042682170868,""public_coverage"":0.4884514808654785}",0.39588627219200134,none; fixed final iterate,0.023173023015260696,1.0,0.023173023015260696,1.0,0.1,0.0,0.0,0.4065728969871998
S_rho0p1,2,C,35,3990,5250,0.3806547224521637,0.3409860134124756,"{""income_binary"":0.2720640301704407,""civilian_at_work"":0.28353366255760193,""public_coverage"":0.46736031770706177}",0.39668703079223633,"{""SEX"":0.6143750548362732,""RAC1P"":1.1641161441802979}",0.8925992250442505,0.40488219261169434,0.3661649227142334,"{""income_binary"":0.31154417991638184,""civilian_at_work"":0.3003494143486023,""public_coverage"":0.48660123348236084}",0.3871726989746094,none; fixed final iterate,0.023246610537171364,1.0,0.023246610537171364,1.0,0.1,0.0,0.0,0.40390133298933506
S_rho0p1,2,C,40,4200,5880,0.37942683696746826,0.3404611349105835,"{""income_binary"":0.26991036534309387,""civilian_at_work"":0.283195823431015,""public_coverage"":0.4682772159576416}",0.3896569013595581,"{""SEX"":0.6126118898391724,""RAC1P"":1.1604408025741577}",0.8899085521697998,0.4037124514579773,0.3655799925327301,"{""income_binary"":0.31012123823165894,""civilian_at_work"":0.2992599904537201,""public_coverage"":0.48735880851745605}",0.38132455945014954,none; fixed final iterate,0.023764049634337425,1.0,0.023764049634337425,1.0,0.1,0.0,0.0,0.4031908866018057
S_rho0p1,2,C,45,4410,6510,0.37601134181022644,0.3381274938583374,"{""income_binary"":0.26997920870780945,""civilian_at_work"":0.27976706624031067,""public_coverage"":0.4646362066268921}",0.37883836030960083,"{""SEX"":0.6071663498878479,""RAC1P"":1.1603178977966309}",0.8859296441078186,0.4016059339046478,0.36453554034233093,"{""income_binary"":0.30917128920555115,""civilian_at_work"":0.29827502369880676,""public_coverage"":0.4861602783203125}",0.37070390582084656,none; fixed final iterate,0.022962694987654686,1.0,0.022962694987654686,1.0,0.1,0.0,0.0,0.3989740367978811
S_rho0p1,2,C,50,4620,7140,0.3751864433288574,0.33832645416259766,"{""income_binary"":0.26992446184158325,""civilian_at_work"":0.28119441866874695,""public_coverage"":0.46386051177978516}",0.3685997426509857,"{""SEX"":0.6042019128799438,""RAC1P"":1.1558516025543213}",0.8820666074752808,0.40097230672836304,0.36504435539245605,"{""income_binary"":0.3100218176841736,""civilian_at_work"":0.2993297278881073,""public_coverage"":0.48578161001205444}",0.359279602766037,none; fixed final iterate,0.021251635625958443,1.0,0.021251635625958443,1.0,0.1,0.0,0.0,0.39643807895481586
S_rho0p1,2,C,55,4830,7770,0.3728817403316498,0.3366890251636505,"{""income_binary"":0.2677128314971924,""civilian_at_work"":0.27908891439437866,""public_coverage"":0.46326538920402527}",0.3619272708892822,"{""SEX"":0.5998852252960205,""RAC1P"":1.1494596004486084}",0.8764845132827759,0.4002354145050049,0.36502084136009216,"{""income_binary"":0.307608038187027,""civilian_at_work"":0.30043748021125793,""public_coverage"":0.4870169162750244}",0.35214585065841675,none; fixed final iterate,0.02134031243622303,1.0,0.02134031243622303,1.0,0.1,0.0,0.0,0.3942220527678728
S_rho0p1,2,C,60,5040,8400,0.3699800372123718,0.3346257209777832,"{""income_binary"":0.26694563031196594,""civilian_at_work"":0.27611735463142395,""public_coverage"":0.4608142077922821}",0.35354310274124146,"{""SEX"":0.5987652540206909,""RAC1P"":1.1469192504882812}",0.8746960163116455,0.3984523117542267,0.36404410004615784,"{""income_binary"":0.3081112205982208,""civilian_at_work"":0.2970344126224518,""public_coverage"":0.4869866371154785}",0.3440820872783661,none; fixed final iterate,0.0223383828997612,1.0,0.0223383828997612,1.0,0.1,0.0,0.0,0.392318420112133
S_rho0p1,2,C,65,5250,9030,0.36907362937927246,0.3347395956516266,"{""income_binary"":0.26679348945617676,""civilian_at_work"":0.27725890278816223,""public_coverage"":0.46016642451286316}",0.3433404266834259,"{""SEX"":0.5999913215637207,""RAC1P"":1.1424580812454224}",0.8738603591918945,0.39950621128082275,0.36608681082725525,"{""income_binary"":0.30878594517707825,""civilian_at_work"":0.2986828088760376,""public_coverage"":0.4907917380332947}",0.3341939449310303,none; fixed final iterate,0.02162955515086651,1.0,0.02162955515086651,1.0,0.1,0.0,0.0,0.39070318453013897
S_rho0p1,2,C,70,5460,9660,0.366942822933197,0.33242669701576233,"{""income_binary"":0.26517704129219055,""civilian_at_work"":0.27231359481811523,""public_coverage"":0.459789514541626}",0.3451613485813141,"{""SEX"":0.5955966711044312,""RAC1P"":1.1436437368392944}",0.8711448907852173,0.3984626829624176,0.3649008274078369,"{""income_binary"":0.3087928891181946,""civilian_at_work"":0.29477545619010925,""public_coverage"":0.4911341369152069}",0.3356185257434845,none; fixed final iterate,0.0229598730802536,1.0,0.0229598730802536,1.0,0.1,0.0,0.0,0.3899026960134506
S_rho0p1,2,C,75,5670,10290,0.3652975261211395,0.3324397802352905,"{""income_binary"":0.2643158435821533,""civilian_at_work"":0.27676886320114136,""public_coverage"":0.4562346637248993}",0.32857745885849,"{""SEX"":0.5919255018234253,""RAC1P"":1.1414281129837036}",0.8676397800445557,0.3966827094554901,0.364732950925827,"{""income_binary"":0.30913046002388,""civilian_at_work"":0.29889973998069763,""public_coverage"":0.48616859316825867}",0.31949755549430847,none; fixed final iterate,0.022480694577097893,1.0,0.022480694577097893,1.0,0.1,0.0,0.0,0.3877782206982374
S_rho0p1,2,C,80,5880,10920,0.3633204698562622,0.33101198077201843,"{""income_binary"":0.26434898376464844,""civilian_at_work"":0.2748904526233673,""public_coverage"":0.45379653573036194}",0.3230850398540497,"{""SEX"":0.592391848564148,""RAC1P"":1.133614182472229}",0.8649623990058899,0.3960840702056885,0.36471912264823914,"{""income_binary"":0.30747443437576294,""civilian_at_work"":0.30057796835899353,""public_coverage"":0.4861049950122833}",0.3136495351791382,none; fixed final iterate,0.023357147350907326,1.0,0.023357147350907326,1.0,0.1,0.0,0.0,0.38667761720716953
S_rho0p1,2,D,0,2520,840,0.39948293566703796,0.35365161299705505,"{""income_binary"":0.28362104296684265,""civilian_at_work"":0.2976662814617157,""public_coverage"":0.4796675443649292}",0.4583132565021515,"{""SEX"":0.646905243396759,""RAC1P"":1.2067540884017944}",0.9325319528579712,0.41691312193870544,0.37211623787879944,"{""income_binary"":0.3180028796195984,""civilian_at_work"":0.30779173970222473,""public_coverage"":0.49055415391921997}",0.4479689598083496,none; fixed final iterate,0.027560340240597725,1.0,0.027560340240597725,1.0,0.1,-0.1,-0.09325319528579712,0.33379008062183857
S_rho0p1,2,D,5,2730,1470,0.3993622958660126,0.3536131680011749,"{""income_binary"":0.28522467613220215,""civilian_at_work"":0.29735392332077026,""public_coverage"":0.47826096415519714}",0.45749133825302124,"{""SEX"":0.6467292904853821,""RAC1P"":1.196713924407959}",0.9285321235656738,0.41832056641578674,0.3736759126186371,"{""income_binary"":0.3197310268878937,""civilian_at_work"":0.3109308183193207,""public_coverage"":0.4903659224510193}",0.44644656777381897,none; fixed final iterate,0.024370966479182243,1.0,0.024370966479182243,1.0,0.1,-0.1,-0.09285321235656739,0.3308800499886274
S_rho0p1,2,D,10,2940,2100,0.3959556519985199,0.3511390686035156,"{""income_binary"":0.28385546803474426,""civilian_at_work"":0.2925190329551697,""public_coverage"":0.4770427346229553}",0.4481659233570099,"{""SEX"":0.6422712802886963,""RAC1P"":1.1889259815216064}",0.9223095178604126,0.41591739654541016,0.37212157249450684,"{""income_binary"":0.3190225064754486,""civilian_at_work"":0.3068810701370239,""public_coverage"":0.490461140871048}",0.43795815110206604,none; fixed final iterate,0.023625895380973816,1.0,0.023625895380973816,1.0,0.1,-0.1,-0.09223095178604127,0.3273505955934525
S_rho0p1,2,D,15,3150,2730,0.391806036233902,0.3482111990451813,"{""income_binary"":0.27915090322494507,""civilian_at_work"":0.2909546196460724,""public_coverage"":0.47452807426452637}",0.4359484314918518,"{""SEX"":0.636123538017273,""RAC1P"":1.1814347505569458}",0.9149813652038574,0.41201022267341614,0.36935654282569885,"{""income_binary"":0.31522223353385925,""civilian_at_work"":0.3039722740650177,""public_coverage"":0.4888750910758972}",0.4265367090702057,none; fixed final iterate,0.023998811841011047,1.0,0.023998811841011047,1.0,0.1,-0.1,-0.09149813652038574,0.3243067115545273
S_rho0p1,2,D,20,3360,3360,0.3891383111476898,0.3464128077030182,"{""income_binary"":0.2781654894351959,""civilian_at_work"":0.28790339827537537,""public_coverage"":0.47316956520080566}",0.4272550642490387,"{""SEX"":0.6291531324386597,""RAC1P"":1.1816879510879517}",0.9100465774536133,0.4104222059249878,0.3687220513820648,"{""income_binary"":0.3149993121623993,""civilian_at_work"":0.3026318848133087,""public_coverage"":0.48853492736816406}",0.41700151562690735,none; fixed final iterate,0.023417402058839798,1.0,0.023417402058839798,1.0,0.1,-0.1,-0.09100465774536133,0.3215510554611683
S_rho0p1,2,D,25,3570,3990,0.3865010738372803,0.3443283140659332,"{""income_binary"":0.27563920617103577,""civilian_at_work"":0.2850399613380432,""public_coverage"":0.4723057448863983}",0.42172756791114807,"{""SEX"":0.6256127953529358,""RAC1P"":1.173821210861206}",0.9044561386108398,0.40888065099716187,0.36770281195640564,"{""income_binary"":0.31313297152519226,""civilian_at_work"":0.3011452555656433,""public_coverage"":0.48883017897605896}",0.4117782711982727,none; fixed final iterate,0.023321859538555145,1.0,0.023321859538555145,1.0,0.1,-0.1,-0.09044561386108399,0.31937731951475146
S_rho0p1,2,D,30,3780,4620,0.3840184807777405,0.3428170680999756,"{""income_binary"":0.2727629244327545,""civilian_at_work"":0.2852344810962677,""public_coverage"":0.4704538583755493}",0.4120141267776489,"{""SEX"":0.6239479780197144,""RAC1P"":1.1686478853225708}",0.9012587070465088,0.4074646532535553,0.3672164976596832,"{""income_binary"":0.31043145060539246,""civilian_at_work"":0.3028884530067444,""public_coverage"":0.48832958936691284}",0.40248143672943115,none; fixed final iterate,0.023028457537293434,1.0,0.023028457537293434,1.0,0.1,-0.1,-0.09012587070465089,0.316921067610383
S_rho0p1,2,D,35,3990,5250,0.38140565156936646,0.34115567803382874,"{""income_binary"":0.2720426321029663,""civilian_at_work"":0.2840310335159302,""public_coverage"":0.4673933684825897}",0.40249985456466675,"{""SEX"":0.6208505630493164,""RAC1P"":1.1662758588790894}",0.8981074690818787,0.4057227373123169,0.36641860008239746,"{""income_binary"":0.31178542971611023,""civilian_at_work"":0.3010096549987793,""public_coverage"":0.48646068572998047}",0.3930414021015167,none; fixed final iterate,0.02322101779282093,1.0,0.02322101779282093,1.0,0.1,-0.1,-0.08981074690818787,0.31481592245399953
S_rho0p1,2,D,40,4200,5880,0.38013365864753723,0.34048211574554443,"{""income_binary"":0.27017492055892944,""civilian_at_work"":0.2827368378639221,""public_coverage"":0.4685346186161041}",0.396515429019928,"{""SEX"":0.6183202266693115,""RAC1P"":1.1679041385650635}",0.896908700466156,0.40451034903526306,0.36575841903686523,"{""income_binary"":0.3105975091457367,""civilian_at_work"":0.299235075712204,""public_coverage"":0.4874427020549774}",0.38751938939094543,none; fixed final iterate,0.023525064811110497,1.0,0.023525064811110497,1.0,0.1,-0.1,-0.0896908700466156,0.31396785341203215
S_rho0p1,2,D,45,4410,6510,0.37710002064704895,0.3383253514766693,"{""income_binary"":0.2702866196632385,""civilian_at_work"":0.27977049350738525,""public_coverage"":0.46491891145706177}",0.3877466917037964,"{""SEX"":0.615690290927887,""RAC1P"":1.1646679639816284}",0.8937616348266602,0.4028976559638977,0.36498787999153137,"{""income_binary"":0.31016167998313904,""civilian_at_work"":0.29852747917175293,""public_coverage"":0.48627445101737976}",0.3790976107120514,none; fixed final iterate,0.02272631786763668,1.0,0.02272631786763668,1.0,0.1,-0.1,-0.08937616348266603,0.3104501750320196
S_rho0p1,2,D,50,4620,7140,0.37621787190437317,0.3385132849216461,"{""income_binary"":0.27042046189308167,""civilian_at_work"":0.2811622619628906,""public_coverage"":0.4639572501182556}",0.37704581022262573,"{""SEX"":0.614558756351471,""RAC1P"":1.1576708555221558}",0.8902457356452942,0.4020666182041168,0.3653353750705719,"{""income_binary"":0.310759037733078,""civilian_at_work"":0.29963257908821106,""public_coverage"":0.485614538192749}",0.367312490940094,none; fixed final iterate,0.020987382158637047,1.0,0.020987382158637047,1.0,0.1,-0.1,-0.08902457356452942,0.3081806804984808
S_rho0p1,2,D,55,4830,7770,0.37390726804733276,0.33688434958457947,"{""income_binary"":0.2679363489151001,""civilian_at_work"":0.27947837114334106,""public_coverage"":0.46323826909065247}",0.3702293336391449,"{""SEX"":0.6084489226341248,""RAC1P"":1.1520938873291016}",0.8836833834648132,0.40128129720687866,0.36525484919548035,"{""income_binary"":0.30787819623947144,""civilian_at_work"":0.3013349771499634,""public_coverage"":0.4865513741970062}",0.360264390707016,none; fixed final iterate,0.021277880296111107,1.0,0.021277880296111107,1.0,0.1,-0.1,-0.08836833834648133,0.30681680999696254
S_rho0p1,2,D,60,5040,8400,0.37101060152053833,0.33486104011535645,"{""income_binary"":0.26720985770225525,""civilian_at_work"":0.27675485610961914,""public_coverage"":0.46061837673187256}",0.3614955544471741,"{""SEX"":0.6058515906333923,""RAC1P"":1.1514508724212646}",0.8815601468086243,0.39968252182006836,0.3644442558288574,"{""income_binary"":0.3085559606552124,""civilian_at_work"":0.29807835817337036,""public_coverage"":0.4866984784603119}",0.35238268971443176,none; fixed final iterate,0.02232951670885086,1.0,0.02232951670885086,1.0,0.1,-0.1,-0.08815601468086243,0.30518410354852676
S_rho0p1,2,D,65,5250,9030,0.36991652846336365,0.33478060364723206,"{""income_binary"":0.2667977809906006,""civilian_at_work"":0.2776043713092804,""public_coverage"":0.4599396586418152}",0.35135921835899353,"{""SEX"":0.6076764464378357,""RAC1P"":1.145825982093811}",0.8807079195976257,0.4003128409385681,0.3660920560359955,"{""income_binary"":0.30909329652786255,""civilian_at_work"":0.2990812659263611,""public_coverage"":0.4901016056537628}",0.34220781922340393,none; fixed final iterate,0.021578865125775337,1.0,0.021578865125775337,1.0,0.1,-0.1,-0.08807079195976258,0.3034246016293764
S_rho0p1,2,D,70,5460,9660,0.36722663044929504,0.33255958557128906,"{""income_binary"":0.26508569717407227,""civilian_at_work"":0.2728755474090576,""public_coverage"":0.4597174823284149}",0.34667056798934937,"{""SEX"":0.602802038192749,""RAC1P"":1.1453441381454468}",0.8770028352737427,0.3986912667751312,0.36492976546287537,"{""income_binary"":0.3088321089744568,""civilian_at_work"":0.2953035533428192,""public_coverage"":0.4906536042690277}",0.33761489391326904,none; fixed final iterate,0.022861391305923462,1.0,0.022861391305923462,1.0,0.1,-0.1,-0.08770028352737427,0.30238773822784426
S_rho0p1,2,D,75,5670,10290,0.3660966753959656,0.33266982436180115,"{""income_binary"":0.2643948793411255,""civilian_at_work"":0.2771123945713043,""public_coverage"":0.4565022587776184}",0.33426859974861145,"{""SEX"":0.5991861820220947,""RAC1P"":1.14349365234375}",0.8736785650253296,0.3973675072193146,0.36475279927253723,"{""income_binary"":0.30923783779144287,""civilian_at_work"":0.2991001307964325,""public_coverage"":0.48592039942741394}",0.3261469900608063,none; fixed final iterate,0.02261543646454811,1.0,0.02261543646454811,1.0,0.1,-0.1,-0.08736785650253297,0.3013442553579807
S_rho0p1,2,D,80,5880,10920,0.3644939064979553,0.3315518796443939,"{""income_binary"":0.26445716619491577,""civilian_at_work"":0.27622440457344055,""public_coverage"":0.4539739787578583}",0.3294203281402588,"{""SEX"":0.5998501777648926,""RAC1P"":1.1373621225357056}",0.8717927932739258,0.3971996307373047,0.3650740087032318,"{""income_binary"":0.30717843770980835,""civilian_at_work"":0.30226650834083557,""public_coverage"":0.48577699065208435}",0.3212563693523407,none; fixed final iterate,0.023575499653816223,1.0,0.023575499653816223,1.0,0.1,-0.1,-0.08717927932739258,0.300890126824379
S_rho0p1,2,warm_base,0,0,0,0.8149184584617615,0.7130289077758789,"{""income_binary"":0.71417236328125,""civilian_at_work"":0.7128317356109619,""public_coverage"":0.7120826840400696}",1.0188953876495361,,,0.8128551840782166,0.7131239771842957,"{""income_binary"":0.7137216925621033,""civilian_at_work"":0.7125829458236694,""public_coverage"":0.7130672335624695}",0.9973122477531433,none; fixed final iterate,0.4999999403953552,1.0,0.4999999403953552,1.0,0.1,0.0,0.0,1.3149183988571167
S_rho0p1,2,warm_base,5,210,0,0.6469976305961609,0.5745205283164978,"{""income_binary"":0.5752913951873779,""civilian_at_work"":0.5499740839004517,""public_coverage"":0.5982961654663086}",0.72477126121521,,,0.6464004516601562,0.5753577351570129,"{""income_binary"":0.5795851349830627,""civilian_at_work"":0.548280656337738,""public_coverage"":0.5982074737548828}",0.7104272842407227,none; fixed final iterate,0.030427459627389908,1.0,0.030427459627389908,1.0,0.1,0.0,0.0,0.6774250902235508
S_rho0p1,2,warm_base,10,420,0,0.5645944476127625,0.4999633729457855,"{""income_binary"":0.49185582995414734,""civilian_at_work"":0.4585094749927521,""public_coverage"":0.54952472448349}",0.6463108062744141,,,0.5658344626426697,0.5025069117546082,"{""income_binary"":0.5002200603485107,""civilian_at_work"":0.45754215121269226,""public_coverage"":0.5497585535049438}",0.6332756280899048,none; fixed final iterate,0.035409074276685715,1.0,0.035409074276685715,1.0,0.1,0.0,0.0,0.6000035218894482
S_rho0p1,2,warm_base,15,630,0,0.5105381608009338,0.4512214660644531,"{""income_binary"":0.42221972346305847,""civilian_at_work"":0.40606942772865295,""public_coverage"":0.5253751873970032}",0.5931668877601624,,,0.5140103697776794,0.4558548033237457,"{""income_binary"":0.4362126588821411,""civilian_at_work"":0.4058023691177368,""public_coverage"":0.5255494713783264}",0.5815557241439819,none; fixed final iterate,0.038591254502534866,1.0,0.038591254502534866,1.0,0.1,0.0,0.0,0.5491294153034687
S_rho0p1,2,warm_base,20,840,0,0.4782804548740387,0.42193639278411865,"{""income_binary"":0.37761324644088745,""civilian_at_work"":0.3722739815711975,""public_coverage"":0.515921950340271}",0.5634406805038452,,,0.48378410935401917,0.428591251373291,"{""income_binary"":0.3956354260444641,""civilian_at_work"":0.37391844391822815,""public_coverage"":0.5162199139595032}",0.5519285798072815,none; fixed final iterate,0.03708606958389282,1.0,0.03708606958389282,1.0,0.1,0.0,0.0,0.5153665244579315
S_rho0p1,2,warm_base,25,1050,0,0.4548399746417999,0.40057000517845154,"{""income_binary"":0.34888190031051636,""civilian_at_work"":0.3493972420692444,""public_coverage"":0.5034309029579163}",0.5426995754241943,,,0.4625316560268402,0.40939727425575256,"{""income_binary"":0.3705509603023529,""civilian_at_work"":0.35252615809440613,""public_coverage"":0.5051146745681763}",0.5313437581062317,none; fixed final iterate,0.03620193898677826,1.0,0.03620193898677826,1.0,0.1,0.0,0.0,0.4910419136285782
S_rho0p1,2,warm_base,30,1260,0,0.44143810868263245,0.3888620138168335,"{""income_binary"":0.33413273096084595,""civilian_at_work"":0.3346768319606781,""public_coverage"":0.49777647852897644}",0.5257610082626343,,,0.4500623345375061,0.3986299932003021,"{""income_binary"":0.3576222062110901,""civilian_at_work"":0.3375694453716278,""public_coverage"":0.5006982684135437}",0.5143234133720398,none; fixed final iterate,0.03300013020634651,1.0,0.03300013020634651,1.0,0.1,0.0,0.0,0.47443823888897896
S_rho0p1,2,warm_base,35,1470,0,0.42984700202941895,0.37868428230285645,"{""income_binary"":0.31983059644699097,""civilian_at_work"":0.3214818239212036,""public_coverage"":0.49474048614501953}",0.511627197265625,,,0.4412451982498169,0.3912065029144287,"{""income_binary"":0.34683531522750854,""civilian_at_work"":0.3272804915904999,""public_coverage"":0.4995037615299225}",0.5003868341445923,none; fixed final iterate,0.03195307403802872,1.0,0.03195307403802872,1.0,0.1,0.0,0.0,0.46180007606744766
S_rho0p1,2,warm_base,40,1680,0,0.4214358329772949,0.37163081765174866,"{""income_binary"":0.3081125020980835,""civilian_at_work"":0.3161765933036804,""public_coverage"":0.49060338735580444}",0.4980502128601074,,,0.4337819814682007,0.3851203918457031,"{""income_binary"":0.33603131771087646,""civilian_at_work"":0.3231227695941925,""public_coverage"":0.4962071478366852}",0.48661595582962036,none; fixed final iterate,0.030703235417604446,1.0,0.030703235417604446,1.0,0.1,0.0,0.0,0.45213906839489937
S_rho0p1,2,warm_base,45,1890,0,0.4169059991836548,0.3682335317134857,"{""income_binary"":0.30195149779319763,""civilian_at_work"":0.3140546679496765,""public_coverage"":0.48869436979293823}",0.48672476410865784,,,0.4306246042251587,0.3830803334712982,"{""income_binary"":0.33112433552742004,""civilian_at_work"":0.32160186767578125,""public_coverage"":0.49651482701301575}",0.4754427671432495,none; fixed final iterate,0.027619166299700737,1.0,0.027619166299700737,1.0,0.1,0.0,0.0,0.4445251654833555
S_rho0p1,2,warm_base,50,2100,0,0.41059625148773193,0.3628697395324707,"{""income_binary"":0.29745709896087646,""civilian_at_work"":0.3063153326511383,""public_coverage"":0.4848368465900421}",0.47726526856422424,,,0.42488595843315125,0.37827202677726746,"{""income_binary"":0.3274378180503845,""civilian_at_work"":0.3145327568054199,""public_coverage"":0.4928455054759979}",0.4661392867565155,none; fixed final iterate,0.02633773721754551,1.0,0.02633773721754551,1.0,0.1,0.0,0.0,0.43693398870527744
S_rho0p1,2,warm_base,55,2310,0,0.4054895043373108,0.3589029610157013,"{""income_binary"":0.29141610860824585,""civilian_at_work"":0.30267423391342163,""public_coverage"":0.4826185703277588}",0.46586528420448303,,,0.42163658142089844,0.3761909306049347,"{""income_binary"":0.3230987787246704,""civilian_at_work"":0.31304994225502014,""public_coverage"":0.4924241006374359}",0.45445650815963745,none; fixed final iterate,0.026455475017428398,1.0,0.026455475017428398,1.0,0.1,0.0,0.0,0.4319449793547392
S_rho0p1,2,warm_base,60,2520,0,0.39948293566703796,0.35365161299705505,"{""income_binary"":0.28362104296684265,""civilian_at_work"":0.2976662814617157,""public_coverage"":0.4796675443649292}",0.4583132565021515,,,0.41691312193870544,0.37211623787879944,"{""income_binary"":0.3180028796195984,""civilian_at_work"":0.30779173970222473,""public_coverage"":0.49055415391921997}",0.4479689598083496,none; fixed final iterate,0.027560340240597725,1.0,0.027560340240597725,1.0,0.1,0.0,0.0,0.4270432759076357
S_rho0p1,2,warm_adversary,0,2520,0,0.39948293566703796,0.35365161299705505,"{""income_binary"":0.28362104296684265,""civilian_at_work"":0.2976662814617157,""public_coverage"":0.4796675443649292}",0.4583132565021515,"{""SEX"":0.6946123838424683,""RAC1P"":2.2551021575927734}",1.3713579177856445,0.41691312193870544,0.37211623787879944,"{""income_binary"":0.3180028796195984,""civilian_at_work"":0.30779173970222473,""public_coverage"":0.49055415391921997}",0.4479689598083496,none; fixed final iterate,0.027560340240597725,0.0,0.0,1.0,0.1,0.0,0.0,0.39948293566703796
S_rho0p1,2,warm_adversary,5,2520,210,0.39948293566703796,0.35365161299705505,"{""income_binary"":0.28362104296684265,""civilian_at_work"":0.2976662814617157,""public_coverage"":0.4796675443649292}",0.4583132565021515,"{""SEX"":0.6684576869010925,""RAC1P"":1.2612727880477905}",0.9691219329833984,0.41691312193870544,0.37211623787879944,"{""income_binary"":0.3180028796195984,""civilian_at_work"":0.30779173970222473,""public_coverage"":0.49055415391921997}",0.4479689598083496,none; fixed final iterate,0.027560340240597725,0.0,0.0,1.0,0.1,0.0,0.0,0.39948293566703796
S_rho0p1,2,warm_adversary,10,2520,420,0.39948293566703796,0.35365161299705505,"{""income_binary"":0.28362104296684265,""civilian_at_work"":0.2976662814617157,""public_coverage"":0.4796675443649292}",0.4583132565021515,"{""SEX"":0.6565259099006653,""RAC1P"":1.2365021705627441}",0.9509526491165161,0.41691312193870544,0.37211623787879944,"{""income_binary"":0.3180028796195984,""civilian_at_work"":0.30779173970222473,""public_coverage"":0.49055415391921997}",0.4479689598083496,none; fixed final iterate,0.027560340240597725,0.0,0.0,1.0,0.1,0.0,0.0,0.39948293566703796
S_rho0p1,2,warm_adversary,15,2520,630,0.39948293566703796,0.35365161299705505,"{""income_binary"":0.28362104296684265,""civilian_at_work"":0.2976662814617157,""public_coverage"":0.4796675443649292}",0.4583132565021515,"{""SEX"":0.6512307524681091,""RAC1P"":1.2176706790924072}",0.93986576795578,0.41691312193870544,0.37211623787879944,"{""income_binary"":0.3180028796195984,""civilian_at_work"":0.30779173970222473,""public_coverage"":0.49055415391921997}",0.4479689598083496,none; fixed final iterate,0.027560340240597725,0.0,0.0,1.0,0.1,0.0,0.0,0.39948293566703796
S_rho0p1,2,warm_adversary,20,2520,840,0.39948293566703796,0.35365161299705505,"{""income_binary"":0.28362104296684265,""civilian_at_work"":0.2976662814617157,""public_coverage"":0.4796675443649292}",0.4583132565021515,"{""SEX"":0.646905243396759,""RAC1P"":1.2067540884017944}",0.9325319528579712,0.41691312193870544,0.37211623787879944,"{""income_binary"":0.3180028796195984,""civilian_at_work"":0.30779173970222473,""public_coverage"":0.49055415391921997}",0.4479689598083496,none; fixed final iterate,0.027560340240597725,0.0,0.0,1.0,0.1,0.0,0.0,0.39948293566703796
S_rho0,0,C,0,2520,840,0.35661134123802185,0.35661134123802185,"{""income_binary"":0.2987290918827057,""civilian_at_work"":0.294201135635376,""public_coverage"":0.4769038259983063}",1.022098183631897,"{""SEX"":0.656693160533905,""RAC1P"":1.2009960412979126}",0.9374037981033325,0.36895832419395447,0.36895832419395447,"{""income_binary"":0.31160104274749756,""civilian_at_work"":0.3057536780834198,""public_coverage"":0.48952025175094604}",1.020037055015564,none; fixed final iterate,0.028222307562828064,1.0,0.028222307562828064,1.0,0.0,0.0,0.0,0.3848336488008499
S_rho0,0,C,5,2730,1470,0.35514578223228455,0.35514578223228455,"{""income_binary"":0.29491952061653137,""civilian_at_work"":0.29527977108955383,""public_coverage"":0.47523796558380127}",1.0221308469772339,"{""SEX"":0.6507869362831116,""RAC1P"":1.192957878112793}",0.9300392866134644,0.3671293556690216,0.3671293556690216,"{""income_binary"":0.30749642848968506,""civilian_at_work"":0.307089239358902,""public_coverage"":0.48680245876312256}",1.0200116634368896,none; fixed final iterate,0.02703581377863884,1.0,0.02703581377863884,1.0,0.0,0.0,0.0,0.3821815960109234
S_rho0,0,C,10,2940,2100,0.35560187697410583,0.35560187697410583,"{""income_binary"":0.2950485348701477,""civilian_at_work"":0.2984369993209839,""public_coverage"":0.47332000732421875}",1.021902322769165,"{""SEX"":0.6538918018341064,""RAC1P"":1.1894817352294922}",0.9309386014938354,0.3678832948207855,0.3678832948207855,"{""income_binary"":0.30601736903190613,""civilian_at_work"":0.30974748730659485,""public_coverage"":0.487885057926178}",1.0198572874069214,none; fixed final iterate,0.02551574632525444,1.0,0.02551574632525444,1.0,0.0,0.0,0.0,0.3811176232993603
S_rho0,0,C,15,3150,2730,0.34950411319732666,0.34950411319732666,"{""income_binary"":0.2874821722507477,""civilian_at_work"":0.290775865316391,""public_coverage"":0.4702542722225189}",1.0219783782958984,"{""SEX"":0.6417666077613831,""RAC1P"":1.189805507659912}",0.9223129153251648,0.3642447292804718,0.3642447292804718,"{""income_binary"":0.30289140343666077,""civilian_at_work"":0.305381178855896,""public_coverage"":0.4844616651535034}",1.019926905632019,none; fixed final iterate,0.02761463075876236,1.0,0.02761463075876236,1.0,0.0,0.0,0.0,0.377118743956089
S_rho0,0,C,20,3360,3360,0.34811148047447205,0.34811148047447205,"{""income_binary"":0.28846976161003113,""civilian_at_work"":0.2865558862686157,""public_coverage"":0.4693087339401245}",1.021830439567566,"{""SEX"":0.6419584155082703,""RAC1P"":1.1791939735412598}",0.9183562397956848,0.3642009496688843,0.3642009496688843,"{""income_binary"":0.30345937609672546,""civilian_at_work"":0.3032814562320709,""public_coverage"":0.48586198687553406}",1.0197882652282715,none; fixed final iterate,0.026407241821289062,1.0,0.026407241821289062,1.0,0.0,0.0,0.0,0.3745187222957611
S_rho0,0,C,25,3570,3990,0.34628748893737793,0.34628748893737793,"{""income_binary"":0.2841203212738037,""civilian_at_work"":0.28795257210731506,""public_coverage"":0.4667896330356598}",1.0217344760894775,"{""SEX"":0.6362708210945129,""RAC1P"":1.1759445667266846}",0.9129976034164429,0.36253485083580017,0.36253485083580017,"{""income_binary"":0.2978443205356598,""civilian_at_work"":0.3039809763431549,""public_coverage"":0.4857792854309082}",1.0196759700775146,none; fixed final iterate,0.0253718551248312,1.0,0.0253718551248312,1.0,0.0,0.0,0.0,0.37165934406220913
S_rho0,0,C,30,3780,4620,0.34596553444862366,0.34596553444862366,"{""income_binary"":0.2841781973838806,""civilian_at_work"":0.28770992159843445,""public_coverage"":0.4660085439682007}",1.022039532661438,"{""SEX"":0.6319602727890015,""RAC1P"":1.1829535961151123}",0.9125915765762329,0.3644208014011383,0.3644208014011383,"{""income_binary"":0.3006747364997864,""civilian_at_work"":0.3062118589878082,""public_coverage"":0.4863758385181427}",1.0199631452560425,none; fixed final iterate,0.025184154510498047,1.0,0.025184154510498047,1.0,0.0,0.0,0.0,0.3711496889591217
S_rho0,0,C,35,3990,5250,0.3421463966369629,0.3421463966369629,"{""income_binary"":0.2843738794326782,""civilian_at_work"":0.2783782184123993,""public_coverage"":0.46368712186813354}",1.0216987133026123,"{""SEX"":0.628883957862854,""RAC1P"":1.1704822778701782}",0.9055586457252502,0.3611931800842285,0.3611931800842285,"{""income_binary"":0.30183082818984985,""civilian_at_work"":0.29717621207237244,""public_coverage"":0.48457252979278564}",1.0195854902267456,none; fixed final iterate,0.024341614916920662,1.0,0.024341614916920662,1.0,0.0,0.0,0.0,0.36648801155388355
S_rho0,0,C,40,4200,5880,0.3403378427028656,0.3403378427028656,"{""income_binary"":0.2813675105571747,""civilian_at_work"":0.27880117297172546,""public_coverage"":0.4608447849750519}",1.0218639373779297,"{""SEX"":0.6268053650856018,""RAC1P"":1.1650313138961792}",0.9019549489021301,0.36120593547821045,0.36120593547821045,"{""income_binary"":0.2998480200767517,""civilian_at_work"":0.29925233125686646,""public_coverage"":0.4845174252986908}",1.0197808742523193,none; fixed final iterate,0.02500343881547451,1.0,0.02500343881547451,1.0,0.0,0.0,0.0,0.3653412815183401
S_rho0,0,C,45,4410,6510,0.34105727076530457,0.34105727076530457,"{""income_binary"":0.28050708770751953,""civilian_at_work"":0.28402459621429443,""public_coverage"":0.45864012837409973}",1.0217115879058838,"{""SEX"":0.6264182329177856,""RAC1P"":1.1632627248764038}",0.9009931087493896,0.3613753616809845,0.3613753616809845,"{""income_binary"":0.2998923063278198,""civilian_at_work"":0.3032427430152893,""public_coverage"":0.48099109530448914}",1.019628643989563,none; fixed final iterate,0.023660341277718544,1.0,0.023660341277718544,1.0,0.0,0.0,0.0,0.3647176120430231
S_rho0,0,C,50,4620,7140,0.3377281129360199,0.3377281129360199,"{""income_binary"":0.27998852729797363,""civilian_at_work"":0.27476462721824646,""public_coverage"":0.4584311544895172}",1.0216753482818604,"{""SEX"":0.6262808442115784,""RAC1P"":1.1639142036437988}",0.901145339012146,0.360999196767807,0.360999196767807,"{""income_binary"":0.2995050847530365,""civilian_at_work"":0.2986961007118225,""public_coverage"":0.4847964644432068}",1.0196107625961304,none; fixed final iterate,0.02362613007426262,1.0,0.02362613007426262,1.0,0.0,0.0,0.0,0.3613542430102825
S_rho0,0,C,55,4830,7770,0.3381177484989166,0.3381177484989166,"{""income_binary"":0.2795545160770416,""civilian_at_work"":0.2747724950313568,""public_coverage"":0.4600263237953186}",1.0217089653015137,"{""SEX"":0.6319403648376465,""RAC1P"":1.1596683263778687}",0.9035912156105042,0.3626687526702881,0.3626687526702881,"{""income_binary"":0.3000313937664032,""civilian_at_work"":0.2986108660697937,""public_coverage"":0.48936396837234497}",1.0196095705032349,none; fixed final iterate,0.022577067837119102,1.0,0.022577067837119102,1.0,0.0,0.0,0.0,0.36069481633603573
S_rho0,0,C,60,5040,8400,0.33742180466651917,0.33742180466651917,"{""income_binary"":0.27858099341392517,""civilian_at_work"":0.27662673592567444,""public_coverage"":0.4570576846599579}",1.0214927196502686,"{""SEX"":0.6167256236076355,""RAC1P"":1.154592514038086}",0.8906521201133728,0.36177268624305725,0.36177268624305725,"{""income_binary"":0.2989449203014374,""civilian_at_work"":0.2996044456958771,""public_coverage"":0.4867687523365021}",1.0194275379180908,none; fixed final iterate,0.02259206958115101,1.0,0.02259206958115101,1.0,0.0,0.0,0.0,0.3600138742476702
S_rho0,0,C,65,5250,9030,0.3343660831451416,0.3343660831451416,"{""income_binary"":0.27728912234306335,""civilian_at_work"":0.27032390236854553,""public_coverage"":0.4554852545261383}",1.021816611289978,"{""SEX"":0.615207314491272,""RAC1P"":1.1596964597702026}",0.8915260434150696,0.35871389508247375,0.35871389508247375,"{""income_binary"":0.2966655492782593,""civilian_at_work"":0.2950598895549774,""public_coverage"":0.48441627621650696}",1.0196382999420166,none; fixed final iterate,0.023356445133686066,1.0,0.023356445133686066,1.0,0.0,0.0,0.0,0.35772252827882767
S_rho0,0,C,70,5460,9660,0.33445557951927185,0.33445557951927185,"{""income_binary"":0.277659147977829,""civilian_at_work"":0.2736556828022003,""public_coverage"":0.4520518183708191}",1.0217801332473755,"{""SEX"":0.6103615164756775,""RAC1P"":1.1550920009613037}",0.8862519860267639,0.35975706577301025,0.35975706577301025,"{""income_binary"":0.29960522055625916,""civilian_at_work"":0.29839861392974854,""public_coverage"":0.48126736283302307}",1.0196882486343384,none; fixed final iterate,0.02119765616953373,1.0,0.02119765616953373,1.0,0.0,0.0,0.0,0.3556532356888056
S_rho0,0,C,75,5670,10290,0.33281347155570984,0.33281347155570984,"{""income_binary"":0.2755025029182434,""civilian_at_work"":0.2710968554019928,""public_coverage"":0.4518410563468933}",1.0219123363494873,"{""SEX"":0.6116644144058228,""RAC1P"":1.1493903398513794}",0.8849918842315674,0.35854291915893555,0.35854291915893555,"{""income_binary"":0.29705509543418884,""civilian_at_work"":0.29612505435943604,""public_coverage"":0.48244860768318176}",1.0197871923446655,none; fixed final iterate,0.022284429520368576,1.0,0.022284429520368576,1.0,0.0,0.0,0.0,0.3550979010760784
S_rho0,0,C,80,5880,10920,0.3325122892856598,0.3325122892856598,"{""income_binary"":0.27661341428756714,""civilian_at_work"":0.26902931928634644,""public_coverage"":0.4518941044807434}",1.0220550298690796,"{""SEX"":0.6086065173149109,""RAC1P"":1.1538597345352173}",0.8845098614692688,0.36006975173950195,0.36006975173950195,"{""income_binary"":0.2988278269767761,""civilian_at_work"":0.29555362462997437,""public_coverage"":0.485827773809433}",1.0199568271636963,none; fixed final iterate,0.021218784153461456,1.0,0.021218784153461456,1.0,0.0,0.0,0.0,0.35373107343912125
S_rho0,0,D,0,2520,840,0.35661134123802185,0.35661134123802185,"{""income_binary"":0.2987290918827057,""civilian_at_work"":0.294201135635376,""public_coverage"":0.4769038259983063}",1.022098183631897,"{""SEX"":0.656693160533905,""RAC1P"":1.2009960412979126}",0.9374037981033325,0.36895832419395447,0.36895832419395447,"{""income_binary"":0.31160104274749756,""civilian_at_work"":0.3057536780834198,""public_coverage"":0.48952025175094604}",1.020037055015564,none; fixed final iterate,0.028222307562828064,1.0,0.028222307562828064,1.0,0.0,-0.1,-0.09374037981033326,0.2910932689905167
S_rho0,0,D,5,2730,1470,0.355270117521286,0.355270117521286,"{""income_binary"":0.294982373714447,""civilian_at_work"":0.2952767610549927,""public_coverage"":0.47555118799209595}",1.0221211910247803,"{""SEX"":0.653106153011322,""RAC1P"":1.195703148841858}",0.9327725172042847,0.367269903421402,0.367269903421402,"{""income_binary"":0.3076288104057312,""civilian_at_work"":0.30710703134536743,""public_coverage"":0.4870739281177521}",1.0199958086013794,none; fixed final iterate,0.02707330696284771,1.0,0.02707330696284771,1.0,0.0,-0.1,-0.09327725172042847,0.2890661727637053
S_rho0,0,D,10,2940,2100,0.35593876242637634,0.35593876242637634,"{""income_binary"":0.2949741780757904,""civilian_at_work"":0.29906705021858215,""public_coverage"":0.4737750291824341}",1.0218312740325928,"{""SEX"":0.6578377485275269,""RAC1P"":1.1932742595672607}",0.935249924659729,0.3682219088077545,0.3682219088077545,"{""income_binary"":0.3058665990829468,""civilian_at_work"":0.31045618653297424,""public_coverage"":0.4883430600166321}",1.0197902917861938,none; fixed final iterate,0.025708317756652832,1.0,0.025708317756652832,1.0,0.0,-0.1,-0.0935249924659729,0.2881220877170563
S_rho0,0,D,15,3150,2730,0.34972241520881653,0.34972241520881653,"{""income_binary"":0.2876374125480652,""civilian_at_work"":0.2908344566822052,""public_coverage"":0.4706953763961792}",1.0219275951385498,"{""SEX"":0.6450510621070862,""RAC1P"":1.1927646398544312}",0.9258252382278442,0.3646387755870819,0.3646387755870819,"{""income_binary"":0.3031928837299347,""civilian_at_work"":0.30564191937446594,""public_coverage"":0.4850814640522003}",1.0198822021484375,none; fixed final iterate,0.027534380555152893,1.0,0.027534380555152893,1.0,0.0,-0.1,-0.09258252382278442,0.284674271941185
S_rho0,0,D,20,3360,3360,0.3483363091945648,0.3483363091945648,"{""income_binary"":0.2884869873523712,""civilian_at_work"":0.28655877709388733,""public_coverage"":0.46996307373046875}",1.0218024253845215,"{""SEX"":0.6459572911262512,""RAC1P"":1.1846474409103394}",0.923346757888794,0.3644477427005768,0.3644477427005768,"{""income_binary"":0.3034919202327728,""civilian_at_work"":0.30339378118515015,""public_coverage"":0.48645758628845215}",1.0197699069976807,none; fixed final iterate,0.02652096562087536,1.0,0.02652096562087536,1.0,0.0,-0.1,-0.0923346757888794,0.2825225990265608
S_rho0,0,D,25,3570,3990,0.3466200828552246,0.3466200828552246,"{""income_binary"":0.2841396927833557,""civilian_at_work"":0.2885895371437073,""public_coverage"":0.46713098883628845}",1.0216922760009766,"{""SEX"":0.6402331590652466,""RAC1P"":1.1804747581481934}",0.9176054000854492,0.36298879981040955,0.36298879981040955,"{""income_binary"":0.2979657053947449,""civilian_at_work"":0.30467653274536133,""public_coverage"":0.48632410168647766}",1.0196467638015747,none; fixed final iterate,0.025421323254704475,1.0,0.025421323254704475,1.0,0.0,-0.1,-0.09176054000854493,0.28028086610138414
S_rho0,0,D,30,3780,4620,0.3463857173919678,0.3463857173919678,"{""income_binary"":0.28420329093933105,""civilian_at_work"":0.2882094979286194,""public_coverage"":0.4667443037033081}",1.021997332572937,"{""SEX"":0.6364741325378418,""RAC1P"":1.1872549057006836}",0.9175090789794922,0.36493274569511414,0.36493274569511414,"{""income_binary"":0.3010152578353882,""civilian_at_work"":0.30663037300109863,""public_coverage"":0.4871525466442108}",1.0199134349822998,none; fixed final iterate,0.025271747261285782,1.0,0.025271747261285782,1.0,0.0,-0.1,-0.09175090789794922,0.27990655675530435
S_rho0,0,D,35,3990,5250,0.3424873352050781,0.3424873352050781,"{""income_binary"":0.2845747172832489,""civilian_at_work"":0.2787913680076599,""public_coverage"":0.46409592032432556}",1.0217173099517822,"{""SEX"":0.6340761780738831,""RAC1P"":1.1748639345169067}",0.9109967350959778,0.3618241846561432,0.3618241846561432,"{""income_binary"":0.30237919092178345,""civilian_at_work"":0.2977025508880615,""public_coverage"":0.48539087176322937}",1.0195919275283813,none; fixed final iterate,0.024354496970772743,1.0,0.024354496970772743,1.0,0.0,-0.1,-0.09109967350959779,0.27574215866625307
S_rho0,0,D,40,4200,5880,0.34076032042503357,0.34076032042503357,"{""income_binary"":0.2814858555793762,""civilian_at_work"":0.2791549265384674,""public_coverage"":0.4616401195526123}",1.0218262672424316,"{""SEX"":0.6321118474006653,""RAC1P"":1.1695069074630737}",0.9075117707252502,0.36197221279144287,0.36197221279144287,"{""income_binary"":0.30038872361183167,""civilian_at_work"":0.2999234199523926,""public_coverage"":0.48560449481010437}",1.0197287797927856,none; fixed final iterate,0.025039520114660263,1.0,0.025039520114660263,1.0,0.0,-0.1,-0.09075117707252503,0.27504866346716883
S_rho0,0,D,45,4410,6510,0.3416728079319,0.3416728079319,"{""income_binary"":0.28070563077926636,""civilian_at_work"":0.2847026288509369,""public_coverage"":0.4596102833747864}",1.0217033624649048,"{""SEX"":0.6319679617881775,""RAC1P"":1.168090581893921}",0.9068613648414612,0.3621554672718048,0.3621554672718048,"{""income_binary"":0.30035200715065,""civilian_at_work"":0.30416974425315857,""public_coverage"":0.4819446802139282}",1.019598126411438,none; fixed final iterate,0.023673759773373604,1.0,0.023673759773373604,1.0,0.0,-0.1,-0.09068613648414613,0.2746604312211275
S_rho0,0,D,50,4620,7140,0.33802270889282227,0.33802270889282227,"{""income_binary"":0.28030073642730713,""civilian_at_work"":0.27495014667510986,""public_coverage"":0.45881718397140503}",1.0217593908309937,"{""SEX"":0.6339991092681885,""RAC1P"":1.1673756837844849}",0.9080513715744019,0.3615818917751312,0.3615818917751312,"{""income_binary"":0.3001059591770172,""civilian_at_work"":0.29924458265304565,""public_coverage"":0.4853951334953308}",1.019659161567688,none; fixed final iterate,0.023646464571356773,1.0,0.023646464571356773,1.0,0.0,-0.1,-0.0908051371574402,0.27086403630673883
S_rho0,0,D,55,4830,7770,0.338723748922348,0.338723748922348,"{""income_binary"":0.28035968542099,""civilian_at_work"":0.27488431334495544,""public_coverage"":0.46092718839645386}",1.0217496156692505,"{""SEX"":0.6393788456916809,""RAC1P"":1.1634743213653564}",0.9104282855987549,0.3636138141155243,0.3636138141155243,"{""income_binary"":0.301126092672348,""civilian_at_work"":0.29909953474998474,""public_coverage"":0.4906157851219177}",1.0195995569229126,none; fixed final iterate,0.022895414382219315,1.0,0.022895414382219315,1.0,0.0,-0.1,-0.0910428285598755,0.27057633474469184
S_rho0,0,D,60,5040,8400,0.33790063858032227,0.33790063858032227,"{""income_binary"":0.27913472056388855,""civilian_at_work"":0.27706435322761536,""public_coverage"":0.4575028717517853}",1.0214511156082153,"{""SEX"":0.6236985325813293,""RAC1P"":1.15955650806427}",0.8976000547409058,0.36276504397392273,0.36276504397392273,"{""income_binary"":0.29964399337768555,""civilian_at_work"":0.30062294006347656,""public_coverage"":0.4880281686782837}",1.0193637609481812,none; fixed final iterate,0.022541385143995285,1.0,0.022541385143995285,1.0,0.0,-0.1,-0.08976000547409058,0.270682018250227
S_rho0,0,D,65,5250,9030,0.3343566358089447,0.3343566358089447,"{""income_binary"":0.2774314284324646,""civilian_at_work"":0.27004680037498474,""public_coverage"":0.45559167861938477}",1.0218790769577026,"{""SEX"":0.6241937279701233,""RAC1P"":1.1643153429031372}",0.8997938632965088,0.35902348160743713,0.35902348160743713,"{""income_binary"":0.29687631130218506,""civilian_at_work"":0.2953950762748718,""public_coverage"":0.4847990870475769}",1.0196961164474487,none; fixed final iterate,0.023550186306238174,1.0,0.023550186306238174,1.0,0.0,-0.1,-0.08997938632965088,0.267927435785532
S_rho0,0,D,70,5460,9660,0.33476006984710693,0.33476006984710693,"{""income_binary"":0.2780001759529114,""civilian_at_work"":0.27390873432159424,""public_coverage"":0.4523712694644928}",1.0217503309249878,"{""SEX"":0.6190963387489319,""RAC1P"":1.1572284698486328}",0.8933802843093872,0.36049509048461914,0.36049509048461914,"{""income_binary"":0.3000392019748688,""civilian_at_work"":0.29913896322250366,""public_coverage"":0.4823070466518402}",1.0196176767349243,none; fixed final iterate,0.021206891164183617,1.0,0.021206891164183617,1.0,0.0,-0.1,-0.08933802843093873,0.2666289325803518
S_rho0,0,D,75,5670,10290,0.3332411050796509,0.3332411050796509,"{""income_binary"":0.2762923240661621,""civilian_at_work"":0.27124547958374023,""public_coverage"":0.4521855413913727}",1.0218154191970825,"{""SEX"":0.6205079555511475,""RAC1P"":1.1523597240447998}",0.8925200700759888,0.3592970073223114,0.3592970073223114,"{""income_binary"":0.2974555790424347,""civilian_at_work"":0.29702648520469666,""public_coverage"":0.48340895771980286}",1.0196516513824463,none; fixed final iterate,0.022413048893213272,1.0,0.022413048893213272,1.0,0.0,-0.1,-0.08925200700759889,0.26640214696526526
S_rho0,0,D,80,5880,10920,0.33269262313842773,0.33269262313842773,"{""income_binary"":0.2768878936767578,""civilian_at_work"":0.26875579357147217,""public_coverage"":0.4524341821670532}",1.0221261978149414,"{""SEX"":0.619009256362915,""RAC1P"":1.1578965187072754}",0.8935751914978027,0.36097726225852966,0.36097726225852966,"{""income_binary"":0.2991850972175598,""civilian_at_work"":0.2966788113117218,""public_coverage"":0.4870678186416626}",1.01998770236969,none; fixed final iterate,0.021674366667866707,1.0,0.021674366667866707,1.0,0.0,-0.1,-0.08935751914978028,0.26500947065651415
S_rho0,0,warm_base,0,0,0,0.7027423977851868,0.7027423977851868,"{""income_binary"":0.6993687152862549,""civilian_at_work"":0.6676714420318604,""public_coverage"":0.7411870956420898}",1.031505823135376,,,0.7035148739814758,0.7035148739814758,"{""income_binary"":0.7059230208396912,""civilian_at_work"":0.6681001782417297,""public_coverage"":0.7365214824676514}",1.0278820991516113,none; fixed final iterate,0.5625000596046448,1.0,0.5625000596046448,1.0,0.0,0.0,0.0,1.2652424573898315
S_rho0,0,warm_base,5,210,0,0.5602629780769348,0.5602629780769348,"{""income_binary"":0.5213794112205505,""civilian_at_work"":0.5311793088912964,""public_coverage"":0.6282303333282471}",1.024570345878601,,,0.5604192614555359,0.5604192614555359,"{""income_binary"":0.5234867334365845,""civilian_at_work"":0.532410740852356,""public_coverage"":0.6253602504730225}",1.02261221408844,none; fixed final iterate,0.037811484187841415,1.0,0.037811484187841415,1.0,0.0,0.0,0.0,0.5980744622647762
S_rho0,0,warm_base,10,420,0,0.4819972515106201,0.4819972515106201,"{""income_binary"":0.43152591586112976,""civilian_at_work"":0.4486068785190582,""public_coverage"":0.5658590197563171}",1.0242067575454712,,,0.48234987258911133,0.48234987258911133,"{""income_binary"":0.4337054193019867,""civilian_at_work"":0.44995933771133423,""public_coverage"":0.5633849501609802}",1.022258996963501,none; fixed final iterate,0.04584028199315071,1.0,0.04584028199315071,1.0,0.0,0.0,0.0,0.5278375335037708
S_rho0,0,warm_base,15,630,0,0.4423098564147949,0.4423098564147949,"{""income_binary"":0.390028178691864,""civilian_at_work"":0.3996136784553528,""public_coverage"":0.537287712097168}",1.0236080884933472,,,0.44326213002204895,0.44326213002204895,"{""income_binary"":0.39303138852119446,""civilian_at_work"":0.40116196870803833,""public_coverage"":0.5355930328369141}",1.0216604471206665,none; fixed final iterate,0.043309565633535385,1.0,0.043309565633535385,1.0,0.0,0.0,0.0,0.4856194220483303
S_rho0,0,warm_base,20,840,0,0.41494283080101013,0.41494283080101013,"{""income_binary"":0.35897886753082275,""civilian_at_work"":0.3673833906650543,""public_coverage"":0.5184662342071533}",1.0235257148742676,,,0.416656494140625,0.416656494140625,"{""income_binary"":0.362851083278656,""civilian_at_work"":0.3686559200286865,""public_coverage"":0.5184624195098877}",1.021592140197754,none; fixed final iterate,0.04320381581783295,1.0,0.04320381581783295,1.0,0.0,0.0,0.0,0.4581466466188431
S_rho0,0,warm_base,25,1050,0,0.40280985832214355,0.40280985832214355,"{""income_binary"":0.3453817367553711,""civilian_at_work"":0.35162055492401123,""public_coverage"":0.5114272832870483}",1.0232144594192505,,,0.40627142786979675,0.40627142786979675,"{""income_binary"":0.3509870171546936,""civilian_at_work"":0.35492706298828125,""public_coverage"":0.512900173664093}",1.021236538887024,none; fixed final iterate,0.03713792935013771,1.0,0.03713792935013771,1.0,0.0,0.0,0.0,0.43994778767228127
S_rho0,0,warm_base,30,1260,0,0.39112305641174316,0.39112305641174316,"{""income_binary"":0.33735501766204834,""civilian_at_work"":0.3361123502254486,""public_coverage"":0.4999017119407654}",1.0232309103012085,,,0.39598774909973145,0.39598774909973145,"{""income_binary"":0.3447474539279938,""civilian_at_work"":0.3401937186717987,""public_coverage"":0.5030220746994019}",1.0212007761001587,none; fixed final iterate,0.034665096551179886,1.0,0.034665096551179886,1.0,0.0,0.0,0.0,0.42578815296292305
S_rho0,0,warm_base,35,1470,0,0.3808133602142334,0.3808133602142334,"{""income_binary"":0.3247394859790802,""civilian_at_work"":0.32578182220458984,""public_coverage"":0.49191877245903015}",1.0228779315948486,,,0.3859553635120392,0.3859553635120392,"{""income_binary"":0.3324350118637085,""civilian_at_work"":0.3285333514213562,""public_coverage"":0.49689778685569763}",1.0209652185440063,none; fixed final iterate,0.0343271940946579,1.0,0.0343271940946579,1.0,0.0,0.0,0.0,0.4151405543088913
S_rho0,0,warm_base,40,1680,0,0.3724832534790039,0.3724832534790039,"{""income_binary"":0.3155006468296051,""civilian_at_work"":0.3152163624763489,""public_coverage"":0.48673275113105774}",1.0225154161453247,,,0.3790382146835327,0.3790382146835327,"{""income_binary"":0.3233266770839691,""civilian_at_work"":0.3201174736022949,""public_coverage"":0.49367043375968933}",1.0205886363983154,none; fixed final iterate,0.03426124155521393,1.0,0.03426124155521393,1.0,0.0,0.0,0.0,0.40674449503421783
S_rho0,0,warm_base,45,1890,0,0.36879977583885193,0.36879977583885193,"{""income_binary"":0.3103462755680084,""civilian_at_work"":0.3103226125240326,""public_coverage"":0.48573046922683716}",1.022441029548645,,,0.37679657340049744,0.37679657340049744,"{""income_binary"":0.31979456543922424,""civilian_at_work"":0.31783542037010193,""public_coverage"":0.492759644985199}",1.020527720451355,none; fixed final iterate,0.031164664775133133,1.0,0.031164664775133133,1.0,0.0,0.0,0.0,0.39996444061398506
S_rho0,0,warm_base,50,2100,0,0.364025741815567,0.364025741815567,"{""income_binary"":0.3036309778690338,""civilian_at_work"":0.30629077553749084,""public_coverage"":0.4821554720401764}",1.0225478410720825,,,0.3733438551425934,0.3733438551425934,"{""income_binary"":0.3132847845554352,""civilian_at_work"":0.3143519461154938,""public_coverage"":0.49239489436149597}",1.0205414295196533,none; fixed final iterate,0.030580325052142143,1.0,0.030580325052142143,1.0,0.0,0.0,0.0,0.39460606686770916
S_rho0,0,warm_base,55,2310,0,0.36072883009910583,0.36072883009910583,"{""income_binary"":0.3011016249656677,""civilian_at_work"":0.3026549816131592,""public_coverage"":0.47842979431152344}",1.0223373174667358,,,0.37100109457969666,0.37100109457969666,"{""income_binary"":0.3124455213546753,""civilian_at_work"":0.3119269907474518,""public_coverage"":0.4886307120323181}",1.0203038454055786,none; fixed final iterate,0.029218042269349098,1.0,0.029218042269349098,1.0,0.0,0.0,0.0,0.38994687236845493
S_rho0,0,warm_base,60,2520,0,0.35661134123802185,0.35661134123802185,"{""income_binary"":0.2987290918827057,""civilian_at_work"":0.294201135635376,""public_coverage"":0.4769038259983063}",1.022098183631897,,,0.36895832419395447,0.36895832419395447,"{""income_binary"":0.31160104274749756,""civilian_at_work"":0.3057536780834198,""public_coverage"":0.48952025175094604}",1.020037055015564,none; fixed final iterate,0.028222307562828064,1.0,0.028222307562828064,1.0,0.0,0.0,0.0,0.3848336488008499
S_rho0,0,warm_adversary,0,2520,0,0.35661134123802185,0.35661134123802185,"{""income_binary"":0.2987290918827057,""civilian_at_work"":0.294201135635376,""public_coverage"":0.4769038259983063}",1.022098183631897,"{""SEX"":0.7057748436927795,""RAC1P"":2.2214760780334473}",1.3666385412216187,0.36895832419395447,0.36895832419395447,"{""income_binary"":0.31160104274749756,""civilian_at_work"":0.3057536780834198,""public_coverage"":0.48952025175094604}",1.020037055015564,none; fixed final iterate,0.028222307562828064,0.0,0.0,1.0,0.0,0.0,0.0,0.35661134123802185
S_rho0,0,warm_adversary,5,2520,210,0.35661134123802185,0.35661134123802185,"{""income_binary"":0.2987290918827057,""civilian_at_work"":0.294201135635376,""public_coverage"":0.4769038259983063}",1.022098183631897,"{""SEX"":0.669580340385437,""RAC1P"":1.2348198890686035}",0.9597572088241577,0.36895832419395447,0.36895832419395447,"{""income_binary"":0.31160104274749756,""civilian_at_work"":0.3057536780834198,""public_coverage"":0.48952025175094604}",1.020037055015564,none; fixed final iterate,0.028222307562828064,0.0,0.0,1.0,0.0,0.0,0.0,0.35661134123802185
S_rho0,0,warm_adversary,10,2520,420,0.35661134123802185,0.35661134123802185,"{""income_binary"":0.2987290918827057,""civilian_at_work"":0.294201135635376,""public_coverage"":0.4769038259983063}",1.022098183631897,"{""SEX"":0.6624133586883545,""RAC1P"":1.2157939672470093}",0.9472426176071167,0.36895832419395447,0.36895832419395447,"{""income_binary"":0.31160104274749756,""civilian_at_work"":0.3057536780834198,""public_coverage"":0.48952025175094604}",1.020037055015564,none; fixed final iterate,0.028222307562828064,0.0,0.0,1.0,0.0,0.0,0.0,0.35661134123802185
S_rho0,0,warm_adversary,15,2520,630,0.35661134123802185,0.35661134123802185,"{""income_binary"":0.2987290918827057,""civilian_at_work"":0.294201135635376,""public_coverage"":0.4769038259983063}",1.022098183631897,"{""SEX"":0.6596370935440063,""RAC1P"":1.206107497215271}",0.9415009021759033,0.36895832419395447,0.36895832419395447,"{""income_binary"":0.31160104274749756,""civilian_at_work"":0.3057536780834198,""public_coverage"":0.48952025175094604}",1.020037055015564,none; fixed final iterate,0.028222307562828064,0.0,0.0,1.0,0.0,0.0,0.0,0.35661134123802185
S_rho0,0,warm_adversary,20,2520,840,0.35661134123802185,0.35661134123802185,"{""income_binary"":0.2987290918827057,""civilian_at_work"":0.294201135635376,""public_coverage"":0.4769038259983063}",1.022098183631897,"{""SEX"":0.656693160533905,""RAC1P"":1.2009960412979126}",0.9374037981033325,0.36895832419395447,0.36895832419395447,"{""income_binary"":0.31160104274749756,""civilian_at_work"":0.3057536780834198,""public_coverage"":0.48952025175094604}",1.020037055015564,none; fixed final iterate,0.028222307562828064,0.0,0.0,1.0,0.0,0.0,0.0,0.35661134123802185
S_rho0,1,C,0,2460,820,0.35495492815971375,0.35495492815971375,"{""income_binary"":0.2998497486114502,""civilian_at_work"":0.286959171295166,""public_coverage"":0.478055864572525}",1.0147849321365356,"{""SEX"":0.6467434167861938,""RAC1P"":1.1805808544158936}",0.9297963380813599,0.37357568740844727,0.37357568740844727,"{""income_binary"":0.3135582506656647,""civilian_at_work"":0.3269631862640381,""public_coverage"":0.4802057147026062}",1.0041677951812744,none; fixed final iterate,0.03338420018553734,1.0,0.03338420018553734,1.0,0.0,0.0,0.0,0.3883391283452511
S_rho0,1,C,5,2665,1435,0.3527458608150482,0.3527458608150482,"{""income_binary"":0.2935959994792938,""civilian_at_work"":0.28755810856819153,""public_coverage"":0.4770834147930145}",1.0148807764053345,"{""SEX"":0.6430389881134033,""RAC1P"":1.1755902767181396}",0.9251654744148254,0.3723117411136627,0.3723117411136627,"{""income_binary"":0.309146523475647,""civilian_at_work"":0.32814082503318787,""public_coverage"":0.4796479046344757}",1.0042215585708618,none; fixed final iterate,0.03166414424777031,1.0,0.03166414424777031,1.0,0.0,0.0,0.0,0.3844100050628185
S_rho0,1,C,10,2870,2050,0.3487299382686615,0.3487299382686615,"{""income_binary"":0.28829702734947205,""civilian_at_work"":0.28210341930389404,""public_coverage"":0.47578924894332886}",1.0153238773345947,"{""SEX"":0.6392779350280762,""RAC1P"":1.170091986656189}",0.9202945828437805,0.3695230484008789,0.3695230484008789,"{""income_binary"":0.3043798804283142,""civilian_at_work"":0.3243734836578369,""public_coverage"":0.479815810918808}",1.004709005355835,none; fixed final iterate,0.03210267052054405,1.0,0.03210267052054405,1.0,0.0,0.0,0.0,0.38083260878920555
S_rho0,1,C,15,3075,2665,0.3454051911830902,0.3454051911830902,"{""income_binary"":0.2855578660964966,""civilian_at_work"":0.2791649103164673,""public_coverage"":0.47149282693862915}",1.0147693157196045,"{""SEX"":0.6336996555328369,""RAC1P"":1.164232850074768}",0.9139707088470459,0.3688383400440216,0.3688383400440216,"{""income_binary"":0.3031570017337799,""civilian_at_work"":0.32515543699264526,""public_coverage"":0.47820255160331726}",1.0041228532791138,none; fixed final iterate,0.03234235197305679,1.0,0.03234235197305679,1.0,0.0,0.0,0.0,0.377747543156147
S_rho0,1,C,20,3280,3280,0.34399929642677307,0.34399929642677307,"{""income_binary"":0.283891499042511,""civilian_at_work"":0.2761819064617157,""public_coverage"":0.4719245731830597}",1.0148975849151611,"{""SEX"":0.6280060410499573,""RAC1P"":1.1632124185562134}",0.9094613790512085,0.36766624450683594,0.36766624450683594,"{""income_binary"":0.30103132128715515,""civilian_at_work"":0.3214091956615448,""public_coverage"":0.4805581867694855}",1.0042201280593872,none; fixed final iterate,0.030463367700576782,1.0,0.030463367700576782,1.0,0.0,0.0,0.0,0.37446266412734985
S_rho0,1,C,25,3485,3895,0.34114328026771545,0.34114328026771545,"{""income_binary"":0.28333011269569397,""civilian_at_work"":0.27248144149780273,""public_coverage"":0.46761831641197205}",1.0149509906768799,"{""SEX"":0.6239922642707825,""RAC1P"":1.1583319902420044}",0.9046503901481628,0.3670291006565094,0.3670291006565094,"{""income_binary"":0.30200135707855225,""civilian_at_work"":0.3212020993232727,""public_coverage"":0.4778839349746704}",1.0042757987976074,none; fixed final iterate,0.029569121077656746,1.0,0.029569121077656746,1.0,0.0,0.0,0.0,0.3707124013453722
S_rho0,1,C,30,3690,4510,0.3406698703765869,0.3406698703765869,"{""income_binary"":0.282412588596344,""civilian_at_work"":0.2711086571216583,""public_coverage"":0.46848830580711365}",1.0151753425598145,"{""SEX"":0.6225034594535828,""RAC1P"":1.1591445207595825}",0.9038946032524109,0.3678217828273773,0.3678217828273773,"{""income_binary"":0.3017699718475342,""civilian_at_work"":0.32148289680480957,""public_coverage"":0.4802125096321106}",1.0045238733291626,none; fixed final iterate,0.028104107826948166,1.0,0.028104107826948166,1.0,0.0,0.0,0.0,0.3687739782035351
S_rho0,1,C,35,3895,5125,0.33848920464515686,0.33848920464515686,"{""income_binary"":0.2812264561653137,""civilian_at_work"":0.2683359682559967,""public_coverage"":0.46590524911880493}",1.0151172876358032,"{""SEX"":0.6259844303131104,""RAC1P"":1.1575968265533447}",0.9057998657226562,0.3672909736633301,0.3672909736633301,"{""income_binary"":0.30100446939468384,""civilian_at_work"":0.3206430971622467,""public_coverage"":0.4802252948284149}",1.0044991970062256,none; fixed final iterate,0.027852721512317657,1.0,0.027852721512317657,1.0,0.0,0.0,0.0,0.3663419261574745
S_rho0,1,C,40,4100,5740,0.3362107574939728,0.3362107574939728,"{""income_binary"":0.27941974997520447,""civilian_at_work"":0.26649877429008484,""public_coverage"":0.4627138078212738}",1.0148416757583618,"{""SEX"":0.6183246970176697,""RAC1P"":1.152722954750061}",0.8983601331710815,0.36630216240882874,0.36630216240882874,"{""income_binary"":0.2997698485851288,""civilian_at_work"":0.31960833072662354,""public_coverage"":0.4795282781124115}",1.0042550563812256,none; fixed final iterate,0.027768941596150398,1.0,0.027768941596150398,1.0,0.0,0.0,0.0,0.3639796990901232
S_rho0,1,C,45,4305,6355,0.3350884020328522,0.3350884020328522,"{""income_binary"":0.27756011486053467,""civilian_at_work"":0.265254408121109,""public_coverage"":0.46245077252388}",1.0150302648544312,"{""SEX"":0.6138721108436584,""RAC1P"":1.1547051668167114}",0.8959241509437561,0.36486443877220154,0.36486443877220154,"{""income_binary"":0.2966209948062897,""civilian_at_work"":0.32008469104766846,""public_coverage"":0.4778876304626465}",1.0044021606445312,none; fixed final iterate,0.02563200518488884,1.0,0.02563200518488884,1.0,0.0,0.0,0.0,0.360720407217741
S_rho0,1,C,50,4510,6970,0.33574211597442627,0.33574211597442627,"{""income_binary"":0.27851882576942444,""civilian_at_work"":0.26799044013023376,""public_coverage"":0.4607170522212982}",1.0148217678070068,"{""SEX"":0.6147468686103821,""RAC1P"":1.1462079286575317}",0.8932227492332458,0.3669212758541107,0.3669212758541107,"{""income_binary"":0.29962289333343506,""civilian_at_work"":0.3227844536304474,""public_coverage"":0.4783564805984497}",1.0041697025299072,none; fixed final iterate,0.02429044619202614,1.0,0.02429044619202614,1.0,0.0,0.0,0.0,0.3600325621664524
S_rho0,1,C,55,4715,7585,0.33325472474098206,0.33325472474098206,"{""income_binary"":0.2774812877178192,""civilian_at_work"":0.26293647289276123,""public_coverage"":0.4593464136123657}",1.0148849487304688,"{""SEX"":0.613103449344635,""RAC1P"":1.1430644989013672}",0.8908038139343262,0.36558768153190613,0.36558768153190613,"{""income_binary"":0.29840579628944397,""civilian_at_work"":0.3211822211742401,""public_coverage"":0.4771749973297119}",1.004221796989441,none; fixed final iterate,0.024823609739542007,1.0,0.024823609739542007,1.0,0.0,0.0,0.0,0.35807833448052406
S_rho0,1,C,60,4920,8200,0.3303080201148987,0.3303080201148987,"{""income_binary"":0.27423059940338135,""civilian_at_work"":0.2595691382884979,""public_coverage"":0.4571242928504944}",1.0149815082550049,"{""SEX"":0.6063750386238098,""RAC1P"":1.1400120258331299}",0.8847506046295166,0.3655650317668915,0.3655650317668915,"{""income_binary"":0.29640817642211914,""civilian_at_work"":0.32166603207588196,""public_coverage"":0.4786209166049957}",1.004303216934204,none; fixed final iterate,0.02693271078169346,1.0,0.02693271078169346,1.0,0.0,0.0,0.0,0.35724073089659214
S_rho0,1,C,65,5125,8815,0.3295687735080719,0.3295687735080719,"{""income_binary"":0.2739125192165375,""civilian_at_work"":0.25928449630737305,""public_coverage"":0.4555092751979828}",1.0150254964828491,"{""SEX"":0.6052828431129456,""RAC1P"":1.137518286705017}",0.8829842805862427,0.36462879180908203,0.36462879180908203,"{""income_binary"":0.2958333492279053,""civilian_at_work"":0.3192795217037201,""public_coverage"":0.47877347469329834}",1.0043600797653198,none; fixed final iterate,0.024942781776189804,1.0,0.024942781776189804,1.0,0.0,0.0,0.0,0.3545115552842617
S_rho0,1,C,70,5330,9430,0.32888051867485046,0.32888051867485046,"{""income_binary"":0.2741244435310364,""civilian_at_work"":0.25699663162231445,""public_coverage"":0.4555204212665558}",1.0151112079620361,"{""SEX"":0.6054664254188538,""RAC1P"":1.1358057260513306}",0.8824450969696045,0.36607298254966736,0.36607298254966736,"{""income_binary"":0.29771295189857483,""civilian_at_work"":0.32043877243995667,""public_coverage"":0.48006725311279297}",1.004472255706787,none; fixed final iterate,0.024327686056494713,1.0,0.024327686056494713,1.0,0.0,0.0,0.0,0.3532082047313452
S_rho0,1,C,75,5535,10045,0.32779982686042786,0.32779982686042786,"{""income_binary"":0.27216270565986633,""civilian_at_work"":0.25564977526664734,""public_coverage"":0.4555870592594147}",1.0151762962341309,"{""SEX"":0.6010638475418091,""RAC1P"":1.1341352462768555}",0.8786125779151917,0.36580654978752136,0.36580654978752136,"{""income_binary"":0.2966793179512024,""civilian_at_work"":0.3200426399707794,""public_coverage"":0.4806976318359375}",1.0044512748718262,none; fixed final iterate,0.02461981400847435,1.0,0.02461981400847435,1.0,0.0,0.0,0.0,0.3524196408689022
S_rho0,1,C,80,5740,10660,0.32806161046028137,0.32806161046028137,"{""income_binary"":0.2714727520942688,""civilian_at_work"":0.2576347589492798,""public_coverage"":0.4550773799419403}",1.0152177810668945,"{""SEX"":0.6026257276535034,""RAC1P"":1.1350431442260742}",0.8800958395004272,0.3672761023044586,0.3672761023044586,"{""income_binary"":0.2964998781681061,""civilian_at_work"":0.3219742774963379,""public_coverage"":0.4833541512489319}",1.0045549869537354,none; fixed final iterate,0.02404862828552723,1.0,0.02404862828552723,1.0,0.0,0.0,0.0,0.3521102387458086
S_rho0,1,D,0,2460,820,0.35495492815971375,0.35495492815971375,"{""income_binary"":0.2998497486114502,""civilian_at_work"":0.286959171295166,""public_coverage"":0.478055864572525}",1.0147849321365356,"{""SEX"":0.6467434167861938,""RAC1P"":1.1805808544158936}",0.9297963380813599,0.37357568740844727,0.37357568740844727,"{""income_binary"":0.3135582506656647,""civilian_at_work"":0.3269631862640381,""public_coverage"":0.4802057147026062}",1.0041677951812744,none; fixed final iterate,0.03338420018553734,1.0,0.03338420018553734,1.0,0.0,-0.1,-0.092979633808136,0.2953594945371151
S_rho0,1,D,5,2665,1435,0.35289525985717773,0.35289525985717773,"{""income_binary"":0.29363352060317993,""civilian_at_work"":0.28768429160118103,""public_coverage"":0.47736796736717224}",1.0148929357528687,"{""SEX"":0.6463894248008728,""RAC1P"":1.1778455972671509}",0.9284681081771851,0.37249937653541565,0.37249937653541565,"{""income_binary"":0.3089618980884552,""civilian_at_work"":0.3285501301288605,""public_coverage"":0.4799861013889313}",1.0042762756347656,none; fixed final iterate,0.0317566879093647,1.0,0.0317566879093647,1.0,0.0,-0.1,-0.0928468108177185,0.29180513694882393
S_rho0,1,D,10,2870,2050,0.34910503029823303,0.34910503029823303,"{""income_binary"":0.2886284589767456,""civilian_at_work"":0.2823960781097412,""public_coverage"":0.4762905538082123}",1.015345573425293,"{""SEX"":0.6435914635658264,""RAC1P"":1.1727708578109741}",0.924458384513855,0.3698422908782959,0.3698422908782959,"{""income_binary"":0.3045232594013214,""civilian_at_work"":0.324779748916626,""public_coverage"":0.4802239239215851}",1.0047606229782104,none; fixed final iterate,0.03206096217036247,1.0,0.03206096217036247,1.0,0.0,-0.1,-0.0924458384513855,0.28872015401721
S_rho0,1,D,15,3075,2665,0.3455214500427246,0.3455214500427246,"{""income_binary"":0.28562459349632263,""civilian_at_work"":0.27921661734580994,""public_coverage"":0.47172313928604126}",1.014846920967102,"{""SEX"":0.6385819911956787,""RAC1P"":1.1671388149261475}",0.9186340570449829,0.3689548969268799,0.3689548969268799,"{""income_binary"":0.30305638909339905,""civilian_at_work"":0.325398713350296,""public_coverage"":0.47840961813926697}",1.0042424201965332,none; fixed final iterate,0.032525815069675446,1.0,0.032525815069675446,1.0,0.0,-0.1,-0.0918634057044983,0.28618385940790175
S_rho0,1,D,20,3280,3280,0.3442123234272003,0.3442123234272003,"{""income_binary"":0.2838611602783203,""civilian_at_work"":0.276356965303421,""public_coverage"":0.4724189341068268}",1.0148969888687134,"{""SEX"":0.6335073113441467,""RAC1P"":1.1666171550750732}",0.9147670269012451,0.36787378787994385,0.36787378787994385,"{""income_binary"":0.30088648200035095,""civilian_at_work"":0.32164251804351807,""public_coverage"":0.4810923635959625}",1.0042680501937866,none; fixed final iterate,0.030687078833580017,1.0,0.030687078833580017,1.0,0.0,-0.1,-0.09147670269012452,0.2834226995706558
S_rho0,1,D,25,3485,3895,0.34126877784729004,0.34126877784729004,"{""income_binary"":0.28349682688713074,""civilian_at_work"":0.2726632058620453,""public_coverage"":0.4676463007926941}",1.0150283575057983,"{""SEX"":0.630698025226593,""RAC1P"":1.1615697145462036}",0.9107598662376404,0.3671000301837921,0.3671000301837921,"{""income_binary"":0.3018780052661896,""civilian_at_work"":0.32134008407592773,""public_coverage"":0.4780820906162262}",1.0043963193893433,none; fixed final iterate,0.029666099697351456,1.0,0.029666099697351456,1.0,0.0,-0.1,-0.09107598662376404,0.27985889092087746
S_rho0,1,D,30,3690,4510,0.341085821390152,0.341085821390152,"{""income_binary"":0.28315016627311707,""civilian_at_work"":0.271422415971756,""public_coverage"":0.4686848819255829}",1.0151456594467163,"{""SEX"":0.6287115812301636,""RAC1P"":1.1622951030731201}",0.9096107482910156,0.3681891858577728,0.3681891858577728,"{""income_binary"":0.30228671431541443,""civilian_at_work"":0.3216002881526947,""public_coverage"":0.4806804955005646}",1.004552960395813,none; fixed final iterate,0.028035694733262062,1.0,0.028035694733262062,1.0,0.0,-0.1,-0.09096107482910157,0.2781604412943125
S_rho0,1,D,35,3895,5125,0.33879852294921875,0.33879852294921875,"{""income_binary"":0.2813371419906616,""civilian_at_work"":0.2690456807613373,""public_coverage"":0.46601274609565735}",1.0151957273483276,"{""SEX"":0.6321176886558533,""RAC1P"":1.161229133605957}",0.9116508960723877,0.3676501214504242,0.3676501214504242,"{""income_binary"":0.3009220063686371,""civilian_at_work"":0.32130342721939087,""public_coverage"":0.48072490096092224}",1.0046197175979614,none; fixed final iterate,0.027955321595072746,1.0,0.027955321595072746,1.0,0.0,-0.1,-0.09116508960723878,0.2755887549370527
S_rho0,1,D,40,4100,5740,0.33658766746520996,0.33658766746520996,"{""income_binary"":0.27985453605651855,""civilian_at_work"":0.2671012878417969,""public_coverage"":0.46280723810195923}",1.0148953199386597,"{""SEX"":0.6258481740951538,""RAC1P"":1.1559323072433472}",0.9050486087799072,0.36670875549316406,0.36670875549316406,"{""income_binary"":0.30009573698043823,""civilian_at_work"":0.3198751211166382,""public_coverage"":0.48015540838241577}",1.0043443441390991,none; fixed final iterate,0.027866072952747345,1.0,0.027866072952747345,1.0,0.0,-0.1,-0.09050486087799073,0.2739488795399666
S_rho0,1,D,45,4305,6355,0.3352501094341278,0.3352501094341278,"{""income_binary"":0.27737849950790405,""civilian_at_work"":0.2657424807548523,""public_coverage"":0.4626293480396271}",1.01506769657135,"{""SEX"":0.6220029592514038,""RAC1P"":1.1569353342056274}",0.9026669263839722,0.36517569422721863,0.36517569422721863,"{""income_binary"":0.2965313792228699,""civilian_at_work"":0.32058629393577576,""public_coverage"":0.47840943932533264}",1.0044914484024048,none; fixed final iterate,0.025993352755904198,1.0,0.025993352755904198,1.0,0.0,-0.1,-0.09026669263839722,0.2709767695516348
S_rho0,1,D,50,4510,6970,0.3363383114337921,0.3363383114337921,"{""income_binary"":0.279306024312973,""civilian_at_work"":0.26893332600593567,""public_coverage"":0.46077558398246765}",1.0147756338119507,"{""SEX"":0.6222249269485474,""RAC1P"":1.1504333019256592}",0.9002769589424133,0.3675820529460907,0.3675820529460907,"{""income_binary"":0.30007627606391907,""civilian_at_work"":0.32344451546669006,""public_coverage"":0.47922536730766296}",1.0041569471359253,none; fixed final iterate,0.024178940802812576,1.0,0.024178940802812576,1.0,0.0,-0.1,-0.09002769589424134,0.2704895563423634
S_rho0,1,D,55,4715,7585,0.3336637318134308,0.3336637318134308,"{""income_binary"":0.27791255712509155,""civilian_at_work"":0.26351696252822876,""public_coverage"":0.45956170558929443}",1.0148929357528687,"{""SEX"":0.6204965114593506,""RAC1P"":1.1471418142318726}",0.8977385759353638,0.3662543296813965,0.3662543296813965,"{""income_binary"":0.2989720404148102,""civilian_at_work"":0.3215120732784271,""public_coverage"":0.4782789349555969}",1.0042691230773926,none; fixed final iterate,0.024666549637913704,1.0,0.024666549637913704,1.0,0.0,-0.1,-0.08977385759353639,0.2685564238578081
S_rho0,1,D,60,4920,8200,0.33061933517456055,0.33061933517456055,"{""income_binary"":0.27459394931793213,""civilian_at_work"":0.2599204182624817,""public_coverage"":0.4573436677455902}",1.015006184577942,"{""SEX"":0.6151490211486816,""RAC1P"":1.143457055091858}",0.8924340605735779,0.36606213450431824,0.36606213450431824,"{""income_binary"":0.2967621088027954,""civilian_at_work"":0.32185062766075134,""public_coverage"":0.4795736074447632}",1.004333734512329,none; fixed final iterate,0.027005577459931374,1.0,0.027005577459931374,1.0,0.0,-0.1,-0.0892434060573578,0.2683815065771341
S_rho0,1,D,65,5125,8815,0.329853355884552,0.329853355884552,"{""income_binary"":0.27438047528266907,""civilian_at_work"":0.25962910056114197,""public_coverage"":0.45555049180984497}",1.0150254964828491,"{""SEX"":0.6138964891433716,""RAC1P"":1.14101243019104}",0.8905712366104126,0.3652963638305664,0.3652963638305664,"{""income_binary"":0.29637208580970764,""civilian_at_work"":0.31939759850502014,""public_coverage"":0.4801194369792938}",1.0043805837631226,none; fixed final iterate,0.02506956458091736,1.0,0.02506956458091736,1.0,0.0,-0.1,-0.08905712366104127,0.2658657968044281
S_rho0,1,D,70,5330,9430,0.3291517496109009,0.3291517496109009,"{""income_binary"":0.27470558881759644,""civilian_at_work"":0.25716814398765564,""public_coverage"":0.45558151602745056}",1.015184998512268,"{""SEX"":0.6140365600585938,""RAC1P"":1.1389474868774414}",0.8898624777793884,0.3666454255580902,0.3666454255580902,"{""income_binary"":0.2983746826648712,""civilian_at_work"":0.31983229517936707,""public_coverage"":0.4817292094230652}",1.0045464038848877,none; fixed final iterate,0.024325918406248093,1.0,0.024325918406248093,1.0,0.0,-0.1,-0.08898624777793884,0.26449142023921013
S_rho0,1,D,75,5535,10045,0.32788729667663574,0.32788729667663574,"{""income_binary"":0.2725149393081665,""civilian_at_work"":0.25572022795677185,""public_coverage"":0.4554266929626465}",1.0151740312576294,"{""SEX"":0.6092567443847656,""RAC1P"":1.136698842048645}",0.885530948638916,0.36609718203544617,0.36609718203544617,"{""income_binary"":0.296943336725235,""civilian_at_work"":0.31943798065185547,""public_coverage"":0.48191022872924805}",1.0044796466827393,none; fixed final iterate,0.02489703707396984,1.0,0.02489703707396984,1.0,0.0,-0.1,-0.08855309486389161,0.26423123888671396
S_rho0,1,D,80,5740,10660,0.3281339406967163,0.3281339406967163,"{""income_binary"":0.27213287353515625,""civilian_at_work"":0.2575925588607788,""public_coverage"":0.45467641949653625}",1.0152052640914917,"{""SEX"":0.6123338341712952,""RAC1P"":1.1379468441009521}",0.888241171836853,0.3678327798843384,0.3678327798843384,"{""income_binary"":0.2973431944847107,""civilian_at_work"":0.321578711271286,""public_coverage"":0.48457643389701843}",1.004543423652649,none; fixed final iterate,0.024652443826198578,1.0,0.024652443826198578,1.0,0.0,-0.1,-0.08882411718368531,0.26396226733922956
S_rho0,1,warm_base,0,0,0,0.7118697166442871,0.7118697166442871,"{""income_binary"":0.7249402403831482,""civilian_at_work"":0.6785551905632019,""public_coverage"":0.7321138381958008}",1.0284864902496338,,,0.7159926295280457,0.7159926295280457,"{""income_binary"":0.728021502494812,""civilian_at_work"":0.6855751872062683,""public_coverage"":0.7343810796737671}",1.0178860425949097,none; fixed final iterate,0.5625000596046448,1.0,0.5625000596046448,1.0,0.0,0.0,0.0,1.2743697762489319
S_rho0,1,warm_base,5,205,0,0.5611373782157898,0.5611373782157898,"{""income_binary"":0.5596187114715576,""civilian_at_work"":0.5224153399467468,""public_coverage"":0.6013779044151306}",1.0149980783462524,,,0.5616957545280457,0.5616957545280457,"{""income_binary"":0.5614903569221497,""civilian_at_work"":0.5265365242958069,""public_coverage"":0.5970603227615356}",1.0045496225357056,none; fixed final iterate,0.05158396065235138,1.0,0.05158396065235138,1.0,0.0,0.0,0.0,0.6127213388681412
S_rho0,1,warm_base,10,410,0,0.48511433601379395,0.48511433601379395,"{""income_binary"":0.4647749066352844,""civilian_at_work"":0.43806806206703186,""public_coverage"":0.5524999499320984}",1.0146749019622803,,,0.48670458793640137,0.48670458793640137,"{""income_binary"":0.4683209955692291,""civilian_at_work"":0.4470750093460083,""public_coverage"":0.5447178483009338}",1.004148006439209,none; fixed final iterate,0.055932722985744476,1.0,0.055932722985744476,1.0,0.0,0.0,0.0,0.5410470589995384
S_rho0,1,warm_base,15,615,0,0.4457244873046875,0.4457244873046875,"{""income_binary"":0.41094639897346497,""civilian_at_work"":0.3924534320831299,""public_coverage"":0.5337736010551453}",1.0148473978042603,,,0.4487464725971222,0.4487464725971222,"{""income_binary"":0.4151288568973541,""civilian_at_work"":0.4063798487186432,""public_coverage"":0.5247307419776917}",1.0043461322784424,none; fixed final iterate,0.052603304386138916,1.0,0.052603304386138916,1.0,0.0,0.0,0.0,0.4983277916908264
S_rho0,1,warm_base,20,820,0,0.4183238446712494,0.4183238446712494,"{""income_binary"":0.3766481876373291,""civilian_at_work"":0.36115238070487976,""public_coverage"":0.5171708464622498}",1.0147278308868408,,,0.4231783449649811,0.4231783449649811,"{""income_binary"":0.38224631547927856,""civilian_at_work"":0.37860307097435,""public_coverage"":0.5086857676506042}",1.0041728019714355,none; fixed final iterate,0.05136518180370331,1.0,0.05136518180370331,1.0,0.0,0.0,0.0,0.4696890264749527
S_rho0,1,warm_base,25,1025,0,0.4027005732059479,0.4027005732059479,"{""income_binary"":0.35461974143981934,""civilian_at_work"":0.34347957372665405,""public_coverage"":0.5100023746490479}",1.014911413192749,,,0.40915587544441223,0.40915587544441223,"{""income_binary"":0.36115747690200806,""civilian_at_work"":0.36434176564216614,""public_coverage"":0.5019683837890625}",1.0043213367462158,none; fixed final iterate,0.04676743224263191,1.0,0.04676743224263191,1.0,0.0,0.0,0.0,0.4494680054485798
S_rho0,1,warm_base,30,1230,0,0.38856351375579834,0.38856351375579834,"{""income_binary"":0.3358384668827057,""civilian_at_work"":0.32691940665245056,""public_coverage"":0.5029326677322388}",1.0148415565490723,,,0.39751389622688293,0.39751389622688293,"{""income_binary"":0.3441948890686035,""civilian_at_work"":0.35189828276634216,""public_coverage"":0.49644848704338074}",1.0042752027511597,none; fixed final iterate,0.04594447836279869,1.0,0.04594447836279869,1.0,0.0,0.0,0.0,0.43450799211859703
S_rho0,1,warm_base,35,1435,0,0.37907204031944275,0.37907204031944275,"{""income_binary"":0.3244936466217041,""civilian_at_work"":0.3157244920730591,""public_coverage"":0.49699798226356506}",1.0146366357803345,,,0.38942956924438477,0.38942956924438477,"{""income_binary"":0.33313360810279846,""civilian_at_work"":0.34338805079460144,""public_coverage"":0.4917669892311096}",1.0040401220321655,none; fixed final iterate,0.043984297662973404,1.0,0.043984297662973404,1.0,0.0,0.0,0.0,0.42305633798241615
S_rho0,1,warm_base,40,1640,0,0.3740088939666748,0.3740088939666748,"{""income_binary"":0.3191799223423004,""civilian_at_work"":0.30920153856277466,""public_coverage"":0.4936451315879822}",1.014579176902771,,,0.386373370885849,0.386373370885849,"{""income_binary"":0.32882386445999146,""civilian_at_work"":0.3412429094314575,""public_coverage"":0.4890533685684204}",1.0039637088775635,none; fixed final iterate,0.03962833061814308,1.0,0.03962833061814308,1.0,0.0,0.0,0.0,0.4136372245848179
S_rho0,1,warm_base,45,1845,0,0.366921991109848,0.366921991109848,"{""income_binary"":0.3099009692668915,""civilian_at_work"":0.3018440008163452,""public_coverage"":0.489020973443985}",1.0150222778320312,,,0.3807156980037689,0.3807156980037689,"{""income_binary"":0.3207106292247772,""civilian_at_work"":0.33554303646087646,""public_coverage"":0.4858933687210083}",1.0044310092926025,none; fixed final iterate,0.039127837866544724,1.0,0.039127837866544724,1.0,0.0,0.0,0.0,0.40604982897639275
S_rho0,1,warm_base,50,2050,0,0.3630847632884979,0.3630847632884979,"{""income_binary"":0.30702894926071167,""civilian_at_work"":0.29730939865112305,""public_coverage"":0.48491591215133667}",1.015194058418274,,,0.37836945056915283,0.37836945056915283,"{""income_binary"":0.3201644718647003,""civilian_at_work"":0.33168888092041016,""public_coverage"":0.483254998922348}",1.0045496225357056,none; fixed final iterate,0.03587996959686279,1.0,0.03587996959686279,1.0,0.0,0.0,0.0,0.3989647328853607
S_rho0,1,warm_base,55,2255,0,0.35801878571510315,0.35801878571510315,"{""income_binary"":0.2988014817237854,""civilian_at_work"":0.29229414463043213,""public_coverage"":0.4829608201980591}",1.014910340309143,,,0.3745145797729492,0.3745145797729492,"{""income_binary"":0.3107389509677887,""civilian_at_work"":0.32978546619415283,""public_coverage"":0.48301929235458374}",1.0043021440505981,none; fixed final iterate,0.036060482263565063,1.0,0.036060482263565063,1.0,0.0,0.0,0.0,0.3940792679786682
S_rho0,1,warm_base,60,2460,0,0.35495492815971375,0.35495492815971375,"{""income_binary"":0.2998497486114502,""civilian_at_work"":0.286959171295166,""public_coverage"":0.478055864572525}",1.0147849321365356,,,0.37357568740844727,0.37357568740844727,"{""income_binary"":0.3135582506656647,""civilian_at_work"":0.3269631862640381,""public_coverage"":0.4802057147026062}",1.0041677951812744,none; fixed final iterate,0.03338420018553734,1.0,0.03338420018553734,1.0,0.0,0.0,0.0,0.3883391283452511
S_rho0,1,warm_adversary,0,2460,0,0.35495492815971375,0.35495492815971375,"{""income_binary"":0.2998497486114502,""civilian_at_work"":0.286959171295166,""public_coverage"":0.478055864572525}",1.0147849321365356,"{""SEX"":0.6992205381393433,""RAC1P"":2.164100170135498}",1.3534168004989624,0.37357568740844727,0.37357568740844727,"{""income_binary"":0.3135582506656647,""civilian_at_work"":0.3269631862640381,""public_coverage"":0.4802057147026062}",1.0041677951812744,none; fixed final iterate,0.03338420018553734,0.0,0.0,1.0,0.0,0.0,0.0,0.35495492815971375
S_rho0,1,warm_adversary,5,2460,205,0.35495492815971375,0.35495492815971375,"{""income_binary"":0.2998497486114502,""civilian_at_work"":0.286959171295166,""public_coverage"":0.478055864572525}",1.0147849321365356,"{""SEX"":0.6596921682357788,""RAC1P"":1.2088143825531006}",0.9502150416374207,0.37357568740844727,0.37357568740844727,"{""income_binary"":0.3135582506656647,""civilian_at_work"":0.3269631862640381,""public_coverage"":0.4802057147026062}",1.0041677951812744,none; fixed final iterate,0.03338420018553734,0.0,0.0,1.0,0.0,0.0,0.0,0.35495492815971375
S_rho0,1,warm_adversary,10,2460,410,0.35495492815971375,0.35495492815971375,"{""income_binary"":0.2998497486114502,""civilian_at_work"":0.286959171295166,""public_coverage"":0.478055864572525}",1.0147849321365356,"{""SEX"":0.6532713174819946,""RAC1P"":1.1923202276229858}",0.9391118884086609,0.37357568740844727,0.37357568740844727,"{""income_binary"":0.3135582506656647,""civilian_at_work"":0.3269631862640381,""public_coverage"":0.4802057147026062}",1.0041677951812744,none; fixed final iterate,0.03338420018553734,0.0,0.0,1.0,0.0,0.0,0.0,0.35495492815971375
S_rho0,1,warm_adversary,15,2460,615,0.35495492815971375,0.35495492815971375,"{""income_binary"":0.2998497486114502,""civilian_at_work"":0.286959171295166,""public_coverage"":0.478055864572525}",1.0147849321365356,"{""SEX"":0.6514673233032227,""RAC1P"":1.1865932941436768}",0.9355637431144714,0.37357568740844727,0.37357568740844727,"{""income_binary"":0.3135582506656647,""civilian_at_work"":0.3269631862640381,""public_coverage"":0.4802057147026062}",1.0041677951812744,none; fixed final iterate,0.03338420018553734,0.0,0.0,1.0,0.0,0.0,0.0,0.35495492815971375
S_rho0,1,warm_adversary,20,2460,820,0.35495492815971375,0.35495492815971375,"{""income_binary"":0.2998497486114502,""civilian_at_work"":0.286959171295166,""public_coverage"":0.478055864572525}",1.0147849321365356,"{""SEX"":0.6467434167861938,""RAC1P"":1.1805808544158936}",0.9297963380813599,0.37357568740844727,0.37357568740844727,"{""income_binary"":0.3135582506656647,""civilian_at_work"":0.3269631862640381,""public_coverage"":0.4802057147026062}",1.0041677951812744,none; fixed final iterate,0.03338420018553734,0.0,0.0,1.0,0.0,0.0,0.0,0.35495492815971375
S_rho0,2,C,0,2520,840,0.3525118827819824,0.3525118827819824,"{""income_binary"":0.283319354057312,""civilian_at_work"":0.29650163650512695,""public_coverage"":0.4777146875858307}",1.008833408355713,"{""SEX"":0.6509177684783936,""RAC1P"":1.2108561992645264}",0.9370112419128418,0.37173914909362793,0.37173914909362793,"{""income_binary"":0.318279504776001,""civilian_at_work"":0.30749818682670593,""public_coverage"":0.48943978548049927}",0.9868061542510986,none; fixed final iterate,0.026358993723988533,1.0,0.026358993723988533,1.0,0.0,0.0,0.0,0.37887087650597095
S_rho0,2,C,5,2730,1470,0.352308988571167,0.352308988571167,"{""income_binary"":0.2847740650177002,""civilian_at_work"":0.29599764943122864,""public_coverage"":0.47615525126457214}",1.0087050199508667,"{""SEX"":0.645351767539978,""RAC1P"":1.1968092918395996}",0.9275743961334229,0.3731508255004883,0.3731508255004883,"{""income_binary"":0.3200133740901947,""civilian_at_work"":0.31024569272994995,""public_coverage"":0.4891934096813202}",0.9866452813148499,none; fixed final iterate,0.023534150794148445,1.0,0.023534150794148445,1.0,0.0,0.0,0.0,0.37584313936531544
S_rho0,2,C,10,2940,2100,0.34995970129966736,0.34995970129966736,"{""income_binary"":0.2844727337360382,""civilian_at_work"":0.29056671261787415,""public_coverage"":0.47483956813812256}",1.0085150003433228,"{""SEX"":0.6409115195274353,""RAC1P"":1.188150405883789}",0.9210286140441895,0.37204766273498535,0.37204766273498535,"{""income_binary"":0.3206721246242523,""civilian_at_work"":0.30568841099739075,""public_coverage"":0.4897823929786682}",0.9864249229431152,none; fixed final iterate,0.022701125591993332,1.0,0.022701125591993332,1.0,0.0,0.0,0.0,0.3726608268916607
S_rho0,2,C,15,3150,2730,0.3463080823421478,0.3463080823421478,"{""income_binary"":0.27888059616088867,""civilian_at_work"":0.2882905602455139,""public_coverage"":0.47175300121307373}",1.0087047815322876,"{""SEX"":0.634811520576477,""RAC1P"":1.1801114082336426}",0.9135236740112305,0.36874985694885254,0.36874985694885254,"{""income_binary"":0.315920352935791,""civilian_at_work"":0.3023488521575928,""public_coverage"":0.4879803955554962}",0.9865871667861938,none; fixed final iterate,0.023069163784384727,1.0,0.023069163784384727,1.0,0.0,0.0,0.0,0.36937724612653255
S_rho0,2,C,20,3360,3360,0.34436115622520447,0.34436115622520447,"{""income_binary"":0.27720552682876587,""civilian_at_work"":0.2858705222606659,""public_coverage"":0.47000738978385925}",1.0084389448165894,"{""SEX"":0.6294761300086975,""RAC1P"":1.1835986375808716}",0.9110168218612671,0.36828866600990295,0.36828866600990295,"{""income_binary"":0.31521710753440857,""civilian_at_work"":0.30156683921813965,""public_coverage"":0.48808202147483826}",0.9862944483757019,none; fixed final iterate,0.022008288651704788,1.0,0.022008288651704788,1.0,0.0,0.0,0.0,0.36636944487690926
S_rho0,2,C,25,3570,3990,0.34244105219841003,0.34244105219841003,"{""income_binary"":0.2749306261539459,""civilian_at_work"":0.2838553786277771,""public_coverage"":0.4685371220111847}",1.0087273120880127,"{""SEX"":0.624134361743927,""RAC1P"":1.1726861000061035}",0.9029508829116821,0.3678160011768341,0.3678160011768341,"{""income_binary"":0.31382668018341064,""civilian_at_work"":0.30108076333999634,""public_coverage"":0.4885405898094177}",0.9866235852241516,none; fixed final iterate,0.02265017293393612,1.0,0.02265017293393612,1.0,0.0,0.0,0.0,0.36509122513234615
S_rho0,2,C,30,3780,4620,0.34049758315086365,0.34049758315086365,"{""income_binary"":0.2708525061607361,""civilian_at_work"":0.28375113010406494,""public_coverage"":0.46688905358314514}",1.0085705518722534,"{""SEX"":0.6238794922828674,""RAC1P"":1.1666631698608398}",0.9004436731338501,0.3668765723705292,0.3668765723705292,"{""income_binary"":0.31012922525405884,""civilian_at_work"":0.30227625370025635,""public_coverage"":0.48822420835494995}",0.9863762855529785,none; fixed final iterate,0.02236654795706272,1.0,0.02236654795706272,1.0,0.0,0.0,0.0,0.36286413110792637
S_rho0,2,C,35,3990,5250,0.33856987953186035,0.33856987953186035,"{""income_binary"":0.2703596353530884,""civilian_at_work"":0.2814251780509949,""public_coverage"":0.4639247953891754}",1.0082391500473022,"{""SEX"":0.6204401850700378,""RAC1P"":1.1649988889694214}",0.8973186016082764,0.36626526713371277,0.36626526713371277,"{""income_binary"":0.31170278787612915,""civilian_at_work"":0.2996859848499298,""public_coverage"":0.4874069392681122}",0.9861471652984619,none; fixed final iterate,0.02166290394961834,1.0,0.02166290394961834,1.0,0.0,0.0,0.0,0.3602327834814787
S_rho0,2,C,40,4200,5880,0.3381457030773163,0.3381457030773163,"{""income_binary"":0.2685982286930084,""civilian_at_work"":0.281352698802948,""public_coverage"":0.46448612213134766}",1.0085394382476807,"{""SEX"":0.6172114014625549,""RAC1P"":1.1658003330230713}",0.8952966928482056,0.36593660712242126,0.36593660712242126,"{""income_binary"":0.31080198287963867,""civilian_at_work"":0.29841506481170654,""public_coverage"":0.4885927438735962}",0.9863585829734802,none; fixed final iterate,0.021848805248737335,1.0,0.021848805248737335,1.0,0.0,0.0,0.0,0.3599945083260536
S_rho0,2,C,45,4410,6510,0.3357051610946655,0.3357051610946655,"{""income_binary"":0.26865604519844055,""civilian_at_work"":0.27735814452171326,""public_coverage"":0.46110132336616516}",1.0085209608078003,"{""SEX"":0.6150611042976379,""RAC1P"":1.1641079187393188}",0.8930913805961609,0.36536774039268494,0.36536774039268494,"{""income_binary"":0.3109256327152252,""civilian_at_work"":0.2975776791572571,""public_coverage"":0.48759979009628296}",0.986343264579773,none; fixed final iterate,0.021216120570898056,1.0,0.021216120570898056,1.0,0.0,0.0,0.0,0.3569212816655636
S_rho0,2,C,50,4620,7140,0.3364905118942261,0.3364905118942261,"{""income_binary"":0.26925408840179443,""civilian_at_work"":0.27965641021728516,""public_coverage"":0.46056103706359863}",1.008347511291504,"{""SEX"":0.6137043833732605,""RAC1P"":1.1544042825698853}",0.8883688449859619,0.3658917248249054,0.3658917248249054,"{""income_binary"":0.31241559982299805,""civilian_at_work"":0.29828953742980957,""public_coverage"":0.48697006702423096}",0.9862223267555237,none; fixed final iterate,0.019159918650984764,1.0,0.019159918650984764,1.0,0.0,0.0,0.0,0.35565043054521084
S_rho0,2,C,55,4830,7770,0.3350928723812103,0.3350928723812103,"{""income_binary"":0.2660271227359772,""civilian_at_work"":0.27853015065193176,""public_coverage"":0.46072137355804443}",1.0083658695220947,"{""SEX"":0.6102656722068787,""RAC1P"":1.1570078134536743}",0.8868904709815979,0.36601290106773376,0.36601290106773376,"{""income_binary"":0.3088900148868561,""civilian_at_work"":0.3005112409591675,""public_coverage"":0.48863741755485535}",0.9861888289451599,none; fixed final iterate,0.019165923818945885,1.0,0.019165923818945885,1.0,0.0,0.0,0.0,0.3542587962001562
S_rho0,2,C,60,5040,8400,0.3321479558944702,0.3321479558944702,"{""income_binary"":0.2652369737625122,""civilian_at_work"":0.2742428779602051,""public_coverage"":0.45696404576301575}",1.0083866119384766,"{""SEX"":0.6073045134544373,""RAC1P"":1.1510028839111328}",0.8824362754821777,0.36455976963043213,0.36455976963043213,"{""income_binary"":0.3099174201488495,""civilian_at_work"":0.2954138517379761,""public_coverage"":0.48834800720214844}",0.986150860786438,none; fixed final iterate,0.020506545901298523,1.0,0.020506545901298523,1.0,0.0,0.0,0.0,0.35265450179576874
S_rho0,2,C,65,5250,9030,0.3327508270740509,0.3327508270740509,"{""income_binary"":0.2655346095561981,""civilian_at_work"":0.27592822909355164,""public_coverage"":0.45678967237472534}",1.0085747241973877,"{""SEX"":0.6086301803588867,""RAC1P"":1.1480426788330078}",0.8822515606880188,0.3670312464237213,0.3670312464237213,"{""income_binary"":0.31117984652519226,""civilian_at_work"":0.29739096760749817,""public_coverage"":0.4925229847431183}",0.9864240288734436,none; fixed final iterate,0.01892486773431301,1.0,0.01892486773431301,1.0,0.0,0.0,0.0,0.3516756948083639
S_rho0,2,C,70,5460,9660,0.3298743665218353,0.3298743665218353,"{""income_binary"":0.2629881203174591,""civilian_at_work"":0.2704564929008484,""public_coverage"":0.4561784863471985}",1.0081177949905396,"{""SEX"":0.5997755527496338,""RAC1P"":1.1493698358535767}",0.8763706684112549,0.36562445759773254,0.36562445759773254,"{""income_binary"":0.3099759817123413,""civilian_at_work"":0.29351767897605896,""public_coverage"":0.493379682302475}",0.9858916997909546,none; fixed final iterate,0.020615417510271072,1.0,0.020615417510271072,1.0,0.0,0.0,0.0,0.3504897840321064
S_rho0,2,C,75,5670,10290,0.33017727732658386,0.33017727732658386,"{""income_binary"":0.2623773217201233,""civilian_at_work"":0.2750277519226074,""public_coverage"":0.4531267583370209}",1.0084362030029297,"{""SEX"":0.5995923280715942,""RAC1P"":1.146990418434143}",0.875320553779602,0.36592087149620056,0.36592087149620056,"{""income_binary"":0.3109009861946106,""civilian_at_work"":0.29781875014305115,""public_coverage"":0.48904281854629517}",0.9861778020858765,none; fixed final iterate,0.020130516961216927,1.0,0.020130516961216927,1.0,0.0,0.0,0.0,0.3503077942878008
S_rho0,2,C,80,5880,10920,0.32878270745277405,0.32878270745277405,"{""income_binary"":0.26287564635276794,""civilian_at_work"":0.27310946583747864,""public_coverage"":0.45036301016807556}",1.0083823204040527,"{""SEX"":0.6007252931594849,""RAC1P"":1.1408476829528809}",0.8737690448760986,0.3654305040836334,0.3654305040836334,"{""income_binary"":0.310128390789032,""civilian_at_work"":0.29815465211868286,""public_coverage"":0.4880084991455078}",0.986151933670044,none; fixed final iterate,0.021084628999233246,1.0,0.021084628999233246,1.0,0.0,0.0,0.0,0.3498673364520073
S_rho0,2,D,0,2520,840,0.3525118827819824,0.3525118827819824,"{""income_binary"":0.283319354057312,""civilian_at_work"":0.29650163650512695,""public_coverage"":0.4777146875858307}",1.008833408355713,"{""SEX"":0.6509177684783936,""RAC1P"":1.2108561992645264}",0.9370112419128418,0.37173914909362793,0.37173914909362793,"{""income_binary"":0.318279504776001,""civilian_at_work"":0.30749818682670593,""public_coverage"":0.48943978548049927}",0.9868061542510986,none; fixed final iterate,0.026358993723988533,1.0,0.026358993723988533,1.0,0.0,-0.1,-0.09370112419128418,0.2851697523146868
S_rho0,2,D,5,2730,1470,0.3523823022842407,0.3523823022842407,"{""income_binary"":0.2843431830406189,""civilian_at_work"":0.2963111698627472,""public_coverage"":0.4764924943447113}",1.0087429285049438,"{""SEX"":0.6481786370277405,""RAC1P"":1.199304223060608}",0.9305776357650757,0.3732810914516449,0.3732810914516449,"{""income_binary"":0.31959354877471924,""civilian_at_work"":0.31067925691604614,""public_coverage"":0.4895704984664917}",0.9866824150085449,none; fixed final iterate,0.023753516376018524,1.0,0.023753516376018524,1.0,0.0,-0.1,-0.09305776357650758,0.28307805508375167
S_rho0,2,D,10,2940,2100,0.3500174283981323,0.3500174283981323,"{""income_binary"":0.2839818298816681,""civilian_at_work"":0.2909157872200012,""public_coverage"":0.4751546382904053}",1.00852370262146,"{""SEX"":0.6441035270690918,""RAC1P"":1.191861629486084}",0.9247646927833557,0.3721960484981537,0.3721960484981537,"{""income_binary"":0.320155531167984,""civilian_at_work"":0.3061433434486389,""public_coverage"":0.49028927087783813}",0.9864383339881897,none; fixed final iterate,0.02276487648487091,1.0,0.02276487648487091,1.0,0.0,-0.1,-0.09247646927833558,0.28030583560466765
S_rho0,2,D,15,3150,2730,0.3466225564479828,0.3466225564479828,"{""income_binary"":0.2791573405265808,""civilian_at_work"":0.2887459695339203,""public_coverage"":0.47196438908576965}",1.0087664127349854,"{""SEX"":0.6397280097007751,""RAC1P"":1.1841644048690796}",0.9186366200447083,0.36894699931144714,0.36894699931144714,"{""income_binary"":0.3159678280353546,""civilian_at_work"":0.30280014872550964,""public_coverage"":0.4880729615688324}",0.9866358041763306,none; fixed final iterate,0.023066110908985138,1.0,0.023066110908985138,1.0,0.0,-0.1,-0.09186366200447083,0.2778250053524971
S_rho0,2,D,20,3360,3360,0.34449830651283264,0.34449830651283264,"{""income_binary"":0.2770904004573822,""civilian_at_work"":0.28605347871780396,""public_coverage"":0.47035104036331177}",1.00848388671875,"{""SEX"":0.6331298351287842,""RAC1P"":1.186842441558838}",0.9149059057235718,0.36837443709373474,0.36837443709373474,"{""income_binary"":0.3149530291557312,""civilian_at_work"":0.30182644724845886,""public_coverage"":0.48834389448165894}",0.9863336682319641,none; fixed final iterate,0.022121064364910126,1.0,0.022121064364910126,1.0,0.0,-0.1,-0.09149059057235719,0.27512878030538557
S_rho0,2,D,25,3570,3990,0.34268951416015625,0.34268951416015625,"{""income_binary"":0.2747560441493988,""civilian_at_work"":0.2841804623603821,""public_coverage"":0.46913203597068787}",1.0087319612503052,"{""SEX"":0.628838062286377,""RAC1P"":1.1757235527038574}",0.9075185060501099,0.36805036664009094,0.36805036664009094,"{""income_binary"":0.3137494623661041,""civilian_at_work"":0.3016488552093506,""public_coverage"":0.4887528121471405}",0.9866371750831604,none; fixed final iterate,0.022642560303211212,1.0,0.022642560303211212,1.0,0.0,-0.1,-0.090751850605011,0.27458022385835645
S_rho0,2,D,30,3780,4620,0.3406587839126587,0.3406587839126587,"{""income_binary"":0.2711635231971741,""civilian_at_work"":0.283751517534256,""public_coverage"":0.467061311006546}",1.0086185932159424,"{""SEX"":0.6282182335853577,""RAC1P"":1.17045259475708}",0.9050377607345581,0.36699771881103516,0.36699771881103516,"{""income_binary"":0.3102276921272278,""civilian_at_work"":0.30253395438194275,""public_coverage"":0.4882315397262573}",0.9864339232444763,none; fixed final iterate,0.022425267845392227,1.0,0.022425267845392227,1.0,0.0,-0.1,-0.09050377607345582,0.2725802756845951
S_rho0,2,D,35,3990,5250,0.33869507908821106,0.33869507908821106,"{""income_binary"":0.27034083008766174,""civilian_at_work"":0.2815176248550415,""public_coverage"":0.4642268717288971}",1.0081355571746826,"{""SEX"":0.6258237361907959,""RAC1P"":1.168758511543274}",0.9026556015014648,0.3663516342639923,0.3663516342639923,"{""income_binary"":0.3113466799259186,""civilian_at_work"":0.30018365383148193,""public_coverage"":0.4875245988368988}",0.986034095287323,none; fixed final iterate,0.022015269845724106,1.0,0.022015269845724106,1.0,0.0,-0.1,-0.09026556015014649,0.2704447887837887
S_rho0,2,D,40,4200,5880,0.3387661874294281,0.3387661874294281,"{""income_binary"":0.2692059278488159,""civilian_at_work"":0.28198015689849854,""public_coverage"":0.4651123881340027}",1.008520245552063,"{""SEX"":0.6224938631057739,""RAC1P"":1.170310378074646}",0.9008501172065735,0.366595596075058,0.366595596075058,"{""income_binary"":0.31133341789245605,""civilian_at_work"":0.2993909418582916,""public_coverage"":0.4890623986721039}",0.9863136410713196,none; fixed final iterate,0.022027498111128807,1.0,0.022027498111128807,1.0,0.0,-0.1,-0.09008501172065736,0.27070867381989955
S_rho0,2,D,45,4410,6510,0.33593013882637024,0.33593013882637024,"{""income_binary"":0.2690299153327942,""civilian_at_work"":0.27700844407081604,""public_coverage"":0.4617520868778229}",1.0085524320602417,"{""SEX"":0.6211218237876892,""RAC1P"":1.1684330701828003}",0.899135410785675,0.36575260758399963,0.36575260758399963,"{""income_binary"":0.3112424314022064,""civilian_at_work"":0.2978118360042572,""public_coverage"":0.4882035553455353}",0.9863887429237366,none; fixed final iterate,0.021521084010601044,1.0,0.021521084010601044,1.0,0.0,-0.1,-0.08991354107856751,0.26753768175840376
S_rho0,2,D,50,4620,7140,0.33663293719291687,0.33663293719291687,"{""income_binary"":0.2696467936038971,""civilian_at_work"":0.27936309576034546,""public_coverage"":0.4608888626098633}",1.0083495378494263,"{""SEX"":0.619931697845459,""RAC1P"":1.1591476202011108}",0.894694447517395,0.36606648564338684,0.36606648564338684,"{""income_binary"":0.31247666478157043,""civilian_at_work"":0.2988179624080658,""public_coverage"":0.48690488934516907}",0.9862059950828552,none; fixed final iterate,0.019280459731817245,1.0,0.019280459731817245,1.0,0.0,-0.1,-0.08946944475173951,0.2664439521729946
S_rho0,2,D,55,4830,7770,0.33555126190185547,0.33555126190185547,"{""income_binary"":0.26668575406074524,""civilian_at_work"":0.27900561690330505,""public_coverage"":0.46096235513687134}",1.008386492729187,"{""SEX"":0.6165821552276611,""RAC1P"":1.160581111907959}",0.8928291201591492,0.36644017696380615,0.36644017696380615,"{""income_binary"":0.30903807282447815,""civilian_at_work"":0.30163317918777466,""public_coverage"":0.4886492192745209}",0.9862052798271179,none; fixed final iterate,0.019498363137245178,1.0,0.019498363137245178,1.0,0.0,-0.1,-0.08928291201591493,0.2657667130231857
S_rho0,2,D,60,5040,8400,0.3325250446796417,0.3325250446796417,"{""income_binary"":0.26558253169059753,""civilian_at_work"":0.2748117446899414,""public_coverage"":0.45718082785606384}",1.0082812309265137,"{""SEX"":0.6143321990966797,""RAC1P"":1.155367374420166}",0.8891936540603638,0.365313857793808,0.365313857793808,"{""income_binary"":0.3100992739200592,""civilian_at_work"":0.2970432639122009,""public_coverage"":0.48879894614219666}",0.9860302805900574,none; fixed final iterate,0.020722828805446625,1.0,0.020722828805446625,1.0,0.0,-0.1,-0.08891936540603639,0.26432850807905195
S_rho0,2,D,65,5250,9030,0.3328218162059784,0.3328218162059784,"{""income_binary"":0.26578888297080994,""civilian_at_work"":0.2757143974304199,""public_coverage"":0.45696210861206055}",1.0085368156433105,"{""SEX"":0.6144675612449646,""RAC1P"":1.1528030633926392}",0.888302206993103,0.3672196567058563,0.3672196567058563,"{""income_binary"":0.3112071752548218,""civilian_at_work"":0.297903835773468,""public_coverage"":0.4925479292869568}",0.9863488674163818,none; fixed final iterate,0.01922215148806572,1.0,0.01922215148806572,1.0,0.0,-0.1,-0.0888302206993103,0.2632137469947338
S_rho0,2,D,70,5460,9660,0.3300856649875641,0.3300856649875641,"{""income_binary"":0.26339516043663025,""civilian_at_work"":0.27064383029937744,""public_coverage"":0.4562179446220398}",1.0079874992370605,"{""SEX"":0.6091935038566589,""RAC1P"":1.153206706047058}",0.8846502304077148,0.3657194674015045,0.3657194674015045,"{""income_binary"":0.30971792340278625,""civilian_at_work"":0.2942580282688141,""public_coverage"":0.4931824505329132}",0.9857309460639954,none; fixed final iterate,0.020749419927597046,1.0,0.020749419927597046,1.0,0.0,-0.1,-0.08846502304077149,0.26237006187438966
S_rho0,2,D,75,5670,10290,0.3303173780441284,0.3303173780441284,"{""income_binary"":0.2626975476741791,""civilian_at_work"":0.2751636803150177,""public_coverage"":0.4530909061431885}",1.0083948373794556,"{""SEX"":0.6072149276733398,""RAC1P"":1.1515814065933228}",0.8825948238372803,0.365975946187973,0.365975946187973,"{""income_binary"":0.3101999759674072,""civilian_at_work"":0.29899802803993225,""public_coverage"":0.488729864358902}",0.9861071705818176,none; fixed final iterate,0.02069348655641079,1.0,0.02069348655641079,1.0,0.0,-0.1,-0.08825948238372804,0.26275138221681116
S_rho0,2,D,80,5880,10920,0.32920968532562256,0.32920968532562256,"{""income_binary"":0.26347267627716064,""civilian_at_work"":0.27380380034446716,""public_coverage"":0.4503525197505951}",1.0083081722259521,"{""SEX"":0.6086279153823853,""RAC1P"":1.1455961465835571}",0.8813061714172363,0.36617422103881836,0.36617422103881836,"{""income_binary"":0.30987048149108887,""civilian_at_work"":0.3007252812385559,""public_coverage"":0.4879268407821655}",0.9860352277755737,none; fixed final iterate,0.021490199491381645,1.0,0.021490199491381645,1.0,0.0,-0.1,-0.08813061714172364,0.26256926767528055
S_rho0,2,warm_base,0,0,0,0.7130289077758789,0.7130289077758789,"{""income_binary"":0.71417236328125,""civilian_at_work"":0.7128317356109619,""public_coverage"":0.7120826840400696}",1.0188953876495361,,,0.7131239771842957,0.7131239771842957,"{""income_binary"":0.7137216925621033,""civilian_at_work"":0.7125829458236694,""public_coverage"":0.7130672335624695}",0.9973122477531433,none; fixed final iterate,0.4999999403953552,1.0,0.4999999403953552,1.0,0.0,0.0,0.0,1.2130288481712341
S_rho0,2,warm_base,5,210,0,0.5748141407966614,0.5748141407966614,"{""income_binary"":0.5753740668296814,""civilian_at_work"":0.550697922706604,""public_coverage"":0.5983704328536987}",1.0105229616165161,,,0.5755754113197327,0.5755754113197327,"{""income_binary"":0.5796036720275879,""civilian_at_work"":0.5488319993019104,""public_coverage"":0.5982906222343445}",0.9885861873626709,none; fixed final iterate,0.030103329569101334,1.0,0.030103329569101334,1.0,0.0,0.0,0.0,0.6049174703657627
S_rho0,2,warm_base,10,420,0,0.5008103251457214,0.5008103251457214,"{""income_binary"":0.49296683073043823,""civilian_at_work"":0.4597284495830536,""public_coverage"":0.5497356057167053}",1.0102614164352417,,,0.5032077431678772,0.5032077431678772,"{""income_binary"":0.5010791420936584,""civilian_at_work"":0.4585530459880829,""public_coverage"":0.5499911308288574}",0.9883731007575989,none; fixed final iterate,0.034510888159275055,1.0,0.034510888159275055,1.0,0.0,0.0,0.0,0.5353212133049965
S_rho0,2,warm_base,15,630,0,0.4518338739871979,0.4518338739871979,"{""income_binary"":0.422842413187027,""civilian_at_work"":0.40758076310157776,""public_coverage"":0.5250784158706665}",1.0099905729293823,,,0.45626094937324524,0.45626094937324524,"{""income_binary"":0.4364486038684845,""civilian_at_work"":0.4069931209087372,""public_coverage"":0.5253411531448364}",0.9882027506828308,none; fixed final iterate,0.03786494955420494,1.0,0.03786494955420494,1.0,0.0,0.0,0.0,0.4896988235414028
S_rho0,2,warm_base,20,840,0,0.4219757616519928,0.4219757616519928,"{""income_binary"":0.3778596818447113,""civilian_at_work"":0.3729572892189026,""public_coverage"":0.515110433101654}",1.0095587968826294,,,0.4284392297267914,0.4284392297267914,"{""income_binary"":0.3954916298389435,""civilian_at_work"":0.3742484748363495,""public_coverage"":0.5155776143074036}",0.9877385497093201,none; fixed final iterate,0.036685895174741745,1.0,0.036685895174741745,1.0,0.0,0.0,0.0,0.45866165682673454
S_rho0,2,warm_base,25,1050,0,0.4006845951080322,0.4006845951080322,"{""income_binary"":0.3494187593460083,""civilian_at_work"":0.349770188331604,""public_coverage"":0.5028647780418396}",1.0097476243972778,,,0.40944305062294006,0.40944305062294006,"{""income_binary"":0.37083330750465393,""civilian_at_work"":0.35263246297836304,""public_coverage"":0.5048633217811584}",0.9878826141357422,none; fixed final iterate,0.035484082996845245,1.0,0.035484082996845245,1.0,0.0,0.0,0.0,0.43616867810487747
S_rho0,2,warm_base,30,1260,0,0.38874438405036926,0.38874438405036926,"{""income_binary"":0.3343815505504608,""civilian_at_work"":0.3347107470035553,""public_coverage"":0.4971408545970917}",1.0099029541015625,,,0.3985341489315033,0.3985341489315033,"{""income_binary"":0.3575815260410309,""civilian_at_work"":0.33764126896858215,""public_coverage"":0.5003796815872192}",0.9880436062812805,none; fixed final iterate,0.032179687172174454,1.0,0.032179687172174454,1.0,0.0,0.0,0.0,0.4209240712225437
S_rho0,2,warm_base,35,1470,0,0.37801679968833923,0.37801679968833923,"{""income_binary"":0.31969401240348816,""civilian_at_work"":0.3207307755947113,""public_coverage"":0.4936256408691406}",1.009311556816101,,,0.39069297909736633,0.39069297909736633,"{""income_binary"":0.34664031863212585,""civilian_at_work"":0.3266003727912903,""public_coverage"":0.49883830547332764}",0.9874362945556641,none; fixed final iterate,0.031386520713567734,1.0,0.031386520713567734,1.0,0.0,0.0,0.0,0.40940332040190697
S_rho0,2,warm_base,40,1680,0,0.370554119348526,0.370554119348526,"{""income_binary"":0.3075295686721802,""civilian_at_work"":0.3148634731769562,""public_coverage"":0.4892693758010864}",1.0091944932937622,,,0.38420403003692627,0.38420403003692627,"{""income_binary"":0.33530914783477783,""civilian_at_work"":0.32201772928237915,""public_coverage"":0.49528518319129944}",0.9872773289680481,none; fixed final iterate,0.030455343425273895,1.0,0.030455343425273895,1.0,0.0,0.0,0.0,0.4010094627737999
S_rho0,2,warm_base,45,1890,0,0.3676438629627228,0.3676438629627228,"{""income_binary"":0.3023257851600647,""civilian_at_work"":0.31284281611442566,""public_coverage"":0.48776301741600037}",1.0092824697494507,,,0.3826795518398285,0.3826795518398285,"{""income_binary"":0.3313930034637451,""civilian_at_work"":0.32052314281463623,""public_coverage"":0.4961225092411041}",0.9872878193855286,none; fixed final iterate,0.02677563577890396,1.0,0.02677563577890396,1.0,0.0,0.0,0.0,0.39441949874162674
S_rho0,2,warm_base,50,2100,0,0.36206135153770447,0.36206135153770447,"{""income_binary"":0.29741141200065613,""civilian_at_work"":0.30551859736442566,""public_coverage"":0.4832540452480316}",1.0088739395141602,,,0.3776722848415375,0.3776722848415375,"{""income_binary"":0.3271554410457611,""civilian_at_work"":0.31419938802719116,""public_coverage"":0.4916619658470154}",0.9868972301483154,none; fixed final iterate,0.02546265907585621,1.0,0.02546265907585621,1.0,0.0,0.0,0.0,0.3875240106135607
S_rho0,2,warm_base,55,2310,0,0.35749363899230957,0.35749363899230957,"{""income_binary"":0.29057297110557556,""civilian_at_work"":0.30128735303878784,""public_coverage"":0.4806206226348877}",1.009297251701355,,,0.37527599930763245,0.37527599930763245,"{""income_binary"":0.32267382740974426,""civilian_at_work"":0.31210851669311523,""public_coverage"":0.49104568362236023}",0.9872965216636658,none; fixed final iterate,0.02601194754242897,1.0,0.02601194754242897,1.0,0.0,0.0,0.0,0.38350558653473854
S_rho0,2,warm_base,60,2520,0,0.3525118827819824,0.3525118827819824,"{""income_binary"":0.283319354057312,""civilian_at_work"":0.29650163650512695,""public_coverage"":0.4777146875858307}",1.008833408355713,,,0.37173914909362793,0.37173914909362793,"{""income_binary"":0.318279504776001,""civilian_at_work"":0.30749818682670593,""public_coverage"":0.48943978548049927}",0.9868061542510986,none; fixed final iterate,0.026358993723988533,1.0,0.026358993723988533,1.0,0.0,0.0,0.0,0.37887087650597095
S_rho0,2,warm_adversary,0,2520,0,0.3525118827819824,0.3525118827819824,"{""income_binary"":0.283319354057312,""civilian_at_work"":0.29650163650512695,""public_coverage"":0.4777146875858307}",1.008833408355713,"{""SEX"":0.694436252117157,""RAC1P"":2.255023241043091}",1.3712003231048584,0.37173914909362793,0.37173914909362793,"{""income_binary"":0.318279504776001,""civilian_at_work"":0.30749818682670593,""public_coverage"":0.48943978548049927}",0.9868061542510986,none; fixed final iterate,0.026358993723988533,0.0,0.0,1.0,0.0,0.0,0.0,0.3525118827819824
S_rho0,2,warm_adversary,5,2520,210,0.3525118827819824,0.3525118827819824,"{""income_binary"":0.283319354057312,""civilian_at_work"":0.29650163650512695,""public_coverage"":0.4777146875858307}",1.008833408355713,"{""SEX"":0.6699987053871155,""RAC1P"":1.2615398168563843}",0.970337450504303,0.37173914909362793,0.37173914909362793,"{""income_binary"":0.318279504776001,""civilian_at_work"":0.30749818682670593,""public_coverage"":0.48943978548049927}",0.9868061542510986,none; fixed final iterate,0.026358993723988533,0.0,0.0,1.0,0.0,0.0,0.0,0.3525118827819824
S_rho0,2,warm_adversary,10,2520,420,0.3525118827819824,0.3525118827819824,"{""income_binary"":0.283319354057312,""civilian_at_work"":0.29650163650512695,""public_coverage"":0.4777146875858307}",1.008833408355713,"{""SEX"":0.6604240536689758,""RAC1P"":1.2381845712661743}",0.9544159173965454,0.37173914909362793,0.37173914909362793,"{""income_binary"":0.318279504776001,""civilian_at_work"":0.30749818682670593,""public_coverage"":0.48943978548049927}",0.9868061542510986,none; fixed final iterate,0.026358993723988533,0.0,0.0,1.0,0.0,0.0,0.0,0.3525118827819824
S_rho0,2,warm_adversary,15,2520,630,0.3525118827819824,0.3525118827819824,"{""income_binary"":0.283319354057312,""civilian_at_work"":0.29650163650512695,""public_coverage"":0.4777146875858307}",1.008833408355713,"{""SEX"":0.6555224061012268,""RAC1P"":1.2210559844970703}",0.9442700147628784,0.37173914909362793,0.37173914909362793,"{""income_binary"":0.318279504776001,""civilian_at_work"":0.30749818682670593,""public_coverage"":0.48943978548049927}",0.9868061542510986,none; fixed final iterate,0.026358993723988533,0.0,0.0,1.0,0.0,0.0,0.0,0.3525118827819824
S_rho0,2,warm_adversary,20,2520,840,0.3525118827819824,0.3525118827819824,"{""income_binary"":0.283319354057312,""civilian_at_work"":0.29650163650512695,""public_coverage"":0.4777146875858307}",1.008833408355713,"{""SEX"":0.6509177684783936,""RAC1P"":1.2108561992645264}",0.9370112419128418,0.37173914909362793,0.37173914909362793,"{""income_binary"":0.318279504776001,""civilian_at_work"":0.30749818682670593,""public_coverage"":0.48943978548049927}",0.9868061542510986,none; fixed final iterate,0.026358993723988533,0.0,0.0,1.0,0.0,0.0,0.0,0.3525118827819824
