seed,release,target,split,n,n_classes,class_schema,weighted,weight_sum,support,weighted_support,prevalence,coverage_complete,raw_coverage_complete,valid_class_mask,log_loss,log_loss_probability_floor,accuracy,balanced_accuracy,observed_balanced_accuracy,auroc,macro_auroc,observed_macro_auroc,per_class,probability_sha256
0,E_F_I,income_binary,source_validation,3004,2,"[0,1]",False,3004.0,"[2459,545]","[2459.0,545.0]","[0.8185752330226365,0.1814247669773635]",True,True,"[true,true]",0.7174019609336485,1e-12,0.4044607190412783,0.4684215631773937,0.4684215631773937,0.48649036865138734,0.4864903686513873,0.4864903686513873,"[{""class_index"":0,""support"":2459,""weighted_support"":2459.0,""prevalence"":0.8185752330226365,""predicted_support"":1140,""predicted_weight"":1140.0,""precision"":0.793859649122807,""recall"":0.368035786905246,""f1"":0.5029174770769658,""auroc"":0.4864903686513873,""recall_defined"":true,""auroc_defined"":true},{""class_index"":1,""support"":545,""weighted_support"":545.0,""prevalence"":0.1814247669773635,""predicted_support"":1864,""predicted_weight"":1864.0,""precision"":0.16630901287553648,""recall"":0.5688073394495413,""f1"":0.25736820257368204,""auroc"":0.48649036865138734,""recall_defined"":true,""auroc_defined"":true}]",cd75f6ffe6d923fd2c351237ac6ce45f6cf41548b58998540e2d96e2421d768a
0,E_F_I,income_binary,source_validation_person_weighted,3004,2,"[0,1]",True,350926.0,"[2459,545]","[288026.0,62900.0]","[0.820759932293418,0.17924006770658202]",True,True,"[true,true]",0.7138167973091708,1e-12,0.41397616591532116,0.4750261596459612,0.4750261596459612,0.48996875621555847,0.48996875621555847,0.48996875621555847,"[{""class_index"":0,""support"":2459,""weighted_support"":288026.0,""prevalence"":0.820759932293418,""predicted_support"":1140,""predicted_weight"":136445.0,""precision"":0.8018615559382901,""recall"":0.3798615402776138,""f1"":0.5155122493645031,""auroc"":0.48996875621555847,""recall_defined"":true,""auroc_defined"":true},{""class_index"":1,""support"":545,""weighted_support"":62900.0,""prevalence"":0.17924006770658202,""predicted_support"":1864,""predicted_weight"":214481.0,""precision"":0.1672176090189807,""recall"":0.5701907790143085,""f1"":0.2585973804983038,""auroc"":0.48996875621555847,""recall_defined"":true,""auroc_defined"":true}]",cd75f6ffe6d923fd2c351237ac6ce45f6cf41548b58998540e2d96e2421d768a
0,E_F_I,civilian_at_work,source_validation,3004,2,"[0,1]",False,3004.0,"[969,2035]","[969.0,2035.0]","[0.3225699067909454,0.6774300932090546]",True,True,"[true,true]",0.6897497274502702,1e-12,0.5572569906790945,0.4634692671844375,0.4634692671844375,0.4125631682907225,0.4125631682907225,0.4125631682907225,"[{""class_index"":0,""support"":969,""weighted_support"":969.0,""prevalence"":0.3225699067909454,""predicted_support"":747,""predicted_weight"":747.0,""precision"":0.2583668005354752,""recall"":0.19917440660474717,""f1"":0.22494172494172493,""auroc"":0.4125631682907225,""recall_defined"":true,""auroc_defined"":true},{""class_index"":1,""support"":2035,""weighted_support"":2035.0,""prevalence"":0.6774300932090546,""predicted_support"":2257,""predicted_weight"":2257.0,""precision"":0.6561807709348693,""recall"":0.7277641277641278,""f1"":0.690121155638397,""auroc"":0.4125631682907225,""recall_defined"":true,""auroc_defined"":true}]",bdd3e6b71141fc4fe9d707eb21329b7aa41c0b57fe608a6980351644c483e57b
0,E_F_I,civilian_at_work,source_validation_person_weighted,3004,2,"[0,1]",True,350926.0,"[969,2035]","[106128.0,244798.0]","[0.30242273299784,0.69757726700216]",True,True,"[true,true]",0.6898534894367093,1e-12,0.5570462148715114,0.4584765274499046,0.4584765274499046,0.40405061124959163,0.40405061124959163,0.40405061124959163,"[{""class_index"":0,""support"":969,""weighted_support"":106128.0,""prevalence"":0.30242273299784,""predicted_support"":747,""predicted_weight"":93684.0,""precision"":0.23679603774390504,""recall"":0.2090306045529926,""f1"":0.22204872580225413,""auroc"":0.40405061124959163,""recall_defined"":true,""auroc_defined"":true},{""class_index"":1,""support"":2035,""weighted_support"":244798.0,""prevalence"":0.69757726700216,""predicted_support"":2257,""predicted_weight"":257242.0,""precision"":0.6736769267848951,""recall"":0.7079224503468166,""f1"":0.6903752689028763,""auroc"":0.40405061124959163,""recall_defined"":true,""auroc_defined"":true}]",bdd3e6b71141fc4fe9d707eb21329b7aa41c0b57fe608a6980351644c483e57b
0,E_F_I,public_coverage,source_validation,3004,2,"[0,1]",False,3004.0,"[2263,741]","[2263.0,741.0]","[0.7533288948069241,0.2466711051930759]",True,True,"[true,true]",0.7312646543760166,1e-12,0.34354194407456723,0.4980377283328652,0.4980377283328652,0.5329310393152056,0.5329310393152056,0.5329310393152056,"[{""class_index"":0,""support"":2263,""weighted_support"":2263.0,""prevalence"":0.7533288948069241,""predicted_support"":583,""predicted_weight"":583.0,""precision"":0.7495711835334476,""recall"":0.1931064958020327,""f1"":0.3070976809557273,""auroc"":0.5329310393152057,""recall_defined"":true,""auroc_defined"":true},{""class_index"":1,""support"":741,""weighted_support"":741.0,""prevalence"":0.2466711051930759,""predicted_support"":2421,""predicted_weight"":2421.0,""precision"":0.24576621230896323,""recall"":0.8029689608636977,""f1"":0.3763440860215054,""auroc"":0.5329310393152056,""recall_defined"":true,""auroc_defined"":true}]",fba16f64a2ac12a8485b9b221e6ce3d51a2046bba53ce6e63edf33af08898353
0,E_F_I,public_coverage,source_validation_person_weighted,3004,2,"[0,1]",True,350926.0,"[2263,741]","[262875.0,88051.0]","[0.7490895516433664,0.2509104483566336]",True,True,"[true,true]",0.7312888781717097,1e-12,0.3461954942067558,0.494075527436216,0.494075527436216,0.5220287817137577,0.5220287817137577,0.5220287817137577,"[{""class_index"":0,""support"":2263,""weighted_support"":262875.0,""prevalence"":0.7490895516433664,""predicted_support"":583,""predicted_weight"":70258.0,""precision"":0.7379657832559993,""recall"":0.1972344270090347,""f1"":0.3112750763208688,""auroc"":0.5220287817137578,""recall_defined"":true,""auroc_defined"":true},{""class_index"":1,""support"":741,""weighted_support"":88051.0,""prevalence"":0.2509104483566336,""predicted_support"":2421,""predicted_weight"":280668.0,""precision"":0.24812589963943163,""recall"":0.7909166278633973,""f1"":0.3777456545499418,""auroc"":0.5220287817137577,""recall_defined"":true,""auroc_defined"":true}]",fba16f64a2ac12a8485b9b221e6ce3d51a2046bba53ce6e63edf33af08898353
0,E_F_I,income_binary,development_evaluation,2982,2,"[0,1]",False,2982.0,"[2439,543]","[2439.0,543.0]","[0.817907444668008,0.18209255533199195]",True,True,"[true,true]",0.7149552676922017,1e-12,0.41716968477531857,0.4933867018228193,0.4933867018228193,0.5169524991750838,0.5169524991750838,0.5169524991750838,"[{""class_index"":0,""support"":2439,""weighted_support"":2439.0,""prevalence"":0.817907444668008,""predicted_support"":1121,""predicted_weight"":1121.0,""precision"":0.8126672613737734,""recall"":0.37351373513735137,""f1"":0.5117977528089888,""auroc"":0.5169524991750839,""recall_defined"":true,""auroc_defined"":true},{""class_index"":1,""support"":543,""weighted_support"":543.0,""prevalence"":0.18209255533199195,""predicted_support"":1861,""predicted_weight"":1861.0,""precision"":0.17893605588393338,""recall"":0.6132596685082873,""f1"":0.27703826955074873,""auroc"":0.5169524991750838,""recall_defined"":true,""auroc_defined"":true}]",8928b507b9afe0f8fde8471a9ea54ae3f984274f269e02a6f5e57d235ac60138
0,E_F_I,income_binary,development_evaluation_person_weighted,2982,2,"[0,1]",True,334141.0,"[2439,543]","[273575.0,60566.0]","[0.8187411900963965,0.18125880990360357]",True,True,"[true,true]",0.7126560097941907,1e-12,0.4261733818956668,0.4995620871447384,0.4995620871447384,0.5151222767670979,0.5151222767670979,0.5151222767670979,"[{""class_index"":0,""support"":2439,""weighted_support"":273575.0,""prevalence"":0.8187411900963965,""predicted_support"":1121,""predicted_weight"":128510.0,""precision"":0.818403237102171,""recall"":0.3844393676322763,""f1"":0.5231381424325702,""auroc"":0.5151222767670979,""recall_defined"":true,""auroc_defined"":true},{""class_index"":1,""support"":543,""weighted_support"":60566.0,""prevalence"":0.18125880990360357,""predicted_support"":1861,""predicted_weight"":205631.0,""precision"":0.18104760468995434,""recall"":0.6146848066572004,""f1"":0.2797101394831647,""auroc"":0.5151222767670979,""recall_defined"":true,""auroc_defined"":true}]",8928b507b9afe0f8fde8471a9ea54ae3f984274f269e02a6f5e57d235ac60138
0,E_F_I,civilian_at_work,development_evaluation,2982,2,"[0,1]",False,2982.0,"[972,2010]","[972.0,2010.0]","[0.32595573440643866,0.6740442655935613]",True,True,"[true,true]",0.6893618574602564,1e-12,0.5536552649228705,0.46488852036115713,0.46488852036115713,0.42673105665090183,0.42673105665090183,0.42673105665090183,"[{""class_index"":0,""support"":972,""weighted_support"":972.0,""prevalence"":0.32595573440643866,""predicted_support"":767,""predicted_weight"":767.0,""precision"":0.26597131681877445,""recall"":0.20987654320987653,""f1"":0.23461759631972398,""auroc"":0.42673105665090183,""recall_defined"":true,""auroc_defined"":true},{""class_index"":1,""support"":2010,""weighted_support"":2010.0,""prevalence"":0.6740442655935613,""predicted_support"":2215,""predicted_weight"":2215.0,""precision"":0.6532731376975169,""recall"":0.7199004975124378,""f1"":0.6849704142011834,""auroc"":0.42673105665090183,""recall_defined"":true,""auroc_defined"":true}]",134c50839e53912a0f1be14f7c01cb41a7472f4e51e9891e33f0dd3401cb0994
0,E_F_I,civilian_at_work,development_evaluation_person_weighted,2982,2,"[0,1]",True,334141.0,"[972,2010]","[100734.0,233407.0]","[0.3014715344719744,0.6985284655280256]",True,True,"[true,true]",0.6864699660330846,1e-12,0.5550351498319571,0.45256828339311583,0.45256828339311583,0.41739711051882966,0.41739711051882966,0.41739711051882966,"[{""class_index"":0,""support"":972,""weighted_support"":100734.0,""prevalence"":0.3014715344719744,""predicted_support"":767,""predicted_weight"":87133.0,""precision"":0.22486314025684873,""recall"":0.1945023527309548,""f1"":0.20858373210835324,""auroc"":0.4173971105188296,""recall_defined"":true,""auroc_defined"":true},{""class_index"":1,""support"":2010,""weighted_support"":233407.0,""prevalence"":0.6985284655280256,""predicted_support"":2215,""predicted_weight"":247008.0,""precision"":0.6715045666537116,""recall"":0.7106342140552768,""f1"":0.6905154918143688,""auroc"":0.41739711051882966,""recall_defined"":true,""auroc_defined"":true}]",134c50839e53912a0f1be14f7c01cb41a7472f4e51e9891e33f0dd3401cb0994
0,E_F_I,public_coverage,development_evaluation,2982,2,"[0,1]",False,2982.0,"[2199,783]","[2199.0,783.0]","[0.7374245472837022,0.2625754527162978]",True,True,"[true,true]",0.7326428563089044,1e-12,0.3397048960429242,0.4799264381754856,0.4799264381754856,0.5080528302368951,0.5080528302368951,0.5080528302368951,"[{""class_index"":0,""support"":2199,""weighted_support"":2199.0,""prevalence"":0.7374245472837022,""predicted_support"":582,""predicted_weight"":582.0,""precision"":0.697594501718213,""recall"":0.1846293769895407,""f1"":0.29198130169003955,""auroc"":0.5080528302368951,""recall_defined"":true,""auroc_defined"":true},{""class_index"":1,""support"":783,""weighted_support"":783.0,""prevalence"":0.2625754527162978,""predicted_support"":2400,""predicted_weight"":2400.0,""precision"":0.2529166666666667,""recall"":0.7752234993614304,""f1"":0.38140119384228716,""auroc"":0.5080528302368951,""recall_defined"":true,""auroc_defined"":true}]",a212ba9ce24f87e4444098567ec4578b8f654f95e9157d550cae2f47031f2a86
0,E_F_I,public_coverage,development_evaluation_person_weighted,2982,2,"[0,1]",True,334141.0,"[2199,783]","[244261.0,89880.0]","[0.7310117585091324,0.26898824149086764]",True,True,"[true,true]",0.7316239881975247,1e-12,0.34450725891165707,0.4826174546056851,0.4826174546056851,0.5078479117124504,0.5078479117124504,0.5078479117124504,"[{""class_index"":0,""support"":2199,""weighted_support"":244261.0,""prevalence"":0.7310117585091324,""predicted_support"":582,""predicted_weight"":64504.0,""precision"":0.695600272851296,""recall"":0.18369285313660388,""f1"":0.2906352727802698,""auroc"":0.5078479117124504,""recall_defined"":true,""auroc_defined"":true},{""class_index"":1,""support"":783,""weighted_support"":89880.0,""prevalence"":0.26898824149086764,""predicted_support"":2400,""predicted_weight"":269637.0,""precision"":0.26051691718866476,""recall"":0.7815420560747663,""f1"":0.3907742888375237,""auroc"":0.5078479117124504,""recall_defined"":true,""auroc_defined"":true}]",a212ba9ce24f87e4444098567ec4578b8f654f95e9157d550cae2f47031f2a86
0,E_F_W,income_binary,source_validation,3004,2,"[0,1]",False,3004.0,"[2459,545]","[2459.0,545.0]","[0.8185752330226365,0.1814247669773635]",True,True,"[true,true]",0.3094377949412096,1e-12,0.8718375499334221,0.7281959922546273,0.7281959922546273,0.8948617883752252,0.8948617883752252,0.8948617883752252,"[{""class_index"":0,""support"":2459,""weighted_support"":2459.0,""prevalence"":0.8185752330226365,""predicted_support"":2616,""predicted_weight"":2616.0,""precision"":0.8964067278287462,""recall"":0.9536396909312729,""f1"":0.9241379310344827,""auroc"":0.8948617883752253,""recall_defined"":true,""auroc_defined"":true},{""class_index"":1,""support"":545,""weighted_support"":545.0,""prevalence"":0.1814247669773635,""predicted_support"":388,""predicted_weight"":388.0,""precision"":0.7061855670103093,""recall"":0.5027522935779817,""f1"":0.587352625937835,""auroc"":0.8948617883752252,""recall_defined"":true,""auroc_defined"":true}]",9aac762b6339fb60f680d8ab90fc69a982d09870b024a77d30f3e9bc8ced2a4d
0,E_F_W,income_binary,source_validation_person_weighted,3004,2,"[0,1]",True,350926.0,"[2459,545]","[288026.0,62900.0]","[0.820759932293418,0.17924006770658202]",True,True,"[true,true]",0.3031254912113195,1e-12,0.8736058314288483,0.7162584711124549,0.7162584711124549,0.8993551254265963,0.8993551254265963,0.8993551254265963,"[{""class_index"":0,""support"":2459,""weighted_support"":288026.0,""prevalence"":0.820759932293418,""predicted_support"":2616,""predicted_weight"":310221.0,""precision"":0.892737757920966,""recall"":0.9615312506509829,""f1"":0.9258583829087317,""auroc"":0.8993551254265963,""recall_defined"":true,""auroc_defined"":true},{""class_index"":1,""support"":545,""weighted_support"":62900.0,""prevalence"":0.17924006770658202,""predicted_support"":388,""predicted_weight"":40705.0,""precision"":0.7277975678663555,""recall"":0.4709856915739269,""f1"":0.5718835963515274,""auroc"":0.8993551254265963,""recall_defined"":true,""auroc_defined"":true}]",9aac762b6339fb60f680d8ab90fc69a982d09870b024a77d30f3e9bc8ced2a4d
0,E_F_W,civilian_at_work,source_validation,3004,2,"[0,1]",False,3004.0,"[969,2035]","[969.0,2035.0]","[0.3225699067909454,0.6774300932090546]",True,True,"[true,true]",0.3055370797489987,1e-12,0.8988015978695073,0.8517867149446097,0.8517867149446097,0.900051979928141,0.900051979928141,0.900051979928141,"[{""class_index"":0,""support"":969,""weighted_support"":969.0,""prevalence"":0.3225699067909454,""predicted_support"":729,""predicted_weight"":729.0,""precision"":0.9561042524005487,""recall"":0.7192982456140351,""f1"":0.8209658421672555,""auroc"":0.9000519799281409,""recall_defined"":true,""auroc_defined"":true},{""class_index"":1,""support"":2035,""weighted_support"":2035.0,""prevalence"":0.6774300932090546,""predicted_support"":2275,""predicted_weight"":2275.0,""precision"":0.8804395604395604,""recall"":0.9842751842751842,""f1"":0.9294663573085847,""auroc"":0.900051979928141,""recall_defined"":true,""auroc_defined"":true}]",6c90fe69668659b38339dac3403d351ded828afac0353eba38a6ef84b797570d
0,E_F_W,civilian_at_work,source_validation_person_weighted,3004,2,"[0,1]",True,350926.0,"[969,2035]","[106128.0,244798.0]","[0.30242273299784,0.69757726700216]",True,True,"[true,true]",0.3013251924070142,1e-12,0.9003664590255496,0.8411991031715695,0.8411991031715695,0.8972962193954757,0.8972962193954757,0.8972962193954757,"[{""class_index"":0,""support"":969,""weighted_support"":106128.0,""prevalence"":0.30242273299784,""predicted_support"":729,""predicted_weight"":75604.0,""precision"":0.9706364742606212,""recall"":0.6914669078848183,""f1"":0.8076068056258666,""auroc"":0.8972962193954757,""recall_defined"":true,""auroc_defined"":true},{""class_index"":1,""support"":2035,""weighted_support"":244798.0,""prevalence"":0.69757726700216,""predicted_support"":2275,""predicted_weight"":275322.0,""precision"":0.8810701651157554,""recall"":0.9909312984583207,""f1"":0.9327770514496655,""auroc"":0.8972962193954757,""recall_defined"":true,""auroc_defined"":true}]",6c90fe69668659b38339dac3403d351ded828afac0353eba38a6ef84b797570d
0,E_F_W,public_coverage,source_validation,3004,2,"[0,1]",False,3004.0,"[2263,741]","[2263.0,741.0]","[0.7533288948069241,0.2466711051930759]",True,True,"[true,true]",0.4910580763306613,1e-12,0.7679760319573902,0.5737099726098959,0.5737099726098959,0.7411006015327248,0.7411006015327248,0.7411006015327248,"[{""class_index"":0,""support"":2263,""weighted_support"":2263.0,""prevalence"":0.7533288948069241,""predicted_support"":2766,""predicted_weight"":2766.0,""precision"":0.7830802603036876,""recall"":0.9571365444100751,""f1"":0.8614038576257705,""auroc"":0.7411006015327247,""recall_defined"":true,""auroc_defined"":true},{""class_index"":1,""support"":741,""weighted_support"":741.0,""prevalence"":0.2466711051930759,""predicted_support"":238,""predicted_weight"":238.0,""precision"":0.592436974789916,""recall"":0.1902834008097166,""f1"":0.28804902962206336,""auroc"":0.7411006015327248,""recall_defined"":true,""auroc_defined"":true}]",a15c1fff7ca9e5e6fb326e399d407340ca9f100ef0d095f1788a3ecfc23cf269
0,E_F_W,public_coverage,source_validation_person_weighted,3004,2,"[0,1]",True,350926.0,"[2263,741]","[262875.0,88051.0]","[0.7490895516433664,0.2509104483566336]",True,True,"[true,true]",0.4980166036656911,1e-12,0.7648250628337598,0.5620483007262472,0.5620483007262472,0.7357318534319147,0.7357318534319147,0.7357318534319147,"[{""class_index"":0,""support"":2263,""weighted_support"":262875.0,""prevalence"":0.7490895516433664,""predicted_support"":2766,""predicted_weight"":329150.0,""precision"":0.773957162387969,""recall"":0.9690841654778888,""f1"":0.8605987922807314,""auroc"":0.7357318534319147,""recall_defined"":true,""auroc_defined"":true},{""class_index"":1,""support"":741,""weighted_support"":88051.0,""prevalence"":0.2509104483566336,""predicted_support"":238,""predicted_weight"":21776.0,""precision"":0.6267909625275533,""recall"":0.15501243597460562,""f1"":0.24855454487512177,""auroc"":0.7357318534319147,""recall_defined"":true,""auroc_defined"":true}]",a15c1fff7ca9e5e6fb326e399d407340ca9f100ef0d095f1788a3ecfc23cf269
0,E_F_W,income_binary,development_evaluation,2982,2,"[0,1]",False,2982.0,"[2439,543]","[2439.0,543.0]","[0.817907444668008,0.18209255533199195]",True,True,"[true,true]",0.3110837628254393,1e-12,0.8678739101274312,0.7137922207951362,0.7137922207951362,0.895505584890103,0.895505584890103,0.895505584890103,"[{""class_index"":0,""support"":2439,""weighted_support"":2439.0,""prevalence"":0.817907444668008,""predicted_support"":2619,""predicted_weight"":2619.0,""precision"":0.8904161893852616,""recall"":0.956129561295613,""f1"":0.9221035982601818,""auroc"":0.895505584890103,""recall_defined"":true,""auroc_defined"":true},{""class_index"":1,""support"":543,""weighted_support"":543.0,""prevalence"":0.18209255533199195,""predicted_support"":363,""predicted_weight"":363.0,""precision"":0.7052341597796143,""recall"":0.4714548802946593,""f1"":0.565121412803532,""auroc"":0.895505584890103,""recall_defined"":true,""auroc_defined"":true}]",dba642928fc8bf34df7b70adc2e2425b09fcd4b1558d72d1537760e37c745d2b
0,E_F_W,income_binary,development_evaluation_person_weighted,2982,2,"[0,1]",True,334141.0,"[2439,543]","[273575.0,60566.0]","[0.8187411900963965,0.18125880990360357]",True,True,"[true,true]",0.3189340200731336,1e-12,0.863674317129595,0.6925256752101424,0.6925256752101424,0.8881644024646009,0.8881644024646009,0.8881644024646009,"[{""class_index"":0,""support"":2439,""weighted_support"":273575.0,""prevalence"":0.8187411900963965,""predicted_support"":2619,""predicted_weight"":297789.0,""precision"":0.8828600116189651,""recall"":0.9610015535045234,""f1"":0.9202749910739914,""auroc"":0.888164402464601,""recall_defined"":true,""auroc_defined"":true},{""class_index"":1,""support"":543,""weighted_support"":60566.0,""prevalence"":0.18125880990360357,""predicted_support"":363,""predicted_weight"":36352.0,""precision"":0.7065085827464789,""recall"":0.42404979691576133,""f1"":0.5299944282795765,""auroc"":0.8881644024646009,""recall_defined"":true,""auroc_defined"":true}]",dba642928fc8bf34df7b70adc2e2425b09fcd4b1558d72d1537760e37c745d2b
0,E_F_W,civilian_at_work,development_evaluation,2982,2,"[0,1]",False,2982.0,"[972,2010]","[972.0,2010.0]","[0.32595573440643866,0.6740442655935613]",True,True,"[true,true]",0.2966918816279569,1e-12,0.9057679409792085,0.8636877341686628,0.8636877341686628,0.9029651127080646,0.9029651127080646,0.9029651127080646,"[{""class_index"":0,""support"":972,""weighted_support"":972.0,""prevalence"":0.32595573440643866,""predicted_support"":753,""predicted_weight"":753.0,""precision"":0.9588313413014609,""recall"":0.742798353909465,""f1"":0.8371014492753623,""auroc"":0.9029651127080646,""recall_defined"":true,""auroc_defined"":true},{""class_index"":1,""support"":2010,""weighted_support"":2010.0,""prevalence"":0.6740442655935613,""predicted_support"":2229,""predicted_weight"":2229.0,""precision"":0.8878420816509646,""recall"":0.9845771144278607,""f1"":0.9337107808445388,""auroc"":0.9029651127080646,""recall_defined"":true,""auroc_defined"":true}]",685f7418c036b1555d587789704c89469b38d8d72b468fc1760d466a7d716434
0,E_F_W,civilian_at_work,development_evaluation_person_weighted,2982,2,"[0,1]",True,334141.0,"[972,2010]","[100734.0,233407.0]","[0.3014715344719744,0.6985284655280256]",True,True,"[true,true]",0.2804884746664789,1e-12,0.9181064281246539,0.8696363243017142,0.8696363243017142,0.9026973825434537,0.9026973825434537,0.9026973825434537,"[{""class_index"":0,""support"":972,""weighted_support"":100734.0,""prevalence"":0.3014715344719744,""predicted_support"":753,""predicted_weight"":77240.0,""precision"":0.9749482133609528,""recall"":0.7475628883991502,""f1"":0.84624720464787,""auroc"":0.9026973825434537,""recall_defined"":true,""auroc_defined"":true},{""class_index"":1,""support"":2010,""weighted_support"":233407.0,""prevalence"":0.6985284655280256,""predicted_support"":2229,""predicted_weight"":256901.0,""precision"":0.9010163448176535,""recall"":0.9917097602042784,""f1"":0.9441901824975322,""auroc"":0.9026973825434537,""recall_defined"":true,""auroc_defined"":true}]",685f7418c036b1555d587789704c89469b38d8d72b468fc1760d466a7d716434
0,E_F_W,public_coverage,development_evaluation,2982,2,"[0,1]",False,2982.0,"[2199,783]","[2199.0,783.0]","[0.7374245472837022,0.2625754527162978]",True,True,"[true,true]",0.517863142698882,1e-12,0.7535211267605634,0.5738266610214675,0.5738266610214675,0.713013926567109,0.713013926567109,0.713013926567109,"[{""class_index"":0,""support"":2199,""weighted_support"":2199.0,""prevalence"":0.7374245472837022,""predicted_support"":2724,""predicted_weight"":2724.0,""precision"":0.7687224669603524,""recall"":0.9522510231923602,""f1"":0.8507007921998782,""auroc"":0.713013926567109,""recall_defined"":true,""auroc_defined"":true},{""class_index"":1,""support"":783,""weighted_support"":783.0,""prevalence"":0.2625754527162978,""predicted_support"":258,""predicted_weight"":258.0,""precision"":0.5930232558139535,""recall"":0.19540229885057472,""f1"":0.29394812680115273,""auroc"":0.713013926567109,""recall_defined"":true,""auroc_defined"":true}]",40185db66453092447d445fd1c70c9796d6f03d2825b15b60058b1da256729c0
0,E_F_W,public_coverage,development_evaluation_person_weighted,2982,2,"[0,1]",True,334141.0,"[2199,783]","[244261.0,89880.0]","[0.7310117585091324,0.26898824149086764]",True,True,"[true,true]",0.5291891444032296,1e-12,0.7454577558575571,0.567092885480697,0.567092885480697,0.7061236175791205,0.7061236175791205,0.7061236175791205,"[{""class_index"":0,""support"":2199,""weighted_support"":244261.0,""prevalence"":0.7310117585091324,""predicted_support"":2724,""predicted_weight"":306424.0,""precision"":0.7597838289429026,""recall"":0.95314438244337,""f1"":0.8455505415981913,""auroc"":0.7061236175791205,""recall_defined"":true,""auroc_defined"":true},{""class_index"":1,""support"":783,""weighted_support"":89880.0,""prevalence"":0.26898824149086764,""predicted_support"":258,""predicted_weight"":27717.0,""precision"":0.587076523433272,""recall"":0.18104138851802404,""f1"":0.27674175361616365,""auroc"":0.7061236175791205,""recall_defined"":true,""auroc_defined"":true}]",40185db66453092447d445fd1c70c9796d6f03d2825b15b60058b1da256729c0
0,E_F_C,income_binary,source_validation,3004,2,"[0,1]",False,3004.0,"[2459,545]","[2459.0,545.0]","[0.8185752330226365,0.1814247669773635]",True,True,"[true,true]",0.29986424459989075,1e-12,0.8665113182423435,0.7327976987736493,0.7327976987736493,0.895112505643004,0.8951125056430039,0.8951125056430039,"[{""class_index"":0,""support"":2459,""weighted_support"":2459.0,""prevalence"":0.8185752330226365,""predicted_support"":2578,""predicted_weight"":2578.0,""precision"":0.8991466252909232,""recall"":0.9426596177307849,""f1"":0.9203891205082391,""auroc"":0.8951125056430038,""recall_defined"":true,""auroc_defined"":true},{""class_index"":1,""support"":545,""weighted_support"":545.0,""prevalence"":0.1814247669773635,""predicted_support"":426,""predicted_weight"":426.0,""precision"":0.6690140845070423,""recall"":0.5229357798165137,""f1"":0.5870236869207003,""auroc"":0.895112505643004,""recall_defined"":true,""auroc_defined"":true}]",fa6e9e9a2c1a02164c333b5a80e778303d9f9cacdd571f04eed34344d9a6f8b0
0,E_F_C,income_binary,source_validation_person_weighted,3004,2,"[0,1]",True,350926.0,"[2459,545]","[288026.0,62900.0]","[0.820759932293418,0.17924006770658202]",True,True,"[true,true]",0.2922684727391354,1e-12,0.8721981272405008,0.7281751896360442,0.7281751896360442,0.8986933053716435,0.8986933053716435,0.8986933053716435,"[{""class_index"":0,""support"":2459,""weighted_support"":288026.0,""prevalence"":0.820759932293418,""predicted_support"":2578,""predicted_weight"":305615.0,""precision"":0.897848600363202,""recall"":0.9526778832466514,""f1"":0.9244509728943924,""auroc"":0.8986933053716434,""recall_defined"":true,""auroc_defined"":true},{""class_index"":1,""support"":545,""weighted_support"":62900.0,""prevalence"":0.17924006770658202,""predicted_support"":426,""predicted_weight"":45311.0,""precision"":0.6991900421531195,""recall"":0.5036724960254372,""f1"":0.5855412111522859,""auroc"":0.8986933053716435,""recall_defined"":true,""auroc_defined"":true}]",fa6e9e9a2c1a02164c333b5a80e778303d9f9cacdd571f04eed34344d9a6f8b0
0,E_F_C,civilian_at_work,source_validation,3004,2,"[0,1]",False,3004.0,"[969,2035]","[969.0,2035.0]","[0.3225699067909454,0.6774300932090546]",True,True,"[true,true]",0.3031093005234226,1e-12,0.9001331557922769,0.8524992203010779,0.8524992203010779,0.897779569606195,0.897779569606195,0.897779569606195,"[{""class_index"":0,""support"":969,""weighted_support"":969.0,""prevalence"":0.3225699067909454,""predicted_support"":723,""predicted_weight"":723.0,""precision"":0.9626556016597511,""recall"":0.718266253869969,""f1"":0.8226950354609929,""auroc"":0.897779569606195,""recall_defined"":true,""auroc_defined"":true},{""class_index"":1,""support"":2035,""weighted_support"":2035.0,""prevalence"":0.6774300932090546,""predicted_support"":2281,""predicted_weight"":2281.0,""precision"":0.8803156510302499,""recall"":0.9867321867321868,""f1"":0.9304911955514366,""auroc"":0.897779569606195,""recall_defined"":true,""auroc_defined"":true}]",a85c369c65d2c10f2bfcd76f5096babab9d62fd2842af6cf8a7c1f72c534fd6f
0,E_F_C,civilian_at_work,source_validation_person_weighted,3004,2,"[0,1]",True,350926.0,"[969,2035]","[106128.0,244798.0]","[0.30242273299784,0.69757726700216]",True,True,"[true,true]",0.29905874964565604,1e-12,0.9015604429423867,0.8429089241538568,0.8429089241538568,0.892662377448886,0.892662377448886,0.892662377448886,"[{""class_index"":0,""support"":969,""weighted_support"":106128.0,""prevalence"":0.30242273299784,""predicted_support"":723,""predicted_weight"":75825.0,""precision"":0.9720276953511375,""recall"":0.6944821347806422,""f1"":0.8101432787588003,""auroc"":0.892662377448886,""recall_defined"":true,""auroc_defined"":true},{""class_index"":1,""support"":2035,""weighted_support"":244798.0,""prevalence"":0.69757726700216,""predicted_support"":2281,""predicted_weight"":275101.0,""precision"":0.8821378330140567,""recall"":0.9913357135270713,""f1"":0.9335544019126792,""auroc"":0.892662377448886,""recall_defined"":true,""auroc_defined"":true}]",a85c369c65d2c10f2bfcd76f5096babab9d62fd2842af6cf8a7c1f72c534fd6f
0,E_F_C,public_coverage,source_validation,3004,2,"[0,1]",False,3004.0,"[2263,741]","[2263.0,741.0]","[0.7533288948069241,0.2466711051930759]",True,True,"[true,true]",0.49336422399839186,1e-12,0.7683089214380826,0.5589549181427684,0.5589549181427684,0.7411524835066012,0.7411524835066012,0.7411524835066012,"[{""class_index"":0,""support"":2263,""weighted_support"":2263.0,""prevalence"":0.7533288948069241,""predicted_support"":2833,""predicted_weight"":2833.0,""precision"":0.7765619484645252,""recall"":0.9721608484312859,""f1"":0.8634222919937206,""auroc"":0.7411524835066012,""recall_defined"":true,""auroc_defined"":true},{""class_index"":1,""support"":741,""weighted_support"":741.0,""prevalence"":0.2466711051930759,""predicted_support"":171,""predicted_weight"":171.0,""precision"":0.631578947368421,""recall"":0.145748987854251,""f1"":0.23684210526315788,""auroc"":0.7411524835066012,""recall_defined"":true,""auroc_defined"":true}]",0e07ff889d08ad6964d85a4a7aeb825eca2b8d04e25897846d8f9184e8836402
0,E_F_C,public_coverage,source_validation_person_weighted,3004,2,"[0,1]",True,350926.0,"[2263,741]","[262875.0,88051.0]","[0.7490895516433664,0.2509104483566336]",True,True,"[true,true]",0.496255006618029,1e-12,0.763240683220964,0.5500540704987291,0.5500540704987291,0.7471355148414964,0.7471355148414964,0.7471355148414964,"[{""class_index"":0,""support"":2263,""weighted_support"":262875.0,""prevalence"":0.7490895516433664,""predicted_support"":2833,""predicted_weight"":334386.0,""precision"":0.7688360158619081,""recall"":0.9779857346647646,""f1"":0.8608899626796325,""auroc"":0.7471355148414965,""recall_defined"":true,""auroc_defined"":true},{""class_index"":1,""support"":741,""weighted_support"":88051.0,""prevalence"":0.2509104483566336,""predicted_support"":171,""predicted_weight"":16540.0,""precision"":0.6501209189842805,""recall"":0.12212240633269356,""f1"":0.20561998642330603,""auroc"":0.7471355148414964,""recall_defined"":true,""auroc_defined"":true}]",0e07ff889d08ad6964d85a4a7aeb825eca2b8d04e25897846d8f9184e8836402
0,E_F_C,income_binary,development_evaluation,2982,2,"[0,1]",False,2982.0,"[2439,543]","[2439.0,543.0]","[0.817907444668008,0.18209255533199195]",True,True,"[true,true]",0.30319166165201394,1e-12,0.8655264922870557,0.7166520560233227,0.7166520560233227,0.8949219142283504,0.8949219142283504,0.8949219142283504,"[{""class_index"":0,""support"":2439,""weighted_support"":2439.0,""prevalence"":0.817907444668008,""predicted_support"":2600,""predicted_weight"":2600.0,""precision"":0.8919230769230769,""recall"":0.95079950799508,""f1"":0.9204207183965073,""auroc"":0.8949219142283505,""recall_defined"":true,""auroc_defined"":true},{""class_index"":1,""support"":543,""weighted_support"":543.0,""prevalence"":0.18209255533199195,""predicted_support"":382,""predicted_weight"":382.0,""precision"":0.6858638743455497,""recall"":0.48250460405156537,""f1"":0.5664864864864865,""auroc"":0.8949219142283504,""recall_defined"":true,""auroc_defined"":true}]",f958b94eea3c2614ad537b3f10d9d2852e7162e5d7e7f570c25f2162c5ba965e
0,E_F_C,income_binary,development_evaluation_person_weighted,2982,2,"[0,1]",True,334141.0,"[2439,543]","[273575.0,60566.0]","[0.8187411900963965,0.18125880990360357]",True,True,"[true,true]",0.31013575679998456,1e-12,0.8597418455083333,0.6930745022368403,0.6930745022368403,0.8885099121112128,0.8885099121112128,0.8885099121112128,"[{""class_index"":0,""support"":2439,""weighted_support"":273575.0,""prevalence"":0.8187411900963965,""predicted_support"":2600,""predicted_weight"":295557.0,""precision"":0.8835283887710323,""recall"":0.9545206981632094,""f1"":0.9176535496159063,""auroc"":0.8885099121112129,""recall_defined"":true,""auroc_defined"":true},{""class_index"":1,""support"":543,""weighted_support"":60566.0,""prevalence"":0.18125880990360357,""predicted_support"":382,""predicted_weight"":38584.0,""precision"":0.6775347294215218,""recall"":0.4316283063104712,""f1"":0.52732223903177,""auroc"":0.8885099121112128,""recall_defined"":true,""auroc_defined"":true}]",f958b94eea3c2614ad537b3f10d9d2852e7162e5d7e7f570c25f2162c5ba965e
0,E_F_C,civilian_at_work,development_evaluation,2982,2,"[0,1]",False,2982.0,"[972,2010]","[972.0,2010.0]","[0.32595573440643866,0.6740442655935613]",True,True,"[true,true]",0.2908277985391612,1e-12,0.9071093226022804,0.8660109944106626,0.8660109944106626,0.903846508199742,0.903846508199742,0.903846508199742,"[{""class_index"":0,""support"":972,""weighted_support"":972.0,""prevalence"":0.32595573440643866,""predicted_support"":759,""predicted_weight"":759.0,""precision"":0.9578392621870883,""recall"":0.7479423868312757,""f1"":0.8399768919699596,""auroc"":0.903846508199742,""recall_defined"":true,""auroc_defined"":true},{""class_index"":1,""support"":2010,""weighted_support"":2010.0,""prevalence"":0.6740442655935613,""predicted_support"":2223,""predicted_weight"":2223.0,""precision"":0.8897885739991003,""recall"":0.9840796019900497,""f1"":0.934561776517836,""auroc"":0.903846508199742,""recall_defined"":true,""auroc_defined"":true}]",b43b98eeb9fecaf4fcae6045253a4aebd14d2854609fc03b5401f7e7c124bd7f
0,E_F_C,civilian_at_work,development_evaluation_person_weighted,2982,2,"[0,1]",True,334141.0,"[972,2010]","[100734.0,233407.0]","[0.3014715344719744,0.6985284655280256]",True,True,"[true,true]",0.2714932384893053,1e-12,0.9169212996908491,0.8705626728594458,0.8705626728594458,0.9036649400007007,0.9036649400007006,0.9036649400007006,"[{""class_index"":0,""support"":972,""weighted_support"":100734.0,""prevalence"":0.3014715344719744,""predicted_support"":759,""predicted_weight"":78894.0,""precision"":0.9624813040281898,""recall"":0.7538070562074374,""f1"":0.8454583917874718,""auroc"":0.9036649400007006,""recall_defined"":true,""auroc_defined"":true},{""class_index"":1,""support"":2010,""weighted_support"":233407.0,""prevalence"":0.6985284655280256,""predicted_support"":2223,""predicted_weight"":255247.0,""precision"":0.902839210646942,""recall"":0.9873182895114543,""f1"":0.9431908876219165,""auroc"":0.9036649400007007,""recall_defined"":true,""auroc_defined"":true}]",b43b98eeb9fecaf4fcae6045253a4aebd14d2854609fc03b5401f7e7c124bd7f
0,E_F_C,public_coverage,development_evaluation,2982,2,"[0,1]",False,2982.0,"[2199,783]","[2199.0,783.0]","[0.7374245472837022,0.2625754527162978]",True,True,"[true,true]",0.5226502611133558,1e-12,0.7528504359490275,0.5552793938031741,0.5552793938031741,0.7194629278256632,0.7194629278256632,0.7194629278256632,"[{""class_index"":0,""support"":2199,""weighted_support"":2199.0,""prevalence"":0.7374245472837022,""predicted_support"":2810,""predicted_weight"":2810.0,""precision"":0.7601423487544484,""recall"":0.9713506139154161,""f1"":0.8528648432820922,""auroc"":0.7194629278256632,""recall_defined"":true,""auroc_defined"":true},{""class_index"":1,""support"":783,""weighted_support"":783.0,""prevalence"":0.2625754527162978,""predicted_support"":172,""predicted_weight"":172.0,""precision"":0.6337209302325582,""recall"":0.1392081736909323,""f1"":0.22827225130890053,""auroc"":0.7194629278256632,""recall_defined"":true,""auroc_defined"":true}]",c50e2cba4d4044f7c972a8e5e60e62861deb4b80bcfd866b1f201045307007ba
0,E_F_C,public_coverage,development_evaluation_person_weighted,2982,2,"[0,1]",True,334141.0,"[2199,783]","[244261.0,89880.0]","[0.7310117585091324,0.26898824149086764]",True,True,"[true,true]",0.536964680838668,1e-12,0.7466129568056599,0.5507215151033835,0.5507215151033835,0.7097394376540621,0.709739437654062,0.709739437654062,"[{""class_index"":0,""support"":2199,""weighted_support"":244261.0,""prevalence"":0.7310117585091324,""predicted_support"":2810,""predicted_weight"":316572.0,""precision"":0.7520658807475077,""recall"":0.974707382676727,""f1"":0.8490334912531895,""auroc"":0.709739437654062,""recall_defined"":true,""auroc_defined"":true},{""class_index"":1,""support"":783,""weighted_support"":89880.0,""prevalence"":0.26898824149086764,""predicted_support"":172,""predicted_weight"":17569.0,""precision"":0.6483579031248221,""recall"":0.12673564753004005,""f1"":0.21202617055533324,""auroc"":0.7097394376540621,""recall_defined"":true,""auroc_defined"":true}]",c50e2cba4d4044f7c972a8e5e60e62861deb4b80bcfd866b1f201045307007ba
0,E_F_D,income_binary,source_validation,3004,2,"[0,1]",False,3004.0,"[2459,545]","[2459.0,545.0]","[0.8185752330226365,0.1814247669773635]",True,True,"[true,true]",0.29898832713983176,1e-12,0.8698402130492676,0.7391156246852043,0.7391156246852043,0.8962377486186299,0.8962377486186299,0.8962377486186299,"[{""class_index"":0,""support"":2459,""weighted_support"":2459.0,""prevalence"":0.8185752330226365,""predicted_support"":2576,""predicted_weight"":2576.0,""precision"":0.9013975155279503,""recall"":0.9442862952419683,""f1"":0.9223435948361469,""auroc"":0.8962377486186299,""recall_defined"":true,""auroc_defined"":true},{""class_index"":1,""support"":545,""weighted_support"":545.0,""prevalence"":0.1814247669773635,""predicted_support"":428,""predicted_weight"":428.0,""precision"":0.6799065420560748,""recall"":0.5339449541284403,""f1"":0.5981500513874615,""auroc"":0.8962377486186299,""recall_defined"":true,""auroc_defined"":true}]",af40855306ef854d438d6490fa30005f895f8ad61bae49db8a1fee75c91f8420
0,E_F_D,income_binary,source_validation_person_weighted,3004,2,"[0,1]",True,350926.0,"[2459,545]","[288026.0,62900.0]","[0.820759932293418,0.17924006770658202]",True,True,"[true,true]",0.2914682018945039,1e-12,0.8751845118344038,0.7327655441965322,0.7327655441965322,0.8994233841468803,0.8994233841468803,0.8994233841468803,"[{""class_index"":0,""support"":2459,""weighted_support"":288026.0,""prevalence"":0.820759932293418,""predicted_support"":2576,""predicted_weight"":305771.0,""precision"":0.8993593244617704,""recall"":0.9547679723358308,""f1"":0.9262357337608644,""auroc"":0.8994233841468803,""recall_defined"":true,""auroc_defined"":true},{""class_index"":1,""support"":545,""weighted_support"":62900.0,""prevalence"":0.17924006770658202,""predicted_support"":428,""predicted_weight"":45155.0,""precision"":0.7114826708005758,""recall"":0.5107631160572337,""f1"":0.5946416176946925,""auroc"":0.8994233841468803,""recall_defined"":true,""auroc_defined"":true}]",af40855306ef854d438d6490fa30005f895f8ad61bae49db8a1fee75c91f8420
0,E_F_D,civilian_at_work,source_validation,3004,2,"[0,1]",False,3004.0,"[969,2035]","[969.0,2035.0]","[0.3225699067909454,0.6774300932090546]",True,True,"[true,true]",0.30896973205163925,1e-12,0.8998002663115846,0.8522535200553776,0.8522535200553776,0.8944863242076865,0.8944863242076864,0.8944863242076864,"[{""class_index"":0,""support"":969,""weighted_support"":969.0,""prevalence"":0.3225699067909454,""predicted_support"":724,""predicted_weight"":724.0,""precision"":0.9613259668508287,""recall"":0.718266253869969,""f1"":0.822209096278795,""auroc"":0.8944863242076864,""recall_defined"":true,""auroc_defined"":true},{""class_index"":1,""support"":2035,""weighted_support"":2035.0,""prevalence"":0.6774300932090546,""predicted_support"":2280,""predicted_weight"":2280.0,""precision"":0.8802631578947369,""recall"":0.9862407862407863,""f1"":0.9302433371958285,""auroc"":0.8944863242076865,""recall_defined"":true,""auroc_defined"":true}]",0fbd47195e8dbfc2758508a53fdcd5e5fc41ef058aa37b2bdb76862d9ad0d8f0
0,E_F_D,civilian_at_work,source_validation_person_weighted,3004,2,"[0,1]",True,350926.0,"[969,2035]","[106128.0,244798.0]","[0.30242273299784,0.69757726700216]",True,True,"[true,true]",0.3032382322740859,1e-12,0.9006970130454853,0.8421592757564501,0.8421592757564501,0.8904060073691343,0.8904060073691343,0.8904060073691343,"[{""class_index"":0,""support"":969,""weighted_support"":106128.0,""prevalence"":0.30242273299784,""predicted_support"":724,""predicted_weight"":76030.0,""precision"":0.9687623306589505,""recall"":0.6940204281622192,""f1"":0.8086935517517759,""auroc"":0.8904060073691343,""recall_defined"":true,""auroc_defined"":true},{""class_index"":1,""support"":2035,""weighted_support"":244798.0,""prevalence"":0.69757726700216,""predicted_support"":2280,""predicted_weight"":274896.0,""precision"":0.8818716896571794,""recall"":0.990298123350681,""f1"":0.9329451561880645,""auroc"":0.8904060073691343,""recall_defined"":true,""auroc_defined"":true}]",0fbd47195e8dbfc2758508a53fdcd5e5fc41ef058aa37b2bdb76862d9ad0d8f0
0,E_F_D,public_coverage,source_validation,3004,2,"[0,1]",False,3004.0,"[2263,741]","[2263.0,741.0]","[0.7533288948069241,0.2466711051930759]",True,True,"[true,true]",0.4908826077323213,1e-12,0.7713049267643143,0.5600357925985295,0.5600357925985295,0.744221868788699,0.744221868788699,0.744221868788699,"[{""class_index"":0,""support"":2263,""weighted_support"":2263.0,""prevalence"":0.7533288948069241,""predicted_support"":2846,""predicted_weight"":2846.0,""precision"":0.7768798313422347,""recall"":0.9770216526734423,""f1"":0.8655314151497357,""auroc"":0.744221868788699,""recall_defined"":true,""auroc_defined"":true},{""class_index"":1,""support"":741,""weighted_support"":741.0,""prevalence"":0.2466711051930759,""predicted_support"":158,""predicted_weight"":158.0,""precision"":0.6708860759493671,""recall"":0.14304993252361672,""f1"":0.23581757508342602,""auroc"":0.744221868788699,""recall_defined"":true,""auroc_defined"":true}]",51379a53e047f1d160ad1ae71ad8891d964da841a988d557575b632be4e59819
0,E_F_D,public_coverage,source_validation_person_weighted,3004,2,"[0,1]",True,350926.0,"[2263,741]","[262875.0,88051.0]","[0.7490895516433664,0.2509104483566336]",True,True,"[true,true]",0.4947733919699462,1e-12,0.7634601026997144,0.547541884247011,0.547541884247011,0.7493288499808337,0.7493288499808337,0.7493288499808337,"[{""class_index"":0,""support"":2263,""weighted_support"":262875.0,""prevalence"":0.7490895516433664,""predicted_support"":2846,""predicted_weight"":335871.0,""precision"":0.7677620276832474,""recall"":0.9809567284831193,""f1"":0.8613635832222679,""auroc"":0.7493288499808337,""recall_defined"":true,""auroc_defined"":true},{""class_index"":1,""support"":741,""weighted_support"":88051.0,""prevalence"":0.2509104483566336,""predicted_support"":158,""predicted_weight"":15055.0,""precision"":0.6674858850880107,""recall"":0.11412704001090278,""f1"":0.1949256105367292,""auroc"":0.7493288499808337,""recall_defined"":true,""auroc_defined"":true}]",51379a53e047f1d160ad1ae71ad8891d964da841a988d557575b632be4e59819
0,E_F_D,income_binary,development_evaluation,2982,2,"[0,1]",False,2982.0,"[2439,543]","[2439.0,543.0]","[0.817907444668008,0.18209255533199195]",True,True,"[true,true]",0.303148443910492,1e-12,0.8651911468812877,0.7214577118146872,0.7214577118146872,0.8940045017393085,0.8940045017393083,0.8940045017393083,"[{""class_index"":0,""support"":2439,""weighted_support"":2439.0,""prevalence"":0.817907444668008,""predicted_support"":2585,""predicted_weight"":2585.0,""precision"":0.8940038684719536,""recall"":0.947519475194752,""f1"":0.919984076433121,""auroc"":0.8940045017393082,""recall_defined"":true,""auroc_defined"":true},{""class_index"":1,""support"":543,""weighted_support"":543.0,""prevalence"":0.18209255533199195,""predicted_support"":397,""predicted_weight"":397.0,""precision"":0.6775818639798489,""recall"":0.4953959484346225,""f1"":0.5723404255319149,""auroc"":0.8940045017393085,""recall_defined"":true,""auroc_defined"":true}]",a3c40eae27b7ceac2651861ed9cb4dcde17c49fbe60c7c5a7d474f5dcb802c15
0,E_F_D,income_binary,development_evaluation_person_weighted,2982,2,"[0,1]",True,334141.0,"[2439,543]","[273575.0,60566.0]","[0.8187411900963965,0.18125880990360357]",True,True,"[true,true]",0.3096245335430608,1e-12,0.85983462071401,0.6974699274822503,0.6974699274822503,0.8876373302226409,0.8876373302226409,0.8876373302226409,"[{""class_index"":0,""support"":2439,""weighted_support"":273575.0,""prevalence"":0.8187411900963965,""predicted_support"":2585,""predicted_weight"":294238.0,""precision"":0.8853003351028759,""recall"":0.9521666818971032,""f1"":0.9175168585432176,""auroc"":0.8876373302226409,""recall_defined"":true,""auroc_defined"":true},{""class_index"":1,""support"":543,""weighted_support"":60566.0,""prevalence"":0.18125880990360357,""predicted_support"":397,""predicted_weight"":39903.0,""precision"":0.6720547327268627,""recall"":0.44277317306739755,""f1"":0.5338363077168081,""auroc"":0.8876373302226409,""recall_defined"":true,""auroc_defined"":true}]",a3c40eae27b7ceac2651861ed9cb4dcde17c49fbe60c7c5a7d474f5dcb802c15
0,E_F_D,civilian_at_work,development_evaluation,2982,2,"[0,1]",False,2982.0,"[972,2010]","[972.0,2010.0]","[0.32595573440643866,0.6740442655935613]",True,True,"[true,true]",0.29511588757451934,1e-12,0.9081153588195842,0.8656946747742768,0.8656946747742768,0.901699322318449,0.9016993223184488,0.9016993223184488,"[{""class_index"":0,""support"":972,""weighted_support"":972.0,""prevalence"":0.32595573440643866,""predicted_support"":748,""predicted_weight"":748.0,""precision"":0.9665775401069518,""recall"":0.7438271604938271,""f1"":0.8406976744186047,""auroc"":0.9016993223184488,""recall_defined"":true,""auroc_defined"":true},{""class_index"":1,""support"":2010,""weighted_support"":2010.0,""prevalence"":0.6740442655935613,""predicted_support"":2234,""predicted_weight"":2234.0,""precision"":0.8885407341092211,""recall"":0.9875621890547264,""f1"":0.9354382657869934,""auroc"":0.901699322318449,""recall_defined"":true,""auroc_defined"":true}]",6cb66cb02eafafb5b89ac57bbc6948e6f5688de7d98a9b20efbf0ed5643e46a4
0,E_F_D,civilian_at_work,development_evaluation_person_weighted,2982,2,"[0,1]",True,334141.0,"[972,2010]","[100734.0,233407.0]","[0.3014715344719744,0.6985284655280256]",True,True,"[true,true]",0.273971736842884,1e-12,0.9183638045016924,0.8710986399777307,0.8710986399777307,0.9022349350098637,0.9022349350098637,0.9022349350098637,"[{""class_index"":0,""support"":972,""weighted_support"":100734.0,""prevalence"":0.3014715344719744,""predicted_support"":748,""predicted_weight"":78060.0,""precision"":0.9705098642070202,""recall"":0.7520598804772967,""f1"":0.847433359061266,""auroc"":0.9022349350098638,""recall_defined"":true,""auroc_defined"":true},{""class_index"":1,""support"":2010,""weighted_support"":233407.0,""prevalence"":0.6985284655280256,""predicted_support"":2234,""predicted_weight"":256081.0,""precision"":0.9024683596205888,""recall"":0.9901373994781647,""f1"":0.9442723825711764,""auroc"":0.9022349350098637,""recall_defined"":true,""auroc_defined"":true}]",6cb66cb02eafafb5b89ac57bbc6948e6f5688de7d98a9b20efbf0ed5643e46a4
0,E_F_D,public_coverage,development_evaluation,2982,2,"[0,1]",False,2982.0,"[2199,783]","[2199.0,783.0]","[0.7374245472837022,0.2625754527162978]",True,True,"[true,true]",0.5270316586342843,1e-12,0.750167672702884,0.5509932240185803,0.5509932240185803,0.712960494640255,0.712960494640255,0.712960494640255,"[{""class_index"":0,""support"":2199,""weighted_support"":2199.0,""prevalence"":0.7374245472837022,""predicted_support"":2814,""predicted_weight"":2814.0,""precision"":0.7583511016346838,""recall"":0.9704411095952705,""f1"":0.8513863953720328,""auroc"":0.712960494640255,""recall_defined"":true,""auroc_defined"":true},{""class_index"":1,""support"":783,""weighted_support"":783.0,""prevalence"":0.2625754527162978,""predicted_support"":168,""predicted_weight"":168.0,""precision"":0.6130952380952381,""recall"":0.13154533844189017,""f1"":0.21661409043112514,""auroc"":0.712960494640255,""recall_defined"":true,""auroc_defined"":true}]",5c52b44a87126e7a81d2ae52fd170650f6845823357e075bba4a7f09f61b2448
0,E_F_D,public_coverage,development_evaluation_person_weighted,2982,2,"[0,1]",True,334141.0,"[2199,783]","[244261.0,89880.0]","[0.7310117585091324,0.26898824149086764]",True,True,"[true,true]",0.5402233631742697,1e-12,0.7426056664701428,0.5453893156981447,0.5453893156981447,0.7060862756219491,0.7060862756219491,0.7060862756219491,"[{""class_index"":0,""support"":2199,""weighted_support"":244261.0,""prevalence"":0.7310117585091324,""predicted_support"":2814,""predicted_weight"":316707.0,""precision"":0.749844493490829,""recall"":0.9722428058511182,""f1"":0.8466828767416323,""auroc"":0.7060862756219491,""recall_defined"":true,""auroc_defined"":true},{""class_index"":1,""support"":783,""weighted_support"":89880.0,""prevalence"":0.26898824149086764,""predicted_support"":168,""predicted_weight"":17434.0,""precision"":0.6111047378685327,""recall"":0.11853582554517134,""f1"":0.19855750414670967,""auroc"":0.7060862756219491,""recall_defined"":true,""auroc_defined"":true}]",5c52b44a87126e7a81d2ae52fd170650f6845823357e075bba4a7f09f61b2448
0,E_K_I,income_binary,source_validation,3004,2,"[0,1]",False,3004.0,"[2459,545]","[2459.0,545.0]","[0.8185752330226365,0.1814247669773635]",True,True,"[true,true]",0.7174019609336485,1e-12,0.4044607190412783,0.4684215631773937,0.4684215631773937,0.48649036865138734,0.4864903686513873,0.4864903686513873,"[{""class_index"":0,""support"":2459,""weighted_support"":2459.0,""prevalence"":0.8185752330226365,""predicted_support"":1140,""predicted_weight"":1140.0,""precision"":0.793859649122807,""recall"":0.368035786905246,""f1"":0.5029174770769658,""auroc"":0.4864903686513873,""recall_defined"":true,""auroc_defined"":true},{""class_index"":1,""support"":545,""weighted_support"":545.0,""prevalence"":0.1814247669773635,""predicted_support"":1864,""predicted_weight"":1864.0,""precision"":0.16630901287553648,""recall"":0.5688073394495413,""f1"":0.25736820257368204,""auroc"":0.48649036865138734,""recall_defined"":true,""auroc_defined"":true}]",cd75f6ffe6d923fd2c351237ac6ce45f6cf41548b58998540e2d96e2421d768a
0,E_K_I,income_binary,source_validation_person_weighted,3004,2,"[0,1]",True,350926.0,"[2459,545]","[288026.0,62900.0]","[0.820759932293418,0.17924006770658202]",True,True,"[true,true]",0.7138167973091708,1e-12,0.41397616591532116,0.4750261596459612,0.4750261596459612,0.48996875621555847,0.48996875621555847,0.48996875621555847,"[{""class_index"":0,""support"":2459,""weighted_support"":288026.0,""prevalence"":0.820759932293418,""predicted_support"":1140,""predicted_weight"":136445.0,""precision"":0.8018615559382901,""recall"":0.3798615402776138,""f1"":0.5155122493645031,""auroc"":0.48996875621555847,""recall_defined"":true,""auroc_defined"":true},{""class_index"":1,""support"":545,""weighted_support"":62900.0,""prevalence"":0.17924006770658202,""predicted_support"":1864,""predicted_weight"":214481.0,""precision"":0.1672176090189807,""recall"":0.5701907790143085,""f1"":0.2585973804983038,""auroc"":0.48996875621555847,""recall_defined"":true,""auroc_defined"":true}]",cd75f6ffe6d923fd2c351237ac6ce45f6cf41548b58998540e2d96e2421d768a
0,E_K_I,civilian_at_work,source_validation,3004,2,"[0,1]",False,3004.0,"[969,2035]","[969.0,2035.0]","[0.3225699067909454,0.6774300932090546]",True,True,"[true,true]",0.6897497274502702,1e-12,0.5572569906790945,0.4634692671844375,0.4634692671844375,0.4125631682907225,0.4125631682907225,0.4125631682907225,"[{""class_index"":0,""support"":969,""weighted_support"":969.0,""prevalence"":0.3225699067909454,""predicted_support"":747,""predicted_weight"":747.0,""precision"":0.2583668005354752,""recall"":0.19917440660474717,""f1"":0.22494172494172493,""auroc"":0.4125631682907225,""recall_defined"":true,""auroc_defined"":true},{""class_index"":1,""support"":2035,""weighted_support"":2035.0,""prevalence"":0.6774300932090546,""predicted_support"":2257,""predicted_weight"":2257.0,""precision"":0.6561807709348693,""recall"":0.7277641277641278,""f1"":0.690121155638397,""auroc"":0.4125631682907225,""recall_defined"":true,""auroc_defined"":true}]",bdd3e6b71141fc4fe9d707eb21329b7aa41c0b57fe608a6980351644c483e57b
0,E_K_I,civilian_at_work,source_validation_person_weighted,3004,2,"[0,1]",True,350926.0,"[969,2035]","[106128.0,244798.0]","[0.30242273299784,0.69757726700216]",True,True,"[true,true]",0.6898534894367093,1e-12,0.5570462148715114,0.4584765274499046,0.4584765274499046,0.40405061124959163,0.40405061124959163,0.40405061124959163,"[{""class_index"":0,""support"":969,""weighted_support"":106128.0,""prevalence"":0.30242273299784,""predicted_support"":747,""predicted_weight"":93684.0,""precision"":0.23679603774390504,""recall"":0.2090306045529926,""f1"":0.22204872580225413,""auroc"":0.40405061124959163,""recall_defined"":true,""auroc_defined"":true},{""class_index"":1,""support"":2035,""weighted_support"":244798.0,""prevalence"":0.69757726700216,""predicted_support"":2257,""predicted_weight"":257242.0,""precision"":0.6736769267848951,""recall"":0.7079224503468166,""f1"":0.6903752689028763,""auroc"":0.40405061124959163,""recall_defined"":true,""auroc_defined"":true}]",bdd3e6b71141fc4fe9d707eb21329b7aa41c0b57fe608a6980351644c483e57b
0,E_K_I,public_coverage,source_validation,3004,2,"[0,1]",False,3004.0,"[2263,741]","[2263.0,741.0]","[0.7533288948069241,0.2466711051930759]",True,True,"[true,true]",0.7312646543760166,1e-12,0.34354194407456723,0.4980377283328652,0.4980377283328652,0.5329310393152056,0.5329310393152056,0.5329310393152056,"[{""class_index"":0,""support"":2263,""weighted_support"":2263.0,""prevalence"":0.7533288948069241,""predicted_support"":583,""predicted_weight"":583.0,""precision"":0.7495711835334476,""recall"":0.1931064958020327,""f1"":0.3070976809557273,""auroc"":0.5329310393152057,""recall_defined"":true,""auroc_defined"":true},{""class_index"":1,""support"":741,""weighted_support"":741.0,""prevalence"":0.2466711051930759,""predicted_support"":2421,""predicted_weight"":2421.0,""precision"":0.24576621230896323,""recall"":0.8029689608636977,""f1"":0.3763440860215054,""auroc"":0.5329310393152056,""recall_defined"":true,""auroc_defined"":true}]",fba16f64a2ac12a8485b9b221e6ce3d51a2046bba53ce6e63edf33af08898353
0,E_K_I,public_coverage,source_validation_person_weighted,3004,2,"[0,1]",True,350926.0,"[2263,741]","[262875.0,88051.0]","[0.7490895516433664,0.2509104483566336]",True,True,"[true,true]",0.7312888781717097,1e-12,0.3461954942067558,0.494075527436216,0.494075527436216,0.5220287817137577,0.5220287817137577,0.5220287817137577,"[{""class_index"":0,""support"":2263,""weighted_support"":262875.0,""prevalence"":0.7490895516433664,""predicted_support"":583,""predicted_weight"":70258.0,""precision"":0.7379657832559993,""recall"":0.1972344270090347,""f1"":0.3112750763208688,""auroc"":0.5220287817137578,""recall_defined"":true,""auroc_defined"":true},{""class_index"":1,""support"":741,""weighted_support"":88051.0,""prevalence"":0.2509104483566336,""predicted_support"":2421,""predicted_weight"":280668.0,""precision"":0.24812589963943163,""recall"":0.7909166278633973,""f1"":0.3777456545499418,""auroc"":0.5220287817137577,""recall_defined"":true,""auroc_defined"":true}]",fba16f64a2ac12a8485b9b221e6ce3d51a2046bba53ce6e63edf33af08898353
0,E_K_I,income_binary,development_evaluation,2982,2,"[0,1]",False,2982.0,"[2439,543]","[2439.0,543.0]","[0.817907444668008,0.18209255533199195]",True,True,"[true,true]",0.7149552676922017,1e-12,0.41716968477531857,0.4933867018228193,0.4933867018228193,0.5169524991750838,0.5169524991750838,0.5169524991750838,"[{""class_index"":0,""support"":2439,""weighted_support"":2439.0,""prevalence"":0.817907444668008,""predicted_support"":1121,""predicted_weight"":1121.0,""precision"":0.8126672613737734,""recall"":0.37351373513735137,""f1"":0.5117977528089888,""auroc"":0.5169524991750839,""recall_defined"":true,""auroc_defined"":true},{""class_index"":1,""support"":543,""weighted_support"":543.0,""prevalence"":0.18209255533199195,""predicted_support"":1861,""predicted_weight"":1861.0,""precision"":0.17893605588393338,""recall"":0.6132596685082873,""f1"":0.27703826955074873,""auroc"":0.5169524991750838,""recall_defined"":true,""auroc_defined"":true}]",8928b507b9afe0f8fde8471a9ea54ae3f984274f269e02a6f5e57d235ac60138
0,E_K_I,income_binary,development_evaluation_person_weighted,2982,2,"[0,1]",True,334141.0,"[2439,543]","[273575.0,60566.0]","[0.8187411900963965,0.18125880990360357]",True,True,"[true,true]",0.7126560097941907,1e-12,0.4261733818956668,0.4995620871447384,0.4995620871447384,0.5151222767670979,0.5151222767670979,0.5151222767670979,"[{""class_index"":0,""support"":2439,""weighted_support"":273575.0,""prevalence"":0.8187411900963965,""predicted_support"":1121,""predicted_weight"":128510.0,""precision"":0.818403237102171,""recall"":0.3844393676322763,""f1"":0.5231381424325702,""auroc"":0.5151222767670979,""recall_defined"":true,""auroc_defined"":true},{""class_index"":1,""support"":543,""weighted_support"":60566.0,""prevalence"":0.18125880990360357,""predicted_support"":1861,""predicted_weight"":205631.0,""precision"":0.18104760468995434,""recall"":0.6146848066572004,""f1"":0.2797101394831647,""auroc"":0.5151222767670979,""recall_defined"":true,""auroc_defined"":true}]",8928b507b9afe0f8fde8471a9ea54ae3f984274f269e02a6f5e57d235ac60138
0,E_K_I,civilian_at_work,development_evaluation,2982,2,"[0,1]",False,2982.0,"[972,2010]","[972.0,2010.0]","[0.32595573440643866,0.6740442655935613]",True,True,"[true,true]",0.6893618574602564,1e-12,0.5536552649228705,0.46488852036115713,0.46488852036115713,0.42673105665090183,0.42673105665090183,0.42673105665090183,"[{""class_index"":0,""support"":972,""weighted_support"":972.0,""prevalence"":0.32595573440643866,""predicted_support"":767,""predicted_weight"":767.0,""precision"":0.26597131681877445,""recall"":0.20987654320987653,""f1"":0.23461759631972398,""auroc"":0.42673105665090183,""recall_defined"":true,""auroc_defined"":true},{""class_index"":1,""support"":2010,""weighted_support"":2010.0,""prevalence"":0.6740442655935613,""predicted_support"":2215,""predicted_weight"":2215.0,""precision"":0.6532731376975169,""recall"":0.7199004975124378,""f1"":0.6849704142011834,""auroc"":0.42673105665090183,""recall_defined"":true,""auroc_defined"":true}]",134c50839e53912a0f1be14f7c01cb41a7472f4e51e9891e33f0dd3401cb0994
0,E_K_I,civilian_at_work,development_evaluation_person_weighted,2982,2,"[0,1]",True,334141.0,"[972,2010]","[100734.0,233407.0]","[0.3014715344719744,0.6985284655280256]",True,True,"[true,true]",0.6864699660330846,1e-12,0.5550351498319571,0.45256828339311583,0.45256828339311583,0.41739711051882966,0.41739711051882966,0.41739711051882966,"[{""class_index"":0,""support"":972,""weighted_support"":100734.0,""prevalence"":0.3014715344719744,""predicted_support"":767,""predicted_weight"":87133.0,""precision"":0.22486314025684873,""recall"":0.1945023527309548,""f1"":0.20858373210835324,""auroc"":0.4173971105188296,""recall_defined"":true,""auroc_defined"":true},{""class_index"":1,""support"":2010,""weighted_support"":233407.0,""prevalence"":0.6985284655280256,""predicted_support"":2215,""predicted_weight"":247008.0,""precision"":0.6715045666537116,""recall"":0.7106342140552768,""f1"":0.6905154918143688,""auroc"":0.41739711051882966,""recall_defined"":true,""auroc_defined"":true}]",134c50839e53912a0f1be14f7c01cb41a7472f4e51e9891e33f0dd3401cb0994
0,E_K_I,public_coverage,development_evaluation,2982,2,"[0,1]",False,2982.0,"[2199,783]","[2199.0,783.0]","[0.7374245472837022,0.2625754527162978]",True,True,"[true,true]",0.7326428563089044,1e-12,0.3397048960429242,0.4799264381754856,0.4799264381754856,0.5080528302368951,0.5080528302368951,0.5080528302368951,"[{""class_index"":0,""support"":2199,""weighted_support"":2199.0,""prevalence"":0.7374245472837022,""predicted_support"":582,""predicted_weight"":582.0,""precision"":0.697594501718213,""recall"":0.1846293769895407,""f1"":0.29198130169003955,""auroc"":0.5080528302368951,""recall_defined"":true,""auroc_defined"":true},{""class_index"":1,""support"":783,""weighted_support"":783.0,""prevalence"":0.2625754527162978,""predicted_support"":2400,""predicted_weight"":2400.0,""precision"":0.2529166666666667,""recall"":0.7752234993614304,""f1"":0.38140119384228716,""auroc"":0.5080528302368951,""recall_defined"":true,""auroc_defined"":true}]",a212ba9ce24f87e4444098567ec4578b8f654f95e9157d550cae2f47031f2a86
0,E_K_I,public_coverage,development_evaluation_person_weighted,2982,2,"[0,1]",True,334141.0,"[2199,783]","[244261.0,89880.0]","[0.7310117585091324,0.26898824149086764]",True,True,"[true,true]",0.7316239881975247,1e-12,0.34450725891165707,0.4826174546056851,0.4826174546056851,0.5078479117124504,0.5078479117124504,0.5078479117124504,"[{""class_index"":0,""support"":2199,""weighted_support"":244261.0,""prevalence"":0.7310117585091324,""predicted_support"":582,""predicted_weight"":64504.0,""precision"":0.695600272851296,""recall"":0.18369285313660388,""f1"":0.2906352727802698,""auroc"":0.5078479117124504,""recall_defined"":true,""auroc_defined"":true},{""class_index"":1,""support"":783,""weighted_support"":89880.0,""prevalence"":0.26898824149086764,""predicted_support"":2400,""predicted_weight"":269637.0,""precision"":0.26051691718866476,""recall"":0.7815420560747663,""f1"":0.3907742888375237,""auroc"":0.5078479117124504,""recall_defined"":true,""auroc_defined"":true}]",a212ba9ce24f87e4444098567ec4578b8f654f95e9157d550cae2f47031f2a86
0,E_K_W,income_binary,source_validation,3004,2,"[0,1]",False,3004.0,"[2459,545]","[2459.0,545.0]","[0.8185752330226365,0.1814247669773635]",True,True,"[true,true]",0.36322781187864733,1e-12,0.8398801597869507,0.6037036760673206,0.6037036760673206,0.8461912987676798,0.8461912987676798,0.8461912987676798,"[{""class_index"":0,""support"":2459,""weighted_support"":2459.0,""prevalence"":0.8185752330226365,""predicted_support"":2814,""predicted_weight"":2814.0,""precision"":0.851457000710732,""recall"":0.9743798291988613,""f1"":0.9087805803148113,""auroc"":0.8461912987676798,""recall_defined"":true,""auroc_defined"":true},{""class_index"":1,""support"":545,""weighted_support"":545.0,""prevalence"":0.1814247669773635,""predicted_support"":190,""predicted_weight"":190.0,""precision"":0.6684210526315789,""recall"":0.23302752293577983,""f1"":0.345578231292517,""auroc"":0.8461912987676798,""recall_defined"":true,""auroc_defined"":true}]",b45e20afa5ac44e51aaa7e8e09ce713d6e8014c20f610de69721bca9895b3936
0,E_K_W,income_binary,source_validation_person_weighted,3004,2,"[0,1]",True,350926.0,"[2459,545]","[288026.0,62900.0]","[0.820759932293418,0.17924006770658202]",True,True,"[true,true]",0.3602371024505473,1e-12,0.8422402443820065,0.5975350472080792,0.5975350472080792,0.8458049927693221,0.8458049927693221,0.8458049927693221,"[{""class_index"":0,""support"":2459,""weighted_support"":288026.0,""prevalence"":0.820759932293418,""predicted_support"":2814,""predicted_weight"":331280.0,""precision"":0.8511591403042743,""recall"":0.9789810642094811,""f1"":0.9106063884412552,""auroc"":0.8458049927693222,""recall_defined"":true,""auroc_defined"":true},{""class_index"":1,""support"":545,""weighted_support"":62900.0,""prevalence"":0.17924006770658202,""predicted_support"":190,""predicted_weight"":19646.0,""precision"":0.691845668329431,""recall"":0.21608903020667727,""f1"":0.3293194097836358,""auroc"":0.8458049927693221,""recall_defined"":true,""auroc_defined"":true}]",b45e20afa5ac44e51aaa7e8e09ce713d6e8014c20f610de69721bca9895b3936
0,E_K_W,civilian_at_work,source_validation,3004,2,"[0,1]",False,3004.0,"[969,2035]","[969.0,2035.0]","[0.3225699067909454,0.6774300932090546]",True,True,"[true,true]",0.455337365566353,1e-12,0.8225699067909454,0.7509225803343451,0.7509225803343451,0.8182791854618479,0.8182791854618479,0.8182791854618479,"[{""class_index"":0,""support"":969,""weighted_support"":969.0,""prevalence"":0.3225699067909454,""predicted_support"":628,""predicted_weight"":628.0,""precision"":0.8471337579617835,""recall"":0.5490196078431373,""f1"":0.6662492172824045,""auroc"":0.818279185461848,""recall_defined"":true,""auroc_defined"":true},{""class_index"":1,""support"":2035,""weighted_support"":2035.0,""prevalence"":0.6774300932090546,""predicted_support"":2376,""predicted_weight"":2376.0,""precision"":0.8160774410774411,""recall"":0.9528255528255528,""f1"":0.8791657220584901,""auroc"":0.8182791854618479,""recall_defined"":true,""auroc_defined"":true}]",c7c4f70a5cb75d3f0d64b0d6a5214fe278fa0b1c0b0aa5b9cb53eddeaddb6566
0,E_K_W,civilian_at_work,source_validation_person_weighted,3004,2,"[0,1]",True,350926.0,"[969,2035]","[106128.0,244798.0]","[0.30242273299784,0.69757726700216]",True,True,"[true,true]",0.44611054211504086,1e-12,0.8333352330690801,0.7498522225363602,0.7498522225363602,0.8116475226955169,0.8116475226955169,0.8116475226955169,"[{""class_index"":0,""support"":969,""weighted_support"":106128.0,""prevalence"":0.30242273299784,""predicted_support"":628,""predicted_weight"":66677.0,""precision"":0.8572521259204823,""recall"":0.5385854816824966,""f1"":0.6615433581204248,""auroc"":0.8116475226955169,""recall_defined"":true,""auroc_defined"":true},{""class_index"":1,""support"":2035,""weighted_support"":244798.0,""prevalence"":0.69757726700216,""predicted_support"":2376,""predicted_weight"":284249.0,""precision"":0.827724987598901,""recall"":0.9611189633902237,""f1"":0.8894483854931603,""auroc"":0.8116475226955169,""recall_defined"":true,""auroc_defined"":true}]",c7c4f70a5cb75d3f0d64b0d6a5214fe278fa0b1c0b0aa5b9cb53eddeaddb6566
0,E_K_W,public_coverage,source_validation,3004,2,"[0,1]",False,3004.0,"[2263,741]","[2263.0,741.0]","[0.7533288948069241,0.2466711051930759]",True,True,"[true,true]",0.5187398401747725,1e-12,0.7609853528628495,0.5332184773773722,0.5332184773773722,0.6929380284730657,0.6929380284730657,0.6929380284730657,"[{""class_index"":0,""support"":2263,""weighted_support"":2263.0,""prevalence"":0.7533288948069241,""predicted_support"":2903,""predicted_weight"":2903.0,""precision"":0.7661040303134689,""recall"":0.9827662395050818,""f1"":0.8610143244289585,""auroc"":0.6929380284730658,""recall_defined"":true,""auroc_defined"":true},{""class_index"":1,""support"":741,""weighted_support"":741.0,""prevalence"":0.2466711051930759,""predicted_support"":101,""predicted_weight"":101.0,""precision"":0.6138613861386139,""recall"":0.08367071524966262,""f1"":0.14726840855106887,""auroc"":0.6929380284730657,""recall_defined"":true,""auroc_defined"":true}]",a6e173615c8088fe31b2d932cf289368b8ec8455b9c3ab7d9840d869f0ebb8d4
0,E_K_W,public_coverage,source_validation_person_weighted,3004,2,"[0,1]",True,350926.0,"[2263,741]","[262875.0,88051.0]","[0.7490895516433664,0.2509104483566336]",True,True,"[true,true]",0.529701805607284,1e-12,0.7527313450699008,0.522521700125883,0.522521700125883,0.6759199153013238,0.6759199153013238,0.6759199153013238,"[{""class_index"":0,""support"":2263,""weighted_support"":262875.0,""prevalence"":0.7490895516433664,""predicted_support"":2903,""predicted_weight"":341564.0,""precision"":0.7577877059643288,""recall"":0.9846238706609606,""f1"":0.856440434849505,""auroc"":0.6759199153013238,""recall_defined"":true,""auroc_defined"":true},{""class_index"":1,""support"":741,""weighted_support"":88051.0,""prevalence"":0.2509104483566336,""predicted_support"":101,""predicted_weight"":9362.0,""precision"":0.5682546464430677,""recall"":0.06041952959080533,""f1"":0.10922566803198752,""auroc"":0.6759199153013238,""recall_defined"":true,""auroc_defined"":true}]",a6e173615c8088fe31b2d932cf289368b8ec8455b9c3ab7d9840d869f0ebb8d4
0,E_K_W,income_binary,development_evaluation,2982,2,"[0,1]",False,2982.0,"[2439,543]","[2439.0,543.0]","[0.817907444668008,0.18209255533199195]",True,True,"[true,true]",0.3573962469350468,1e-12,0.8430583501006036,0.6048511866334133,0.6048511866334133,0.8496425111580765,0.8496425111580765,0.8496425111580765,"[{""class_index"":0,""support"":2439,""weighted_support"":2439.0,""prevalence"":0.817907444668008,""predicted_support"":2807,""predicted_weight"":2807.0,""precision"":0.8510865692910581,""recall"":0.9794997949979499,""f1"":0.9107891727030119,""auroc"":0.8496425111580765,""recall_defined"":true,""auroc_defined"":true},{""class_index"":1,""support"":543,""weighted_support"":543.0,""prevalence"":0.18209255533199195,""predicted_support"":175,""predicted_weight"":175.0,""precision"":0.7142857142857143,""recall"":0.2302025782688766,""f1"":0.34818941504178275,""auroc"":0.8496425111580765,""recall_defined"":true,""auroc_defined"":true}]",51a517aab9230ebe64ff3c8b9d4467939639042bd86c593c0633bc0aeb46462f
0,E_K_W,income_binary,development_evaluation_person_weighted,2982,2,"[0,1]",True,334141.0,"[2439,543]","[273575.0,60566.0]","[0.8187411900963965,0.18125880990360357]",True,True,"[true,true]",0.3614522334848341,1e-12,0.842440766023924,0.5953992375600132,0.5953992375600132,0.8423976720393227,0.8423976720393227,0.8423976720393227,"[{""class_index"":0,""support"":2439,""weighted_support"":273575.0,""prevalence"":0.8187411900963965,""predicted_support"":2807,""predicted_weight"":316880.0,""precision"":0.8485988386771017,""recall"":0.982926071461208,""f1"":0.9108365582474532,""auroc"":0.8423976720393227,""recall_defined"":true,""auroc_defined"":true},{""class_index"":1,""support"":543,""weighted_support"":60566.0,""prevalence"":0.18125880990360357,""predicted_support"":175,""predicted_weight"":17261.0,""precision"":0.7293899542320839,""recall"":0.20787240365881848,""f1"":0.32353810374291697,""auroc"":0.8423976720393227,""recall_defined"":true,""auroc_defined"":true}]",51a517aab9230ebe64ff3c8b9d4467939639042bd86c593c0633bc0aeb46462f
0,E_K_W,civilian_at_work,development_evaluation,2982,2,"[0,1]",False,2982.0,"[972,2010]","[972.0,2010.0]","[0.32595573440643866,0.6740442655935613]",True,True,"[true,true]",0.4549313957449247,1e-12,0.8215962441314554,0.7513082734475769,0.7513082734475769,0.8211406956984624,0.8211406956984624,0.8211406956984624,"[{""class_index"":0,""support"":972,""weighted_support"":972.0,""prevalence"":0.32595573440643866,""predicted_support"":628,""predicted_weight"":628.0,""precision"":0.8503184713375797,""recall"":0.5493827160493827,""f1"":0.6675,""auroc"":0.8211406956984624,""recall_defined"":true,""auroc_defined"":true},{""class_index"":1,""support"":2010,""weighted_support"":2010.0,""prevalence"":0.6740442655935613,""predicted_support"":2354,""predicted_weight"":2354.0,""precision"":0.8139337298215803,""recall"":0.9532338308457712,""f1"":0.8780934922089826,""auroc"":0.8211406956984624,""recall_defined"":true,""auroc_defined"":true}]",bca2cb40c22722618b956bd14fc7fb9559b4aae0f04c4e38ba11b12d123c5cf6
0,E_K_W,civilian_at_work,development_evaluation_person_weighted,2982,2,"[0,1]",True,334141.0,"[972,2010]","[100734.0,233407.0]","[0.3014715344719744,0.6985284655280256]",True,True,"[true,true]",0.4376041734746561,1e-12,0.8375655786030448,0.7583542162406542,0.7583542162406542,0.8264040215861433,0.8264040215861432,0.8264040215861432,"[{""class_index"":0,""support"":972,""weighted_support"":100734.0,""prevalence"":0.3014715344719744,""predicted_support"":628,""predicted_weight"":66134.0,""precision"":0.8512414189373091,""recall"":0.5588579824091171,""f1"":0.6747369178032936,""auroc"":0.8264040215861432,""recall_defined"":true,""auroc_defined"":true},{""class_index"":1,""support"":2010,""weighted_support"":233407.0,""prevalence"":0.6985284655280256,""predicted_support"":2354,""predicted_weight"":268007.0,""precision"":0.8341908979989329,""recall"":0.9578504500721915,""f1"":0.8917541193504769,""auroc"":0.8264040215861433,""recall_defined"":true,""auroc_defined"":true}]",bca2cb40c22722618b956bd14fc7fb9559b4aae0f04c4e38ba11b12d123c5cf6
0,E_K_W,public_coverage,development_evaluation,2982,2,"[0,1]",False,2982.0,"[2199,783]","[2199.0,783.0]","[0.7374245472837022,0.2625754527162978]",True,True,"[true,true]",0.5340151054114853,1e-12,0.7448021462105969,0.5296738852038283,0.5296738852038283,0.6864454817207637,0.6864454817207637,0.6864454817207637,"[{""class_index"":0,""support"":2199,""weighted_support"":2199.0,""prevalence"":0.7374245472837022,""predicted_support"":2884,""predicted_weight"":2884.0,""precision"":0.7493065187239945,""recall"":0.9827194179172352,""f1"":0.8502852646075153,""auroc"":0.6864454817207636,""recall_defined"":true,""auroc_defined"":true},{""class_index"":1,""support"":783,""weighted_support"":783.0,""prevalence"":0.2625754527162978,""predicted_support"":98,""predicted_weight"":98.0,""precision"":0.6122448979591837,""recall"":0.07662835249042145,""f1"":0.1362088535754824,""auroc"":0.6864454817207637,""recall_defined"":true,""auroc_defined"":true}]",95eb1b583f390233705015a0b1d970a49b5b5a803be9324d9c7c923005633940
0,E_K_W,public_coverage,development_evaluation_person_weighted,2982,2,"[0,1]",True,334141.0,"[2199,783]","[244261.0,89880.0]","[0.7310117585091324,0.26898824149086764]",True,True,"[true,true]",0.5422793331733105,1e-12,0.7406573871509333,0.5320074539677564,0.5320074539677564,0.6769063450794507,0.6769063450794507,0.6769063450794507,"[{""class_index"":0,""support"":2199,""weighted_support"":244261.0,""prevalence"":0.7310117585091324,""predicted_support"":2884,""predicted_weight"":322910.0,""precision"":0.7440370381840141,""recall"":0.9836076983226958,""f1"":0.8472118637941644,""auroc"":0.6769063450794507,""recall_defined"":true,""auroc_defined"":true},{""class_index"":1,""support"":783,""weighted_support"":89880.0,""prevalence"":0.26898824149086764,""predicted_support"":98,""predicted_weight"":11231.0,""precision"":0.643486777668952,""recall"":0.0804072096128171,""f1"":0.14295180544154446,""auroc"":0.6769063450794507,""recall_defined"":true,""auroc_defined"":true}]",95eb1b583f390233705015a0b1d970a49b5b5a803be9324d9c7c923005633940
0,E_K_C,income_binary,source_validation,3004,2,"[0,1]",False,3004.0,"[2459,545]","[2459.0,545.0]","[0.8185752330226365,0.1814247669773635]",True,True,"[true,true]",0.3439348165669202,1e-12,0.8462050599201065,0.6218489652316337,0.6218489652316337,0.8576511672157325,0.8576511672157325,0.8576511672157325,"[{""class_index"":0,""support"":2459,""weighted_support"":2459.0,""prevalence"":0.8185752330226365,""predicted_support"":2793,""predicted_weight"":2793.0,""precision"":0.85750089509488,""recall"":0.9739731598210655,""f1"":0.912033511043412,""auroc"":0.8576511672157325,""recall_defined"":true,""auroc_defined"":true},{""class_index"":1,""support"":545,""weighted_support"":545.0,""prevalence"":0.1814247669773635,""predicted_support"":211,""predicted_weight"":211.0,""precision"":0.6966824644549763,""recall"":0.26972477064220185,""f1"":0.3888888888888889,""auroc"":0.8576511672157325,""recall_defined"":true,""auroc_defined"":true}]",3995bd609e7cc5b4f214c50ec9f9d336440832f508fcd2af8be11a66776cb934
0,E_K_C,income_binary,source_validation_person_weighted,3004,2,"[0,1]",True,350926.0,"[2459,545]","[288026.0,62900.0]","[0.820759932293418,0.17924006770658202]",True,True,"[true,true]",0.3441043678379149,1e-12,0.8503872611319765,0.6178695263743468,0.6178695263743468,0.8536730603348088,0.8536730603348088,0.8536730603348088,"[{""class_index"":0,""support"":2459,""weighted_support"":288026.0,""prevalence"":0.820759932293418,""predicted_support"":2793,""predicted_weight"":329191.0,""precision"":0.857730010844768,""recall"":0.9803177490920959,""f1"":0.9149359139492269,""auroc"":0.8536730603348088,""recall_defined"":true,""auroc_defined"":true},{""class_index"":1,""support"":545,""weighted_support"":62900.0,""prevalence"":0.17924006770658202,""predicted_support"":211,""predicted_weight"":21735.0,""precision"":0.7391764435242696,""recall"":0.25542130365659776,""f1"":0.37965380752643707,""auroc"":0.8536730603348088,""recall_defined"":true,""auroc_defined"":true}]",3995bd609e7cc5b4f214c50ec9f9d336440832f508fcd2af8be11a66776cb934
0,E_K_C,civilian_at_work,source_validation,3004,2,"[0,1]",False,3004.0,"[969,2035]","[969.0,2035.0]","[0.3225699067909454,0.6774300932090546]",True,True,"[true,true]",0.41797704913710043,1e-12,0.835219707057257,0.7762066316245884,0.7762066316245884,0.8457702284327672,0.8457702284327672,0.8457702284327672,"[{""class_index"":0,""support"":969,""weighted_support"":969.0,""prevalence"":0.3225699067909454,""predicted_support"":708,""predicted_weight"":708.0,""precision"":0.8347457627118644,""recall"":0.6099071207430341,""f1"":0.7048300536672629,""auroc"":0.8457702284327672,""recall_defined"":true,""auroc_defined"":true},{""class_index"":1,""support"":2035,""weighted_support"":2035.0,""prevalence"":0.6774300932090546,""predicted_support"":2296,""predicted_weight"":2296.0,""precision"":0.8353658536585366,""recall"":0.9425061425061425,""f1"":0.8857076887554837,""auroc"":0.8457702284327672,""recall_defined"":true,""auroc_defined"":true}]",159fdffbf56b95b66d1525c8d74f56969009c7c9b3e427608d7f25525dc2ccf9
0,E_K_C,civilian_at_work,source_validation_person_weighted,3004,2,"[0,1]",True,350926.0,"[969,2035]","[106128.0,244798.0]","[0.30242273299784,0.69757726700216]",True,True,"[true,true]",0.40997979656048855,1e-12,0.8439300593287473,0.7723754594712768,0.7723754594712768,0.8397724848085673,0.8397724848085673,0.8397724848085673,"[{""class_index"":0,""support"":969,""weighted_support"":106128.0,""prevalence"":0.30242273299784,""predicted_support"":708,""predicted_weight"":74147.0,""precision"":0.8463322858645663,""recall"":0.5912954168551183,""f1"":0.6961919289973652,""auroc"":0.8397724848085673,""recall_defined"":true,""auroc_defined"":true},{""class_index"":1,""support"":2035,""weighted_support"":244798.0,""prevalence"":0.69757726700216,""predicted_support"":2296,""predicted_weight"":276779.0,""precision"":0.8432865210149614,""recall"":0.9534555020874353,""f1"":0.8949934525487129,""auroc"":0.8397724848085673,""recall_defined"":true,""auroc_defined"":true}]",159fdffbf56b95b66d1525c8d74f56969009c7c9b3e427608d7f25525dc2ccf9
0,E_K_C,public_coverage,source_validation,3004,2,"[0,1]",False,3004.0,"[2263,741]","[2263.0,741.0]","[0.7533288948069241,0.2466711051930759]",True,True,"[true,true]",0.5070477415124558,1e-12,0.7619840213049268,0.5370580416164992,0.5370580416164992,0.7135715491182152,0.7135715491182152,0.7135715491182152,"[{""class_index"":0,""support"":2263,""weighted_support"":2263.0,""prevalence"":0.7533288948069241,""predicted_support"":2892,""predicted_weight"":2892.0,""precision"":0.7676348547717843,""recall"":0.9809986743261158,""f1"":0.8612997090203686,""auroc"":0.7135715491182152,""recall_defined"":true,""auroc_defined"":true},{""class_index"":1,""support"":741,""weighted_support"":741.0,""prevalence"":0.2466711051930759,""predicted_support"":112,""predicted_weight"":112.0,""precision"":0.6160714285714286,""recall"":0.0931174089068826,""f1"":0.16178194607268465,""auroc"":0.7135715491182152,""recall_defined"":true,""auroc_defined"":true}]",0efaeca6d562bc37f34fc9d3088a7d29413800cba5ed350be6fc50db0b3fbd94
0,E_K_C,public_coverage,source_validation_person_weighted,3004,2,"[0,1]",True,350926.0,"[2263,741]","[262875.0,88051.0]","[0.7490895516433664,0.2509104483566336]",True,True,"[true,true]",0.5164442084121422,1e-12,0.7543613183406188,0.5253732870296017,0.5253732870296017,0.7051439484291874,0.7051439484291875,0.7051439484291875,"[{""class_index"":0,""support"":2263,""weighted_support"":262875.0,""prevalence"":0.7490895516433664,""predicted_support"":2892,""predicted_weight"":341202.0,""precision"":0.758899420284758,""recall"":0.9850233000475511,""f1"":0.8573013043039215,""auroc"":0.7051439484291875,""recall_defined"":true,""auroc_defined"":true},{""class_index"":1,""support"":741,""weighted_support"":88051.0,""prevalence"":0.2509104483566336,""predicted_support"":112,""predicted_weight"":9724.0,""precision"":0.5951254627725215,""recall"":0.06572327401165234,""f1"":0.1183738174379954,""auroc"":0.7051439484291874,""recall_defined"":true,""auroc_defined"":true}]",0efaeca6d562bc37f34fc9d3088a7d29413800cba5ed350be6fc50db0b3fbd94
0,E_K_C,income_binary,development_evaluation,2982,2,"[0,1]",False,2982.0,"[2439,543]","[2439.0,543.0]","[0.817907444668008,0.18209255533199195]",True,True,"[true,true]",0.34003985194527425,1e-12,0.8487592219986586,0.629094661112357,0.629094661112357,0.8606008712020823,0.8606008712020822,0.8606008712020822,"[{""class_index"":0,""support"":2439,""weighted_support"":2439.0,""prevalence"":0.817907444668008,""predicted_support"":2766,""predicted_weight"":2766.0,""precision"":0.8593637020968908,""recall"":0.974579745797458,""f1"":0.9133525456292027,""auroc"":0.8606008712020821,""recall_defined"":true,""auroc_defined"":true},{""class_index"":1,""support"":543,""weighted_support"":543.0,""prevalence"":0.18209255533199195,""predicted_support"":216,""predicted_weight"":216.0,""precision"":0.7129629629629629,""recall"":0.283609576427256,""f1"":0.4057971014492754,""auroc"":0.8606008712020823,""recall_defined"":true,""auroc_defined"":true}]",fb068370ed9afa6869be48915054b5f87091d0816e44523bf23aa7fa5a37512b
0,E_K_C,income_binary,development_evaluation_person_weighted,2982,2,"[0,1]",True,334141.0,"[2439,543]","[273575.0,60566.0]","[0.8187411900963965,0.18125880990360357]",True,True,"[true,true]",0.34268897848913815,1e-12,0.845622057754062,0.6163876167042696,0.6163876167042696,0.8579194049779927,0.8579194049779927,0.8579194049779927,"[{""class_index"":0,""support"":2439,""weighted_support"":273575.0,""prevalence"":0.8187411900963965,""predicted_support"":2766,""predicted_weight"":312017.0,""precision"":0.8557354246723736,""recall"":0.9759809924152426,""f1"":0.9119113649093566,""auroc"":0.8579194049779927,""recall_defined"":true,""auroc_defined"":true},{""class_index"":1,""support"":543,""weighted_support"":60566.0,""prevalence"":0.18125880990360357,""predicted_support"":216,""predicted_weight"":22124.0,""precision"":0.7029922256373169,""recall"":0.25679424099329656,""f1"":0.3761760793324465,""auroc"":0.8579194049779927,""recall_defined"":true,""auroc_defined"":true}]",fb068370ed9afa6869be48915054b5f87091d0816e44523bf23aa7fa5a37512b
0,E_K_C,civilian_at_work,development_evaluation,2982,2,"[0,1]",False,2982.0,"[972,2010]","[972.0,2010.0]","[0.32595573440643866,0.6740442655935613]",True,True,"[true,true]",0.41168149241163376,1e-12,0.8494299128101945,0.7961289232848106,0.7961289232848106,0.8500552791597569,0.8500552791597569,0.8500552791597569,"[{""class_index"":0,""support"":972,""weighted_support"":972.0,""prevalence"":0.32595573440643866,""predicted_support"":727,""predicted_weight"":727.0,""precision"":0.859697386519945,""recall"":0.6430041152263375,""f1"":0.7357268981753973,""auroc"":0.8500552791597568,""recall_defined"":true,""auroc_defined"":true},{""class_index"":1,""support"":2010,""weighted_support"":2010.0,""prevalence"":0.6740442655935613,""predicted_support"":2255,""predicted_weight"":2255.0,""precision"":0.8461197339246119,""recall"":0.9492537313432836,""f1"":0.8947245017584994,""auroc"":0.8500552791597569,""recall_defined"":true,""auroc_defined"":true}]",5dd9d61cd50e0a8aeccdf73409b72c4669065d750a123635a3575e8b6e33b50d
0,E_K_C,civilian_at_work,development_evaluation_person_weighted,2982,2,"[0,1]",True,334141.0,"[972,2010]","[100734.0,233407.0]","[0.3014715344719744,0.6985284655280256]",True,True,"[true,true]",0.39329459955409246,1e-12,0.864847474569119,0.805588352956309,0.805588352956309,0.8555332301995523,0.8555332301995523,0.8555332301995523,"[{""class_index"":0,""support"":972,""weighted_support"":100734.0,""prevalence"":0.3014715344719744,""predicted_support"":727,""predicted_weight"":76658.0,""precision"":0.8624801064468157,""recall"":0.6563424464431076,""f1"":0.7454225669703256,""auroc"":0.8555332301995523,""recall_defined"":true,""auroc_defined"":true},{""class_index"":1,""support"":2010,""weighted_support"":233407.0,""prevalence"":0.6985284655280256,""predicted_support"":2255,""predicted_weight"":257483.0,""precision"":0.8655522888889752,""recall"":0.9548342594695104,""f1"":0.9080038297785654,""auroc"":0.8555332301995523,""recall_defined"":true,""auroc_defined"":true}]",5dd9d61cd50e0a8aeccdf73409b72c4669065d750a123635a3575e8b6e33b50d
0,E_K_C,public_coverage,development_evaluation,2982,2,"[0,1]",False,2982.0,"[2199,783]","[2199.0,783.0]","[0.7374245472837022,0.2625754527162978]",True,True,"[true,true]",0.5253879808672007,1e-12,0.744466800804829,0.5339696378883471,0.5339696378883471,0.7021817649610846,0.7021817649610846,0.7021817649610846,"[{""class_index"":0,""support"":2199,""weighted_support"":2199.0,""prevalence"":0.7374245472837022,""predicted_support"":2861,""predicted_weight"":2861.0,""precision"":0.7511359664452989,""recall"":0.977262391996362,""f1"":0.8494071146245059,""auroc"":0.7021817649610848,""recall_defined"":true,""auroc_defined"":true},{""class_index"":1,""support"":783,""weighted_support"":783.0,""prevalence"":0.2625754527162978,""predicted_support"":121,""predicted_weight"":121.0,""precision"":0.5867768595041323,""recall"":0.09067688378033206,""f1"":0.1570796460176991,""auroc"":0.7021817649610846,""recall_defined"":true,""auroc_defined"":true}]",0e438ef5ce1f66cc0a3536523aa955755f6294e718f8e8647f113d43e6e99a71
0,E_K_C,public_coverage,development_evaluation_person_weighted,2982,2,"[0,1]",True,334141.0,"[2199,783]","[244261.0,89880.0]","[0.7310117585091324,0.26898824149086764]",True,True,"[true,true]",0.5339293773484146,1e-12,0.737317479746574,0.5314950673208241,0.5314950673208241,0.6974540919833673,0.6974540919833673,0.6974540919833673,"[{""class_index"":0,""support"":2199,""weighted_support"":244261.0,""prevalence"":0.7310117585091324,""predicted_support"":2861,""predicted_weight"":320786.0,""precision"":0.7439133877413603,""recall"":0.976975448393317,""f1"":0.8446624794043681,""auroc"":0.6974540919833673,""recall_defined"":true,""auroc_defined"":true},{""class_index"":1,""support"":783,""weighted_support"":89880.0,""prevalence"":0.26898824149086764,""predicted_support"":121,""predicted_weight"":13355.0,""precision"":0.578884312991389,""recall"":0.08601468624833111,""f1"":0.14977478568315009,""auroc"":0.6974540919833673,""recall_defined"":true,""auroc_defined"":true}]",0e438ef5ce1f66cc0a3536523aa955755f6294e718f8e8647f113d43e6e99a71
0,E_K_D,income_binary,source_validation,3004,2,"[0,1]",False,3004.0,"[2459,545]","[2459.0,545.0]","[0.8185752330226365,0.1814247669773635]",True,True,"[true,true]",0.34428984320401945,1e-12,0.8468708388814914,0.62511202062448,0.62511202062448,0.8567915651547768,0.8567915651547768,0.8567915651547768,"[{""class_index"":0,""support"":2459,""weighted_support"":2459.0,""prevalence"":0.8185752330226365,""predicted_support"":2787,""predicted_weight"":2787.0,""precision"":0.8586293505561535,""recall"":0.9731598210654737,""f1"":0.9123141441097979,""auroc"":0.8567915651547768,""recall_defined"":true,""auroc_defined"":true},{""class_index"":1,""support"":545,""weighted_support"":545.0,""prevalence"":0.1814247669773635,""predicted_support"":217,""predicted_weight"":217.0,""precision"":0.695852534562212,""recall"":0.27706422018348625,""f1"":0.3963254593175853,""auroc"":0.8567915651547768,""recall_defined"":true,""auroc_defined"":true}]",7640258dc8f892d6a8c9c60d4defd8e64f0ce67e920926ceb579da6eeca00dd3
0,E_K_D,income_binary,source_validation_person_weighted,3004,2,"[0,1]",True,350926.0,"[2459,545]","[288026.0,62900.0]","[0.820759932293418,0.17924006770658202]",True,True,"[true,true]",0.3439915314591302,1e-12,0.850834648900338,0.6200805806294404,0.6200805806294404,0.8530324883616263,0.8530324883616263,0.8530324883616263,"[{""class_index"":0,""support"":2459,""weighted_support"":288026.0,""prevalence"":0.820759932293418,""predicted_support"":2787,""predicted_weight"":328724.0,""precision"":0.858477020235821,""recall"":0.9797796032302639,""f1"":0.9151260640453993,""auroc"":0.8530324883616264,""recall_defined"":true,""auroc_defined"":true},{""class_index"":1,""support"":545,""weighted_support"":62900.0,""prevalence"":0.17924006770658202,""predicted_support"":217,""predicted_weight"":22202.0,""precision"":0.7376812899738763,""recall"":0.26038155802861684,""f1"":0.3849028224953585,""auroc"":0.8530324883616263,""recall_defined"":true,""auroc_defined"":true}]",7640258dc8f892d6a8c9c60d4defd8e64f0ce67e920926ceb579da6eeca00dd3
0,E_K_D,civilian_at_work,source_validation,3004,2,"[0,1]",False,3004.0,"[969,2035]","[969.0,2035.0]","[0.3225699067909454,0.6774300932090546]",True,True,"[true,true]",0.41827395938132594,1e-12,0.8348868175765646,0.7732579751155603,0.7732579751155603,0.8451839962675877,0.8451839962675876,0.8451839962675876,"[{""class_index"":0,""support"":969,""weighted_support"":969.0,""prevalence"":0.3225699067909454,""predicted_support"":689,""predicted_weight"":689.0,""precision"":0.8432510885341074,""recall"":0.5995872033023736,""f1"":0.7008443908323281,""auroc"":0.8451839962675876,""recall_defined"":true,""auroc_defined"":true},{""class_index"":1,""support"":2035,""weighted_support"":2035.0,""prevalence"":0.6774300932090546,""predicted_support"":2315,""predicted_weight"":2315.0,""precision"":0.8323974082073434,""recall"":0.946928746928747,""f1"":0.8859770114942529,""auroc"":0.8451839962675877,""recall_defined"":true,""auroc_defined"":true}]",d99929b3c304172a2b035041475c9b1efcf29a67482a3bd0976630dff665732a
0,E_K_D,civilian_at_work,source_validation_person_weighted,3004,2,"[0,1]",True,350926.0,"[969,2035]","[106128.0,244798.0]","[0.30242273299784,0.69757726700216]",True,True,"[true,true]",0.4101387124468774,1e-12,0.8423029356616495,0.7678438454676841,0.7678438454676841,0.8390402073639102,0.83904020736391,0.83904020736391,"[{""class_index"":0,""support"":969,""weighted_support"":106128.0,""prevalence"":0.30242273299784,""predicted_support"":689,""predicted_weight"":72196.0,""precision"":0.8517369383345338,""recall"":0.5794135383687623,""f1"":0.6896660012112783,""auroc"":0.83904020736391,""recall_defined"":true,""auroc_defined"":true},{""class_index"":1,""support"":2035,""weighted_support"":244798.0,""prevalence"":0.69757726700216,""predicted_support"":2315,""predicted_weight"":278730.0,""precision"":0.8398593621066982,""recall"":0.956274152566606,""f1"":0.8942940969728458,""auroc"":0.8390402073639102,""recall_defined"":true,""auroc_defined"":true}]",d99929b3c304172a2b035041475c9b1efcf29a67482a3bd0976630dff665732a
0,E_K_D,public_coverage,source_validation,3004,2,"[0,1]",False,3004.0,"[2263,741]","[2263.0,741.0]","[0.7533288948069241,0.2466711051930759]",True,True,"[true,true]",0.5078010362563317,1e-12,0.7609853528628495,0.5323108410067966,0.5323108410067966,0.7125905623707796,0.7125904132846477,0.7125904132846477,"[{""class_index"":0,""support"":2263,""weighted_support"":2263.0,""prevalence"":0.7533288948069241,""predicted_support"":2907,""predicted_weight"":2907.0,""precision"":0.7657378740970072,""recall"":0.9836500220945648,""f1"":0.8611218568665377,""auroc"":0.7125902641985159,""recall_defined"":true,""auroc_defined"":true},{""class_index"":1,""support"":741,""weighted_support"":741.0,""prevalence"":0.2466711051930759,""predicted_support"":97,""predicted_weight"":97.0,""precision"":0.6185567010309279,""recall"":0.08097165991902834,""f1"":0.1431980906921241,""auroc"":0.7125905623707796,""recall_defined"":true,""auroc_defined"":true}]",c7a0a14af4f5fabb2f2ee97407bcaeaf79c2b40cdcfd8adfa8c2b5dcdc0cf231
0,E_K_D,public_coverage,source_validation_person_weighted,3004,2,"[0,1]",True,350926.0,"[2263,741]","[262875.0,88051.0]","[0.7490895516433664,0.2509104483566336]",True,True,"[true,true]",0.517577154912768,1e-12,0.7540849067894656,0.5233685241196699,0.5233685241196699,0.7039165890182748,0.7039165554493494,0.7039165554493494,"[{""class_index"":0,""support"":2263,""weighted_support"":262875.0,""prevalence"":0.7490895516433664,""predicted_support"":2907,""predicted_weight"":342069.0,""precision"":0.7581014356752585,""recall"":0.9864878744650499,""f1"":0.857345473300008,""auroc"":0.7039165218804239,""recall_defined"":true,""auroc_defined"":true},{""class_index"":1,""support"":741,""weighted_support"":88051.0,""prevalence"":0.2509104483566336,""predicted_support"":97,""predicted_weight"":8857.0,""precision"":0.5989612735689285,""recall"":0.0602491737742899,""f1"":0.10948528501258926,""auroc"":0.7039165890182748,""recall_defined"":true,""auroc_defined"":true}]",c7a0a14af4f5fabb2f2ee97407bcaeaf79c2b40cdcfd8adfa8c2b5dcdc0cf231
0,E_K_D,income_binary,development_evaluation,2982,2,"[0,1]",False,2982.0,"[2439,543]","[2439.0,543.0]","[0.817907444668008,0.18209255533199195]",True,True,"[true,true]",0.33944652292727967,1e-12,0.8501006036217303,0.634209518890769,0.634209518890769,0.8608810029168431,0.8608806253808394,0.8608806253808394,"[{""class_index"":0,""support"":2439,""weighted_support"":2439.0,""prevalence"":0.817907444668008,""predicted_support"":2758,""predicted_weight"":2758.0,""precision"":0.8611312545322698,""recall"":0.973759737597376,""f1"":0.9139888397152203,""auroc"":0.8608802478448357,""recall_defined"":true,""auroc_defined"":true},{""class_index"":1,""support"":543,""weighted_support"":543.0,""prevalence"":0.18209255533199195,""predicted_support"":224,""predicted_weight"":224.0,""precision"":0.7142857142857143,""recall"":0.2946593001841621,""f1"":0.4172099087353325,""auroc"":0.8608810029168431,""recall_defined"":true,""auroc_defined"":true}]",19381f06ff61d9e52fd13b8168f373305e51792c11d1089f379bdcfe3f649d7c
0,E_K_D,income_binary,development_evaluation_person_weighted,2982,2,"[0,1]",True,334141.0,"[2439,543]","[273575.0,60566.0]","[0.8187411900963965,0.18125880990360357]",True,True,"[true,true]",0.34240181956612903,1e-12,0.8462595131995175,0.619322317234,0.619322317234,0.8579092895500333,0.8579086495729558,0.8579086495729558,"[{""class_index"":0,""support"":2439,""weighted_support"":273575.0,""prevalence"":0.8187411900963965,""predicted_support"":2758,""predicted_weight"":311438.0,""precision"":0.856738740937201,""recall"":0.9753120716439733,""f1"":0.9121882761579657,""auroc"":0.8579080095958781,""recall_defined"":true,""auroc_defined"":true},{""class_index"":1,""support"":543,""weighted_support"":60566.0,""prevalence"":0.18125880990360357,""predicted_support"":224,""predicted_weight"":22703.0,""precision"":0.7025062767035194,""recall"":0.2633325628240267,""f1"":0.38307173137662276,""auroc"":0.8579092895500333,""recall_defined"":true,""auroc_defined"":true}]",19381f06ff61d9e52fd13b8168f373305e51792c11d1089f379bdcfe3f649d7c
0,E_K_D,civilian_at_work,development_evaluation,2982,2,"[0,1]",False,2982.0,"[972,2010]","[972.0,2010.0]","[0.32595573440643866,0.6740442655935613]",True,True,"[true,true]",0.41176452035434835,1e-12,0.8504359490274983,0.795546956575149,0.795546956575149,0.8497609688184592,0.8497609688184592,0.8497609688184592,"[{""class_index"":0,""support"":972,""weighted_support"":972.0,""prevalence"":0.32595573440643866,""predicted_support"":714,""predicted_weight"":714.0,""precision"":0.8683473389355743,""recall"":0.6378600823045267,""f1"":0.7354685646500593,""auroc"":0.8497609688184592,""recall_defined"":true,""auroc_defined"":true},{""class_index"":1,""support"":2010,""weighted_support"":2010.0,""prevalence"":0.6740442655935613,""predicted_support"":2268,""predicted_weight"":2268.0,""precision"":0.8447971781305115,""recall"":0.9532338308457712,""f1"":0.8957456755493222,""auroc"":0.8497609688184592,""recall_defined"":true,""auroc_defined"":true}]",f549694902c737d8636e9087766414d319939c342fa3d62288e56a3d3d99fd9d
0,E_K_D,civilian_at_work,development_evaluation_person_weighted,2982,2,"[0,1]",True,334141.0,"[972,2010]","[100734.0,233407.0]","[0.3014715344719744,0.6985284655280256]",True,True,"[true,true]",0.3929557017891865,1e-12,0.8662510736485496,0.8054898736071369,0.8054898736071369,0.8548004269585211,0.854800426958521,0.854800426958521,"[{""class_index"":0,""support"":972,""weighted_support"":100734.0,""prevalence"":0.3014715344719744,""predicted_support"":714,""predicted_weight"":75407.0,""precision"":0.8716034320421181,""recall"":0.6524609367244426,""f1"":0.7462771302536036,""auroc"":0.854800426958521,""recall_defined"":true,""auroc_defined"":true},{""class_index"":1,""support"":2010,""weighted_support"":233407.0,""prevalence"":0.6985284655280256,""predicted_support"":2268,""predicted_weight"":258734.0,""precision"":0.8646911499841536,""recall"":0.9585188104898311,""f1"":0.9091906587746195,""auroc"":0.8548004269585211,""recall_defined"":true,""auroc_defined"":true}]",f549694902c737d8636e9087766414d319939c342fa3d62288e56a3d3d99fd9d
0,E_K_D,public_coverage,development_evaluation,2982,2,"[0,1]",False,2982.0,"[2199,783]","[2199.0,783.0]","[0.7374245472837022,0.2625754527162978]",True,True,"[true,true]",0.5268184381296172,1e-12,0.7424547283702213,0.5284934461676241,0.5284934461676241,0.701179916332572,0.7011802067234788,0.7011802067234788,"[{""class_index"":0,""support"":2199,""weighted_support"":2199.0,""prevalence"":0.7374245472837022,""predicted_support"":2875,""predicted_weight"":2875.0,""precision"":0.7488695652173913,""recall"":0.979081400636653,""f1"":0.8486401261332283,""auroc"":0.7011804971143856,""recall_defined"":true,""auroc_defined"":true},{""class_index"":1,""support"":783,""weighted_support"":783.0,""prevalence"":0.2625754527162978,""predicted_support"":107,""predicted_weight"":107.0,""precision"":0.5700934579439252,""recall"":0.07790549169859515,""f1"":0.13707865168539327,""auroc"":0.701179916332572,""recall_defined"":true,""auroc_defined"":true}]",36beec24236bd77d5b8b0469a77c9f394951867c2f776c59ccbaf5b763daa6e4
0,E_K_D,public_coverage,development_evaluation_person_weighted,2982,2,"[0,1]",True,334141.0,"[2199,783]","[244261.0,89880.0]","[0.7310117585091324,0.26898824149086764]",True,True,"[true,true]",0.5355912782845059,1e-12,0.7364016986840884,0.5275777288836386,0.5275777288836386,0.6964416368911506,0.6964417500017359,0.6964417500017359,"[{""class_index"":0,""support"":2199,""weighted_support"":244261.0,""prevalence"":0.7310117585091324,""predicted_support"":2875,""predicted_weight"":322352.0,""precision"":0.7422538095001737,""recall"":0.9795546566991865,""f1"":0.8445517487244381,""auroc"":0.6964418631123213,""recall_defined"":true,""auroc_defined"":true},{""class_index"":1,""support"":783,""weighted_support"":89880.0,""prevalence"":0.26898824149086764,""predicted_support"":107,""predicted_weight"":11789.0,""precision"":0.5763847654593265,""recall"":0.07560080106809079,""f1"":0.13366906333297268,""auroc"":0.6964416368911506,""recall_defined"":true,""auroc_defined"":true}]",36beec24236bd77d5b8b0469a77c9f394951867c2f776c59ccbaf5b763daa6e4
0,E_bank,income_binary,source_validation,3004,2,"[0,1]",False,3004.0,"[2459,545]","[2459.0,545.0]","[0.8185752330226365,0.1814247669773635]",True,True,"[true,true]",0.32956597439362667,1e-12,0.8545272969374168,0.7033406583566826,0.7033406583566826,0.8677231365028671,0.8677233230484533,0.8677233230484533,"[{""class_index"":0,""support"":2459,""weighted_support"":2459.0,""prevalence"":0.8185752330226365,""predicted_support"":2604,""predicted_weight"":2604.0,""precision"":0.8882488479262672,""recall"":0.9406262708418056,""f1"":0.9136875370333795,""auroc"":0.8677235095940394,""recall_defined"":true,""auroc_defined"":true},{""class_index"":1,""support"":545,""weighted_support"":545.0,""prevalence"":0.1814247669773635,""predicted_support"":400,""predicted_weight"":400.0,""precision"":0.635,""recall"":0.46605504587155966,""f1"":0.5375661375661376,""auroc"":0.8677231365028671,""recall_defined"":true,""auroc_defined"":true}]",a71d2d7841b569410245d7e0338b0eb346b7cc374079465180a6f09e33541be7
0,E_bank,income_binary,source_validation_person_weighted,3004,2,"[0,1]",True,350926.0,"[2459,545]","[288026.0,62900.0]","[0.820759932293418,0.17924006770658202]",True,True,"[true,true]",0.32645671353160555,1e-12,0.8587679453787979,0.6936870697075495,0.6936870697075495,0.8675879882145421,0.8675881340733492,0.8675881340733492,"[{""class_index"":0,""support"":2459,""weighted_support"":288026.0,""prevalence"":0.820759932293418,""predicted_support"":2604,""predicted_weight"":309370.0,""precision"":0.8854025923651291,""recall"":0.9510148389381514,""f1"":0.9170366055346872,""auroc"":0.8675882799321564,""recall_defined"":true,""auroc_defined"":true},{""class_index"":1,""support"":545,""weighted_support"":62900.0,""prevalence"":0.17924006770658202,""predicted_support"":400,""predicted_weight"":41556.0,""precision"":0.6604822408316489,""recall"":0.43635930047694754,""f1"":0.5255227081259095,""auroc"":0.8675879882145421,""recall_defined"":true,""auroc_defined"":true}]",a71d2d7841b569410245d7e0338b0eb346b7cc374079465180a6f09e33541be7
0,E_bank,civilian_at_work,source_validation,3004,2,"[0,1]",False,3004.0,"[969,2035]","[969.0,2035.0]","[0.3225699067909454,0.6774300932090546]",True,True,"[true,true]",0.4054980880454215,1e-12,0.835219707057257,0.7762066316245884,0.7762066316245884,0.8520707028446967,0.8520707028446968,0.8520707028446968,"[{""class_index"":0,""support"":969,""weighted_support"":969.0,""prevalence"":0.3225699067909454,""predicted_support"":708,""predicted_weight"":708.0,""precision"":0.8347457627118644,""recall"":0.6099071207430341,""f1"":0.7048300536672629,""auroc"":0.8520707028446968,""recall_defined"":true,""auroc_defined"":true},{""class_index"":1,""support"":2035,""weighted_support"":2035.0,""prevalence"":0.6774300932090546,""predicted_support"":2296,""predicted_weight"":2296.0,""precision"":0.8353658536585366,""recall"":0.9425061425061425,""f1"":0.8857076887554837,""auroc"":0.8520707028446967,""recall_defined"":true,""auroc_defined"":true}]",a5c203e9e919554d4bf474296456a0af554fd4ebb7405d37d2e3866a774b3125
0,E_bank,civilian_at_work,source_validation_person_weighted,3004,2,"[0,1]",True,350926.0,"[969,2035]","[106128.0,244798.0]","[0.30242273299784,0.69757726700216]",True,True,"[true,true]",0.38958020999581244,1e-12,0.8491077891065353,0.7797269144502945,0.7797269144502945,0.8511700406733906,0.8511700406733905,0.8511700406733905,"[{""class_index"":0,""support"":969,""weighted_support"":106128.0,""prevalence"":0.30242273299784,""predicted_support"":708,""predicted_weight"":75058.0,""precision"":0.8542327266913586,""recall"":0.6041478214985677,""f1"":0.7077478392370271,""auroc"":0.8511700406733904,""recall_defined"":true,""auroc_defined"":true},{""class_index"":1,""support"":2035,""weighted_support"":244798.0,""prevalence"":0.69757726700216,""predicted_support"":2296,""predicted_weight"":275868.0,""precision"":0.847713399161918,""recall"":0.9553060074020212,""f1"":0.8982994856587524,""auroc"":0.8511700406733906,""recall_defined"":true,""auroc_defined"":true}]",a5c203e9e919554d4bf474296456a0af554fd4ebb7405d37d2e3866a774b3125
0,E_bank,public_coverage,source_validation,3004,2,"[0,1]",False,3004.0,"[2263,741]","[2263.0,741.0]","[0.7533288948069241,0.2466711051930759]",True,True,"[true,true]",0.5070473256945522,1e-12,0.7633155792276964,0.54883346065289,0.54883346065289,0.7101974317826587,0.7101974317826587,0.7101974317826587,"[{""class_index"":0,""support"":2263,""weighted_support"":2263.0,""prevalence"":0.7533288948069241,""predicted_support"":2848,""predicted_weight"":2848.0,""precision"":0.7724719101123596,""recall"":0.9721608484312859,""f1"":0.860888280180004,""auroc"":0.7101974317826587,""recall_defined"":true,""auroc_defined"":true},{""class_index"":1,""support"":741,""weighted_support"":741.0,""prevalence"":0.2466711051930759,""predicted_support"":156,""predicted_weight"":156.0,""precision"":0.5961538461538461,""recall"":0.12550607287449392,""f1"":0.20735785953177258,""auroc"":0.7101974317826587,""recall_defined"":true,""auroc_defined"":true}]",590b72029ba96fe161db64fc02faf9f10ae3dc7ab64e3d88850f1a23f09b9943
0,E_bank,public_coverage,source_validation_person_weighted,3004,2,"[0,1]",True,350926.0,"[2263,741]","[262875.0,88051.0]","[0.7490895516433664,0.2509104483566336]",True,True,"[true,true]",0.5135745071514025,1e-12,0.7550651704347925,0.5359980535639622,0.5359980535639622,0.7050799035852503,0.7050799035852503,0.7050799035852503,"[{""class_index"":0,""support"":2263,""weighted_support"":262875.0,""prevalence"":0.7490895516433664,""predicted_support"":2848,""predicted_weight"":336071.0,""precision"":0.7632196767944869,""recall"":0.9757337137422729,""f1"":0.8564912362717173,""auroc"":0.7050799035852503,""recall_defined"":true,""auroc_defined"":true},{""class_index"":1,""support"":741,""weighted_support"":88051.0,""prevalence"":0.2509104483566336,""predicted_support"":156,""predicted_weight"":14855.0,""precision"":0.5705822955233928,""recall"":0.0962623933856515,""f1"":0.16473286300118556,""auroc"":0.7050799035852503,""recall_defined"":true,""auroc_defined"":true}]",590b72029ba96fe161db64fc02faf9f10ae3dc7ab64e3d88850f1a23f09b9943
0,E_bank,income_binary,development_evaluation,2982,2,"[0,1]",False,2982.0,"[2439,543]","[2439.0,543.0]","[0.817907444668008,0.18209255533199195]",True,True,"[true,true]",0.33349873775204475,1e-12,0.852448021462106,0.693625002548368,0.693625002548368,0.8638204982418147,0.8638206870098166,0.8638206870098166,"[{""class_index"":0,""support"":2439,""weighted_support"":2439.0,""prevalence"":0.817907444668008,""predicted_support"":2603,""predicted_weight"":2603.0,""precision"":0.8839800230503265,""recall"":0.9434194341943419,""f1"":0.9127330424434749,""auroc"":0.8638208757778185,""recall_defined"":true,""auroc_defined"":true},{""class_index"":1,""support"":543,""weighted_support"":543.0,""prevalence"":0.18209255533199195,""predicted_support"":379,""predicted_weight"":379.0,""precision"":0.6358839050131926,""recall"":0.4438305709023941,""f1"":0.5227765726681128,""auroc"":0.8638204982418147,""recall_defined"":true,""auroc_defined"":true}]",c7d46254a33155db8138d5b49678faa23bd0dd2a92aa28c16acc22c37169bc37
0,E_bank,income_binary,development_evaluation_person_weighted,2982,2,"[0,1]",True,334141.0,"[2439,543]","[273575.0,60566.0]","[0.8187411900963965,0.18125880990360357]",True,True,"[true,true]",0.3366671788392073,1e-12,0.8468969686449732,0.6689357338718209,0.6689357338718209,0.8588018190002574,0.8588018363817548,0.8588018363817548,"[{""class_index"":0,""support"":2439,""weighted_support"":273575.0,""prevalence"":0.8187411900963965,""predicted_support"":2603,""predicted_weight"":296335.0,""precision"":0.8752796665935512,""recall"":0.9480983276980718,""f1"":0.910234949377972,""auroc"":0.8588018537632521,""recall_defined"":true,""auroc_defined"":true},{""class_index"":1,""support"":543,""weighted_support"":60566.0,""prevalence"":0.18125880990360357,""predicted_support"":379,""predicted_weight"":37806.0,""precision"":0.6244246944929376,""recall"":0.3897731400455701,""f1"":0.47995364534623675,""auroc"":0.8588018190002574,""recall_defined"":true,""auroc_defined"":true}]",c7d46254a33155db8138d5b49678faa23bd0dd2a92aa28c16acc22c37169bc37
0,E_bank,civilian_at_work,development_evaluation,2982,2,"[0,1]",False,2982.0,"[972,2010]","[972.0,2010.0]","[0.32595573440643866,0.6740442655935613]",True,True,"[true,true]",0.3821950066565858,1e-12,0.8571428571428571,0.8023816104661876,0.8023816104661876,0.8619167536801589,0.8619167536801589,0.8619167536801589,"[{""class_index"":0,""support"":972,""weighted_support"":972.0,""prevalence"":0.32595573440643866,""predicted_support"":708,""predicted_weight"":708.0,""precision"":0.885593220338983,""recall"":0.6450617283950617,""f1"":0.7464285714285714,""auroc"":0.8619167536801587,""recall_defined"":true,""auroc_defined"":true},{""class_index"":1,""support"":2010,""weighted_support"":2010.0,""prevalence"":0.6740442655935613,""predicted_support"":2274,""predicted_weight"":2274.0,""precision"":0.8482849604221636,""recall"":0.9597014925373134,""f1"":0.9005602240896359,""auroc"":0.8619167536801589,""recall_defined"":true,""auroc_defined"":true}]",1e0958d4d08d47b96a517dfa87db99d93a55b1d8c0367aec844d9aaf0fd482c9
0,E_bank,civilian_at_work,development_evaluation_person_weighted,2982,2,"[0,1]",True,334141.0,"[972,2010]","[100734.0,233407.0]","[0.3014715344719744,0.6985284655280256]",True,True,"[true,true]",0.3583945441966264,1e-12,0.8780215537752026,0.8212760684066389,0.8212760684066389,0.8653235115014042,0.8653235115014043,0.8653235115014043,"[{""class_index"":0,""support"":972,""weighted_support"":100734.0,""prevalence"":0.3014715344719744,""predicted_support"":708,""predicted_weight"":76692.0,""precision"":0.8910186199342826,""recall"":0.6783608314968134,""f1"":0.7702816949037908,""auroc"":0.8653235115014044,""recall_defined"":true,""auroc_defined"":true},{""class_index"":1,""support"":2010,""weighted_support"":233407.0,""prevalence"":0.6985284655280256,""predicted_support"":2274,""predicted_weight"":257449.0,""precision"":0.8741498316171358,""recall"":0.9641913053164644,""f1"":0.9169654644131884,""auroc"":0.8653235115014042,""recall_defined"":true,""auroc_defined"":true}]",1e0958d4d08d47b96a517dfa87db99d93a55b1d8c0367aec844d9aaf0fd482c9
0,E_bank,public_coverage,development_evaluation,2982,2,"[0,1]",False,2982.0,"[2199,783]","[2199.0,783.0]","[0.7374245472837022,0.2625754527162978]",True,True,"[true,true]",0.5258567052375208,1e-12,0.7461435278336687,0.5433303887695382,0.5433303887695382,0.7019488714538189,0.7019488714538189,0.7019488714538189,"[{""class_index"":0,""support"":2199,""weighted_support"":2199.0,""prevalence"":0.7374245472837022,""predicted_support"":2826,""predicted_weight"":2826.0,""precision"":0.7551309271054494,""recall"":0.9704411095952705,""f1"":0.8493532338308458,""auroc"":0.7019488714538188,""recall_defined"":true,""auroc_defined"":true},{""class_index"":1,""support"":783,""weighted_support"":783.0,""prevalence"":0.2625754527162978,""predicted_support"":156,""predicted_weight"":156.0,""precision"":0.5833333333333334,""recall"":0.11621966794380588,""f1"":0.19382321618743345,""auroc"":0.7019488714538189,""recall_defined"":true,""auroc_defined"":true}]",1bb9501359c06d998d06998f5111f429a8ab727f0ac41136ca4518998df0d749
0,E_bank,public_coverage,development_evaluation_person_weighted,2982,2,"[0,1]",True,334141.0,"[2199,783]","[244261.0,89880.0]","[0.7310117585091324,0.26898824149086764]",True,True,"[true,true]",0.5332929808130376,1e-12,0.7418275518418871,0.5440273263276547,0.5440273263276547,0.6972953089539126,0.6972953089539125,0.6972953089539125,"[{""class_index"":0,""support"":2199,""weighted_support"":244261.0,""prevalence"":0.7310117585091324,""predicted_support"":2826,""predicted_weight"":316919.0,""precision"":0.7492671629028238,""recall"":0.972144550296609,""f1"":0.8462774867244022,""auroc"":0.6972953089539125,""recall_defined"":true,""auroc_defined"":true},{""class_index"":1,""support"":783,""weighted_support"":89880.0,""prevalence"":0.26898824149086764,""predicted_support"":156,""predicted_weight"":17222.0,""precision"":0.6049239345023807,""recall"":0.11591010235870049,""f1"":0.1945435192620119,""auroc"":0.6972953089539126,""recall_defined"":true,""auroc_defined"":true}]",1bb9501359c06d998d06998f5111f429a8ab727f0ac41136ca4518998df0d749
1,E_F_I,income_binary,source_validation,3010,2,"[0,1]",False,3010.0,"[2444,566]","[2444.0,566.0]","[0.8119601328903654,0.18803986710963455]",True,True,"[true,true]",0.7314660859142078,1e-12,0.3930232558139535,0.5474855852365061,0.5474855852365061,0.5896306957834287,0.5896306957834287,0.5896306957834287,"[{""class_index"":0,""support"":2444,""weighted_support"":2444.0,""prevalence"":0.8119601328903654,""predicted_support"":849,""predicted_weight"":849.0,""precision"":0.8633686690223793,""recall"":0.2999181669394435,""f1"":0.44518675979350136,""auroc"":0.5896306957834286,""recall_defined"":true,""auroc_defined"":true},{""class_index"":1,""support"":566,""weighted_support"":566.0,""prevalence"":0.18803986710963455,""predicted_support"":2161,""predicted_weight"":2161.0,""precision"":0.20823692734844979,""recall"":0.7950530035335689,""f1"":0.33003300330033003,""auroc"":0.5896306957834287,""recall_defined"":true,""auroc_defined"":true}]",e74ea583b574e1da6e8c7dd2f088df18ee3525dbcb64188c4c742620e63d5206
1,E_F_I,income_binary,source_validation_person_weighted,3010,2,"[0,1]",True,345891.0,"[2444,566]","[285784.0,60107.0]","[0.8262256028633298,0.17377439713667023]",True,True,"[true,true]",0.7386639735820573,1e-12,0.3738952444556233,0.5386851411032423,0.5386851411032423,0.5694619076007993,0.5694619076007992,0.5694619076007992,"[{""class_index"":0,""support"":2444,""weighted_support"":285784.0,""prevalence"":0.8262256028633298,""predicted_support"":849,""predicted_weight"":94314.0,""precision"":0.866965667875395,""recall"":0.28611468801612405,""f1"":0.4302416745155197,""auroc"":0.5694619076007992,""recall_defined"":true,""auroc_defined"":true},{""class_index"":1,""support"":566,""weighted_support"":60107.0,""prevalence"":0.17377439713667023,""predicted_support"":2161,""predicted_weight"":251577.0,""precision"":0.18904748844290217,""recall"":0.7912555941903605,""f1"":0.30518088833562196,""auroc"":0.5694619076007993,""recall_defined"":true,""auroc_defined"":true}]",e74ea583b574e1da6e8c7dd2f088df18ee3525dbcb64188c4c742620e63d5206
1,E_F_I,civilian_at_work,source_validation,3010,2,"[0,1]",False,3010.0,"[957,2053]","[957.0,2053.0]","[0.3179401993355482,0.6820598006644518]",True,True,"[true,true]",0.6908879596920067,1e-12,0.4893687707641196,0.5498035089969517,0.5498035089969517,0.6315591374042422,0.6315591374042422,0.6315591374042422,"[{""class_index"":0,""support"":957,""weighted_support"":957.0,""prevalence"":0.3179401993355482,""predicted_support"":1950,""predicted_weight"":1950.0,""precision"":0.35128205128205126,""recall"":0.7157784743991641,""f1"":0.4712762297901617,""auroc"":0.6315591374042422,""recall_defined"":true,""auroc_defined"":true},{""class_index"":1,""support"":2053,""weighted_support"":2053.0,""prevalence"":0.6820598006644518,""predicted_support"":1060,""predicted_weight"":1060.0,""precision"":0.7433962264150943,""recall"":0.3838285435947394,""f1"":0.5062640539672342,""auroc"":0.6315591374042422,""recall_defined"":true,""auroc_defined"":true}]",1d2a681f77d91df0772326a3a2b6ebad10fb35ed80bfa1504f7e3765f9221e69
1,E_F_I,civilian_at_work,source_validation_person_weighted,3010,2,"[0,1]",True,345891.0,"[957,2053]","[105087.0,240804.0]","[0.30381536379957846,0.6961846362004215]",True,True,"[true,true]",0.6912224464348442,1e-12,0.481232527009954,0.549097321993437,0.549097321993437,0.6391001351583956,0.6391001351583956,0.6391001351583956,"[{""class_index"":0,""support"":957,""weighted_support"":105087.0,""prevalence"":0.30381536379957846,""predicted_support"":1950,""predicted_weight"":226108.0,""precision"":0.33558741840182565,""recall"":0.7220588655114334,""f1"":0.4582134392125485,""auroc"":0.6391001351583956,""recall_defined"":true,""auroc_defined"":true},{""class_index"":1,""support"":2053,""weighted_support"":240804.0,""prevalence"":0.6961846362004215,""predicted_support"":1060,""predicted_weight"":119783.0,""precision"":0.7561590542898408,""recall"":0.3761357784754406,""f1"":0.502375293618461,""auroc"":0.6391001351583956,""recall_defined"":true,""auroc_defined"":true}]",1d2a681f77d91df0772326a3a2b6ebad10fb35ed80bfa1504f7e3765f9221e69
1,E_F_I,public_coverage,source_validation,3010,2,"[0,1]",False,3010.0,"[2283,727]","[2283.0,727.0]","[0.7584717607973422,0.2415282392026578]",True,True,"[true,true]",0.7333268748167091,1e-12,0.39601328903654487,0.4682465517210216,0.4682465517210216,0.4493116697123225,0.4493116697123225,0.4493116697123225,"[{""class_index"":0,""support"":2283,""weighted_support"":2283.0,""prevalence"":0.7584717607973422,""predicted_support"":1035,""predicted_weight"":1035.0,""precision"":0.7246376811594203,""recall"":0.328515111695138,""f1"":0.45207956600361665,""auroc"":0.44931166971232256,""recall_defined"":true,""auroc_defined"":true},{""class_index"":1,""support"":727,""weighted_support"":727.0,""prevalence"":0.2415282392026578,""predicted_support"":1975,""predicted_weight"":1975.0,""precision"":0.22379746835443037,""recall"":0.6079779917469051,""f1"":0.3271650629163583,""auroc"":0.4493116697123225,""recall_defined"":true,""auroc_defined"":true}]",128d8096e84ee21962d452cad4d2e3ed52ff27b12ee4b08c9da19c8577d9151f
1,E_F_I,public_coverage,source_validation_person_weighted,3010,2,"[0,1]",True,345891.0,"[2283,727]","[261299.0,84592.0]","[0.7554374065818422,0.24456259341815775]",True,True,"[true,true]",0.7310605669944631,1e-12,0.3990997163846414,0.48026044808384427,0.48026044808384427,0.46978088006756086,0.4697808800675609,0.4697808800675609,"[{""class_index"":0,""support"":2283,""weighted_support"":261299.0,""prevalence"":0.7554374065818422,""predicted_support"":1035,""predicted_weight"":114507.0,""precision"":0.7334049446758714,""recall"":0.32139426480774896,""f1"":0.4469327259277393,""auroc"":0.4697808800675609,""recall_defined"":true,""auroc_defined"":true},{""class_index"":1,""support"":727,""weighted_support"":84592.0,""prevalence"":0.24456259341815775,""predicted_support"":1975,""predicted_weight"":231384.0,""precision"":0.2336591985616983,""recall"":0.6391266313599395,""f1"":0.3422095349013849,""auroc"":0.46978088006756086,""recall_defined"":true,""auroc_defined"":true}]",128d8096e84ee21962d452cad4d2e3ed52ff27b12ee4b08c9da19c8577d9151f
1,E_F_I,income_binary,development_evaluation,3015,2,"[0,1]",False,3015.0,"[2449,566]","[2449.0,566.0]","[0.8122719734660033,0.18772802653399667]",True,True,"[true,true]",0.7303396153048822,1e-12,0.4023217247097844,0.5587381883713984,0.5587381883713984,0.6030152928937607,0.6030152928937607,0.6030152928937607,"[{""class_index"":0,""support"":2449,""weighted_support"":2449.0,""prevalence"":0.8122719734660033,""predicted_support"":863,""predicted_weight"":863.0,""precision"":0.8748551564310545,""recall"":0.30828909759085343,""f1"":0.4559178743961353,""auroc"":0.6030152928937607,""recall_defined"":true,""auroc_defined"":true},{""class_index"":1,""support"":566,""weighted_support"":566.0,""prevalence"":0.18772802653399667,""predicted_support"":2152,""predicted_weight"":2152.0,""precision"":0.2128252788104089,""recall"":0.8091872791519434,""f1"":0.3370125091979397,""auroc"":0.6030152928937607,""recall_defined"":true,""auroc_defined"":true}]",4a576f290be990edfeb947b6b1098292ca91b945f3f5c37ce4a75c7c2961d1b1
1,E_F_I,income_binary,development_evaluation_person_weighted,3015,2,"[0,1]",True,354273.0,"[2449,566]","[286491.0,67782.0]","[0.8086729725381274,0.19132702746187263]",True,True,"[true,true]",0.7389250482641488,1e-12,0.3699068232690609,0.53054049257807,0.53054049257807,0.5686204977949911,0.5686204977949911,0.5686204977949911,"[{""class_index"":0,""support"":2449,""weighted_support"":286491.0,""prevalence"":0.8086729725381274,""predicted_support"":863,""predicted_weight"":91634.0,""precision"":0.8452102931226401,""recall"":0.2703400804911847,""f1"":0.40965289256198345,""auroc"":0.568620497794991,""recall_defined"":true,""auroc_defined"":true},{""class_index"":1,""support"":566,""weighted_support"":67782.0,""prevalence"":0.19132702746187263,""predicted_support"":2152,""predicted_weight"":262639.0,""precision"":0.20407479468015033,""recall"":0.7907409046649553,""f1"":0.3244224792007772,""auroc"":0.5686204977949911,""recall_defined"":true,""auroc_defined"":true}]",4a576f290be990edfeb947b6b1098292ca91b945f3f5c37ce4a75c7c2961d1b1
1,E_F_I,civilian_at_work,development_evaluation,3015,2,"[0,1]",False,3015.0,"[962,2053]","[962.0,2053.0]","[0.31907131011608625,0.6809286898839138]",True,True,"[true,true]",0.6875515787859596,1e-12,0.5031509121061359,0.562802470498525,0.562802470498525,0.6555350265774035,0.6555350265774036,0.6555350265774036,"[{""class_index"":0,""support"":962,""weighted_support"":962.0,""prevalence"":0.31907131011608625,""predicted_support"":1936,""predicted_weight"":1936.0,""precision"":0.3615702479338843,""recall"":0.7276507276507277,""f1"":0.4830917874396135,""auroc"":0.6555350265774036,""recall_defined"":true,""auroc_defined"":true},{""class_index"":1,""support"":2053,""weighted_support"":2053.0,""prevalence"":0.6809286898839138,""predicted_support"":1079,""predicted_weight"":1079.0,""precision"":0.7571825764596849,""recall"":0.39795421334632247,""f1"":0.5217113665389528,""auroc"":0.6555350265774035,""recall_defined"":true,""auroc_defined"":true}]",0ca1a9fbed528c3abf181cdbf81419bbb236bf17823c46f5c47d2b19c805b482
1,E_F_I,civilian_at_work,development_evaluation_person_weighted,3015,2,"[0,1]",True,354273.0,"[962,2053]","[108469.0,245804.0]","[0.30617348767758196,0.693826512322418]",True,True,"[true,true]",0.6893129147846947,1e-12,0.49467501051449025,0.5542742315134935,0.5542742315134935,0.6440933803504441,0.6440933803504441,0.6440933803504441,"[{""class_index"":0,""support"":962,""weighted_support"":108469.0,""prevalence"":0.30617348767758196,""predicted_support"":1936,""predicted_weight"":224150.0,""precision"":0.3426187820655811,""recall"":0.7080179590482073,""f1"":0.4617775893740285,""auroc"":0.6440933803504442,""recall_defined"":true,""auroc_defined"":true},{""class_index"":1,""support"":2053,""weighted_support"":245804.0,""prevalence"":0.693826512322418,""predicted_support"":1079,""predicted_weight"":130123.0,""precision"":0.7566072101012119,""recall"":0.4005305039787798,""f1"":0.5237825428873158,""auroc"":0.6440933803504441,""recall_defined"":true,""auroc_defined"":true}]",0ca1a9fbed528c3abf181cdbf81419bbb236bf17823c46f5c47d2b19c805b482
1,E_F_I,public_coverage,development_evaluation,3015,2,"[0,1]",False,3015.0,"[2275,740]","[2275.0,740.0]","[0.7545605306799337,0.24543946932006633]",True,True,"[true,true]",0.7300461105476164,1e-12,0.3996683250414594,0.4759147609147609,0.4759147609147609,0.46454380754380753,0.46454380754380753,0.46454380754380753,"[{""class_index"":0,""support"":2275,""weighted_support"":2275.0,""prevalence"":0.7545605306799337,""predicted_support"":1019,""predicted_weight"":1019.0,""precision"":0.7281648675171737,""recall"":0.3261538461538461,""f1"":0.45051608986035213,""auroc"":0.46454380754380753,""recall_defined"":true,""auroc_defined"":true},{""class_index"":1,""support"":740,""weighted_support"":740.0,""prevalence"":0.24543946932006633,""predicted_support"":1996,""predicted_weight"":1996.0,""precision"":0.23196392785571143,""recall"":0.6256756756756757,""f1"":0.33845029239766083,""auroc"":0.46454380754380753,""recall_defined"":true,""auroc_defined"":true}]",92572041176b5cf42e2402c0573d29a9c1ef397ac920f99577e5f721e9f9129d
1,E_F_I,public_coverage,development_evaluation_person_weighted,3015,2,"[0,1]",True,354273.0,"[2275,740]","[266128.0,88145.0]","[0.7511947001323838,0.2488052998676162]",True,True,"[true,true]",0.7264799051542457,1e-12,0.40646902247701633,0.47430673839566495,0.47430673839566495,0.4642018581260961,0.4642018581260961,0.4642018581260961,"[{""class_index"":0,""support"":2275,""weighted_support"":266128.0,""prevalence"":0.7511947001323838,""predicted_support"":1019,""predicted_weight"":124726.0,""precision"":0.7239148212882639,""recall"":0.3392765887091926,""f1"":0.4620190659427817,""auroc"":0.4642018581260961,""recall_defined"":true,""auroc_defined"":true},{""class_index"":1,""support"":740,""weighted_support"":88145.0,""prevalence"":0.2488052998676162,""predicted_support"":1996,""predicted_weight"":229547.0,""precision"":0.2339825830875594,""recall"":0.6093368880821374,""f1"":0.3381262354733515,""auroc"":0.4642018581260961,""recall_defined"":true,""auroc_defined"":true}]",92572041176b5cf42e2402c0573d29a9c1ef397ac920f99577e5f721e9f9129d
1,E_F_W,income_binary,source_validation,3010,2,"[0,1]",False,3010.0,"[2444,566]","[2444.0,566.0]","[0.8119601328903654,0.18803986710963455]",True,True,"[true,true]",0.31541954283014645,1e-12,0.8700996677740864,0.7435176938691712,0.7435176938691712,0.9018433402925171,0.901843340292517,0.901843340292517,"[{""class_index"":0,""support"":2444,""weighted_support"":2444.0,""prevalence"":0.8119601328903654,""predicted_support"":2573,""predicted_weight"":2573.0,""precision"":0.8989506412747765,""recall"":0.9463993453355155,""f1"":0.922064979071158,""auroc"":0.9018433402925169,""recall_defined"":true,""auroc_defined"":true},{""class_index"":1,""support"":566,""weighted_support"":566.0,""prevalence"":0.18803986710963455,""predicted_support"":437,""predicted_weight"":437.0,""precision"":0.700228832951945,""recall"":0.5406360424028268,""f1"":0.6101694915254238,""auroc"":0.9018433402925171,""recall_defined"":true,""auroc_defined"":true}]",d241f2a4b9890611c3847342ec4a1f4b659e79d45e9d4ae5728b5587b3059082
1,E_F_W,income_binary,source_validation_person_weighted,3010,2,"[0,1]",True,345891.0,"[2444,566]","[285784.0,60107.0]","[0.8262256028633298,0.17377439713667023]",True,True,"[true,true]",0.3169518446697016,1e-12,0.8713727735037916,0.7142598175566183,0.7142598175566183,0.8909484171110224,0.8909484171110224,0.8909484171110224,"[{""class_index"":0,""support"":2444,""weighted_support"":285784.0,""prevalence"":0.8262256028633298,""predicted_support"":2573,""predicted_weight"":304591.0,""precision"":0.8960934499049545,""recall"":0.9550639643926881,""f1"":0.924639424094855,""auroc"":0.8909484171110224,""recall_defined"":true,""auroc_defined"":true},{""class_index"":1,""support"":566,""weighted_support"":60107.0,""prevalence"":0.17377439713667023,""predicted_support"":437,""predicted_weight"":41300.0,""precision"":0.6890556900726392,""recall"":0.47345567072054834,""f1"":0.5612630291794453,""auroc"":0.8909484171110224,""recall_defined"":true,""auroc_defined"":true}]",d241f2a4b9890611c3847342ec4a1f4b659e79d45e9d4ae5728b5587b3059082
1,E_F_W,civilian_at_work,source_validation,3010,2,"[0,1]",False,3010.0,"[957,2053]","[957.0,2053.0]","[0.3179401993355482,0.6820598006644518]",True,True,"[true,true]",0.33338128364061687,1e-12,0.893687707641196,0.8378314274647647,0.8378314274647647,0.8705671186901346,0.8705671186901347,0.8705671186901347,"[{""class_index"":0,""support"":957,""weighted_support"":957.0,""prevalence"":0.3179401993355482,""predicted_support"":673,""predicted_weight"":673.0,""precision"":0.9732540861812778,""recall"":0.6844305120167189,""f1"":0.803680981595092,""auroc"":0.8705671186901347,""recall_defined"":true,""auroc_defined"":true},{""class_index"":1,""support"":2053,""weighted_support"":2053.0,""prevalence"":0.6820598006644518,""predicted_support"":2337,""predicted_weight"":2337.0,""precision"":0.8707744972186564,""recall"":0.9912323429128105,""f1"":0.9271070615034168,""auroc"":0.8705671186901346,""recall_defined"":true,""auroc_defined"":true}]",8a785f339ed32ff512f99d36b80f3f80b58baa0f28ec798c22f9675e1f787871
1,E_F_W,civilian_at_work,source_validation_person_weighted,3010,2,"[0,1]",True,345891.0,"[957,2053]","[105087.0,240804.0]","[0.30381536379957846,0.6961846362004215]",True,True,"[true,true]",0.32773565673399857,1e-12,0.8957012469246092,0.8309367945700344,0.8309367945700344,0.8672946466342647,0.8672946466342647,0.8672946466342647,"[{""class_index"":0,""support"":957,""weighted_support"":105087.0,""prevalence"":0.30381536379957846,""predicted_support"":673,""predicted_weight"":70939.0,""precision"":0.9864108600346777,""recall"":0.66587684489994,""f1"":0.7950530035335689,""auroc"":0.8672946466342647,""recall_defined"":true,""auroc_defined"":true},{""class_index"":1,""support"":2053,""weighted_support"":240804.0,""prevalence"":0.6961846362004215,""predicted_support"":2337,""predicted_weight"":274952.0,""precision"":0.8722977101457708,""recall"":0.9959967442401289,""f1"":0.9300521952240982,""auroc"":0.8672946466342647,""recall_defined"":true,""auroc_defined"":true}]",8a785f339ed32ff512f99d36b80f3f80b58baa0f28ec798c22f9675e1f787871
1,E_F_W,public_coverage,source_validation,3010,2,"[0,1]",False,3010.0,"[2283,727]","[2283.0,727.0]","[0.7584717607973422,0.2415282392026578]",True,True,"[true,true]",0.47720462520561113,1e-12,0.7833887043189369,0.5834566959543688,0.5834566959543688,0.7489481792641142,0.7489481792641142,0.7489481792641142,"[{""class_index"":0,""support"":2283,""weighted_support"":2283.0,""prevalence"":0.7584717607973422,""predicted_support"":2799,""predicted_weight"":2799.0,""precision"":0.7913540550196498,""recall"":0.9702146298729741,""f1"":0.8717040535222353,""auroc"":0.7489481792641142,""recall_defined"":true,""auroc_defined"":true},{""class_index"":1,""support"":727,""weighted_support"":727.0,""prevalence"":0.2415282392026578,""predicted_support"":211,""predicted_weight"":211.0,""precision"":0.6777251184834123,""recall"":0.19669876203576342,""f1"":0.3049040511727079,""auroc"":0.7489481792641142,""recall_defined"":true,""auroc_defined"":true}]",53ab89ef32e380be217160a6552d27397556db56807175cda4f4fc39e500f98f
1,E_F_W,public_coverage,source_validation_person_weighted,3010,2,"[0,1]",True,345891.0,"[2283,727]","[261299.0,84592.0]","[0.7554374065818422,0.24456259341815775]",True,True,"[true,true]",0.48684154834496085,1e-12,0.7788349508949352,0.5708714008033019,0.5708714008033019,0.733400079336241,0.733400079336241,0.733400079336241,"[{""class_index"":0,""support"":2283,""weighted_support"":261299.0,""prevalence"":0.7554374065818422,""predicted_support"":2799,""predicted_weight"":326272.0,""precision"":0.7831992938407218,""recall"":0.9779448065243266,""f1"":0.8698046704142989,""auroc"":0.7334000793362411,""recall_defined"":true,""auroc_defined"":true},{""class_index"":1,""support"":727,""weighted_support"":84592.0,""prevalence"":0.24456259341815775,""predicted_support"":211,""predicted_weight"":19619.0,""precision"":0.706254141393547,""recall"":0.16379799508227727,""f1"":0.2659220235867615,""auroc"":0.733400079336241,""recall_defined"":true,""auroc_defined"":true}]",53ab89ef32e380be217160a6552d27397556db56807175cda4f4fc39e500f98f
1,E_F_W,income_binary,development_evaluation,3015,2,"[0,1]",False,3015.0,"[2449,566]","[2449.0,566.0]","[0.8122719734660033,0.18772802653399667]",True,True,"[true,true]",0.3036683379662148,1e-12,0.8805970149253731,0.760769160845921,0.760769160845921,0.9107625958240689,0.910762595824069,0.910762595824069,"[{""class_index"":0,""support"":2449,""weighted_support"":2449.0,""prevalence"":0.8122719734660033,""predicted_support"":2577,""predicted_weight"":2577.0,""precision"":0.9053162592161428,""recall"":0.9526337280522662,""f1"":0.9283724631914047,""auroc"":0.910762595824069,""recall_defined"":true,""auroc_defined"":true},{""class_index"":1,""support"":566,""weighted_support"":566.0,""prevalence"":0.18772802653399667,""predicted_support"":438,""predicted_weight"":438.0,""precision"":0.7351598173515982,""recall"":0.568904593639576,""f1"":0.6414342629482072,""auroc"":0.9107625958240689,""recall_defined"":true,""auroc_defined"":true}]",df153c8283ce0f92af94def194649f5e415f912cd19254c5c9fef8385eeae276
1,E_F_W,income_binary,development_evaluation_person_weighted,3015,2,"[0,1]",True,354273.0,"[2449,566]","[286491.0,67782.0]","[0.8086729725381274,0.19132702746187263]",True,True,"[true,true]",0.3117783250778016,1e-12,0.8817973709540383,0.7537915744981498,0.7537915744981498,0.9063734555828681,0.9063734555828682,0.9063734555828682,"[{""class_index"":0,""support"":2449,""weighted_support"":286491.0,""prevalence"":0.8086729725381274,""predicted_support"":2577,""predicted_weight"":306101.0,""precision"":0.8995658295791259,""recall"":0.9611401405279747,""f1"":0.9293341793341794,""auroc"":0.9063734555828682,""recall_defined"":true,""auroc_defined"":true},{""class_index"":1,""support"":566,""weighted_support"":67782.0,""prevalence"":0.19132702746187263,""predicted_support"":438,""predicted_weight"":48172.0,""precision"":0.7688906418666446,""recall"":0.5464430084683249,""f1"":0.6388567880366353,""auroc"":0.9063734555828681,""recall_defined"":true,""auroc_defined"":true}]",df153c8283ce0f92af94def194649f5e415f912cd19254c5c9fef8385eeae276
1,E_F_W,civilian_at_work,development_evaluation,3015,2,"[0,1]",False,3015.0,"[962,2053]","[962.0,2053.0]","[0.31907131011608625,0.6809286898839138]",True,True,"[true,true]",0.3026395064035155,1e-12,0.9067993366500829,0.8578169668038154,0.8578169668038154,0.8947210258705632,0.8947210258705631,0.8947210258705631,"[{""class_index"":0,""support"":962,""weighted_support"":962.0,""prevalence"":0.31907131011608625,""predicted_support"":709,""predicted_weight"":709.0,""precision"":0.9802538787023978,""recall"":0.7224532224532224,""f1"":0.8318372232196289,""auroc"":0.8947210258705631,""recall_defined"":true,""auroc_defined"":true},{""class_index"":1,""support"":2053,""weighted_support"":2053.0,""prevalence"":0.6809286898839138,""predicted_support"":2306,""predicted_weight"":2306.0,""precision"":0.8842150910667823,""recall"":0.9931807111544082,""f1"":0.9355356733195687,""auroc"":0.8947210258705632,""recall_defined"":true,""auroc_defined"":true}]",b5e502e4d013f6b89e280c87e28c54051172eac5be4cafc6a285efe10503ad60
1,E_F_W,civilian_at_work,development_evaluation_person_weighted,3015,2,"[0,1]",True,354273.0,"[962,2053]","[108469.0,245804.0]","[0.30617348767758196,0.693826512322418]",True,True,"[true,true]",0.29400601212334204,1e-12,0.913772712004584,0.8614288089470854,0.8614288089470854,0.8897295730143736,0.8897295730143736,0.8897295730143736,"[{""class_index"":0,""support"":962,""weighted_support"":108469.0,""prevalence"":0.30617348767758196,""predicted_support"":709,""predicted_weight"":79663.0,""precision"":0.9890664423885618,""recall"":0.7264010915561128,""f1"":0.8376246465247805,""auroc"":0.8897295730143736,""recall_defined"":true,""auroc_defined"":true},{""class_index"":1,""support"":2053,""weighted_support"":245804.0,""prevalence"":0.693826512322418,""predicted_support"":2306,""predicted_weight"":274610.0,""precision"":0.891930373984924,""recall"":0.9964565263380579,""f1"":0.9413005799229075,""auroc"":0.8897295730143736,""recall_defined"":true,""auroc_defined"":true}]",b5e502e4d013f6b89e280c87e28c54051172eac5be4cafc6a285efe10503ad60
1,E_F_W,public_coverage,development_evaluation,3015,2,"[0,1]",False,3015.0,"[2275,740]","[2275.0,740.0]","[0.7545605306799337,0.24543946932006633]",True,True,"[true,true]",0.4962451955730341,1e-12,0.7691542288557214,0.5698485298485299,0.5698485298485299,0.7232572022572024,0.7232574992574993,0.7232574992574993,"[{""class_index"":0,""support"":2275,""weighted_support"":2275.0,""prevalence"":0.7545605306799337,""predicted_support"":2795,""predicted_weight"":2795.0,""precision"":0.782468694096601,""recall"":0.9613186813186814,""f1"":0.8627218934911243,""auroc"":0.7232577962577962,""recall_defined"":true,""auroc_defined"":true},{""class_index"":1,""support"":740,""weighted_support"":740.0,""prevalence"":0.24543946932006633,""predicted_support"":220,""predicted_weight"":220.0,""precision"":0.6,""recall"":0.1783783783783784,""f1"":0.275,""auroc"":0.7232572022572024,""recall_defined"":true,""auroc_defined"":true}]",cda2a0087de81927adb9e336ffafa07ac88b7c7ba68d4175f0876e9d6a0245a2
1,E_F_W,public_coverage,development_evaluation_person_weighted,3015,2,"[0,1]",True,354273.0,"[2275,740]","[266128.0,88145.0]","[0.7511947001323838,0.2488052998676162]",True,True,"[true,true]",0.4983837151040169,1e-12,0.7701546547436582,0.5707845126169554,0.5707845126169554,0.7252186836150871,0.7252187475595593,0.7252187475595593,"[{""class_index"":0,""support"":2275,""weighted_support"":266128.0,""prevalence"":0.7511947001323838,""predicted_support"":2795,""predicted_weight"":330326.0,""precision"":0.7795723013023498,""recall"":0.9676283592857572,""f1"":0.8634798324766034,""auroc"":0.7252188115040314,""recall_defined"":true,""auroc_defined"":true},{""class_index"":1,""support"":740,""weighted_support"":88145.0,""prevalence"":0.2488052998676162,""predicted_support"":220,""predicted_weight"":23947.0,""precision"":0.6402472125944795,""recall"":0.1739406659481536,""f1"":0.2735610034614424,""auroc"":0.7252186836150871,""recall_defined"":true,""auroc_defined"":true}]",cda2a0087de81927adb9e336ffafa07ac88b7c7ba68d4175f0876e9d6a0245a2
1,E_F_C,income_binary,source_validation,3010,2,"[0,1]",False,3010.0,"[2444,566]","[2444.0,566.0]","[0.8119601328903654,0.18803986710963455]",True,True,"[true,true]",0.30115654590103663,1e-12,0.8651162790697674,0.7051508562109269,0.7051508562109269,0.8992690688380862,0.8992690688380862,0.8992690688380862,"[{""class_index"":0,""support"":2444,""weighted_support"":2444.0,""prevalence"":0.8119601328903654,""predicted_support"":2662,""predicted_weight"":2662.0,""precision"":0.8827948910593538,""recall"":0.9615384615384616,""f1"":0.9204857030943987,""auroc"":0.8992690688380862,""recall_defined"":true,""auroc_defined"":true},{""class_index"":1,""support"":566,""weighted_support"":566.0,""prevalence"":0.18803986710963455,""predicted_support"":348,""predicted_weight"":348.0,""precision"":0.7298850574712644,""recall"":0.44876325088339225,""f1"":0.5557986870897156,""auroc"":0.8992690688380862,""recall_defined"":true,""auroc_defined"":true}]",00700fc4b538d83bfaad7e6d33aafe2826847a0939ebcb8526af1cd81f4fb168
1,E_F_C,income_binary,source_validation_person_weighted,3010,2,"[0,1]",True,345891.0,"[2444,566]","[285784.0,60107.0]","[0.8262256028633298,0.17377439713667023]",True,True,"[true,true]",0.30043491981879283,1e-12,0.8665620094191523,0.6802315274710617,0.6802315274710617,0.8889232835213896,0.8889232835213896,0.8889232835213896,"[{""class_index"":0,""support"":2444,""weighted_support"":285784.0,""prevalence"":0.8262256028633298,""predicted_support"":2662,""predicted_weight"":312401.0,""precision"":0.8835279016392393,""recall"":0.9658168406908715,""f1"":0.9228415958273778,""auroc"":0.8889232835213896,""recall_defined"":true,""auroc_defined"":true},{""class_index"":1,""support"":566,""weighted_support"":60107.0,""prevalence"":0.17377439713667023,""predicted_support"":348,""predicted_weight"":33490.0,""precision"":0.7083009853687668,""recall"":0.39464621425125196,""f1"":0.506875220359627,""auroc"":0.8889232835213896,""recall_defined"":true,""auroc_defined"":true}]",00700fc4b538d83bfaad7e6d33aafe2826847a0939ebcb8526af1cd81f4fb168
1,E_F_C,civilian_at_work,source_validation,3010,2,"[0,1]",False,3010.0,"[957,2053]","[957.0,2053.0]","[0.3179401993355482,0.6820598006644518]",True,True,"[true,true]",0.33115000392127747,1e-12,0.8890365448504983,0.8366531431180304,0.8366531431180304,0.8681952806530798,0.8681952806530799,0.8681952806530799,"[{""class_index"":0,""support"":957,""weighted_support"":957.0,""prevalence"":0.3179401993355482,""predicted_support"":703,""predicted_weight"":703.0,""precision"":0.9431009957325747,""recall"":0.6927899686520376,""f1"":0.7987951807228916,""auroc"":0.8681952806530799,""recall_defined"":true,""auroc_defined"":true},{""class_index"":1,""support"":2053,""weighted_support"":2053.0,""prevalence"":0.6820598006644518,""predicted_support"":2307,""predicted_weight"":2307.0,""precision"":0.8725617685305592,""recall"":0.9805163175840234,""f1"":0.923394495412844,""auroc"":0.8681952806530798,""recall_defined"":true,""auroc_defined"":true}]",d76b4cff8ec2cfbe6bebd05f55820267758dce2731592128c1c23751a3b2d4cd
1,E_F_C,civilian_at_work,source_validation_person_weighted,3010,2,"[0,1]",True,345891.0,"[957,2053]","[105087.0,240804.0]","[0.30381536379957846,0.6961846362004215]",True,True,"[true,true]",0.32674479531026157,1e-12,0.8930241029688544,0.8315991169559329,0.8315991169559329,0.8602484394313508,0.8602484394313508,0.8602484394313508,"[{""class_index"":0,""support"":957,""weighted_support"":105087.0,""prevalence"":0.30381536379957846,""predicted_support"":703,""predicted_weight"":73793.0,""precision"":0.9613242448470722,""recall"":0.6750501965038492,""f1"":0.7931462432915921,""auroc"":0.8602484394313507,""recall_defined"":true,""auroc_defined"":true},{""class_index"":1,""support"":2053,""weighted_support"":240804.0,""prevalence"":0.6961846362004215,""predicted_support"":2307,""predicted_weight"":272098.0,""precision"":0.8745010988687899,""recall"":0.9881480374080165,""f1"":0.9278575634331705,""auroc"":0.8602484394313508,""recall_defined"":true,""auroc_defined"":true}]",d76b4cff8ec2cfbe6bebd05f55820267758dce2731592128c1c23751a3b2d4cd
1,E_F_C,public_coverage,source_validation,3010,2,"[0,1]",False,3010.0,"[2283,727]","[2283.0,727.0]","[0.7584717607973422,0.2415282392026578]",True,True,"[true,true]",0.48251862039106436,1e-12,0.7807308970099668,0.6065482506005455,0.6065482506005455,0.7450427506460345,0.7450427506460346,0.7450427506460346,"[{""class_index"":0,""support"":2283,""weighted_support"":2283.0,""prevalence"":0.7584717607973422,""predicted_support"":2685,""predicted_weight"":2685.0,""precision"":0.8022346368715084,""recall"":0.9434954007884363,""f1"":0.8671497584541062,""auroc"":0.7450427506460346,""recall_defined"":true,""auroc_defined"":true},{""class_index"":1,""support"":727,""weighted_support"":727.0,""prevalence"":0.2415282392026578,""predicted_support"":325,""predicted_weight"":325.0,""precision"":0.6030769230769231,""recall"":0.2696011004126547,""f1"":0.3726235741444867,""auroc"":0.7450427506460345,""recall_defined"":true,""auroc_defined"":true}]",e7088a7bfdff7ab9cd86df52c6eb938c017f2bc436efbb0ecde4a9a378b302da
1,E_F_C,public_coverage,source_validation_person_weighted,3010,2,"[0,1]",True,345891.0,"[2283,727]","[261299.0,84592.0]","[0.7554374065818422,0.24456259341815775]",True,True,"[true,true]",0.4880800703907767,1e-12,0.7800202954109821,0.5992406731196767,0.5992406731196767,0.7328377863737622,0.7328377863737621,0.7328377863737621,"[{""class_index"":0,""support"":2283,""weighted_support"":261299.0,""prevalence"":0.7554374065818422,""predicted_support"":2685,""predicted_weight"":312880.0,""precision"":0.7959760930708258,""recall"":0.9531035327345302,""f1"":0.86748209182154,""auroc"":0.7328377863737621,""recall_defined"":true,""auroc_defined"":true},{""class_index"":1,""support"":727,""weighted_support"":84592.0,""prevalence"":0.24456259341815775,""predicted_support"":325,""predicted_weight"":33011.0,""precision"":0.6287904031989336,""recall"":0.24537781350482316,""f1"":0.3530011989490064,""auroc"":0.7328377863737622,""recall_defined"":true,""auroc_defined"":true}]",e7088a7bfdff7ab9cd86df52c6eb938c017f2bc436efbb0ecde4a9a378b302da
1,E_F_C,income_binary,development_evaluation,3015,2,"[0,1]",False,3015.0,"[2449,566]","[2449.0,566.0]","[0.8122719734660033,0.18772802653399667]",True,True,"[true,true]",0.28531614080612405,1e-12,0.8776119402985074,0.7310833584631788,0.7310833584631788,0.9107272457064036,0.9107272457064035,0.9107272457064035,"[{""class_index"":0,""support"":2449,""weighted_support"":2449.0,""prevalence"":0.8122719734660033,""predicted_support"":2650,""predicted_weight"":2650.0,""precision"":0.8924528301886793,""recall"":0.9657002858309514,""f1"":0.9276328691900373,""auroc"":0.9107272457064035,""recall_defined"":true,""auroc_defined"":true},{""class_index"":1,""support"":566,""weighted_support"":566.0,""prevalence"":0.18772802653399667,""predicted_support"":365,""predicted_weight"":365.0,""precision"":0.7698630136986301,""recall"":0.49646643109540634,""f1"":0.6036519871106337,""auroc"":0.9107272457064036,""recall_defined"":true,""auroc_defined"":true}]",50e633496aab1b5362608dd5139763d8ee10c547bf8ebe65a04903c423645bdb
1,E_F_C,income_binary,development_evaluation_person_weighted,3015,2,"[0,1]",True,354273.0,"[2449,566]","[286491.0,67782.0]","[0.8086729725381274,0.19132702746187263]",True,True,"[true,true]",0.2966236533466896,1e-12,0.874359604034177,0.7180064977712342,0.7180064977712342,0.9049859577706698,0.9049859577706698,0.9049859577706698,"[{""class_index"":0,""support"":2449,""weighted_support"":286491.0,""prevalence"":0.8086729725381274,""predicted_support"":2650,""predicted_weight"":314542.0,""precision"":0.8846545135466806,""recall"":0.9712730940937062,""f1"":0.9259425023251635,""auroc"":0.9049859577706697,""recall_defined"":true,""auroc_defined"":true},{""class_index"":1,""support"":566,""weighted_support"":67782.0,""prevalence"":0.19132702746187263,""predicted_support"":365,""predicted_weight"":39731.0,""precision"":0.7928569630766907,""recall"":0.4647399014487622,""f1"":0.5859942518579149,""auroc"":0.9049859577706698,""recall_defined"":true,""auroc_defined"":true}]",50e633496aab1b5362608dd5139763d8ee10c547bf8ebe65a04903c423645bdb
1,E_F_C,civilian_at_work,development_evaluation,3015,2,"[0,1]",False,3015.0,"[962,2053]","[962.0,2053.0]","[0.31907131011608625,0.6809286898839138]",True,True,"[true,true]",0.29845221670442673,1e-12,0.9038142620232172,0.8605967333439326,0.8605967333439326,0.8945033028082225,0.8945033028082225,0.8945033028082225,"[{""class_index"":0,""support"":962,""weighted_support"":962.0,""prevalence"":0.31907131011608625,""predicted_support"":754,""predicted_weight"":754.0,""precision"":0.9456233421750663,""recall"":0.7411642411642412,""f1"":0.831002331002331,""auroc"":0.8945033028082224,""recall_defined"":true,""auroc_defined"":true},{""class_index"":1,""support"":2053,""weighted_support"":2053.0,""prevalence"":0.6809286898839138,""predicted_support"":2261,""predicted_weight"":2261.0,""precision"":0.8898717381689518,""recall"":0.9800292255236239,""f1"":0.9327770050996754,""auroc"":0.8945033028082225,""recall_defined"":true,""auroc_defined"":true}]",8ce688aff3426c7e07c2810cbb02980e04c4f23f9ecce6d85b408385007fe658
1,E_F_C,civilian_at_work,development_evaluation_person_weighted,3015,2,"[0,1]",True,354273.0,"[962,2053]","[108469.0,245804.0]","[0.30617348767758196,0.693826512322418]",True,True,"[true,true]",0.28811842688221145,1e-12,0.9110375332017964,0.8630865648502373,0.8630865648502373,0.8908292708071451,0.8908292708071451,0.8908292708071451,"[{""class_index"":0,""support"":962,""weighted_support"":108469.0,""prevalence"":0.30617348767758196,""predicted_support"":754,""predicted_weight"":83450.0,""precision"":0.9610665068903536,""recall"":0.7393909780674662,""f1"":0.835779677884941,""auroc"":0.8908292708071451,""recall_defined"":true,""auroc_defined"":true},{""class_index"":1,""support"":2053,""weighted_support"":245804.0,""prevalence"":0.693826512322418,""predicted_support"":2261,""predicted_weight"":270823.0,""precision"":0.895621863726493,""recall"":0.9867821516330084,""f1"":0.9389946712037892,""auroc"":0.8908292708071451,""recall_defined"":true,""auroc_defined"":true}]",8ce688aff3426c7e07c2810cbb02980e04c4f23f9ecce6d85b408385007fe658
1,E_F_C,public_coverage,development_evaluation,3015,2,"[0,1]",False,3015.0,"[2275,740]","[2275.0,740.0]","[0.7545605306799337,0.24543946932006633]",True,True,"[true,true]",0.4988141815703795,1e-12,0.7681592039800995,0.5915280665280666,0.5915280665280666,0.7238102168102167,0.7238102168102167,0.7238102168102167,"[{""class_index"":0,""support"":2275,""weighted_support"":2275.0,""prevalence"":0.7545605306799337,""predicted_support"":2694,""predicted_weight"":2694.0,""precision"":0.7925018559762435,""recall"":0.9384615384615385,""f1"":0.8593278325618837,""auroc"":0.7238102168102168,""recall_defined"":true,""auroc_defined"":true},{""class_index"":1,""support"":740,""weighted_support"":740.0,""prevalence"":0.24543946932006633,""predicted_support"":321,""predicted_weight"":321.0,""precision"":0.5638629283489096,""recall"":0.2445945945945946,""f1"":0.3411875589066918,""auroc"":0.7238102168102167,""recall_defined"":true,""auroc_defined"":true}]",bcd10a0a83bd8d883b03ad6d78fa9ae72efe5c6a4fe1bc04a67b94f0dc2196db
1,E_F_C,public_coverage,development_evaluation_person_weighted,3015,2,"[0,1]",True,354273.0,"[2275,740]","[266128.0,88145.0]","[0.7511947001323838,0.2488052998676162]",True,True,"[true,true]",0.5026776121721067,1e-12,0.7657597389583739,0.5887889408535016,0.5887889408535016,0.7219732424219825,0.7219732424219825,0.7219732424219825,"[{""class_index"":0,""support"":2275,""weighted_support"":266128.0,""prevalence"":0.7511947001323838,""predicted_support"":2694,""predicted_weight"":317735.0,""precision"":0.7882008592065716,""recall"":0.9410471652738532,""f1"":0.8578690548981525,""auroc"":0.7219732424219824,""recall_defined"":true,""auroc_defined"":true},{""class_index"":1,""support"":740,""weighted_support"":88145.0,""prevalence"":0.2488052998676162,""predicted_support"":321,""predicted_weight"":36538.0,""precision"":0.5706114182494937,""recall"":0.23653071643314993,""f1"":0.3344321198559547,""auroc"":0.7219732424219825,""recall_defined"":true,""auroc_defined"":true}]",bcd10a0a83bd8d883b03ad6d78fa9ae72efe5c6a4fe1bc04a67b94f0dc2196db
1,E_F_D,income_binary,source_validation,3010,2,"[0,1]",False,3010.0,"[2444,566]","[2444.0,566.0]","[0.8119601328903654,0.18803986710963455]",True,True,"[true,true]",0.3037261267718508,1e-12,0.8651162790697674,0.6990415700381116,0.6990415700381116,0.8981514547778362,0.8981514547778362,0.8981514547778362,"[{""class_index"":0,""support"":2444,""weighted_support"":2444.0,""prevalence"":0.8119601328903654,""predicted_support"":2680,""predicted_weight"":2680.0,""precision"":0.880223880597015,""recall"":0.9652209492635024,""f1"":0.9207650273224044,""auroc"":0.8981514547778362,""recall_defined"":true,""auroc_defined"":true},{""class_index"":1,""support"":566,""weighted_support"":566.0,""prevalence"":0.18803986710963455,""predicted_support"":330,""predicted_weight"":330.0,""precision"":0.7424242424242424,""recall"":0.43286219081272087,""f1"":0.546875,""auroc"":0.8981514547778362,""recall_defined"":true,""auroc_defined"":true}]",0d14b46ce6c25306679a3db0b4c44616f2d923d79a61d98bc22c5ab6ecf2183f
1,E_F_D,income_binary,source_validation_person_weighted,3010,2,"[0,1]",True,345891.0,"[2444,566]","[285784.0,60107.0]","[0.8262256028633298,0.17377439713667023]",True,True,"[true,true]",0.30211499644119394,1e-12,0.8693894897525521,0.676759727689681,0.676759727689681,0.8880270614023417,0.8880270614023416,0.8880270614023416,"[{""class_index"":0,""support"":2444,""weighted_support"":285784.0,""prevalence"":0.8262256028633298,""predicted_support"":2680,""predicted_weight"":314957.0,""precision"":0.8819680146813692,""recall"":0.971999832040982,""f1"":0.9247978746248383,""auroc"":0.8880270614023416,""recall_defined"":true,""auroc_defined"":true},{""class_index"":1,""support"":566,""weighted_support"":60107.0,""prevalence"":0.17377439713667023,""predicted_support"":330,""predicted_weight"":30934.0,""precision"":0.7413202301674533,""recall"":0.3815196233383799,""f1"":0.5037730253402313,""auroc"":0.8880270614023417,""recall_defined"":true,""auroc_defined"":true}]",0d14b46ce6c25306679a3db0b4c44616f2d923d79a61d98bc22c5ab6ecf2183f
1,E_F_D,civilian_at_work,source_validation,3010,2,"[0,1]",False,3010.0,"[957,2053]","[957.0,2053.0]","[0.3179401993355482,0.6820598006644518]",True,True,"[true,true]",0.3343330789349156,1e-12,0.8857142857142857,0.8344966028255412,0.8344966028255412,0.8669691523631091,0.8669691523631091,0.8669691523631091,"[{""class_index"":0,""support"":957,""weighted_support"":957.0,""prevalence"":0.3179401993355482,""predicted_support"":715,""predicted_weight"":715.0,""precision"":0.9286713286713286,""recall"":0.6938349007314525,""f1"":0.7942583732057417,""auroc"":0.8669691523631091,""recall_defined"":true,""auroc_defined"":true},{""class_index"":1,""support"":2053,""weighted_support"":2053.0,""prevalence"":0.6820598006644518,""predicted_support"":2295,""predicted_weight"":2295.0,""precision"":0.8723311546840958,""recall"":0.9751583049196298,""f1"":0.920883164673413,""auroc"":0.8669691523631091,""recall_defined"":true,""auroc_defined"":true}]",033b2b0d31878ea5a133f5f3f6f5ff09da06f45349988ead07aae68e74795084
1,E_F_D,civilian_at_work,source_validation_person_weighted,3010,2,"[0,1]",True,345891.0,"[957,2053]","[105087.0,240804.0]","[0.30381536379957846,0.6961846362004215]",True,True,"[true,true]",0.3290538158690531,1e-12,0.8904568202121478,0.8298276965581235,0.8298276965581235,0.8597742076368873,0.8597742076368873,0.8597742076368873,"[{""class_index"":0,""support"":957,""weighted_support"":105087.0,""prevalence"":0.30381536379957846,""predicted_support"":715,""predicted_weight"":74735.0,""precision"":0.9495684752793203,""recall"":0.6753071264761579,""f1"":0.7892916328369165,""auroc"":0.8597742076368873,""recall_defined"":true,""auroc_defined"":true},{""class_index"":1,""support"":2053,""weighted_support"":240804.0,""prevalence"":0.6961846362004215,""predicted_support"":2295,""predicted_weight"":271156.0,""precision"":0.8741646874861704,""recall"":0.984348266640089,""f1"":0.925990311743105,""auroc"":0.8597742076368873,""recall_defined"":true,""auroc_defined"":true}]",033b2b0d31878ea5a133f5f3f6f5ff09da06f45349988ead07aae68e74795084
1,E_F_D,public_coverage,source_validation,3010,2,"[0,1]",False,3010.0,"[2283,727]","[2283.0,727.0]","[0.7584717607973422,0.2415282392026578]",True,True,"[true,true]",0.48234554042161965,1e-12,0.7787375415282392,0.6005467118062396,0.6005467118062396,0.7446348556792897,0.7446348556792898,0.7446348556792898,"[{""class_index"":0,""support"":2283,""weighted_support"":2283.0,""prevalence"":0.7584717607973422,""predicted_support"":2699,""predicted_weight"":2699.0,""precision"":0.7995553908855132,""recall"":0.9452474813841437,""f1"":0.8663187474909675,""auroc"":0.7446348556792899,""recall_defined"":true,""auroc_defined"":true},{""class_index"":1,""support"":727,""weighted_support"":727.0,""prevalence"":0.2415282392026578,""predicted_support"":311,""predicted_weight"":311.0,""precision"":0.5980707395498392,""recall"":0.2558459422283356,""f1"":0.3583815028901734,""auroc"":0.7446348556792897,""recall_defined"":true,""auroc_defined"":true}]",81e19431146da114ec871527ed6f09e007b4b6e65122e7981eb1388d4e16edea
1,E_F_D,public_coverage,source_validation_person_weighted,3010,2,"[0,1]",True,345891.0,"[2283,727]","[261299.0,84592.0]","[0.7554374065818422,0.24456259341815775]",True,True,"[true,true]",0.4886971116328814,1e-12,0.7793322173748377,0.5963469594365868,0.5963469594365868,0.7315962090077809,0.7315962090077808,0.7315962090077808,"[{""class_index"":0,""support"":2283,""weighted_support"":261299.0,""prevalence"":0.7554374065818422,""predicted_support"":2699,""predicted_weight"":313862.0,""precision"":0.7946709063218866,""recall"":0.9545271891587798,""f1"":0.8672945488306752,""auroc"":0.7315962090077808,""recall_defined"":true,""auroc_defined"":true},{""class_index"":1,""support"":727,""weighted_support"":84592.0,""prevalence"":0.24456259341815775,""predicted_support"":311,""predicted_weight"":32029.0,""precision"":0.6290236972743452,""recall"":0.2381667297143938,""f1"":0.3455123862769141,""auroc"":0.7315962090077809,""recall_defined"":true,""auroc_defined"":true}]",81e19431146da114ec871527ed6f09e007b4b6e65122e7981eb1388d4e16edea
1,E_F_D,income_binary,development_evaluation,3015,2,"[0,1]",False,3015.0,"[2449,566]","[2449.0,566.0]","[0.8122719734660033,0.18772802653399667]",True,True,"[true,true]",0.28645613663540836,1e-12,0.8742951907131011,0.7174948453756995,0.7174948453756995,0.9108152602850808,0.9108152602850808,0.9108152602850808,"[{""class_index"":0,""support"":2449,""weighted_support"":2449.0,""prevalence"":0.8122719734660033,""predicted_support"":2674,""predicted_weight"":2674.0,""precision"":0.887060583395662,""recall"":0.9685585953450387,""f1"":0.926019910208862,""auroc"":0.9108152602850808,""recall_defined"":true,""auroc_defined"":true},{""class_index"":1,""support"":566,""weighted_support"":566.0,""prevalence"":0.18772802653399667,""predicted_support"":341,""predicted_weight"":341.0,""precision"":0.7741935483870968,""recall"":0.4664310954063604,""f1"":0.5821389195148843,""auroc"":0.9108152602850808,""recall_defined"":true,""auroc_defined"":true}]",e191eee429ab0c1de01c529e7ac5eab7f53e2c627e1796877b00269ee22644ea
1,E_F_D,income_binary,development_evaluation_person_weighted,3015,2,"[0,1]",True,354273.0,"[2449,566]","[286491.0,67782.0]","[0.8086729725381274,0.19132702746187263]",True,True,"[true,true]",0.2980768670811427,1e-12,0.8710034352039246,0.7047926100410419,0.7047926100410419,0.9053042415822519,0.9053042415822519,0.9053042415822519,"[{""class_index"":0,""support"":2449,""weighted_support"":286491.0,""prevalence"":0.8086729725381274,""predicted_support"":2674,""predicted_weight"":317309.0,""precision"":0.879426678726415,""recall"":0.9740271073087811,""f1"":0.9243126863199735,""auroc"":0.9053042415822518,""recall_defined"":true,""auroc_defined"":true},{""class_index"":1,""support"":566,""weighted_support"":67782.0,""prevalence"":0.19132702746187263,""predicted_support"":341,""predicted_weight"":36964.0,""precision"":0.7986960285683368,""recall"":0.43555811277330264,""f1"":0.5637064899852978,""auroc"":0.9053042415822519,""recall_defined"":true,""auroc_defined"":true}]",e191eee429ab0c1de01c529e7ac5eab7f53e2c627e1796877b00269ee22644ea
1,E_F_D,civilian_at_work,development_evaluation,3015,2,"[0,1]",False,3015.0,"[962,2053]","[962.0,2053.0]","[0.31907131011608625,0.6809286898839138]",True,True,"[true,true]",0.30220031404262565,1e-12,0.9024875621890547,0.8604511626917861,0.8604511626917861,0.8935721569671886,0.8935721569671886,0.8935721569671886,"[{""class_index"":0,""support"":962,""weighted_support"":962.0,""prevalence"":0.31907131011608625,""predicted_support"":764,""predicted_weight"":764.0,""precision"":0.93717277486911,""recall"":0.7442827442827443,""f1"":0.8296639629200464,""auroc"":0.8935721569671887,""recall_defined"":true,""auroc_defined"":true},{""class_index"":1,""support"":2053,""weighted_support"":2053.0,""prevalence"":0.6809286898839138,""predicted_support"":2251,""predicted_weight"":2251.0,""precision"":0.8907152376721457,""recall"":0.976619581100828,""f1"":0.9316914498141264,""auroc"":0.8935721569671886,""recall_defined"":true,""auroc_defined"":true}]",595b2bf3cef39ce1dae365550a92bfc1c699f2096f9eda1a927ee175dd853df1
1,E_F_D,civilian_at_work,development_evaluation_person_weighted,3015,2,"[0,1]",True,354273.0,"[962,2053]","[108469.0,245804.0]","[0.30617348767758196,0.693826512322418]",True,True,"[true,true]",0.29060992699985044,1e-12,0.910591549454799,0.8633266232335206,0.8633266232335206,0.8899848372061253,0.8899848372061252,0.8899848372061252,"[{""class_index"":0,""support"":962,""weighted_support"":108469.0,""prevalence"":0.30617348767758196,""predicted_support"":764,""predicted_weight"":84044.0,""precision"":0.9568678311360715,""recall"":0.7414007688832754,""f1"":0.8354656568647312,""auroc"":0.8899848372061252,""recall_defined"":true,""auroc_defined"":true},{""class_index"":1,""support"":2053,""weighted_support"":245804.0,""prevalence"":0.693826512322418,""predicted_support"":2251,""predicted_weight"":270229.0,""precision"":0.8961991496101455,""recall"":0.9852524775837659,""f1"":0.9386182666612407,""auroc"":0.8899848372061253,""recall_defined"":true,""auroc_defined"":true}]",595b2bf3cef39ce1dae365550a92bfc1c699f2096f9eda1a927ee175dd853df1
1,E_F_D,public_coverage,development_evaluation,3015,2,"[0,1]",False,3015.0,"[2275,740]","[2275.0,740.0]","[0.7545605306799337,0.24543946932006633]",True,True,"[true,true]",0.4992361836048657,1e-12,0.7701492537313432,0.5914790614790615,0.5914790614790615,0.7218244728244728,0.7218244728244728,0.7218244728244728,"[{""class_index"":0,""support"":2275,""weighted_support"":2275.0,""prevalence"":0.7545605306799337,""predicted_support"":2706,""predicted_weight"":2706.0,""precision"":0.7923133776792314,""recall"":0.9424175824175824,""f1"":0.8608713109817305,""auroc"":0.7218244728244728,""recall_defined"":true,""auroc_defined"":true},{""class_index"":1,""support"":740,""weighted_support"":740.0,""prevalence"":0.24543946932006633,""predicted_support"":309,""predicted_weight"":309.0,""precision"":0.5760517799352751,""recall"":0.24054054054054055,""f1"":0.3393708293612965,""auroc"":0.7218244728244728,""recall_defined"":true,""auroc_defined"":true}]",27fcf457f139a6fb10637fd3c584e1bacfd052b7c99dd48d2e5cca69db64561b
1,E_F_D,public_coverage,development_evaluation_person_weighted,3015,2,"[0,1]",True,354273.0,"[2275,740]","[266128.0,88145.0]","[0.7511947001323838,0.2488052998676162]",True,True,"[true,true]",0.5040137410545589,1e-12,0.7704990219407067,0.5917537541211317,0.5917537541211317,0.7184744140108961,0.7184744140108961,0.7184744140108961,"[{""class_index"":0,""support"":2275,""weighted_support"":266128.0,""prevalence"":0.7511947001323838,""predicted_support"":2706,""predicted_weight"":319514.0,""precision"":0.789223633393216,""recall"":0.9475440389586965,""f1"":0.8611677441167129,""auroc"":0.7184744140108961,""recall_defined"":true,""auroc_defined"":true},{""class_index"":1,""support"":740,""weighted_support"":88145.0,""prevalence"":0.2488052998676162,""predicted_support"":309,""predicted_weight"":34759.0,""precision"":0.59837739865934,""recall"":0.23596346928356685,""f1"":0.33845928529584063,""auroc"":0.7184744140108961,""recall_defined"":true,""auroc_defined"":true}]",27fcf457f139a6fb10637fd3c584e1bacfd052b7c99dd48d2e5cca69db64561b
1,E_K_I,income_binary,source_validation,3010,2,"[0,1]",False,3010.0,"[2444,566]","[2444.0,566.0]","[0.8119601328903654,0.18803986710963455]",True,True,"[true,true]",0.7314660859142078,1e-12,0.3930232558139535,0.5474855852365061,0.5474855852365061,0.5896306957834287,0.5896306957834287,0.5896306957834287,"[{""class_index"":0,""support"":2444,""weighted_support"":2444.0,""prevalence"":0.8119601328903654,""predicted_support"":849,""predicted_weight"":849.0,""precision"":0.8633686690223793,""recall"":0.2999181669394435,""f1"":0.44518675979350136,""auroc"":0.5896306957834286,""recall_defined"":true,""auroc_defined"":true},{""class_index"":1,""support"":566,""weighted_support"":566.0,""prevalence"":0.18803986710963455,""predicted_support"":2161,""predicted_weight"":2161.0,""precision"":0.20823692734844979,""recall"":0.7950530035335689,""f1"":0.33003300330033003,""auroc"":0.5896306957834287,""recall_defined"":true,""auroc_defined"":true}]",e74ea583b574e1da6e8c7dd2f088df18ee3525dbcb64188c4c742620e63d5206
1,E_K_I,income_binary,source_validation_person_weighted,3010,2,"[0,1]",True,345891.0,"[2444,566]","[285784.0,60107.0]","[0.8262256028633298,0.17377439713667023]",True,True,"[true,true]",0.7386639735820573,1e-12,0.3738952444556233,0.5386851411032423,0.5386851411032423,0.5694619076007993,0.5694619076007992,0.5694619076007992,"[{""class_index"":0,""support"":2444,""weighted_support"":285784.0,""prevalence"":0.8262256028633298,""predicted_support"":849,""predicted_weight"":94314.0,""precision"":0.866965667875395,""recall"":0.28611468801612405,""f1"":0.4302416745155197,""auroc"":0.5694619076007992,""recall_defined"":true,""auroc_defined"":true},{""class_index"":1,""support"":566,""weighted_support"":60107.0,""prevalence"":0.17377439713667023,""predicted_support"":2161,""predicted_weight"":251577.0,""precision"":0.18904748844290217,""recall"":0.7912555941903605,""f1"":0.30518088833562196,""auroc"":0.5694619076007993,""recall_defined"":true,""auroc_defined"":true}]",e74ea583b574e1da6e8c7dd2f088df18ee3525dbcb64188c4c742620e63d5206
1,E_K_I,civilian_at_work,source_validation,3010,2,"[0,1]",False,3010.0,"[957,2053]","[957.0,2053.0]","[0.3179401993355482,0.6820598006644518]",True,True,"[true,true]",0.6908879596920067,1e-12,0.4893687707641196,0.5498035089969517,0.5498035089969517,0.6315591374042422,0.6315591374042422,0.6315591374042422,"[{""class_index"":0,""support"":957,""weighted_support"":957.0,""prevalence"":0.3179401993355482,""predicted_support"":1950,""predicted_weight"":1950.0,""precision"":0.35128205128205126,""recall"":0.7157784743991641,""f1"":0.4712762297901617,""auroc"":0.6315591374042422,""recall_defined"":true,""auroc_defined"":true},{""class_index"":1,""support"":2053,""weighted_support"":2053.0,""prevalence"":0.6820598006644518,""predicted_support"":1060,""predicted_weight"":1060.0,""precision"":0.7433962264150943,""recall"":0.3838285435947394,""f1"":0.5062640539672342,""auroc"":0.6315591374042422,""recall_defined"":true,""auroc_defined"":true}]",1d2a681f77d91df0772326a3a2b6ebad10fb35ed80bfa1504f7e3765f9221e69
1,E_K_I,civilian_at_work,source_validation_person_weighted,3010,2,"[0,1]",True,345891.0,"[957,2053]","[105087.0,240804.0]","[0.30381536379957846,0.6961846362004215]",True,True,"[true,true]",0.6912224464348442,1e-12,0.481232527009954,0.549097321993437,0.549097321993437,0.6391001351583956,0.6391001351583956,0.6391001351583956,"[{""class_index"":0,""support"":957,""weighted_support"":105087.0,""prevalence"":0.30381536379957846,""predicted_support"":1950,""predicted_weight"":226108.0,""precision"":0.33558741840182565,""recall"":0.7220588655114334,""f1"":0.4582134392125485,""auroc"":0.6391001351583956,""recall_defined"":true,""auroc_defined"":true},{""class_index"":1,""support"":2053,""weighted_support"":240804.0,""prevalence"":0.6961846362004215,""predicted_support"":1060,""predicted_weight"":119783.0,""precision"":0.7561590542898408,""recall"":0.3761357784754406,""f1"":0.502375293618461,""auroc"":0.6391001351583956,""recall_defined"":true,""auroc_defined"":true}]",1d2a681f77d91df0772326a3a2b6ebad10fb35ed80bfa1504f7e3765f9221e69
1,E_K_I,public_coverage,source_validation,3010,2,"[0,1]",False,3010.0,"[2283,727]","[2283.0,727.0]","[0.7584717607973422,0.2415282392026578]",True,True,"[true,true]",0.7333268748167091,1e-12,0.39601328903654487,0.4682465517210216,0.4682465517210216,0.4493116697123225,0.4493116697123225,0.4493116697123225,"[{""class_index"":0,""support"":2283,""weighted_support"":2283.0,""prevalence"":0.7584717607973422,""predicted_support"":1035,""predicted_weight"":1035.0,""precision"":0.7246376811594203,""recall"":0.328515111695138,""f1"":0.45207956600361665,""auroc"":0.44931166971232256,""recall_defined"":true,""auroc_defined"":true},{""class_index"":1,""support"":727,""weighted_support"":727.0,""prevalence"":0.2415282392026578,""predicted_support"":1975,""predicted_weight"":1975.0,""precision"":0.22379746835443037,""recall"":0.6079779917469051,""f1"":0.3271650629163583,""auroc"":0.4493116697123225,""recall_defined"":true,""auroc_defined"":true}]",128d8096e84ee21962d452cad4d2e3ed52ff27b12ee4b08c9da19c8577d9151f
1,E_K_I,public_coverage,source_validation_person_weighted,3010,2,"[0,1]",True,345891.0,"[2283,727]","[261299.0,84592.0]","[0.7554374065818422,0.24456259341815775]",True,True,"[true,true]",0.7310605669944631,1e-12,0.3990997163846414,0.48026044808384427,0.48026044808384427,0.46978088006756086,0.4697808800675609,0.4697808800675609,"[{""class_index"":0,""support"":2283,""weighted_support"":261299.0,""prevalence"":0.7554374065818422,""predicted_support"":1035,""predicted_weight"":114507.0,""precision"":0.7334049446758714,""recall"":0.32139426480774896,""f1"":0.4469327259277393,""auroc"":0.4697808800675609,""recall_defined"":true,""auroc_defined"":true},{""class_index"":1,""support"":727,""weighted_support"":84592.0,""prevalence"":0.24456259341815775,""predicted_support"":1975,""predicted_weight"":231384.0,""precision"":0.2336591985616983,""recall"":0.6391266313599395,""f1"":0.3422095349013849,""auroc"":0.46978088006756086,""recall_defined"":true,""auroc_defined"":true}]",128d8096e84ee21962d452cad4d2e3ed52ff27b12ee4b08c9da19c8577d9151f
1,E_K_I,income_binary,development_evaluation,3015,2,"[0,1]",False,3015.0,"[2449,566]","[2449.0,566.0]","[0.8122719734660033,0.18772802653399667]",True,True,"[true,true]",0.7303396153048822,1e-12,0.4023217247097844,0.5587381883713984,0.5587381883713984,0.6030152928937607,0.6030152928937607,0.6030152928937607,"[{""class_index"":0,""support"":2449,""weighted_support"":2449.0,""prevalence"":0.8122719734660033,""predicted_support"":863,""predicted_weight"":863.0,""precision"":0.8748551564310545,""recall"":0.30828909759085343,""f1"":0.4559178743961353,""auroc"":0.6030152928937607,""recall_defined"":true,""auroc_defined"":true},{""class_index"":1,""support"":566,""weighted_support"":566.0,""prevalence"":0.18772802653399667,""predicted_support"":2152,""predicted_weight"":2152.0,""precision"":0.2128252788104089,""recall"":0.8091872791519434,""f1"":0.3370125091979397,""auroc"":0.6030152928937607,""recall_defined"":true,""auroc_defined"":true}]",4a576f290be990edfeb947b6b1098292ca91b945f3f5c37ce4a75c7c2961d1b1
1,E_K_I,income_binary,development_evaluation_person_weighted,3015,2,"[0,1]",True,354273.0,"[2449,566]","[286491.0,67782.0]","[0.8086729725381274,0.19132702746187263]",True,True,"[true,true]",0.7389250482641488,1e-12,0.3699068232690609,0.53054049257807,0.53054049257807,0.5686204977949911,0.5686204977949911,0.5686204977949911,"[{""class_index"":0,""support"":2449,""weighted_support"":286491.0,""prevalence"":0.8086729725381274,""predicted_support"":863,""predicted_weight"":91634.0,""precision"":0.8452102931226401,""recall"":0.2703400804911847,""f1"":0.40965289256198345,""auroc"":0.568620497794991,""recall_defined"":true,""auroc_defined"":true},{""class_index"":1,""support"":566,""weighted_support"":67782.0,""prevalence"":0.19132702746187263,""predicted_support"":2152,""predicted_weight"":262639.0,""precision"":0.20407479468015033,""recall"":0.7907409046649553,""f1"":0.3244224792007772,""auroc"":0.5686204977949911,""recall_defined"":true,""auroc_defined"":true}]",4a576f290be990edfeb947b6b1098292ca91b945f3f5c37ce4a75c7c2961d1b1
1,E_K_I,civilian_at_work,development_evaluation,3015,2,"[0,1]",False,3015.0,"[962,2053]","[962.0,2053.0]","[0.31907131011608625,0.6809286898839138]",True,True,"[true,true]",0.6875515787859596,1e-12,0.5031509121061359,0.562802470498525,0.562802470498525,0.6555350265774035,0.6555350265774036,0.6555350265774036,"[{""class_index"":0,""support"":962,""weighted_support"":962.0,""prevalence"":0.31907131011608625,""predicted_support"":1936,""predicted_weight"":1936.0,""precision"":0.3615702479338843,""recall"":0.7276507276507277,""f1"":0.4830917874396135,""auroc"":0.6555350265774036,""recall_defined"":true,""auroc_defined"":true},{""class_index"":1,""support"":2053,""weighted_support"":2053.0,""prevalence"":0.6809286898839138,""predicted_support"":1079,""predicted_weight"":1079.0,""precision"":0.7571825764596849,""recall"":0.39795421334632247,""f1"":0.5217113665389528,""auroc"":0.6555350265774035,""recall_defined"":true,""auroc_defined"":true}]",0ca1a9fbed528c3abf181cdbf81419bbb236bf17823c46f5c47d2b19c805b482
1,E_K_I,civilian_at_work,development_evaluation_person_weighted,3015,2,"[0,1]",True,354273.0,"[962,2053]","[108469.0,245804.0]","[0.30617348767758196,0.693826512322418]",True,True,"[true,true]",0.6893129147846947,1e-12,0.49467501051449025,0.5542742315134935,0.5542742315134935,0.6440933803504441,0.6440933803504441,0.6440933803504441,"[{""class_index"":0,""support"":962,""weighted_support"":108469.0,""prevalence"":0.30617348767758196,""predicted_support"":1936,""predicted_weight"":224150.0,""precision"":0.3426187820655811,""recall"":0.7080179590482073,""f1"":0.4617775893740285,""auroc"":0.6440933803504442,""recall_defined"":true,""auroc_defined"":true},{""class_index"":1,""support"":2053,""weighted_support"":245804.0,""prevalence"":0.693826512322418,""predicted_support"":1079,""predicted_weight"":130123.0,""precision"":0.7566072101012119,""recall"":0.4005305039787798,""f1"":0.5237825428873158,""auroc"":0.6440933803504441,""recall_defined"":true,""auroc_defined"":true}]",0ca1a9fbed528c3abf181cdbf81419bbb236bf17823c46f5c47d2b19c805b482
1,E_K_I,public_coverage,development_evaluation,3015,2,"[0,1]",False,3015.0,"[2275,740]","[2275.0,740.0]","[0.7545605306799337,0.24543946932006633]",True,True,"[true,true]",0.7300461105476164,1e-12,0.3996683250414594,0.4759147609147609,0.4759147609147609,0.46454380754380753,0.46454380754380753,0.46454380754380753,"[{""class_index"":0,""support"":2275,""weighted_support"":2275.0,""prevalence"":0.7545605306799337,""predicted_support"":1019,""predicted_weight"":1019.0,""precision"":0.7281648675171737,""recall"":0.3261538461538461,""f1"":0.45051608986035213,""auroc"":0.46454380754380753,""recall_defined"":true,""auroc_defined"":true},{""class_index"":1,""support"":740,""weighted_support"":740.0,""prevalence"":0.24543946932006633,""predicted_support"":1996,""predicted_weight"":1996.0,""precision"":0.23196392785571143,""recall"":0.6256756756756757,""f1"":0.33845029239766083,""auroc"":0.46454380754380753,""recall_defined"":true,""auroc_defined"":true}]",92572041176b5cf42e2402c0573d29a9c1ef397ac920f99577e5f721e9f9129d
1,E_K_I,public_coverage,development_evaluation_person_weighted,3015,2,"[0,1]",True,354273.0,"[2275,740]","[266128.0,88145.0]","[0.7511947001323838,0.2488052998676162]",True,True,"[true,true]",0.7264799051542457,1e-12,0.40646902247701633,0.47430673839566495,0.47430673839566495,0.4642018581260961,0.4642018581260961,0.4642018581260961,"[{""class_index"":0,""support"":2275,""weighted_support"":266128.0,""prevalence"":0.7511947001323838,""predicted_support"":1019,""predicted_weight"":124726.0,""precision"":0.7239148212882639,""recall"":0.3392765887091926,""f1"":0.4620190659427817,""auroc"":0.4642018581260961,""recall_defined"":true,""auroc_defined"":true},{""class_index"":1,""support"":740,""weighted_support"":88145.0,""prevalence"":0.2488052998676162,""predicted_support"":1996,""predicted_weight"":229547.0,""precision"":0.2339825830875594,""recall"":0.6093368880821374,""f1"":0.3381262354733515,""auroc"":0.4642018581260961,""recall_defined"":true,""auroc_defined"":true}]",92572041176b5cf42e2402c0573d29a9c1ef397ac920f99577e5f721e9f9129d
1,E_K_W,income_binary,source_validation,3010,2,"[0,1]",False,3010.0,"[2444,566]","[2444.0,566.0]","[0.8119601328903654,0.18803986710963455]",True,True,"[true,true]",0.36694376378838234,1e-12,0.8498338870431894,0.6645148138081001,0.6645148138081001,0.8479607519388364,0.8479607519388364,0.8479607519388364,"[{""class_index"":0,""support"":2444,""weighted_support"":2444.0,""prevalence"":0.8119601328903654,""predicted_support"":2708,""predicted_weight"":2708.0,""precision"":0.8677991137370753,""recall"":0.9615384615384616,""f1"":0.9122670807453416,""auroc"":0.8479607519388364,""recall_defined"":true,""auroc_defined"":true},{""class_index"":1,""support"":566,""weighted_support"":566.0,""prevalence"":0.18803986710963455,""predicted_support"":302,""predicted_weight"":302.0,""precision"":0.6887417218543046,""recall"":0.3674911660777385,""f1"":0.4792626728110599,""auroc"":0.8479607519388364,""recall_defined"":true,""auroc_defined"":true}]",5b04ace07c1d91d003e5e2d3272faee7dbefd690a535ea20a8f69306dd302786
1,E_K_W,income_binary,source_validation_person_weighted,3010,2,"[0,1]",True,345891.0,"[2444,566]","[285784.0,60107.0]","[0.8262256028633298,0.17377439713667023]",True,True,"[true,true]",0.36445942327948294,1e-12,0.8556915328817459,0.6438630551249659,0.6438630551249659,0.8338457260805889,0.8338457260805889,0.8338457260805889,"[{""class_index"":0,""support"":2444,""weighted_support"":285784.0,""prevalence"":0.8262256028633298,""predicted_support"":2708,""predicted_weight"":317711.0,""precision"":0.8712005564805752,""recall"":0.9685286790023234,""f1"":0.9172901183936901,""auroc"":0.8338457260805889,""recall_defined"":true,""auroc_defined"":true},{""class_index"":1,""support"":566,""weighted_support"":60107.0,""prevalence"":0.17377439713667023,""predicted_support"":302,""predicted_weight"":28180.0,""precision"":0.6808374733853797,""recall"":0.3191974312476084,""f1"":0.434627974673508,""auroc"":0.8338457260805889,""recall_defined"":true,""auroc_defined"":true}]",5b04ace07c1d91d003e5e2d3272faee7dbefd690a535ea20a8f69306dd302786
1,E_K_W,civilian_at_work,source_validation,3010,2,"[0,1]",False,3010.0,"[957,2053]","[957.0,2053.0]","[0.3179401993355482,0.6820598006644518]",True,True,"[true,true]",0.39835961112294505,1e-12,0.8541528239202658,0.7884882891769365,0.7884882891769365,0.8386531726387614,0.8386531726387614,0.8386531726387614,"[{""class_index"":0,""support"":957,""weighted_support"":957.0,""prevalence"":0.3179401993355482,""predicted_support"":646,""predicted_weight"":646.0,""precision"":0.9009287925696594,""recall"":0.6081504702194357,""f1"":0.72613849033063,""auroc"":0.8386531726387615,""recall_defined"":true,""auroc_defined"":true},{""class_index"":1,""support"":2053,""weighted_support"":2053.0,""prevalence"":0.6820598006644518,""predicted_support"":2364,""predicted_weight"":2364.0,""precision"":0.8413705583756346,""recall"":0.9688261081344374,""f1"":0.9006112746207834,""auroc"":0.8386531726387614,""recall_defined"":true,""auroc_defined"":true}]",1144e554bcca074637c6f847979ea07f214763db20409f93a1243f8331ee4b6b
1,E_K_W,civilian_at_work,source_validation_person_weighted,3010,2,"[0,1]",True,345891.0,"[957,2053]","[105087.0,240804.0]","[0.30381536379957846,0.6961846362004215]",True,True,"[true,true]",0.38821004143443766,1e-12,0.8585855081514119,0.7869867190807054,0.7869867190807054,0.8354655469745832,0.8354655469745832,0.8354655469745832,"[{""class_index"":0,""support"":957,""weighted_support"":105087.0,""prevalence"":0.30381536379957846,""predicted_support"":646,""predicted_weight"":70879.0,""precision"":0.8962598230787681,""recall"":0.6045086452177719,""f1"":0.7220258459020492,""auroc"":0.8354655469745832,""recall_defined"":true,""auroc_defined"":true},{""class_index"":1,""support"":2053,""weighted_support"":240804.0,""prevalence"":0.6961846362004215,""predicted_support"":2364,""predicted_weight"":275012.0,""precision"":0.848875685424636,""recall"":0.9694647929436389,""f1"":0.9051716115824248,""auroc"":0.8354655469745832,""recall_defined"":true,""auroc_defined"":true}]",1144e554bcca074637c6f847979ea07f214763db20409f93a1243f8331ee4b6b
1,E_K_W,public_coverage,source_validation,3010,2,"[0,1]",False,3010.0,"[2283,727]","[2283.0,727.0]","[0.7584717607973422,0.2415282392026578]",True,True,"[true,true]",0.5074523178867139,1e-12,0.772093023255814,0.5455417441636978,0.5455417441636978,0.703215742697204,0.7032157426972039,0.7032157426972039,"[{""class_index"":0,""support"":2283,""weighted_support"":2283.0,""prevalence"":0.7584717607973422,""predicted_support"":2895,""predicted_weight"":2895.0,""precision"":0.7758203799654577,""recall"":0.9837932544897066,""f1"":0.8675164156044805,""auroc"":0.7032157426972039,""recall_defined"":true,""auroc_defined"":true},{""class_index"":1,""support"":727,""weighted_support"":727.0,""prevalence"":0.2415282392026578,""predicted_support"":115,""predicted_weight"":115.0,""precision"":0.6782608695652174,""recall"":0.10729023383768914,""f1"":0.18527315914489312,""auroc"":0.703215742697204,""recall_defined"":true,""auroc_defined"":true}]",f21dcdd03fbb6f2e0242e44e1a2df18b1ec158757daac55d59bb63bd6348f6fa
1,E_K_W,public_coverage,source_validation_person_weighted,3010,2,"[0,1]",True,345891.0,"[2283,727]","[261299.0,84592.0]","[0.7554374065818422,0.24456259341815775]",True,True,"[true,true]",0.51497200448365,1e-12,0.7667155259894013,0.5401577905785333,0.5401577905785333,0.689796737302995,0.689796737302995,0.689796737302995,"[{""class_index"":0,""support"":2283,""weighted_support"":261299.0,""prevalence"":0.7554374065818422,""predicted_support"":2895,""predicted_weight"":333434.0,""precision"":0.7708302092767985,""recall"":0.9836279511211294,""f1"":0.8643239907656041,""auroc"":0.689796737302995,""recall_defined"":true,""auroc_defined"":true},{""class_index"":1,""support"":727,""weighted_support"":84592.0,""prevalence"":0.24456259341815775,""predicted_support"":115,""predicted_weight"":12457.0,""precision"":0.6565786304888818,""recall"":0.09668763003593721,""f1"":0.1685540294078249,""auroc"":0.689796737302995,""recall_defined"":true,""auroc_defined"":true}]",f21dcdd03fbb6f2e0242e44e1a2df18b1ec158757daac55d59bb63bd6348f6fa
1,E_K_W,income_binary,development_evaluation,3015,2,"[0,1]",False,3015.0,"[2449,566]","[2449.0,566.0]","[0.8122719734660033,0.18772802653399667]",True,True,"[true,true]",0.35891074811026064,1e-12,0.8540630182421227,0.6751547830152063,0.6751547830152063,0.8591211239317411,0.8591211239317411,0.8591211239317411,"[{""class_index"":0,""support"":2449,""weighted_support"":2449.0,""prevalence"":0.8122719734660033,""predicted_support"":2701,""predicted_weight"":2701.0,""precision"":0.8718992965568308,""recall"":0.9616169865251123,""f1"":0.9145631067961165,""auroc"":0.8591211239317411,""recall_defined"":true,""auroc_defined"":true},{""class_index"":1,""support"":566,""weighted_support"":566.0,""prevalence"":0.18772802653399667,""predicted_support"":314,""predicted_weight"":314.0,""precision"":0.7006369426751592,""recall"":0.38869257950530034,""f1"":0.5,""auroc"":0.8591211239317411,""recall_defined"":true,""auroc_defined"":true}]",948874e28b42f08a79d5ce29433985d92ea52895973f98f0c9118488ab25fa77
1,E_K_W,income_binary,development_evaluation_person_weighted,3015,2,"[0,1]",True,354273.0,"[2449,566]","[286491.0,67782.0]","[0.8086729725381274,0.19132702746187263]",True,True,"[true,true]",0.3692184569362473,1e-12,0.8544088880609022,0.6711622161734717,0.6711622161734717,0.8472063234212632,0.8472063234212632,0.8472063234212632,"[{""class_index"":0,""support"":2449,""weighted_support"":286491.0,""prevalence"":0.8086729725381274,""predicted_support"":2701,""predicted_weight"":319730.0,""precision"":0.8673599599662215,""recall"":0.9679920137107274,""f1"":0.914917167171708,""auroc"":0.8472063234212631,""recall_defined"":true,""auroc_defined"":true},{""class_index"":1,""support"":566,""weighted_support"":67782.0,""prevalence"":0.19132702746187263,""predicted_support"":314,""predicted_weight"":34543.0,""precision"":0.7345337695046753,""recall"":0.3743324186362161,""f1"":0.4959296359638407,""auroc"":0.8472063234212632,""recall_defined"":true,""auroc_defined"":true}]",948874e28b42f08a79d5ce29433985d92ea52895973f98f0c9118488ab25fa77
1,E_K_W,civilian_at_work,development_evaluation,3015,2,"[0,1]",False,3015.0,"[962,2053]","[962.0,2053.0]","[0.31907131011608625,0.6809286898839138]",True,True,"[true,true]",0.370551694037025,1e-12,0.866334991708126,0.8051793784867336,0.8051793784867336,0.8659689233240134,0.8659689233240134,0.8659689233240134,"[{""class_index"":0,""support"":962,""weighted_support"":962.0,""prevalence"":0.31907131011608625,""predicted_support"":665,""predicted_weight"":665.0,""precision"":0.9203007518796993,""recall"":0.6361746361746362,""f1"":0.7523048555623848,""auroc"":0.8659689233240134,""recall_defined"":true,""auroc_defined"":true},{""class_index"":1,""support"":2053,""weighted_support"":2053.0,""prevalence"":0.6809286898839138,""predicted_support"":2350,""predicted_weight"":2350.0,""precision"":0.851063829787234,""recall"":0.974184120798831,""f1"":0.9084714967067908,""auroc"":0.8659689233240134,""recall_defined"":true,""auroc_defined"":true}]",ff8e1089e32135f6de77847d62ec219987b5256be00976620cef282ca551147f
1,E_K_W,civilian_at_work,development_evaluation_person_weighted,3015,2,"[0,1]",True,354273.0,"[962,2053]","[108469.0,245804.0]","[0.30617348767758196,0.693826512322418]",True,True,"[true,true]",0.3552718420206723,1e-12,0.8774673768534436,0.8136368821565911,0.8136368821565911,0.8656059580539618,0.8656059580539618,0.8656059580539618,"[{""class_index"":0,""support"":962,""weighted_support"":108469.0,""prevalence"":0.30617348767758196,""predicted_support"":665,""predicted_weight"":75729.0,""precision"":0.9295514267981883,""recall"":0.6489780490278328,""f1"":0.7643296887045462,""auroc"":0.8656059580539618,""recall_defined"":true,""auroc_defined"":true},{""class_index"":1,""support"":2053,""weighted_support"":245804.0,""prevalence"":0.693826512322418,""predicted_support"":2350,""predicted_weight"":278544.0,""precision"":0.8633070538227353,""recall"":0.9782957152853493,""f1"":0.9172114702449519,""auroc"":0.8656059580539618,""recall_defined"":true,""auroc_defined"":true}]",ff8e1089e32135f6de77847d62ec219987b5256be00976620cef282ca551147f
1,E_K_W,public_coverage,development_evaluation,3015,2,"[0,1]",False,3015.0,"[2275,740]","[2275.0,740.0]","[0.7545605306799337,0.24543946932006633]",True,True,"[true,true]",0.5179275832296192,1e-12,0.766832504145937,0.5395886545886546,0.5395886545886546,0.6867024057024057,0.6867024057024057,0.6867024057024057,"[{""class_index"":0,""support"":2275,""weighted_support"":2275.0,""prevalence"":0.7545605306799337,""predicted_support"":2914,""predicted_weight"":2914.0,""precision"":0.769732326698696,""recall"":0.985934065934066,""f1"":0.8645211023318559,""auroc"":0.6867024057024057,""recall_defined"":true,""auroc_defined"":true},{""class_index"":1,""support"":740,""weighted_support"":740.0,""prevalence"":0.24543946932006633,""predicted_support"":101,""predicted_weight"":101.0,""precision"":0.6831683168316832,""recall"":0.09324324324324325,""f1"":0.16409036860879905,""auroc"":0.6867024057024057,""recall_defined"":true,""auroc_defined"":true}]",c4abd1bf61728158126fc3489912941313e85a8389660d5299be1d7e1c548902
1,E_K_W,public_coverage,development_evaluation_person_weighted,3015,2,"[0,1]",True,354273.0,"[2275,740]","[266128.0,88145.0]","[0.7511947001323838,0.2488052998676162]",True,True,"[true,true]",0.5187633828350954,1e-12,0.76365401822888,0.5388965888146071,0.5388965888146071,0.6975122458950266,0.6975122458950267,0.6975122458950267,"[{""class_index"":0,""support"":2275,""weighted_support"":266128.0,""prevalence"":0.7511947001323838,""predicted_support"":2914,""predicted_weight"":342553.0,""precision"":0.7662317947879598,""recall"":0.9862735225154813,""f1"":0.8624386172724301,""auroc"":0.6975122458950267,""recall_defined"":true,""auroc_defined"":true},{""class_index"":1,""support"":740,""weighted_support"":88145.0,""prevalence"":0.2488052998676162,""predicted_support"":101,""predicted_weight"":11720.0,""precision"":0.6883105802047782,""recall"":0.09151965511373306,""f1"":0.16155810343964352,""auroc"":0.6975122458950266,""recall_defined"":true,""auroc_defined"":true}]",c4abd1bf61728158126fc3489912941313e85a8389660d5299be1d7e1c548902
1,E_K_C,income_binary,source_validation,3010,2,"[0,1]",False,3010.0,"[2444,566]","[2444.0,566.0]","[0.8119601328903654,0.18803986710963455]",True,True,"[true,true]",0.33712743011963014,1e-12,0.8528239202657807,0.6643196289463488,0.6643196289463488,0.8656379942514443,0.8656381749781682,0.8656381749781682,"[{""class_index"":0,""support"":2444,""weighted_support"":2444.0,""prevalence"":0.8119601328903654,""predicted_support"":2723,""predicted_weight"":2723.0,""precision"":0.8674256334924716,""recall"":0.9664484451718495,""f1"":0.9142635958970389,""auroc"":0.8656383557048921,""recall_defined"":true,""auroc_defined"":true},{""class_index"":1,""support"":566,""weighted_support"":566.0,""prevalence"":0.18803986710963455,""predicted_support"":287,""predicted_weight"":287.0,""precision"":0.7142857142857143,""recall"":0.3621908127208481,""f1"":0.4806565064478312,""auroc"":0.8656379942514443,""recall_defined"":true,""auroc_defined"":true}]",a43069860e20dc4d837258cdb59421bef9a1d953d5d45e5209f5c7c58e8e1f7a
1,E_K_C,income_binary,source_validation_person_weighted,3010,2,"[0,1]",True,345891.0,"[2444,566]","[285784.0,60107.0]","[0.8262256028633298,0.17377439713667023]",True,True,"[true,true]",0.33658530271776493,1e-12,0.8583600035849444,0.6424956188898769,0.6424956188898769,0.849019034133318,0.8490190929598648,0.8490190929598648,"[{""class_index"":0,""support"":2444,""weighted_support"":285784.0,""prevalence"":0.8262256028633298,""predicted_support"":2723,""predicted_weight"":319542.0,""precision"":0.8705178036064116,""recall"":0.9733470033311872,""f1"":0.9190650988062631,""auroc"":0.8490191517864115,""recall_defined"":true,""auroc_defined"":true},{""class_index"":1,""support"":566,""weighted_support"":60107.0,""prevalence"":0.17377439713667023,""predicted_support"":287,""predicted_weight"":26349.0,""precision"":0.7109188204485939,""recall"":0.3116442344485667,""f1"":0.43333024891274174,""auroc"":0.849019034133318,""recall_defined"":true,""auroc_defined"":true}]",a43069860e20dc4d837258cdb59421bef9a1d953d5d45e5209f5c7c58e8e1f7a
1,E_K_C,civilian_at_work,source_validation,3010,2,"[0,1]",False,3010.0,"[957,2053]","[957.0,2053.0]","[0.3179401993355482,0.6820598006644518]",True,True,"[true,true]",0.38056698072196665,1e-12,0.8641196013289036,0.8027676703206206,0.8027676703206206,0.8516137914747183,0.8516137914747184,0.8516137914747184,"[{""class_index"":0,""support"":957,""weighted_support"":957.0,""prevalence"":0.3179401993355482,""predicted_support"":666,""predicted_weight"":666.0,""precision"":0.9114114114114115,""recall"":0.6342737722048067,""f1"":0.7479975354282193,""auroc"":0.8516137914747184,""recall_defined"":true,""auroc_defined"":true},{""class_index"":1,""support"":2053,""weighted_support"":2053.0,""prevalence"":0.6820598006644518,""predicted_support"":2344,""predicted_weight"":2344.0,""precision"":0.8506825938566553,""recall"":0.9712615684364345,""f1"":0.9069820332044576,""auroc"":0.8516137914747183,""recall_defined"":true,""auroc_defined"":true}]",b2297b77e1e3581cd4e9f0893dc59f74446fc6036b6bd61ca22f79c82c27516d
1,E_K_C,civilian_at_work,source_validation_person_weighted,3010,2,"[0,1]",True,345891.0,"[957,2053]","[105087.0,240804.0]","[0.30381536379957846,0.6961846362004215]",True,True,"[true,true]",0.369254081651257,1e-12,0.8689963023033268,0.8002452515656856,0.8002452515656856,0.8486430354952106,0.8486430354952106,0.8486430354952106,"[{""class_index"":0,""support"":957,""weighted_support"":105087.0,""prevalence"":0.30381536379957846,""predicted_support"":666,""predicted_weight"":71590.0,""precision"":0.917474507612795,""recall"":0.6250249793028634,""f1"":0.7435263220453143,""auroc"":0.8486430354952107,""recall_defined"":true,""auroc_defined"":true},{""class_index"":1,""support"":2053,""weighted_support"":240804.0,""prevalence"":0.6961846362004215,""predicted_support"":2344,""predicted_weight"":274301.0,""precision"":0.8563439433323247,""recall"":0.9754655238285078,""f1"":0.912031527552635,""auroc"":0.8486430354952106,""recall_defined"":true,""auroc_defined"":true}]",b2297b77e1e3581cd4e9f0893dc59f74446fc6036b6bd61ca22f79c82c27516d
1,E_K_C,public_coverage,source_validation,3010,2,"[0,1]",False,3010.0,"[2283,727]","[2283.0,727.0]","[0.7584717607973422,0.2415282392026578]",True,True,"[true,true]",0.49671301555796354,1e-12,0.772093023255814,0.554447953023996,0.554447953023996,0.7189314477379303,0.7189314477379303,0.7189314477379303,"[{""class_index"":0,""support"":2283,""weighted_support"":2283.0,""prevalence"":0.7584717607973422,""predicted_support"":2857,""predicted_weight"":2857.0,""precision"":0.7794889744487224,""recall"":0.9754708716600964,""f1"":0.8665369649805448,""auroc"":0.7189314477379302,""recall_defined"":true,""auroc_defined"":true},{""class_index"":1,""support"":727,""weighted_support"":727.0,""prevalence"":0.2415282392026578,""predicted_support"":153,""predicted_weight"":153.0,""precision"":0.6339869281045751,""recall"":0.13342503438789546,""f1"":0.22045454545454546,""auroc"":0.7189314477379303,""recall_defined"":true,""auroc_defined"":true}]",81dad61493e6331f90e3cd0a0dc8ce1555bb18514feeec8e70020f984991b6ce
1,E_K_C,public_coverage,source_validation_person_weighted,3010,2,"[0,1]",True,345891.0,"[2283,727]","[261299.0,84592.0]","[0.7554374065818422,0.24456259341815775]",True,True,"[true,true]",0.5068411600942175,1e-12,0.7659985371114022,0.5480094221160531,0.5480094221160531,0.7008253430073871,0.7008253430073871,0.7008253430073871,"[{""class_index"":0,""support"":2283,""weighted_support"":261299.0,""prevalence"":0.7554374065818422,""predicted_support"":2857,""predicted_weight"":329020.0,""precision"":0.7740866816606893,""recall"":0.9747071362691783,""f1"":0.8628893869246966,""auroc"":0.7008253430073871,""recall_defined"":true,""auroc_defined"":true},{""class_index"":1,""support"":727,""weighted_support"":84592.0,""prevalence"":0.24456259341815775,""predicted_support"":153,""predicted_weight"":16871.0,""precision"":0.6082626993065022,""recall"":0.12131170796292794,""f1"":0.20228063431989987,""auroc"":0.7008253430073871,""recall_defined"":true,""auroc_defined"":true}]",81dad61493e6331f90e3cd0a0dc8ce1555bb18514feeec8e70020f984991b6ce
1,E_K_C,income_binary,development_evaluation,3015,2,"[0,1]",False,3015.0,"[2449,566]","[2449.0,566.0]","[0.8122719734660033,0.18772802653399667]",True,True,"[true,true]",0.33067710055604993,1e-12,0.8563847429519071,0.6752254832505371,0.6752254832505371,0.8727035048559517,0.8727035048559519,0.8727035048559519,"[{""class_index"":0,""support"":2449,""weighted_support"":2449.0,""prevalence"":0.8122719734660033,""predicted_support"":2712,""predicted_weight"":2712.0,""precision"":0.8716814159292036,""recall"":0.9652919559003675,""f1"":0.9161015307111025,""auroc"":0.872703504855952,""recall_defined"":true,""auroc_defined"":true},{""class_index"":1,""support"":566,""weighted_support"":566.0,""prevalence"":0.18772802653399667,""predicted_support"":303,""predicted_weight"":303.0,""precision"":0.7194719471947195,""recall"":0.38515901060070673,""f1"":0.5017261219792866,""auroc"":0.8727035048559517,""recall_defined"":true,""auroc_defined"":true}]",d396d572103d5111e2efdbfa32744ed089479110f12d8c98c3dc0e690cbb011c
1,E_K_C,income_binary,development_evaluation_person_weighted,3015,2,"[0,1]",True,354273.0,"[2449,566]","[286491.0,67782.0]","[0.8086729725381274,0.19132702746187263]",True,True,"[true,true]",0.3439847240717281,1e-12,0.8564779139251368,0.6715179496740467,0.6715179496740467,0.8602062632477201,0.8602062632477201,0.8602062632477201,"[{""class_index"":0,""support"":2449,""weighted_support"":286491.0,""prevalence"":0.8086729725381274,""predicted_support"":2712,""predicted_weight"":320791.0,""precision"":0.8672874238990496,""recall"":0.9711230021187403,""f1"":0.9162728353549092,""auroc"":0.8602062632477202,""recall_defined"":true,""auroc_defined"":true},{""class_index"":1,""support"":566,""weighted_support"":67782.0,""prevalence"":0.19132702746187263,""predicted_support"":303,""predicted_weight"":33482.0,""precision"":0.7529120124245864,""recall"":0.37191289722935295,""f1"":0.4978867119608153,""auroc"":0.8602062632477201,""recall_defined"":true,""auroc_defined"":true}]",d396d572103d5111e2efdbfa32744ed089479110f12d8c98c3dc0e690cbb011c
1,E_K_C,civilian_at_work,development_evaluation,3015,2,"[0,1]",False,3015.0,"[962,2053]","[962.0,2053.0]","[0.31907131011608625,0.6809286898839138]",True,True,"[true,true]",0.3466508698714389,1e-12,0.8792703150912106,0.8276592846734103,0.8276592846734103,0.879495601487808,0.8794956014878081,0.8794956014878081,"[{""class_index"":0,""support"":962,""weighted_support"":962.0,""prevalence"":0.31907131011608625,""predicted_support"":720,""predicted_weight"":720.0,""precision"":0.9152777777777777,""recall"":0.685031185031185,""f1"":0.7835909631391201,""auroc"":0.8794956014878081,""recall_defined"":true,""auroc_defined"":true},{""class_index"":1,""support"":2053,""weighted_support"":2053.0,""prevalence"":0.6809286898839138,""predicted_support"":2295,""predicted_weight"":2295.0,""precision"":0.8679738562091504,""recall"":0.9702873843156357,""f1"":0.9162833486660533,""auroc"":0.879495601487808,""recall_defined"":true,""auroc_defined"":true}]",e393b3e68ecc44b03a70c9e5b885a49c71e3105d29455ffb1e68a540929e645d
1,E_K_C,civilian_at_work,development_evaluation_person_weighted,3015,2,"[0,1]",True,354273.0,"[962,2053]","[108469.0,245804.0]","[0.30617348767758196,0.693826512322418]",True,True,"[true,true]",0.3311346658609101,1e-12,0.8899718578610281,0.8354559438724682,0.8354559438724682,0.8785748020853978,0.8785748020853978,0.8785748020853978,"[{""class_index"":0,""support"":962,""weighted_support"":108469.0,""prevalence"":0.30617348767758196,""predicted_support"":720,""predicted_weight"":81245.0,""precision"":0.9276509323650686,""recall"":0.6948252496104877,""f1"":0.794532823091601,""auroc"":0.8785748020853978,""recall_defined"":true,""auroc_defined"":true},{""class_index"":1,""support"":2053,""weighted_support"":245804.0,""prevalence"":0.693826512322418,""predicted_support"":2295,""predicted_weight"":273028.0,""precision"":0.8787596876510834,""recall"":0.9760866381344486,""f1"":0.9248697073426465,""auroc"":0.8785748020853978,""recall_defined"":true,""auroc_defined"":true}]",e393b3e68ecc44b03a70c9e5b885a49c71e3105d29455ffb1e68a540929e645d
1,E_K_C,public_coverage,development_evaluation,3015,2,"[0,1]",False,3015.0,"[2275,740]","[2275.0,740.0]","[0.7545605306799337,0.24543946932006633]",True,True,"[true,true]",0.510324506582674,1e-12,0.7631840796019901,0.5426418176418176,0.5426418176418176,0.6997430947430947,0.6997430947430947,0.6997430947430947,"[{""class_index"":0,""support"":2275,""weighted_support"":2275.0,""prevalence"":0.7545605306799337,""predicted_support"":2879,""predicted_weight"":2879.0,""precision"":0.7711010767627648,""recall"":0.9758241758241758,""f1"":0.8614668218859138,""auroc"":0.6997430947430948,""recall_defined"":true,""auroc_defined"":true},{""class_index"":1,""support"":740,""weighted_support"":740.0,""prevalence"":0.24543946932006633,""predicted_support"":136,""predicted_weight"":136.0,""precision"":0.5955882352941176,""recall"":0.10945945945945947,""f1"":0.18493150684931506,""auroc"":0.6997430947430947,""recall_defined"":true,""auroc_defined"":true}]",a7c5f13fd595a2db52207af8907595f04094b31a7239ca493db20a3f76ad983f
1,E_K_C,public_coverage,development_evaluation_person_weighted,3015,2,"[0,1]",True,354273.0,"[2275,740]","[266128.0,88145.0]","[0.7511947001323838,0.2488052998676162]",True,True,"[true,true]",0.5107807316650302,1e-12,0.7619293595616939,0.5441144338490974,0.5441144338490974,0.7065962304777995,0.7065962304777995,0.7065962304777995,"[{""class_index"":0,""support"":2275,""weighted_support"":266128.0,""prevalence"":0.7511947001323838,""predicted_support"":2879,""predicted_weight"":338586.0,""precision"":0.7684487840607703,""recall"":0.9776723982444538,""f1"":0.8605258022800861,""auroc"":0.7065962304777995,""recall_defined"":true,""auroc_defined"":true},{""class_index"":1,""support"":740,""weighted_support"":88145.0,""prevalence"":0.2488052998676162,""predicted_support"":136,""predicted_weight"":15687.0,""precision"":0.6212150188053802,""recall"":0.110556469453741,""f1"":0.18770706525926498,""auroc"":0.7065962304777995,""recall_defined"":true,""auroc_defined"":true}]",a7c5f13fd595a2db52207af8907595f04094b31a7239ca493db20a3f76ad983f
1,E_K_D,income_binary,source_validation,3010,2,"[0,1]",False,3010.0,"[2444,566]","[2444.0,566.0]","[0.8119601328903654,0.18803986710963455]",True,True,"[true,true]",0.3392757604908358,1e-12,0.8511627906976744,0.6551510007923059,0.6551510007923059,0.8640396471057699,0.8640396471057699,0.8640396471057699,"[{""class_index"":0,""support"":2444,""weighted_support"":2444.0,""prevalence"":0.8119601328903654,""predicted_support"":2742,""predicted_weight"":2742.0,""precision"":0.8639679066374909,""recall"":0.9693126022913257,""f1"":0.9136135750096414,""auroc"":0.8640396471057699,""recall_defined"":true,""auroc_defined"":true},{""class_index"":1,""support"":566,""weighted_support"":566.0,""prevalence"":0.18803986710963455,""predicted_support"":268,""predicted_weight"":268.0,""precision"":0.7201492537313433,""recall"":0.3409893992932862,""f1"":0.4628297362110312,""auroc"":0.8640396471057699,""recall_defined"":true,""auroc_defined"":true}]",4ebd4b2de7caa3a8f67f127a6e59e16b0a739e76b085f38d93daaa7d3bfaa1ec
1,E_K_D,income_binary,source_validation_person_weighted,3010,2,"[0,1]",True,345891.0,"[2444,566]","[285784.0,60107.0]","[0.8262256028633298,0.17377439713667023]",True,True,"[true,true]",0.33844031003422476,1e-12,0.8570965997958895,0.6348993728472339,0.6348993728472339,0.8470460298292306,0.8470460298292305,0.8470460298292305,"[{""class_index"":0,""support"":2444,""weighted_support"":285784.0,""prevalence"":0.8262256028633298,""predicted_support"":2742,""predicted_weight"":321185.0,""precision"":0.867942151719414,""recall"":0.9754569884948072,""f1"":0.9185642100337909,""auroc"":0.8470460298292304,""recall_defined"":true,""auroc_defined"":true},{""class_index"":1,""support"":566,""weighted_support"":60107.0,""prevalence"":0.17377439713667023,""predicted_support"":268,""predicted_weight"":24706.0,""precision"":0.7161013518983242,""recall"":0.2943417571996606,""f1"":0.4172001933665829,""auroc"":0.8470460298292306,""recall_defined"":true,""auroc_defined"":true}]",4ebd4b2de7caa3a8f67f127a6e59e16b0a739e76b085f38d93daaa7d3bfaa1ec
1,E_K_D,civilian_at_work,source_validation,3010,2,"[0,1]",False,3010.0,"[957,2053]","[957.0,2053.0]","[0.3179401993355482,0.6820598006644518]",True,True,"[true,true]",0.3818717710776563,1e-12,0.8624584717607974,0.802665620207653,0.802665620207653,0.850509563444377,0.8505095634443771,0.8505095634443771,"[{""class_index"":0,""support"":957,""weighted_support"":957.0,""prevalence"":0.3179401993355482,""predicted_support"":679,""predicted_weight"":679.0,""precision"":0.8998527245949927,""recall"":0.6384535005224661,""f1"":0.7469437652811736,""auroc"":0.8505095634443771,""recall_defined"":true,""auroc_defined"":true},{""class_index"":1,""support"":2053,""weighted_support"":2053.0,""prevalence"":0.6820598006644518,""predicted_support"":2331,""predicted_weight"":2331.0,""precision"":0.8515658515658515,""recall"":0.9668777398928398,""f1"":0.905565693430657,""auroc"":0.850509563444377,""recall_defined"":true,""auroc_defined"":true}]",aed6f77a6f0ad4a030dba779b9b8292ef1f97a56cd9b1ab61f67b6eeaa7f71d8
1,E_K_D,civilian_at_work,source_validation_person_weighted,3010,2,"[0,1]",True,345891.0,"[957,2053]","[105087.0,240804.0]","[0.30381536379957846,0.6961846362004215]",True,True,"[true,true]",0.3707349997825406,1e-12,0.8682793134253276,0.8008083071159218,0.8008083071159218,0.8467272832813675,0.8467272832813675,0.8467272832813675,"[{""class_index"":0,""support"":957,""weighted_support"":105087.0,""prevalence"":0.30381536379957846,""predicted_support"":679,""predicted_weight"":72642.0,""precision"":0.9097216486330222,""recall"":0.6288503811127922,""f1"":0.7436490387049947,""auroc"":0.8467272832813675,""recall_defined"":true,""auroc_defined"":true},{""class_index"":1,""support"":2053,""weighted_support"":240804.0,""prevalence"":0.6961846362004215,""predicted_support"":2331,""predicted_weight"":273249.0,""precision"":0.8572620576836512,""recall"":0.9727662331190512,""f1"":0.9113690611668447,""auroc"":0.8467272832813675,""recall_defined"":true,""auroc_defined"":true}]",aed6f77a6f0ad4a030dba779b9b8292ef1f97a56cd9b1ab61f67b6eeaa7f71d8
1,E_K_D,public_coverage,source_validation,3010,2,"[0,1]",False,3010.0,"[2283,727]","[2283.0,727.0]","[0.7584717607973422,0.2415282392026578]",True,True,"[true,true]",0.4968552427459468,1e-12,0.7724252491694352,0.5565419544374695,0.5565419544374695,0.7191603991225137,0.7191603991225137,0.7191603991225137,"[{""class_index"":0,""support"":2283,""weighted_support"":2283.0,""prevalence"":0.7584717607973422,""predicted_support"":2850,""predicted_weight"":2850.0,""precision"":0.7803508771929825,""recall"":0.9741568112133158,""f1"":0.8665497759594779,""auroc"":0.7191603991225137,""recall_defined"":true,""auroc_defined"":true},{""class_index"":1,""support"":727,""weighted_support"":727.0,""prevalence"":0.2415282392026578,""predicted_support"":160,""predicted_weight"":160.0,""precision"":0.63125,""recall"":0.13892709766162312,""f1"":0.2277339346110485,""auroc"":0.7191603991225137,""recall_defined"":true,""auroc_defined"":true}]",3fd943a51dfa3faa1400d7d27d06e497683898e49d6eb77661c75ccc18238254
1,E_K_D,public_coverage,source_validation_person_weighted,3010,2,"[0,1]",True,345891.0,"[2283,727]","[261299.0,84592.0]","[0.7554374065818422,0.24456259341815775]",True,True,"[true,true]",0.5065581221854956,1e-12,0.766021665784886,0.5499873592397373,0.5499873592397373,0.7014571792905494,0.7014571792905494,0.7014571792905494,"[{""class_index"":0,""support"":2283,""weighted_support"":261299.0,""prevalence"":0.7554374065818422,""predicted_support"":2850,""predicted_weight"":328046.0,""precision"":0.7749126646872695,""recall"":0.9728586791376929,""f1"":0.8626763610448888,""auroc"":0.7014571792905494,""recall_defined"":true,""auroc_defined"":true},{""class_index"":1,""support"":727,""weighted_support"":84592.0,""prevalence"":0.24456259341815775,""predicted_support"":160,""predicted_weight"":17845.0,""precision"":0.6025777528719529,""recall"":0.12711603934178173,""f1"":0.209943672696389,""auroc"":0.7014571792905494,""recall_defined"":true,""auroc_defined"":true}]",3fd943a51dfa3faa1400d7d27d06e497683898e49d6eb77661c75ccc18238254
1,E_K_D,income_binary,development_evaluation,3015,2,"[0,1]",False,3015.0,"[2449,566]","[2449.0,566.0]","[0.8122719734660033,0.18772802653399667]",True,True,"[true,true]",0.3321107765263464,1e-12,0.8550580431177446,0.6662580962590918,0.6662580962590918,0.8719979453645896,0.8719979453645896,0.8719979453645896,"[{""class_index"":0,""support"":2449,""weighted_support"":2449.0,""prevalence"":0.8122719734660033,""predicted_support"":2732,""predicted_weight"":2732.0,""precision"":0.8682284040995608,""recall"":0.9685585953450387,""f1"":0.9156533487743679,""auroc"":0.8719979453645896,""recall_defined"":true,""auroc_defined"":true},{""class_index"":1,""support"":566,""weighted_support"":566.0,""prevalence"":0.18772802653399667,""predicted_support"":283,""predicted_weight"":283.0,""precision"":0.7279151943462897,""recall"":0.36395759717314485,""f1"":0.48527679623085984,""auroc"":0.8719979453645896,""recall_defined"":true,""auroc_defined"":true}]",647540b8fc984e1c075beab2e072245a865c21a40a69da2bc79031e27f1a5d3b
1,E_K_D,income_binary,development_evaluation_person_weighted,3015,2,"[0,1]",True,354273.0,"[2449,566]","[286491.0,67782.0]","[0.8086729725381274,0.19132702746187263]",True,True,"[true,true]",0.3455618697314806,1e-12,0.85545328037982,0.6645266456839833,0.6645266456839833,0.859661061561267,0.859661061561267,0.859661061561267,"[{""class_index"":0,""support"":2449,""weighted_support"":286491.0,""prevalence"":0.8086729725381274,""predicted_support"":2732,""predicted_weight"":322686.0,""precision"":0.8645680320807224,""recall"":0.9737967335797634,""f1"":0.9159374040713947,""auroc"":0.859661061561267,""recall_defined"":true,""auroc_defined"":true},{""class_index"":1,""support"":566,""weighted_support"":67782.0,""prevalence"":0.19132702746187263,""predicted_support"":283,""predicted_weight"":31587.0,""precision"":0.7623389369044227,""recall"":0.35525655778820336,""f1"":0.4846581931990862,""auroc"":0.859661061561267,""recall_defined"":true,""auroc_defined"":true}]",647540b8fc984e1c075beab2e072245a865c21a40a69da2bc79031e27f1a5d3b
1,E_K_D,civilian_at_work,development_evaluation,3015,2,"[0,1]",False,3015.0,"[962,2053]","[962.0,2053.0]","[0.31907131011608625,0.6809286898839138]",True,True,"[true,true]",0.34669438329358704,1e-12,0.8779436152570481,0.8272375095317132,0.8272375095317132,0.8802219357504305,0.8802219357504306,0.8802219357504306,"[{""class_index"":0,""support"":962,""weighted_support"":962.0,""prevalence"":0.31907131011608625,""predicted_support"":728,""predicted_weight"":728.0,""precision"":0.907967032967033,""recall"":0.6871101871101871,""f1"":0.7822485207100591,""auroc"":0.8802219357504306,""recall_defined"":true,""auroc_defined"":true},{""class_index"":1,""support"":2053,""weighted_support"":2053.0,""prevalence"":0.6809286898839138,""predicted_support"":2287,""predicted_weight"":2287.0,""precision"":0.8683865325754263,""recall"":0.9673648319532392,""f1"":0.9152073732718894,""auroc"":0.8802219357504305,""recall_defined"":true,""auroc_defined"":true}]",e26644e9a08a742f78488f55389fff6a42346c4ae9314d270b3bd502c8362e31
1,E_K_D,civilian_at_work,development_evaluation_person_weighted,3015,2,"[0,1]",True,354273.0,"[962,2053]","[108469.0,245804.0]","[0.30617348767758196,0.693826512322418]",True,True,"[true,true]",0.33132279357477107,1e-12,0.8893536905155064,0.8354998064670347,0.8354998064670347,0.8790693199605527,0.8790693199605527,0.8790693199605527,"[{""class_index"":0,""support"":962,""weighted_support"":108469.0,""prevalence"":0.30617348767758196,""predicted_support"":728,""predicted_weight"":81844.0,""precision"":0.9231831288793314,""recall"":0.6965769021563765,""f1"":0.7940287841608298,""auroc"":0.8790693199605527,""recall_defined"":true,""auroc_defined"":true},{""class_index"":1,""support"":2053,""weighted_support"":245804.0,""prevalence"":0.693826512322418,""predicted_support"":2287,""predicted_weight"":272429.0,""precision"":0.8791905413887655,""recall"":0.9744227107776928,""f1"":0.9243602780988475,""auroc"":0.8790693199605527,""recall_defined"":true,""auroc_defined"":true}]",e26644e9a08a742f78488f55389fff6a42346c4ae9314d270b3bd502c8362e31
1,E_K_D,public_coverage,development_evaluation,3015,2,"[0,1]",False,3015.0,"[2275,740]","[2275.0,740.0]","[0.7545605306799337,0.24543946932006633]",True,True,"[true,true]",0.5111239112122457,1e-12,0.7638474295190714,0.5444490644490645,0.5444490644490645,0.6995435105435105,0.6995435105435106,0.6995435105435106,"[{""class_index"":0,""support"":2275,""weighted_support"":2275.0,""prevalence"":0.7545605306799337,""predicted_support"":2875,""predicted_weight"":2875.0,""precision"":0.7718260869565218,""recall"":0.9753846153846154,""f1"":0.8617475728155339,""auroc"":0.6995435105435106,""recall_defined"":true,""auroc_defined"":true},{""class_index"":1,""support"":740,""weighted_support"":740.0,""prevalence"":0.24543946932006633,""predicted_support"":140,""predicted_weight"":140.0,""precision"":0.6,""recall"":0.11351351351351352,""f1"":0.19090909090909092,""auroc"":0.6995435105435105,""recall_defined"":true,""auroc_defined"":true}]",60fa21aa80488f1902ba7102e95a9729f1ad189a3ab22126f9029c7707bd15e9
1,E_K_D,public_coverage,development_evaluation_person_weighted,3015,2,"[0,1]",True,354273.0,"[2275,740]","[266128.0,88145.0]","[0.7511947001323838,0.2488052998676162]",True,True,"[true,true]",0.5111214744928195,1e-12,0.7624572010850389,0.5455431726227884,0.5455431726227884,0.7074027644498078,0.7074027644498078,0.7074027644498078,"[{""class_index"":0,""support"":2275,""weighted_support"":266128.0,""prevalence"":0.7511947001323838,""predicted_support"":2875,""predicted_weight"":338205.0,""precision"":0.7690276607383096,""recall"":0.977307911982204,""f1"":0.8607473032252086,""auroc"":0.7074027644498079,""recall_defined"":true,""auroc_defined"":true},{""class_index"":1,""support"":740,""weighted_support"":88145.0,""prevalence"":0.2488052998676162,""predicted_support"":140,""predicted_weight"":16068.0,""precision"":0.6241598207617625,""recall"":0.11377843326337285,""f1"":0.192471188815215,""auroc"":0.7074027644498078,""recall_defined"":true,""auroc_defined"":true}]",60fa21aa80488f1902ba7102e95a9729f1ad189a3ab22126f9029c7707bd15e9
1,E_bank,income_binary,source_validation,3010,2,"[0,1]",False,3010.0,"[2444,566]","[2444.0,566.0]","[0.8119601328903654,0.18803986710963455]",True,True,"[true,true]",0.3347075066576849,1e-12,0.860797342192691,0.7160674732379868,0.7160674732379868,0.8649266538663951,0.864926834593119,0.864926834593119,"[{""class_index"":0,""support"":2444,""weighted_support"":2444.0,""prevalence"":0.8119601328903654,""predicted_support"":2609,""predicted_weight"":2609.0,""precision"":0.8880797240321963,""recall"":0.9480360065466449,""f1"":0.9170789629922819,""auroc"":0.864927015319843,""recall_defined"":true,""auroc_defined"":true},{""class_index"":1,""support"":566,""weighted_support"":566.0,""prevalence"":0.18803986710963455,""predicted_support"":401,""predicted_weight"":401.0,""precision"":0.683291770573566,""recall"":0.4840989399293286,""f1"":0.5667011375387797,""auroc"":0.8649266538663951,""recall_defined"":true,""auroc_defined"":true}]",e146492d0cbde5433d092d19a51d5e84252a7a7e4b3680ce3b1a5d8adf7ebdeb
1,E_bank,income_binary,source_validation_person_weighted,3010,2,"[0,1]",True,345891.0,"[2444,566]","[285784.0,60107.0]","[0.8262256028633298,0.17377439713667023]",True,True,"[true,true]",0.3314239754420094,1e-12,0.8641566273768326,0.6943967876614587,0.6943967876614587,0.8516774326167015,0.8516774537488505,0.8516774537488505,"[{""class_index"":0,""support"":2444,""weighted_support"":285784.0,""prevalence"":0.8262256028633298,""predicted_support"":2609,""predicted_weight"":306813.0,""precision"":0.8891572391000382,""recall"":0.9545845813621476,""f1"":0.9207100272191726,""auroc"":0.8516774748809994,""recall_defined"":true,""auroc_defined"":true},{""class_index"":1,""support"":566,""weighted_support"":60107.0,""prevalence"":0.17377439713667023,""predicted_support"":401,""predicted_weight"":39078.0,""precision"":0.6678693894262756,""recall"":0.43420899396076995,""f1"":0.5262690931088371,""auroc"":0.8516774326167015,""recall_defined"":true,""auroc_defined"":true}]",e146492d0cbde5433d092d19a51d5e84252a7a7e4b3680ce3b1a5d8adf7ebdeb
1,E_bank,civilian_at_work,source_validation,3010,2,"[0,1]",False,3010.0,"[957,2053]","[957.0,2053.0]","[0.3179401993355482,0.6820598006644518]",True,True,"[true,true]",0.3760926510397849,1e-12,0.867109634551495,0.811653664820603,0.811653664820603,0.8499453611988674,0.8499453611988674,0.8499453611988674,"[{""class_index"":0,""support"":957,""weighted_support"":957.0,""prevalence"":0.3179401993355482,""predicted_support"":705,""predicted_weight"":705.0,""precision"":0.8950354609929078,""recall"":0.6593521421107628,""f1"":0.7593261131167268,""auroc"":0.8499453611988674,""recall_defined"":true,""auroc_defined"":true},{""class_index"":1,""support"":2053,""weighted_support"":2053.0,""prevalence"":0.6820598006644518,""predicted_support"":2305,""predicted_weight"":2305.0,""precision"":0.8585683297180043,""recall"":0.9639551875304433,""f1"":0.9082147774208352,""auroc"":0.8499453611988674,""recall_defined"":true,""auroc_defined"":true}]",b856944de0b76c1ef98d9e07198d0b2f14c0edfd9ec6c37edead19768a53bca0
1,E_bank,civilian_at_work,source_validation_person_weighted,3010,2,"[0,1]",True,345891.0,"[957,2053]","[105087.0,240804.0]","[0.30381536379957846,0.6961846362004215]",True,True,"[true,true]",0.36566714720021976,1e-12,0.8731970476248297,0.8109556953393566,0.8109556953393566,0.8479247416691433,0.8479247416691433,0.8479247416691433,"[{""class_index"":0,""support"":957,""weighted_support"":105087.0,""prevalence"":0.30381536379957846,""predicted_support"":705,""predicted_weight"":75875.0,""precision"":0.9034728171334432,""recall"":0.6523261678418834,""f1"":0.7576286734231497,""auroc"":0.8479247416691433,""recall_defined"":true,""auroc_defined"":true},{""class_index"":1,""support"":2053,""weighted_support"":240804.0,""prevalence"":0.6961846362004215,""predicted_support"":2305,""predicted_weight"":270016.0,""precision"":0.8646894998814885,""recall"":0.9695852228368299,""f1"":0.9141380525429701,""auroc"":0.8479247416691433,""recall_defined"":true,""auroc_defined"":true}]",b856944de0b76c1ef98d9e07198d0b2f14c0edfd9ec6c37edead19768a53bca0
1,E_bank,public_coverage,source_validation,3010,2,"[0,1]",False,3010.0,"[2283,727]","[2283.0,727.0]","[0.7584717607973422,0.2415282392026578]",True,True,"[true,true]",0.4921811638379565,1e-12,0.774750830564784,0.5693249729927742,0.5693249729927742,0.7207148585231069,0.7207148585231069,0.7207148585231069,"[{""class_index"":0,""support"":2283,""weighted_support"":2283.0,""prevalence"":0.7584717607973422,""predicted_support"":2809,""predicted_weight"":2809.0,""precision"":0.785688857244571,""recall"":0.9667104686815593,""f1"":0.8668499607227023,""auroc"":0.7207148585231069,""recall_defined"":true,""auroc_defined"":true},{""class_index"":1,""support"":727,""weighted_support"":727.0,""prevalence"":0.2415282392026578,""predicted_support"":201,""predicted_weight"":201.0,""precision"":0.6218905472636815,""recall"":0.171939477303989,""f1"":0.26939655172413796,""auroc"":0.7207148585231069,""recall_defined"":true,""auroc_defined"":true}]",f6cab8b94600a180b2ff7766b76eae9c0c5d2d717369adcf02971870b43905e9
1,E_bank,public_coverage,source_validation_person_weighted,3010,2,"[0,1]",True,345891.0,"[2283,727]","[261299.0,84592.0]","[0.7554374065818422,0.24456259341815775]",True,True,"[true,true]",0.5050115523304493,1e-12,0.7732407029960305,0.5650542231068165,0.5650542231068165,0.6962234100839296,0.6962234100839295,0.6962234100839295,"[{""class_index"":0,""support"":2283,""weighted_support"":261299.0,""prevalence"":0.7554374065818422,""predicted_support"":2809,""predicted_weight"":325395.0,""precision"":0.7809892592080394,""recall"":0.9725639975660068,""f1"":0.8663119104678078,""auroc"":0.6962234100839295,""recall_defined"":true,""auroc_defined"":true},{""class_index"":1,""support"":727,""weighted_support"":84592.0,""prevalence"":0.24456259341815775,""predicted_support"":201,""predicted_weight"":20496.0,""precision"":0.6502244340359095,""recall"":0.15754444864762626,""f1"":0.25363504872107184,""auroc"":0.6962234100839296,""recall_defined"":true,""auroc_defined"":true}]",f6cab8b94600a180b2ff7766b76eae9c0c5d2d717369adcf02971870b43905e9
1,E_bank,income_binary,development_evaluation,3015,2,"[0,1]",False,3015.0,"[2449,566]","[2449.0,566.0]","[0.8122719734660033,0.18772802653399667]",True,True,"[true,true]",0.3269496057208746,1e-12,0.8577114427860697,0.7133996424588098,0.7133996424588098,0.8725346900083253,0.8725346900083253,0.8725346900083253,"[{""class_index"":0,""support"":2449,""weighted_support"":2449.0,""prevalence"":0.8122719734660033,""predicted_support"":2606,""predicted_weight"":2606.0,""precision"":0.887567152724482,""recall"":0.944467129440588,""f1"":0.91513353115727,""auroc"":0.8725346900083253,""recall_defined"":true,""auroc_defined"":true},{""class_index"":1,""support"":566,""weighted_support"":566.0,""prevalence"":0.18772802653399667,""predicted_support"":409,""predicted_weight"":409.0,""precision"":0.6674816625916871,""recall"":0.4823321554770318,""f1"":0.56,""auroc"":0.8725346900083253,""recall_defined"":true,""auroc_defined"":true}]",da0fecdaa553347c05c6335529996d561ba9e91d54d467d2967680e4b7485aa2
1,E_bank,income_binary,development_evaluation_person_weighted,3015,2,"[0,1]",True,354273.0,"[2449,566]","[286491.0,67782.0]","[0.8086729725381274,0.19132702746187263]",True,True,"[true,true]",0.3358378284088652,1e-12,0.8579936941285393,0.710506076621163,0.710506076621163,0.8630685200518795,0.8630685200518795,0.8630685200518795,"[{""class_index"":0,""support"":2449,""weighted_support"":286491.0,""prevalence"":0.8086729725381274,""predicted_support"":2606,""predicted_weight"":307814.0,""precision"":0.8836440187905683,""recall"":0.949412023414348,""f1"":0.9153481798066649,""auroc"":0.8630685200518794,""recall_defined"":true,""auroc_defined"":true},{""class_index"":1,""support"":566,""weighted_support"":67782.0,""prevalence"":0.19132702746187263,""predicted_support"":409,""predicted_weight"":46459.0,""precision"":0.6880475257754148,""recall"":0.47160012982797794,""f1"":0.559623952871561,""auroc"":0.8630685200518795,""recall_defined"":true,""auroc_defined"":true}]",da0fecdaa553347c05c6335529996d561ba9e91d54d467d2967680e4b7485aa2
1,E_bank,civilian_at_work,development_evaluation,3015,2,"[0,1]",False,3015.0,"[962,2053]","[962.0,2053.0]","[0.31907131011608625,0.6809286898839138]",True,True,"[true,true]",0.3444593086593366,1e-12,0.8782752902155887,0.8285858735201161,0.8285858735201161,0.8760983622162384,0.8760983622162384,0.8760983622162384,"[{""class_index"":0,""support"":962,""weighted_support"":962.0,""prevalence"":0.31907131011608625,""predicted_support"":735,""predicted_weight"":735.0,""precision"":0.9047619047619048,""recall"":0.6912681912681913,""f1"":0.7837360047142016,""auroc"":0.8760983622162385,""recall_defined"":true,""auroc_defined"":true},{""class_index"":1,""support"":2053,""weighted_support"":2053.0,""prevalence"":0.6809286898839138,""predicted_support"":2280,""predicted_weight"":2280.0,""precision"":0.8697368421052631,""recall"":0.9659035557720409,""f1"":0.9153011770136165,""auroc"":0.8760983622162384,""recall_defined"":true,""auroc_defined"":true}]",60bd5456ba5d95260e5a780fd800acf3a4f8a6c3ecf870ac904749bc1a433477
1,E_bank,civilian_at_work,development_evaluation_person_weighted,3015,2,"[0,1]",True,354273.0,"[962,2053]","[108469.0,245804.0]","[0.30617348767758196,0.693826512322418]",True,True,"[true,true]",0.3301474261743884,1e-12,0.887454025567853,0.834396103065417,0.834396103065417,0.873922193006973,0.8739221930069729,0.8739221930069729,"[{""class_index"":0,""support"":962,""weighted_support"":108469.0,""prevalence"":0.30617348767758196,""predicted_support"":735,""predicted_weight"":82723.0,""precision"":0.914618667117972,""recall"":0.6975264822207267,""f1"":0.7914557094439097,""auroc"":0.8739221930069729,""recall_defined"":true,""auroc_defined"":true},{""class_index"":1,""support"":2053,""weighted_support"":245804.0,""prevalence"":0.693826512322418,""predicted_support"":2280,""predicted_weight"":271550.0,""precision"":0.879178788436752,""recall"":0.9712657239101072,""f1"":0.9229309138423594,""auroc"":0.873922193006973,""recall_defined"":true,""auroc_defined"":true}]",60bd5456ba5d95260e5a780fd800acf3a4f8a6c3ecf870ac904749bc1a433477
1,E_bank,public_coverage,development_evaluation,3015,2,"[0,1]",False,3015.0,"[2275,740]","[2275.0,740.0]","[0.7545605306799337,0.24543946932006633]",True,True,"[true,true]",0.5033910993417495,1e-12,0.7628524046434494,0.5565547965547966,0.5565547965547966,0.7064511434511435,0.7064511434511436,0.7064511434511436,"[{""class_index"":0,""support"":2275,""weighted_support"":2275.0,""prevalence"":0.7545605306799337,""predicted_support"":2816,""predicted_weight"":2816.0,""precision"":0.7769886363636364,""recall"":0.9617582417582418,""f1"":0.8595560793557258,""auroc"":0.7064511434511436,""recall_defined"":true,""auroc_defined"":true},{""class_index"":1,""support"":740,""weighted_support"":740.0,""prevalence"":0.24543946932006633,""predicted_support"":199,""predicted_weight"":199.0,""precision"":0.5628140703517588,""recall"":0.15135135135135136,""f1"":0.23855165069222578,""auroc"":0.7064511434511435,""recall_defined"":true,""auroc_defined"":true}]",7c826b049313b6a7cb6c0aef55e2802185c142d397b272d7be08f17fdd098937
1,E_bank,public_coverage,development_evaluation_person_weighted,3015,2,"[0,1]",True,354273.0,"[2275,740]","[266128.0,88145.0]","[0.7511947001323838,0.2488052998676162]",True,True,"[true,true]",0.5081214704608769,1e-12,0.762064848294959,0.5565757945278857,0.5565757945278857,0.7032543874936863,0.7032543874936863,0.7032543874936863,"[{""class_index"":0,""support"":2275,""weighted_support"":266128.0,""prevalence"":0.7511947001323838,""predicted_support"":2816,""predicted_weight"":332112.0,""precision"":0.7737540347834465,""recall"":0.9655992605062226,""f1"":0.859096683605242,""auroc"":0.7032543874936863,""recall_defined"":true,""auroc_defined"":true},{""class_index"":1,""support"":740,""weighted_support"":88145.0,""prevalence"":0.2488052998676162,""predicted_support"":199,""predicted_weight"":22161.0,""precision"":0.5868868733360408,""recall"":0.14755232854954903,""f1"":0.23581672801116893,""auroc"":0.7032543874936863,""recall_defined"":true,""auroc_defined"":true}]",7c826b049313b6a7cb6c0aef55e2802185c142d397b272d7be08f17fdd098937
2,E_F_I,income_binary,source_validation,2979,2,"[0,1]",False,2979.0,"[2393,586]","[2393.0,586.0]","[0.8032896945283652,0.1967103054716348]",True,True,"[true,true]",0.7064011337646497,1e-12,0.4551863041289023,0.5449119944548163,0.5449119944548163,0.5927131750883192,0.5927131750883192,0.5927131750883192,"[{""class_index"":0,""support"":2393,""weighted_support"":2393.0,""prevalence"":0.8032896945283652,""predicted_support"":1130,""predicted_weight"":1130.0,""precision"":0.8407079646017699,""recall"":0.3969912244045132,""f1"":0.5393130854385467,""auroc"":0.5927131750883193,""recall_defined"":true,""auroc_defined"":true},{""class_index"":1,""support"":586,""weighted_support"":586.0,""prevalence"":0.1967103054716348,""predicted_support"":1849,""predicted_weight"":1849.0,""precision"":0.21957815035154138,""recall"":0.6928327645051194,""f1"":0.33347022587268993,""auroc"":0.5927131750883192,""recall_defined"":true,""auroc_defined"":true}]",3d834c455f16255cf1fc212cdfec03a1514d8c885164b11d9b376c838fc8adbb
2,E_F_I,income_binary,source_validation_person_weighted,2979,2,"[0,1]",True,345880.0,"[2393,586]","[279947.0,65933.0]","[0.8093760841910489,0.19062391580895108]",True,True,"[true,true]",0.7086848270216822,1e-12,0.43561061639875104,0.5195679495636146,0.5195679495636146,0.5693216532032362,0.5693216532032362,0.5693216532032362,"[{""class_index"":0,""support"":2393,""weighted_support"":279947.0,""prevalence"":0.8093760841910489,""predicted_support"":1130,""predicted_weight"":130196.0,""precision"":0.8254170635042551,""recall"":0.38387980582038744,""f1"":0.5240416147538786,""auroc"":0.5693216532032362,""recall_defined"":true,""auroc_defined"":true},{""class_index"":1,""support"":586,""weighted_support"":65933.0,""prevalence"":0.19062391580895108,""predicted_support"":1849,""predicted_weight"":215684.0,""precision"":0.200306930509449,""recall"":0.6552560933068418,""f1"":0.30682096606383846,""auroc"":0.5693216532032362,""recall_defined"":true,""auroc_defined"":true}]",3d834c455f16255cf1fc212cdfec03a1514d8c885164b11d9b376c838fc8adbb
2,E_F_I,civilian_at_work,source_validation,2979,2,"[0,1]",False,2979.0,"[951,2028]","[951.0,2028.0]","[0.3192346424974824,0.6807653575025177]",True,True,"[true,true]",0.7240266364637508,1e-12,0.32494125545485064,0.5025160373073501,0.5025160373073501,0.524166402229979,0.524166402229979,0.524166402229979,"[{""class_index"":0,""support"":951,""weighted_support"":951.0,""prevalence"":0.3192346424974824,""predicted_support"":2950,""predicted_weight"":2950.0,""precision"":0.32033898305084746,""recall"":0.9936908517350158,""f1"":0.484491156113817,""auroc"":0.524166402229979,""recall_defined"":true,""auroc_defined"":true},{""class_index"":1,""support"":2028,""weighted_support"":2028.0,""prevalence"":0.6807653575025177,""predicted_support"":29,""predicted_weight"":29.0,""precision"":0.7931034482758621,""recall"":0.011341222879684419,""f1"":0.02236266407389402,""auroc"":0.524166402229979,""recall_defined"":true,""auroc_defined"":true}]",853f27ca26f4c81f1006ecfb9e09ebfd0f121243800b868f003dcfc940acd563
2,E_F_I,civilian_at_work,source_validation_person_weighted,2979,2,"[0,1]",True,345880.0,"[951,2028]","[101745.0,244135.0]","[0.29416271539262173,0.7058372846073783]",True,True,"[true,true]",0.7284033984428872,1e-12,0.30120851162252804,0.5036583083605486,0.5036583083605486,0.5203668169160742,0.5203668169160742,0.5203668169160742,"[{""class_index"":0,""support"":951,""weighted_support"":101745.0,""prevalence"":0.29416271539262173,""predicted_support"":2950,""predicted_weight"":342513.0,""precision"":0.29569680566868994,""recall"":0.9954297508477075,""f1"":0.45595127155841875,""auroc"":0.5203668169160742,""recall_defined"":true,""auroc_defined"":true},{""class_index"":1,""support"":2028,""weighted_support"":244135.0,""prevalence"":0.7058372846073783,""predicted_support"":29,""predicted_weight"":3367.0,""precision"":0.8618948618948619,""recall"":0.011886865873389723,""f1"":0.023450315553005634,""auroc"":0.5203668169160742,""recall_defined"":true,""auroc_defined"":true}]",853f27ca26f4c81f1006ecfb9e09ebfd0f121243800b868f003dcfc940acd563
2,E_F_I,public_coverage,source_validation,2979,2,"[0,1]",False,2979.0,"[2279,700]","[2279.0,700.0]","[0.765021819402484,0.23497818059751593]",True,True,"[true,true]",0.7151557331589611,1e-12,0.4155756965424639,0.49381652353789257,0.49381652353789257,0.5111806556760483,0.5111806556760483,0.5111806556760483,"[{""class_index"":0,""support"":2279,""weighted_support"":2279.0,""prevalence"":0.765021819402484,""predicted_support"":1040,""predicted_weight"":1040.0,""precision"":0.7586538461538461,""recall"":0.3462044756472137,""f1"":0.4754444109671588,""auroc"":0.5111806556760484,""recall_defined"":true,""auroc_defined"":true},{""class_index"":1,""support"":700,""weighted_support"":700.0,""prevalence"":0.23497818059751593,""predicted_support"":1939,""predicted_weight"":1939.0,""precision"":0.23156266116554924,""recall"":0.6414285714285715,""f1"":0.3402804092459265,""auroc"":0.5111806556760483,""recall_defined"":true,""auroc_defined"":true}]",b0e2e030b78734443202b19ff4c183b3b03c2b4ebdc29ddba177e53015454d52
2,E_F_I,public_coverage,source_validation_person_weighted,2979,2,"[0,1]",True,345880.0,"[2279,700]","[261520.0,84360.0]","[0.7561003816352492,0.24389961836475077]",True,True,"[true,true]",0.7123928385951892,1e-12,0.44019313056551407,0.5134414687102616,0.5134414687102616,0.5141536164556669,0.5141536164556669,0.5141536164556669,"[{""class_index"":0,""support"":2279,""weighted_support"":261520.0,""prevalence"":0.7561003816352492,""predicted_support"":1040,""predicted_weight"":125858.0,""precision"":0.7697246102750719,""recall"":0.37043438360354847,""f1"":0.5001626318479625,""auroc"":0.5141536164556669,""recall_defined"":true,""auroc_defined"":true},{""class_index"":1,""support"":700,""weighted_support"":84360.0,""prevalence"":0.24389961836475077,""predicted_support"":1939,""predicted_weight"":220022.0,""precision"":0.2516930125169301,""recall"":0.6564485538169749,""f1"":0.36387171383327527,""auroc"":0.5141536164556669,""recall_defined"":true,""auroc_defined"":true}]",b0e2e030b78734443202b19ff4c183b3b03c2b4ebdc29ddba177e53015454d52
2,E_F_I,income_binary,development_evaluation,2979,2,"[0,1]",False,2979.0,"[2411,568]","[2411.0,568.0]","[0.8093319906008728,0.19066800939912723]",True,True,"[true,true]",0.7061885560187966,1e-12,0.44478012755958374,0.5425959948826096,0.5425959948826096,0.6023178682213564,0.6023178682213564,0.6023178682213564,"[{""class_index"":0,""support"":2411,""weighted_support"":2411.0,""prevalence"":0.8093319906008728,""predicted_support"":1097,""predicted_weight"":1097.0,""precision"":0.845031905195989,""recall"":0.3844877644131066,""f1"":0.5285062713797035,""auroc"":0.6023178682213564,""recall_defined"":true,""auroc_defined"":true},{""class_index"":1,""support"":568,""weighted_support"":568.0,""prevalence"":0.19066800939912723,""predicted_support"":1882,""predicted_weight"":1882.0,""precision"":0.21147715196599362,""recall"":0.7007042253521126,""f1"":0.3248979591836735,""auroc"":0.6023178682213564,""recall_defined"":true,""auroc_defined"":true}]",0e665d2f278a78cff3978ddb669eeafccc64922f945600f1c29e8ddbad3e022a
2,E_F_I,income_binary,development_evaluation_person_weighted,2979,2,"[0,1]",True,333421.0,"[2411,568]","[268605.0,64816.0]","[0.8056031263777627,0.19439687362223734]",True,True,"[true,true]",0.7090079944783105,1e-12,0.4341118285890811,0.5322998647169844,0.5322998647169844,0.5862941492211804,0.5862941492211804,0.5862941492211804,"[{""class_index"":0,""support"":2411,""weighted_support"":268605.0,""prevalence"":0.8056031263777627,""predicted_support"":1097,""predicted_weight"":119730.0,""precision"":0.8337759959909797,""recall"":0.3716535433070866,""f1"":0.5141334157364131,""auroc"":0.5862941492211804,""recall_defined"":true,""auroc_defined"":true},{""class_index"":1,""support"":568,""weighted_support"":64816.0,""prevalence"":0.19439687362223734,""predicted_support"":1882,""predicted_weight"":213691.0,""precision"":0.21018199175444918,""recall"":0.6929461861268823,""f1"":0.322534083523933,""auroc"":0.5862941492211804,""recall_defined"":true,""auroc_defined"":true}]",0e665d2f278a78cff3978ddb669eeafccc64922f945600f1c29e8ddbad3e022a
2,E_F_I,civilian_at_work,development_evaluation,2979,2,"[0,1]",False,2979.0,"[996,1983]","[996.0,1983.0]","[0.33434038267875127,0.6656596173212488]",True,True,"[true,true]",0.7220032281906142,1e-12,0.33903994629070155,0.5000318976359295,0.5000318976359295,0.5161014709366969,0.5161014709366969,0.5161014709366969,"[{""class_index"":0,""support"":996,""weighted_support"":996.0,""prevalence"":0.33434038267875127,""predicted_support"":2937,""predicted_weight"":2937.0,""precision"":0.33435478379298605,""recall"":0.9859437751004017,""f1"":0.4993643529112637,""auroc"":0.5161014709366969,""recall_defined"":true,""auroc_defined"":true},{""class_index"":1,""support"":1983,""weighted_support"":1983.0,""prevalence"":0.6656596173212488,""predicted_support"":42,""predicted_weight"":42.0,""precision"":0.6666666666666666,""recall"":0.014120020171457387,""f1"":0.027654320987654323,""auroc"":0.5161014709366969,""recall_defined"":true,""auroc_defined"":true}]",d966db2df307f435c9328fa0a19af8958a298fb17d58bbba84a5e4464e8aa2b8
2,E_F_I,civilian_at_work,development_evaluation_person_weighted,2979,2,"[0,1]",True,333421.0,"[996,1983]","[102135.0,231286.0]","[0.30632443667315495,0.693675563326845]",True,True,"[true,true]",0.725620775558063,1e-12,0.31354053883828553,0.5021779290656796,0.5021779290656796,0.5224477360067377,0.5224477360067377,0.5224477360067377,"[{""class_index"":0,""support"":996,""weighted_support"":102135.0,""prevalence"":0.30632443667315495,""predicted_support"":2937,""predicted_weight"":328803.0,""precision"":0.3072630115905268,""recall"":0.989171194987027,""f1"":0.4688795139904116,""auroc"":0.5224477360067377,""recall_defined"":true,""auroc_defined"":true},{""class_index"":1,""support"":1983,""weighted_support"":231286.0,""prevalence"":0.693675563326845,""predicted_support"":42,""predicted_weight"":4618.0,""precision"":0.7605023819835427,""recall"":0.015184663144332125,""f1"":0.029774823657080847,""auroc"":0.5224477360067377,""recall_defined"":true,""auroc_defined"":true}]",d966db2df307f435c9328fa0a19af8958a298fb17d58bbba84a5e4464e8aa2b8
2,E_F_I,public_coverage,development_evaluation,2979,2,"[0,1]",False,2979.0,"[2231,748]","[2231.0,748.0]","[0.7489090298757972,0.25109097012420273]",True,True,"[true,true]",0.7081701638214184,1e-12,0.44410876132930516,0.520892707761561,0.520892707761561,0.5483335810180802,0.5483335810180802,0.5483335810180802,"[{""class_index"":0,""support"":2231,""weighted_support"":2231.0,""prevalence"":0.7489090298757972,""predicted_support"":1061,""predicted_weight"":1061.0,""precision"":0.7709707822808671,""recall"":0.36665172568355,""f1"":0.49696233292831105,""auroc"":0.5483335810180802,""recall_defined"":true,""auroc_defined"":true},{""class_index"":1,""support"":748,""weighted_support"":748.0,""prevalence"":0.25109097012420273,""predicted_support"":1918,""predicted_weight"":1918.0,""precision"":0.26329509906152243,""recall"":0.6751336898395722,""f1"":0.37884471117779445,""auroc"":0.5483335810180802,""recall_defined"":true,""auroc_defined"":true}]",a75d9184226f9f3496deebc8099c857600e2b24a55acd3c5093cab8ebec46290
2,E_F_I,public_coverage,development_evaluation_person_weighted,2979,2,"[0,1]",True,333421.0,"[2231,748]","[248778.0,84643.0]","[0.7461377657676032,0.2538622342323969]",True,True,"[true,true]",0.7068069054181354,1e-12,0.4500316416782386,0.5206824930939274,0.5206824930939274,0.5506135872750425,0.5506135872750425,0.5506135872750425,"[{""class_index"":0,""support"":2231,""weighted_support"":248778.0,""prevalence"":0.7461377657676032,""predicted_support"":1061,""predicted_weight"":122253.0,""precision"":0.7675067278512593,""recall"":0.3771635755573242,""f1"":0.5057798404985028,""auroc"":0.5506135872750425,""recall_defined"":true,""auroc_defined"":true},{""class_index"":1,""support"":748,""weighted_support"":84643.0,""prevalence"":0.2538622342323969,""predicted_support"":1918,""predicted_weight"":211168.0,""precision"":0.2662335202303379,""recall"":0.6642014106305306,""f1"":0.38010756868405843,""auroc"":0.5506135872750425,""recall_defined"":true,""auroc_defined"":true}]",a75d9184226f9f3496deebc8099c857600e2b24a55acd3c5093cab8ebec46290
2,E_F_W,income_binary,source_validation,2979,2,"[0,1]",False,2979.0,"[2393,586]","[2393.0,586.0]","[0.8032896945283652,0.1967103054716348]",True,True,"[true,true]",0.3263992637817402,1e-12,0.8472641826116146,0.6955336882745322,0.6955336882745322,0.8917387744972894,0.8917387744972894,0.8917387744972894,"[{""class_index"":0,""support"":2393,""weighted_support"":2393.0,""prevalence"":0.8032896945283652,""predicted_support"":2588,""predicted_weight"":2588.0,""precision"":0.874420401854714,""recall"":0.9456748850814877,""f1"":0.9086528809476009,""auroc"":0.8917387744972894,""recall_defined"":true,""auroc_defined"":true},{""class_index"":1,""support"":586,""weighted_support"":586.0,""prevalence"":0.1967103054716348,""predicted_support"":391,""predicted_weight"":391.0,""precision"":0.6675191815856778,""recall"":0.4453924914675768,""f1"":0.534288638689867,""auroc"":0.8917387744972894,""recall_defined"":true,""auroc_defined"":true}]",8100237547e50ef546d6923ba71ac1e4c9aafcdea6725d9fd8a45d98aa136949
2,E_F_W,income_binary,source_validation_person_weighted,2979,2,"[0,1]",True,345880.0,"[2393,586]","[279947.0,65933.0]","[0.8093760841910489,0.19062391580895108]",True,True,"[true,true]",0.3220985986107984,1e-12,0.8460824563432404,0.6704805248455448,0.6704805248455448,0.8950734058420762,0.8950734058420762,0.8950734058420762,"[{""class_index"":0,""support"":2393,""weighted_support"":279947.0,""prevalence"":0.8093760841910489,""predicted_support"":2588,""predicted_weight"":307586.0,""precision"":0.8685310774872719,""recall"":0.9542806316909986,""f1"":0.9093889194309086,""auroc"":0.8950734058420762,""recall_defined"":true,""auroc_defined"":true},{""class_index"":1,""support"":586,""weighted_support"":65933.0,""prevalence"":0.19062391580895108,""predicted_support"":391,""predicted_weight"":38294.0,""precision"":0.6657700945317805,""recall"":0.386680418000091,""f1"":0.48922064340334076,""auroc"":0.8950734058420762,""recall_defined"":true,""auroc_defined"":true}]",8100237547e50ef546d6923ba71ac1e4c9aafcdea6725d9fd8a45d98aa136949
2,E_F_W,civilian_at_work,source_validation,2979,2,"[0,1]",False,2979.0,"[951,2028]","[951.0,2028.0]","[0.3192346424974824,0.6807653575025177]",True,True,"[true,true]",0.30812015306171164,1e-12,0.8989593823430682,0.8495635239144097,0.8495635239144097,0.9001072264843195,0.9001072264843195,0.9001072264843195,"[{""class_index"":0,""support"":951,""weighted_support"":951.0,""prevalence"":0.3192346424974824,""predicted_support"":706,""predicted_weight"":706.0,""precision"":0.9603399433427762,""recall"":0.7129337539432177,""f1"":0.8183464091732046,""auroc"":0.9001072264843194,""recall_defined"":true,""auroc_defined"":true},{""class_index"":1,""support"":2028,""weighted_support"":2028.0,""prevalence"":0.6807653575025177,""predicted_support"":2273,""predicted_weight"":2273.0,""precision"":0.8798944126704795,""recall"":0.9861932938856016,""f1"":0.9300162752848175,""auroc"":0.9001072264843195,""recall_defined"":true,""auroc_defined"":true}]",09830cb34979a43e5ac9bfd5ac251c55fdc8787602adfd790f60323d6be410c1
2,E_F_W,civilian_at_work,source_validation_person_weighted,2979,2,"[0,1]",True,345880.0,"[951,2028]","[101745.0,244135.0]","[0.29416271539262173,0.7058372846073783]",True,True,"[true,true]",0.30709650186810883,1e-12,0.9011998380941367,0.8388096245109643,0.8388096245109643,0.8895002804216322,0.8895002804216321,0.8895002804216321,"[{""class_index"":0,""support"":951,""weighted_support"":101745.0,""prevalence"":0.29416271539262173,""predicted_support"":706,""predicted_weight"":72278.0,""precision"":0.967445142366972,""recall"":0.6872573590839844,""f1"":0.8036294053084937,""auroc"":0.8895002804216321,""recall_defined"":true,""auroc_defined"":true},{""class_index"":1,""support"":2028,""weighted_support"":244135.0,""prevalence"":0.7058372846073783,""predicted_support"":2273,""predicted_weight"":273602.0,""precision"":0.8836996805578906,""recall"":0.9903618899379442,""f1"":0.9339954455640606,""auroc"":0.8895002804216322,""recall_defined"":true,""auroc_defined"":true}]",09830cb34979a43e5ac9bfd5ac251c55fdc8787602adfd790f60323d6be410c1
2,E_F_W,public_coverage,source_validation,2979,2,"[0,1]",False,2979.0,"[2279,700]","[2279.0,700.0]","[0.765021819402484,0.23497818059751593]",True,True,"[true,true]",0.49154749735680847,1e-12,0.7811346089291709,0.5882288597755908,0.5882288597755908,0.7196063436344261,0.7196063436344261,0.7196063436344261,"[{""class_index"":0,""support"":2279,""weighted_support"":2279.0,""prevalence"":0.765021819402484,""predicted_support"":2713,""predicted_weight"":2713.0,""precision"":0.7998525617397715,""recall"":0.9521720052654673,""f1"":0.8693910256410257,""auroc"":0.7196063436344261,""recall_defined"":true,""auroc_defined"":true},{""class_index"":1,""support"":700,""weighted_support"":700.0,""prevalence"":0.23497818059751593,""predicted_support"":266,""predicted_weight"":266.0,""precision"":0.5902255639097744,""recall"":0.22428571428571428,""f1"":0.3250517598343685,""auroc"":0.7196063436344261,""recall_defined"":true,""auroc_defined"":true}]",a3c5054b67e42c6aa3fca4259cf0fbdf94049fe49d743a92d873b41e2a223d4c
2,E_F_W,public_coverage,source_validation_person_weighted,2979,2,"[0,1]",True,345880.0,"[2279,700]","[261520.0,84360.0]","[0.7561003816352492,0.24389961836475077]",True,True,"[true,true]",0.5040001960751271,1e-12,0.7753931999537412,0.5790430613108963,0.5790430613108963,0.7085009687003623,0.7085009687003623,0.7085009687003623,"[{""class_index"":0,""support"":2279,""weighted_support"":261520.0,""prevalence"":0.7561003816352492,""predicted_support"":2713,""predicted_weight"":319535.0,""precision"":0.787657064171374,""recall"":0.9623891098195166,""f1"":0.8663000920739,""auroc"":0.7085009687003622,""recall_defined"":true,""auroc_defined"":true},{""class_index"":1,""support"":700,""weighted_support"":84360.0,""prevalence"":0.24389961836475077,""predicted_support"":266,""predicted_weight"":26345.0,""precision"":0.6266464224710572,""recall"":0.19569701280227597,""f1"":0.29825211146741337,""auroc"":0.7085009687003623,""recall_defined"":true,""auroc_defined"":true}]",a3c5054b67e42c6aa3fca4259cf0fbdf94049fe49d743a92d873b41e2a223d4c
2,E_F_W,income_binary,development_evaluation,2979,2,"[0,1]",False,2979.0,"[2411,568]","[2411.0,568.0]","[0.8093319906008728,0.19066800939912723]",True,True,"[true,true]",0.308748566602594,1e-12,0.8670694864048338,0.724081527739644,0.724081527739644,0.8982706900882691,0.8982706900882691,0.8982706900882691,"[{""class_index"":0,""support"":2411,""weighted_support"":2411.0,""prevalence"":0.8093319906008728,""predicted_support"":2591,""predicted_weight"":2591.0,""precision"":0.8888460054033192,""recall"":0.9552053090004148,""f1"":0.9208316673330668,""auroc"":0.8982706900882691,""recall_defined"":true,""auroc_defined"":true},{""class_index"":1,""support"":568,""weighted_support"":568.0,""prevalence"":0.19066800939912723,""predicted_support"":388,""predicted_weight"":388.0,""precision"":0.7216494845360825,""recall"":0.49295774647887325,""f1"":0.5857740585774058,""auroc"":0.8982706900882691,""recall_defined"":true,""auroc_defined"":true}]",7e9c805d564200a9154a6ff7cf5e8542702eabd50472a63b20086b3d683c3411
2,E_F_W,income_binary,development_evaluation_person_weighted,2979,2,"[0,1]",True,333421.0,"[2411,568]","[268605.0,64816.0]","[0.8056031263777627,0.19439687362223734]",True,True,"[true,true]",0.32187705240804293,1e-12,0.8615924011984848,0.7075852632557773,0.7075852632557773,0.8890616683540054,0.8890616683540054,0.8890616683540054,"[{""class_index"":0,""support"":2411,""weighted_support"":268605.0,""prevalence"":0.8056031263777627,""predicted_support"":2591,""predicted_weight"":293027.0,""precision"":0.879584475150754,""recall"":0.9595577148601105,""f1"":0.9178323172468805,""auroc"":0.8890616683540054,""recall_defined"":true,""auroc_defined"":true},{""class_index"":1,""support"":568,""weighted_support"":64816.0,""prevalence"":0.19439687362223734,""predicted_support"":388,""predicted_weight"":40394.0,""precision"":0.7310739218695846,""recall"":0.45561281165144407,""f1"":0.56137249310902,""auroc"":0.8890616683540054,""recall_defined"":true,""auroc_defined"":true}]",7e9c805d564200a9154a6ff7cf5e8542702eabd50472a63b20086b3d683c3411
2,E_F_W,civilian_at_work,development_evaluation,2979,2,"[0,1]",False,2979.0,"[996,1983]","[996.0,1983.0]","[0.33434038267875127,0.6656596173212488]",True,True,"[true,true]",0.30555134186041943,1e-12,0.8962739174219537,0.8521255977009399,0.8521255977009399,0.9056019843367418,0.9056019843367418,0.9056019843367418,"[{""class_index"":0,""support"":996,""weighted_support"":996.0,""prevalence"":0.33434038267875127,""predicted_support"":745,""predicted_weight"":745.0,""precision"":0.9610738255033557,""recall"":0.7188755020080321,""f1"":0.8225157955198162,""auroc"":0.9056019843367418,""recall_defined"":true,""auroc_defined"":true},{""class_index"":1,""support"":1983,""weighted_support"":1983.0,""prevalence"":0.6656596173212488,""predicted_support"":2234,""predicted_weight"":2234.0,""precision"":0.8746642793196061,""recall"":0.9853756933938477,""f1"":0.9267251600663979,""auroc"":0.9056019843367418,""recall_defined"":true,""auroc_defined"":true}]",9a818e2a20a31a517c19b4871b81a09aa0bf7f679cc05a2ac0cddfaf43f1874c
2,E_F_W,civilian_at_work,development_evaluation_person_weighted,2979,2,"[0,1]",True,333421.0,"[996,1983]","[102135.0,231286.0]","[0.30632443667315495,0.693675563326845]",True,True,"[true,true]",0.2976458104337273,1e-12,0.9024266617879497,0.8459702522736643,0.8459702522736643,0.8984734685636737,0.8984734685636737,0.8984734685636737,"[{""class_index"":0,""support"":996,""weighted_support"":102135.0,""prevalence"":0.30632443667315495,""predicted_support"":745,""predicted_weight"":73432.0,""precision"":0.9739214511384683,""recall"":0.7002202966661771,""f1"":0.8146975228830019,""auroc"":0.8984734685636737,""recall_defined"":true,""auroc_defined"":true},{""class_index"":1,""support"":1983,""weighted_support"":231286.0,""prevalence"":0.693675563326845,""predicted_support"":2234,""predicted_weight"":259989.0,""precision"":0.8822334791087315,""recall"":0.9917202078811514,""f1"":0.9337784336674978,""auroc"":0.8984734685636737,""recall_defined"":true,""auroc_defined"":true}]",9a818e2a20a31a517c19b4871b81a09aa0bf7f679cc05a2ac0cddfaf43f1874c
2,E_F_W,public_coverage,development_evaluation,2979,2,"[0,1]",False,2979.0,"[2231,748]","[2231.0,748.0]","[0.7489090298757972,0.25109097012420273]",True,True,"[true,true]",0.5029349878129883,1e-12,0.7633434038267876,0.5865067941524028,0.5865067941524028,0.7253162175183427,0.7253162175183427,0.7253162175183427,"[{""class_index"":0,""support"":2231,""weighted_support"":2231.0,""prevalence"":0.7489090298757972,""predicted_support"":2676,""predicted_weight"":2676.0,""precision"":0.7851270553064275,""recall"":0.9417301658449126,""f1"":0.856327695129407,""auroc"":0.7253162175183427,""recall_defined"":true,""auroc_defined"":true},{""class_index"":1,""support"":748,""weighted_support"":748.0,""prevalence"":0.25109097012420273,""predicted_support"":303,""predicted_weight"":303.0,""precision"":0.570957095709571,""recall"":0.23128342245989306,""f1"":0.3292102759276879,""auroc"":0.7253162175183427,""recall_defined"":true,""auroc_defined"":true}]",3c153480f8d82046d0e045de536b8f901cb36c41d01caa24e530d3cd4cdf0c9d
2,E_F_W,public_coverage,development_evaluation_person_weighted,2979,2,"[0,1]",True,333421.0,"[2231,748]","[248778.0,84643.0]","[0.7461377657676032,0.2538622342323969]",True,True,"[true,true]",0.5141864128656075,1e-12,0.757942661080136,0.5731638143207041,0.5731638143207041,0.7105150434428196,0.7105150434428196,0.7105150434428196,"[{""class_index"":0,""support"":2231,""weighted_support"":248778.0,""prevalence"":0.7461377657676032,""predicted_support"":2676,""predicted_weight"":303871.0,""precision"":0.7765499175637031,""recall"":0.9485203675566167,""f1"":0.8539633655358102,""auroc"":0.7105150434428195,""recall_defined"":true,""auroc_defined"":true},{""class_index"":1,""support"":748,""weighted_support"":84643.0,""prevalence"":0.2538622342323969,""predicted_support"":303,""predicted_weight"":29550.0,""precision"":0.5665989847715736,""recall"":0.1978072610847914,""f1"":0.2932403912674157,""auroc"":0.7105150434428196,""recall_defined"":true,""auroc_defined"":true}]",3c153480f8d82046d0e045de536b8f901cb36c41d01caa24e530d3cd4cdf0c9d
2,E_F_C,income_binary,source_validation,2979,2,"[0,1]",False,2979.0,"[2393,586]","[2393.0,586.0]","[0.8032896945283652,0.1967103054716348]",True,True,"[true,true]",0.3201288445514405,1e-12,0.850956696878147,0.7139395477993978,0.7139395477993978,0.8916104137636935,0.8916104137636935,0.8916104137636935,"[{""class_index"":0,""support"":2393,""weighted_support"":2393.0,""prevalence"":0.8032896945283652,""predicted_support"":2549,""predicted_weight"":2549.0,""precision"":0.8823067869752844,""recall"":0.9398244880902633,""f1"":0.9101578308377175,""auroc"":0.8916104137636935,""recall_defined"":true,""auroc_defined"":true},{""class_index"":1,""support"":586,""weighted_support"":586.0,""prevalence"":0.1967103054716348,""predicted_support"":430,""predicted_weight"":430.0,""precision"":0.6651162790697674,""recall"":0.4880546075085324,""f1"":0.562992125984252,""auroc"":0.8916104137636935,""recall_defined"":true,""auroc_defined"":true}]",f1f82c71eeebb07299ec01527afc1c7132676971dc7a52c9ab9af95bfccba2be
2,E_F_C,income_binary,source_validation_person_weighted,2979,2,"[0,1]",True,345880.0,"[2393,586]","[279947.0,65933.0]","[0.8093760841910489,0.19062391580895108]",True,True,"[true,true]",0.310086803335003,1e-12,0.852081646813924,0.6936774543035307,0.6936774543035307,0.897145860513981,0.897145860513981,0.897145860513981,"[{""class_index"":0,""support"":2393,""weighted_support"":279947.0,""prevalence"":0.8093760841910489,""predicted_support"":2549,""predicted_weight"":302937.0,""precision"":0.8776115165859568,""recall"":0.9496833329165878,""f1"":0.9122261033070045,""auroc"":0.8971458605139812,""recall_defined"":true,""auroc_defined"":true},{""class_index"":1,""support"":586,""weighted_support"":65933.0,""prevalence"":0.19062391580895108,""predicted_support"":430,""predicted_weight"":42943.0,""precision"":0.6719837924690869,""recall"":0.43767157569047366,""f1"":0.5300892758734708,""auroc"":0.897145860513981,""recall_defined"":true,""auroc_defined"":true}]",f1f82c71eeebb07299ec01527afc1c7132676971dc7a52c9ab9af95bfccba2be
2,E_F_C,civilian_at_work,source_validation,2979,2,"[0,1]",False,2979.0,"[951,2028]","[951.0,2028.0]","[0.3192346424974824,0.6807653575025177]",True,True,"[true,true]",0.30196520697921025,1e-12,0.8945955018462571,0.8485921079648331,0.8485921079648331,0.898012213863949,0.8980122138639489,0.8980122138639489,"[{""class_index"":0,""support"":951,""weighted_support"":951.0,""prevalence"":0.3192346424974824,""predicted_support"":735,""predicted_weight"":735.0,""precision"":0.9333333333333333,""recall"":0.7213459516298633,""f1"":0.8137603795966786,""auroc"":0.8980122138639488,""recall_defined"":true,""auroc_defined"":true},{""class_index"":1,""support"":2028,""weighted_support"":2028.0,""prevalence"":0.6807653575025177,""predicted_support"":2244,""predicted_weight"":2244.0,""precision"":0.8819073083778967,""recall"":0.9758382642998028,""f1"":0.9264981273408239,""auroc"":0.898012213863949,""recall_defined"":true,""auroc_defined"":true}]",8f614a43645ea1e8e5a32438878a62f266c99e256b1dd9d4eab5cb11ffeef354
2,E_F_C,civilian_at_work,source_validation_person_weighted,2979,2,"[0,1]",True,345880.0,"[951,2028]","[101745.0,244135.0]","[0.29416271539262173,0.7058372846073783]",True,True,"[true,true]",0.301961760388121,1e-12,0.895527350526194,0.8352470816049721,0.8352470816049721,0.8875899256139177,0.8875899256139177,0.8875899256139177,"[{""class_index"":0,""support"":951,""weighted_support"":101745.0,""prevalence"":0.29416271539262173,""predicted_support"":735,""predicted_weight"":74558.0,""precision"":0.9399930255639904,""recall"":0.6888200894392845,""f1"":0.7950403566587069,""auroc"":0.8875899256139177,""recall_defined"":true,""auroc_defined"":true},{""class_index"":1,""support"":2028,""weighted_support"":244135.0,""prevalence"":0.7058372846073783,""predicted_support"":2244,""predicted_weight"":271322.0,""precision"":0.8833083937166909,""recall"":0.9816740737706596,""f1"":0.9298971592198767,""auroc"":0.8875899256139177,""recall_defined"":true,""auroc_defined"":true}]",8f614a43645ea1e8e5a32438878a62f266c99e256b1dd9d4eab5cb11ffeef354
2,E_F_C,public_coverage,source_validation,2979,2,"[0,1]",False,2979.0,"[2279,700]","[2279.0,700.0]","[0.765021819402484,0.23497818059751593]",True,True,"[true,true]",0.4899095637484127,1e-12,0.7764350453172205,0.5762492948034852,0.5762492948034852,0.7207754027455651,0.7207754027455651,0.7207754027455651,"[{""class_index"":0,""support"":2279,""weighted_support"":2279.0,""prevalence"":0.765021819402484,""predicted_support"":2735,""predicted_weight"":2735.0,""precision"":0.7948811700182815,""recall"":0.9539271610355419,""f1"":0.867171918627842,""auroc"":0.7207754027455651,""recall_defined"":true,""auroc_defined"":true},{""class_index"":1,""support"":700,""weighted_support"":700.0,""prevalence"":0.23497818059751593,""predicted_support"":244,""predicted_weight"":244.0,""precision"":0.569672131147541,""recall"":0.19857142857142857,""f1"":0.2944915254237288,""auroc"":0.7207754027455651,""recall_defined"":true,""auroc_defined"":true}]",6be33e72c34ef1a44445c8b56acbd672d661b1b7ebfafe80b96f36c7e6067dde
2,E_F_C,public_coverage,source_validation_person_weighted,2979,2,"[0,1]",True,345880.0,"[2279,700]","[261520.0,84360.0]","[0.7561003816352492,0.24389961836475077]",True,True,"[true,true]",0.5065105199803934,1e-12,0.7659853128252573,0.5651689974255623,0.5651689974255623,0.7060651657402157,0.7060651657402157,0.7060651657402157,"[{""class_index"":0,""support"":2279,""weighted_support"":261520.0,""prevalence"":0.7561003816352492,""predicted_support"":2735,""predicted_weight"":320093.0,""precision"":0.7820727101186218,""recall"":0.9572346283267054,""f1"":0.860833578341612,""auroc"":0.7060651657402157,""recall_defined"":true,""auroc_defined"":true},{""class_index"":1,""support"":700,""weighted_support"":84360.0,""prevalence"":0.24389961836475077,""predicted_support"":244,""predicted_weight"":25787.0,""precision"":0.5662930934191647,""recall"":0.17310336652441916,""f1"":0.26515474774619374,""auroc"":0.7060651657402157,""recall_defined"":true,""auroc_defined"":true}]",6be33e72c34ef1a44445c8b56acbd672d661b1b7ebfafe80b96f36c7e6067dde
2,E_F_C,income_binary,development_evaluation,2979,2,"[0,1]",False,2979.0,"[2411,568]","[2411.0,568.0]","[0.8093319906008728,0.19066800939912723]",True,True,"[true,true]",0.29679077547113875,1e-12,0.8643840214837194,0.7318430491701766,0.7318430491701766,0.9028426051956702,0.9028426051956702,0.9028426051956702,"[{""class_index"":0,""support"":2411,""weighted_support"":2411.0,""prevalence"":0.8093319906008728,""predicted_support"":2555,""predicted_weight"":2555.0,""precision"":0.8927592954990216,""recall"":0.9460804645375362,""f1"":0.91864679822795,""auroc"":0.9028426051956702,""recall_defined"":true,""auroc_defined"":true},{""class_index"":1,""support"":568,""weighted_support"":568.0,""prevalence"":0.19066800939912723,""predicted_support"":424,""predicted_weight"":424.0,""precision"":0.6933962264150944,""recall"":0.5176056338028169,""f1"":0.592741935483871,""auroc"":0.9028426051956702,""recall_defined"":true,""auroc_defined"":true}]",4fb61c14f5e8472194d2bfe8fe9fad155c7d47892b7cf9ce5092d499656e6ff4
2,E_F_C,income_binary,development_evaluation_person_weighted,2979,2,"[0,1]",True,333421.0,"[2411,568]","[268605.0,64816.0]","[0.8056031263777627,0.19439687362223734]",True,True,"[true,true]",0.3096385075251962,1e-12,0.8589440977023043,0.7157097006650068,0.7157097006650068,0.8956585986015746,0.8956585986015746,0.8956585986015746,"[{""class_index"":0,""support"":2411,""weighted_support"":268605.0,""prevalence"":0.8056031263777627,""predicted_support"":2555,""predicted_weight"":288806.0,""precision"":0.8836035262425296,""recall"":0.9500567748180414,""f1"":0.9156259923108802,""auroc"":0.8956585986015746,""recall_defined"":true,""auroc_defined"":true},{""class_index"":1,""support"":568,""weighted_support"":64816.0,""prevalence"":0.19439687362223734,""predicted_support"":424,""predicted_weight"":44615.0,""precision"":0.6993163734170122,""recall"":0.48136262651197237,""f1"":0.570222331880363,""auroc"":0.8956585986015746,""recall_defined"":true,""auroc_defined"":true}]",4fb61c14f5e8472194d2bfe8fe9fad155c7d47892b7cf9ce5092d499656e6ff4
2,E_F_C,civilian_at_work,development_evaluation,2979,2,"[0,1]",False,2979.0,"[996,1983]","[996.0,1983.0]","[0.33434038267875127,0.6656596173212488]",True,True,"[true,true]",0.3060129421317378,1e-12,0.8952668680765358,0.8546174106410513,0.8546174106410513,0.8965344484341804,0.8965344484341804,0.8965344484341804,"[{""class_index"":0,""support"":996,""weighted_support"":996.0,""prevalence"":0.33434038267875127,""predicted_support"":774,""predicted_weight"":774.0,""precision"":0.9418604651162791,""recall"":0.7319277108433735,""f1"":0.823728813559322,""auroc"":0.8965344484341805,""recall_defined"":true,""auroc_defined"":true},{""class_index"":1,""support"":1983,""weighted_support"":1983.0,""prevalence"":0.6656596173212488,""predicted_support"":2205,""predicted_weight"":2205.0,""precision"":0.8789115646258503,""recall"":0.9773071104387292,""f1"":0.9255014326647565,""auroc"":0.8965344484341804,""recall_defined"":true,""auroc_defined"":true}]",c693e523b2e0e0ecb38a2b2f9c3f25d03b16080233b2ba4a5a2d153dbd743b94
2,E_F_C,civilian_at_work,development_evaluation_person_weighted,2979,2,"[0,1]",True,333421.0,"[996,1983]","[102135.0,231286.0]","[0.30632443667315495,0.693675563326845]",True,True,"[true,true]",0.2955153858223396,1e-12,0.9000722809900996,0.8463125264288129,0.8463125264288129,0.8935912630539506,0.8935912630539506,0.8935912630539506,"[{""class_index"":0,""support"":996,""weighted_support"":102135.0,""prevalence"":0.30632443667315495,""predicted_support"":774,""predicted_weight"":75709.0,""precision"":0.9544836148938699,""recall"":0.7075243550203163,""f1"":0.8126560356267291,""auroc"":0.8935912630539506,""recall_defined"":true,""auroc_defined"":true},{""class_index"":1,""support"":1983,""weighted_support"":231286.0,""prevalence"":0.693675563326845,""predicted_support"":2205,""predicted_weight"":257712.0,""precision"":0.8840876637486808,""recall"":0.9851006978373097,""f1"":0.9318647520030757,""auroc"":0.8935912630539506,""recall_defined"":true,""auroc_defined"":true}]",c693e523b2e0e0ecb38a2b2f9c3f25d03b16080233b2ba4a5a2d153dbd743b94
2,E_F_C,public_coverage,development_evaluation,2979,2,"[0,1]",False,2979.0,"[2231,748]","[2231.0,748.0]","[0.7489090298757972,0.25109097012420273]",True,True,"[true,true]",0.49565662352383,1e-12,0.7683786505538771,0.5894241809025472,0.5894241809025472,0.7381836398631821,0.7381836398631821,0.7381836398631821,"[{""class_index"":0,""support"":2231,""weighted_support"":2231.0,""prevalence"":0.7489090298757972,""predicted_support"":2693,""predicted_weight"":2693.0,""precision"":0.786112142591905,""recall"":0.9489018377409234,""f1"":0.8598700243704306,""auroc"":0.7381836398631821,""recall_defined"":true,""auroc_defined"":true},{""class_index"":1,""support"":748,""weighted_support"":748.0,""prevalence"":0.25109097012420273,""predicted_support"":286,""predicted_weight"":286.0,""precision"":0.6013986013986014,""recall"":0.22994652406417113,""f1"":0.33268858800773693,""auroc"":0.7381836398631821,""recall_defined"":true,""auroc_defined"":true}]",e4621a8d03f9350a1429dda39bf2d1c60f892847137aaff6287f1c9bec409e88
2,E_F_C,public_coverage,development_evaluation_person_weighted,2979,2,"[0,1]",True,333421.0,"[2231,748]","[248778.0,84643.0]","[0.7461377657676032,0.2538622342323969]",True,True,"[true,true]",0.5093495843787681,1e-12,0.7626724171542885,0.5772141054153158,0.5772141054153158,0.7206245000056691,0.7206245000056692,0.7206245000056692,"[{""class_index"":0,""support"":2231,""weighted_support"":248778.0,""prevalence"":0.7461377657676032,""predicted_support"":2693,""predicted_weight"":304996.0,""precision"":0.7781151228212829,""recall"":0.9539509120581402,""f1"":0.8571077732071206,""auroc"":0.7206245000056692,""recall_defined"":true,""auroc_defined"":true},{""class_index"":1,""support"":748,""weighted_support"":84643.0,""prevalence"":0.2538622342323969,""predicted_support"":286,""predicted_weight"":28425.0,""precision"":0.5969744942832014,""recall"":0.2004772987724915,""f1"":0.30015565854176246,""auroc"":0.7206245000056691,""recall_defined"":true,""auroc_defined"":true}]",e4621a8d03f9350a1429dda39bf2d1c60f892847137aaff6287f1c9bec409e88
2,E_F_D,income_binary,source_validation,2979,2,"[0,1]",False,2979.0,"[2393,586]","[2393.0,586.0]","[0.8032896945283652,0.1967103054716348]",True,True,"[true,true]",0.31938449368268623,1e-12,0.8516280631084256,0.7104916358719758,0.7104916358719758,0.8923313732173904,0.8923313732173903,0.8923313732173903,"[{""class_index"":0,""support"":2393,""weighted_support"":2393.0,""prevalence"":0.8032896945283652,""predicted_support"":2563,""predicted_weight"":2563.0,""precision"":0.8806086617245416,""recall"":0.9431675720852486,""f1"":0.9108151735270379,""auroc"":0.8923313732173903,""recall_defined"":true,""auroc_defined"":true},{""class_index"":1,""support"":586,""weighted_support"":586.0,""prevalence"":0.1967103054716348,""predicted_support"":416,""predicted_weight"":416.0,""precision"":0.6730769230769231,""recall"":0.4778156996587031,""f1"":0.5588822355289421,""auroc"":0.8923313732173904,""recall_defined"":true,""auroc_defined"":true}]",e151795ec4ab0b6c345798017bcc5bfa856d4be6f0e0767c5a30941305cae42c
2,E_F_D,income_binary,source_validation_person_weighted,2979,2,"[0,1]",True,345880.0,"[2393,586]","[279947.0,65933.0]","[0.8093760841910489,0.19062391580895108]",True,True,"[true,true]",0.3101278376432323,1e-12,0.8513530704290505,0.6869197940218155,0.6869197940218155,0.8975955749700106,0.8975955749700106,0.8975955749700106,"[{""class_index"":0,""support"":2393,""weighted_support"":279947.0,""prevalence"":0.8093760841910489,""predicted_support"":2563,""predicted_weight"":304861.0,""precision"":0.8748150796592545,""recall"":0.9526696124623589,""f1"":0.9120839660196167,""auroc"":0.8975955749700105,""recall_defined"":true,""auroc_defined"":true},{""class_index"":1,""support"":586,""weighted_support"":65933.0,""prevalence"":0.19062391580895108,""predicted_support"":416,""predicted_weight"":41019.0,""precision"":0.6769789609693069,""recall"":0.4211699755812719,""f1"":0.5192796768643878,""auroc"":0.8975955749700106,""recall_defined"":true,""auroc_defined"":true}]",e151795ec4ab0b6c345798017bcc5bfa856d4be6f0e0767c5a30941305cae42c
2,E_F_D,civilian_at_work,source_validation,2979,2,"[0,1]",False,2979.0,"[951,2028]","[951.0,2028.0]","[0.3192346424974824,0.6807653575025177]",True,True,"[true,true]",0.3022888326634327,1e-12,0.8929170862705605,0.8484762224752518,0.8484762224752518,0.8993429526067235,0.8993429526067235,0.8993429526067235,"[{""class_index"":0,""support"":951,""weighted_support"":951.0,""prevalence"":0.3192346424974824,""predicted_support"":748,""predicted_weight"":748.0,""precision"":0.9224598930481284,""recall"":0.7255520504731862,""f1"":0.8122424955856387,""auroc"":0.8993429526067235,""recall_defined"":true,""auroc_defined"":true},{""class_index"":1,""support"":2028,""weighted_support"":2028.0,""prevalence"":0.6807653575025177,""predicted_support"":2231,""predicted_weight"":2231.0,""precision"":0.8830121021963245,""recall"":0.9714003944773175,""f1"":0.9250997886827894,""auroc"":0.8993429526067235,""recall_defined"":true,""auroc_defined"":true}]",5c6edd2809ef946de5a401f9b58c1ce410b5f13615706ff8a3e49cc28c55793f
2,E_F_D,civilian_at_work,source_validation_person_weighted,2979,2,"[0,1]",True,345880.0,"[951,2028]","[101745.0,244135.0]","[0.29416271539262173,0.7058372846073783]",True,True,"[true,true]",0.30276008964670803,1e-12,0.8948970741297559,0.836139122350819,0.836139122350819,0.8879519655648518,0.8879519655648518,0.8879519655648518,"[{""class_index"":0,""support"":951,""weighted_support"":101745.0,""prevalence"":0.29416271539262173,""predicted_support"":748,""predicted_weight"":75710.0,""precision"":0.9318584070796461,""recall"":0.6934099955771782,""f1"":0.7951424304753317,""auroc"":0.8879519655648519,""recall_defined"":true,""auroc_defined"":true},{""class_index"":1,""support"":2028,""weighted_support"":244135.0,""prevalence"":0.7058372846073783,""predicted_support"":2231,""predicted_weight"":270170.0,""precision"":0.8845393641040826,""recall"":0.9788682491244598,""f1"":0.9293162617512954,""auroc"":0.8879519655648518,""recall_defined"":true,""auroc_defined"":true}]",5c6edd2809ef946de5a401f9b58c1ce410b5f13615706ff8a3e49cc28c55793f
2,E_F_D,public_coverage,source_validation,2979,2,"[0,1]",False,2979.0,"[2279,700]","[2279.0,700.0]","[0.765021819402484,0.23497818059751593]",True,True,"[true,true]",0.48939110781150785,1e-12,0.7771064115474992,0.5801523224471886,0.5801523224471886,0.721239265341942,0.7212392653419419,0.7212392653419419,"[{""class_index"":0,""support"":2279,""weighted_support"":2279.0,""prevalence"":0.765021819402484,""predicted_support"":2723,""predicted_weight"":2723.0,""precision"":0.7965479250826295,""recall"":0.9517332163229487,""f1"":0.8672530987604958,""auroc"":0.7212392653419418,""recall_defined"":true,""auroc_defined"":true},{""class_index"":1,""support"":700,""weighted_support"":700.0,""prevalence"":0.23497818059751593,""predicted_support"":256,""predicted_weight"":256.0,""precision"":0.5703125,""recall"":0.20857142857142857,""f1"":0.3054393305439331,""auroc"":0.721239265341942,""recall_defined"":true,""auroc_defined"":true}]",496362e1c87da42dca4e5adcf20e3d2dd4f5f98867377ee91a6bb9817e0759c2
2,E_F_D,public_coverage,source_validation_person_weighted,2979,2,"[0,1]",True,345880.0,"[2279,700]","[261520.0,84360.0]","[0.7561003816352492,0.24389961836475077]",True,True,"[true,true]",0.506575126822206,1e-12,0.7654012952469065,0.5658909557590951,0.5658909557590951,0.7049148362244448,0.7049148362244448,0.7049148362244448,"[{""class_index"":0,""support"":2279,""weighted_support"":261520.0,""prevalence"":0.7561003816352492,""predicted_support"":2723,""predicted_weight"":319339.0,""precision"":0.7824224413554248,""recall"":0.9554068522483941,""f1"":0.8603051687242514,""auroc"":0.7049148362244447,""recall_defined"":true,""auroc_defined"":true},{""class_index"":1,""support"":700,""weighted_support"":84360.0,""prevalence"":0.24389961836475077,""predicted_support"":256,""predicted_weight"":26541.0,""precision"":0.5606043479899024,""recall"":0.1763750592697961,""f1"":0.26832941091604223,""auroc"":0.7049148362244448,""recall_defined"":true,""auroc_defined"":true}]",496362e1c87da42dca4e5adcf20e3d2dd4f5f98867377ee91a6bb9817e0759c2
2,E_F_D,income_binary,development_evaluation,2979,2,"[0,1]",False,2979.0,"[2411,568]","[2411.0,568.0]","[0.8093319906008728,0.19066800939912723]",True,True,"[true,true]",0.29746272446050687,1e-12,0.8640483383685801,0.7269253743114015,0.7269253743114015,0.9026797658618656,0.9026797658618655,0.9026797658618655,"[{""class_index"":0,""support"":2411,""weighted_support"":2411.0,""prevalence"":0.8093319906008728,""predicted_support"":2568,""predicted_weight"":2568.0,""precision"":0.8905763239875389,""recall"":0.9485690584819577,""f1"":0.9186583651335609,""auroc"":0.9026797658618654,""recall_defined"":true,""auroc_defined"":true},{""class_index"":1,""support"":568,""weighted_support"":568.0,""prevalence"":0.19066800939912723,""predicted_support"":411,""predicted_weight"":411.0,""precision"":0.6982968369829684,""recall"":0.5052816901408451,""f1"":0.5863125638406538,""auroc"":0.9026797658618656,""recall_defined"":true,""auroc_defined"":true}]",2c97b7223d23d9dec5d6585cb072617615a8a7b5a2813b9b4043123685fab2e6
2,E_F_D,income_binary,development_evaluation_person_weighted,2979,2,"[0,1]",True,333421.0,"[2411,568]","[268605.0,64816.0]","[0.8056031263777627,0.19439687362223734]",True,True,"[true,true]",0.31089498672319055,1e-12,0.857231548102849,0.7084078498368637,0.7084078498368637,0.8951276583831919,0.8951276583831919,0.8951276583831919,"[{""class_index"":0,""support"":2411,""weighted_support"":268605.0,""prevalence"":0.8056031263777627,""predicted_support"":2568,""predicted_weight"":290367.0,""precision"":0.8805580523957612,""recall"":0.9518996295675807,""f1"":0.9148400993251898,""auroc"":0.8951276583831919,""recall_defined"":true,""auroc_defined"":true},{""class_index"":1,""support"":568,""weighted_support"":64816.0,""prevalence"":0.19439687362223734,""predicted_support"":411,""predicted_weight"":43054.0,""precision"":0.6999117387466902,""recall"":0.4649160701061466,""f1"":0.5587095578010568,""auroc"":0.8951276583831919,""recall_defined"":true,""auroc_defined"":true}]",2c97b7223d23d9dec5d6585cb072617615a8a7b5a2813b9b4043123685fab2e6
2,E_F_D,civilian_at_work,development_evaluation,2979,2,"[0,1]",False,2979.0,"[996,1983]","[996.0,1983.0]","[0.33434038267875127,0.6656596173212488]",True,True,"[true,true]",0.30567337838341563,1e-12,0.8942598187311178,0.8548604402481332,0.8548604402481332,0.8980452824915394,0.8980452824915395,0.8980452824915395,"[{""class_index"":0,""support"":996,""weighted_support"":996.0,""prevalence"":0.33434038267875127,""predicted_support"":785,""predicted_weight"":785.0,""precision"":0.9337579617834395,""recall"":0.7359437751004017,""f1"":0.8231330713082537,""auroc"":0.8980452824915395,""recall_defined"":true,""auroc_defined"":true},{""class_index"":1,""support"":1983,""weighted_support"":1983.0,""prevalence"":0.6656596173212488,""predicted_support"":2194,""predicted_weight"":2194.0,""precision"":0.8801276207839562,""recall"":0.9737771053958648,""f1"":0.9245870241800335,""auroc"":0.8980452824915394,""recall_defined"":true,""auroc_defined"":true}]",fbbcc1e73fda1ace8ba8509e011df39dd5b70ac52c437cc82feb629e858bd1a8
2,E_F_D,civilian_at_work,development_evaluation_person_weighted,2979,2,"[0,1]",True,333421.0,"[996,1983]","[102135.0,231286.0]","[0.30632443667315495,0.693675563326845]",True,True,"[true,true]",0.2956306847256955,1e-12,0.8980448142138617,0.8451764373571085,0.8451764373571085,0.8950034119337992,0.8950034119337991,0.8950034119337991,"[{""class_index"":0,""support"":996,""weighted_support"":102135.0,""prevalence"":0.30632443667315495,""predicted_support"":785,""predicted_weight"":76623.0,""precision"":0.9446510838782088,""recall"":0.7086894796103197,""f1"":0.809832287226306,""auroc"":0.8950034119337991,""recall_defined"":true,""auroc_defined"":true},{""class_index"":1,""support"":1983,""weighted_support"":231286.0,""prevalence"":0.693675563326845,""predicted_support"":2194,""predicted_weight"":256798.0,""precision"":0.8841385057516025,""recall"":0.9816633951038973,""f1"":0.9303521524983405,""auroc"":0.8950034119337992,""recall_defined"":true,""auroc_defined"":true}]",fbbcc1e73fda1ace8ba8509e011df39dd5b70ac52c437cc82feb629e858bd1a8
2,E_F_D,public_coverage,development_evaluation,2979,2,"[0,1]",False,2979.0,"[2231,748]","[2231.0,748.0]","[0.7489090298757972,0.25109097012420273]",True,True,"[true,true]",0.49732055019932575,1e-12,0.7656931856327627,0.5889642662818764,0.5889642662818764,0.736177992650954,0.736177992650954,0.736177992650954,"[{""class_index"":0,""support"":2231,""weighted_support"":2231.0,""prevalence"":0.7489090298757972,""predicted_support"":2679,""predicted_weight"":2679.0,""precision"":0.786114221724524,""recall"":0.9439713133124159,""f1"":0.8578411405295315,""auroc"":0.7361779926509538,""recall_defined"":true,""auroc_defined"":true},{""class_index"":1,""support"":748,""weighted_support"":748.0,""prevalence"":0.25109097012420273,""predicted_support"":300,""predicted_weight"":300.0,""precision"":0.5833333333333334,""recall"":0.2339572192513369,""f1"":0.33396946564885494,""auroc"":0.736177992650954,""recall_defined"":true,""auroc_defined"":true}]",4709625a8b918591454adf46aede107fb94e140a842b7e2298bce38da8545bf3
2,E_F_D,public_coverage,development_evaluation_person_weighted,2979,2,"[0,1]",True,333421.0,"[2231,748]","[248778.0,84643.0]","[0.7461377657676032,0.2538622342323969]",True,True,"[true,true]",0.5107671625608473,1e-12,0.7562691012263775,0.5718981309744259,0.5718981309744259,0.7179372610281356,0.7179372610281356,0.7179372610281356,"[{""class_index"":0,""support"":2231,""weighted_support"":248778.0,""prevalence"":0.7461377657676032,""predicted_support"":2679,""predicted_weight"":303387.0,""precision"":0.776071486253531,""recall"":0.9464261309279759,""f1"":0.8528247896914871,""auroc"":0.7179372610281356,""recall_defined"":true,""auroc_defined"":true},{""class_index"":1,""support"":748,""weighted_support"":84643.0,""prevalence"":0.2538622342323969,""predicted_support"":300,""predicted_weight"":30034.0,""precision"":0.5562362655656922,""recall"":0.19737013102087592,""f1"":0.2913574648796184,""auroc"":0.7179372610281356,""recall_defined"":true,""auroc_defined"":true}]",4709625a8b918591454adf46aede107fb94e140a842b7e2298bce38da8545bf3
2,E_K_I,income_binary,source_validation,2979,2,"[0,1]",False,2979.0,"[2393,586]","[2393.0,586.0]","[0.8032896945283652,0.1967103054716348]",True,True,"[true,true]",0.7064011337646497,1e-12,0.4551863041289023,0.5449119944548163,0.5449119944548163,0.5927131750883192,0.5927131750883192,0.5927131750883192,"[{""class_index"":0,""support"":2393,""weighted_support"":2393.0,""prevalence"":0.8032896945283652,""predicted_support"":1130,""predicted_weight"":1130.0,""precision"":0.8407079646017699,""recall"":0.3969912244045132,""f1"":0.5393130854385467,""auroc"":0.5927131750883193,""recall_defined"":true,""auroc_defined"":true},{""class_index"":1,""support"":586,""weighted_support"":586.0,""prevalence"":0.1967103054716348,""predicted_support"":1849,""predicted_weight"":1849.0,""precision"":0.21957815035154138,""recall"":0.6928327645051194,""f1"":0.33347022587268993,""auroc"":0.5927131750883192,""recall_defined"":true,""auroc_defined"":true}]",3d834c455f16255cf1fc212cdfec03a1514d8c885164b11d9b376c838fc8adbb
2,E_K_I,income_binary,source_validation_person_weighted,2979,2,"[0,1]",True,345880.0,"[2393,586]","[279947.0,65933.0]","[0.8093760841910489,0.19062391580895108]",True,True,"[true,true]",0.7086848270216822,1e-12,0.43561061639875104,0.5195679495636146,0.5195679495636146,0.5693216532032362,0.5693216532032362,0.5693216532032362,"[{""class_index"":0,""support"":2393,""weighted_support"":279947.0,""prevalence"":0.8093760841910489,""predicted_support"":1130,""predicted_weight"":130196.0,""precision"":0.8254170635042551,""recall"":0.38387980582038744,""f1"":0.5240416147538786,""auroc"":0.5693216532032362,""recall_defined"":true,""auroc_defined"":true},{""class_index"":1,""support"":586,""weighted_support"":65933.0,""prevalence"":0.19062391580895108,""predicted_support"":1849,""predicted_weight"":215684.0,""precision"":0.200306930509449,""recall"":0.6552560933068418,""f1"":0.30682096606383846,""auroc"":0.5693216532032362,""recall_defined"":true,""auroc_defined"":true}]",3d834c455f16255cf1fc212cdfec03a1514d8c885164b11d9b376c838fc8adbb
2,E_K_I,civilian_at_work,source_validation,2979,2,"[0,1]",False,2979.0,"[951,2028]","[951.0,2028.0]","[0.3192346424974824,0.6807653575025177]",True,True,"[true,true]",0.7240266364637508,1e-12,0.32494125545485064,0.5025160373073501,0.5025160373073501,0.524166402229979,0.524166402229979,0.524166402229979,"[{""class_index"":0,""support"":951,""weighted_support"":951.0,""prevalence"":0.3192346424974824,""predicted_support"":2950,""predicted_weight"":2950.0,""precision"":0.32033898305084746,""recall"":0.9936908517350158,""f1"":0.484491156113817,""auroc"":0.524166402229979,""recall_defined"":true,""auroc_defined"":true},{""class_index"":1,""support"":2028,""weighted_support"":2028.0,""prevalence"":0.6807653575025177,""predicted_support"":29,""predicted_weight"":29.0,""precision"":0.7931034482758621,""recall"":0.011341222879684419,""f1"":0.02236266407389402,""auroc"":0.524166402229979,""recall_defined"":true,""auroc_defined"":true}]",853f27ca26f4c81f1006ecfb9e09ebfd0f121243800b868f003dcfc940acd563
2,E_K_I,civilian_at_work,source_validation_person_weighted,2979,2,"[0,1]",True,345880.0,"[951,2028]","[101745.0,244135.0]","[0.29416271539262173,0.7058372846073783]",True,True,"[true,true]",0.7284033984428872,1e-12,0.30120851162252804,0.5036583083605486,0.5036583083605486,0.5203668169160742,0.5203668169160742,0.5203668169160742,"[{""class_index"":0,""support"":951,""weighted_support"":101745.0,""prevalence"":0.29416271539262173,""predicted_support"":2950,""predicted_weight"":342513.0,""precision"":0.29569680566868994,""recall"":0.9954297508477075,""f1"":0.45595127155841875,""auroc"":0.5203668169160742,""recall_defined"":true,""auroc_defined"":true},{""class_index"":1,""support"":2028,""weighted_support"":244135.0,""prevalence"":0.7058372846073783,""predicted_support"":29,""predicted_weight"":3367.0,""precision"":0.8618948618948619,""recall"":0.011886865873389723,""f1"":0.023450315553005634,""auroc"":0.5203668169160742,""recall_defined"":true,""auroc_defined"":true}]",853f27ca26f4c81f1006ecfb9e09ebfd0f121243800b868f003dcfc940acd563
2,E_K_I,public_coverage,source_validation,2979,2,"[0,1]",False,2979.0,"[2279,700]","[2279.0,700.0]","[0.765021819402484,0.23497818059751593]",True,True,"[true,true]",0.7151557331589611,1e-12,0.4155756965424639,0.49381652353789257,0.49381652353789257,0.5111806556760483,0.5111806556760483,0.5111806556760483,"[{""class_index"":0,""support"":2279,""weighted_support"":2279.0,""prevalence"":0.765021819402484,""predicted_support"":1040,""predicted_weight"":1040.0,""precision"":0.7586538461538461,""recall"":0.3462044756472137,""f1"":0.4754444109671588,""auroc"":0.5111806556760484,""recall_defined"":true,""auroc_defined"":true},{""class_index"":1,""support"":700,""weighted_support"":700.0,""prevalence"":0.23497818059751593,""predicted_support"":1939,""predicted_weight"":1939.0,""precision"":0.23156266116554924,""recall"":0.6414285714285715,""f1"":0.3402804092459265,""auroc"":0.5111806556760483,""recall_defined"":true,""auroc_defined"":true}]",b0e2e030b78734443202b19ff4c183b3b03c2b4ebdc29ddba177e53015454d52
2,E_K_I,public_coverage,source_validation_person_weighted,2979,2,"[0,1]",True,345880.0,"[2279,700]","[261520.0,84360.0]","[0.7561003816352492,0.24389961836475077]",True,True,"[true,true]",0.7123928385951892,1e-12,0.44019313056551407,0.5134414687102616,0.5134414687102616,0.5141536164556669,0.5141536164556669,0.5141536164556669,"[{""class_index"":0,""support"":2279,""weighted_support"":261520.0,""prevalence"":0.7561003816352492,""predicted_support"":1040,""predicted_weight"":125858.0,""precision"":0.7697246102750719,""recall"":0.37043438360354847,""f1"":0.5001626318479625,""auroc"":0.5141536164556669,""recall_defined"":true,""auroc_defined"":true},{""class_index"":1,""support"":700,""weighted_support"":84360.0,""prevalence"":0.24389961836475077,""predicted_support"":1939,""predicted_weight"":220022.0,""precision"":0.2516930125169301,""recall"":0.6564485538169749,""f1"":0.36387171383327527,""auroc"":0.5141536164556669,""recall_defined"":true,""auroc_defined"":true}]",b0e2e030b78734443202b19ff4c183b3b03c2b4ebdc29ddba177e53015454d52
2,E_K_I,income_binary,development_evaluation,2979,2,"[0,1]",False,2979.0,"[2411,568]","[2411.0,568.0]","[0.8093319906008728,0.19066800939912723]",True,True,"[true,true]",0.7061885560187966,1e-12,0.44478012755958374,0.5425959948826096,0.5425959948826096,0.6023178682213564,0.6023178682213564,0.6023178682213564,"[{""class_index"":0,""support"":2411,""weighted_support"":2411.0,""prevalence"":0.8093319906008728,""predicted_support"":1097,""predicted_weight"":1097.0,""precision"":0.845031905195989,""recall"":0.3844877644131066,""f1"":0.5285062713797035,""auroc"":0.6023178682213564,""recall_defined"":true,""auroc_defined"":true},{""class_index"":1,""support"":568,""weighted_support"":568.0,""prevalence"":0.19066800939912723,""predicted_support"":1882,""predicted_weight"":1882.0,""precision"":0.21147715196599362,""recall"":0.7007042253521126,""f1"":0.3248979591836735,""auroc"":0.6023178682213564,""recall_defined"":true,""auroc_defined"":true}]",0e665d2f278a78cff3978ddb669eeafccc64922f945600f1c29e8ddbad3e022a
2,E_K_I,income_binary,development_evaluation_person_weighted,2979,2,"[0,1]",True,333421.0,"[2411,568]","[268605.0,64816.0]","[0.8056031263777627,0.19439687362223734]",True,True,"[true,true]",0.7090079944783105,1e-12,0.4341118285890811,0.5322998647169844,0.5322998647169844,0.5862941492211804,0.5862941492211804,0.5862941492211804,"[{""class_index"":0,""support"":2411,""weighted_support"":268605.0,""prevalence"":0.8056031263777627,""predicted_support"":1097,""predicted_weight"":119730.0,""precision"":0.8337759959909797,""recall"":0.3716535433070866,""f1"":0.5141334157364131,""auroc"":0.5862941492211804,""recall_defined"":true,""auroc_defined"":true},{""class_index"":1,""support"":568,""weighted_support"":64816.0,""prevalence"":0.19439687362223734,""predicted_support"":1882,""predicted_weight"":213691.0,""precision"":0.21018199175444918,""recall"":0.6929461861268823,""f1"":0.322534083523933,""auroc"":0.5862941492211804,""recall_defined"":true,""auroc_defined"":true}]",0e665d2f278a78cff3978ddb669eeafccc64922f945600f1c29e8ddbad3e022a
2,E_K_I,civilian_at_work,development_evaluation,2979,2,"[0,1]",False,2979.0,"[996,1983]","[996.0,1983.0]","[0.33434038267875127,0.6656596173212488]",True,True,"[true,true]",0.7220032281906142,1e-12,0.33903994629070155,0.5000318976359295,0.5000318976359295,0.5161014709366969,0.5161014709366969,0.5161014709366969,"[{""class_index"":0,""support"":996,""weighted_support"":996.0,""prevalence"":0.33434038267875127,""predicted_support"":2937,""predicted_weight"":2937.0,""precision"":0.33435478379298605,""recall"":0.9859437751004017,""f1"":0.4993643529112637,""auroc"":0.5161014709366969,""recall_defined"":true,""auroc_defined"":true},{""class_index"":1,""support"":1983,""weighted_support"":1983.0,""prevalence"":0.6656596173212488,""predicted_support"":42,""predicted_weight"":42.0,""precision"":0.6666666666666666,""recall"":0.014120020171457387,""f1"":0.027654320987654323,""auroc"":0.5161014709366969,""recall_defined"":true,""auroc_defined"":true}]",d966db2df307f435c9328fa0a19af8958a298fb17d58bbba84a5e4464e8aa2b8
2,E_K_I,civilian_at_work,development_evaluation_person_weighted,2979,2,"[0,1]",True,333421.0,"[996,1983]","[102135.0,231286.0]","[0.30632443667315495,0.693675563326845]",True,True,"[true,true]",0.725620775558063,1e-12,0.31354053883828553,0.5021779290656796,0.5021779290656796,0.5224477360067377,0.5224477360067377,0.5224477360067377,"[{""class_index"":0,""support"":996,""weighted_support"":102135.0,""prevalence"":0.30632443667315495,""predicted_support"":2937,""predicted_weight"":328803.0,""precision"":0.3072630115905268,""recall"":0.989171194987027,""f1"":0.4688795139904116,""auroc"":0.5224477360067377,""recall_defined"":true,""auroc_defined"":true},{""class_index"":1,""support"":1983,""weighted_support"":231286.0,""prevalence"":0.693675563326845,""predicted_support"":42,""predicted_weight"":4618.0,""precision"":0.7605023819835427,""recall"":0.015184663144332125,""f1"":0.029774823657080847,""auroc"":0.5224477360067377,""recall_defined"":true,""auroc_defined"":true}]",d966db2df307f435c9328fa0a19af8958a298fb17d58bbba84a5e4464e8aa2b8
2,E_K_I,public_coverage,development_evaluation,2979,2,"[0,1]",False,2979.0,"[2231,748]","[2231.0,748.0]","[0.7489090298757972,0.25109097012420273]",True,True,"[true,true]",0.7081701638214184,1e-12,0.44410876132930516,0.520892707761561,0.520892707761561,0.5483335810180802,0.5483335810180802,0.5483335810180802,"[{""class_index"":0,""support"":2231,""weighted_support"":2231.0,""prevalence"":0.7489090298757972,""predicted_support"":1061,""predicted_weight"":1061.0,""precision"":0.7709707822808671,""recall"":0.36665172568355,""f1"":0.49696233292831105,""auroc"":0.5483335810180802,""recall_defined"":true,""auroc_defined"":true},{""class_index"":1,""support"":748,""weighted_support"":748.0,""prevalence"":0.25109097012420273,""predicted_support"":1918,""predicted_weight"":1918.0,""precision"":0.26329509906152243,""recall"":0.6751336898395722,""f1"":0.37884471117779445,""auroc"":0.5483335810180802,""recall_defined"":true,""auroc_defined"":true}]",a75d9184226f9f3496deebc8099c857600e2b24a55acd3c5093cab8ebec46290
2,E_K_I,public_coverage,development_evaluation_person_weighted,2979,2,"[0,1]",True,333421.0,"[2231,748]","[248778.0,84643.0]","[0.7461377657676032,0.2538622342323969]",True,True,"[true,true]",0.7068069054181354,1e-12,0.4500316416782386,0.5206824930939274,0.5206824930939274,0.5506135872750425,0.5506135872750425,0.5506135872750425,"[{""class_index"":0,""support"":2231,""weighted_support"":248778.0,""prevalence"":0.7461377657676032,""predicted_support"":1061,""predicted_weight"":122253.0,""precision"":0.7675067278512593,""recall"":0.3771635755573242,""f1"":0.5057798404985028,""auroc"":0.5506135872750425,""recall_defined"":true,""auroc_defined"":true},{""class_index"":1,""support"":748,""weighted_support"":84643.0,""prevalence"":0.2538622342323969,""predicted_support"":1918,""predicted_weight"":211168.0,""precision"":0.2662335202303379,""recall"":0.6642014106305306,""f1"":0.38010756868405843,""auroc"":0.5506135872750425,""recall_defined"":true,""auroc_defined"":true}]",a75d9184226f9f3496deebc8099c857600e2b24a55acd3c5093cab8ebec46290
2,E_K_W,income_binary,source_validation,2979,2,"[0,1]",False,2979.0,"[2393,586]","[2393.0,586.0]","[0.8032896945283652,0.1967103054716348]",True,True,"[true,true]",0.352068803246213,1e-12,0.8348439073514602,0.6542992288372371,0.6542992288372371,0.8663368984338564,0.8663368984338564,0.8663368984338564,"[{""class_index"":0,""support"":2393,""weighted_support"":2393.0,""prevalence"":0.8032896945283652,""predicted_support"":2655,""predicted_weight"":2655.0,""precision"":0.8580037664783428,""recall"":0.9519431675720853,""f1"":0.9025356576862124,""auroc"":0.8663368984338564,""recall_defined"":true,""auroc_defined"":true},{""class_index"":1,""support"":586,""weighted_support"":586.0,""prevalence"":0.1967103054716348,""predicted_support"":324,""predicted_weight"":324.0,""precision"":0.6450617283950617,""recall"":0.35665529010238906,""f1"":0.4593406593406593,""auroc"":0.8663368984338564,""recall_defined"":true,""auroc_defined"":true}]",551926e689da85bdd7dc313b6812a3c763ff29c4abcb649562dfcd7ccd7136c3
2,E_K_W,income_binary,source_validation_person_weighted,2979,2,"[0,1]",True,345880.0,"[2393,586]","[279947.0,65933.0]","[0.8093760841910489,0.19062391580895108]",True,True,"[true,true]",0.3492520717144829,1e-12,0.836073204579623,0.6362609678983108,0.6362609678983108,0.8651531502792251,0.865153150279225,0.865153150279225,"[{""class_index"":0,""support"":2393,""weighted_support"":279947.0,""prevalence"":0.8093760841910489,""predicted_support"":2655,""predicted_weight"":313796.0,""precision"":0.8557215515812822,""recall"":0.959188703576034,""f1"":0.9045058215423172,""auroc"":0.8651531502792249,""recall_defined"":true,""auroc_defined"":true},{""class_index"":1,""support"":586,""weighted_support"":65933.0,""prevalence"":0.19062391580895108,""predicted_support"":324,""predicted_weight"":32084.0,""precision"":0.6439035033038275,""recall"":0.31333323222058757,""f1"":0.4215391207647653,""auroc"":0.8651531502792251,""recall_defined"":true,""auroc_defined"":true}]",551926e689da85bdd7dc313b6812a3c763ff29c4abcb649562dfcd7ccd7136c3
2,E_K_W,civilian_at_work,source_validation,2979,2,"[0,1]",False,2979.0,"[951,2028]","[951.0,2028.0]","[0.3192346424974824,0.6807653575025177]",True,True,"[true,true]",0.3797294352163212,1e-12,0.8727760993622021,0.8197226214697703,0.8197226214697703,0.866147333752284,0.866147333752284,0.866147333752284,"[{""class_index"":0,""support"":951,""weighted_support"":951.0,""prevalence"":0.3192346424974824,""predicted_support"":708,""predicted_weight"":708.0,""precision"":0.903954802259887,""recall"":0.6729758149316509,""f1"":0.7715491259795058,""auroc"":0.8661473337522839,""recall_defined"":true,""auroc_defined"":true},{""class_index"":1,""support"":2028,""weighted_support"":2028.0,""prevalence"":0.6807653575025177,""predicted_support"":2271,""predicted_weight"":2271.0,""precision"":0.8630559225011009,""recall"":0.9664694280078896,""f1"":0.9118399627820424,""auroc"":0.866147333752284,""recall_defined"":true,""auroc_defined"":true}]",d159327b560ccea92b3485c19cf4c12ebf422b971b53718498ee8ede29100a01
2,E_K_W,civilian_at_work,source_validation_person_weighted,2979,2,"[0,1]",True,345880.0,"[951,2028]","[101745.0,244135.0]","[0.29416271539262173,0.7058372846073783]",True,True,"[true,true]",0.37447653851981694,1e-12,0.8793714583092402,0.8164249971489228,0.8164249971489228,0.8567386267757358,0.8567386267757358,0.8567386267757358,"[{""class_index"":0,""support"":951,""weighted_support"":101745.0,""prevalence"":0.29416271539262173,""predicted_support"":708,""predicted_weight"":74998.0,""precision"":0.9001573375290007,""recall"":0.6635215489704653,""f1"":0.7639340737681266,""auroc"":0.8567386267757358,""recall_defined"":true,""auroc_defined"":true},{""class_index"":1,""support"":2028,""weighted_support"":244135.0,""prevalence"":0.7058372846073783,""predicted_support"":2271,""predicted_weight"":270882.0,""precision"":0.8736165562865011,""recall"":0.9693284453273804,""f1"":0.9189871402303225,""auroc"":0.8567386267757358,""recall_defined"":true,""auroc_defined"":true}]",d159327b560ccea92b3485c19cf4c12ebf422b971b53718498ee8ede29100a01
2,E_K_W,public_coverage,source_validation,2979,2,"[0,1]",False,2979.0,"[2279,700]","[2279.0,700.0]","[0.765021819402484,0.23497818059751593]",True,True,"[true,true]",0.5020849493733491,1e-12,0.7683786505538771,0.5432699178837836,0.5432699178837836,0.7013345452266031,0.7013345452266031,0.7013345452266031,"[{""class_index"":0,""support"":2279,""weighted_support"":2279.0,""prevalence"":0.765021819402484,""predicted_support"":2823,""predicted_weight"":2823.0,""precision"":0.7814381863266029,""recall"":0.9679684071961386,""f1"":0.8647589180713445,""auroc"":0.7013345452266031,""recall_defined"":true,""auroc_defined"":true},{""class_index"":1,""support"":700,""weighted_support"":700.0,""prevalence"":0.23497818059751593,""predicted_support"":156,""predicted_weight"":156.0,""precision"":0.532051282051282,""recall"":0.11857142857142858,""f1"":0.1939252336448598,""auroc"":0.7013345452266031,""recall_defined"":true,""auroc_defined"":true}]",2a9edd9bddf3669d912614eebd500058f384480ffd7877415ba51bf3908da71c
2,E_K_W,public_coverage,source_validation_person_weighted,2979,2,"[0,1]",True,345880.0,"[2279,700]","[261520.0,84360.0]","[0.7561003816352492,0.24389961836475077]",True,True,"[true,true]",0.5141795324120285,1e-12,0.7612669133803631,0.5412827836852969,0.5412827836852969,0.6935835750948134,0.6935835750948135,0.6935835750948135,"[{""class_index"":0,""support"":2279,""weighted_support"":261520.0,""prevalence"":0.7561003816352492,""predicted_support"":2823,""predicted_weight"":328805.0,""precision"":0.7721172123294963,""recall"":0.9707708779443255,""f1"":0.8601228137043154,""auroc"":0.6935835750948136,""recall_defined"":true,""auroc_defined"":true},{""class_index"":1,""support"":700,""weighted_support"":84360.0,""prevalence"":0.24389961836475077,""predicted_support"":156,""predicted_weight"":17075.0,""precision"":0.5523279648609077,""recall"":0.11179468942626837,""f1"":0.18595159461724256,""auroc"":0.6935835750948134,""recall_defined"":true,""auroc_defined"":true}]",2a9edd9bddf3669d912614eebd500058f384480ffd7877415ba51bf3908da71c
2,E_K_W,income_binary,development_evaluation,2979,2,"[0,1]",False,2979.0,"[2411,568]","[2411.0,568.0]","[0.8093319906008728,0.19066800939912723]",True,True,"[true,true]",0.3315267638921597,1e-12,0.851963746223565,0.6864875482676231,0.6864875482676231,0.8793623416150157,0.8793623416150157,0.8793623416150157,"[{""class_index"":0,""support"":2411,""weighted_support"":2411.0,""prevalence"":0.8093319906008728,""predicted_support"":2630,""predicted_weight"":2630.0,""precision"":0.8745247148288974,""recall"":0.953961012028204,""f1"":0.9125173576671295,""auroc"":0.8793623416150157,""recall_defined"":true,""auroc_defined"":true},{""class_index"":1,""support"":568,""weighted_support"":568.0,""prevalence"":0.19066800939912723,""predicted_support"":349,""predicted_weight"":349.0,""precision"":0.6819484240687679,""recall"":0.41901408450704225,""f1"":0.5190839694656488,""auroc"":0.8793623416150157,""recall_defined"":true,""auroc_defined"":true}]",eef73cc578eb6ab6d7b070bebe5d2187dc37c0fa2649da4e3c0308ec3187c69c
2,E_K_W,income_binary,development_evaluation_person_weighted,2979,2,"[0,1]",True,333421.0,"[2411,568]","[268605.0,64816.0]","[0.8056031263777627,0.19439687362223734]",True,True,"[true,true]",0.3451676761162928,1e-12,0.8497335200842179,0.6742274297840837,0.6742274297840837,0.8642598412709703,0.8642598412709703,0.8642598412709703,"[{""class_index"":0,""support"":2411,""weighted_support"":268605.0,""prevalence"":0.8056031263777627,""predicted_support"":2630,""predicted_weight"":297957.0,""precision"":0.8666686803800548,""recall"":0.9613745090374342,""f1"":0.9115683720404828,""auroc"":0.8642598412709703,""recall_defined"":true,""auroc_defined"":true},{""class_index"":1,""support"":568,""weighted_support"":64816.0,""prevalence"":0.19439687362223734,""predicted_support"":349,""predicted_weight"":35464.0,""precision"":0.7074498082562599,""recall"":0.38708035053073314,""f1"":0.5003789389708815,""auroc"":0.8642598412709703,""recall_defined"":true,""auroc_defined"":true}]",eef73cc578eb6ab6d7b070bebe5d2187dc37c0fa2649da4e3c0308ec3187c69c
2,E_K_W,civilian_at_work,development_evaluation,2979,2,"[0,1]",False,2979.0,"[996,1983]","[996.0,1983.0]","[0.33434038267875127,0.6656596173212488]",True,True,"[true,true]",0.37738075885537026,1e-12,0.8707620006713662,0.8217187965173858,0.8217187965173858,0.8720537723258136,0.8720537723258136,0.8720537723258136,"[{""class_index"":0,""support"":996,""weighted_support"":996.0,""prevalence"":0.33434038267875127,""predicted_support"":731,""predicted_weight"":731.0,""precision"":0.9179206566347469,""recall"":0.6736947791164659,""f1"":0.7770700636942676,""auroc"":0.8720537723258136,""recall_defined"":true,""auroc_defined"":true},{""class_index"":1,""support"":1983,""weighted_support"":1983.0,""prevalence"":0.6656596173212488,""predicted_support"":2248,""predicted_weight"":2248.0,""precision"":0.8554270462633452,""recall"":0.9697428139183056,""f1"":0.9090049633656346,""auroc"":0.8720537723258136,""recall_defined"":true,""auroc_defined"":true}]",1619962d7c599e9cfd09e20664996bb1cd81e96f1f61de52a9fcb1a1934f72fd
2,E_K_W,civilian_at_work,development_evaluation_person_weighted,2979,2,"[0,1]",True,333421.0,"[996,1983]","[102135.0,231286.0]","[0.30632443667315495,0.693675563326845]",True,True,"[true,true]",0.3628647242097574,1e-12,0.8816901154996236,0.822456112506872,0.822456112506872,0.8688976820712894,0.8688976820712894,0.8688976820712894,"[{""class_index"":0,""support"":996,""weighted_support"":102135.0,""prevalence"":0.30632443667315495,""predicted_support"":731,""predicted_weight"":74078.0,""precision"":0.9231215745565485,""recall"":0.6695354188084398,""f1"":0.7761402393693996,""auroc"":0.8688976820712894,""recall_defined"":true,""auroc_defined"":true},{""class_index"":1,""support"":1983,""weighted_support"":231286.0,""prevalence"":0.693675563326845,""predicted_support"":2248,""predicted_weight"":259343.0,""precision"":0.8698557508781807,""recall"":0.9753768062053042,""f1"":0.9195991268351442,""auroc"":0.8688976820712894,""recall_defined"":true,""auroc_defined"":true}]",1619962d7c599e9cfd09e20664996bb1cd81e96f1f61de52a9fcb1a1934f72fd
2,E_K_W,public_coverage,development_evaluation,2979,2,"[0,1]",False,2979.0,"[2231,748]","[2231.0,748.0]","[0.7489090298757972,0.25109097012420273]",True,True,"[true,true]",0.5112452770251912,1e-12,0.7663645518630413,0.5654184354154033,0.5654184354154033,0.7076746716778883,0.7076746716778883,0.7076746716778883,"[{""class_index"":0,""support"":2231,""weighted_support"":2231.0,""prevalence"":0.7489090298757972,""predicted_support"":2789,""predicted_weight"":2789.0,""precision"":0.77518823951237,""recall"":0.9690721649484536,""f1"":0.8613545816733068,""auroc"":0.7076746716778883,""recall_defined"":true,""auroc_defined"":true},{""class_index"":1,""support"":748,""weighted_support"":748.0,""prevalence"":0.25109097012420273,""predicted_support"":190,""predicted_weight"":190.0,""precision"":0.6368421052631579,""recall"":0.16176470588235295,""f1"":0.2579957356076759,""auroc"":0.7076746716778883,""recall_defined"":true,""auroc_defined"":true}]",5f2d46cccd0dc6f1e08d605a52c0c1fbdc2aa4d3700b3fd1d1dfbb65eb34d373
2,E_K_W,public_coverage,development_evaluation_person_weighted,2979,2,"[0,1]",True,333421.0,"[2231,748]","[248778.0,84643.0]","[0.7461377657676032,0.2538622342323969]",True,True,"[true,true]",0.5196832716036328,1e-12,0.7608309014729127,0.5566492719970144,0.5566492719970144,0.6964336045061899,0.6964336045061899,0.6964336045061899,"[{""class_index"":0,""support"":2231,""weighted_support"":248778.0,""prevalence"":0.7461377657676032,""predicted_support"":2789,""predicted_weight"":314302.0,""precision"":0.7689037931670814,""recall"":0.9714203024383185,""f1"":0.8583789159622078,""auroc"":0.6964336045061899,""recall_defined"":true,""auroc_defined"":true},{""class_index"":1,""support"":748,""weighted_support"":84643.0,""prevalence"":0.2538622342323969,""predicted_support"":190,""predicted_weight"":19119.0,""precision"":0.628118625451122,""recall"":0.14187824155571047,""f1"":0.23147202251305873,""auroc"":0.6964336045061899,""recall_defined"":true,""auroc_defined"":true}]",5f2d46cccd0dc6f1e08d605a52c0c1fbdc2aa4d3700b3fd1d1dfbb65eb34d373
2,E_K_C,income_binary,source_validation,2979,2,"[0,1]",False,2979.0,"[2393,586]","[2393.0,586.0]","[0.8032896945283652,0.1967103054716348]",True,True,"[true,true]",0.33803991420513846,1e-12,0.8418932527693856,0.6709287184321735,0.6709287184321735,0.8776568889066375,0.8776568889066376,0.8776568889066376,"[{""class_index"":0,""support"":2393,""weighted_support"":2393.0,""prevalence"":0.8032896945283652,""predicted_support"":2638,""predicted_weight"":2638.0,""precision"":0.8642911296436695,""recall"":0.9527789385708316,""f1"":0.9063804412641622,""auroc"":0.8776568889066376,""recall_defined"":true,""auroc_defined"":true},{""class_index"":1,""support"":586,""weighted_support"":586.0,""prevalence"":0.1967103054716348,""predicted_support"":341,""predicted_weight"":341.0,""precision"":0.6686217008797654,""recall"":0.3890784982935154,""f1"":0.4919093851132686,""auroc"":0.8776568889066375,""recall_defined"":true,""auroc_defined"":true}]",ee2452efa3f481a4ece8770ff88314bd5dde3cf303ea21c9216033ded5f2ff73
2,E_K_C,income_binary,source_validation_person_weighted,2979,2,"[0,1]",True,345880.0,"[2393,586]","[279947.0,65933.0]","[0.8093760841910489,0.19062391580895108]",True,True,"[true,true]",0.33475067106055756,1e-12,0.841118306927258,0.6479172047288344,0.6479172047288344,0.8770118530333184,0.8770118530333184,0.8770118530333184,"[{""class_index"":0,""support"":2393,""weighted_support"":279947.0,""prevalence"":0.8093760841910489,""predicted_support"":2638,""predicted_weight"":312595.0,""precision"":0.8598793966634143,""recall"":0.9601603160598257,""f1"":0.9072572070840548,""auroc"":0.8770118530333184,""recall_defined"":true,""auroc_defined"":true},{""class_index"":1,""support"":586,""weighted_support"":65933.0,""prevalence"":0.19062391580895108,""predicted_support"":341,""predicted_weight"":33285.0,""precision"":0.6649241400030044,""recall"":0.33567409339784327,""f1"":0.4461287266423431,""auroc"":0.8770118530333184,""recall_defined"":true,""auroc_defined"":true}]",ee2452efa3f481a4ece8770ff88314bd5dde3cf303ea21c9216033ded5f2ff73
2,E_K_C,civilian_at_work,source_validation,2979,2,"[0,1]",False,2979.0,"[951,2028]","[951.0,2028.0]","[0.3192346424974824,0.6807653575025177]",True,True,"[true,true]",0.35195340240595674,1e-12,0.8747901980530379,0.8256693359217019,0.8256693359217019,0.8750899603241268,0.8750899603241268,0.8750899603241268,"[{""class_index"":0,""support"":951,""weighted_support"":951.0,""prevalence"":0.3192346424974824,""predicted_support"":734,""predicted_weight"":734.0,""precision"":0.8937329700272479,""recall"":0.6898002103049422,""f1"":0.7786350148367952,""auroc"":0.8750899603241268,""recall_defined"":true,""auroc_defined"":true},{""class_index"":1,""support"":2028,""weighted_support"":2028.0,""prevalence"":0.6807653575025177,""predicted_support"":2245,""predicted_weight"":2245.0,""precision"":0.8685968819599109,""recall"":0.9615384615384616,""f1"":0.912707699508542,""auroc"":0.8750899603241268,""recall_defined"":true,""auroc_defined"":true}]",e3df15e333c9dd79665769b2ec90a980a7243f4068f6f5e8937512a73e035d0b
2,E_K_C,civilian_at_work,source_validation_person_weighted,2979,2,"[0,1]",True,345880.0,"[951,2028]","[101745.0,244135.0]","[0.29416271539262173,0.7058372846073783]",True,True,"[true,true]",0.3472554040345855,1e-12,0.8805221464091593,0.8199228823930074,0.8199228823930074,0.8670056168959728,0.8670056168959728,0.8670056168959728,"[{""class_index"":0,""support"":951,""weighted_support"":101745.0,""prevalence"":0.29416271539262173,""predicted_support"":734,""predicted_weight"":76472.0,""precision"":0.8950465529867141,""recall"":0.6727210182318542,""f1"":0.7681197641078011,""auroc"":0.8670056168959728,""recall_defined"":true,""auroc_defined"":true},{""class_index"":1,""support"":2028,""weighted_support"":244135.0,""prevalence"":0.7058372846073783,""predicted_support"":2245,""predicted_weight"":269408.0,""precision"":0.8763993645326048,""recall"":0.9671247465541606,""f1"":0.9195296206938854,""auroc"":0.8670056168959728,""recall_defined"":true,""auroc_defined"":true}]",e3df15e333c9dd79665769b2ec90a980a7243f4068f6f5e8937512a73e035d0b
2,E_K_C,public_coverage,source_validation,2979,2,"[0,1]",False,2979.0,"[2279,700]","[2279.0,700.0]","[0.765021819402484,0.23497818059751593]",True,True,"[true,true]",0.49478781520755905,1e-12,0.7734138972809668,0.5643769197016235,0.5643769197016235,0.710483294678117,0.710483294678117,0.710483294678117,"[{""class_index"":0,""support"":2279,""weighted_support"":2279.0,""prevalence"":0.765021819402484,""predicted_support"":2766,""predicted_weight"":2766.0,""precision"":0.7899493853940709,""recall"":0.958753839403247,""f1"":0.8662041625371655,""auroc"":0.710483294678117,""recall_defined"":true,""auroc_defined"":true},{""class_index"":1,""support"":700,""weighted_support"":700.0,""prevalence"":0.23497818059751593,""predicted_support"":213,""predicted_weight"":213.0,""precision"":0.5586854460093896,""recall"":0.17,""f1"":0.2606790799561884,""auroc"":0.710483294678117,""recall_defined"":true,""auroc_defined"":true}]",7e204a2bc1f5bb6d50e10f8461b0491d94f4a5865fcb7a3cc6efd02b5d605efb
2,E_K_C,public_coverage,source_validation_person_weighted,2979,2,"[0,1]",True,345880.0,"[2279,700]","[261520.0,84360.0]","[0.7561003816352492,0.24389961836475077]",True,True,"[true,true]",0.5080223988580718,1e-12,0.7644529894761188,0.5556156155551795,0.5556156155551795,0.698992585686647,0.698992585686647,0.698992585686647,"[{""class_index"":0,""support"":2279,""weighted_support"":261520.0,""prevalence"":0.7561003816352492,""predicted_support"":2766,""predicted_weight"":323817.0,""precision"":0.7780104194653152,""recall"":0.9633412358519425,""f1"":0.8608135142661407,""auroc"":0.698992585686647,""recall_defined"":true,""auroc_defined"":true},{""class_index"":1,""support"":700,""weighted_support"":84360.0,""prevalence"":0.24389961836475077,""predicted_support"":213,""predicted_weight"":22063.0,""precision"":0.5654716040429678,""recall"":0.1478899952584163,""f1"":0.23446059592381346,""auroc"":0.698992585686647,""recall_defined"":true,""auroc_defined"":true}]",7e204a2bc1f5bb6d50e10f8461b0491d94f4a5865fcb7a3cc6efd02b5d605efb
2,E_K_C,income_binary,development_evaluation,2979,2,"[0,1]",False,2979.0,"[2411,568]","[2411.0,568.0]","[0.8093319906008728,0.19066800939912723]",True,True,"[true,true]",0.3176589768644425,1e-12,0.8556562604900974,0.6968435457206116,0.6968435457206116,0.8877869039204117,0.8877869039204117,0.8877869039204117,"[{""class_index"":0,""support"":2411,""weighted_support"":2411.0,""prevalence"":0.8093319906008728,""predicted_support"":2617,""predicted_weight"":2617.0,""precision"":0.8784868169659916,""recall"":0.9535462463708005,""f1"":0.9144789180588703,""auroc"":0.8877869039204117,""recall_defined"":true,""auroc_defined"":true},{""class_index"":1,""support"":568,""weighted_support"":568.0,""prevalence"":0.19066800939912723,""predicted_support"":362,""predicted_weight"":362.0,""precision"":0.6906077348066298,""recall"":0.44014084507042256,""f1"":0.5376344086021505,""auroc"":0.8877869039204117,""recall_defined"":true,""auroc_defined"":true}]",dc7684279bfc9c3116340b76dd1f0a41b406d4c9aa3da0d312373c9df8db3094
2,E_K_C,income_binary,development_evaluation_person_weighted,2979,2,"[0,1]",True,333421.0,"[2411,568]","[268605.0,64816.0]","[0.8056031263777627,0.19439687362223734]",True,True,"[true,true]",0.3316188076314671,1e-12,0.8486688001055722,0.67856479276223,0.67856479276223,0.8761065322972001,0.8761065322972001,0.8761065322972001,"[{""class_index"":0,""support"":2411,""weighted_support"":268605.0,""prevalence"":0.8056031263777627,""predicted_support"":2617,""predicted_weight"":295894.0,""precision"":0.8686252509344563,""recall"":0.9568734759218928,""f1"":0.9106163164150867,""auroc"":0.8761065322972001,""recall_defined"":true,""auroc_defined"":true},{""class_index"":1,""support"":568,""weighted_support"":64816.0,""prevalence"":0.19439687362223734,""predicted_support"":362,""predicted_weight"":37527.0,""precision"":0.6913155861113331,""recall"":0.40025610960256724,""f1"":0.5069814252073909,""auroc"":0.8761065322972001,""recall_defined"":true,""auroc_defined"":true}]",dc7684279bfc9c3116340b76dd1f0a41b406d4c9aa3da0d312373c9df8db3094
2,E_K_C,civilian_at_work,development_evaluation,2979,2,"[0,1]",False,2979.0,"[996,1983]","[996.0,1983.0]","[0.33434038267875127,0.6656596173212488]",True,True,"[true,true]",0.34804514606530695,1e-12,0.8727760993622021,0.8274793576727485,0.8274793576727485,0.8845004323901758,0.8845004323901758,0.8845004323901758,"[{""class_index"":0,""support"":996,""weighted_support"":996.0,""prevalence"":0.33434038267875127,""predicted_support"":759,""predicted_weight"":759.0,""precision"":0.9064558629776021,""recall"":0.6907630522088354,""f1"":0.784045584045584,""auroc"":0.8845004323901758,""recall_defined"":true,""auroc_defined"":true},{""class_index"":1,""support"":1983,""weighted_support"":1983.0,""prevalence"":0.6656596173212488,""predicted_support"":2220,""predicted_weight"":2220.0,""precision"":0.8612612612612612,""recall"":0.9641956631366616,""f1"":0.9098263145372353,""auroc"":0.8845004323901758,""recall_defined"":true,""auroc_defined"":true}]",9cf687b7e3561da9a1b1f34065f0ce339404d13cc41c28bac371a485c86adff7
2,E_K_C,civilian_at_work,development_evaluation_person_weighted,2979,2,"[0,1]",True,333421.0,"[996,1983]","[102135.0,231286.0]","[0.30632443667315495,0.693675563326845]",True,True,"[true,true]",0.3341336864745915,1e-12,0.8828118204912108,0.8268703273571161,0.8268703273571161,0.88092964181375,0.88092964181375,0.88092964181375,"[{""class_index"":0,""support"":996,""weighted_support"":102135.0,""prevalence"":0.30632443667315495,""predicted_support"":759,""predicted_weight"":76342.0,""precision"":0.9130229755573603,""recall"":0.6824496989278895,""f1"":0.7810754326888059,""auroc"":0.88092964181375,""recall_defined"":true,""auroc_defined"":true},{""class_index"":1,""support"":1983,""weighted_support"":231286.0,""prevalence"":0.693675563326845,""predicted_support"":2220,""predicted_weight"":257079.0,""precision"":0.8738403370170259,""recall"":0.9712909557863425,""f1"":0.9199922189346084,""auroc"":0.88092964181375,""recall_defined"":true,""auroc_defined"":true}]",9cf687b7e3561da9a1b1f34065f0ce339404d13cc41c28bac371a485c86adff7
2,E_K_C,public_coverage,development_evaluation,2979,2,"[0,1]",False,2979.0,"[2231,748]","[2231.0,748.0]","[0.7489090298757972,0.25109097012420273]",True,True,"[true,true]",0.5004985996314312,1e-12,0.7677072843235985,0.5796449279357234,0.5796449279357234,0.7290926109248148,0.7290926109248148,0.7290926109248148,"[{""class_index"":0,""support"":2231,""weighted_support"":2231.0,""prevalence"":0.7489090298757972,""predicted_support"":2733,""predicted_weight"":2733.0,""precision"":0.7815587266739846,""recall"":0.9574181981174361,""f1"":0.8605962933118453,""auroc"":0.7290926109248149,""recall_defined"":true,""auroc_defined"":true},{""class_index"":1,""support"":748,""weighted_support"":748.0,""prevalence"":0.25109097012420273,""predicted_support"":246,""predicted_weight"":246.0,""precision"":0.6138211382113821,""recall"":0.2018716577540107,""f1"":0.3038229376257545,""auroc"":0.7290926109248148,""recall_defined"":true,""auroc_defined"":true}]",05b2ee2f02f9e73d9aa75cd5b2877df996a13ac4cee78ba1eaa84115db2fc7c0
2,E_K_C,public_coverage,development_evaluation_person_weighted,2979,2,"[0,1]",True,333421.0,"[2231,748]","[248778.0,84643.0]","[0.7461377657676032,0.2538622342323969]",True,True,"[true,true]",0.5084416079418568,1e-12,0.7631163004129914,0.5707379841776868,0.5707379841776868,0.7190734112721371,0.7190734112721371,0.7190734112721371,"[{""class_index"":0,""support"":2231,""weighted_support"":248778.0,""prevalence"":0.7461377657676032,""predicted_support"":2733,""predicted_weight"":308620.0,""precision"":0.7750891063443717,""recall"":0.9615319682608591,""f1"":0.8583023261655047,""auroc"":0.7190734112721372,""recall_defined"":true,""auroc_defined"":true},{""class_index"":1,""support"":748,""weighted_support"":84643.0,""prevalence"":0.2538622342323969,""predicted_support"":246,""predicted_weight"":24801.0,""precision"":0.6141284625619935,""recall"":0.1799440000945146,""f1"":0.2783341252147217,""auroc"":0.7190734112721371,""recall_defined"":true,""auroc_defined"":true}]",05b2ee2f02f9e73d9aa75cd5b2877df996a13ac4cee78ba1eaa84115db2fc7c0
2,E_K_D,income_binary,source_validation,2979,2,"[0,1]",False,2979.0,"[2393,586]","[2393.0,586.0]","[0.8032896945283652,0.1967103054716348]",True,True,"[true,true]",0.3374304464568848,1e-12,0.8439073514602216,0.6773367714993532,0.6773367714993532,0.8775178314452421,0.8775178314452421,0.8775178314452421,"[{""class_index"":0,""support"":2393,""weighted_support"":2393.0,""prevalence"":0.8032896945283652,""predicted_support"":2628,""predicted_weight"":2628.0,""precision"":0.8668188736681888,""recall"":0.9519431675720853,""f1"":0.9073889663413662,""auroc"":0.877517831445242,""recall_defined"":true,""auroc_defined"":true},{""class_index"":1,""support"":586,""weighted_support"":586.0,""prevalence"":0.1967103054716348,""predicted_support"":351,""predicted_weight"":351.0,""precision"":0.6723646723646723,""recall"":0.40273037542662116,""f1"":0.503735325506937,""auroc"":0.8775178314452421,""recall_defined"":true,""auroc_defined"":true}]",1ddde83d3846436ab76360097efc741d71d40fa94a91b31e6e6463bf97bd2f88
2,E_K_D,income_binary,source_validation_person_weighted,2979,2,"[0,1]",True,345880.0,"[2393,586]","[279947.0,65933.0]","[0.8093760841910489,0.19062391580895108]",True,True,"[true,true]",0.334011043283719,1e-12,0.8436423036891407,0.6554709437331326,0.6554709437331326,0.8767855439215986,0.8767855439215986,0.8767855439215986,"[{""class_index"":0,""support"":2393,""weighted_support"":279947.0,""prevalence"":0.8093760841910489,""predicted_support"":2628,""predicted_weight"":311400.0,""precision"":0.8626621708413615,""recall"":0.9595852071999342,""f1"":0.9085460820804029,""auroc"":0.8767855439215986,""recall_defined"":true,""auroc_defined"":true},{""class_index"":1,""support"":586,""weighted_support"":65933.0,""prevalence"":0.19062391580895108,""predicted_support"":351,""predicted_weight"":34480.0,""precision"":0.6718677494199536,""recall"":0.351356680266331,""f1"":0.4614143586985749,""auroc"":0.8767855439215986,""recall_defined"":true,""auroc_defined"":true}]",1ddde83d3846436ab76360097efc741d71d40fa94a91b31e6e6463bf97bd2f88
2,E_K_D,civilian_at_work,source_validation,2979,2,"[0,1]",False,2979.0,"[951,2028]","[951.0,2028.0]","[0.3192346424974824,0.6807653575025177]",True,True,"[true,true]",0.3512540411737208,1e-12,0.8751258811681772,0.8253574561812853,0.8253574561812853,0.8751257370524538,0.8751257370524539,0.8751257370524539,"[{""class_index"":0,""support"":951,""weighted_support"":951.0,""prevalence"":0.3192346424974824,""predicted_support"":729,""predicted_weight"":729.0,""precision"":0.897119341563786,""recall"":0.6876971608832808,""f1"":0.7785714285714286,""auroc"":0.8751257370524539,""recall_defined"":true,""auroc_defined"":true},{""class_index"":1,""support"":2028,""weighted_support"":2028.0,""prevalence"":0.6807653575025177,""predicted_support"":2250,""predicted_weight"":2250.0,""precision"":0.868,""recall"":0.9630177514792899,""f1"":0.9130434782608695,""auroc"":0.8751257370524538,""recall_defined"":true,""auroc_defined"":true}]",f261910a80bdd6792b2b236f7e02f2414b2259355f48b045a1f79757c10ba827
2,E_K_D,civilian_at_work,source_validation_person_weighted,2979,2,"[0,1]",True,345880.0,"[951,2028]","[101745.0,244135.0]","[0.29416271539262173,0.7058372846073783]",True,True,"[true,true]",0.34644619802190113,1e-12,0.8807707875563779,0.8197780001391995,0.8197780001391995,0.867213112729957,0.867213112729957,0.867213112729957,"[{""class_index"":0,""support"":951,""weighted_support"":101745.0,""prevalence"":0.29416271539262173,""predicted_support"":729,""predicted_weight"":76162.0,""precision"":0.8972190856332555,""recall"":0.6716202270381837,""f1"":0.7681991152680895,""auroc"":0.867213112729957,""recall_defined"":true,""auroc_defined"":true},{""class_index"":1,""support"":2028,""weighted_support"":244135.0,""prevalence"":0.7058372846073783,""predicted_support"":2250,""predicted_weight"":269718.0,""precision"":0.8761261762285053,""recall"":0.9679357732402154,""f1"":0.919745530336497,""auroc"":0.867213112729957,""recall_defined"":true,""auroc_defined"":true}]",f261910a80bdd6792b2b236f7e02f2414b2259355f48b045a1f79757c10ba827
2,E_K_D,public_coverage,source_validation,2979,2,"[0,1]",False,2979.0,"[2279,700]","[2279.0,700.0]","[0.765021819402484,0.23497818059751593]",True,True,"[true,true]",0.4942499766722143,1e-12,0.774756629741524,0.5647596063436344,0.5647596063436344,0.7107396727888171,0.7107396727888171,0.7107396727888171,"[{""class_index"":0,""support"":2279,""weighted_support"":2279.0,""prevalence"":0.765021819402484,""predicted_support"":2772,""predicted_weight"":2772.0,""precision"":0.79004329004329,""recall"":0.9609477841158403,""f1"":0.8671550188081568,""auroc"":0.7107396727888172,""recall_defined"":true,""auroc_defined"":true},{""class_index"":1,""support"":700,""weighted_support"":700.0,""prevalence"":0.23497818059751593,""predicted_support"":207,""predicted_weight"":207.0,""precision"":0.5700483091787439,""recall"":0.16857142857142857,""f1"":0.26019845644983464,""auroc"":0.7107396727888171,""recall_defined"":true,""auroc_defined"":true}]",d8d82892c62a5e450730d41df33105fcc033a4af81069d0e2a7291483155f1ff
2,E_K_D,public_coverage,source_validation_person_weighted,2979,2,"[0,1]",True,345880.0,"[2279,700]","[261520.0,84360.0]","[0.7561003816352492,0.24389961836475077]",True,True,"[true,true]",0.5078580378326651,1e-12,0.7654880305308199,0.5565168899518894,0.5565168899518894,0.6988307706670823,0.6988307706670824,0.6988307706670824,"[{""class_index"":0,""support"":2279,""weighted_support"":261520.0,""prevalence"":0.7561003816352492,""predicted_support"":2772,""predicted_weight"":324067.0,""precision"":0.7783483045172758,""recall"":0.9645036708473539,""f1"":0.8614842884148726,""auroc"":0.6988307706670824,""recall_defined"":true,""auroc_defined"":true},{""class_index"":1,""support"":700,""weighted_support"":84360.0,""prevalence"":0.24389961836475077,""predicted_support"":207,""predicted_weight"":21813.0,""precision"":0.5744280933388346,""recall"":0.14853010905642486,""f1"":0.23602987576879245,""auroc"":0.6988307706670823,""recall_defined"":true,""auroc_defined"":true}]",d8d82892c62a5e450730d41df33105fcc033a4af81069d0e2a7291483155f1ff
2,E_K_D,income_binary,development_evaluation,2979,2,"[0,1]",False,2979.0,"[2411,568]","[2411.0,568.0]","[0.8093319906008728,0.19066800939912723]",True,True,"[true,true]",0.31722818052261686,1e-12,0.8566633098355153,0.698138593068156,0.698138593068156,0.887942441041938,0.8879424410419381,0.8879424410419381,"[{""class_index"":0,""support"":2411,""weighted_support"":2411.0,""prevalence"":0.8093319906008728,""predicted_support"":2618,""predicted_weight"":2618.0,""precision"":0.8789152024446142,""recall"":0.9543757776856077,""f1"":0.9150924637104793,""auroc"":0.8879424410419381,""recall_defined"":true,""auroc_defined"":true},{""class_index"":1,""support"":568,""weighted_support"":568.0,""prevalence"":0.19066800939912723,""predicted_support"":361,""predicted_weight"":361.0,""precision"":0.6952908587257618,""recall"":0.44190140845070425,""f1"":0.5403659849300323,""auroc"":0.887942441041938,""recall_defined"":true,""auroc_defined"":true}]",28ac5d35b42dbc1ed9b56057281878597e817ec1a1bdb0c2b21a7c790c9f4c94
2,E_K_D,income_binary,development_evaluation_person_weighted,2979,2,"[0,1]",True,333421.0,"[2411,568]","[268605.0,64816.0]","[0.8056031263777627,0.19439687362223734]",True,True,"[true,true]",0.330847380767576,1e-12,0.8511491477741354,0.6813859638637545,0.6813859638637545,0.8767052507271827,0.8767052507271827,0.8767052507271827,"[{""class_index"":0,""support"":2411,""weighted_support"":268605.0,""prevalence"":0.8056031263777627,""predicted_support"":2618,""predicted_weight"":296283.0,""precision"":0.8695368954681841,""recall"":0.9591370227657713,""f1"":0.9121418759116852,""auroc"":0.8767052507271827,""recall_defined"":true,""auroc_defined"":true},{""class_index"":1,""support"":568,""weighted_support"":64816.0,""prevalence"":0.19439687362223734,""predicted_support"":361,""predicted_weight"":37138.0,""precision"":0.704453659324681,""recall"":0.4036349049617378,""f1"":0.5132118406340114,""auroc"":0.8767052507271827,""recall_defined"":true,""auroc_defined"":true}]",28ac5d35b42dbc1ed9b56057281878597e817ec1a1bdb0c2b21a7c790c9f4c94
2,E_K_D,civilian_at_work,development_evaluation,2979,2,"[0,1]",False,2979.0,"[996,1983]","[996.0,1983.0]","[0.33434038267875127,0.6656596173212488]",True,True,"[true,true]",0.3472140737164442,1e-12,0.87378314870762,0.8284856521395719,0.8284856521395719,0.8849778843057554,0.8849778843057554,0.8849778843057554,"[{""class_index"":0,""support"":996,""weighted_support"":996.0,""prevalence"":0.33434038267875127,""predicted_support"":758,""predicted_weight"":758.0,""precision"":0.9089709762532981,""recall"":0.6917670682730924,""f1"":0.7856328392246295,""auroc"":0.8849778843057555,""recall_defined"":true,""auroc_defined"":true},{""class_index"":1,""support"":1983,""weighted_support"":1983.0,""prevalence"":0.6656596173212488,""predicted_support"":2221,""predicted_weight"":2221.0,""precision"":0.8617739756866276,""recall"":0.9652042360060514,""f1"":0.9105613701236918,""auroc"":0.8849778843057554,""recall_defined"":true,""auroc_defined"":true}]",36afb15eff95f887c10a057ee2c14cbe0229b3e7c778883b7050b4e8e1cc290e
2,E_K_D,civilian_at_work,development_evaluation_person_weighted,2979,2,"[0,1]",True,333421.0,"[996,1983]","[102135.0,231286.0]","[0.30632443667315495,0.693675563326845]",True,True,"[true,true]",0.3334619285782335,1e-12,0.884410400064783,0.8288344761998506,0.8288344761998506,0.8813011045622735,0.8813011045622735,0.8813011045622735,"[{""class_index"":0,""support"":996,""weighted_support"":102135.0,""prevalence"":0.30632443667315495,""predicted_support"":758,""predicted_weight"":76403.0,""precision"":0.9161813017813437,""recall"":0.6853576149214275,""f1"":0.7841355901824821,""auroc"":0.8813011045622735,""recall_defined"":true,""auroc_defined"":true},{""class_index"":1,""support"":1983,""weighted_support"":231286.0,""prevalence"":0.693675563326845,""predicted_support"":2221,""predicted_weight"":257018.0,""precision"":0.8749659556918192,""recall"":0.9723113374782737,""f1"":0.9210737573314984,""auroc"":0.8813011045622735,""recall_defined"":true,""auroc_defined"":true}]",36afb15eff95f887c10a057ee2c14cbe0229b3e7c778883b7050b4e8e1cc290e
2,E_K_D,public_coverage,development_evaluation,2979,2,"[0,1]",False,2979.0,"[2231,748]","[2231.0,748.0]","[0.7489090298757972,0.25109097012420273]",True,True,"[true,true]",0.5001889191521753,1e-12,0.7663645518630413,0.5765267966931689,0.5765267966931689,0.7297230085547115,0.7297228587453888,0.7297228587453888,"[{""class_index"":0,""support"":2231,""weighted_support"":2231.0,""prevalence"":0.7489090298757972,""predicted_support"":2739,""predicted_weight"":2739.0,""precision"":0.7802117561153705,""recall"":0.9578664276109368,""f1"":0.8599597585513078,""auroc"":0.7297227089360662,""recall_defined"":true,""auroc_defined"":true},{""class_index"":1,""support"":748,""weighted_support"":748.0,""prevalence"":0.25109097012420273,""predicted_support"":240,""predicted_weight"":240.0,""precision"":0.6083333333333333,""recall"":0.19518716577540107,""f1"":0.29554655870445345,""auroc"":0.7297230085547115,""recall_defined"":true,""auroc_defined"":true}]",81e632c615315203393ab8b787d174913a121ba12bf02b4f54ed5aa5f0a8645b
2,E_K_D,public_coverage,development_evaluation_person_weighted,2979,2,"[0,1]",True,333421.0,"[2231,748]","[248778.0,84643.0]","[0.7461377657676032,0.2538622342323969]",True,True,"[true,true]",0.5082094374511735,1e-12,0.7615447137402863,0.5673464329876612,0.5673464329876612,0.7202586531471676,0.7202585633327783,0.7202585633327783,"[{""class_index"":0,""support"":2231,""weighted_support"":248778.0,""prevalence"":0.7461377657676032,""predicted_support"":2739,""predicted_weight"":309296.0,""precision"":0.7736407842325798,""recall"":0.96183746151187,""f1"":0.8575350222371944,""auroc"":0.720258473518389,""recall_defined"":true,""auroc_defined"":true},{""class_index"":1,""support"":748,""weighted_support"":84643.0,""prevalence"":0.2538622342323969,""predicted_support"":240,""predicted_weight"":24125.0,""precision"":0.6064663212435233,""recall"":0.17285540446345238,""f1"":0.26903133274492497,""auroc"":0.7202586531471676,""recall_defined"":true,""auroc_defined"":true}]",81e632c615315203393ab8b787d174913a121ba12bf02b4f54ed5aa5f0a8645b
2,E_bank,income_binary,source_validation,2979,2,"[0,1]",False,2979.0,"[2393,586]","[2393.0,586.0]","[0.8032896945283652,0.1967103054716348]",True,True,"[true,true]",0.33282451705581245,1e-12,0.8402148371936892,0.6834142956775235,0.6834142956775235,0.8814870305741005,0.8814870305741005,0.8814870305741005,"[{""class_index"":0,""support"":2393,""weighted_support"":2393.0,""prevalence"":0.8032896945283652,""predicted_support"":2591,""predicted_weight"":2591.0,""precision"":0.8699343882670784,""recall"":0.9419139155871291,""f1"":0.9044943820224719,""auroc"":0.8814870305741006,""recall_defined"":true,""auroc_defined"":true},{""class_index"":1,""support"":586,""weighted_support"":586.0,""prevalence"":0.1967103054716348,""predicted_support"":388,""predicted_weight"":388.0,""precision"":0.6417525773195877,""recall"":0.4249146757679181,""f1"":0.5112936344969199,""auroc"":0.8814870305741005,""recall_defined"":true,""auroc_defined"":true}]",78d1c7ab0520b44b6042b4072adc9baf719410e17ec1d929433b752f60246914
2,E_bank,income_binary,source_validation_person_weighted,2979,2,"[0,1]",True,345880.0,"[2393,586]","[279947.0,65933.0]","[0.8093760841910489,0.19062391580895108]",True,True,"[true,true]",0.32567959116245787,1e-12,0.8414854862958251,0.6644231426104786,0.6644231426104786,0.8841817273624633,0.8841817273624633,0.8841817273624633,"[{""class_index"":0,""support"":2393,""weighted_support"":279947.0,""prevalence"":0.8093760841910489,""predicted_support"":2591,""predicted_weight"":307106.0,""precision"":0.8665184008127487,""recall"":0.950583503305983,""f1"":0.9066063881796022,""auroc"":0.8841817273624631,""recall_defined"":true,""auroc_defined"":true},{""class_index"":1,""support"":586,""weighted_support"":65933.0,""prevalence"":0.19062391580895108,""predicted_support"":388,""predicted_weight"":38774.0,""precision"":0.6432145251972972,""recall"":0.3782627819149743,""f1"":0.476376937549543,""auroc"":0.8841817273624633,""recall_defined"":true,""auroc_defined"":true}]",78d1c7ab0520b44b6042b4072adc9baf719410e17ec1d929433b752f60246914
2,E_bank,civilian_at_work,source_validation,2979,2,"[0,1]",False,2979.0,"[951,2028]","[951.0,2028.0]","[0.3192346424974824,0.6807653575025177]",True,True,"[true,true]",0.3474122080781379,1e-12,0.8660624370594159,0.8245641461183806,0.8245641461183806,0.8779220253983661,0.8779220253983661,0.8779220253983661,"[{""class_index"":0,""support"":951,""weighted_support"":951.0,""prevalence"":0.3192346424974824,""predicted_support"":798,""predicted_weight"":798.0,""precision"":0.8458646616541353,""recall"":0.7097791798107256,""f1"":0.7718696397941681,""auroc"":0.8779220253983661,""recall_defined"":true,""auroc_defined"":true},{""class_index"":1,""support"":2028,""weighted_support"":2028.0,""prevalence"":0.6807653575025177,""predicted_support"":2181,""predicted_weight"":2181.0,""precision"":0.8734525447042641,""recall"":0.9393491124260355,""f1"":0.9052031361368497,""auroc"":0.8779220253983661,""recall_defined"":true,""auroc_defined"":true}]",6d2bff3cfb678faa233d256158a963d18a32824c49afab97ee9d21d7ec0faa1c
2,E_bank,civilian_at_work,source_validation_person_weighted,2979,2,"[0,1]",True,345880.0,"[951,2028]","[101745.0,244135.0]","[0.29416271539262173,0.7058372846073783]",True,True,"[true,true]",0.348172158987198,1e-12,0.8693593153694923,0.8161828258601215,0.8161828258601215,0.8666925426745163,0.8666925426745165,0.8666925426745165,"[{""class_index"":0,""support"":951,""weighted_support"":101745.0,""prevalence"":0.29416271539262173,""predicted_support"":798,""predicted_weight"":83241.0,""precision"":0.839730421306808,""recall"":0.6870116467639688,""f1"":0.755732866270961,""auroc"":0.8666925426745165,""recall_defined"":true,""auroc_defined"":true},{""class_index"":1,""support"":2028,""weighted_support"":244135.0,""prevalence"":0.7058372846073783,""predicted_support"":2181,""predicted_weight"":262639.0,""precision"":0.8787499190904626,""recall"":0.9453540049562742,""f1"":0.9108359939539123,""auroc"":0.8666925426745163,""recall_defined"":true,""auroc_defined"":true}]",6d2bff3cfb678faa233d256158a963d18a32824c49afab97ee9d21d7ec0faa1c
2,E_bank,public_coverage,source_validation,2979,2,"[0,1]",False,2979.0,"[2279,700]","[2279.0,700.0]","[0.765021819402484,0.23497818059751593]",True,True,"[true,true]",0.5004040516011288,1e-12,0.7677072843235985,0.5868764495706137,0.5868764495706137,0.707389205792014,0.707389205792014,0.707389205792014,"[{""class_index"":0,""support"":2279,""weighted_support"":2279.0,""prevalence"":0.765021819402484,""predicted_support"":2643,""predicted_weight"":2643.0,""precision"":0.8002270147559591,""recall"":0.9280386134269416,""f1"":0.8594067452255181,""auroc"":0.707389205792014,""recall_defined"":true,""auroc_defined"":true},{""class_index"":1,""support"":700,""weighted_support"":700.0,""prevalence"":0.23497818059751593,""predicted_support"":336,""predicted_weight"":336.0,""precision"":0.5119047619047619,""recall"":0.24571428571428572,""f1"":0.33204633204633205,""auroc"":0.707389205792014,""recall_defined"":true,""auroc_defined"":true}]",47c2f21e4c9492d3b78ac576174c14a7db0acbfed5d6a87fa03788bcb44b04f3
2,E_bank,public_coverage,source_validation_person_weighted,2979,2,"[0,1]",True,345880.0,"[2279,700]","[261520.0,84360.0]","[0.7561003816352492,0.24389961836475077]",True,True,"[true,true]",0.5154244304602991,1e-12,0.758971319532786,0.5776751202185103,0.5776751202185103,0.6904274100877736,0.6904274100877736,0.6904274100877736,"[{""class_index"":0,""support"":2279,""weighted_support"":261520.0,""prevalence"":0.7561003816352492,""predicted_support"":2643,""predicted_weight"":309127.0,""precision"":0.7881550301332462,""recall"":0.9316304680330376,""f1"":0.8539079325747791,""auroc"":0.6904274100877736,""recall_defined"":true,""auroc_defined"":true},{""class_index"":1,""support"":700,""weighted_support"":84360.0,""prevalence"":0.24389961836475077,""predicted_support"":336,""predicted_weight"":36753.0,""precision"":0.5135091012978532,""recall"":0.22371977240398294,""f1"":0.311659359441183,""auroc"":0.6904274100877736,""recall_defined"":true,""auroc_defined"":true}]",47c2f21e4c9492d3b78ac576174c14a7db0acbfed5d6a87fa03788bcb44b04f3
2,E_bank,income_binary,development_evaluation,2979,2,"[0,1]",False,2979.0,"[2411,568]","[2411.0,568.0]","[0.8093319906008728,0.19066800939912723]",True,True,"[true,true]",0.306067040090012,1e-12,0.8620342396777442,0.7189520887248001,0.7189520887248001,0.8966123576798828,0.8966123576798828,0.8966123576798828,"[{""class_index"":0,""support"":2411,""weighted_support"":2411.0,""prevalence"":0.8093319906008728,""predicted_support"":2582,""predicted_weight"":2582.0,""precision"":0.8872966692486445,""recall"":0.950228121111572,""f1"":0.917684758662127,""auroc"":0.8966123576798827,""recall_defined"":true,""auroc_defined"":true},{""class_index"":1,""support"":568,""weighted_support"":568.0,""prevalence"":0.19066800939912723,""predicted_support"":397,""predicted_weight"":397.0,""precision"":0.6977329974811083,""recall"":0.4876760563380282,""f1"":0.5740932642487047,""auroc"":0.8966123576798828,""recall_defined"":true,""auroc_defined"":true}]",e78a0387d2ffc384d83e6b96c2cd01049e7bbcd4ca7ce39bf219013844283a8b
2,E_bank,income_binary,development_evaluation_person_weighted,2979,2,"[0,1]",True,333421.0,"[2411,568]","[268605.0,64816.0]","[0.8056031263777627,0.19439687362223734]",True,True,"[true,true]",0.32118990809791076,1e-12,0.8561848233914481,0.7001906879522366,0.7001906879522366,0.8865428467772943,0.8865428467772944,0.8865428467772944,"[{""class_index"":0,""support"":2411,""weighted_support"":268605.0,""prevalence"":0.8056031263777627,""predicted_support"":2582,""predicted_weight"":292604.0,""precision"":0.8770522617599212,""recall"":0.9554140838778131,""f1"":0.9145576781555534,""auroc"":0.8865428467772944,""recall_defined"":true,""auroc_defined"":true},{""class_index"":1,""support"":568,""weighted_support"":64816.0,""prevalence"":0.19439687362223734,""predicted_support"":397,""predicted_weight"":40817.0,""precision"":0.7065928412181199,""recall"":0.4449672920266601,""f1"":0.5460604167258338,""auroc"":0.8865428467772943,""recall_defined"":true,""auroc_defined"":true}]",e78a0387d2ffc384d83e6b96c2cd01049e7bbcd4ca7ce39bf219013844283a8b
2,E_bank,civilian_at_work,development_evaluation,2979,2,"[0,1]",False,2979.0,"[996,1983]","[996.0,1983.0]","[0.33434038267875127,0.6656596173212488]",True,True,"[true,true]",0.3492601139659021,1e-12,0.8660624370594159,0.8279335192509827,0.8279335192509827,0.8817298948694424,0.8817298948694425,0.8817298948694425,"[{""class_index"":0,""support"":996,""weighted_support"":996.0,""prevalence"":0.33434038267875127,""predicted_support"":823,""predicted_weight"":823.0,""precision"":0.8626974483596598,""recall"":0.7128514056224899,""f1"":0.7806487080813634,""auroc"":0.8817298948694425,""recall_defined"":true,""auroc_defined"":true},{""class_index"":1,""support"":1983,""weighted_support"":1983.0,""prevalence"":0.6656596173212488,""predicted_support"":2156,""predicted_weight"":2156.0,""precision"":0.8673469387755102,""recall"":0.9430156328794755,""f1"":0.9035999033582991,""auroc"":0.8817298948694424,""recall_defined"":true,""auroc_defined"":true}]",9aeba6a5779566c9f6793484eaebbad1d985169733bc6698f449a185671f5007
2,E_bank,civilian_at_work,development_evaluation_person_weighted,2979,2,"[0,1]",True,333421.0,"[996,1983]","[102135.0,231286.0]","[0.30632443667315495,0.693675563326845]",True,True,"[true,true]",0.3362552519668137,1e-12,0.8790897993827623,0.8294443219681562,0.8294443219681562,0.8790572483135211,0.8790572483135211,0.8790572483135211,"[{""class_index"":0,""support"":996,""weighted_support"":102135.0,""prevalence"":0.30632443667315495,""predicted_support"":823,""predicted_weight"":81429.0,""precision"":0.8796006336808754,""recall"":0.7012777206638273,""f1"":0.7803817742040923,""auroc"":0.8790572483135212,""recall_defined"":true,""auroc_defined"":true},{""class_index"":1,""support"":1983,""weighted_support"":231286.0,""prevalence"":0.693675563326845,""predicted_support"":2156,""predicted_weight"":251992.0,""precision"":0.8789247277691355,""recall"":0.9576109232724851,""f1"":0.9165821742351193,""auroc"":0.8790572483135211,""recall_defined"":true,""auroc_defined"":true}]",9aeba6a5779566c9f6793484eaebbad1d985169733bc6698f449a185671f5007
2,E_bank,public_coverage,development_evaluation,2979,2,"[0,1]",False,2979.0,"[2231,748]","[2231.0,748.0]","[0.7489090298757972,0.25109097012420273]",True,True,"[true,true]",0.48865660786087567,1e-12,0.7589795233299765,0.5898139847601972,0.5898139847601972,0.7528685489109461,0.7528685489109461,0.7528685489109461,"[{""class_index"":0,""support"":2231,""weighted_support"":2231.0,""prevalence"":0.7489090298757972,""predicted_support"":2635,""predicted_weight"":2635.0,""precision"":0.7870967741935484,""recall"":0.9296279695203944,""f1"":0.852445540484998,""auroc"":0.7528685489109461,""recall_defined"":true,""auroc_defined"":true},{""class_index"":1,""support"":748,""weighted_support"":748.0,""prevalence"":0.25109097012420273,""predicted_support"":344,""predicted_weight"":344.0,""precision"":0.5436046511627907,""recall"":0.25,""f1"":0.3424908424908425,""auroc"":0.7528685489109461,""recall_defined"":true,""auroc_defined"":true}]",ea107e38ab18c488a8d50eb8be96307c106c325f05f6b0178189a07953deaf95
2,E_bank,public_coverage,development_evaluation_person_weighted,2979,2,"[0,1]",True,333421.0,"[2231,748]","[248778.0,84643.0]","[0.7461377657676032,0.2538622342323969]",True,True,"[true,true]",0.4963092061081016,1e-12,0.7553213504848225,0.5793461076827687,0.5793461076827687,0.7432001418047374,0.7432001418047374,0.7432001418047374,"[{""class_index"":0,""support"":2231,""weighted_support"":248778.0,""prevalence"":0.7461377657676032,""predicted_support"":2635,""predicted_weight"":298923.0,""precision"":0.7796656664090752,""recall"":0.9368191721132898,""f1"":0.8510482909470678,""auroc"":0.7432001418047374,""recall_defined"":true,""auroc_defined"":true},{""class_index"":1,""support"":748,""weighted_support"":84643.0,""prevalence"":0.2538622342323969,""predicted_support"":344,""predicted_weight"":34498.0,""precision"":0.5443793843121341,""recall"":0.2218730432522477,""f1"":0.3152567126346094,""auroc"":0.7432001418047374,""recall_defined"":true,""auroc_defined"":true}]",ea107e38ab18c488a8d50eb8be96307c106c325f05f6b0178189a07953deaf95
0,S_F_I,income_binary,source_validation,3004,2,"[0,1]",False,3004.0,"[2459,545]","[2459.0,545.0]","[0.8185752330226365,0.1814247669773635]",True,True,"[true,true]",0.7086160277018286,1e-12,0.45772303595206393,0.5859325973488141,0.5859325973488141,0.6134973193399271,0.6134973193399271,0.6134973193399271,"[{""class_index"":0,""support"":2459,""weighted_support"":2459.0,""prevalence"":0.8185752330226365,""predicted_support"":1062,""predicted_weight"":1062.0,""precision"":0.8907721280602636,""recall"":0.38470923139487595,""f1"":0.5373473445044021,""auroc"":0.6134973193399271,""recall_defined"":true,""auroc_defined"":true},{""class_index"":1,""support"":545,""weighted_support"":545.0,""prevalence"":0.1814247669773635,""predicted_support"":1942,""predicted_weight"":1942.0,""precision"":0.22090628218331618,""recall"":0.7871559633027523,""f1"":0.34499396863691195,""auroc"":0.6134973193399271,""recall_defined"":true,""auroc_defined"":true}]",0cc38edecf7d7e61d8aee27bcaad1767a162668daec9cfdbc56aa1d131da1ac3
0,S_F_I,income_binary,source_validation_person_weighted,3004,2,"[0,1]",True,350926.0,"[2459,545]","[288026.0,62900.0]","[0.820759932293418,0.17924006770658202]",True,True,"[true,true]",0.7087713669925679,1e-12,0.450334258504642,0.5850667215864863,0.5850667215864863,0.6213318106593826,0.6213318106593826,0.6213318106593826,"[{""class_index"":0,""support"":2459,""weighted_support"":288026.0,""prevalence"":0.820759932293418,""predicted_support"":1062,""predicted_weight"":120912.0,""precision"":0.8934018128887125,""recall"":0.37504600279141465,""f1"":0.5283099149504326,""auroc"":0.6213318106593826,""recall_defined"":true,""auroc_defined"":true},{""class_index"":1,""support"":545,""weighted_support"":62900.0,""prevalence"":0.17924006770658202,""predicted_support"":1942,""predicted_weight"":230014.0,""precision"":0.21742589581503735,""recall"":0.795087440381558,""f1"":0.3414722409990646,""auroc"":0.6213318106593826,""recall_defined"":true,""auroc_defined"":true}]",0cc38edecf7d7e61d8aee27bcaad1767a162668daec9cfdbc56aa1d131da1ac3
0,S_F_I,civilian_at_work,source_validation,3004,2,"[0,1]",False,3004.0,"[969,2035]","[969.0,2035.0]","[0.3225699067909454,0.6774300932090546]",True,True,"[true,true]",0.6793681268802901,1e-12,0.5399467376830892,0.46015320132967197,0.46015320132967197,0.4955063986023739,0.4955063986023739,0.4955063986023739,"[{""class_index"":0,""support"":969,""weighted_support"":969.0,""prevalence"":0.3225699067909454,""predicted_support"":869,""predicted_weight"":869.0,""precision"":0.26237054085155354,""recall"":0.23529411764705882,""f1"":0.24809575625680086,""auroc"":0.49550639860237383,""recall_defined"":true,""auroc_defined"":true},{""class_index"":1,""support"":2035,""weighted_support"":2035.0,""prevalence"":0.6774300932090546,""predicted_support"":2135,""predicted_weight"":2135.0,""precision"":0.652927400468384,""recall"":0.6850122850122851,""f1"":0.6685851318944844,""auroc"":0.4955063986023739,""recall_defined"":true,""auroc_defined"":true}]",88672fb41bd118ee0c311c8a21dea78f22f90b9d8615a1c581bcd73dde6f9ffb
0,S_F_I,civilian_at_work,source_validation_person_weighted,3004,2,"[0,1]",True,350926.0,"[969,2035]","[106128.0,244798.0]","[0.30242273299784,0.69757726700216]",True,True,"[true,true]",0.6763924815356643,1e-12,0.5558522309546742,0.47340929136850607,0.47340929136850607,0.4989626095547701,0.4989626095547701,0.4989626095547701,"[{""class_index"":0,""support"":969,""weighted_support"":106128.0,""prevalence"":0.30242273299784,""predicted_support"":869,""predicted_weight"":105935.0,""precision"":0.2652569972152735,""recall"":0.26477461178953715,""f1"":0.2650155849912526,""auroc"":0.4989626095547701,""recall_defined"":true,""auroc_defined"":true},{""class_index"":1,""support"":2035,""weighted_support"":244798.0,""prevalence"":0.69757726700216,""predicted_support"":2135,""predicted_weight"":244991.0,""precision"":0.6815066675918707,""recall"":0.682043970947475,""f1"":0.6817752134082228,""auroc"":0.4989626095547701,""recall_defined"":true,""auroc_defined"":true}]",88672fb41bd118ee0c311c8a21dea78f22f90b9d8615a1c581bcd73dde6f9ffb
0,S_F_I,public_coverage,source_validation,3004,2,"[0,1]",False,3004.0,"[2263,741]","[2263.0,741.0]","[0.7533288948069241,0.2466711051930759]",True,True,"[true,true]",0.73411415908147,1e-12,0.39214380825565914,0.5007976108052857,0.5007976108052857,0.5200294236389778,0.5200294236389778,0.5200294236389778,"[{""class_index"":0,""support"":2263,""weighted_support"":2263.0,""prevalence"":0.7533288948069241,""predicted_support"":859,""predicted_weight"":859.0,""precision"":0.7543655413271245,""recall"":0.28634555899248787,""f1"":0.4151185137732223,""auroc"":0.5200294236389778,""recall_defined"":true,""auroc_defined"":true},{""class_index"":1,""support"":741,""weighted_support"":741.0,""prevalence"":0.2466711051930759,""predicted_support"":2145,""predicted_weight"":2145.0,""precision"":0.24708624708624707,""recall"":0.7152496626180836,""f1"":0.3672903672903673,""auroc"":0.5200294236389778,""recall_defined"":true,""auroc_defined"":true}]",0231d97b6535f06265e885f9e7733e772fa8a0df116df6a284096806542848f9
0,S_F_I,public_coverage,source_validation_person_weighted,3004,2,"[0,1]",True,350926.0,"[2263,741]","[262875.0,88051.0]","[0.7490895516433664,0.2509104483566336]",True,True,"[true,true]",0.7333563851726782,1e-12,0.3947242438576794,0.49641032427425436,0.49641032427425436,0.5152520098570592,0.5152520098570592,0.5152520098570592,"[{""class_index"":0,""support"":2263,""weighted_support"":262875.0,""prevalence"":0.7490895516433664,""predicted_support"":859,""predicted_weight"":103206.0,""precision"":0.7445012886847664,""recall"":0.2922948169281978,""f1"":0.41978141449569906,""auroc"":0.5152520098570592,""recall_defined"":true,""auroc_defined"":true},{""class_index"":1,""support"":741,""weighted_support"":88051.0,""prevalence"":0.2509104483566336,""predicted_support"":2145,""predicted_weight"":247720.0,""precision"":0.24899886969158727,""recall"":0.7005258316203109,""f1"":0.36740516602088924,""auroc"":0.5152520098570592,""recall_defined"":true,""auroc_defined"":true}]",0231d97b6535f06265e885f9e7733e772fa8a0df116df6a284096806542848f9
0,S_F_I,income_binary,development_evaluation,2982,2,"[0,1]",False,2982.0,"[2439,543]","[2439.0,543.0]","[0.817907444668008,0.18209255533199195]",True,True,"[true,true]",0.712360886896526,1e-12,0.44634473507712946,0.5820868982170484,0.5820868982170484,0.6025927662591543,0.6025927662591543,0.6025927662591543,"[{""class_index"":0,""support"":2439,""weighted_support"":2439.0,""prevalence"":0.817907444668008,""predicted_support"":1010,""predicted_weight"":1010.0,""precision"":0.8900990099009901,""recall"":0.36859368593685937,""f1"":0.5213105247897941,""auroc"":0.6025927662591543,""recall_defined"":true,""auroc_defined"":true},{""class_index"":1,""support"":543,""weighted_support"":543.0,""prevalence"":0.18209255533199195,""predicted_support"":1972,""predicted_weight"":1972.0,""precision"":0.21906693711967545,""recall"":0.7955801104972375,""f1"":0.3435387673956262,""auroc"":0.6025927662591543,""recall_defined"":true,""auroc_defined"":true}]",768dafad1edbfb8f41cd4b2d06e07afde547aef863ad2c8d0654f16728874ee6
0,S_F_I,income_binary,development_evaluation_person_weighted,2982,2,"[0,1]",True,334141.0,"[2439,543]","[273575.0,60566.0]","[0.8187411900963965,0.18125880990360357]",True,True,"[true,true]",0.7135376950449879,1e-12,0.4366061034114341,0.5716575841150785,0.5716575841150785,0.5966848803233662,0.5966848803233662,0.5966848803233662,"[{""class_index"":0,""support"":2439,""weighted_support"":273575.0,""prevalence"":0.8187411900963965,""predicted_support"":1010,""predicted_weight"":111546.0,""precision"":0.8824520825489036,""recall"":0.3598062688476652,""f1"":0.511184796466565,""auroc"":0.5966848803233661,""recall_defined"":true,""auroc_defined"":true},{""class_index"":1,""support"":543,""weighted_support"":60566.0,""prevalence"":0.18125880990360357,""predicted_support"":1972,""predicted_weight"":222595.0,""precision"":0.21318538152249603,""recall"":0.7835088993824918,""f1"":0.33517327598080243,""auroc"":0.5966848803233662,""recall_defined"":true,""auroc_defined"":true}]",768dafad1edbfb8f41cd4b2d06e07afde547aef863ad2c8d0654f16728874ee6
0,S_F_I,civilian_at_work,development_evaluation,2982,2,"[0,1]",False,2982.0,"[972,2010]","[972.0,2010.0]","[0.32595573440643866,0.6740442655935613]",True,True,"[true,true]",0.6786993424383092,1e-12,0.5368879946344735,0.45377894478226155,0.45377894478226155,0.4936741191163524,0.4936741191163524,0.4936741191163524,"[{""class_index"":0,""support"":972,""weighted_support"":972.0,""prevalence"":0.32595573440643866,""predicted_support"":827,""predicted_weight"":827.0,""precision"":0.25272067714631197,""recall"":0.21502057613168724,""f1"":0.23235130628126738,""auroc"":0.4936741191163524,""recall_defined"":true,""auroc_defined"":true},{""class_index"":1,""support"":2010,""weighted_support"":2010.0,""prevalence"":0.6740442655935613,""predicted_support"":2155,""predicted_weight"":2155.0,""precision"":0.645939675174014,""recall"":0.6925373134328359,""f1"":0.6684273709483793,""auroc"":0.4936741191163524,""recall_defined"":true,""auroc_defined"":true}]",80947743a5bec24044a36ec3ebe9f871337fe4cb310f434ca4e20ca28c092a2d
0,S_F_I,civilian_at_work,development_evaluation_person_weighted,2982,2,"[0,1]",True,334141.0,"[972,2010]","[100734.0,233407.0]","[0.3014715344719744,0.6985284655280256]",True,True,"[true,true]",0.6762741223340138,1e-12,0.5425374318027419,0.4489718852382207,0.4489718852382207,0.4858497656493518,0.4858497656493518,0.4858497656493518,"[{""class_index"":0,""support"":972,""weighted_support"":100734.0,""prevalence"":0.3014715344719744,""predicted_support"":827,""predicted_weight"":95101.0,""precision"":0.2259597690876016,""recall"":0.21332420036928942,""f1"":0.2194602599126816,""auroc"":0.48584976564935184,""recall_defined"":true,""auroc_defined"":true},{""class_index"":1,""support"":2010,""weighted_support"":233407.0,""prevalence"":0.6985284655280256,""predicted_support"":2155,""predicted_weight"":239040.0,""precision"":0.6684864457831325,""recall"":0.6846195701071519,""f1"":0.6764568300782945,""auroc"":0.4858497656493518,""recall_defined"":true,""auroc_defined"":true}]",80947743a5bec24044a36ec3ebe9f871337fe4cb310f434ca4e20ca28c092a2d
0,S_F_I,public_coverage,development_evaluation,2982,2,"[0,1]",False,2982.0,"[2199,783]","[2199.0,783.0]","[0.7374245472837022,0.2625754527162978]",True,True,"[true,true]",0.7357714995596656,1e-12,0.3890006706908115,0.49155746516615884,0.49155746516615884,0.5030534603851629,0.5030534603851629,0.5030534603851629,"[{""class_index"":0,""support"":2199,""weighted_support"":2199.0,""prevalence"":0.7374245472837022,""predicted_support"":835,""predicted_weight"":835.0,""precision"":0.725748502994012,""recall"":0.2755798090040928,""f1"":0.3994726433750824,""auroc"":0.5030534603851629,""recall_defined"":true,""auroc_defined"":true},{""class_index"":1,""support"":783,""weighted_support"":783.0,""prevalence"":0.2625754527162978,""predicted_support"":2147,""predicted_weight"":2147.0,""precision"":0.25803446669771773,""recall"":0.7075351213282248,""f1"":0.3781569965870307,""auroc"":0.5030534603851629,""recall_defined"":true,""auroc_defined"":true}]",fdf12ffeec59804ff45d261e426c052494f95a99c678be0834dca7efd3ee7337
0,S_F_I,public_coverage,development_evaluation_person_weighted,2982,2,"[0,1]",True,334141.0,"[2199,783]","[244261.0,89880.0]","[0.7310117585091324,0.26898824149086764]",True,True,"[true,true]",0.7355676020872817,1e-12,0.3927413876178021,0.48922839007339264,0.48922839007339264,0.4916826206454105,0.4916826206454106,0.4916826206454106,"[{""class_index"":0,""support"":2199,""weighted_support"":244261.0,""prevalence"":0.7310117585091324,""predicted_support"":835,""predicted_weight"":95627.0,""precision"":0.7162098570487415,""recall"":0.2803926946995222,""f1"":0.40300922656875204,""auroc"":0.4916826206454106,""recall_defined"":true,""auroc_defined"":true},{""class_index"":1,""support"":783,""weighted_support"":89880.0,""prevalence"":0.26898824149086764,""predicted_support"":2147,""predicted_weight"":238514.0,""precision"":0.26305374108018814,""recall"":0.6980640854472631,""f1"":0.3821141677375348,""auroc"":0.4916826206454105,""recall_defined"":true,""auroc_defined"":true}]",fdf12ffeec59804ff45d261e426c052494f95a99c678be0834dca7efd3ee7337
0,S_F_W,income_binary,source_validation,3004,2,"[0,1]",False,3004.0,"[2459,545]","[2459.0,545.0]","[0.8185752330226365,0.1814247669773635]",True,True,"[true,true]",0.3072763622268138,1e-12,0.8688415446071904,0.7299364625733591,0.7299364625733591,0.8947289679178901,0.89472896791789,0.89472896791789,"[{""class_index"":0,""support"":2459,""weighted_support"":2459.0,""prevalence"":0.8185752330226365,""predicted_support"":2597,""predicted_weight"":2597.0,""precision"":0.8975741239892183,""recall"":0.9479463196421309,""f1"":0.9220727848101266,""auroc"":0.89472896791789,""recall_defined"":true,""auroc_defined"":true},{""class_index"":1,""support"":545,""weighted_support"":545.0,""prevalence"":0.1814247669773635,""predicted_support"":407,""predicted_weight"":407.0,""precision"":0.6855036855036855,""recall"":0.5119266055045871,""f1"":0.5861344537815126,""auroc"":0.8947289679178901,""recall_defined"":true,""auroc_defined"":true}]",d9faa9014288b09047f2fddfdb1809656e4d7ce9babb04c5c86a90afb77587a2
0,S_F_W,income_binary,source_validation_person_weighted,3004,2,"[0,1]",True,350926.0,"[2459,545]","[288026.0,62900.0]","[0.820759932293418,0.17924006770658202]",True,True,"[true,true]",0.30119176597715797,1e-12,0.8744977573619509,0.7255437567203376,0.7255437567203376,0.8980099731711422,0.8980099731711422,0.8980099731711422,"[{""class_index"":0,""support"":2459,""weighted_support"":288026.0,""prevalence"":0.820759932293418,""predicted_support"":2597,""predicted_weight"":307720.0,""precision"":0.8964383205511504,""recall"":0.9577329824390853,""f1"":0.9260725208394182,""auroc"":0.8980099731711423,""recall_defined"":true,""auroc_defined"":true},{""class_index"":1,""support"":545,""weighted_support"":62900.0,""prevalence"":0.17924006770658202,""predicted_support"":407,""predicted_weight"":43206.0,""precision"":0.7182335786696292,""recall"":0.4933545310015898,""f1"":0.5849245094528114,""auroc"":0.8980099731711422,""recall_defined"":true,""auroc_defined"":true}]",d9faa9014288b09047f2fddfdb1809656e4d7ce9babb04c5c86a90afb77587a2
0,S_F_W,civilian_at_work,source_validation,3004,2,"[0,1]",False,3004.0,"[969,2035]","[969.0,2035.0]","[0.3225699067909454,0.6774300932090546]",True,True,"[true,true]",0.30321861957697976,1e-12,0.8984687083888149,0.8507301278199111,0.8507301278199111,0.8993526597241767,0.8993526597241768,0.8993526597241768,"[{""class_index"":0,""support"":969,""weighted_support"":969.0,""prevalence"":0.3225699067909454,""predicted_support"":724,""predicted_weight"":724.0,""precision"":0.9585635359116023,""recall"":0.7162022703818369,""f1"":0.819846426461902,""auroc"":0.8993526597241768,""recall_defined"":true,""auroc_defined"":true},{""class_index"":1,""support"":2035,""weighted_support"":2035.0,""prevalence"":0.6774300932090546,""predicted_support"":2280,""predicted_weight"":2280.0,""precision"":0.8793859649122807,""recall"":0.9852579852579852,""f1"":0.929316338354577,""auroc"":0.8993526597241767,""recall_defined"":true,""auroc_defined"":true}]",520b332226b2a65eba3d8a95a99b3c206094ffcc0fda962dd28f83d8eafb8589
0,S_F_W,civilian_at_work,source_validation_person_weighted,3004,2,"[0,1]",True,350926.0,"[969,2035]","[106128.0,244798.0]","[0.30242273299784,0.69757726700216]",True,True,"[true,true]",0.30320178218041366,1e-12,0.9002467756735039,0.8410679486984686,0.8410679486984686,0.8921584724361059,0.8921584724361059,0.8921584724361059,"[{""class_index"":0,""support"":969,""weighted_support"":106128.0,""prevalence"":0.30242273299784,""predicted_support"":724,""predicted_weight"":75612.0,""precision"":0.9703089456699995,""recall"":0.6913067239559777,""f1"":0.807384175195334,""auroc"":0.8921584724361059,""recall_defined"":true,""auroc_defined"":true},{""class_index"":1,""support"":2035,""weighted_support"":244798.0,""prevalence"":0.69757726700216,""predicted_support"":2280,""predicted_weight"":275314.0,""precision"":0.8810049616074737,""recall"":0.9908291734409594,""f1"":0.932695265635094,""auroc"":0.8921584724361059,""recall_defined"":true,""auroc_defined"":true}]",520b332226b2a65eba3d8a95a99b3c206094ffcc0fda962dd28f83d8eafb8589
0,S_F_W,public_coverage,source_validation,3004,2,"[0,1]",False,3004.0,"[2263,741]","[2263.0,741.0]","[0.7533288948069241,0.2466711051930759]",True,True,"[true,true]",0.48973560319496096,1e-12,0.7746338215712384,0.5794903401131742,0.5794903401131742,0.729688058141206,0.729688058141206,0.729688058141206,"[{""class_index"":0,""support"":2263,""weighted_support"":2263.0,""prevalence"":0.7533288948069241,""predicted_support"":2780,""predicted_weight"":2780.0,""precision"":0.7852517985611511,""recall"":0.9646486964206805,""f1"":0.8657545112036487,""auroc"":0.729688058141206,""recall_defined"":true,""auroc_defined"":true},{""class_index"":1,""support"":741,""weighted_support"":741.0,""prevalence"":0.2466711051930759,""predicted_support"":224,""predicted_weight"":224.0,""precision"":0.6428571428571429,""recall"":0.19433198380566802,""f1"":0.29844559585492225,""auroc"":0.729688058141206,""recall_defined"":true,""auroc_defined"":true}]",e24698bf554a17daef675d12d02392d3cf4eaf64675975758c9702dfa219157f
0,S_F_W,public_coverage,source_validation_person_weighted,3004,2,"[0,1]",True,350926.0,"[2263,741]","[262875.0,88051.0]","[0.7490895516433664,0.2509104483566336]",True,True,"[true,true]",0.49549158403120913,1e-12,0.7681334526367383,0.5651251656000837,0.5651251656000837,0.7301397377270002,0.7301397377270002,0.7301397377270002,"[{""class_index"":0,""support"":2263,""weighted_support"":262875.0,""prevalence"":0.7490895516433664,""predicted_support"":2780,""predicted_weight"":329851.0,""precision"":0.7751348336066891,""recall"":0.9726257727056585,""f1"":0.8627224046186602,""auroc"":0.7301397377270002,""recall_defined"":true,""auroc_defined"":true},{""class_index"":1,""support"":741,""weighted_support"":88051.0,""prevalence"":0.2509104483566336,""predicted_support"":224,""predicted_weight"":21075.0,""precision"":0.658552787663108,""recall"":0.15762455849450888,""f1"":0.2543665121052728,""auroc"":0.7301397377270002,""recall_defined"":true,""auroc_defined"":true}]",e24698bf554a17daef675d12d02392d3cf4eaf64675975758c9702dfa219157f
0,S_F_W,income_binary,development_evaluation,2982,2,"[0,1]",False,2982.0,"[2439,543]","[2439.0,543.0]","[0.817907444668008,0.18209255533199195]",True,True,"[true,true]",0.30568215559943246,1e-12,0.8698859825620389,0.7186012744105341,0.7186012744105341,0.8983876947425091,0.8983876947425091,0.8983876947425091,"[{""class_index"":0,""support"":2439,""weighted_support"":2439.0,""prevalence"":0.817907444668008,""predicted_support"":2615,""predicted_weight"":2615.0,""precision"":0.8921606118546845,""recall"":0.956539565395654,""f1"":0.923229125445192,""auroc"":0.8983876947425091,""recall_defined"":true,""auroc_defined"":true},{""class_index"":1,""support"":543,""weighted_support"":543.0,""prevalence"":0.18209255533199195,""predicted_support"":367,""predicted_weight"":367.0,""precision"":0.7111716621253406,""recall"":0.48066298342541436,""f1"":0.5736263736263736,""auroc"":0.8983876947425091,""recall_defined"":true,""auroc_defined"":true}]",80131ba9b068f4a865b31eaf5302ebfb29a4132c24ecaab2cd263000ac9c1e55
0,S_F_W,income_binary,development_evaluation_person_weighted,2982,2,"[0,1]",True,334141.0,"[2439,543]","[273575.0,60566.0]","[0.8187411900963965,0.18125880990360357]",True,True,"[true,true]",0.3145046361001599,1e-12,0.8646888588948977,0.6957035155487709,0.6957035155487709,0.8883144064769808,0.8883144064769808,0.8883144064769808,"[{""class_index"":0,""support"":2439,""weighted_support"":273575.0,""prevalence"":0.8187411900963965,""predicted_support"":2615,""predicted_weight"":297332.0,""precision"":0.8840185381997229,""recall"":0.9607858905236224,""f1"":0.9208049647315587,""auroc"":0.8883144064769809,""recall_defined"":true,""auroc_defined"":true},{""class_index"":1,""support"":543,""weighted_support"":60566.0,""prevalence"":0.18125880990360357,""predicted_support"":367,""predicted_weight"":36809.0,""precision"":0.7085495395147926,""recall"":0.43062114057391937,""f1"":0.5356816431322208,""auroc"":0.8883144064769808,""recall_defined"":true,""auroc_defined"":true}]",80131ba9b068f4a865b31eaf5302ebfb29a4132c24ecaab2cd263000ac9c1e55
0,S_F_W,civilian_at_work,development_evaluation,2982,2,"[0,1]",False,2982.0,"[972,2010]","[972.0,2010.0]","[0.32595573440643866,0.6740442655935613]",True,True,"[true,true]",0.2943298527403396,1e-12,0.9067739771965124,0.8649652969719305,0.8649652969719305,0.8997589214421718,0.8997589214421717,0.8997589214421717,"[{""class_index"":0,""support"":972,""weighted_support"":972.0,""prevalence"":0.32595573440643866,""predicted_support"":754,""predicted_weight"":754.0,""precision"":0.9602122015915119,""recall"":0.7448559670781894,""f1"":0.8389339513325609,""auroc"":0.8997589214421717,""recall_defined"":true,""auroc_defined"":true},{""class_index"":1,""support"":2010,""weighted_support"":2010.0,""prevalence"":0.6740442655935613,""predicted_support"":2228,""predicted_weight"":2228.0,""precision"":0.8886894075403949,""recall"":0.9850746268656716,""f1"":0.9344030202925908,""auroc"":0.8997589214421718,""recall_defined"":true,""auroc_defined"":true}]",b8d93e2422d8684dee49192fbb18e6306342c3e5706a93702e037875bd29962a
0,S_F_W,civilian_at_work,development_evaluation_person_weighted,2982,2,"[0,1]",True,334141.0,"[972,2010]","[100734.0,233407.0]","[0.3014715344719744,0.6985284655280256]",True,True,"[true,true]",0.28056012996095514,1e-12,0.9192317015870546,0.8721120451531306,0.8721120451531306,0.8984168484234177,0.8984168484234176,0.8984168484234176,"[{""class_index"":0,""support"":972,""weighted_support"":100734.0,""prevalence"":0.3014715344719744,""predicted_support"":754,""predicted_weight"":78048.0,""precision"":0.972440036900369,""recall"":0.7534397522187146,""f1"":0.8490452058932108,""auroc"":0.8984168484234176,""recall_defined"":true,""auroc_defined"":true},{""class_index"":1,""support"":2010,""weighted_support"":233407.0,""prevalence"":0.6985284655280256,""predicted_support"":2228,""predicted_weight"":256093.0,""precision"":0.9030157013272522,""recall"":0.9907843380875466,""f1"":0.9448661899897854,""auroc"":0.8984168484234177,""recall_defined"":true,""auroc_defined"":true}]",b8d93e2422d8684dee49192fbb18e6306342c3e5706a93702e037875bd29962a
0,S_F_W,public_coverage,development_evaluation,2982,2,"[0,1]",False,2982.0,"[2199,783]","[2199.0,783.0]","[0.7374245472837022,0.2625754527162978]",True,True,"[true,true]",0.515868290045539,1e-12,0.7545271629778671,0.5745087892615766,0.5745087892615766,0.7151044507052724,0.715104305509819,0.715104305509819,"[{""class_index"":0,""support"":2199,""weighted_support"":2199.0,""prevalence"":0.7374245472837022,""predicted_support"":2727,""predicted_weight"":2727.0,""precision"":0.768976897689769,""recall"":0.9536152796725784,""f1"":0.8514007308160779,""auroc"":0.7151041603143655,""recall_defined"":true,""auroc_defined"":true},{""class_index"":1,""support"":783,""weighted_support"":783.0,""prevalence"":0.2625754527162978,""predicted_support"":255,""predicted_weight"":255.0,""precision"":0.6,""recall"":0.19540229885057472,""f1"":0.2947976878612717,""auroc"":0.7151044507052724,""recall_defined"":true,""auroc_defined"":true}]",15cbfda45817e73ded2fd485d7116cbed8c35a352549fddfbfc41a6bc46889e4
0,S_F_W,public_coverage,development_evaluation_person_weighted,2982,2,"[0,1]",True,334141.0,"[2199,783]","[244261.0,89880.0]","[0.7310117585091324,0.26898824149086764]",True,True,"[true,true]",0.5246249579267165,1e-12,0.7476903462909371,0.5678886162732096,0.5678886162732096,0.7132840971530254,0.7132839925715682,0.7132839925715682,"[{""class_index"":0,""support"":2199,""weighted_support"":244261.0,""prevalence"":0.7310117585091324,""predicted_support"":2727,""predicted_weight"":307586.0,""precision"":0.7600150852119407,""recall"":0.9570500407351153,""f1"":0.847227583007609,""auroc"":0.7132838879901108,""recall_defined"":true,""auroc_defined"":true},{""class_index"":1,""support"":783,""weighted_support"":89880.0,""prevalence"":0.26898824149086764,""predicted_support"":255,""predicted_weight"":26555.0,""precision"":0.6049331575974393,""recall"":0.17872719181130395,""f1"":0.27593077682827327,""auroc"":0.7132840971530254,""recall_defined"":true,""auroc_defined"":true}]",15cbfda45817e73ded2fd485d7116cbed8c35a352549fddfbfc41a6bc46889e4
0,S_F_C,income_binary,source_validation,3004,2,"[0,1]",False,3004.0,"[2459,545]","[2459.0,545.0]","[0.8185752330226365,0.1814247669773635]",True,True,"[true,true]",0.29600071680740075,1e-12,0.8681757656458056,0.7223888281579369,0.7223888281579369,0.8969578145811492,0.8969578145811492,0.8969578145811492,"[{""class_index"":0,""support"":2459,""weighted_support"":2459.0,""prevalence"":0.8185752330226365,""predicted_support"":2615,""predicted_weight"":2615.0,""precision"":0.8944550669216061,""recall"":0.9511996746644977,""f1"":0.9219550650374458,""auroc"":0.8969578145811493,""recall_defined"":true,""auroc_defined"":true},{""class_index"":1,""support"":545,""weighted_support"":545.0,""prevalence"":0.1814247669773635,""predicted_support"":389,""predicted_weight"":389.0,""precision"":0.6915167095115681,""recall"":0.4935779816513762,""f1"":0.576017130620985,""auroc"":0.8969578145811492,""recall_defined"":true,""auroc_defined"":true}]",c346a0b0ecbd161ff286e7261903db35880af62c57e48dae68ae730c224fe30b
0,S_F_C,income_binary,source_validation_person_weighted,3004,2,"[0,1]",True,350926.0,"[2459,545]","[288026.0,62900.0]","[0.820759932293418,0.17924006770658202]",True,True,"[true,true]",0.28954736518010615,1e-12,0.8711637211263913,0.7137828639763433,0.7137828639763433,0.9003933552600473,0.9003933552600473,0.9003933552600473,"[{""class_index"":0,""support"":2459,""weighted_support"":288026.0,""prevalence"":0.820759932293418,""predicted_support"":2615,""predicted_weight"":309682.0,""precision"":0.8920376386099289,""recall"":0.9591078583183462,""f1"":0.9243577131308264,""auroc"":0.9003933552600473,""recall_defined"":true,""auroc_defined"":true},{""class_index"":1,""support"":545,""weighted_support"":62900.0,""prevalence"":0.17924006770658202,""predicted_support"":389,""predicted_weight"":41244.0,""precision"":0.7144311899912714,""recall"":0.4684578696343402,""f1"":0.5658703333845445,""auroc"":0.9003933552600473,""recall_defined"":true,""auroc_defined"":true}]",c346a0b0ecbd161ff286e7261903db35880af62c57e48dae68ae730c224fe30b
0,S_F_C,civilian_at_work,source_validation,3004,2,"[0,1]",False,3004.0,"[969,2035]","[969.0,2035.0]","[0.3225699067909454,0.6774300932090546]",True,True,"[true,true]",0.2962130434031922,1e-12,0.8988015978695073,0.8517867149446097,0.8517867149446097,0.8978429597624643,0.8978429597624644,0.8978429597624644,"[{""class_index"":0,""support"":969,""weighted_support"":969.0,""prevalence"":0.3225699067909454,""predicted_support"":729,""predicted_weight"":729.0,""precision"":0.9561042524005487,""recall"":0.7192982456140351,""f1"":0.8209658421672555,""auroc"":0.8978429597624644,""recall_defined"":true,""auroc_defined"":true},{""class_index"":1,""support"":2035,""weighted_support"":2035.0,""prevalence"":0.6774300932090546,""predicted_support"":2275,""predicted_weight"":2275.0,""precision"":0.8804395604395604,""recall"":0.9842751842751842,""f1"":0.9294663573085847,""auroc"":0.8978429597624643,""recall_defined"":true,""auroc_defined"":true}]",1b7f24c8f61effc139c2015c2b5fd368e95a44e26c423e4ad65614f7153fb6a9
0,S_F_C,civilian_at_work,source_validation_person_weighted,3004,2,"[0,1]",True,350926.0,"[969,2035]","[106128.0,244798.0]","[0.30242273299784,0.69757726700216]",True,True,"[true,true]",0.2937189535883776,1e-12,0.9007654035323687,0.8434252647697233,0.8434252647697233,0.8941174067515326,0.8941174067515327,0.8941174067515327,"[{""class_index"":0,""support"":969,""weighted_support"":106128.0,""prevalence"":0.30242273299784,""predicted_support"":729,""predicted_weight"":76918.0,""precision"":0.9635065914350347,""recall"":0.6983171264887683,""f1"":0.8097527397484785,""auroc"":0.8941174067515327,""recall_defined"":true,""auroc_defined"":true},{""class_index"":1,""support"":2035,""weighted_support"":244798.0,""prevalence"":0.69757726700216,""predicted_support"":2275,""predicted_weight"":274008.0,""precision"":0.8831530466263758,""recall"":0.9885334030506785,""f1"":0.9328766436779837,""auroc"":0.8941174067515326,""recall_defined"":true,""auroc_defined"":true}]",1b7f24c8f61effc139c2015c2b5fd368e95a44e26c423e4ad65614f7153fb6a9
0,S_F_C,public_coverage,source_validation,3004,2,"[0,1]",False,3004.0,"[2263,741]","[2263.0,741.0]","[0.7533288948069241,0.2466711051930759]",True,True,"[true,true]",0.4939126450763469,1e-12,0.7776298268974701,0.5769406690866328,0.5769406690866328,0.7314666556939273,0.7314666556939273,0.7314666556939273,"[{""class_index"":0,""support"":2263,""weighted_support"":2263.0,""prevalence"":0.7533288948069241,""predicted_support"":2809,""predicted_weight"":2809.0,""precision"":0.7839088643645425,""recall"":0.9730446310207689,""f1"":0.8682965299684543,""auroc"":0.7314666556939273,""recall_defined"":true,""auroc_defined"":true},{""class_index"":1,""support"":741,""weighted_support"":741.0,""prevalence"":0.2466711051930759,""predicted_support"":195,""predicted_weight"":195.0,""precision"":0.6871794871794872,""recall"":0.18083670715249664,""f1"":0.2863247863247863,""auroc"":0.7314666556939273,""recall_defined"":true,""auroc_defined"":true}]",5344eba010e042e854af277c828422e6c4e62c82ce57963bfb8c71dc30a2bad1
0,S_F_C,public_coverage,source_validation_person_weighted,3004,2,"[0,1]",True,350926.0,"[2263,741]","[262875.0,88051.0]","[0.7490895516433664,0.2509104483566336]",True,True,"[true,true]",0.4998072653122694,1e-12,0.7679054843471274,0.56258248858963,0.56258248858963,0.7315800148957247,0.7315800148957247,0.7315800148957247,"[{""class_index"":0,""support"":2263,""weighted_support"":262875.0,""prevalence"":0.7490895516433664,""predicted_support"":2809,""predicted_weight"":331037.0,""precision"":0.7740282808266146,""recall"":0.9747294341417023,""f1"":0.8628618381174316,""auroc"":0.7315800148957247,""recall_defined"":true,""auroc_defined"":true},{""class_index"":1,""support"":741,""weighted_support"":88051.0,""prevalence"":0.2509104483566336,""predicted_support"":195,""predicted_weight"":19889.0,""precision"":0.6659962793503947,""recall"":0.15043554303755777,""f1"":0.2454326477672781,""auroc"":0.7315800148957247,""recall_defined"":true,""auroc_defined"":true}]",5344eba010e042e854af277c828422e6c4e62c82ce57963bfb8c71dc30a2bad1
0,S_F_C,income_binary,development_evaluation,2982,2,"[0,1]",False,2982.0,"[2439,543]","[2439.0,543.0]","[0.817907444668008,0.18209255533199195]",True,True,"[true,true]",0.29333356225666185,1e-12,0.8678739101274312,0.7166554538473562,0.7166554538473562,0.900796374446249,0.900796374446249,0.900796374446249,"[{""class_index"":0,""support"":2439,""weighted_support"":2439.0,""prevalence"":0.817907444668008,""predicted_support"":2611,""predicted_weight"":2611.0,""precision"":0.8916124090386826,""recall"":0.9544895448954489,""f1"":0.921980198019802,""auroc"":0.900796374446249,""recall_defined"":true,""auroc_defined"":true},{""class_index"":1,""support"":543,""weighted_support"":543.0,""prevalence"":0.18209255533199195,""predicted_support"":371,""predicted_weight"":371.0,""precision"":0.7008086253369272,""recall"":0.47882136279926335,""f1"":0.5689277899343544,""auroc"":0.900796374446249,""recall_defined"":true,""auroc_defined"":true}]",99cd5f5ed948a4fbae43c6a8dc20d4226fcc2e558e8a61a486145f146531ca7a
0,S_F_C,income_binary,development_evaluation_person_weighted,2982,2,"[0,1]",True,334141.0,"[2439,543]","[273575.0,60566.0]","[0.8187411900963965,0.18125880990360357]",True,True,"[true,true]",0.3041261184833606,1e-12,0.8620342909131176,0.6926875543158592,0.6926875543158592,0.8910515980945523,0.8910515980945521,0.8910515980945521,"[{""class_index"":0,""support"":2439,""weighted_support"":273575.0,""prevalence"":0.8187411900963965,""predicted_support"":2611,""predicted_weight"":296879.0,""precision"":0.8831106275620707,""recall"":0.9583368363337293,""f1"":0.9191871737247876,""auroc"":0.8910515980945521,""recall_defined"":true,""auroc_defined"":true},{""class_index"":1,""support"":543,""weighted_support"":60566.0,""prevalence"":0.18125880990360357,""predicted_support"":371,""predicted_weight"":37262.0,""precision"":0.6941119639310827,""recall"":0.42703827229798896,""f1"":0.5287647708222595,""auroc"":0.8910515980945523,""recall_defined"":true,""auroc_defined"":true}]",99cd5f5ed948a4fbae43c6a8dc20d4226fcc2e558e8a61a486145f146531ca7a
0,S_F_C,civilian_at_work,development_evaluation,2982,2,"[0,1]",False,2982.0,"[972,2010]","[972.0,2010.0]","[0.32595573440643866,0.6740442655935613]",True,True,"[true,true]",0.2855897890093261,1e-12,0.9064386317907445,0.866044776119403,0.866044776119403,0.902259791577094,0.902259791577094,0.902259791577094,"[{""class_index"":0,""support"":972,""weighted_support"":972.0,""prevalence"":0.32595573440643866,""predicted_support"":765,""predicted_weight"":765.0,""precision"":0.9529411764705882,""recall"":0.75,""f1"":0.8393782383419689,""auroc"":0.902259791577094,""recall_defined"":true,""auroc_defined"":true},{""class_index"":1,""support"":2010,""weighted_support"":2010.0,""prevalence"":0.6740442655935613,""predicted_support"":2217,""predicted_weight"":2217.0,""precision"":0.8903924221921515,""recall"":0.982089552238806,""f1"":0.9339957416607523,""auroc"":0.902259791577094,""recall_defined"":true,""auroc_defined"":true}]",37ac8c70d9030c9c348964b9c856b64e91522768a2ee6816d5ddcf3ce1dcb7d8
0,S_F_C,civilian_at_work,development_evaluation_person_weighted,2982,2,"[0,1]",True,334141.0,"[972,2010]","[100734.0,233407.0]","[0.3014715344719744,0.6985284655280256]",True,True,"[true,true]",0.26697898568250295,1e-12,0.9174540089363472,0.870591307722757,0.870591307722757,0.9006977240911278,0.9006977240911278,0.9006977240911278,"[{""class_index"":0,""support"":972,""weighted_support"":100734.0,""prevalence"":0.3014715344719744,""predicted_support"":765,""predicted_weight"":78466.0,""precision"":0.9661381999847067,""recall"":0.7525661643536442,""f1"":0.8460825892857143,""auroc"":0.9006977240911279,""recall_defined"":true,""auroc_defined"":true},{""class_index"":1,""support"":2010,""weighted_support"":233407.0,""prevalence"":0.6985284655280256,""predicted_support"":2217,""predicted_weight"":255675.0,""precision"":0.9025129559010463,""recall"":0.9886164510918696,""f1"":0.9436045489304452,""auroc"":0.9006977240911278,""recall_defined"":true,""auroc_defined"":true}]",37ac8c70d9030c9c348964b9c856b64e91522768a2ee6816d5ddcf3ce1dcb7d8
0,S_F_C,public_coverage,development_evaluation,2982,2,"[0,1]",False,2982.0,"[2199,783]","[2199.0,783.0]","[0.7374245472837022,0.2625754527162978]",True,True,"[true,true]",0.525910063472405,1e-12,0.7454728370221329,0.5568562164271813,0.5568562164271813,0.7229156757076971,0.7229156757076971,0.7229156757076971,"[{""class_index"":0,""support"":2199,""weighted_support"":2199.0,""prevalence"":0.7374245472837022,""predicted_support"":2756,""predicted_weight"":2756.0,""precision"":0.7612481857764877,""recall"":0.9540700318326512,""f1"":0.8468213925327952,""auroc"":0.7229156757076972,""recall_defined"":true,""auroc_defined"":true},{""class_index"":1,""support"":783,""weighted_support"":783.0,""prevalence"":0.2625754527162978,""predicted_support"":226,""predicted_weight"":226.0,""precision"":0.5530973451327433,""recall"":0.15964240102171137,""f1"":0.24777006937561943,""auroc"":0.7229156757076971,""recall_defined"":true,""auroc_defined"":true}]",dc5be4c1c51e82854fcc2f199ccef52d84faa7c736b4deb322cad5ce28295001
0,S_F_C,public_coverage,development_evaluation_person_weighted,2982,2,"[0,1]",True,334141.0,"[2199,783]","[244261.0,89880.0]","[0.7310117585091324,0.26898824149086764]",True,True,"[true,true]",0.5343486971737043,1e-12,0.7363897276898076,0.548067716760516,0.548067716760516,0.7194736174252545,0.7194736174252545,0.7194736174252545,"[{""class_index"":0,""support"":2199,""weighted_support"":244261.0,""prevalence"":0.7310117585091324,""predicted_support"":2756,""predicted_weight"":310688.0,""precision"":0.7513421825110722,""recall"":0.955670368990547,""f1"":0.8412773065633058,""auroc"":0.7194736174252546,""recall_defined"":true,""auroc_defined"":true},{""class_index"":1,""support"":783,""weighted_support"":89880.0,""prevalence"":0.26898824149086764,""predicted_support"":226,""predicted_weight"":23453.0,""precision"":0.5383106638809534,""recall"":0.1404650645304851,""f1"":0.22279477292580271,""auroc"":0.7194736174252545,""recall_defined"":true,""auroc_defined"":true}]",dc5be4c1c51e82854fcc2f199ccef52d84faa7c736b4deb322cad5ce28295001
0,S_F_D,income_binary,source_validation,3004,2,"[0,1]",False,3004.0,"[2459,545]","[2459.0,545.0]","[0.8185752330226365,0.1814247669773635]",True,True,"[true,true]",0.2960280982725791,1e-12,0.8688415446071904,0.7242236905432581,0.7242236905432581,0.8968242479414694,0.8968242479414694,0.8968242479414694,"[{""class_index"":0,""support"":2459,""weighted_support"":2459.0,""prevalence"":0.8185752330226365,""predicted_support"":2613,""predicted_weight"":2613.0,""precision"":0.8951396861844623,""recall"":0.9511996746644977,""f1"":0.9223186119873817,""auroc"":0.8968242479414694,""recall_defined"":true,""auroc_defined"":true},{""class_index"":1,""support"":545,""weighted_support"":545.0,""prevalence"":0.1814247669773635,""predicted_support"":391,""predicted_weight"":391.0,""precision"":0.6930946291560103,""recall"":0.4972477064220184,""f1"":0.5790598290598291,""auroc"":0.8968242479414694,""recall_defined"":true,""auroc_defined"":true}]",f5a039e08f2bfc1b1168cbc3c1185c09bd0459ced1317398b7c8d408ae27811e
0,S_F_D,income_binary,source_validation_person_weighted,3004,2,"[0,1]",True,350926.0,"[2459,545]","[288026.0,62900.0]","[0.820759932293418,0.17924006770658202]",True,True,"[true,true]",0.2898890256327771,1e-12,0.8711409242974302,0.7139740109909041,0.7139740109909041,0.9002130678683541,0.9002130678683541,0.9002130678683541,"[{""class_index"":0,""support"":2459,""weighted_support"":288026.0,""prevalence"":0.820759932293418,""predicted_support"":2613,""predicted_weight"":309608.0,""precision"":0.8921184207126431,""recall"":0.9589655100581198,""f1"":0.9243349608623338,""auroc"":0.9002130678683541,""recall_defined"":true,""auroc_defined"":true},{""class_index"":1,""support"":545,""weighted_support"":62900.0,""prevalence"":0.17924006770658202,""predicted_support"":391,""predicted_weight"":41318.0,""precision"":0.7139503364151217,""recall"":0.4689825119236884,""f1"":0.5661018250206298,""auroc"":0.9002130678683541,""recall_defined"":true,""auroc_defined"":true}]",f5a039e08f2bfc1b1168cbc3c1185c09bd0459ced1317398b7c8d408ae27811e
0,S_F_D,civilian_at_work,source_validation,3004,2,"[0,1]",False,3004.0,"[969,2035]","[969.0,2035.0]","[0.3225699067909454,0.6774300932090546]",True,True,"[true,true]",0.2976668406019088,1e-12,0.9004660452729694,0.8524746249204453,0.8524746249204453,0.8974337129135891,0.897433712913589,0.897433712913589,"[{""class_index"":0,""support"":969,""weighted_support"":969.0,""prevalence"":0.3225699067909454,""predicted_support"":720,""predicted_weight"":720.0,""precision"":0.9652777777777778,""recall"":0.717234262125903,""f1"":0.8229721728833629,""auroc"":0.897433712913589,""recall_defined"":true,""auroc_defined"":true},{""class_index"":1,""support"":2035,""weighted_support"":2035.0,""prevalence"":0.6774300932090546,""predicted_support"":2284,""predicted_weight"":2284.0,""precision"":0.8800350262697023,""recall"":0.9877149877149877,""f1"":0.9307710118082889,""auroc"":0.8974337129135891,""recall_defined"":true,""auroc_defined"":true}]",253cc680098175e84a4bfbb5b4a11bcc0f73b018cebd4fd4143e00269a7cfeec
0,S_F_D,civilian_at_work,source_validation_person_weighted,3004,2,"[0,1]",True,350926.0,"[969,2035]","[106128.0,244798.0]","[0.30242273299784,0.69757726700216]",True,True,"[true,true]",0.2953341452146103,1e-12,0.902193054946057,0.8441870158592881,0.8441870158592881,0.8929310354903273,0.8929310354903273,0.8929310354903273,"[{""class_index"":0,""support"":969,""weighted_support"":106128.0,""prevalence"":0.30242273299784,""predicted_support"":720,""predicted_weight"":76221.0,""precision"":0.9710316054630613,""recall"":0.6973937132519222,""f1"":0.8117730286428771,""auroc"":0.8929310354903272,""recall_defined"":true,""auroc_defined"":true},{""class_index"":1,""support"":2035,""weighted_support"":244798.0,""prevalence"":0.69757726700216,""predicted_support"":2284,""predicted_weight"":274705.0,""precision"":0.8830927722465918,""recall"":0.9909803184666541,""f1"":0.9339310841323342,""auroc"":0.8929310354903273,""recall_defined"":true,""auroc_defined"":true}]",253cc680098175e84a4bfbb5b4a11bcc0f73b018cebd4fd4143e00269a7cfeec
0,S_F_D,public_coverage,source_validation,3004,2,"[0,1]",False,3004.0,"[2263,741]","[2263.0,741.0]","[0.7533288948069241,0.2466711051930759]",True,True,"[true,true]",0.49461634591782044,1e-12,0.775965379494008,0.5740206681086277,0.5740206681086277,0.7308530171753187,0.7308530171753187,0.7308530171753187,"[{""class_index"":0,""support"":2263,""weighted_support"":2263.0,""prevalence"":0.7533288948069241,""predicted_support"":2812,""predicted_weight"":2812.0,""precision"":0.7827169274537695,""recall"":0.9726027397260274,""f1"":0.8673891625615764,""auroc"":0.7308530171753188,""recall_defined"":true,""auroc_defined"":true},{""class_index"":1,""support"":741,""weighted_support"":741.0,""prevalence"":0.2466711051930759,""predicted_support"":192,""predicted_weight"":192.0,""precision"":0.6770833333333334,""recall"":0.17543859649122806,""f1"":0.27867095391211144,""auroc"":0.7308530171753187,""recall_defined"":true,""auroc_defined"":true}]",5c7f5c0c30074c38f6c728087f0c22026106e8636867815aae93ac9634145e0d
0,S_F_D,public_coverage,source_validation_person_weighted,3004,2,"[0,1]",True,350926.0,"[2263,741]","[262875.0,88051.0]","[0.7490895516433664,0.2509104483566336]",True,True,"[true,true]",0.4992372216588128,1e-12,0.7675834791380519,0.5609513765940763,0.5609513765940763,0.7321936824178643,0.7321936824178643,0.7321936824178643,"[{""class_index"":0,""support"":2263,""weighted_support"":262875.0,""prevalence"":0.7490895516433664,""predicted_support"":2812,""predicted_weight"":331674.0,""precision"":0.7733316449284539,""recall"":0.9757261055634807,""f1"":0.8628187079618332,""auroc"":0.7321936824178643,""recall_defined"":true,""auroc_defined"":true},{""class_index"":1,""support"":741,""weighted_support"":88051.0,""prevalence"":0.2509104483566336,""predicted_support"":192,""predicted_weight"":19252.0,""precision"":0.6685539164762103,""recall"":0.14617664762467206,""f1"":0.23990009598986048,""auroc"":0.7321936824178643,""recall_defined"":true,""auroc_defined"":true}]",5c7f5c0c30074c38f6c728087f0c22026106e8636867815aae93ac9634145e0d
0,S_F_D,income_binary,development_evaluation,2982,2,"[0,1]",False,2982.0,"[2439,543]","[2439.0,543.0]","[0.817907444668008,0.18209255533199195]",True,True,"[true,true]",0.29393599008429633,1e-12,0.8661971830985915,0.7113355940189237,0.7113355940189237,0.9001190748555735,0.9001190748555736,0.9001190748555736,"[{""class_index"":0,""support"":2439,""weighted_support"":2439.0,""prevalence"":0.817907444668008,""predicted_support"":2618,""predicted_weight"":2618.0,""precision"":0.8896103896103896,""recall"":0.9548995489954899,""f1"":0.9210994660866126,""auroc"":0.9001190748555736,""recall_defined"":true,""auroc_defined"":true},{""class_index"":1,""support"":543,""weighted_support"":543.0,""prevalence"":0.18209255533199195,""predicted_support"":364,""predicted_weight"":364.0,""precision"":0.6978021978021978,""recall"":0.4677716390423573,""f1"":0.5600882028665931,""auroc"":0.9001190748555735,""recall_defined"":true,""auroc_defined"":true}]",aa4698bee2a032dde089d6373557d37113da4a93c430ad1038c54a72868643f5
0,S_F_D,income_binary,development_evaluation_person_weighted,2982,2,"[0,1]",True,334141.0,"[2439,543]","[273575.0,60566.0]","[0.8187411900963965,0.18125880990360357]",True,True,"[true,true]",0.3037474074325137,1e-12,0.8606965323022316,0.6876475261607302,0.6876475261607302,0.8913088497480568,0.8913088497480568,0.8913088497480568,"[{""class_index"":0,""support"":2439,""weighted_support"":273575.0,""prevalence"":0.8187411900963965,""predicted_support"":2618,""predicted_weight"":297746.0,""precision"":0.8812444163817482,""recall"":0.9591044503335465,""f1"":0.9185274127854569,""auroc"":0.8913088497480569,""recall_defined"":true,""auroc_defined"":true},{""class_index"":1,""support"":543,""weighted_support"":60566.0,""prevalence"":0.18125880990360357,""predicted_support"":364,""predicted_weight"":36395.0,""precision"":0.6925951366946009,""recall"":0.416190601987914,""f1"":0.5199410072090841,""auroc"":0.8913088497480568,""recall_defined"":true,""auroc_defined"":true}]",aa4698bee2a032dde089d6373557d37113da4a93c430ad1038c54a72868643f5
0,S_F_D,civilian_at_work,development_evaluation,2982,2,"[0,1]",False,2982.0,"[972,2010]","[972.0,2010.0]","[0.32595573440643866,0.6740442655935613]",True,True,"[true,true]",0.2858477337659161,1e-12,0.9077800134138162,0.8670398009950249,0.8670398009950249,0.9028284503408883,0.9028284503408882,0.9028284503408882,"[{""class_index"":0,""support"":972,""weighted_support"":972.0,""prevalence"":0.32595573440643866,""predicted_support"":761,""predicted_weight"":761.0,""precision"":0.9579500657030223,""recall"":0.75,""f1"":0.8413156376226197,""auroc"":0.9028284503408881,""recall_defined"":true,""auroc_defined"":true},{""class_index"":1,""support"":2010,""weighted_support"":2010.0,""prevalence"":0.6740442655935613,""predicted_support"":2221,""predicted_weight"":2221.0,""precision"":0.8905898244034219,""recall"":0.9840796019900497,""f1"":0.9350035452611676,""auroc"":0.9028284503408883,""recall_defined"":true,""auroc_defined"":true}]",4c966f510d3c8c80f29bcd0a9458a707b0162003599f404eed660a146a631c8c
0,S_F_D,civilian_at_work,development_evaluation_person_weighted,2982,2,"[0,1]",True,334141.0,"[972,2010]","[100734.0,233407.0]","[0.3014715344719744,0.6985284655280256]",True,True,"[true,true]",0.26700360349847996,1e-12,0.9184685507016499,0.8715065399241824,0.8715065399241824,0.9017313467333844,0.9017313467333843,0.9017313467333843,"[{""class_index"":0,""support"":972,""weighted_support"":100734.0,""prevalence"":0.3014715344719744,""predicted_support"":761,""predicted_weight"":78261.0,""precision"":0.969525050791582,""recall"":0.7532312823872774,""f1"":0.847800217883181,""auroc"":0.9017313467333843,""recall_defined"":true,""auroc_defined"":true},{""class_index"":1,""support"":2010,""weighted_support"":233407.0,""prevalence"":0.6985284655280256,""predicted_support"":2221,""predicted_weight"":255880.0,""precision"":0.9028528997967797,""recall"":0.9897817974610873,""f1"":0.9443210222221314,""auroc"":0.9017313467333844,""recall_defined"":true,""auroc_defined"":true}]",4c966f510d3c8c80f29bcd0a9458a707b0162003599f404eed660a146a631c8c
0,S_F_D,public_coverage,development_evaluation,2982,2,"[0,1]",False,2982.0,"[2199,783]","[2199.0,783.0]","[0.7374245472837022,0.2625754527162978]",True,True,"[true,true]",0.527822257326375,1e-12,0.7488262910798122,0.5611859448477974,0.5611859448477974,0.7205995178349384,0.7205995178349385,0.7205995178349385,"[{""class_index"":0,""support"":2199,""weighted_support"":2199.0,""prevalence"":0.7374245472837022,""predicted_support"":2756,""predicted_weight"":2756.0,""precision"":0.7630624092888244,""recall"":0.956343792633015,""f1"":0.8488395560040364,""auroc"":0.7205995178349385,""recall_defined"":true,""auroc_defined"":true},{""class_index"":1,""support"":783,""weighted_support"":783.0,""prevalence"":0.2625754527162978,""predicted_support"":226,""predicted_weight"":226.0,""precision"":0.5752212389380531,""recall"":0.16602809706257982,""f1"":0.2576808721506442,""auroc"":0.7205995178349384,""recall_defined"":true,""auroc_defined"":true}]",628631651796de5f4abd6d40387f5906ef88f4048f7ea676c2acb6f72ca3f839
0,S_F_D,public_coverage,development_evaluation_person_weighted,2982,2,"[0,1]",True,334141.0,"[2199,783]","[244261.0,89880.0]","[0.7310117585091324,0.26898824149086764]",True,True,"[true,true]",0.5373920823120665,1e-12,0.7407022783794865,0.552058161098104,0.552058161098104,0.7158012487989827,0.7158012487989827,0.7158012487989827,"[{""class_index"":0,""support"":2199,""weighted_support"":244261.0,""prevalence"":0.7310117585091324,""predicted_support"":2756,""predicted_weight"":311537.0,""precision"":0.7529699522047141,""recall"":0.960357977736929,""f1"":0.8441124293358379,""auroc"":0.7158012487989825,""recall_defined"":true,""auroc_defined"":true},{""class_index"":1,""support"":783,""weighted_support"":89880.0,""prevalence"":0.26898824149086764,""predicted_support"":226,""predicted_weight"":22604.0,""precision"":0.5716244912404884,""recall"":0.14375834445927904,""f1"":0.22973934070623378,""auroc"":0.7158012487989827,""recall_defined"":true,""auroc_defined"":true}]",628631651796de5f4abd6d40387f5906ef88f4048f7ea676c2acb6f72ca3f839
0,S_K_I,income_binary,source_validation,3004,2,"[0,1]",False,3004.0,"[2459,545]","[2459.0,545.0]","[0.8185752330226365,0.1814247669773635]",True,True,"[true,true]",0.7086160277018286,1e-12,0.45772303595206393,0.5859325973488141,0.5859325973488141,0.6134973193399271,0.6134973193399271,0.6134973193399271,"[{""class_index"":0,""support"":2459,""weighted_support"":2459.0,""prevalence"":0.8185752330226365,""predicted_support"":1062,""predicted_weight"":1062.0,""precision"":0.8907721280602636,""recall"":0.38470923139487595,""f1"":0.5373473445044021,""auroc"":0.6134973193399271,""recall_defined"":true,""auroc_defined"":true},{""class_index"":1,""support"":545,""weighted_support"":545.0,""prevalence"":0.1814247669773635,""predicted_support"":1942,""predicted_weight"":1942.0,""precision"":0.22090628218331618,""recall"":0.7871559633027523,""f1"":0.34499396863691195,""auroc"":0.6134973193399271,""recall_defined"":true,""auroc_defined"":true}]",0cc38edecf7d7e61d8aee27bcaad1767a162668daec9cfdbc56aa1d131da1ac3
0,S_K_I,income_binary,source_validation_person_weighted,3004,2,"[0,1]",True,350926.0,"[2459,545]","[288026.0,62900.0]","[0.820759932293418,0.17924006770658202]",True,True,"[true,true]",0.7087713669925679,1e-12,0.450334258504642,0.5850667215864863,0.5850667215864863,0.6213318106593826,0.6213318106593826,0.6213318106593826,"[{""class_index"":0,""support"":2459,""weighted_support"":288026.0,""prevalence"":0.820759932293418,""predicted_support"":1062,""predicted_weight"":120912.0,""precision"":0.8934018128887125,""recall"":0.37504600279141465,""f1"":0.5283099149504326,""auroc"":0.6213318106593826,""recall_defined"":true,""auroc_defined"":true},{""class_index"":1,""support"":545,""weighted_support"":62900.0,""prevalence"":0.17924006770658202,""predicted_support"":1942,""predicted_weight"":230014.0,""precision"":0.21742589581503735,""recall"":0.795087440381558,""f1"":0.3414722409990646,""auroc"":0.6213318106593826,""recall_defined"":true,""auroc_defined"":true}]",0cc38edecf7d7e61d8aee27bcaad1767a162668daec9cfdbc56aa1d131da1ac3
0,S_K_I,civilian_at_work,source_validation,3004,2,"[0,1]",False,3004.0,"[969,2035]","[969.0,2035.0]","[0.3225699067909454,0.6774300932090546]",True,True,"[true,true]",0.6793681268802901,1e-12,0.5399467376830892,0.46015320132967197,0.46015320132967197,0.4955063986023739,0.4955063986023739,0.4955063986023739,"[{""class_index"":0,""support"":969,""weighted_support"":969.0,""prevalence"":0.3225699067909454,""predicted_support"":869,""predicted_weight"":869.0,""precision"":0.26237054085155354,""recall"":0.23529411764705882,""f1"":0.24809575625680086,""auroc"":0.49550639860237383,""recall_defined"":true,""auroc_defined"":true},{""class_index"":1,""support"":2035,""weighted_support"":2035.0,""prevalence"":0.6774300932090546,""predicted_support"":2135,""predicted_weight"":2135.0,""precision"":0.652927400468384,""recall"":0.6850122850122851,""f1"":0.6685851318944844,""auroc"":0.4955063986023739,""recall_defined"":true,""auroc_defined"":true}]",88672fb41bd118ee0c311c8a21dea78f22f90b9d8615a1c581bcd73dde6f9ffb
0,S_K_I,civilian_at_work,source_validation_person_weighted,3004,2,"[0,1]",True,350926.0,"[969,2035]","[106128.0,244798.0]","[0.30242273299784,0.69757726700216]",True,True,"[true,true]",0.6763924815356643,1e-12,0.5558522309546742,0.47340929136850607,0.47340929136850607,0.4989626095547701,0.4989626095547701,0.4989626095547701,"[{""class_index"":0,""support"":969,""weighted_support"":106128.0,""prevalence"":0.30242273299784,""predicted_support"":869,""predicted_weight"":105935.0,""precision"":0.2652569972152735,""recall"":0.26477461178953715,""f1"":0.2650155849912526,""auroc"":0.4989626095547701,""recall_defined"":true,""auroc_defined"":true},{""class_index"":1,""support"":2035,""weighted_support"":244798.0,""prevalence"":0.69757726700216,""predicted_support"":2135,""predicted_weight"":244991.0,""precision"":0.6815066675918707,""recall"":0.682043970947475,""f1"":0.6817752134082228,""auroc"":0.4989626095547701,""recall_defined"":true,""auroc_defined"":true}]",88672fb41bd118ee0c311c8a21dea78f22f90b9d8615a1c581bcd73dde6f9ffb
0,S_K_I,public_coverage,source_validation,3004,2,"[0,1]",False,3004.0,"[2263,741]","[2263.0,741.0]","[0.7533288948069241,0.2466711051930759]",True,True,"[true,true]",0.73411415908147,1e-12,0.39214380825565914,0.5007976108052857,0.5007976108052857,0.5200294236389778,0.5200294236389778,0.5200294236389778,"[{""class_index"":0,""support"":2263,""weighted_support"":2263.0,""prevalence"":0.7533288948069241,""predicted_support"":859,""predicted_weight"":859.0,""precision"":0.7543655413271245,""recall"":0.28634555899248787,""f1"":0.4151185137732223,""auroc"":0.5200294236389778,""recall_defined"":true,""auroc_defined"":true},{""class_index"":1,""support"":741,""weighted_support"":741.0,""prevalence"":0.2466711051930759,""predicted_support"":2145,""predicted_weight"":2145.0,""precision"":0.24708624708624707,""recall"":0.7152496626180836,""f1"":0.3672903672903673,""auroc"":0.5200294236389778,""recall_defined"":true,""auroc_defined"":true}]",0231d97b6535f06265e885f9e7733e772fa8a0df116df6a284096806542848f9
0,S_K_I,public_coverage,source_validation_person_weighted,3004,2,"[0,1]",True,350926.0,"[2263,741]","[262875.0,88051.0]","[0.7490895516433664,0.2509104483566336]",True,True,"[true,true]",0.7333563851726782,1e-12,0.3947242438576794,0.49641032427425436,0.49641032427425436,0.5152520098570592,0.5152520098570592,0.5152520098570592,"[{""class_index"":0,""support"":2263,""weighted_support"":262875.0,""prevalence"":0.7490895516433664,""predicted_support"":859,""predicted_weight"":103206.0,""precision"":0.7445012886847664,""recall"":0.2922948169281978,""f1"":0.41978141449569906,""auroc"":0.5152520098570592,""recall_defined"":true,""auroc_defined"":true},{""class_index"":1,""support"":741,""weighted_support"":88051.0,""prevalence"":0.2509104483566336,""predicted_support"":2145,""predicted_weight"":247720.0,""precision"":0.24899886969158727,""recall"":0.7005258316203109,""f1"":0.36740516602088924,""auroc"":0.5152520098570592,""recall_defined"":true,""auroc_defined"":true}]",0231d97b6535f06265e885f9e7733e772fa8a0df116df6a284096806542848f9
0,S_K_I,income_binary,development_evaluation,2982,2,"[0,1]",False,2982.0,"[2439,543]","[2439.0,543.0]","[0.817907444668008,0.18209255533199195]",True,True,"[true,true]",0.712360886896526,1e-12,0.44634473507712946,0.5820868982170484,0.5820868982170484,0.6025927662591543,0.6025927662591543,0.6025927662591543,"[{""class_index"":0,""support"":2439,""weighted_support"":2439.0,""prevalence"":0.817907444668008,""predicted_support"":1010,""predicted_weight"":1010.0,""precision"":0.8900990099009901,""recall"":0.36859368593685937,""f1"":0.5213105247897941,""auroc"":0.6025927662591543,""recall_defined"":true,""auroc_defined"":true},{""class_index"":1,""support"":543,""weighted_support"":543.0,""prevalence"":0.18209255533199195,""predicted_support"":1972,""predicted_weight"":1972.0,""precision"":0.21906693711967545,""recall"":0.7955801104972375,""f1"":0.3435387673956262,""auroc"":0.6025927662591543,""recall_defined"":true,""auroc_defined"":true}]",768dafad1edbfb8f41cd4b2d06e07afde547aef863ad2c8d0654f16728874ee6
0,S_K_I,income_binary,development_evaluation_person_weighted,2982,2,"[0,1]",True,334141.0,"[2439,543]","[273575.0,60566.0]","[0.8187411900963965,0.18125880990360357]",True,True,"[true,true]",0.7135376950449879,1e-12,0.4366061034114341,0.5716575841150785,0.5716575841150785,0.5966848803233662,0.5966848803233662,0.5966848803233662,"[{""class_index"":0,""support"":2439,""weighted_support"":273575.0,""prevalence"":0.8187411900963965,""predicted_support"":1010,""predicted_weight"":111546.0,""precision"":0.8824520825489036,""recall"":0.3598062688476652,""f1"":0.511184796466565,""auroc"":0.5966848803233661,""recall_defined"":true,""auroc_defined"":true},{""class_index"":1,""support"":543,""weighted_support"":60566.0,""prevalence"":0.18125880990360357,""predicted_support"":1972,""predicted_weight"":222595.0,""precision"":0.21318538152249603,""recall"":0.7835088993824918,""f1"":0.33517327598080243,""auroc"":0.5966848803233662,""recall_defined"":true,""auroc_defined"":true}]",768dafad1edbfb8f41cd4b2d06e07afde547aef863ad2c8d0654f16728874ee6
0,S_K_I,civilian_at_work,development_evaluation,2982,2,"[0,1]",False,2982.0,"[972,2010]","[972.0,2010.0]","[0.32595573440643866,0.6740442655935613]",True,True,"[true,true]",0.6786993424383092,1e-12,0.5368879946344735,0.45377894478226155,0.45377894478226155,0.4936741191163524,0.4936741191163524,0.4936741191163524,"[{""class_index"":0,""support"":972,""weighted_support"":972.0,""prevalence"":0.32595573440643866,""predicted_support"":827,""predicted_weight"":827.0,""precision"":0.25272067714631197,""recall"":0.21502057613168724,""f1"":0.23235130628126738,""auroc"":0.4936741191163524,""recall_defined"":true,""auroc_defined"":true},{""class_index"":1,""support"":2010,""weighted_support"":2010.0,""prevalence"":0.6740442655935613,""predicted_support"":2155,""predicted_weight"":2155.0,""precision"":0.645939675174014,""recall"":0.6925373134328359,""f1"":0.6684273709483793,""auroc"":0.4936741191163524,""recall_defined"":true,""auroc_defined"":true}]",80947743a5bec24044a36ec3ebe9f871337fe4cb310f434ca4e20ca28c092a2d
0,S_K_I,civilian_at_work,development_evaluation_person_weighted,2982,2,"[0,1]",True,334141.0,"[972,2010]","[100734.0,233407.0]","[0.3014715344719744,0.6985284655280256]",True,True,"[true,true]",0.6762741223340138,1e-12,0.5425374318027419,0.4489718852382207,0.4489718852382207,0.4858497656493518,0.4858497656493518,0.4858497656493518,"[{""class_index"":0,""support"":972,""weighted_support"":100734.0,""prevalence"":0.3014715344719744,""predicted_support"":827,""predicted_weight"":95101.0,""precision"":0.2259597690876016,""recall"":0.21332420036928942,""f1"":0.2194602599126816,""auroc"":0.48584976564935184,""recall_defined"":true,""auroc_defined"":true},{""class_index"":1,""support"":2010,""weighted_support"":233407.0,""prevalence"":0.6985284655280256,""predicted_support"":2155,""predicted_weight"":239040.0,""precision"":0.6684864457831325,""recall"":0.6846195701071519,""f1"":0.6764568300782945,""auroc"":0.4858497656493518,""recall_defined"":true,""auroc_defined"":true}]",80947743a5bec24044a36ec3ebe9f871337fe4cb310f434ca4e20ca28c092a2d
0,S_K_I,public_coverage,development_evaluation,2982,2,"[0,1]",False,2982.0,"[2199,783]","[2199.0,783.0]","[0.7374245472837022,0.2625754527162978]",True,True,"[true,true]",0.7357714995596656,1e-12,0.3890006706908115,0.49155746516615884,0.49155746516615884,0.5030534603851629,0.5030534603851629,0.5030534603851629,"[{""class_index"":0,""support"":2199,""weighted_support"":2199.0,""prevalence"":0.7374245472837022,""predicted_support"":835,""predicted_weight"":835.0,""precision"":0.725748502994012,""recall"":0.2755798090040928,""f1"":0.3994726433750824,""auroc"":0.5030534603851629,""recall_defined"":true,""auroc_defined"":true},{""class_index"":1,""support"":783,""weighted_support"":783.0,""prevalence"":0.2625754527162978,""predicted_support"":2147,""predicted_weight"":2147.0,""precision"":0.25803446669771773,""recall"":0.7075351213282248,""f1"":0.3781569965870307,""auroc"":0.5030534603851629,""recall_defined"":true,""auroc_defined"":true}]",fdf12ffeec59804ff45d261e426c052494f95a99c678be0834dca7efd3ee7337
0,S_K_I,public_coverage,development_evaluation_person_weighted,2982,2,"[0,1]",True,334141.0,"[2199,783]","[244261.0,89880.0]","[0.7310117585091324,0.26898824149086764]",True,True,"[true,true]",0.7355676020872817,1e-12,0.3927413876178021,0.48922839007339264,0.48922839007339264,0.4916826206454105,0.4916826206454106,0.4916826206454106,"[{""class_index"":0,""support"":2199,""weighted_support"":244261.0,""prevalence"":0.7310117585091324,""predicted_support"":835,""predicted_weight"":95627.0,""precision"":0.7162098570487415,""recall"":0.2803926946995222,""f1"":0.40300922656875204,""auroc"":0.4916826206454106,""recall_defined"":true,""auroc_defined"":true},{""class_index"":1,""support"":783,""weighted_support"":89880.0,""prevalence"":0.26898824149086764,""predicted_support"":2147,""predicted_weight"":238514.0,""precision"":0.26305374108018814,""recall"":0.6980640854472631,""f1"":0.3821141677375348,""auroc"":0.4916826206454105,""recall_defined"":true,""auroc_defined"":true}]",fdf12ffeec59804ff45d261e426c052494f95a99c678be0834dca7efd3ee7337
0,S_K_W,income_binary,source_validation,3004,2,"[0,1]",False,3004.0,"[2459,545]","[2459.0,545.0]","[0.8185752330226365,0.1814247669773635]",True,True,"[true,true]",0.32693355811358327,1e-12,0.8618508655126498,0.7063858285049118,0.7063858285049118,0.8784230182329656,0.8784230182329655,0.8784230182329655,"[{""class_index"":0,""support"":2459,""weighted_support"":2459.0,""prevalence"":0.8185752330226365,""predicted_support"":2630,""predicted_weight"":2630.0,""precision"":0.8885931558935362,""recall"":0.9503863359089061,""f1"":0.9184515621929652,""auroc"":0.8784230182329655,""recall_defined"":true,""auroc_defined"":true},{""class_index"":1,""support"":545,""weighted_support"":545.0,""prevalence"":0.1814247669773635,""predicted_support"":374,""predicted_weight"":374.0,""precision"":0.6737967914438503,""recall"":0.46238532110091746,""f1"":0.5484221980413493,""auroc"":0.8784230182329656,""recall_defined"":true,""auroc_defined"":true}]",7903b3a40046afe014b8c1bd1610a51ecbe425da098f56285fa646f75fd72867
0,S_K_W,income_binary,source_validation_person_weighted,3004,2,"[0,1]",True,350926.0,"[2459,545]","[288026.0,62900.0]","[0.820759932293418,0.17924006770658202]",True,True,"[true,true]",0.32041986766051644,1e-12,0.871531319993389,0.7066504073884781,0.7066504073884781,0.8815346550258993,0.8815346550258993,0.8815346550258993,"[{""class_index"":0,""support"":2459,""weighted_support"":288026.0,""prevalence"":0.820759932293418,""predicted_support"":2630,""predicted_weight"":312179.0,""precision"":0.8891084922432323,""recall"":0.9636664745543805,""f1"":0.9248873301621946,""auroc"":0.8815346550258992,""recall_defined"":true,""auroc_defined"":true},{""class_index"":1,""support"":545,""weighted_support"":62900.0,""prevalence"":0.17924006770658202,""predicted_support"":374,""predicted_weight"":38747.0,""precision"":0.7299145740315379,""recall"":0.44963434022257553,""f1"":0.556474859071099,""auroc"":0.8815346550258993,""recall_defined"":true,""auroc_defined"":true}]",7903b3a40046afe014b8c1bd1610a51ecbe425da098f56285fa646f75fd72867
0,S_K_W,civilian_at_work,source_validation,3004,2,"[0,1]",False,3004.0,"[969,2035]","[969.0,2035.0]","[0.3225699067909454,0.6774300932090546]",True,True,"[true,true]",0.3672563121417417,1e-12,0.8651797603195739,0.8077800006592576,0.8077800006592576,0.8719594911545375,0.8719594911545376,0.8719594911545376,"[{""class_index"":0,""support"":969,""weighted_support"":969.0,""prevalence"":0.3225699067909454,""predicted_support"":688,""predicted_weight"":688.0,""precision"":0.9098837209302325,""recall"":0.6460268317853457,""f1"":0.7555823777911889,""auroc"":0.8719594911545376,""recall_defined"":true,""auroc_defined"":true},{""class_index"":1,""support"":2035,""weighted_support"":2035.0,""prevalence"":0.6774300932090546,""predicted_support"":2316,""predicted_weight"":2316.0,""precision"":0.8518998272884283,""recall"":0.9695331695331695,""f1"":0.9069179498965755,""auroc"":0.8719594911545375,""recall_defined"":true,""auroc_defined"":true}]",06f3196afcd2d0a4e396aaed85286e4244529d2ce37f2f56517f80fb3502d81b
0,S_K_W,civilian_at_work,source_validation_person_weighted,3004,2,"[0,1]",True,350926.0,"[969,2035]","[106128.0,244798.0]","[0.30242273299784,0.69757726700216]",True,True,"[true,true]",0.3696021099181432,1e-12,0.8677470463858478,0.801989998257633,0.801989998257633,0.8605103997651149,0.8605103997651149,0.8605103997651149,"[{""class_index"":0,""support"":969,""weighted_support"":106128.0,""prevalence"":0.30242273299784,""predicted_support"":688,""predicted_weight"":75189.0,""precision"":0.897112609557249,""recall"":0.635581561887532,""f1"":0.7440339295267404,""auroc"":0.8605103997651149,""recall_defined"":true,""auroc_defined"":true},{""class_index"":1,""support"":2035,""weighted_support"":244798.0,""prevalence"":0.69757726700216,""predicted_support"":2316,""predicted_weight"":275737.0,""precision"":0.8597395344114138,""recall"":0.9683984346277339,""f1"":0.9108398090426196,""auroc"":0.8605103997651149,""recall_defined"":true,""auroc_defined"":true}]",06f3196afcd2d0a4e396aaed85286e4244529d2ce37f2f56517f80fb3502d81b
0,S_K_W,public_coverage,source_validation,3004,2,"[0,1]",False,3004.0,"[2263,741]","[2263.0,741.0]","[0.7533288948069241,0.2466711051930759]",True,True,"[true,true]",0.5056110462221548,1e-12,0.7696404793608522,0.5589310643616758,0.5589310643616758,0.7036406237048143,0.7036406237048143,0.7036406237048143,"[{""class_index"":0,""support"":2263,""weighted_support"":2263.0,""prevalence"":0.7533288948069241,""predicted_support"":2841,""predicted_weight"":2841.0,""precision"":0.7764871524111229,""recall"":0.9748121961997349,""f1"":0.8644200626959248,""auroc"":0.7036406237048142,""recall_defined"":true,""auroc_defined"":true},{""class_index"":1,""support"":741,""weighted_support"":741.0,""prevalence"":0.2466711051930759,""predicted_support"":163,""predicted_weight"":163.0,""precision"":0.6503067484662577,""recall"":0.14304993252361672,""f1"":0.2345132743362832,""auroc"":0.7036406237048143,""recall_defined"":true,""auroc_defined"":true}]",d9ad47eacde60977d85100b70e620de343eda89c27a18f5599bda2d5a252cfb9
0,S_K_W,public_coverage,source_validation_person_weighted,3004,2,"[0,1]",True,350926.0,"[2263,741]","[262875.0,88051.0]","[0.7490895516433664,0.2509104483566336]",True,True,"[true,true]",0.5127834200581395,1e-12,0.76461989137311,0.5462616099487105,0.5462616099487105,0.6980712721536749,0.698071272153675,0.698071272153675,"[{""class_index"":0,""support"":2263,""weighted_support"":262875.0,""prevalence"":0.7490895516433664,""predicted_support"":2841,""predicted_weight"":337366.0,""precision"":0.7671786724210501,""recall"":0.9845744174988112,""f1"":0.8623869412452665,""auroc"":0.698071272153675,""recall_defined"":true,""auroc_defined"":true},{""class_index"":1,""support"":741,""weighted_support"":88051.0,""prevalence"":0.2509104483566336,""predicted_support"":163,""predicted_weight"":13560.0,""precision"":0.7009587020648967,""recall"":0.10794880239860989,""f1"":0.1870860438338369,""auroc"":0.6980712721536749,""recall_defined"":true,""auroc_defined"":true}]",d9ad47eacde60977d85100b70e620de343eda89c27a18f5599bda2d5a252cfb9
0,S_K_W,income_binary,development_evaluation,2982,2,"[0,1]",False,2982.0,"[2439,543]","[2439.0,543.0]","[0.817907444668008,0.18209255533199195]",True,True,"[true,true]",0.33133745951492666,1e-12,0.8631790744466801,0.6966060268337491,0.6966060268337491,0.8734740938569605,0.8734740938569605,0.8734740938569605,"[{""class_index"":0,""support"":2439,""weighted_support"":2439.0,""prevalence"":0.817907444668008,""predicted_support"":2645,""predicted_weight"":2645.0,""precision"":0.8839319470699433,""recall"":0.958589585895859,""f1"":0.919748229740362,""auroc"":0.8734740938569606,""recall_defined"":true,""auroc_defined"":true},{""class_index"":1,""support"":543,""weighted_support"":543.0,""prevalence"":0.18209255533199195,""predicted_support"":337,""predicted_weight"":337.0,""precision"":0.7002967359050445,""recall"":0.43462246777163904,""f1"":0.5363636363636364,""auroc"":0.8734740938569605,""recall_defined"":true,""auroc_defined"":true}]",81aed06928f6787235b76840cf9a41bf74e616ef439acb5857ef7dd08f9dace0
0,S_K_W,income_binary,development_evaluation_person_weighted,2982,2,"[0,1]",True,334141.0,"[2439,543]","[273575.0,60566.0]","[0.8187411900963965,0.18125880990360357]",True,True,"[true,true]",0.3401995995630633,1e-12,0.8587542384801625,0.6750841658424311,0.6750841658424311,0.8604977024300864,0.8604977024300864,0.8604977024300864,"[{""class_index"":0,""support"":2439,""weighted_support"":273575.0,""prevalence"":0.8187411900963965,""predicted_support"":2645,""predicted_weight"":300637.0,""precision"":0.8764989006675825,""recall"":0.9632020469706661,""f1"":0.9178073603477461,""auroc"":0.8604977024300863,""recall_defined"":true,""auroc_defined"":true},{""class_index"":1,""support"":543,""weighted_support"":60566.0,""prevalence"":0.18125880990360357,""predicted_support"":337,""predicted_weight"":33504.0,""precision"":0.6995284145176696,""recall"":0.3869662847141961,""f1"":0.4982885085574572,""auroc"":0.8604977024300864,""recall_defined"":true,""auroc_defined"":true}]",81aed06928f6787235b76840cf9a41bf74e616ef439acb5857ef7dd08f9dace0
0,S_K_W,civilian_at_work,development_evaluation,2982,2,"[0,1]",False,2982.0,"[972,2010]","[972.0,2010.0]","[0.32595573440643866,0.6740442655935613]",True,True,"[true,true]",0.35918742653929503,1e-12,0.8765928906773978,0.8263727658006266,0.8263727658006266,0.8721648956861783,0.8721648956861782,0.8721648956861782,"[{""class_index"":0,""support"":972,""weighted_support"":972.0,""prevalence"":0.32595573440643866,""predicted_support"":722,""predicted_weight"":722.0,""precision"":0.9182825484764543,""recall"":0.6820987654320988,""f1"":0.7827626918536009,""auroc"":0.872164895686178,""recall_defined"":true,""auroc_defined"":true},{""class_index"":1,""support"":2010,""weighted_support"":2010.0,""prevalence"":0.6740442655935613,""predicted_support"":2260,""predicted_weight"":2260.0,""precision"":0.8632743362831858,""recall"":0.9706467661691542,""f1"":0.9138173302107728,""auroc"":0.8721648956861783,""recall_defined"":true,""auroc_defined"":true}]",3fb4347412d1ef9e1b494160a573bfb1a277903433a995161c0020d8747d4cd4
0,S_K_W,civilian_at_work,development_evaluation_person_weighted,2982,2,"[0,1]",True,334141.0,"[972,2010]","[100734.0,233407.0]","[0.3014715344719744,0.6985284655280256]",True,True,"[true,true]",0.3480835951944747,1e-12,0.8861169386576325,0.8325469789103757,0.8325469789103757,0.8722521068278244,0.8722521068278244,0.8722521068278244,"[{""class_index"":0,""support"":972,""weighted_support"":100734.0,""prevalence"":0.3014715344719744,""predicted_support"":722,""predicted_weight"":77869.0,""precision"":0.9024772374115502,""recall"":0.6976294002025135,""f1"":0.7869408688543865,""auroc"":0.8722521068278245,""recall_defined"":true,""auroc_defined"":true},{""class_index"":1,""support"":2010,""weighted_support"":233407.0,""prevalence"":0.6985284655280256,""predicted_support"":2260,""predicted_weight"":256272.0,""precision"":0.8811458138228132,""recall"":0.9674645576182377,""f1"":0.9222899082868573,""auroc"":0.8722521068278244,""recall_defined"":true,""auroc_defined"":true}]",3fb4347412d1ef9e1b494160a573bfb1a277903433a995161c0020d8747d4cd4
0,S_K_W,public_coverage,development_evaluation,2982,2,"[0,1]",False,2982.0,"[2199,783]","[2199.0,783.0]","[0.7374245472837022,0.2625754527162978]",True,True,"[true,true]",0.5270876965272114,1e-12,0.7531857813547954,0.5583851245515639,0.5583851245515639,0.6941045418880172,0.6941042514971103,0.6941042514971103,"[{""class_index"":0,""support"":2199,""weighted_support"":2199.0,""prevalence"":0.7374245472837022,""predicted_support"":2797,""predicted_weight"":2797.0,""precision"":0.7615302109402932,""recall"":0.9686221009549796,""f1"":0.8526821457165733,""auroc"":0.6941039611062035,""recall_defined"":true,""auroc_defined"":true},{""class_index"":1,""support"":783,""weighted_support"":783.0,""prevalence"":0.2625754527162978,""predicted_support"":185,""predicted_weight"":185.0,""precision"":0.6270270270270271,""recall"":0.14814814814814814,""f1"":0.2396694214876033,""auroc"":0.6941045418880172,""recall_defined"":true,""auroc_defined"":true}]",720a1a7aee17a19230f4c84e65f302db2c2cdbd640929b33bef67ad7b51691e9
0,S_K_W,public_coverage,development_evaluation_person_weighted,2982,2,"[0,1]",True,334141.0,"[2199,783]","[244261.0,89880.0]","[0.7310117585091324,0.26898824149086764]",True,True,"[true,true]",0.5357651957542434,1e-12,0.743180274195624,0.5468019727349691,0.5468019727349691,0.6958341540426963,0.6958339894498845,0.6958339894498845,"[{""class_index"":0,""support"":2199,""weighted_support"":244261.0,""prevalence"":0.7310117585091324,""predicted_support"":2797,""predicted_weight"":316319.0,""precision"":0.7504544463026249,""recall"":0.9718415956702052,""f1"":0.846919262192729,""auroc"":0.6958338248570727,""recall_defined"":true,""auroc_defined"":true},{""class_index"":1,""support"":783,""weighted_support"":89880.0,""prevalence"":0.26898824149086764,""predicted_support"":185,""predicted_weight"":17822.0,""precision"":0.6140724946695096,""recall"":0.12176234979973298,""f1"":0.2032274238175707,""auroc"":0.6958341540426963,""recall_defined"":true,""auroc_defined"":true}]",720a1a7aee17a19230f4c84e65f302db2c2cdbd640929b33bef67ad7b51691e9
0,S_K_C,income_binary,source_validation,3004,2,"[0,1]",False,3004.0,"[2459,545]","[2459.0,545.0]","[0.8185752330226365,0.1814247669773635]",True,True,"[true,true]",0.3084290962687837,1e-12,0.8648468708388815,0.7089299372087557,0.7089299372087557,0.8868925609351158,0.8868925609351158,0.8868925609351158,"[{""class_index"":0,""support"":2459,""weighted_support"":2459.0,""prevalence"":0.8185752330226365,""predicted_support"":2637,""predicted_weight"":2637.0,""precision"":0.8892681076981418,""recall"":0.9536396909312729,""f1"":0.9203296703296703,""auroc"":0.8868925609351158,""recall_defined"":true,""auroc_defined"":true},{""class_index"":1,""support"":545,""weighted_support"":545.0,""prevalence"":0.1814247669773635,""predicted_support"":367,""predicted_weight"":367.0,""precision"":0.6893732970027248,""recall"":0.46422018348623856,""f1"":0.5548245614035088,""auroc"":0.8868925609351158,""recall_defined"":true,""auroc_defined"":true}]",05de090bef4e467bc89bccc14aec0bd2a881b2e5e3be7e443f6e337a3962bf8f
0,S_K_C,income_binary,source_validation_person_weighted,3004,2,"[0,1]",True,350926.0,"[2459,545]","[288026.0,62900.0]","[0.820759932293418,0.17924006770658202]",True,True,"[true,true]",0.3007489779773948,1e-12,0.8697189720909821,0.698991444775173,0.698991444775173,0.8918880703911457,0.8918880703911456,0.8918880703911456,"[{""class_index"":0,""support"":2459,""weighted_support"":288026.0,""prevalence"":0.820759932293418,""predicted_support"":2637,""predicted_weight"":313653.0,""precision"":0.8862660328452143,""recall"":0.9651212043357197,""f1"":0.9240142999838784,""auroc"":0.8918880703911456,""recall_defined"":true,""auroc_defined"":true},{""class_index"":1,""support"":545,""weighted_support"":62900.0,""prevalence"":0.17924006770658202,""predicted_support"":367,""predicted_weight"":37273.0,""precision"":0.7304751428648083,""recall"":0.43286168521462637,""f1"":0.5435995727391613,""auroc"":0.8918880703911457,""recall_defined"":true,""auroc_defined"":true}]",05de090bef4e467bc89bccc14aec0bd2a881b2e5e3be7e443f6e337a3962bf8f
0,S_K_C,civilian_at_work,source_validation,3004,2,"[0,1]",False,3004.0,"[969,2035]","[969.0,2035.0]","[0.3225699067909454,0.6774300932090546]",True,True,"[true,true]",0.3402369951151918,1e-12,0.8731691078561917,0.8193530147090519,0.8193530147090519,0.8851350083548226,0.8851350083548226,0.8851350083548226,"[{""class_index"":0,""support"":969,""weighted_support"":969.0,""prevalence"":0.3225699067909454,""predicted_support"":706,""predicted_weight"":706.0,""precision"":0.9164305949008499,""recall"":0.6676986584107327,""f1"":0.7725373134328358,""auroc"":0.8851350083548226,""recall_defined"":true,""auroc_defined"":true},{""class_index"":1,""support"":2035,""weighted_support"":2035.0,""prevalence"":0.6774300932090546,""predicted_support"":2298,""predicted_weight"":2298.0,""precision"":0.8598781549173194,""recall"":0.971007371007371,""f1"":0.9120701592430187,""auroc"":0.8851350083548226,""recall_defined"":true,""auroc_defined"":true}]",52f43e1b45b0599108bd3c2ddbaf0f6c4f7083cf59cf0f26d4a77a2c738dd7c9
0,S_K_C,civilian_at_work,source_validation_person_weighted,3004,2,"[0,1]",True,350926.0,"[969,2035]","[106128.0,244798.0]","[0.30242273299784,0.69757726700216]",True,True,"[true,true]",0.3366742773795851,1e-12,0.8765181263286277,0.8118049569240464,0.8118049569240464,0.8827273597621755,0.8827273597621756,0.8827273597621756,"[{""class_index"":0,""support"":969,""weighted_support"":106128.0,""prevalence"":0.30242273299784,""predicted_support"":706,""predicted_weight"":74755.0,""precision"":0.9200053508126547,""recall"":0.6480382180009046,""f1"":0.7604363041302942,""auroc"":0.8827273597621756,""recall_defined"":true,""auroc_defined"":true},{""class_index"":1,""support"":2035,""weighted_support"":244798.0,""prevalence"":0.69757726700216,""predicted_support"":2298,""predicted_weight"":276171.0,""precision"":0.8647468416307288,""recall"":0.9755716958471883,""f1"":0.9168223061257004,""auroc"":0.8827273597621755,""recall_defined"":true,""auroc_defined"":true}]",52f43e1b45b0599108bd3c2ddbaf0f6c4f7083cf59cf0f26d4a77a2c738dd7c9
0,S_K_C,public_coverage,source_validation,3004,2,"[0,1]",False,3004.0,"[2263,741]","[2263.0,741.0]","[0.7533288948069241,0.2466711051930759]",True,True,"[true,true]",0.5033193404062607,1e-12,0.7713049267643143,0.5536823380045001,0.5536823380045001,0.7095551687267388,0.7095553178128706,0.7095553178128706,"[{""class_index"":0,""support"":2263,""weighted_support"":2263.0,""prevalence"":0.7533288948069241,""predicted_support"":2874,""predicted_weight"":2874.0,""precision"":0.7741823242867084,""recall"":0.9832081307998233,""f1"":0.8662643566283823,""auroc"":0.7095554668990025,""recall_defined"":true,""auroc_defined"":true},{""class_index"":1,""support"":741,""weighted_support"":741.0,""prevalence"":0.2466711051930759,""predicted_support"":130,""predicted_weight"":130.0,""precision"":0.7076923076923077,""recall"":0.1241565452091768,""f1"":0.21125143513203215,""auroc"":0.7095551687267388,""recall_defined"":true,""auroc_defined"":true}]",d4eff23db33b4af1de995d853ac13dac3c33b52811dc052e04f26f00f6197597
0,S_K_C,public_coverage,source_validation_person_weighted,3004,2,"[0,1]",True,350926.0,"[2263,741]","[262875.0,88051.0]","[0.7490895516433664,0.2509104483566336]",True,True,"[true,true]",0.5101954695382186,1e-12,0.7647851683830779,0.5417683963503773,0.5417683963503773,0.7051687181487074,0.705168751199194,0.705168751199194,"[{""class_index"":0,""support"":2263,""weighted_support"":262875.0,""prevalence"":0.7490895516433664,""predicted_support"":2874,""predicted_weight"":339862.0,""precision"":0.7653017989654625,""recall"":0.9894322396576319,""f1"":0.8630530397171569,""auroc"":0.7051687842496804,""recall_defined"":true,""auroc_defined"":true},{""class_index"":1,""support"":741,""weighted_support"":88051.0,""prevalence"":0.2509104483566336,""predicted_support"":130,""predicted_weight"":11064.0,""precision"":0.7489154013015185,""recall"":0.09410455304312274,""f1"":0.1671997174998739,""auroc"":0.7051687181487074,""recall_defined"":true,""auroc_defined"":true}]",d4eff23db33b4af1de995d853ac13dac3c33b52811dc052e04f26f00f6197597
0,S_K_C,income_binary,development_evaluation,2982,2,"[0,1]",False,2982.0,"[2439,543]","[2439.0,543.0]","[0.817907444668008,0.18209255533199195]",True,True,"[true,true]",0.31359983386540374,1e-12,0.8604963112005366,0.69568181869664,0.69568181869664,0.8820494466454794,0.8820494466454794,0.8820494466454794,"[{""class_index"":0,""support"":2439,""weighted_support"":2439.0,""prevalence"":0.817907444668008,""predicted_support"":2635,""predicted_weight"":2635.0,""precision"":0.8838709677419355,""recall"":0.9548995489954899,""f1"":0.9180134016554986,""auroc"":0.8820494466454792,""recall_defined"":true,""auroc_defined"":true},{""class_index"":1,""support"":543,""weighted_support"":543.0,""prevalence"":0.18209255533199195,""predicted_support"":347,""predicted_weight"":347.0,""precision"":0.6829971181556196,""recall"":0.43646408839779005,""f1"":0.5325842696629214,""auroc"":0.8820494466454794,""recall_defined"":true,""auroc_defined"":true}]",92d05e2d33574666058541f5994dec38475b26f5a2c0d7a015a9daf01410d89d
0,S_K_C,income_binary,development_evaluation_person_weighted,2982,2,"[0,1]",True,334141.0,"[2439,543]","[273575.0,60566.0]","[0.8187411900963965,0.18125880990360357]",True,True,"[true,true]",0.323714369311465,1e-12,0.8554921425386289,0.6712151058405396,0.6712151058405396,0.8709714824276878,0.8709714824276878,0.8709714824276878,"[{""class_index"":0,""support"":2439,""weighted_support"":273575.0,""prevalence"":0.8187411900963965,""predicted_support"":2635,""predicted_weight"":300131.0,""precision"":0.8753177779036487,""recall"":0.9602851137713607,""f1"":0.9158349398472388,""auroc"":0.8709714824276878,""recall_defined"":true,""auroc_defined"":true},{""class_index"":1,""support"":543,""weighted_support"":60566.0,""prevalence"":0.18125880990360357,""predicted_support"":347,""predicted_weight"":34010.0,""precision"":0.6805351367244928,""recall"":0.38214509790971835,""f1"":0.48944763999323293,""auroc"":0.8709714824276878,""recall_defined"":true,""auroc_defined"":true}]",92d05e2d33574666058541f5994dec38475b26f5a2c0d7a015a9daf01410d89d
0,S_K_C,civilian_at_work,development_evaluation,2982,2,"[0,1]",False,2982.0,"[972,2010]","[972.0,2010.0]","[0.32595573440643866,0.6740442655935613]",True,True,"[true,true]",0.3297222017891532,1e-12,0.8829644533869886,0.8372090166451691,0.8372090166451691,0.8895409782363901,0.8895409782363901,0.8895409782363901,"[{""class_index"":0,""support"":972,""weighted_support"":972.0,""prevalence"":0.32595573440643866,""predicted_support"":749,""predicted_weight"":749.0,""precision"":0.9158878504672897,""recall"":0.7057613168724279,""f1"":0.7972109238814643,""auroc"":0.8895409782363901,""recall_defined"":true,""auroc_defined"":true},{""class_index"":1,""support"":2010,""weighted_support"":2010.0,""prevalence"":0.6740442655935613,""predicted_support"":2233,""predicted_weight"":2233.0,""precision"":0.8719211822660099,""recall"":0.9686567164179104,""f1"":0.9177468772095215,""auroc"":0.8895409782363901,""recall_defined"":true,""auroc_defined"":true}]",3c51bc2fd63f5ff355284e1e7258a3ac2768b9fd51afebcaed7b89cca347f73a
0,S_K_C,civilian_at_work,development_evaluation_person_weighted,2982,2,"[0,1]",True,334141.0,"[972,2010]","[100734.0,233407.0]","[0.3014715344719744,0.6985284655280256]",True,True,"[true,true]",0.3137162519707034,1e-12,0.8931469050490661,0.8426010297992448,0.8426010297992448,0.8904248416072489,0.8904248416072489,0.8904248416072489,"[{""class_index"":0,""support"":972,""weighted_support"":100734.0,""prevalence"":0.3014715344719744,""predicted_support"":749,""predicted_weight"":79080.0,""precision"":0.9111659079413252,""recall"":0.7152997002005281,""f1"":0.8014392650182967,""auroc"":0.8904248416072489,""recall_defined"":true,""auroc_defined"":true},{""class_index"":1,""support"":2010,""weighted_support"":233407.0,""prevalence"":0.6985284655280256,""predicted_support"":2233,""predicted_weight"":255061.0,""precision"":0.8875602306899134,""recall"":0.9699023593979615,""f1"":0.9269061637609833,""auroc"":0.8904248416072489,""recall_defined"":true,""auroc_defined"":true}]",3c51bc2fd63f5ff355284e1e7258a3ac2768b9fd51afebcaed7b89cca347f73a
0,S_K_C,public_coverage,development_evaluation,2982,2,"[0,1]",False,2982.0,"[2199,783]","[2199.0,783.0]","[0.7374245472837022,0.2625754527162978]",True,True,"[true,true]",0.5277825893897178,1e-12,0.749832327297116,0.5458315256499384,0.5458315256499384,0.7000894984774804,0.7000894984774804,0.7000894984774804,"[{""class_index"":0,""support"":2199,""weighted_support"":2199.0,""prevalence"":0.7374245472837022,""predicted_support"":2837,""predicted_weight"":2837.0,""precision"":0.7560803665844201,""recall"":0.975443383356071,""f1"":0.8518665607625099,""auroc"":0.7000894984774804,""recall_defined"":true,""auroc_defined"":true},{""class_index"":1,""support"":783,""weighted_support"":783.0,""prevalence"":0.2625754527162978,""predicted_support"":145,""predicted_weight"":145.0,""precision"":0.6275862068965518,""recall"":0.11621966794380588,""f1"":0.1961206896551724,""auroc"":0.7000894984774804,""recall_defined"":true,""auroc_defined"":true}]",5884ef8857c731b7c5a896831bb7bf59dd8967e0945b4c5b1608fd00690dc61f
0,S_K_C,public_coverage,development_evaluation_person_weighted,2982,2,"[0,1]",True,334141.0,"[2199,783]","[244261.0,89880.0]","[0.7310117585091324,0.26898824149086764]",True,True,"[true,true]",0.5388860932522974,1e-12,0.7399451129912222,0.5365410926636405,0.5365410926636405,0.6989436242258005,0.6989436242258005,0.6989436242258005,"[{""class_index"":0,""support"":2199,""weighted_support"":244261.0,""prevalence"":0.7310117585091324,""predicted_support"":2837,""predicted_weight"":319816.0,""precision"":0.7460258398579183,""recall"":0.9767871252471741,""f1"":0.845951882455764,""auroc"":0.6989436242258005,""recall_defined"":true,""auroc_defined"":true},{""class_index"":1,""support"":783,""weighted_support"":89880.0,""prevalence"":0.26898824149086764,""predicted_support"":145,""predicted_weight"":14325.0,""precision"":0.6041884816753926,""recall"":0.09629506008010681,""f1"":0.16611486972794012,""auroc"":0.6989436242258005,""recall_defined"":true,""auroc_defined"":true}]",5884ef8857c731b7c5a896831bb7bf59dd8967e0945b4c5b1608fd00690dc61f
0,S_K_D,income_binary,source_validation,3004,2,"[0,1]",False,3004.0,"[2459,545]","[2459.0,545.0]","[0.8185752330226365,0.1814247669773635]",True,True,"[true,true]",0.30743812421013594,1e-12,0.8658455392809588,0.7145386168017879,0.7145386168017879,0.887649936014864,0.887649936014864,0.887649936014864,"[{""class_index"":0,""support"":2459,""weighted_support"":2459.0,""prevalence"":0.8185752330226365,""predicted_support"":2626,""predicted_weight"":2626.0,""precision"":0.8914699162223915,""recall"":0.9520130134200895,""f1"":0.9207472959685349,""auroc"":0.887649936014864,""recall_defined"":true,""auroc_defined"":true},{""class_index"":1,""support"":545,""weighted_support"":545.0,""prevalence"":0.1814247669773635,""predicted_support"":378,""predicted_weight"":378.0,""precision"":0.6878306878306878,""recall"":0.47706422018348627,""f1"":0.5633802816901409,""auroc"":0.887649936014864,""recall_defined"":true,""auroc_defined"":true}]",bfed1ada811b9a59dd248def0e2b3fd57e48d676a5ae73569ada546b917721e6
0,S_K_D,income_binary,source_validation_person_weighted,3004,2,"[0,1]",True,350926.0,"[2459,545]","[288026.0,62900.0]","[0.820759932293418,0.17924006770658202]",True,True,"[true,true]",0.29950205046018197,1e-12,0.8706821381145883,0.7042629284472055,0.7042629284472055,0.8927608159701004,0.8927608159701004,0.8927608159701004,"[{""class_index"":0,""support"":2459,""weighted_support"":288026.0,""prevalence"":0.820759932293418,""predicted_support"":2626,""predicted_weight"":312483.0,""precision"":0.8882531209697807,""recall"":0.9636768902807386,""f1"":0.9244291093056057,""auroc"":0.8927608159701004,""recall_defined"":true,""auroc_defined"":true},{""class_index"":1,""support"":545,""weighted_support"":62900.0,""prevalence"":0.17924006770658202,""predicted_support"":378,""predicted_weight"":38443.0,""precision"":0.7278568269906095,""recall"":0.4448489666136725,""f1"":0.5522039016014919,""auroc"":0.8927608159701004,""recall_defined"":true,""auroc_defined"":true}]",bfed1ada811b9a59dd248def0e2b3fd57e48d676a5ae73569ada546b917721e6
0,S_K_D,civilian_at_work,source_validation,3004,2,"[0,1]",False,3004.0,"[969,2035]","[969.0,2035.0]","[0.3225699067909454,0.6774300932090546]",True,True,"[true,true]",0.3409062974731397,1e-12,0.8735019973368842,0.8187878280757538,0.8187878280757538,0.8846846846846845,0.8846846846846846,0.8846846846846846,"[{""class_index"":0,""support"":969,""weighted_support"":969.0,""prevalence"":0.3225699067909454,""predicted_support"":699,""predicted_weight"":699.0,""precision"":0.9213161659513591,""recall"":0.6646026831785345,""f1"":0.7721822541966427,""auroc"":0.8846846846846848,""recall_defined"":true,""auroc_defined"":true},{""class_index"":1,""support"":2035,""weighted_support"":2035.0,""prevalence"":0.6774300932090546,""predicted_support"":2305,""predicted_weight"":2305.0,""precision"":0.8590021691973969,""recall"":0.972972972972973,""f1"":0.9124423963133641,""auroc"":0.8846846846846845,""recall_defined"":true,""auroc_defined"":true}]",576f1b8205b977bc8530a76fa07cb32c9957095c9d708a400e592cd45fb6f2a0
0,S_K_D,civilian_at_work,source_validation_person_weighted,3004,2,"[0,1]",True,350926.0,"[969,2035]","[106128.0,244798.0]","[0.30242273299784,0.69757726700216]",True,True,"[true,true]",0.3372725795559811,1e-12,0.8771564375395382,0.8114164700400575,0.8114164700400575,0.8818047175053151,0.8818047175053151,0.8818047175053151,"[{""class_index"":0,""support"":969,""weighted_support"":106128.0,""prevalence"":0.30242273299784,""predicted_support"":699,""predicted_weight"":73897.0,""precision"":0.9263975533512863,""recall"":0.645051258857229,""f1"":0.7605388140536037,""auroc"":0.8818047175053151,""recall_defined"":true,""auroc_defined"":true},{""class_index"":1,""support"":2035,""weighted_support"":244798.0,""prevalence"":0.69757726700216,""predicted_support"":2305,""predicted_weight"":277029.0,""precision"":0.8640214562374336,""recall"":0.9777816812228858,""f1"":0.9173883298487813,""auroc"":0.8818047175053151,""recall_defined"":true,""auroc_defined"":true}]",576f1b8205b977bc8530a76fa07cb32c9957095c9d708a400e592cd45fb6f2a0
0,S_K_D,public_coverage,source_validation,3004,2,"[0,1]",False,3004.0,"[2263,741]","[2263.0,741.0]","[0.7533288948069241,0.2466711051930759]",True,True,"[true,true]",0.503743159638295,1e-12,0.7723035952063915,0.5547989931319001,0.5547989931319001,0.7084465642504576,0.7084465642504576,0.7084465642504576,"[{""class_index"":0,""support"":2263,""weighted_support"":2263.0,""prevalence"":0.7533288948069241,""predicted_support"":2875,""predicted_weight"":2875.0,""precision"":0.7746086956521739,""recall"":0.9840919133893062,""f1"":0.866874270144025,""auroc"":0.7084465642504575,""recall_defined"":true,""auroc_defined"":true},{""class_index"":1,""support"":741,""weighted_support"":741.0,""prevalence"":0.2466711051930759,""predicted_support"":129,""predicted_weight"":129.0,""precision"":0.7209302325581395,""recall"":0.12550607287449392,""f1"":0.21379310344827587,""auroc"":0.7084465642504576,""recall_defined"":true,""auroc_defined"":true}]",a6f0da3cd7a26122a519d079a6cf5594ee266a5dbe9f7c346227254590ecb81f
0,S_K_D,public_coverage,source_validation_person_weighted,3004,2,"[0,1]",True,350926.0,"[2263,741]","[262875.0,88051.0]","[0.7490895516433664,0.2509104483566336]",True,True,"[true,true]",0.5110036604902479,1e-12,0.7650102870690687,0.5419035519514468,0.5419035519514468,0.70448691439162,0.7044869143916199,0.7044869143916199,"[{""class_index"":0,""support"":2263,""weighted_support"":262875.0,""prevalence"":0.7490895516433664,""predicted_support"":2875,""predicted_weight"":339949.0,""precision"":0.7653500966321419,""recall"":0.9897479790775083,""f1"":0.8632038538611602,""auroc"":0.7044869143916199,""recall_defined"":true,""auroc_defined"":true},{""class_index"":1,""support"":741,""weighted_support"":88051.0,""prevalence"":0.2509104483566336,""predicted_support"":129,""predicted_weight"":10977.0,""precision"":0.7544866539127266,""recall"":0.09405912482538528,""f1"":0.167265823807408,""auroc"":0.70448691439162,""recall_defined"":true,""auroc_defined"":true}]",a6f0da3cd7a26122a519d079a6cf5594ee266a5dbe9f7c346227254590ecb81f
0,S_K_D,income_binary,development_evaluation,2982,2,"[0,1]",False,2982.0,"[2439,543]","[2439.0,543.0]","[0.817907444668008,0.18209255533199195]",True,True,"[true,true]",0.31321743341895975,1e-12,0.864185110663984,0.7043791156143606,0.7043791156143606,0.8824866333377883,0.8824866333377883,0.8824866333377883,"[{""class_index"":0,""support"":2439,""weighted_support"":2439.0,""prevalence"":0.817907444668008,""predicted_support"":2628,""predicted_weight"":2628.0,""precision"":0.886986301369863,""recall"":0.955719557195572,""f1"":0.9200710479573713,""auroc"":0.8824866333377883,""recall_defined"":true,""auroc_defined"":true},{""class_index"":1,""support"":543,""weighted_support"":543.0,""prevalence"":0.18209255533199195,""predicted_support"":354,""predicted_weight"":354.0,""precision"":0.6949152542372882,""recall"":0.4530386740331492,""f1"":0.5484949832775919,""auroc"":0.8824866333377883,""recall_defined"":true,""auroc_defined"":true}]",29eccc05f235d09611dc253b29de06ba51b2bd5635ee4186622e97156f6ad951
0,S_K_D,income_binary,development_evaluation_person_weighted,2982,2,"[0,1]",True,334141.0,"[2439,543]","[273575.0,60566.0]","[0.8187411900963965,0.18125880990360357]",True,True,"[true,true]",0.3238762846098701,1e-12,0.8593916939256182,0.6802943091568303,0.6802943091568303,0.8707744770961339,0.8707744770961339,0.8707744770961339,"[{""class_index"":0,""support"":2439,""weighted_support"":273575.0,""prevalence"":0.8187411900963965,""predicted_support"":2628,""predicted_weight"":299350.0,""precision"":0.8784733589443795,""recall"":0.9612391483139907,""f1"":0.9179945018981542,""auroc"":0.8707744770961338,""recall_defined"":true,""auroc_defined"":true},{""class_index"":1,""support"":543,""weighted_support"":60566.0,""prevalence"":0.18125880990360357,""predicted_support"":354,""predicted_weight"":34791.0,""precision"":0.6952085309419103,""recall"":0.3993494699996698,""f1"":0.5072936438856088,""auroc"":0.8707744770961339,""recall_defined"":true,""auroc_defined"":true}]",29eccc05f235d09611dc253b29de06ba51b2bd5635ee4186622e97156f6ad951
0,S_K_D,civilian_at_work,development_evaluation,2982,2,"[0,1]",False,2982.0,"[972,2010]","[972.0,2010.0]","[0.32595573440643866,0.6740442655935613]",True,True,"[true,true]",0.330163353546141,1e-12,0.8843058350100603,0.8384696885940668,0.8384696885940668,0.8892067440574903,0.8892067440574902,0.8892067440574902,"[{""class_index"":0,""support"":972,""weighted_support"":972.0,""prevalence"":0.32595573440643866,""predicted_support"":747,""predicted_weight"":747.0,""precision"":0.9196787148594378,""recall"":0.7067901234567902,""f1"":0.7993019197207679,""auroc"":0.8892067440574902,""recall_defined"":true,""auroc_defined"":true},{""class_index"":1,""support"":2010,""weighted_support"":2010.0,""prevalence"":0.6740442655935613,""predicted_support"":2235,""predicted_weight"":2235.0,""precision"":0.87248322147651,""recall"":0.9701492537313433,""f1"":0.9187279151943463,""auroc"":0.8892067440574903,""recall_defined"":true,""auroc_defined"":true}]",68279fd7cc1f0fc2f7573bf03988e66e7e80c4224066f68622b5711d6aa39bbe
0,S_K_D,civilian_at_work,development_evaluation_person_weighted,2982,2,"[0,1]",True,334141.0,"[972,2010]","[100734.0,233407.0]","[0.3014715344719744,0.6985284655280256]",True,True,"[true,true]",0.3146227293873667,1e-12,0.8936676433002834,0.842956840943392,0.842956840943392,0.8899020067927943,0.8899020067927944,0.8899020067927944,"[{""class_index"":0,""support"":972,""weighted_support"":100734.0,""prevalence"":0.3014715344719744,""predicted_support"":747,""predicted_weight"":78894.0,""precision"":0.9132380155651887,""recall"":0.715240137391546,""f1"":0.8022023292582449,""auroc"":0.8899020067927945,""recall_defined"":true,""auroc_defined"":true},{""class_index"":1,""support"":2010,""weighted_support"":233407.0,""prevalence"":0.6985284655280256,""predicted_support"":2235,""predicted_weight"":255247.0,""precision"":0.8876186595728843,""recall"":0.9706735444952379,""f1"":0.9272900661817973,""auroc"":0.8899020067927943,""recall_defined"":true,""auroc_defined"":true}]",68279fd7cc1f0fc2f7573bf03988e66e7e80c4224066f68622b5711d6aa39bbe
0,S_K_D,public_coverage,development_evaluation,2982,2,"[0,1]",False,2982.0,"[2199,783]","[2199.0,783.0]","[0.7374245472837022,0.2625754527162978]",True,True,"[true,true]",0.5280741454296127,1e-12,0.749832327297116,0.5441867515537365,0.5441867515537365,0.6992296510024003,0.6992296510024003,0.6992296510024003,"[{""class_index"":0,""support"":2199,""weighted_support"":2199.0,""prevalence"":0.7374245472837022,""predicted_support"":2845,""predicted_weight"":2845.0,""precision"":0.755360281195079,""recall"":0.977262391996362,""f1"":0.852101506740682,""auroc"":0.6992296510024003,""recall_defined"":true,""auroc_defined"":true},{""class_index"":1,""support"":783,""weighted_support"":783.0,""prevalence"":0.2625754527162978,""predicted_support"":137,""predicted_weight"":137.0,""precision"":0.635036496350365,""recall"":0.1111111111111111,""f1"":0.1891304347826087,""auroc"":0.6992296510024003,""recall_defined"":true,""auroc_defined"":true}]",2ef10522b0c3c460f73a49bf254fa09efa74135efb0bb80583ebca2e63aef792
0,S_K_D,public_coverage,development_evaluation_person_weighted,2982,2,"[0,1]",True,334141.0,"[2199,783]","[244261.0,89880.0]","[0.7310117585091324,0.26898824149086764]",True,True,"[true,true]",0.5390705514229167,1e-12,0.7407830825908823,0.5361121951568265,0.5361121951568265,0.6986927878779567,0.6986927878779567,0.6986927878779567,"[{""class_index"":0,""support"":2199,""weighted_support"":244261.0,""prevalence"":0.7310117585091324,""predicted_support"":2845,""predicted_weight"":320666.0,""precision"":0.7458102823498594,""recall"":0.9791002247595809,""f1"":0.8466793054677861,""auroc"":0.6986927878779567,""recall_defined"":true,""auroc_defined"":true},{""class_index"":1,""support"":783,""weighted_support"":89880.0,""prevalence"":0.26898824149086764,""predicted_support"":137,""predicted_weight"":13475.0,""precision"":0.6211502782931354,""recall"":0.0931241655540721,""f1"":0.1619660393788399,""auroc"":0.6986927878779567,""recall_defined"":true,""auroc_defined"":true}]",2ef10522b0c3c460f73a49bf254fa09efa74135efb0bb80583ebca2e63aef792
0,S_bank,income_binary,source_validation,3004,2,"[0,1]",False,3004.0,"[2459,545]","[2459.0,545.0]","[0.8185752330226365,0.1814247669773635]",True,True,"[true,true]",0.30088444454099583,1e-12,0.8675099866844208,0.7155552902462775,0.7155552902462775,0.8929896168726752,0.8929896168726752,0.8929896168726752,"[{""class_index"":0,""support"":2459,""weighted_support"":2459.0,""prevalence"":0.8185752330226365,""predicted_support"":2631,""predicted_weight"":2631.0,""precision"":0.8916761687571265,""recall"":0.9540463603090688,""f1"":0.9218074656188605,""auroc"":0.8929896168726752,""recall_defined"":true,""auroc_defined"":true},{""class_index"":1,""support"":545,""weighted_support"":545.0,""prevalence"":0.1814247669773635,""predicted_support"":373,""predicted_weight"":373.0,""precision"":0.6970509383378016,""recall"":0.47706422018348627,""f1"":0.5664488017429193,""auroc"":0.8929896168726752,""recall_defined"":true,""auroc_defined"":true}]",1ef3aa89015e2e01c9c586067804737accd73f47ae49ee6e3ac3f57107e45ffc
0,S_bank,income_binary,source_validation_person_weighted,3004,2,"[0,1]",True,350926.0,"[2459,545]","[288026.0,62900.0]","[0.820759932293418,0.17924006770658202]",True,True,"[true,true]",0.29268905163391595,1e-12,0.8747485224805229,0.7124562528729493,0.7124562528729493,0.8990468456483299,0.8990468456483299,0.8990468456483299,"[{""class_index"":0,""support"":2459,""weighted_support"":288026.0,""prevalence"":0.820759932293418,""predicted_support"":2631,""predicted_weight"":312070.0,""precision"":0.8910532893261127,""recall"":0.9654371480352468,""f1"":0.9267550525249293,""auroc"":0.8990468456483299,""recall_defined"":true,""auroc_defined"":true},{""class_index"":1,""support"":545,""weighted_support"":62900.0,""prevalence"":0.17924006770658202,""predicted_support"":373,""predicted_weight"":38856.0,""precision"":0.7437976116944616,""recall"":0.45947535771065184,""f1"":0.5680451275600455,""auroc"":0.8990468456483299,""recall_defined"":true,""auroc_defined"":true}]",1ef3aa89015e2e01c9c586067804737accd73f47ae49ee6e3ac3f57107e45ffc
0,S_bank,civilian_at_work,source_validation,3004,2,"[0,1]",False,3004.0,"[969,2035]","[969.0,2035.0]","[0.3225699067909454,0.6774300932090546]",True,True,"[true,true]",0.3354320342374703,1e-12,0.8695073235685752,0.8236779982910014,0.8236779982910014,0.8853074295798754,0.8853074295798753,0.8853074295798753,"[{""class_index"":0,""support"":969,""weighted_support"":969.0,""prevalence"":0.3225699067909454,""predicted_support"":769,""predicted_weight"":769.0,""precision"":0.8751625487646294,""recall"":0.6945304437564499,""f1"":0.7744533947065593,""auroc"":0.8853074295798753,""recall_defined"":true,""auroc_defined"":true},{""class_index"":1,""support"":2035,""weighted_support"":2035.0,""prevalence"":0.6774300932090546,""predicted_support"":2235,""predicted_weight"":2235.0,""precision"":0.8675615212527964,""recall"":0.9528255528255528,""f1"":0.9081967213114754,""auroc"":0.8853074295798754,""recall_defined"":true,""auroc_defined"":true}]",bc27c074ac3ba43d2bff12764c207445da41df19f55588ae150458afdf9d5539
0,S_bank,civilian_at_work,source_validation_person_weighted,3004,2,"[0,1]",True,350926.0,"[969,2035]","[106128.0,244798.0]","[0.30242273299784,0.69757726700216]",True,True,"[true,true]",0.3284375946263452,1e-12,0.8728193408296906,0.8165757011284752,0.8165757011284752,0.8847203708155962,0.8847203708155962,0.8847203708155962,"[{""class_index"":0,""support"":969,""weighted_support"":106128.0,""prevalence"":0.30242273299784,""predicted_support"":769,""predicted_weight"":81615.0,""precision"":0.8767505973166697,""recall"":0.6742424242424242,""f1"":0.7622760901871175,""auroc"":0.8847203708155963,""recall_defined"":true,""auroc_defined"":true},{""class_index"":1,""support"":2035,""weighted_support"":244798.0,""prevalence"":0.69757726700216,""predicted_support"":2235,""predicted_weight"":269311.0,""precision"":0.8716279691509073,""recall"":0.9589089780145262,""f1"":0.9131876703189401,""auroc"":0.8847203708155962,""recall_defined"":true,""auroc_defined"":true}]",bc27c074ac3ba43d2bff12764c207445da41df19f55588ae150458afdf9d5539
0,S_bank,public_coverage,source_validation,3004,2,"[0,1]",False,3004.0,"[2263,741]","[2263.0,741.0]","[0.7533288948069241,0.2466711051930759]",True,True,"[true,true]",0.5006446762533148,1e-12,0.7696404793608522,0.5643768825851296,0.5643768825851296,0.7181884484486992,0.7181882993625675,0.7181882993625675,"[{""class_index"":0,""support"":2263,""weighted_support"":2263.0,""prevalence"":0.7533288948069241,""predicted_support"":2817,""predicted_weight"":2817.0,""precision"":0.7788427405040823,""recall"":0.9695095006628369,""f1"":0.8637795275590551,""auroc"":0.7181881502764356,""recall_defined"":true,""auroc_defined"":true},{""class_index"":1,""support"":741,""weighted_support"":741.0,""prevalence"":0.2466711051930759,""predicted_support"":187,""predicted_weight"":187.0,""precision"":0.6310160427807486,""recall"":0.1592442645074224,""f1"":0.2543103448275862,""auroc"":0.7181884484486992,""recall_defined"":true,""auroc_defined"":true}]",e81e8ca25e02cf38967e0417b156bee5077501e10d34d3a8831ede7c8e69f426
0,S_bank,public_coverage,source_validation_person_weighted,3004,2,"[0,1]",True,350926.0,"[2263,741]","[262875.0,88051.0]","[0.7490895516433664,0.2509104483566336]",True,True,"[true,true]",0.5054312873827161,1e-12,0.7641753532083687,0.5496054201242565,0.5496054201242565,0.7156402969525728,0.715640291638573,0.715640291638573,"[{""class_index"":0,""support"":2263,""weighted_support"":262875.0,""prevalence"":0.7490895516433664,""predicted_support"":2817,""predicted_weight"":335282.0,""precision"":0.7686067250851522,""recall"":0.9803138373751783,""f1"":0.8616466914204799,""auroc"":0.7156402863245732,""recall_defined"":true,""auroc_defined"":true},{""class_index"":1,""support"":741,""weighted_support"":88051.0,""prevalence"":0.2509104483566336,""predicted_support"":187,""predicted_weight"":15644.0,""precision"":0.6692022500639223,""recall"":0.11889700287333477,""f1"":0.20191908963788033,""auroc"":0.7156402969525728,""recall_defined"":true,""auroc_defined"":true}]",e81e8ca25e02cf38967e0417b156bee5077501e10d34d3a8831ede7c8e69f426
0,S_bank,income_binary,development_evaluation,2982,2,"[0,1]",False,2982.0,"[2439,543]","[2439.0,543.0]","[0.817907444668008,0.18209255533199195]",True,True,"[true,true]",0.3114086515488071,1e-12,0.8598256203890007,0.6995666641749291,0.6995666641749291,0.8848258464168435,0.8848258464168435,0.8848258464168435,"[{""class_index"":0,""support"":2439,""weighted_support"":2439.0,""prevalence"":0.817907444668008,""predicted_support"":2621,""predicted_weight"":2621.0,""precision"":0.8855398702785197,""recall"":0.9516195161951619,""f1"":0.9173913043478261,""auroc"":0.8848258464168436,""recall_defined"":true,""auroc_defined"":true},{""class_index"":1,""support"":543,""weighted_support"":543.0,""prevalence"":0.18209255533199195,""predicted_support"":361,""predicted_weight"":361.0,""precision"":0.6731301939058172,""recall"":0.44751381215469616,""f1"":0.5376106194690266,""auroc"":0.8848258464168435,""recall_defined"":true,""auroc_defined"":true}]",6e5532ca0689d70d4a28fe89b4391ec709b926c1481530c9beda20322c86adf7
0,S_bank,income_binary,development_evaluation_person_weighted,2982,2,"[0,1]",True,334141.0,"[2439,543]","[273575.0,60566.0]","[0.8187411900963965,0.18125880990360357]",True,True,"[true,true]",0.32360944789920226,1e-12,0.8534181677794703,0.6762220799098712,0.6762220799098712,0.8722712492570127,0.8722712492570126,0.8722712492570126,"[{""class_index"":0,""support"":2439,""weighted_support"":273575.0,""prevalence"":0.8187411900963965,""predicted_support"":2621,""predicted_weight"":297486.0,""precision"":0.8774900331444169,""recall"":0.9541844101251942,""f1"":0.9142315794634899,""auroc"":0.8722712492570126,""recall_defined"":true,""auroc_defined"":true},{""class_index"":1,""support"":543,""weighted_support"":60566.0,""prevalence"":0.18125880990360357,""predicted_support"":361,""predicted_weight"":36655.0,""precision"":0.6580548356295185,""recall"":0.3982597496945481,""f1"":0.4962096666358091,""auroc"":0.8722712492570127,""recall_defined"":true,""auroc_defined"":true}]",6e5532ca0689d70d4a28fe89b4391ec709b926c1481530c9beda20322c86adf7
0,S_bank,civilian_at_work,development_evaluation,2982,2,"[0,1]",False,2982.0,"[972,2010]","[972.0,2010.0]","[0.32595573440643866,0.6740442655935613]",True,True,"[true,true]",0.3224182843976573,1e-12,0.8786049631120053,0.8390224801916344,0.8390224801916344,0.8917649407284565,0.8917649407284565,0.8917649407284565,"[{""class_index"":0,""support"":972,""weighted_support"":972.0,""prevalence"":0.32595573440643866,""predicted_support"":800,""predicted_weight"":800.0,""precision"":0.88125,""recall"":0.7253086419753086,""f1"":0.7957110609480813,""auroc"":0.8917649407284565,""recall_defined"":true,""auroc_defined"":true},{""class_index"":1,""support"":2010,""weighted_support"":2010.0,""prevalence"":0.6740442655935613,""predicted_support"":2182,""predicted_weight"":2182.0,""precision"":0.8776351970669111,""recall"":0.9527363184079602,""f1"":0.913645038167939,""auroc"":0.8917649407284565,""recall_defined"":true,""auroc_defined"":true}]",23643a55cc0499c8f86e26625297a72c6fc1ed95145a5146e5ce2ba874d5fa6e
0,S_bank,civilian_at_work,development_evaluation_person_weighted,2982,2,"[0,1]",True,334141.0,"[972,2010]","[100734.0,233407.0]","[0.3014715344719744,0.6985284655280256]",True,True,"[true,true]",0.3041676772076534,1e-12,0.8896813022047578,0.846626501878173,0.846626501878173,0.8963949504959815,0.8963949504959814,0.8963949504959814,"[{""class_index"":0,""support"":972,""weighted_support"":100734.0,""prevalence"":0.3014715344719744,""predicted_support"":800,""predicted_weight"":84850.0,""precision"":0.8763818503241013,""recall"":0.7381916731193043,""f1"":0.8013729631864815,""auroc"":0.8963949504959814,""recall_defined"":true,""auroc_defined"":true},{""class_index"":1,""support"":2010,""weighted_support"":233407.0,""prevalence"":0.6985284655280256,""predicted_support"":2182,""predicted_weight"":249291.0,""precision"":0.8942079738137357,""recall"":0.9550613306370417,""f1"":0.9236334105382662,""auroc"":0.8963949504959815,""recall_defined"":true,""auroc_defined"":true}]",23643a55cc0499c8f86e26625297a72c6fc1ed95145a5146e5ce2ba874d5fa6e
0,S_bank,public_coverage,development_evaluation,2982,2,"[0,1]",False,2982.0,"[2199,783]","[2199.0,783.0]","[0.7374245472837022,0.2625754527162978]",True,True,"[true,true]",0.5204589924048948,1e-12,0.750167672702884,0.5604506750717411,0.5604506750717411,0.7108226367842807,0.7108226367842807,0.7108226367842807,"[{""class_index"":0,""support"":2199,""weighted_support"":2199.0,""prevalence"":0.7374245472837022,""predicted_support"":2768,""predicted_weight"":2768.0,""precision"":0.7626445086705202,""recall"":0.959981809913597,""f1"":0.8500100664384941,""auroc"":0.7108226367842808,""recall_defined"":true,""auroc_defined"":true},{""class_index"":1,""support"":783,""weighted_support"":783.0,""prevalence"":0.2625754527162978,""predicted_support"":214,""predicted_weight"":214.0,""precision"":0.5887850467289719,""recall"":0.16091954022988506,""f1"":0.25275827482447344,""auroc"":0.7108226367842807,""recall_defined"":true,""auroc_defined"":true}]",46f471e41704496b8a5fd9bd5fa6db35ab1783bd9c2e5458dd90e557cb32f821
0,S_bank,public_coverage,development_evaluation_person_weighted,2982,2,"[0,1]",True,334141.0,"[2199,783]","[244261.0,89880.0]","[0.7310117585091324,0.26898824149086764]",True,True,"[true,true]",0.5312489880985237,1e-12,0.7377723775292466,0.54510365433994,0.54510365433994,0.7088866392290836,0.7088866392290836,0.7088866392290836,"[{""class_index"":0,""support"":2199,""weighted_support"":244261.0,""prevalence"":0.7310117585091324,""predicted_support"":2768,""predicted_weight"":313374.0,""precision"":0.7499250097327793,""recall"":0.9621142957737829,""f1"":0.8428703363311126,""auroc"":0.7088866392290836,""recall_defined"":true,""auroc_defined"":true},{""class_index"":1,""support"":783,""weighted_support"":89880.0,""prevalence"":0.26898824149086764,""predicted_support"":214,""predicted_weight"":20767.0,""precision"":0.5543891751336255,""recall"":0.128093012906097,""f1"":0.20810324726382098,""auroc"":0.7088866392290836,""recall_defined"":true,""auroc_defined"":true}]",46f471e41704496b8a5fd9bd5fa6db35ab1783bd9c2e5458dd90e557cb32f821
1,S_F_I,income_binary,source_validation,3010,2,"[0,1]",False,3010.0,"[2444,566]","[2444.0,566.0]","[0.8119601328903654,0.18803986710963455]",True,True,"[true,true]",0.7408549781027163,1e-12,0.33322259136212623,0.48011427712202087,0.48011427712202087,0.49294623596837717,0.49294623596837717,0.49294623596837717,"[{""class_index"":0,""support"":2444,""weighted_support"":2444.0,""prevalence"":0.8119601328903654,""predicted_support"":759,""predicted_weight"":759.0,""precision"":0.7878787878787878,""recall"":0.24468085106382978,""f1"":0.3733999375585389,""auroc"":0.49294623596837717,""recall_defined"":true,""auroc_defined"":true},{""class_index"":1,""support"":566,""weighted_support"":566.0,""prevalence"":0.18803986710963455,""predicted_support"":2251,""predicted_weight"":2251.0,""precision"":0.1799200355397601,""recall"":0.715547703180212,""f1"":0.28753993610223644,""auroc"":0.49294623596837717,""recall_defined"":true,""auroc_defined"":true}]",57e727884b70abf5d647674aa22bef319107beac2b64d0f8239ef1881628c0a8
1,S_F_I,income_binary,source_validation_person_weighted,3010,2,"[0,1]",True,345891.0,"[2444,566]","[285784.0,60107.0]","[0.8262256028633298,0.17377439713667023]",True,True,"[true,true]",0.7504233375919497,1e-12,0.2990421838093503,0.4761303763825826,0.4761303763825826,0.4881939985790655,0.4881939985790654,0.4881939985790654,"[{""class_index"":0,""support"":2444,""weighted_support"":285784.0,""prevalence"":0.8262256028633298,""predicted_support"":759,""predicted_weight"":73677.0,""precision"":0.7940469888839122,""recall"":0.20471055062564733,""f1"":0.32550401851661237,""auroc"":0.4881939985790654,""recall_defined"":true,""auroc_defined"":true},{""class_index"":1,""support"":566,""weighted_support"":60107.0,""prevalence"":0.17377439713667023,""predicted_support"":2251,""predicted_weight"":272214.0,""precision"":0.16506498563630084,""recall"":0.7475502021395178,""f1"":0.27041926330265015,""auroc"":0.4881939985790655,""recall_defined"":true,""auroc_defined"":true}]",57e727884b70abf5d647674aa22bef319107beac2b64d0f8239ef1881628c0a8
1,S_F_I,civilian_at_work,source_validation,3010,2,"[0,1]",False,3010.0,"[957,2053]","[957.0,2053.0]","[0.3179401993355482,0.6820598006644518]",True,True,"[true,true]",0.6924763873331399,1e-12,0.48272425249169437,0.5524634286496658,0.5524634286496658,0.6285067956213631,0.628506795621363,0.628506795621363,"[{""class_index"":0,""support"":957,""weighted_support"":957.0,""prevalence"":0.3179401993355482,""predicted_support"":2024,""predicted_weight"":2024.0,""precision"":0.35177865612648224,""recall"":0.7439916405433646,""f1"":0.4776920496477692,""auroc"":0.628506795621363,""recall_defined"":true,""auroc_defined"":true},{""class_index"":1,""support"":2053,""weighted_support"":2053.0,""prevalence"":0.6820598006644518,""predicted_support"":986,""predicted_weight"":986.0,""precision"":0.7515212981744422,""recall"":0.3609352167559669,""f1"":0.4876604146100691,""auroc"":0.6285067956213631,""recall_defined"":true,""auroc_defined"":true}]",6c8b2752e52c9cedd37632e11a1e82994c66cd024bec082c3a2dc2632ed30d32
1,S_F_I,civilian_at_work,source_validation_person_weighted,3010,2,"[0,1]",True,345891.0,"[957,2053]","[105087.0,240804.0]","[0.30381536379957846,0.6961846362004215]",True,True,"[true,true]",0.6918709783730691,1e-12,0.4867024582888829,0.5617838847135119,0.5617838847135119,0.6394884420679641,0.6394884420679642,0.6394884420679642,"[{""class_index"":0,""support"":957,""weighted_support"":105087.0,""prevalence"":0.30381536379957846,""predicted_support"":2024,""predicted_weight"":230748.0,""precision"":0.3429932220430946,""recall"":0.7531378762358808,""f1"":0.47133264847320855,""auroc"":0.6394884420679643,""recall_defined"":true,""auroc_defined"":true},{""class_index"":1,""support"":2053,""weighted_support"":240804.0,""prevalence"":0.6961846362004215,""predicted_support"":986,""predicted_weight"":115143.0,""precision"":0.7746975500030397,""recall"":0.370429893191143,""f1"":0.5012038309074104,""auroc"":0.6394884420679641,""recall_defined"":true,""auroc_defined"":true}]",6c8b2752e52c9cedd37632e11a1e82994c66cd024bec082c3a2dc2632ed30d32
1,S_F_I,public_coverage,source_validation,3010,2,"[0,1]",False,3010.0,"[2283,727]","[2283.0,727.0]","[0.7584717607973422,0.2415282392026578]",True,True,"[true,true]",0.721670907659816,1e-12,0.3365448504983389,0.47123105351979616,0.47123105351979616,0.483564303105123,0.483564303105123,0.483564303105123,"[{""class_index"":0,""support"":2283,""weighted_support"":2283.0,""prevalence"":0.7584717607973422,""predicted_support"":676,""predicted_weight"":676.0,""precision"":0.7115384615384616,""recall"":0.21068769163381515,""f1"":0.3251098344035147,""auroc"":0.483564303105123,""recall_defined"":true,""auroc_defined"":true},{""class_index"":1,""support"":727,""weighted_support"":727.0,""prevalence"":0.2415282392026578,""predicted_support"":2334,""predicted_weight"":2334.0,""precision"":0.22793487574978577,""recall"":0.7317744154057771,""f1"":0.3475988239137537,""auroc"":0.483564303105123,""recall_defined"":true,""auroc_defined"":true}]",d96dc83f0f002f29b5a474219f2e3e2d49ef2fdd0a3b50d8765a666cd88f695d
1,S_F_I,public_coverage,source_validation_person_weighted,3010,2,"[0,1]",True,345891.0,"[2283,727]","[261299.0,84592.0]","[0.7554374065818422,0.24456259341815775]",True,True,"[true,true]",0.7271946722395625,1e-12,0.3263513650253982,0.4697843101331072,0.4697843101331072,0.46172304862471486,0.4617230486247148,0.4617230486247148,"[{""class_index"":0,""support"":2283,""weighted_support"":261299.0,""prevalence"":0.7554374065818422,""predicted_support"":676,""predicted_weight"":70494.0,""precision"":0.7006553749255255,""recall"":0.189024833619723,""f1"":0.2977278001645604,""auroc"":0.4617230486247148,""recall_defined"":true,""auroc_defined"":true},{""class_index"":1,""support"":727,""weighted_support"":84592.0,""prevalence"":0.24456259341815775,""predicted_support"":2334,""predicted_weight"":275397.0,""precision"":0.23053991147325498,""recall"":0.7505437866464914,""f1"":0.35273300017500536,""auroc"":0.46172304862471486,""recall_defined"":true,""auroc_defined"":true}]",d96dc83f0f002f29b5a474219f2e3e2d49ef2fdd0a3b50d8765a666cd88f695d
1,S_F_I,income_binary,development_evaluation,3015,2,"[0,1]",False,3015.0,"[2449,566]","[2449.0,566.0]","[0.8122719734660033,0.18772802653399667]",True,True,"[true,true]",0.7411822802917967,1e-12,0.35754560530679935,0.5012899185793004,0.5012899185793004,0.48884667716108254,0.48884667716108254,0.48884667716108254,"[{""class_index"":0,""support"":2449,""weighted_support"":2449.0,""prevalence"":0.8122719734660033,""predicted_support"":816,""predicted_weight"":816.0,""precision"":0.8137254901960784,""recall"":0.27113107390771746,""f1"":0.40673813169984685,""auroc"":0.4888466771610825,""recall_defined"":true,""auroc_defined"":true},{""class_index"":1,""support"":566,""weighted_support"":566.0,""prevalence"":0.18772802653399667,""predicted_support"":2199,""predicted_weight"":2199.0,""precision"":0.1882673942701228,""recall"":0.7314487632508834,""f1"":0.29945750452079567,""auroc"":0.48884667716108254,""recall_defined"":true,""auroc_defined"":true}]",730ae925c1bd48095a9c54324d1e65017a44beab58ecfa950dc595cba16ec138
1,S_F_I,income_binary,development_evaluation_person_weighted,3015,2,"[0,1]",True,354273.0,"[2449,566]","[286491.0,67782.0]","[0.8086729725381274,0.19132702746187263]",True,True,"[true,true]",0.7487860766764458,1e-12,0.32879728345089804,0.48961389694301577,0.48961389694301577,0.4689310165146241,0.4689310165146241,0.4689310165146241,"[{""class_index"":0,""support"":2449,""weighted_support"":286491.0,""prevalence"":0.8086729725381274,""predicted_support"":816,""predicted_weight"":82578.0,""precision"":0.7948848361549081,""recall"":0.22911714504120548,""f1"":0.3557058436227372,""auroc"":0.4689310165146241,""recall_defined"":true,""auroc_defined"":true},{""class_index"":1,""support"":566,""weighted_support"":67782.0,""prevalence"":0.19132702746187263,""predicted_support"":2199,""predicted_weight"":271695.0,""precision"":0.18713631093689614,""recall"":0.750110648844826,""f1"":0.2995431207416114,""auroc"":0.4689310165146241,""recall_defined"":true,""auroc_defined"":true}]",730ae925c1bd48095a9c54324d1e65017a44beab58ecfa950dc595cba16ec138
1,S_F_I,civilian_at_work,development_evaluation,3015,2,"[0,1]",False,3015.0,"[962,2053]","[962.0,2053.0]","[0.31907131011608625,0.6809286898839138]",True,True,"[true,true]",0.6917616656609056,1e-12,0.4822553897180763,0.5510497289601041,0.5510497289601041,0.6328561316384016,0.6328561316384016,0.6328561316384016,"[{""class_index"":0,""support"":962,""weighted_support"":962.0,""prevalence"":0.31907131011608625,""predicted_support"":2025,""predicted_weight"":2025.0,""precision"":0.3520987654320988,""recall"":0.7411642411642412,""f1"":0.4774020756611985,""auroc"":0.6328561316384015,""recall_defined"":true,""auroc_defined"":true},{""class_index"":1,""support"":2053,""weighted_support"":2053.0,""prevalence"":0.6809286898839138,""predicted_support"":990,""predicted_weight"":990.0,""precision"":0.7484848484848485,""recall"":0.3609352167559669,""f1"":0.487019388761091,""auroc"":0.6328561316384016,""recall_defined"":true,""auroc_defined"":true}]",fba67b86d59897e8d5db7c7696e037cdfb515b08f4f089cbeb1f1c8f7089d2aa
1,S_F_I,civilian_at_work,development_evaluation_person_weighted,3015,2,"[0,1]",True,354273.0,"[962,2053]","[108469.0,245804.0]","[0.30617348767758196,0.693826512322418]",True,True,"[true,true]",0.6906270851581029,1e-12,0.49234347522955463,0.5584094444109301,0.5584094444109301,0.637185684716294,0.637185684716294,0.637185684716294,"[{""class_index"":0,""support"":962,""weighted_support"":108469.0,""prevalence"":0.30617348767758196,""predicted_support"":2025,""predicted_weight"":229492.0,""precision"":0.34448259634322764,""recall"":0.7288349666725055,""f1"":0.4678409638982013,""auroc"":0.637185684716294,""recall_defined"":true,""auroc_defined"":true},{""class_index"":1,""support"":2053,""weighted_support"":245804.0,""prevalence"":0.693826512322418,""predicted_support"":990,""predicted_weight"":124781.0,""precision"":0.7642830238577989,""recall"":0.3879839221493548,""f1"":0.5146889377605678,""auroc"":0.637185684716294,""recall_defined"":true,""auroc_defined"":true}]",fba67b86d59897e8d5db7c7696e037cdfb515b08f4f089cbeb1f1c8f7089d2aa
1,S_F_I,public_coverage,development_evaluation,3015,2,"[0,1]",False,3015.0,"[2275,740]","[2275.0,740.0]","[0.7545605306799337,0.24543946932006633]",True,True,"[true,true]",0.7202274055421211,1e-12,0.33034825870646767,0.45779031779031776,0.45779031779031776,0.48085922185922186,0.4808592218592218,0.4808592218592218,"[{""class_index"":0,""support"":2275,""weighted_support"":2275.0,""prevalence"":0.7545605306799337,""predicted_support"":688,""predicted_weight"":688.0,""precision"":0.686046511627907,""recall"":0.20747252747252748,""f1"":0.3185960175497806,""auroc"":0.4808592218592218,""recall_defined"":true,""auroc_defined"":true},{""class_index"":1,""support"":740,""weighted_support"":740.0,""prevalence"":0.24543946932006633,""predicted_support"":2327,""predicted_weight"":2327.0,""precision"":0.2251826385904598,""recall"":0.7081081081081081,""f1"":0.34170198891424847,""auroc"":0.48085922185922186,""recall_defined"":true,""auroc_defined"":true}]",d1589cade9502d31914900020f8e35fc3121b67c055e81a402cc5f18949d0758
1,S_F_I,public_coverage,development_evaluation_person_weighted,3015,2,"[0,1]",True,354273.0,"[2275,740]","[266128.0,88145.0]","[0.7511947001323838,0.2488052998676162]",True,True,"[true,true]",0.7205405281054011,1e-12,0.32919528160486405,0.45356368343121684,0.45356368343121684,0.47222551359577647,0.47222551359577647,0.47222551359577647,"[{""class_index"":0,""support"":2275,""weighted_support"":266128.0,""prevalence"":0.7511947001323838,""predicted_support"":688,""predicted_weight"":81170.0,""precision"":0.675434273746458,""recall"":0.20600988997775507,""f1"":0.3157230965913999,""auroc"":0.47222551359577647,""recall_defined"":true,""auroc_defined"":true},{""class_index"":1,""support"":740,""weighted_support"":88145.0,""prevalence"":0.2488052998676162,""predicted_support"":2327,""predicted_weight"":273103.0,""precision"":0.22628825022061275,""recall"":0.7011174768846786,""f1"":0.34214722296040395,""auroc"":0.47222551359577647,""recall_defined"":true,""auroc_defined"":true}]",d1589cade9502d31914900020f8e35fc3121b67c055e81a402cc5f18949d0758
1,S_F_W,income_binary,source_validation,3010,2,"[0,1]",False,3010.0,"[2444,566]","[2444.0,566.0]","[0.8119601328903654,0.18803986710963455]",True,True,"[true,true]",0.31165471168933256,1e-12,0.8704318936877077,0.7464375148195914,0.7464375148195914,0.9025590181189385,0.9025590181189385,0.9025590181189385,"[{""class_index"":0,""support"":2444,""weighted_support"":2444.0,""prevalence"":0.8119601328903654,""predicted_support"":2566,""predicted_weight"":2566.0,""precision"":0.9002338269680437,""recall"":0.9451718494271686,""f1"":0.9221556886227545,""auroc"":0.9025590181189385,""recall_defined"":true,""auroc_defined"":true},{""class_index"":1,""support"":566,""weighted_support"":566.0,""prevalence"":0.18803986710963455,""predicted_support"":444,""predicted_weight"":444.0,""precision"":0.6981981981981982,""recall"":0.5477031802120141,""f1"":0.6138613861386139,""auroc"":0.9025590181189385,""recall_defined"":true,""auroc_defined"":true}]",df70105b5fcc059a2ace2e1445fc6e7922c524cf2ba72da5a365003c32f9b2a5
1,S_F_W,income_binary,source_validation_person_weighted,3010,2,"[0,1]",True,345891.0,"[2444,566]","[285784.0,60107.0]","[0.8262256028633298,0.17377439713667023]",True,True,"[true,true]",0.3142447534991111,1e-12,0.8729831073951042,0.7266839670497176,0.7266839670497176,0.88943497958691,0.8894349795869099,0.8894349795869099,"[{""class_index"":0,""support"":2444,""weighted_support"":285784.0,""prevalence"":0.8262256028633298,""predicted_support"":2566,""predicted_weight"":301662.0,""precision"":0.900862554779853,""recall"":0.9509139769896146,""f1"":0.9252118492593362,""auroc"":0.8894349795869099,""recall_defined"":true,""auroc_defined"":true},{""class_index"":1,""support"":566,""weighted_support"":60107.0,""prevalence"":0.17377439713667023,""predicted_support"":444,""predicted_weight"":44229.0,""precision"":0.682832530692532,""recall"":0.5024539571098208,""f1"":0.5789181107192148,""auroc"":0.88943497958691,""recall_defined"":true,""auroc_defined"":true}]",df70105b5fcc059a2ace2e1445fc6e7922c524cf2ba72da5a365003c32f9b2a5
1,S_F_W,civilian_at_work,source_validation,3010,2,"[0,1]",False,3010.0,"[957,2053]","[957.0,2053.0]","[0.3179401993355482,0.6820598006644518]",True,True,"[true,true]",0.3273936562276126,1e-12,0.892358803986711,0.8413199634960893,0.8413199634960893,0.8785137940705067,0.8785137940705066,0.8785137940705066,"[{""class_index"":0,""support"":957,""weighted_support"":957.0,""prevalence"":0.3179401993355482,""predicted_support"":709,""predicted_weight"":709.0,""precision"":0.9464033850493653,""recall"":0.7011494252873564,""f1"":0.8055222088835534,""auroc"":0.8785137940705066,""recall_defined"":true,""auroc_defined"":true},{""class_index"":1,""support"":2053,""weighted_support"":2053.0,""prevalence"":0.6820598006644518,""predicted_support"":2301,""predicted_weight"":2301.0,""precision"":0.8757062146892656,""recall"":0.9814905017048222,""f1"":0.9255856683509417,""auroc"":0.8785137940705067,""recall_defined"":true,""auroc_defined"":true}]",6b013ff1a8fe3539629c9d334e1ed16d97490826265579375d7dabc52b50b47c
1,S_F_W,civilian_at_work,source_validation_person_weighted,3010,2,"[0,1]",True,345891.0,"[957,2053]","[105087.0,240804.0]","[0.30381536379957846,0.6961846362004215]",True,True,"[true,true]",0.3270952008158464,1e-12,0.8947211693857313,0.8322977230437445,0.8322977230437445,0.8711114624404938,0.8711114624404936,0.8711114624404936,"[{""class_index"":0,""support"":957,""weighted_support"":105087.0,""prevalence"":0.30381536379957846,""predicted_support"":709,""predicted_weight"":72818.0,""precision"":0.971531764124255,""recall"":0.673204107073187,""f1"":0.7953121047750203,""auroc"":0.8711114624404936,""recall_defined"":true,""auroc_defined"":true},{""class_index"":1,""support"":2053,""weighted_support"":240804.0,""prevalence"":0.6961846362004215,""predicted_support"":2301,""predicted_weight"":273073.0,""precision"":0.874238756669462,""recall"":0.9913913390143021,""f1"":0.9291367389472578,""auroc"":0.8711114624404938,""recall_defined"":true,""auroc_defined"":true}]",6b013ff1a8fe3539629c9d334e1ed16d97490826265579375d7dabc52b50b47c
1,S_F_W,public_coverage,source_validation,3010,2,"[0,1]",False,3010.0,"[2283,727]","[2283.0,727.0]","[0.7584717607973422,0.2415282392026578]",True,True,"[true,true]",0.48061275159421235,1e-12,0.7813953488372093,0.5779239049948155,0.5779239049948155,0.738997229085743,0.738997229085743,0.738997229085743,"[{""class_index"":0,""support"":2283,""weighted_support"":2283.0,""prevalence"":0.7584717607973422,""predicted_support"":2811,""predicted_weight"":2811.0,""precision"":0.7890430451796514,""recall"":0.9715286903197548,""f1"":0.8708284255987436,""auroc"":0.7389972290857428,""recall_defined"":true,""auroc_defined"":true},{""class_index"":1,""support"":727,""weighted_support"":727.0,""prevalence"":0.2415282392026578,""predicted_support"":199,""predicted_weight"":199.0,""precision"":0.6733668341708543,""recall"":0.1843191196698762,""f1"":0.2894168466522678,""auroc"":0.738997229085743,""recall_defined"":true,""auroc_defined"":true}]",06bb26bca46b2188e6b276e76e58188534865ee2e303b655c50a9f152ee98a58
1,S_F_W,public_coverage,source_validation_person_weighted,3010,2,"[0,1]",True,345891.0,"[2283,727]","[261299.0,84592.0]","[0.7554374065818422,0.24456259341815775]",True,True,"[true,true]",0.4912012255180812,1e-12,0.7759901240564224,0.5662783935376634,0.5662783935376634,0.7206892817202507,0.7206892817202506,0.7206892817202506,"[{""class_index"":0,""support"":2283,""weighted_support"":261299.0,""prevalence"":0.7554374065818422,""predicted_support"":2811,""predicted_weight"":326644.0,""precision"":0.7813705440785688,""recall"":0.9767737343043793,""f1"":0.8682134152460358,""auroc"":0.7206892817202506,""recall_defined"":true,""auroc_defined"":true},{""class_index"":1,""support"":727,""weighted_support"":84592.0,""prevalence"":0.24456259341815775,""predicted_support"":199,""predicted_weight"":19247.0,""precision"":0.6846781316568816,""recall"":0.15578305277094762,""f1"":0.25381600362099016,""auroc"":0.7206892817202507,""recall_defined"":true,""auroc_defined"":true}]",06bb26bca46b2188e6b276e76e58188534865ee2e303b655c50a9f152ee98a58
1,S_F_W,income_binary,development_evaluation,3015,2,"[0,1]",False,3015.0,"[2449,566]","[2449.0,566.0]","[0.8122719734660033,0.18772802653399667]",True,True,"[true,true]",0.30259006165489927,1e-12,0.8796019900497513,0.7696658476020356,0.7696658476020356,0.9076402425739503,0.9076402425739503,0.9076402425739503,"[{""class_index"":0,""support"":2449,""weighted_support"":2449.0,""prevalence"":0.8122719734660033,""predicted_support"":2546,""predicted_weight"":2546.0,""precision"":0.9096622152395916,""recall"":0.9456921192323398,""f1"":0.9273273273273274,""auroc"":0.9076402425739504,""recall_defined"":true,""auroc_defined"":true},{""class_index"":1,""support"":566,""weighted_support"":566.0,""prevalence"":0.18772802653399667,""predicted_support"":469,""predicted_weight"":469.0,""precision"":0.7164179104477612,""recall"":0.5936395759717314,""f1"":0.6492753623188405,""auroc"":0.9076402425739503,""recall_defined"":true,""auroc_defined"":true}]",cb7c0a41299bf130c0de0b2476bf43ae30ffd23bbe268b7df67cc48394e77651
1,S_F_W,income_binary,development_evaluation_person_weighted,3015,2,"[0,1]",True,354273.0,"[2449,566]","[286491.0,67782.0]","[0.8086729725381274,0.19132702746187263]",True,True,"[true,true]",0.3134441843982812,1e-12,0.8782803092530337,0.759360070548453,0.759360070548453,0.8992533109657276,0.8992533109657275,0.8992533109657275,"[{""class_index"":0,""support"":2449,""weighted_support"":286491.0,""prevalence"":0.8086729725381274,""predicted_support"":2546,""predicted_weight"":302105.0,""precision"":0.9027887654954403,""recall"":0.9519915110771368,""f1"":0.926737524549946,""auroc"":0.8992533109657275,""recall_defined"":true,""auroc_defined"":true},{""class_index"":1,""support"":566,""weighted_support"":67782.0,""prevalence"":0.19132702746187263,""predicted_support"":469,""predicted_weight"":52168.0,""precision"":0.7363517865358074,""recall"":0.5667286300197693,""f1"":0.6405002084201751,""auroc"":0.8992533109657276,""recall_defined"":true,""auroc_defined"":true}]",cb7c0a41299bf130c0de0b2476bf43ae30ffd23bbe268b7df67cc48394e77651
1,S_F_W,civilian_at_work,development_evaluation,3015,2,"[0,1]",False,3015.0,"[962,2053]","[962.0,2053.0]","[0.31907131011608625,0.6809286898839138]",True,True,"[true,true]",0.2967045128535781,1e-12,0.9038142620232172,0.8597681198752801,0.8597681198752801,0.9079140307830029,0.907914030783003,0.907914030783003,"[{""class_index"":0,""support"":962,""weighted_support"":962.0,""prevalence"":0.31907131011608625,""predicted_support"":748,""predicted_weight"":748.0,""precision"":0.9491978609625669,""recall"":0.738045738045738,""f1"":0.8304093567251462,""auroc"":0.9079140307830031,""recall_defined"":true,""auroc_defined"":true},{""class_index"":1,""support"":2053,""weighted_support"":2053.0,""prevalence"":0.6809286898839138,""predicted_support"":2267,""predicted_weight"":2267.0,""precision"":0.8888398764887516,""recall"":0.9814905017048222,""f1"":0.9328703703703703,""auroc"":0.9079140307830029,""recall_defined"":true,""auroc_defined"":true}]",39dd88dabcd61e08f03a0726c1c8e390752d81808654e19b3aa090b45492607a
1,S_F_W,civilian_at_work,development_evaluation_person_weighted,3015,2,"[0,1]",True,354273.0,"[962,2053]","[108469.0,245804.0]","[0.30617348767758196,0.693826512322418]",True,True,"[true,true]",0.28644307921188167,1e-12,0.9141594194307779,0.8658514190095838,0.8658514190095838,0.9025966356569721,0.9025966356569721,0.9025966356569721,"[{""class_index"":0,""support"":962,""weighted_support"":108469.0,""prevalence"":0.30617348767758196,""predicted_support"":748,""predicted_weight"":82744.0,""precision"":0.9716837474620517,""recall"":0.7412348228526122,""f1"":0.8409574662810583,""auroc"":0.9025966356569721,""recall_defined"":true,""auroc_defined"":true},{""class_index"":1,""support"":2053,""weighted_support"":245804.0,""prevalence"":0.693826512322418,""predicted_support"":2267,""predicted_weight"":271529.0,""precision"":0.8966298259117811,""recall"":0.9904680151665555,""f1"":0.9412158126390545,""auroc"":0.9025966356569721,""recall_defined"":true,""auroc_defined"":true}]",39dd88dabcd61e08f03a0726c1c8e390752d81808654e19b3aa090b45492607a
1,S_F_W,public_coverage,development_evaluation,3015,2,"[0,1]",False,3015.0,"[2275,740]","[2275.0,740.0]","[0.7545605306799337,0.24543946932006633]",True,True,"[true,true]",0.49208836254569527,1e-12,0.7777777777777778,0.5787540837540838,0.5787540837540838,0.7225340065340065,0.7225340065340065,0.7225340065340065,"[{""class_index"":0,""support"":2275,""weighted_support"":2275.0,""prevalence"":0.7545605306799337,""predicted_support"":2807,""predicted_weight"":2807.0,""precision"":0.785892411827574,""recall"":0.9696703296703296,""f1"":0.8681621408894136,""auroc"":0.7225340065340065,""recall_defined"":true,""auroc_defined"":true},{""class_index"":1,""support"":740,""weighted_support"":740.0,""prevalence"":0.24543946932006633,""predicted_support"":208,""predicted_weight"":208.0,""precision"":0.6682692307692307,""recall"":0.18783783783783783,""f1"":0.29324894514767935,""auroc"":0.7225340065340065,""recall_defined"":true,""auroc_defined"":true}]",ac72d8fa408d5741f9098e235b20e7cca428be6b5934e79dd4ab8c2c7b7b310c
1,S_F_W,public_coverage,development_evaluation_person_weighted,3015,2,"[0,1]",True,354273.0,"[2275,740]","[266128.0,88145.0]","[0.7511947001323838,0.2488052998676162]",True,True,"[true,true]",0.4921630447068828,1e-12,0.7745749746664295,0.5791213135879647,0.5791213135879647,0.7269049378405675,0.7269049378405676,0.7269049378405676,"[{""class_index"":0,""support"":2275,""weighted_support"":266128.0,""prevalence"":0.7511947001323838,""predicted_support"":2807,""predicted_weight"":329048.0,""precision"":0.7830377330966911,""recall"":0.9681694522936332,""f1"":0.8658178421172896,""auroc"":0.7269049378405676,""recall_defined"":true,""auroc_defined"":true},{""class_index"":1,""support"":740,""weighted_support"":88145.0,""prevalence"":0.2488052998676162,""predicted_support"":208,""predicted_weight"":25225.0,""precision"":0.6641823587710605,""recall"":0.19007317488229622,""f1"":0.2955632001411308,""auroc"":0.7269049378405675,""recall_defined"":true,""auroc_defined"":true}]",ac72d8fa408d5741f9098e235b20e7cca428be6b5934e79dd4ab8c2c7b7b310c
1,S_F_C,income_binary,source_validation,3010,2,"[0,1]",False,3010.0,"[2444,566]","[2444.0,566.0]","[0.8119601328903654,0.18803986710963455]",True,True,"[true,true]",0.29619890290970285,1e-12,0.8704318936877077,0.7342189424739609,0.7342189424739609,0.9015968290411941,0.9015968290411942,0.9015968290411942,"[{""class_index"":0,""support"":2444,""weighted_support"":2444.0,""prevalence"":0.8119601328903654,""predicted_support"":2602,""predicted_weight"":2602.0,""precision"":0.8946963873943121,""recall"":0.9525368248772504,""f1"":0.9227110582639715,""auroc"":0.9015968290411942,""recall_defined"":true,""auroc_defined"":true},{""class_index"":1,""support"":566,""weighted_support"":566.0,""prevalence"":0.18803986710963455,""predicted_support"":408,""predicted_weight"":408.0,""precision"":0.7156862745098039,""recall"":0.5159010600706714,""f1"":0.5995893223819302,""auroc"":0.9015968290411941,""recall_defined"":true,""auroc_defined"":true}]",5e637e7eb9bab3955aba2145c0a9fef7f5a230d354b7432e59c729d779783d4e
1,S_F_C,income_binary,source_validation_person_weighted,3010,2,"[0,1]",True,345891.0,"[2444,566]","[285784.0,60107.0]","[0.8262256028633298,0.17377439713667023]",True,True,"[true,true]",0.29612214378084195,1e-12,0.8747061935696505,0.7132225249541815,0.7132225249541815,0.8914555482248746,0.8914555482248746,0.8914555482248746,"[{""class_index"":0,""support"":2444,""weighted_support"":285784.0,""prevalence"":0.8262256028633298,""predicted_support"":2602,""predicted_weight"":306674.0,""precision"":0.895282938886244,""recall"":0.9607255829577583,""f1"":0.9268505109222932,""auroc"":0.8914555482248746,""recall_defined"":true,""auroc_defined"":true},{""class_index"":1,""support"":566,""weighted_support"":60107.0,""prevalence"":0.17377439713667023,""predicted_support"":408,""predicted_weight"":39217.0,""precision"":0.7137975877808094,""recall"":0.46571946695060473,""f1"":0.5636704119850188,""auroc"":0.8914555482248746,""recall_defined"":true,""auroc_defined"":true}]",5e637e7eb9bab3955aba2145c0a9fef7f5a230d354b7432e59c729d779783d4e
1,S_F_C,civilian_at_work,source_validation,3010,2,"[0,1]",False,3010.0,"[957,2053]","[957.0,2053.0]","[0.3179401993355482,0.6820598006644518]",True,True,"[true,true]",0.3231947190394957,1e-12,0.891029900332226,0.839787939356275,0.839787939356275,0.8733400314853863,0.8733400314853864,0.8733400314853864,"[{""class_index"":0,""support"":957,""weighted_support"":957.0,""prevalence"":0.3179401993355482,""predicted_support"":709,""predicted_weight"":709.0,""precision"":0.9435825105782792,""recall"":0.6990595611285266,""f1"":0.8031212484993998,""auroc"":0.8733400314853865,""recall_defined"":true,""auroc_defined"":true},{""class_index"":1,""support"":2053,""weighted_support"":2053.0,""prevalence"":0.6820598006644518,""predicted_support"":2301,""predicted_weight"":2301.0,""precision"":0.8748370273794003,""recall"":0.9805163175840234,""f1"":0.9246669728984842,""auroc"":0.8733400314853863,""recall_defined"":true,""auroc_defined"":true}]",fad5526a1289d38d15df9719fa4714460debfe65ef346f55995b9ed22fd35313
1,S_F_C,civilian_at_work,source_validation_person_weighted,3010,2,"[0,1]",True,345891.0,"[957,2053]","[105087.0,240804.0]","[0.30381536379957846,0.6961846362004215]",True,True,"[true,true]",0.3229708851126258,1e-12,0.8928332914126127,0.8323899044465375,0.8323899044465375,0.8638326739312367,0.8638326739312367,0.8638326739312367,"[{""class_index"":0,""support"":957,""weighted_support"":105087.0,""prevalence"":0.30381536379957846,""predicted_support"":709,""predicted_weight"":74551.0,""precision"":0.9561910638354951,""recall"":0.6783427065193601,""f1"":0.7936516772620492,""auroc"":0.8638326739312367,""recall_defined"":true,""auroc_defined"":true},{""class_index"":1,""support"":2053,""weighted_support"":240804.0,""prevalence"":0.6961846362004215,""predicted_support"":2301,""predicted_weight"":271340.0,""precision"":0.8754256652170709,""recall"":0.9864371023737147,""f1"":0.9276219188353275,""auroc"":0.8638326739312367,""recall_defined"":true,""auroc_defined"":true}]",fad5526a1289d38d15df9719fa4714460debfe65ef346f55995b9ed22fd35313
1,S_F_C,public_coverage,source_validation,3010,2,"[0,1]",False,3010.0,"[2283,727]","[2283.0,727.0]","[0.7584717607973422,0.2415282392026578]",True,True,"[true,true]",0.48030779170658705,1e-12,0.7847176079734219,0.6199575716934148,0.6199575716934148,0.745186146513221,0.7451862971391319,0.7451862971391319,"[{""class_index"":0,""support"":2283,""weighted_support"":2283.0,""prevalence"":0.7584717607973422,""predicted_support"":2651,""predicted_weight"":2651.0,""precision"":0.8083741984156922,""recall"":0.938677179150241,""f1"":0.8686663964329144,""auroc"":0.7451864477650428,""recall_defined"":true,""auroc_defined"":true},{""class_index"":1,""support"":727,""weighted_support"":727.0,""prevalence"":0.2415282392026578,""predicted_support"":359,""predicted_weight"":359.0,""precision"":0.6100278551532033,""recall"":0.3012379642365887,""f1"":0.40331491712707185,""auroc"":0.745186146513221,""recall_defined"":true,""auroc_defined"":true}]",f031438da0d6823b5ef66c14d586feae55b52e958b87dbc22a73624eaa1f2fad
1,S_F_C,public_coverage,source_validation_person_weighted,3010,2,"[0,1]",True,345891.0,"[2283,727]","[261299.0,84592.0]","[0.7554374065818422,0.24456259341815775]",True,True,"[true,true]",0.489984888020403,1e-12,0.7813241743786338,0.6064032685163833,0.6064032685163833,0.727786983493462,0.7277873387151081,0.7277873387151081,"[{""class_index"":0,""support"":2283,""weighted_support"":261299.0,""prevalence"":0.7554374065818422,""predicted_support"":2651,""predicted_weight"":310179.0,""precision"":0.7992804155020166,""recall"":0.9487981201611947,""f1"":0.8676449487119364,""auroc"":0.7277876939367544,""recall_defined"":true,""auroc_defined"":true},{""class_index"":1,""support"":727,""weighted_support"":84592.0,""prevalence"":0.24456259341815775,""predicted_support"":359,""predicted_weight"":35712.0,""precision"":0.6253640232974911,""recall"":0.2640084168715718,""f1"":0.37127610054528526,""auroc"":0.727786983493462,""recall_defined"":true,""auroc_defined"":true}]",f031438da0d6823b5ef66c14d586feae55b52e958b87dbc22a73624eaa1f2fad
1,S_F_C,income_binary,development_evaluation,3015,2,"[0,1]",False,3015.0,"[2449,566]","[2449.0,566.0]","[0.8122719734660033,0.18772802653399667]",True,True,"[true,true]",0.28455812177876916,1e-12,0.8799336650082918,0.755606240089342,0.755606240089342,0.9083393091865577,0.9083393091865577,0.9083393091865577,"[{""class_index"":0,""support"":2449,""weighted_support"":2449.0,""prevalence"":0.8122719734660033,""predicted_support"":2589,""predicted_weight"":2589.0,""precision"":0.903051371185786,""recall"":0.9546753777051857,""f1"":0.9281460897181422,""auroc"":0.9083393091865577,""recall_defined"":true,""auroc_defined"":true},{""class_index"":1,""support"":566,""weighted_support"":566.0,""prevalence"":0.18772802653399667,""predicted_support"":426,""predicted_weight"":426.0,""precision"":0.7394366197183099,""recall"":0.5565371024734982,""f1"":0.6350806451612904,""auroc"":0.9083393091865577,""recall_defined"":true,""auroc_defined"":true}]",7a13f36f9a6c09e9498c9c44e8af5da20d8f9c651375c0b44159d207d4dae71d
1,S_F_C,income_binary,development_evaluation_person_weighted,3015,2,"[0,1]",True,354273.0,"[2449,566]","[286491.0,67782.0]","[0.8086729725381274,0.19132702746187263]",True,True,"[true,true]",0.2975105728939682,1e-12,0.8763128999387478,0.740652703634376,0.740652703634376,0.8987490172427322,0.8987490172427322,0.8987490172427322,"[{""class_index"":0,""support"":2449,""weighted_support"":286491.0,""prevalence"":0.8086729725381274,""predicted_support"":2589,""predicted_weight"":307620.0,""precision"":0.8944346921526559,""recall"":0.9604001521862816,""f1"":0.9262444223385866,""auroc"":0.8987490172427323,""recall_defined"":true,""auroc_defined"":true},{""class_index"":1,""support"":566,""weighted_support"":67782.0,""prevalence"":0.19132702746187263,""predicted_support"":426,""predicted_weight"":46653.0,""precision"":0.7568216406233254,""recall"":0.5209052550824703,""f1"":0.6170839341110674,""auroc"":0.8987490172427322,""recall_defined"":true,""auroc_defined"":true}]",7a13f36f9a6c09e9498c9c44e8af5da20d8f9c651375c0b44159d207d4dae71d
1,S_F_C,civilian_at_work,development_evaluation,3015,2,"[0,1]",False,3015.0,"[962,2053]","[962.0,2053.0]","[0.31907131011608625,0.6809286898839138]",True,True,"[true,true]",0.2878903080610444,1e-12,0.9038142620232172,0.8586633019170768,0.8586633019170768,0.9025909550751248,0.9025909550751247,0.9025909550751247,"[{""class_index"":0,""support"":962,""weighted_support"":962.0,""prevalence"":0.31907131011608625,""predicted_support"":740,""predicted_weight"":740.0,""precision"":0.9540540540540541,""recall"":0.7338877338877339,""f1"":0.8296122209165687,""auroc"":0.9025909550751245,""recall_defined"":true,""auroc_defined"":true},{""class_index"":1,""support"":2053,""weighted_support"":2053.0,""prevalence"":0.6809286898839138,""predicted_support"":2275,""predicted_weight"":2275.0,""precision"":0.8874725274725275,""recall"":0.9834388699464198,""f1"":0.9329944547134935,""auroc"":0.9025909550751248,""recall_defined"":true,""auroc_defined"":true}]",d0728eb55330c27fd0c3e7e0f8e980a7d03824b53f46d05b9914a1c2ca392259
1,S_F_C,civilian_at_work,development_evaluation_person_weighted,3015,2,"[0,1]",True,354273.0,"[962,2053]","[108469.0,245804.0]","[0.30617348767758196,0.693826512322418]",True,True,"[true,true]",0.2754430522159907,1e-12,0.9112238302100357,0.8620695826475993,0.8620695826475993,0.8996384457034231,0.8996384457034231,0.8996384457034231,"[{""class_index"":0,""support"":962,""weighted_support"":108469.0,""prevalence"":0.30617348767758196,""predicted_support"":740,""predicted_weight"":82490.0,""precision"":0.9668323433143411,""recall"":0.735269984972665,""f1"":0.8352997240245288,""auroc"":0.8996384457034231,""recall_defined"":true,""auroc_defined"":true},{""class_index"":1,""support"":2053,""weighted_support"":245804.0,""prevalence"":0.693826512322418,""predicted_support"":2275,""predicted_weight"":271783.0,""precision"":0.8943458568048774,""recall"":0.9888691803225333,""f1"":0.9392353362816299,""auroc"":0.8996384457034231,""recall_defined"":true,""auroc_defined"":true}]",d0728eb55330c27fd0c3e7e0f8e980a7d03824b53f46d05b9914a1c2ca392259
1,S_F_C,public_coverage,development_evaluation,3015,2,"[0,1]",False,3015.0,"[2275,740]","[2275.0,740.0]","[0.7545605306799337,0.24543946932006633]",True,True,"[true,true]",0.49163211208129526,1e-12,0.7741293532338308,0.6055138105138105,0.6055138105138105,0.7264677754677755,0.7264677754677755,0.7264677754677755,"[{""class_index"":0,""support"":2275,""weighted_support"":2275.0,""prevalence"":0.7545605306799337,""predicted_support"":2668,""predicted_weight"":2668.0,""precision"":0.7987256371814093,""recall"":0.9367032967032967,""f1"":0.8622294153348169,""auroc"":0.7264677754677754,""recall_defined"":true,""auroc_defined"":true},{""class_index"":1,""support"":740,""weighted_support"":740.0,""prevalence"":0.24543946932006633,""predicted_support"":347,""predicted_weight"":347.0,""precision"":0.5850144092219021,""recall"":0.2743243243243243,""f1"":0.3735050597976081,""auroc"":0.7264677754677755,""recall_defined"":true,""auroc_defined"":true}]",ee7d85af3913d452f1c5366504ce80f46ec7e95ff8fe51647d3bdc132bff5167
1,S_F_C,public_coverage,development_evaluation_person_weighted,3015,2,"[0,1]",True,354273.0,"[2275,740]","[266128.0,88145.0]","[0.7511947001323838,0.2488052998676162]",True,True,"[true,true]",0.4948337902419936,1e-12,0.7706429787198008,0.6039020823737329,0.6039020823737329,0.7233331018515021,0.7233331018515021,0.7233331018515021,"[{""class_index"":0,""support"":2275,""weighted_support"":266128.0,""prevalence"":0.7511947001323838,""predicted_support"":2668,""predicted_weight"":313211.0,""precision"":0.7951253308472563,""recall"":0.9357978115793903,""f1"":0.85974533045419,""auroc"":0.723333101851502,""recall_defined"":true,""auroc_defined"":true},{""class_index"":1,""support"":740,""weighted_support"":88145.0,""prevalence"":0.2488052998676162,""predicted_support"":347,""predicted_weight"":41062.0,""precision"":0.5838975208221714,""recall"":0.2720063531680753,""f1"":0.3711254034224152,""auroc"":0.7233331018515021,""recall_defined"":true,""auroc_defined"":true}]",ee7d85af3913d452f1c5366504ce80f46ec7e95ff8fe51647d3bdc132bff5167
1,S_F_D,income_binary,source_validation,3010,2,"[0,1]",False,3010.0,"[2444,566]","[2444.0,566.0]","[0.8119601328903654,0.18803986710963455]",True,True,"[true,true]",0.29737164730627097,1e-12,0.8704318936877077,0.7315037041749319,0.7315037041749319,0.9007488592529191,0.9007488592529191,0.9007488592529191,"[{""class_index"":0,""support"":2444,""weighted_support"":2444.0,""prevalence"":0.8119601328903654,""predicted_support"":2610,""predicted_weight"":2610.0,""precision"":0.8934865900383142,""recall"":0.9541734860883797,""f1"":0.9228333992876929,""auroc"":0.900748859252919,""recall_defined"":true,""auroc_defined"":true},{""class_index"":1,""support"":566,""weighted_support"":566.0,""prevalence"":0.18803986710963455,""predicted_support"":400,""predicted_weight"":400.0,""precision"":0.72,""recall"":0.508833922261484,""f1"":0.5962732919254659,""auroc"":0.9007488592529191,""recall_defined"":true,""auroc_defined"":true}]",f67c0c45d321a6f53251173a2173dc6af4589d255caaaffcc1c2d13fb436c73c
1,S_F_D,income_binary,source_validation_person_weighted,3010,2,"[0,1]",True,345891.0,"[2444,566]","[285784.0,60107.0]","[0.8262256028633298,0.17377439713667023]",True,True,"[true,true]",0.2969445370150626,1e-12,0.875165875955142,0.711378944117601,0.711378944117601,0.8905304339174952,0.8905304339174951,0.8905304339174951,"[{""class_index"":0,""support"":2444,""weighted_support"":285784.0,""prevalence"":0.8262256028633298,""predicted_support"":2610,""predicted_weight"":307479.0,""precision"":0.8945066167120356,""recall"":0.962412171430171,""f1"":0.927217776938727,""auroc"":0.8905304339174951,""recall_defined"":true,""auroc_defined"":true},{""class_index"":1,""support"":566,""weighted_support"":60107.0,""prevalence"":0.17377439713667023,""predicted_support"":400,""predicted_weight"":38412.0,""precision"":0.720347807976674,""recall"":0.460345716805031,""f1"":0.5617190592677554,""auroc"":0.8905304339174952,""recall_defined"":true,""auroc_defined"":true}]",f67c0c45d321a6f53251173a2173dc6af4589d255caaaffcc1c2d13fb436c73c
1,S_F_D,civilian_at_work,source_validation,3010,2,"[0,1]",False,3010.0,"[957,2053]","[957.0,2053.0]","[0.3179401993355482,0.6820598006644518]",True,True,"[true,true]",0.3227827145287559,1e-12,0.8900332225913621,0.8387783812561682,0.8387783812561682,0.8729053641712996,0.8729053641712996,0.8729053641712996,"[{""class_index"":0,""support"":957,""weighted_support"":957.0,""prevalence"":0.3179401993355482,""predicted_support"":710,""predicted_weight"":710.0,""precision"":0.9408450704225352,""recall"":0.6980146290491118,""f1"":0.8014397120575885,""auroc"":0.8729053641712996,""recall_defined"":true,""auroc_defined"":true},{""class_index"":1,""support"":2053,""weighted_support"":2053.0,""prevalence"":0.6820598006644518,""predicted_support"":2300,""predicted_weight"":2300.0,""precision"":0.8743478260869565,""recall"":0.9795421334632245,""f1"":0.9239604870204456,""auroc"":0.8729053641712996,""recall_defined"":true,""auroc_defined"":true}]",91993196253e833e5cb3952fa16790c544b4bd135a81ecbec986e89b30e8570b
1,S_F_D,civilian_at_work,source_validation_person_weighted,3010,2,"[0,1]",True,345891.0,"[957,2053]","[105087.0,240804.0]","[0.30381536379957846,0.6961846362004215]",True,True,"[true,true]",0.3219273075997578,1e-12,0.8917260061695736,0.8310797875595635,0.8310797875595635,0.8631133785786138,0.8631133785786138,0.8631133785786138,"[{""class_index"":0,""support"":957,""weighted_support"":105087.0,""prevalence"":0.30381536379957846,""predicted_support"":710,""predicted_weight"":74550.0,""precision"":0.9536284372904091,""recall"":0.6765156489384986,""f1"":0.7915184510986044,""auroc"":0.8631133785786138,""recall_defined"":true,""auroc_defined"":true},{""class_index"":1,""support"":2053,""weighted_support"":240804.0,""prevalence"":0.6961846362004215,""predicted_support"":2300,""predicted_weight"":271341.0,""precision"":0.8747185276091708,""recall"":0.9856439261806282,""f1"":0.9268742250729773,""auroc"":0.8631133785786138,""recall_defined"":true,""auroc_defined"":true}]",91993196253e833e5cb3952fa16790c544b4bd135a81ecbec986e89b30e8570b
1,S_F_D,public_coverage,source_validation,3010,2,"[0,1]",False,3010.0,"[2283,727]","[2283.0,727.0]","[0.7584717607973422,0.2415282392026578]",True,True,"[true,true]",0.48083731384073464,1e-12,0.7847176079734219,0.6166763368501471,0.6166763368501471,0.744428196929521,0.744428196929521,0.744428196929521,"[{""class_index"":0,""support"":2283,""weighted_support"":2283.0,""prevalence"":0.7584717607973422,""predicted_support"":2665,""predicted_weight"":2665.0,""precision"":0.8067542213883677,""recall"":0.9417433201927289,""f1"":0.8690379951495554,""auroc"":0.744428196929521,""recall_defined"":true,""auroc_defined"":true},{""class_index"":1,""support"":727,""weighted_support"":727.0,""prevalence"":0.2415282392026578,""predicted_support"":345,""predicted_weight"":345.0,""precision"":0.6144927536231884,""recall"":0.29160935350756534,""f1"":0.39552238805970147,""auroc"":0.744428196929521,""recall_defined"":true,""auroc_defined"":true}]",24a970890be4916743f5186f8e24ea5e5956e2de761d9e85ed1d9097ac69a7ee
1,S_F_D,public_coverage,source_validation_person_weighted,3010,2,"[0,1]",True,345891.0,"[2283,727]","[261299.0,84592.0]","[0.7554374065818422,0.24456259341815775]",True,True,"[true,true]",0.49004498475117303,1e-12,0.7850999303248711,0.6088863324947406,0.6088863324947406,0.7274029977499701,0.7274029977499701,0.7274029977499701,"[{""class_index"":0,""support"":2283,""weighted_support"":261299.0,""prevalence"":0.7554374065818422,""predicted_support"":2665,""predicted_weight"":311493.0,""precision"":0.8001142882825617,""recall"":0.9538115339132565,""f1"":0.8702286344781351,""auroc"":0.72740299774997,""recall_defined"":true,""auroc_defined"":true},{""class_index"":1,""support"":727,""weighted_support"":84592.0,""prevalence"":0.24456259341815775,""predicted_support"":345,""predicted_weight"":34398.0,""precision"":0.6491365777080063,""recall"":0.2639611310762247,""f1"":0.37530884948314985,""auroc"":0.7274029977499701,""recall_defined"":true,""auroc_defined"":true}]",24a970890be4916743f5186f8e24ea5e5956e2de761d9e85ed1d9097ac69a7ee
1,S_F_D,income_binary,development_evaluation,3015,2,"[0,1]",False,3015.0,"[2449,566]","[2449.0,566.0]","[0.8122719734660033,0.18772802653399667]",True,True,"[true,true]",0.2840389162941769,1e-12,0.8802653399668325,0.7524142687503517,0.7524142687503517,0.9091631833574532,0.9091631833574532,0.9091631833574532,"[{""class_index"":0,""support"":2449,""weighted_support"":2449.0,""prevalence"":0.8122719734660033,""predicted_support"":2600,""predicted_weight"":2600.0,""precision"":0.9015384615384615,""recall"":0.9571253572886893,""f1"":0.9285006932065756,""auroc"":0.9091631833574532,""recall_defined"":true,""auroc_defined"":true},{""class_index"":1,""support"":566,""weighted_support"":566.0,""prevalence"":0.18772802653399667,""predicted_support"":415,""predicted_weight"":415.0,""precision"":0.7469879518072289,""recall"":0.5477031802120141,""f1"":0.6320081549439348,""auroc"":0.9091631833574532,""recall_defined"":true,""auroc_defined"":true}]",cb2510f24dfd3acd1a14fe17d02211091c2086e99d7429965e393f6b26e1a75b
1,S_F_D,income_binary,development_evaluation_person_weighted,3015,2,"[0,1]",True,354273.0,"[2449,566]","[286491.0,67782.0]","[0.8086729725381274,0.19132702746187263]",True,True,"[true,true]",0.29690125065306877,1e-12,0.8766572671357964,0.7374136169851205,0.7374136169851205,0.9000052619111565,0.9000052619111565,0.9000052619111565,"[{""class_index"":0,""support"":2449,""weighted_support"":286491.0,""prevalence"":0.8086729725381274,""predicted_support"":2600,""predicted_weight"":308968.0,""precision"":0.8929112399989643,""recall"":0.9629656778048874,""f1"":0.9266162741683307,""auroc"":0.9000052619111565,""recall_defined"":true,""auroc_defined"":true},{""class_index"":1,""support"":566,""weighted_support"":67782.0,""prevalence"":0.19132702746187263,""predicted_support"":415,""predicted_weight"":45305.0,""precision"":0.7658095132987529,""recall"":0.5118615561653537,""f1"":0.6135983800083122,""auroc"":0.9000052619111565,""recall_defined"":true,""auroc_defined"":true}]",cb2510f24dfd3acd1a14fe17d02211091c2086e99d7429965e393f6b26e1a75b
1,S_F_D,civilian_at_work,development_evaluation,3015,2,"[0,1]",False,3015.0,"[962,2053]","[962.0,2053.0]","[0.31907131011608625,0.6809286898839138]",True,True,"[true,true]",0.2855819620452564,1e-12,0.9058043117744611,0.86178180503558,0.86178180503558,0.904110712683533,0.904110712683533,0.904110712683533,"[{""class_index"":0,""support"":962,""weighted_support"":962.0,""prevalence"":0.31907131011608625,""predicted_support"":746,""predicted_weight"":746.0,""precision"":0.9544235924932976,""recall"":0.7401247401247402,""f1"":0.8337236533957846,""auroc"":0.904110712683533,""recall_defined"":true,""auroc_defined"":true},{""class_index"":1,""support"":2053,""weighted_support"":2053.0,""prevalence"":0.6809286898839138,""predicted_support"":2269,""predicted_weight"":2269.0,""precision"":0.8898193036579991,""recall"":0.9834388699464198,""f1"":0.934289680703378,""auroc"":0.904110712683533,""recall_defined"":true,""auroc_defined"":true}]",e585aeafdd8881ec42e722f40c5f6da668d10c5d168ca7376847732f8070c901
1,S_F_D,civilian_at_work,development_evaluation_person_weighted,3015,2,"[0,1]",True,354273.0,"[962,2053]","[108469.0,245804.0]","[0.30617348767758196,0.693826512322418]",True,True,"[true,true]",0.2729152050765003,1e-12,0.9135892376782877,0.8660122770716181,0.8660122770716181,0.9015815038889942,0.9015815038889942,0.9015815038889942,"[{""class_index"":0,""support"":962,""weighted_support"":108469.0,""prevalence"":0.30617348767758196,""predicted_support"":746,""predicted_weight"":83390.0,""precision"":0.9668185633769038,""recall"":0.7432814905641243,""f1"":0.8404401148760288,""auroc"":0.9015815038889942,""recall_defined"":true,""auroc_defined"":true},{""class_index"":1,""support"":2053,""weighted_support"":245804.0,""prevalence"":0.693826512322418,""predicted_support"":2269,""predicted_weight"":270883.0,""precision"":0.8972028514155558,""recall"":0.9887430635791118,""f1"":0.940751363978579,""auroc"":0.9015815038889942,""recall_defined"":true,""auroc_defined"":true}]",e585aeafdd8881ec42e722f40c5f6da668d10c5d168ca7376847732f8070c901
1,S_F_D,public_coverage,development_evaluation,3015,2,"[0,1]",False,3015.0,"[2275,740]","[2275.0,740.0]","[0.7545605306799337,0.24543946932006633]",True,True,"[true,true]",0.49159507736062513,1e-12,0.7754560530679934,0.605025245025245,0.605025245025245,0.7273362043362044,0.7273362043362044,0.7273362043362044,"[{""class_index"":0,""support"":2275,""weighted_support"":2275.0,""prevalence"":0.7545605306799337,""predicted_support"":2678,""predicted_weight"":2678.0,""precision"":0.7983569828230023,""recall"":0.9397802197802197,""f1"":0.863315162527761,""auroc"":0.7273362043362044,""recall_defined"":true,""auroc_defined"":true},{""class_index"":1,""support"":740,""weighted_support"":740.0,""prevalence"":0.24543946932006633,""predicted_support"":337,""predicted_weight"":337.0,""precision"":0.5934718100890207,""recall"":0.2702702702702703,""f1"":0.3714020427112349,""auroc"":0.7273362043362044,""recall_defined"":true,""auroc_defined"":true}]",b8c6e46fc670226d802ad539e561570159a87c89bc3f5ac0973194ab52c7af56
1,S_F_D,public_coverage,development_evaluation_person_weighted,3015,2,"[0,1]",True,354273.0,"[2275,740]","[266128.0,88145.0]","[0.7511947001323838,0.2488052998676162]",True,True,"[true,true]",0.49506343275665043,1e-12,0.7725849838965995,0.6048760246364171,0.6048760246364171,0.7244052083427367,0.7244052083427367,0.7244052083427367,"[{""class_index"":0,""support"":2275,""weighted_support"":266128.0,""prevalence"":0.7511947001323838,""predicted_support"":2678,""predicted_weight"":314067.0,""precision"":0.7954162646823767,""recall"":0.9386986713160584,""f1"":0.8611380656503417,""auroc"":0.7244052083427367,""recall_defined"":true,""auroc_defined"":true},{""class_index"":1,""support"":740,""weighted_support"":88145.0,""prevalence"":0.2488052998676162,""predicted_support"":337,""predicted_weight"":40206.0,""precision"":0.5942396657215341,""recall"":0.27105337795677575,""f1"":0.37229160660999916,""auroc"":0.7244052083427367,""recall_defined"":true,""auroc_defined"":true}]",b8c6e46fc670226d802ad539e561570159a87c89bc3f5ac0973194ab52c7af56
1,S_K_I,income_binary,source_validation,3010,2,"[0,1]",False,3010.0,"[2444,566]","[2444.0,566.0]","[0.8119601328903654,0.18803986710963455]",True,True,"[true,true]",0.7408549781027163,1e-12,0.33322259136212623,0.48011427712202087,0.48011427712202087,0.49294623596837717,0.49294623596837717,0.49294623596837717,"[{""class_index"":0,""support"":2444,""weighted_support"":2444.0,""prevalence"":0.8119601328903654,""predicted_support"":759,""predicted_weight"":759.0,""precision"":0.7878787878787878,""recall"":0.24468085106382978,""f1"":0.3733999375585389,""auroc"":0.49294623596837717,""recall_defined"":true,""auroc_defined"":true},{""class_index"":1,""support"":566,""weighted_support"":566.0,""prevalence"":0.18803986710963455,""predicted_support"":2251,""predicted_weight"":2251.0,""precision"":0.1799200355397601,""recall"":0.715547703180212,""f1"":0.28753993610223644,""auroc"":0.49294623596837717,""recall_defined"":true,""auroc_defined"":true}]",57e727884b70abf5d647674aa22bef319107beac2b64d0f8239ef1881628c0a8
1,S_K_I,income_binary,source_validation_person_weighted,3010,2,"[0,1]",True,345891.0,"[2444,566]","[285784.0,60107.0]","[0.8262256028633298,0.17377439713667023]",True,True,"[true,true]",0.7504233375919497,1e-12,0.2990421838093503,0.4761303763825826,0.4761303763825826,0.4881939985790655,0.4881939985790654,0.4881939985790654,"[{""class_index"":0,""support"":2444,""weighted_support"":285784.0,""prevalence"":0.8262256028633298,""predicted_support"":759,""predicted_weight"":73677.0,""precision"":0.7940469888839122,""recall"":0.20471055062564733,""f1"":0.32550401851661237,""auroc"":0.4881939985790654,""recall_defined"":true,""auroc_defined"":true},{""class_index"":1,""support"":566,""weighted_support"":60107.0,""prevalence"":0.17377439713667023,""predicted_support"":2251,""predicted_weight"":272214.0,""precision"":0.16506498563630084,""recall"":0.7475502021395178,""f1"":0.27041926330265015,""auroc"":0.4881939985790655,""recall_defined"":true,""auroc_defined"":true}]",57e727884b70abf5d647674aa22bef319107beac2b64d0f8239ef1881628c0a8
1,S_K_I,civilian_at_work,source_validation,3010,2,"[0,1]",False,3010.0,"[957,2053]","[957.0,2053.0]","[0.3179401993355482,0.6820598006644518]",True,True,"[true,true]",0.6924763873331399,1e-12,0.48272425249169437,0.5524634286496658,0.5524634286496658,0.6285067956213631,0.628506795621363,0.628506795621363,"[{""class_index"":0,""support"":957,""weighted_support"":957.0,""prevalence"":0.3179401993355482,""predicted_support"":2024,""predicted_weight"":2024.0,""precision"":0.35177865612648224,""recall"":0.7439916405433646,""f1"":0.4776920496477692,""auroc"":0.628506795621363,""recall_defined"":true,""auroc_defined"":true},{""class_index"":1,""support"":2053,""weighted_support"":2053.0,""prevalence"":0.6820598006644518,""predicted_support"":986,""predicted_weight"":986.0,""precision"":0.7515212981744422,""recall"":0.3609352167559669,""f1"":0.4876604146100691,""auroc"":0.6285067956213631,""recall_defined"":true,""auroc_defined"":true}]",6c8b2752e52c9cedd37632e11a1e82994c66cd024bec082c3a2dc2632ed30d32
1,S_K_I,civilian_at_work,source_validation_person_weighted,3010,2,"[0,1]",True,345891.0,"[957,2053]","[105087.0,240804.0]","[0.30381536379957846,0.6961846362004215]",True,True,"[true,true]",0.6918709783730691,1e-12,0.4867024582888829,0.5617838847135119,0.5617838847135119,0.6394884420679641,0.6394884420679642,0.6394884420679642,"[{""class_index"":0,""support"":957,""weighted_support"":105087.0,""prevalence"":0.30381536379957846,""predicted_support"":2024,""predicted_weight"":230748.0,""precision"":0.3429932220430946,""recall"":0.7531378762358808,""f1"":0.47133264847320855,""auroc"":0.6394884420679643,""recall_defined"":true,""auroc_defined"":true},{""class_index"":1,""support"":2053,""weighted_support"":240804.0,""prevalence"":0.6961846362004215,""predicted_support"":986,""predicted_weight"":115143.0,""precision"":0.7746975500030397,""recall"":0.370429893191143,""f1"":0.5012038309074104,""auroc"":0.6394884420679641,""recall_defined"":true,""auroc_defined"":true}]",6c8b2752e52c9cedd37632e11a1e82994c66cd024bec082c3a2dc2632ed30d32
1,S_K_I,public_coverage,source_validation,3010,2,"[0,1]",False,3010.0,"[2283,727]","[2283.0,727.0]","[0.7584717607973422,0.2415282392026578]",True,True,"[true,true]",0.721670907659816,1e-12,0.3365448504983389,0.47123105351979616,0.47123105351979616,0.483564303105123,0.483564303105123,0.483564303105123,"[{""class_index"":0,""support"":2283,""weighted_support"":2283.0,""prevalence"":0.7584717607973422,""predicted_support"":676,""predicted_weight"":676.0,""precision"":0.7115384615384616,""recall"":0.21068769163381515,""f1"":0.3251098344035147,""auroc"":0.483564303105123,""recall_defined"":true,""auroc_defined"":true},{""class_index"":1,""support"":727,""weighted_support"":727.0,""prevalence"":0.2415282392026578,""predicted_support"":2334,""predicted_weight"":2334.0,""precision"":0.22793487574978577,""recall"":0.7317744154057771,""f1"":0.3475988239137537,""auroc"":0.483564303105123,""recall_defined"":true,""auroc_defined"":true}]",d96dc83f0f002f29b5a474219f2e3e2d49ef2fdd0a3b50d8765a666cd88f695d
1,S_K_I,public_coverage,source_validation_person_weighted,3010,2,"[0,1]",True,345891.0,"[2283,727]","[261299.0,84592.0]","[0.7554374065818422,0.24456259341815775]",True,True,"[true,true]",0.7271946722395625,1e-12,0.3263513650253982,0.4697843101331072,0.4697843101331072,0.46172304862471486,0.4617230486247148,0.4617230486247148,"[{""class_index"":0,""support"":2283,""weighted_support"":261299.0,""prevalence"":0.7554374065818422,""predicted_support"":676,""predicted_weight"":70494.0,""precision"":0.7006553749255255,""recall"":0.189024833619723,""f1"":0.2977278001645604,""auroc"":0.4617230486247148,""recall_defined"":true,""auroc_defined"":true},{""class_index"":1,""support"":727,""weighted_support"":84592.0,""prevalence"":0.24456259341815775,""predicted_support"":2334,""predicted_weight"":275397.0,""precision"":0.23053991147325498,""recall"":0.7505437866464914,""f1"":0.35273300017500536,""auroc"":0.46172304862471486,""recall_defined"":true,""auroc_defined"":true}]",d96dc83f0f002f29b5a474219f2e3e2d49ef2fdd0a3b50d8765a666cd88f695d
1,S_K_I,income_binary,development_evaluation,3015,2,"[0,1]",False,3015.0,"[2449,566]","[2449.0,566.0]","[0.8122719734660033,0.18772802653399667]",True,True,"[true,true]",0.7411822802917967,1e-12,0.35754560530679935,0.5012899185793004,0.5012899185793004,0.48884667716108254,0.48884667716108254,0.48884667716108254,"[{""class_index"":0,""support"":2449,""weighted_support"":2449.0,""prevalence"":0.8122719734660033,""predicted_support"":816,""predicted_weight"":816.0,""precision"":0.8137254901960784,""recall"":0.27113107390771746,""f1"":0.40673813169984685,""auroc"":0.4888466771610825,""recall_defined"":true,""auroc_defined"":true},{""class_index"":1,""support"":566,""weighted_support"":566.0,""prevalence"":0.18772802653399667,""predicted_support"":2199,""predicted_weight"":2199.0,""precision"":0.1882673942701228,""recall"":0.7314487632508834,""f1"":0.29945750452079567,""auroc"":0.48884667716108254,""recall_defined"":true,""auroc_defined"":true}]",730ae925c1bd48095a9c54324d1e65017a44beab58ecfa950dc595cba16ec138
1,S_K_I,income_binary,development_evaluation_person_weighted,3015,2,"[0,1]",True,354273.0,"[2449,566]","[286491.0,67782.0]","[0.8086729725381274,0.19132702746187263]",True,True,"[true,true]",0.7487860766764458,1e-12,0.32879728345089804,0.48961389694301577,0.48961389694301577,0.4689310165146241,0.4689310165146241,0.4689310165146241,"[{""class_index"":0,""support"":2449,""weighted_support"":286491.0,""prevalence"":0.8086729725381274,""predicted_support"":816,""predicted_weight"":82578.0,""precision"":0.7948848361549081,""recall"":0.22911714504120548,""f1"":0.3557058436227372,""auroc"":0.4689310165146241,""recall_defined"":true,""auroc_defined"":true},{""class_index"":1,""support"":566,""weighted_support"":67782.0,""prevalence"":0.19132702746187263,""predicted_support"":2199,""predicted_weight"":271695.0,""precision"":0.18713631093689614,""recall"":0.750110648844826,""f1"":0.2995431207416114,""auroc"":0.4689310165146241,""recall_defined"":true,""auroc_defined"":true}]",730ae925c1bd48095a9c54324d1e65017a44beab58ecfa950dc595cba16ec138
1,S_K_I,civilian_at_work,development_evaluation,3015,2,"[0,1]",False,3015.0,"[962,2053]","[962.0,2053.0]","[0.31907131011608625,0.6809286898839138]",True,True,"[true,true]",0.6917616656609056,1e-12,0.4822553897180763,0.5510497289601041,0.5510497289601041,0.6328561316384016,0.6328561316384016,0.6328561316384016,"[{""class_index"":0,""support"":962,""weighted_support"":962.0,""prevalence"":0.31907131011608625,""predicted_support"":2025,""predicted_weight"":2025.0,""precision"":0.3520987654320988,""recall"":0.7411642411642412,""f1"":0.4774020756611985,""auroc"":0.6328561316384015,""recall_defined"":true,""auroc_defined"":true},{""class_index"":1,""support"":2053,""weighted_support"":2053.0,""prevalence"":0.6809286898839138,""predicted_support"":990,""predicted_weight"":990.0,""precision"":0.7484848484848485,""recall"":0.3609352167559669,""f1"":0.487019388761091,""auroc"":0.6328561316384016,""recall_defined"":true,""auroc_defined"":true}]",fba67b86d59897e8d5db7c7696e037cdfb515b08f4f089cbeb1f1c8f7089d2aa
1,S_K_I,civilian_at_work,development_evaluation_person_weighted,3015,2,"[0,1]",True,354273.0,"[962,2053]","[108469.0,245804.0]","[0.30617348767758196,0.693826512322418]",True,True,"[true,true]",0.6906270851581029,1e-12,0.49234347522955463,0.5584094444109301,0.5584094444109301,0.637185684716294,0.637185684716294,0.637185684716294,"[{""class_index"":0,""support"":962,""weighted_support"":108469.0,""prevalence"":0.30617348767758196,""predicted_support"":2025,""predicted_weight"":229492.0,""precision"":0.34448259634322764,""recall"":0.7288349666725055,""f1"":0.4678409638982013,""auroc"":0.637185684716294,""recall_defined"":true,""auroc_defined"":true},{""class_index"":1,""support"":2053,""weighted_support"":245804.0,""prevalence"":0.693826512322418,""predicted_support"":990,""predicted_weight"":124781.0,""precision"":0.7642830238577989,""recall"":0.3879839221493548,""f1"":0.5146889377605678,""auroc"":0.637185684716294,""recall_defined"":true,""auroc_defined"":true}]",fba67b86d59897e8d5db7c7696e037cdfb515b08f4f089cbeb1f1c8f7089d2aa
1,S_K_I,public_coverage,development_evaluation,3015,2,"[0,1]",False,3015.0,"[2275,740]","[2275.0,740.0]","[0.7545605306799337,0.24543946932006633]",True,True,"[true,true]",0.7202274055421211,1e-12,0.33034825870646767,0.45779031779031776,0.45779031779031776,0.48085922185922186,0.4808592218592218,0.4808592218592218,"[{""class_index"":0,""support"":2275,""weighted_support"":2275.0,""prevalence"":0.7545605306799337,""predicted_support"":688,""predicted_weight"":688.0,""precision"":0.686046511627907,""recall"":0.20747252747252748,""f1"":0.3185960175497806,""auroc"":0.4808592218592218,""recall_defined"":true,""auroc_defined"":true},{""class_index"":1,""support"":740,""weighted_support"":740.0,""prevalence"":0.24543946932006633,""predicted_support"":2327,""predicted_weight"":2327.0,""precision"":0.2251826385904598,""recall"":0.7081081081081081,""f1"":0.34170198891424847,""auroc"":0.48085922185922186,""recall_defined"":true,""auroc_defined"":true}]",d1589cade9502d31914900020f8e35fc3121b67c055e81a402cc5f18949d0758
1,S_K_I,public_coverage,development_evaluation_person_weighted,3015,2,"[0,1]",True,354273.0,"[2275,740]","[266128.0,88145.0]","[0.7511947001323838,0.2488052998676162]",True,True,"[true,true]",0.7205405281054011,1e-12,0.32919528160486405,0.45356368343121684,0.45356368343121684,0.47222551359577647,0.47222551359577647,0.47222551359577647,"[{""class_index"":0,""support"":2275,""weighted_support"":266128.0,""prevalence"":0.7511947001323838,""predicted_support"":688,""predicted_weight"":81170.0,""precision"":0.675434273746458,""recall"":0.20600988997775507,""f1"":0.3157230965913999,""auroc"":0.47222551359577647,""recall_defined"":true,""auroc_defined"":true},{""class_index"":1,""support"":740,""weighted_support"":88145.0,""prevalence"":0.2488052998676162,""predicted_support"":2327,""predicted_weight"":273103.0,""precision"":0.22628825022061275,""recall"":0.7011174768846786,""f1"":0.34214722296040395,""auroc"":0.47222551359577647,""recall_defined"":true,""auroc_defined"":true}]",d1589cade9502d31914900020f8e35fc3121b67c055e81a402cc5f18949d0758
1,S_K_W,income_binary,source_validation,3010,2,"[0,1]",False,3010.0,"[2444,566]","[2444.0,566.0]","[0.8119601328903654,0.18803986710963455]",True,True,"[true,true]",0.34776369230696236,1e-12,0.8528239202657807,0.6778958204414937,0.6778958204414937,0.8664353605570431,0.8664353605570432,0.8664353605570432,"[{""class_index"":0,""support"":2444,""weighted_support"":2444.0,""prevalence"":0.8119601328903654,""predicted_support"":2683,""predicted_weight"":2683.0,""precision"":0.8729034662691018,""recall"":0.9582651391162029,""f1"":0.913594694753267,""auroc"":0.8664353605570432,""recall_defined"":true,""auroc_defined"":true},{""class_index"":1,""support"":566,""weighted_support"":566.0,""prevalence"":0.18803986710963455,""predicted_support"":327,""predicted_weight"":327.0,""precision"":0.6880733944954128,""recall"":0.39752650176678445,""f1"":0.503919372900336,""auroc"":0.8664353605570431,""recall_defined"":true,""auroc_defined"":true}]",ce027af9e1794d76c9b9adafefe963353a5517b1d53392f5b2ff0ed1977fa233
1,S_K_W,income_binary,source_validation_person_weighted,3010,2,"[0,1]",True,345891.0,"[2444,566]","[285784.0,60107.0]","[0.8262256028633298,0.17377439713667023]",True,True,"[true,true]",0.34823570275629984,1e-12,0.8553185830218191,0.648196194542327,0.648196194542327,0.8515535078740535,0.8515535078740535,0.8515535078740535,"[{""class_index"":0,""support"":2444,""weighted_support"":285784.0,""prevalence"":0.8262256028633298,""predicted_support"":2683,""predicted_weight"":316194.0,""precision"":0.8727774720582934,""recall"":0.9656488816728718,""f1"":0.9168673938250235,""auroc"":0.8515535078740536,""recall_defined"":true,""auroc_defined"":true},{""class_index"":1,""support"":566,""weighted_support"":60107.0,""prevalence"":0.17377439713667023,""predicted_support"":327,""predicted_weight"":29697.0,""precision"":0.6694278883388894,""recall"":0.3307435074117823,""f1"":0.4427419714043918,""auroc"":0.8515535078740535,""recall_defined"":true,""auroc_defined"":true}]",ce027af9e1794d76c9b9adafefe963353a5517b1d53392f5b2ff0ed1977fa233
1,S_K_W,civilian_at_work,source_validation,3010,2,"[0,1]",False,3010.0,"[957,2053]","[957.0,2053.0]","[0.3179401993355482,0.6820598006644518]",True,True,"[true,true]",0.39723095713560547,1e-12,0.8588039867109635,0.8019390539420101,0.8019390539420101,0.8489373300331193,0.8489373300331193,0.8489373300331193,"[{""class_index"":0,""support"":957,""weighted_support"":957.0,""prevalence"":0.3179401993355482,""predicted_support"":704,""predicted_weight"":704.0,""precision"":0.8778409090909091,""recall"":0.64576802507837,""f1"":0.7441300421432872,""auroc"":0.8489373300331192,""recall_defined"":true,""auroc_defined"":true},{""class_index"":1,""support"":2053,""weighted_support"":2053.0,""prevalence"":0.6820598006644518,""predicted_support"":2306,""predicted_weight"":2306.0,""precision"":0.8529921942758023,""recall"":0.9581100828056502,""f1"":0.9025005735260381,""auroc"":0.8489373300331193,""recall_defined"":true,""auroc_defined"":true}]",6d8aea8656d6b33a3c31bf9ada6e3851509c59ff20f9a25573dd607b1a5211d8
1,S_K_W,civilian_at_work,source_validation_person_weighted,3010,2,"[0,1]",True,345891.0,"[957,2053]","[105087.0,240804.0]","[0.30381536379957846,0.6961846362004215]",True,True,"[true,true]",0.3955298020660566,1e-12,0.867776264777054,0.799720307906403,0.799720307906403,0.8399475162654121,0.8399475162654122,0.8399475162654122,"[{""class_index"":0,""support"":957,""weighted_support"":105087.0,""prevalence"":0.30381536379957846,""predicted_support"":704,""predicted_weight"":72274.0,""precision"":0.9106040899908681,""recall"":0.6262715654648053,""f1"":0.7421360953084387,""auroc"":0.8399475162654122,""recall_defined"":true,""auroc_defined"":true},{""class_index"":1,""support"":2053,""weighted_support"":240804.0,""prevalence"":0.6961846362004215,""predicted_support"":2306,""predicted_weight"":273617.0,""precision"":0.8564635969256296,""recall"":0.9731690503480008,""f1"":0.9110942204925537,""auroc"":0.8399475162654121,""recall_defined"":true,""auroc_defined"":true}]",6d8aea8656d6b33a3c31bf9ada6e3851509c59ff20f9a25573dd607b1a5211d8
1,S_K_W,public_coverage,source_validation,3010,2,"[0,1]",False,3010.0,"[2283,727]","[2283.0,727.0]","[0.7584717607973422,0.2415282392026578]",True,True,"[true,true]",0.5105351619172948,1e-12,0.773421926910299,0.5440740452877889,0.5440740452877889,0.6836849845849444,0.6836849845849443,0.6836849845849443,"[{""class_index"":0,""support"":2283,""weighted_support"":2283.0,""prevalence"":0.7584717607973422,""predicted_support"":2909,""predicted_weight"":2909.0,""precision"":0.7751804743898247,""recall"":0.9877354358300482,""f1"":0.8686440677966102,""auroc"":0.6836849845849442,""recall_defined"":true,""auroc_defined"":true},{""class_index"":1,""support"":727,""weighted_support"":727.0,""prevalence"":0.2415282392026578,""predicted_support"":101,""predicted_weight"":101.0,""precision"":0.7227722772277227,""recall"":0.10041265474552957,""f1"":0.17632850241545894,""auroc"":0.6836849845849444,""recall_defined"":true,""auroc_defined"":true}]",e689d4c62be4b7f9637617ecf0b5d08841377c0d3f1bee4455676d531cd846a1
1,S_K_W,public_coverage,source_validation_person_weighted,3010,2,"[0,1]",True,345891.0,"[2283,727]","[261299.0,84592.0]","[0.7554374065818422,0.24456259341815775]",True,True,"[true,true]",0.5167972084740734,1e-12,0.7675192473929648,0.5336546626352686,0.5336546626352686,0.6739600834384993,0.6739600834384993,0.6739600834384993,"[{""class_index"":0,""support"":2283,""weighted_support"":261299.0,""prevalence"":0.7554374065818422,""predicted_support"":2909,""predicted_weight"":337232.0,""precision"":0.7681922237510083,""recall"":0.9914274451873142,""f1"":0.865649398276781,""auroc"":0.6739600834384993,""recall_defined"":true,""auroc_defined"":true},{""class_index"":1,""support"":727,""weighted_support"":84592.0,""prevalence"":0.24456259341815775,""predicted_support"":101,""predicted_weight"":8659.0,""precision"":0.7413096200485044,""recall"":0.075881880083223,""f1"":0.13767144588261787,""auroc"":0.6739600834384993,""recall_defined"":true,""auroc_defined"":true}]",e689d4c62be4b7f9637617ecf0b5d08841377c0d3f1bee4455676d531cd846a1
1,S_K_W,income_binary,development_evaluation,3015,2,"[0,1]",False,3015.0,"[2449,566]","[2449.0,566.0]","[0.8122719734660033,0.18772802653399667]",True,True,"[true,true]",0.34605347689076355,1e-12,0.861028192371476,0.6950644742860358,0.6950644742860358,0.8681822969496455,0.8681822969496455,0.8681822969496455,"[{""class_index"":0,""support"":2449,""weighted_support"":2449.0,""prevalence"":0.8122719734660033,""predicted_support"":2676,""predicted_weight"":2676.0,""precision"":0.8792974588938715,""recall"":0.9608003266639444,""f1"":0.9182439024390244,""auroc"":0.8681822969496455,""recall_defined"":true,""auroc_defined"":true},{""class_index"":1,""support"":566,""weighted_support"":566.0,""prevalence"":0.18772802653399667,""predicted_support"":339,""predicted_weight"":339.0,""precision"":0.7168141592920354,""recall"":0.4293286219081272,""f1"":0.5370165745856353,""auroc"":0.8681822969496455,""recall_defined"":true,""auroc_defined"":true}]",b2a33e47e071819e967f1b00d6f3408c6f911117b50fa94ca3a632965e569611
1,S_K_W,income_binary,development_evaluation_person_weighted,3015,2,"[0,1]",True,354273.0,"[2449,566]","[286491.0,67782.0]","[0.8086729725381274,0.19132702746187263]",True,True,"[true,true]",0.35903255074768026,1e-12,0.8531612626420868,0.6796205698750586,0.6796205698750586,0.8578602355288363,0.8578602355288363,0.8578602355288363,"[{""class_index"":0,""support"":2449,""weighted_support"":286491.0,""prevalence"":0.8086729725381274,""predicted_support"":2676,""predicted_weight"":316010.0,""precision"":0.8709850954083731,""recall"":0.9607282602245795,""f1"":0.9136582345921418,""auroc"":0.8578602355288363,""recall_defined"":true,""auroc_defined"":true},{""class_index"":1,""support"":566,""weighted_support"":67782.0,""prevalence"":0.19132702746187263,""predicted_support"":339,""predicted_weight"":38263.0,""precision"":0.7059561456237096,""recall"":0.39851287952553777,""f1"":0.509444103918148,""auroc"":0.8578602355288363,""recall_defined"":true,""auroc_defined"":true}]",b2a33e47e071819e967f1b00d6f3408c6f911117b50fa94ca3a632965e569611
1,S_K_W,civilian_at_work,development_evaluation,3015,2,"[0,1]",False,3015.0,"[962,2053]","[962.0,2053.0]","[0.31907131011608625,0.6809286898839138]",True,True,"[true,true]",0.37225312188222753,1e-12,0.8716417910447761,0.8212291125101647,0.8212291125101647,0.8792864860814205,0.8792864860814203,0.8792864860814203,"[{""class_index"":0,""support"":962,""weighted_support"":962.0,""prevalence"":0.31907131011608625,""predicted_support"":737,""predicted_weight"":737.0,""precision"":0.8900949796472184,""recall"":0.681912681912682,""f1"":0.772218952324897,""auroc"":0.8792864860814202,""recall_defined"":true,""auroc_defined"":true},{""class_index"":1,""support"":2053,""weighted_support"":2053.0,""prevalence"":0.6809286898839138,""predicted_support"":2278,""predicted_weight"":2278.0,""precision"":0.8656716417910447,""recall"":0.9605455431076474,""f1"":0.9106441930270145,""auroc"":0.8792864860814205,""recall_defined"":true,""auroc_defined"":true}]",017f2fa09a27d5cc48ceb9bcc9297b02bc4f3e8d5943d8e6eacc058d39e86c34
1,S_K_W,civilian_at_work,development_evaluation_person_weighted,3015,2,"[0,1]",True,354273.0,"[962,2053]","[108469.0,245804.0]","[0.30617348767758196,0.693826512322418]",True,True,"[true,true]",0.3579438863441397,1e-12,0.8848571581802734,0.8306317221834694,0.8306317221834694,0.8803794640811736,0.8803794640811737,0.8803794640811737,"[{""class_index"":0,""support"":962,""weighted_support"":108469.0,""prevalence"":0.30617348767758196,""predicted_support"":737,""predicted_weight"":82173.0,""precision"":0.9117958453506626,""recall"":0.6907503526353151,""f1"":0.7860282623975829,""auroc"":0.8803794640811737,""recall_defined"":true,""auroc_defined"":true},{""class_index"":1,""support"":2053,""weighted_support"":245804.0,""prevalence"":0.693826512322418,""predicted_support"":2278,""predicted_weight"":272100.0,""precision"":0.8767217934582874,""recall"":0.9705130917316236,""f1"":0.921236368130001,""auroc"":0.8803794640811736,""recall_defined"":true,""auroc_defined"":true}]",017f2fa09a27d5cc48ceb9bcc9297b02bc4f3e8d5943d8e6eacc058d39e86c34
1,S_K_W,public_coverage,development_evaluation,3015,2,"[0,1]",False,3015.0,"[2275,740]","[2275.0,740.0]","[0.7545605306799337,0.24543946932006633]",True,True,"[true,true]",0.5158993657267426,1e-12,0.766832504145937,0.54004455004455,0.54004455004455,0.6773332343332343,0.6773332343332343,0.6773332343332343,"[{""class_index"":0,""support"":2275,""weighted_support"":2275.0,""prevalence"":0.7545605306799337,""predicted_support"":2912,""predicted_weight"":2912.0,""precision"":0.7699175824175825,""recall"":0.9854945054945055,""f1"":0.8644688644688645,""auroc"":0.6773332343332343,""recall_defined"":true,""auroc_defined"":true},{""class_index"":1,""support"":740,""weighted_support"":740.0,""prevalence"":0.24543946932006633,""predicted_support"":103,""predicted_weight"":103.0,""precision"":0.6796116504854369,""recall"":0.0945945945945946,""f1"":0.166073546856465,""auroc"":0.6773332343332343,""recall_defined"":true,""auroc_defined"":true}]",70e18cc0a4b31f6960380e1040012de40d8feebd7c8b6273446bae2051a192be
1,S_K_W,public_coverage,development_evaluation_person_weighted,3015,2,"[0,1]",True,354273.0,"[2275,740]","[266128.0,88145.0]","[0.7511947001323838,0.2488052998676162]",True,True,"[true,true]",0.515996092332992,1e-12,0.7630838364763897,0.5379935448575435,0.5379935448575435,0.6843814082272499,0.6843814082272499,0.6843814082272499,"[{""class_index"":0,""support"":2275,""weighted_support"":266128.0,""prevalence"":0.7511947001323838,""predicted_support"":2912,""predicted_weight"":342627.0,""precision"":0.7658795132899625,""recall"":0.9860330367342031,""f1"":0.8621235143859188,""auroc"":0.6843814082272499,""recall_defined"":true,""auroc_defined"":true},{""class_index"":1,""support"":740,""weighted_support"":88145.0,""prevalence"":0.2488052998676162,""predicted_support"":103,""predicted_weight"":11646.0,""precision"":0.6808346213292118,""recall"":0.08995405298088377,""f1"":0.15891212634405907,""auroc"":0.6843814082272499,""recall_defined"":true,""auroc_defined"":true}]",70e18cc0a4b31f6960380e1040012de40d8feebd7c8b6273446bae2051a192be
1,S_K_C,income_binary,source_validation,3010,2,"[0,1]",False,3010.0,"[2444,566]","[2444.0,566.0]","[0.8119601328903654,0.18803986710963455]",True,True,"[true,true]",0.32227836603098653,1e-12,0.8601328903654485,0.6918999728187007,0.6918999728187007,0.8793681649153042,0.8793681649153042,0.8793681649153042,"[{""class_index"":0,""support"":2444,""weighted_support"":2444.0,""prevalence"":0.8119601328903654,""predicted_support"":2677,""predicted_weight"":2677.0,""precision"":0.8778483376914457,""recall"":0.9615384615384616,""f1"":0.9177894942394064,""auroc"":0.8793681649153043,""recall_defined"":true,""auroc_defined"":true},{""class_index"":1,""support"":566,""weighted_support"":566.0,""prevalence"":0.18803986710963455,""predicted_support"":333,""predicted_weight"":333.0,""precision"":0.7177177177177178,""recall"":0.42226148409893993,""f1"":0.5317018909899889,""auroc"":0.8793681649153042,""recall_defined"":true,""auroc_defined"":true}]",cf8c295d80c69ea2a342e355239b58580f1bd665636ce573206145009728b79b
1,S_K_C,income_binary,source_validation_person_weighted,3010,2,"[0,1]",True,345891.0,"[2444,566]","[285784.0,60107.0]","[0.8262256028633298,0.17377439713667023]",True,True,"[true,true]",0.3225354900086231,1e-12,0.8619160371330853,0.6613129579871955,0.6613129579871955,0.8661748671926875,0.8661748671926875,0.8661748671926875,"[{""class_index"":0,""support"":2444,""weighted_support"":285784.0,""prevalence"":0.8262256028633298,""predicted_support"":2677,""predicted_weight"":315698.0,""precision"":0.8769773644432337,""recall"":0.9687736192369062,""f1"":0.9205928024446285,""auroc"":0.8661748671926875,""recall_defined"":true,""auroc_defined"":true},{""class_index"":1,""support"":566,""weighted_support"":60107.0,""prevalence"":0.17377439713667023,""predicted_support"":333,""predicted_weight"":30193.0,""precision"":0.7044348027688537,""recall"":0.3538522967374848,""f1"":0.47107419712070875,""auroc"":0.8661748671926875,""recall_defined"":true,""auroc_defined"":true}]",cf8c295d80c69ea2a342e355239b58580f1bd665636ce573206145009728b79b
1,S_K_C,civilian_at_work,source_validation,3010,2,"[0,1]",False,3010.0,"[957,2053]","[957.0,2053.0]","[0.3179401993355482,0.6820598006644518]",True,True,"[true,true]",0.3670698967640812,1e-12,0.8694352159468438,0.8144741670700317,0.8144741670700317,0.859169571659284,0.859169571659284,0.859169571659284,"[{""class_index"":0,""support"":957,""weighted_support"":957.0,""prevalence"":0.3179401993355482,""predicted_support"":706,""predicted_weight"":706.0,""precision"":0.8994334277620396,""recall"":0.6635318704284221,""f1"":0.7636800962116657,""auroc"":0.859169571659284,""recall_defined"":true,""auroc_defined"":true},{""class_index"":1,""support"":2053,""weighted_support"":2053.0,""prevalence"":0.6820598006644518,""predicted_support"":2304,""predicted_weight"":2304.0,""precision"":0.8602430555555556,""recall"":0.9654164637116415,""f1"":0.9098003213220106,""auroc"":0.859169571659284,""recall_defined"":true,""auroc_defined"":true}]",aa57e763d99e115b12b6d54a5fb70070ad358d512e83e54c9978e8c9003b633d
1,S_K_C,civilian_at_work,source_validation_person_weighted,3010,2,"[0,1]",True,345891.0,"[957,2053]","[105087.0,240804.0]","[0.30381536379957846,0.6961846362004215]",True,True,"[true,true]",0.3665057345245567,1e-12,0.8761112604837941,0.8136949458084247,0.8136949458084247,0.8471432167975197,0.8471432167975197,0.8471432167975197,"[{""class_index"":0,""support"":957,""weighted_support"":105087.0,""prevalence"":0.30381536379957846,""predicted_support"":706,""predicted_weight"":75349.0,""precision"":0.912978274429654,""recall"":0.6546195057428607,""f1"":0.762508590303487,""auroc"":0.8471432167975196,""recall_defined"":true,""auroc_defined"":true},{""class_index"":1,""support"":2053,""weighted_support"":240804.0,""prevalence"":0.6961846362004215,""predicted_support"":2304,""predicted_weight"":270542.0,""precision"":0.8658433810646776,""recall"":0.9727703858739888,""f1"":0.916197643083157,""auroc"":0.8471432167975197,""recall_defined"":true,""auroc_defined"":true}]",aa57e763d99e115b12b6d54a5fb70070ad358d512e83e54c9978e8c9003b633d
1,S_K_C,public_coverage,source_validation,3010,2,"[0,1]",False,3010.0,"[2283,727]","[2283.0,727.0]","[0.7584717607973422,0.2415282392026578]",True,True,"[true,true]",0.4997793222749327,1e-12,0.7724252491694352,0.5518544760899442,0.5518544760899442,0.7084563193895915,0.7084563193895915,0.7084563193895915,"[{""class_index"":0,""support"":2283,""weighted_support"":2283.0,""prevalence"":0.7584717607973422,""predicted_support"":2870,""predicted_weight"":2870.0,""precision"":0.778397212543554,""recall"":0.9785370127025843,""f1"":0.8670677275373568,""auroc"":0.7084563193895915,""recall_defined"":true,""auroc_defined"":true},{""class_index"":1,""support"":727,""weighted_support"":727.0,""prevalence"":0.2415282392026578,""predicted_support"":140,""predicted_weight"":140.0,""precision"":0.65,""recall"":0.12517193947730398,""f1"":0.209919261822376,""auroc"":0.7084563193895915,""recall_defined"":true,""auroc_defined"":true}]",3449cc064e145156f385dbf58a4a8c5563c13fbb7973e5ed67aae2f9256c6aab
1,S_K_C,public_coverage,source_validation_person_weighted,3010,2,"[0,1]",True,345891.0,"[2283,727]","[261299.0,84592.0]","[0.7554374065818422,0.24456259341815775]",True,True,"[true,true]",0.5057363865927497,1e-12,0.7690977793582371,0.5475504655700499,0.5475504655700499,0.6960965517896682,0.6960965517896682,0.6960965517896682,"[{""class_index"":0,""support"":2283,""weighted_support"":261299.0,""prevalence"":0.7554374065818422,""predicted_support"":2870,""predicted_weight"":331348.0,""precision"":0.7737786254934389,""recall"":0.981213093046663,""f1"":0.865236810445341,""auroc"":0.6960965517896682,""recall_defined"":true,""auroc_defined"":true},{""class_index"":1,""support"":727,""weighted_support"":84592.0,""prevalence"":0.24456259341815775,""predicted_support"":140,""predicted_weight"":14543.0,""precision"":0.6624492883174036,""recall"":0.11388783809343674,""f1"":0.1943612245927271,""auroc"":0.6960965517896682,""recall_defined"":true,""auroc_defined"":true}]",3449cc064e145156f385dbf58a4a8c5563c13fbb7973e5ed67aae2f9256c6aab
1,S_K_C,income_binary,development_evaluation,3015,2,"[0,1]",False,3015.0,"[2449,566]","[2449.0,566.0]","[0.8122719734660033,0.18772802653399667]",True,True,"[true,true]",0.32232845023566553,1e-12,0.8623548922056384,0.6965603614080601,0.6965603614080601,0.8785016455840489,0.8785016455840489,0.8785016455840489,"[{""class_index"":0,""support"":2449,""weighted_support"":2449.0,""prevalence"":0.8122719734660033,""predicted_support"":2678,""predicted_weight"":2678.0,""precision"":0.8797610156833457,""recall"":0.9620253164556962,""f1"":0.9190559781548664,""auroc"":0.8785016455840489,""recall_defined"":true,""auroc_defined"":true},{""class_index"":1,""support"":566,""weighted_support"":566.0,""prevalence"":0.18772802653399667,""predicted_support"":337,""predicted_weight"":337.0,""precision"":0.7240356083086054,""recall"":0.43109540636042404,""f1"":0.540420819490587,""auroc"":0.8785016455840489,""recall_defined"":true,""auroc_defined"":true}]",e77fa13b36a86555a2574cdef2a8bda26da2dcef90541b9315bd7c632e5ef501
1,S_K_C,income_binary,development_evaluation_person_weighted,3015,2,"[0,1]",True,354273.0,"[2449,566]","[286491.0,67782.0]","[0.8086729725381274,0.19132702746187263]",True,True,"[true,true]",0.3343297302953594,1e-12,0.8562492766877521,0.6809498520014511,0.6809498520014511,0.8703545542164173,0.8703545542164173,0.8703545542164173,"[{""class_index"":0,""support"":2449,""weighted_support"":286491.0,""prevalence"":0.8086729725381274,""predicted_support"":2678,""predicted_weight"":317310.0,""precision"":0.871189058018972,""recall"":0.964906401946309,""f1"":0.9156559859953859,""auroc"":0.8703545542164173,""recall_defined"":true,""auroc_defined"":true},{""class_index"":1,""support"":566,""weighted_support"":67782.0,""prevalence"":0.19132702746187263,""predicted_support"":337,""predicted_weight"":36963.0,""precision"":0.7279982685388091,""recall"":0.3969933020565932,""f1"":0.5138001813929066,""auroc"":0.8703545542164173,""recall_defined"":true,""auroc_defined"":true}]",e77fa13b36a86555a2574cdef2a8bda26da2dcef90541b9315bd7c632e5ef501
1,S_K_C,civilian_at_work,development_evaluation,3015,2,"[0,1]",False,3015.0,"[962,2053]","[962.0,2053.0]","[0.31907131011608625,0.6809286898839138]",True,True,"[true,true]",0.3406009565380782,1e-12,0.8809286898839138,0.8299818327826121,0.8299818327826121,0.8862283074411667,0.8862283074411668,0.8862283074411668,"[{""class_index"":0,""support"":962,""weighted_support"":962.0,""prevalence"":0.31907131011608625,""predicted_support"":723,""predicted_weight"":723.0,""precision"":0.91701244813278,""recall"":0.6891891891891891,""f1"":0.7869436201780415,""auroc"":0.8862283074411668,""recall_defined"":true,""auroc_defined"":true},{""class_index"":1,""support"":2053,""weighted_support"":2053.0,""prevalence"":0.6809286898839138,""predicted_support"":2292,""predicted_weight"":2292.0,""precision"":0.8695462478184991,""recall"":0.9707744763760351,""f1"":0.9173762945914845,""auroc"":0.8862283074411667,""recall_defined"":true,""auroc_defined"":true}]",e08b997155ee6a4af8edc15e09d1b9f3f9bde51a528c488d667d30d4b0b60a4e
1,S_K_C,civilian_at_work,development_evaluation_person_weighted,3015,2,"[0,1]",True,354273.0,"[962,2053]","[108469.0,245804.0]","[0.30617348767758196,0.693826512322418]",True,True,"[true,true]",0.32409444129027193,1e-12,0.8917388567573594,0.8399177491764626,0.8399177491764626,0.8873938588687328,0.8873938588687329,0.8873938588687329,"[{""class_index"":0,""support"":962,""weighted_support"":108469.0,""prevalence"":0.30617348767758196,""predicted_support"":723,""predicted_weight"":83095.0,""precision"":0.9218966243456285,""recall"":0.7062386488305414,""f1"":0.7997849282746237,""auroc"":0.8873938588687329,""recall_defined"":true,""auroc_defined"":true},{""class_index"":1,""support"":2053,""weighted_support"":245804.0,""prevalence"":0.693826512322418,""predicted_support"":2292,""predicted_weight"":271178.0,""precision"":0.8824978427453555,""recall"":0.9735968495223837,""f1"":0.9258117303890657,""auroc"":0.8873938588687328,""recall_defined"":true,""auroc_defined"":true}]",e08b997155ee6a4af8edc15e09d1b9f3f9bde51a528c488d667d30d4b0b60a4e
1,S_K_C,public_coverage,development_evaluation,3015,2,"[0,1]",False,3015.0,"[2275,740]","[2275.0,740.0]","[0.7545605306799337,0.24543946932006633]",True,True,"[true,true]",0.5097242611204953,1e-12,0.7688225538971808,0.5500252450252451,0.5500252450252451,0.6894781704781705,0.6894781704781705,0.6894781704781705,"[{""class_index"":0,""support"":2275,""weighted_support"":2275.0,""prevalence"":0.7545605306799337,""predicted_support"":2880,""predicted_weight"":2880.0,""precision"":0.7739583333333333,""recall"":0.9797802197802198,""f1"":0.8647914645974781,""auroc"":0.6894781704781705,""recall_defined"":true,""auroc_defined"":true},{""class_index"":1,""support"":740,""weighted_support"":740.0,""prevalence"":0.24543946932006633,""predicted_support"":135,""predicted_weight"":135.0,""precision"":0.6592592592592592,""recall"":0.12027027027027028,""f1"":0.20342857142857143,""auroc"":0.6894781704781705,""recall_defined"":true,""auroc_defined"":true}]",6e4916cd9c4deab08c506c6b1560ec5c715cb30a8395e32c5deb33e70891c9e0
1,S_K_C,public_coverage,development_evaluation_person_weighted,3015,2,"[0,1]",True,354273.0,"[2275,740]","[266128.0,88145.0]","[0.7511947001323838,0.2488052998676162]",True,True,"[true,true]",0.5108012619943048,1e-12,0.7677779565476341,0.5521272299274781,0.5521272299274781,0.6941963245505196,0.6941963245505197,0.6941963245505197,"[{""class_index"":0,""support"":2275,""weighted_support"":266128.0,""prevalence"":0.7511947001323838,""predicted_support"":2880,""predicted_weight"":338486.0,""precision"":0.7715887806290364,""recall"":0.9813773823122708,""f1"":0.8639297138339502,""auroc"":0.6941963245505198,""recall_defined"":true,""auroc_defined"":true},{""class_index"":1,""support"":740,""weighted_support"":88145.0,""prevalence"":0.2488052998676162,""predicted_support"":135,""predicted_weight"":15787.0,""precision"":0.6860708177614493,""recall"":0.12287707754268534,""f1"":0.20842473925258823,""auroc"":0.6941963245505196,""recall_defined"":true,""auroc_defined"":true}]",6e4916cd9c4deab08c506c6b1560ec5c715cb30a8395e32c5deb33e70891c9e0
1,S_K_D,income_binary,source_validation,3010,2,"[0,1]",False,3010.0,"[2444,566]","[2444.0,566.0]","[0.8119601328903654,0.18803986710963455]",True,True,"[true,true]",0.32313033559529475,1e-12,0.858139534883721,0.6859208098870531,0.6859208098870531,0.8790667127399328,0.8790667127399328,0.8790667127399328,"[{""class_index"":0,""support"":2444,""weighted_support"":2444.0,""prevalence"":0.8119601328903654,""predicted_support"":2685,""predicted_weight"":2685.0,""precision"":0.8756052141527002,""recall"":0.9619476268412439,""f1"":0.9167479040748684,""auroc"":0.8790667127399329,""recall_defined"":true,""auroc_defined"":true},{""class_index"":1,""support"":566,""weighted_support"":566.0,""prevalence"":0.18803986710963455,""predicted_support"":325,""predicted_weight"":325.0,""precision"":0.7138461538461538,""recall"":0.4098939929328622,""f1"":0.5207631874298541,""auroc"":0.8790667127399328,""recall_defined"":true,""auroc_defined"":true}]",66bb06a820cef8e2f0408019351bee6b2b0c02729a800293e5673f607c03a921
1,S_K_D,income_binary,source_validation_person_weighted,3010,2,"[0,1]",True,345891.0,"[2444,566]","[285784.0,60107.0]","[0.8262256028633298,0.17377439713667023]",True,True,"[true,true]",0.3232757482282833,1e-12,0.8609128309207236,0.6573294283754283,0.6573294283754283,0.8657116608512335,0.8657116608512336,0.8657116608512336,"[{""class_index"":0,""support"":2444,""weighted_support"":285784.0,""prevalence"":0.8262256028633298,""predicted_support"":2685,""predicted_weight"":316379.0,""precision"":0.8756175346657016,""recall"":0.9693579766536965,""f1"":0.9201063499417932,""auroc"":0.8657116608512336,""recall_defined"":true,""auroc_defined"":true},{""class_index"":1,""support"":566,""weighted_support"":60107.0,""prevalence"":0.17377439713667023,""predicted_support"":325,""predicted_weight"":29512.0,""precision"":0.7032732447817837,""recall"":0.3453008800971601,""f1"":0.4631830303841819,""auroc"":0.8657116608512335,""recall_defined"":true,""auroc_defined"":true}]",66bb06a820cef8e2f0408019351bee6b2b0c02729a800293e5673f607c03a921
1,S_K_D,civilian_at_work,source_validation,3010,2,"[0,1]",False,3010.0,"[957,2053]","[957.0,2053.0]","[0.3179401993355482,0.6820598006644518]",True,True,"[true,true]",0.3665945212157444,1e-12,0.8697674418604651,0.8163912331572778,0.8163912331572778,0.8595566495191939,0.8595566495191937,0.8595566495191937,"[{""class_index"":0,""support"":957,""weighted_support"":957.0,""prevalence"":0.3179401993355482,""predicted_support"":717,""predicted_weight"":717.0,""precision"":0.8940027894002789,""recall"":0.6698014629049112,""f1"":0.7658303464755077,""auroc"":0.8595566495191937,""recall_defined"":true,""auroc_defined"":true},{""class_index"":1,""support"":2053,""weighted_support"":2053.0,""prevalence"":0.6820598006644518,""predicted_support"":2293,""predicted_weight"":2293.0,""precision"":0.8621892716964675,""recall"":0.9629810034096444,""f1"":0.9098021168890934,""auroc"":0.8595566495191939,""recall_defined"":true,""auroc_defined"":true}]",46f2395f6b4adfc93f815898cf25ce97e840fcfb1a799c2395bc323c1f6cf501
1,S_K_D,civilian_at_work,source_validation_person_weighted,3010,2,"[0,1]",True,345891.0,"[957,2053]","[105087.0,240804.0]","[0.30381536379957846,0.6961846362004215]",True,True,"[true,true]",0.3662589111995248,1e-12,0.8761314980730924,0.8158735195306539,0.8158735195306539,0.8470526311232255,0.8470526311232255,0.8470526311232255,"[{""class_index"":0,""support"":957,""weighted_support"":105087.0,""prevalence"":0.30381536379957846,""predicted_support"":717,""predicted_weight"":76956.0,""precision"":0.9043999168355944,""recall"":0.6622988571374194,""f1"":0.7646435182896348,""auroc"":0.8470526311232255,""recall_defined"":true,""auroc_defined"":true},{""class_index"":1,""support"":2053,""weighted_support"":240804.0,""prevalence"":0.6961846362004215,""predicted_support"":2293,""predicted_weight"":268935.0,""precision"":0.8680424637923662,""recall"":0.9694481819238883,""f1"":0.9159471808121411,""auroc"":0.8470526311232255,""recall_defined"":true,""auroc_defined"":true}]",46f2395f6b4adfc93f815898cf25ce97e840fcfb1a799c2395bc323c1f6cf501
1,S_K_D,public_coverage,source_validation,3010,2,"[0,1]",False,3010.0,"[2283,727]","[2283.0,727.0]","[0.7584717607973422,0.2415282392026578]",True,True,"[true,true]",0.5009981756123713,1e-12,0.7727574750830565,0.5525422339991601,0.5525422339991601,0.7068747473250345,0.7068747473250345,0.7068747473250345,"[{""class_index"":0,""support"":2283,""weighted_support"":2283.0,""prevalence"":0.7584717607973422,""predicted_support"":2869,""predicted_weight"":2869.0,""precision"":0.7786685256186825,""recall"":0.9785370127025843,""f1"":0.8672360248447205,""auroc"":0.7068747473250344,""recall_defined"":true,""auroc_defined"":true},{""class_index"":1,""support"":727,""weighted_support"":727.0,""prevalence"":0.2415282392026578,""predicted_support"":141,""predicted_weight"":141.0,""precision"":0.6524822695035462,""recall"":0.1265474552957359,""f1"":0.2119815668202765,""auroc"":0.7068747473250345,""recall_defined"":true,""auroc_defined"":true}]",5dcbef5ce9c6af9d9a70f6160adb7997de7be55db07b803db201f612821c9c79
1,S_K_D,public_coverage,source_validation_person_weighted,3010,2,"[0,1]",True,345891.0,"[2283,727]","[261299.0,84592.0]","[0.7554374065818422,0.24456259341815775]",True,True,"[true,true]",0.5068618637697302,1e-12,0.7698696988357604,0.5486049947785533,0.5486049947785533,0.6946161290756533,0.6946161290756534,0.6946161290756534,"[{""class_index"":0,""support"":2283,""weighted_support"":261299.0,""prevalence"":0.7554374065818422,""predicted_support"":2869,""predicted_weight"":331343.0,""precision"":0.7741856625913328,""recall"":0.9817144344218692,""f1"":0.8656861984132073,""auroc"":0.6946161290756534,""recall_defined"":true,""auroc_defined"":true},{""class_index"":1,""support"":727,""weighted_support"":84592.0,""prevalence"":0.24456259341815775,""predicted_support"":141,""predicted_weight"":14548.0,""precision"":0.6715699752543305,""recall"":0.11549555513523738,""f1"":0.19709501714746822,""auroc"":0.6946161290756533,""recall_defined"":true,""auroc_defined"":true}]",5dcbef5ce9c6af9d9a70f6160adb7997de7be55db07b803db201f612821c9c79
1,S_K_D,income_binary,development_evaluation,3015,2,"[0,1]",False,3015.0,"[2449,566]","[2449.0,566.0]","[0.8122719734660033,0.18772802653399667]",True,True,"[true,true]",0.3225553527658647,1e-12,0.8626865671641791,0.6926891628082134,0.6926891628082134,0.8790059258340103,0.8790059258340103,0.8790059258340103,"[{""class_index"":0,""support"":2449,""weighted_support"":2449.0,""prevalence"":0.8122719734660033,""predicted_support"":2691,""predicted_weight"":2691.0,""precision"":0.8781122259383128,""recall"":0.9648836259697836,""f1"":0.9194552529182879,""auroc"":0.8790059258340103,""recall_defined"":true,""auroc_defined"":true},{""class_index"":1,""support"":566,""weighted_support"":566.0,""prevalence"":0.18772802653399667,""predicted_support"":324,""predicted_weight"":324.0,""precision"":0.7345679012345679,""recall"":0.4204946996466431,""f1"":0.5348314606741573,""auroc"":0.8790059258340103,""recall_defined"":true,""auroc_defined"":true}]",e00d897ed3c98d064588d2b5a7a3f04d9065b7c19f510ad2b5f0d4ff057678ba
1,S_K_D,income_binary,development_evaluation_person_weighted,3015,2,"[0,1]",True,354273.0,"[2449,566]","[286491.0,67782.0]","[0.8086729725381274,0.19132702746187263]",True,True,"[true,true]",0.33489997950281936,1e-12,0.8566726789792053,0.6778103145140257,0.6778103145140257,0.8707067041009335,0.8707067041009335,0.8707067041009335,"[{""class_index"":0,""support"":2449,""weighted_support"":286491.0,""prevalence"":0.8086729725381274,""predicted_support"":2691,""predicted_weight"":318668.0,""precision"":0.8698425948008586,""recall"":0.9675382472747835,""f1"":0.9160931259388029,""auroc"":0.8707067041009336,""recall_defined"":true,""auroc_defined"":true},{""class_index"":1,""support"":566,""weighted_support"":67782.0,""prevalence"":0.19132702746187263,""predicted_support"":324,""predicted_weight"":35605.0,""precision"":0.7388007302345176,""recall"":0.3880823817532678,""f1"":0.5088647508874423,""auroc"":0.8707067041009335,""recall_defined"":true,""auroc_defined"":true}]",e00d897ed3c98d064588d2b5a7a3f04d9065b7c19f510ad2b5f0d4ff057678ba
1,S_K_D,civilian_at_work,development_evaluation,3015,2,"[0,1]",False,3015.0,"[962,2053]","[962.0,2053.0]","[0.31907131011608625,0.6809286898839138]",True,True,"[true,true]",0.34055595886276,1e-12,0.876285240464345,0.8265721883598163,0.8265721883598163,0.8861857754941047,0.8861857754941047,0.8861857754941047,"[{""class_index"":0,""support"":962,""weighted_support"":962.0,""prevalence"":0.31907131011608625,""predicted_support"":737,""predicted_weight"":737.0,""precision"":0.8995929443690638,""recall"":0.6891891891891891,""f1"":0.7804590935844614,""auroc"":0.8861857754941047,""recall_defined"":true,""auroc_defined"":true},{""class_index"":1,""support"":2053,""weighted_support"":2053.0,""prevalence"":0.6809286898839138,""predicted_support"":2278,""predicted_weight"":2278.0,""precision"":0.8687445127304653,""recall"":0.9639551875304433,""f1"":0.9138767028399908,""auroc"":0.8861857754941047,""recall_defined"":true,""auroc_defined"":true}]",363e8f4cf856945fb510ced4338077e84c62687be30227cacc9336075319c92d
1,S_K_D,civilian_at_work,development_evaluation_person_weighted,3015,2,"[0,1]",True,354273.0,"[962,2053]","[108469.0,245804.0]","[0.30617348767758196,0.693826512322418]",True,True,"[true,true]",0.3240429452411232,1e-12,0.8881851001910955,0.8373335863901357,0.8373335863901357,0.887427876763841,0.887427876763841,0.887427876763841,"[{""class_index"":0,""support"":962,""weighted_support"":108469.0,""prevalence"":0.30617348767758196,""predicted_support"":737,""predicted_weight"":84336.0,""precision"":0.9082242458736483,""recall"":0.7061556758152099,""f1"":0.7945437099660279,""auroc"":0.887427876763841,""recall_defined"":true,""auroc_defined"":true},{""class_index"":1,""support"":2053,""weighted_support"":245804.0,""prevalence"":0.693826512322418,""predicted_support"":2278,""predicted_weight"":269937.0,""precision"":0.8819243008553848,""recall"":0.9685114969650616,""f1"":0.9231920673361241,""auroc"":0.887427876763841,""recall_defined"":true,""auroc_defined"":true}]",363e8f4cf856945fb510ced4338077e84c62687be30227cacc9336075319c92d
1,S_K_D,public_coverage,development_evaluation,3015,2,"[0,1]",False,3015.0,"[2275,740]","[2275.0,740.0]","[0.7545605306799337,0.24543946932006633]",True,True,"[true,true]",0.5104832850377676,1e-12,0.7694859038142621,0.5504648054648055,0.5504648054648055,0.6885550935550935,0.6885550935550935,0.6885550935550935,"[{""class_index"":0,""support"":2275,""weighted_support"":2275.0,""prevalence"":0.7545605306799337,""predicted_support"":2882,""predicted_weight"":2882.0,""precision"":0.7741151977793199,""recall"":0.9806593406593407,""f1"":0.8652317238704673,""auroc"":0.6885550935550936,""recall_defined"":true,""auroc_defined"":true},{""class_index"":1,""support"":740,""weighted_support"":740.0,""prevalence"":0.24543946932006633,""predicted_support"":133,""predicted_weight"":133.0,""precision"":0.6691729323308271,""recall"":0.12027027027027028,""f1"":0.20389461626575028,""auroc"":0.6885550935550935,""recall_defined"":true,""auroc_defined"":true}]",ae5e486feb739825e20c73cd2a35198380f484c8a4a3d88654e8c7fa9749d20f
1,S_K_D,public_coverage,development_evaluation_person_weighted,3015,2,"[0,1]",True,354273.0,"[2275,740]","[266128.0,88145.0]","[0.7511947001323838,0.2488052998676162]",True,True,"[true,true]",0.5116984551591237,1e-12,0.7675126244449901,0.5515902239305404,0.5515902239305404,0.6928298435430187,0.6928298435430187,0.6928298435430187,"[{""class_index"":0,""support"":2275,""weighted_support"":266128.0,""prevalence"":0.7511947001323838,""predicted_support"":2882,""predicted_weight"":338582.0,""precision"":0.7713729613505739,""recall"":0.9813811399026032,""f1"":0.8637958690942766,""auroc"":0.6928298435430187,""recall_defined"":true,""auroc_defined"":true},{""class_index"":1,""support"":740,""weighted_support"":88145.0,""prevalence"":0.2488052998676162,""predicted_support"":133,""predicted_weight"":15691.0,""precision"":0.6842138805684788,""recall"":0.12179930795847752,""f1"":0.20678762664201242,""auroc"":0.6928298435430187,""recall_defined"":true,""auroc_defined"":true}]",ae5e486feb739825e20c73cd2a35198380f484c8a4a3d88654e8c7fa9749d20f
1,S_bank,income_binary,source_validation,3010,2,"[0,1]",False,3010.0,"[2444,566]","[2444.0,566.0]","[0.8119601328903654,0.18803986710963455]",True,True,"[true,true]",0.3127085849466251,1e-12,0.8604651162790697,0.7192569384603819,0.7192569384603819,0.8862603592558107,0.8862603592558107,0.8862603592558107,"[{""class_index"":0,""support"":2444,""weighted_support"":2444.0,""prevalence"":0.8119601328903654,""predicted_support"":2598,""predicted_weight"":2598.0,""precision"":0.8895304080061586,""recall"":0.9455810147299509,""f1"":0.9166997223324078,""auroc"":0.8862603592558107,""recall_defined"":true,""auroc_defined"":true},{""class_index"":1,""support"":566,""weighted_support"":566.0,""prevalence"":0.18803986710963455,""predicted_support"":412,""predicted_weight"":412.0,""precision"":0.6771844660194175,""recall"":0.4929328621908127,""f1"":0.5705521472392638,""auroc"":0.8862603592558107,""recall_defined"":true,""auroc_defined"":true}]",c372d7e5f08ee1ec58e990e9559a87ad27cbc80ba90b6dbbcc6b8817c0c09f25
1,S_bank,income_binary,source_validation_person_weighted,3010,2,"[0,1]",True,345891.0,"[2444,566]","[285784.0,60107.0]","[0.8262256028633298,0.17377439713667023]",True,True,"[true,true]",0.30997694048594177,1e-12,0.8638877565475829,0.6933275656336706,0.6933275656336706,0.8765080196602858,0.8765080196602858,0.8765080196602858,"[{""class_index"":0,""support"":2444,""weighted_support"":285784.0,""prevalence"":0.8262256028633298,""predicted_support"":2598,""predicted_weight"":306996.0,""precision"":0.8887737950983075,""recall"":0.9547420429415223,""f1"":0.9205776173285198,""auroc"":0.8765080196602858,""recall_defined"":true,""auroc_defined"":true},{""class_index"":1,""support"":566,""weighted_support"":60107.0,""prevalence"":0.17377439713667023,""predicted_support"":412,""predicted_weight"":38895.0,""precision"":0.6674636842781848,""recall"":0.431913088325819,""f1"":0.5244540514333044,""auroc"":0.8765080196602858,""recall_defined"":true,""auroc_defined"":true}]",c372d7e5f08ee1ec58e990e9559a87ad27cbc80ba90b6dbbcc6b8817c0c09f25
1,S_bank,civilian_at_work,source_validation,3010,2,"[0,1]",False,3010.0,"[957,2053]","[957.0,2053.0]","[0.3179401993355482,0.6820598006644518]",True,True,"[true,true]",0.3681889497722116,1e-12,0.867109634551495,0.8108169047920799,0.8108169047920799,0.8573621903567987,0.8573621903567987,0.8573621903567987,"[{""class_index"":0,""support"":957,""weighted_support"":957.0,""prevalence"":0.3179401993355482,""predicted_support"":699,""predicted_weight"":699.0,""precision"":0.8984263233190272,""recall"":0.6562173458725182,""f1"":0.7584541062801933,""auroc"":0.8573621903567987,""recall_defined"":true,""auroc_defined"":true},{""class_index"":1,""support"":2053,""weighted_support"":2053.0,""prevalence"":0.6820598006644518,""predicted_support"":2311,""predicted_weight"":2311.0,""precision"":0.8576373864128083,""recall"":0.9654164637116415,""f1"":0.9083409715857012,""auroc"":0.8573621903567987,""recall_defined"":true,""auroc_defined"":true}]",f964322d71a59741e72c144e25781aaa3f1a0e81222723dc6b2efb6e68fed640
1,S_bank,civilian_at_work,source_validation_person_weighted,3010,2,"[0,1]",True,345891.0,"[957,2053]","[105087.0,240804.0]","[0.30381536379957846,0.6961846362004215]",True,True,"[true,true]",0.3634286627393601,1e-12,0.8746194610440862,0.8102181533062486,0.8102181533062486,0.8495011830364094,0.8495011830364094,0.8495011830364094,"[{""class_index"":0,""support"":957,""weighted_support"":105087.0,""prevalence"":0.30381536379957846,""predicted_support"":699,""predicted_weight"":74071.0,""precision"":0.9166205397523998,""recall"":0.646083721107273,""f1"":0.7579343372888735,""auroc"":0.8495011830364093,""recall_defined"":true,""auroc_defined"":true},{""class_index"":1,""support"":2053,""weighted_support"":240804.0,""prevalence"":0.6961846362004215,""predicted_support"":2311,""predicted_weight"":271820.0,""precision"":0.8631741593701714,""recall"":0.9743525855052242,""f1"":0.9153999812728237,""auroc"":0.8495011830364094,""recall_defined"":true,""auroc_defined"":true}]",f964322d71a59741e72c144e25781aaa3f1a0e81222723dc6b2efb6e68fed640
1,S_bank,public_coverage,source_validation,3010,2,"[0,1]",False,3010.0,"[2283,727]","[2283.0,727.0]","[0.7584717607973422,0.2415282392026578]",True,True,"[true,true]",0.49626811481786026,1e-12,0.7714285714285715,0.5704161070914077,0.5704161070914077,0.7166907366872302,0.7166907366872302,0.7166907366872302,"[{""class_index"":0,""support"":2283,""weighted_support"":2283.0,""prevalence"":0.7584717607973422,""predicted_support"":2785,""predicted_weight"":2785.0,""precision"":0.7863554757630161,""recall"":0.9592641261498029,""f1"":0.8642462509865825,""auroc"":0.7166907366872302,""recall_defined"":true,""auroc_defined"":true},{""class_index"":1,""support"":727,""weighted_support"":727.0,""prevalence"":0.2415282392026578,""predicted_support"":225,""predicted_weight"":225.0,""precision"":0.5866666666666667,""recall"":0.1815680880330124,""f1"":0.2773109243697479,""auroc"":0.7166907366872302,""recall_defined"":true,""auroc_defined"":true}]",9016a7f85e915dd5ba475a8b0761a18831ff3016b5eeb66ebf74480330f54efa
1,S_bank,public_coverage,source_validation_person_weighted,3010,2,"[0,1]",True,345891.0,"[2283,727]","[261299.0,84592.0]","[0.7554374065818422,0.24456259341815775]",True,True,"[true,true]",0.5037576964562928,1e-12,0.7718443093344435,0.5669080539058653,0.5669080539058653,0.703606458701167,0.703606458701167,0.703606458701167,"[{""class_index"":0,""support"":2283,""weighted_support"":261299.0,""prevalence"":0.7554374065818422,""predicted_support"":2785,""predicted_weight"":323522.0,""precision"":0.7818695482841971,""recall"":0.9680557522225497,""f1"":0.8650578553095734,""auroc"":0.703606458701167,""recall_defined"":true,""auroc_defined"":true},{""class_index"":1,""support"":727,""weighted_support"":84592.0,""prevalence"":0.24456259341815775,""predicted_support"":225,""predicted_weight"":22369.0,""precision"":0.6268496580088515,""recall"":0.165760355589181,""f1"":0.26218902216695805,""auroc"":0.703606458701167,""recall_defined"":true,""auroc_defined"":true}]",9016a7f85e915dd5ba475a8b0761a18831ff3016b5eeb66ebf74480330f54efa
1,S_bank,income_binary,development_evaluation,3015,2,"[0,1]",False,3015.0,"[2449,566]","[2449.0,566.0]","[0.8122719734660033,0.18772802653399667]",True,True,"[true,true]",0.3111985692818881,1e-12,0.8716417910447761,0.738276025261627,0.738276025261627,0.8877727550150274,0.8877727550150274,0.8877727550150274,"[{""class_index"":0,""support"":2449,""weighted_support"":2449.0,""prevalence"":0.8122719734660033,""predicted_support"":2600,""predicted_weight"":2600.0,""precision"":0.8965384615384615,""recall"":0.9518170681910985,""f1"":0.9233511586452763,""auroc"":0.8877727550150274,""recall_defined"":true,""auroc_defined"":true},{""class_index"":1,""support"":566,""weighted_support"":566.0,""prevalence"":0.18772802653399667,""predicted_support"":415,""predicted_weight"":415.0,""precision"":0.7156626506024096,""recall"":0.5247349823321554,""f1"":0.6055045871559633,""auroc"":0.8877727550150274,""recall_defined"":true,""auroc_defined"":true}]",860f9ba66ddd2948884bdb95b696294680b79a6ec2ba1dca74f63affe854e341
1,S_bank,income_binary,development_evaluation_person_weighted,3015,2,"[0,1]",True,354273.0,"[2449,566]","[286491.0,67782.0]","[0.8086729725381274,0.19132702746187263]",True,True,"[true,true]",0.32142084976549845,1e-12,0.8686860133287041,0.7258400411125535,0.7258400411125535,0.8796908840937993,0.8796908840937993,0.8796908840937993,"[{""class_index"":0,""support"":2449,""weighted_support"":286491.0,""prevalence"":0.8086729725381274,""predicted_support"":2600,""predicted_weight"":308504.0,""precision"":0.8889252651505329,""recall"":0.9572272776457201,""f1"":0.9218127883427591,""auroc"":0.8796908840937993,""recall_defined"":true,""auroc_defined"":true},{""class_index"":1,""support"":566,""weighted_support"":67782.0,""prevalence"":0.19132702746187263,""predicted_support"":415,""predicted_weight"":45769.0,""precision"":0.7322641962900653,""recall"":0.49445280457938684,""f1"":0.5903074389481379,""auroc"":0.8796908840937993,""recall_defined"":true,""auroc_defined"":true}]",860f9ba66ddd2948884bdb95b696294680b79a6ec2ba1dca74f63affe854e341
1,S_bank,civilian_at_work,development_evaluation,3015,2,"[0,1]",False,3015.0,"[962,2053]","[962.0,2053.0]","[0.31907131011608625,0.6809286898839138]",True,True,"[true,true]",0.33433659571652624,1e-12,0.8819237147595357,0.8337507202582701,0.8337507202582701,0.8843847500691143,0.8843847500691144,0.8843847500691144,"[{""class_index"":0,""support"":962,""weighted_support"":962.0,""prevalence"":0.31907131011608625,""predicted_support"":742,""predicted_weight"":742.0,""precision"":0.9083557951482479,""recall"":0.7006237006237006,""f1"":0.7910798122065728,""auroc"":0.8843847500691144,""recall_defined"":true,""auroc_defined"":true},{""class_index"":1,""support"":2053,""weighted_support"":2053.0,""prevalence"":0.6809286898839138,""predicted_support"":2273,""predicted_weight"":2273.0,""precision"":0.873295204575451,""recall"":0.9668777398928398,""f1"":0.917706888580675,""auroc"":0.8843847500691143,""recall_defined"":true,""auroc_defined"":true}]",bd12e821351f4bbb44b9f3e18b986d7909b967cfe7f3c9bde4190893da034e50
1,S_bank,civilian_at_work,development_evaluation_person_weighted,3015,2,"[0,1]",True,354273.0,"[962,2053]","[108469.0,245804.0]","[0.30617348767758196,0.693826512322418]",True,True,"[true,true]",0.3114446894227488,1e-12,0.8955607681082103,0.8456028620511555,0.8456028620511555,0.8892883225956534,0.8892883225956534,0.8892883225956534,"[{""class_index"":0,""support"":962,""weighted_support"":108469.0,""prevalence"":0.30617348767758196,""predicted_support"":742,""predicted_weight"":84017.0,""precision"":0.9253246366806718,""recall"":0.7167301256580221,""f1"":0.8077782280269734,""auroc"":0.8892883225956535,""recall_defined"":true,""auroc_defined"":true},{""class_index"":1,""support"":2053,""weighted_support"":245804.0,""prevalence"":0.693826512322418,""predicted_support"":2273,""predicted_weight"":270256.0,""precision"":0.8863077970516843,""recall"":0.974475598444289,""f1"":0.9283029105142813,""auroc"":0.8892883225956534,""recall_defined"":true,""auroc_defined"":true}]",bd12e821351f4bbb44b9f3e18b986d7909b967cfe7f3c9bde4190893da034e50
1,S_bank,public_coverage,development_evaluation,3015,2,"[0,1]",False,3015.0,"[2275,740]","[2275.0,740.0]","[0.7545605306799337,0.24543946932006633]",True,True,"[true,true]",0.5052495846142807,1e-12,0.7625207296849088,0.5586144936144936,0.5586144936144936,0.70495247995248,0.70495247995248,0.70495247995248,"[{""class_index"":0,""support"":2275,""weighted_support"":2275.0,""prevalence"":0.7545605306799337,""predicted_support"":2805,""predicted_weight"":2805.0,""precision"":0.7778966131907309,""recall"":0.9591208791208791,""f1"":0.8590551181102363,""auroc"":0.70495247995248,""recall_defined"":true,""auroc_defined"":true},{""class_index"":1,""support"":740,""weighted_support"":740.0,""prevalence"":0.24543946932006633,""predicted_support"":210,""predicted_weight"":210.0,""precision"":0.5571428571428572,""recall"":0.1581081081081081,""f1"":0.2463157894736842,""auroc"":0.70495247995248,""recall_defined"":true,""auroc_defined"":true}]",815bd911aa0950855502174d40bd6621fedc1ba7162b314b3bcdc910181c5f85
1,S_bank,public_coverage,development_evaluation_person_weighted,3015,2,"[0,1]",True,354273.0,"[2275,740]","[266128.0,88145.0]","[0.7511947001323838,0.2488052998676162]",True,True,"[true,true]",0.5107638546296274,1e-12,0.7626604341849365,0.5642788409187615,0.5642788409187615,0.6992175727529597,0.6992175727529597,0.6992175727529597,"[{""class_index"":0,""support"":2275,""weighted_support"":266128.0,""prevalence"":0.7511947001323838,""predicted_support"":2805,""predicted_weight"":328471.0,""precision"":0.7771096991819674,""recall"":0.9591549930860338,""f1"":0.8585887295471402,""auroc"":0.6992175727529596,""recall_defined"":true,""auroc_defined"":true},{""class_index"":1,""support"":740,""weighted_support"":88145.0,""prevalence"":0.2488052998676162,""predicted_support"":210,""predicted_weight"":25802.0,""precision"":0.5787148283078831,""recall"":0.16940268875148903,""f1"":0.26208675963386485,""auroc"":0.6992175727529597,""recall_defined"":true,""auroc_defined"":true}]",815bd911aa0950855502174d40bd6621fedc1ba7162b314b3bcdc910181c5f85
2,S_F_I,income_binary,source_validation,2979,2,"[0,1]",False,2979.0,"[2393,586]","[2393.0,586.0]","[0.8032896945283652,0.1967103054716348]",True,True,"[true,true]",0.711269359370762,1e-12,0.46055723397113124,0.5508322767343318,0.5508322767343318,0.5558012633548647,0.5558012633548647,0.5558012633548647,"[{""class_index"":0,""support"":2393,""weighted_support"":2393.0,""prevalence"":0.8032896945283652,""predicted_support"":1138,""predicted_weight"":1138.0,""precision"":0.8453427065026362,""recall"":0.4020058503969912,""f1"":0.5448881336731805,""auroc"":0.5558012633548647,""recall_defined"":true,""auroc_defined"":true},{""class_index"":1,""support"":586,""weighted_support"":586.0,""prevalence"":0.1967103054716348,""predicted_support"":1841,""predicted_weight"":1841.0,""precision"":0.22270505160239001,""recall"":0.6996587030716723,""f1"":0.33786567779151216,""auroc"":0.5558012633548647,""recall_defined"":true,""auroc_defined"":true}]",b1fa57efccde08cc17fd33daf9735eb3f350f905ab63544af7b6a26721f0806e
2,S_F_I,income_binary,source_validation_person_weighted,2979,2,"[0,1]",True,345880.0,"[2393,586]","[279947.0,65933.0]","[0.8093760841910489,0.19062391580895108]",True,True,"[true,true]",0.7150066480380246,1e-12,0.43212964033768936,0.5335169322434659,0.5335169322434659,0.5334616665558345,0.5334616665558345,0.5334616665558345,"[{""class_index"":0,""support"":2393,""weighted_support"":279947.0,""prevalence"":0.8093760841910489,""predicted_support"":1138,""predicted_weight"":123438.0,""precision"":0.8383560977980848,""recall"":0.36965925693077617,""f1"":0.5130830348178539,""auroc"":0.5334616665558345,""recall_defined"":true,""auroc_defined"":true},{""class_index"":1,""support"":586,""weighted_support"":65933.0,""prevalence"":0.19062391580895108,""predicted_support"":1841,""predicted_weight"":222442.0,""precision"":0.20670556819305708,""recall"":0.6973746075561555,""f1"":0.3188903337667967,""auroc"":0.5334616665558345,""recall_defined"":true,""auroc_defined"":true}]",b1fa57efccde08cc17fd33daf9735eb3f350f905ab63544af7b6a26721f0806e
2,S_F_I,civilian_at_work,source_validation,2979,2,"[0,1]",False,2979.0,"[951,2028]","[951.0,2028.0]","[0.3192346424974824,0.6807653575025177]",True,True,"[true,true]",0.7083887331123653,1e-12,0.509231285666331,0.6079951654751461,0.6079951654751461,0.6415729212683835,0.6415729212683836,0.6415729212683836,"[{""class_index"":0,""support"":951,""weighted_support"":951.0,""prevalence"":0.3192346424974824,""predicted_support"":2187,""predicted_weight"":2187.0,""precision"":0.38317329675354367,""recall"":0.8811777076761304,""f1"":0.5340981516889739,""auroc"":0.6415729212683836,""recall_defined"":true,""auroc_defined"":true},{""class_index"":1,""support"":2028,""weighted_support"":2028.0,""prevalence"":0.6807653575025177,""predicted_support"":792,""predicted_weight"":792.0,""precision"":0.8573232323232324,""recall"":0.3348126232741617,""f1"":0.48156028368794324,""auroc"":0.6415729212683835,""recall_defined"":true,""auroc_defined"":true}]",486a245e0ea6ed12a6c0b3d8dab025f2cd8bf73f3a34c396caac91db6ac146c4
2,S_F_I,civilian_at_work,source_validation_person_weighted,2979,2,"[0,1]",True,345880.0,"[951,2028]","[101745.0,244135.0]","[0.29416271539262173,0.7058372846073783]",True,True,"[true,true]",0.7180301405983608,1e-12,0.4774921938244478,0.5962232257623246,0.5962232257623246,0.6264517149103057,0.6264517149103057,0.6264517149103057,"[{""class_index"":0,""support"":951,""weighted_support"":101745.0,""prevalence"":0.29416271539262173,""predicted_support"":2187,""predicted_weight"":258994.0,""precision"":0.34752542529942776,""recall"":0.8846331515062166,""f1"":0.4990145229653572,""auroc"":0.6264517149103057,""recall_defined"":true,""auroc_defined"":true},{""class_index"":1,""support"":2028,""weighted_support"":244135.0,""prevalence"":0.7058372846073783,""predicted_support"":792,""predicted_weight"":86886.0,""precision"":0.8649034366871533,""recall"":0.30781330001843243,""f1"":0.4540376592421629,""auroc"":0.6264517149103057,""recall_defined"":true,""auroc_defined"":true}]",486a245e0ea6ed12a6c0b3d8dab025f2cd8bf73f3a34c396caac91db6ac146c4
2,S_F_I,public_coverage,source_validation,2979,2,"[0,1]",False,2979.0,"[2279,700]","[2279.0,700.0]","[0.765021819402484,0.23497818059751593]",True,True,"[true,true]",0.7116646116310197,1e-12,0.4326955354145686,0.5257910737792264,0.5257910737792264,0.5493299066006394,0.5493297498903028,0.5493297498903028,"[{""class_index"":0,""support"":2279,""weighted_support"":2279.0,""prevalence"":0.765021819402484,""predicted_support"":1007,""predicted_weight"":1007.0,""precision"":0.7924528301886793,""recall"":0.3501535761298815,""f1"":0.48569689592209375,""auroc"":0.5493295931799662,""recall_defined"":true,""auroc_defined"":true},{""class_index"":1,""support"":700,""weighted_support"":700.0,""prevalence"":0.23497818059751593,""predicted_support"":1972,""predicted_weight"":1972.0,""precision"":0.24898580121703853,""recall"":0.7014285714285714,""f1"":0.36751497005988026,""auroc"":0.5493299066006394,""recall_defined"":true,""auroc_defined"":true}]",807fb70b17dd1b68e42846b83ea6f473ab2b68f240914a9fc86b111c43432adc
2,S_F_I,public_coverage,source_validation_person_weighted,2979,2,"[0,1]",True,345880.0,"[2279,700]","[261520.0,84360.0]","[0.7561003816352492,0.24389961836475077]",True,True,"[true,true]",0.7100282051352005,1e-12,0.4386723719208974,0.5231078919882031,0.5231078919882031,0.5443416017463867,0.5443414276900873,0.5443414276900873,"[{""class_index"":0,""support"":2279,""weighted_support"":261520.0,""prevalence"":0.7561003816352492,""predicted_support"":1007,""predicted_weight"":120016.0,""precision"":0.7806625783228903,""recall"":0.35825940654634447,""f1"":0.49113058793927705,""auroc"":0.5443412536337879,""recall_defined"":true,""auroc_defined"":true},{""class_index"":1,""support"":700,""weighted_support"":84360.0,""prevalence"":0.24389961836475077,""predicted_support"":1972,""predicted_weight"":225864.0,""precision"":0.25695108560903906,""recall"":0.6879563774300617,""f1"":0.3741554489659085,""auroc"":0.5443416017463867,""recall_defined"":true,""auroc_defined"":true}]",807fb70b17dd1b68e42846b83ea6f473ab2b68f240914a9fc86b111c43432adc
2,S_F_I,income_binary,development_evaluation,2979,2,"[0,1]",False,2979.0,"[2411,568]","[2411.0,568.0]","[0.8093319906008728,0.19066800939912723]",True,True,"[true,true]",0.7136398343761359,1e-12,0.459214501510574,0.537382580426566,0.537382580426566,0.5492629146926353,0.5492629146926353,0.5492629146926353,"[{""class_index"":0,""support"":2411,""weighted_support"":2411.0,""prevalence"":0.8093319906008728,""predicted_support"":1182,""predicted_weight"":1182.0,""precision"":0.8384094754653131,""recall"":0.4110327664869349,""f1"":0.5516281658780963,""auroc"":0.5492629146926353,""recall_defined"":true,""auroc_defined"":true},{""class_index"":1,""support"":568,""weighted_support"":568.0,""prevalence"":0.19066800939912723,""predicted_support"":1797,""predicted_weight"":1797.0,""precision"":0.20979410127991097,""recall"":0.6637323943661971,""f1"":0.31881606765327697,""auroc"":0.5492629146926353,""recall_defined"":true,""auroc_defined"":true}]",0728301691caad1fd331cb280452d59174210e6c8db4946add50502916c23355
2,S_F_I,income_binary,development_evaluation_person_weighted,2979,2,"[0,1]",True,333421.0,"[2411,568]","[268605.0,64816.0]","[0.8056031263777627,0.19439687362223734]",True,True,"[true,true]",0.715356984881142,1e-12,0.4550223291274395,0.5434402896639449,0.5434402896639449,0.5474967607915865,0.5474967607915866,0.5474967607915866,"[{""class_index"":0,""support"":2411,""weighted_support"":268605.0,""prevalence"":0.8056031263777627,""predicted_support"":1182,""predicted_weight"":127330.0,""precision"":0.8412314458493678,""recall"":0.3987788760447497,""f1"":0.5410686097465494,""auroc"":0.5474967607915866,""recall_defined"":true,""auroc_defined"":true},{""class_index"":1,""support"":568,""weighted_support"":64816.0,""prevalence"":0.19439687362223734,""predicted_support"":1797,""predicted_weight"":206091.0,""precision"":0.2164092561053127,""recall"":0.68810170328314,""f1"":0.32926428626798127,""auroc"":0.5474967607915865,""recall_defined"":true,""auroc_defined"":true}]",0728301691caad1fd331cb280452d59174210e6c8db4946add50502916c23355
2,S_F_I,civilian_at_work,development_evaluation,2979,2,"[0,1]",False,2979.0,"[996,1983]","[996.0,1983.0]","[0.33434038267875127,0.6656596173212488]",True,True,"[true,true]",0.7054242505109678,1e-12,0.5156092648539778,0.6049242355199922,0.6049242355199922,0.6412110874157244,0.6412110874157244,0.6412110874157244,"[{""class_index"":0,""support"":996,""weighted_support"":996.0,""prevalence"":0.33434038267875127,""predicted_support"":2189,""predicted_weight"":2189.0,""precision"":0.39789858382823207,""recall"":0.8744979919678715,""f1"":0.5469387755102041,""auroc"":0.6412110874157244,""recall_defined"":true,""auroc_defined"":true},{""class_index"":1,""support"":1983,""weighted_support"":1983.0,""prevalence"":0.6656596173212488,""predicted_support"":790,""predicted_weight"":790.0,""precision"":0.8417721518987342,""recall"":0.33535047907211296,""f1"":0.47962495492246665,""auroc"":0.6412110874157244,""recall_defined"":true,""auroc_defined"":true}]",2b39626ec87b3900ac506276b80f663d9ed5af1e4e4d9a4b4a9896714b37e8f9
2,S_F_I,civilian_at_work,development_evaluation_person_weighted,2979,2,"[0,1]",True,333421.0,"[996,1983]","[102135.0,231286.0]","[0.30632443667315495,0.693675563326845]",True,True,"[true,true]",0.7101805152019579,1e-12,0.4953617198676748,0.6030656575520793,0.6030656575520793,0.6460491399119364,0.6460491399119364,0.6460491399119364,"[{""class_index"":0,""support"":996,""weighted_support"":102135.0,""prevalence"":0.30632443667315495,""predicted_support"":2189,""predicted_weight"":246108.0,""precision"":0.36566466754433014,""recall"":0.8811181279678857,""f1"":0.516840252352524,""auroc"":0.6460491399119364,""recall_defined"":true,""auroc_defined"":true},{""class_index"":1,""support"":1983,""weighted_support"":231286.0,""prevalence"":0.693675563326845,""predicted_support"":790,""predicted_weight"":87313.0,""precision"":0.8609370884060793,""recall"":0.32501318713627286,""f1"":0.47188472029102413,""auroc"":0.6460491399119364,""recall_defined"":true,""auroc_defined"":true}]",2b39626ec87b3900ac506276b80f663d9ed5af1e4e4d9a4b4a9896714b37e8f9
2,S_F_I,public_coverage,development_evaluation,2979,2,"[0,1]",False,2979.0,"[2231,748]","[2231.0,748.0]","[0.7489090298757972,0.25109097012420273]",True,True,"[true,true]",0.7084253974598431,1e-12,0.4464585431352803,0.5326812033643579,0.5326812033643579,0.556152129569484,0.556152129569484,0.556152129569484,"[{""class_index"":0,""support"":2231,""weighted_support"":2231.0,""prevalence"":0.7489090298757972,""predicted_support"":1022,""predicted_weight"":1022.0,""precision"":0.7847358121330724,""recall"":0.3594800537875392,""f1"":0.4930833077159545,""auroc"":0.5561521295694839,""recall_defined"":true,""auroc_defined"":true},{""class_index"":1,""support"":748,""weighted_support"":748.0,""prevalence"":0.25109097012420273,""predicted_support"":1957,""predicted_weight"":1957.0,""precision"":0.26980071538068473,""recall"":0.7058823529411765,""f1"":0.39038817005545284,""auroc"":0.556152129569484,""recall_defined"":true,""auroc_defined"":true}]",842dca3df8191931081f4f17fe47e3c7c1274bf3b7cb78ed671a55b66be1cf97
2,S_F_I,public_coverage,development_evaluation_person_weighted,2979,2,"[0,1]",True,333421.0,"[2231,748]","[248778.0,84643.0]","[0.7461377657676032,0.2538622342323969]",True,True,"[true,true]",0.7071500314728044,1e-12,0.45623401045525025,0.5341378600353903,0.5341378600353903,0.5546204585677683,0.5546204585677683,0.5546204585677683,"[{""class_index"":0,""support"":2231,""weighted_support"":248778.0,""prevalence"":0.7461377657676032,""predicted_support"":1022,""predicted_weight"":119549.0,""precision"":0.7822064592761128,""recall"":0.3758853274807258,""f1"":0.5077661968848333,""auroc"":0.5546204585677683,""recall_defined"":true,""auroc_defined"":true},{""class_index"":1,""support"":748,""weighted_support"":84643.0,""prevalence"":0.2538622342323969,""predicted_support"":1957,""predicted_weight"":213872.0,""precision"":0.2740237151193237,""recall"":0.6923903925900547,""f1"":0.3926502855802891,""auroc"":0.5546204585677683,""recall_defined"":true,""auroc_defined"":true}]",842dca3df8191931081f4f17fe47e3c7c1274bf3b7cb78ed671a55b66be1cf97
2,S_F_W,income_binary,source_validation,2979,2,"[0,1]",False,2979.0,"[2393,586]","[2393.0,586.0]","[0.8032896945283652,0.1967103054716348]",True,True,"[true,true]",0.3161529525945969,1e-12,0.8506210137630077,0.7124420059074462,0.7124420059074462,0.8972889499949369,0.897288949994937,0.897288949994937,"[{""class_index"":0,""support"":2393,""weighted_support"":2393.0,""prevalence"":0.8032896945283652,""predicted_support"":2552,""predicted_weight"":2552.0,""precision"":0.8816614420062696,""recall"":0.9402423735896365,""f1"":0.910010111223458,""auroc"":0.897288949994937,""recall_defined"":true,""auroc_defined"":true},{""class_index"":1,""support"":586,""weighted_support"":586.0,""prevalence"":0.1967103054716348,""predicted_support"":427,""predicted_weight"":427.0,""precision"":0.6651053864168618,""recall"":0.48464163822525597,""f1"":0.56071076011846,""auroc"":0.8972889499949369,""recall_defined"":true,""auroc_defined"":true}]",713819da7d6a425917cc0018794cf9c9556e18012a245cc452c4da5e9bafbae6
2,S_F_W,income_binary,source_validation_person_weighted,2979,2,"[0,1]",True,345880.0,"[2393,586]","[279947.0,65933.0]","[0.8093760841910489,0.19062391580895108]",True,True,"[true,true]",0.30929392299432573,1e-12,0.8508818087197872,0.6882751301017759,0.6882751301017759,0.9018379750390568,0.9018379750390568,0.9018379750390568,"[{""class_index"":0,""support"":2393,""weighted_support"":279947.0,""prevalence"":0.8093760841910489,""predicted_support"":2552,""predicted_weight"":304130.0,""precision"":0.8754479992108638,""recall"":0.9510728816525985,""f1"":0.9116948621500247,""auroc"":0.9018379750390569,""recall_defined"":true,""auroc_defined"":true},{""class_index"":1,""support"":586,""weighted_support"":65933.0,""prevalence"":0.19062391580895108,""predicted_support"":427,""predicted_weight"":41750.0,""precision"":0.6719281437125748,""recall"":0.42547737855095324,""f1"":0.5210293175338726,""auroc"":0.9018379750390568,""recall_defined"":true,""auroc_defined"":true}]",713819da7d6a425917cc0018794cf9c9556e18012a245cc452c4da5e9bafbae6
2,S_F_W,civilian_at_work,source_validation,2979,2,"[0,1]",False,2979.0,"[951,2028]","[951.0,2028.0]","[0.3192346424974824,0.6807653575025177]",True,True,"[true,true]",0.313037164004042,1e-12,0.8929170862705605,0.8454048681238684,0.8454048681238684,0.8987508218277448,0.8987508218277449,0.8987508218277449,"[{""class_index"":0,""support"":951,""weighted_support"":951.0,""prevalence"":0.3192346424974824,""predicted_support"":726,""predicted_weight"":726.0,""precision"":0.9352617079889807,""recall"":0.7139852786540484,""f1"":0.8097793679189028,""auroc"":0.8987508218277449,""recall_defined"":true,""auroc_defined"":true},{""class_index"":1,""support"":2028,""weighted_support"":2028.0,""prevalence"":0.6807653575025177,""predicted_support"":2253,""predicted_weight"":2253.0,""precision"":0.8792720816688859,""recall"":0.9768244575936884,""f1"":0.9254846998364868,""auroc"":0.8987508218277448,""recall_defined"":true,""auroc_defined"":true}]",d21ac50a9e185eb4ff12587435451a68ce4501eecd182ce0c6b73909e089a65e
2,S_F_W,civilian_at_work,source_validation_person_weighted,2979,2,"[0,1]",True,345880.0,"[951,2028]","[101745.0,244135.0]","[0.29416271539262173,0.7058372846073783]",True,True,"[true,true]",0.3104382508101981,1e-12,0.897577194402683,0.8380290634955347,0.8380290634955347,0.8895435616199613,0.8895435616199612,0.8895435616199612,"[{""class_index"":0,""support"":951,""weighted_support"":101745.0,""prevalence"":0.29416271539262173,""predicted_support"":726,""predicted_weight"":74777.0,""precision"":0.9434451769929256,""recall"":0.6933805100987763,""f1"":0.7993111340229546,""auroc"":0.8895435616199612,""recall_defined"":true,""auroc_defined"":true},{""class_index"":1,""support"":2028,""weighted_support"":244135.0,""prevalence"":0.7058372846073783,""predicted_support"":2253,""predicted_weight"":271103.0,""precision"":0.8849256555626459,""recall"":0.9826776168922932,""f1"":0.9312434253684705,""auroc"":0.8895435616199613,""recall_defined"":true,""auroc_defined"":true}]",d21ac50a9e185eb4ff12587435451a68ce4501eecd182ce0c6b73909e089a65e
2,S_F_W,public_coverage,source_validation,2979,2,"[0,1]",False,2979.0,"[2279,700]","[2279.0,700.0]","[0.765021819402484,0.23497818059751593]",True,True,"[true,true]",0.4910516943405394,1e-12,0.7724068479355488,0.5652034100169248,0.5652034100169248,0.7193380555381432,0.7193380555381432,0.7193380555381432,"[{""class_index"":0,""support"":2279,""weighted_support"":2279.0,""prevalence"":0.765021819402484,""predicted_support"":2757,""predicted_weight"":2757.0,""precision"":0.7903518317011244,""recall"":0.9561211057481351,""f1"":0.8653693407466243,""auroc"":0.7193380555381433,""recall_defined"":true,""auroc_defined"":true},{""class_index"":1,""support"":700,""weighted_support"":700.0,""prevalence"":0.23497818059751593,""predicted_support"":222,""predicted_weight"":222.0,""precision"":0.5495495495495496,""recall"":0.1742857142857143,""f1"":0.2646420824295011,""auroc"":0.7193380555381432,""recall_defined"":true,""auroc_defined"":true}]",6b0e9e72632d59ee8f2f01fbb07b32c8743dbc54ed8401e643678a0a1ab5ae36
2,S_F_W,public_coverage,source_validation_person_weighted,2979,2,"[0,1]",True,345880.0,"[2279,700]","[261520.0,84360.0]","[0.7561003816352492,0.24389961836475077]",True,True,"[true,true]",0.5088493706519824,1e-12,0.7655342893489071,0.5588160005169471,0.5588160005169471,0.7002617211823687,0.7002617211823687,0.7002617211823687,"[{""class_index"":0,""support"":2279,""weighted_support"":261520.0,""prevalence"":0.7561003816352492,""predicted_support"":2757,""predicted_weight"":322953.0,""precision"":0.7793332156691531,""recall"":0.9624044050168247,""f1"":0.8612476538693832,""auroc"":0.7002617211823687,""recall_defined"":true,""auroc_defined"":true},{""class_index"":1,""support"":700,""weighted_support"":84360.0,""prevalence"":0.24389961836475077,""predicted_support"":222,""predicted_weight"":22927.0,""precision"":0.5711606402931042,""recall"":0.1552275960170697,""f1"":0.24411158854288031,""auroc"":0.7002617211823687,""recall_defined"":true,""auroc_defined"":true}]",6b0e9e72632d59ee8f2f01fbb07b32c8743dbc54ed8401e643678a0a1ab5ae36
2,S_F_W,income_binary,development_evaluation,2979,2,"[0,1]",False,2979.0,"[2411,568]","[2411.0,568.0]","[0.8093319906008728,0.19066800939912723]",True,True,"[true,true]",0.3004366666607665,1e-12,0.8670694864048338,0.7382124038298643,0.7382124038298643,0.9040270240271991,0.9040270240271993,0.9040270240271993,"[{""class_index"":0,""support"":2411,""weighted_support"":2411.0,""prevalence"":0.8093319906008728,""predicted_support"":2549,""predicted_weight"":2549.0,""precision"":0.8952530404080031,""recall"":0.9464952301949399,""f1"":0.9201612903225806,""auroc"":0.9040270240271993,""recall_defined"":true,""auroc_defined"":true},{""class_index"":1,""support"":568,""weighted_support"":568.0,""prevalence"":0.19066800939912723,""predicted_support"":430,""predicted_weight"":430.0,""precision"":0.7,""recall"":0.5299295774647887,""f1"":0.6032064128256514,""auroc"":0.9040270240271991,""recall_defined"":true,""auroc_defined"":true}]",11985446125118603f5f5092d5b55a04fb7dcba5fabeecefe74b3d824ac0225e
2,S_F_W,income_binary,development_evaluation_person_weighted,2979,2,"[0,1]",True,333421.0,"[2411,568]","[268605.0,64816.0]","[0.8056031263777627,0.19439687362223734]",True,True,"[true,true]",0.3162474436955705,1e-12,0.8625461503624546,0.722955215448408,0.722955215448408,0.8906091582534429,0.8906091582534428,0.8906091582534428,"[{""class_index"":0,""support"":2411,""weighted_support"":268605.0,""prevalence"":0.8056031263777627,""predicted_support"":2549,""predicted_weight"":288295.0,""precision"":0.886366395532354,""recall"":0.9513411887343869,""f1"":0.9177051535284612,""auroc"":0.8906091582534427,""recall_defined"":true,""auroc_defined"":true},{""class_index"":1,""support"":568,""weighted_support"":64816.0,""prevalence"":0.19439687362223734,""predicted_support"":430,""predicted_weight"":45126.0,""precision"":0.7103665292735895,""recall"":0.49456924216242903,""f1"":0.5831438394789981,""auroc"":0.8906091582534429,""recall_defined"":true,""auroc_defined"":true}]",11985446125118603f5f5092d5b55a04fb7dcba5fabeecefe74b3d824ac0225e
2,S_F_W,civilian_at_work,development_evaluation,2979,2,"[0,1]",False,2979.0,"[996,1983]","[996.0,1983.0]","[0.33434038267875127,0.6656596173212488]",True,True,"[true,true]",0.30967104420436076,1e-12,0.8898959382343068,0.8480844710156814,0.8480844710156814,0.9053017415096594,0.9053017415096594,0.9053017415096594,"[{""class_index"":0,""support"":996,""weighted_support"":996.0,""prevalence"":0.33434038267875127,""predicted_support"":770,""predicted_weight"":770.0,""precision"":0.9337662337662338,""recall"":0.7218875502008032,""f1"":0.8142695356738392,""auroc"":0.9053017415096594,""recall_defined"":true,""auroc_defined"":true},{""class_index"":1,""support"":1983,""weighted_support"":1983.0,""prevalence"":0.6656596173212488,""predicted_support"":2209,""predicted_weight"":2209.0,""precision"":0.8746038931643277,""recall"":0.9742813918305597,""f1"":0.9217557251908397,""auroc"":0.9053017415096594,""recall_defined"":true,""auroc_defined"":true}]",5914e8dbb65a149d61803f0a4972b8e827f4f70d9f5352da6705cd49eb328231
2,S_F_W,civilian_at_work,development_evaluation_person_weighted,2979,2,"[0,1]",True,333421.0,"[996,1983]","[102135.0,231286.0]","[0.30632443667315495,0.693675563326845]",True,True,"[true,true]",0.30471662528148086,1e-12,0.8970310808257428,0.8426524620590756,0.8426524620590756,0.8955061941535234,0.8955061941535234,0.8955061941535234,"[{""class_index"":0,""support"":996,""weighted_support"":102135.0,""prevalence"":0.30632443667315495,""predicted_support"":770,""predicted_weight"":75649.0,""precision"":0.948142077225079,""recall"":0.702266607920889,""f1"":0.8068892588759393,""auroc"":0.8955061941535234,""recall_defined"":true,""auroc_defined"":true},{""class_index"":1,""support"":1983,""weighted_support"":231286.0,""prevalence"":0.693675563326845,""predicted_support"":2209,""predicted_weight"":257772.0,""precision"":0.8820314076005152,""recall"":0.9830383161972622,""f1"":0.9297997374544532,""auroc"":0.8955061941535234,""recall_defined"":true,""auroc_defined"":true}]",5914e8dbb65a149d61803f0a4972b8e827f4f70d9f5352da6705cd49eb328231
2,S_F_W,public_coverage,development_evaluation,2979,2,"[0,1]",False,2979.0,"[2231,748]","[2231.0,748.0]","[0.7489090298757972,0.25109097012420273]",True,True,"[true,true]",0.49851372695423385,1e-12,0.7623363544813696,0.57739209534105,0.57739209534105,0.7317619134365779,0.7317619134365778,0.7317619134365778,"[{""class_index"":0,""support"":2231,""weighted_support"":2231.0,""prevalence"":0.7489090298757972,""predicted_support"":2711,""predicted_weight"":2711.0,""precision"":0.7808926595352269,""recall"":0.9489018377409234,""f1"":0.8567381626871712,""auroc"":0.7317619134365778,""recall_defined"":true,""auroc_defined"":true},{""class_index"":1,""support"":748,""weighted_support"":748.0,""prevalence"":0.25109097012420273,""predicted_support"":268,""predicted_weight"":268.0,""precision"":0.5746268656716418,""recall"":0.20588235294117646,""f1"":0.3031496062992126,""auroc"":0.7317619134365779,""recall_defined"":true,""auroc_defined"":true}]",557d22c412848fed73d1011fb547b4bac21ae55800307a86451431b773161228
2,S_F_W,public_coverage,development_evaluation_person_weighted,2979,2,"[0,1]",True,333421.0,"[2231,748]","[248778.0,84643.0]","[0.7461377657676032,0.2538622342323969]",True,True,"[true,true]",0.5075917267272727,1e-12,0.7563800720410532,0.5668085202801076,0.5668085202801076,0.7239345768055443,0.7239345768055443,0.7239345768055443,"[{""class_index"":0,""support"":2231,""weighted_support"":248778.0,""prevalence"":0.7461377657676032,""predicted_support"":2711,""predicted_weight"":306074.0,""precision"":0.7737083189032717,""recall"":0.9519008915579352,""f1"":0.8536042043644071,""auroc"":0.7239345768055444,""recall_defined"":true,""auroc_defined"":true},{""class_index"":1,""support"":748,""weighted_support"":84643.0,""prevalence"":0.2538622342323969,""predicted_support"":268,""predicted_weight"":27347.0,""precision"":0.5624382930485976,""recall"":0.18171614900228017,""f1"":0.2746852397535494,""auroc"":0.7239345768055443,""recall_defined"":true,""auroc_defined"":true}]",557d22c412848fed73d1011fb547b4bac21ae55800307a86451431b773161228
2,S_F_C,income_binary,source_validation,2979,2,"[0,1]",False,2979.0,"[2393,586]","[2393.0,586.0]","[0.8032896945283652,0.1967103054716348]",True,True,"[true,true]",0.3102749642541132,1e-12,0.8492782813024505,0.7135391336220974,0.7135391336220974,0.8980869258887911,0.8980869258887911,0.8980869258887911,"[{""class_index"":0,""support"":2393,""weighted_support"":2393.0,""prevalence"":0.8032896945283652,""predicted_support"":2542,""predicted_weight"":2542.0,""precision"":0.8823760818253343,""recall"":0.9373171750940242,""f1"":0.9090172239108409,""auroc"":0.8980869258887911,""recall_defined"":true,""auroc_defined"":true},{""class_index"":1,""support"":586,""weighted_support"":586.0,""prevalence"":0.1967103054716348,""predicted_support"":437,""predicted_weight"":437.0,""precision"":0.6567505720823799,""recall"":0.48976109215017066,""f1"":0.5610948191593352,""auroc"":0.8980869258887911,""recall_defined"":true,""auroc_defined"":true}]",64c219c3e582b60fca410c5d7e6c43ddf3a022f71bc1afa2d88a6130ca230b2b
2,S_F_C,income_binary,source_validation_person_weighted,2979,2,"[0,1]",True,345880.0,"[2393,586]","[279947.0,65933.0]","[0.8093760841910489,0.19062391580895108]",True,True,"[true,true]",0.3017238724096983,1e-12,0.8509714351798312,0.6942554441761575,0.6942554441761575,0.9025091337114837,0.9025091337114837,0.9025091337114837,"[{""class_index"":0,""support"":2393,""weighted_support"":279947.0,""prevalence"":0.8093760841910489,""predicted_support"":2542,""predicted_weight"":302117.0,""precision"":0.8780009069334066,""recall"":0.947532925875255,""f1"":0.9114427279474422,""auroc"":0.9025091337114836,""recall_defined"":true,""auroc_defined"":true},{""class_index"":1,""support"":586,""weighted_support"":65933.0,""prevalence"":0.19062391580895108,""predicted_support"":437,""predicted_weight"":43763.0,""precision"":0.6643740145785252,""recall"":0.44097796247706006,""f1"":0.5301013710618436,""auroc"":0.9025091337114837,""recall_defined"":true,""auroc_defined"":true}]",64c219c3e582b60fca410c5d7e6c43ddf3a022f71bc1afa2d88a6130ca230b2b
2,S_F_C,civilian_at_work,source_validation,2979,2,"[0,1]",False,2979.0,"[951,2028]","[951.0,2028.0]","[0.3192346424974824,0.6807653575025177]",True,True,"[true,true]",0.3058070152234716,1e-12,0.8919100369251427,0.8482950055687255,0.8482950055687255,0.895650172039398,0.8956501720393979,0.8956501720393979,"[{""class_index"":0,""support"":951,""weighted_support"":951.0,""prevalence"":0.3192346424974824,""predicted_support"":755,""predicted_weight"":755.0,""precision"":0.9165562913907285,""recall"":0.7276550998948476,""f1"":0.8112543962485346,""auroc"":0.8956501720393979,""recall_defined"":true,""auroc_defined"":true},{""class_index"":1,""support"":2028,""weighted_support"":2028.0,""prevalence"":0.6807653575025177,""predicted_support"":2224,""predicted_weight"":2224.0,""precision"":0.8835431654676259,""recall"":0.9689349112426036,""f1"":0.9242709313264346,""auroc"":0.895650172039398,""recall_defined"":true,""auroc_defined"":true}]",8fc5572f573dee1b060d121de62cb0985fd88ecfc90d73562ca7b3d1b6f6a701
2,S_F_C,civilian_at_work,source_validation_person_weighted,2979,2,"[0,1]",True,345880.0,"[951,2028]","[101745.0,244135.0]","[0.29416271539262173,0.7058372846073783]",True,True,"[true,true]",0.3039397662113405,1e-12,0.8954088123048456,0.8395827908572246,0.8395827908572246,0.8839086181534762,0.8839086181534762,0.8839086181534762,"[{""class_index"":0,""support"":951,""weighted_support"":101745.0,""prevalence"":0.29416271539262173,""predicted_support"":755,""predicted_weight"":77683.0,""precision"":0.9220292728138718,""recall"":0.7039756253378544,""f1"":0.7983815235080366,""auroc"":0.8839086181534762,""recall_defined"":true,""auroc_defined"":true},{""class_index"":1,""support"":2028,""weighted_support"":244135.0,""prevalence"":0.7058372846073783,""predicted_support"":2224,""predicted_weight"":268197.0,""precision"":0.8876982218294761,""recall"":0.9751899563765949,""f1"":0.9293895364724436,""auroc"":0.8839086181534762,""recall_defined"":true,""auroc_defined"":true}]",8fc5572f573dee1b060d121de62cb0985fd88ecfc90d73562ca7b3d1b6f6a701
2,S_F_C,public_coverage,source_validation,2979,2,"[0,1]",False,2979.0,"[2279,700]","[2279.0,700.0]","[0.765021819402484,0.23497818059751593]",True,True,"[true,true]",0.4887974902371724,1e-12,0.7750923128566634,0.5748768256754215,0.5748768256754215,0.7261480599260327,0.7261480599260326,0.7261480599260326,"[{""class_index"":0,""support"":2279,""weighted_support"":2279.0,""prevalence"":0.765021819402484,""predicted_support"":2733,""predicted_weight"":2733.0,""precision"":0.7943651664837176,""recall"":0.952610794207986,""f1"":0.8663208300079809,""auroc"":0.7261480599260326,""recall_defined"":true,""auroc_defined"":true},{""class_index"":1,""support"":700,""weighted_support"":700.0,""prevalence"":0.23497818059751593,""predicted_support"":246,""predicted_weight"":246.0,""precision"":0.5609756097560976,""recall"":0.19714285714285715,""f1"":0.2917547568710359,""auroc"":0.7261480599260327,""recall_defined"":true,""auroc_defined"":true}]",61767147adf2745de893c41f6f2c3657e810c21e5ae555e67b0200a7c3cb4ac7
2,S_F_C,public_coverage,source_validation_person_weighted,2979,2,"[0,1]",True,345880.0,"[2279,700]","[261520.0,84360.0]","[0.7561003816352492,0.24389961836475077]",True,True,"[true,true]",0.5106756619936756,1e-12,0.7705302417023245,0.5698126563152485,0.5698126563152485,0.7010763157686232,0.7010763157686232,0.7010763157686232,"[{""class_index"":0,""support"":2279,""weighted_support"":261520.0,""prevalence"":0.7561003816352492,""predicted_support"":2733,""predicted_weight"":320849.0,""precision"":0.7838578272022042,""recall"":0.9616855307433466,""f1"":0.8637135561817336,""auroc"":0.7010763157686232,""recall_defined"":true,""auroc_defined"":true},{""class_index"":1,""support"":700,""weighted_support"":84360.0,""prevalence"":0.24389961836475077,""predicted_support"":246,""predicted_weight"":25031.0,""precision"":0.5996963764931484,""recall"":0.17793978188715032,""f1"":0.2744467095099231,""auroc"":0.7010763157686232,""recall_defined"":true,""auroc_defined"":true}]",61767147adf2745de893c41f6f2c3657e810c21e5ae555e67b0200a7c3cb4ac7
2,S_F_C,income_binary,development_evaluation,2979,2,"[0,1]",False,2979.0,"[2411,568]","[2411.0,568.0]","[0.8093319906008728,0.19066800939912723]",True,True,"[true,true]",0.29554162189647437,1e-12,0.8667338032896945,0.7393508187240406,0.7393508187240406,0.9035633335475315,0.9035633335475315,0.9035633335475315,"[{""class_index"":0,""support"":2411,""weighted_support"":2411.0,""prevalence"":0.8093319906008728,""predicted_support"":2544,""predicted_weight"":2544.0,""precision"":0.8958333333333334,""recall"":0.9452509332227291,""f1"":0.9198789101917255,""auroc"":0.9035633335475315,""recall_defined"":true,""auroc_defined"":true},{""class_index"":1,""support"":568,""weighted_support"":568.0,""prevalence"":0.19066800939912723,""predicted_support"":435,""predicted_weight"":435.0,""precision"":0.696551724137931,""recall"":0.5334507042253521,""f1"":0.6041874376869392,""auroc"":0.9035633335475315,""recall_defined"":true,""auroc_defined"":true}]",d5318aaf296da293b8ae299c27b5830cd2253e8a2d7be449ff011945ff98b986
2,S_F_C,income_binary,development_evaluation_person_weighted,2979,2,"[0,1]",True,333421.0,"[2411,568]","[268605.0,64816.0]","[0.8056031263777627,0.19439687362223734]",True,True,"[true,true]",0.31515147368682966,1e-12,0.8595469391550022,0.7224691246791693,0.7224691246791693,0.8896252846328537,0.8896252846328538,0.8896252846328538,"[{""class_index"":0,""support"":2411,""weighted_support"":268605.0,""prevalence"":0.8056031263777627,""predicted_support"":2544,""predicted_weight"":286825.0,""precision"":0.8866033295563497,""recall"":0.9467433592077587,""f1"":0.9156869452496265,""auroc"":0.8896252846328538,""recall_defined"":true,""auroc_defined"":true},{""class_index"":1,""support"":568,""weighted_support"":64816.0,""prevalence"":0.19439687362223734,""predicted_support"":435,""predicted_weight"":46596.0,""precision"":0.6929993990900506,""recall"":0.4981948901505801,""f1"":0.5796682583563709,""auroc"":0.8896252846328537,""recall_defined"":true,""auroc_defined"":true}]",d5318aaf296da293b8ae299c27b5830cd2253e8a2d7be449ff011945ff98b986
2,S_F_C,civilian_at_work,development_evaluation,2979,2,"[0,1]",False,2979.0,"[996,1983]","[996.0,1983.0]","[0.33434038267875127,0.6656596173212488]",True,True,"[true,true]",0.29997238604923876,1e-12,0.8872104733131924,0.8490657030542745,0.8490657030542745,0.9050222574615153,0.9050222574615152,0.9050222574615152,"[{""class_index"":0,""support"":996,""weighted_support"":996.0,""prevalence"":0.33434038267875127,""predicted_support"":802,""predicted_weight"":802.0,""precision"":0.9114713216957606,""recall"":0.7339357429718876,""f1"":0.8131256952169077,""auroc"":0.9050222574615152,""recall_defined"":true,""auroc_defined"":true},{""class_index"":1,""support"":1983,""weighted_support"":1983.0,""prevalence"":0.6656596173212488,""predicted_support"":2177,""predicted_weight"":2177.0,""precision"":0.8782728525493799,""recall"":0.9641956631366616,""f1"":0.9192307692307692,""auroc"":0.9050222574615153,""recall_defined"":true,""auroc_defined"":true}]",65c28718aeb4fb192926a8719b56d467b461dd8623541757bece9a698b1d7306
2,S_F_C,civilian_at_work,development_evaluation_person_weighted,2979,2,"[0,1]",True,333421.0,"[996,1983]","[102135.0,231286.0]","[0.30632443667315495,0.693675563326845]",True,True,"[true,true]",0.2975968108141775,1e-12,0.8924122955662661,0.8412422770147655,0.8412422770147655,0.8937963621929198,0.8937963621929199,0.8937963621929199,"[{""class_index"":0,""support"":996,""weighted_support"":102135.0,""prevalence"":0.30632443667315495,""predicted_support"":802,""predicted_weight"":78593.0,""precision"":0.9215578995584849,""recall"":0.7091398639056151,""f1"":0.8015138772077376,""auroc"":0.8937963621929199,""recall_defined"":true,""auroc_defined"":true},{""class_index"":1,""support"":1983,""weighted_support"":231286.0,""prevalence"":0.693675563326845,""predicted_support"":2177,""predicted_weight"":254828.0,""precision"":0.8834233286765976,""recall"":0.9733446901239159,""f1"":0.9262066099721464,""auroc"":0.8937963621929198,""recall_defined"":true,""auroc_defined"":true}]",65c28718aeb4fb192926a8719b56d467b461dd8623541757bece9a698b1d7306
2,S_F_C,public_coverage,development_evaluation,2979,2,"[0,1]",False,2979.0,"[2231,748]","[2231.0,748.0]","[0.7489090298757972,0.25109097012420273]",True,True,"[true,true]",0.49139767888605224,1e-12,0.7680429674387378,0.5887557317046863,0.5887557317046863,0.7459024154056717,0.7459024154056717,0.7459024154056717,"[{""class_index"":0,""support"":2231,""weighted_support"":2231.0,""prevalence"":0.7489090298757972,""predicted_support"":2694,""predicted_weight"":2694.0,""precision"":0.7858203414996288,""recall"":0.9489018377409234,""f1"":0.8596954314720813,""auroc"":0.7459024154056716,""recall_defined"":true,""auroc_defined"":true},{""class_index"":1,""support"":748,""weighted_support"":748.0,""prevalence"":0.25109097012420273,""predicted_support"":285,""predicted_weight"":285.0,""precision"":0.6,""recall"":0.2286096256684492,""f1"":0.33107454017424975,""auroc"":0.7459024154056717,""recall_defined"":true,""auroc_defined"":true}]",d7dcb957b4c958d44ce5133dfca92bfad240f4678d689bc8fa71422128be06a7
2,S_F_C,public_coverage,development_evaluation_person_weighted,2979,2,"[0,1]",True,333421.0,"[2231,748]","[248778.0,84643.0]","[0.7461377657676032,0.2538622342323969]",True,True,"[true,true]",0.5007355550466619,1e-12,0.7579546579249657,0.5698552181226123,0.5698552181226123,0.7387680063476716,0.7387680063476716,0.7387680063476716,"[{""class_index"":0,""support"":2231,""weighted_support"":248778.0,""prevalence"":0.7461377657676032,""predicted_support"":2694,""predicted_weight"":305577.0,""precision"":0.7750125173033311,""recall"":0.9519571666304898,""f1"":0.8544200016235084,""auroc"":0.7387680063476716,""recall_defined"":true,""auroc_defined"":true},{""class_index"":1,""support"":748,""weighted_support"":84643.0,""prevalence"":0.2538622342323969,""predicted_support"":285,""predicted_weight"":27844.0,""precision"":0.5707513288320644,""recall"":0.18775326961473482,""f1"":0.2825570954865896,""auroc"":0.7387680063476716,""recall_defined"":true,""auroc_defined"":true}]",d7dcb957b4c958d44ce5133dfca92bfad240f4678d689bc8fa71422128be06a7
2,S_F_D,income_binary,source_validation,2979,2,"[0,1]",False,2979.0,"[2393,586]","[2393.0,586.0]","[0.8032896945283652,0.1967103054716348]",True,True,"[true,true]",0.309644325026935,1e-12,0.8492782813024505,0.7109619353375674,0.7109619353375674,0.8987358607086369,0.8987358607086369,0.8987358607086369,"[{""class_index"":0,""support"":2393,""weighted_support"":2393.0,""prevalence"":0.8032896945283652,""predicted_support"":2550,""predicted_weight"":2550.0,""precision"":0.8811764705882353,""recall"":0.9389887170915169,""f1"":0.909164475015173,""auroc"":0.8987358607086368,""recall_defined"":true,""auroc_defined"":true},{""class_index"":1,""support"":586,""weighted_support"":586.0,""prevalence"":0.1967103054716348,""predicted_support"":429,""predicted_weight"":429.0,""precision"":0.6596736596736597,""recall"":0.48293515358361777,""f1"":0.5576354679802956,""auroc"":0.8987358607086369,""recall_defined"":true,""auroc_defined"":true}]",13fee0441b34b54c8a7c5368ab7b8cf0ae5d3829475ace899d09c1481915285f
2,S_F_D,income_binary,source_validation_person_weighted,2979,2,"[0,1]",True,345880.0,"[2393,586]","[279947.0,65933.0]","[0.8093760841910489,0.19062391580895108]",True,True,"[true,true]",0.3008015815506758,1e-12,0.8514484792413554,0.6923645216686626,0.6923645216686626,0.9036410584063101,0.9036410584063101,0.9036410584063101,"[{""class_index"":0,""support"":2393,""weighted_support"":279947.0,""prevalence"":0.8093760841910489,""predicted_support"":2550,""predicted_weight"":303036.0,""precision"":0.8771268100159717,""recall"":0.9494690066333985,""f1"":0.9118653545643698,""auroc"":0.90364105840631,""recall_defined"":true,""auroc_defined"":true},{""class_index"":1,""support"":586,""weighted_support"":65933.0,""prevalence"":0.19062391580895108,""predicted_support"":429,""predicted_weight"":42844.0,""precision"":0.6698254131266922,""recall"":0.4352600367039267,""f1"":0.5276483080062881,""auroc"":0.9036410584063101,""recall_defined"":true,""auroc_defined"":true}]",13fee0441b34b54c8a7c5368ab7b8cf0ae5d3829475ace899d09c1481915285f
2,S_F_D,civilian_at_work,source_validation,2979,2,"[0,1]",False,2979.0,"[951,2028]","[951.0,2028.0]","[0.3192346424974824,0.6807653575025177]",True,True,"[true,true]",0.30576402922820345,1e-12,0.8898959382343068,0.8456988595001214,0.8456988595001214,0.8960883073355775,0.8960883073355774,0.8960883073355774,"[{""class_index"":0,""support"":951,""weighted_support"":951.0,""prevalence"":0.3192346424974824,""predicted_support"":753,""predicted_weight"":753.0,""precision"":0.9136786188579017,""recall"":0.7234490010515248,""f1"":0.8075117370892019,""auroc"":0.8960883073355774,""recall_defined"":true,""auroc_defined"":true},{""class_index"":1,""support"":2028,""weighted_support"":2028.0,""prevalence"":0.6807653575025177,""predicted_support"":2226,""predicted_weight"":2226.0,""precision"":0.8818508535489668,""recall"":0.967948717948718,""f1"":0.922896097790315,""auroc"":0.8960883073355775,""recall_defined"":true,""auroc_defined"":true}]",d7c57fe125e60625ad04a355b4f314686ff4524ab3a5f53bac2369f4c5e2b9e9
2,S_F_D,civilian_at_work,source_validation_person_weighted,2979,2,"[0,1]",True,345880.0,"[951,2028]","[101745.0,244135.0]","[0.29416271539262173,0.7058372846073783]",True,True,"[true,true]",0.3034871155441544,1e-12,0.8942523418526657,0.8370782468449971,0.8370782468449971,0.8857293215751451,0.8857293215751451,0.8857293215751451,"[{""class_index"":0,""support"":951,""weighted_support"":101745.0,""prevalence"":0.29416271539262173,""predicted_support"":753,""predicted_weight"":76907.0,""precision"":0.923687050593574,""recall"":0.6981964715710846,""f1"":0.7952667756308354,""auroc"":0.8857293215751451,""recall_defined"":true,""auroc_defined"":true},{""class_index"":1,""support"":2028,""weighted_support"":244135.0,""prevalence"":0.7058372846073783,""predicted_support"":2226,""predicted_weight"":268973.0,""precision"":0.8858361248155019,""recall"":0.9759600221189096,""f1"":0.9287167613835684,""auroc"":0.8857293215751451,""recall_defined"":true,""auroc_defined"":true}]",d7c57fe125e60625ad04a355b4f314686ff4524ab3a5f53bac2369f4c5e2b9e9
2,S_F_D,public_coverage,source_validation,2979,2,"[0,1]",False,2979.0,"[2279,700]","[2279.0,700.0]","[0.765021819402484,0.23497818059751593]",True,True,"[true,true]",0.49045852882013363,1e-12,0.7710641154749917,0.5692747445621513,0.5692747445621513,0.7237955243527863,0.7237955243527863,0.7237955243527863,"[{""class_index"":0,""support"":2279,""weighted_support"":2279.0,""prevalence"":0.765021819402484,""predicted_support"":2733,""predicted_weight"":2733.0,""precision"":0.792169776802049,""recall"":0.949978060552874,""f1"":0.863926576217079,""auroc"":0.7237955243527864,""recall_defined"":true,""auroc_defined"":true},{""class_index"":1,""support"":700,""weighted_support"":700.0,""prevalence"":0.23497818059751593,""predicted_support"":246,""predicted_weight"":246.0,""precision"":0.5365853658536586,""recall"":0.18857142857142858,""f1"":0.27906976744186046,""auroc"":0.7237955243527863,""recall_defined"":true,""auroc_defined"":true}]",f7edc41151982e8585c075748e46e1d674307655263bc462108fccca355eeec9
2,S_F_D,public_coverage,source_validation_person_weighted,2979,2,"[0,1]",True,345880.0,"[2279,700]","[261520.0,84360.0]","[0.7561003816352492,0.24389961836475077]",True,True,"[true,true]",0.5103053487516034,1e-12,0.7668092980224356,0.5651557927169333,0.5651557927169333,0.7012007557787417,0.7012007557787416,0.7012007557787416,"[{""class_index"":0,""support"":2279,""weighted_support"":261520.0,""prevalence"":0.7561003816352492,""predicted_support"":2733,""predicted_weight"":320656.0,""precision"":0.7820218551968464,""recall"":0.9588559192413583,""f1"":0.8614577035123399,""auroc"":0.7012007557787416,""recall_defined"":true,""auroc_defined"":true},{""class_index"":1,""support"":700,""weighted_support"":84360.0,""prevalence"":0.24389961836475077,""predicted_support"":246,""predicted_weight"":25224.0,""precision"":0.5734221376466857,""recall"":0.1714556661925083,""f1"":0.26398014308658196,""auroc"":0.7012007557787417,""recall_defined"":true,""auroc_defined"":true}]",f7edc41151982e8585c075748e46e1d674307655263bc462108fccca355eeec9
2,S_F_D,income_binary,development_evaluation,2979,2,"[0,1]",False,2979.0,"[2411,568]","[2411.0,568.0]","[0.8093319906008728,0.19066800939912723]",True,True,"[true,true]",0.2947149839302513,1e-12,0.8677408526351125,0.7379542706258289,0.7379542706258289,0.9045746899480667,0.9045746899480667,0.9045746899480667,"[{""class_index"":0,""support"":2411,""weighted_support"":2411.0,""prevalence"":0.8093319906008728,""predicted_support"":2553,""predicted_weight"":2553.0,""precision"":0.8950254602428516,""recall"":0.9477395271671506,""f1"":0.9206285253827559,""auroc"":0.9045746899480667,""recall_defined"":true,""auroc_defined"":true},{""class_index"":1,""support"":568,""weighted_support"":568.0,""prevalence"":0.19066800939912723,""predicted_support"":426,""predicted_weight"":426.0,""precision"":0.704225352112676,""recall"":0.528169014084507,""f1"":0.6036217303822937,""auroc"":0.9045746899480667,""recall_defined"":true,""auroc_defined"":true}]",fee7ac8a5bd2d22d7e777fc31b1ba364aa25f388bca1602c01390b754e89e7f4
2,S_F_D,income_binary,development_evaluation_person_weighted,2979,2,"[0,1]",True,333421.0,"[2411,568]","[268605.0,64816.0]","[0.8056031263777627,0.19439687362223734]",True,True,"[true,true]",0.3141556547759177,1e-12,0.8634939011040097,0.7247900596127893,0.7247900596127893,0.8909329941431352,0.8909329941431352,0.8909329941431352,"[{""class_index"":0,""support"":2411,""weighted_support"":268605.0,""prevalence"":0.8056031263777627,""predicted_support"":2553,""predicted_weight"":288185.0,""precision"":0.8870621302288461,""recall"":0.9517246514398466,""f1"":0.9182564342032005,""auroc"":0.8909329941431351,""recall_defined"":true,""auroc_defined"":true},{""class_index"":1,""support"":568,""weighted_support"":64816.0,""prevalence"":0.19439687362223734,""predicted_support"":426,""predicted_weight"":45236.0,""precision"":0.713347776107525,""recall"":0.4978554677857319,""f1"":0.5864318685712209,""auroc"":0.8909329941431352,""recall_defined"":true,""auroc_defined"":true}]",fee7ac8a5bd2d22d7e777fc31b1ba364aa25f388bca1602c01390b754e89e7f4
2,S_F_D,civilian_at_work,development_evaluation,2979,2,"[0,1]",False,2979.0,"[996,1983]","[996.0,1983.0]","[0.33434038267875127,0.6656596173212488]",True,True,"[true,true]",0.3003576761658066,1e-12,0.8885532057737496,0.8503241407384454,0.8503241407384454,0.9048506178015138,0.9048506178015137,0.9048506178015137,"[{""class_index"":0,""support"":996,""weighted_support"":996.0,""prevalence"":0.33434038267875127,""predicted_support"":800,""predicted_weight"":800.0,""precision"":0.915,""recall"":0.7349397590361446,""f1"":0.8151447661469933,""auroc"":0.9048506178015137,""recall_defined"":true,""auroc_defined"":true},{""class_index"":1,""support"":1983,""weighted_support"":1983.0,""prevalence"":0.6656596173212488,""predicted_support"":2179,""predicted_weight"":2179.0,""precision"":0.8788435061955026,""recall"":0.9657085224407463,""f1"":0.9202306583373379,""auroc"":0.9048506178015138,""recall_defined"":true,""auroc_defined"":true}]",ba42cf08ebeb4f9f0fc272f3cb68c970491e41c53271f0007b34c96a0f9e8aed
2,S_F_D,civilian_at_work,development_evaluation_person_weighted,2979,2,"[0,1]",True,333421.0,"[996,1983]","[102135.0,231286.0]","[0.30632443667315495,0.693675563326845]",True,True,"[true,true]",0.29812590060066824,1e-12,0.8930961157215652,0.8419620666915077,0.8419620666915077,0.893775945804677,0.893775945804677,0.893775945804677,"[{""class_index"":0,""support"":996,""weighted_support"":102135.0,""prevalence"":0.30632443667315495,""predicted_support"":800,""predicted_weight"":78531.0,""precision"":0.9233423743489833,""recall"":0.7099525138297351,""f1"":0.8027077590692216,""auroc"":0.893775945804677,""recall_defined"":true,""auroc_defined"":true},{""class_index"":1,""support"":1983,""weighted_support"":231286.0,""prevalence"":0.693675563326845,""predicted_support"":2179,""predicted_weight"":254890.0,""precision"":0.8837773157048139,""recall"":0.9739716195532804,""f1"":0.926684986506944,""auroc"":0.893775945804677,""recall_defined"":true,""auroc_defined"":true}]",ba42cf08ebeb4f9f0fc272f3cb68c970491e41c53271f0007b34c96a0f9e8aed
2,S_F_D,public_coverage,development_evaluation,2979,2,"[0,1]",False,2979.0,"[2231,748]","[2231.0,748.0]","[0.7489090298757972,0.25109097012420273]",True,True,"[true,true]",0.49207301695643035,1e-12,0.7677072843235985,0.5898646203112679,0.5898646203112679,0.7463458510008462,0.746345851000846,0.746345851000846,"[{""class_index"":0,""support"":2231,""weighted_support"":2231.0,""prevalence"":0.7489090298757972,""predicted_support"":2687,""predicted_weight"":2687.0,""precision"":0.786378861183476,""recall"":0.9471089197669207,""f1"":0.8592923952826352,""auroc"":0.746345851000846,""recall_defined"":true,""auroc_defined"":true},{""class_index"":1,""support"":748,""weighted_support"":748.0,""prevalence"":0.25109097012420273,""predicted_support"":292,""predicted_weight"":292.0,""precision"":0.5958904109589042,""recall"":0.232620320855615,""f1"":0.3346153846153846,""auroc"":0.7463458510008462,""recall_defined"":true,""auroc_defined"":true}]",108b991faf319483279eacdaab88395a8628f5a7ad6db75b56f4e2e1325f601c
2,S_F_D,public_coverage,development_evaluation_person_weighted,2979,2,"[0,1]",True,333421.0,"[2231,748]","[248778.0,84643.0]","[0.7461377657676032,0.2538622342323969]",True,True,"[true,true]",0.5012664448201956,1e-12,0.7589983834251591,0.572912526980182,0.572912526980182,0.7390621581249107,0.7390621581249108,0.7390621581249108,"[{""class_index"":0,""support"":2231,""weighted_support"":248778.0,""prevalence"":0.7461377657676032,""predicted_support"":2687,""predicted_weight"":304715.0,""precision"":0.7763615181399012,""recall"":0.9509241170843081,""f1"":0.854822012202503,""auroc"":0.7390621581249108,""recall_defined"":true,""auroc_defined"":true},{""class_index"":1,""support"":748,""weighted_support"":84643.0,""prevalence"":0.2538622342323969,""predicted_support"":292,""predicted_weight"":28706.0,""precision"":0.5746882184909078,""recall"":0.19490093687605592,""f1"":0.2910832914273615,""auroc"":0.7390621581249107,""recall_defined"":true,""auroc_defined"":true}]",108b991faf319483279eacdaab88395a8628f5a7ad6db75b56f4e2e1325f601c
2,S_K_I,income_binary,source_validation,2979,2,"[0,1]",False,2979.0,"[2393,586]","[2393.0,586.0]","[0.8032896945283652,0.1967103054716348]",True,True,"[true,true]",0.711269359370762,1e-12,0.46055723397113124,0.5508322767343318,0.5508322767343318,0.5558012633548647,0.5558012633548647,0.5558012633548647,"[{""class_index"":0,""support"":2393,""weighted_support"":2393.0,""prevalence"":0.8032896945283652,""predicted_support"":1138,""predicted_weight"":1138.0,""precision"":0.8453427065026362,""recall"":0.4020058503969912,""f1"":0.5448881336731805,""auroc"":0.5558012633548647,""recall_defined"":true,""auroc_defined"":true},{""class_index"":1,""support"":586,""weighted_support"":586.0,""prevalence"":0.1967103054716348,""predicted_support"":1841,""predicted_weight"":1841.0,""precision"":0.22270505160239001,""recall"":0.6996587030716723,""f1"":0.33786567779151216,""auroc"":0.5558012633548647,""recall_defined"":true,""auroc_defined"":true}]",b1fa57efccde08cc17fd33daf9735eb3f350f905ab63544af7b6a26721f0806e
2,S_K_I,income_binary,source_validation_person_weighted,2979,2,"[0,1]",True,345880.0,"[2393,586]","[279947.0,65933.0]","[0.8093760841910489,0.19062391580895108]",True,True,"[true,true]",0.7150066480380246,1e-12,0.43212964033768936,0.5335169322434659,0.5335169322434659,0.5334616665558345,0.5334616665558345,0.5334616665558345,"[{""class_index"":0,""support"":2393,""weighted_support"":279947.0,""prevalence"":0.8093760841910489,""predicted_support"":1138,""predicted_weight"":123438.0,""precision"":0.8383560977980848,""recall"":0.36965925693077617,""f1"":0.5130830348178539,""auroc"":0.5334616665558345,""recall_defined"":true,""auroc_defined"":true},{""class_index"":1,""support"":586,""weighted_support"":65933.0,""prevalence"":0.19062391580895108,""predicted_support"":1841,""predicted_weight"":222442.0,""precision"":0.20670556819305708,""recall"":0.6973746075561555,""f1"":0.3188903337667967,""auroc"":0.5334616665558345,""recall_defined"":true,""auroc_defined"":true}]",b1fa57efccde08cc17fd33daf9735eb3f350f905ab63544af7b6a26721f0806e
2,S_K_I,civilian_at_work,source_validation,2979,2,"[0,1]",False,2979.0,"[951,2028]","[951.0,2028.0]","[0.3192346424974824,0.6807653575025177]",True,True,"[true,true]",0.7083887331123653,1e-12,0.509231285666331,0.6079951654751461,0.6079951654751461,0.6415729212683835,0.6415729212683836,0.6415729212683836,"[{""class_index"":0,""support"":951,""weighted_support"":951.0,""prevalence"":0.3192346424974824,""predicted_support"":2187,""predicted_weight"":2187.0,""precision"":0.38317329675354367,""recall"":0.8811777076761304,""f1"":0.5340981516889739,""auroc"":0.6415729212683836,""recall_defined"":true,""auroc_defined"":true},{""class_index"":1,""support"":2028,""weighted_support"":2028.0,""prevalence"":0.6807653575025177,""predicted_support"":792,""predicted_weight"":792.0,""precision"":0.8573232323232324,""recall"":0.3348126232741617,""f1"":0.48156028368794324,""auroc"":0.6415729212683835,""recall_defined"":true,""auroc_defined"":true}]",486a245e0ea6ed12a6c0b3d8dab025f2cd8bf73f3a34c396caac91db6ac146c4
2,S_K_I,civilian_at_work,source_validation_person_weighted,2979,2,"[0,1]",True,345880.0,"[951,2028]","[101745.0,244135.0]","[0.29416271539262173,0.7058372846073783]",True,True,"[true,true]",0.7180301405983608,1e-12,0.4774921938244478,0.5962232257623246,0.5962232257623246,0.6264517149103057,0.6264517149103057,0.6264517149103057,"[{""class_index"":0,""support"":951,""weighted_support"":101745.0,""prevalence"":0.29416271539262173,""predicted_support"":2187,""predicted_weight"":258994.0,""precision"":0.34752542529942776,""recall"":0.8846331515062166,""f1"":0.4990145229653572,""auroc"":0.6264517149103057,""recall_defined"":true,""auroc_defined"":true},{""class_index"":1,""support"":2028,""weighted_support"":244135.0,""prevalence"":0.7058372846073783,""predicted_support"":792,""predicted_weight"":86886.0,""precision"":0.8649034366871533,""recall"":0.30781330001843243,""f1"":0.4540376592421629,""auroc"":0.6264517149103057,""recall_defined"":true,""auroc_defined"":true}]",486a245e0ea6ed12a6c0b3d8dab025f2cd8bf73f3a34c396caac91db6ac146c4
2,S_K_I,public_coverage,source_validation,2979,2,"[0,1]",False,2979.0,"[2279,700]","[2279.0,700.0]","[0.765021819402484,0.23497818059751593]",True,True,"[true,true]",0.7116646116310197,1e-12,0.4326955354145686,0.5257910737792264,0.5257910737792264,0.5493299066006394,0.5493297498903028,0.5493297498903028,"[{""class_index"":0,""support"":2279,""weighted_support"":2279.0,""prevalence"":0.765021819402484,""predicted_support"":1007,""predicted_weight"":1007.0,""precision"":0.7924528301886793,""recall"":0.3501535761298815,""f1"":0.48569689592209375,""auroc"":0.5493295931799662,""recall_defined"":true,""auroc_defined"":true},{""class_index"":1,""support"":700,""weighted_support"":700.0,""prevalence"":0.23497818059751593,""predicted_support"":1972,""predicted_weight"":1972.0,""precision"":0.24898580121703853,""recall"":0.7014285714285714,""f1"":0.36751497005988026,""auroc"":0.5493299066006394,""recall_defined"":true,""auroc_defined"":true}]",807fb70b17dd1b68e42846b83ea6f473ab2b68f240914a9fc86b111c43432adc
2,S_K_I,public_coverage,source_validation_person_weighted,2979,2,"[0,1]",True,345880.0,"[2279,700]","[261520.0,84360.0]","[0.7561003816352492,0.24389961836475077]",True,True,"[true,true]",0.7100282051352005,1e-12,0.4386723719208974,0.5231078919882031,0.5231078919882031,0.5443416017463867,0.5443414276900873,0.5443414276900873,"[{""class_index"":0,""support"":2279,""weighted_support"":261520.0,""prevalence"":0.7561003816352492,""predicted_support"":1007,""predicted_weight"":120016.0,""precision"":0.7806625783228903,""recall"":0.35825940654634447,""f1"":0.49113058793927705,""auroc"":0.5443412536337879,""recall_defined"":true,""auroc_defined"":true},{""class_index"":1,""support"":700,""weighted_support"":84360.0,""prevalence"":0.24389961836475077,""predicted_support"":1972,""predicted_weight"":225864.0,""precision"":0.25695108560903906,""recall"":0.6879563774300617,""f1"":0.3741554489659085,""auroc"":0.5443416017463867,""recall_defined"":true,""auroc_defined"":true}]",807fb70b17dd1b68e42846b83ea6f473ab2b68f240914a9fc86b111c43432adc
2,S_K_I,income_binary,development_evaluation,2979,2,"[0,1]",False,2979.0,"[2411,568]","[2411.0,568.0]","[0.8093319906008728,0.19066800939912723]",True,True,"[true,true]",0.7136398343761359,1e-12,0.459214501510574,0.537382580426566,0.537382580426566,0.5492629146926353,0.5492629146926353,0.5492629146926353,"[{""class_index"":0,""support"":2411,""weighted_support"":2411.0,""prevalence"":0.8093319906008728,""predicted_support"":1182,""predicted_weight"":1182.0,""precision"":0.8384094754653131,""recall"":0.4110327664869349,""f1"":0.5516281658780963,""auroc"":0.5492629146926353,""recall_defined"":true,""auroc_defined"":true},{""class_index"":1,""support"":568,""weighted_support"":568.0,""prevalence"":0.19066800939912723,""predicted_support"":1797,""predicted_weight"":1797.0,""precision"":0.20979410127991097,""recall"":0.6637323943661971,""f1"":0.31881606765327697,""auroc"":0.5492629146926353,""recall_defined"":true,""auroc_defined"":true}]",0728301691caad1fd331cb280452d59174210e6c8db4946add50502916c23355
2,S_K_I,income_binary,development_evaluation_person_weighted,2979,2,"[0,1]",True,333421.0,"[2411,568]","[268605.0,64816.0]","[0.8056031263777627,0.19439687362223734]",True,True,"[true,true]",0.715356984881142,1e-12,0.4550223291274395,0.5434402896639449,0.5434402896639449,0.5474967607915865,0.5474967607915866,0.5474967607915866,"[{""class_index"":0,""support"":2411,""weighted_support"":268605.0,""prevalence"":0.8056031263777627,""predicted_support"":1182,""predicted_weight"":127330.0,""precision"":0.8412314458493678,""recall"":0.3987788760447497,""f1"":0.5410686097465494,""auroc"":0.5474967607915866,""recall_defined"":true,""auroc_defined"":true},{""class_index"":1,""support"":568,""weighted_support"":64816.0,""prevalence"":0.19439687362223734,""predicted_support"":1797,""predicted_weight"":206091.0,""precision"":0.2164092561053127,""recall"":0.68810170328314,""f1"":0.32926428626798127,""auroc"":0.5474967607915865,""recall_defined"":true,""auroc_defined"":true}]",0728301691caad1fd331cb280452d59174210e6c8db4946add50502916c23355
2,S_K_I,civilian_at_work,development_evaluation,2979,2,"[0,1]",False,2979.0,"[996,1983]","[996.0,1983.0]","[0.33434038267875127,0.6656596173212488]",True,True,"[true,true]",0.7054242505109678,1e-12,0.5156092648539778,0.6049242355199922,0.6049242355199922,0.6412110874157244,0.6412110874157244,0.6412110874157244,"[{""class_index"":0,""support"":996,""weighted_support"":996.0,""prevalence"":0.33434038267875127,""predicted_support"":2189,""predicted_weight"":2189.0,""precision"":0.39789858382823207,""recall"":0.8744979919678715,""f1"":0.5469387755102041,""auroc"":0.6412110874157244,""recall_defined"":true,""auroc_defined"":true},{""class_index"":1,""support"":1983,""weighted_support"":1983.0,""prevalence"":0.6656596173212488,""predicted_support"":790,""predicted_weight"":790.0,""precision"":0.8417721518987342,""recall"":0.33535047907211296,""f1"":0.47962495492246665,""auroc"":0.6412110874157244,""recall_defined"":true,""auroc_defined"":true}]",2b39626ec87b3900ac506276b80f663d9ed5af1e4e4d9a4b4a9896714b37e8f9
2,S_K_I,civilian_at_work,development_evaluation_person_weighted,2979,2,"[0,1]",True,333421.0,"[996,1983]","[102135.0,231286.0]","[0.30632443667315495,0.693675563326845]",True,True,"[true,true]",0.7101805152019579,1e-12,0.4953617198676748,0.6030656575520793,0.6030656575520793,0.6460491399119364,0.6460491399119364,0.6460491399119364,"[{""class_index"":0,""support"":996,""weighted_support"":102135.0,""prevalence"":0.30632443667315495,""predicted_support"":2189,""predicted_weight"":246108.0,""precision"":0.36566466754433014,""recall"":0.8811181279678857,""f1"":0.516840252352524,""auroc"":0.6460491399119364,""recall_defined"":true,""auroc_defined"":true},{""class_index"":1,""support"":1983,""weighted_support"":231286.0,""prevalence"":0.693675563326845,""predicted_support"":790,""predicted_weight"":87313.0,""precision"":0.8609370884060793,""recall"":0.32501318713627286,""f1"":0.47188472029102413,""auroc"":0.6460491399119364,""recall_defined"":true,""auroc_defined"":true}]",2b39626ec87b3900ac506276b80f663d9ed5af1e4e4d9a4b4a9896714b37e8f9
2,S_K_I,public_coverage,development_evaluation,2979,2,"[0,1]",False,2979.0,"[2231,748]","[2231.0,748.0]","[0.7489090298757972,0.25109097012420273]",True,True,"[true,true]",0.7084253974598431,1e-12,0.4464585431352803,0.5326812033643579,0.5326812033643579,0.556152129569484,0.556152129569484,0.556152129569484,"[{""class_index"":0,""support"":2231,""weighted_support"":2231.0,""prevalence"":0.7489090298757972,""predicted_support"":1022,""predicted_weight"":1022.0,""precision"":0.7847358121330724,""recall"":0.3594800537875392,""f1"":0.4930833077159545,""auroc"":0.5561521295694839,""recall_defined"":true,""auroc_defined"":true},{""class_index"":1,""support"":748,""weighted_support"":748.0,""prevalence"":0.25109097012420273,""predicted_support"":1957,""predicted_weight"":1957.0,""precision"":0.26980071538068473,""recall"":0.7058823529411765,""f1"":0.39038817005545284,""auroc"":0.556152129569484,""recall_defined"":true,""auroc_defined"":true}]",842dca3df8191931081f4f17fe47e3c7c1274bf3b7cb78ed671a55b66be1cf97
2,S_K_I,public_coverage,development_evaluation_person_weighted,2979,2,"[0,1]",True,333421.0,"[2231,748]","[248778.0,84643.0]","[0.7461377657676032,0.2538622342323969]",True,True,"[true,true]",0.7071500314728044,1e-12,0.45623401045525025,0.5341378600353903,0.5341378600353903,0.5546204585677683,0.5546204585677683,0.5546204585677683,"[{""class_index"":0,""support"":2231,""weighted_support"":248778.0,""prevalence"":0.7461377657676032,""predicted_support"":1022,""predicted_weight"":119549.0,""precision"":0.7822064592761128,""recall"":0.3758853274807258,""f1"":0.5077661968848333,""auroc"":0.5546204585677683,""recall_defined"":true,""auroc_defined"":true},{""class_index"":1,""support"":748,""weighted_support"":84643.0,""prevalence"":0.2538622342323969,""predicted_support"":1957,""predicted_weight"":213872.0,""precision"":0.2740237151193237,""recall"":0.6923903925900547,""f1"":0.3926502855802891,""auroc"":0.5546204585677683,""recall_defined"":true,""auroc_defined"":true}]",842dca3df8191931081f4f17fe47e3c7c1274bf3b7cb78ed671a55b66be1cf97
2,S_K_W,income_binary,source_validation,2979,2,"[0,1]",False,2979.0,"[2393,586]","[2393.0,586.0]","[0.8032896945283652,0.1967103054716348]",True,True,"[true,true]",0.33607664773755835,1e-12,0.8429003021148036,0.6844415381038838,0.6844415381038838,0.8802412183430341,0.8802412183430341,0.8802412183430341,"[{""class_index"":0,""support"":2393,""weighted_support"":2393.0,""prevalence"":0.8032896945283652,""predicted_support"":2601,""predicted_weight"":2601.0,""precision"":0.8700499807766243,""recall"":0.9456748850814877,""f1"":0.9062875450540648,""auroc"":0.880241218343034,""recall_defined"":true,""auroc_defined"":true},{""class_index"":1,""support"":586,""weighted_support"":586.0,""prevalence"":0.1967103054716348,""predicted_support"":378,""predicted_weight"":378.0,""precision"":0.656084656084656,""recall"":0.4232081911262799,""f1"":0.5145228215767634,""auroc"":0.8802412183430341,""recall_defined"":true,""auroc_defined"":true}]",aebe18a038ddda3b306d398d6f8014763e12de46e17b87cacdbab12cfcd25f44
2,S_K_W,income_binary,source_validation_person_weighted,2979,2,"[0,1]",True,345880.0,"[2393,586]","[279947.0,65933.0]","[0.8093760841910489,0.19062391580895108]",True,True,"[true,true]",0.3289442332570839,1e-12,0.846631779808026,0.6656601856142902,0.6656601856142902,0.8834867023950557,0.8834867023950557,0.8834867023950557,"[{""class_index"":0,""support"":2393,""weighted_support"":279947.0,""prevalence"":0.8093760841910489,""predicted_support"":2601,""predicted_weight"":309556.0,""precision"":0.8664926539947537,""recall"":0.9581385047884063,""f1"":0.9100140287666051,""auroc"":0.8834867023950557,""recall_defined"":true,""auroc_defined"":true},{""class_index"":1,""support"":586,""weighted_support"":65933.0,""prevalence"":0.19062391580895108,""predicted_support"":378,""predicted_weight"":36324.0,""precision"":0.6773758396652351,""recall"":0.3731818664401741,""f1"":0.4812384482235935,""auroc"":0.8834867023950557,""recall_defined"":true,""auroc_defined"":true}]",aebe18a038ddda3b306d398d6f8014763e12de46e17b87cacdbab12cfcd25f44
2,S_K_W,civilian_at_work,source_validation,2979,2,"[0,1]",False,2979.0,"[951,2028]","[951.0,2028.0]","[0.3192346424974824,0.6807653575025177]",True,True,"[true,true]",0.3546431190027096,1e-12,0.8721047331319235,0.8186710967589396,0.8186710967589396,0.880680463002715,0.8806804630027149,0.8806804630027149,"[{""class_index"":0,""support"":951,""weighted_support"":951.0,""prevalence"":0.3192346424974824,""predicted_support"":706,""predicted_weight"":706.0,""precision"":0.9036827195467422,""recall"":0.6708727655099895,""f1"":0.7700663850331925,""auroc"":0.8806804630027147,""recall_defined"":true,""auroc_defined"":true},{""class_index"":1,""support"":2028,""weighted_support"":2028.0,""prevalence"":0.6807653575025177,""predicted_support"":2273,""predicted_weight"":2273.0,""precision"":0.8622965244170699,""recall"":0.9664694280078896,""f1"":0.9114159497791211,""auroc"":0.880680463002715,""recall_defined"":true,""auroc_defined"":true}]",797b5c6541ad01ad5a430b6d4e0d7e641d2e1a8540b934167b1fb197f57df6f4
2,S_K_W,civilian_at_work,source_validation_person_weighted,2979,2,"[0,1]",True,345880.0,"[951,2028]","[101745.0,244135.0]","[0.29416271539262173,0.7058372846073783]",True,True,"[true,true]",0.34627283605638687,1e-12,0.880623337573725,0.8170309140579928,0.8170309140579928,0.8739074671145232,0.8739074671145233,0.8739074671145233,"[{""class_index"":0,""support"":951,""weighted_support"":101745.0,""prevalence"":0.29416271539262173,""predicted_support"":706,""predicted_weight"":74369.0,""precision"":0.9064529575495166,""recall"":0.6625583566760037,""f1"":0.7655495871992005,""auroc"":0.8739074671145233,""recall_defined"":true,""auroc_defined"":true},{""class_index"":1,""support"":2028,""weighted_support"":244135.0,""prevalence"":0.7058372846073783,""predicted_support"":2273,""predicted_weight"":271511.0,""precision"":0.8735484013539047,""recall"":0.971503471439982,""f1"":0.9199256854508714,""auroc"":0.8739074671145232,""recall_defined"":true,""auroc_defined"":true}]",797b5c6541ad01ad5a430b6d4e0d7e641d2e1a8540b934167b1fb197f57df6f4
2,S_K_W,public_coverage,source_validation,2979,2,"[0,1]",False,2979.0,"[2279,700]","[2279.0,700.0]","[0.765021819402484,0.23497818059751593]",True,True,"[true,true]",0.5020118150415189,1e-12,0.76703591809332,0.5379383188115088,0.5379383188115088,0.7004939509810068,0.7004939509810068,0.7004939509810068,"[{""class_index"":0,""support"":2279,""weighted_support"":2279.0,""prevalence"":0.765021819402484,""predicted_support"":2837,""predicted_weight"":2837.0,""precision"":0.7793443778639407,""recall"":0.9701623519087319,""f1"":0.8643471462079749,""auroc"":0.7004939509810068,""recall_defined"":true,""auroc_defined"":true},{""class_index"":1,""support"":700,""weighted_support"":700.0,""prevalence"":0.23497818059751593,""predicted_support"":142,""predicted_weight"":142.0,""precision"":0.5211267605633803,""recall"":0.10571428571428572,""f1"":0.17577197149643706,""auroc"":0.7004939509810068,""recall_defined"":true,""auroc_defined"":true}]",4b1f65bdb7072e30a9cb5e2ccdc9028ca584e195c202dabcbfcebedfcacdc1ef
2,S_K_W,public_coverage,source_validation_person_weighted,2979,2,"[0,1]",True,345880.0,"[2279,700]","[261520.0,84360.0]","[0.7561003816352492,0.24389961836475077]",True,True,"[true,true]",0.5148229048365464,1e-12,0.7609228634208396,0.5364058050459211,0.5364058050459211,0.689102282856245,0.689102282856245,0.689102282856245,"[{""class_index"":0,""support"":2279,""weighted_support"":261520.0,""prevalence"":0.7561003816352492,""predicted_support"":2837,""predicted_weight"":331002.0,""precision"":0.7701312983003124,""recall"":0.9747438054450902,""f1"":0.8604406249894518,""auroc"":0.6891022828562451,""recall_defined"":true,""auroc_defined"":true},{""class_index"":1,""support"":700,""weighted_support"":84360.0,""prevalence"":0.24389961836475077,""predicted_support"":142,""predicted_weight"":14878.0,""precision"":0.5560559214948245,""recall"":0.09806780464675202,""f1"":0.16673048630564904,""auroc"":0.689102282856245,""recall_defined"":true,""auroc_defined"":true}]",4b1f65bdb7072e30a9cb5e2ccdc9028ca584e195c202dabcbfcebedfcacdc1ef
2,S_K_W,income_binary,development_evaluation,2979,2,"[0,1]",False,2979.0,"[2411,568]","[2411.0,568.0]","[0.8093319906008728,0.19066800939912723]",True,True,"[true,true]",0.3179272364008074,1e-12,0.8647197045988587,0.7226298479387315,0.7226298479387315,0.8908552935197247,0.8908552935197247,0.8908552935197247,"[{""class_index"":0,""support"":2411,""weighted_support"":2411.0,""prevalence"":0.8093319906008728,""predicted_support"":2584,""predicted_weight"":2584.0,""precision"":0.8885448916408669,""recall"":0.9523019493985898,""f1"":0.9193193193193193,""auroc"":0.8908552935197247,""recall_defined"":true,""auroc_defined"":true},{""class_index"":1,""support"":568,""weighted_support"":568.0,""prevalence"":0.19066800939912723,""predicted_support"":395,""predicted_weight"":395.0,""precision"":0.7088607594936709,""recall"":0.49295774647887325,""f1"":0.5815160955347871,""auroc"":0.8908552935197247,""recall_defined"":true,""auroc_defined"":true}]",7c548fb12f5aaed44de59d1c2ad8e3ed4eef6c56992851121e2071e621581cd7
2,S_K_W,income_binary,development_evaluation_person_weighted,2979,2,"[0,1]",True,333421.0,"[2411,568]","[268605.0,64816.0]","[0.8056031263777627,0.19439687362223734]",True,True,"[true,true]",0.3333396809226133,1e-12,0.8583952420513405,0.7061335302727568,0.7061335302727568,0.8740201835246665,0.8740201835246665,0.8740201835246665,"[{""class_index"":0,""support"":2411,""weighted_support"":268605.0,""prevalence"":0.8056031263777627,""predicted_support"":2584,""predicted_weight"":291779.0,""precision"":0.8793813125687592,""recall"":0.9552502745667429,""f1"":0.9157470591594336,""auroc"":0.8740201835246665,""recall_defined"":true,""auroc_defined"":true},{""class_index"":1,""support"":568,""weighted_support"":64816.0,""prevalence"":0.19439687362223734,""predicted_support"":395,""predicted_weight"":41642.0,""precision"":0.7113491186782576,""recall"":0.45701678597877066,""f1"":0.5565011553852224,""auroc"":0.8740201835246665,""recall_defined"":true,""auroc_defined"":true}]",7c548fb12f5aaed44de59d1c2ad8e3ed4eef6c56992851121e2071e621581cd7
2,S_K_W,civilian_at_work,development_evaluation,2979,2,"[0,1]",False,2979.0,"[996,1983]","[996.0,1983.0]","[0.33434038267875127,0.6656596173212488]",True,True,"[true,true]",0.36018217127990115,1e-12,0.8674051695199732,0.8171984458256627,0.8171984458256627,0.8831500991358272,0.8831500991358272,0.8831500991358272,"[{""class_index"":0,""support"":996,""weighted_support"":996.0,""prevalence"":0.33434038267875127,""predicted_support"":725,""predicted_weight"":725.0,""precision"":0.9144827586206896,""recall"":0.6656626506024096,""f1"":0.7704822777454968,""auroc"":0.8831500991358273,""recall_defined"":true,""auroc_defined"":true},{""class_index"":1,""support"":1983,""weighted_support"":1983.0,""prevalence"":0.6656596173212488,""predicted_support"":2254,""predicted_weight"":2254.0,""precision"":0.85226264418811,""recall"":0.9687342410489158,""f1"":0.9067736606089214,""auroc"":0.8831500991358272,""recall_defined"":true,""auroc_defined"":true}]",a027d71aa30f4dde46d8694e2c075e935d4a511ff3339ab732ce0d2271b5d0e3
2,S_K_W,civilian_at_work,development_evaluation_person_weighted,2979,2,"[0,1]",True,333421.0,"[996,1983]","[102135.0,231286.0]","[0.30632443667315495,0.693675563326845]",True,True,"[true,true]",0.3448487996294029,1e-12,0.8773142663479505,0.8155733023472127,0.8155733023472127,0.8817520004060249,0.8817520004060249,0.8817520004060249,"[{""class_index"":0,""support"":996,""weighted_support"":102135.0,""prevalence"":0.30632443667315495,""predicted_support"":725,""predicted_weight"":72809.0,""precision"":0.9204768641239407,""recall"":0.6561805453566358,""f1"":0.7661766050850558,""auroc"":0.8817520004060249,""recall_defined"":true,""auroc_defined"":true},{""class_index"":1,""support"":1983,""weighted_support"":231286.0,""prevalence"":0.693675563326845,""predicted_support"":2254,""predicted_weight"":260612.0,""precision"":0.8652556290577563,""recall"":0.9749660593377896,""f1"":0.9168404831896043,""auroc"":0.8817520004060249,""recall_defined"":true,""auroc_defined"":true}]",a027d71aa30f4dde46d8694e2c075e935d4a511ff3339ab732ce0d2271b5d0e3
2,S_K_W,public_coverage,development_evaluation,2979,2,"[0,1]",False,2979.0,"[2231,748]","[2231.0,748.0]","[0.7489090298757972,0.25109097012420273]",True,True,"[true,true]",0.5052072981192519,1e-12,0.7653575025176234,0.5594140777618247,0.5594140777618247,0.7193586003734447,0.7193586003734447,0.7193586003734447,"[{""class_index"":0,""support"":2231,""weighted_support"":2231.0,""prevalence"":0.7489090298757972,""predicted_support"":2810,""predicted_weight"":2810.0,""precision"":0.7725978647686833,""recall"":0.9731062303899597,""f1"":0.861337036302321,""auroc"":0.7193586003734447,""recall_defined"":true,""auroc_defined"":true},{""class_index"":1,""support"":748,""weighted_support"":748.0,""prevalence"":0.25109097012420273,""predicted_support"":169,""predicted_weight"":169.0,""precision"":0.6449704142011834,""recall"":0.14572192513368984,""f1"":0.23773173391494,""auroc"":0.7193586003734447,""recall_defined"":true,""auroc_defined"":true}]",a9fe137d1ed3184de9c7dd08cc423a5ea41c2917a3826852af7a025f966c863b
2,S_K_W,public_coverage,development_evaluation_person_weighted,2979,2,"[0,1]",True,333421.0,"[2231,748]","[248778.0,84643.0]","[0.7461377657676032,0.2538622342323969]",True,True,"[true,true]",0.5141837714331013,1e-12,0.7598861499425651,0.5513510626405013,0.5513510626405013,0.70955560717106,0.70955560717106,0.70955560717106,"[{""class_index"":0,""support"":2231,""weighted_support"":248778.0,""prevalence"":0.7461377657676032,""predicted_support"":2810,""predicted_weight"":316381.0,""precision"":0.7666389574595187,""recall"":0.9749656320092612,""f1"":0.8583425195387493,""auroc"":0.7095556071710599,""recall_defined"":true,""auroc_defined"":true},{""class_index"":1,""support"":748,""weighted_support"":84643.0,""prevalence"":0.2538622342323969,""predicted_support"":169,""predicted_weight"":17040.0,""precision"":0.6345070422535212,""recall"":0.1277364932717413,""f1"":0.2126609167707483,""auroc"":0.70955560717106,""recall_defined"":true,""auroc_defined"":true}]",a9fe137d1ed3184de9c7dd08cc423a5ea41c2917a3826852af7a025f966c863b
2,S_K_C,income_binary,source_validation,2979,2,"[0,1]",False,2979.0,"[2393,586]","[2393.0,586.0]","[0.8032896945283652,0.1967103054716348]",True,True,"[true,true]",0.3292414966397703,1e-12,0.8412218865391071,0.6853297230688484,0.6853297230688484,0.8832712447710829,0.8832712447710829,0.8832712447710829,"[{""class_index"":0,""support"":2393,""weighted_support"":2393.0,""prevalence"":0.8032896945283652,""predicted_support"":2590,""predicted_weight"":2590.0,""precision"":0.8706563706563707,""recall"":0.9423318010865023,""f1"":0.9050772626931567,""auroc"":0.8832712447710829,""recall_defined"":true,""auroc_defined"":true},{""class_index"":1,""support"":586,""weighted_support"":586.0,""prevalence"":0.1967103054716348,""predicted_support"":389,""predicted_weight"":389.0,""precision"":0.6452442159383034,""recall"":0.4283276450511945,""f1"":0.5148717948717949,""auroc"":0.8832712447710829,""recall_defined"":true,""auroc_defined"":true}]",846362c6d15ae563734e2baa415ad344d9e854d055ddff00b0bf9623ed688ae2
2,S_K_C,income_binary,source_validation_person_weighted,2979,2,"[0,1]",True,345880.0,"[2393,586]","[279947.0,65933.0]","[0.8093760841910489,0.19062391580895108]",True,True,"[true,true]",0.32109638595219336,1e-12,0.8456025211055858,0.6680679878497908,0.6680679878497908,0.8857094933034382,0.8857094933034382,0.8857094933034382,"[{""class_index"":0,""support"":2393,""weighted_support"":279947.0,""prevalence"":0.8093760841910489,""predicted_support"":2590,""predicted_weight"":308150.0,""precision"":0.8675872140191465,""recall"":0.9549914805302432,""f1"":0.9091935514039351,""auroc"":0.8857094933034382,""recall_defined"":true,""auroc_defined"":true},{""class_index"":1,""support"":586,""weighted_support"":65933.0,""prevalence"":0.19062391580895108,""predicted_support"":389,""predicted_weight"":37730.0,""precision"":0.6660482374768089,""recall"":0.38114449516933857,""f1"":0.48484029981767846,""auroc"":0.8857094933034382,""recall_defined"":true,""auroc_defined"":true}]",846362c6d15ae563734e2baa415ad344d9e854d055ddff00b0bf9623ed688ae2
2,S_K_C,civilian_at_work,source_validation,2979,2,"[0,1]",False,2979.0,"[951,2028]","[951.0,2028.0]","[0.3192346424974824,0.6807653575025177]",True,True,"[true,true]",0.339442888779905,1e-12,0.877139979859013,0.8301873145054411,0.8301873145054411,0.8836540794803353,0.8836540794803353,0.8836540794803353,"[{""class_index"":0,""support"":951,""weighted_support"":951.0,""prevalence"":0.3192346424974824,""predicted_support"":747,""predicted_weight"":747.0,""precision"":0.891566265060241,""recall"":0.7003154574132492,""f1"":0.784452296819788,""auroc"":0.8836540794803353,""recall_defined"":true,""auroc_defined"":true},{""class_index"":1,""support"":2028,""weighted_support"":2028.0,""prevalence"":0.6807653575025177,""predicted_support"":2232,""predicted_weight"":2232.0,""precision"":0.8723118279569892,""recall"":0.9600591715976331,""f1"":0.9140845070422535,""auroc"":0.8836540794803353,""recall_defined"":true,""auroc_defined"":true}]",07ce0514dd604e1ddf84af5d13b11defb8ac9a5701570362d503c125f57dbee7
2,S_K_C,civilian_at_work,source_validation_person_weighted,2979,2,"[0,1]",True,345880.0,"[951,2028]","[101745.0,244135.0]","[0.29416271539262173,0.7058372846073783]",True,True,"[true,true]",0.3311391329270173,1e-12,0.8840175783508731,0.8275638624244788,0.8275638624244788,0.879854119679224,0.879854119679224,0.879854119679224,"[{""class_index"":0,""support"":951,""weighted_support"":101745.0,""prevalence"":0.29416271539262173,""predicted_support"":747,""predicted_weight"":78867.0,""precision"":0.8907147476130701,""recall"":0.6904319622585876,""f1"":0.7778885123912033,""auroc"":0.8798541196792241,""recall_defined"":true,""auroc_defined"":true},{""class_index"":1,""support"":2028,""weighted_support"":244135.0,""prevalence"":0.7058372846073783,""predicted_support"":2232,""predicted_weight"":267013.0,""precision"":0.8820394512626726,""recall"":0.96469576259037,""f1"":0.9215178382777591,""auroc"":0.879854119679224,""recall_defined"":true,""auroc_defined"":true}]",07ce0514dd604e1ddf84af5d13b11defb8ac9a5701570362d503c125f57dbee7
2,S_K_C,public_coverage,source_validation,2979,2,"[0,1]",False,2979.0,"[2279,700]","[2279.0,700.0]","[0.765021819402484,0.23497818059751593]",True,True,"[true,true]",0.49597785317263887,1e-12,0.7693856998992951,0.5464025575126935,0.5464025575126935,0.7097063248291857,0.7097063248291857,0.7097063248291857,"[{""class_index"":0,""support"":2279,""weighted_support"":2279.0,""prevalence"":0.765021819402484,""predicted_support"":2816,""predicted_weight"":2816.0,""precision"":0.7826704545454546,""recall"":0.9670908293111014,""f1"":0.865161923454367,""auroc"":0.7097063248291857,""recall_defined"":true,""auroc_defined"":true},{""class_index"":1,""support"":700,""weighted_support"":700.0,""prevalence"":0.23497818059751593,""predicted_support"":163,""predicted_weight"":163.0,""precision"":0.5398773006134969,""recall"":0.12571428571428572,""f1"":0.20393974507531865,""auroc"":0.7097063248291857,""recall_defined"":true,""auroc_defined"":true}]",c00feb31cd5e0037dc0108c1b7dd880f1a791a26a5d05f35f4b85b3fc1eea1f0
2,S_K_C,public_coverage,source_validation_person_weighted,2979,2,"[0,1]",True,345880.0,"[2279,700]","[261520.0,84360.0]","[0.7561003816352492,0.24389961836475077]",True,True,"[true,true]",0.510482113409698,1e-12,0.7617439574418874,0.5423771726396261,0.5423771726396261,0.6949807123636613,0.6949807123636613,0.6949807123636613,"[{""class_index"":0,""support"":2279,""weighted_support"":261520.0,""prevalence"":0.7561003816352492,""predicted_support"":2816,""predicted_weight"":328582.0,""precision"":0.7725529700348771,""recall"":0.9706599877638421,""f1"":0.8603495666850816,""auroc"":0.6949807123636613,""recall_defined"":true,""auroc_defined"":true},{""class_index"":1,""support"":700,""weighted_support"":84360.0,""prevalence"":0.24389961836475077,""predicted_support"":163,""predicted_weight"":17298.0,""precision"":0.5564227078274945,""recall"":0.11409435751541015,""f1"":0.1893604044934978,""auroc"":0.6949807123636613,""recall_defined"":true,""auroc_defined"":true}]",c00feb31cd5e0037dc0108c1b7dd880f1a791a26a5d05f35f4b85b3fc1eea1f0
2,S_K_C,income_binary,development_evaluation,2979,2,"[0,1]",False,2979.0,"[2411,568]","[2411.0,568.0]","[0.8093319906008728,0.19066800939912723]",True,True,"[true,true]",0.306529749718084,1e-12,0.8643840214837194,0.7271327571401032,0.7271327571401032,0.8957477757461401,0.8957475931908331,0.8957475931908331,"[{""class_index"":0,""support"":2411,""weighted_support"":2411.0,""prevalence"":0.8093319906008728,""predicted_support"":2569,""predicted_weight"":2569.0,""precision"":0.8906189178668743,""recall"":0.9489838241393612,""f1"":0.9188755020080321,""auroc"":0.8957474106355261,""recall_defined"":true,""auroc_defined"":true},{""class_index"":1,""support"":568,""weighted_support"":568.0,""prevalence"":0.19066800939912723,""predicted_support"":410,""predicted_weight"":410.0,""precision"":0.7,""recall"":0.5052816901408451,""f1"":0.5869120654396728,""auroc"":0.8957477757461401,""recall_defined"":true,""auroc_defined"":true}]",00e5b81055aa902d61f2ef38db20a4e170665b97212d3ca59abd59b3de4d6358
2,S_K_C,income_binary,development_evaluation_person_weighted,2979,2,"[0,1]",True,333421.0,"[2411,568]","[268605.0,64816.0]","[0.8056031263777627,0.19439687362223734]",True,True,"[true,true]",0.32252600207160065,1e-12,0.8585811931462025,0.7113817375389107,0.7113817375389107,0.8821872187907727,0.8821871074317291,0.8821871074317291,"[{""class_index"":0,""support"":2411,""weighted_support"":268605.0,""prevalence"":0.8056031263777627,""predicted_support"":2569,""predicted_weight"":290087.0,""precision"":0.8817010069392975,""recall"":0.9522160793730571,""f1"":0.9156028724234462,""auroc"":0.8821869960726856,""recall_defined"":true,""auroc_defined"":true},{""class_index"":1,""support"":568,""weighted_support"":64816.0,""prevalence"":0.19439687362223734,""predicted_support"":410,""predicted_weight"":43334.0,""precision"":0.7038122490423224,""recall"":0.4705473957047643,""f1"":0.5640129449838188,""auroc"":0.8821872187907727,""recall_defined"":true,""auroc_defined"":true}]",00e5b81055aa902d61f2ef38db20a4e170665b97212d3ca59abd59b3de4d6358
2,S_K_C,civilian_at_work,development_evaluation,2979,2,"[0,1]",False,2979.0,"[996,1983]","[996.0,1983.0]","[0.33434038267875127,0.6656596173212488]",True,True,"[true,true]",0.33959611744539103,1e-12,0.8704263175562269,0.8274634088547838,0.8274634088547838,0.8908804658877567,0.8908804658877567,0.8908804658877567,"[{""class_index"":0,""support"":996,""weighted_support"":996.0,""prevalence"":0.33434038267875127,""predicted_support"":780,""predicted_weight"":780.0,""precision"":0.8910256410256411,""recall"":0.6977911646586346,""f1"":0.7826576576576577,""auroc"":0.8908804658877568,""recall_defined"":true,""auroc_defined"":true},{""class_index"":1,""support"":1983,""weighted_support"":1983.0,""prevalence"":0.6656596173212488,""predicted_support"":2199,""predicted_weight"":2199.0,""precision"":0.8631195998180992,""recall"":0.957135653050933,""f1"":0.9076996652319465,""auroc"":0.8908804658877567,""recall_defined"":true,""auroc_defined"":true}]",5ece764fa8db07e81fe31eae3b4e8b15709e3970d751bf19625590598efef0d0
2,S_K_C,civilian_at_work,development_evaluation_person_weighted,2979,2,"[0,1]",True,333421.0,"[996,1983]","[102135.0,231286.0]","[0.30632443667315495,0.693675563326845]",True,True,"[true,true]",0.32987066900298073,1e-12,0.881063280357266,0.8273895929812514,0.8273895929812514,0.8864553932301197,0.8864553932301196,0.8864553932301196,"[{""class_index"":0,""support"":996,""weighted_support"":102135.0,""prevalence"":0.30632443667315495,""predicted_support"":780,""predicted_weight"":78227.0,""precision"":0.8993442161913406,""recall"":0.6888236158026142,""f1"":0.7801310697375279,""auroc"":0.8864553932301196,""recall_defined"":true,""auroc_defined"":true},{""class_index"":1,""support"":1983,""weighted_support"":231286.0,""prevalence"":0.693675563326845,""predicted_support"":2199,""predicted_weight"":255194.0,""precision"":0.8754594543758866,""recall"":0.9659555701598886,""f1"":0.918483802006249,""auroc"":0.8864553932301197,""recall_defined"":true,""auroc_defined"":true}]",5ece764fa8db07e81fe31eae3b4e8b15709e3970d751bf19625590598efef0d0
2,S_K_C,public_coverage,development_evaluation,2979,2,"[0,1]",False,2979.0,"[2231,748]","[2231.0,748.0]","[0.7489090298757972,0.25109097012420273]",True,True,"[true,true]",0.49814993216361453,1e-12,0.7656931856327627,0.5663032092752345,0.5663032092752345,0.7317598161060603,0.7317598161060603,0.7317598161060603,"[{""class_index"":0,""support"":2231,""weighted_support"":2231.0,""prevalence"":0.7489090298757972,""predicted_support"":2781,""predicted_weight"":2781.0,""precision"":0.7756202804746494,""recall"":0.9668310174809502,""f1"":0.8607342378292099,""auroc"":0.7317598161060602,""recall_defined"":true,""auroc_defined"":true},{""class_index"":1,""support"":748,""weighted_support"":748.0,""prevalence"":0.25109097012420273,""predicted_support"":198,""predicted_weight"":198.0,""precision"":0.6262626262626263,""recall"":0.1657754010695187,""f1"":0.26215644820295986,""auroc"":0.7317598161060603,""recall_defined"":true,""auroc_defined"":true}]",9337bbf5f1c1900909030d2505aadcc17d9b08e6b2acf206801928a82ce049b7
2,S_K_C,public_coverage,development_evaluation_person_weighted,2979,2,"[0,1]",True,333421.0,"[2231,748]","[248778.0,84643.0]","[0.7461377657676032,0.2538622342323969]",True,True,"[true,true]",0.5074058373588625,1e-12,0.7635721805165242,0.5604972780782551,0.5604972780782551,0.7212941250818143,0.7212941250818143,0.7212941250818143,"[{""class_index"":0,""support"":2231,""weighted_support"":248778.0,""prevalence"":0.7461377657676032,""predicted_support"":2781,""predicted_weight"":314184.0,""precision"":0.7704593486619306,""recall"":0.9730201223580863,""f1"":0.8599727867955563,""auroc"":0.7212941250818145,""recall_defined"":true,""auroc_defined"":true},{""class_index"":1,""support"":748,""weighted_support"":84643.0,""prevalence"":0.2538622342323969,""predicted_support"":198,""predicted_weight"":19237.0,""precision"":0.6510890471487238,""recall"":0.14797443379842398,""f1"":0.24114362726222566,""auroc"":0.7212941250818143,""recall_defined"":true,""auroc_defined"":true}]",9337bbf5f1c1900909030d2505aadcc17d9b08e6b2acf206801928a82ce049b7
2,S_K_D,income_binary,source_validation,2979,2,"[0,1]",False,2979.0,"[2393,586]","[2393.0,586.0]","[0.8032896945283652,0.1967103054716348]",True,True,"[true,true]",0.3306725049338858,1e-12,0.8415575696542464,0.685538665818535,0.685538665818535,0.8823121048450472,0.8823121048450472,0.8823121048450472,"[{""class_index"":0,""support"":2393,""weighted_support"":2393.0,""prevalence"":0.8032896945283652,""predicted_support"":2591,""predicted_weight"":2591.0,""precision"":0.8707062910073331,""recall"":0.9427496865858754,""f1"":0.9052969502407705,""auroc"":0.8823121048450472,""recall_defined"":true,""auroc_defined"":true},{""class_index"":1,""support"":586,""weighted_support"":586.0,""prevalence"":0.1967103054716348,""predicted_support"":388,""predicted_weight"":388.0,""precision"":0.6469072164948454,""recall"":0.4283276450511945,""f1"":0.5154004106776181,""auroc"":0.8823121048450472,""recall_defined"":true,""auroc_defined"":true}]",9e0275fb370e0868131a7e4fc0a5c4b5764c1848dfa6971cabba9629af33570b
2,S_K_D,income_binary,source_validation_person_weighted,2979,2,"[0,1]",True,345880.0,"[2393,586]","[279947.0,65933.0]","[0.8093760841910489,0.19062391580895108]",True,True,"[true,true]",0.322210882329208,1e-12,0.8453047299641494,0.6669796294993904,0.6669796294993904,0.8850193975945768,0.8850193975945768,0.8850193975945768,"[{""class_index"":0,""support"":2393,""weighted_support"":279947.0,""prevalence"":0.8093760841910489,""predicted_support"":2591,""predicted_weight"":308359.0,""precision"":0.8671710571120026,""recall"":0.9551808020803938,""f1"":0.9090507321020014,""auroc"":0.8850193975945767,""recall_defined"":true,""auroc_defined"":true},{""class_index"":1,""support"":586,""weighted_support"":65933.0,""prevalence"":0.19062391580895108,""predicted_support"":388,""predicted_weight"":37521.0,""precision"":0.6656005969990139,""recall"":0.37877845691838685,""f1"":0.48280395151468286,""auroc"":0.8850193975945768,""recall_defined"":true,""auroc_defined"":true}]",9e0275fb370e0868131a7e4fc0a5c4b5764c1848dfa6971cabba9629af33570b
2,S_K_D,civilian_at_work,source_validation,2979,2,"[0,1]",False,2979.0,"[951,2028]","[951.0,2028.0]","[0.3192346424974824,0.6807653575025177]",True,True,"[true,true]",0.3386884246880371,1e-12,0.877139979859013,0.8299081004734972,0.8299081004734972,0.8838609623006614,0.8838609623006614,0.8838609623006614,"[{""class_index"":0,""support"":951,""weighted_support"":951.0,""prevalence"":0.3192346424974824,""predicted_support"":745,""predicted_weight"":745.0,""precision"":0.8926174496644296,""recall"":0.6992639327024185,""f1"":0.7841981132075472,""auroc"":0.8838609623006614,""recall_defined"":true,""auroc_defined"":true},{""class_index"":1,""support"":2028,""weighted_support"":2028.0,""prevalence"":0.6807653575025177,""predicted_support"":2234,""predicted_weight"":2234.0,""precision"":0.8719785138764548,""recall"":0.960552268244576,""f1"":0.9141248240262787,""auroc"":0.8838609623006614,""recall_defined"":true,""auroc_defined"":true}]",56bf2ab5125af88f95e8f843f649e553739741814198e851e011b57dce68c073
2,S_K_D,civilian_at_work,source_validation_person_weighted,2979,2,"[0,1]",True,345880.0,"[951,2028]","[101745.0,244135.0]","[0.29416271539262173,0.7058372846073783]",True,True,"[true,true]",0.3308270977528321,1e-12,0.8836272695732624,0.826384523302041,0.826384523302041,0.8786811069080198,0.8786811069080198,0.8786811069080198,"[{""class_index"":0,""support"":951,""weighted_support"":101745.0,""prevalence"":0.29416271539262173,""predicted_support"":745,""predicted_weight"":78372.0,""precision"":0.8923212371765427,""recall"":0.6873359870263895,""f1"":0.7765285897499958,""auroc"":0.8786811069080198,""recall_defined"":true,""auroc_defined"":true},{""class_index"":1,""support"":2028,""weighted_support"":244135.0,""prevalence"":0.7058372846073783,""predicted_support"":2234,""predicted_weight"":267508.0,""precision"":0.8810801919942581,""recall"":0.9654330595776927,""f1"":0.9213299116766964,""auroc"":0.8786811069080198,""recall_defined"":true,""auroc_defined"":true}]",56bf2ab5125af88f95e8f843f649e553739741814198e851e011b57dce68c073
2,S_K_D,public_coverage,source_validation,2979,2,"[0,1]",False,2979.0,"[2279,700]","[2279.0,700.0]","[0.765021819402484,0.23497818059751593]",True,True,"[true,true]",0.49681073887740407,1e-12,0.7697213830144344,0.5466219519839529,0.5466219519839529,0.7080367329029023,0.7080367329029023,0.7080367329029023,"[{""class_index"":0,""support"":2279,""weighted_support"":2279.0,""prevalence"":0.765021819402484,""predicted_support"":2817,""predicted_weight"":2817.0,""precision"":0.7827476038338658,""recall"":0.96752961825362,""f1"":0.8653846153846154,""auroc"":0.7080367329029021,""recall_defined"":true,""auroc_defined"":true},{""class_index"":1,""support"":700,""weighted_support"":700.0,""prevalence"":0.23497818059751593,""predicted_support"":162,""predicted_weight"":162.0,""precision"":0.5432098765432098,""recall"":0.12571428571428572,""f1"":0.20417633410672853,""auroc"":0.7080367329029023,""recall_defined"":true,""auroc_defined"":true}]",8abc59dbc0ab6ce2d9ac0c0891260c1ead5a530e464646ab5d49bb79c4d113d8
2,S_K_D,public_coverage,source_validation_person_weighted,2979,2,"[0,1]",True,345880.0,"[2279,700]","[261520.0,84360.0]","[0.7561003816352492,0.24389961836475077]",True,True,"[true,true]",0.511336821332597,1e-12,0.7615010986469296,0.5409839435239525,0.5409839435239525,0.6930083716955231,0.6930083716955231,0.6930083716955231,"[{""class_index"":0,""support"":2279,""weighted_support"":261520.0,""prevalence"":0.7561003816352492,""predicted_support"":2817,""predicted_weight"":329112.0,""precision"":0.7719864362283965,""recall"":0.9715126950137657,""f1"":0.8603326606076203,""auroc"":0.6930083716955231,""recall_defined"":true,""auroc_defined"":true},{""class_index"":1,""support"":700,""weighted_support"":84360.0,""prevalence"":0.24389961836475077,""predicted_support"":162,""predicted_weight"":16768.0,""precision"":0.5557013358778626,""recall"":0.11045519203413941,""f1"":0.1842813068586346,""auroc"":0.6930083716955231,""recall_defined"":true,""auroc_defined"":true}]",8abc59dbc0ab6ce2d9ac0c0891260c1ead5a530e464646ab5d49bb79c4d113d8
2,S_K_D,income_binary,development_evaluation,2979,2,"[0,1]",False,2979.0,"[2411,568]","[2411.0,568.0]","[0.8093319906008728,0.19066800939912723]",True,True,"[true,true]",0.3066114074070212,1e-12,0.8620342396777442,0.7229894818934345,0.7229894818934345,0.8956908184903698,0.8956908184903698,0.8956908184903698,"[{""class_index"":0,""support"":2411,""weighted_support"":2411.0,""prevalence"":0.8093319906008728,""predicted_support"":2570,""predicted_weight"":2570.0,""precision"":0.8891050583657587,""recall"":0.9477395271671506,""f1"":0.9174864485043164,""auroc"":0.8956908184903698,""recall_defined"":true,""auroc_defined"":true},{""class_index"":1,""support"":568,""weighted_support"":568.0,""prevalence"":0.19066800939912723,""predicted_support"":409,""predicted_weight"":409.0,""precision"":0.6919315403422983,""recall"":0.4982394366197183,""f1"":0.579324462640737,""auroc"":0.8956908184903698,""recall_defined"":true,""auroc_defined"":true}]",857723520bb8f035c2d19d26e0e0760389aec5f82f996488a9ced89ef9351b08
2,S_K_D,income_binary,development_evaluation_person_weighted,2979,2,"[0,1]",True,333421.0,"[2411,568]","[268605.0,64816.0]","[0.8056031263777627,0.19439687362223734]",True,True,"[true,true]",0.3229143829151651,1e-12,0.8559868754517562,0.7058912428045372,0.7058912428045372,0.8819497344513435,0.8819497344513434,0.8819497344513434,"[{""class_index"":0,""support"":2411,""weighted_support"":268605.0,""prevalence"":0.8056031263777627,""predicted_support"":2570,""predicted_weight"":290548.0,""precision"":0.8796068119553395,""recall"":0.9514640457176895,""f1"":0.9141254719191348,""auroc"":0.8819497344513434,""recall_defined"":true,""auroc_defined"":true},{""class_index"":1,""support"":568,""weighted_support"":64816.0,""prevalence"":0.19439687362223734,""predicted_support"":409,""predicted_weight"":42873.0,""precision"":0.6959158444708791,""recall"":0.4603184398913848,""f1"":0.5541141620778353,""auroc"":0.8819497344513435,""recall_defined"":true,""auroc_defined"":true}]",857723520bb8f035c2d19d26e0e0760389aec5f82f996488a9ced89ef9351b08
2,S_K_D,civilian_at_work,development_evaluation,2979,2,"[0,1]",False,2979.0,"[996,1983]","[996.0,1983.0]","[0.33434038267875127,0.6656596173212488]",True,True,"[true,true]",0.33911787802393745,1e-12,0.8717690500167842,0.8282221169093925,0.8282221169093925,0.8898121482399594,0.8898121482399594,0.8898121482399594,"[{""class_index"":0,""support"":996,""weighted_support"":996.0,""prevalence"":0.33434038267875127,""predicted_support"":774,""predicted_weight"":774.0,""precision"":0.896640826873385,""recall"":0.6967871485943775,""f1"":0.784180790960452,""auroc"":0.8898121482399594,""recall_defined"":true,""auroc_defined"":true},{""class_index"":1,""support"":1983,""weighted_support"":1983.0,""prevalence"":0.6656596173212488,""predicted_support"":2205,""predicted_weight"":2205.0,""precision"":0.8630385487528345,""recall"":0.9596570852244075,""f1"":0.9087870105062082,""auroc"":0.8898121482399594,""recall_defined"":true,""auroc_defined"":true}]",c4e502c5bbedee7b263209c2f8640fabf6f64ced47e36017978eae729ddd7d76
2,S_K_D,civilian_at_work,development_evaluation_person_weighted,2979,2,"[0,1]",True,333421.0,"[996,1983]","[102135.0,231286.0]","[0.30632443667315495,0.693675563326845]",True,True,"[true,true]",0.32909873288530533,1e-12,0.8826258693963488,0.8279883085490329,0.8279883085490329,0.8854382255644563,0.8854382255644562,0.8854382255644562,"[{""class_index"":0,""support"":996,""weighted_support"":102135.0,""prevalence"":0.30632443667315495,""predicted_support"":774,""predicted_weight"":77320.0,""precision"":0.9073978272115882,""recall"":0.6869339599549615,""f1"":0.781923044774456,""auroc"":0.8854382255644562,""recall_defined"":true,""auroc_defined"":true},{""class_index"":1,""support"":1983,""weighted_support"":231286.0,""prevalence"":0.693675563326845,""predicted_support"":2205,""predicted_weight"":256101.0,""precision"":0.8751469146938122,""recall"":0.9690426571431042,""f1"":0.9197044648297964,""auroc"":0.8854382255644563,""recall_defined"":true,""auroc_defined"":true}]",c4e502c5bbedee7b263209c2f8640fabf6f64ced47e36017978eae729ddd7d76
2,S_K_D,public_coverage,development_evaluation,2979,2,"[0,1]",False,2979.0,"[2231,748]","[2231.0,748.0]","[0.7489090298757972,0.25109097012420273]",True,True,"[true,true]",0.49806429058768786,1e-12,0.7653575025176234,0.5656347600773735,0.5656347600773735,0.7314074645790838,0.7314074645790838,0.7314074645790838,"[{""class_index"":0,""support"":2231,""weighted_support"":2231.0,""prevalence"":0.7489090298757972,""predicted_support"":2782,""predicted_weight"":2782.0,""precision"":0.7753414809489576,""recall"":0.9668310174809502,""f1"":0.8605625374027528,""auroc"":0.7314074645790837,""recall_defined"":true,""auroc_defined"":true},{""class_index"":1,""support"":748,""weighted_support"":748.0,""prevalence"":0.25109097012420273,""predicted_support"":197,""predicted_weight"":197.0,""precision"":0.6243654822335025,""recall"":0.16443850267379678,""f1"":0.26031746031746034,""auroc"":0.7314074645790838,""recall_defined"":true,""auroc_defined"":true}]",1475203a32e45f18fdb01ba0d9596d842bf5658f614dfaa1b680dbc770bbdd76
2,S_K_D,public_coverage,development_evaluation_person_weighted,2979,2,"[0,1]",True,333421.0,"[2231,748]","[248778.0,84643.0]","[0.7461377657676032,0.2538622342323969]",True,True,"[true,true]",0.5069654649952212,1e-12,0.7634912018139229,0.5600883549801674,0.5600883549801674,0.7214406654558478,0.7214406654558478,0.7214406654558478,"[{""class_index"":0,""support"":2231,""weighted_support"":248778.0,""prevalence"":0.7461377657676032,""predicted_support"":2782,""predicted_weight"":314339.0,""precision"":0.7702830383757663,""recall"":0.9732773798326219,""f1"":0.8599633823876743,""auroc"":0.7214406654558477,""recall_defined"":true,""auroc_defined"":true},{""class_index"":1,""support"":748,""weighted_support"":84643.0,""prevalence"":0.2538622342323969,""predicted_support"":197,""predicted_weight"":19082.0,""precision"":0.6516088460329106,""recall"":0.14689933012771286,""f1"":0.23974933718968428,""auroc"":0.7214406654558478,""recall_defined"":true,""auroc_defined"":true}]",1475203a32e45f18fdb01ba0d9596d842bf5658f614dfaa1b680dbc770bbdd76
2,S_bank,income_binary,source_validation,2979,2,"[0,1]",False,2979.0,"[2393,586]","[2393.0,586.0]","[0.8032896945283652,0.1967103054716348]",True,True,"[true,true]",0.329432875382792,1e-12,0.8439073514602216,0.7050416530580519,0.7050416530580519,0.8844478848290449,0.8844478848290449,0.8844478848290449,"[{""class_index"":0,""support"":2393,""weighted_support"":2393.0,""prevalence"":0.8032896945283652,""predicted_support"":2542,""predicted_weight"":2542.0,""precision"":0.8792289535798584,""recall"":0.9339740910990388,""f1"":0.9057750759878419,""auroc"":0.8844478848290449,""recall_defined"":true,""auroc_defined"":true},{""class_index"":1,""support"":586,""weighted_support"":586.0,""prevalence"":0.1967103054716348,""predicted_support"":437,""predicted_weight"":437.0,""precision"":0.6384439359267735,""recall"":0.4761092150170648,""f1"":0.5454545454545454,""auroc"":0.8844478848290449,""recall_defined"":true,""auroc_defined"":true}]",f910002df48c73737ed95ceb7a8f116fcedb78230cabe7e4bf5ba13bd47a8659
2,S_bank,income_binary,source_validation_person_weighted,2979,2,"[0,1]",True,345880.0,"[2393,586]","[279947.0,65933.0]","[0.8093760841910489,0.19062391580895108]",True,True,"[true,true]",0.3210024408171678,1e-12,0.8475685208742917,0.690327078423165,0.690327078423165,0.8848811625109394,0.8848811625109394,0.8848811625109394,"[{""class_index"":0,""support"":2393,""weighted_support"":279947.0,""prevalence"":0.8093760841910489,""predicted_support"":2542,""predicted_weight"":301570.0,""precision"":0.8767350863812714,""recall"":0.9444537716067685,""f1"":0.9093354106586737,""auroc"":0.8848811625109394,""recall_defined"":true,""auroc_defined"":true},{""class_index"":1,""support"":586,""weighted_support"":65933.0,""prevalence"":0.19062391580895108,""predicted_support"":437,""predicted_weight"":44310.0,""precision"":0.6490634168359287,""recall"":0.4362003852395614,""f1"":0.521756483404842,""auroc"":0.8848811625109394,""recall_defined"":true,""auroc_defined"":true}]",f910002df48c73737ed95ceb7a8f116fcedb78230cabe7e4bf5ba13bd47a8659
2,S_bank,civilian_at_work,source_validation,2979,2,"[0,1]",False,2979.0,"[951,2028]","[951.0,2028.0]","[0.3192346424974824,0.6807653575025177]",True,True,"[true,true]",0.32476916728618177,1e-12,0.87378314870762,0.8215791225679603,0.8215791225679603,0.8881443181370382,0.8881443181370383,0.8881443181370383,"[{""class_index"":0,""support"":951,""weighted_support"":951.0,""prevalence"":0.3192346424974824,""predicted_support"":713,""predicted_weight"":713.0,""precision"":0.9032258064516129,""recall"":0.6771819137749737,""f1"":0.7740384615384616,""auroc"":0.8881443181370383,""recall_defined"":true,""auroc_defined"":true},{""class_index"":1,""support"":2028,""weighted_support"":2028.0,""prevalence"":0.6807653575025177,""predicted_support"":2266,""predicted_weight"":2266.0,""precision"":0.8645189761694616,""recall"":0.9659763313609467,""f1"":0.912435957149511,""auroc"":0.8881443181370382,""recall_defined"":true,""auroc_defined"":true}]",2d7ef163949b02ec1f743eaf5d7faae89eb18ad87703ad28ae48547374a8d247
2,S_bank,civilian_at_work,source_validation_person_weighted,2979,2,"[0,1]",True,345880.0,"[951,2028]","[101745.0,244135.0]","[0.29416271539262173,0.7058372846073783]",True,True,"[true,true]",0.3198808018979838,1e-12,0.8825401873482133,0.8184288961319649,0.8184288961319649,0.8787192134080094,0.8787192134080095,0.8787192134080095,"[{""class_index"":0,""support"":951,""weighted_support"":101745.0,""prevalence"":0.29416271539262173,""predicted_support"":713,""predicted_weight"":73734.0,""precision"":0.9144492364445168,""recall"":0.6626959555752125,""f1"":0.7684794191897606,""auroc"":0.8787192134080095,""recall_defined"":true,""auroc_defined"":true},{""class_index"":1,""support"":2028,""weighted_support"":244135.0,""prevalence"":0.7058372846073783,""predicted_support"":2266,""predicted_weight"":272146.0,""precision"":0.8738948946521352,""recall"":0.9741618366887173,""f1"":0.9213083572705562,""auroc"":0.8787192134080094,""recall_defined"":true,""auroc_defined"":true}]",2d7ef163949b02ec1f743eaf5d7faae89eb18ad87703ad28ae48547374a8d247
2,S_bank,public_coverage,source_validation,2979,2,"[0,1]",False,2979.0,"[2279,700]","[2279.0,700.0]","[0.765021819402484,0.23497818059751593]",True,True,"[true,true]",0.49558335726734465,1e-12,0.7683786505538771,0.5883050209991851,0.5883050209991851,0.7188842224033097,0.7188842224033096,0.7188842224033096,"[{""class_index"":0,""support"":2279,""weighted_support"":2279.0,""prevalence"":0.765021819402484,""predicted_support"":2641,""predicted_weight"":2641.0,""precision"":0.8008330177962892,""recall"":0.9280386134269416,""f1"":0.8597560975609756,""auroc"":0.7188842224033096,""recall_defined"":true,""auroc_defined"":true},{""class_index"":1,""support"":700,""weighted_support"":700.0,""prevalence"":0.23497818059751593,""predicted_support"":338,""predicted_weight"":338.0,""precision"":0.514792899408284,""recall"":0.24857142857142858,""f1"":0.3352601156069364,""auroc"":0.7188842224033097,""recall_defined"":true,""auroc_defined"":true}]",00104b0d963669178b10ea000b5426bc52a6a2e123721ad9434aa3c03bf211dc
2,S_bank,public_coverage,source_validation_person_weighted,2979,2,"[0,1]",True,345880.0,"[2279,700]","[261520.0,84360.0]","[0.7561003816352492,0.24389961836475077]",True,True,"[true,true]",0.5103210777431936,1e-12,0.761272695732624,0.580124475818576,0.580124475818576,0.7026209555072573,0.7026209555072573,0.7026209555072573,"[{""class_index"":0,""support"":2279,""weighted_support"":261520.0,""prevalence"":0.7561003816352492,""predicted_support"":2641,""predicted_weight"":309461.0,""precision"":0.7891301327146232,""recall"":0.9337909146527991,""f1"":0.8553874822454688,""auroc"":0.7026209555072574,""recall_defined"":true,""auroc_defined"":true},{""class_index"":1,""support"":700,""weighted_support"":84360.0,""prevalence"":0.24389961836475077,""predicted_support"":338,""predicted_weight"":36419.0,""precision"":0.5245613553365002,""recall"":0.22645803698435277,""f1"":0.31634638471919785,""auroc"":0.7026209555072573,""recall_defined"":true,""auroc_defined"":true}]",00104b0d963669178b10ea000b5426bc52a6a2e123721ad9434aa3c03bf211dc
2,S_bank,income_binary,development_evaluation,2979,2,"[0,1]",False,2979.0,"[2411,568]","[2411.0,568.0]","[0.8093319906008728,0.19066800939912723]",True,True,"[true,true]",0.30284884128838635,1e-12,0.8660624370594159,0.7436463450967106,0.7436463450967106,0.8985321092878298,0.8985321092878298,0.8985321092878298,"[{""class_index"":0,""support"":2411,""weighted_support"":2411.0,""prevalence"":0.8093319906008728,""predicted_support"":2528,""predicted_weight"":2528.0,""precision"":0.8979430379746836,""recall"":0.941518042306097,""f1"":0.9192144158736586,""auroc"":0.8985321092878297,""recall_defined"":true,""auroc_defined"":true},{""class_index"":1,""support"":568,""weighted_support"":568.0,""prevalence"":0.19066800939912723,""predicted_support"":451,""predicted_weight"":451.0,""precision"":0.6873614190687362,""recall"":0.545774647887324,""f1"":0.6084396467124632,""auroc"":0.8985321092878298,""recall_defined"":true,""auroc_defined"":true}]",f9ac47891de45f5cf8c01b07cf07671167dc4721f51cdd428784eea6cf7c6eb6
2,S_bank,income_binary,development_evaluation_person_weighted,2979,2,"[0,1]",True,333421.0,"[2411,568]","[268605.0,64816.0]","[0.8056031263777627,0.19439687362223734]",True,True,"[true,true]",0.3178556128284371,1e-12,0.8637788261687176,0.7350978800013533,0.7350978800013533,0.8868454114383029,0.8868454114383029,0.8868454114383029,"[{""class_index"":0,""support"":2411,""weighted_support"":268605.0,""prevalence"":0.8056031263777627,""predicted_support"":2528,""predicted_weight"":284818.0,""precision"":0.8918045910019732,""recall"":0.9456339234191471,""f1"":0.9179307690500756,""auroc"":0.8868454114383029,""recall_defined"":true,""auroc_defined"":true},{""class_index"":1,""support"":568,""weighted_support"":64816.0,""prevalence"":0.19439687362223734,""predicted_support"":451,""predicted_weight"":48603.0,""precision"":0.6995452955578874,""recall"":0.5245618365835596,""f1"":0.5995468131441822,""auroc"":0.8868454114383029,""recall_defined"":true,""auroc_defined"":true}]",f9ac47891de45f5cf8c01b07cf07671167dc4721f51cdd428784eea6cf7c6eb6
2,S_bank,civilian_at_work,development_evaluation,2979,2,"[0,1]",False,2979.0,"[996,1983]","[996.0,1983.0]","[0.33434038267875127,0.6656596173212488]",True,True,"[true,true]",0.3247913698121532,1e-12,0.8724404162470628,0.8262277551962768,0.8262277551962768,0.8948676703789441,0.894867670378944,0.894867670378944,"[{""class_index"":0,""support"":996,""weighted_support"":996.0,""prevalence"":0.33434038267875127,""predicted_support"":752,""predicted_weight"":752.0,""precision"":0.9095744680851063,""recall"":0.6867469879518072,""f1"":0.782608695652174,""auroc"":0.8948676703789439,""recall_defined"":true,""auroc_defined"":true},{""class_index"":1,""support"":1983,""weighted_support"":1983.0,""prevalence"":0.6656596173212488,""predicted_support"":2227,""predicted_weight"":2227.0,""precision"":0.8599012123933543,""recall"":0.9657085224407463,""f1"":0.9097387173396675,""auroc"":0.8948676703789441,""recall_defined"":true,""auroc_defined"":true}]",686b96de91f854b67ae225d6e87246f7e272c6f0fbb0f57ab5984bc2e3465a36
2,S_bank,civilian_at_work,development_evaluation_person_weighted,2979,2,"[0,1]",True,333421.0,"[996,1983]","[102135.0,231286.0]","[0.30632443667315495,0.693675563326845]",True,True,"[true,true]",0.3120873908027312,1e-12,0.8836965877974092,0.8259198118645004,0.8259198118645004,0.8904884720114972,0.8904884720114972,0.8904884720114972,"[{""class_index"":0,""support"":996,""weighted_support"":102135.0,""prevalence"":0.30632443667315495,""predicted_support"":752,""predicted_weight"":74885.0,""precision"":0.9230286439206784,""recall"":0.6767611494590493,""f1"":0.7809400067788951,""auroc"":0.8904884720114973,""recall_defined"":true,""auroc_defined"":true},{""class_index"":1,""support"":1983,""weighted_support"":231286.0,""prevalence"":0.693675563326845,""predicted_support"":2227,""predicted_weight"":258536.0,""precision"":0.872304050499737,""recall"":0.9750784742699515,""f1"":0.920832465671203,""auroc"":0.8904884720114972,""recall_defined"":true,""auroc_defined"":true}]",686b96de91f854b67ae225d6e87246f7e272c6f0fbb0f57ab5984bc2e3465a36
2,S_bank,public_coverage,development_evaluation,2979,2,"[0,1]",False,2979.0,"[2231,748]","[2231.0,748.0]","[0.7489090298757972,0.25109097012420273]",True,True,"[true,true]",0.4989602056728734,1e-12,0.7623363544813696,0.6027191590543557,0.6027191590543557,0.735914927480303,0.735914927480303,0.735914927480303,"[{""class_index"":0,""support"":2231,""weighted_support"":2231.0,""prevalence"":0.7489090298757972,""predicted_support"":2597,""predicted_weight"":2597.0,""precision"":0.7932229495571813,""recall"":0.923352756611385,""f1"":0.8533554266777134,""auroc"":0.735914927480303,""recall_defined"":true,""auroc_defined"":true},{""class_index"":1,""support"":748,""weighted_support"":748.0,""prevalence"":0.25109097012420273,""predicted_support"":382,""predicted_weight"":382.0,""precision"":0.5523560209424084,""recall"":0.2820855614973262,""f1"":0.3734513274336283,""auroc"":0.735914927480303,""recall_defined"":true,""auroc_defined"":true}]",6a51b526d18049368d615da7292302097d5926bbb7e5ef5ca3fced41245aa079
2,S_bank,public_coverage,development_evaluation_person_weighted,2979,2,"[0,1]",True,333421.0,"[2231,748]","[248778.0,84643.0]","[0.7461377657676032,0.2538622342323969]",True,True,"[true,true]",0.5056864147910148,1e-12,0.7598981467873949,0.5929709905044578,0.5929709905044578,0.7301190800171188,0.7301190800171187,0.7301190800171187,"[{""class_index"":0,""support"":2231,""weighted_support"":248778.0,""prevalence"":0.7461377657676032,""predicted_support"":2597,""predicted_weight"":295031.0,""precision"":0.7859411383888473,""recall"":0.932063928482422,""f1"":0.852788387099147,""auroc"":0.7301190800171187,""recall_defined"":true,""auroc_defined"":true},{""class_index"":1,""support"":748,""weighted_support"":84643.0,""prevalence"":0.2538622342323969,""predicted_support"":382,""predicted_weight"":38390.0,""precision"":0.5597551445688982,""recall"":0.25387805252649365,""f1"":0.3493209139011485,""auroc"":0.7301190800171188,""recall_defined"":true,""auroc_defined"":true}]",6a51b526d18049368d615da7292302097d5926bbb7e5ef5ca3fced41245aa079
