comparison,left,right,role,target,audit_budget,selector,split,n_seeds,n_defined,complete,mean,sample_sd,per_seed
K_minus_F,E_K_C,E_F_C,transfer,same_residence,,primary,validation,3,3,True,0.0010840715496510667,0.002474728565487608,"{""0"":0.0027915117321125615,""1"":-0.0017540294249605015,""2"":0.00221473234180114}"
K_minus_F,E_K_C,E_F_C,transfer,same_residence,,primary,development_evaluation,3,3,True,0.0015826930426954267,0.001756893440260738,"{""0"":0.000863612634160793,""1"":0.0035850561482450027,""2"":0.0002994103456804842}"
K_minus_F,E_K_C,E_F_C,transfer,same_residence,,primary,validation_person_weighted,3,3,True,0.0006610239281085543,0.0017832708472641562,"{""0"":0.0017921050600614996,""1"":-0.0013946664690618338,""2"":0.001585633193325997}"
K_minus_F,E_K_C,E_F_C,transfer,same_residence,,primary,development_evaluation_person_weighted,3,3,True,0.001620692942504054,0.002128454536603154,"{""0"":0.0004428735634346981,""1"":0.0040777233045604655,""2"":0.0003414819595169982}"
K_minus_F,E_K_C,E_F_C,transfer,commute_over20,,primary,validation,3,3,True,0.0014805675375506588,0.001375107006387998,"{""0"":0.003068404263696478,""1"":0.0006862280518632469,""2"":0.0006870702970922515}"
K_minus_F,E_K_C,E_F_C,transfer,commute_over20,,primary,development_evaluation,3,3,True,0.002135565801437589,0.0039493564671023605,"{""0"":0.004269676030989489,""1"":0.004558725099893968,""2"":-0.0024217037265706898}"
K_minus_F,E_K_C,E_F_C,transfer,commute_over20,,primary,validation_person_weighted,3,3,True,0.002474038636259205,0.00259885304852008,"{""0"":0.005436354212210226,""1"":0.0005774870722583536,""2"":0.001408274624309036}"
K_minus_F,E_K_C,E_F_C,transfer,commute_over20,,primary,development_evaluation_person_weighted,3,3,True,0.0021263118539516976,0.004193801192495084,"{""0"":0.005406287417278999,""1"":0.0035716585225794573,""2"":-0.0025990103780033635}"
K_minus_F,E_K_C,E_F_C,transfer,income_binary,,primary,validation,3,3,True,0.02830311639990289,0.01369514942650427,"{""0"":0.04227035395054579,""1"":0.02774167203962291,""2"":0.014897323209539959}"
K_minus_F,E_K_C,E_F_C,transfer,income_binary,,primary,development_evaluation,3,3,True,0.029290690602458758,0.012666404058749301,"{""0"":0.032078112778361534,""1"":0.04033122657612975,""2"":0.015462732452884986}"
K_minus_F,E_K_C,E_F_C,transfer,income_binary,,primary,validation_person_weighted,3,3,True,0.024643447272316432,0.010252111033426962,"{""0"":0.035712617239372524,""1"":0.022743540792044548,""2"":0.015474183785532225}"
K_minus_F,E_K_C,E_F_C,transfer,income_binary,,primary,development_evaluation_person_weighted,3,3,True,0.0291309310213137,0.012756868146420202,"{""0"":0.028198602678776108,""1"":0.04232838569281955,""2"":0.016865804692345443}"
K_minus_F,E_K_C,E_F_C,transfer,civilian_at_work,,primary,validation,3,3,True,0.06559863907096286,0.03144913062828694,"{""0"":0.09648599454357576,""1"":0.06669359099997008,""2"":0.03361633166934275}"
K_minus_F,E_K_C,E_F_C,transfer,civilian_at_work,,primary,development_evaluation,3,3,True,0.06422250806670526,0.03644848159735319,"{""0"":0.10250608406484912,""1"":0.06022230741336271,""2"":0.02993913272190396}"
K_minus_F,E_K_C,E_F_C,transfer,civilian_at_work,,primary,validation_person_weighted,3,3,True,0.06109093982726891,0.030719938165258948,"{""0"":0.09519514682336411,""1"":0.05248820907238705,""2"":0.03558946358605558}"
K_minus_F,E_K_C,E_F_C,transfer,civilian_at_work,,primary,development_evaluation_person_weighted,3,3,True,0.06212305232586135,0.03616041610949311,"{""0"":0.10214653830688691,""1"":0.05241500385026293,""2"":0.031807614820434205}"
K_minus_F,E_K_C,E_F_C,transfer,public_coverage,,primary,validation,3,3,True,0.017685151231888463,0.014305671215181653,"{""0"":0.022394411396515157,""1"":0.029042537064212615,""2"":0.0016185052349376172}"
K_minus_F,E_K_C,E_F_C,transfer,public_coverage,,primary,development_evaluation,3,3,True,0.014319044367518796,0.005716553015467547,"{""0"":0.018683228319463785,""1"":0.016425821963337972,""2"":0.007848082819754632}"
K_minus_F,E_K_C,E_F_C,transfer,public_coverage,,primary,validation_person_weighted,3,3,True,0.01839843088669076,0.012963683766255516,"{""0"":0.018804348639183788,""1"":0.031154388627011198,""2"":0.005236555393877296}"
K_minus_F,E_K_C,E_F_C,transfer,public_coverage,,primary,development_evaluation_person_weighted,3,3,True,0.011669349745317062,0.004465313304704143,"{""0"":0.01277352075113214,""1"":0.015478987262227017,""2"":0.006755541222592032}"
K_minus_F,E_K_C,E_F_C,audit,SEX,120,primary,validation,3,3,True,0.0053030810382984255,0.004830152872177944,"{""0"":0.00935908049088685,""1"":0.006590504075251857,""2"":-4.0341451243430804e-05}"
K_minus_F,E_K_C,E_F_C,audit,SEX,120,primary,development_evaluation,3,3,True,0.006529192792420628,0.0005955261014194195,"{""0"":0.005998949766313655,""1"":0.007173501709564101,""2"":0.006415126901384127}"
K_minus_F,E_K_C,E_F_C,audit,SEX,120,primary,validation_person_weighted,3,3,True,0.006910952984064411,0.005151071795727584,"{""0"":0.011970241937567239,""1"":0.007089857400809918,""2"":0.0016727596138160772}"
K_minus_F,E_K_C,E_F_C,audit,SEX,120,primary,development_evaluation_person_weighted,3,3,True,0.007341373135717477,0.0009704044121322205,"{""0"":0.006633489422102179,""1"":0.006943078188663243,""2"":0.00844755179638701}"
K_minus_F,E_K_C,E_F_C,audit,RAC1P,120,primary,validation,3,3,True,0.0032831435301407343,0.004965673333301971,"{""0"":0.007895977581320102,""1"":0.003926172751777202,""2"":-0.0019727197426750998}"
K_minus_F,E_K_C,E_F_C,audit,RAC1P,120,primary,development_evaluation,3,3,True,0.004891322842447347,0.005606934813044637,"{""0"":0.003969070761254967,""1"":0.010902206204024711,""2"":-0.00019730843793763775}"
K_minus_F,E_K_C,E_F_C,audit,RAC1P,120,primary,validation_person_weighted,3,3,True,0.004092558251447498,0.0021201223667228937,"{""0"":0.006445900356628842,""1"":0.003500057167157289,""2"":0.0023317172305563627}"
K_minus_F,E_K_C,E_F_C,audit,RAC1P,120,primary,development_evaluation_person_weighted,3,3,True,0.0049270653626358,0.00875068982262581,"{""0"":0.0008251576569118235,""1"":0.01497522730658174,""2"":-0.0010191888755861633}"
K_minus_F,E_K_C,E_F_C,audit,SEX,120,pooled,validation,3,3,True,0.004496257443251883,0.008997599173254748,"{""0"":0.01485907625457561,""1"":-0.0013299624735765292,""2"":-4.0341451243430804e-05}"
K_minus_F,E_K_C,E_F_C,audit,SEX,120,pooled,development_evaluation,3,3,True,0.005476643168288368,0.003374673032682192,"{""0"":0.008282741633606538,""1"":0.0017320609698744382,""2"":0.006415126901384127}"
K_minus_F,E_K_C,E_F_C,audit,SEX,120,pooled,validation_person_weighted,3,3,True,0.0038262317580007865,0.01044596854064085,"{""0"":0.01518110856882715,""1"":-0.005375172908640868,""2"":0.0016727596138160772}"
K_minus_F,E_K_C,E_F_C,audit,SEX,120,pooled,development_evaluation_person_weighted,3,3,True,0.008385971971531977,0.0012534796348569177,"{""0"":0.009607526715690318,""1"":0.0071028374025186025,""2"":0.00844755179638701}"
K_minus_F,E_K_C,E_F_C,audit,RAC1P,120,pooled,validation,3,3,True,0.0049518996763059,0.0032383608928627803,"{""0"":0.008657714183471832,""1"":0.0026663431406457327,""2"":0.003531641704800137}"
K_minus_F,E_K_C,E_F_C,audit,RAC1P,120,pooled,development_evaluation,3,3,True,-0.003136816384193016,0.011035904099743104,"{""0"":-0.014607730089899906,""1"":0.007405383998941195,""2"":-0.0022081030616203368}"
K_minus_F,E_K_C,E_F_C,audit,RAC1P,120,pooled,validation_person_weighted,3,3,True,0.005208062283763064,0.004472125754452202,"{""0"":0.008426000334071038,""1"":0.00010144193351679931,""2"":0.007096744583701353}"
K_minus_F,E_K_C,E_F_C,audit,RAC1P,120,pooled,development_evaluation_person_weighted,3,3,True,-0.0018707042835182837,0.015657233715218637,"{""0"":-0.018018266119671944,""1"":0.013245175233248752,""2"":-0.0008390219641316587}"
K_minus_F,E_K_C,E_F_C,audit,SEX,360,primary,validation,3,3,True,0.0053030810382984255,0.004830152872177944,"{""0"":0.00935908049088685,""1"":0.006590504075251857,""2"":-4.0341451243430804e-05}"
K_minus_F,E_K_C,E_F_C,audit,SEX,360,primary,development_evaluation,3,3,True,0.006529192792420628,0.0005955261014194195,"{""0"":0.005998949766313655,""1"":0.007173501709564101,""2"":0.006415126901384127}"
K_minus_F,E_K_C,E_F_C,audit,SEX,360,primary,validation_person_weighted,3,3,True,0.006910952984064411,0.005151071795727584,"{""0"":0.011970241937567239,""1"":0.007089857400809918,""2"":0.0016727596138160772}"
K_minus_F,E_K_C,E_F_C,audit,SEX,360,primary,development_evaluation_person_weighted,3,3,True,0.007341373135717477,0.0009704044121322205,"{""0"":0.006633489422102179,""1"":0.006943078188663243,""2"":0.00844755179638701}"
K_minus_F,E_K_C,E_F_C,audit,RAC1P,360,primary,validation,3,3,True,0.0032831435301407343,0.004965673333301971,"{""0"":0.007895977581320102,""1"":0.003926172751777202,""2"":-0.0019727197426750998}"
K_minus_F,E_K_C,E_F_C,audit,RAC1P,360,primary,development_evaluation,3,3,True,0.004891322842447347,0.005606934813044637,"{""0"":0.003969070761254967,""1"":0.010902206204024711,""2"":-0.00019730843793763775}"
K_minus_F,E_K_C,E_F_C,audit,RAC1P,360,primary,validation_person_weighted,3,3,True,0.004092558251447498,0.0021201223667228937,"{""0"":0.006445900356628842,""1"":0.003500057167157289,""2"":0.0023317172305563627}"
K_minus_F,E_K_C,E_F_C,audit,RAC1P,360,primary,development_evaluation_person_weighted,3,3,True,0.0049270653626358,0.00875068982262581,"{""0"":0.0008251576569118235,""1"":0.01497522730658174,""2"":-0.0010191888755861633}"
K_minus_F,E_K_C,E_F_C,audit,SEX,360,pooled,validation,3,3,True,0.004496257443251883,0.008997599173254748,"{""0"":0.01485907625457561,""1"":-0.0013299624735765292,""2"":-4.0341451243430804e-05}"
K_minus_F,E_K_C,E_F_C,audit,SEX,360,pooled,development_evaluation,3,3,True,0.005476643168288368,0.003374673032682192,"{""0"":0.008282741633606538,""1"":0.0017320609698744382,""2"":0.006415126901384127}"
K_minus_F,E_K_C,E_F_C,audit,SEX,360,pooled,validation_person_weighted,3,3,True,0.0038262317580007865,0.01044596854064085,"{""0"":0.01518110856882715,""1"":-0.005375172908640868,""2"":0.0016727596138160772}"
K_minus_F,E_K_C,E_F_C,audit,SEX,360,pooled,development_evaluation_person_weighted,3,3,True,0.008385971971531977,0.0012534796348569177,"{""0"":0.009607526715690318,""1"":0.0071028374025186025,""2"":0.00844755179638701}"
K_minus_F,E_K_C,E_F_C,audit,RAC1P,360,pooled,validation,3,3,True,0.0049518996763059,0.0032383608928627803,"{""0"":0.008657714183471832,""1"":0.0026663431406457327,""2"":0.003531641704800137}"
K_minus_F,E_K_C,E_F_C,audit,RAC1P,360,pooled,development_evaluation,3,3,True,-0.003136816384193016,0.011035904099743104,"{""0"":-0.014607730089899906,""1"":0.007405383998941195,""2"":-0.0022081030616203368}"
K_minus_F,E_K_C,E_F_C,audit,RAC1P,360,pooled,validation_person_weighted,3,3,True,0.005208062283763064,0.004472125754452202,"{""0"":0.008426000334071038,""1"":0.00010144193351679931,""2"":0.007096744583701353}"
K_minus_F,E_K_C,E_F_C,audit,RAC1P,360,pooled,development_evaluation_person_weighted,3,3,True,-0.0018707042835182837,0.015657233715218637,"{""0"":-0.018018266119671944,""1"":0.013245175233248752,""2"":-0.0008390219641316587}"
K_minus_F,E_K_D,E_F_D,transfer,same_residence,,primary,validation,3,3,True,0.0013275083166797523,0.002194474606372777,"{""0"":0.0037437609766484137,""1"":-0.0005416861719771404,""2"":0.0007804501453679835}"
K_minus_F,E_K_D,E_F_D,transfer,same_residence,,primary,development_evaluation,3,3,True,0.001229494699013604,0.0030696008420592305,"{""0"":0.001674708099994593,""1"":0.004052177492193776,""2"":-0.002038401495147557}"
K_minus_F,E_K_D,E_F_D,transfer,same_residence,,primary,validation_person_weighted,3,3,True,0.00031067756621897907,0.0015288731545565653,"{""0"":0.002069811962604806,""1"":-0.0006974888322550665,""2"":-0.00044029043169280246}"
K_minus_F,E_K_D,E_F_D,transfer,same_residence,,primary,development_evaluation_person_weighted,3,3,True,0.0011273513020517527,0.0027287777142827063,"{""0"":0.0013324077654999766,""1"":0.003747816221083722,""2"":-0.0016981700804284405}"
K_minus_F,E_K_D,E_F_D,transfer,commute_over20,,primary,validation,3,3,True,0.0014978258535844151,0.0011505606040652138,"{""0"":0.002825453756976515,""1"":0.0007910838664344499,""2"":0.0008769399373422804}"
K_minus_F,E_K_D,E_F_D,transfer,commute_over20,,primary,development_evaluation,3,3,True,0.001424952911418827,0.004380373534954929,"{""0"":0.004470557005300524,""1"":0.003399420382721008,""2"":-0.0035951186537650504}"
K_minus_F,E_K_D,E_F_D,transfer,commute_over20,,primary,validation_person_weighted,3,3,True,0.002554415658285477,0.002255287796895958,"{""0"":0.0051342026561113085,""1"":0.0015724950984669084,""2"":0.0009565492202782133}"
K_minus_F,E_K_D,E_F_D,transfer,commute_over20,,primary,development_evaluation_person_weighted,3,3,True,0.0020164203613387923,0.00540761464099915,"{""0"":0.005827140206383974,""1"":0.004394879622965142,""2"":-0.004172758745332739}"
K_minus_F,E_K_D,E_F_D,transfer,income_binary,,primary,validation,3,3,True,0.027872335941365307,0.012326279805632294,"{""0"":0.039462676776322814,""1"":0.02923154693277691,""2"":0.014922784114996201}"
K_minus_F,E_K_D,E_F_D,transfer,income_binary,,primary,development_evaluation,3,3,True,0.02943245737106857,0.013930010713354979,"{""0"":0.03328849281620433,""1"":0.04102824981644437,""2"":0.013980629480557005}"
K_minus_F,E_K_D,E_F_D,transfer,income_binary,,primary,validation_person_weighted,3,3,True,0.025679904564540983,0.011116385284629477,"{""0"":0.037220029857976455,""1"":0.024777403212268845,""2"":0.015042280623377646}"
K_minus_F,E_K_D,E_F_D,transfer,income_binary,,primary,development_evaluation_person_weighted,3,3,True,0.027138867762524128,0.01472145844365281,"{""0"":0.02284266406241392,""1"":0.043530505480950055,""2"":0.015043433744208412}"
K_minus_F,E_K_D,E_F_D,transfer,civilian_at_work,,primary,validation,3,3,True,0.06557119485682822,0.03210499150067034,"{""0"":0.09619947335956819,""1"":0.06834467281246098,""2"":0.032169438398455485}"
K_minus_F,E_K_D,E_F_D,transfer,civilian_at_work,,primary,development_evaluation,3,3,True,0.06416292750365105,0.033954990868829006,"{""0"":0.09979051626025398,""1"":0.06052473168220235,""2"":0.03217353456849681}"
K_minus_F,E_K_D,E_F_D,transfer,civilian_at_work,,primary,validation_person_weighted,3,3,True,0.06052326241659071,0.031236288971137314,"{""0"":0.09458532339099573,""1"":0.05376538871395692,""2"":0.03321907514481948}"
K_minus_F,E_K_D,E_F_D,transfer,civilian_at_work,,primary,development_evaluation_person_weighted,3,3,True,0.062156798451457905,0.034581295086662064,"{""0"":0.10017620623128576,""1"":0.05371872849032583,""2"":0.03257546063276212}"
K_minus_F,E_K_D,E_F_D,transfer,public_coverage,,primary,validation,3,3,True,0.01780619264448387,0.014221760324758088,"{""0"":0.024279403270383415,""1"":0.027639844592943275,""2"":0.0014993300701249268}"
K_minus_F,E_K_D,E_F_D,transfer,public_coverage,,primary,development_evaluation,3,3,True,0.012048575432183036,0.005572722767644442,"{""0"":0.015140164082617313,""1"":0.01539019338315073,""2"":0.0056153688307810645}"
K_minus_F,E_K_D,E_F_D,transfer,public_coverage,,primary,validation_person_weighted,3,3,True,0.017911565846759236,0.012334854548337876,"{""0"":0.01846373583149752,""1"":0.029961062705143315,""2"":0.005309899003636875}"
K_minus_F,E_K_D,E_F_D,transfer,public_coverage,,primary,development_evaluation_person_weighted,3,3,True,0.009224497408232299,0.0048403449420698725,"{""0"":0.010116100082321888,""1"":0.013557055900866366,""2"":0.00400033624150864}"
K_minus_F,E_K_D,E_F_D,audit,SEX,120,primary,validation,3,3,True,0.0038270777831126055,0.005115942169613016,"{""0"":0.007459555311141619,""1"":0.0060452775846358,""2"":-0.002023599546439603}"
K_minus_F,E_K_D,E_F_D,audit,SEX,120,primary,development_evaluation,3,3,True,0.005720067248708216,0.0006907912639010665,"{""0"":0.005317643269278416,""1"":0.006517713455975183,""2"":0.00532484502087105}"
K_minus_F,E_K_D,E_F_D,audit,SEX,120,primary,validation_person_weighted,3,3,True,0.00563671016400602,0.005721207558261023,"{""0"":0.011483102894665587,""1"":0.005377530494170335,""2"":4.949710318213896e-05}"
K_minus_F,E_K_D,E_F_D,audit,SEX,120,primary,development_evaluation_person_weighted,3,3,True,0.006774394510001243,0.0005336962697007986,"{""0"":0.007299226080314303,""1"":0.006232254618992905,""2"":0.006791702830696522}"
K_minus_F,E_K_D,E_F_D,audit,RAC1P,120,primary,validation,3,3,True,0.0034050920806571274,0.0035734249955390153,"{""0"":0.005601983385872256,""1"":0.0053314799182677675,""2"":-0.0007181870621686404}"
K_minus_F,E_K_D,E_F_D,audit,RAC1P,120,primary,development_evaluation,3,3,True,0.0031527265112426908,0.008193161041601305,"{""0"":0.003496304199237965,""1"":0.011168693991956191,""2"":-0.0052068186574660835}"
K_minus_F,E_K_D,E_F_D,audit,RAC1P,120,primary,validation_person_weighted,3,3,True,0.0032929171582776195,0.0026947317520100212,"{""0"":0.004341176065930208,""1"":0.0053059995919739755,""2"":0.00023157581692867524}"
K_minus_F,E_K_D,E_F_D,audit,RAC1P,120,primary,development_evaluation_person_weighted,3,3,True,0.003455930600587761,0.01174634321727345,"{""0"":8.314404631803995e-05,""1"":0.01651970547994064,""2"":-0.006235057724495396}"
K_minus_F,E_K_D,E_F_D,audit,SEX,120,pooled,validation,3,3,True,0.001490670475539228,0.009197370616614815,"{""0"":0.01192703678422058,""1"":-0.005431425811163293,""2"":-0.002023599546439603}"
K_minus_F,E_K_D,E_F_D,audit,SEX,120,pooled,development_evaluation,3,3,True,0.004503369420349938,0.0013996242768420898,"{""0"":0.005297966218712147,""1"":0.002887297021466617,""2"":0.00532484502087105}"
K_minus_F,E_K_D,E_F_D,audit,SEX,120,pooled,validation_person_weighted,3,3,True,0.0023370563209068975,0.011545395001247617,"{""0"":0.014854993056953925,""1"":-0.00789332119741537,""2"":4.949710318213896e-05}"
K_minus_F,E_K_D,E_F_D,audit,SEX,120,pooled,development_evaluation_person_weighted,3,3,True,0.0073545497936630495,0.0017523762778959074,"{""0"":0.009319191945296401,""1"":0.005952754604996224,""2"":0.006791702830696522}"
K_minus_F,E_K_D,E_F_D,audit,RAC1P,120,pooled,validation,3,3,True,-0.00019357143511948097,0.003230177900923118,"{""0"":-0.0036222637082394815,""1"":0.00024912174414537525,""2"":0.0027924276587356633}"
K_minus_F,E_K_D,E_F_D,audit,RAC1P,120,pooled,development_evaluation,3,3,True,-0.00011132344031546577,0.00963678196701085,"{""0"":-0.008512465914995992,""1"":0.010408517574443277,""2"":-0.0022300219803936816}"
K_minus_F,E_K_D,E_F_D,audit,RAC1P,120,pooled,validation_person_weighted,3,3,True,0.0027477694078783532,0.004741973676751699,"{""0"":0.00502701574319353,""1"":-0.0027034765932631988,""2"":0.005919769073704728}"
K_minus_F,E_K_D,E_F_D,audit,RAC1P,120,pooled,development_evaluation_person_weighted,3,3,True,0.001431571796213375,0.0097632419833426,"{""0"":-0.006962324346843074,""1"":0.012146017445799462,""2"":-0.0008889777103162633}"
K_minus_F,E_K_D,E_F_D,audit,SEX,360,primary,validation,3,3,True,0.0038270777831126055,0.005115942169613016,"{""0"":0.007459555311141619,""1"":0.0060452775846358,""2"":-0.002023599546439603}"
K_minus_F,E_K_D,E_F_D,audit,SEX,360,primary,development_evaluation,3,3,True,0.005720067248708216,0.0006907912639010665,"{""0"":0.005317643269278416,""1"":0.006517713455975183,""2"":0.00532484502087105}"
K_minus_F,E_K_D,E_F_D,audit,SEX,360,primary,validation_person_weighted,3,3,True,0.00563671016400602,0.005721207558261023,"{""0"":0.011483102894665587,""1"":0.005377530494170335,""2"":4.949710318213896e-05}"
K_minus_F,E_K_D,E_F_D,audit,SEX,360,primary,development_evaluation_person_weighted,3,3,True,0.006774394510001243,0.0005336962697007986,"{""0"":0.007299226080314303,""1"":0.006232254618992905,""2"":0.006791702830696522}"
K_minus_F,E_K_D,E_F_D,audit,RAC1P,360,primary,validation,3,3,True,0.0034050920806571274,0.0035734249955390153,"{""0"":0.005601983385872256,""1"":0.0053314799182677675,""2"":-0.0007181870621686404}"
K_minus_F,E_K_D,E_F_D,audit,RAC1P,360,primary,development_evaluation,3,3,True,0.0031527265112426908,0.008193161041601305,"{""0"":0.003496304199237965,""1"":0.011168693991956191,""2"":-0.0052068186574660835}"
K_minus_F,E_K_D,E_F_D,audit,RAC1P,360,primary,validation_person_weighted,3,3,True,0.0032929171582776195,0.0026947317520100212,"{""0"":0.004341176065930208,""1"":0.0053059995919739755,""2"":0.00023157581692867524}"
K_minus_F,E_K_D,E_F_D,audit,RAC1P,360,primary,development_evaluation_person_weighted,3,3,True,0.003455930600587761,0.01174634321727345,"{""0"":8.314404631803995e-05,""1"":0.01651970547994064,""2"":-0.006235057724495396}"
K_minus_F,E_K_D,E_F_D,audit,SEX,360,pooled,validation,3,3,True,0.001490670475539228,0.009197370616614815,"{""0"":0.01192703678422058,""1"":-0.005431425811163293,""2"":-0.002023599546439603}"
K_minus_F,E_K_D,E_F_D,audit,SEX,360,pooled,development_evaluation,3,3,True,0.004503369420349938,0.0013996242768420898,"{""0"":0.005297966218712147,""1"":0.002887297021466617,""2"":0.00532484502087105}"
K_minus_F,E_K_D,E_F_D,audit,SEX,360,pooled,validation_person_weighted,3,3,True,0.0023370563209068975,0.011545395001247617,"{""0"":0.014854993056953925,""1"":-0.00789332119741537,""2"":4.949710318213896e-05}"
K_minus_F,E_K_D,E_F_D,audit,SEX,360,pooled,development_evaluation_person_weighted,3,3,True,0.0073545497936630495,0.0017523762778959074,"{""0"":0.009319191945296401,""1"":0.005952754604996224,""2"":0.006791702830696522}"
K_minus_F,E_K_D,E_F_D,audit,RAC1P,360,pooled,validation,3,3,True,-0.00019357143511948097,0.003230177900923118,"{""0"":-0.0036222637082394815,""1"":0.00024912174414537525,""2"":0.0027924276587356633}"
K_minus_F,E_K_D,E_F_D,audit,RAC1P,360,pooled,development_evaluation,3,3,True,-0.00011132344031546577,0.00963678196701085,"{""0"":-0.008512465914995992,""1"":0.010408517574443277,""2"":-0.0022300219803936816}"
K_minus_F,E_K_D,E_F_D,audit,RAC1P,360,pooled,validation_person_weighted,3,3,True,0.0027477694078783532,0.004741973676751699,"{""0"":0.00502701574319353,""1"":-0.0027034765932631988,""2"":0.005919769073704728}"
K_minus_F,E_K_D,E_F_D,audit,RAC1P,360,pooled,development_evaluation_person_weighted,3,3,True,0.001431571796213375,0.0097632419833426,"{""0"":-0.006962324346843074,""1"":0.012146017445799462,""2"":-0.0008889777103162633}"
D_minus_C,E_F_D,E_F_C,transfer,same_residence,,primary,validation,3,3,True,-1.480308494021069e-05,0.001066101068888023,"{""0"":-0.0004853288655652932,""1"":-0.000764692774896103,""2"":0.0012056123856407641}"
D_minus_C,E_F_D,E_F_C,transfer,same_residence,,primary,development_evaluation,3,3,True,0.00047203789426715953,0.0017748915735739806,"{""0"":-0.0009176247429308892,""1"":-0.00013768757548215937,""2"":0.0024714260012145273}"
D_minus_C,E_F_D,E_F_C,transfer,same_residence,,primary,validation_person_weighted,3,3,True,0.0005551478259001041,0.0011013301270030504,"{""0"":0.00020547447896601678,""1"":-0.000328894370701327,""2"":0.0017888633694356226}"
D_minus_C,E_F_D,E_F_C,transfer,same_residence,,primary,development_evaluation_person_weighted,3,3,True,0.000665992144927389,0.0016713759294178778,"{""0"":-0.0010027212905451832,""1"":0.0006606798206343356,""2"":0.0023400179046930147}"
D_minus_C,E_F_D,E_F_C,transfer,commute_over20,,primary,validation,3,3,True,-0.00023339681450688468,0.000314127285302197,"{""0"":-6.436001659571033e-05,""1"":-3.998379730862922e-05,""2"":-0.0005958466296163145}"
D_minus_C,E_F_D,E_F_C,transfer,commute_over20,,primary,development_evaluation,3,3,True,0.0007884404285379473,0.0010024804365524845,"{""0"":-0.0001460298196415133,""1"":0.0006640328884113256,""2"":0.0018473182168440294}"
D_minus_C,E_F_D,E_F_C,transfer,commute_over20,,primary,validation_person_weighted,3,3,True,-0.00036448928375150863,0.00048454267598865977,"{""0"":4.123612312179059e-05,""1"":-0.0009010011674919216,""2"":-0.00023370280688439493}"
D_minus_C,E_F_D,E_F_C,transfer,commute_over20,,primary,development_evaluation_person_weighted,3,3,True,0.00019871848550245819,0.0018023114659762407,"{""0"":-0.00031112074688954827,""1"":-0.0012937526926646292,""2"":0.002201028896061552}"
D_minus_C,E_F_D,E_F_C,transfer,income_binary,,primary,validation,3,3,True,0.0007781257413169337,0.001905963529960945,"{""0"":0.002967144317435,""1"":-0.00011929160728563204,""2"":-0.0005134754861985669}"
D_minus_C,E_F_D,E_F_C,transfer,income_binary,,primary,development_evaluation,3,3,True,-0.00023153122419420727,0.0011636532310362053,"{""0"":-0.0015167773817461039,""1"":7.168711393340521e-05,""2"":0.0007504965952300768}"
D_minus_C,E_F_D,E_F_C,transfer,income_binary,,primary,validation_person_weighted,3,3,True,-0.0007557446227176393,0.0006092877561578894,"{""0"":-0.0014258281135730577,""1"":-0.00023503474252745127,""2"":-0.0006063710120524091}"
D_minus_C,E_F_D,E_F_C,transfer,income_binary,,primary,development_evaluation_person_weighted,3,3,True,0.0020505988185804958,0.002904696559800673,"{""0"":0.00529330431246694,""1"":-0.0003129856404694431,""2"":0.0011714777837439905}"
D_minus_C,E_F_D,E_F_C,transfer,civilian_at_work,,primary,validation,3,3,True,0.0005755274227741506,0.0003970383519388655,"{""0"":0.0009422202540844693,""1"":0.0001538708551960255,""2"":0.0006304911590419571}"
D_minus_C,E_F_D,E_F_C,transfer,civilian_at_work,,primary,development_evaluation,3,3,True,0.00039000464211003116,0.0029297529030092094,"{""0"":0.0033313358892566036,""1"":0.0003667090277639229,""2"":-0.002528030990690433}"
D_minus_C,E_F_D,E_F_C,transfer,civilian_at_work,,primary,validation_person_weighted,3,3,True,0.0008751616018063587,0.0009641118939594134,"{""0"":0.0010290721482046905,""1"":-0.00015664727370812148,""2"":0.001753059930922507}"
D_minus_C,E_F_D,E_F_C,transfer,civilian_at_work,,primary,development_evaluation_person_weighted,3,3,True,0.00021597681019600948,0.001833983900989176,"{""0"":0.0023240171662099463,""1"":-0.0006630538191231827,""2"":-0.001013032916498735}"
D_minus_C,E_F_D,E_F_C,transfer,public_coverage,,primary,validation,3,3,True,-6.57533760610914e-05,0.0018653565101392564,"{""0"":-0.002002281023656627,""1"":0.001719180768302131,""2"":8.584012717122169e-05}"
D_minus_C,E_F_D,E_F_C,transfer,public_coverage,,primary,development_evaluation,3,3,True,0.0021382564162155857,0.0014100319662352623,"{""0"":0.0036099040898570633,""1"":0.0007992079203295033,""2"":0.00200565723846019}"
D_minus_C,E_F_D,E_F_C,transfer,public_coverage,,primary,validation_person_weighted,3,3,True,0.0006266360773879986,0.0013136332418972822,"{""0"":3.6047233080482854e-05,""1"":0.002131904014521402,""2"":-0.0002880430154378888}"
D_minus_C,E_F_D,E_F_C,transfer,public_coverage,,primary,development_evaluation_person_weighted,3,3,True,0.002273136365551598,0.0006513727306952278,"{""0"":0.0027868461279890733,""1"":0.0015405051248154056,""2"":0.002492057843850315}"
D_minus_C,E_F_D,E_F_C,audit,SEX,120,primary,validation,3,3,True,0.0015983765884881596,0.0005527210485447655,"{""0"":0.002173288476805313,""1"":0.0010709043990291267,""2"":0.001550936889630039}"
D_minus_C,E_F_D,E_F_C,audit,SEX,120,primary,development_evaluation,3,3,True,0.0005324137514266525,0.00028213705061273754,"{""0"":0.00047289049965948404,""1"":0.0002847874680518281,""2"":0.0008395632865686453}"
D_minus_C,E_F_D,E_F_C,audit,SEX,120,primary,validation_person_weighted,3,3,True,0.0013159554223575547,0.0006230608328560636,"{""0"":0.0006564326137155074,""1"":0.001894668729864657,""2"":0.0013967649234924995}"
D_minus_C,E_F_D,E_F_C,audit,SEX,120,primary,development_evaluation_person_weighted,3,3,True,0.00011079870128801368,0.0013566744878651632,"{""0"":-0.001348280898342047,""1"":0.0003464957047784045,""2"":0.0013341812974276834}"
D_minus_C,E_F_D,E_F_C,audit,RAC1P,120,primary,validation,3,3,True,0.00023590342074449508,0.0019788576083516847,"{""0"":0.0025136298602130847,""1"":-0.0010605958809655203,""2"":-0.0007453237170140792}"
D_minus_C,E_F_D,E_F_C,audit,RAC1P,120,primary,development_evaluation,3,3,True,0.0010381901407112704,0.00121689537163391,"{""0"":0.0009375134209905767,""1"":-0.0001252393907831273,""2"":0.0023022963919263617}"
D_minus_C,E_F_D,E_F_C,audit,RAC1P,120,primary,validation_person_weighted,3,3,True,0.0010707304968119817,0.0017259497236951538,"{""0"":0.0029177624917073874,""1"":0.0007954868619541866,""2"":-0.0005010578632256291}"
D_minus_C,E_F_D,E_F_C,audit,RAC1P,120,primary,development_evaluation_person_weighted,3,3,True,0.0009635453325430957,0.0008970542589640738,"{""0"":0.0014298599668154388,""1"":-7.062343265307192e-05,""2"":0.0015313994634669204}"
D_minus_C,E_F_D,E_F_C,audit,SEX,120,pooled,validation,3,3,True,0.003611503724581522,0.0026704329910415786,"{""0"":0.0026551415776279175,""1"":0.006628432706486609,""2"":0.001550936889630039}"
D_minus_C,E_F_D,E_F_C,audit,SEX,120,pooled,development_evaluation,3,3,True,0.0008543757852299549,0.0013295195811490557,"{""0"":0.002191239728160266,""1"":-0.0004676756590390463,""2"":0.0008395632865686453}"
D_minus_C,E_F_D,E_F_C,audit,SEX,120,pooled,validation_person_weighted,3,3,True,0.001577216778210433,0.003112705904525464,"{""0"":-0.0014413377456951038,""1"":0.004776223156833903,""2"":0.0013967649234924995}"
D_minus_C,E_F_D,E_F_C,audit,SEX,120,pooled,development_evaluation_person_weighted,3,3,True,0.0004995037710244787,0.0007280933665062825,"{""0"":-5.041761057311689e-06,""1"":0.00016937177670306447,""2"":0.0013341812974276834}"
D_minus_C,E_F_D,E_F_C,audit,RAC1P,120,pooled,validation,3,3,True,0.0034470754261296164,0.0037504671646511464,"{""0"":0.007731386192306733,""1"":0.0018521995851770168,""2"":0.000757640500905099}"
D_minus_C,E_F_D,E_F_C,audit,RAC1P,120,pooled,development_evaluation,3,3,True,-0.000629389575279656,0.0021792030616608993,"{""0"":-0.0020618451050595787,""1"":-0.0017048033343431968,""2"":0.0018784797135638076}"
D_minus_C,E_F_D,E_F_C,audit,RAC1P,120,pooled,validation_person_weighted,3,3,True,0.0036320028572935184,0.003236611144330119,"{""0"":0.0072706167519414056,""1"":0.0025516264844205327,""2"":0.0010737653355186172}"
D_minus_C,E_F_D,E_F_C,audit,RAC1P,120,pooled,development_evaluation_person_weighted,3,3,True,-0.0010135780196183959,0.0012751083316780987,"{""0"":-0.0024850575238979378,""1"":-0.0003221362231744518,""2"":-0.00023354031178279833}"
D_minus_C,E_F_D,E_F_C,audit,SEX,360,primary,validation,3,3,True,0.0015983765884881596,0.0005527210485447655,"{""0"":0.002173288476805313,""1"":0.0010709043990291267,""2"":0.001550936889630039}"
D_minus_C,E_F_D,E_F_C,audit,SEX,360,primary,development_evaluation,3,3,True,0.0005324137514266525,0.00028213705061273754,"{""0"":0.00047289049965948404,""1"":0.0002847874680518281,""2"":0.0008395632865686453}"
D_minus_C,E_F_D,E_F_C,audit,SEX,360,primary,validation_person_weighted,3,3,True,0.0013159554223575547,0.0006230608328560636,"{""0"":0.0006564326137155074,""1"":0.001894668729864657,""2"":0.0013967649234924995}"
D_minus_C,E_F_D,E_F_C,audit,SEX,360,primary,development_evaluation_person_weighted,3,3,True,0.00011079870128801368,0.0013566744878651632,"{""0"":-0.001348280898342047,""1"":0.0003464957047784045,""2"":0.0013341812974276834}"
D_minus_C,E_F_D,E_F_C,audit,RAC1P,360,primary,validation,3,3,True,0.00023590342074449508,0.0019788576083516847,"{""0"":0.0025136298602130847,""1"":-0.0010605958809655203,""2"":-0.0007453237170140792}"
D_minus_C,E_F_D,E_F_C,audit,RAC1P,360,primary,development_evaluation,3,3,True,0.0010381901407112704,0.00121689537163391,"{""0"":0.0009375134209905767,""1"":-0.0001252393907831273,""2"":0.0023022963919263617}"
D_minus_C,E_F_D,E_F_C,audit,RAC1P,360,primary,validation_person_weighted,3,3,True,0.0010707304968119817,0.0017259497236951538,"{""0"":0.0029177624917073874,""1"":0.0007954868619541866,""2"":-0.0005010578632256291}"
D_minus_C,E_F_D,E_F_C,audit,RAC1P,360,primary,development_evaluation_person_weighted,3,3,True,0.0009635453325430957,0.0008970542589640738,"{""0"":0.0014298599668154388,""1"":-7.062343265307192e-05,""2"":0.0015313994634669204}"
D_minus_C,E_F_D,E_F_C,audit,SEX,360,pooled,validation,3,3,True,0.003611503724581522,0.0026704329910415786,"{""0"":0.0026551415776279175,""1"":0.006628432706486609,""2"":0.001550936889630039}"
D_minus_C,E_F_D,E_F_C,audit,SEX,360,pooled,development_evaluation,3,3,True,0.0008543757852299549,0.0013295195811490557,"{""0"":0.002191239728160266,""1"":-0.0004676756590390463,""2"":0.0008395632865686453}"
D_minus_C,E_F_D,E_F_C,audit,SEX,360,pooled,validation_person_weighted,3,3,True,0.001577216778210433,0.003112705904525464,"{""0"":-0.0014413377456951038,""1"":0.004776223156833903,""2"":0.0013967649234924995}"
D_minus_C,E_F_D,E_F_C,audit,SEX,360,pooled,development_evaluation_person_weighted,3,3,True,0.0004995037710244787,0.0007280933665062825,"{""0"":-5.041761057311689e-06,""1"":0.00016937177670306447,""2"":0.0013341812974276834}"
D_minus_C,E_F_D,E_F_C,audit,RAC1P,360,pooled,validation,3,3,True,0.0034470754261296164,0.0037504671646511464,"{""0"":0.007731386192306733,""1"":0.0018521995851770168,""2"":0.000757640500905099}"
D_minus_C,E_F_D,E_F_C,audit,RAC1P,360,pooled,development_evaluation,3,3,True,-0.000629389575279656,0.0021792030616608993,"{""0"":-0.0020618451050595787,""1"":-0.0017048033343431968,""2"":0.0018784797135638076}"
D_minus_C,E_F_D,E_F_C,audit,RAC1P,360,pooled,validation_person_weighted,3,3,True,0.0036320028572935184,0.003236611144330119,"{""0"":0.0072706167519414056,""1"":0.0025516264844205327,""2"":0.0010737653355186172}"
D_minus_C,E_F_D,E_F_C,audit,RAC1P,360,pooled,development_evaluation_person_weighted,3,3,True,-0.0010135780196183959,0.0012751083316780987,"{""0"":-0.0024850575238979378,""1"":-0.0003221362231744518,""2"":-0.00023354031178279833}"
W_minus_teacher_reference,E_F_W,E_direct,transfer,same_residence,,primary,validation,3,3,True,-0.0022750624711136793,0.002234669189342459,"{""0"":-0.0033960912110592156,""1"":0.000298215498728327,""2"":-0.0037273117010101497}"
W_minus_teacher_reference,E_F_W,E_direct,transfer,same_residence,,primary,development_evaluation,3,3,True,-0.003984034366996754,0.004328802282175164,"{""0"":0.000370169431949674,""1"":-0.008286979900441027,""2"":-0.00403529263249891}"
W_minus_teacher_reference,E_F_W,E_direct,transfer,same_residence,,primary,validation_person_weighted,3,3,True,-0.003162046852638859,0.0020061020802235423,"{""0"":-0.00308718861069035,""1"":-0.005204530271877006,""2"":-0.001194421675349222}"
W_minus_teacher_reference,E_F_W,E_direct,transfer,same_residence,,primary,development_evaluation_person_weighted,3,3,True,-0.00511301291569675,0.005602857978556821,"{""0"":-0.000553668837525001,""1"":-0.011367770326256799,""2"":-0.0034175995833084505}"
W_minus_teacher_reference,E_F_W,E_direct,transfer,commute_over20,,primary,validation,3,3,True,-0.006815905451516706,0.0016629615850516392,"{""0"":-0.0070859528069111555,""1"":-0.008327316422610864,""2"":-0.0050344471250280964}"
W_minus_teacher_reference,E_F_W,E_direct,transfer,commute_over20,,primary,development_evaluation,3,3,True,-0.0015739089927825356,0.003597588640650256,"{""0"":-0.0001501928285224663,""1"":-0.005665473902442764,""2"":0.001093939752617623}"
W_minus_teacher_reference,E_F_W,E_direct,transfer,commute_over20,,primary,validation_person_weighted,3,3,True,-0.007163163315173304,0.0011974102005888024,"{""0"":-0.0077303623343834005,""1"":-0.007971582643743425,""2"":-0.005787544967393088}"
W_minus_teacher_reference,E_F_W,E_direct,transfer,commute_over20,,primary,development_evaluation_person_weighted,3,3,True,-0.0026226312004086574,0.003767722019918307,"{""0"":-0.0011319170977256432,""1"":-0.006907629168202534,""2"":0.0001716526647022043}"
W_minus_teacher_reference,E_F_W,E_direct,transfer,income_binary,,primary,validation,3,3,True,-0.06112237913000625,0.020903250379591405,"{""0"":-0.059024808885561886,""1"":-0.0829953335209917,""2"":-0.04134699498346517}"
W_minus_teacher_reference,E_F_W,E_direct,transfer,income_binary,,primary,development_evaluation,3,3,True,-0.06595220693660174,0.025793474509492556,"{""0"":-0.05901818099576084,""1"":-0.09450393219280795,""2"":-0.04433450762123642}"
W_minus_teacher_reference,E_F_W,E_direct,transfer,income_binary,,primary,validation_person_weighted,3,3,True,-0.06083645718916133,0.020479395643831895,"{""0"":-0.0553800928035339,""1"":-0.08349142315921926,""2"":-0.043637855604730824}"
W_minus_teacher_reference,E_F_W,E_direct,transfer,income_binary,,primary,development_evaluation_person_weighted,3,3,True,-0.06957853339616227,0.02926541610397239,"{""0"":-0.06368593013839263,""1"":-0.10134188726627291,""2"":-0.04370778278382126}"
W_minus_teacher_reference,E_F_W,E_direct,transfer,civilian_at_work,,primary,validation,3,3,True,-0.13228872274042472,0.05063978971859071,"{""0"":-0.19022580459769228,""1"":-0.11016556070132605,""2"":-0.0964748029222558}"
W_minus_teacher_reference,E_F_W,E_direct,transfer,civilian_at_work,,primary,development_evaluation,3,3,True,-0.12642443459917255,0.060640146870437096,"{""0"":-0.19524992436628408,""1"":-0.08085299887815289,""2"":-0.10317038055308064}"
W_minus_teacher_reference,E_F_W,E_direct,transfer,civilian_at_work,,primary,validation_person_weighted,3,3,True,-0.12938222400288146,0.060226477387765126,"{""0"":-0.19888147565706382,""1"":-0.09678180574381545,""2"":-0.09248339060776511}"
W_minus_teacher_reference,E_F_W,E_direct,transfer,civilian_at_work,,primary,development_evaluation_person_weighted,3,3,True,-0.12099763208571516,0.06952289421963725,"{""0"":-0.20039967437039347,""1"":-0.07105358495290376,""2"":-0.09153963693384826}"
W_minus_teacher_reference,E_F_W,E_direct,transfer,public_coverage,,primary,validation,3,3,True,-0.03628586573475621,0.010617103577552679,"{""0"":-0.03043423642933374,""1"":-0.04854129529004636,""2"":-0.02988206548488853}"
W_minus_teacher_reference,E_F_W,E_direct,transfer,public_coverage,,primary,development_evaluation,3,3,True,-0.029034979293967905,0.014681532493868778,"{""0"":-0.03781803445592469,""1"":-0.03720095356984954,""2"":-0.012085949856129485}"
W_minus_teacher_reference,E_F_W,E_direct,transfer,public_coverage,,primary,validation_person_weighted,3,3,True,-0.036998632041772894,0.011839490920119518,"{""0"":-0.02941854354781015,""1"":-0.05064160676985291,""2"":-0.030935745807655624}"
W_minus_teacher_reference,E_F_W,E_direct,transfer,public_coverage,,primary,development_evaluation_person_weighted,3,3,True,-0.02860697285944591,0.012320885258734716,"{""0"":-0.03198778031319227,""1"":-0.038884518801560575,""2"":-0.014948619463584889}"
final_minus_W,E_F_C,E_F_W,transfer,same_residence,,primary,validation,3,3,True,-4.926258579699786e-05,0.0009807029790058577,"{""0"":-3.2164898260633734e-05,""1"":0.0009227797619318912,""2"":-0.001038402621062251}"
final_minus_W,E_F_C,E_F_W,transfer,same_residence,,primary,development_evaluation,3,3,True,-0.0005516330880050621,0.0003567106982596458,"{""0"":-0.00038899038899398164,""1"":-0.0009606784625632026,""2"":-0.00030523041245800187}"
final_minus_W,E_F_C,E_F_W,transfer,same_residence,,primary,validation_person_weighted,3,3,True,0.0012181627087332798,0.001635111215648818,"{""0"":0.001472315386736922,""1"":0.0027113158287088712,""2"":-0.0005291430892459537}"
final_minus_W,E_F_C,E_F_W,transfer,same_residence,,primary,development_evaluation_person_weighted,3,3,True,0.0001895471025224101,0.00014321402940184545,"{""0"":2.4207665754227836e-05,""1"":0.00027493917363857756,""2"":0.0002694944681744249}"
final_minus_W,E_F_C,E_F_W,transfer,commute_over20,,primary,validation,3,3,True,0.00029192576499440886,0.0017879101909337866,"{""0"":-0.0003306464822256938,""1"":0.0023078894823412854,""2"":-0.001101465705132365}"
final_minus_W,E_F_C,E_F_W,transfer,commute_over20,,primary,development_evaluation,3,3,True,-0.0006281541422679856,0.002802579470466304,"{""0"":-0.003846565394848067,""1"":0.000688095096092689,""2"":0.0012740078719514214}"
final_minus_W,E_F_C,E_F_W,transfer,commute_over20,,primary,validation_person_weighted,3,3,True,0.00038990495308825296,0.0021479273153230003,"{""0"":-0.0013528627176606633,""1"":0.0027895761914910056,""2"":-0.0002669986145655834}"
final_minus_W,E_F_C,E_F_W,transfer,commute_over20,,primary,development_evaluation_person_weighted,3,3,True,-0.00033042398831225245,0.003575308872553216,"{""0"":-0.004408592926755439,""1"":0.002264751405395282,""2"":0.0011525695564233995}"
final_minus_W,E_F_C,E_F_W,transfer,income_binary,,primary,validation,3,3,True,0.0010018076376851481,0.0010021457839232654,"{""0"":6.024467324838856e-05,""1"":0.000890016755097256,""2"":0.0020551614847098}"
final_minus_W,E_F_C,E_F_W,transfer,income_binary,,primary,development_evaluation,3,3,True,0.0041970090546227246,0.002367786995465025,"{""0"":0.006679153755903389,""1"":0.001963145931804522,""2"":0.003948727476160263}"
final_minus_W,E_F_C,E_F_W,transfer,income_binary,,primary,validation_person_weighted,3,3,True,0.00043397680286427764,0.001123516551580783,"{""0"":-0.00037820417180139954,""1"":-3.6038291322204596e-05,""2"":0.001716172871716437}"
final_minus_W,E_F_C,E_F_W,transfer,income_binary,,primary,development_evaluation_person_weighted,3,3,True,0.004622330417639764,0.0012054092590364973,"{""0"":0.005888870084726494,""1"":0.004488980013147514,""2"":0.0034891411550452833}"
final_minus_W,E_F_C,E_F_W,transfer,civilian_at_work,,primary,validation,3,3,True,0.006955474768924201,0.002509281807368329,"{""0"":0.009193059051359864,""1"":0.007430861922214149,""2"":0.004242503333198588}"
final_minus_W,E_F_C,E_F_W,transfer,civilian_at_work,,primary,development_evaluation,3,3,True,0.0039120020889758895,0.00644707424740174,"{""0"":0.005056420992279098,""1"":-0.0030306465454819076,""2"":0.009710231820130477}"
final_minus_W,E_F_C,E_F_W,transfer,civilian_at_work,,primary,validation_person_weighted,3,3,True,0.006581761739110385,0.00293160961372587,"{""0"":0.007769649351406449,""1"":0.008733000475655117,""2"":0.003242635390269588}"
final_minus_W,E_F_C,E_F_W,transfer,civilian_at_work,,primary,development_evaluation_person_weighted,3,3,True,0.003598765233284673,0.004405961358942071,"{""0"":0.00578732841648838,""1"":-0.0014729701784557125,""2"":0.006481937461821352}"
final_minus_W,E_F_C,E_F_W,transfer,public_coverage,,primary,validation,3,3,True,0.001892222909319637,0.0035655120127061277,"{""0"":0.0030524701137948917,""1"":-0.002108901384401729,""2"":0.0047330999985657485}"
final_minus_W,E_F_C,E_F_W,transfer,public_coverage,,primary,development_evaluation,3,3,True,-0.0015443705368132776,0.0013111810735308743,"{""0"":-0.002971063926318185,""1"":-0.0003921556536000681,""2"":-0.00126989203052158}"
final_minus_W,E_F_C,E_F_W,transfer,public_coverage,,primary,validation_person_weighted,3,3,True,0.002386329547227284,0.0038310339527894096,"{""0"":0.0035625201570378406,""1"":-0.0018949016723811551,""2"":0.005491370157025166}"
final_minus_W,E_F_C,E_F_W,transfer,public_coverage,,primary,development_evaluation_person_weighted,3,3,True,-1.73298354388766e-05,0.0005553068578790153,"{""0"":-0.00042376220278683707,""1"":0.0006153921741401946,""2"":-0.00024361947766998737}"
representation_minus_source_bank,E_F_C,E_bank,transfer,same_residence,,primary,validation,3,3,True,-0.01786729762094748,0.0088051306806397,"{""0"":-0.014255233285096924,""1"":-0.011442590470415404,""2"":-0.02790406910733012}"
representation_minus_source_bank,E_F_C,E_bank,transfer,same_residence,,primary,development_evaluation,3,3,True,-0.018051693903774035,0.0038542375714420403,"{""0"":-0.013633470142068727,""1"":-0.01979753334777945,""2"":-0.02072407822147393}"
representation_minus_source_bank,E_F_C,E_bank,transfer,same_residence,,primary,validation_person_weighted,3,3,True,-0.016863982675096312,0.010281043680264003,"{""0"":-0.01088597800959068,""1"":-0.01097056110894118,""2"":-0.028735408906757076}"
representation_minus_source_bank,E_F_C,E_bank,transfer,same_residence,,primary,development_evaluation_person_weighted,3,3,True,-0.016351315091931478,0.006262937538215681,"{""0"":-0.010028604874877167,""1"":-0.016472622792775837,""2"":-0.022552717608141426}"
representation_minus_source_bank,E_F_C,E_bank,transfer,commute_over20,,primary,validation,3,3,True,-0.0007182181789731809,0.0019204516796490346,"{""0"":-0.0005908772376589377,""1"":0.0011353940283714836,""2"":-0.0026991713276320883}"
representation_minus_source_bank,E_F_C,E_bank,transfer,commute_over20,,primary,development_evaluation,3,3,True,-0.0018218690641524926,0.0005740700151654117,"{""0"":-0.0017837668810917195,""1"":-0.0012677992696156215,""2"":-0.002414041041750137}"
representation_minus_source_bank,E_F_C,E_bank,transfer,commute_over20,,primary,validation_person_weighted,3,3,True,-0.0028951249446104166,0.0009186787366648347,"{""0"":-0.003422921463416273,""1"":-0.0018343303636872976,""2"":-0.003428123006727679}"
representation_minus_source_bank,E_F_C,E_bank,transfer,commute_over20,,primary,development_evaluation_person_weighted,3,3,True,-0.0034063788685155063,0.002672103296836473,"{""0"":-0.001746540973333599,""1"":-0.001983779303362798,""2"":-0.006488816328850122}"
representation_minus_source_bank,E_F_C,E_bank,transfer,income_binary,,primary,validation,3,3,True,-0.025790220469611807,0.01489262251377488,"{""0"":-0.0401857184821765,""1"":-0.026739092423302913,""2"":-0.010445850503356002}"
representation_minus_source_bank,E_F_C,E_bank,transfer,income_binary,,primary,development_evaluation,3,3,True,-0.02546642991391997,0.017084475669796827,"{""0"":-0.025597443985119095,""1"":-0.04248502178334729,""2"":-0.00831682397329353}"
representation_minus_source_bank,E_F_C,E_bank,transfer,income_binary,,primary,validation_person_weighted,3,3,True,-0.02137871091318888,0.01758147363461684,"{""0"":-0.03904056509851905,""1"":-0.021216831935330194,""2"":-0.0038787357057173955}"
representation_minus_source_bank,E_F_C,E_bank,transfer,income_binary,,primary,development_evaluation_person_weighted,3,3,True,-0.025663152945582763,0.015997841071698795,"{""0"":-0.022086931297087387,""1"":-0.04314645086638835,""2"":-0.011756076673272553}"
representation_minus_source_bank,E_F_C,E_bank,transfer,civilian_at_work,,primary,validation,3,3,True,-0.05731397625833808,0.024938484472326578,"{""0"":-0.08419133739849316,""1"":-0.052827033027053216,""2"":-0.034923558349467865}"
representation_minus_source_bank,E_F_C,E_bank,transfer,civilian_at_work,,primary,development_evaluation,3,3,True,-0.05852612649106618,0.027563629371554255,"{""0"":-0.08923697537857195,""1"":-0.05040855287397433,""2"":-0.03593285122065226}"
representation_minus_source_bank,E_F_C,E_bank,transfer,civilian_at_work,,primary,validation_person_weighted,3,3,True,-0.04965600434381804,0.02602350860018513,"{""0"":-0.07915235427858253,""1"":-0.03987743753587342,""2"":-0.029938221216998184}"
representation_minus_source_bank,E_F_C,E_bank,transfer,civilian_at_work,,primary,development_evaluation_person_weighted,3,3,True,-0.05095618404425115,0.028110186163412303,"{""0"":-0.08232143181718854,""1"":-0.042508785810682403,""2"":-0.028038334504882523}"
representation_minus_source_bank,E_F_C,E_bank,transfer,public_coverage,,primary,validation,3,3,True,-0.0129629798427671,0.014178809553173282,"{""0"":-0.006027259281073005,""1"":-0.02927453412350095,""2"":-0.003587146123727347}"
representation_minus_source_bank,E_F_C,E_bank,transfer,public_coverage,,primary,development_evaluation,3,3,True,-0.005616591459540576,0.007497796881649911,"{""0"":-0.007251039939233372,""1"":-0.012162341598564552,""2"":0.0025636071591761955}"
representation_minus_source_bank,E_F_C,E_bank,transfer,public_coverage,,primary,validation_person_weighted,3,3,True,-0.015149922510286018,0.01742592976974061,"{""0"":-0.005928216155529409,""1"":-0.03524893656201972,""2"":-0.004272614813308928}"
representation_minus_source_bank,E_F_C,E_bank,transfer,public_coverage,,primary,development_evaluation_person_weighted,3,3,True,-0.003969902953510592,0.008000496778555879,"{""0"":-0.002429482232219393,""1"":-0.01262860345516198,""2"":0.003148376826849597}"
representation_minus_source_bank,E_F_C,E_bank,audit,SEX,120,primary,validation,3,3,True,-0.013013855994478352,0.002576622398866565,"{""0"":-0.015175827606847103,""1"":-0.010162731197473018,""2"":-0.013703009179114933}"
representation_minus_source_bank,E_F_C,E_bank,audit,SEX,120,primary,development_evaluation,3,3,True,-0.010383510591334503,0.006524541109056115,"{""0"":-0.002893106298272885,""1"":-0.013428698931839844,""2"":-0.01482872654389078}"
representation_minus_source_bank,E_F_C,E_bank,audit,SEX,120,primary,validation_person_weighted,3,3,True,-0.013552825513935699,0.00314888216931938,"{""0"":-0.016957767805206414,""1"":-0.012954996804156682,""2"":-0.010745711932444002}"
representation_minus_source_bank,E_F_C,E_bank,audit,SEX,120,primary,development_evaluation_person_weighted,3,3,True,-0.008399932257880568,0.00874861299786908,"{""0"":0.0014617516311158374,""1"":-0.011433770633163531,""2"":-0.015227777771594009}"
representation_minus_source_bank,E_F_C,E_bank,audit,RAC1P,120,primary,validation,3,3,True,-0.023639518168895462,0.014437551043032465,"{""0"":-0.007267194173331548,""1"":-0.02910480983562902,""2"":-0.034546550497725814}"
representation_minus_source_bank,E_F_C,E_bank,audit,RAC1P,120,primary,development_evaluation,3,3,True,-0.030856569098761888,0.010803689155725093,"{""0"":-0.029039592124109115,""1"":-0.04245353948852504,""2"":-0.02107657568365151}"
representation_minus_source_bank,E_F_C,E_bank,audit,RAC1P,120,primary,validation_person_weighted,3,3,True,-0.02142968906688177,0.013040356591200987,"{""0"":-0.006660233502803425,""1"":-0.03135376455674188,""2"":-0.026275069141100005}"
representation_minus_source_bank,E_F_C,E_bank,audit,RAC1P,120,primary,development_evaluation_person_weighted,3,3,True,-0.025954772141174438,0.012259497408538378,"{""0"":-0.015739136932503284,""1"":-0.039549395662489495,""2"":-0.022575783828530538}"
representation_minus_source_bank,E_F_C,E_bank,audit,SEX,120,pooled,validation,3,3,True,-0.02212787833468514,0.007815260615707389,"{""0"":-0.02914111338288372,""1"":-0.023539512442056765,""2"":-0.013703009179114933}"
representation_minus_source_bank,E_F_C,E_bank,audit,SEX,120,pooled,development_evaluation,3,3,True,-0.01768792271399348,0.00476938410734841,"{""0"":-0.015041275871531257,""1"":-0.023193765726558402,""2"":-0.01482872654389078}"
representation_minus_source_bank,E_F_C,E_bank,audit,SEX,120,pooled,validation_person_weighted,3,3,True,-0.020577973893982488,0.009120146219054496,"{""0"":-0.028760913041249503,""1"":-0.022227296708253963,""2"":-0.010745711932444002}"
representation_minus_source_bank,E_F_C,E_bank,audit,SEX,120,pooled,development_evaluation_person_weighted,3,3,True,-0.01738924390443508,0.007046351685224774,"{""0"":-0.011676809801610788,""1"":-0.025263144140100446,""2"":-0.015227777771594009}"
representation_minus_source_bank,E_F_C,E_bank,audit,RAC1P,120,pooled,validation,3,3,True,-0.04984885070088615,0.015834486013359857,"{""0"":-0.03205982668252849,""1"":-0.055083592817980254,""2"":-0.06240313260214969}"
representation_minus_source_bank,E_F_C,E_bank,audit,RAC1P,120,pooled,development_evaluation,3,3,True,-0.04930568490207565,0.01140354992826925,"{""0"":-0.04041274145241558,""1"":-0.0621621280042286,""2"":-0.04534218524958278}"
representation_minus_source_bank,E_F_C,E_bank,audit,RAC1P,120,pooled,validation_person_weighted,3,3,True,-0.04582263002321296,0.012940668401756401,"{""0"":-0.031113249754501915,""1"":-0.05545470852301193,""2"":-0.05089993179212504}"
representation_minus_source_bank,E_F_C,E_bank,audit,RAC1P,120,pooled,development_evaluation_person_weighted,3,3,True,-0.04342182662540783,0.01688125054840971,"{""0"":-0.02399427737209958,""1"":-0.05451558950777091,""2"":-0.051755612996353006}"
representation_minus_source_bank,E_F_C,E_bank,audit,SEX,360,primary,validation,3,3,True,-0.012876407073268092,0.0024091860880273686,"{""0"":-0.014763480843216326,""1"":-0.010162731197473018,""2"":-0.013703009179114933}"
representation_minus_source_bank,E_F_C,E_bank,audit,SEX,360,primary,development_evaluation,3,3,True,-0.010271944388598797,0.006716696035130526,"{""0"":-0.002558407690065767,""1"":-0.013428698931839844,""2"":-0.01482872654389078}"
representation_minus_source_bank,E_F_C,E_bank,audit,SEX,360,primary,validation_person_weighted,3,3,True,-0.013323488541381176,0.002780397055600203,"{""0"":-0.01626975688754284,""1"":-0.012954996804156682,""2"":-0.010745711932444002}"
representation_minus_source_bank,E_F_C,E_bank,audit,SEX,360,primary,development_evaluation_person_weighted,3,3,True,-0.008330078405240212,0.008866763665970412,"{""0"":0.0016713131890369048,""1"":-0.011433770633163531,""2"":-0.015227777771594009}"
representation_minus_source_bank,E_F_C,E_bank,audit,RAC1P,360,primary,validation,3,3,True,-0.023639518168895462,0.014437551043032465,"{""0"":-0.007267194173331548,""1"":-0.02910480983562902,""2"":-0.034546550497725814}"
representation_minus_source_bank,E_F_C,E_bank,audit,RAC1P,360,primary,development_evaluation,3,3,True,-0.030856569098761888,0.010803689155725093,"{""0"":-0.029039592124109115,""1"":-0.04245353948852504,""2"":-0.02107657568365151}"
representation_minus_source_bank,E_F_C,E_bank,audit,RAC1P,360,primary,validation_person_weighted,3,3,True,-0.02142968906688177,0.013040356591200987,"{""0"":-0.006660233502803425,""1"":-0.03135376455674188,""2"":-0.026275069141100005}"
representation_minus_source_bank,E_F_C,E_bank,audit,RAC1P,360,primary,development_evaluation_person_weighted,3,3,True,-0.025954772141174438,0.012259497408538378,"{""0"":-0.015739136932503284,""1"":-0.039549395662489495,""2"":-0.022575783828530538}"
representation_minus_source_bank,E_F_C,E_bank,audit,SEX,360,pooled,validation,3,3,True,-0.02199042941347488,0.007631716080577553,"{""0"":-0.028728766619252943,""1"":-0.023539512442056765,""2"":-0.013703009179114933}"
representation_minus_source_bank,E_F_C,E_bank,audit,SEX,360,pooled,development_evaluation,3,3,True,-0.017576356511257774,0.004865202444995897,"{""0"":-0.014706577263324139,""1"":-0.023193765726558402,""2"":-0.01482872654389078}"
representation_minus_source_bank,E_F_C,E_bank,audit,SEX,360,pooled,validation_person_weighted,3,3,True,-0.020348636921427965,0.008815038396171572,"{""0"":-0.02807290212358593,""1"":-0.022227296708253963,""2"":-0.010745711932444002}"
representation_minus_source_bank,E_F_C,E_bank,audit,SEX,360,pooled,development_evaluation_person_weighted,3,3,True,-0.017319390051794725,0.0071318172539799,"{""0"":-0.01146724824368972,""1"":-0.025263144140100446,""2"":-0.015227777771594009}"
representation_minus_source_bank,E_F_C,E_bank,audit,RAC1P,360,pooled,validation,3,3,True,-0.04984885070088615,0.015834486013359857,"{""0"":-0.03205982668252849,""1"":-0.055083592817980254,""2"":-0.06240313260214969}"
representation_minus_source_bank,E_F_C,E_bank,audit,RAC1P,360,pooled,development_evaluation,3,3,True,-0.04930568490207565,0.01140354992826925,"{""0"":-0.04041274145241558,""1"":-0.0621621280042286,""2"":-0.04534218524958278}"
representation_minus_source_bank,E_F_C,E_bank,audit,RAC1P,360,pooled,validation_person_weighted,3,3,True,-0.04582263002321296,0.012940668401756401,"{""0"":-0.031113249754501915,""1"":-0.05545470852301193,""2"":-0.05089993179212504}"
representation_minus_source_bank,E_F_C,E_bank,audit,RAC1P,360,pooled,development_evaluation_person_weighted,3,3,True,-0.04342182662540783,0.01688125054840971,"{""0"":-0.02399427737209958,""1"":-0.05451558950777091,""2"":-0.051755612996353006}"
new_minus_beta0,E_F_C,C_init,transfer,same_residence,,primary,validation,3,3,True,6.456362006799592e-05,0.010060967650657648,"{""0"":0.0035642930994301825,""1"":0.007908289983099281,""2"":-0.011278892222325476}"
new_minus_beta0,E_F_C,C_init,transfer,same_residence,,primary,development_evaluation,3,3,True,0.004359836165519215,0.0036530303128485364,"{""0"":0.008098685819278806,""1"":0.0007991446782553702,""2"":0.00418167799902347}"
new_minus_beta0,E_F_C,C_init,transfer,same_residence,,primary,validation_person_weighted,3,3,True,0.0013429619322301023,0.013356595699385174,"{""0"":0.013400554777289353,""1"":0.00364240000231153,""2"":-0.013014068982910576}"
new_minus_beta0,E_F_C,C_init,transfer,same_residence,,primary,development_evaluation_person_weighted,3,3,True,0.008663607620600311,0.0018324152508649753,"{""0"":0.01071465570044372,""1"":0.008088246864644044,""2"":0.007187920296713168}"
new_minus_beta0,E_F_C,C_init,transfer,commute_over20,,primary,validation,3,3,True,0.004618366519868948,0.00408719496222768,"{""0"":0.009318639709183008,""1"":0.001899805416498257,""2"":0.002636654433925578}"
new_minus_beta0,E_F_C,C_init,transfer,commute_over20,,primary,development_evaluation,3,3,True,-0.0009075672993203258,0.0007423105413589414,"{""0"":-0.00013922271162591926,""1"":-0.0009627108926972827,""2"":-0.0016207682936377754}"
new_minus_beta0,E_F_C,C_init,transfer,commute_over20,,primary,validation_person_weighted,3,3,True,0.002937196311696718,0.002688570209001635,"{""0"":0.006039607554440107,""1"":0.0012875369986438123,""2"":0.0014844443820062336}"
new_minus_beta0,E_F_C,C_init,transfer,commute_over20,,primary,development_evaluation_person_weighted,3,3,True,-0.002316188062480018,0.002637877934770726,"{""0"":0.000512556438826639,""1"":-0.004708851378458889,""2"":-0.0027522692478078037}"
new_minus_beta0,E_F_C,C_init,transfer,income_binary,,primary,validation,3,3,True,0.010681753629987856,0.005432921629119866,"{""0"":0.01053363117093603,""1"":0.016187221880811453,""2"":0.005324407838216083}"
new_minus_beta0,E_F_C,C_init,transfer,income_binary,,primary,development_evaluation,3,3,True,0.005285169262871832,0.002451968140927958,"{""0"":0.008114750081551991,""1"":0.003955537863881198,""2"":0.003785219843182308}"
new_minus_beta0,E_F_C,C_init,transfer,income_binary,,primary,validation_person_weighted,3,3,True,0.011003471265860746,0.004588426309058065,"{""0"":0.012427768528061822,""1"":0.014710846248830067,""2"":0.005871799020690349}"
new_minus_beta0,E_F_C,C_init,transfer,income_binary,,primary,development_evaluation_person_weighted,3,3,True,0.0036571802412899146,0.0049766772214648565,"{""0"":0.009324907186372466,""1"":0.001644882118332025,""2"":1.7514191652523436e-06}"
new_minus_beta0,E_F_C,C_init,transfer,civilian_at_work,,primary,validation,3,3,True,0.013757893112023986,0.0025285312870900606,"{""0"":0.014790782539699565,""1"":0.015606469548713253,""2"":0.010876427247659137}"
new_minus_beta0,E_F_C,C_init,transfer,civilian_at_work,,primary,development_evaluation,3,3,True,0.014954259583900084,0.004012319925789484,"{""0"":0.013338182913662344,""1"":0.012001987648067591,""2"":0.019522608189970314}"
new_minus_beta0,E_F_C,C_init,transfer,civilian_at_work,,primary,validation_person_weighted,3,3,True,0.01431801545735728,0.003513549611784113,"{""0"":0.016935237829278693,""1"":0.015694109314116134,""2"":0.010324699228677015}"
new_minus_beta0,E_F_C,C_init,transfer,civilian_at_work,,primary,development_evaluation_person_weighted,3,3,True,0.013468757166588186,0.002942320860447151,"{""0"":0.01101367214015081,""1"":0.0126624191079579,""2"":0.016730180251655846}"
new_minus_beta0,E_F_C,C_init,transfer,public_coverage,,primary,validation,3,3,True,0.007369826932433987,0.00980622146445599,"{""0"":0.013917388800594288,""1"":-0.0039045198939388626,""2"":0.012096611890646536}"
new_minus_beta0,E_F_C,C_init,transfer,public_coverage,,primary,development_evaluation,3,3,True,0.0034695523117016327,0.002249549779228673,"{""0"":0.006004207197632394,""1"":0.0017101703329902018,""2"":0.0026942794044823026}"
new_minus_beta0,E_F_C,C_init,transfer,public_coverage,,primary,validation_person_weighted,3,3,True,0.004509282443283524,0.012399438914772598,"{""0"":0.012134396838071715,""1"":-0.009798002394739103,""2"":0.01119145288651796}"
new_minus_beta0,E_F_C,C_init,transfer,public_coverage,,primary,development_evaluation_person_weighted,3,3,True,0.0032833477236987965,0.005786653350573987,"{""0"":0.009432672443103307,""1"":0.0024724678449782322,""2"":-0.0020550971169851495}"
new_minus_beta0,E_F_C,C_init,audit,SEX,120,primary,validation,3,3,True,0.018043720766265925,0.008745813358353588,"{""0"":0.01986994848753698,""1"":0.02573223003918501,""2"":0.008528983772075782}"
new_minus_beta0,E_F_C,C_init,audit,SEX,120,primary,development_evaluation,3,3,True,0.02019871454417162,0.007407165906227172,"{""0"":0.02296326377159741,""1"":0.025826008921433052,""2"":0.011806870939484404}"
new_minus_beta0,E_F_C,C_init,audit,SEX,120,primary,validation_person_weighted,3,3,True,0.01553015766039397,0.010893113173486535,"{""0"":0.020540437365225372,""1"":0.023016651186455572,""2"":0.0030333844295009627}"
new_minus_beta0,E_F_C,C_init,audit,SEX,120,primary,development_evaluation_person_weighted,3,3,True,0.01795354773461777,0.009693155861799274,"{""0"":0.02511238301067209,""1"":0.021825343331955294,""2"":0.006922916861225925}"
new_minus_beta0,E_F_C,C_init,audit,RAC1P,120,primary,validation,3,3,True,0.018313148630561365,0.001396064309580167,"{""0"":0.0195234627036871,""1"":0.018630136072797177,""2"":0.016785847115199815}"
new_minus_beta0,E_F_C,C_init,audit,RAC1P,120,primary,development_evaluation,3,3,True,0.015918895730339628,0.006003541667807164,"{""0"":0.01015977441283078,""1"":0.015456764632699072,""2"":0.022140148145489036}"
new_minus_beta0,E_F_C,C_init,audit,RAC1P,120,primary,validation_person_weighted,3,3,True,0.017467365108402817,0.005378004525209179,"{""0"":0.023443930619240883,""1"":0.015939709339646058,""2"":0.013018455366321513}"
new_minus_beta0,E_F_C,C_init,audit,RAC1P,120,primary,development_evaluation_person_weighted,3,3,True,0.016399643644231077,0.009248223375030997,"{""0"":0.015484956872835909,""1"":0.007642750942376653,""2"":0.02607122311748067}"
new_minus_beta0,E_F_C,C_init,audit,SEX,120,pooled,validation,3,3,True,0.008929698426059137,0.0032440082379549865,"{""0"":0.005904662711500364,""1"":0.012355448794601265,""2"":0.008528983772075782}"
new_minus_beta0,E_F_C,C_init,audit,SEX,120,pooled,development_evaluation,3,3,True,0.012894302421512646,0.0027868639261703957,"{""0"":0.010815094198339037,""1"":0.016060942126714495,""2"":0.011806870939484404}"
new_minus_beta0,E_F_C,C_init,audit,SEX,120,pooled,validation_person_weighted,3,3,True,0.008505009280347179,0.005359260137570234,"{""0"":0.008737292129182284,""1"":0.013744351282358291,""2"":0.0030333844295009627}"
new_minus_beta0,E_F_C,C_init,audit,SEX,120,pooled,development_evaluation_person_weighted,3,3,True,0.008964236088063257,0.0026610269223474783,"{""0"":0.011973821577945465,""1"":0.007995969825018379,""2"":0.006922916861225925}"
new_minus_beta0,E_F_C,C_init,audit,RAC1P,120,pooled,validation,3,3,True,-0.006875889104177579,0.004450098659169583,"{""0"":-0.002208285413754618,""1"":-0.007348646909554057,""2"":-0.011070734989224063}"
new_minus_beta0,E_F_C,C_init,audit,RAC1P,120,pooled,development_evaluation,3,3,True,-0.006336066930905826,0.005554204993526097,"{""0"":-0.012630915489270755,""1"":-0.004251823883004491,""2"":-0.0021254614204422317}"
new_minus_beta0,E_F_C,C_init,audit,RAC1P,120,pooled,validation_person_weighted,3,3,True,-0.00957010579353875,0.001806254486454237,"{""0"":-0.00894267546928873,""1"":-0.008161234626623992,""2"":-0.011606407284703524}"
new_minus_beta0,E_F_C,C_init,audit,RAC1P,120,pooled,development_evaluation_person_weighted,3,3,True,-0.007203876907586615,0.004036816107440518,"{""0"":-0.01117958176951328,""1"":-0.007323442902904764,""2"":-0.0031086060503418}"
new_minus_beta0,E_F_C,C_init,audit,SEX,360,primary,validation,3,3,True,0.018043720766265925,0.008745813358353588,"{""0"":0.01986994848753698,""1"":0.02573223003918501,""2"":0.008528983772075782}"
new_minus_beta0,E_F_C,C_init,audit,SEX,360,primary,development_evaluation,3,3,True,0.02019871454417162,0.007407165906227172,"{""0"":0.02296326377159741,""1"":0.025826008921433052,""2"":0.011806870939484404}"
new_minus_beta0,E_F_C,C_init,audit,SEX,360,primary,validation_person_weighted,3,3,True,0.01553015766039397,0.010893113173486535,"{""0"":0.020540437365225372,""1"":0.023016651186455572,""2"":0.0030333844295009627}"
new_minus_beta0,E_F_C,C_init,audit,SEX,360,primary,development_evaluation_person_weighted,3,3,True,0.01795354773461777,0.009693155861799274,"{""0"":0.02511238301067209,""1"":0.021825343331955294,""2"":0.006922916861225925}"
new_minus_beta0,E_F_C,C_init,audit,RAC1P,360,primary,validation,3,3,True,0.018313148630561365,0.001396064309580167,"{""0"":0.0195234627036871,""1"":0.018630136072797177,""2"":0.016785847115199815}"
new_minus_beta0,E_F_C,C_init,audit,RAC1P,360,primary,development_evaluation,3,3,True,0.015918895730339628,0.006003541667807164,"{""0"":0.01015977441283078,""1"":0.015456764632699072,""2"":0.022140148145489036}"
new_minus_beta0,E_F_C,C_init,audit,RAC1P,360,primary,validation_person_weighted,3,3,True,0.017467365108402817,0.005378004525209179,"{""0"":0.023443930619240883,""1"":0.015939709339646058,""2"":0.013018455366321513}"
new_minus_beta0,E_F_C,C_init,audit,RAC1P,360,primary,development_evaluation_person_weighted,3,3,True,0.016399643644231077,0.009248223375030997,"{""0"":0.015484956872835909,""1"":0.007642750942376653,""2"":0.02607122311748067}"
new_minus_beta0,E_F_C,C_init,audit,SEX,360,pooled,validation,3,3,True,0.008929698426059137,0.0032440082379549865,"{""0"":0.005904662711500364,""1"":0.012355448794601265,""2"":0.008528983772075782}"
new_minus_beta0,E_F_C,C_init,audit,SEX,360,pooled,development_evaluation,3,3,True,0.012894302421512646,0.0027868639261703957,"{""0"":0.010815094198339037,""1"":0.016060942126714495,""2"":0.011806870939484404}"
new_minus_beta0,E_F_C,C_init,audit,SEX,360,pooled,validation_person_weighted,3,3,True,0.008505009280347179,0.005359260137570234,"{""0"":0.008737292129182284,""1"":0.013744351282358291,""2"":0.0030333844295009627}"
new_minus_beta0,E_F_C,C_init,audit,SEX,360,pooled,development_evaluation_person_weighted,3,3,True,0.008964236088063257,0.0026610269223474783,"{""0"":0.011973821577945465,""1"":0.007995969825018379,""2"":0.006922916861225925}"
new_minus_beta0,E_F_C,C_init,audit,RAC1P,360,pooled,validation,3,3,True,-0.006875889104177579,0.004450098659169583,"{""0"":-0.002208285413754618,""1"":-0.007348646909554057,""2"":-0.011070734989224063}"
new_minus_beta0,E_F_C,C_init,audit,RAC1P,360,pooled,development_evaluation,3,3,True,-0.006336066930905826,0.005554204993526097,"{""0"":-0.012630915489270755,""1"":-0.004251823883004491,""2"":-0.0021254614204422317}"
new_minus_beta0,E_F_C,C_init,audit,RAC1P,360,pooled,validation_person_weighted,3,3,True,-0.00957010579353875,0.001806254486454237,"{""0"":-0.00894267546928873,""1"":-0.008161234626623992,""2"":-0.011606407284703524}"
new_minus_beta0,E_F_C,C_init,audit,RAC1P,360,pooled,development_evaluation_person_weighted,3,3,True,-0.007203876907586615,0.004036816107440518,"{""0"":-0.01117958176951328,""1"":-0.007323442902904764,""2"":-0.0031086060503418}"
new_minus_historical_selective,E_F_C,E_rho0_C,transfer,same_residence,,primary,validation,3,3,True,0.00038720582255839336,0.0018853327537901663,"{""0"":-0.0008429904856781523,""1"":0.0025577596574708483,""2"":-0.000553151704117516}"
new_minus_historical_selective,E_F_C,E_rho0_C,transfer,same_residence,,primary,development_evaluation,3,3,True,0.00039402143543058415,0.002204362686439421,"{""0"":0.0029332043975816013,""1"":-0.0007218584100804337,""2"":-0.0010292816812094152}"
new_minus_historical_selective,E_F_C,E_rho0_C,transfer,same_residence,,primary,validation_person_weighted,3,3,True,0.0015141491535887546,0.001671180525732872,"{""0"":-0.00020089971133496753,""1"":0.003137702236155615,""2"":0.001605644935945616}"
new_minus_historical_selective,E_F_C,E_rho0_C,transfer,same_residence,,primary,development_evaluation_person_weighted,3,3,True,0.0010025511626812755,0.001913501901918087,"{""0"":0.002688195792518555,""1"":0.0013968388530045672,""2"":-0.0010773811574792957}"
new_minus_historical_selective,E_F_C,E_rho0_C,transfer,commute_over20,,primary,validation,3,3,True,0.002114360090246755,0.0005630993244765387,"{""0"":0.0015062741886811004,""1"":0.002219017731982631,""2"":0.002617788350076533}"
new_minus_historical_selective,E_F_C,E_rho0_C,transfer,commute_over20,,primary,development_evaluation,3,3,True,0.0005445308511797068,0.0008302009525184948,"{""0"":0.001363070642520392,""1"":-0.00029685948957114405,""2"":0.0005673814005898725}"
new_minus_historical_selective,E_F_C,E_rho0_C,transfer,commute_over20,,primary,validation_person_weighted,3,3,True,0.0008428272372839792,0.0008629799685196772,"{""0"":-8.023820803881865e-05,""1"":0.001629470808433231,""2"":0.0009792491114575252}"
new_minus_historical_selective,E_F_C,E_rho0_C,transfer,commute_over20,,primary,development_evaluation_person_weighted,3,3,True,-0.001387767267104249,0.0034034267227692904,"{""0"":0.00083289066085801,""1"":0.0003098963316707781,""2"":-0.005306088793841535}"
new_minus_historical_selective,E_F_C,E_rho0_C,transfer,income_binary,,primary,validation,3,3,True,0.0041603083958976494,0.001066500941749659,"{""0"":0.003989040263425725,""1"":0.005302079138351512,""2"":0.0031898057859157114}"
new_minus_historical_selective,E_F_C,E_rho0_C,transfer,income_binary,,primary,development_evaluation,3,3,True,0.00552631073974591,0.004579794432828246,"{""0"":0.01074753944887158,""1"":0.0036427418598378725,""2"":0.002188650910528278}"
new_minus_historical_selective,E_F_C,E_rho0_C,transfer,income_binary,,primary,validation_person_weighted,3,3,True,0.004392017863423377,0.0007998064657713016,"{""0"":0.004217254669517723,""1"":0.0052647552728787295,""2"":0.0036940436478736793}"
new_minus_historical_selective,E_F_C,E_rho0_C,transfer,income_binary,,primary,development_evaluation_person_weighted,3,3,True,0.00466629343650347,0.006237843163142335,"{""0"":0.011244208830902769,""1"":0.003918783973294648,""2"":-0.0011641124946870085}"
new_minus_historical_selective,E_F_C,E_rho0_C,transfer,civilian_at_work,,primary,validation,3,3,True,0.0034719541765315296,0.001015234364310423,"{""0"":0.0023026715700152356,""1"":0.003983901229324904,""2"":0.0041292897302544485}"
new_minus_historical_selective,E_F_C,E_rho0_C,transfer,civilian_at_work,,primary,development_evaluation,3,3,True,0.000571967413059075,0.004593189299913687,"{""0"":0.0010794050588439075,""1"":-0.004253869980208769,""2"":0.004890367160542086}"
new_minus_historical_selective,E_F_C,E_rho0_C,transfer,civilian_at_work,,primary,validation_person_weighted,3,3,True,0.0015936968813128523,0.0032805837051494368,"{""0"":0.0021994658473070694,""1"":0.00452917809977238,""2"":-0.001947553303140892}"
new_minus_historical_selective,E_F_C,E_rho0_C,transfer,civilian_at_work,,primary,development_evaluation_person_weighted,3,3,True,-0.001391245087803546,0.002610770108226165,"{""0"":-0.0008334470198179678,""1"":-0.004235834388473303,""2"":0.0008955461448806323}"
new_minus_historical_selective,E_F_C,E_rho0_C,transfer,public_coverage,,primary,validation,3,3,True,0.003987474237976814,0.005827856278239366,"{""0"":0.004685105241768295,""1"":-0.002157796390694744,""2"":0.009435113862856892}"
new_minus_historical_selective,E_F_C,E_rho0_C,transfer,public_coverage,,primary,development_evaluation,3,3,True,0.002311565423140797,0.002357442270059376,"{""0"":0.0036523504237532256,""1"":-0.0004104741577478088,""2"":0.0036928200034169745}"
new_minus_historical_selective,E_F_C,E_rho0_C,transfer,public_coverage,,primary,validation_person_weighted,3,3,True,0.0018249780332383891,0.005434561311459241,"{""0"":0.0022489457913724697,""1"":-0.0038091498086035847,""2"":0.007035138116946282}"
new_minus_historical_selective,E_F_C,E_rho0_C,transfer,public_coverage,,primary,development_evaluation_person_weighted,3,3,True,0.001892920853494943,0.0053358637009469035,"{""0"":0.007627147485623542,""1"":-0.0029262234904024464,""2"":0.0009778385652637334}"
new_minus_historical_selective,E_F_C,E_rho0_C,audit,SEX,120,primary,validation,3,3,True,0.002040120206451057,0.0028015456649748997,"{""0"":0.005114313483318478,""1"":0.0013751817447760217,""2"":-0.0003691346087413283}"
new_minus_historical_selective,E_F_C,E_rho0_C,audit,SEX,120,primary,development_evaluation,3,3,True,0.0002468955294563739,0.0019661084824811187,"{""0"":0.0020720491555260567,""1"":-0.001834951673957752,""2"":0.0005035891068008169}"
new_minus_historical_selective,E_F_C,E_rho0_C,audit,SEX,120,primary,validation_person_weighted,3,3,True,-3.286237587159698e-05,0.0005104988094394014,"{""0"":-0.00023885753490937578,""1"":-0.00040817800992598574,""2"":0.0005484484172205706}"
new_minus_historical_selective,E_F_C,E_rho0_C,audit,SEX,120,primary,development_evaluation_person_weighted,3,3,True,0.0002299670867018285,0.003637442363323449,"{""0"":0.00437110799328988,""1"":-0.002448222441619796,""2"":-0.0012329842915645983}"
new_minus_historical_selective,E_F_C,E_rho0_C,audit,RAC1P,120,primary,validation,3,3,True,0.002280367618438417,0.006446242084481474,"{""0"":-0.004343215772839137,""1"":0.008533272080673227,""2"":0.0026510465474811618}"
new_minus_historical_selective,E_F_C,E_rho0_C,audit,RAC1P,120,primary,development_evaluation,3,3,True,0.0014454475193517908,0.002803034468047268,"{""0"":-0.001182250726416978,""1"":0.004395879568930949,""2"":0.0011227137155414013}"
new_minus_historical_selective,E_F_C,E_rho0_C,audit,RAC1P,120,primary,validation_person_weighted,3,3,True,0.0021590915387021217,0.004172200149961793,"{""0"":-0.0006322894760368847,""1"":0.006955281732037966,""2"":0.0001542823601052845}"
new_minus_historical_selective,E_F_C,E_rho0_C,audit,RAC1P,120,primary,development_evaluation_person_weighted,3,3,True,0.0036506913750508443,0.0009436267596538298,"{""0"":0.002597745088656511,""1"":0.004419877414508333,""2"":0.003934451621987689}"
new_minus_historical_selective,E_F_C,E_rho0_C,audit,SEX,120,pooled,validation,3,3,True,-0.00036403118365657683,0.0010453193147432836,"{""0"":-0.0015566282742149884,""1"":7.10947694455566e-05,""2"":0.0003934399537997013}"
new_minus_historical_selective,E_F_C,E_rho0_C,audit,SEX,120,pooled,development_evaluation,3,3,True,0.000780448555159019,0.0021059664948162265,"{""0"":0.0020518531850947097,""1"":-0.001650453630999249,""2"":0.0019399461113815963}"
new_minus_historical_selective,E_F_C,E_rho0_C,audit,SEX,120,pooled,validation_person_weighted,3,3,True,0.0011368923850362256,0.0024298685396022812,"{""0"":-0.0009607832330430499,""1"":0.0005720143359596586,""2"":0.003799446052192068}"
new_minus_historical_selective,E_F_C,E_rho0_C,audit,SEX,120,pooled,development_evaluation_person_weighted,3,3,True,-0.00293885985276073,0.005209454223392908,"{""0"":0.0020605846983891007,""1"":-0.008335576940310618,""2"":-0.0025415873163606717}"
new_minus_historical_selective,E_F_C,E_rho0_C,audit,RAC1P,120,pooled,validation,3,3,True,0.00022475510945629829,0.0027843945246604435,"{""0"":0.0006096414885929935,""1"":0.002796683408187839,""2"":-0.0027320595684119375}"
new_minus_historical_selective,E_F_C,E_rho0_C,audit,RAC1P,120,pooled,development_evaluation,3,3,True,-0.0018624008144905169,0.0031131288014868944,"{""0"":-0.003098773343352512,""1"":0.0016789871470619389,""2"":-0.004167416247180977}"
new_minus_historical_selective,E_F_C,E_rho0_C,audit,RAC1P,120,pooled,validation_person_weighted,3,3,True,-0.00012566282623516223,0.006651453286332755,"{""0"":0.003482390326383644,""1"":0.003942132729994441,""2"":-0.007801511535083572}"
new_minus_historical_selective,E_F_C,E_rho0_C,audit,RAC1P,120,pooled,development_evaluation_person_weighted,3,3,True,-0.0018753317219145267,0.004444690689590931,"{""0"":0.0010918912842217132,""1"":0.00026762072041086604,""2"":-0.0069855071703761595}"
new_minus_historical_selective,E_F_C,E_rho0_C,audit,SEX,360,primary,validation,3,3,True,0.002040120206451057,0.0028015456649748997,"{""0"":0.005114313483318478,""1"":0.0013751817447760217,""2"":-0.0003691346087413283}"
new_minus_historical_selective,E_F_C,E_rho0_C,audit,SEX,360,primary,development_evaluation,3,3,True,0.0002468955294563739,0.0019661084824811187,"{""0"":0.0020720491555260567,""1"":-0.001834951673957752,""2"":0.0005035891068008169}"
new_minus_historical_selective,E_F_C,E_rho0_C,audit,SEX,360,primary,validation_person_weighted,3,3,True,-3.286237587159698e-05,0.0005104988094394014,"{""0"":-0.00023885753490937578,""1"":-0.00040817800992598574,""2"":0.0005484484172205706}"
new_minus_historical_selective,E_F_C,E_rho0_C,audit,SEX,360,primary,development_evaluation_person_weighted,3,3,True,0.0002299670867018285,0.003637442363323449,"{""0"":0.00437110799328988,""1"":-0.002448222441619796,""2"":-0.0012329842915645983}"
new_minus_historical_selective,E_F_C,E_rho0_C,audit,RAC1P,360,primary,validation,3,3,True,0.002280367618438417,0.006446242084481474,"{""0"":-0.004343215772839137,""1"":0.008533272080673227,""2"":0.0026510465474811618}"
new_minus_historical_selective,E_F_C,E_rho0_C,audit,RAC1P,360,primary,development_evaluation,3,3,True,0.0014454475193517908,0.002803034468047268,"{""0"":-0.001182250726416978,""1"":0.004395879568930949,""2"":0.0011227137155414013}"
new_minus_historical_selective,E_F_C,E_rho0_C,audit,RAC1P,360,primary,validation_person_weighted,3,3,True,0.0021590915387021217,0.004172200149961793,"{""0"":-0.0006322894760368847,""1"":0.006955281732037966,""2"":0.0001542823601052845}"
new_minus_historical_selective,E_F_C,E_rho0_C,audit,RAC1P,360,primary,development_evaluation_person_weighted,3,3,True,0.0036506913750508443,0.0009436267596538298,"{""0"":0.002597745088656511,""1"":0.004419877414508333,""2"":0.003934451621987689}"
new_minus_historical_selective,E_F_C,E_rho0_C,audit,SEX,360,pooled,validation,3,3,True,-0.00036403118365657683,0.0010453193147432836,"{""0"":-0.0015566282742149884,""1"":7.10947694455566e-05,""2"":0.0003934399537997013}"
new_minus_historical_selective,E_F_C,E_rho0_C,audit,SEX,360,pooled,development_evaluation,3,3,True,0.000780448555159019,0.0021059664948162265,"{""0"":0.0020518531850947097,""1"":-0.001650453630999249,""2"":0.0019399461113815963}"
new_minus_historical_selective,E_F_C,E_rho0_C,audit,SEX,360,pooled,validation_person_weighted,3,3,True,0.0011368923850362256,0.0024298685396022812,"{""0"":-0.0009607832330430499,""1"":0.0005720143359596586,""2"":0.003799446052192068}"
new_minus_historical_selective,E_F_C,E_rho0_C,audit,SEX,360,pooled,development_evaluation_person_weighted,3,3,True,-0.00293885985276073,0.005209454223392908,"{""0"":0.0020605846983891007,""1"":-0.008335576940310618,""2"":-0.0025415873163606717}"
new_minus_historical_selective,E_F_C,E_rho0_C,audit,RAC1P,360,pooled,validation,3,3,True,0.00022475510945629829,0.0027843945246604435,"{""0"":0.0006096414885929935,""1"":0.002796683408187839,""2"":-0.0027320595684119375}"
new_minus_historical_selective,E_F_C,E_rho0_C,audit,RAC1P,360,pooled,development_evaluation,3,3,True,-0.0018624008144905169,0.0031131288014868944,"{""0"":-0.003098773343352512,""1"":0.0016789871470619389,""2"":-0.004167416247180977}"
new_minus_historical_selective,E_F_C,E_rho0_C,audit,RAC1P,360,pooled,validation_person_weighted,3,3,True,-0.00012566282623516223,0.006651453286332755,"{""0"":0.003482390326383644,""1"":0.003942132729994441,""2"":-0.007801511535083572}"
new_minus_historical_selective,E_F_C,E_rho0_C,audit,RAC1P,360,pooled,development_evaluation_person_weighted,3,3,True,-0.0018753317219145267,0.004444690689590931,"{""0"":0.0010918912842217132,""1"":0.00026762072041086604,""2"":-0.0069855071703761595}"
final_minus_W,E_F_D,E_F_W,transfer,same_residence,,primary,validation,3,3,True,-6.406567073720855e-05,0.00039270673914395344,"{""0"":-0.0005174937638259269,""1"":0.00015808698703578816,""2"":0.0001672097645785131}"
final_minus_W,E_F_D,E_F_W,transfer,same_residence,,primary,development_evaluation,3,3,True,-7.959519373790247e-05,0.0019476971274631253,"{""0"":-0.0013066151319248709,""1"":-0.001098366038045362,""2"":0.0021661955887565254}"
final_minus_W,E_F_D,E_F_W,transfer,same_residence,,primary,validation_person_weighted,3,3,True,0.001773310534633384,0.0005674131055175769,"{""0"":0.0016777898657029389,""1"":0.0023824214580075442,""2"":0.001259720280189669}"
final_minus_W,E_F_D,E_F_W,transfer,same_residence,,primary,development_evaluation_person_weighted,3,3,True,0.0008555392474497991,0.0017953529498002812,"{""0"":-0.0009785136247909554,""1"":0.0009356189942729132,""2"":0.0026095123728674396}"
final_minus_W,E_F_D,E_F_W,transfer,commute_over20,,primary,validation,3,3,True,5.8528950487524156e-05,0.0020211405910857717,"{""0"":-0.00039500649882140415,""1"":0.002267905685032656,""2"":-0.0016973123347486796}"
final_minus_W,E_F_D,E_F_W,transfer,commute_over20,,primary,development_evaluation,3,3,True,0.00016028628626996166,0.003703691948930178,"{""0"":-0.0039925952144895804,""1"":0.0013521279845040146,""2"":0.003121326088795451}"
final_minus_W,E_F_D,E_F_W,transfer,commute_over20,,primary,validation_person_weighted,3,3,True,2.541566933674429e-05,0.0016637073044068337,"{""0"":-0.0013116265945388728,""1"":0.001888575023999084,""2"":-0.0005007014214499783}"
final_minus_W,E_F_D,E_F_W,transfer,commute_over20,,primary,development_evaluation_person_weighted,3,3,True,-0.0001317055028097943,0.00414807902669503,"{""0"":-0.004719713673644987,""1"":0.000970998712730653,""2"":0.0033535984524849516}"
final_minus_W,E_F_D,E_F_W,transfer,income_binary,,primary,validation,3,3,True,0.0017799333790020817,0.001147041536154752,"{""0"":0.0030273889906833884,""1"":0.0007707251478116239,""2"":0.001541685998511233}"
final_minus_W,E_F_D,E_F_W,transfer,income_binary,,primary,development_evaluation,3,3,True,0.003965477830428517,0.001687948304119327,"{""0"":0.005162376374157285,""1"":0.002034833045737927,""2"":0.00469922407139034}"
final_minus_W,E_F_D,E_F_W,transfer,income_binary,,primary,validation_person_weighted,3,3,True,-0.0003217678198533617,0.0014575784120224927,"{""0"":-0.0018040322853744573,""1"":-0.00027107303384965586,""2"":0.001109801859664028}"
final_minus_W,E_F_D,E_F_W,transfer,income_binary,,primary,development_evaluation_person_weighted,3,3,True,0.00667292923622026,0.00391263136314164,"{""0"":0.011182174397193434,""1"":0.004175994372678071,""2"":0.004660618938789274}"
final_minus_W,E_F_D,E_F_W,transfer,civilian_at_work,,primary,validation,3,3,True,0.007531002191698351,0.002631553836747314,"{""0"":0.010135279305444334,""1"":0.007584732777410175,""2"":0.0048729944922405455}"
final_minus_W,E_F_D,E_F_W,transfer,civilian_at_work,,primary,development_evaluation,3,3,True,0.004302006731085921,0.0060627242891928765,"{""0"":0.008387756881535702,""1"":-0.0026639375177179847,""2"":0.007182200829440044}"
final_minus_W,E_F_D,E_F_W,transfer,civilian_at_work,,primary,validation_person_weighted,3,3,True,0.0074569233409167435,0.002134383854595934,"{""0"":0.00879872149961114,""1"":0.008576353201946996,""2"":0.004995695321192095}"
final_minus_W,E_F_D,E_F_W,transfer,civilian_at_work,,primary,development_evaluation_person_weighted,3,3,True,0.0038147420434806825,0.00532018195323926,"{""0"":0.008111345582698326,""1"":-0.0021360239975788953,""2"":0.005468904545322617}"
final_minus_W,E_F_D,E_F_W,transfer,public_coverage,,primary,validation,3,3,True,0.0018264695332585457,0.0026897016889732644,"{""0"":0.0010501890901382649,""1"":-0.00038972061609959807,""2"":0.00481894012573697}"
final_minus_W,E_F_D,E_F_W,transfer,public_coverage,,primary,development_evaluation,3,3,True,0.000593885879402308,0.00016890445576203805,"{""0"":0.0006388401635388785,""1"":0.0004070522667294352,""2"":0.0007357652079386101}"
final_minus_W,E_F_D,E_F_W,transfer,public_coverage,,primary,validation_person_weighted,3,3,True,0.0030129656246152825,0.0025344215462745844,"{""0"":0.0035985673901183235,""1"":0.00023700234214024674,""2"":0.005203327141587277}"
final_minus_W,E_F_D,E_F_W,transfer,public_coverage,,primary,development_evaluation_person_weighted,3,3,True,0.0022558065301127215,0.00010378965219937283,"{""0"":0.002363083925202236,""1"":0.0021558972989556002,""2"":0.0022484383661803276}"
representation_minus_source_bank,E_F_D,E_bank,transfer,same_residence,,primary,validation,3,3,True,-0.017882100705887694,0.007739539750598569,"{""0"":-0.014740562150662218,""1"":-0.012207283245311507,""2"":-0.026698456721689356}"
representation_minus_source_bank,E_F_D,E_bank,transfer,same_residence,,primary,development_evaluation,3,3,True,-0.017579656009506877,0.002754432105487108,"{""0"":-0.014551094884999616,""1"":-0.01993522092326161,""2"":-0.018252652220259402}"
representation_minus_source_bank,E_F_D,E_bank,transfer,same_residence,,primary,validation_person_weighted,3,3,True,-0.016308834849196208,0.009217724333694777,"{""0"":-0.010680503530624663,""1"":-0.011299455479642506,""2"":-0.026946545537321454}"
representation_minus_source_bank,E_F_D,E_bank,transfer,same_residence,,primary,development_evaluation_person_weighted,3,3,True,-0.015685322947004088,0.004591996241752125,"{""0"":-0.01103132616542235,""1"":-0.0158119429721415,""2"":-0.02021269970344841}"
representation_minus_source_bank,E_F_D,E_bank,transfer,commute_over20,,primary,validation,3,3,True,-0.0009516149934800655,0.0022101684873354777,"{""0"":-0.0006552372542546481,""1"":0.0010954102310628544,""2"":-0.003295017957248403}"
representation_minus_source_bank,E_F_D,E_bank,transfer,commute_over20,,primary,development_evaluation,3,3,True,-0.0010334286356145455,0.0007764984464821993,"{""0"":-0.0019297967007332328,""1"":-0.0006037663812042959,""2"":-0.0005667228249061074}"
representation_minus_source_bank,E_F_D,E_bank,transfer,commute_over20,,primary,validation_person_weighted,3,3,True,-0.0032596142283619254,0.0004751567437399272,"{""0"":-0.0033816853402944824,""1"":-0.0027353315311792192,""2"":-0.003661825813612074}"
representation_minus_source_bank,E_F_D,E_bank,transfer,commute_over20,,primary,development_evaluation_person_weighted,3,3,True,-0.003207660383013048,0.001116703499228995,"{""0"":-0.0020576617202231473,""1"":-0.0032775319960274274,""2"":-0.00428778743278857}"
representation_minus_source_bank,E_F_D,E_bank,transfer,income_binary,,primary,validation,3,3,True,-0.02501209472829487,0.013226625299838868,"{""0"":-0.0372185741647415,""1"":-0.026858384030588545,""2"":-0.01095932598955457}"
representation_minus_source_bank,E_F_D,E_bank,transfer,income_binary,,primary,development_evaluation,3,3,True,-0.025697961138114178,0.01746662028176928,"{""0"":-0.0271142213668652,""1"":-0.04241333466941388,""2"":-0.007566327378063453}"
representation_minus_source_bank,E_F_D,E_bank,transfer,income_binary,,primary,validation_person_weighted,3,3,True,-0.02213445553590652,0.01800035249956163,"{""0"":-0.04046639321209211,""1"":-0.021451866677857645,""2"":-0.0044851067177698045}"
representation_minus_source_bank,E_F_D,E_bank,transfer,income_binary,,primary,development_evaluation_person_weighted,3,3,True,-0.023612554127002267,0.017466025953870416,"{""0"":-0.016793626984620447,""1"":-0.043459436506857796,""2"":-0.010584598889528563}"
representation_minus_source_bank,E_F_D,E_bank,transfer,civilian_at_work,,primary,validation,3,3,True,-0.05673844883556393,0.024729913536399563,"{""0"":-0.08324911714440869,""1"":-0.05267316217185719,""2"":-0.03429306719042591}"
representation_minus_source_bank,E_F_D,E_bank,transfer,civilian_at_work,,primary,development_evaluation,3,3,True,-0.05813612184895615,0.024736395262461644,"{""0"":-0.08590563948931534,""1"":-0.05004184384621041,""2"":-0.038460882211342695}"
representation_minus_source_bank,E_F_D,E_bank,transfer,civilian_at_work,,primary,validation_person_weighted,3,3,True,-0.048780842742011686,0.026092782701571497,"{""0"":-0.07812328213037784,""1"":-0.04003408480958154,""2"":-0.028185161286075677}"
representation_minus_source_bank,E_F_D,E_bank,transfer,civilian_at_work,,primary,development_evaluation_person_weighted,3,3,True,-0.050740207234055146,0.02630275790149925,"{""0"":-0.0799974146509786,""1"":-0.043171839629805586,""2"":-0.029051367421381258}"
representation_minus_source_bank,E_F_D,E_bank,transfer,public_coverage,,primary,validation,3,3,True,-0.013028733218828192,0.012782536756342082,"{""0"":-0.008029540304729632,""1"":-0.02755535335519882,""2"":-0.0035013059965561255}"
representation_minus_source_bank,E_F_D,E_bank,transfer,public_coverage,,primary,development_evaluation,3,3,True,-0.0034783350433249907,0.007967446591527687,"{""0"":-0.003641135849376309,""1"":-0.011363133678235049,""2"":0.004569264397636386}"
representation_minus_source_bank,E_F_D,E_bank,transfer,public_coverage,,primary,validation_person_weighted,3,3,True,-0.01452328643289802,0.016116413260363584,"{""0"":-0.005892168922448926,""1"":-0.033117032547498315,""2"":-0.004560657828746817}"
representation_minus_source_bank,E_F_D,E_bank,transfer,public_coverage,,primary,development_evaluation_person_weighted,3,3,True,-0.001696766587958994,0.00855134744498859,"{""0"":0.0003573638957696801,""1"":-0.011088098330346574,""2"":0.005640434670699912}"
representation_minus_source_bank,E_F_D,E_bank,audit,SEX,120,primary,validation,3,3,True,-0.011415479405990192,0.002056780139475109,"{""0"":-0.01300253913004179,""1"":-0.009091826798443892,""2"":-0.012152072289484894}"
representation_minus_source_bank,E_F_D,E_bank,audit,SEX,120,primary,development_evaluation,3,3,True,-0.00985109683990785,0.006449194324566451,"{""0"":-0.002420215798613401,""1"":-0.013143911463788016,""2"":-0.013989163257322135}"
representation_minus_source_bank,E_F_D,E_bank,audit,SEX,120,primary,validation_person_weighted,3,3,True,-0.012236870091578145,0.00362244581726327,"{""0"":-0.016301335191490907,""1"":-0.011060328074292025,""2"":-0.009348947008951503}"
representation_minus_source_bank,E_F_D,E_bank,audit,SEX,120,primary,development_evaluation_person_weighted,3,3,True,-0.008289133556592554,0.007410916224552617,"{""0"":0.0001134707327737905,""1"":-0.011087274928385127,""2"":-0.013893596474166325}"
representation_minus_source_bank,E_F_D,E_bank,audit,RAC1P,120,primary,validation,3,3,True,-0.023403614748150964,0.01635354566256386,"{""0"":-0.0047535643131184635,""1"":-0.03016540571659454,""2"":-0.03529187421473989}"
representation_minus_source_bank,E_F_D,E_bank,audit,RAC1P,120,primary,development_evaluation,3,3,True,-0.029818378958050618,0.011994699457577916,"{""0"":-0.028102078703118538,""1"":-0.042578778879308166,""2"":-0.01877427929172515}"
representation_minus_source_bank,E_F_D,E_bank,audit,RAC1P,120,primary,validation_person_weighted,3,3,True,-0.02035895857006979,0.014514024598969362,"{""0"":-0.003742471011096038,""1"":-0.030558277694787694,""2"":-0.026776127004325634}"
representation_minus_source_bank,E_F_D,E_bank,audit,RAC1P,120,primary,development_evaluation_person_weighted,3,3,True,-0.024991226808631344,0.013108836361084812,"{""0"":-0.014309276965687845,""1"":-0.03962001909514257,""2"":-0.021044384365063618}"
representation_minus_source_bank,E_F_D,E_bank,audit,SEX,120,pooled,validation,3,3,True,-0.01851637461010362,0.007300540908570195,"{""0"":-0.026485971805255804,""1"":-0.016911079735570156,""2"":-0.012152072289484894}"
representation_minus_source_bank,E_F_D,E_bank,audit,SEX,120,pooled,development_evaluation,3,3,True,-0.016833546928763526,0.005940497427041125,"{""0"":-0.012850036143370991,""1"":-0.023661441385597448,""2"":-0.013989163257322135}"
representation_minus_source_bank,E_F_D,E_bank,audit,SEX,120,pooled,validation_person_weighted,3,3,True,-0.019000757115772055,0.010512668974933644,"{""0"":-0.030202250786944607,""1"":-0.01745107355142006,""2"":-0.009348947008951503}"
representation_minus_source_bank,E_F_D,E_bank,audit,SEX,120,pooled,development_evaluation_person_weighted,3,3,True,-0.016889740133410602,0.0071904493956484366,"{""0"":-0.0116818515626681,""1"":-0.025093772363397382,""2"":-0.013893596474166325}"
representation_minus_source_bank,E_F_D,E_bank,audit,RAC1P,120,pooled,validation,3,3,True,-0.04640177527475653,0.01957353688847754,"{""0"":-0.02432844049022176,""1"":-0.05323139323280324,""2"":-0.06164549210124459}"
representation_minus_source_bank,E_F_D,E_bank,audit,RAC1P,120,pooled,development_evaluation,3,3,True,-0.04993507447735531,0.012075473729402817,"{""0"":-0.04247458655747516,""1"":-0.0638669313385718,""2"":-0.04346370553601897}"
representation_minus_source_bank,E_F_D,E_bank,audit,RAC1P,120,pooled,validation_person_weighted,3,3,True,-0.042190627165919446,0.015964132288936207,"{""0"":-0.02384263300256051,""1"":-0.0529030820385914,""2"":-0.049826166456606424}"
representation_minus_source_bank,E_F_D,E_bank,audit,RAC1P,120,pooled,development_evaluation_person_weighted,3,3,True,-0.04443540464502623,0.015615502612339629,"{""0"":-0.02647933489599752,""1"":-0.054837725730945364,""2"":-0.051989153308135805}"
representation_minus_source_bank,E_F_D,E_bank,audit,SEX,360,primary,validation,3,3,True,-0.011278030484779933,0.0019059386713804326,"{""0"":-0.012590192366411013,""1"":-0.009091826798443892,""2"":-0.012152072289484894}"
representation_minus_source_bank,E_F_D,E_bank,audit,SEX,360,primary,development_evaluation,3,3,True,-0.009739530637172145,0.0066420293609011265,"{""0"":-0.002085517190406283,""1"":-0.013143911463788016,""2"":-0.013989163257322135}"
representation_minus_source_bank,E_F_D,E_bank,audit,SEX,360,primary,validation_person_weighted,3,3,True,-0.01200753311902362,0.0032378239107071645,"{""0"":-0.015613324273827334,""1"":-0.011060328074292025,""2"":-0.009348947008951503}"
representation_minus_source_bank,E_F_D,E_bank,audit,SEX,360,primary,development_evaluation_person_weighted,3,3,True,-0.008219279703952198,0.007529753038114674,"{""0"":0.00032303229069485795,""1"":-0.011087274928385127,""2"":-0.013893596474166325}"
representation_minus_source_bank,E_F_D,E_bank,audit,RAC1P,360,primary,validation,3,3,True,-0.023403614748150964,0.01635354566256386,"{""0"":-0.0047535643131184635,""1"":-0.03016540571659454,""2"":-0.03529187421473989}"
representation_minus_source_bank,E_F_D,E_bank,audit,RAC1P,360,primary,development_evaluation,3,3,True,-0.029818378958050618,0.011994699457577916,"{""0"":-0.028102078703118538,""1"":-0.042578778879308166,""2"":-0.01877427929172515}"
representation_minus_source_bank,E_F_D,E_bank,audit,RAC1P,360,primary,validation_person_weighted,3,3,True,-0.02035895857006979,0.014514024598969362,"{""0"":-0.003742471011096038,""1"":-0.030558277694787694,""2"":-0.026776127004325634}"
representation_minus_source_bank,E_F_D,E_bank,audit,RAC1P,360,primary,development_evaluation_person_weighted,3,3,True,-0.024991226808631344,0.013108836361084812,"{""0"":-0.014309276965687845,""1"":-0.03962001909514257,""2"":-0.021044384365063618}"
representation_minus_source_bank,E_F_D,E_bank,audit,SEX,360,pooled,validation,3,3,True,-0.01837892568889336,0.007075898286766889,"{""0"":-0.026073625041625026,""1"":-0.016911079735570156,""2"":-0.012152072289484894}"
representation_minus_source_bank,E_F_D,E_bank,audit,SEX,360,pooled,development_evaluation,3,3,True,-0.01672198072602782,0.0060547606269042336,"{""0"":-0.012515337535163873,""1"":-0.023661441385597448,""2"":-0.013989163257322135}"
representation_minus_source_bank,E_F_D,E_bank,audit,SEX,360,pooled,validation_person_weighted,3,3,True,-0.018771420143217532,0.010147277732355988,"{""0"":-0.029514239869281034,""1"":-0.01745107355142006,""2"":-0.009348947008951503}"
representation_minus_source_bank,E_F_D,E_bank,audit,SEX,360,pooled,development_evaluation_person_weighted,3,3,True,-0.016819886280770247,0.00726695083483652,"{""0"":-0.011472290004747032,""1"":-0.025093772363397382,""2"":-0.013893596474166325}"
representation_minus_source_bank,E_F_D,E_bank,audit,RAC1P,360,pooled,validation,3,3,True,-0.04640177527475653,0.01957353688847754,"{""0"":-0.02432844049022176,""1"":-0.05323139323280324,""2"":-0.06164549210124459}"
representation_minus_source_bank,E_F_D,E_bank,audit,RAC1P,360,pooled,development_evaluation,3,3,True,-0.04993507447735531,0.012075473729402817,"{""0"":-0.04247458655747516,""1"":-0.0638669313385718,""2"":-0.04346370553601897}"
representation_minus_source_bank,E_F_D,E_bank,audit,RAC1P,360,pooled,validation_person_weighted,3,3,True,-0.042190627165919446,0.015964132288936207,"{""0"":-0.02384263300256051,""1"":-0.0529030820385914,""2"":-0.049826166456606424}"
representation_minus_source_bank,E_F_D,E_bank,audit,RAC1P,360,pooled,development_evaluation_person_weighted,3,3,True,-0.04443540464502623,0.015615502612339629,"{""0"":-0.02647933489599752,""1"":-0.054837725730945364,""2"":-0.051989153308135805}"
new_minus_beta0,E_F_D,D_init,transfer,same_residence,,primary,validation,3,3,True,-0.0012326258851487193,0.008701838484079846,"{""0"":0.002492194679077908,""1"":0.004986812434775056,""2"":-0.011176884769299122}"
new_minus_beta0,E_F_D,D_init,transfer,same_residence,,primary,development_evaluation,3,3,True,0.0027623406689278687,0.003665433751636603,"{""0"":0.006652468136498391,""1"":-0.0006268788051350116,""2"":0.0022614326754202274}"
new_minus_beta0,E_F_D,D_init,transfer,same_residence,,primary,validation_person_weighted,3,3,True,0.0015648824134091484,0.010555908139360548,"{""0"":0.01212482492149769,""1"":0.0015568090449480931,""2"":-0.008986986726218338}"
new_minus_beta0,E_F_D,D_init,transfer,same_residence,,primary,development_evaluation_person_weighted,3,3,True,0.007691112673502402,0.002845374018263959,"{""0"":0.010857606191343183,""1"":0.0068669063647003314,""2"":0.005348825464463691}"
new_minus_beta0,E_F_D,D_init,transfer,commute_over20,,primary,validation,3,3,True,0.004713613217635415,0.00415149268179876,"{""0"":0.009505978560398365,""1"":0.002416512851142749,""2"":0.002218348241365131}"
new_minus_beta0,E_F_D,D_init,transfer,commute_over20,,primary,development_evaluation,3,3,True,-0.00012444171771286427,0.00021802925896345236,"{""0"":-0.00012677019099149867,""1"":9.474245247220736e-05,""2"":-0.0003412974146193015}"
new_minus_beta0,E_F_D,D_init,transfer,commute_over20,,primary,validation_person_weighted,3,3,True,0.0032249597031853336,0.002989680539443802,"{""0"":0.006634599948482256,""1"":0.0019880656176064493,""2"":0.0010522135434672952}"
new_minus_beta0,E_F_D,D_init,transfer,commute_over20,,primary,development_evaluation_person_weighted,3,3,True,-0.0013233807931656294,0.002968659300363803,"{""0"":0.0013596047731140315,""1"":-0.0045126098615982935,""2"":-0.0008171372910126262}"
new_minus_beta0,E_F_D,D_init,transfer,income_binary,,primary,validation,3,3,True,0.01096032098254801,0.005660744822526795,"{""0"":0.01367308447565263,""1"":0.01475415453427431,""2"":0.004453723937717091}"
new_minus_beta0,E_F_D,D_init,transfer,income_binary,,primary,development_evaluation,3,3,True,0.0038567003360799323,0.002257729491172551,"{""0"":0.006324550877297719,""1"":0.0018950197941273172,""2"":0.003350530336814761}"
new_minus_beta0,E_F_D,D_init,transfer,income_binary,,primary,validation_person_weighted,3,3,True,0.01004613254159692,0.004350048610321248,"{""0"":0.011311904019538022,""1"":0.013622913040747975,""2"":0.005203580564504762}"
new_minus_beta0,E_F_D,D_init,transfer,income_binary,,primary,development_evaluation_person_weighted,3,3,True,0.004944057261486483,0.0074989349442362895,"{""0"":0.013592979399483784,""1"":0.000981721427777027,""2"":0.00025747095719863555}"
new_minus_beta0,E_F_D,D_init,transfer,civilian_at_work,,primary,validation,3,3,True,0.014573442883781243,0.0030921042249912544,"{""0"":0.016419053218875546,""1"":0.016297598314062023,""2"":0.011003677118406163}"
new_minus_beta0,E_F_D,D_init,transfer,civilian_at_work,,primary,development_evaluation,3,3,True,0.015429850188369324,0.001990646827622396,"{""0"":0.017212590736311706,""1"":0.013281876597370568,""2"":0.0157950832314257}"
new_minus_beta0,E_F_D,D_init,transfer,civilian_at_work,,primary,validation_person_weighted,3,3,True,0.015596002867896919,0.003721881140221478,"{""0"":0.01906789187667124,""1"":0.0160536602542366,""2"":0.011666456472782916}"
new_minus_beta0,E_F_D,D_init,transfer,civilian_at_work,,primary,development_evaluation_person_weighted,3,3,True,0.013875015514820324,0.001543267474566101,"{""0"":0.01443535942133789,""1"":0.012129857033338465,""2"":0.01505983008978462}"
new_minus_beta0,E_F_D,D_init,transfer,public_coverage,,primary,validation,3,3,True,0.008394057259745624,0.0088204520581465,"{""0"":0.010711019963579371,""1"":-0.001353611328565818,""2"":0.01582476314422332}"
new_minus_beta0,E_F_D,D_init,transfer,public_coverage,,primary,development_evaluation,3,3,True,0.006193975459834615,0.004040196531299887,"{""0"":0.010505854847988272,""1"":0.002495647968205117,""2"":0.005580423563310455}"
new_minus_beta0,E_F_D,D_init,transfer,public_coverage,,primary,validation_person_weighted,3,3,True,0.005097142952999197,0.011007673513067149,"{""0"":0.007508501527041855,""1"":-0.006916306156738716,""2"":0.014699233488694452}"
new_minus_beta0,E_F_D,D_init,transfer,public_coverage,,primary,development_evaluation_person_weighted,3,3,True,0.005996368295951145,0.005345114820171499,"{""0"":0.01182639483154424,""1"":0.004835876440542397,""2"":0.0013268336157667981}"
new_minus_beta0,E_F_D,D_init,audit,SEX,120,primary,validation,3,3,True,0.009262270594525926,0.00807900686825707,"{""0"":0.008946025285408887,""1"":0.01749475660824107,""2"":0.0013460298899278245}"
new_minus_beta0,E_F_D,D_init,audit,SEX,120,primary,development_evaluation,3,3,True,0.013141664212122373,0.00510687286947529,"{""0"":0.014645957639281781,""1"":0.01732742965538958,""2"":0.007451605341695755}"
new_minus_beta0,E_F_D,D_init,audit,SEX,120,primary,validation_person_weighted,3,3,True,0.00489263104298084,0.011045661348947815,"{""0"":0.00758360284864712,""1"":0.014344164992471375,""2"":-0.007249874712175974}"
new_minus_beta0,E_F_D,D_init,audit,SEX,120,primary,development_evaluation_person_weighted,3,3,True,0.009292745701158974,0.006270464381939848,"{""0"":0.012799264374810937,""1"":0.013025556784831971,""2"":0.002053415943834014}"
new_minus_beta0,E_F_D,D_init,audit,RAC1P,120,primary,validation,3,3,True,-0.0017790501860056966,0.011719255430741335,"{""0"":0.011050052202446148,""1"":-0.004465123570062346,""2"":-0.011922079190400892}"
new_minus_beta0,E_F_D,D_init,audit,RAC1P,120,primary,development_evaluation,3,3,True,-0.005584551543837968,0.003395821740319536,"{""0"":-0.009180315679441442,""1"":-0.005141093893586968,""2"":-0.0024322450584854938}"
new_minus_beta0,E_F_D,D_init,audit,RAC1P,120,primary,validation_person_weighted,3,3,True,-0.003830933727218951,0.008044253276398246,"{""0"":0.0027647072608187884,""1"":-0.0014645551831979908,""2"":-0.01279295325927765}"
new_minus_beta0,E_F_D,D_init,audit,RAC1P,120,primary,development_evaluation_person_weighted,3,3,True,-0.005692789316168974,0.0016269514940315593,"{""0"":-0.004852050144515063,""1"":-0.007568095119796059,""2"":-0.004658222684195801}"
new_minus_beta0,E_F_D,D_init,audit,SEX,120,pooled,validation,3,3,True,0.002925703591533768,0.008365564814925182,"{""0"":-0.004537407389805126,""1"":0.011968488274478606,""2"":0.0013460298899278245}"
new_minus_beta0,E_F_D,D_init,audit,SEX,120,pooled,development_evaluation,3,3,True,0.0023476198239740973,0.006251312807095876,"{""0"":0.0042161372945241915,""1"":-0.004624883164297655,""2"":0.007451605341695755}"
new_minus_beta0,E_F_D,D_init,audit,SEX,120,pooled,validation_person_weighted,3,3,True,-0.004191841561703084,0.004513197962921393,"{""0"":-0.00631731274680658,""1"":0.000991662773873303,""2"":-0.007249874712175974}"
new_minus_beta0,E_F_D,D_init,audit,SEX,120,pooled,development_evaluation_person_weighted,3,3,True,-0.0052888654454380886,0.01181998672246224,"{""0"":0.0010039420793690468,""1"":-0.018923954359517325,""2"":0.002053415943834014}"
new_minus_beta0,E_F_D,D_init,audit,RAC1P,120,pooled,validation,3,3,True,-0.01289671582113964,0.01569780307597942,"{""0"":0.004353555192872616,""1"":-0.02634286095991123,""2"":-0.01670084169638031}"
new_minus_beta0,E_F_D,D_init,audit,RAC1P,120,pooled,development_evaluation,3,3,True,-0.017292269012867695,0.01149240202539668,"{""0"":-0.004039002272486103,""1"":-0.024500705480818397,""2"":-0.02333709928529859}"
new_minus_beta0,E_F_D,D_init,audit,RAC1P,120,pooled,validation_person_weighted,3,3,True,-0.013362265335732296,0.008735055690391413,"{""0"":-0.0033018521442764737,""1"":-0.01901878074277108,""2"":-0.017766163120149336}"
new_minus_beta0,E_F_D,D_init,audit,RAC1P,120,pooled,development_evaluation_person_weighted,3,3,True,-0.018391265680957947,0.01353340701835682,"{""0"":-0.002831172025222539,""1"":-0.024920025334326246,""2"":-0.027422599683325055}"
new_minus_beta0,E_F_D,D_init,audit,SEX,360,primary,validation,3,3,True,0.009262270594525926,0.00807900686825707,"{""0"":0.008946025285408887,""1"":0.01749475660824107,""2"":0.0013460298899278245}"
new_minus_beta0,E_F_D,D_init,audit,SEX,360,primary,development_evaluation,3,3,True,0.013141664212122373,0.00510687286947529,"{""0"":0.014645957639281781,""1"":0.01732742965538958,""2"":0.007451605341695755}"
new_minus_beta0,E_F_D,D_init,audit,SEX,360,primary,validation_person_weighted,3,3,True,0.00489263104298084,0.011045661348947815,"{""0"":0.00758360284864712,""1"":0.014344164992471375,""2"":-0.007249874712175974}"
new_minus_beta0,E_F_D,D_init,audit,SEX,360,primary,development_evaluation_person_weighted,3,3,True,0.009292745701158974,0.006270464381939848,"{""0"":0.012799264374810937,""1"":0.013025556784831971,""2"":0.002053415943834014}"
new_minus_beta0,E_F_D,D_init,audit,RAC1P,360,primary,validation,3,3,True,-0.0017790501860056966,0.011719255430741335,"{""0"":0.011050052202446148,""1"":-0.004465123570062346,""2"":-0.011922079190400892}"
new_minus_beta0,E_F_D,D_init,audit,RAC1P,360,primary,development_evaluation,3,3,True,-0.005584551543837968,0.003395821740319536,"{""0"":-0.009180315679441442,""1"":-0.005141093893586968,""2"":-0.0024322450584854938}"
new_minus_beta0,E_F_D,D_init,audit,RAC1P,360,primary,validation_person_weighted,3,3,True,-0.003830933727218951,0.008044253276398246,"{""0"":0.0027647072608187884,""1"":-0.0014645551831979908,""2"":-0.01279295325927765}"
new_minus_beta0,E_F_D,D_init,audit,RAC1P,360,primary,development_evaluation_person_weighted,3,3,True,-0.005692789316168974,0.0016269514940315593,"{""0"":-0.004852050144515063,""1"":-0.007568095119796059,""2"":-0.004658222684195801}"
new_minus_beta0,E_F_D,D_init,audit,SEX,360,pooled,validation,3,3,True,0.002925703591533768,0.008365564814925182,"{""0"":-0.004537407389805126,""1"":0.011968488274478606,""2"":0.0013460298899278245}"
new_minus_beta0,E_F_D,D_init,audit,SEX,360,pooled,development_evaluation,3,3,True,0.0023476198239740973,0.006251312807095876,"{""0"":0.0042161372945241915,""1"":-0.004624883164297655,""2"":0.007451605341695755}"
new_minus_beta0,E_F_D,D_init,audit,SEX,360,pooled,validation_person_weighted,3,3,True,-0.004191841561703084,0.004513197962921393,"{""0"":-0.00631731274680658,""1"":0.000991662773873303,""2"":-0.007249874712175974}"
new_minus_beta0,E_F_D,D_init,audit,SEX,360,pooled,development_evaluation_person_weighted,3,3,True,-0.0052888654454380886,0.01181998672246224,"{""0"":0.0010039420793690468,""1"":-0.018923954359517325,""2"":0.002053415943834014}"
new_minus_beta0,E_F_D,D_init,audit,RAC1P,360,pooled,validation,3,3,True,-0.01289671582113964,0.01569780307597942,"{""0"":0.004353555192872616,""1"":-0.02634286095991123,""2"":-0.01670084169638031}"
new_minus_beta0,E_F_D,D_init,audit,RAC1P,360,pooled,development_evaluation,3,3,True,-0.017292269012867695,0.01149240202539668,"{""0"":-0.004039002272486103,""1"":-0.024500705480818397,""2"":-0.02333709928529859}"
new_minus_beta0,E_F_D,D_init,audit,RAC1P,360,pooled,validation_person_weighted,3,3,True,-0.013362265335732296,0.008735055690391413,"{""0"":-0.0033018521442764737,""1"":-0.01901878074277108,""2"":-0.017766163120149336}"
new_minus_beta0,E_F_D,D_init,audit,RAC1P,360,pooled,development_evaluation_person_weighted,3,3,True,-0.018391265680957947,0.01353340701835682,"{""0"":-0.002831172025222539,""1"":-0.024920025334326246,""2"":-0.027422599683325055}"
new_minus_historical_selective,E_F_D,E_rho0_D,transfer,same_residence,,primary,validation,3,3,True,0.0004489746093676583,0.0024963268983483676,"{""0"":-0.0021819686655141224,""1"":0.0027843732523747944,""2"":0.000744519241242303}"
new_minus_historical_selective,E_F_D,E_rho0_D,transfer,same_residence,,primary,development_evaluation,3,3,True,0.0012295491622661043,0.0017922506297980538,"{""0"":0.002768258681216551,""1"":-0.0007383222146283286,""2"":0.0016587110202100908}"
new_minus_historical_selective,E_F_D,E_rho0_D,transfer,same_residence,,primary,validation_person_weighted,3,3,True,0.0016484114780794257,0.0023132005324463583,"{""0"":-0.0010076086612298973,""1"":0.0032215020814318485,""2"":0.002731341014036326}"
new_minus_historical_selective,E_F_D,E_rho0_D,transfer,same_residence,,primary,development_evaluation_person_weighted,3,3,True,0.001524977846614391,0.0003900004611378574,"{""0"":0.0018234970726038746,""1"":0.001667720054630617,""2"":0.0010837164126086818}"
new_minus_historical_selective,E_F_D,E_rho0_D,transfer,commute_over20,,primary,validation,3,3,True,0.0017690228535301629,0.00037820062303052244,"{""0"":0.001979524903719221,""1"":0.001995136244766549,""2"":0.0013324074121047191}"
new_minus_historical_selective,E_F_D,E_rho0_D,transfer,commute_over20,,primary,development_evaluation,3,3,True,0.0014263179263563537,0.0011043331041425933,"{""0"":0.0013912497270772706,""1"":0.00033993659854925085,""2"":0.00254776745344254}"
new_minus_historical_selective,E_F_D,E_rho0_D,transfer,commute_over20,,primary,validation_person_weighted,3,3,True,0.00019061211704000472,0.0006982390014959384,"{""0"":0.0004540561849294411,""1"":0.0007188034262930465,""2"":-0.0006010232601024734}"
new_minus_historical_selective,E_F_D,E_rho0_D,transfer,commute_over20,,primary,development_evaluation_person_weighted,3,3,True,-0.0013570309168804788,0.0018688027070764858,"{""0"":0.0002878871139800898,""1"":-0.0009699003069465473,""2"":-0.003389079557674979}"
new_minus_historical_selective,E_F_D,E_rho0_D,transfer,income_binary,,primary,validation,3,3,True,0.004951253756868741,0.0018490854984132342,"{""0"":0.006936087774243649,""1"":0.004640337021875773,""2"":0.0032773364744868028}"
new_minus_historical_selective,E_F_D,E_rho0_D,transfer,income_binary,,primary,development_evaluation,3,3,True,0.004812333193165412,0.003432598858424845,"{""0"":0.008771648966076684,""1"":0.002992671808676406,""2"":0.002672678804743145}"
new_minus_historical_selective,E_F_D,E_rho0_D,transfer,income_binary,,primary,validation_person_weighted,3,3,True,0.0038038292325827303,0.0006355204303009886,"{""0"":0.003113260503135651,""1"":0.0043641074106180455,""2"":0.003934119783994494}"
new_minus_historical_selective,E_F_D,E_rho0_D,transfer,income_binary,,primary,development_evaluation_person_weighted,3,3,True,0.006026772163504668,0.008233351907928193,"{""0"":0.015414723848893142,""1"":0.0026319714454158816,""2"":3.3621196204980386e-05}"
new_minus_historical_selective,E_F_D,E_rho0_D,transfer,civilian_at_work,,primary,validation,3,3,True,0.003533479033245616,0.0015345447873534432,"{""0"":0.0017743052643151014,""1"":0.00459693663975147,""2"":0.004229195195670277}"
new_minus_historical_selective,E_F_D,E_rho0_D,transfer,civilian_at_work,,primary,development_evaluation,3,3,True,0.004783762996998657,0.0018253013938858637,"{""0"":0.004714163950887085,""1"":0.0066428684587903075,""2"":0.0029942565813185773}"
new_minus_historical_selective,E_F_D,E_rho0_D,transfer,civilian_at_work,,primary,validation_person_weighted,3,3,True,0.0035149192283717157,0.0015533434887140503,"{""0"":0.0021338801522374773,""1"":0.005196611958455777,""2"":0.003214265574421893}"
new_minus_historical_selective,E_F_D,E_rho0_D,transfer,civilian_at_work,,primary,development_evaluation_person_weighted,3,3,True,0.0019543340567915735,0.0015450343123096402,"{""0"":0.0015813468664651054,""1"":0.0036517185954392795,""2"":0.0006299367084703356}"
new_minus_historical_selective,E_F_D,E_rho0_D,transfer,public_coverage,,primary,validation,3,3,True,0.003476370902900261,0.004985297346771255,"{""0"":0.002789736320126024,""1"":-0.0011300177917312193,""2"":0.008769394180305978}"
new_minus_historical_selective,E_F_D,E_rho0_D,transfer,public_coverage,,primary,development_evaluation,3,3,True,0.0036964201965273467,0.0037316640481916364,"{""0"":0.006735532407409095,""1"":-0.0004685402817491968,""2"":0.004822268463922141}"
new_minus_historical_selective,E_F_D,E_rho0_D,transfer,public_coverage,,primary,validation_person_weighted,3,3,True,0.002394654724106604,0.0043956832019317335,"{""0"":0.0034054771707359155,""1"":-0.002418390339007759,""2"":0.0061968773405916555}"
new_minus_historical_selective,E_F_D,E_rho0_D,transfer,public_coverage,,primary,development_evaluation_person_weighted,3,3,True,0.003929384318804741,0.00625122656698224,"{""0"":0.01053422254768377,""1"":-0.0018949224952554689,""2"":0.0031488529039859214}"
new_minus_historical_selective,E_F_D,E_rho0_D,audit,SEX,120,primary,validation,3,3,True,0.001355024811884838,0.001669074301015169,"{""0"":0.0032176880585487178,""1"":0.0008522643547026476,""2"":-4.877977596851046e-06}"
new_minus_historical_selective,E_F_D,E_rho0_D,audit,SEX,120,primary,development_evaluation,3,3,True,-0.0011025614448060272,0.0020293820133691883,"{""0"":-0.0017025172727642701,""1"":-0.0027643253868213646,""2"":0.001159158325167553}"
new_minus_historical_selective,E_F_D,E_rho0_D,audit,SEX,120,primary,validation_person_weighted,3,3,True,-0.000625941633913422,0.0027807901885806975,"{""0"":-0.0037771249241921323,""1"":0.0004154899451335181,""2"":0.0014838100773183482}"
new_minus_historical_selective,E_F_D,E_rho0_D,audit,SEX,120,primary,development_evaluation_person_weighted,3,3,True,-0.001066168183464759,0.0020071768433927335,"{""0"":-0.000913676246084183,""1"":-0.0031452417876313143,""2"":0.0008604134833212207}"
new_minus_historical_selective,E_F_D,E_rho0_D,audit,RAC1P,120,primary,validation,3,3,True,0.0004876635886044145,0.005357007166365894,"{""0"":-0.004966447447997124,""1"":0.005741976589001441,""2"":0.0006874616248089271}"
new_minus_historical_selective,E_F_D,E_rho0_D,audit,RAC1P,120,primary,development_evaluation,3,3,True,-0.0007199815293400894,0.0021668298890330008,"{""0"":-0.002647613593741438,""1"":-0.001137587856964828,""2"":0.0016252568626859976}"
new_minus_historical_selective,E_F_D,E_rho0_D,audit,RAC1P,120,primary,validation_person_weighted,3,3,True,0.002085212643698616,0.005359582253753063,"{""0"":-0.0009017438376655029,""1"":0.008272696654357148,""2"":-0.0011153148855957973}"
new_minus_historical_selective,E_F_D,E_rho0_D,audit,RAC1P,120,primary,development_evaluation_person_weighted,3,3,True,0.0012605491659422412,0.0021142553822687585,"{""0"":0.0014798320117137553,""1"":-0.0009548016615421595,""2"":0.0032566171476551276}"
new_minus_historical_selective,E_F_D,E_rho0_D,audit,SEX,120,pooled,validation,3,3,True,0.0019215610066055655,0.0058344697978658065,"{""0"":-0.004412182934092068,""1"":0.007076850335675955,""2"":0.00310001561823281}"
new_minus_historical_selective,E_F_D,E_rho0_D,audit,SEX,120,pooled,development_evaluation,3,3,True,0.0015897232476553465,0.004976687318548987,"{""0"":-0.0019892836161601313,""1"":-0.0005144154545033697,""2"":0.0072728688136295405}"
new_minus_historical_selective,E_F_D,E_rho0_D,audit,SEX,120,pooled,validation_person_weighted,3,3,True,0.003714189822182153,0.007974948319696246,"{""0"":-0.00516759512254239,""1"":0.010261079172171339,""2"":0.00604908541691751}"
new_minus_historical_selective,E_F_D,E_rho0_D,audit,SEX,120,pooled,development_evaluation_person_weighted,3,3,True,-0.00242702932364521,0.0031719454528784676,"{""0"":-0.004468158622695562,""1"":-0.004040203716708546,""2"":0.0012272743684684784}"
new_minus_historical_selective,E_F_D,E_rho0_D,audit,RAC1P,120,pooled,validation,3,3,True,0.0030569540362718564,0.00326435130215476,"{""0"":0.0055985914356917466,""1"":0.004196747068318407,""2"":-0.0006244763951945842}"
new_minus_historical_selective,E_F_D,E_rho0_D,audit,RAC1P,120,pooled,development_evaluation,3,3,True,-0.0038391383459848902,0.00195731626239599,"{""0"":-0.0015847011698451041,""1"":-0.005104999334383686,""2"":-0.00482771453372588}"
new_minus_historical_selective,E_F_D,E_rho0_D,audit,RAC1P,120,pooled,validation_person_weighted,3,3,True,0.0032525010796486953,0.0060849617797600385,"{""0"":0.004712691340072128,""1"":0.008474518445321433,""2"":-0.003429706546447475}"
new_minus_historical_selective,E_F_D,E_rho0_D,audit,RAC1P,120,pooled,development_evaluation_person_weighted,3,3,True,-0.004338055485092769,0.003833620284137685,"{""0"":-0.00030570109207794793,""1"":-0.004772545917477,""2"":-0.00793591944572336}"
new_minus_historical_selective,E_F_D,E_rho0_D,audit,SEX,360,primary,validation,3,3,True,0.001355024811884838,0.001669074301015169,"{""0"":0.0032176880585487178,""1"":0.0008522643547026476,""2"":-4.877977596851046e-06}"
new_minus_historical_selective,E_F_D,E_rho0_D,audit,SEX,360,primary,development_evaluation,3,3,True,-0.0011025614448060272,0.0020293820133691883,"{""0"":-0.0017025172727642701,""1"":-0.0027643253868213646,""2"":0.001159158325167553}"
new_minus_historical_selective,E_F_D,E_rho0_D,audit,SEX,360,primary,validation_person_weighted,3,3,True,-0.000625941633913422,0.0027807901885806975,"{""0"":-0.0037771249241921323,""1"":0.0004154899451335181,""2"":0.0014838100773183482}"
new_minus_historical_selective,E_F_D,E_rho0_D,audit,SEX,360,primary,development_evaluation_person_weighted,3,3,True,-0.001066168183464759,0.0020071768433927335,"{""0"":-0.000913676246084183,""1"":-0.0031452417876313143,""2"":0.0008604134833212207}"
new_minus_historical_selective,E_F_D,E_rho0_D,audit,RAC1P,360,primary,validation,3,3,True,0.0004876635886044145,0.005357007166365894,"{""0"":-0.004966447447997124,""1"":0.005741976589001441,""2"":0.0006874616248089271}"
new_minus_historical_selective,E_F_D,E_rho0_D,audit,RAC1P,360,primary,development_evaluation,3,3,True,-0.0007199815293400894,0.0021668298890330008,"{""0"":-0.002647613593741438,""1"":-0.001137587856964828,""2"":0.0016252568626859976}"
new_minus_historical_selective,E_F_D,E_rho0_D,audit,RAC1P,360,primary,validation_person_weighted,3,3,True,0.002085212643698616,0.005359582253753063,"{""0"":-0.0009017438376655029,""1"":0.008272696654357148,""2"":-0.0011153148855957973}"
new_minus_historical_selective,E_F_D,E_rho0_D,audit,RAC1P,360,primary,development_evaluation_person_weighted,3,3,True,0.0012605491659422412,0.0021142553822687585,"{""0"":0.0014798320117137553,""1"":-0.0009548016615421595,""2"":0.0032566171476551276}"
new_minus_historical_selective,E_F_D,E_rho0_D,audit,SEX,360,pooled,validation,3,3,True,0.0019215610066055655,0.0058344697978658065,"{""0"":-0.004412182934092068,""1"":0.007076850335675955,""2"":0.00310001561823281}"
new_minus_historical_selective,E_F_D,E_rho0_D,audit,SEX,360,pooled,development_evaluation,3,3,True,0.0015897232476553465,0.004976687318548987,"{""0"":-0.0019892836161601313,""1"":-0.0005144154545033697,""2"":0.0072728688136295405}"
new_minus_historical_selective,E_F_D,E_rho0_D,audit,SEX,360,pooled,validation_person_weighted,3,3,True,0.003714189822182153,0.007974948319696246,"{""0"":-0.00516759512254239,""1"":0.010261079172171339,""2"":0.00604908541691751}"
new_minus_historical_selective,E_F_D,E_rho0_D,audit,SEX,360,pooled,development_evaluation_person_weighted,3,3,True,-0.00242702932364521,0.0031719454528784676,"{""0"":-0.004468158622695562,""1"":-0.004040203716708546,""2"":0.0012272743684684784}"
new_minus_historical_selective,E_F_D,E_rho0_D,audit,RAC1P,360,pooled,validation,3,3,True,0.0030569540362718564,0.00326435130215476,"{""0"":0.0055985914356917466,""1"":0.004196747068318407,""2"":-0.0006244763951945842}"
new_minus_historical_selective,E_F_D,E_rho0_D,audit,RAC1P,360,pooled,development_evaluation,3,3,True,-0.0038391383459848902,0.00195731626239599,"{""0"":-0.0015847011698451041,""1"":-0.005104999334383686,""2"":-0.00482771453372588}"
new_minus_historical_selective,E_F_D,E_rho0_D,audit,RAC1P,360,pooled,validation_person_weighted,3,3,True,0.0032525010796486953,0.0060849617797600385,"{""0"":0.004712691340072128,""1"":0.008474518445321433,""2"":-0.003429706546447475}"
new_minus_historical_selective,E_F_D,E_rho0_D,audit,RAC1P,360,pooled,development_evaluation_person_weighted,3,3,True,-0.004338055485092769,0.003833620284137685,"{""0"":-0.00030570109207794793,""1"":-0.004772545917477,""2"":-0.00793591944572336}"
D_minus_C,E_K_D,E_K_C,transfer,same_residence,,primary,validation,3,3,True,0.0002286336820884749,0.00039615362641378673,"{""0"":0.00046692037897055894,""1"":0.0004476504780872581,""2"":-0.00022866981079239235}"
D_minus_C,E_K_D,E_K_C,transfer,same_residence,,primary,development_evaluation,3,3,True,0.0001188395505853368,0.00021835672899037719,"{""0"":-0.00010652927709708937,""1"":0.00032943376846661376,""2"":0.000133614160386486}"
D_minus_C,E_K_D,E_K_C,transfer,same_residence,,primary,validation_person_weighted,3,3,True,0.0002048014640105289,0.00038695184282100403,"{""0"":0.0004831813815093233,""1"":0.00036828326610544027,""2"":-0.0002370602555831769}"
D_minus_C,E_K_D,E_K_C,transfer,same_residence,,primary,development_evaluation_person_weighted,3,3,True,0.00017265050447508776,0.0002480090555446871,"{""0"":-0.00011318708847990466,""1"":0.0003307727371575919,""2"":0.000300365864747576}"
D_minus_C,E_K_D,E_K_C,transfer,commute_over20,,primary,validation,3,3,True,-0.0002161384984731285,0.00024831220337764956,"{""0"":-0.00030731052331567366,""1"":6.487201726257386e-05,""2"":-0.0004059769893662857}"
D_minus_C,E_K_D,E_K_C,transfer,commute_over20,,primary,development_evaluation,3,3,True,7.782753851918549e-05,0.0005849261064776699,"{""0"":5.485115466952184e-05,""1"":-0.0004952718287616342,""2"":0.0006739032896496688}"
D_minus_C,E_K_D,E_K_C,transfer,commute_over20,,primary,validation_person_weighted,3,3,True,-0.0002841122617252371,0.0003902349633118218,"{""0"":-0.0002609154329771268,""1"":9.400685871663317e-05,""2"":-0.0006854282109152177}"
D_minus_C,E_K_D,E_K_C,transfer,commute_over20,,primary,development_evaluation_person_weighted,3,3,True,8.882699288955316e-05,0.0005492045421108807,"{""0"":0.00010973204221542687,""1"":-0.00047053159227894437,""2"":0.000627280528732177}"
D_minus_C,E_K_D,E_K_C,transfer,income_binary,,primary,validation,3,3,True,0.0003473452827793544,0.0009434352939857153,"{""0"":0.00015946714321202204,""1"":0.0013705832858683653,""2"":-0.0004880145807423242}"
D_minus_C,E_K_D,E_K_C,transfer,income_binary,,primary,development_evaluation,3,3,True,-8.976445558439572e-05,0.0007732625232191068,"{""0"":-0.00030639734390330853,""1"":0.0007687103542480256,""2"":-0.0007316063770979042}"
D_minus_C,E_K_D,E_K_C,transfer,income_binary,,primary,validation_person_weighted,3,3,True,0.00028071266950691065,0.0014289946637180762,"{""0"":8.158450503087389e-05,""1"":0.001798827677696846,""2"":-0.0010382741742069879}"
D_minus_C,E_K_D,E_K_C,transfer,income_binary,,primary,development_evaluation_person_weighted,3,3,True,5.853555979092503e-05,0.0007771310265119014,"{""0"":-6.263430389524816e-05,""1"":0.0008891341476610637,""2"":-0.0006508931643930405}"
D_minus_C,E_K_D,E_K_C,transfer,civilian_at_work,,primary,validation,3,3,True,0.0005480832086395085,0.001313986719974296,"{""0"":0.0006556990700768983,""1"":0.001804952667686932,""2"":-0.0008164021118453046}"
D_minus_C,E_K_D,E_K_C,transfer,civilian_at_work,,primary,development_evaluation,3,3,True,0.0003304240790558133,0.0005411042232856023,"{""0"":0.000615768084661461,""1"":0.0006691332966035635,""2"":-0.00029362914409758467}"
D_minus_C,E_K_D,E_K_C,transfer,civilian_at_work,,primary,validation_person_weighted,3,3,True,0.00030748419112815634,0.0008743046320994341,"{""0"":0.00041924871583631784,""1"":0.0011205323678617485,""2"":-0.0006173285103135973}"
D_minus_C,E_K_D,E_K_C,transfer,civilian_at_work,,primary,development_evaluation_person_weighted,3,3,True,0.00024972293579256233,0.00045198690588977246,"{""0"":0.0003536850906087907,""1"":0.000640670820939715,""2"":-0.0002451871041708187}"
D_minus_C,E_K_D,E_K_C,transfer,public_coverage,,primary,validation,3,3,True,5.52880365343178e-05,0.00023006793627088984,"{""0"":-0.0001172891497883688,""1"":0.0003164882970327909,""2"":-3.333503764146872e-05}"
D_minus_C,E_K_D,E_K_C,transfer,public_coverage,,primary,development_evaluation,3,3,True,-0.0001322125191201747,0.00017244798009172568,"{""0"":6.683985301059181e-05,""1"":-0.00023642065985773897,""2"":-0.00022705675051337693}"
D_minus_C,E_K_D,E_K_C,transfer,public_coverage,,primary,validation_person_weighted,3,3,True,0.0001397710374564746,0.0006932449175102954,"{""0"":-0.00030456557460578626,""1"":0.0009385780926535192,""2"":-0.00021469940567830914}"
D_minus_C,E_K_D,E_K_C,transfer,public_coverage,,primary,development_evaluation_person_weighted,3,3,True,-0.00017171597153316695,0.0002674174775551747,"{""0"":0.00012942545917882242,""1"":-0.0003814262365452459,""2"":-0.00026314713723307737}"
D_minus_C,E_K_D,E_K_C,audit,SEX,120,primary,validation,3,3,True,0.00012237333330233913,0.0004966183307542744,"{""0"":0.0002737632970600812,""1"":0.0005256779084130692,""2"":-0.00043232120556613296}"
D_minus_C,E_K_D,E_K_C,audit,SEX,120,primary,development_evaluation,3,3,True,-0.0002767117922857591,8.435157440958184e-05,"{""0"":-0.0002084159973757549,""1"":-0.00037100078553709004,""2"":-0.0002507185939444323}"
D_minus_C,E_K_D,E_K_C,audit,SEX,120,primary,validation_person_weighted,3,3,True,4.171260229916355e-05,0.00023236844345256855,"{""0"":0.00016929357081385543,""1"":0.00018234182322507397,""2"":-0.00022649758714143875}"
D_minus_C,E_K_D,E_K_C,audit,SEX,120,primary,development_evaluation_person_weighted,3,3,True,-0.00045617992442822014,0.00019719425869287922,"{""0"":-0.0006825442401299231,""1"":-0.00036432786489193347,""2"":-0.0003216676682628039}"
D_minus_C,E_K_D,E_K_C,audit,RAC1P,120,primary,validation,3,3,True,0.00035785197126088814,0.00014523319885665164,"{""0"":0.00021963566476523866,""1"":0.0003447112855250456,""2"":0.0005092089634923802}"
D_minus_C,E_K_D,E_K_C,audit,RAC1P,120,primary,development_evaluation,3,3,True,-0.0007004061904933856,0.0017454570985759488,"{""0"":0.0004647468589735748,""1"":0.00014124839714835247,""2"":-0.002707213827602084}"
D_minus_C,E_K_D,E_K_C,audit,RAC1P,120,primary,validation_person_weighted,3,3,True,0.0002710894036421034,0.0026433156010936235,"{""0"":0.0008130382010087533,""1"":0.0026014292867708733,""2"":-0.0026011992768533165}"
D_minus_C,E_K_D,E_K_C,audit,RAC1P,120,primary,development_evaluation_person_weighted,3,3,True,-0.0005075894295049436,0.0027791863892058983,"{""0"":0.0006878463562216552,""1"":0.0014738547407058267,""2"":-0.0036844693854423127}"
D_minus_C,E_K_D,E_K_C,audit,SEX,120,pooled,validation,3,3,True,0.0006059167568688665,0.0016654943575967912,"{""0"":-0.0002768978927271126,""1"":0.002526969368899845,""2"":-0.00043232120556613296}"
D_minus_C,E_K_D,E_K_C,audit,SEX,120,pooled,development_evaluation,3,3,True,-0.00011889796270847519,0.0007492956079776572,"{""0"":-0.0007935356867341259,""1"":0.0006875603925531326,""2"":-0.0002507185939444323}"
D_minus_C,E_K_D,E_K_C,audit,SEX,120,pooled,validation_person_weighted,3,3,True,8.804134111654409e-05,0.002031113050915,"{""0"":-0.00176745325756833,""1"":0.002258074868059401,""2"":-0.00022649758714143875}"
D_minus_C,E_K_D,E_K_C,audit,SEX,120,pooled,development_evaluation_person_weighted,3,3,True,-0.0005319184068444486,0.0003889231349178357,"{""0"":-0.0002933765314512282,""1"":-0.0009807110208193137,""2"":-0.0003216676682628039}"
D_minus_C,E_K_D,E_K_C,audit,RAC1P,120,pooled,validation,3,3,True,-0.0016983956852957653,0.002485521265037531,"{""0"":-0.0045485916994045805,""1"":-0.0005650218113233407,""2"":1.842645484062544e-05}"
D_minus_C,E_K_D,E_K_C,audit,RAC1P,120,pooled,development_evaluation,3,3,True,0.002396103368597894,0.0014451668993279107,"{""0"":0.004033419069844335,""1"":0.0012983302411588848,""2"":0.0018565607947904628}"
D_minus_C,E_K_D,E_K_C,audit,RAC1P,120,pooled,validation_person_weighted,3,3,True,0.0011717099814088083,0.0023394050469963115,"{""0"":0.003871632161063898,""1"":-0.00025329204235946534,""2"":-0.00010321017447800784}"
D_minus_C,E_K_D,E_K_C,audit,RAC1P,120,pooled,development_evaluation_person_weighted,3,3,True,0.0022886980601132625,0.005470195931453995,"{""0"":0.008570884248930932,""1"":-0.0014212940106237415,""2"":-0.00028349605796740285}"
D_minus_C,E_K_D,E_K_C,audit,SEX,360,primary,validation,3,3,True,0.00012237333330233913,0.0004966183307542744,"{""0"":0.0002737632970600812,""1"":0.0005256779084130692,""2"":-0.00043232120556613296}"
D_minus_C,E_K_D,E_K_C,audit,SEX,360,primary,development_evaluation,3,3,True,-0.0002767117922857591,8.435157440958184e-05,"{""0"":-0.0002084159973757549,""1"":-0.00037100078553709004,""2"":-0.0002507185939444323}"
D_minus_C,E_K_D,E_K_C,audit,SEX,360,primary,validation_person_weighted,3,3,True,4.171260229916355e-05,0.00023236844345256855,"{""0"":0.00016929357081385543,""1"":0.00018234182322507397,""2"":-0.00022649758714143875}"
D_minus_C,E_K_D,E_K_C,audit,SEX,360,primary,development_evaluation_person_weighted,3,3,True,-0.00045617992442822014,0.00019719425869287922,"{""0"":-0.0006825442401299231,""1"":-0.00036432786489193347,""2"":-0.0003216676682628039}"
D_minus_C,E_K_D,E_K_C,audit,RAC1P,360,primary,validation,3,3,True,0.00035785197126088814,0.00014523319885665164,"{""0"":0.00021963566476523866,""1"":0.0003447112855250456,""2"":0.0005092089634923802}"
D_minus_C,E_K_D,E_K_C,audit,RAC1P,360,primary,development_evaluation,3,3,True,-0.0007004061904933856,0.0017454570985759488,"{""0"":0.0004647468589735748,""1"":0.00014124839714835247,""2"":-0.002707213827602084}"
D_minus_C,E_K_D,E_K_C,audit,RAC1P,360,primary,validation_person_weighted,3,3,True,0.0002710894036421034,0.0026433156010936235,"{""0"":0.0008130382010087533,""1"":0.0026014292867708733,""2"":-0.0026011992768533165}"
D_minus_C,E_K_D,E_K_C,audit,RAC1P,360,primary,development_evaluation_person_weighted,3,3,True,-0.0005075894295049436,0.0027791863892058983,"{""0"":0.0006878463562216552,""1"":0.0014738547407058267,""2"":-0.0036844693854423127}"
D_minus_C,E_K_D,E_K_C,audit,SEX,360,pooled,validation,3,3,True,0.0006059167568688665,0.0016654943575967912,"{""0"":-0.0002768978927271126,""1"":0.002526969368899845,""2"":-0.00043232120556613296}"
D_minus_C,E_K_D,E_K_C,audit,SEX,360,pooled,development_evaluation,3,3,True,-0.00011889796270847519,0.0007492956079776572,"{""0"":-0.0007935356867341259,""1"":0.0006875603925531326,""2"":-0.0002507185939444323}"
D_minus_C,E_K_D,E_K_C,audit,SEX,360,pooled,validation_person_weighted,3,3,True,8.804134111654409e-05,0.002031113050915,"{""0"":-0.00176745325756833,""1"":0.002258074868059401,""2"":-0.00022649758714143875}"
D_minus_C,E_K_D,E_K_C,audit,SEX,360,pooled,development_evaluation_person_weighted,3,3,True,-0.0005319184068444486,0.0003889231349178357,"{""0"":-0.0002933765314512282,""1"":-0.0009807110208193137,""2"":-0.0003216676682628039}"
D_minus_C,E_K_D,E_K_C,audit,RAC1P,360,pooled,validation,3,3,True,-0.0016983956852957653,0.002485521265037531,"{""0"":-0.0045485916994045805,""1"":-0.0005650218113233407,""2"":1.842645484062544e-05}"
D_minus_C,E_K_D,E_K_C,audit,RAC1P,360,pooled,development_evaluation,3,3,True,0.002396103368597894,0.0014451668993279107,"{""0"":0.004033419069844335,""1"":0.0012983302411588848,""2"":0.0018565607947904628}"
D_minus_C,E_K_D,E_K_C,audit,RAC1P,360,pooled,validation_person_weighted,3,3,True,0.0011717099814088083,0.0023394050469963115,"{""0"":0.003871632161063898,""1"":-0.00025329204235946534,""2"":-0.00010321017447800784}"
D_minus_C,E_K_D,E_K_C,audit,RAC1P,360,pooled,development_evaluation_person_weighted,3,3,True,0.0022886980601132625,0.005470195931453995,"{""0"":0.008570884248930932,""1"":-0.0014212940106237415,""2"":-0.00028349605796740285}"
W_minus_teacher_reference,E_K_W,E_direct,transfer,same_residence,,primary,validation,3,3,True,-0.001201350941026691,0.0006710912175756692,"{""0"":-0.001773178612429649,""1"":-0.0013683424574360004,""2"":-0.0004625317532144235}"
W_minus_teacher_reference,E_K_W,E_direct,transfer,same_residence,,primary,development_evaluation,3,3,True,-0.002839164468324625,0.002990883708199944,"{""0"":-2.852351990201285e-05,""1"":-0.005982474715308883,""2"":-0.002506495169762979}"
W_minus_teacher_reference,E_K_W,E_direct,transfer,same_residence,,primary,validation_person_weighted,3,3,True,-0.002180019985045578,0.0019869741862786356,"{""0"":-0.0016136745334175417,""1"":-0.004388681230431402,""2"":-0.0005377041912877911}"
W_minus_teacher_reference,E_K_W,E_direct,transfer,same_residence,,primary,development_evaluation_person_weighted,3,3,True,-0.00331818308121005,0.0036488700921952187,"{""0"":-9.05058210955989e-05,""1"":-0.007277406024790711,""2"":-0.0025866373977438406}"
W_minus_teacher_reference,E_K_W,E_direct,transfer,commute_over20,,primary,validation,3,3,True,-0.005024604623643107,0.0012012317459992904,"{""0"":-0.003653450020603355,""1"":-0.005891590300158955,""2"":-0.00552877355016701}"
W_minus_teacher_reference,E_K_W,E_direct,transfer,commute_over20,,primary,development_evaluation,3,3,True,-0.000341169749223084,0.0017872882814617239,"{""0"":0.0015205428590109316,""1"":-0.00204333599383566,""2"":-0.0005007161128445237}"
W_minus_teacher_reference,E_K_W,E_direct,transfer,commute_over20,,primary,validation_person_weighted,3,3,True,-0.0046640644513913365,0.0010463914844553131,"{""0"":-0.0034974226092047145,""1"":-0.00497508912244593,""2"":-0.005519681622523365}"
W_minus_teacher_reference,E_K_W,E_direct,transfer,commute_over20,,primary,development_evaluation_person_weighted,3,3,True,-0.000859519941674917,0.0012371405248440904,"{""0"":0.00044199920243304103,""1"":-0.002020233057056009,""2"":-0.001000325970401783}"
W_minus_teacher_reference,E_K_W,E_direct,transfer,income_binary,,primary,validation,3,3,True,-0.02605420034905498,0.021530983002158346,"{""0"":-0.00782721382766266,""1"":-0.04981064245214517,""2"":-0.020524744767357106}"
W_minus_teacher_reference,E_K_W,E_direct,transfer,income_binary,,primary,development_evaluation,3,3,True,-0.026580054375521116,0.01743724896018686,"{""0"":-0.013244701416853077,""1"":-0.04631233656648476,""2"":-0.02018312514322551}"
W_minus_teacher_reference,E_K_W,E_direct,transfer,income_binary,,primary,validation_person_weighted,3,3,True,-0.029905529601528757,0.021835902697769343,"{""0"":-0.012180114928304453,""1"":-0.05429768968519977,""2"":-0.02323878419108205}"
W_minus_teacher_reference,E_K_W,E_direct,transfer,income_binary,,primary,development_evaluation_person_weighted,3,3,True,-0.027913983985990543,0.01813546018632301,"{""0"":-0.01610773192295678,""1"":-0.04879556872786178,""2"":-0.018838651307153065}"
W_minus_teacher_reference,E_K_W,E_direct,transfer,civilian_at_work,,primary,validation,3,3,True,-0.043802841176120634,0.019820600767180205,"{""0"":-0.060732008374965785,""1"":-0.02200001600454532,""2"":-0.048676499148850805}"
W_minus_teacher_reference,E_K_W,E_direct,transfer,civilian_at_work,,primary,development_evaluation,3,3,True,-0.04346830493038121,0.029336615799271024,"{""0"":-0.06698007922498878,""1"":-0.010592891777657432,""2"":-0.052831943788497426}"
W_minus_teacher_reference,E_K_W,E_direct,transfer,civilian_at_work,,primary,validation_person_weighted,3,3,True,-0.04593449978494394,0.02349737313778192,"{""0"":-0.07017798934517161,""1"":-0.023262093659042138,""2"":-0.04436341635061808}"
W_minus_teacher_reference,E_K_W,E_direct,transfer,civilian_at_work,,primary,development_evaluation_person_weighted,3,3,True,-0.042674567231272054,0.03262404116986508,"{""0"":-0.07423146399948655,""1"":-0.009078998933350402,""2"":-0.04471323876097921}"
W_minus_teacher_reference,E_K_W,E_direct,transfer,public_coverage,,primary,validation,3,3,True,-0.01457109948176416,0.009744553441038813,"{""0"":-0.003485012742498461,""1"":-0.018446709982472664,""2"":-0.021781575720321356}"
W_minus_teacher_reference,E_K_W,E_direct,transfer,public_coverage,,primary,development_evaluation,3,3,True,-0.01315888131059817,0.011197755654776513,"{""0"":-0.01931846942221982,""1"":-0.01992461098008791,""2"":-0.00023356352948677994}"
W_minus_teacher_reference,E_K_W,E_direct,transfer,public_coverage,,primary,validation_person_weighted,3,3,True,-0.01453407280316991,0.008062119973856474,"{""0"":-0.005280723853516189,""1"":-0.018277894864049626,""2"":-0.020043599691943914}"
W_minus_teacher_reference,E_K_W,E_direct,transfer,public_coverage,,primary,development_evaluation_person_weighted,3,3,True,-0.01393145365654517,0.009078850839223905,"{""0"":-0.016853623431398512,""1"":-0.021189383932316508,""2"":-0.0037513536059204933}"
final_minus_W,E_K_C,E_K_W,transfer,same_residence,,primary,validation,3,3,True,-3.890256623291973e-05,0.0017813347295612316,"{""0"":0.001136434235222361,""1"":0.000835308293135717,""2"":-0.0020884502270568372}"
final_minus_W,E_K_C,E_K_W,transfer,same_residence,,primary,development_evaluation,3,3,True,-0.00011380994398176487,0.0012611880711840546,"{""0"":0.0008733151970184982,""1"":0.0003198725005496561,""2"":-0.001534617529513449}"
final_minus_W,E_K_C,E_K_W,transfer,same_residence,,primary,validation_person_weighted,3,3,True,0.000897159769248553,0.0007756538455265548,"{""0"":0.0017909063695256133,""1"":0.0005008003182014331,""2"":0.00039977262001861247}"
final_minus_W,E_K_C,E_K_W,transfer,same_residence,,primary,development_evaluation_person_weighted,3,3,True,1.5410210539764286e-05,0.00024134725584628317,"{""0"":3.918212759523865e-06,""1"":0.00026229817673295575,""2"":-0.00021998575787318675}"
final_minus_W,E_K_C,E_K_W,transfer,commute_over20,,primary,validation,3,3,True,-1.880752532853099e-05,0.0006323762285746406,"{""0"":-0.0006947450048370163,""1"":0.0005583914117526234,""2"":7.99310170987999e-05}"
final_minus_W,E_K_C,E_K_W,transfer,commute_over20,,primary,development_evaluation,3,3,True,0.0002746724156101517,0.0014438835215118645,"{""0"":-0.0012476250513919762,""1"":0.001624682287379553,""2"":0.0004469600108428784}"
final_minus_W,E_K_C,E_K_W,transfer,commute_over20,,primary,validation_person_weighted,3,3,True,0.00036484472556549036,0.0005114544796470028,"{""0"":-0.00014944823062912338,""1"":0.000370569742451865,""2"":0.0008734126648737295}"
final_minus_W,E_K_C,E_K_W,transfer,commute_over20,,primary,development_evaluation_person_weighted,3,3,True,3.27766069057045e-05,0.0008077021023726676,"{""0"":-0.0005762218096351246,""1"":0.0009490138168282147,""2"":-0.00027446218647597664}"
final_minus_W,E_K_C,E_K_W,transfer,income_binary,,primary,validation,3,3,True,-0.005763254743363237,0.002709541008556443,"{""0"":-0.008866996434105046,""1"":-0.004553002274126361,""2"":-0.003869765521858304}"
final_minus_W,E_K_C,E_K_W,transfer,income_binary,,primary,development_evaluation,3,3,True,-0.005884452903999138,0.0011381989781928449,"{""0"":-0.007016213044642838,""1"":-0.005897223118388917,""2"":-0.004739922548965658}"
final_minus_W,E_K_C,E_K_W,transfer,income_binary,,primary,validation_person_weighted,3,3,True,-0.005853503512451859,0.0023920328446233115,"{""0"":-0.00786556480765832,""1"":-0.006486230973297147,""2"":-0.0032087147564001106}"
final_minus_W,E_K_C,E_K_W,transfer,income_binary,,primary,development_evaluation_person_weighted,3,3,True,-0.007911287971218262,0.004869959629234899,"{""0"":-0.01349072545193325,""1"":-0.0057289528324440675,""2"":-0.004514185629277467}"
final_minus_W,E_K_C,E_K_W,transfer,civilian_at_work,,primary,validation,3,3,True,-0.015931767724417012,0.007128239460877015,"{""0"":-0.023814742627790875,""1"":-0.014041091774596504,""2"":-0.009939468770863658}"
final_minus_W,E_K_C,E_K_W,transfer,civilian_at_work,,primary,development_evaluation,3,3,True,-0.014821619513110174,0.005234179510712838,"{""0"":-0.02070734008416708,""1"":-0.013068446232614661,""2"":-0.010689072222548779}"
final_minus_W,E_K_C,E_K_W,transfer,civilian_at_work,,primary,validation_person_weighted,3,3,True,-0.015775022651558224,0.008759107913518444,"{""0"":-0.025738690137121656,""1"":-0.012298502536731148,""2"":-0.009287875280821867}"
final_minus_W,E_K_C,E_K_W,transfer,civilian_at_work,,primary,development_evaluation_person_weighted,3,3,True,-0.012601247295297083,0.0050354710370740866,"{""0"":-0.018234343647531626,""1"":-0.011032552347746138,""2"":-0.008536845890613487}"
final_minus_W,E_K_C,E_K_W,transfer,public_coverage,,primary,validation,3,3,True,-0.00213739211178395,0.0008949571355841398,"{""0"":-0.0015023421765252287,""1"":-0.00316094962776281,""2"":-0.0017488845310638101}"
final_minus_W,E_K_C,E_K_W,transfer,public_coverage,,primary,development_evaluation,3,3,True,-0.0031014241526642152,0.0020340218669631957,"{""0"":-0.0027874006405592677,""1"":-0.0012426762800237245,""2"":-0.005274195537409654}"
final_minus_W,E_K_C,E_K_W,transfer,public_coverage,,primary,validation_person_weighted,3,3,True,-0.00167979880468494,0.0014721202315220578,"{""0"":-0.001770950898072332,""1"":-0.00310422495117324,""2"":-0.00016422056480924763}"
final_minus_W,E_K_C,E_K_W,transfer,public_coverage,,primary,development_evaluation_person_weighted,3,3,True,-0.0030234992930225544,0.0015561326365835697,"{""0"":-0.0027843983334484568,""1"":-0.0016007554328768547,""2"":-0.004685344112742351}"
representation_minus_source_bank,E_K_C,E_bank,transfer,same_residence,,primary,validation,3,3,True,-0.016783226071296415,0.0077614328535205775,"{""0"":-0.011463721552984363,""1"":-0.013196619895375905,""2"":-0.02568933676552898}"
representation_minus_source_bank,E_K_C,E_bank,transfer,same_residence,,primary,development_evaluation,3,3,True,-0.01646900086107861,0.003833847119248614,"{""0"":-0.012769857507907934,""1"":-0.016212477199534447,""2"":-0.020424667875793445}"
representation_minus_source_bank,E_K_C,E_bank,transfer,same_residence,,primary,validation_person_weighted,3,3,True,-0.016202958746987756,0.009620293215329657,"{""0"":-0.00909387294952918,""1"":-0.012365227578003013,""2"":-0.02714977571343108}"
representation_minus_source_bank,E_K_C,E_bank,transfer,same_residence,,primary,development_evaluation_person_weighted,3,3,True,-0.014730622149427422,0.006628916970714352,"{""0"":-0.00958573131144247,""1"":-0.012394899488215372,""2"":-0.022211235648624428}"
representation_minus_source_bank,E_K_C,E_bank,transfer,commute_over20,,primary,validation,3,3,True,0.000762349358577478,0.002425022483552897,"{""0"":0.0024775270260375404,""1"":0.0018216220802347305,""2"":-0.002012101030539837}"
representation_minus_source_bank,E_K_C,E_bank,transfer,commute_over20,,primary,development_evaluation,3,3,True,0.0003136967372850963,0.004477675047238856,"{""0"":0.0024859091498977692,""1"":0.003290925830278346,""2"":-0.0048357447683208266}"
representation_minus_source_bank,E_K_C,E_bank,transfer,commute_over20,,primary,validation_person_weighted,3,3,True,-0.00042108630835121136,0.002142593398645969,"{""0"":0.002013432748793953,""1"":-0.001256843291428944,""2"":-0.002019848382418643}"
representation_minus_source_bank,E_K_C,E_bank,transfer,commute_over20,,primary,development_evaluation_person_weighted,3,3,True,-0.001280067014563809,0.006840613423417072,"{""0"":0.0036597464439453997,""1"":0.001587879219216659,""2"":-0.009087826706853486}"
representation_minus_source_bank,E_K_C,E_bank,transfer,income_binary,,primary,validation,3,3,True,0.0025128959302910814,0.0017638795746200873,"{""0"":0.002084635468369289,""1"":0.0010025796163199985,""2"":0.0044514727061839565}"
representation_minus_source_bank,E_K_C,E_bank,transfer,income_binary,,primary,development_evaluation,3,3,True,0.0038242606885387866,0.005187822296461553,"{""0"":0.006480668793242439,""1"":-0.002153795207217535,""2"":0.007145908479591456}"
representation_minus_source_bank,E_K_C,E_bank,transfer,income_binary,,primary,validation_person_weighted,3,3,True,0.0032647363591275513,0.007611996537513046,"{""0"":-0.0033279478591465295,""1"":0.0015267088567143539,""2"":0.01159544807981483}"
representation_minus_source_bank,E_K_C,E_bank,transfer,income_binary,,primary,development_evaluation_person_weighted,3,3,True,0.0034677780757309353,0.0037453053138093557,"{""0"":0.006111671381688721,""1"":-0.0008180651735688049,""2"":0.00510972801907289}"
representation_minus_source_bank,E_K_C,E_bank,transfer,civilian_at_work,,primary,validation,3,3,True,0.00828466281262478,0.008343918508948953,"{""0"":0.0122946571450826,""1"":0.01386655797291686,""2"":-0.0013072266801251176}"
representation_minus_source_bank,E_K_C,E_bank,transfer,civilian_at_work,,primary,development_evaluation,3,3,True,0.005696381575639083,0.010270282268857043,"{""0"":0.013269108686277176,""1"":0.009813754539388375,""2"":-0.005993718498748302}"
representation_minus_source_bank,E_K_C,E_bank,transfer,civilian_at_work,,primary,validation_person_weighted,3,3,True,0.01143493548345087,0.00529462194886566,"{""0"":0.01604279254478158,""1"":0.012610771536513632,""2"":0.0056512423690573965}"
representation_minus_source_bank,E_K_C,E_bank,transfer,civilian_at_work,,primary,development_evaluation_person_weighted,3,3,True,0.011166868281610195,0.008101809539118442,"{""0"":0.019825106489698374,""1"":0.009906218039580528,""2"":0.003769280315551682}"
representation_minus_source_bank,E_K_C,E_bank,transfer,public_coverage,,primary,validation,3,3,True,0.004722171389121362,0.010122162073140466,"{""0"":0.016367152115442152,""1"":-0.0002319970592883358,""2"":-0.00196864088878973}"
representation_minus_source_bank,E_K_C,E_bank,transfer,public_coverage,,primary,development_evaluation,3,3,True,0.00870245290797822,0.0038779778462825596,"{""0"":0.011432188380230413,""1"":0.00426348036477342,""2"":0.010411689978930827}"
representation_minus_source_bank,E_K_C,E_bank,transfer,public_coverage,,primary,validation_person_weighted,3,3,True,0.0032485083764047427,0.008712946457911158,"{""0"":0.012876132483654379,""1"":-0.004094547935008519,""2"":0.0009639405805683676}"
representation_minus_source_bank,E_K_C,E_bank,transfer,public_coverage,,primary,development_evaluation_person_weighted,3,3,True,0.007699446791806471,0.004205173644381881,"{""0"":0.010344038518912746,""1"":0.002850383807065038,""2"":0.009903918049441629}"
representation_minus_source_bank,E_K_C,E_bank,audit,SEX,120,primary,validation,3,3,True,-0.007710774956179926,0.005343542312838059,"{""0"":-0.005816747115960252,""1"":-0.003572227122221161,""2"":-0.013743350630358364}"
representation_minus_source_bank,E_K_C,E_bank,audit,SEX,120,primary,development_evaluation,3,3,True,-0.0038543177989138755,0.006123525038605332,"{""0"":0.00310584346804077,""1"":-0.0062551972222757435,""2"":-0.008413599642506653}"
representation_minus_source_bank,E_K_C,E_bank,audit,SEX,120,primary,validation_person_weighted,3,3,True,-0.006641872529871288,0.002150619232683939,"{""0"":-0.004987525867639175,""1"":-0.005865139403346764,""2"":-0.009072952318627925}"
representation_minus_source_bank,E_K_C,E_bank,audit,SEX,120,primary,development_evaluation_person_weighted,3,3,True,-0.0010585591221630903,0.008009652563324015,"{""0"":0.008095241053218016,""1"":-0.004490692444500288,""2"":-0.006780225975206999}"
representation_minus_source_bank,E_K_C,E_bank,audit,RAC1P,120,primary,validation,3,3,True,-0.020356374638754726,0.019037729218132893,"{""0"":0.0006287834079885535,""1"":-0.025178637083851818,""2"":-0.036519270240400914}"
representation_minus_source_bank,E_K_C,E_bank,audit,RAC1P,120,primary,development_evaluation,3,3,True,-0.02596524625631454,0.005196815351760076,"{""0"":-0.025070521362854148,""1"":-0.03155133328450033,""2"":-0.02127388412158915}"
representation_minus_source_bank,E_K_C,E_bank,audit,RAC1P,120,primary,validation_person_weighted,3,3,True,-0.01733713081543427,0.014957117703953532,"{""0"":-0.00021433314617458343,""1"":-0.027853707389584592,""2"":-0.023943351910543642}"
representation_minus_source_bank,E_K_C,E_bank,audit,RAC1P,120,primary,development_evaluation_person_weighted,3,3,True,-0.02102770677853864,0.005317231800132583,"{""0"":-0.01491397927559146,""1"":-0.024574168355907755,""2"":-0.0235949727041167}"
representation_minus_source_bank,E_K_C,E_bank,audit,SEX,120,pooled,validation,3,3,True,-0.017631620891433258,0.006273949628622296,"{""0"":-0.014282037128308112,""1"":-0.024869474915633294,""2"":-0.013743350630358364}"
representation_minus_source_bank,E_K_C,E_bank,audit,SEX,120,pooled,development_evaluation,3,3,True,-0.012211279545705112,0.008053731142228168,"{""0"":-0.006758534237924718,""1"":-0.021461704756683964,""2"":-0.008413599642506653}"
representation_minus_source_bank,E_K_C,E_bank,audit,SEX,120,pooled,validation_person_weighted,3,3,True,-0.0167517421359817,0.009663417833914814,"{""0"":-0.013579804472422352,""1"":-0.02760246961689483,""2"":-0.009072952318627925}"
representation_minus_source_bank,E_K_C,E_bank,audit,SEX,120,pooled,development_evaluation_person_weighted,3,3,True,-0.009003271932903104,0.008272648338779014,"{""0"":-0.0020692830859204703,""1"":-0.018160306737581844,""2"":-0.006780225975206999}"
representation_minus_source_bank,E_K_C,E_bank,audit,RAC1P,120,pooled,validation,3,3,True,-0.044896951024580245,0.01889273325541556,"{""0"":-0.02340211249905666,""1"":-0.05241724967733452,""2"":-0.058871490897349554}"
representation_minus_source_bank,E_K_C,E_bank,audit,RAC1P,120,pooled,development_evaluation,3,3,True,-0.05244250128626867,0.004238832256470706,"{""0"":-0.055020471542315486,""1"":-0.054756744005287405,""2"":-0.047550288311203115}"
representation_minus_source_bank,E_K_C,E_bank,audit,RAC1P,120,pooled,validation_person_weighted,3,3,True,-0.0406145677394499,0.01656480123668374,"{""0"":-0.022687249420430877,""1"":-0.05535326658949513,""2"":-0.04380318720842369}"
representation_minus_source_bank,E_K_C,E_bank,audit,RAC1P,120,pooled,development_evaluation_person_weighted,3,3,True,-0.04529253090892612,0.006334684808939953,"{""0"":-0.042012543491771526,""1"":-0.04127041427452216,""2"":-0.052594634960484665}"
representation_minus_source_bank,E_K_C,E_bank,audit,SEX,360,primary,validation,3,3,True,-0.007573326034969667,0.005421357516070811,"{""0"":-0.005404400352329475,""1"":-0.003572227122221161,""2"":-0.013743350630358364}"
representation_minus_source_bank,E_K_C,E_bank,audit,SEX,360,primary,development_evaluation,3,3,True,-0.0037427515961781697,0.006313830552062023,"{""0"":0.0034405420762478878,""1"":-0.0062551972222757435,""2"":-0.008413599642506653}"
representation_minus_source_bank,E_K_C,E_bank,audit,SEX,360,primary,validation_person_weighted,3,3,True,-0.0064125355573167635,0.0024333429659929694,"{""0"":-0.0042995149499756025,""1"":-0.005865139403346764,""2"":-0.009072952318627925}"
representation_minus_source_bank,E_K_C,E_bank,audit,SEX,360,primary,development_evaluation_person_weighted,3,3,True,-0.0009887052695227345,0.00812941925927062,"{""0"":0.008304802611139084,""1"":-0.004490692444500288,""2"":-0.006780225975206999}"
representation_minus_source_bank,E_K_C,E_bank,audit,RAC1P,360,primary,validation,3,3,True,-0.020356374638754726,0.019037729218132893,"{""0"":0.0006287834079885535,""1"":-0.025178637083851818,""2"":-0.036519270240400914}"
representation_minus_source_bank,E_K_C,E_bank,audit,RAC1P,360,primary,development_evaluation,3,3,True,-0.02596524625631454,0.005196815351760076,"{""0"":-0.025070521362854148,""1"":-0.03155133328450033,""2"":-0.02127388412158915}"
representation_minus_source_bank,E_K_C,E_bank,audit,RAC1P,360,primary,validation_person_weighted,3,3,True,-0.01733713081543427,0.014957117703953532,"{""0"":-0.00021433314617458343,""1"":-0.027853707389584592,""2"":-0.023943351910543642}"
representation_minus_source_bank,E_K_C,E_bank,audit,RAC1P,360,primary,development_evaluation_person_weighted,3,3,True,-0.02102770677853864,0.005317231800132583,"{""0"":-0.01491397927559146,""1"":-0.024574168355907755,""2"":-0.0235949727041167}"
representation_minus_source_bank,E_K_C,E_bank,audit,SEX,360,pooled,validation,3,3,True,-0.017494171970223,0.006387512080970986,"{""0"":-0.013869690364677334,""1"":-0.024869474915633294,""2"":-0.013743350630358364}"
representation_minus_source_bank,E_K_C,E_bank,audit,SEX,360,pooled,development_evaluation,3,3,True,-0.012099713342969406,0.008168534301176462,"{""0"":-0.0064238356297176,""1"":-0.021461704756683964,""2"":-0.008413599642506653}"
representation_minus_source_bank,E_K_C,E_bank,audit,SEX,360,pooled,validation_person_weighted,3,3,True,-0.01652240516342718,0.009783749706346817,"{""0"":-0.01289179355475878,""1"":-0.02760246961689483,""2"":-0.009072952318627925}"
representation_minus_source_bank,E_K_C,E_bank,audit,SEX,360,pooled,development_evaluation_person_weighted,3,3,True,-0.008933418080262748,0.008360887914849131,"{""0"":-0.0018597215279994028,""1"":-0.018160306737581844,""2"":-0.006780225975206999}"
representation_minus_source_bank,E_K_C,E_bank,audit,RAC1P,360,pooled,validation,3,3,True,-0.044896951024580245,0.01889273325541556,"{""0"":-0.02340211249905666,""1"":-0.05241724967733452,""2"":-0.058871490897349554}"
representation_minus_source_bank,E_K_C,E_bank,audit,RAC1P,360,pooled,development_evaluation,3,3,True,-0.05244250128626867,0.004238832256470706,"{""0"":-0.055020471542315486,""1"":-0.054756744005287405,""2"":-0.047550288311203115}"
representation_minus_source_bank,E_K_C,E_bank,audit,RAC1P,360,pooled,validation_person_weighted,3,3,True,-0.0406145677394499,0.01656480123668374,"{""0"":-0.022687249420430877,""1"":-0.05535326658949513,""2"":-0.04380318720842369}"
representation_minus_source_bank,E_K_C,E_bank,audit,RAC1P,360,pooled,development_evaluation_person_weighted,3,3,True,-0.04529253090892612,0.006334684808939953,"{""0"":-0.042012543491771526,""1"":-0.04127041427452216,""2"":-0.052594634960484665}"
new_minus_beta0,E_K_C,C_init,transfer,same_residence,,primary,validation,3,3,True,0.0011486351697190627,0.008845114022851402,"{""0"":0.006355804831542744,""1"":0.00615426055813878,""2"":-0.009064159880524336}"
new_minus_beta0,E_K_C,C_init,transfer,same_residence,,primary,development_evaluation,3,3,True,0.005942529208214642,0.0026156455261752867,"{""0"":0.008962298453439599,""1"":0.004384200826500373,""2"":0.004481088344703954}"
new_minus_beta0,E_K_C,C_init,transfer,same_residence,,primary,validation_person_weighted,3,3,True,0.0020039858603386564,0.013312221557300169,"{""0"":0.015192659837350853,""1"":0.002247733533249696,""2"":-0.011428435789584579}"
new_minus_beta0,E_K_C,C_init,transfer,same_residence,,primary,development_evaluation_person_weighted,3,3,True,0.010284300563104365,0.002438511180166593,"{""0"":0.011157529263878418,""1"":0.01216597016920451,""2"":0.007529402256230167}"
new_minus_beta0,E_K_C,C_init,transfer,commute_over20,,primary,validation,3,3,True,0.006098934057419607,0.005458139960776795,"{""0"":0.012387043972879486,""1"":0.002586033468361504,""2"":0.0033237247310178297}"
new_minus_beta0,E_K_C,C_init,transfer,commute_over20,,primary,development_evaluation,3,3,True,0.001227998502117263,0.004572176826871612,"{""0"":0.0041304533193635695,""1"":0.003596014207196685,""2"":-0.004042472020208465}"
new_minus_beta0,E_K_C,C_init,transfer,commute_over20,,primary,validation_person_weighted,3,3,True,0.005411234947955923,0.005277283653463385,"{""0"":0.011475961766650333,""1"":0.001865024070902166,""2"":0.0028927190063152697}"
new_minus_beta0,E_K_C,C_init,transfer,commute_over20,,primary,development_evaluation_person_weighted,3,3,True,-0.00018987620852832046,0.005694469022408898,"{""0"":0.005918843856105638,""1"":-0.001137192855879432,""2"":-0.005351279625811167}"
new_minus_beta0,E_K_C,C_init,transfer,income_binary,,primary,validation,3,3,True,0.03898487002989074,0.01684438628457281,"{""0"":0.05280398512148182,""1"":0.043928893920434364,""2"":0.020221731047756042}"
new_minus_beta0,E_K_C,C_init,transfer,income_binary,,primary,development_evaluation,3,3,True,0.03457585986533059,0.013431253492350977,"{""0"":0.040192862859913525,""1"":0.04428676444001095,""2"":0.019247952296067294}"
new_minus_beta0,E_K_C,C_init,transfer,income_binary,,primary,validation_person_weighted,3,3,True,0.035646918538177176,0.01348833623183864,"{""0"":0.048140385767434346,""1"":0.037454387040874615,""2"":0.021345982806222574}"
new_minus_beta0,E_K_C,C_init,transfer,income_binary,,primary,development_evaluation_person_weighted,3,3,True,0.032788111262603614,0.014159728162283013,"{""0"":0.037523509865148574,""1"":0.04397326781115157,""2"":0.016867556111510695}"
new_minus_beta0,E_K_C,C_init,transfer,civilian_at_work,,primary,validation,3,3,True,0.07935653218298684,0.03348917048895105,"{""0"":0.11127677708327532,""1"":0.08230006054868333,""2"":0.044492758917001884}"
new_minus_beta0,E_K_C,C_init,transfer,civilian_at_work,,primary,development_evaluation,3,3,True,0.07917676765060534,0.03373296011432089,"{""0"":0.11584426697851147,""1"":0.0722242950614303,""2"":0.049461740911874275}"
new_minus_beta0,E_K_C,C_init,transfer,civilian_at_work,,primary,validation_person_weighted,3,3,True,0.0754089552846262,0.03369443899614325,"{""0"":0.1121303846526428,""1"":0.06818231838650318,""2"":0.045914162814732595}"
new_minus_beta0,E_K_C,C_init,transfer,civilian_at_work,,primary,development_evaluation_person_weighted,3,3,True,0.07559180949244954,0.033569754026004504,"{""0"":0.11316021044703772,""1"":0.06507742295822083,""2"":0.04853779507209005}"
new_minus_beta0,E_K_C,C_init,transfer,public_coverage,,primary,validation,3,3,True,0.02505497816432245,0.011298570399219604,"{""0"":0.036311800197109445,""1"":0.025138017170273752,""2"":0.013715117125584153}"
new_minus_beta0,E_K_C,C_init,transfer,public_coverage,,primary,development_evaluation,3,3,True,0.01778859667922043,0.007078932645616797,"{""0"":0.02468743551709618,""1"":0.018135992296328174,""2"":0.010542362224236934}"
new_minus_beta0,E_K_C,C_init,transfer,public_coverage,,primary,validation_person_weighted,3,3,True,0.022907713329974284,0.007378708242106792,"{""0"":0.030938745477255503,""1"":0.021356386232272095,""2"":0.016428008280395257}"
new_minus_beta0,E_K_C,C_init,transfer,public_coverage,,primary,development_evaluation_person_weighted,3,3,True,0.01495269746901586,0.009130017706333014,"{""0"":0.022206193194235446,""1"":0.01795145510720525,""2"":0.004700444105606882}"
new_minus_beta0,E_K_C,C_init,audit,SEX,120,primary,validation,3,3,True,0.02334680180456435,0.012960186352833037,"{""0"":0.029229028978423832,""1"":0.03232273411443687,""2"":0.008488642320832351}"
new_minus_beta0,E_K_C,C_init,audit,SEX,120,primary,development_evaluation,3,3,True,0.02672790733659225,0.007637919495290752,"{""0"":0.028962213537911063,""1"":0.03299951063099715,""2"":0.01822199784086853}"
new_minus_beta0,E_K_C,C_init,audit,SEX,120,primary,validation_person_weighted,3,3,True,0.02244111064445838,0.015405901124732972,"{""0"":0.03251067930279261,""1"":0.03010650858726549,""2"":0.00470614404331704}"
new_minus_beta0,E_K_C,C_init,audit,SEX,120,primary,development_evaluation_person_weighted,3,3,True,0.025294920870335247,0.008722807304734575,"{""0"":0.03174587243277427,""1"":0.028768421520618537,""2"":0.015370468657612935}"
new_minus_beta0,E_K_C,C_init,audit,RAC1P,120,primary,validation,3,3,True,0.021596292160702097,0.0063577515921935815,"{""0"":0.0274194402850072,""1"":0.022556308824574378,""2"":0.014813127372524715}"
new_minus_beta0,E_K_C,C_init,audit,RAC1P,120,primary,development_evaluation,3,3,True,0.020810218572786976,0.006193231499561893,"{""0"":0.014128845174085747,""1"":0.026358970836723783,""2"":0.021942839707551398}"
new_minus_beta0,E_K_C,C_init,audit,RAC1P,120,primary,validation_person_weighted,3,3,True,0.021559923359850314,0.007498114113267982,"{""0"":0.029889830975869724,""1"":0.019439766506803347,""2"":0.015350172596877876}"
new_minus_beta0,E_K_C,C_init,audit,RAC1P,120,primary,development_evaluation_person_weighted,3,3,True,0.021326709006866878,0.004511742707101523,"{""0"":0.016310114529747732,""1"":0.022617978248958392,""2"":0.025052034241894505}"
new_minus_beta0,E_K_C,C_init,audit,SEX,120,pooled,validation,3,3,True,0.01342595586931102,0.006480060952776997,"{""0"":0.020763738966075973,""1"":0.011025486321024736,""2"":0.008488642320832351}"
new_minus_beta0,E_K_C,C_init,audit,SEX,120,pooled,development_evaluation,3,3,True,0.018370945589801013,0.0006650460064902388,"{""0"":0.019097835831945575,""1"":0.017793003096588933,""2"":0.01822199784086853}"
new_minus_beta0,E_K_C,C_init,audit,SEX,120,pooled,validation_person_weighted,3,3,True,0.012331241038347965,0.010200546890254831,"{""0"":0.023918400698009434,""1"":0.008369178373717423,""2"":0.00470614404331704}"
new_minus_beta0,E_K_C,C_init,audit,SEX,120,pooled,development_evaluation_person_weighted,3,3,True,0.017350208059595234,0.0036667916143728794,"{""0"":0.021581348293635783,""1"":0.015098807227536981,""2"":0.015370468657612935}"
new_minus_beta0,E_K_C,C_init,audit,RAC1P,120,pooled,validation,3,3,True,-0.001923989427871679,0.007390934367031991,"{""0"":0.006449428769717214,""1"":-0.004682303768908325,""2"":-0.007539093284423926}"
new_minus_beta0,E_K_C,C_init,audit,RAC1P,120,pooled,development_evaluation,3,3,True,-0.009472883315098843,0.015834487371055944,"{""0"":-0.02723864557917066,""1"":0.0031535601159367044,""2"":-0.0043335644820625685}"
new_minus_beta0,E_K_C,C_init,audit,RAC1P,120,pooled,validation_person_weighted,3,3,True,-0.0043620435097756855,0.0037737248432084957,"{""0"":-0.0005166751352176924,""1"":-0.008059792693107193,""2"":-0.004509662701002171}"
new_minus_beta0,E_K_C,C_init,audit,RAC1P,120,pooled,development_evaluation_person_weighted,3,3,True,-0.0090745811911049,0.01811243951972001,"{""0"":-0.029197847889185224,""1"":0.005921732330343987,""2"":-0.003947628014473459}"
new_minus_beta0,E_K_C,C_init,audit,SEX,360,primary,validation,3,3,True,0.02334680180456435,0.012960186352833037,"{""0"":0.029229028978423832,""1"":0.03232273411443687,""2"":0.008488642320832351}"
new_minus_beta0,E_K_C,C_init,audit,SEX,360,primary,development_evaluation,3,3,True,0.02672790733659225,0.007637919495290752,"{""0"":0.028962213537911063,""1"":0.03299951063099715,""2"":0.01822199784086853}"
new_minus_beta0,E_K_C,C_init,audit,SEX,360,primary,validation_person_weighted,3,3,True,0.02244111064445838,0.015405901124732972,"{""0"":0.03251067930279261,""1"":0.03010650858726549,""2"":0.00470614404331704}"
new_minus_beta0,E_K_C,C_init,audit,SEX,360,primary,development_evaluation_person_weighted,3,3,True,0.025294920870335247,0.008722807304734575,"{""0"":0.03174587243277427,""1"":0.028768421520618537,""2"":0.015370468657612935}"
new_minus_beta0,E_K_C,C_init,audit,RAC1P,360,primary,validation,3,3,True,0.021596292160702097,0.0063577515921935815,"{""0"":0.0274194402850072,""1"":0.022556308824574378,""2"":0.014813127372524715}"
new_minus_beta0,E_K_C,C_init,audit,RAC1P,360,primary,development_evaluation,3,3,True,0.020810218572786976,0.006193231499561893,"{""0"":0.014128845174085747,""1"":0.026358970836723783,""2"":0.021942839707551398}"
new_minus_beta0,E_K_C,C_init,audit,RAC1P,360,primary,validation_person_weighted,3,3,True,0.021559923359850314,0.007498114113267982,"{""0"":0.029889830975869724,""1"":0.019439766506803347,""2"":0.015350172596877876}"
new_minus_beta0,E_K_C,C_init,audit,RAC1P,360,primary,development_evaluation_person_weighted,3,3,True,0.021326709006866878,0.004511742707101523,"{""0"":0.016310114529747732,""1"":0.022617978248958392,""2"":0.025052034241894505}"
new_minus_beta0,E_K_C,C_init,audit,SEX,360,pooled,validation,3,3,True,0.01342595586931102,0.006480060952776997,"{""0"":0.020763738966075973,""1"":0.011025486321024736,""2"":0.008488642320832351}"
new_minus_beta0,E_K_C,C_init,audit,SEX,360,pooled,development_evaluation,3,3,True,0.018370945589801013,0.0006650460064902388,"{""0"":0.019097835831945575,""1"":0.017793003096588933,""2"":0.01822199784086853}"
new_minus_beta0,E_K_C,C_init,audit,SEX,360,pooled,validation_person_weighted,3,3,True,0.012331241038347965,0.010200546890254831,"{""0"":0.023918400698009434,""1"":0.008369178373717423,""2"":0.00470614404331704}"
new_minus_beta0,E_K_C,C_init,audit,SEX,360,pooled,development_evaluation_person_weighted,3,3,True,0.017350208059595234,0.0036667916143728794,"{""0"":0.021581348293635783,""1"":0.015098807227536981,""2"":0.015370468657612935}"
new_minus_beta0,E_K_C,C_init,audit,RAC1P,360,pooled,validation,3,3,True,-0.001923989427871679,0.007390934367031991,"{""0"":0.006449428769717214,""1"":-0.004682303768908325,""2"":-0.007539093284423926}"
new_minus_beta0,E_K_C,C_init,audit,RAC1P,360,pooled,development_evaluation,3,3,True,-0.009472883315098843,0.015834487371055944,"{""0"":-0.02723864557917066,""1"":0.0031535601159367044,""2"":-0.0043335644820625685}"
new_minus_beta0,E_K_C,C_init,audit,RAC1P,360,pooled,validation_person_weighted,3,3,True,-0.0043620435097756855,0.0037737248432084957,"{""0"":-0.0005166751352176924,""1"":-0.008059792693107193,""2"":-0.004509662701002171}"
new_minus_beta0,E_K_C,C_init,audit,RAC1P,360,pooled,development_evaluation_person_weighted,3,3,True,-0.0090745811911049,0.01811243951972001,"{""0"":-0.029197847889185224,""1"":0.005921732330343987,""2"":-0.003947628014473459}"
new_minus_historical_selective,E_K_C,E_rho0_C,transfer,same_residence,,primary,validation,3,3,True,0.00147127737220946,0.0005956493230315286,"{""0"":0.0019485212464344093,""1"":0.0008037302325103468,""2"":0.001661580637683624}"
new_minus_historical_selective,E_K_C,E_rho0_C,transfer,same_residence,,primary,development_evaluation,3,3,True,0.0019767144781260106,0.0023900034145046376,"{""0"":0.0037968170317423944,""1"":0.002863197738164569,""2"":-0.000729871335528931}"
new_minus_historical_selective,E_K_C,E_rho0_C,transfer,same_residence,,primary,validation_person_weighted,3,3,True,0.002175173081697309,0.0008832413145708696,"{""0"":0.001591205348726532,""1"":0.0017430357670937813,""2"":0.003191278129271613}"
new_minus_historical_selective,E_K_C,E_rho0_C,transfer,same_residence,,primary,development_evaluation_person_weighted,3,3,True,0.0026232441051853295,0.00313621944801583,"{""0"":0.003131069355953253,""1"":0.005474562157565033,""2"":-0.0007358991979622975}"
new_minus_historical_selective,E_K_C,E_rho0_C,transfer,commute_over20,,primary,validation,3,3,True,0.003594927627797414,0.0008716974066913459,"{""0"":0.0045746784523775785,""1"":0.002905245783845878,""2"":0.0033048586471687846}"
new_minus_historical_selective,E_K_C,E_rho0_C,transfer,commute_over20,,primary,development_evaluation,3,3,True,0.0026800966526172956,0.003986294686479448,"{""0"":0.005632746673509881,""1"":0.004261865610322824,""2"":-0.0018543223259808173}"
new_minus_historical_selective,E_K_C,E_rho0_C,transfer,commute_over20,,primary,validation_person_weighted,3,3,True,0.0033168658735431844,0.001768348616210943,"{""0"":0.005356116004171407,""1"":0.0022069578806915846,""2"":0.0023875237357665613}"
new_minus_historical_selective,E_K_C,E_rho0_C,transfer,commute_over20,,primary,development_evaluation_person_weighted,3,3,True,0.0007385445868474486,0.0075778644674366165,"{""0"":0.006239178078137009,""1"":0.0038815548542502354,""2"":-0.007905099171844898}"
new_minus_historical_selective,E_K_C,E_rho0_C,transfer,income_binary,,primary,validation,3,3,True,0.032463424795800534,0.014095095456150153,"{""0"":0.046259394213971516,""1"":0.03304375117797442,""2"":0.01808712899545567}"
new_minus_historical_selective,E_K_C,E_rho0_C,transfer,income_binary,,primary,development_evaluation,3,3,True,0.03481700134220467,0.014876944846781062,"{""0"":0.04282565222723311,""1"":0.043973968435967625,""2"":0.017651383363413264}"
new_minus_historical_selective,E_K_C,E_rho0_C,transfer,income_binary,,primary,validation_person_weighted,3,3,True,0.029035465135739808,0.010418866423783058,"{""0"":0.039929871908890247,""1"":0.028008296064923277,""2"":0.019168227433405904}"
new_minus_historical_selective,E_K_C,E_rho0_C,transfer,income_binary,,primary,development_evaluation_person_weighted,3,3,True,0.03379722445781717,0.016036241402339144,"{""0"":0.03944281150967888,""1"":0.046247169666114196,""2"":0.015701692197658434}"
new_minus_historical_selective,E_K_C,E_rho0_C,transfer,civilian_at_work,,primary,validation,3,3,True,0.06907059324749439,0.030553230929673304,"{""0"":0.098788666113591,""1"":0.07067749222929498,""2"":0.037745621399597196}"
new_minus_historical_selective,E_K_C,E_rho0_C,transfer,civilian_at_work,,primary,development_evaluation,3,3,True,0.06479447547976434,0.03521747754788492,"{""0"":0.10358548912369303,""1"":0.05596843743315394,""2"":0.03482949988244605}"
new_minus_historical_selective,E_K_C,E_rho0_C,transfer,civilian_at_work,,primary,validation_person_weighted,3,3,True,0.06268463670858176,0.03225197751172046,"{""0"":0.09739461267067118,""1"":0.05701738717215943,""2"":0.03364191028291469}"
new_minus_historical_selective,E_K_C,E_rho0_C,transfer,civilian_at_work,,primary,development_evaluation_person_weighted,3,3,True,0.0607318072380578,0.035986208067058614,"{""0"":0.10131309128706895,""1"":0.04817916946178963,""2"":0.03270316096531484}"
new_minus_historical_selective,E_K_C,E_rho0_C,transfer,public_coverage,,primary,validation,3,3,True,0.021672625469865276,0.009196844930011177,"{""0"":0.027079516638283452,""1"":0.02688474067351787,""2"":0.01105361909779451}"
new_minus_historical_selective,E_K_C,E_rho0_C,transfer,public_coverage,,primary,development_evaluation,3,3,True,0.016630609790659594,0.005423575161957812,"{""0"":0.02233557874321701,""1"":0.016015347805590163,""2"":0.011540902823171606}"
new_minus_historical_selective,E_K_C,E_rho0_C,transfer,public_coverage,,primary,validation_person_weighted,3,3,True,0.02022340891992915,0.007570962587776325,"{""0"":0.021053294430556257,""1"":0.027345238818407613,""2"":0.012271693510823578}"
new_minus_historical_selective,E_K_C,E_rho0_C,transfer,public_coverage,,primary,development_evaluation_person_weighted,3,3,True,0.013562270598812006,0.006393698240236944,"{""0"":0.02040066823675568,""1"":0.012552763771824571,""2"":0.007733379787855765}"
new_minus_historical_selective,E_K_C,E_rho0_C,audit,SEX,120,primary,validation,3,3,True,0.0073432012447494826,0.007460936295029797,"{""0"":0.014473393974205329,""1"":0.007965685820027879,""2"":-0.0004094760599847591}"
new_minus_historical_selective,E_K_C,E_rho0_C,audit,SEX,120,primary,development_evaluation,3,3,True,0.006776088321877001,0.0013717967129446163,"{""0"":0.008070998921839712,""1"":0.005338550035606349,""2"":0.006918716008184944}"
new_minus_historical_selective,E_K_C,E_rho0_C,audit,SEX,120,primary,validation_person_weighted,3,3,True,0.006878090608192815,0.004758129535810178,"{""0"":0.011731384402657863,""1"":0.006681679390883932,""2"":0.0022212080310366478}"
new_minus_historical_selective,E_K_C,E_rho0_C,audit,SEX,120,primary,development_evaluation_person_weighted,3,3,True,0.007571340222419305,0.0032695029019981993,"{""0"":0.011004597415392059,""1"":0.004494855747043447,""2"":0.007214567504822411}"
new_minus_historical_selective,E_K_C,E_rho0_C,audit,RAC1P,120,primary,validation,3,3,True,0.005563511148579152,0.006142558113428862,"{""0"":0.0035527618084809642,""1"":0.012459444832450428,""2"":0.000678326804806062}"
new_minus_historical_selective,E_K_C,E_rho0_C,audit,RAC1P,120,primary,development_evaluation,3,3,True,0.006336770361799138,0.007816335244108066,"{""0"":0.002786820034837989,""1"":0.01529808577295566,""2"":0.0009254052776037636}"
new_minus_historical_selective,E_K_C,E_rho0_C,audit,RAC1P,120,primary,validation_person_weighted,3,3,True,0.00625164979014962,0.0040026866999990866,"{""0"":0.005813610880591957,""1"":0.010455338899195254,""2"":0.0024859995906616472}"
new_minus_historical_selective,E_K_C,E_rho0_C,audit,RAC1P,120,primary,development_evaluation_person_weighted,3,3,True,0.008577756737686645,0.009371536034061875,"{""0"":0.0034229027455683347,""1"":0.019395104721090073,""2"":0.0029152627464015257}"
new_minus_historical_selective,E_K_C,E_rho0_C,audit,SEX,120,pooled,validation,3,3,True,0.004132226259595306,0.007982439073921729,"{""0"":0.013302447980360621,""1"":-0.0012588677041309726,""2"":0.0003530985025562705}"
new_minus_historical_selective,E_K_C,E_rho0_C,audit,SEX,120,pooled,development_evaluation,3,3,True,0.006257091723447387,0.005438941274100581,"{""0"":0.010334594818701248,""1"":8.160733887518923e-05,""2"":0.008355073012765724}"
new_minus_historical_selective,E_K_C,E_rho0_C,audit,SEX,120,pooled,validation_person_weighted,3,3,True,0.004963124143037012,0.009521954001237488,"{""0"":0.0142203253357841,""1"":-0.00480315857268121,""2"":0.005472205666008145}"
new_minus_historical_selective,E_K_C,E_rho0_C,audit,SEX,120,pooled,development_evaluation_person_weighted,3,3,True,0.005447112118771247,0.006462654093920899,"{""0"":0.011668111414079418,""1"":-0.0012327395377920158,""2"":0.005905964480026338}"
new_minus_historical_selective,E_K_C,E_rho0_C,audit,RAC1P,120,pooled,validation,3,3,True,0.0051766547857621985,0.004241144156108091,"{""0"":0.009267355672064825,""1"":0.005463026548833572,""2"":0.0007995821363881994}"
new_minus_historical_selective,E_K_C,E_rho0_C,audit,RAC1P,120,pooled,development_evaluation,3,3,True,-0.0049992171986835325,0.013448360338869803,"{""0"":-0.01770650343325242,""1"":0.009084371146003134,""2"":-0.006375519308801314}"
new_minus_historical_selective,E_K_C,E_rho0_C,audit,RAC1P,120,pooled,validation_person_weighted,3,3,True,0.0050823994575279014,0.006370424157758854,"{""0"":0.011908390660454682,""1"":0.00404357466351124,""2"":-0.0007047669513822186}"
new_minus_historical_selective,E_K_C,E_rho0_C,audit,RAC1P,120,pooled,development_evaluation_person_weighted,3,3,True,-0.0037460360054328103,0.015624063467455693,"{""0"":-0.01692637483545023,""1"":0.013512795953659618,""2"":-0.007824529134507818}"
new_minus_historical_selective,E_K_C,E_rho0_C,audit,SEX,360,primary,validation,3,3,True,0.0073432012447494826,0.007460936295029797,"{""0"":0.014473393974205329,""1"":0.007965685820027879,""2"":-0.0004094760599847591}"
new_minus_historical_selective,E_K_C,E_rho0_C,audit,SEX,360,primary,development_evaluation,3,3,True,0.006776088321877001,0.0013717967129446163,"{""0"":0.008070998921839712,""1"":0.005338550035606349,""2"":0.006918716008184944}"
new_minus_historical_selective,E_K_C,E_rho0_C,audit,SEX,360,primary,validation_person_weighted,3,3,True,0.006878090608192815,0.004758129535810178,"{""0"":0.011731384402657863,""1"":0.006681679390883932,""2"":0.0022212080310366478}"
new_minus_historical_selective,E_K_C,E_rho0_C,audit,SEX,360,primary,development_evaluation_person_weighted,3,3,True,0.007571340222419305,0.0032695029019981993,"{""0"":0.011004597415392059,""1"":0.004494855747043447,""2"":0.007214567504822411}"
new_minus_historical_selective,E_K_C,E_rho0_C,audit,RAC1P,360,primary,validation,3,3,True,0.005563511148579152,0.006142558113428862,"{""0"":0.0035527618084809642,""1"":0.012459444832450428,""2"":0.000678326804806062}"
new_minus_historical_selective,E_K_C,E_rho0_C,audit,RAC1P,360,primary,development_evaluation,3,3,True,0.006336770361799138,0.007816335244108066,"{""0"":0.002786820034837989,""1"":0.01529808577295566,""2"":0.0009254052776037636}"
new_minus_historical_selective,E_K_C,E_rho0_C,audit,RAC1P,360,primary,validation_person_weighted,3,3,True,0.00625164979014962,0.0040026866999990866,"{""0"":0.005813610880591957,""1"":0.010455338899195254,""2"":0.0024859995906616472}"
new_minus_historical_selective,E_K_C,E_rho0_C,audit,RAC1P,360,primary,development_evaluation_person_weighted,3,3,True,0.008577756737686645,0.009371536034061875,"{""0"":0.0034229027455683347,""1"":0.019395104721090073,""2"":0.0029152627464015257}"
new_minus_historical_selective,E_K_C,E_rho0_C,audit,SEX,360,pooled,validation,3,3,True,0.004132226259595306,0.007982439073921729,"{""0"":0.013302447980360621,""1"":-0.0012588677041309726,""2"":0.0003530985025562705}"
new_minus_historical_selective,E_K_C,E_rho0_C,audit,SEX,360,pooled,development_evaluation,3,3,True,0.006257091723447387,0.005438941274100581,"{""0"":0.010334594818701248,""1"":8.160733887518923e-05,""2"":0.008355073012765724}"
new_minus_historical_selective,E_K_C,E_rho0_C,audit,SEX,360,pooled,validation_person_weighted,3,3,True,0.004963124143037012,0.009521954001237488,"{""0"":0.0142203253357841,""1"":-0.00480315857268121,""2"":0.005472205666008145}"
new_minus_historical_selective,E_K_C,E_rho0_C,audit,SEX,360,pooled,development_evaluation_person_weighted,3,3,True,0.005447112118771247,0.006462654093920899,"{""0"":0.011668111414079418,""1"":-0.0012327395377920158,""2"":0.005905964480026338}"
new_minus_historical_selective,E_K_C,E_rho0_C,audit,RAC1P,360,pooled,validation,3,3,True,0.0051766547857621985,0.004241144156108091,"{""0"":0.009267355672064825,""1"":0.005463026548833572,""2"":0.0007995821363881994}"
new_minus_historical_selective,E_K_C,E_rho0_C,audit,RAC1P,360,pooled,development_evaluation,3,3,True,-0.0049992171986835325,0.013448360338869803,"{""0"":-0.01770650343325242,""1"":0.009084371146003134,""2"":-0.006375519308801314}"
new_minus_historical_selective,E_K_C,E_rho0_C,audit,RAC1P,360,pooled,validation_person_weighted,3,3,True,0.0050823994575279014,0.006370424157758854,"{""0"":0.011908390660454682,""1"":0.00404357466351124,""2"":-0.0007047669513822186}"
new_minus_historical_selective,E_K_C,E_rho0_C,audit,RAC1P,360,pooled,development_evaluation_person_weighted,3,3,True,-0.0037460360054328103,0.015624063467455693,"{""0"":-0.01692637483545023,""1"":0.013512795953659618,""2"":-0.007824529134507818}"
K_minus_direct_teacher,E_K_C,E_direct,transfer,same_residence,,primary,validation,3,3,True,-0.0012402535072596106,0.0011363079686149758,"{""0"":-0.0006367443772072878,""1"":-0.0005330341643002834,""2"":-0.0025509819802712608}"
K_minus_direct_teacher,E_K_C,E_direct,transfer,same_residence,,primary,development_evaluation,3,3,True,-0.0029529744123063897,0.0033874145767359065,"{""0"":0.0008447916771164854,""1"":-0.005662602214759227,""2"":-0.004041112699276428}"
K_minus_direct_teacher,E_K_C,E_direct,transfer,same_residence,,primary,validation_person_weighted,3,3,True,-0.0012828602157970252,0.0022615109141833458,"{""0"":0.00017723183610807158,""1"":-0.0038878809122299685,""2"":-0.00013793157126917865}"
K_minus_direct_teacher,E_K_C,E_direct,transfer,same_residence,,primary,development_evaluation_person_weighted,3,3,True,-0.003302772870670286,0.0034908052914576623,"{""0"":-8.658760833607504e-05,""1"":-0.0070151078480577556,""2"":-0.0028066231556170274}"
K_minus_direct_teacher,E_K_C,E_direct,transfer,commute_over20,,primary,validation,3,3,True,-0.005043412148971638,0.0006048458479447361,"{""0"":-0.004348195025440371,""1"":-0.005333198888406332,""2"":-0.00544884253306821}"
K_minus_direct_teacher,E_K_C,E_direct,transfer,commute_over20,,primary,development_evaluation,3,3,True,-6.649733361293227e-05,0.0003459617666841928,"{""0"":0.00027291780761895534,""1"":-0.0004186537064561069,""2"":-5.375610200164527e-05}"
K_minus_direct_teacher,E_K_C,E_direct,transfer,commute_over20,,primary,validation_person_weighted,3,3,True,-0.004299219725825846,0.0005653362349963651,"{""0"":-0.003646870839833838,""1"":-0.004604519379994065,""2"":-0.004646268957649635}"
K_minus_direct_teacher,E_K_C,E_direct,transfer,commute_over20,,primary,development_evaluation_person_weighted,3,3,True,-0.0008267433347692125,0.0006083163605716102,"{""0"":-0.00013422260720208357,""1"":-0.0010712192402277942,""2"":-0.0012747881568777597}"
K_minus_direct_teacher,E_K_C,E_direct,transfer,income_binary,,primary,validation,3,3,True,-0.03181745509241821,0.019901549069920005,"{""0"":-0.016694210261767706,""1"":-0.05436364472627153,""2"":-0.02439451028921541}"
K_minus_direct_teacher,E_K_C,E_direct,transfer,income_binary,,primary,development_evaluation,3,3,True,-0.03246450727952025,0.017257873346180373,"{""0"":-0.020260914461495916,""1"":-0.052209559684873674,""2"":-0.02492304769219117}"
K_minus_direct_teacher,E_K_C,E_direct,transfer,income_binary,,primary,validation_person_weighted,3,3,True,-0.03575903311398062,0.02190729489841249,"{""0"":-0.020045679735962774,""1"":-0.060783920658496915,""2"":-0.026447498947482162}"
K_minus_direct_teacher,E_K_C,E_direct,transfer,income_binary,,primary,development_evaluation_person_weighted,3,3,True,-0.035825271957208804,0.016492373857468778,"{""0"":-0.02959845737489003,""1"":-0.05452452156030585,""2"":-0.023352836936430532}"
K_minus_direct_teacher,E_K_C,E_direct,transfer,civilian_at_work,,primary,validation,3,3,True,-0.059734608900537646,0.024272162539978503,"{""0"":-0.08454675100275666,""1"":-0.03604110777914182,""2"":-0.05861596791971446}"
K_minus_direct_teacher,E_K_C,E_direct,transfer,civilian_at_work,,primary,development_evaluation,3,3,True,-0.05828992444349138,0.03233199670394524,"{""0"":-0.08768741930915586,""1"":-0.023661338010272093,""2"":-0.0635210160110462}"
K_minus_direct_teacher,E_K_C,E_direct,transfer,civilian_at_work,,primary,validation_person_weighted,3,3,True,-0.061709522436502164,0.03097443317000449,"{""0"":-0.09591667948229327,""1"":-0.035560596195773286,""2"":-0.053651291631439946}"
K_minus_direct_teacher,E_K_C,E_direct,transfer,civilian_at_work,,primary,development_evaluation_person_weighted,3,3,True,-0.055275814526569135,0.03621963955799611,"{""0"":-0.09246580764701817,""1"":-0.02011155128109654,""2"":-0.0532500846515927}"
K_minus_direct_teacher,E_K_C,E_direct,transfer,public_coverage,,primary,validation,3,3,True,-0.01670849159354811,0.010196228434257564,"{""0"":-0.00498735491902369,""1"":-0.021607659610235475,""2"":-0.023530460251385166}"
K_minus_direct_teacher,E_K_C,E_direct,transfer,public_coverage,,primary,development_evaluation,3,3,True,-0.016260305463262386,0.009323796164860511,"{""0"":-0.022105870062779087,""1"":-0.021167287260111634,""2"":-0.005507759066896434}"
K_minus_direct_teacher,E_K_C,E_direct,transfer,public_coverage,,primary,validation_person_weighted,3,3,True,-0.01621387160785485,0.007956389463066019,"{""0"":-0.007051674751588521,""1"":-0.021382119815222866,""2"":-0.020207820256753162}"
K_minus_direct_teacher,E_K_C,E_direct,transfer,public_coverage,,primary,development_evaluation_person_weighted,3,3,True,-0.016954952949567725,0.0075435048535632395,"{""0"":-0.01963802176484697,""1"":-0.022790139365193363,""2"":-0.008436697718662844}"
K_minus_direct_teacher,E_K_C,E_direct,audit,SEX,120,primary,validation,3,3,True,-0.0018608397149285638,0.0023788304220643433,"{""0"":-0.0013554196944605135,""1"":0.00022466479218208324,""2"":-0.004451764242507261}"
K_minus_direct_teacher,E_K_C,E_direct,audit,SEX,120,primary,development_evaluation,3,3,True,-0.0013636465063090835,0.0015352495656335066,"{""0"":6.787491840221094e-05,""1"":-0.0029849739123556374,""2"":-0.0011738405249738237}"
K_minus_direct_teacher,E_K_C,E_direct,audit,SEX,120,primary,validation_person_weighted,3,3,True,-0.0011337390526283315,0.0028945516408554854,"{""0"":0.0013456642512492678,""1"":-0.0004323460020552172,""2"":-0.004314535407079045}"
K_minus_direct_teacher,E_K_C,E_direct,audit,SEX,120,primary,development_evaluation_person_weighted,3,3,True,-0.0011397674679658094,0.002447713054317328,"{""0"":0.001669620270166483,""1"":-0.0028124251385041044,""2"":-0.002276497535559807}"
K_minus_direct_teacher,E_K_C,E_direct,audit,RAC1P,120,primary,validation,3,3,True,-0.0022906805337014426,0.0020263114492775555,"{""0"":-0.003759110951658373,""1"":2.1103111252918083e-05,""2"":-0.0031340337606988733}"
K_minus_direct_teacher,E_K_C,E_direct,audit,RAC1P,120,primary,development_evaluation,3,3,True,-0.0030807687399351615,0.0022933588981201717,"{""0"":-0.000739497193491534,""1"":-0.003179802583825442,""2"":-0.005323006442488509}"
K_minus_direct_teacher,E_K_C,E_direct,audit,RAC1P,120,primary,validation_person_weighted,3,3,True,-0.0015803313515752777,0.0018417516375738143,"{""0"":-0.0037064301096925156,""1"":-0.0004745368259491123,""2"":-0.0005600271190842054}"
K_minus_direct_teacher,E_K_C,E_direct,audit,RAC1P,120,primary,development_evaluation_person_weighted,3,3,True,-0.0028441038428882828,0.00372637398928166,"{""0"":-0.0051189552965380525,""1"":0.0014563348867340231,""2"":-0.004869691118860819}"
K_minus_direct_teacher,E_K_C,E_direct,audit,SEX,120,pooled,validation,3,3,True,-0.011781685650181895,0.008482156214102938,"{""0"":-0.009820709706808373,""1"":-0.02107258300123005,""2"":-0.004451764242507261}"
K_minus_direct_teacher,E_K_C,E_direct,audit,SEX,120,pooled,development_evaluation,3,3,True,-0.009720608253100319,0.008509074310465076,"{""0"":-0.009796502787563277,""1"":-0.018191481446763857,""2"":-0.0011738405249738237}"
K_minus_direct_teacher,E_K_C,E_direct,audit,SEX,120,pooled,validation_person_weighted,3,3,True,-0.011243608658738746,0.009575149394653685,"{""0"":-0.007246614353533909,""1"":-0.022169676215603284,""2"":-0.004314535407079045}"
K_minus_direct_teacher,E_K_C,E_direct,audit,SEX,120,pooled,development_evaluation_person_weighted,3,3,True,-0.009084480278705823,0.007121099310999841,"{""0"":-0.008494903868972004,""1"":-0.01648203943158566,""2"":-0.002276497535559807}"
K_minus_direct_teacher,E_K_C,E_direct,audit,RAC1P,120,pooled,validation,3,3,True,-0.026831256919526963,0.0011994632587386024,"{""0"":-0.027790006858703586,""1"":-0.027217509482229785,""2"":-0.025486254417647514}"
K_minus_direct_teacher,E_K_C,E_direct,audit,RAC1P,120,pooled,development_evaluation,3,3,True,-0.02955802376988929,0.0027851486440902723,"{""0"":-0.03068944737295287,""1"":-0.02638521330461252,""2"":-0.031599410632102476}"
K_minus_direct_teacher,E_K_C,E_direct,audit,RAC1P,120,pooled,validation_person_weighted,3,3,True,-0.024857768275590903,0.003946712287057336,"{""0"":-0.02617934638394881,""1"":-0.02797409602585965,""2"":-0.020419862416964252}"
K_minus_direct_teacher,E_K_C,E_direct,audit,RAC1P,120,pooled,development_evaluation_person_weighted,3,3,True,-0.02710892797327576,0.01031199840688904,"{""0"":-0.03221751951271812,""1"":-0.015239911031880382,""2"":-0.03386935337522878}"
K_minus_direct_teacher,E_K_C,E_direct,audit,SEX,360,primary,validation,3,3,True,-0.0018608397149285638,0.0023788304220643433,"{""0"":-0.0013554196944605135,""1"":0.00022466479218208324,""2"":-0.004451764242507261}"
K_minus_direct_teacher,E_K_C,E_direct,audit,SEX,360,primary,development_evaluation,3,3,True,-0.0013636465063090835,0.0015352495656335066,"{""0"":6.787491840221094e-05,""1"":-0.0029849739123556374,""2"":-0.0011738405249738237}"
K_minus_direct_teacher,E_K_C,E_direct,audit,SEX,360,primary,validation_person_weighted,3,3,True,-0.0011337390526283315,0.0028945516408554854,"{""0"":0.0013456642512492678,""1"":-0.0004323460020552172,""2"":-0.004314535407079045}"
K_minus_direct_teacher,E_K_C,E_direct,audit,SEX,360,primary,development_evaluation_person_weighted,3,3,True,-0.0011397674679658094,0.002447713054317328,"{""0"":0.001669620270166483,""1"":-0.0028124251385041044,""2"":-0.002276497535559807}"
K_minus_direct_teacher,E_K_C,E_direct,audit,RAC1P,360,primary,validation,3,3,True,-0.0022906805337014426,0.0020263114492775555,"{""0"":-0.003759110951658373,""1"":2.1103111252918083e-05,""2"":-0.0031340337606988733}"
K_minus_direct_teacher,E_K_C,E_direct,audit,RAC1P,360,primary,development_evaluation,3,3,True,-0.0030807687399351615,0.0022933588981201717,"{""0"":-0.000739497193491534,""1"":-0.003179802583825442,""2"":-0.005323006442488509}"
K_minus_direct_teacher,E_K_C,E_direct,audit,RAC1P,360,primary,validation_person_weighted,3,3,True,-0.0015803313515752777,0.0018417516375738143,"{""0"":-0.0037064301096925156,""1"":-0.0004745368259491123,""2"":-0.0005600271190842054}"
K_minus_direct_teacher,E_K_C,E_direct,audit,RAC1P,360,primary,development_evaluation_person_weighted,3,3,True,-0.0028441038428882828,0.00372637398928166,"{""0"":-0.0051189552965380525,""1"":0.0014563348867340231,""2"":-0.004869691118860819}"
K_minus_direct_teacher,E_K_C,E_direct,audit,SEX,360,pooled,validation,3,3,True,-0.011781685650181895,0.008482156214102938,"{""0"":-0.009820709706808373,""1"":-0.02107258300123005,""2"":-0.004451764242507261}"
K_minus_direct_teacher,E_K_C,E_direct,audit,SEX,360,pooled,development_evaluation,3,3,True,-0.009720608253100319,0.008509074310465076,"{""0"":-0.009796502787563277,""1"":-0.018191481446763857,""2"":-0.0011738405249738237}"
K_minus_direct_teacher,E_K_C,E_direct,audit,SEX,360,pooled,validation_person_weighted,3,3,True,-0.011243608658738746,0.009575149394653685,"{""0"":-0.007246614353533909,""1"":-0.022169676215603284,""2"":-0.004314535407079045}"
K_minus_direct_teacher,E_K_C,E_direct,audit,SEX,360,pooled,development_evaluation_person_weighted,3,3,True,-0.009084480278705823,0.007121099310999841,"{""0"":-0.008494903868972004,""1"":-0.01648203943158566,""2"":-0.002276497535559807}"
K_minus_direct_teacher,E_K_C,E_direct,audit,RAC1P,360,pooled,validation,3,3,True,-0.026831256919526963,0.0011994632587386024,"{""0"":-0.027790006858703586,""1"":-0.027217509482229785,""2"":-0.025486254417647514}"
K_minus_direct_teacher,E_K_C,E_direct,audit,RAC1P,360,pooled,development_evaluation,3,3,True,-0.02955802376988929,0.0027851486440902723,"{""0"":-0.03068944737295287,""1"":-0.02638521330461252,""2"":-0.031599410632102476}"
K_minus_direct_teacher,E_K_C,E_direct,audit,RAC1P,360,pooled,validation_person_weighted,3,3,True,-0.024857768275590903,0.003946712287057336,"{""0"":-0.02617934638394881,""1"":-0.02797409602585965,""2"":-0.020419862416964252}"
K_minus_direct_teacher,E_K_C,E_direct,audit,RAC1P,360,pooled,development_evaluation_person_weighted,3,3,True,-0.02710892797327576,0.01031199840688904,"{""0"":-0.03221751951271812,""1"":-0.015239911031880382,""2"":-0.03386935337522878}"
final_minus_W,E_K_D,E_K_W,transfer,same_residence,,primary,validation,3,3,True,0.00018973111585555516,0.0021768992636710047,"{""0"":0.00160335461419292,""1"":0.001282958771222975,""2"":-0.0023171200378492296}"
final_minus_W,E_K_D,E_K_W,transfer,same_residence,,primary,development_evaluation,3,3,True,5.029606603571916e-06,0.0012190762542701936,"{""0"":0.0007667859199214089,""1"":0.0006493062690162699,""2"":-0.001401003369126963}"
final_minus_W,E_K_D,E_K_W,transfer,same_residence,,primary,validation_person_weighted,3,3,True,0.0011019612332590818,0.0010747792821415377,"{""0"":0.0022740877510349367,""1"":0.0008690835843068734,""2"":0.00016271236443543557}"
final_minus_W,E_K_D,E_K_W,transfer,same_residence,,primary,development_evaluation_person_weighted,3,3,True,0.00018806071501485203,0.0003633409281168387,"{""0"":-0.0001092688757203808,""1"":0.0005930709138905477,""2"":8.038010687438923e-05}"
final_minus_W,E_K_D,E_K_W,transfer,commute_over20,,primary,validation,3,3,True,-0.0002349460238016595,0.0008164801458640524,"{""0"":-0.00100205552815269,""1"":0.0006232634290151973,""2"":-0.0003260459722674858}"
final_minus_W,E_K_D,E_K_W,transfer,commute_over20,,primary,development_evaluation,3,3,True,0.0003524999541293372,0.0013382532342844343,"{""0"":-0.0011927738967224544,""1"":0.0011294104586179188,""2"":0.0011208633004925472}"
final_minus_W,E_K_D,E_K_W,transfer,commute_over20,,primary,validation_person_weighted,3,3,True,8.073246384025327e-05,0.00044722182277844177,"{""0"":-0.0004103636636062502,""1"":0.0004645766011684982,""2"":0.00018798445395851182}"
final_minus_W,E_K_D,E_K_W,transfer,commute_over20,,primary,development_evaluation_person_weighted,3,3,True,0.00012160359979525766,0.0005131648947949479,"{""0"":-0.0004664897674196977,""1"":0.00047848222454927036,""2"":0.00035281834225620035}"
final_minus_W,E_K_D,E_K_W,transfer,income_binary,,primary,validation,3,3,True,-0.005415909460583883,0.002910573700791731,"{""0"":-0.008707529290893024,""1"":-0.0031824189882579956,""2"":-0.004357780102600628}"
final_minus_W,E_K_D,E_K_W,transfer,income_binary,,primary,development_evaluation,3,3,True,-0.0059742173595835335,0.001180270241195324,"{""0"":-0.007322610388546147,""1"":-0.005128512764140891,""2"":-0.0054715289260635624}"
final_minus_W,E_K_D,E_K_W,transfer,income_binary,,primary,validation_person_weighted,3,3,True,-0.005572790842944948,0.001927565906313277,"{""0"":-0.007783980302627447,""1"":-0.004687403295600301,""2"":-0.0042469889306070985}"
final_minus_W,E_K_D,E_K_W,transfer,income_binary,,primary,development_evaluation_person_weighted,3,3,True,-0.007852752411427336,0.004939548724923029,"{""0"":-0.013553359755828498,""1"":-0.004839818684783004,""2"":-0.005165078793670508}"
final_minus_W,E_K_D,E_K_W,transfer,civilian_at_work,,primary,validation,3,3,True,-0.015383684515777504,0.006774212476529058,"{""0"":-0.023159043557713976,""1"":-0.012236139106909572,""2"":-0.010755870882708962}"
final_minus_W,E_K_D,E_K_W,transfer,civilian_at_work,,primary,development_evaluation,3,3,True,-0.01449119543405436,0.004901516126746523,"{""0"":-0.02009157199950562,""1"":-0.012399312936011098,""2"":-0.010982701366646364}"
final_minus_W,E_K_D,E_K_W,transfer,civilian_at_work,,primary,validation_person_weighted,3,3,True,-0.015467538460430067,0.008555698541069228,"{""0"":-0.025319441421285338,""1"":-0.0111779701688694,""2"":-0.009905203791135464}"
final_minus_W,E_K_D,E_K_W,transfer,civilian_at_work,,primary,development_evaluation_person_weighted,3,3,True,-0.01235152435950452,0.00485555319235707,"{""0"":-0.017880658556922835,""1"":-0.010391881526806424,""2"":-0.008782032994784306}"
final_minus_W,E_K_D,E_K_W,transfer,public_coverage,,primary,validation,3,3,True,-0.002082104075249632,0.0006652068647260757,"{""0"":-0.0016196313263135975,""1"":-0.0028444613307300193,""2"":-0.0017822195687052789}"
final_minus_W,E_K_D,E_K_W,transfer,public_coverage,,primary,development_evaluation,3,3,True,-0.00323363667178439,0.0020595797042559532,"{""0"":-0.002720560787548676,""1"":-0.0014790969398814635,""2"":-0.005501252287923031}"
final_minus_W,E_K_D,E_K_W,transfer,public_coverage,,primary,validation_person_weighted,3,3,True,-0.0015400277672284652,0.0010065581743507845,"{""0"":-0.0020755164726781183,""1"":-0.002165646858519721,""2"":-0.00037891997048755677}"
final_minus_W,E_K_D,E_K_W,transfer,public_coverage,,primary,development_evaluation_person_weighted,3,3,True,-0.003195215264555721,0.0015551991872802446,"{""0"":-0.0026549728742696344,""1"":-0.0019821816694221006,""2"":-0.0049484912499754286}"
representation_minus_source_bank,E_K_D,E_bank,transfer,same_residence,,primary,validation,3,3,True,-0.01655459238920794,0.008156142919159953,"{""0"":-0.010996801174013804,""1"":-0.012748969417288647,""2"":-0.025918006576321373}"
representation_minus_source_bank,E_K_D,E_bank,transfer,same_residence,,primary,development_evaluation,3,3,True,-0.016350161310493272,0.003729339185051181,"{""0"":-0.012876386785005023,""1"":-0.015883043431067834,""2"":-0.02029105371540696}"
representation_minus_source_bank,E_K_D,E_bank,transfer,same_residence,,primary,validation_person_weighted,3,3,True,-0.015998157282977227,0.01000715636790494,"{""0"":-0.008610691568019857,""1"":-0.011996944311897573,""2"":-0.027386835969014256}"
representation_minus_source_bank,E_K_D,E_bank,transfer,same_residence,,primary,development_evaluation_person_weighted,3,3,True,-0.014557971644952336,0.006476680161712471,"{""0"":-0.009698918399922374,""1"":-0.01206412675105778,""2"":-0.021910869783876852}"
representation_minus_source_bank,E_K_D,E_bank,transfer,commute_over20,,primary,validation,3,3,True,0.0005462108601043495,0.0025710661259333465,"{""0"":0.0021702165027218667,""1"":0.0018864940974973043,""2"":-0.0024180780199061225}"
representation_minus_source_bank,E_K_D,E_bank,transfer,commute_over20,,primary,development_evaluation,3,3,True,0.0003915242758042818,0.003945389393926587,"{""0"":0.002540760304567291,""1"":0.002795654001516712,""2"":-0.004161841478671158}"
representation_minus_source_bank,E_K_D,E_bank,transfer,commute_over20,,primary,validation_person_weighted,3,3,True,-0.0007051985700764485,0.002263858640486124,"{""0"":0.0017525173158168261,""1"":-0.0011628364327123109,""2"":-0.0027052765933338607}"
representation_minus_source_bank,E_K_D,E_bank,transfer,commute_over20,,primary,development_evaluation_person_weighted,3,3,True,-0.0011912400216742558,0.006433549449621892,"{""0"":0.0037694784861608266,""1"":0.0011173476269377147,""2"":-0.008460546178121309}"
representation_minus_source_bank,E_K_D,E_bank,transfer,income_binary,,primary,validation,3,3,True,0.0028602412130704358,0.000957590625716058,"{""0"":0.002244102611581311,""1"":0.002373162902188364,""2"":0.003963458125441632}"
representation_minus_source_bank,E_K_D,E_bank,transfer,income_binary,,primary,development_evaluation,3,3,True,0.003734496232954391,0.0044353113250510095,"{""0"":0.00617427144933913,""1"":-0.0013850848529695092,""2"":0.006414302102493552}"
representation_minus_source_bank,E_K_D,E_bank,transfer,income_binary,,primary,validation_person_weighted,3,3,True,0.003545449028634462,0.006904395798980555,"{""0"":-0.0032463633541156556,""1"":0.0033255365344112,""2"":0.010557173905607842}"
representation_minus_source_bank,E_K_D,E_bank,transfer,income_binary,,primary,development_evaluation_person_weighted,3,3,True,0.0035263136355218605,0.0030961625490843014,"{""0"":0.006049037077793473,""1"":7.106897409225876e-05,""2"":0.0044588348546798495}"
representation_minus_source_bank,E_K_D,E_bank,transfer,civilian_at_work,,primary,validation,3,3,True,0.00883274602126429,0.00958555069559604,"{""0"":0.012950356215159498,""1"":0.015671510640603792,""2"":-0.002123628791970422}"
representation_minus_source_bank,E_K_D,E_bank,transfer,civilian_at_work,,primary,development_evaluation,3,3,True,0.006026805654694896,0.0107991740774411,"{""0"":0.013884876770938637,""1"":0.010482887835991939,""2"":-0.006287347642845886}"
representation_minus_source_bank,E_K_D,E_bank,transfer,civilian_at_work,,primary,validation_person_weighted,3,3,True,0.011742419674579027,0.0059680205544230406,"{""0"":0.0164620412606179,""1"":0.01373130390437538,""2"":0.005033913858743799}"
representation_minus_source_bank,E_K_D,E_bank,transfer,civilian_at_work,,primary,development_evaluation_person_weighted,3,3,True,0.011416591217402757,0.008361341464272008,"{""0"":0.020178791580307165,""1"":0.010546888860520243,""2"":0.003524093211380863}"
representation_minus_source_bank,E_K_D,E_bank,transfer,public_coverage,,primary,validation,3,3,True,0.0047774594256556795,0.009990013440692488,"{""0"":0.016249862965653783,""1"":8.44912377444551e-05,""2"":-0.0020019759264311987}"
representation_minus_source_bank,E_K_D,E_bank,transfer,public_coverage,,primary,development_evaluation,3,3,True,0.008570240388858045,0.003989019503886454,"{""0"":0.011499028233241004,""1"":0.004027059704915681,""2"":0.01018463322841745}"
representation_minus_source_bank,E_K_D,E_bank,transfer,public_coverage,,primary,validation_person_weighted,3,3,True,0.003388279413861217,0.008189154119123151,"{""0"":0.012571566909048593,""1"":-0.0031559698423549998,""2"":0.0007492411748900585}"
representation_minus_source_bank,E_K_D,E_bank,transfer,public_coverage,,primary,development_evaluation_person_weighted,3,3,True,0.007527730820273304,0.004400765220937001,"{""0"":0.010473463978091568,""1"":0.002468957570519792,""2"":0.009640770912208552}"
representation_minus_source_bank,E_K_D,E_bank,audit,SEX,120,primary,validation,3,3,True,-0.007588401622877587,0.005839704023248664,"{""0"":-0.005542983818900171,""1"":-0.003046549213808092,""2"":-0.014175671835924497}"
representation_minus_source_bank,E_K_D,E_bank,audit,SEX,120,primary,development_evaluation,3,3,True,-0.004131029591199635,0.006171538707603835,"{""0"":0.002897427470665015,""1"":-0.0066261980078128335,""2"":-0.008664318236451085}"
representation_minus_source_bank,E_K_D,E_bank,audit,SEX,120,primary,validation_person_weighted,3,3,True,-0.0066001599275721246,0.0023772869141244547,"{""0"":-0.00481823229682532,""1"":-0.00568279758012169,""2"":-0.009299449905769364}"
representation_minus_source_bank,E_K_D,E_bank,audit,SEX,120,primary,development_evaluation_person_weighted,3,3,True,-0.0015147390465913106,0.00781258236541315,"{""0"":0.007412696813088093,""1"":-0.004855020309392222,""2"":-0.007101893643469803}"
representation_minus_source_bank,E_K_D,E_bank,audit,RAC1P,120,primary,validation,3,3,True,-0.01999852266749384,0.01889901415417912,"{""0"":0.0008484190727537921,""1"":-0.024833925798326772,""2"":-0.036010061276908534}"
representation_minus_source_bank,E_K_D,E_bank,audit,RAC1P,120,primary,development_evaluation,3,3,True,-0.026665652446807925,0.004120653417439969,"{""0"":-0.024605774503880573,""1"":-0.031410084887351974,""2"":-0.023981097949191232}"
representation_minus_source_bank,E_K_D,E_bank,audit,RAC1P,120,primary,validation_person_weighted,3,3,True,-0.01706604141179217,0.01531175833237076,"{""0"":0.0005987050548341699,""1"":-0.02525227810281372,""2"":-0.02654455118739696}"
representation_minus_source_bank,E_K_D,E_bank,audit,RAC1P,120,primary,development_evaluation_person_weighted,3,3,True,-0.02153529620804358,0.006665896765377326,"{""0"":-0.014226132919369805,""1"":-0.02310031361520193,""2"":-0.027279442089559014}"
representation_minus_source_bank,E_K_D,E_bank,audit,SEX,120,pooled,validation,3,3,True,-0.01702570413456439,0.004608471070712876,"{""0"":-0.014558935021035224,""1"":-0.02234250554673345,""2"":-0.014175671835924497}"
representation_minus_source_bank,E_K_D,E_bank,audit,SEX,120,pooled,development_evaluation,3,3,True,-0.012330177508413587,0.007333805715459722,"{""0"":-0.007552069924658844,""1"":-0.02077414436413083,""2"":-0.008664318236451085}"
representation_minus_source_bank,E_K_D,E_bank,audit,SEX,120,pooled,validation_person_weighted,3,3,True,-0.01666370079486516,0.008103075373680673,"{""0"":-0.015347257729990682,""1"":-0.02534439474883543,""2"":-0.009299449905769364}"
representation_minus_source_bank,E_K_D,E_bank,audit,SEX,120,pooled,development_evaluation_person_weighted,3,3,True,-0.009535190339747554,0.008649799135601332,"{""0"":-0.0023626596173716985,""1"":-0.019141017758401158,""2"":-0.007101893643469803}"
representation_minus_source_bank,E_K_D,E_bank,audit,RAC1P,120,pooled,validation,3,3,True,-0.04659534670987601,0.016411385476570464,"{""0"":-0.02795070419846124,""1"":-0.05298227148865786,""2"":-0.05885306444250893}"
representation_minus_source_bank,E_K_D,E_bank,audit,RAC1P,120,pooled,development_evaluation,3,3,True,-0.05004639791767077,0.003966889382749033,"{""0"":-0.05098705247247115,""1"":-0.05345841376412852,""2"":-0.04569372751641265}"
representation_minus_source_bank,E_K_D,E_bank,audit,RAC1P,120,pooled,validation_person_weighted,3,3,True,-0.03944285775804109,0.01879722669053818,"{""0"":-0.01881561725936698,""1"":-0.0556065586318546,""2"":-0.043906397382901696}"
representation_minus_source_bank,E_K_D,E_bank,audit,RAC1P,120,pooled,development_evaluation_person_weighted,3,3,True,-0.04300383284881285,0.009721994398191587,"{""0"":-0.03344165924284059,""1"":-0.0426917082851459,""2"":-0.05287813101845207}"
representation_minus_source_bank,E_K_D,E_bank,audit,SEX,360,primary,validation,3,3,True,-0.007450952701667328,0.005916269188324267,"{""0"":-0.005130637055269394,""1"":-0.003046549213808092,""2"":-0.014175671835924497}"
representation_minus_source_bank,E_K_D,E_bank,audit,SEX,360,primary,development_evaluation,3,3,True,-0.004019463388463929,0.006362204481834939,"{""0"":0.003232126078872133,""1"":-0.0066261980078128335,""2"":-0.008664318236451085}"
representation_minus_source_bank,E_K_D,E_bank,audit,SEX,360,primary,validation_person_weighted,3,3,True,-0.0063708229550176005,0.0026524074116637854,"{""0"":-0.004130221379161747,""1"":-0.00568279758012169,""2"":-0.009299449905769364}"
representation_minus_source_bank,E_K_D,E_bank,audit,SEX,360,primary,development_evaluation_person_weighted,3,3,True,-0.0014448851939509548,0.007932334414631386,"{""0"":0.007622258371009161,""1"":-0.004855020309392222,""2"":-0.007101893643469803}"
representation_minus_source_bank,E_K_D,E_bank,audit,RAC1P,360,primary,validation,3,3,True,-0.01999852266749384,0.01889901415417912,"{""0"":0.0008484190727537921,""1"":-0.024833925798326772,""2"":-0.036010061276908534}"
representation_minus_source_bank,E_K_D,E_bank,audit,RAC1P,360,primary,development_evaluation,3,3,True,-0.026665652446807925,0.004120653417439969,"{""0"":-0.024605774503880573,""1"":-0.031410084887351974,""2"":-0.023981097949191232}"
representation_minus_source_bank,E_K_D,E_bank,audit,RAC1P,360,primary,validation_person_weighted,3,3,True,-0.01706604141179217,0.01531175833237076,"{""0"":0.0005987050548341699,""1"":-0.02525227810281372,""2"":-0.02654455118739696}"
representation_minus_source_bank,E_K_D,E_bank,audit,RAC1P,360,primary,development_evaluation_person_weighted,3,3,True,-0.02153529620804358,0.006665896765377326,"{""0"":-0.014226132919369805,""1"":-0.02310031361520193,""2"":-0.027279442089559014}"
representation_minus_source_bank,E_K_D,E_bank,audit,SEX,360,pooled,validation,3,3,True,-0.01688825521335413,0.00472354173137183,"{""0"":-0.014146588257404447,""1"":-0.02234250554673345,""2"":-0.014175671835924497}"
representation_minus_source_bank,E_K_D,E_bank,audit,SEX,360,pooled,development_evaluation,3,3,True,-0.012218611305677881,0.0074445465465020014,"{""0"":-0.007217371316451726,""1"":-0.02077414436413083,""2"":-0.008664318236451085}"
representation_minus_source_bank,E_K_D,E_bank,audit,SEX,360,pooled,validation_person_weighted,3,3,True,-0.016434363822310633,0.008168435838862158,"{""0"":-0.01465924681232711,""1"":-0.02534439474883543,""2"":-0.009299449905769364}"
representation_minus_source_bank,E_K_D,E_bank,audit,SEX,360,pooled,development_evaluation_person_weighted,3,3,True,-0.009465336487107198,0.008737090504329999,"{""0"":-0.002153098059450631,""1"":-0.019141017758401158,""2"":-0.007101893643469803}"
representation_minus_source_bank,E_K_D,E_bank,audit,RAC1P,360,pooled,validation,3,3,True,-0.04659534670987601,0.016411385476570464,"{""0"":-0.02795070419846124,""1"":-0.05298227148865786,""2"":-0.05885306444250893}"
representation_minus_source_bank,E_K_D,E_bank,audit,RAC1P,360,pooled,development_evaluation,3,3,True,-0.05004639791767077,0.003966889382749033,"{""0"":-0.05098705247247115,""1"":-0.05345841376412852,""2"":-0.04569372751641265}"
representation_minus_source_bank,E_K_D,E_bank,audit,RAC1P,360,pooled,validation_person_weighted,3,3,True,-0.03944285775804109,0.01879722669053818,"{""0"":-0.01881561725936698,""1"":-0.0556065586318546,""2"":-0.043906397382901696}"
representation_minus_source_bank,E_K_D,E_bank,audit,RAC1P,360,pooled,development_evaluation_person_weighted,3,3,True,-0.04300383284881285,0.009721994398191587,"{""0"":-0.03344165924284059,""1"":-0.0426917082851459,""2"":-0.05287813101845207}"
new_minus_beta0,E_K_D,D_init,transfer,same_residence,,primary,validation,3,3,True,9.488243153103297e-05,0.00912976273773408,"{""0"":0.006235955655726322,""1"":0.004445126262797916,""2"":-0.010396434623931139}"
new_minus_beta0,E_K_D,D_init,transfer,same_residence,,primary,development_evaluation,3,3,True,0.003991835367941472,0.004081668118692924,"{""0"":0.008327176236492984,""1"":0.0034252986870587643,""2"":0.00022303118027267033}"
new_minus_beta0,E_K_D,D_init,transfer,same_residence,,primary,validation_person_weighted,3,3,True,0.0018755599796281275,0.011843701414675882,"{""0"":0.014194636884102496,""1"":0.0008593202126930266,""2"":-0.00942727715791114}"
new_minus_beta0,E_K_D,D_init,transfer,same_residence,,primary,development_evaluation_person_weighted,3,3,True,0.008818463975554155,0.004544234804107922,"{""0"":0.01219001395684316,""1"":0.010614722585784053,""2"":0.0036506553840352507}"
new_minus_beta0,E_K_D,D_init,transfer,commute_over20,,primary,validation,3,3,True,0.00621143907121983,0.005300367091222393,"{""0"":0.01233143231737488,""1"":0.003207596717577199,""2"":0.0030952881787074116}"
new_minus_beta0,E_K_D,D_init,transfer,commute_over20,,primary,development_evaluation,3,3,True,0.0013005111937059628,0.004555164166941815,"{""0"":0.004343786814309025,""1"":0.0034941628351932152,""2"":-0.003936416068384352}"
new_minus_beta0,E_K_D,D_init,transfer,commute_over20,,primary,validation_person_weighted,3,3,True,0.0057793753614708105,0.005244706688339015,"{""0"":0.011768802604593565,""1"":0.0035605607160733577,""2"":0.0020087627637455086}"
new_minus_beta0,E_K_D,D_init,transfer,commute_over20,,primary,development_evaluation_person_weighted,3,3,True,0.000693039568173163,0.0061286750090783345,"{""0"":0.007186744979498005,""1"":-0.00011773023863315135,""2"":-0.004989896036345365}"
new_minus_beta0,E_K_D,D_init,transfer,income_binary,,primary,validation,3,3,True,0.03883265692391332,0.01745958748626798,"{""0"":0.053135761251975444,""1"":0.04398570146705122,""2"":0.019376508052713293}"
new_minus_beta0,E_K_D,D_init,transfer,income_binary,,primary,development_evaluation,3,3,True,0.0332891577071485,0.013918788431221265,"{""0"":0.03961304369350205,""1"":0.04292326961057169,""2"":0.017331159817371766}"
new_minus_beta0,E_K_D,D_init,transfer,income_binary,,primary,validation_person_weighted,3,3,True,0.0357260371061379,0.0143314096922585,"{""0"":0.04853193387751448,""1"":0.03840031625301682,""2"":0.020245861187882408}"
new_minus_beta0,E_K_D,D_init,transfer,income_binary,,primary,development_evaluation_person_weighted,3,3,True,0.03208292502401061,0.015084261819015501,"{""0"":0.036435643461897704,""1"":0.04451222690872708,""2"":0.015300904701407048}"
new_minus_beta0,E_K_D,D_init,transfer,civilian_at_work,,primary,validation,3,3,True,0.08014463774060947,0.03494048953483036,"{""0"":0.11261852657844373,""1"":0.084642271126523,""2"":0.04317311551686165}"
new_minus_beta0,E_K_D,D_init,transfer,civilian_at_work,,primary,development_evaluation,3,3,True,0.07959277769202038,0.03487907670814292,"{""0"":0.11700310699656569,""1"":0.07380660827957292,""2"":0.04796861779992251}"
new_minus_beta0,E_K_D,D_init,transfer,civilian_at_work,,primary,validation_person_weighted,3,3,True,0.07611926528448763,0.03481405065304688,"{""0"":0.11365321526766697,""1"":0.06981904896819352,""2"":0.04488553161760239}"
new_minus_beta0,E_K_D,D_init,transfer,civilian_at_work,,primary,development_evaluation_person_weighted,3,3,True,0.07603181396627823,0.03462988531619991,"{""0"":0.11461156565262365,""1"":0.0658485855236643,""2"":0.04763529072254674}"
new_minus_beta0,E_K_D,D_init,transfer,public_coverage,,primary,validation,3,3,True,0.026200249904229495,0.00883347886985361,"{""0"":0.034990423233962786,""1"":0.026286233264377457,""2"":0.017324093214348246}"
new_minus_beta0,E_K_D,D_init,transfer,public_coverage,,primary,development_evaluation,3,3,True,0.01824255089201765,0.0072317143895098066,"{""0"":0.025646018930605585,""1"":0.017885841351355847,""2"":0.01119579239409152}"
new_minus_beta0,E_K_D,D_init,transfer,public_coverage,,primary,validation_person_weighted,3,3,True,0.023008708799758432,0.002981715863640492,"{""0"":0.025972237358539374,""1"":0.0230447565484046,""2"":0.020009132492331327}"
new_minus_beta0,E_K_D,D_init,transfer,public_coverage,,primary,development_evaluation_person_weighted,3,3,True,0.015220865704183443,0.008750072099548156,"{""0"":0.02194249491386613,""1"":0.018392932341408763,""2"":0.005327169857275438}"
new_minus_beta0,E_K_D,D_init,audit,SEX,120,primary,validation,3,3,True,0.013089348377638532,0.012444723024189544,"{""0"":0.016405580596550506,""1"":0.02354003419287687,""2"":-0.0006775696565117784}"
new_minus_beta0,E_K_D,D_init,audit,SEX,120,primary,development_evaluation,3,3,True,0.01886173146083059,0.005616010772933319,"{""0"":0.019963600908560197,""1"":0.023845143111364764,""2"":0.012776450362566805}"
new_minus_beta0,E_K_D,D_init,audit,SEX,120,primary,validation_person_weighted,3,3,True,0.010529341206986861,0.015357879080825955,"{""0"":0.019066705743312706,""1"":0.01972169548664171,""2"":-0.007200377608993835}"
new_minus_beta0,E_K_D,D_init,audit,SEX,120,primary,development_evaluation_person_weighted,3,3,True,0.01606714021116022,0.006268562876782668,"{""0"":0.02009849045512524,""1"":0.019257811403824876,""2"":0.008845118774530536}"
new_minus_beta0,E_K_D,D_init,audit,RAC1P,120,primary,validation,3,3,True,0.001626041894651431,0.014660920106921356,"{""0"":0.016652035588318403,""1"":0.0008663563482054215,""2"":-0.012640266252569532}"
new_minus_beta0,E_K_D,D_init,audit,RAC1P,120,primary,development_evaluation,3,3,True,-0.002431825032595277,0.00739100551149309,"{""0"":-0.005684011480203477,""1"":0.0060276000983692235,""2"":-0.007639063715951577}"
new_minus_beta0,E_K_D,D_init,audit,RAC1P,120,primary,validation_person_weighted,3,3,True,-0.0005380165689413315,0.010539689055253793,"{""0"":0.007105883326748996,""1"":0.0038414444087759847,""2"":-0.012561377442348975}"
new_minus_beta0,E_K_D,D_init,audit,RAC1P,120,primary,development_evaluation_person_weighted,3,3,True,-0.0022368587155812136,0.010161858607932632,"{""0"":-0.004768906098197023,""1"":0.00895161036014458,""2"":-0.010893280408691197}"
new_minus_beta0,E_K_D,D_init,audit,SEX,120,pooled,validation,3,3,True,0.004416374067072996,0.004432032782740659,"{""0"":0.007389629394415453,""1"":0.006537062463315313,""2"":-0.0006775696565117784}"
new_minus_beta0,E_K_D,D_init,audit,SEX,120,pooled,development_evaluation,3,3,True,0.006850989244324035,0.007614686278959136,"{""0"":0.009514103513236338,""1"":-0.001737586142831038,""2"":0.012776450362566805}"
new_minus_beta0,E_K_D,D_init,audit,SEX,120,pooled,validation_person_weighted,3,3,True,-0.0018547852407961862,0.009001378419919933,"{""0"":0.008537680310147344,""1"":-0.0069016584235420675,""2"":-0.007200377608993835}"
new_minus_beta0,E_K_D,D_init,audit,SEX,120,pooled,development_evaluation_person_weighted,3,3,True,0.002065684348224961,0.01304327585039398,"{""0"":0.010323134024665448,""1"":-0.012971199754521101,""2"":0.008845118774530536}"
new_minus_beta0,E_K_D,D_init,audit,RAC1P,120,pooled,validation,3,3,True,-0.013090287256259122,0.013431216124839636,"{""0"":0.0007312914846331342,""1"":-0.026093739215765854,""2"":-0.013908414037644645}"
new_minus_beta0,E_K_D,D_init,audit,RAC1P,120,pooled,development_evaluation,3,3,True,-0.017403592453183164,0.007111670430886561,"{""0"":-0.012551468187482095,""1"":-0.01409218790637512,""2"":-0.025567121265692272}"
new_minus_beta0,E_K_D,D_init,audit,RAC1P,120,pooled,validation_person_weighted,3,3,True,-0.010614495927853943,0.011772152176052557,"{""0"":0.0017251635989170566,""1"":-0.02172225733603428,""2"":-0.011846394046444608}"
new_minus_beta0,E_K_D,D_init,audit,RAC1P,120,pooled,development_evaluation_person_weighted,3,3,True,-0.01695969388474457,0.009943329755399388,"{""0"":-0.009793496372065613,""1"":-0.012774007888526784,""2"":-0.02831157739364132}"
new_minus_beta0,E_K_D,D_init,audit,SEX,360,primary,validation,3,3,True,0.013089348377638532,0.012444723024189544,"{""0"":0.016405580596550506,""1"":0.02354003419287687,""2"":-0.0006775696565117784}"
new_minus_beta0,E_K_D,D_init,audit,SEX,360,primary,development_evaluation,3,3,True,0.01886173146083059,0.005616010772933319,"{""0"":0.019963600908560197,""1"":0.023845143111364764,""2"":0.012776450362566805}"
new_minus_beta0,E_K_D,D_init,audit,SEX,360,primary,validation_person_weighted,3,3,True,0.010529341206986861,0.015357879080825955,"{""0"":0.019066705743312706,""1"":0.01972169548664171,""2"":-0.007200377608993835}"
new_minus_beta0,E_K_D,D_init,audit,SEX,360,primary,development_evaluation_person_weighted,3,3,True,0.01606714021116022,0.006268562876782668,"{""0"":0.02009849045512524,""1"":0.019257811403824876,""2"":0.008845118774530536}"
new_minus_beta0,E_K_D,D_init,audit,RAC1P,360,primary,validation,3,3,True,0.001626041894651431,0.014660920106921356,"{""0"":0.016652035588318403,""1"":0.0008663563482054215,""2"":-0.012640266252569532}"
new_minus_beta0,E_K_D,D_init,audit,RAC1P,360,primary,development_evaluation,3,3,True,-0.002431825032595277,0.00739100551149309,"{""0"":-0.005684011480203477,""1"":0.0060276000983692235,""2"":-0.007639063715951577}"
new_minus_beta0,E_K_D,D_init,audit,RAC1P,360,primary,validation_person_weighted,3,3,True,-0.0005380165689413315,0.010539689055253793,"{""0"":0.007105883326748996,""1"":0.0038414444087759847,""2"":-0.012561377442348975}"
new_minus_beta0,E_K_D,D_init,audit,RAC1P,360,primary,development_evaluation_person_weighted,3,3,True,-0.0022368587155812136,0.010161858607932632,"{""0"":-0.004768906098197023,""1"":0.00895161036014458,""2"":-0.010893280408691197}"
new_minus_beta0,E_K_D,D_init,audit,SEX,360,pooled,validation,3,3,True,0.004416374067072996,0.004432032782740659,"{""0"":0.007389629394415453,""1"":0.006537062463315313,""2"":-0.0006775696565117784}"
new_minus_beta0,E_K_D,D_init,audit,SEX,360,pooled,development_evaluation,3,3,True,0.006850989244324035,0.007614686278959136,"{""0"":0.009514103513236338,""1"":-0.001737586142831038,""2"":0.012776450362566805}"
new_minus_beta0,E_K_D,D_init,audit,SEX,360,pooled,validation_person_weighted,3,3,True,-0.0018547852407961862,0.009001378419919933,"{""0"":0.008537680310147344,""1"":-0.0069016584235420675,""2"":-0.007200377608993835}"
new_minus_beta0,E_K_D,D_init,audit,SEX,360,pooled,development_evaluation_person_weighted,3,3,True,0.002065684348224961,0.01304327585039398,"{""0"":0.010323134024665448,""1"":-0.012971199754521101,""2"":0.008845118774530536}"
new_minus_beta0,E_K_D,D_init,audit,RAC1P,360,pooled,validation,3,3,True,-0.013090287256259122,0.013431216124839636,"{""0"":0.0007312914846331342,""1"":-0.026093739215765854,""2"":-0.013908414037644645}"
new_minus_beta0,E_K_D,D_init,audit,RAC1P,360,pooled,development_evaluation,3,3,True,-0.017403592453183164,0.007111670430886561,"{""0"":-0.012551468187482095,""1"":-0.01409218790637512,""2"":-0.025567121265692272}"
new_minus_beta0,E_K_D,D_init,audit,RAC1P,360,pooled,validation_person_weighted,3,3,True,-0.010614495927853943,0.011772152176052557,"{""0"":0.0017251635989170566,""1"":-0.02172225733603428,""2"":-0.011846394046444608}"
new_minus_beta0,E_K_D,D_init,audit,RAC1P,360,pooled,development_evaluation_person_weighted,3,3,True,-0.01695969388474457,0.009943329755399388,"{""0"":-0.009793496372065613,""1"":-0.012774007888526784,""2"":-0.02831157739364132}"
new_minus_historical_selective,E_K_D,E_rho0_D,transfer,same_residence,,primary,validation,3,3,True,0.0017764829260474106,0.00040416422045091315,"{""0"":0.0015617923111342913,""1"":0.002242687080397654,""2"":0.0015249693866102865}"
new_minus_historical_selective,E_K_D,E_rho0_D,transfer,same_residence,,primary,development_evaluation,3,3,True,0.0024590438612797083,0.0025224061272186194,"{""0"":0.004442966781211144,""1"":0.0033138552775654473,""2"":-0.0003796904749374663}"
new_minus_historical_selective,E_K_D,E_rho0_D,transfer,same_residence,,primary,validation_person_weighted,3,3,True,0.0019590890442984046,0.0007854113113070688,"{""0"":0.0010622033013749088,""1"":0.002524013249176782,""2"":0.0022910505823435234}"
new_minus_historical_selective,E_K_D,E_rho0_D,transfer,same_residence,,primary,development_evaluation_person_weighted,3,3,True,0.0026523291486661438,0.0030463726029534015,"{""0"":0.0031559048381038513,""1"":0.005415536275714339,""2"":-0.0006144536678197587}"
new_minus_historical_selective,E_K_D,E_rho0_D,transfer,commute_over20,,primary,validation,3,3,True,0.003266848707114578,0.0013629300647469416,"{""0"":0.004804978660695736,""1"":0.0027862201112009988,""2"":0.0022093473494469995}"
new_minus_historical_selective,E_K_D,E_rho0_D,transfer,commute_over20,,primary,development_evaluation,3,3,True,0.0028512708377751808,0.0035391578918508083,"{""0"":0.0058618067323777945,""1"":0.0037393569812702587,""2"":-0.0010473512003225105}"
new_minus_historical_selective,E_K_D,E_rho0_D,transfer,commute_over20,,primary,validation_person_weighted,3,3,True,0.0027450277753254815,0.0026457089834740935,"{""0"":0.00558825884104075,""1"":0.002291298524759955,""2"":0.0003555259601757399}"
new_minus_historical_selective,E_K_D,E_rho0_D,transfer,commute_over20,,primary,development_evaluation_person_weighted,3,3,True,0.0006593894444583137,0.007245724865270541,"{""0"":0.006115027320364064,""1"":0.003424979316018595,""2"":-0.007561838303007717}"
new_minus_historical_selective,E_K_D,E_rho0_D,transfer,income_binary,,primary,validation,3,3,True,0.03282358969823405,0.014128519771972483,"{""0"":0.04639876455056646,""1"":0.03387188395465268,""2"":0.018200120589483004}"
new_minus_historical_selective,E_K_D,E_rho0_D,transfer,income_binary,,primary,development_evaluation,3,3,True,0.03424479056423398,0.015266183248459778,"{""0"":0.04206014178228101,""1"":0.04402092162512078,""2"":0.01665330828530015}"
new_minus_historical_selective,E_K_D,E_rho0_D,transfer,income_binary,,primary,validation_person_weighted,3,3,True,0.029483733797123712,0.010682557027686692,"{""0"":0.040333290361112106,""1"":0.02914151062288689,""2"":0.01897640040737214}"
new_minus_historical_selective,E_K_D,E_rho0_D,transfer,income_binary,,primary,development_evaluation_person_weighted,3,3,True,0.0331656399260288,0.01615612231231165,"{""0"":0.03825738791130706,""1"":0.046162476926365936,""2"":0.015077054940413392}"
new_minus_historical_selective,E_K_D,E_rho0_D,transfer,civilian_at_work,,primary,validation,3,3,True,0.06910467389007384,0.030966371715780996,"{""0"":0.09797377862388329,""1"":0.07294160945221245,""2"":0.03639863359412576}"
new_minus_historical_selective,E_K_D,E_rho0_D,transfer,civilian_at_work,,primary,development_evaluation,3,3,True,0.06894669050064971,0.03470266442301678,"{""0"":0.10450468021114107,""1"":0.06716760014099266,""2"":0.035167791149815386}"
new_minus_historical_selective,E_K_D,E_rho0_D,transfer,civilian_at_work,,primary,validation_person_weighted,3,3,True,0.06403818164496243,0.03046181255371793,"{""0"":0.09671920354323321,""1"":0.058962000672412695,""2"":0.03643334071924137}"
new_minus_historical_selective,E_K_D,E_rho0_D,transfer,civilian_at_work,,primary,development_evaluation_person_weighted,3,3,True,0.06411113250824947,0.03476962963119049,"{""0"":0.10175755309775086,""1"":0.05737044708576511,""2"":0.03320539734123246}"
new_minus_historical_selective,E_K_D,E_rho0_D,transfer,public_coverage,,primary,validation,3,3,True,0.021282563547384132,0.009542363425451856,"{""0"":0.02706913959050944,""1"":0.026509826801212055,""2"":0.010268724250430905}"
new_minus_historical_selective,E_K_D,E_rho0_D,transfer,public_coverage,,primary,development_evaluation,3,3,True,0.015744995628710384,0.005763308010759611,"{""0"":0.02187569649002641,""1"":0.014921653101401533,""2"":0.010437637294703206}"
new_minus_historical_selective,E_K_D,E_rho0_D,transfer,public_coverage,,primary,validation_person_weighted,3,3,True,0.02030622057086584,0.008131402050798969,"{""0"":0.021869213002233434,""1"":0.027542672366135557,""2"":0.011506776344228531}"
new_minus_historical_selective,E_K_D,E_rho0_D,transfer,public_coverage,,primary,development_evaluation_person_weighted,3,3,True,0.01315388172703704,0.006873073266923973,"{""0"":0.020650322630005657,""1"":0.011662133405610897,""2"":0.007149189145494561}"
new_minus_historical_selective,E_K_D,E_rho0_D,audit,SEX,120,primary,validation,3,3,True,0.005182102594997444,0.006524253594504601,"{""0"":0.010677243369690337,""1"":0.006897541939338447,""2"":-0.002028477524036454}"
new_minus_historical_selective,E_K_D,E_rho0_D,audit,SEX,120,primary,development_evaluation,3,3,True,0.004617505803902189,0.0016179118969472997,"{""0"":0.003615125996514146,""1"":0.003753388069153818,""2"":0.006484003346038603}"
new_minus_historical_selective,E_K_D,E_rho0_D,audit,SEX,120,primary,validation_person_weighted,3,3,True,0.005010768530092598,0.003159810865771061,"{""0"":0.007705977970473454,""1"":0.005793020439303853,""2"":0.0015333071805004872}"
new_minus_historical_selective,E_K_D,E_rho0_D,audit,SEX,120,primary,development_evaluation_person_weighted,3,3,True,0.005708226326536485,0.0023567175907171483,"{""0"":0.00638554983423012,""1"":0.0030870128313615908,""2"":0.007652116314017743}"
new_minus_historical_selective,E_K_D,E_rho0_D,audit,RAC1P,120,primary,validation,3,3,True,0.003892755669261542,0.006227585764062624,"{""0"":0.0006355359378751313,""1"":0.011073456507269208,""2"":-3.0725437359713226e-05}"
new_minus_historical_selective,E_K_D,E_rho0_D,audit,RAC1P,120,primary,development_evaluation,3,3,True,0.0024327449819026015,0.006943205545143789,"{""0"":0.0008486906054965271,""1"":0.010031106134991363,""2"":-0.003581561794780086}"
new_minus_historical_selective,E_K_D,E_rho0_D,audit,RAC1P,120,primary,validation_person_weighted,3,3,True,0.005378129801976235,0.007423571918009775,"{""0"":0.003439432228264705,""1"":0.013578696246331123,""2"":-0.000883739068667122}"
new_minus_historical_selective,E_K_D,E_rho0_D,audit,RAC1P,120,primary,development_evaluation_person_weighted,3,3,True,0.004716479766530002,0.009665523502104893,"{""0"":0.0015629760580317953,""1"":0.015564903818398479,""2"":-0.002978440576840269}"
new_minus_historical_selective,E_K_D,E_rho0_D,audit,SEX,120,pooled,validation,3,3,True,0.0034122314821447932,0.0035643478191005424,"{""0"":0.007514853850128511,""1"":0.001645424524512662,""2"":0.001076416071793207}"
new_minus_historical_selective,E_K_D,E_rho0_D,audit,SEX,120,pooled,development_evaluation,3,3,True,0.006093092668005284,0.005652566079601929,"{""0"":0.0033086826025520155,""1"":0.0023728815669632475,""2"":0.01259771383450059}"
new_minus_historical_selective,E_K_D,E_rho0_D,audit,SEX,120,pooled,validation_person_weighted,3,3,True,0.006051246143089051,0.0036600495671763795,"{""0"":0.009687397934411535,""1"":0.0023677579747559685,""2"":0.006098582520099649}"
new_minus_historical_selective,E_K_D,E_rho0_D,audit,SEX,120,pooled,development_evaluation_person_weighted,3,3,True,0.004927520470017839,0.0030539316111094722,"{""0"":0.0048510333226008395,""1"":0.0019125508882876785,""2"":0.008018977199165}"
new_minus_historical_selective,E_K_D,E_rho0_D,audit,RAC1P,120,pooled,validation,3,3,True,0.0028633826011523755,0.001373818347394896,"{""0"":0.001976327727452265,""1"":0.004445868812463782,""2"":0.002167951263541079}"
new_minus_historical_selective,E_K_D,E_rho0_D,audit,RAC1P,120,pooled,development_evaluation,3,3,True,-0.003950461786300356,0.008156999711582732,"{""0"":-0.010097167084841097,""1"":0.00530351824005959,""2"":-0.007057736514119561}"
new_minus_historical_selective,E_K_D,E_rho0_D,audit,RAC1P,120,pooled,validation_person_weighted,3,3,True,0.0060002704875270485,0.003630254243521347,"{""0"":0.009739707083265658,""1"":0.005771041852058234,""2"":0.002490062527257253}"
new_minus_historical_selective,E_K_D,E_rho0_D,audit,RAC1P,120,pooled,development_evaluation_person_weighted,3,3,True,-0.0029064836888793946,0.008936670064215625,"{""0"":-0.007268025438921022,""1"":0.007373471528322462,""2"":-0.008824897156039624}"
new_minus_historical_selective,E_K_D,E_rho0_D,audit,SEX,360,primary,validation,3,3,True,0.005182102594997444,0.006524253594504601,"{""0"":0.010677243369690337,""1"":0.006897541939338447,""2"":-0.002028477524036454}"
new_minus_historical_selective,E_K_D,E_rho0_D,audit,SEX,360,primary,development_evaluation,3,3,True,0.004617505803902189,0.0016179118969472997,"{""0"":0.003615125996514146,""1"":0.003753388069153818,""2"":0.006484003346038603}"
new_minus_historical_selective,E_K_D,E_rho0_D,audit,SEX,360,primary,validation_person_weighted,3,3,True,0.005010768530092598,0.003159810865771061,"{""0"":0.007705977970473454,""1"":0.005793020439303853,""2"":0.0015333071805004872}"
new_minus_historical_selective,E_K_D,E_rho0_D,audit,SEX,360,primary,development_evaluation_person_weighted,3,3,True,0.005708226326536485,0.0023567175907171483,"{""0"":0.00638554983423012,""1"":0.0030870128313615908,""2"":0.007652116314017743}"
new_minus_historical_selective,E_K_D,E_rho0_D,audit,RAC1P,360,primary,validation,3,3,True,0.003892755669261542,0.006227585764062624,"{""0"":0.0006355359378751313,""1"":0.011073456507269208,""2"":-3.0725437359713226e-05}"
new_minus_historical_selective,E_K_D,E_rho0_D,audit,RAC1P,360,primary,development_evaluation,3,3,True,0.0024327449819026015,0.006943205545143789,"{""0"":0.0008486906054965271,""1"":0.010031106134991363,""2"":-0.003581561794780086}"
new_minus_historical_selective,E_K_D,E_rho0_D,audit,RAC1P,360,primary,validation_person_weighted,3,3,True,0.005378129801976235,0.007423571918009775,"{""0"":0.003439432228264705,""1"":0.013578696246331123,""2"":-0.000883739068667122}"
new_minus_historical_selective,E_K_D,E_rho0_D,audit,RAC1P,360,primary,development_evaluation_person_weighted,3,3,True,0.004716479766530002,0.009665523502104893,"{""0"":0.0015629760580317953,""1"":0.015564903818398479,""2"":-0.002978440576840269}"
new_minus_historical_selective,E_K_D,E_rho0_D,audit,SEX,360,pooled,validation,3,3,True,0.0034122314821447932,0.0035643478191005424,"{""0"":0.007514853850128511,""1"":0.001645424524512662,""2"":0.001076416071793207}"
new_minus_historical_selective,E_K_D,E_rho0_D,audit,SEX,360,pooled,development_evaluation,3,3,True,0.006093092668005284,0.005652566079601929,"{""0"":0.0033086826025520155,""1"":0.0023728815669632475,""2"":0.01259771383450059}"
new_minus_historical_selective,E_K_D,E_rho0_D,audit,SEX,360,pooled,validation_person_weighted,3,3,True,0.006051246143089051,0.0036600495671763795,"{""0"":0.009687397934411535,""1"":0.0023677579747559685,""2"":0.006098582520099649}"
new_minus_historical_selective,E_K_D,E_rho0_D,audit,SEX,360,pooled,development_evaluation_person_weighted,3,3,True,0.004927520470017839,0.0030539316111094722,"{""0"":0.0048510333226008395,""1"":0.0019125508882876785,""2"":0.008018977199165}"
new_minus_historical_selective,E_K_D,E_rho0_D,audit,RAC1P,360,pooled,validation,3,3,True,0.0028633826011523755,0.001373818347394896,"{""0"":0.001976327727452265,""1"":0.004445868812463782,""2"":0.002167951263541079}"
new_minus_historical_selective,E_K_D,E_rho0_D,audit,RAC1P,360,pooled,development_evaluation,3,3,True,-0.003950461786300356,0.008156999711582732,"{""0"":-0.010097167084841097,""1"":0.00530351824005959,""2"":-0.007057736514119561}"
new_minus_historical_selective,E_K_D,E_rho0_D,audit,RAC1P,360,pooled,validation_person_weighted,3,3,True,0.0060002704875270485,0.003630254243521347,"{""0"":0.009739707083265658,""1"":0.005771041852058234,""2"":0.002490062527257253}"
new_minus_historical_selective,E_K_D,E_rho0_D,audit,RAC1P,360,pooled,development_evaluation_person_weighted,3,3,True,-0.0029064836888793946,0.008936670064215625,"{""0"":-0.007268025438921022,""1"":0.007373471528322462,""2"":-0.008824897156039624}"
K_minus_direct_teacher,E_K_D,E_direct,transfer,same_residence,,primary,validation,3,3,True,-0.0010116198251711357,0.0015317425749410325,"{""0"":-0.0001698239982367289,""1"":-8.538368621302528e-05,""2"":-0.002779651791063653}"
K_minus_direct_teacher,E_K_D,E_direct,transfer,same_residence,,primary,development_evaluation,3,3,True,-0.002834134861721053,0.003174846503059066,"{""0"":0.000738262400019396,""1"":-0.005333168446292613,""2"":-0.003907498538889942}"
K_minus_direct_teacher,E_K_D,E_direct,transfer,same_residence,,primary,validation_person_weighted,3,3,True,-0.0010780587517864963,0.002176889990548991,"{""0"":0.0006604132176173949,""1"":-0.003519597646124528,""2"":-0.00037499182685235555}"
K_minus_direct_teacher,E_K_D,E_direct,transfer,same_residence,,primary,development_evaluation_person_weighted,3,3,True,-0.0031301223661951982,0.0032869874756584197,"{""0"":-0.0001997746968159797,""1"":-0.006684335110900164,""2"":-0.0025062572908694514}"
K_minus_direct_teacher,E_K_D,E_direct,transfer,commute_over20,,primary,validation,3,3,True,-0.005259550647444766,0.0005997051512551064,"{""0"":-0.004655505548756045,""1"":-0.005268326871143758,""2"":-0.005854819522434496}"
K_minus_direct_teacher,E_K_D,E_direct,transfer,commute_over20,,primary,development_evaluation,3,3,True,1.1330204906253213e-05,0.0008145212674573941,"{""0"":0.0003277689622884772,""1"":-0.0009139255352177411,""2"":0.0006201471876480236}"
K_minus_direct_teacher,E_K_D,E_direct,transfer,commute_over20,,primary,validation_person_weighted,3,3,True,-0.004583331987551083,0.0007147430067954108,"{""0"":-0.003907786272810965,""1"":-0.004510512521277432,""2"":-0.005331697168564853}"
K_minus_direct_teacher,E_K_D,E_direct,transfer,commute_over20,,primary,development_evaluation_person_weighted,3,3,True,-0.0007379163418796594,0.0007626598071801511,"{""0"":-2.4490564986656693e-05,""1"":-0.0015417508325067386,""2"":-0.0006475076281455827}"
K_minus_direct_teacher,E_K_D,E_direct,transfer,income_binary,,primary,validation,3,3,True,-0.03147010980963886,0.019101032700286787,"{""0"":-0.016534743118555684,""1"":-0.052993061440403166,""2"":-0.024882524869957734}"
K_minus_direct_teacher,E_K_D,E_direct,transfer,income_binary,,primary,development_evaluation,3,3,True,-0.032554271735104647,0.01655286599901107,"{""0"":-0.020567311805399224,""1"":-0.05144084933062565,""2"":-0.025654654069289073}"
K_minus_direct_teacher,E_K_D,E_direct,transfer,income_binary,,primary,validation_person_weighted,3,3,True,-0.03547832044447371,0.02070193652485238,"{""0"":-0.0199640952309319,""1"":-0.05898509298080007,""2"":-0.02748577312168915}"
K_minus_direct_teacher,E_K_D,E_direct,transfer,income_binary,,primary,development_evaluation_person_weighted,3,3,True,-0.03576673639741788,0.015731114131997345,"{""0"":-0.02966109167878528,""1"":-0.053635387412644786,""2"":-0.024003730100823573}"
K_minus_direct_teacher,E_K_D,E_direct,transfer,civilian_at_work,,primary,validation,3,3,True,-0.05918652569189814,0.024828361286261518,"{""0"":-0.08389105193267976,""1"":-0.03423615511145489,""2"":-0.05943237003155977}"
K_minus_direct_teacher,E_K_D,E_direct,transfer,civilian_at_work,,primary,development_evaluation,3,3,True,-0.05795950036443557,0.032438494210945835,"{""0"":-0.0870716512244944,""1"":-0.02299220471366853,""2"":-0.06381464515514379}"
K_minus_direct_teacher,E_K_D,E_direct,transfer,civilian_at_work,,primary,validation_person_weighted,3,3,True,-0.06140203824537401,0.03114746787056437,"{""0"":-0.09549743076645695,""1"":-0.03444006382791154,""2"":-0.05426862014175354}"
K_minus_direct_teacher,E_K_D,E_direct,transfer,civilian_at_work,,primary,development_evaluation_person_weighted,3,3,True,-0.05502609159077657,0.03634480802462775,"{""0"":-0.09211212255640938,""1"":-0.019470880460156825,""2"":-0.05349527175576352}"
K_minus_direct_teacher,E_K_D,E_direct,transfer,public_coverage,,primary,validation,3,3,True,-0.01665320355701379,0.010065690469275974,"{""0"":-0.005104644068812059,""1"":-0.021291171313202684,""2"":-0.023563795289026634}"
K_minus_direct_teacher,E_K_D,E_direct,transfer,public_coverage,,primary,development_evaluation,3,3,True,-0.01639251798238256,0.009235305635490767,"{""0"":-0.022039030209768495,""1"":-0.021403707919969372,""2"":-0.005734815817409811}"
K_minus_direct_teacher,E_K_D,E_direct,transfer,public_coverage,,primary,validation_person_weighted,3,3,True,-0.016074100570398375,0.007549895754900094,"{""0"":-0.007356240326194308,""1"":-0.020443541722569347,""2"":-0.02042251966243147}"
K_minus_direct_teacher,E_K_D,E_direct,transfer,public_coverage,,primary,development_evaluation_person_weighted,3,3,True,-0.01712666892110089,0.0075241517053703105,"{""0"":-0.019508596305668147,""1"":-0.02317156560173861,""2"":-0.008699844855895922}"
K_minus_direct_teacher,E_K_D,E_direct,audit,SEX,120,primary,validation,3,3,True,-0.0017384663816262247,0.002874064135881649,"{""0"":-0.0010816563974004323,""1"":0.0007503427005951524,""2"":-0.004884085448073394}"
K_minus_direct_teacher,E_K_D,E_direct,audit,SEX,120,primary,development_evaluation,3,3,True,-0.0016403582985948424,0.001618542648150102,"{""0"":-0.00014054107897354395,""1"":-0.0033559746978927274,""2"":-0.001424559118918256}"
K_minus_direct_teacher,E_K_D,E_direct,audit,SEX,120,primary,validation_person_weighted,3,3,True,-0.0010920264503291681,0.0031145637448931965,"{""0"":0.0015149578220631232,""1"":-0.00025000417883014325,""2"":-0.004541032994220484}"
K_minus_direct_teacher,E_K_D,E_direct,audit,SEX,120,primary,development_evaluation_person_weighted,3,3,True,-0.0015959473923940297,0.002255592707266226,"{""0"":0.00098707603003656,""1"":-0.003176753003396038,""2"":-0.002598165203822611}"
K_minus_direct_teacher,E_K_D,E_direct,audit,RAC1P,120,primary,validation,3,3,True,-0.0019328285624405546,0.0020425390987799117,"{""0"":-0.0035394752868931345,""1"":0.0003658143967779637,""2"":-0.002624824797206493}"
K_minus_direct_teacher,E_K_D,E_direct,audit,RAC1P,120,primary,development_evaluation,3,3,True,-0.003781174930428547,0.003930705109414878,"{""0"":-0.00027475033451795916,""1"":-0.0030385541866770893,""2"":-0.008030220270090593}"
K_minus_direct_teacher,E_K_D,E_direct,audit,RAC1P,120,primary,validation_person_weighted,3,3,True,-0.0013092419479331745,0.0029787914637337144,"{""0"":-0.0028933919086837623,""1"":0.002126892460821761,""2"":-0.003161226395937522}"
K_minus_direct_teacher,E_K_D,E_direct,audit,RAC1P,120,primary,development_evaluation_person_weighted,3,3,True,-0.0033516932723932267,0.0058177683114090046,"{""0"":-0.004431108940316397,""1"":0.00293018962743985,""2"":-0.008554160504303132}"
K_minus_direct_teacher,E_K_D,E_direct,audit,SEX,120,pooled,validation,3,3,True,-0.011175768893313029,0.0068942847282267685,"{""0"":-0.010097607599535485,""1"":-0.018545613632330205,""2"":-0.004884085448073394}"
K_minus_direct_teacher,E_K_D,E_direct,audit,SEX,120,pooled,development_evaluation,3,3,True,-0.009839506215808794,0.00806591247564757,"{""0"":-0.010590038474297403,""1"":-0.017503921054210725,""2"":-0.001424559118918256}"
K_minus_direct_teacher,E_K_D,E_direct,audit,SEX,120,pooled,validation_person_weighted,3,3,True,-0.011155567317622203,0.007905890754419486,"{""0"":-0.009014067611102239,""1"":-0.019911601347543884,""2"":-0.004541032994220484}"
K_minus_direct_teacher,E_K_D,E_direct,audit,SEX,120,pooled,development_evaluation_person_weighted,3,3,True,-0.009616398685550273,0.007466813816730293,"{""0"":-0.008788280400423232,""1"":-0.017462750452404974,""2"":-0.002598165203822611}"
K_minus_direct_teacher,E_K_D,E_direct,audit,RAC1P,120,pooled,validation,3,3,True,-0.028529652604822726,0.003495785295699534,"{""0"":-0.03233859855810817,""1"":-0.027782531293553125,""2"":-0.025467827962806888}"
K_minus_direct_teacher,E_K_D,E_direct,audit,RAC1P,120,pooled,development_evaluation,3,3,True,-0.027161920401291395,0.002368850303643349,"{""0"":-0.026656028303108537,""1"":-0.025086883063453636,""2"":-0.029742849837312013}"
K_minus_direct_teacher,E_K_D,E_direct,audit,RAC1P,120,pooled,validation_person_weighted,3,3,True,-0.023686058294182095,0.004032864183875515,"{""0"":-0.02230771422288491,""1"":-0.028227388068219117,""2"":-0.02052307259144226}"
K_minus_direct_teacher,E_K_D,E_direct,audit,RAC1P,120,pooled,development_evaluation_person_weighted,3,3,True,-0.0248202299131625,0.008804680526480733,"{""0"":-0.023646635263787186,""1"":-0.016661205042504124,""2"":-0.034152849433196186}"
K_minus_direct_teacher,E_K_D,E_direct,audit,SEX,360,primary,validation,3,3,True,-0.0017384663816262247,0.002874064135881649,"{""0"":-0.0010816563974004323,""1"":0.0007503427005951524,""2"":-0.004884085448073394}"
K_minus_direct_teacher,E_K_D,E_direct,audit,SEX,360,primary,development_evaluation,3,3,True,-0.0016403582985948424,0.001618542648150102,"{""0"":-0.00014054107897354395,""1"":-0.0033559746978927274,""2"":-0.001424559118918256}"
K_minus_direct_teacher,E_K_D,E_direct,audit,SEX,360,primary,validation_person_weighted,3,3,True,-0.0010920264503291681,0.0031145637448931965,"{""0"":0.0015149578220631232,""1"":-0.00025000417883014325,""2"":-0.004541032994220484}"
K_minus_direct_teacher,E_K_D,E_direct,audit,SEX,360,primary,development_evaluation_person_weighted,3,3,True,-0.0015959473923940297,0.002255592707266226,"{""0"":0.00098707603003656,""1"":-0.003176753003396038,""2"":-0.002598165203822611}"
K_minus_direct_teacher,E_K_D,E_direct,audit,RAC1P,360,primary,validation,3,3,True,-0.0019328285624405546,0.0020425390987799117,"{""0"":-0.0035394752868931345,""1"":0.0003658143967779637,""2"":-0.002624824797206493}"
K_minus_direct_teacher,E_K_D,E_direct,audit,RAC1P,360,primary,development_evaluation,3,3,True,-0.003781174930428547,0.003930705109414878,"{""0"":-0.00027475033451795916,""1"":-0.0030385541866770893,""2"":-0.008030220270090593}"
K_minus_direct_teacher,E_K_D,E_direct,audit,RAC1P,360,primary,validation_person_weighted,3,3,True,-0.0013092419479331745,0.0029787914637337144,"{""0"":-0.0028933919086837623,""1"":0.002126892460821761,""2"":-0.003161226395937522}"
K_minus_direct_teacher,E_K_D,E_direct,audit,RAC1P,360,primary,development_evaluation_person_weighted,3,3,True,-0.0033516932723932267,0.0058177683114090046,"{""0"":-0.004431108940316397,""1"":0.00293018962743985,""2"":-0.008554160504303132}"
K_minus_direct_teacher,E_K_D,E_direct,audit,SEX,360,pooled,validation,3,3,True,-0.011175768893313029,0.0068942847282267685,"{""0"":-0.010097607599535485,""1"":-0.018545613632330205,""2"":-0.004884085448073394}"
K_minus_direct_teacher,E_K_D,E_direct,audit,SEX,360,pooled,development_evaluation,3,3,True,-0.009839506215808794,0.00806591247564757,"{""0"":-0.010590038474297403,""1"":-0.017503921054210725,""2"":-0.001424559118918256}"
K_minus_direct_teacher,E_K_D,E_direct,audit,SEX,360,pooled,validation_person_weighted,3,3,True,-0.011155567317622203,0.007905890754419486,"{""0"":-0.009014067611102239,""1"":-0.019911601347543884,""2"":-0.004541032994220484}"
K_minus_direct_teacher,E_K_D,E_direct,audit,SEX,360,pooled,development_evaluation_person_weighted,3,3,True,-0.009616398685550273,0.007466813816730293,"{""0"":-0.008788280400423232,""1"":-0.017462750452404974,""2"":-0.002598165203822611}"
K_minus_direct_teacher,E_K_D,E_direct,audit,RAC1P,360,pooled,validation,3,3,True,-0.028529652604822726,0.003495785295699534,"{""0"":-0.03233859855810817,""1"":-0.027782531293553125,""2"":-0.025467827962806888}"
K_minus_direct_teacher,E_K_D,E_direct,audit,RAC1P,360,pooled,development_evaluation,3,3,True,-0.027161920401291395,0.002368850303643349,"{""0"":-0.026656028303108537,""1"":-0.025086883063453636,""2"":-0.029742849837312013}"
K_minus_direct_teacher,E_K_D,E_direct,audit,RAC1P,360,pooled,validation_person_weighted,3,3,True,-0.023686058294182095,0.004032864183875515,"{""0"":-0.02230771422288491,""1"":-0.028227388068219117,""2"":-0.02052307259144226}"
K_minus_direct_teacher,E_K_D,E_direct,audit,RAC1P,360,pooled,development_evaluation_person_weighted,3,3,True,-0.0248202299131625,0.008804680526480733,"{""0"":-0.023646635263787186,""1"":-0.016661205042504124,""2"":-0.034152849433196186}"
source_bank_minus_direct_teacher,E_bank,E_direct,transfer,same_residence,,primary,validation,3,3,True,0.015542972564036805,0.006641585357516533,"{""0"":0.010826977175777075,""1"":0.012663585731075622,""2"":0.02313835478525772}"
source_bank_minus_direct_teacher,E_bank,E_direct,transfer,same_residence,,primary,development_evaluation,3,3,True,0.01351602644877222,0.0029180902964026927,"{""0"":0.013614649185024419,""1"":0.01054987498477522,""2"":0.016383555176517017}"
source_bank_minus_direct_teacher,E_bank,E_direct,transfer,same_residence,,primary,validation_person_weighted,3,3,True,0.014920098531190732,0.010479277023179747,"{""0"":0.009271104785637252,""1"":0.008477346665773045,""2"":0.0270118441421619}"
source_bank_minus_direct_teacher,E_bank,E_direct,transfer,same_residence,,primary,development_evaluation_person_weighted,3,3,True,0.011427849278757138,0.007208594099184128,"{""0"":0.009499143703106394,""1"":0.005379791640157616,""2"":0.0194046124930074}"
source_bank_minus_direct_teacher,E_bank,E_direct,transfer,commute_over20,,primary,validation,3,3,True,-0.005805761507549116,0.002058219707043164,"{""0"":-0.0068257220514779116,""1"":-0.007154820968641062,""2"":-0.003436741502528373}"
source_bank_minus_direct_teacher,E_bank,E_direct,transfer,commute_over20,,primary,development_evaluation,3,3,True,-0.00038019407089802854,0.004532774207399209,"{""0"":-0.002212991342278814,""1"":-0.003709579536734453,""2"":0.004781988666319181}"
source_bank_minus_direct_teacher,E_bank,E_direct,transfer,commute_over20,,primary,validation_person_weighted,3,3,True,-0.003878133417474635,0.0015849764250895884,"{""0"":-0.005660303588627791,""1"":-0.0033476760885651213,""2"":-0.002626420575230992}"
source_bank_minus_direct_teacher,E_bank,E_direct,transfer,commute_over20,,primary,development_evaluation_person_weighted,3,3,True,0.0004533236797945965,0.006398908894706349,"{""0"":-0.0037939690511474833,""1"":-0.0026590984594444533,""2"":0.007813038549975726}"
source_bank_minus_direct_teacher,E_bank,E_direct,transfer,income_binary,,primary,validation,3,3,True,-0.034330351022709295,0.01890020602869208,"{""0"":-0.018778845730136995,""1"":-0.05536622434259153,""2"":-0.028845982995399366}"
source_bank_minus_direct_teacher,E_bank,E_direct,transfer,income_binary,,primary,development_evaluation,3,3,True,-0.03628876796805904,0.01221649991694668,"{""0"":-0.026741583254738355,""1"":-0.05005576447765614,""2"":-0.032068956171782625}"
source_bank_minus_direct_teacher,E_bank,E_direct,transfer,income_binary,,primary,validation_person_weighted,3,3,True,-0.03902376947310817,0.02281226837184209,"{""0"":-0.016717731876816244,""1"":-0.06231062951521127,""2"":-0.03804294702729699}"
source_bank_minus_direct_teacher,E_bank,E_direct,transfer,income_binary,,primary,development_evaluation_person_weighted,3,3,True,-0.03929305003293974,0.012997750086165981,"{""0"":-0.03571012875657875,""1"":-0.053706456386737045,""2"":-0.028462564955503422}"
source_bank_minus_direct_teacher,E_bank,E_direct,transfer,civilian_at_work,,primary,validation,3,3,True,-0.06801927171316242,0.025233522169672944,"{""0"":-0.09684140814783926,""1"":-0.04990766575205868,""2"":-0.057308741239589345}"
source_bank_minus_direct_teacher,E_bank,E_direct,transfer,civilian_at_work,,primary,development_evaluation,3,3,True,-0.06398630601913047,0.03420124450402345,"{""0"":-0.10095652799543303,""1"":-0.03347509254966047,""2"":-0.057527297512297904}"
source_bank_minus_direct_teacher,E_bank,E_direct,transfer,civilian_at_work,,primary,validation_person_weighted,3,3,True,-0.07314445791995304,0.03407241854821411,"{""0"":-0.11195947202707485,""1"":-0.04817136773228692,""2"":-0.05930253400049734}"
source_bank_minus_direct_teacher,E_bank,E_direct,transfer,civilian_at_work,,primary,development_evaluation_person_weighted,3,3,True,-0.06644268280817933,0.041938249591871694,"{""0"":-0.11229091413671655,""1"":-0.030017769320677068,""2"":-0.05701936496714438}"
source_bank_minus_direct_teacher,E_bank,E_direct,transfer,public_coverage,,primary,validation,3,3,True,-0.021430662982669473,0.00011407622875016692,"{""0"":-0.02135450703446584,""1"":-0.02137566255094714,""2"":-0.021561819362595436}"
source_bank_minus_direct_teacher,E_bank,E_direct,transfer,public_coverage,,primary,development_evaluation,3,3,True,-0.024962758371240606,0.008818623689031198,"{""0"":-0.0335380584430095,""1"":-0.025430767624885053,""2"":-0.01591944904582726}"
source_bank_minus_direct_teacher,E_bank,E_direct,transfer,public_coverage,,primary,validation_person_weighted,3,3,True,-0.019462379984259592,0.001983481247225885,"{""0"":-0.0199278072352429,""1"":-0.017287571880214347,""2"":-0.02117176083732153}"
source_bank_minus_direct_teacher,E_bank,E_direct,transfer,public_coverage,,primary,development_evaluation_person_weighted,3,3,True,-0.024654399741374195,0.005883038090007067,"{""0"":-0.029982060283759715,""1"":-0.0256405231722584,""2"":-0.018340615768104473}"
source_bank_minus_direct_teacher,E_bank,E_direct,audit,SEX,120,primary,validation,3,3,True,0.005849935241251362,0.002999014937765587,"{""0"":0.004461327421499739,""1"":0.0037968919144032443,""2"":0.009291586387851103}"
source_bank_minus_direct_teacher,E_bank,E_direct,audit,SEX,120,primary,development_evaluation,3,3,True,0.0024906712926047922,0.0051830201148471665,"{""0"":-0.003037968549638559,""1"":0.003270223309920106,""2"":0.007239759117532829}"
source_bank_minus_direct_teacher,E_bank,E_direct,audit,SEX,120,primary,validation_person_weighted,3,3,True,0.005508133477242956,0.0007900852858533105,"{""0"":0.006333190118888443,""1"":0.005432793401291547,""2"":0.0047584169115488795}"
source_bank_minus_direct_teacher,E_bank,E_direct,audit,SEX,120,primary,development_evaluation_person_weighted,3,3,True,-8.120834580271907e-05,0.005673137098191898,"{""0"":-0.006425620783051533,""1"":0.001678267305996184,""2"":0.004503728439647192}"
source_bank_minus_direct_teacher,E_bank,E_direct,audit,RAC1P,120,primary,validation,3,3,True,0.018065694105053282,0.019871419515547394,"{""0"":-0.004387894359646927,""1"":0.025199740195104736,""2"":0.03338523647970204}"
source_bank_minus_direct_teacher,E_bank,E_direct,audit,RAC1P,120,primary,development_evaluation,3,3,True,0.02288447751637938,0.0063354185564197816,"{""0"":0.024331024169362614,""1"":0.028371530700674885,""2"":0.01595087767910064}"
source_bank_minus_direct_teacher,E_bank,E_direct,audit,RAC1P,120,primary,validation_person_weighted,3,3,True,0.015756799463858995,0.016789333105060113,"{""0"":-0.003492096963517932,""1"":0.02737917056363548,""2"":0.023383324791459437}"
source_bank_minus_direct_teacher,E_bank,E_direct,audit,RAC1P,120,primary,development_evaluation_person_weighted,3,3,True,0.018183602935650356,0.008131282712412652,"{""0"":0.009795023979053408,""1"":0.026030503242641778,""2"":0.018725281585255882}"
source_bank_minus_direct_teacher,E_bank,E_direct,audit,SEX,120,pooled,validation,3,3,True,0.005849935241251362,0.002999014937765587,"{""0"":0.004461327421499739,""1"":0.0037968919144032443,""2"":0.009291586387851103}"
source_bank_minus_direct_teacher,E_bank,E_direct,audit,SEX,120,pooled,development_evaluation,3,3,True,0.0024906712926047922,0.0051830201148471665,"{""0"":-0.003037968549638559,""1"":0.003270223309920106,""2"":0.007239759117532829}"
source_bank_minus_direct_teacher,E_bank,E_direct,audit,SEX,120,pooled,validation_person_weighted,3,3,True,0.005508133477242956,0.0007900852858533105,"{""0"":0.006333190118888443,""1"":0.005432793401291547,""2"":0.0047584169115488795}"
source_bank_minus_direct_teacher,E_bank,E_direct,audit,SEX,120,pooled,development_evaluation_person_weighted,3,3,True,-8.120834580271907e-05,0.005673137098191898,"{""0"":-0.006425620783051533,""1"":0.001678267305996184,""2"":0.004503728439647192}"
source_bank_minus_direct_teacher,E_bank,E_direct,audit,RAC1P,120,pooled,validation,3,3,True,0.018065694105053282,0.019871419515547394,"{""0"":-0.004387894359646927,""1"":0.025199740195104736,""2"":0.03338523647970204}"
source_bank_minus_direct_teacher,E_bank,E_direct,audit,RAC1P,120,pooled,development_evaluation,3,3,True,0.02288447751637938,0.0063354185564197816,"{""0"":0.024331024169362614,""1"":0.028371530700674885,""2"":0.01595087767910064}"
source_bank_minus_direct_teacher,E_bank,E_direct,audit,RAC1P,120,pooled,validation_person_weighted,3,3,True,0.015756799463858995,0.016789333105060113,"{""0"":-0.003492096963517932,""1"":0.02737917056363548,""2"":0.023383324791459437}"
source_bank_minus_direct_teacher,E_bank,E_direct,audit,RAC1P,120,pooled,development_evaluation_person_weighted,3,3,True,0.018183602935650356,0.008131282712412652,"{""0"":0.009795023979053408,""1"":0.026030503242641778,""2"":0.018725281585255882}"
source_bank_minus_direct_teacher,E_bank,E_direct,audit,SEX,360,primary,validation,3,3,True,0.005712486320041103,0.003102153309427774,"{""0"":0.004048980657868961,""1"":0.0037968919144032443,""2"":0.009291586387851103}"
source_bank_minus_direct_teacher,E_bank,E_direct,audit,SEX,360,primary,development_evaluation,3,3,True,0.002379105089869086,0.0053620394090463566,"{""0"":-0.003372667157845677,""1"":0.003270223309920106,""2"":0.007239759117532829}"
source_bank_minus_direct_teacher,E_bank,E_direct,audit,SEX,360,primary,validation_person_weighted,3,3,True,0.005278796504688432,0.00046300445216044547,"{""0"":0.00564517920122487,""1"":0.005432793401291547,""2"":0.0047584169115488795}"
source_bank_minus_direct_teacher,E_bank,E_direct,audit,SEX,360,primary,development_evaluation_person_weighted,3,3,True,-0.0001510621984430749,0.005790394474602827,"{""0"":-0.006635182340972601,""1"":0.001678267305996184,""2"":0.004503728439647192}"
source_bank_minus_direct_teacher,E_bank,E_direct,audit,RAC1P,360,primary,validation,3,3,True,0.018065694105053282,0.019871419515547394,"{""0"":-0.004387894359646927,""1"":0.025199740195104736,""2"":0.03338523647970204}"
source_bank_minus_direct_teacher,E_bank,E_direct,audit,RAC1P,360,primary,development_evaluation,3,3,True,0.02288447751637938,0.0063354185564197816,"{""0"":0.024331024169362614,""1"":0.028371530700674885,""2"":0.01595087767910064}"
source_bank_minus_direct_teacher,E_bank,E_direct,audit,RAC1P,360,primary,validation_person_weighted,3,3,True,0.015756799463858995,0.016789333105060113,"{""0"":-0.003492096963517932,""1"":0.02737917056363548,""2"":0.023383324791459437}"
source_bank_minus_direct_teacher,E_bank,E_direct,audit,RAC1P,360,primary,development_evaluation_person_weighted,3,3,True,0.018183602935650356,0.008131282712412652,"{""0"":0.009795023979053408,""1"":0.026030503242641778,""2"":0.018725281585255882}"
source_bank_minus_direct_teacher,E_bank,E_direct,audit,SEX,360,pooled,validation,3,3,True,0.005712486320041103,0.003102153309427774,"{""0"":0.004048980657868961,""1"":0.0037968919144032443,""2"":0.009291586387851103}"
source_bank_minus_direct_teacher,E_bank,E_direct,audit,SEX,360,pooled,development_evaluation,3,3,True,0.002379105089869086,0.0053620394090463566,"{""0"":-0.003372667157845677,""1"":0.003270223309920106,""2"":0.007239759117532829}"
source_bank_minus_direct_teacher,E_bank,E_direct,audit,SEX,360,pooled,validation_person_weighted,3,3,True,0.005278796504688432,0.00046300445216044547,"{""0"":0.00564517920122487,""1"":0.005432793401291547,""2"":0.0047584169115488795}"
source_bank_minus_direct_teacher,E_bank,E_direct,audit,SEX,360,pooled,development_evaluation_person_weighted,3,3,True,-0.0001510621984430749,0.005790394474602827,"{""0"":-0.006635182340972601,""1"":0.001678267305996184,""2"":0.004503728439647192}"
source_bank_minus_direct_teacher,E_bank,E_direct,audit,RAC1P,360,pooled,validation,3,3,True,0.018065694105053282,0.019871419515547394,"{""0"":-0.004387894359646927,""1"":0.025199740195104736,""2"":0.03338523647970204}"
source_bank_minus_direct_teacher,E_bank,E_direct,audit,RAC1P,360,pooled,development_evaluation,3,3,True,0.02288447751637938,0.0063354185564197816,"{""0"":0.024331024169362614,""1"":0.028371530700674885,""2"":0.01595087767910064}"
source_bank_minus_direct_teacher,E_bank,E_direct,audit,RAC1P,360,pooled,validation_person_weighted,3,3,True,0.015756799463858995,0.016789333105060113,"{""0"":-0.003492096963517932,""1"":0.02737917056363548,""2"":0.023383324791459437}"
source_bank_minus_direct_teacher,E_bank,E_direct,audit,RAC1P,360,pooled,development_evaluation_person_weighted,3,3,True,0.018183602935650356,0.008131282712412652,"{""0"":0.009795023979053408,""1"":0.026030503242641778,""2"":0.018725281585255882}"
K_minus_F,S_K_C,S_F_C,transfer,same_residence,,primary,validation,3,3,True,-0.0002565304512986237,0.003346015826778285,"{""0"":0.0035165930362393016,""1"":-0.0014230392290345284,""2"":-0.002863145161100644}"
K_minus_F,S_K_C,S_F_C,transfer,same_residence,,primary,development_evaluation,3,3,True,0.00026670614708497925,0.0018716437737233487,"{""0"":-0.0010253212160952208,""1"":-0.0005876299256530881,""2"":0.0024130695830032467}"
K_minus_F,S_K_C,S_F_C,transfer,same_residence,,primary,validation_person_weighted,3,3,True,0.0001062201508267302,0.0010344887952939807,"{""0"":0.0009522731175533594,""1"":0.0004134763871744829,""2"":-0.0010470890522476517}"
K_minus_F,S_K_C,S_F_C,transfer,same_residence,,primary,development_evaluation_person_weighted,3,3,True,-0.0006062635606965405,0.0027869326195443765,"{""0"":0.0021417999555572997,""1"":-0.0005300871927751971,""2"":-0.003430503444871724}"
K_minus_F,S_K_C,S_F_C,transfer,commute_over20,,primary,validation,3,3,True,0.002710490465645791,0.0028204915994803994,"{""0"":0.0005190422996174116,""1"":0.005892680236000092,""2"":0.0017197488613198697}"
K_minus_F,S_K_C,S_F_C,transfer,commute_over20,,primary,development_evaluation,3,3,True,0.0023914244938989526,0.0017886859215697091,"{""0"":0.0013537476178575591,""1"":0.0013637127866872323,""2"":0.004456813077152066}"
K_minus_F,S_K_C,S_F_C,transfer,commute_over20,,primary,validation_person_weighted,3,3,True,0.0014932247325506836,0.0018180709338476012,"{""0"":0.0008583580625671772,""1"":0.0035436006961396815,""2"":7.771543894519173e-05}"
K_minus_F,S_K_C,S_F_C,transfer,commute_over20,,primary,development_evaluation_person_weighted,3,3,True,0.0023043631547660093,0.00154646429446712,"{""0"":0.0017047510510949104,""1"":0.0011474946348766224,""2"":0.004060843778326495}"
K_minus_F,S_K_C,S_F_C,transfer,income_binary,,primary,validation,3,3,True,0.01797687047625568,0.01285264251311019,"{""0"":0.010488959771922435,""1"":0.03281761881255768,""2"":0.010624032844286924}"
K_minus_F,S_K_C,S_F_C,transfer,income_binary,,primary,development_evaluation,3,3,True,0.02020086262535825,0.010624210581151159,"{""0"":0.01918064326734953,""1"":0.031298380618903165,""2"":0.01012356398982206}"
K_minus_F,S_K_C,S_F_C,transfer,income_binary,,primary,validation_person_weighted,3,3,True,0.016966759138356435,0.013427393851874594,"{""0"":0.007031999831503433,""1"":0.03224288865728714,""2"":0.011625388926278735}"
K_minus_F,S_K_C,S_F_C,transfer,income_binary,,primary,development_evaluation_person_weighted,3,3,True,0.019153900630629328,0.0106904036901961,"{""0"":0.016892851593629965,""1"":0.0307939671942693,""2"":0.009774883103988719}"
K_minus_F,S_K_C,S_F_C,transfer,civilian_at_work,,primary,validation,3,3,True,0.039590930957912794,0.012883969119388024,"{""0"":0.026127784021978018,""1"":0.0518046952475697,""2"":0.04084031360419066}"
K_minus_F,S_K_C,S_F_C,transfer,civilian_at_work,,primary,development_evaluation,3,3,True,0.04112093554461891,0.001957831825015915,"{""0"":0.038860542691386,""1"":0.04221836664145928,""2"":0.04228389730101145}"
K_minus_F,S_K_C,S_F_C,transfer,civilian_at_work,,primary,validation_person_weighted,3,3,True,0.037618579721962066,0.00782486522647123,"{""0"":0.028749645490440012,""1"":0.04354804516887295,""2"":0.04055804850657324}"
K_minus_F,S_K_C,S_F_C,transfer,civilian_at_work,,primary,development_evaluation_person_weighted,3,3,True,0.03539039941077141,0.006199700528883722,"{""0"":0.041755976866825695,""1"":0.03504413221202468,""2"":0.02937108915346387}"
K_minus_F,S_K_C,S_F_C,transfer,public_coverage,,primary,validation,3,3,True,0.014505026391518608,0.00844128867734842,"{""0"":0.014756316673431469,""1"":0.02281786419656573,""2"":0.005940898304558628}"
K_minus_F,S_K_C,S_F_C,transfer,public_coverage,,primary,development_evaluation,3,3,True,0.01310344991355807,0.006243567053206777,"{""0"":0.012745404843475638,""1"":0.019518335046807445,""2"":0.007046609850391128}"
K_minus_F,S_K_C,S_F_C,transfer,public_coverage,,primary,validation_person_weighted,3,3,True,0.010482637534852568,0.009216911291339091,"{""0"":0.006011705620103225,""1"":0.02108228483965574,""2"":0.004353922144798739}"
K_minus_F,S_K_C,S_F_C,transfer,public_coverage,,primary,development_evaluation_person_weighted,3,3,True,0.012527139354554554,0.005798718920064886,"{""0"":0.014005451144233128,""1"":0.017443607811039485,""2"":0.00613235910839105}"
K_minus_F,S_K_C,S_F_C,audit,SEX,120,primary,validation,3,3,True,0.0010771598094395651,0.001096194046869885,"{""0"":0.0013260857196907283,""1"":0.0020274844178804763,""2"":-0.0001220907092525092}"
K_minus_F,S_K_C,S_F_C,audit,SEX,120,primary,development_evaluation,3,3,True,0.0020014053768846463,0.0030405995604380408,"{""0"":0.0054514421147532355,""1"":0.0008404619741151365,""2"":-0.00028768795821443316}"
K_minus_F,S_K_C,S_F_C,audit,SEX,120,primary,validation_person_weighted,3,3,True,0.0029113622057195254,0.0022140063956317107,"{""0"":0.0048107532417756005,""1"":0.00344357747752011,""2"":0.00047975589786286577}"
K_minus_F,S_K_C,S_F_C,audit,SEX,120,primary,development_evaluation_person_weighted,3,3,True,0.0008834334164406673,0.00263912290624161,"{""0"":0.003676819672097209,""1"":0.0005415931855989875,""2"":-0.0015681126083741947}"
K_minus_F,S_K_C,S_F_C,audit,RAC1P,120,primary,validation,3,3,True,0.005001074816447145,0.0023371092532917365,"{""0"":0.007257871259727544,""1"":0.0025911805854414993,""2"":0.005154172604172391}"
K_minus_F,S_K_C,S_F_C,audit,RAC1P,120,primary,development_evaluation,3,3,True,0.006556214769864048,0.000974117679292713,"{""0"":0.005455043635841594,""1"":0.007305475582709775,""2"":0.006908125091040773}"
K_minus_F,S_K_C,S_F_C,audit,RAC1P,120,primary,validation_person_weighted,3,3,True,0.004769325781433483,0.006527205582109937,"{""0"":0.010343239527387693,""1"":-0.002411152102717251,""2"":0.006375889919630007}"
K_minus_F,S_K_C,S_F_C,audit,RAC1P,120,primary,development_evaluation_person_weighted,3,3,True,0.00744260527401545,0.0014386472344602524,"{""0"":0.007302329579661038,""1"":0.008946252072123961,""2"":0.0060792341702613495}"
K_minus_F,S_K_C,S_F_C,audit,SEX,120,pooled,validation,3,3,True,0.0022878989846752593,0.0028113517274728035,"{""0"":0.0016093703271572446,""1"":0.005376417336121042,""2"":-0.0001220907092525092}"
K_minus_F,S_K_C,S_F_C,audit,SEX,120,pooled,development_evaluation,3,3,True,6.991425162372611e-05,0.0028031017544890217,"{""0"":0.0030346568384584938,""1"":-0.0025372261253728823,""2"":-0.00028768795821443316}"
K_minus_F,S_K_C,S_F_C,audit,SEX,120,pooled,validation_person_weighted,3,3,True,-0.00026955836725443366,0.0030798395674665746,"{""0"":0.0023664833991805523,""1"":-0.003654914398806719,""2"":0.00047975589786286577}"
K_minus_F,S_K_C,S_F_C,audit,SEX,120,pooled,development_evaluation_person_weighted,3,3,True,0.002024293283833023,0.006630035256787622,"{""0"":0.009675266288228679,""1"":-0.002034273828355415,""2"":-0.0015681126083741947}"
K_minus_F,S_K_C,S_F_C,audit,RAC1P,120,pooled,validation,3,3,True,0.004154105511502785,0.0035291062908978455,"{""0"":0.008194791880477448,""1"":0.0025911805854414993,""2"":0.0016763440685894082}"
K_minus_F,S_K_C,S_F_C,audit,RAC1P,120,pooled,development_evaluation,3,3,True,0.008194662855296317,0.006086250030434592,"{""0"":0.01467659439240876,""1"":0.007305475582709775,""2"":0.0026019185907704134}"
K_minus_F,S_K_C,S_F_C,audit,RAC1P,120,pooled,validation_person_weighted,3,3,True,0.002038246645927296,0.006410345112911133,"{""0"":0.009385900494797816,""1"":-0.002411152102717251,""2"":-0.0008600084542986774}"
K_minus_F,S_K_C,S_F_C,audit,RAC1P,120,pooled,development_evaluation_person_weighted,3,3,True,0.01066426616961369,0.006406944039067526,"{""0"":0.017755066908008654,""1"":0.008946252072123961,""2"":0.005291479528708454}"
K_minus_F,S_K_C,S_F_C,audit,SEX,360,primary,validation,3,3,True,0.0010771598094395651,0.001096194046869885,"{""0"":0.0013260857196907283,""1"":0.0020274844178804763,""2"":-0.0001220907092525092}"
K_minus_F,S_K_C,S_F_C,audit,SEX,360,primary,development_evaluation,3,3,True,0.0020014053768846463,0.0030405995604380408,"{""0"":0.0054514421147532355,""1"":0.0008404619741151365,""2"":-0.00028768795821443316}"
K_minus_F,S_K_C,S_F_C,audit,SEX,360,primary,validation_person_weighted,3,3,True,0.0029113622057195254,0.0022140063956317107,"{""0"":0.0048107532417756005,""1"":0.00344357747752011,""2"":0.00047975589786286577}"
K_minus_F,S_K_C,S_F_C,audit,SEX,360,primary,development_evaluation_person_weighted,3,3,True,0.0008834334164406673,0.00263912290624161,"{""0"":0.003676819672097209,""1"":0.0005415931855989875,""2"":-0.0015681126083741947}"
K_minus_F,S_K_C,S_F_C,audit,RAC1P,360,primary,validation,3,3,True,0.005001074816447145,0.0023371092532917365,"{""0"":0.007257871259727544,""1"":0.0025911805854414993,""2"":0.005154172604172391}"
K_minus_F,S_K_C,S_F_C,audit,RAC1P,360,primary,development_evaluation,3,3,True,0.006556214769864048,0.000974117679292713,"{""0"":0.005455043635841594,""1"":0.007305475582709775,""2"":0.006908125091040773}"
K_minus_F,S_K_C,S_F_C,audit,RAC1P,360,primary,validation_person_weighted,3,3,True,0.004769325781433483,0.006527205582109937,"{""0"":0.010343239527387693,""1"":-0.002411152102717251,""2"":0.006375889919630007}"
K_minus_F,S_K_C,S_F_C,audit,RAC1P,360,primary,development_evaluation_person_weighted,3,3,True,0.00744260527401545,0.0014386472344602524,"{""0"":0.007302329579661038,""1"":0.008946252072123961,""2"":0.0060792341702613495}"
K_minus_F,S_K_C,S_F_C,audit,SEX,360,pooled,validation,3,3,True,0.0022878989846752593,0.0028113517274728035,"{""0"":0.0016093703271572446,""1"":0.005376417336121042,""2"":-0.0001220907092525092}"
K_minus_F,S_K_C,S_F_C,audit,SEX,360,pooled,development_evaluation,3,3,True,6.991425162372611e-05,0.0028031017544890217,"{""0"":0.0030346568384584938,""1"":-0.0025372261253728823,""2"":-0.00028768795821443316}"
K_minus_F,S_K_C,S_F_C,audit,SEX,360,pooled,validation_person_weighted,3,3,True,-0.00026955836725443366,0.0030798395674665746,"{""0"":0.0023664833991805523,""1"":-0.003654914398806719,""2"":0.00047975589786286577}"
K_minus_F,S_K_C,S_F_C,audit,SEX,360,pooled,development_evaluation_person_weighted,3,3,True,0.002024293283833023,0.006630035256787622,"{""0"":0.009675266288228679,""1"":-0.002034273828355415,""2"":-0.0015681126083741947}"
K_minus_F,S_K_C,S_F_C,audit,RAC1P,360,pooled,validation,3,3,True,0.004154105511502785,0.0035291062908978455,"{""0"":0.008194791880477448,""1"":0.0025911805854414993,""2"":0.0016763440685894082}"
K_minus_F,S_K_C,S_F_C,audit,RAC1P,360,pooled,development_evaluation,3,3,True,0.008194662855296317,0.006086250030434592,"{""0"":0.01467659439240876,""1"":0.007305475582709775,""2"":0.0026019185907704134}"
K_minus_F,S_K_C,S_F_C,audit,RAC1P,360,pooled,validation_person_weighted,3,3,True,0.002038246645927296,0.006410345112911133,"{""0"":0.009385900494797816,""1"":-0.002411152102717251,""2"":-0.0008600084542986774}"
K_minus_F,S_K_C,S_F_C,audit,RAC1P,360,pooled,development_evaluation_person_weighted,3,3,True,0.01066426616961369,0.006406944039067526,"{""0"":0.017755066908008654,""1"":0.008946252072123961,""2"":0.005291479528708454}"
K_minus_F,S_K_D,S_F_D,transfer,same_residence,,primary,validation,3,3,True,-0.00011869255940200052,0.003442730499077066,"{""0"":0.0035459401760330467,""1"":-0.0006167512776908968,""2"":-0.0032852665765481515}"
K_minus_F,S_K_D,S_F_D,transfer,same_residence,,primary,development_evaluation,3,3,True,0.000211925376723802,0.0020773796660296046,"{""0"":-0.000948222265639842,""1"":-0.0010262552844955142,""2"":0.002610253680306762}"
K_minus_F,S_K_D,S_F_D,transfer,same_residence,,primary,validation_person_weighted,3,3,True,-2.1463401305192125e-05,0.0011637588449839563,"{""0"":0.0005978158396945377,""1"":0.0007017108847282016,""2"":-0.0013639169283383157}"
K_minus_F,S_K_D,S_F_D,transfer,same_residence,,primary,development_evaluation_person_weighted,3,3,True,-0.0008732990029950242,0.0028076868160671147,"{""0"":0.0020141419707269126,""1"":-0.0010402584610918475,""2"":-0.0035937805186201377}"
K_minus_F,S_K_D,S_F_D,transfer,commute_over20,,primary,validation,3,3,True,0.0025995638168255786,0.002685718589796535,"{""0"":0.0009467279749707513,""1"":0.005698465973889455,""2"":0.0011534975016165294}"
K_minus_F,S_K_D,S_F_D,transfer,commute_over20,,primary,development_evaluation,3,3,True,0.0015833125044010243,0.0010327555369621557,"{""0"":0.001317152087466189,""1"":0.0007096886980414441,""2"":0.00272309672769544}"
K_minus_F,S_K_D,S_F_D,transfer,commute_over20,,primary,validation_person_weighted,3,3,True,0.0013242380213490668,0.0020262097409847455,"{""0"":0.001359011250195552,""1"":0.003332837347493567,""2"":-0.0007191345336419186}"
K_minus_F,S_K_D,S_F_D,transfer,commute_over20,,primary,development_evaluation_person_weighted,3,3,True,0.0013788089101552565,0.0005583304875533177,"{""0"":0.0015964054357978652,""1"":0.0007444426238082391,""2"":0.0017955786708596655}"
K_minus_F,S_K_D,S_F_D,transfer,income_binary,,primary,validation,3,3,True,0.017946777029945443,0.013344748997303398,"{""0"":0.010080665045780202,""1"":0.033354829208975534,""2"":0.010404836835080589}"
K_minus_F,S_K_D,S_F_D,transfer,income_binary,,primary,development_evaluation,3,3,True,0.0199430330026511,0.011157528861641024,"{""0"":0.017788823215103777,""1"":0.03202059177077826,""2"":0.010019684022071262}"
K_minus_F,S_K_D,S_F_D,transfer,income_binary,,primary,validation_person_weighted,3,3,True,0.016508646180345476,0.013744372303580363,"{""0"":0.006067786935223085,""1"":0.032080361408428515,""2"":0.01137779019738483}"
K_minus_F,S_K_D,S_F_D,transfer,income_binary,,primary,development_evaluation_person_weighted,3,3,True,0.019755594232084023,0.011061382693646179,"{""0"":0.017066336759848977,""1"":0.031913645543007185,""2"":0.010286800393395912}"
K_minus_F,S_K_D,S_F_D,transfer,civilian_at_work,,primary,validation,3,3,True,0.03850822276132341,0.013830533267280471,"{""0"":0.024361993123740266,""1"":0.05199981019732891,""2"":0.039162864962901056}"
K_minus_F,S_K_D,S_F_D,transfer,civilian_at_work,,primary,development_evaluation,3,3,True,0.04232427629966695,0.004484709013791883,"{""0"":0.0378955650993964,""1"":0.046862960354826344,""2"":0.04221430344477811}"
K_minus_F,S_K_D,S_F_D,transfer,civilian_at_work,,primary,validation_person_weighted,3,3,True,0.03685931381910873,0.007907729321415988,"{""0"":0.02792189663785105,""1"":0.04294793401748109,""2"":0.039708110801994045}"
K_minus_F,S_K_D,S_F_D,transfer,civilian_at_work,,primary,development_evaluation_person_weighted,3,3,True,0.03703135989306159,0.006390645004455339,"{""0"":0.04178419129117028,""1"":0.03954353180689035,""2"":0.029766356581124143}"
K_minus_F,S_K_D,S_F_D,transfer,public_coverage,,primary,validation,3,3,True,0.014902072998655183,0.009132839204515285,"{""0"":0.01439027385746322,""1"":0.024280050082890137,""2"":0.006035895055612195}"
K_minus_F,S_K_D,S_F_D,transfer,public_coverage,,primary,development_evaluation,3,3,True,0.012854786315853258,0.008112117790847478,"{""0"":0.012888633160472063,""1"":0.020949927725996575,""2"":0.004725798061091135}"
K_minus_F,S_K_D,S_F_D,transfer,public_coverage,,primary,validation_person_weighted,3,3,True,0.010839191352849461,0.010653737868360257,"{""0"":0.0047646064130145716,""1"":0.02314075356863904,""2"":0.004612214076894772}"
K_minus_F,S_K_D,S_F_D,transfer,public_coverage,,primary,development_evaluation_person_weighted,3,3,True,0.011822131275520953,0.007280049240087783,"{""0"":0.013115119565647926,""1"":0.018369054461552514,""2"":0.003982219799362419}"
K_minus_F,S_K_D,S_F_D,audit,SEX,120,primary,validation,3,3,True,0.00017972561629449788,0.0014253774475439305,"{""0"":0.0002140121460610933,""1"":0.0015876504878082898,""2"":-0.0012624857849858895}"
K_minus_F,S_K_D,S_F_D,audit,SEX,120,primary,development_evaluation,3,3,True,0.0013876756304676736,0.0017106901364026298,"{""0"":0.0033210818869366943,""1"":0.0007715661821107167,""2"":7.03788223556101e-05}"
K_minus_F,S_K_D,S_F_D,audit,SEX,120,primary,validation_person_weighted,3,3,True,0.001424496651704706,0.002192259079289824,"{""0"":0.001391402575484646,""1"":0.0036331154170440305,""2"":-0.0007510280374145584}"
K_minus_F,S_K_D,S_F_D,audit,SEX,120,primary,development_evaluation_person_weighted,3,3,True,0.00041078420937090687,0.0007194737596153013,"{""0"":0.0002591987014749497,""1"":0.0011939727974329406,""2"":-0.0002208188707951697}"
K_minus_F,S_K_D,S_F_D,audit,RAC1P,120,primary,validation,3,3,True,0.003079240223469245,0.002209397485728311,"{""0"":0.0055245023731815834,""1"":0.002486654396457011,""2"":0.0012265639007691398}"
K_minus_F,S_K_D,S_F_D,audit,RAC1P,120,primary,development_evaluation,3,3,True,0.005015624948264907,0.0026938919449110907,"{""0"":0.0019093803812566534,""1"":0.006425613279452902,""2"":0.006711881184085167}"
K_minus_F,S_K_D,S_F_D,audit,RAC1P,120,primary,validation_person_weighted,3,3,True,0.002049745649426319,0.004796912495135019,"{""0"":0.006815566093468339,""1"":-0.002777665770660631,""2"":0.0021113366254712496}"
K_minus_F,S_K_D,S_F_D,audit,RAC1P,120,primary,development_evaluation_person_weighted,3,3,True,0.005593498664653751,0.0010394691534588063,"{""0"":0.004443329839715071,""1"":0.00646578650341012,""2"":0.005871379650836062}"
K_minus_F,S_K_D,S_F_D,audit,SEX,120,pooled,validation,3,3,True,0.0006678577799493027,0.006164522579872474,"{""0"":-0.0043004912244972715,""1"":0.007566550349331069,""2"":-0.0012624857849858895}"
K_minus_F,S_K_D,S_F_D,audit,SEX,120,pooled,development_evaluation,3,3,True,0.0009118427456106618,0.0012690261530982157,"{""0"":0.0002936419728215567,""1"":0.0023715074416548187,""2"":7.03788223556101e-05}"
K_minus_F,S_K_D,S_F_D,audit,SEX,120,pooled,validation_person_weighted,3,3,True,-0.0008116612451082306,0.004924905107664028,"{""0"":-0.005766603015410765,""1"":0.004082647317500632,""2"":-0.0007510280374145584}"
K_minus_F,S_K_D,S_F_D,audit,SEX,120,pooled,development_evaluation_person_weighted,3,3,True,0.001576412271401299,0.0020661647607534417,"{""0"":0.003833890228732484,""1"":0.0011161654562665824,""2"":-0.0002208188707951697}"
K_minus_F,S_K_D,S_F_D,audit,RAC1P,120,pooled,validation,3,3,True,-0.0008072941651125672,0.004726469331101271,"{""0"":0.0013142776256189759,""1"":0.002486654396457011,""2"":-0.006222814517413688}"
K_minus_F,S_K_D,S_F_D,audit,RAC1P,120,pooled,development_evaluation,3,3,True,0.0037755114408729953,0.002366968957725782,"{""0"":0.00302947885523408,""1"":0.006425613279452902,""2"":0.0018714421879320042}"
K_minus_F,S_K_D,S_F_D,audit,RAC1P,120,pooled,validation_person_weighted,3,3,True,-0.0011161113468662887,0.004937654367918521,"{""0"":0.004437997139629557,""1"":-0.002777665770660631,""2"":-0.005008665409567792}"
K_minus_F,S_K_D,S_F_D,audit,RAC1P,120,pooled,development_evaluation_person_weighted,3,3,True,0.006526994882127231,0.0029823871588282877,"{""0"":0.009539515119251885,""1"":0.00646578650341012,""2"":0.003575683023719689}"
K_minus_F,S_K_D,S_F_D,audit,SEX,360,primary,validation,3,3,True,0.00017972561629449788,0.0014253774475439305,"{""0"":0.0002140121460610933,""1"":0.0015876504878082898,""2"":-0.0012624857849858895}"
K_minus_F,S_K_D,S_F_D,audit,SEX,360,primary,development_evaluation,3,3,True,0.0013876756304676736,0.0017106901364026298,"{""0"":0.0033210818869366943,""1"":0.0007715661821107167,""2"":7.03788223556101e-05}"
K_minus_F,S_K_D,S_F_D,audit,SEX,360,primary,validation_person_weighted,3,3,True,0.001424496651704706,0.002192259079289824,"{""0"":0.001391402575484646,""1"":0.0036331154170440305,""2"":-0.0007510280374145584}"
K_minus_F,S_K_D,S_F_D,audit,SEX,360,primary,development_evaluation_person_weighted,3,3,True,0.00041078420937090687,0.0007194737596153013,"{""0"":0.0002591987014749497,""1"":0.0011939727974329406,""2"":-0.0002208188707951697}"
K_minus_F,S_K_D,S_F_D,audit,RAC1P,360,primary,validation,3,3,True,0.003079240223469245,0.002209397485728311,"{""0"":0.0055245023731815834,""1"":0.002486654396457011,""2"":0.0012265639007691398}"
K_minus_F,S_K_D,S_F_D,audit,RAC1P,360,primary,development_evaluation,3,3,True,0.005015624948264907,0.0026938919449110907,"{""0"":0.0019093803812566534,""1"":0.006425613279452902,""2"":0.006711881184085167}"
K_minus_F,S_K_D,S_F_D,audit,RAC1P,360,primary,validation_person_weighted,3,3,True,0.002049745649426319,0.004796912495135019,"{""0"":0.006815566093468339,""1"":-0.002777665770660631,""2"":0.0021113366254712496}"
K_minus_F,S_K_D,S_F_D,audit,RAC1P,360,primary,development_evaluation_person_weighted,3,3,True,0.005593498664653751,0.0010394691534588063,"{""0"":0.004443329839715071,""1"":0.00646578650341012,""2"":0.005871379650836062}"
K_minus_F,S_K_D,S_F_D,audit,SEX,360,pooled,validation,3,3,True,0.0006678577799493027,0.006164522579872474,"{""0"":-0.0043004912244972715,""1"":0.007566550349331069,""2"":-0.0012624857849858895}"
K_minus_F,S_K_D,S_F_D,audit,SEX,360,pooled,development_evaluation,3,3,True,0.0009118427456106618,0.0012690261530982157,"{""0"":0.0002936419728215567,""1"":0.0023715074416548187,""2"":7.03788223556101e-05}"
K_minus_F,S_K_D,S_F_D,audit,SEX,360,pooled,validation_person_weighted,3,3,True,-0.0008116612451082306,0.004924905107664028,"{""0"":-0.005766603015410765,""1"":0.004082647317500632,""2"":-0.0007510280374145584}"
K_minus_F,S_K_D,S_F_D,audit,SEX,360,pooled,development_evaluation_person_weighted,3,3,True,0.001576412271401299,0.0020661647607534417,"{""0"":0.003833890228732484,""1"":0.0011161654562665824,""2"":-0.0002208188707951697}"
K_minus_F,S_K_D,S_F_D,audit,RAC1P,360,pooled,validation,3,3,True,-0.0008072941651125672,0.004726469331101271,"{""0"":0.0013142776256189759,""1"":0.002486654396457011,""2"":-0.006222814517413688}"
K_minus_F,S_K_D,S_F_D,audit,RAC1P,360,pooled,development_evaluation,3,3,True,0.0037755114408729953,0.002366968957725782,"{""0"":0.00302947885523408,""1"":0.006425613279452902,""2"":0.0018714421879320042}"
K_minus_F,S_K_D,S_F_D,audit,RAC1P,360,pooled,validation_person_weighted,3,3,True,-0.0011161113468662887,0.004937654367918521,"{""0"":0.004437997139629557,""1"":-0.002777665770660631,""2"":-0.005008665409567792}"
K_minus_F,S_K_D,S_F_D,audit,RAC1P,360,pooled,development_evaluation_person_weighted,3,3,True,0.006526994882127231,0.0029823871588282877,"{""0"":0.009539515119251885,""1"":0.00646578650341012,""2"":0.003575683023719689}"
D_minus_C,S_F_D,S_F_C,transfer,same_residence,,primary,validation,3,3,True,0.0004793937558631445,0.0009153845334367668,"{""0"":0.0007266024327813314,""1"":-0.0005342076312413457,""2"":0.0012457864660494478}"
D_minus_C,S_F_D,S_F_C,transfer,same_residence,,primary,development_evaluation,3,3,True,0.00018089676194728752,0.0002761759627838012,"{""0"":0.00027099423410059664,""1"":-0.0001290764851759052,""2"":0.0004007725369171711}"
D_minus_C,S_F_D,S_F_C,transfer,same_residence,,primary,validation_person_weighted,3,3,True,0.00071599345414917,0.0006340892884826799,"{""0"":0.0012332989623271562,""1"":8.603043767541063e-06,""2"":0.000906078356352813}"
D_minus_C,S_F_D,S_F_C,transfer,same_residence,,primary,development_evaluation_person_weighted,3,3,True,0.00027132746366855437,0.0005018066326077421,"{""0"":0.00043981968287259976,""1"":-0.0002930412090149104,""2"":0.0006672039171479738}"
D_minus_C,S_F_D,S_F_C,transfer,commute_over20,,primary,validation,3,3,True,0.00022614886184391114,0.00046357740110379445,"{""0"":-0.0002596740023523836,""1"":0.00027441673437167413,""2"":0.0006637038535124429}"
D_minus_C,S_F_D,S_F_C,transfer,commute_over20,,primary,development_evaluation,3,3,True,0.0006099768380056769,0.0008586459896725778,"{""0"":-0.00027595112022660295,""1"":0.0006674259987327069,""2"":0.0014384556355109268}"
D_minus_C,S_F_D,S_F_C,transfer,commute_over20,,primary,validation_person_weighted,3,3,True,0.0002551599070684067,0.0005230594232494743,"{""0"":-0.00019523098682883155,""1"":0.00013185543684213208,""2"":0.0008288552711919195}"
D_minus_C,S_F_D,S_F_C,transfer,commute_over20,,primary,development_evaluation_person_weighted,3,3,True,0.0007020917890752468,0.0011093099787331977,"{""0"":-0.0001574737921096192,""1"":0.00030942160979718913,""2"":0.0019543275495381707}"
D_minus_C,S_F_D,S_F_C,transfer,income_binary,,primary,validation,3,3,True,0.00043861411277890117,0.0005439536449350412,"{""0"":0.0010562586411589914,""1"":0.00022864525146260029,""2"":3.093844571511184e-05}"
D_minus_C,S_F_D,S_F_C,transfer,income_binary,,primary,development_evaluation,3,3,True,-0.00020614372104356868,0.0009439592367291499,"{""0"":0.0008214262319523602,""1"":-0.0010347842745625502,""2"":-0.00040507312052051603}"
D_minus_C,S_F_D,S_F_C,transfer,income_binary,,primary,validation_person_weighted,3,3,True,0.0006952229233221733,0.0006006023062579338,"{""0"":0.0012718713969656625,""1"":0.0007405609913324618,""2"":7.323638166839563e-05}"
D_minus_C,S_F_D,S_F_C,transfer,income_binary,,primary,development_evaluation_person_weighted,3,3,True,-0.0006510728172811989,0.0006172008716226981,"{""0"":1.9250451156860304e-05,""1"":-0.0011958458843341901,""2"":-0.000776623018666267}"
D_minus_C,S_F_D,S_F_C,transfer,civilian_at_work,,primary,validation,3,3,True,0.0018781098046357452,0.0011734764629839503,"{""0"":0.002851846172065131,""1"":0.0005751992664832506,""2"":0.0022072839753588536}"
D_minus_C,S_F_D,S_F_C,transfer,civilian_at_work,,primary,development_evaluation,3,3,True,-0.00029831018491725353,0.0015856171358453373,"{""0"":0.0009124542369274846,""1"":-0.002093111933926417,""2"":0.0002857271422471719}"
D_minus_C,S_F_D,S_F_C,transfer,civilian_at_work,,primary,validation_person_weighted,3,3,True,0.0014062583214318376,0.0008654741785667742,"{""0"":0.0022797664875922052,""1"":0.0005490483351891506,""2"":0.0013899601415141571}"
D_minus_C,S_F_D,S_F_C,transfer,civilian_at_work,,primary,development_evaluation_person_weighted,3,3,True,-0.0005107471434001032,0.0017174444026309876,"{""0"":0.0009590941734619052,""1"":-0.0023986162627618324,""2"":-9.271934090038236e-05}"
D_minus_C,S_F_D,S_F_C,transfer,public_coverage,,primary,validation,3,3,True,1.5324829027644576e-05,0.0006435899065333309,"{""0"":0.00042528191940444104,""1"":-0.0007264584812559649,""2"":0.0003471510489344576}"
D_minus_C,S_F_D,S_F_C,transfer,public_coverage,,primary,development_evaluation,3,3,True,0.0003905147284873345,0.0016703076757319463,"{""0"":-3.2658329625068205e-06,""1"":-0.0010477189566316936,""2"":0.002222528975056204}"
D_minus_C,S_F_D,S_F_C,transfer,public_coverage,,primary,validation_person_weighted,3,3,True,0.0003981459546799071,0.0012357982862782632,"{""0"":0.001569603836432898,""1"":-0.0008932473737260915,""2"":0.0005180814013329149}"
D_minus_C,S_F_D,S_F_C,transfer,public_coverage,,primary,development_evaluation_person_weighted,3,3,True,0.0006484392546022844,0.001234220540938702,"{""0"":0.0009360012231885984,""1"":-0.0007041764699850517,""2"":0.0017134930106033064}"
D_minus_C,S_F_D,S_F_C,audit,SEX,120,primary,validation,3,3,True,0.0008055579633464335,0.00042099729201168317,"{""0"":0.0009951846851028456,""1"":0.0003230978564763287,""2"":0.001098391348460126}"
D_minus_C,S_F_D,S_F_C,audit,SEX,120,primary,development_evaluation,3,3,True,0.0010150416835020086,0.0018461706051007146,"{""0"":0.003116847032876624,""1"":0.0002726136563031556,""2"":-0.00034433563867375394}"
D_minus_C,S_F_D,S_F_C,audit,SEX,120,primary,validation_person_weighted,3,3,True,0.0007978064708675422,0.000492688277096591,"{""0"":0.0009580734250003164,""1"":0.0002449388021583676,""2"":0.0011904071854439424}"
D_minus_C,S_F_D,S_F_C,audit,SEX,120,primary,development_evaluation_person_weighted,3,3,True,0.0012979366363398137,0.00349665962612863,"{""0"":0.005324956011547588,""1"":-0.0004626605075381818,""2"":-0.0009684855949899651}"
D_minus_C,S_F_D,S_F_C,audit,RAC1P,120,primary,validation,3,3,True,0.0025777440646262604,0.0024467950102164083,"{""0"":0.0031150838512956636,""1"":-9.306139675335778e-05,""2"":0.004711209739336475}"
D_minus_C,S_F_D,S_F_C,audit,RAC1P,120,primary,development_evaluation,3,3,True,0.0020622094641277546,0.0026222603735377194,"{""0"":0.005041569463539952,""1"":0.0010403007355073157,""2"":0.00010475819333599645}"
D_minus_C,S_F_D,S_F_C,audit,RAC1P,120,primary,validation_person_weighted,3,3,True,0.002901669674763833,0.002627092981136528,"{""0"":0.0044039427392521535,""1"":-0.0001317900732675792,""2"":0.004432856358306925}"
D_minus_C,S_F_D,S_F_C,audit,RAC1P,120,primary,development_evaluation_person_weighted,3,3,True,0.002543171868980861,0.0025456894063921676,"{""0"":0.005209485933523217,""1"":0.002281747795862765,""2"":0.00013828187755660082}"
D_minus_C,S_F_D,S_F_C,audit,SEX,120,pooled,validation,3,3,True,0.0005590089418832841,0.0026378752942051455,"{""0"":0.002885504563995611,""1"":-0.002306869086805885,""2"":0.001098391348460126}"
D_minus_C,S_F_D,S_F_C,audit,SEX,120,pooled,development_evaluation,3,3,True,-0.0007022978923731568,0.003836282700231495,"{""0"":0.002942457664283249,""1"":-0.004705015702728965,""2"":-0.00034433563867375394}"
D_minus_C,S_F_D,S_F_C,audit,SEX,120,pooled,validation_person_weighted,3,3,True,-0.0003301423481836263,0.006350692489580305,"{""0"":0.005122250744630241,""1"":-0.0073030849746250626,""2"":0.0011904071854439424}"
D_minus_C,S_F_D,S_F_C,audit,SEX,120,pooled,development_evaluation_person_weighted,3,3,True,-0.0007784711185274684,0.002283194118329701,"{""0"":0.001593792419733786,""1"":-0.002960720180326226,""2"":-0.0009684855949899651}"
D_minus_C,S_F_D,S_F_C,audit,RAC1P,120,pooled,validation,3,3,True,0.003121788623635361,0.0028695207902622436,"{""0"":0.005423982714569675,""1"":-9.306139675335778e-05,""2"":0.004034444553089767}"
D_minus_C,S_F_D,S_F_C,audit,RAC1P,120,pooled,development_evaluation,3,3,True,0.004529712539740549,0.005132265190489519,"{""0"":0.010422689157573384,""1"":0.0010403007355073157,""2"":0.002126147726140948}"
D_minus_C,S_F_D,S_F_C,audit,RAC1P,120,pooled,validation_person_weighted,3,3,True,0.00149587841112786,0.0016606372303560827,"{""0"":0.003187629215149146,""1"":-0.0001317900732675792,""2"":0.0014317960915020134}"
D_minus_C,S_F_D,S_F_C,audit,RAC1P,120,pooled,development_evaluation_person_weighted,3,3,True,0.003970747960119499,0.003019842557212411,"{""0"":0.007457199575529039,""1"":0.002281747795862765,""2"":0.0021732965089666934}"
D_minus_C,S_F_D,S_F_C,audit,SEX,360,primary,validation,3,3,True,0.0008055579633464335,0.00042099729201168317,"{""0"":0.0009951846851028456,""1"":0.0003230978564763287,""2"":0.001098391348460126}"
D_minus_C,S_F_D,S_F_C,audit,SEX,360,primary,development_evaluation,3,3,True,0.0010150416835020086,0.0018461706051007146,"{""0"":0.003116847032876624,""1"":0.0002726136563031556,""2"":-0.00034433563867375394}"
D_minus_C,S_F_D,S_F_C,audit,SEX,360,primary,validation_person_weighted,3,3,True,0.0007978064708675422,0.000492688277096591,"{""0"":0.0009580734250003164,""1"":0.0002449388021583676,""2"":0.0011904071854439424}"
D_minus_C,S_F_D,S_F_C,audit,SEX,360,primary,development_evaluation_person_weighted,3,3,True,0.0012979366363398137,0.00349665962612863,"{""0"":0.005324956011547588,""1"":-0.0004626605075381818,""2"":-0.0009684855949899651}"
D_minus_C,S_F_D,S_F_C,audit,RAC1P,360,primary,validation,3,3,True,0.0025777440646262604,0.0024467950102164083,"{""0"":0.0031150838512956636,""1"":-9.306139675335778e-05,""2"":0.004711209739336475}"
D_minus_C,S_F_D,S_F_C,audit,RAC1P,360,primary,development_evaluation,3,3,True,0.0020622094641277546,0.0026222603735377194,"{""0"":0.005041569463539952,""1"":0.0010403007355073157,""2"":0.00010475819333599645}"
D_minus_C,S_F_D,S_F_C,audit,RAC1P,360,primary,validation_person_weighted,3,3,True,0.002901669674763833,0.002627092981136528,"{""0"":0.0044039427392521535,""1"":-0.0001317900732675792,""2"":0.004432856358306925}"
D_minus_C,S_F_D,S_F_C,audit,RAC1P,360,primary,development_evaluation_person_weighted,3,3,True,0.002543171868980861,0.0025456894063921676,"{""0"":0.005209485933523217,""1"":0.002281747795862765,""2"":0.00013828187755660082}"
D_minus_C,S_F_D,S_F_C,audit,SEX,360,pooled,validation,3,3,True,0.0005590089418832841,0.0026378752942051455,"{""0"":0.002885504563995611,""1"":-0.002306869086805885,""2"":0.001098391348460126}"
D_minus_C,S_F_D,S_F_C,audit,SEX,360,pooled,development_evaluation,3,3,True,-0.0007022978923731568,0.003836282700231495,"{""0"":0.002942457664283249,""1"":-0.004705015702728965,""2"":-0.00034433563867375394}"
D_minus_C,S_F_D,S_F_C,audit,SEX,360,pooled,validation_person_weighted,3,3,True,-0.0003301423481836263,0.006350692489580305,"{""0"":0.005122250744630241,""1"":-0.0073030849746250626,""2"":0.0011904071854439424}"
D_minus_C,S_F_D,S_F_C,audit,SEX,360,pooled,development_evaluation_person_weighted,3,3,True,-0.0007784711185274684,0.002283194118329701,"{""0"":0.001593792419733786,""1"":-0.002960720180326226,""2"":-0.0009684855949899651}"
D_minus_C,S_F_D,S_F_C,audit,RAC1P,360,pooled,validation,3,3,True,0.003121788623635361,0.0028695207902622436,"{""0"":0.005423982714569675,""1"":-9.306139675335778e-05,""2"":0.004034444553089767}"
D_minus_C,S_F_D,S_F_C,audit,RAC1P,360,pooled,development_evaluation,3,3,True,0.004529712539740549,0.005132265190489519,"{""0"":0.010422689157573384,""1"":0.0010403007355073157,""2"":0.002126147726140948}"
D_minus_C,S_F_D,S_F_C,audit,RAC1P,360,pooled,validation_person_weighted,3,3,True,0.00149587841112786,0.0016606372303560827,"{""0"":0.003187629215149146,""1"":-0.0001317900732675792,""2"":0.0014317960915020134}"
D_minus_C,S_F_D,S_F_C,audit,RAC1P,360,pooled,development_evaluation_person_weighted,3,3,True,0.003970747960119499,0.003019842557212411,"{""0"":0.007457199575529039,""1"":0.002281747795862765,""2"":0.0021732965089666934}"
W_minus_teacher_reference,S_F_W,S_direct,transfer,same_residence,,primary,validation,3,3,True,-0.0029570057914250305,0.00195546924191901,"{""0"":-0.00090172609992345,""1"":-0.003174874682913331,""2"":-0.004794416591438311}"
W_minus_teacher_reference,S_F_W,S_direct,transfer,same_residence,,primary,development_evaluation,3,3,True,-0.007931992634089799,0.009503367950654153,"{""0"":0.0019473944901924334,""1"":-0.017008385960770922,""2"":-0.008734986431690905}"
W_minus_teacher_reference,S_F_W,S_direct,transfer,same_residence,,primary,validation_person_weighted,3,3,True,-0.002322637585498666,0.0017226840956352963,"{""0"":-0.0003884619690941449,""1"":-0.0028874021318399667,""2"":-0.003692048655561886}"
W_minus_teacher_reference,S_F_W,S_direct,transfer,same_residence,,primary,development_evaluation_person_weighted,3,3,True,-0.006925585908402143,0.007350687585716223,"{""0"":-0.00040391023691987993,""1"":-0.01489104039269179,""2"":-0.0054818070955947595}"
W_minus_teacher_reference,S_F_W,S_direct,transfer,commute_over20,,primary,validation,3,3,True,-0.005056959802207402,0.003934984887164343,"{""0"":-0.0026734938206395276,""1"":-0.009598830625714538,""2"":-0.0028985549602681404}"
W_minus_teacher_reference,S_F_W,S_direct,transfer,commute_over20,,primary,development_evaluation,3,3,True,-0.004690915822982385,0.0028392987144312486,"{""0"":-0.002890835304493522,""1"":-0.0032178990275000263,""2"":-0.007964013136953607}"
W_minus_teacher_reference,S_F_W,S_direct,transfer,commute_over20,,primary,validation_person_weighted,3,3,True,-0.0036225210142305877,0.003676233843786028,"{""0"":-0.0009031445123288684,""1"":-0.00780505160135192,""2"":-0.002159366929010975}"
W_minus_teacher_reference,S_F_W,S_direct,transfer,commute_over20,,primary,development_evaluation_person_weighted,3,3,True,-0.0034433139633636514,0.0010918462730006755,"{""0"":-0.0026765881205850217,""1"":-0.002959943422045419,""2"":-0.004693410347460514}"
W_minus_teacher_reference,S_F_W,S_direct,transfer,income_binary,,primary,validation,3,3,True,-0.04409727241448561,0.02800147291374488,"{""0"":-0.04003194203506211,""1"":-0.07390919788986355,""2"":-0.018350677318531183}"
W_minus_teacher_reference,S_F_W,S_direct,transfer,income_binary,,primary,development_evaluation,3,3,True,-0.04713181731397951,0.037082164345501926,"{""0"":-0.03614205837034529,""1"":-0.08846669973386323,""2"":-0.016786693837730016}"
W_minus_teacher_reference,S_F_W,S_direct,transfer,income_binary,,primary,validation_person_weighted,3,3,True,-0.04219760083288571,0.026749055422803945,"{""0"":-0.033107280457346455,""1"":-0.0723071214197496,""2"":-0.021178400621561067}"
W_minus_teacher_reference,S_F_W,S_direct,transfer,income_binary,,primary,development_evaluation_person_weighted,3,3,True,-0.04723273793812849,0.038072637723422564,"{""0"":-0.037162113220044424,""1"":-0.08932830706314038,""2"":-0.015207793531200664}"
W_minus_teacher_reference,S_F_W,S_direct,transfer,civilian_at_work,,primary,validation,3,3,True,-0.08175718441653566,0.035173260094318995,"{""0"":-0.06927263757691043,""1"":-0.12146974754706807,""2"":-0.05452916812562847}"
W_minus_teacher_reference,S_F_W,S_direct,transfer,civilian_at_work,,primary,development_evaluation,3,3,True,-0.09873082411597413,0.023434665656818246,"{""0"":-0.09224195380023054,""1"":-0.12472618180384354,""2"":-0.07922433674384832}"
W_minus_teacher_reference,S_F_W,S_direct,transfer,civilian_at_work,,primary,validation_person_weighted,3,3,True,-0.07753167242971416,0.028685792401696542,"{""0"":-0.0726798386853944,""1"":-0.10833397856656629,""2"":-0.05158120003718181}"
W_minus_teacher_reference,S_F_W,S_direct,transfer,civilian_at_work,,primary,development_evaluation_person_weighted,3,3,True,-0.09230406007962527,0.026897055461282203,"{""0"":-0.09919374555901272,""1"":-0.11508612657422046,""2"":-0.06263230810564263}"
W_minus_teacher_reference,S_F_W,S_direct,transfer,public_coverage,,primary,validation,3,3,True,-0.029960175661757276,0.012612375330276118,"{""0"":-0.02460237371668106,""1"":-0.04436692725620223,""2"":-0.02091122601238854}"
W_minus_teacher_reference,S_F_W,S_direct,transfer,public_coverage,,primary,development_evaluation,3,3,True,-0.02897643734301769,0.012305456930533396,"{""0"":-0.02571151969993546,""1"":-0.042585101943399206,""2"":-0.01863269038571841}"
W_minus_teacher_reference,S_F_W,S_direct,transfer,public_coverage,,primary,validation_person_weighted,3,3,True,-0.027553964944888376,0.014035979286139129,"{""0"":-0.019095955943306042,""1"":-0.0437560758645581,""2"":-0.01980986302680099}"
W_minus_teacher_reference,S_F_W,S_direct,transfer,public_coverage,,primary,development_evaluation_person_weighted,3,3,True,-0.02994486678213561,0.015020561479090207,"{""0"":-0.026324937079395427,""1"":-0.046444601844694955,""2"":-0.017065061422316452}"
final_minus_W,S_F_C,S_F_W,transfer,same_residence,,primary,validation,3,3,True,0.0003097305358193599,0.002847651042286578,"{""0"":-0.002476309298197754,""1"":0.00019026805918220813,""2"":0.0032152328464736257}"
final_minus_W,S_F_C,S_F_W,transfer,same_residence,,primary,development_evaluation,3,3,True,0.005160078916812323,0.007265839242315277,"{""0"":-0.0011806952158964767,""1"":0.013088444276901035,""2"":0.003572487689432413}"
final_minus_W,S_F_C,S_F_W,transfer,same_residence,,primary,validation_person_weighted,3,3,True,0.0002477610475192053,0.0022189659519152127,"{""0"":-0.000534139062479122,""1"":-0.001474410772633994,""2"":0.0027518329776707318}"
final_minus_W,S_F_C,S_F_W,transfer,same_residence,,primary,development_evaluation_person_weighted,3,3,True,0.004485279063279631,0.007817746201261485,"{""0"":-0.00277455247474806,""1"":0.012761514902729032,""2"":0.0034688747618579208}"
final_minus_W,S_F_C,S_F_W,transfer,commute_over20,,primary,validation,3,3,True,0.0008888765763675662,0.0018454515143095966,"{""0"":0.0007448725770623499,""1"":0.0028021114314205064,""2"":-0.0008803542793801578}"
final_minus_W,S_F_C,S_F_W,transfer,commute_over20,,primary,development_evaluation,3,3,True,0.0013568203429660992,0.0008663600519384625,"{""0"":0.0010780759947592866,""1"":0.0006641432812355408,""2"":0.0023282417529034705}"
final_minus_W,S_F_C,S_F_W,transfer,commute_over20,,primary,validation_person_weighted,3,3,True,0.0008728218805706955,0.0026665871324091438,"{""0"":-0.0010439752846315153,""1"":0.003918108913792628,""2"":-0.0002556679874490264}"
final_minus_W,S_F_C,S_F_W,transfer,commute_over20,,primary,development_evaluation_person_weighted,3,3,True,0.0007595700656245855,0.0008992170325913312,"{""0"":-0.00022902326284712782,""1"":0.0015288279905468771,""2"":0.0009789054691740073}"
final_minus_W,S_F_C,S_F_W,transfer,income_binary,,primary,validation,3,3,True,0.00036737606785008925,0.0007138825474431533,"{""0"":0.00038888928660285593,""1"":-0.0003570199305794053,""2"":0.001070258847526817}"
final_minus_W,S_F_C,S_F_W,transfer,income_binary,,primary,development_evaluation,3,3,True,0.003203692900353975,0.0009592750459064233,"{""0"":0.00218955389172526,""1"":0.004096573455678987,""2"":0.003324951353657679}"
final_minus_W,S_F_C,S_F_W,transfer,income_binary,,primary,validation_person_weighted,3,3,True,-0.0001516800411639855,0.0013722437230214404,"{""0"":-0.00030273763104371465,""1"":-0.0014421450378558909,""2"":0.001289842545407649}"
final_minus_W,S_F_C,S_F_W,transfer,income_binary,,primary,development_evaluation_person_weighted,3,3,True,0.0038806495804994587,0.0006877400149669519,"{""0"":0.003187596680160276,""1"":0.0045629506368937145,""2"":0.003891401424444385}"
final_minus_W,S_F_C,S_F_W,transfer,civilian_at_work,,primary,validation,3,3,True,0.0028595083157837617,0.0029287516399735055,"{""0"":0.0054982529560193005,""1"":0.0033718991384791286,""2"":-0.00029162714714714433}"
final_minus_W,S_F_C,S_F_W,transfer,civilian_at_work,,primary,development_evaluation,3,3,True,0.005246708364346338,0.004486406750084398,"{""0"":0.01027155936533003,""1"":0.0038256122553022576,""2"":0.0016429534724067274}"
final_minus_W,S_F_C,S_F_W,transfer,civilian_at_work,,primary,validation_person_weighted,3,3,True,0.0030065401021725133,0.0019450387270557356,"{""0"":0.004371107754997217,""1"":0.003869132319459123,""2"":0.0007793802320611998}"
final_minus_W,S_F_C,S_F_W,transfer,civilian_at_work,,primary,development_evaluation_person_weighted,3,3,True,0.0054015566997526925,0.003904374639387161,"{""0"":0.00990894329347064,""1"":0.0030657604445523123,""2"":0.003229966361235126}"
final_minus_W,S_F_C,S_F_W,transfer,public_coverage,,primary,validation,3,3,True,0.0013678818388737264,0.000577596182037879,"{""0"":0.0007227871819859288,""1"":0.0015437764747209815,""2"":0.001837081859914269}"
final_minus_W,S_F_C,S_F_W,transfer,public_coverage,,primary,development_evaluation,3,3,True,0.002200111896309235,0.00315129816584495,"{""0"":0.0018688406060126672,""1"":0.005503959552974058,""2"":-0.00077246447005902}"
final_minus_W,S_F_C,S_F_W,transfer,public_coverage,,primary,validation_person_weighted,3,3,True,0.0024937677458289156,0.0014893262931473608,"{""0"":0.004020693944649767,""1"":0.002415479875813087,""2"":0.0010451294170238934}"
final_minus_W,S_F_C,S_F_W,transfer,public_coverage,,primary,development_evaluation_person_weighted,3,3,True,0.0031677888527507636,0.006307858473157856,"{""0"":0.0012067560887714102,""1"":0.010223240739858086,""2"":-0.0019266302703772054}"
representation_minus_source_bank,S_F_C,S_bank,transfer,same_residence,,primary,validation,3,3,True,-0.01763598711114141,0.011913095070839284,"{""0"":-0.00963459941262923,""1"":-0.0119462124299069,""2"":-0.031327149490888107}"
representation_minus_source_bank,S_F_C,S_bank,transfer,same_residence,,primary,development_evaluation,3,3,True,-0.016336809619084607,0.010513906499730056,"{""0"":-0.008052806851434391,""1"":-0.0127928690636131,""2"":-0.028164752942206328}"
representation_minus_source_bank,S_F_C,S_bank,transfer,same_residence,,primary,validation_person_weighted,3,3,True,-0.015966791034388677,0.010928013202856966,"{""0"":-0.0059242461285010095,""1"":-0.014371271105691807,""2"":-0.02760485586897321}"
representation_minus_source_bank,S_F_C,S_bank,transfer,same_residence,,primary,development_evaluation_person_weighted,3,3,True,-0.0141048028498267,0.00996981419292071,"{""0"":-0.008898971646447318,""1"":-0.00781549228745576,""2"":-0.02559994461557702}"
representation_minus_source_bank,S_F_C,S_bank,transfer,commute_over20,,primary,validation,3,3,True,-0.003498024717947801,0.0019474279488465099,"{""0"":-0.001674965575904075,""1"":-0.0032694590563655535,""2"":-0.005549649521573774}"
representation_minus_source_bank,S_F_C,S_bank,transfer,commute_over20,,primary,development_evaluation,3,3,True,-0.0005043341852776217,0.0033924346763666824,"{""0"":0.0012979481162408435,""1"":0.0016065749478462177,""2"":-0.004417525619919926}"
representation_minus_source_bank,S_F_C,S_bank,transfer,commute_over20,,primary,validation_person_weighted,3,3,True,-0.0038345746612549934,0.0011018501784066982,"{""0"":-0.004951145111142141,""1"":-0.0038045191576296933,""2"":-0.002748059714993145}"
representation_minus_source_bank,S_F_C,S_bank,transfer,commute_over20,,primary,development_evaluation_person_weighted,3,3,True,0.00016348622405256327,0.005851795639287623,"{""0"":0.00013630210754689287,""1"":0.006028826565668499,""2"":-0.005674670001057702}"
representation_minus_source_bank,S_F_C,S_bank,transfer,income_binary,,primary,validation,3,3,True,-0.01739640776204987,0.009217915933476649,"{""0"":-0.013132196714486843,""1"":-0.027974361512210055,""2"":-0.011082665059452712}"
representation_minus_source_bank,S_F_C,S_bank,transfer,income_binary,,primary,development_evaluation,3,3,True,-0.014853945012872663,0.0071529363463317215,"{""0"":-0.014790379137113507,""1"":-0.02203845246028374,""2"":-0.007733003441220743}"
representation_minus_source_bank,S_F_C,S_bank,transfer,income_binary,,primary,validation_person_weighted,3,3,True,-0.015499499985429174,0.00830356619833238,"{""0"":-0.009346476521398084,""1"":-0.024944248388486412,""2"":-0.012207775046403024}"
representation_minus_source_bank,S_F_C,S_bank,transfer,income_binary,,primary,development_evaluation_person_weighted,3,3,True,-0.015592306165749784,0.0078023644465301245,"{""0"":-0.016359551385202287,""1"":-0.022982703882495403,""2"":-0.0074346632295516635}"
representation_minus_source_bank,S_F_C,S_bank,transfer,civilian_at_work,,primary,validation,3,3,True,-0.03756311758145323,0.011631494113075076,"{""0"":-0.026252900658377543,""1"":-0.049491255627428676,""2"":-0.036945196458553486}"
representation_minus_source_bank,S_F_C,S_bank,transfer,civilian_at_work,,primary,development_evaluation,3,3,True,-0.0382422759267221,0.008268586824899705,"{""0"":-0.029783176676578704,""1"":-0.04630617790754732,""2"":-0.03863747319604027}"
representation_minus_source_bank,S_F_C,S_bank,transfer,civilian_at_work,,primary,validation_person_weighted,3,3,True,-0.029829320735285825,0.004519976810599761,"{""0"":-0.024660832950154365,""1"":-0.03304224648664006,""2"":-0.03178488276906305}"
representation_minus_source_bank,S_F_C,S_bank,transfer,civilian_at_work,,primary,development_evaluation_person_weighted,3,3,True,-0.030422803916208514,0.0032658035538283892,"{""0"":-0.029971021298989098,""1"":-0.033890977168493375,""2"":-0.02740641328114307}"
representation_minus_source_bank,S_F_C,S_bank,transfer,public_coverage,,primary,validation,3,3,True,-0.007650394354530077,0.0117887044570946,"{""0"":-0.010379872272576418,""1"":-0.017834941758650524,""2"":0.005263630967636712}"
representation_minus_source_bank,S_F_C,S_bank,transfer,public_coverage,,primary,development_evaluation,3,3,True,-0.007827839939179756,0.003949253321883605,"{""0"":-0.008149534729808061,""1"":-0.011606406985971263,""2"":-0.003727578101759943}"
representation_minus_source_bank,S_F_C,S_bank,transfer,public_coverage,,primary,validation_person_weighted,3,3,True,-0.005852821762412326,0.010595866045512815,"{""0"":-0.005042940702788545,""1"":-0.016830389532243528,""2"":0.004314864947795094}"
representation_minus_source_bank,S_F_C,S_bank,transfer,public_coverage,,primary,development_evaluation_person_weighted,3,3,True,-0.0063354831903271,0.005170231962953894,"{""0"":-0.008526608671704738,""1"":-0.010049340933895534,""2"":-0.000430499965381026}"
representation_minus_source_bank,S_F_C,S_bank,audit,SEX,120,primary,validation,3,3,True,-0.016223975058632784,0.006767874424566724,"{""0"":-0.019392137623103323,""1"":-0.020826668679407967,""2"":-0.008453118873387067}"
representation_minus_source_bank,S_F_C,S_bank,audit,SEX,120,primary,development_evaluation,3,3,True,-0.011876635676236758,0.0034698697595552737,"{""0"":-0.015576351653339482,""1"":-0.011358720785138998,""2"":-0.008694834590231793}"
representation_minus_source_bank,S_F_C,S_bank,audit,SEX,120,primary,validation_person_weighted,3,3,True,-0.015697226808520776,0.009797564138136955,"{""0"":-0.022103862071752967,""1"":-0.02056908914355804,""2"":-0.0044187292102513265}"
representation_minus_source_bank,S_F_C,S_bank,audit,SEX,120,primary,development_evaluation_person_weighted,3,3,True,-0.009332030134871752,0.003618605642083666,"{""0"":-0.013480573944077645,""1"":-0.007689608887608057,""2"":-0.006825907572929557}"
representation_minus_source_bank,S_F_C,S_bank,audit,RAC1P,120,primary,validation,3,3,True,-0.04132024322895137,0.008776780478960527,"{""0"":-0.03433718039501965,""1"":-0.05117255295276646,""2"":-0.03845099633906801}"
representation_minus_source_bank,S_F_C,S_bank,audit,RAC1P,120,primary,development_evaluation,3,3,True,-0.04393611975593359,0.011226699984343225,"{""0"":-0.05072664157676332,""1"":-0.05010409065223964,""2"":-0.030977627038797806}"
representation_minus_source_bank,S_F_C,S_bank,audit,RAC1P,120,primary,validation_person_weighted,3,3,True,-0.03389418045391923,0.00895077453979754,"{""0"":-0.030086133631779477,""1"":-0.044119288494566034,""2"":-0.027477119235412184}"
representation_minus_source_bank,S_F_C,S_bank,audit,RAC1P,120,primary,development_evaluation_person_weighted,3,3,True,-0.03586729571667998,0.004565213165707777,"{""0"":-0.03679151176323181,""1"":-0.03989968875279026,""2"":-0.03091068663401786}"
representation_minus_source_bank,S_F_C,S_bank,audit,SEX,120,pooled,validation,3,3,True,-0.01912949835458655,0.009250628283634408,"{""0"":-0.02475977459272405,""1"":-0.024175601597648533,""2"":-0.008453118873387067}"
representation_minus_source_bank,S_F_C,S_bank,audit,SEX,120,pooled,development_evaluation,3,3,True,-0.010624825090836917,0.003977058692265641,"{""0"":-0.015198607996627977,""1"":-0.00798103268565098,""2"":-0.008694834590231793}"
representation_minus_source_bank,S_F_C,S_bank,audit,SEX,120,pooled,validation_person_weighted,3,3,True,-0.015005168436941699,0.011431240029081996,"{""0"":-0.027126178833342562,""1"":-0.01347059726723121,""2"":-0.0044187292102513265}"
representation_minus_source_bank,S_F_C,S_bank,audit,SEX,120,pooled,development_evaluation_person_weighted,3,3,True,-0.008063262446338407,0.003725630462924412,"{""0"":-0.012250137892432011,""1"":-0.005113741873653654,""2"":-0.006825907572929557}"
representation_minus_source_bank,S_F_C,S_bank,audit,RAC1P,120,pooled,validation,3,3,True,-0.05604966755560592,0.00776182640636771,"{""0"":-0.05197621564130239,""1"":-0.05117255295276646,""2"":-0.06500023407274891}"
representation_minus_source_bank,S_F_C,S_bank,audit,RAC1P,120,pooled,development_evaluation,3,3,True,-0.05402664356699013,0.010120136374286139,"{""0"":-0.06552088096036979,""1"":-0.05010409065223964,""2"":-0.04645495908836095}"
representation_minus_source_bank,S_F_C,S_bank,audit,RAC1P,120,pooled,validation_person_weighted,3,3,True,-0.04460826361288787,0.0024313700323204904,"{""0"":-0.0424585419634973,""1"":-0.044119288494566034,""2"":-0.04724696038060028}"
representation_minus_source_bank,S_F_C,S_bank,audit,RAC1P,120,pooled,development_evaluation_person_weighted,3,3,True,-0.04596912392514111,0.0059270315746103195,"{""0"":-0.05174266804888705,""1"":-0.03989968875279026,""2"":-0.04626501497374602}"
representation_minus_source_bank,S_F_C,S_bank,audit,SEX,360,primary,validation,3,3,True,-0.015785315641636394,0.006497088382392678,"{""0"":-0.018076159372114153,""1"":-0.020826668679407967,""2"":-0.008453118873387067}"
representation_minus_source_bank,S_F_C,S_bank,audit,SEX,360,primary,development_evaluation,3,3,True,-0.012503896761767072,0.004492485852664655,"{""0"":-0.017458134909930423,""1"":-0.011358720785138998,""2"":-0.008694834590231793}"
representation_minus_source_bank,S_F_C,S_bank,audit,SEX,360,primary,validation_person_weighted,3,3,True,-0.015366602176256886,0.009485021175486177,"{""0"":-0.021111988174961294,""1"":-0.02056908914355804,""2"":-0.0044187292102513265}"
representation_minus_source_bank,S_F_C,S_bank,audit,SEX,360,primary,development_evaluation_person_weighted,3,3,True,-0.009705666377334388,0.004261837383060794,"{""0"":-0.014601482671465549,""1"":-0.007689608887608057,""2"":-0.006825907572929557}"
representation_minus_source_bank,S_F_C,S_bank,audit,RAC1P,360,primary,validation,3,3,True,-0.04089302734513215,0.00930210953983637,"{""0"":-0.03305553274356199,""1"":-0.05117255295276646,""2"":-0.03845099633906801}"
representation_minus_source_bank,S_F_C,S_bank,audit,RAC1P,360,primary,development_evaluation,3,3,True,-0.04302462550655347,0.010486309792700274,"{""0"":-0.047992158828622955,""1"":-0.05010409065223964,""2"":-0.030977627038797806}"
representation_minus_source_bank,S_F_C,S_bank,audit,RAC1P,360,primary,validation_person_weighted,3,3,True,-0.0340232582413027,0.008870836787683106,"{""0"":-0.030473366993929885,""1"":-0.044119288494566034,""2"":-0.027477119235412184}"
representation_minus_source_bank,S_F_C,S_bank,audit,RAC1P,360,primary,development_evaluation_person_weighted,3,3,True,-0.0358537572319589,0.004561160342016229,"{""0"":-0.03675089630906858,""1"":-0.03989968875279026,""2"":-0.03091068663401786}"
representation_minus_source_bank,S_F_C,S_bank,audit,SEX,360,pooled,validation,3,3,True,-0.01869083893759016,0.008873672791910103,"{""0"":-0.02344379634173488,""1"":-0.024175601597648533,""2"":-0.008453118873387067}"
representation_minus_source_bank,S_F_C,S_bank,audit,SEX,360,pooled,development_evaluation,3,3,True,-0.01125208617636723,0.005060062582754009,"{""0"":-0.01708039125321892,""1"":-0.00798103268565098,""2"":-0.008694834590231793}"
representation_minus_source_bank,S_F_C,S_bank,audit,SEX,360,pooled,validation_person_weighted,3,3,True,-0.014674543804677809,0.010907734537012484,"{""0"":-0.02613430493655089,""1"":-0.01347059726723121,""2"":-0.0044187292102513265}"
representation_minus_source_bank,S_F_C,S_bank,audit,SEX,360,pooled,development_evaluation_person_weighted,3,3,True,-0.008436898688801042,0.004358008685090887,"{""0"":-0.013371046619819915,""1"":-0.005113741873653654,""2"":-0.006825907572929557}"
representation_minus_source_bank,S_F_C,S_bank,audit,RAC1P,360,pooled,validation,3,3,True,-0.0556224516717867,0.008124913505757598,"{""0"":-0.05069456798984473,""1"":-0.05117255295276646,""2"":-0.06500023407274891}"
representation_minus_source_bank,S_F_C,S_bank,audit,RAC1P,360,pooled,development_evaluation,3,3,True,-0.05311514931761,0.008571979449280192,"{""0"":-0.06278639821222942,""1"":-0.05010409065223964,""2"":-0.04645495908836095}"
representation_minus_source_bank,S_F_C,S_bank,audit,RAC1P,360,pooled,validation_person_weighted,3,3,True,-0.04473734140027134,0.002264751535527142,"{""0"":-0.042845775325647706,""1"":-0.044119288494566034,""2"":-0.04724696038060028}"
representation_minus_source_bank,S_F_C,S_bank,audit,RAC1P,360,pooled,development_evaluation_person_weighted,3,3,True,-0.045955585440420034,0.0059072631599934615,"{""0"":-0.051702052594723824,""1"":-0.03989968875279026,""2"":-0.04626501497374602}"
new_minus_beta0,S_F_C,C_init,transfer,same_residence,,primary,validation,3,3,True,0.00444973955202882,0.010576779976760209,"{""0"":0.010415300120142135,""1"":0.01069611632633477,""2"":-0.007762197790390446}"
new_minus_beta0,S_F_C,C_init,transfer,same_residence,,primary,development_evaluation,3,3,True,0.010818573010831722,0.007209139695634878,"{""0"":0.017692900151886015,""1"":0.011447047756670381,""2"":0.003315771123938771}"
new_minus_beta0,S_F_C,C_init,transfer,same_residence,,primary,validation_person_weighted,3,3,True,0.004940830031805991,0.013419558261270777,"{""0"":0.018067081042062838,""1"":0.005509372966772008,""2"":-0.008753963913416873}"
new_minus_beta0,S_F_C,C_init,transfer,same_residence,,primary,development_evaluation_person_weighted,3,3,True,0.013491750378176995,0.006847658274607734,"{""0"":0.016877299881374652,""1"":0.017987187384982395,""2"":0.00561076386817394}"
new_minus_beta0,S_F_C,C_init,transfer,commute_over20,,primary,validation,3,3,True,0.001187088194103884,0.003126324486454356,"{""0"":0.00271352325208829,""1"":0.0032569611692998546,""2"":-0.002409219839076493}"
new_minus_beta0,S_F_C,C_init,transfer,commute_over20,,primary,development_evaluation,3,3,True,-0.0016383767839516967,0.005570397627308512,"{""0"":0.002116685718740241,""1"":0.00100669728984204,""2"":-0.008038513360437372}"
new_minus_beta0,S_F_C,C_init,transfer,commute_over20,,primary,validation_person_weighted,3,3,True,0.00034902752472006543,0.0053656258963011745,"{""0"":-0.002605835908744858,""1"":0.006542551673353825,""2"":-0.0028896331904487704}"
new_minus_beta0,S_F_C,C_init,transfer,commute_over20,,primary,development_evaluation_person_weighted,3,3,True,-0.002633733729266452,0.006432792553204346,"{""0"":0.0018316955493865583,""1"":0.0002741523794298484,""2"":-0.010007049116615763}"
new_minus_beta0,S_F_C,C_init,transfer,income_binary,,primary,validation,3,3,True,0.004321228275339373,0.007164945736877176,"{""0"":0.008333913492513667,""1"":0.008580682936317974,""2"":-0.003950911602813523}"
new_minus_beta0,S_F_C,C_init,transfer,income_binary,,primary,development_evaluation,3,3,True,0.003496927442796153,0.003989422681246823,"{""0"":0.0003505391871259089,""1"":0.007983997689837763,""2"":0.0021562454514247875}"
new_minus_beta0,S_F_C,C_init,transfer,income_binary,,primary,validation_person_weighted,3,3,True,0.004305795562165852,0.009079428890533467,"{""0"":0.01071846725433867,""1"":0.00828237418755673,""2"":-0.0060834547553978435}"
new_minus_beta0,S_F_C,C_init,transfer,income_binary,,primary,development_evaluation_person_weighted,3,3,True,0.005581843786275982,0.0016272894688855912,"{""0"":0.005650091910951116,""1"":0.00717393547243389,""2"":0.0039215039754429415}"
new_minus_beta0,S_F_C,C_init,transfer,civilian_at_work,,primary,validation,3,3,True,0.005763219441612806,0.006286204861395223,"{""0"":0.01208516271205956,""1"":0.005691122443432617,""2"":-0.000486626830653758}"
new_minus_beta0,S_F_C,C_init,transfer,civilian_at_work,,primary,development_evaluation,3,3,True,0.010826631001239428,0.0042144108371871235,"{""0"":0.01568906985618057,""1"":0.008565043501981895,""2"":0.00822577964555582}"
new_minus_beta0,S_F_C,C_init,transfer,civilian_at_work,,primary,validation_person_weighted,3,3,True,0.005598005970556393,0.004402884715540859,"{""0"":0.010377918282575005,""1"":0.004707957323496548,""2"":0.0017081423055976264}"
new_minus_beta0,S_F_C,C_init,transfer,civilian_at_work,,primary,development_evaluation_person_weighted,3,3,True,0.009230293861963224,0.004294724736759047,"{""0"":0.013964159372664764,""1"":0.00558369374379003,""2"":0.008143028469434876}"
new_minus_beta0,S_F_C,C_init,transfer,public_coverage,,primary,validation,3,3,True,0.006034749308753529,0.003719890123131412,"{""0"":0.005135045077362954,""1"":0.0028472285056811986,""2"":0.010121974343216433}"
new_minus_beta0,S_F_C,C_init,transfer,public_coverage,,primary,development_evaluation,3,3,True,0.0027178519689053013,0.0006166039517955935,"{""0"":0.0022212742904418326,""1"":0.002524260292263325,""2"":0.003408021324010746}"
new_minus_beta0,S_F_C,C_init,transfer,public_coverage,,primary,validation_person_weighted,3,3,True,0.0051200907237117415,0.0033126088074629783,"{""0"":0.005228829190864537,""1"":0.0017544514814223366,""2"":0.008376991498848352}"
new_minus_beta0,S_F_C,C_init,transfer,public_coverage,,primary,development_evaluation_person_weighted,3,3,True,0.0021613025714826706,0.003155104220404716,"{""0"":0.0012753698221991128,""1"":0.0056646651646598545,""2"":-0.0004561272724109555}"
new_minus_beta0,S_F_C,C_init,audit,SEX,120,primary,validation,3,3,True,0.007982931667344132,0.0009795506650088163,"{""0"":0.008380840861421213,""1"":0.006867041570790544,""2"":0.00870091256982064}"
new_minus_beta0,S_F_C,C_init,audit,SEX,120,primary,development_evaluation,3,3,True,0.014406146826817548,0.002780041840076952,"{""0"":0.012245705889299963,""1"":0.01754257833756645,""2"":0.013430156253586234}"
new_minus_beta0,S_F_C,C_init,audit,SEX,120,primary,validation_person_weighted,3,3,True,0.00464123868515931,0.0034193544306660834,"{""0"":0.006471596895133436,""1"":0.0067557998891593085,""2"":0.0006963192711851862}"
new_minus_beta0,S_F_C,C_init,audit,SEX,120,primary,development_evaluation_person_weighted,3,3,True,0.012620649731830377,0.0027815670091009153,"{""0"":0.011939484448087678,""1"":0.015679526952713796,""2"":0.010242937794689655}"
new_minus_beta0,S_F_C,C_init,audit,RAC1P,120,primary,validation,3,3,True,0.0036230469159935406,0.011763813576012909,"{""0"":-0.0018800203437889795,""1"":-0.004380627397335912,""2"":0.017129788489105513}"
new_minus_beta0,S_F_C,C_init,audit,RAC1P,120,primary,development_evaluation,3,3,True,0.009040191846285461,0.012454697035245703,"{""0"":-0.004447011479768781,""1"":0.01146048597097904,""2"":0.020107101047646125}"
new_minus_beta0,S_F_C,C_init,audit,RAC1P,120,primary,validation_person_weighted,3,3,True,0.004978509351820574,0.008431750269135872,"{""0"":0.002070709388940273,""1"":-0.0016145116389483238,""2"":0.014479330305469773}"
new_minus_beta0,S_F_C,C_init,audit,RAC1P,120,primary,development_evaluation_person_weighted,3,3,True,0.010750424870106171,0.010326877969279382,"{""0"":-0.0006228653499189551,""1"":0.013333747442789035,""2"":0.019540392517448435}"
new_minus_beta0,S_F_C,C_init,audit,SEX,120,pooled,validation,3,3,True,0.005077408371390368,0.0031481850662545604,"{""0"":0.0030132038918004866,""1"":0.0035181086525499783,""2"":0.00870091256982064}"
new_minus_beta0,S_F_C,C_init,audit,SEX,120,pooled,development_evaluation,3,3,True,0.01565795741221739,0.004575108319228393,"{""0"":0.012623449546011467,""1"":0.02092026643705447,""2"":0.013430156253586234}"
new_minus_beta0,S_F_C,C_init,audit,SEX,120,pooled,validation_person_weighted,3,3,True,0.005333297056738388,0.007388995238524743,"{""0"":0.0014492801335438399,""1"":0.013854291765486137,""2"":0.0006963192711851862}"
new_minus_beta0,S_F_C,C_init,audit,SEX,120,pooled,development_evaluation_person_weighted,3,3,True,0.013889417420363722,0.0040543951880726604,"{""0"":0.013169920499733312,""1"":0.0182553939666682,""2"":0.010242937794689655}"
new_minus_beta0,S_F_C,C_init,audit,RAC1P,120,pooled,validation,3,3,True,-0.010086082613409264,0.00606630580357463,"{""0"":-0.016458171198316496,""1"":-0.004380627397335912,""2"":-0.009419449244575384}"
new_minus_beta0,S_F_C,C_init,audit,RAC1P,120,pooled,development_evaluation,3,3,True,-0.004856178822702765,0.022605215922219427,"{""0"":-0.03065879143717032,""1"":0.01146048597097904,""2"":0.004629768998082984}"
new_minus_beta0,S_F_C,C_init,audit,RAC1P,120,pooled,validation_person_weighted,3,3,True,-0.008380103752758439,0.00873050665575058,"{""0"":-0.01823528877960867,""1"":-0.0016145116389483238,""2"":-0.005290510839718321}"
new_minus_beta0,S_F_C,C_init,audit,RAC1P,120,pooled,development_evaluation_person_weighted,3,3,True,-0.005487869405939261,0.025098153778974928,"{""0"":-0.03398341983832709,""1"":0.013333747442789035,""2"":0.004186064177720272}"
new_minus_beta0,S_F_C,C_init,audit,SEX,360,primary,validation,3,3,True,0.007982931667344132,0.0009795506650088163,"{""0"":0.008380840861421213,""1"":0.006867041570790544,""2"":0.00870091256982064}"
new_minus_beta0,S_F_C,C_init,audit,SEX,360,primary,development_evaluation,3,3,True,0.014406146826817548,0.002780041840076952,"{""0"":0.012245705889299963,""1"":0.01754257833756645,""2"":0.013430156253586234}"
new_minus_beta0,S_F_C,C_init,audit,SEX,360,primary,validation_person_weighted,3,3,True,0.00464123868515931,0.0034193544306660834,"{""0"":0.006471596895133436,""1"":0.0067557998891593085,""2"":0.0006963192711851862}"
new_minus_beta0,S_F_C,C_init,audit,SEX,360,primary,development_evaluation_person_weighted,3,3,True,0.012620649731830377,0.0027815670091009153,"{""0"":0.011939484448087678,""1"":0.015679526952713796,""2"":0.010242937794689655}"
new_minus_beta0,S_F_C,C_init,audit,RAC1P,360,primary,validation,3,3,True,0.0036230469159935406,0.011763813576012909,"{""0"":-0.0018800203437889795,""1"":-0.004380627397335912,""2"":0.017129788489105513}"
new_minus_beta0,S_F_C,C_init,audit,RAC1P,360,primary,development_evaluation,3,3,True,0.009040191846285461,0.012454697035245703,"{""0"":-0.004447011479768781,""1"":0.01146048597097904,""2"":0.020107101047646125}"
new_minus_beta0,S_F_C,C_init,audit,RAC1P,360,primary,validation_person_weighted,3,3,True,0.004978509351820574,0.008431750269135872,"{""0"":0.002070709388940273,""1"":-0.0016145116389483238,""2"":0.014479330305469773}"
new_minus_beta0,S_F_C,C_init,audit,RAC1P,360,primary,development_evaluation_person_weighted,3,3,True,0.010750424870106171,0.010326877969279382,"{""0"":-0.0006228653499189551,""1"":0.013333747442789035,""2"":0.019540392517448435}"
new_minus_beta0,S_F_C,C_init,audit,SEX,360,pooled,validation,3,3,True,0.005077408371390368,0.0031481850662545604,"{""0"":0.0030132038918004866,""1"":0.0035181086525499783,""2"":0.00870091256982064}"
new_minus_beta0,S_F_C,C_init,audit,SEX,360,pooled,development_evaluation,3,3,True,0.01565795741221739,0.004575108319228393,"{""0"":0.012623449546011467,""1"":0.02092026643705447,""2"":0.013430156253586234}"
new_minus_beta0,S_F_C,C_init,audit,SEX,360,pooled,validation_person_weighted,3,3,True,0.005333297056738388,0.007388995238524743,"{""0"":0.0014492801335438399,""1"":0.013854291765486137,""2"":0.0006963192711851862}"
new_minus_beta0,S_F_C,C_init,audit,SEX,360,pooled,development_evaluation_person_weighted,3,3,True,0.013889417420363722,0.0040543951880726604,"{""0"":0.013169920499733312,""1"":0.0182553939666682,""2"":0.010242937794689655}"
new_minus_beta0,S_F_C,C_init,audit,RAC1P,360,pooled,validation,3,3,True,-0.010086082613409264,0.00606630580357463,"{""0"":-0.016458171198316496,""1"":-0.004380627397335912,""2"":-0.009419449244575384}"
new_minus_beta0,S_F_C,C_init,audit,RAC1P,360,pooled,development_evaluation,3,3,True,-0.004856178822702765,0.022605215922219427,"{""0"":-0.03065879143717032,""1"":0.01146048597097904,""2"":0.004629768998082984}"
new_minus_beta0,S_F_C,C_init,audit,RAC1P,360,pooled,validation_person_weighted,3,3,True,-0.008380103752758439,0.00873050665575058,"{""0"":-0.01823528877960867,""1"":-0.0016145116389483238,""2"":-0.005290510839718321}"
new_minus_beta0,S_F_C,C_init,audit,RAC1P,360,pooled,development_evaluation_person_weighted,3,3,True,-0.005487869405939261,0.025098153778974928,"{""0"":-0.03398341983832709,""1"":0.013333747442789035,""2"":0.004186064177720272}"
new_minus_historical_selective,S_F_C,S_rho0_C,transfer,same_residence,,primary,validation,3,3,True,0.0023484961399966586,0.0035398133173187435,"{""0"":0.0032344322367522382,""1"":-0.0015501362794994034,""2"":0.005361192462737141}"
new_minus_historical_selective,S_F_C,S_rho0_C,transfer,same_residence,,primary,development_evaluation,3,3,True,0.00553533077732928,0.0042975733520899005,"{""0"":0.0026564918921045955,""1"":0.010475229004519804,""2"":0.0034742714353634407}"
new_minus_historical_selective,S_F_C,S_rho0_C,transfer,same_residence,,primary,validation_person_weighted,3,3,True,0.0026826539721227136,0.0048508240499787435,"{""0"":0.004710485498864381,""1"":-0.002853033395190163,""2"":0.006190509812693923}"
new_minus_historical_selective,S_F_C,S_rho0_C,transfer,same_residence,,primary,development_evaluation_person_weighted,3,3,True,0.004359297703457443,0.00386927908009621,"{""0"":0.0020589819315506297,""1"":0.008826492084809678,""2"":0.0021924190940120214}"
new_minus_historical_selective,S_F_C,S_rho0_C,transfer,commute_over20,,primary,validation,3,3,True,0.0003376892936312048,0.0014291198416770542,"{""0"":0.0008756328528396473,""1"":-0.0012823361737310801,""2"":0.0014197712017850472}"
new_minus_historical_selective,S_F_C,S_rho0_C,transfer,commute_over20,,primary,development_evaluation,3,3,True,-0.0006405328381182315,0.0028937370337345568,"{""0"":0.0018662041535549845,""1"":1.9450766767792338e-05,""2"":-0.003807253434677471}"
new_minus_historical_selective,S_F_C,S_rho0_C,transfer,commute_over20,,primary,validation_person_weighted,3,3,True,0.0004795252630913627,0.0011360460288888153,"{""0"":-0.00034183922691100044,""1"":4.419237298436407e-06,""2"":0.001775995778886652}"
new_minus_historical_selective,S_F_C,S_rho0_C,transfer,commute_over20,,primary,development_evaluation_person_weighted,3,3,True,-0.0016590417983443444,0.004194468565215767,"{""0"":0.00023264512401455217,""1"":0.0012564237135338496,""2"":-0.006466194232581435}"
new_minus_historical_selective,S_F_C,S_rho0_C,transfer,income_binary,,primary,validation,3,3,True,0.002425552557831242,0.0016784454682373525,"{""0"":0.0031189728114436877,""1"":0.003646182679266141,""2"":0.0005115021827838961}"
new_minus_historical_selective,S_F_C,S_rho0_C,transfer,income_binary,,primary,development_evaluation,3,3,True,0.003320094812748179,0.002437885570076517,"{""0"":0.001898775896365612,""1"":0.006135077310835457,""2"":0.0019264312310434684}"
new_minus_historical_selective,S_F_C,S_rho0_C,transfer,income_binary,,primary,validation_person_weighted,3,3,True,0.002066425405662912,0.0031434970347457942,"{""0"":0.0037226482049165233,""1"":0.004035503334072377,""2"":-0.0015588753220001639}"
new_minus_historical_selective,S_F_C,S_rho0_C,transfer,income_binary,,primary,development_evaluation_person_weighted,3,3,True,0.003977911653098946,0.0026371463724975345,"{""0"":0.0038173602496699433,""1"":0.0066916657437735005,""2"":0.001424708965853394}"
new_minus_historical_selective,S_F_C,S_rho0_C,transfer,civilian_at_work,,primary,validation,3,3,True,-0.0006860187187458696,0.00596505834360985,"{""0"":0.005765804720890666,""1"":-0.0018232940962376598,""2"":-0.006000566780890615}"
new_minus_historical_selective,S_F_C,S_rho0_C,transfer,civilian_at_work,,primary,development_evaluation,3,3,True,0.002023614174465819,0.005259558047338985,"{""0"":0.00803887739397019,""1"":-0.0002591676898999751,""2"":-0.0017088671806727573}"
new_minus_historical_selective,S_F_C,S_rho0_C,transfer,civilian_at_work,,primary,validation_person_weighted,3,3,True,-0.002666985435280563,0.0035043898445182254,"{""0"":0.00047796648482578696,""1"":-0.0020343069228472843,""2"":-0.0064446158678201915}"
new_minus_historical_selective,S_F_C,S_rho0_C,transfer,civilian_at_work,,primary,development_evaluation_person_weighted,3,3,True,0.001480179586370367,0.004272297625609895,"{""0"":0.005876236840065496,""1"":-0.0026565438252403317,""2"":0.0012208457442859366}"
new_minus_historical_selective,S_F_C,S_rho0_C,transfer,public_coverage,,primary,validation,3,3,True,0.0019130922671872959,0.003493333462037223,"{""0"":-0.00043616336614998863,""1"":0.00024797939958320914,""2"":0.005927460768128667}"
new_minus_historical_selective,S_F_C,S_rho0_C,transfer,public_coverage,,primary,development_evaluation,3,3,True,0.004740943909207688,0.0020010264917043664,"{""0"":0.002440848286557884,""1"":0.005700526197397582,""2"":0.006081457243667598}"
new_minus_historical_selective,S_F_C,S_rho0_C,transfer,public_coverage,,primary,validation_person_weighted,3,3,True,0.0028063014434407396,0.0022566818428085295,"{""0"":0.0020040072359658323,""1"":0.0010603910390636906,""2"":0.005354506055292696}"
new_minus_historical_selective,S_F_C,S_rho0_C,transfer,public_coverage,,primary,development_evaluation_person_weighted,3,3,True,0.0043659461552150725,0.0035313135517317123,"{""0"":0.0007033672076373065,""1"":0.007749431489781244,""2"":0.004645039768226666}"
new_minus_historical_selective,S_F_C,S_rho0_C,audit,SEX,120,primary,validation,3,3,True,-1.2413604805527889e-05,0.0008956371486937061,"{""0"":0.0009331020382148392,""1"":-0.00012231328775047512,""2"":-0.0008480295648809477}"
new_minus_historical_selective,S_F_C,S_rho0_C,audit,SEX,120,primary,development_evaluation,3,3,True,0.00019407916979937342,0.002199652467570851,"{""0"":-0.000889024320291476,""1"":0.0027252630668782585,""2"":-0.0012540012371886622}"
new_minus_historical_selective,S_F_C,S_rho0_C,audit,SEX,120,primary,validation_person_weighted,3,3,True,0.0005255084188435418,0.0012651184508553467,"{""0"":0.0019732575725118773,""1"":-0.0003673084136109894,""2"":-2.942390237026249e-05}"
new_minus_historical_selective,S_F_C,S_rho0_C,audit,SEX,120,primary,development_evaluation_person_weighted,3,3,True,0.0007972664213801162,0.0016606133345049153,"{""0"":-0.0005420446064446915,""1"":0.002655333111946323,""2"":0.000278510758638717}"
new_minus_historical_selective,S_F_C,S_rho0_C,audit,RAC1P,120,primary,validation,3,3,True,0.0018911800645317427,0.0027639427863345558,"{""0"":0.004404314484468097,""1"":0.0023382842626200606,""2"":-0.0010690585534929298}"
new_minus_historical_selective,S_F_C,S_rho0_C,audit,RAC1P,120,primary,development_evaluation,3,3,True,0.0030931207669953054,0.0033969433122951953,"{""0"":0.005829757150460191,""1"":0.004158388375161692,""2"":-0.0007087832246359671}"
new_minus_historical_selective,S_F_C,S_rho0_C,audit,RAC1P,120,primary,validation_person_weighted,3,3,True,0.0021185250503596986,0.004813930685449174,"{""0"":0.00531732169558774,""1"":0.004456093029502339,""2"":-0.0034178395740109835}"
new_minus_historical_selective,S_F_C,S_rho0_C,audit,RAC1P,120,primary,development_evaluation_person_weighted,3,3,True,0.0021115831215960204,0.0022171315721030396,"{""0"":0.004665749247662276,""1"":0.0006833413394697896,""2"":0.0009856587776559955}"
new_minus_historical_selective,S_F_C,S_rho0_C,audit,SEX,120,pooled,validation,3,3,True,-0.0014855222368365488,0.0017560216711672962,"{""0"":-0.0001372909396376576,""1"":-0.003471246205991041,""2"":-0.0008480295648809477}"
new_minus_historical_selective,S_F_C,S_rho0_C,audit,SEX,120,pooled,development_evaluation,3,3,True,0.0019782987029943002,0.003758777319325335,"{""0"":0.001085946179805286,""1"":0.006102951166366277,""2"":-0.0012540012371886622}"
new_minus_historical_selective,S_F_C,S_rho0_C,audit,SEX,120,pooled,validation_person_weighted,3,3,True,0.0015848866120366327,0.00455879902999955,"{""0"":-0.0019470997242356791,""1"":0.0067311834627158396,""2"":-2.942390237026249e-05}"
new_minus_historical_selective,S_F_C,S_rho0_C,audit,SEX,120,pooled,development_evaluation_person_weighted,3,3,True,0.0029989955968522017,0.0025121895305462547,"{""0"":0.003487275906017162,""1"":0.005231200125900726,""2"":0.000278510758638717}"
new_minus_historical_selective,S_F_C,S_rho0_C,audit,RAC1P,120,pooled,validation,3,3,True,-0.0019341620699806494,0.008272295589033304,"{""0"":0.0033282988402034697,""1"":0.0023382842626200606,""2"":-0.011469069312765479}"
new_minus_historical_selective,S_F_C,S_rho0_C,audit,RAC1P,120,pooled,development_evaluation,3,3,True,0.00246115946655201,0.0021748116831574486,"{""0"":0.0032154693339270235,""1"":0.004158388375161692,""2"":9.620690567313517e-06}"
new_minus_historical_selective,S_F_C,S_rho0_C,audit,RAC1P,120,pooled,validation_person_weighted,3,3,True,-0.0019358784601726982,0.008957912415525703,"{""0"":0.0019109491675430856,""1"":0.004456093029502339,""2"":-0.01217467757756352}"
new_minus_historical_selective,S_F_C,S_rho0_C,audit,RAC1P,120,pooled,development_evaluation_person_weighted,3,3,True,0.0027182805229172637,0.004771338537937253,"{""0"":0.008169703016212893,""1"":0.0006833413394697896,""2"":-0.0006982027869308904}"
new_minus_historical_selective,S_F_C,S_rho0_C,audit,SEX,360,primary,validation,3,3,True,-1.2413604805527889e-05,0.0008956371486937061,"{""0"":0.0009331020382148392,""1"":-0.00012231328775047512,""2"":-0.0008480295648809477}"
new_minus_historical_selective,S_F_C,S_rho0_C,audit,SEX,360,primary,development_evaluation,3,3,True,0.00019407916979937342,0.002199652467570851,"{""0"":-0.000889024320291476,""1"":0.0027252630668782585,""2"":-0.0012540012371886622}"
new_minus_historical_selective,S_F_C,S_rho0_C,audit,SEX,360,primary,validation_person_weighted,3,3,True,0.0005255084188435418,0.0012651184508553467,"{""0"":0.0019732575725118773,""1"":-0.0003673084136109894,""2"":-2.942390237026249e-05}"
new_minus_historical_selective,S_F_C,S_rho0_C,audit,SEX,360,primary,development_evaluation_person_weighted,3,3,True,0.0007972664213801162,0.0016606133345049153,"{""0"":-0.0005420446064446915,""1"":0.002655333111946323,""2"":0.000278510758638717}"
new_minus_historical_selective,S_F_C,S_rho0_C,audit,RAC1P,360,primary,validation,3,3,True,0.0018911800645317427,0.0027639427863345558,"{""0"":0.004404314484468097,""1"":0.0023382842626200606,""2"":-0.0010690585534929298}"
new_minus_historical_selective,S_F_C,S_rho0_C,audit,RAC1P,360,primary,development_evaluation,3,3,True,0.0030931207669953054,0.0033969433122951953,"{""0"":0.005829757150460191,""1"":0.004158388375161692,""2"":-0.0007087832246359671}"
new_minus_historical_selective,S_F_C,S_rho0_C,audit,RAC1P,360,primary,validation_person_weighted,3,3,True,0.0021185250503596986,0.004813930685449174,"{""0"":0.00531732169558774,""1"":0.004456093029502339,""2"":-0.0034178395740109835}"
new_minus_historical_selective,S_F_C,S_rho0_C,audit,RAC1P,360,primary,development_evaluation_person_weighted,3,3,True,0.0021115831215960204,0.0022171315721030396,"{""0"":0.004665749247662276,""1"":0.0006833413394697896,""2"":0.0009856587776559955}"
new_minus_historical_selective,S_F_C,S_rho0_C,audit,SEX,360,pooled,validation,3,3,True,-0.0014855222368365488,0.0017560216711672962,"{""0"":-0.0001372909396376576,""1"":-0.003471246205991041,""2"":-0.0008480295648809477}"
new_minus_historical_selective,S_F_C,S_rho0_C,audit,SEX,360,pooled,development_evaluation,3,3,True,0.0019782987029943002,0.003758777319325335,"{""0"":0.001085946179805286,""1"":0.006102951166366277,""2"":-0.0012540012371886622}"
new_minus_historical_selective,S_F_C,S_rho0_C,audit,SEX,360,pooled,validation_person_weighted,3,3,True,0.0015848866120366327,0.00455879902999955,"{""0"":-0.0019470997242356791,""1"":0.0067311834627158396,""2"":-2.942390237026249e-05}"
new_minus_historical_selective,S_F_C,S_rho0_C,audit,SEX,360,pooled,development_evaluation_person_weighted,3,3,True,0.0029989955968522017,0.0025121895305462547,"{""0"":0.003487275906017162,""1"":0.005231200125900726,""2"":0.000278510758638717}"
new_minus_historical_selective,S_F_C,S_rho0_C,audit,RAC1P,360,pooled,validation,3,3,True,-0.0019341620699806494,0.008272295589033304,"{""0"":0.0033282988402034697,""1"":0.0023382842626200606,""2"":-0.011469069312765479}"
new_minus_historical_selective,S_F_C,S_rho0_C,audit,RAC1P,360,pooled,development_evaluation,3,3,True,0.00246115946655201,0.0021748116831574486,"{""0"":0.0032154693339270235,""1"":0.004158388375161692,""2"":9.620690567313517e-06}"
new_minus_historical_selective,S_F_C,S_rho0_C,audit,RAC1P,360,pooled,validation_person_weighted,3,3,True,-0.0019358784601726982,0.008957912415525703,"{""0"":0.0019109491675430856,""1"":0.004456093029502339,""2"":-0.01217467757756352}"
new_minus_historical_selective,S_F_C,S_rho0_C,audit,RAC1P,360,pooled,development_evaluation_person_weighted,3,3,True,0.0027182805229172637,0.004771338537937253,"{""0"":0.008169703016212893,""1"":0.0006833413394697896,""2"":-0.0006982027869308904}"
final_minus_W,S_F_D,S_F_W,transfer,same_residence,,primary,validation,3,3,True,0.0007891242916825044,0.0032567092599468544,"{""0"":-0.0017497068654164227,""1"":-0.0003439395720591376,""2"":0.0044610193125230735}"
final_minus_W,S_F_D,S_F_W,transfer,same_residence,,primary,development_evaluation,3,3,True,0.005340975678759611,0.007034966334690931,"{""0"":-0.0009097009817958801,""1"":0.01295936779172513,""2"":0.003973260226349584}"
final_minus_W,S_F_D,S_F_W,transfer,same_residence,,primary,validation_person_weighted,3,3,True,0.0009637545016683754,0.0025720870876274654,"{""0"":0.0006991598998480342,""1"":-0.0014658077288664528,""2"":0.0036579113340235447}"
final_minus_W,S_F_D,S_F_W,transfer,same_residence,,primary,development_evaluation_person_weighted,3,3,True,0.004756606526948186,0.0074210862864747965,"{""0"":-0.00233473279187546,""1"":0.012468473693714122,""2"":0.0041360786790058945}"
final_minus_W,S_F_D,S_F_W,transfer,commute_over20,,primary,validation,3,3,True,0.0011150254382114773,0.0017345799830601287,"{""0"":0.0004851985747099663,""1"":0.0030765281657921806,""2"":-0.00021665042586771488}"
final_minus_W,S_F_D,S_F_W,transfer,commute_over20,,primary,development_evaluation,3,3,True,0.0019667971809717764,0.0015810782435337434,"{""0"":0.0008021248745326837,""1"":0.0013315692799682477,""2"":0.0037666973884143973}"
final_minus_W,S_F_D,S_F_W,transfer,commute_over20,,primary,validation_person_weighted,3,3,True,0.0011279817876391023,0.002687876331525237,"{""0"":-0.001239206271460347,""1"":0.0040499643506347605,""2"":0.0005731872837428931}"
final_minus_W,S_F_D,S_F_W,transfer,commute_over20,,primary,development_evaluation_person_weighted,3,3,True,0.0014616618546998323,0.0016916015157632503,"{""0"":-0.000386497054956747,""1"":0.0018382496003440663,""2"":0.002933233018712178}"
final_minus_W,S_F_D,S_F_W,transfer,income_binary,,primary,validation,3,3,True,0.0008059901806289904,0.0008272567788132646,"{""0"":0.0014451479277618473,""1"":-0.000128374679116805,""2"":0.001101197293241929}"
final_minus_W,S_F_D,S_F_W,transfer,income_binary,,primary,development_evaluation,3,3,True,0.0029975491793104068,7.190251726497763e-05,"{""0"":0.00301098012367762,""1"":0.0030617891811164366,""2"":0.002919878233137163}"
final_minus_W,S_F_D,S_F_W,transfer,income_binary,,primary,validation_person_weighted,3,3,True,0.0005435428821581878,0.0010961541857308528,"{""0"":0.0009691337659219479,""1"":-0.0007015840465234291,""2"":0.0013630789270760446}"
final_minus_W,S_F_D,S_F_W,transfer,income_binary,,primary,development_evaluation_person_weighted,3,3,True,0.0032295767632182595,0.0001276895588714404,"{""0"":0.0032068471313171365,""1"":0.0033671047525595243,""2"":0.003114778405778118}"
final_minus_W,S_F_D,S_F_W,transfer,civilian_at_work,,primary,validation,3,3,True,0.004737618120419507,0.0032892556898168703,"{""0"":0.008350099128084432,""1"":0.003947098404962379,""2"":0.0019156568282117092}"
final_minus_W,S_F_D,S_F_W,transfer,civilian_at_work,,primary,development_evaluation,3,3,True,0.004948398179429085,0.005401092153715719,"{""0"":0.011184013602257514,""1"":0.0017325003213758405,""2"":0.0019286806146538993}"
final_minus_W,S_F_D,S_F_W,transfer,civilian_at_work,,primary,validation_person_weighted,3,3,True,0.004412798423604351,0.0022407717824643146,"{""0"":0.006650874242589422,""1"":0.004418180654648274,""2"":0.002169340373575357}"
final_minus_W,S_F_D,S_F_W,transfer,civilian_at_work,,primary,development_evaluation_person_weighted,3,3,True,0.004890809556352589,0.005321728302864411,"{""0"":0.010868037466932545,""1"":0.00066714418179048,""2"":0.0031372470203347436}"
final_minus_W,S_F_D,S_F_W,transfer,public_coverage,,primary,validation,3,3,True,0.001383206667901371,0.0007131488995035682,"{""0"":0.0011480691013903699,""1"":0.0008173179934650165,""2"":0.0021842329088487267}"
final_minus_W,S_F_D,S_F_W,transfer,public_coverage,,primary,development_evaluation,3,3,True,0.0025906266247965695,0.0016289717044302887,"{""0"":0.0018655747730501604,""1"":0.004456240596342365,""2"":0.0014500645049971839}"
final_minus_W,S_F_D,S_F_W,transfer,public_coverage,,primary,validation_person_weighted,3,3,True,0.0028919137005088227,0.0023369589834487535,"{""0"":0.005590297781082665,""1"":0.0015222325020869953,""2"":0.0015632108183568083}"
final_minus_W,S_F_D,S_F_W,transfer,public_coverage,,primary,development_evaluation_person_weighted,3,3,True,0.003816228107353048,0.00507733345671629,"{""0"":0.0021427573119600085,""1"":0.009519064269873034,""2"":-0.00021313725977389897}"
representation_minus_source_bank,S_F_D,S_bank,transfer,same_residence,,primary,validation,3,3,True,-0.017156593355278266,0.011334805023746241,"{""0"":-0.008907996979847899,""1"":-0.012480420061148245,""2"":-0.03008136302483866}"
representation_minus_source_bank,S_F_D,S_bank,transfer,same_residence,,primary,development_evaluation,3,3,True,-0.016155912857137317,0.010376206714888609,"{""0"":-0.007781812617333794,""1"":-0.012921945548789004,""2"":-0.027763980405289157}"
representation_minus_source_bank,S_F_D,S_bank,transfer,same_residence,,primary,validation_person_weighted,3,3,True,-0.015250797580239506,0.011030762877991282,"{""0"":-0.004690947166173853,""1"":-0.014362668061924266,""2"":-0.026698777512620397}"
representation_minus_source_bank,S_F_D,S_bank,transfer,same_residence,,primary,development_evaluation_person_weighted,3,3,True,-0.013833475386158145,0.009613844245748088,"{""0"":-0.008459151963574718,""1"":-0.008108533496470671,""2"":-0.024932740698429046}"
representation_minus_source_bank,S_F_D,S_bank,transfer,commute_over20,,primary,validation,3,3,True,-0.0032718758561038896,0.0014950015094091747,"{""0"":-0.0019346395782564585,""1"":-0.0029950423219938793,""2"":-0.004885945668061331}"
representation_minus_source_bank,S_F_D,S_bank,transfer,commute_over20,,primary,development_evaluation,3,3,True,0.00010564265272805518,0.002743805298001696,"{""0"":0.0010219969960142405,""1"":0.0022740009465789246,""2"":-0.0029790699844089996}"
representation_minus_source_bank,S_F_D,S_bank,transfer,commute_over20,,primary,validation_person_weighted,3,3,True,-0.0035794147541865864,0.0016156053814896407,"{""0"":-0.005146376097970973,""1"":-0.003672663720787561,""2"":-0.0019192044438012257}"
representation_minus_source_bank,S_F_D,S_bank,transfer,commute_over20,,primary,development_evaluation_person_weighted,3,3,True,0.0008655780131278101,0.00508758834027326,"{""0"":-2.1171684562726334e-05,""1"":0.006338248175465688,""2"":-0.0037203424515195316}"
representation_minus_source_bank,S_F_D,S_bank,transfer,income_binary,,primary,validation,3,3,True,-0.01695779364927097,0.009356639780492419,"{""0"":-0.012075938073327852,""1"":-0.027745716260747455,""2"":-0.0110517266137376}"
representation_minus_source_bank,S_F_D,S_bank,transfer,income_binary,,primary,development_evaluation,3,3,True,-0.015060088733916233,0.0075271299574718705,"{""0"":-0.013968952905161147,""1"":-0.023073236734846292,""2"":-0.008138076561741259}"
representation_minus_source_bank,S_F_D,S_bank,transfer,income_binary,,primary,validation_person_weighted,3,3,True,-0.014804277062107,0.00838942495483798,"{""0"":-0.008074605124432421,""1"":-0.02420368739715395,""2"":-0.012134538664734629}"
representation_minus_source_bank,S_F_D,S_bank,transfer,income_binary,,primary,development_evaluation_person_weighted,3,3,True,-0.016243378983030982,0.007984072987306546,"{""0"":-0.016340300934045426,""1"":-0.024178549766829593,""2"":-0.00821128624821793}"
representation_minus_source_bank,S_F_D,S_bank,transfer,civilian_at_work,,primary,validation,3,3,True,-0.03568500777681749,0.012783840279314878,"{""0"":-0.02340105448631241,""1"":-0.048916056360945426,""2"":-0.03473791248319463}"
representation_minus_source_bank,S_F_D,S_bank,transfer,civilian_at_work,,primary,development_evaluation,3,3,True,-0.03854058611163935,0.009765653158773702,"{""0"":-0.02887072243965122,""1"":-0.048399289841473736,""2"":-0.0383517460537931}"
representation_minus_source_bank,S_F_D,S_bank,transfer,civilian_at_work,,primary,validation_person_weighted,3,3,True,-0.028423062413853988,0.005336663409858419,"{""0"":-0.02238106646256216,""1"":-0.03249319815145091,""2"":-0.030394922627548893}"
representation_minus_source_bank,S_F_D,S_bank,transfer,civilian_at_work,,primary,development_evaluation_person_weighted,3,3,True,-0.030933551059608617,0.004699737143457905,"{""0"":-0.029011927125527193,""1"":-0.03628959343125521,""2"":-0.027499132622043454}"
representation_minus_source_bank,S_F_D,S_bank,transfer,public_coverage,,primary,validation,3,3,True,-0.007635069525502432,0.012251886851117584,"{""0"":-0.009954590353171977,""1"":-0.01856140023990649,""2"":0.00561078201657117}"
representation_minus_source_bank,S_F_D,S_bank,transfer,public_coverage,,primary,development_evaluation,3,3,True,-0.007437325210692421,0.005608868619987356,"{""0"":-0.008152800562770568,""1"":-0.012654125942602956,""2"":-0.0015050491267037391}"
representation_minus_source_bank,S_F_D,S_bank,transfer,public_coverage,,primary,validation_person_weighted,3,3,True,-0.005454675807732419,0.011408073458586234,"{""0"":-0.0034733368663556474,""1"":-0.01772363690596962,""2"":0.004832946349128009}"
representation_minus_source_bank,S_F_D,S_bank,transfer,public_coverage,,primary,development_evaluation_person_weighted,3,3,True,-0.0056870439357248155,0.006239956849471273,"{""0"":-0.00759060744851614,""1"":-0.010753517403880586,""2"":0.0012829930452222804}"
representation_minus_source_bank,S_F_D,S_bank,audit,SEX,120,primary,validation,3,3,True,-0.015418417095286352,0.007062349243957022,"{""0"":-0.018396952938000477,""1"":-0.020503570822931638,""2"":-0.007354727524926941}"
representation_minus_source_bank,S_F_D,S_bank,audit,SEX,120,primary,development_evaluation,3,3,True,-0.01086159399273475,0.0017211846062316768,"{""0"":-0.012459504620462858,""1"":-0.011086107128835843,""2"":-0.009039170228905546}"
representation_minus_source_bank,S_F_D,S_bank,audit,SEX,120,primary,validation_person_weighted,3,3,True,-0.014899420337653235,0.010115813078902297,"{""0"":-0.02114578864675265,""1"":-0.02032415034139967,""2"":-0.003228322024807384}"
representation_minus_source_bank,S_F_D,S_bank,audit,SEX,120,primary,development_evaluation_person_weighted,3,3,True,-0.008034093498531939,0.00020759332731913442,"{""0"":-0.008155617932530057,""1"":-0.008152269395146239,""2"":-0.007794393167919522}"
representation_minus_source_bank,S_F_D,S_bank,audit,RAC1P,120,primary,validation,3,3,True,-0.038742499164325116,0.010918150084184154,"{""0"":-0.031222096543723987,""1"":-0.05126561434951982,""2"":-0.033739786599731536}"
representation_minus_source_bank,S_F_D,S_bank,audit,RAC1P,120,primary,development_evaluation,3,3,True,-0.04187391029180584,0.009675800647857074,"{""0"":-0.04568507211322337,""1"":-0.049063789916732325,""2"":-0.03087286884546181}"
representation_minus_source_bank,S_F_D,S_bank,audit,RAC1P,120,primary,validation_person_weighted,3,3,True,-0.030992510779155397,0.01155776279860721,"{""0"":-0.025682190892527323,""1"":-0.04425107856783361,""2"":-0.02304426287710526}"
representation_minus_source_bank,S_F_D,S_bank,audit,RAC1P,120,primary,development_evaluation_person_weighted,3,3,True,-0.033324123847699116,0.0037405241071524088,"{""0"":-0.03158202582970859,""1"":-0.0376179409569275,""2"":-0.030772404756461258}"
representation_minus_source_bank,S_F_D,S_bank,audit,SEX,120,pooled,validation,3,3,True,-0.018570489412703266,0.009982678215956392,"{""0"":-0.021874270028728438,""1"":-0.026482470684454418,""2"":-0.007354727524926941}"
representation_minus_source_bank,S_F_D,S_bank,audit,SEX,120,pooled,development_evaluation,3,3,True,-0.011327122983210073,0.001993050159703204,"{""0"":-0.012256150332344729,""1"":-0.012686048388379945,""2"":-0.009039170228905546}"
representation_minus_source_bank,S_F_D,S_bank,audit,SEX,120,pooled,validation_person_weighted,3,3,True,-0.015335310785125325,0.010502988091146984,"{""0"":-0.02200392808871232,""1"":-0.020773682241856273,""2"":-0.003228322024807384}"
representation_minus_source_bank,S_F_D,S_bank,audit,SEX,120,pooled,development_evaluation_person_weighted,3,3,True,-0.008841733564865875,0.0015777268227643185,"{""0"":-0.010656345472698225,""1"":-0.00807446205397988,""2"":-0.007794393167919522}"
representation_minus_source_bank,S_F_D,S_bank,audit,RAC1P,120,pooled,validation,3,3,True,-0.05292787893197056,0.007349149343354359,"{""0"":-0.04655223292673272,""1"":-0.05126561434951982,""2"":-0.06096578951965914}"
representation_minus_source_bank,S_F_D,S_bank,audit,RAC1P,120,pooled,development_evaluation,3,3,True,-0.04949693102724958,0.005397740007140256,"{""0"":-0.055098191802796403,""1"":-0.049063789916732325,""2"":-0.04432881136222}"
representation_minus_source_bank,S_F_D,S_bank,audit,RAC1P,120,pooled,validation_person_weighted,3,3,True,-0.04311238520176001,0.003417495280700118,"{""0"":-0.03927091274834815,""1"":-0.04425107856783361,""2"":-0.045815164289098265}"
representation_minus_source_bank,S_F_D,S_bank,audit,RAC1P,120,pooled,development_evaluation_person_weighted,3,3,True,-0.041998375965021616,0.0037948047264066737,"{""0"":-0.044285468473358014,""1"":-0.0376179409569275,""2"":-0.04409171846477933}"
representation_minus_source_bank,S_F_D,S_bank,audit,SEX,360,primary,validation,3,3,True,-0.014979757678289962,0.006821609392744184,"{""0"":-0.017080974687011308,""1"":-0.020503570822931638,""2"":-0.007354727524926941}"
representation_minus_source_bank,S_F_D,S_bank,audit,SEX,360,primary,development_evaluation,3,3,True,-0.011488855078265062,0.0026739048827096245,"{""0"":-0.014341287877053799,""1"":-0.011086107128835843,""2"":-0.009039170228905546}"
representation_minus_source_bank,S_F_D,S_bank,audit,SEX,360,primary,validation_person_weighted,3,3,True,-0.014568795705389345,0.009821507140664676,"{""0"":-0.020153914749960977,""1"":-0.02032415034139967,""2"":-0.003228322024807384}"
representation_minus_source_bank,S_F_D,S_bank,audit,SEX,360,primary,development_evaluation_person_weighted,3,3,True,-0.008407729740994574,0.0007733853588293384,"{""0"":-0.00927652665991796,""1"":-0.008152269395146239,""2"":-0.007794393167919522}"
representation_minus_source_bank,S_F_D,S_bank,audit,RAC1P,360,primary,validation,3,3,True,-0.038315283280505895,0.011375062542757391,"{""0"":-0.029940448892266325,""1"":-0.05126561434951982,""2"":-0.033739786599731536}"
representation_minus_source_bank,S_F_D,S_bank,audit,RAC1P,360,primary,development_evaluation,3,3,True,-0.04096241604242571,0.009256998823916583,"{""0"":-0.042950589365083,""1"":-0.049063789916732325,""2"":-0.03087286884546181}"
representation_minus_source_bank,S_F_D,S_bank,audit,RAC1P,360,primary,validation_person_weighted,3,3,True,-0.031121588566538867,0.011470637781338187,"{""0"":-0.02606942425467773,""1"":-0.04425107856783361,""2"":-0.02304426287710526}"
representation_minus_source_bank,S_F_D,S_bank,audit,RAC1P,360,primary,development_evaluation_person_weighted,3,3,True,-0.03331058536297804,0.003750043542426074,"{""0"":-0.031541410375545365,""1"":-0.0376179409569275,""2"":-0.030772404756461258}"
representation_minus_source_bank,S_F_D,S_bank,audit,SEX,360,pooled,validation,3,3,True,-0.018131829995706877,0.009792008332255462,"{""0"":-0.020558291777739268,""1"":-0.026482470684454418,""2"":-0.007354727524926941}"
representation_minus_source_bank,S_F_D,S_bank,audit,SEX,360,pooled,development_evaluation,3,3,True,-0.011954384068740387,0.0026269462228739344,"{""0"":-0.01413793358893567,""1"":-0.012686048388379945,""2"":-0.009039170228905546}"
representation_minus_source_bank,S_F_D,S_bank,audit,SEX,360,pooled,validation_person_weighted,3,3,True,-0.015004686152861435,0.010199326906910723,"{""0"":-0.02101205419192065,""1"":-0.020773682241856273,""2"":-0.003228322024807384}"
representation_minus_source_bank,S_F_D,S_bank,audit,SEX,360,pooled,development_evaluation_person_weighted,3,3,True,-0.00921536980732851,0.002223071833438154,"{""0"":-0.011777254200086129,""1"":-0.00807446205397988,""2"":-0.007794393167919522}"
representation_minus_source_bank,S_F_D,S_bank,audit,RAC1P,360,pooled,validation,3,3,True,-0.05250066304815134,0.007920155808708982,"{""0"":-0.045270585275275055,""1"":-0.05126561434951982,""2"":-0.06096578951965914}"
representation_minus_source_bank,S_F_D,S_bank,audit,RAC1P,360,pooled,development_evaluation,3,3,True,-0.04858543677786945,0.004038751233496991,"{""0"":-0.05236370905465604,""1"":-0.049063789916732325,""2"":-0.04432881136222}"
representation_minus_source_bank,S_F_D,S_bank,audit,RAC1P,360,pooled,validation_person_weighted,3,3,True,-0.04324146298914348,0.0032002673209362005,"{""0"":-0.03965814611049856,""1"":-0.04425107856783361,""2"":-0.045815164289098265}"
representation_minus_source_bank,S_F_D,S_bank,audit,RAC1P,360,pooled,development_evaluation_person_weighted,3,3,True,-0.04198483748030054,0.0037826183368567146,"{""0"":-0.044244853019194785,""1"":-0.0376179409569275,""2"":-0.04409171846477933}"
new_minus_beta0,S_F_D,D_init,transfer,same_residence,,primary,validation,3,3,True,0.0036467468876154596,0.009840254081547727,"{""0"":0.010555132998136485,""1"":0.008005123921665303,""2"":-0.007620016256955409}"
new_minus_beta0,S_F_D,D_init,transfer,same_residence,,primary,development_evaluation,3,3,True,0.008929936381920503,0.009105158649122322,"{""0"":0.017435301446137086,""1"":0.010029635363586253,""2"":-0.0006751276639618276}"
new_minus_beta0,S_F_D,D_init,transfer,same_residence,,primary,validation_person_weighted,3,3,True,0.005323596141234103,0.011792297845864493,"{""0"":0.017819175669632314,""1"":0.0037612794238774394,""2"":-0.005609666669807445}"
new_minus_beta0,S_F_D,D_init,transfer,same_residence,,primary,development_evaluation_person_weighted,3,3,True,0.012124590749820252,0.008783111017841516,"{""0"":0.018462791345691898,""1"":0.015812125855389436,""2"":0.002098855048379422}"
new_minus_beta0,S_F_D,D_init,transfer,commute_over20,,primary,validation,3,3,True,0.0017418805682211473,0.0029485931775076316,"{""0"":0.0027055481175469742,""1"":0.00408806913562465,""2"":-0.0015679755485081825}"
new_minus_beta0,S_F_D,D_init,transfer,commute_over20,,primary,development_evaluation,3,3,True,-0.0010337147928765056,0.005312474455317361,"{""0"":0.001999216938789572,""1"":0.0020675437453329115,""2"":-0.007167905062752}"
new_minus_beta0,S_F_D,D_init,transfer,commute_over20,,primary,validation_person_weighted,3,3,True,0.0012564401070285964,0.006079065500272005,"{""0"":-0.0022473106246533314,""1"":0.008275936896650515,""2"":-0.0022593059509113944}"
new_minus_beta0,S_F_D,D_init,transfer,commute_over20,,primary,development_evaluation_person_weighted,3,3,True,-0.0011375531563792747,0.0062305479389840645,"{""0"":0.00283239083845388,""1"":0.0020735681987522625,""2"":-0.008318618506343967}"
new_minus_beta0,S_F_D,D_init,transfer,income_binary,,primary,validation,3,3,True,0.004260283999361496,0.007465539988049215,"{""0"":0.009562481120954258,""1"":0.007495552448529064,""2"":-0.004277181571398836}"
new_minus_beta0,S_F_D,D_init,transfer,income_binary,,primary,development_evaluation,3,3,True,0.0020938460191548916,0.002364182295646359,"{""0"":0.0008985435965701005,""1"":0.004817008231587927,""2"":0.0005659862293066475}"
new_minus_beta0,S_F_D,D_init,transfer,income_binary,,primary,validation_person_weighted,3,3,True,0.004799424383941838,0.009638814645479518,"{""0"":0.01230030225635359,""1"":0.00817003671333455,""2"":-0.006072065817862626}"
new_minus_beta0,S_F_D,D_init,transfer,income_binary,,primary,development_evaluation_person_weighted,3,3,True,0.004167049170610855,0.0017488959188467143,"{""0"":0.0046441102627523545,""1"":0.005627914538014145,""2"":0.002229122711066067}"
new_minus_beta0,S_F_D,D_init,transfer,civilian_at_work,,primary,validation,3,3,True,0.007881351595231659,0.0072630458586724145,"{""0"":0.015623059309216203,""1"":0.006803579620068612,""2"":0.0012174158564101645}"
new_minus_beta0,S_F_D,D_init,transfer,civilian_at_work,,primary,development_evaluation,3,3,True,0.010613906778681384,0.005655860888721028,"{""0"":0.017144596026500813,""1"":0.007385111489594531,""2"":0.00731201281994881}"
new_minus_beta0,S_F_D,D_init,transfer,civilian_at_work,,primary,validation_person_weighted,3,3,True,0.00740709010072151,0.005715167756506325,"{""0"":0.013761266669355066,""1"":0.005773203872514288,""2"":0.0026867997602951776}"
new_minus_beta0,S_F_D,D_init,transfer,civilian_at_work,,primary,development_evaluation_person_weighted,3,3,True,0.00890982825659925,0.006487071933562404,"{""0"":0.016020923661103803,""1"":0.0033155692255319447,""2"":0.007392991883162003}"
new_minus_beta0,S_F_D,D_init,transfer,public_coverage,,primary,validation,3,3,True,0.007140057841153902,0.006078051739710145,"{""0"":0.004356239183409105,""1"":0.0029524978214961473,""2"":0.014111436518556453}"
new_minus_beta0,S_F_D,D_init,transfer,public_coverage,,primary,development_evaluation,3,3,True,0.003694533429310032,0.002574417184027539,"{""0"":0.00310975201797814,""1"":0.0014628110505170433,""2"":0.006511037219434912}"
new_minus_beta0,S_F_D,D_init,transfer,public_coverage,,primary,validation_person_weighted,3,3,True,0.005479461110719323,0.006250810867301555,"{""0"":0.0021364904831870923,""1"":0.0016109963311752296,""2"":0.012690896517795647}"
new_minus_beta0,S_F_D,D_init,transfer,public_coverage,,primary,development_evaluation_person_weighted,3,3,True,0.0032496260327857054,0.0022004628907441566,"{""0"":0.001818247305839571,""1"":0.005783392165423562,""2"":0.0021472386270939836}"
new_minus_beta0,S_F_D,D_init,audit,SEX,120,primary,validation,3,3,True,-0.0015913371295375918,0.002436411680724447,"{""0"":-0.0037211861324093487,""1"":-0.0021182384027061962,""2"":0.0010654131465027694}"
new_minus_beta0,S_F_D,D_init,audit,SEX,120,primary,development_evaluation,3,3,True,0.007831724426843656,0.0012308051685948661,"{""0"":0.006572356290201475,""1"":0.009031825259774307,""2"":0.007890991730555186}"
new_minus_beta0,S_F_D,D_init,audit,SEX,120,primary,validation_person_weighted,3,3,True,-0.006514436883743831,0.0031265962776538727,"{""0"":-0.006183596810160008,""1"":-0.0035664162325311777,""2"":-0.009793297608540308}"
new_minus_beta0,S_F_D,D_init,audit,SEX,120,primary,development_evaluation_person_weighted,3,3,True,0.00514698563342338,0.0018016980701772098,"{""0"":0.00629960272211616,""1"":0.006070584193273887,""2"":0.003070769984880095}"
new_minus_beta0,S_F_D,D_init,audit,RAC1P,120,primary,validation,3,3,True,-0.014127311256691755,0.010874858107212778,"{""0"":-0.009751976853947353,""1"":-0.026508352555983272,""2"":-0.006121604360144639}"
new_minus_beta0,S_F_D,D_init,audit,RAC1P,120,primary,development_evaluation,3,3,True,-0.01143923610447565,0.007169286365077403,"{""0"":-0.019683045529491627,""1"":-0.007971832429016557,""2"":-0.0066628303549187695}"
new_minus_beta0,S_F_D,D_init,audit,RAC1P,120,primary,validation_person_weighted,3,3,True,-0.014488850305849343,0.007147569534846505,"{""0"":-0.017122333721937055,""1"":-0.019946053097014138,""2"":-0.006398164098596837}"
new_minus_beta0,S_F_D,D_init,audit,RAC1P,120,primary,development_evaluation_person_weighted,3,3,True,-0.009762381553856114,0.00915929837468918,"{""0"":-0.01718024640056215,""1"":0.0004752726091321602,""2"":-0.012582170870138354}"
new_minus_beta0,S_F_D,D_init,audit,SEX,120,pooled,validation,3,3,True,-0.003979081245833238,0.004423940034763604,"{""0"":-0.007198503223137309,""1"":-0.0058041536608651745,""2"":0.0010654131465027694}"
new_minus_beta0,S_F_D,D_init,audit,SEX,120,pooled,development_evaluation,3,3,True,0.0035546011370757302,0.0065686998784588516,"{""0"":0.006775710578319605,""1"":-0.0040028988976476,""2"":0.007890991730555186}"
new_minus_beta0,S_F_D,D_init,audit,SEX,120,pooled,validation_person_weighted,3,3,True,-0.009270912911705934,0.002019313392622019,"{""0"":-0.007041736252119679,""1"":-0.010977704874457817,""2"":-0.009793297608540308}"
new_minus_beta0,S_F_D,D_init,audit,SEX,120,pooled,development_evaluation_person_weighted,3,3,True,-0.0016416590026895699,0.008800257392636108,"{""0"":0.0037988751819479916,""1"":-0.011794622174896796,""2"":0.003070769984880095}"
new_minus_beta0,S_F_D,D_init,audit,RAC1P,120,pooled,validation,3,3,True,-0.01643219613286558,0.007700168515211193,"{""0"":-0.01220373406942632,""1"":-0.02532010242962346,""2"":-0.011772751899546963}"
new_minus_beta0,S_F_D,D_init,audit,RAC1P,120,pooled,development_evaluation,3,3,True,-0.01065327878964443,0.005228372557639681,"{""0"":-0.009582343957752704,""1"":-0.006043291556984354,""2"":-0.016334200854196235}"
new_minus_beta0,S_F_D,D_init,audit,RAC1P,120,pooled,validation_person_weighted,3,3,True,-0.014308387741117645,0.002887356781009794,"{""0"":-0.016677452991388675,""1"":-0.015155474312783523,""2"":-0.011092235919180737}"
new_minus_beta0,S_F_D,D_init,audit,RAC1P,120,pooled,development_evaluation_person_weighted,3,3,True,-0.011690932199572698,0.008746943807563117,"{""0"":-0.01569275299460937,""1"":-0.0016589509695952298,""2"":-0.01772109263451349}"
new_minus_beta0,S_F_D,D_init,audit,SEX,360,primary,validation,3,3,True,-0.0015913371295375918,0.002436411680724447,"{""0"":-0.0037211861324093487,""1"":-0.0021182384027061962,""2"":0.0010654131465027694}"
new_minus_beta0,S_F_D,D_init,audit,SEX,360,primary,development_evaluation,3,3,True,0.007831724426843656,0.0012308051685948661,"{""0"":0.006572356290201475,""1"":0.009031825259774307,""2"":0.007890991730555186}"
new_minus_beta0,S_F_D,D_init,audit,SEX,360,primary,validation_person_weighted,3,3,True,-0.006514436883743831,0.0031265962776538727,"{""0"":-0.006183596810160008,""1"":-0.0035664162325311777,""2"":-0.009793297608540308}"
new_minus_beta0,S_F_D,D_init,audit,SEX,360,primary,development_evaluation_person_weighted,3,3,True,0.00514698563342338,0.0018016980701772098,"{""0"":0.00629960272211616,""1"":0.006070584193273887,""2"":0.003070769984880095}"
new_minus_beta0,S_F_D,D_init,audit,RAC1P,360,primary,validation,3,3,True,-0.014127311256691755,0.010874858107212778,"{""0"":-0.009751976853947353,""1"":-0.026508352555983272,""2"":-0.006121604360144639}"
new_minus_beta0,S_F_D,D_init,audit,RAC1P,360,primary,development_evaluation,3,3,True,-0.01143923610447565,0.007169286365077403,"{""0"":-0.019683045529491627,""1"":-0.007971832429016557,""2"":-0.0066628303549187695}"
new_minus_beta0,S_F_D,D_init,audit,RAC1P,360,primary,validation_person_weighted,3,3,True,-0.014488850305849343,0.007147569534846505,"{""0"":-0.017122333721937055,""1"":-0.019946053097014138,""2"":-0.006398164098596837}"
new_minus_beta0,S_F_D,D_init,audit,RAC1P,360,primary,development_evaluation_person_weighted,3,3,True,-0.009762381553856114,0.00915929837468918,"{""0"":-0.01718024640056215,""1"":0.0004752726091321602,""2"":-0.012582170870138354}"
new_minus_beta0,S_F_D,D_init,audit,SEX,360,pooled,validation,3,3,True,-0.003979081245833238,0.004423940034763604,"{""0"":-0.007198503223137309,""1"":-0.0058041536608651745,""2"":0.0010654131465027694}"
new_minus_beta0,S_F_D,D_init,audit,SEX,360,pooled,development_evaluation,3,3,True,0.0035546011370757302,0.0065686998784588516,"{""0"":0.006775710578319605,""1"":-0.0040028988976476,""2"":0.007890991730555186}"
new_minus_beta0,S_F_D,D_init,audit,SEX,360,pooled,validation_person_weighted,3,3,True,-0.009270912911705934,0.002019313392622019,"{""0"":-0.007041736252119679,""1"":-0.010977704874457817,""2"":-0.009793297608540308}"
new_minus_beta0,S_F_D,D_init,audit,SEX,360,pooled,development_evaluation_person_weighted,3,3,True,-0.0016416590026895699,0.008800257392636108,"{""0"":0.0037988751819479916,""1"":-0.011794622174896796,""2"":0.003070769984880095}"
new_minus_beta0,S_F_D,D_init,audit,RAC1P,360,pooled,validation,3,3,True,-0.01643219613286558,0.007700168515211193,"{""0"":-0.01220373406942632,""1"":-0.02532010242962346,""2"":-0.011772751899546963}"
new_minus_beta0,S_F_D,D_init,audit,RAC1P,360,pooled,development_evaluation,3,3,True,-0.01065327878964443,0.005228372557639681,"{""0"":-0.009582343957752704,""1"":-0.006043291556984354,""2"":-0.016334200854196235}"
new_minus_beta0,S_F_D,D_init,audit,RAC1P,360,pooled,validation_person_weighted,3,3,True,-0.014308387741117645,0.002887356781009794,"{""0"":-0.016677452991388675,""1"":-0.015155474312783523,""2"":-0.011092235919180737}"
new_minus_beta0,S_F_D,D_init,audit,RAC1P,360,pooled,development_evaluation_person_weighted,3,3,True,-0.011690932199572698,0.008746943807563117,"{""0"":-0.01569275299460937,""1"":-0.0016589509695952298,""2"":-0.01772109263451349}"
new_minus_historical_selective,S_F_D,S_rho0_D,transfer,same_residence,,primary,validation,3,3,True,0.00239448509652318,0.003902761306541039,"{""0"":0.0029667806847711864,""1"":-0.001762825847816507,""2"":0.005979500452614861}"
new_minus_historical_selective,S_F_D,S_rho0_D,transfer,same_residence,,primary,development_evaluation,3,3,True,0.005412830698297677,0.00441045444570942,"{""0"":0.0019003236742577423,""1"":0.010362644797222265,""2"":0.003975523623413024}"
new_minus_historical_selective,S_F_D,S_rho0_D,transfer,same_residence,,primary,validation_person_weighted,3,3,True,0.0030159049574240058,0.00489231704904723,"{""0"":0.0047352660826515125,""1"":-0.0025039917052424587,""2"":0.006816440494862963}"
new_minus_historical_selective,S_F_D,S_rho0_D,transfer,same_residence,,primary,development_evaluation_person_weighted,3,3,True,0.004510801525220431,0.004412887355808254,"{""0"":0.0008086475682401728,""1"":0.009394058721666598,""2"":0.003329698285754523}"
new_minus_historical_selective,S_F_D,S_rho0_D,transfer,commute_over20,,primary,validation,3,3,True,0.0006127069678028748,0.0010601463584518787,"{""0"":0.0005305998789951749,""1"":-0.0004039984966485166,""2"":0.001711519521061966}"
new_minus_historical_selective,S_F_D,S_rho0_D,transfer,commute_over20,,primary,development_evaluation,3,3,True,-9.555875102388682e-05,0.002195802568101615,"{""0"":0.0018225489030919695,""1"":0.0003814223060690791,""2"":-0.002490647462232709}"
new_minus_historical_selective,S_F_D,S_rho0_D,transfer,commute_over20,,primary,validation_person_weighted,3,3,True,0.0011017754973364398,0.0012850970282655035,"{""0"":9.671448196169052e-05,""1"":0.0006588623850298791,""2"":0.00254974962501775}"
new_minus_historical_selective,S_F_D,S_rho0_D,transfer,commute_over20,,primary,development_evaluation_person_weighted,3,3,True,-0.0009426326278939948,0.00288943264271327,"{""0"":0.000507426870654637,""1"":0.0009346090507920124,""2"":-0.004269933805128634}"
new_minus_historical_selective,S_F_D,S_rho0_D,transfer,income_binary,,primary,validation,3,3,True,0.002758643050963794,0.0019656368122001697,"{""0"":0.004204243934501972,""1"":0.0035512325397444866,""2"":0.0005204526786449226}"
new_minus_historical_selective,S_F_D,S_rho0_D,transfer,income_binary,,primary,development_evaluation,3,3,True,0.002813172599751723,0.0011629209012360055,"{""0"":0.001951950283966497,""1"":0.004136032105710452,""2"":0.0023515354095782204}"
new_minus_historical_selective,S_F_D,S_rho0_D,transfer,income_binary,,primary,validation_person_weighted,3,3,True,0.0022830949704309433,0.004528138640542444,"{""0"":0.005067877800360998,""1"":0.004723167252693672,""2"":-0.00294176014176184}"
new_minus_historical_selective,S_F_D,S_rho0_D,transfer,income_binary,,primary,development_evaluation_person_weighted,3,3,True,0.0026340148097278395,0.0017357701317546755,"{""0"":0.0024491513833602707,""1"":0.00445481774619827,""2"":0.0009980752996249787}"
new_minus_historical_selective,S_F_D,S_rho0_D,transfer,civilian_at_work,,primary,validation,3,3,True,0.0010702593103662876,0.00595615428492099,"{""0"":0.00781395349430869,""1"":-0.00113209411728743,""2"":-0.003471081445922397}"
new_minus_historical_selective,S_F_D,S_rho0_D,transfer,civilian_at_work,,primary,development_evaluation,3,3,True,-0.00034242782245813563,0.008029286784541146,"{""0"":0.008428706911844941,""1"":-0.007329887361267384,""2"":-0.0021261030179519635}"
new_minus_historical_selective,S_F_D,S_rho0_D,transfer,civilian_at_work,,primary,validation_person_weighted,3,3,True,-0.0012298270601372823,0.003096008668100365,"{""0"":0.001881771046949532,""1"":-0.001261245062915195,""2"":-0.0043100071644461835}"
new_minus_historical_selective,S_F_D,S_rho0_D,transfer,civilian_at_work,,primary,development_evaluation_person_weighted,3,3,True,-0.001756869063703148,0.008492669056425664,"{""0"":0.0060755119229917165,""1"":-0.010783419990661458,""2"":-0.0005626991234397027}"
new_minus_historical_selective,S_F_D,S_rho0_D,transfer,public_coverage,,primary,validation,3,3,True,0.0014202284500578848,0.004005933875168566,"{""0"":-0.000938158991044602,""1"":-0.0008467369552091486,""2"":0.006045581296427405}"
new_minus_historical_selective,S_F_D,S_rho0_D,transfer,public_coverage,,primary,development_evaluation,3,3,True,0.004206989594315498,0.003149510134485629,"{""0"":0.0014624082114578218,""1"":0.003512914185102689,""2"":0.007645646386385985}"
new_minus_historical_selective,S_F_D,S_rho0_D,transfer,public_coverage,,primary,validation_person_weighted,3,3,True,0.003020231834519216,0.0027749255326999797,"{""0"":0.0024918455797805494,""1"":0.00054748914123387,""2"":0.006021360782543228}"
new_minus_historical_selective,S_F_D,S_rho0_D,transfer,public_coverage,,primary,development_evaluation_person_weighted,3,3,True,0.0038593547336763976,0.0031727436674883307,"{""0"":0.00021595363773319054,""1"":0.005348604202318752,""2"":0.00601350636097725}"
new_minus_historical_selective,S_F_D,S_rho0_D,audit,SEX,120,primary,validation,3,3,True,-0.0002987323966141542,0.0010086228080927817,"{""0"":0.00028758917468330036,""1"":-0.0014633805489403517,""2"":0.00027959418441458883}"
new_minus_historical_selective,S_F_D,S_rho0_D,audit,SEX,120,primary,development_evaluation,3,3,True,9.93926033328781e-05,0.0018559114158398008,"{""0"":0.00053147058402081,""1"":0.001701151359548736,""2"":-0.0019344441335709117}"
new_minus_historical_selective,S_F_D,S_rho0_D,audit,SEX,120,primary,validation_person_weighted,3,3,True,0.0002353418597308421,0.0018349657764693242,"{""0"":0.0013825364553566866,""1"":-0.0018809990397991028,""2"":0.0012044881636349425}"
new_minus_historical_selective,S_F_D,S_rho0_D,audit,SEX,120,primary,development_evaluation_person_weighted,3,3,True,0.0010014575469899922,0.0017599002876177684,"{""0"":0.0027551647768017107,""1"":0.0010137789634681038,""2"":-0.0007645710992998378}"
new_minus_historical_selective,S_F_D,S_rho0_D,audit,RAC1P,120,primary,validation,3,3,True,0.003230302320807269,0.0015108906228580685,"{""0"":0.004956989944835177,""1"":0.002150850061452436,""2"":0.0025830669561341946}"
new_minus_historical_selective,S_F_D,S_rho0_D,audit,RAC1P,120,primary,development_evaluation,3,3,True,0.00294007369132121,0.005332953216433911,"{""0"":0.006974661247983072,""1"":0.004951671503042654,""2"":-0.0031061116770620956}"
new_minus_historical_selective,S_F_D,S_rho0_D,audit,RAC1P,120,primary,validation_person_weighted,3,3,True,0.003980932049205614,0.002507330697569252,"{""0"":0.006403628300672759,""1"":0.004142396504204893,""2"":0.0013967713427391892}"
new_minus_historical_selective,S_F_D,S_rho0_D,audit,RAC1P,120,primary,development_evaluation_person_weighted,3,3,True,0.0026983018229202274,0.0038138012211244962,"{""0"":0.006340556804084185,""1"":0.003020900934167514,""2"":-0.001266552269491017}"
new_minus_historical_selective,S_F_D,S_rho0_D,audit,SEX,120,pooled,validation,3,3,True,-0.00024233321510484332,0.0027575986826159746,"{""0"":0.0022170053360973663,""1"":-0.003223599165826485,""2"":0.00027959418441458883}"
new_minus_historical_selective,S_F_D,S_rho0_D,audit,SEX,120,pooled,development_evaluation,3,3,True,-0.0008634372969462308,0.004105045809825942,"{""0"":0.0036709546379037894,""1"":-0.00432682239517157,""2"":-0.0019344441335709117}"
new_minus_historical_selective,S_F_D,S_rho0_D,audit,SEX,120,pooled,validation_person_weighted,3,3,True,0.0008205240959409851,0.0010807299039894097,"{""0"":0.0016568444599405208,""1"":-0.00039976033575250813,""2"":0.0012044881636349425}"
new_minus_historical_selective,S_F_D,S_rho0_D,audit,SEX,120,pooled,development_evaluation_person_weighted,3,3,True,0.0006786745055540703,0.003973651846637492,"{""0"":0.005172258414797737,""1"":-0.002371663798835688,""2"":-0.0007645710992998378}"
new_minus_historical_selective,S_F_D,S_rho0_D,audit,RAC1P,120,pooled,validation,3,3,True,0.00042176620342101084,0.00550049367758511,"{""0"":0.004849967651527898,""1"":0.002150850061452436,""2"":-0.005735519102717301}"
new_minus_historical_selective,S_F_D,S_rho0_D,audit,RAC1P,120,pooled,development_evaluation,3,3,True,0.005276033280554149,0.003864437116182699,"{""0"":0.009292428265970543,""1"":0.004951671503042654,""2"":0.0015840000726492498}"
new_minus_historical_selective,S_F_D,S_rho0_D,audit,RAC1P,120,pooled,validation_person_weighted,3,3,True,-0.0018028063806156218,0.009903829541466463,"{""0"":0.003684897229403683,""1"":0.004142396504204893,""2"":-0.013235712875455441}"
new_minus_historical_selective,S_F_D,S_rho0_D,audit,RAC1P,120,pooled,development_evaluation_person_weighted,3,3,True,0.004504129513147603,0.003803847764342813,"{""0"":0.008826146370948695,""1"":0.003020900934167514,""2"":0.0016653412343266005}"
new_minus_historical_selective,S_F_D,S_rho0_D,audit,SEX,360,primary,validation,3,3,True,-0.0002987323966141542,0.0010086228080927817,"{""0"":0.00028758917468330036,""1"":-0.0014633805489403517,""2"":0.00027959418441458883}"
new_minus_historical_selective,S_F_D,S_rho0_D,audit,SEX,360,primary,development_evaluation,3,3,True,9.93926033328781e-05,0.0018559114158398008,"{""0"":0.00053147058402081,""1"":0.001701151359548736,""2"":-0.0019344441335709117}"
new_minus_historical_selective,S_F_D,S_rho0_D,audit,SEX,360,primary,validation_person_weighted,3,3,True,0.0002353418597308421,0.0018349657764693242,"{""0"":0.0013825364553566866,""1"":-0.0018809990397991028,""2"":0.0012044881636349425}"
new_minus_historical_selective,S_F_D,S_rho0_D,audit,SEX,360,primary,development_evaluation_person_weighted,3,3,True,0.0010014575469899922,0.0017599002876177684,"{""0"":0.0027551647768017107,""1"":0.0010137789634681038,""2"":-0.0007645710992998378}"
new_minus_historical_selective,S_F_D,S_rho0_D,audit,RAC1P,360,primary,validation,3,3,True,0.003230302320807269,0.0015108906228580685,"{""0"":0.004956989944835177,""1"":0.002150850061452436,""2"":0.0025830669561341946}"
new_minus_historical_selective,S_F_D,S_rho0_D,audit,RAC1P,360,primary,development_evaluation,3,3,True,0.00294007369132121,0.005332953216433911,"{""0"":0.006974661247983072,""1"":0.004951671503042654,""2"":-0.0031061116770620956}"
new_minus_historical_selective,S_F_D,S_rho0_D,audit,RAC1P,360,primary,validation_person_weighted,3,3,True,0.003980932049205614,0.002507330697569252,"{""0"":0.006403628300672759,""1"":0.004142396504204893,""2"":0.0013967713427391892}"
new_minus_historical_selective,S_F_D,S_rho0_D,audit,RAC1P,360,primary,development_evaluation_person_weighted,3,3,True,0.0026983018229202274,0.0038138012211244962,"{""0"":0.006340556804084185,""1"":0.003020900934167514,""2"":-0.001266552269491017}"
new_minus_historical_selective,S_F_D,S_rho0_D,audit,SEX,360,pooled,validation,3,3,True,-0.00024233321510484332,0.0027575986826159746,"{""0"":0.0022170053360973663,""1"":-0.003223599165826485,""2"":0.00027959418441458883}"
new_minus_historical_selective,S_F_D,S_rho0_D,audit,SEX,360,pooled,development_evaluation,3,3,True,-0.0008634372969462308,0.004105045809825942,"{""0"":0.0036709546379037894,""1"":-0.00432682239517157,""2"":-0.0019344441335709117}"
new_minus_historical_selective,S_F_D,S_rho0_D,audit,SEX,360,pooled,validation_person_weighted,3,3,True,0.0008205240959409851,0.0010807299039894097,"{""0"":0.0016568444599405208,""1"":-0.00039976033575250813,""2"":0.0012044881636349425}"
new_minus_historical_selective,S_F_D,S_rho0_D,audit,SEX,360,pooled,development_evaluation_person_weighted,3,3,True,0.0006786745055540703,0.003973651846637492,"{""0"":0.005172258414797737,""1"":-0.002371663798835688,""2"":-0.0007645710992998378}"
new_minus_historical_selective,S_F_D,S_rho0_D,audit,RAC1P,360,pooled,validation,3,3,True,0.00042176620342101084,0.00550049367758511,"{""0"":0.004849967651527898,""1"":0.002150850061452436,""2"":-0.005735519102717301}"
new_minus_historical_selective,S_F_D,S_rho0_D,audit,RAC1P,360,pooled,development_evaluation,3,3,True,0.005276033280554149,0.003864437116182699,"{""0"":0.009292428265970543,""1"":0.004951671503042654,""2"":0.0015840000726492498}"
new_minus_historical_selective,S_F_D,S_rho0_D,audit,RAC1P,360,pooled,validation_person_weighted,3,3,True,-0.0018028063806156218,0.009903829541466463,"{""0"":0.003684897229403683,""1"":0.004142396504204893,""2"":-0.013235712875455441}"
new_minus_historical_selective,S_F_D,S_rho0_D,audit,RAC1P,360,pooled,development_evaluation_person_weighted,3,3,True,0.004504129513147603,0.003803847764342813,"{""0"":0.008826146370948695,""1"":0.003020900934167514,""2"":0.0016653412343266005}"
D_minus_C,S_K_D,S_K_C,transfer,same_residence,,primary,validation,3,3,True,0.0006172316477597676,0.0003008212521230729,"{""0"":0.0007559495725750764,""1"":0.0002720803201022859,""2"":0.0008236650506019405}"
D_minus_C,S_K_D,S_K_C,transfer,same_residence,,primary,development_evaluation,3,3,True,0.00012611599158611023,0.0006137143697370229,"{""0"":0.0003480931845559754,""1"":-0.0005677018440183312,""2"":0.0005979566342206866}"
D_minus_C,S_K_D,S_K_C,transfer,same_residence,,primary,validation_person_weighted,3,3,True,0.0005883099020172478,0.0002910032116243156,"{""0"":0.0008788416844683344,""1"":0.00029683754132125983,""2"":0.000589250480262149}"
D_minus_C,S_K_D,S_K_C,transfer,same_residence,,primary,development_evaluation_person_weighted,3,3,True,4.292021370070713e-06,0.0007058619583962654,"{""0"":0.0003121616980422126,""1"":-0.0008032124773315608,""2"":0.0005039268433995603}"
D_minus_C,S_K_D,S_K_C,transfer,commute_over20,,primary,validation,3,3,True,0.00011522221302369869,4.6523500775092524e-05,"{""0"":0.0001680116730009562,""1"":8.020247226103727e-05,""2"":9.745249380910259e-05}"
D_minus_C,S_K_D,S_K_C,transfer,commute_over20,,primary,development_evaluation,3,3,True,-0.00019813515149225136,0.0001834002377801666,"{""0"":-0.00031254665061797304,""1"":1.3401910086918711e-05,""2"":-0.00029526071394569975}"
D_minus_C,S_K_D,S_K_C,transfer,commute_over20,,primary,validation_person_weighted,3,3,True,8.617319586678995e-05,0.00019780806273708387,"{""0"":0.0003054222007995433,""1"":-7.89079118039826e-05,""2"":3.200529860480916e-05}"
D_minus_C,S_K_D,S_K_C,transfer,commute_over20,,primary,development_evaluation_person_weighted,3,3,True,-0.0002234624555355058,0.00011467861009141902,"{""0"":-0.00026581940740666443,""1"":-9.363040127119415e-05,""2"":-0.00031093755792865885}"
D_minus_C,S_K_D,S_K_C,transfer,income_binary,,primary,validation,3,3,True,0.00040852066646866286,0.0005201757462482676,"{""0"":0.0006479639150167582,""1"":0.0007658556478804535,""2"":-0.00018825756349122313}"
D_minus_C,S_K_D,S_K_C,transfer,income_binary,,primary,development_evaluation,3,3,True,-0.00046397334375071947,0.00013466722352286188,"{""0"":-0.0005703938202933911,""1"":-0.00031257312268745396,""2"":-0.0005089530882713134}"
D_minus_C,S_K_D,S_K_C,transfer,income_binary,,primary,validation_person_weighted,3,3,True,0.00023710996531121445,0.0003811270009213336,"{""0"":0.00030765850068531497,""1"":0.000578033742473838,""2"":-0.00017436234722550958}"
D_minus_C,S_K_D,S_K_C,transfer,income_binary,,primary,development_evaluation_person_weighted,3,3,True,-4.9379215826502364e-05,0.0002298942299403469,"{""0"":0.00019273561737587208,""1"":-7.61675355963054e-05,""2"":-0.00026470572925907376}"
D_minus_C,S_K_D,S_K_C,transfer,civilian_at_work,,primary,validation,3,3,True,0.0007954016080463644,0.00027895732337900015,"{""0"":0.0010860552738273799,""1"":0.0007703142162424625,""2"":0.0005298353340692508}"
D_minus_C,S_K_D,S_K_C,transfer,civilian_at_work,,primary,development_evaluation,3,3,True,0.0009050305701307863,0.001432182001764083,"{""0"":-5.252335506211736e-05,""1"":0.0025514817794406452,""2"":0.00021613328601383097}"
D_minus_C,S_K_D,S_K_C,transfer,civilian_at_work,,primary,validation_person_weighted,3,3,True,0.0006469924185784995,0.0007572282637547187,"{""0"":0.0014520176350032443,""1"":-5.106281620270714e-05,""2"":0.0005400224369349615}"
D_minus_C,S_K_D,S_K_C,transfer,civilian_at_work,,primary,development_evaluation_person_weighted,3,3,True,0.0011302133388900737,0.0009075950766544667,"{""0"":0.000987308597806491,""1"":0.0021007833321038394,""2"":0.00030254808675989064}"
D_minus_C,S_K_D,S_K_C,transfer,public_coverage,,primary,validation,3,3,True,0.00041237143616421984,0.000339225705752449,"{""0"":5.9239103436192764e-05,""1"":0.0007357274050684426,""2"":0.0004421477999880241}"
D_minus_C,S_K_D,S_K_C,transfer,public_coverage,,primary,development_evaluation,3,3,True,0.0001418511307825221,0.00024108381682506967,"{""0"":0.00013996248403391753,""1"":0.00038387372255743735,""2"":-9.82828142437886e-05}"
D_minus_C,S_K_D,S_K_C,transfer,public_coverage,,primary,validation_person_weighted,3,3,True,0.0007546997726767998,0.00042177621727655933,"{""0"":0.0003225046293442446,""1"":0.0011652213552572066,""2"":0.000776373333428948}"
D_minus_C,S_K_D,S_K_C,transfer,public_coverage,,primary,development_evaluation_person_weighted,3,3,True,-5.656882443131709e-05,0.0003406656010408143,"{""0"":4.566964460339662e-05,""1"":0.0002212701805279771,""2"":-0.000436646298425325}"
D_minus_C,S_K_D,S_K_C,audit,SEX,120,primary,validation,3,3,True,-9.187622979863382e-05,4.3190921722148616e-05,"{""0"":-0.00011688888852678936,""1"":-0.0001167360735958578,""2"":-4.20037272732543e-05}"
D_minus_C,S_K_D,S_K_C,audit,SEX,120,primary,development_evaluation,3,3,True,0.000401311937085036,0.0005156025196355388,"{""0"":0.0009864868050600828,""1"":0.00020371786429873584,""2"":1.3731141896289323e-05}"
D_minus_C,S_K_D,S_K_C,audit,SEX,120,primary,validation_person_weighted,3,3,True,-0.0006890590831472773,0.0015530419696972017,"{""0"":-0.002461277241290638,""1"":0.0004344767416822881,""2"":-4.037674983348172e-05}"
D_minus_C,S_K_D,S_K_C,audit,SEX,120,primary,development_evaluation_person_weighted,3,3,True,0.0008252874292700533,0.0009418380654429584,"{""0"":0.0019073350409253287,""1"":0.00018971910429577132,""2"":0.0003788081425890599}"
D_minus_C,S_K_D,S_K_C,audit,RAC1P,120,primary,validation,3,3,True,0.0006559094716483601,0.0007973568763021085,"{""0"":0.001381714964749703,""1"":-0.00019758758573784618,""2"":0.0007836010359332235}"
D_minus_C,S_K_D,S_K_C,audit,RAC1P,120,primary,development_evaluation,3,3,True,0.0005216196425286146,0.0008531073666059226,"{""0"":0.0014959062089550113,""1"":0.00016043843225044263,""2"":-9.148571361961011e-05}"
D_minus_C,S_K_D,S_K_C,audit,RAC1P,120,primary,validation_person_weighted,3,3,True,0.00018208954275666933,0.0006873902205555914,"{""0"":0.0008762693053327997,""1"":-0.0004983037412109592,""2"":0.00016830306414816754}"
D_minus_C,S_K_D,S_K_C,audit,RAC1P,120,primary,development_evaluation_person_weighted,3,3,True,0.0006940652596191624,0.0014359552044040415,"{""0"":0.0023504861935772503,""1"":-0.00019871777285107584,""2"":-6.957264186868706e-05}"
D_minus_C,S_K_D,S_K_C,audit,SEX,120,pooled,validation,3,3,True,-0.0010610322628426723,0.0017006996243319312,"{""0"":-0.003024356987658905,""1"":-0.0001167360735958578,""2"":-4.20037272732543e-05}"
D_minus_C,S_K_D,S_K_C,audit,SEX,120,pooled,development_evaluation,3,3,True,0.00013963060161377902,0.0001090380642197832,"{""0"":0.00020144279864631187,""1"":0.00020371786429873584,""2"":1.3731141896289323e-05}"
D_minus_C,S_K_D,S_K_C,audit,SEX,120,pooled,validation_person_weighted,3,3,True,-0.0008722452260374233,0.0018672301076011906,"{""0"":-0.003010835669961076,""1"":0.0004344767416822881,""2"":-4.037674983348172e-05}"
D_minus_C,S_K_D,S_K_C,audit,SEX,120,pooled,development_evaluation_person_weighted,3,3,True,-0.0012263521309591925,0.0026181708382837987,"{""0"":-0.004247583639762409,""1"":0.00018971910429577132,""2"":0.0003788081425890599}"
D_minus_C,S_K_D,S_K_C,audit,RAC1P,120,pooled,validation,3,3,True,-0.001839611052979991,0.0018633347873305709,"{""0"":-0.0014565315402887968,""1"":-0.00019758758573784618,""2"":-0.00386471403291333}"
D_minus_C,S_K_D,S_K_C,audit,RAC1P,120,pooled,development_evaluation,3,3,True,0.00011056112531722857,0.001310760772414505,"{""0"":-0.0012244263796012955,""1"":0.00016043843225044263,""2"":0.0013956713233025386}"
D_minus_C,S_K_D,S_K_C,audit,RAC1P,120,pooled,validation_person_weighted,3,3,True,-0.0016584795816657245,0.001112776044671127,"{""0"":-0.0017602741400191135,""1"":-0.0004983037412109592,""2"":-0.002716860863767101}"
D_minus_C,S_K_D,S_K_C,audit,RAC1P,120,pooled,development_evaluation_person_weighted,3,3,True,-0.00016652332736695938,0.0006085651281999339,"{""0"":-0.0007583522132277309,""1"":-0.00019871777285107584,""2"":0.00045750000397792867}"
D_minus_C,S_K_D,S_K_C,audit,SEX,360,primary,validation,3,3,True,-9.187622979863382e-05,4.3190921722148616e-05,"{""0"":-0.00011688888852678936,""1"":-0.0001167360735958578,""2"":-4.20037272732543e-05}"
D_minus_C,S_K_D,S_K_C,audit,SEX,360,primary,development_evaluation,3,3,True,0.000401311937085036,0.0005156025196355388,"{""0"":0.0009864868050600828,""1"":0.00020371786429873584,""2"":1.3731141896289323e-05}"
D_minus_C,S_K_D,S_K_C,audit,SEX,360,primary,validation_person_weighted,3,3,True,-0.0006890590831472773,0.0015530419696972017,"{""0"":-0.002461277241290638,""1"":0.0004344767416822881,""2"":-4.037674983348172e-05}"
D_minus_C,S_K_D,S_K_C,audit,SEX,360,primary,development_evaluation_person_weighted,3,3,True,0.0008252874292700533,0.0009418380654429584,"{""0"":0.0019073350409253287,""1"":0.00018971910429577132,""2"":0.0003788081425890599}"
D_minus_C,S_K_D,S_K_C,audit,RAC1P,360,primary,validation,3,3,True,0.0006559094716483601,0.0007973568763021085,"{""0"":0.001381714964749703,""1"":-0.00019758758573784618,""2"":0.0007836010359332235}"
D_minus_C,S_K_D,S_K_C,audit,RAC1P,360,primary,development_evaluation,3,3,True,0.0005216196425286146,0.0008531073666059226,"{""0"":0.0014959062089550113,""1"":0.00016043843225044263,""2"":-9.148571361961011e-05}"
D_minus_C,S_K_D,S_K_C,audit,RAC1P,360,primary,validation_person_weighted,3,3,True,0.00018208954275666933,0.0006873902205555914,"{""0"":0.0008762693053327997,""1"":-0.0004983037412109592,""2"":0.00016830306414816754}"
D_minus_C,S_K_D,S_K_C,audit,RAC1P,360,primary,development_evaluation_person_weighted,3,3,True,0.0006940652596191624,0.0014359552044040415,"{""0"":0.0023504861935772503,""1"":-0.00019871777285107584,""2"":-6.957264186868706e-05}"
D_minus_C,S_K_D,S_K_C,audit,SEX,360,pooled,validation,3,3,True,-0.0010610322628426723,0.0017006996243319312,"{""0"":-0.003024356987658905,""1"":-0.0001167360735958578,""2"":-4.20037272732543e-05}"
D_minus_C,S_K_D,S_K_C,audit,SEX,360,pooled,development_evaluation,3,3,True,0.00013963060161377902,0.0001090380642197832,"{""0"":0.00020144279864631187,""1"":0.00020371786429873584,""2"":1.3731141896289323e-05}"
D_minus_C,S_K_D,S_K_C,audit,SEX,360,pooled,validation_person_weighted,3,3,True,-0.0008722452260374233,0.0018672301076011906,"{""0"":-0.003010835669961076,""1"":0.0004344767416822881,""2"":-4.037674983348172e-05}"
D_minus_C,S_K_D,S_K_C,audit,SEX,360,pooled,development_evaluation_person_weighted,3,3,True,-0.0012263521309591925,0.0026181708382837987,"{""0"":-0.004247583639762409,""1"":0.00018971910429577132,""2"":0.0003788081425890599}"
D_minus_C,S_K_D,S_K_C,audit,RAC1P,360,pooled,validation,3,3,True,-0.001839611052979991,0.0018633347873305709,"{""0"":-0.0014565315402887968,""1"":-0.00019758758573784618,""2"":-0.00386471403291333}"
D_minus_C,S_K_D,S_K_C,audit,RAC1P,360,pooled,development_evaluation,3,3,True,0.00011056112531722857,0.001310760772414505,"{""0"":-0.0012244263796012955,""1"":0.00016043843225044263,""2"":0.0013956713233025386}"
D_minus_C,S_K_D,S_K_C,audit,RAC1P,360,pooled,validation_person_weighted,3,3,True,-0.0016584795816657245,0.001112776044671127,"{""0"":-0.0017602741400191135,""1"":-0.0004983037412109592,""2"":-0.002716860863767101}"
D_minus_C,S_K_D,S_K_C,audit,RAC1P,360,pooled,development_evaluation_person_weighted,3,3,True,-0.00016652332736695938,0.0006085651281999339,"{""0"":-0.0007583522132277309,""1"":-0.00019871777285107584,""2"":0.00045750000397792867}"
W_minus_teacher_reference,S_K_W,S_direct,transfer,same_residence,,primary,validation,3,3,True,-0.002769343730398203,0.0036719929804452482,"{""0"":0.001424751020722148,""1"":-0.005405565810861823,""2"":-0.004327216401054934}"
W_minus_teacher_reference,S_K_W,S_direct,transfer,same_residence,,primary,development_evaluation,3,3,True,-0.0020996444578084508,0.00512386630135811,"{""0"":0.0029510162532713213,""1"":-0.007293705908899106,""2"":-0.0019562437177975678}"
W_minus_teacher_reference,S_K_W,S_direct,transfer,same_residence,,primary,validation_person_weighted,3,3,True,-0.0017980149465490942,0.004036281817735616,"{""0"":0.002411375812186478,""1"":-0.005635437365120344,""2"":-0.0021699832867134172}"
W_minus_teacher_reference,S_K_W,S_direct,transfer,same_residence,,primary,development_evaluation_person_weighted,3,3,True,-0.002114428642439751,0.003991247496100622,"{""0"":0.002461965632843177,""1"":-0.004874344078430681,""2"":-0.003930907481731749}"
W_minus_teacher_reference,S_K_W,S_direct,transfer,commute_over20,,primary,validation,3,3,True,-0.0016735046829053173,0.00044807190721513274,"{""0"":-0.001899855246338622,""1"":-0.001157411914771811,""2"":-0.0019632468876055187}"
W_minus_teacher_reference,S_K_W,S_direct,transfer,commute_over20,,primary,development_evaluation,3,3,True,-0.001905877858863832,0.0005830445663632263,"{""0"":-0.0016823112101865823,""1"":-0.0014677026106125757,""2"":-0.0025676197557923386}"
W_minus_teacher_reference,S_K_W,S_direct,transfer,commute_over20,,primary,validation_person_weighted,3,3,True,-0.0009342544974863346,0.0013113239579008113,"{""0"":-0.00048520439664345716,""1"":9.355268746924494e-05,""2"":-0.0024111117832847917}"
W_minus_teacher_reference,S_K_W,S_direct,transfer,commute_over20,,primary,development_evaluation_person_weighted,3,3,True,-0.0008837886953307894,0.00017157700096004459,"{""0"":-0.0010465079264956323,""1"":-0.0009003091395934915,""2"":-0.0007045490199032445}"
W_minus_teacher_reference,S_K_W,S_direct,transfer,income_binary,,primary,validation,3,3,True,-0.021207690883026598,0.014046372024727704,"{""0"":-0.022918134687583358,""1"":-0.03432051657340207,""2"":-0.0063844213880943634}"
W_minus_teacher_reference,S_K_W,S_direct,transfer,income_binary,,primary,development_evaluation,3,3,True,-0.020077530854866892,0.024220952758254213,"{""0"":-0.010312141628860572,""1"":-0.04765675455198404,""2"":-0.002263696383756064}"
W_minus_teacher_reference,S_K_W,S_direct,transfer,income_binary,,primary,validation_person_weighted,3,3,True,-0.02054436353966142,0.014749165172310447,"{""0"":-0.019709224085839083,""1"":-0.03569335478147051,""2"":-0.006230511751674661}"
W_minus_teacher_reference,S_K_W,S_direct,transfer,income_binary,,primary,development_evaluation_person_weighted,3,3,True,-0.019684199353885785,0.025012943462409214,"{""0"":-0.011623330222704176,""1"":-0.0477336707921564,""2"":0.00030440295320321997}"
W_minus_teacher_reference,S_K_W,S_direct,transfer,civilian_at_work,,primary,validation,3,3,True,-0.02879917676753846,0.020718093490498447,"{""0"":-0.024463516335617552,""1"":-0.051342014574794204,""2"":-0.010591999392203622}"
W_minus_teacher_reference,S_K_W,S_direct,transfer,civilian_at_work,,primary,development_evaluation,3,3,True,-0.036593055536122986,0.014387640856648409,"{""0"":-0.02850981948872333,""1"":-0.05320448583652021,""2"":-0.02806486128312541}"
W_minus_teacher_reference,S_K_W,S_direct,transfer,civilian_at_work,,primary,validation_person_weighted,3,3,True,-0.026952188386374625,0.02222806905467989,"{""0"":-0.02563678901100913,""1"":-0.04980874721731254,""2"":-0.0054110289308021975}"
W_minus_teacher_reference,S_K_W,S_direct,transfer,civilian_at_work,,primary,development_evaluation_person_weighted,3,3,True,-0.03652047688229332,0.014982641117097645,"{""0"":-0.03210487560459796,""1"":-0.05321469819227492,""2"":-0.02424185685000707}"
W_minus_teacher_reference,S_K_W,S_direct,transfer,public_coverage,,primary,validation,3,3,True,-0.012171024685633488,0.005199453651074811,"{""0"":-0.006286750146115239,""1"":-0.016145539370565065,""2"":-0.01408078454022016}"
W_minus_teacher_reference,S_K_W,S_direct,transfer,public_coverage,,primary,development_evaluation,3,3,True,-0.012762092525277732,0.004215130850991194,"{""0"":-0.010023005695855236,""1"":-0.01761594083431739,""2"":-0.010647331045660569}"
W_minus_teacher_reference,S_K_W,S_direct,transfer,public_coverage,,primary,validation_person_weighted,3,3,True,-0.012121042477998315,0.005491368202299189,"{""0"":-0.005839966286407039,""1"":-0.01601403398749579,""2"":-0.014509127160092117}"
W_minus_teacher_reference,S_K_W,S_direct,transfer,public_coverage,,primary,development_evaluation_person_weighted,3,3,True,-0.013219886669644984,0.004457368556526867,"{""0"":-0.010866973229820442,""1"":-0.01836068232653454,""2"":-0.010432004452579968}"
final_minus_W,S_K_C,S_K_W,transfer,same_residence,,primary,validation,3,3,True,-0.00013446197650609135,0.0011421796005123513,"{""0"":-0.0012861933826040506,""1"":0.0009979199580961717,""2"":-0.00011511250501039516}"
final_minus_W,S_K_C,S_K_W,transfer,same_residence,,primary,development_evaluation,3,3,True,-0.0004055631123840442,0.003016622325348054,"{""0"":-0.0032096381950705855,""1"":0.0027861342993761307,""2"":-0.0007931854414576778}"
final_minus_W,S_K_C,S_K_W,transfer,same_residence,,primary,validation_person_weighted,3,3,True,-0.00017064144060363606,0.002057284358252597,"{""0"":-0.0023817037262063856,""1"":0.001687100847820866,""2"":0.0001826785565746114}"
final_minus_W,S_K_C,S_K_W,transfer,same_residence,,primary,development_evaluation_person_weighted,3,3,True,-0.0009321417633793017,0.0029005613945240053,"{""0"":-0.0034986283889538172,""1"":0.002214731395692726,""2"":-0.001512528296876814}"
final_minus_W,S_K_C,S_K_W,transfer,commute_over20,,primary,validation,3,3,True,0.00021591192271127232,0.00029488491852300514,"{""0"":0.0004902763023788559,""1"":0.00025337295647787084,""2"":-9.591349072290978e-05}"
final_minus_W,S_K_C,S_K_W,transfer,commute_over20,,primary,development_evaluation,3,3,True,0.000963206872746499,0.0005994308858563943,"{""0"":0.001223299518309906,""1"":0.0002776596510353224,""2"":0.0013886614488942683}"
final_minus_W,S_K_C,S_K_W,transfer,commute_over20,,primary,validation_person_weighted,3,3,True,-0.00032221990362287417,0.0003529353523746299,"{""0"":-0.0006035573377497494,""1"":-0.000436894678888855,""2"":7.379230576998186e-05}"
final_minus_W,S_K_C,S_K_W,transfer,commute_over20,,primary,development_evaluation_person_weighted,3,3,True,0.0005044079523577327,0.000610414797749681,"{""0"":-0.0001543524058416068,""1"":0.0006166883429715719,""2"":0.001050887919943233}"
final_minus_W,S_K_C,S_K_W,transfer,income_binary,,primary,validation,3,3,True,-0.0045453349873532485,0.0037276325650251905,"{""0"":-0.006235958288953458,""1"":-0.007128082434483207,""2"":-0.00027196423862307917}"
final_minus_W,S_K_C,S_K_W,transfer,income_binary,,primary,development_evaluation,3,3,True,-0.0036497309334003933,0.0022808037610620494,"{""0"":-0.004459719582409927,""1"":-0.00541499110729704,""2"":-0.0010744821104942126}"
final_minus_W,S_K_C,S_K_W,transfer,income_binary,,primary,validation_person_weighted,3,3,True,-0.004838158196031839,0.0024670249514770963,"{""0"":-0.006668794171047654,""1"":-0.0058130230188478405,""2"":-0.0020326573982000218}"
final_minus_W,S_K_C,S_K_W,transfer,income_binary,,primary,development_evaluation_person_weighted,3,3,True,-0.004513988373113916,0.002343252775541639,"{""0"":-0.005458334723550007,""1"":-0.006237718439820961,""2"":-0.0018459119559707804}"
final_minus_W,S_K_C,S_K_W,transfer,civilian_at_work,,primary,validation,3,3,True,-0.010507568375300647,0.006228366092730666,"{""0"":-0.013183084263295564,""1"":-0.014951138586225043,""2"":-0.0033884822763813327}"
final_minus_W,S_K_C,S_K_W,transfer,civilian_at_work,,primary,development_evaluation,3,3,True,-0.0157701246708859,0.009178653834579881,"{""0"":-0.014600032254791173,""1"":-0.02547771707056179,""2"":-0.007232624687304734}"
final_minus_W,S_K_C,S_K_W,transfer,civilian_at_work,,primary,validation_person_weighted,3,3,True,-0.009954364219204962,0.004653305072734405,"{""0"":-0.013922296428948044,""1"":-0.011108053860921674,""2"":-0.004832742367745169}"
final_minus_W,S_K_C,S_K_W,transfer,civilian_at_work,,primary,development_evaluation_person_weighted,3,3,True,-0.014991627086807846,0.008993866304179029,"{""0"":-0.01542394979411843,""1"":-0.023761535725368543,""2"":-0.005789395740936565}"
final_minus_W,S_K_C,S_K_W,transfer,public_coverage,,primary,validation,3,3,True,-0.001916242745731452,0.0025323273331878584,"{""0"":-0.0028365197151484223,""1"":-0.0038597472143504508,""2"":0.000947538692304517}"
final_minus_W,S_K_C,S_K_W,transfer,public_coverage,,primary,development_evaluation,3,3,True,-0.0009107830078726545,0.0008934629955657038,"{""0"":-0.0010742685545919173,""1"":5.313349069968609e-05,""2"":-0.0017112139597257325}"
final_minus_W,S_K_C,S_K_W,transfer,public_coverage,,primary,validation_person_weighted,3,3,True,-0.002456517186208577,0.002270645021144578,"{""0"":-0.0032235900921460114,""1"":-0.004244277161593479,""2"":9.831569511375982e-05}"
final_minus_W,S_K_C,S_K_W,transfer,public_coverage,,primary,development_evaluation_person_weighted,3,3,True,-0.0010300519051853103,0.0012131046086892453,"{""0"":-0.00024575661657044723,""1"":-0.00041707096726284476,""2"":-0.002427328131722639}"
representation_minus_source_bank,S_K_C,S_bank,transfer,same_residence,,primary,validation,3,3,True,-0.017892517562440036,0.01457251841935345,"{""0"":-0.006118006376389928,""1"":-0.013369251658941428,""2"":-0.03419029465198875}"
representation_minus_source_bank,S_K_C,S_bank,transfer,same_residence,,primary,development_evaluation,3,3,True,-0.016070103471999626,0.008656058035923625,"{""0"":-0.009078128067529612,""1"":-0.013380498989266187,""2"":-0.02575168335920308}"
representation_minus_source_bank,S_K_C,S_bank,transfer,same_residence,,primary,validation_person_weighted,3,3,True,-0.015860570883561947,0.011954107464320728,"{""0"":-0.00497197301094765,""1"":-0.013957794718517325,""2"":-0.028651944921220862}"
representation_minus_source_bank,S_K_C,S_bank,transfer,same_residence,,primary,development_evaluation_person_weighted,3,3,True,-0.01471106641052324,0.012426354169806893,"{""0"":-0.006757171690890018,""1"":-0.008345579480230958,""2"":-0.029030448060448744}"
representation_minus_source_bank,S_K_C,S_bank,transfer,commute_over20,,primary,validation,3,3,True,-0.0007875342523020098,0.003242295209393428,"{""0"":-0.0011559232762866634,""1"":0.0026232211796345384,""2"":-0.0038299006602539043}"
representation_minus_source_bank,S_K_C,S_bank,transfer,commute_over20,,primary,development_evaluation,3,3,True,0.0018870903086213309,0.00160815321063847,"{""0"":0.0026516957340984026,""1"":0.00297028773453345,""2"":3.928745723214e-05}"
representation_minus_source_bank,S_K_C,S_bank,transfer,commute_over20,,primary,validation_person_weighted,3,3,True,-0.0023413499287043096,0.0019370034015484226,"{""0"":-0.004092787048574964,""1"":-0.00026091846149001174,""2"":-0.0026703442760479534}"
representation_minus_source_bank,S_K_C,S_bank,transfer,commute_over20,,primary,development_evaluation_person_weighted,3,3,True,0.0024678493788185727,0.0044284679130545575,"{""0"":0.0018410531586418033,""1"":0.007176321200545122,""2"":-0.0016138262227312072}"
representation_minus_source_bank,S_K_C,S_bank,transfer,income_binary,,primary,validation,3,3,True,0.0005804627142058094,0.0038498945071875775,"{""0"":-0.0026432369425644087,""1"":0.004843257300347625,""2"":-0.00045863221516578845}"
representation_minus_source_bank,S_K_C,S_bank,transfer,income_binary,,primary,development_evaluation,3,3,True,0.005346917612485587,0.0035331915111152176,"{""0"":0.004390264130236021,""1"":0.009259928158619424,""2"":0.002390560548601317}"
representation_minus_source_bank,S_K_C,S_bank,transfer,income_binary,,primary,validation_person_weighted,3,3,True,0.001467259152927262,0.005123845111280795,"{""0"":-0.002314476689894651,""1"":0.007298640268800727,""2"":-0.0005823861201242897}"
representation_minus_source_bank,S_K_C,S_bank,transfer,income_binary,,primary,development_evaluation_person_weighted,3,3,True,0.0035615944648795437,0.0037895914886767346,"{""0"":0.0005333002084276783,""1"":0.007811263311773897,""2"":0.002340219874437055}"
representation_minus_source_bank,S_K_C,S_bank,transfer,civilian_at_work,,primary,validation,3,3,True,0.0020278133764595565,0.002025279407604531,"{""0"":-0.00012511663639952486,""1"":0.0023134396201410223,""2"":0.0038951171456371725}"
representation_minus_source_bank,S_K_C,S_bank,transfer,civilian_at_work,,primary,development_evaluation,3,3,True,0.0028786596178968136,0.006616084184777284,"{""0"":0.009077366014807298,""1"":-0.004087811266088037,""2"":0.00364642410497118}"
representation_minus_source_bank,S_K_C,S_bank,transfer,civilian_at_work,,primary,validation_person_weighted,3,3,True,0.007789258986676244,0.003319711155693852,"{""0"":0.004088812540285647,""1"":0.010505798682232892,""2"":0.008773165737510191}"
representation_minus_source_bank,S_K_C,S_bank,transfer,civilian_at_work,,primary,development_evaluation_person_weighted,3,3,True,0.0049675954945629,0.005917933785569889,"{""0"":0.011784955567836597,""1"":0.0011531550435313065,""2"":0.001964675872320798}"
representation_minus_source_bank,S_K_C,S_bank,transfer,public_coverage,,primary,validation,3,3,True,0.006854632036988532,0.0037793065991004174,"{""0"":0.004376444400855051,""1"":0.004982922437915205,""2"":0.01120452927219534}"
representation_minus_source_bank,S_K_C,S_bank,transfer,public_coverage,,primary,development_evaluation,3,3,True,0.005275609974378315,0.0023706979652300406,"{""0"":0.004595870113667577,""1"":0.007911928060836182,""2"":0.003319031748631185}"
representation_minus_source_bank,S_K_C,S_bank,transfer,public_coverage,,primary,validation_person_weighted,3,3,True,0.004629815772440242,0.0038638974214338204,"{""0"":0.0009687649173146795,""1"":0.004251895307412212,""2"":0.008668787092593833}"
representation_minus_source_bank,S_K_C,S_bank,transfer,public_coverage,,primary,development_evaluation_person_weighted,3,3,True,0.006191656164227455,0.001047443795124264,"{""0"":0.005478842472528389,""1"":0.007394266877143951,""2"":0.005701859143010024}"
representation_minus_source_bank,S_K_C,S_bank,audit,SEX,120,primary,validation,3,3,True,-0.01514681524919322,0.005702970413840384,"{""0"":-0.018066051903412594,""1"":-0.01879918426152749,""2"":-0.008575209582639576}"
representation_minus_source_bank,S_K_C,S_bank,audit,SEX,120,primary,development_evaluation,3,3,True,-0.009875230299352111,0.0007977319467887592,"{""0"":-0.010124909538586246,""1"":-0.010518258811023862,""2"":-0.008982522548446226}"
representation_minus_source_bank,S_K_C,S_bank,audit,SEX,120,primary,validation_person_weighted,3,3,True,-0.012785864602801253,0.007662090858938336,"{""0"":-0.017293108829977366,""1"":-0.01712551166603793,""2"":-0.003938973312388461}"
representation_minus_source_bank,S_K_C,S_bank,audit,SEX,120,primary,development_evaluation_person_weighted,3,3,True,-0.008448596718431086,0.0013287101966990387,"{""0"":-0.009803754271980436,""1"":-0.0071480157020090695,""2"":-0.008394020181303752}"
representation_minus_source_bank,S_K_C,S_bank,audit,RAC1P,120,primary,validation,3,3,True,-0.03631916841250423,0.011065062418318597,"{""0"":-0.027079309135292107,""1"":-0.04858137236732496,""2"":-0.03329682373489562}"
representation_minus_source_bank,S_K_C,S_bank,audit,RAC1P,120,primary,development_evaluation,3,3,True,-0.037379904986069544,0.011593275328926185,"{""0"":-0.045271597940921726,""1"":-0.042798615069529866,""2"":-0.024069501947757033}"
representation_minus_source_bank,S_K_C,S_bank,audit,RAC1P,120,primary,validation_person_weighted,3,3,True,-0.02912485467248575,0.015088972286930555,"{""0"":-0.019742894104391784,""1"":-0.046530440597283285,""2"":-0.021101229315782177}"
representation_minus_source_bank,S_K_C,S_bank,audit,RAC1P,120,primary,development_evaluation_person_weighted,3,3,True,-0.02842469044266453,0.0031967999136427597,"{""0"":-0.029489182183570772,""1"":-0.030953436680666302,""2"":-0.02483145246375651}"
representation_minus_source_bank,S_K_C,S_bank,audit,SEX,120,pooled,validation,3,3,True,-0.01684159936991129,0.0074821907866092635,"{""0"":-0.023150404265566804,""1"":-0.01879918426152749,""2"":-0.008575209582639576}"
representation_minus_source_bank,S_K_C,S_bank,audit,SEX,120,pooled,development_evaluation,3,3,True,-0.010554910839213191,0.0015910309638939178,"{""0"":-0.012163951158169484,""1"":-0.010518258811023862,""2"":-0.008982522548446226}"
representation_minus_source_bank,S_K_C,S_bank,audit,SEX,120,pooled,validation_person_weighted,3,3,True,-0.015274726804196134,0.01053302762132734,"{""0"":-0.02475969543416201,""1"":-0.01712551166603793,""2"":-0.003938973312388461}"
representation_minus_source_bank,S_K_C,S_bank,audit,SEX,120,pooled,development_evaluation_person_weighted,3,3,True,-0.006038969162505385,0.003064002400567154,"{""0"":-0.0025748716042033326,""1"":-0.0071480157020090695,""2"":-0.008394020181303752}"
representation_minus_source_bank,S_K_C,S_bank,audit,RAC1P,120,pooled,validation,3,3,True,-0.05189556204410314,0.010184050600238342,"{""0"":-0.043781423760824945,""1"":-0.04858137236732496,""2"":-0.0633238900041595}"
representation_minus_source_bank,S_K_C,S_bank,audit,RAC1P,120,pooled,development_evaluation,3,3,True,-0.04583198071169381,0.004372683471669682,"{""0"":-0.05084428656796103,""1"":-0.042798615069529866,""2"":-0.043853040497590534}"
representation_minus_source_bank,S_K_C,S_bank,audit,RAC1P,120,pooled,validation_person_weighted,3,3,True,-0.042570016966960576,0.008262654920618886,"{""0"":-0.03307264146869948,""1"":-0.046530440597283285,""2"":-0.048106968834898955}"
representation_minus_source_bank,S_K_C,S_bank,audit,RAC1P,120,pooled,development_evaluation_person_weighted,3,3,True,-0.03530485775552742,0.0051382845925042045,"{""0"":-0.0339876011408784,""1"":-0.030953436680666302,""2"":-0.04097353544503757}"
representation_minus_source_bank,S_K_C,S_bank,audit,SEX,360,primary,validation,3,3,True,-0.014708155832196831,0.005409203808977298,"{""0"":-0.016750073652423425,""1"":-0.01879918426152749,""2"":-0.008575209582639576}"
representation_minus_source_bank,S_K_C,S_bank,audit,SEX,360,primary,development_evaluation,3,3,True,-0.010502491384882425,0.001512146778291891,"{""0"":-0.012006692795177187,""1"":-0.010518258811023862,""2"":-0.008982522548446226}"
representation_minus_source_bank,S_K_C,S_bank,audit,SEX,360,primary,validation_person_weighted,3,3,True,-0.01245523997053736,0.007386809621047802,"{""0"":-0.016301234933185693,""1"":-0.01712551166603793,""2"":-0.003938973312388461}"
representation_minus_source_bank,S_K_C,S_bank,audit,SEX,360,primary,development_evaluation_person_weighted,3,3,True,-0.00882223296089372,0.0019243936293325996,"{""0"":-0.01092466299936834,""1"":-0.0071480157020090695,""2"":-0.008394020181303752}"
representation_minus_source_bank,S_K_C,S_bank,audit,RAC1P,360,primary,validation,3,3,True,-0.03589195252868501,0.011611433610794454,"{""0"":-0.025797661483834444,""1"":-0.04858137236732496,""2"":-0.03329682373489562}"
representation_minus_source_bank,S_K_C,S_bank,audit,RAC1P,360,primary,development_evaluation,3,3,True,-0.03646841073668942,0.010738566008251915,"{""0"":-0.04253711519278136,""1"":-0.042798615069529866,""2"":-0.024069501947757033}"
representation_minus_source_bank,S_K_C,S_bank,audit,RAC1P,360,primary,validation_person_weighted,3,3,True,-0.02925393245986922,0.014969771533560564,"{""0"":-0.02013012746654219,""1"":-0.046530440597283285,""2"":-0.021101229315782177}"
representation_minus_source_bank,S_K_C,S_bank,audit,RAC1P,360,primary,development_evaluation_person_weighted,3,3,True,-0.028411151957943453,0.003190116728908532,"{""0"":-0.029448566729407544,""1"":-0.030953436680666302,""2"":-0.02483145246375651}"
representation_minus_source_bank,S_K_C,S_bank,audit,SEX,360,pooled,validation,3,3,True,-0.0164029399529149,0.006946811872158532,"{""0"":-0.021834426014577635,""1"":-0.01879918426152749,""2"":-0.008575209582639576}"
representation_minus_source_bank,S_K_C,S_bank,audit,SEX,360,pooled,development_evaluation,3,3,True,-0.011182171924743503,0.002596076668306025,"{""0"":-0.014045734414760425,""1"":-0.010518258811023862,""2"":-0.008982522548446226}"
representation_minus_source_bank,S_K_C,S_bank,audit,SEX,360,pooled,validation_person_weighted,3,3,True,-0.014944102171932242,0.01009280516100814,"{""0"":-0.023767821537370337,""1"":-0.01712551166603793,""2"":-0.003938973312388461}"
representation_minus_source_bank,S_K_C,S_bank,audit,SEX,360,pooled,development_evaluation_person_weighted,3,3,True,-0.006412605404968019,0.002433923920360325,"{""0"":-0.0036957803315912363,""1"":-0.0071480157020090695,""2"":-0.008394020181303752}"
representation_minus_source_bank,S_K_C,S_bank,audit,RAC1P,360,pooled,validation,3,3,True,-0.051468346160283916,0.010708029376908873,"{""0"":-0.04249977610936728,""1"":-0.04858137236732496,""2"":-0.0633238900041595}"
representation_minus_source_bank,S_K_C,S_bank,audit,RAC1P,360,pooled,development_evaluation,3,3,True,-0.04492048646231369,0.002811896539883124,"{""0"":-0.04810980381982066,""1"":-0.042798615069529866,""2"":-0.043853040497590534}"
representation_minus_source_bank,S_K_C,S_bank,audit,RAC1P,360,pooled,validation_person_weighted,3,3,True,-0.042699094754344045,0.008040133638007417,"{""0"":-0.03345987483084989,""1"":-0.046530440597283285,""2"":-0.048106968834898955}"
representation_minus_source_bank,S_K_C,S_bank,audit,RAC1P,360,pooled,development_evaluation_person_weighted,3,3,True,-0.035291319270806344,0.005143541523204145,"{""0"":-0.03394698568671517,""1"":-0.030953436680666302,""2"":-0.04097353544503757}"
new_minus_beta0,S_K_C,C_init,transfer,same_residence,,primary,validation,3,3,True,0.004193209100730196,0.013042938911970031,"{""0"":0.013931893156381436,""1"":0.009273077097300242,""2"":-0.01062534295149109}"
new_minus_beta0,S_K_C,C_init,transfer,same_residence,,primary,development_evaluation,3,3,True,0.011085279157916702,0.0054728656583238906,"{""0"":0.016667578935790794,""1"":0.010859417831017293,""2"":0.005728840706942018}"
new_minus_beta0,S_K_C,C_init,transfer,same_residence,,primary,validation_person_weighted,3,3,True,0.005047050182632721,0.014430150202201236,"{""0"":0.019019354159616197,""1"":0.005922849353946491,""2"":-0.009801052965664525}"
new_minus_beta0,S_K_C,C_init,transfer,same_residence,,primary,development_evaluation_person_weighted,3,3,True,0.012885486817480455,0.009303836027977271,"{""0"":0.019019099836931952,""1"":0.017457100192207198,""2"":0.002180260423302216}"
new_minus_beta0,S_K_C,C_init,transfer,commute_over20,,primary,validation,3,3,True,0.003897578659749675,0.004953152021390724,"{""0"":0.0032325655517057017,""1"":0.009149641405299946,""2"":-0.0006894709777566232}"
new_minus_beta0,S_K_C,C_init,transfer,commute_over20,,primary,development_evaluation,3,3,True,0.0007530477099472558,0.003794079982920528,"{""0"":0.0034704333365978,""1"":0.0023704100765292724,""2"":-0.003581700283285305}"
new_minus_beta0,S_K_C,C_init,transfer,commute_over20,,primary,validation_person_weighted,3,3,True,0.001842252257270749,0.007159237031502892,"{""0"":-0.0017474778461776808,""1"":0.010086152369493506,""2"":-0.0028119177515035787}"
new_minus_beta0,S_K_C,C_init,transfer,commute_over20,,primary,development_evaluation_person_weighted,3,3,True,-0.0003293705745004427,0.004977923150793058,"{""0"":0.0035364466004814687,""1"":0.0014216470143064708,""2"":-0.005946205338289268}"
new_minus_beta0,S_K_C,C_init,transfer,income_binary,,primary,validation,3,3,True,0.022298098751595052,0.017621504886299204,"{""0"":0.018822873264436102,""1"":0.041398301748875654,""2"":0.006673121241473401}"
new_minus_beta0,S_K_C,C_init,transfer,income_binary,,primary,development_evaluation,3,3,True,0.023697790068154406,0.013975161738445669,"{""0"":0.019531182454475438,""1"":0.03928237830874093,""2"":0.012279809441246847}"
new_minus_beta0,S_K_C,C_init,transfer,income_binary,,primary,validation_person_weighted,3,3,True,0.02127255470052229,0.01775562297278647,"{""0"":0.017750467085842103,""1"":0.04052526284484387,""2"":0.005541934170880891}"
new_minus_beta0,S_K_C,C_init,transfer,income_binary,,primary,development_evaluation_person_weighted,3,3,True,0.02473574441690531,0.012283440035536003,"{""0"":0.02254294350458108,""1"":0.03796790266670319,""2"":0.01369638707943166}"
new_minus_beta0,S_K_C,C_init,transfer,civilian_at_work,,primary,validation,3,3,True,0.045354150399525596,0.010569330889032927,"{""0"":0.03821294673403758,""1"":0.057495817691002316,""2"":0.0403536867735369}"
new_minus_beta0,S_K_C,C_init,transfer,civilian_at_work,,primary,development_evaluation,3,3,True,0.05194756654585834,0.0022575905324088443,"{""0"":0.05454961254756657,""1"":0.05078341014344118,""2"":0.05050967694656727}"
new_minus_beta0,S_K_C,C_init,transfer,civilian_at_work,,primary,validation_person_weighted,3,3,True,0.04321658569251846,0.004637837446989244,"{""0"":0.03912756377301502,""1"":0.0482560024923695,""2"":0.04226619081217087}"
new_minus_beta0,S_K_C,C_init,transfer,civilian_at_work,,primary,development_evaluation_person_weighted,3,3,True,0.044620693272734636,0.009737659910102453,"{""0"":0.05572013623949046,""1"":0.04062782595581471,""2"":0.037514117622898746}"
new_minus_beta0,S_K_C,C_init,transfer,public_coverage,,primary,validation,3,3,True,0.02053977570027214,0.0048338378107910685,"{""0"":0.019891361750794423,""1"":0.025665092702246928,""2"":0.01606287264777506}"
new_minus_beta0,S_K_C,C_init,transfer,public_coverage,,primary,development_evaluation,3,3,True,0.015821301882463373,0.005841062694592632,"{""0"":0.014966679133917471,""1"":0.02204259533907077,""2"":0.010454631174401874}"
new_minus_beta0,S_K_C,C_init,transfer,public_coverage,,primary,validation_person_weighted,3,3,True,0.01560272825856431,0.006308998474608335,"{""0"":0.011240534810967762,""1"":0.022836736321078077,""2"":0.01273091364364709}"
new_minus_beta0,S_K_C,C_init,transfer,public_coverage,,primary,development_evaluation_person_weighted,3,3,True,0.014688441926037224,0.008731105271948137,"{""0"":0.01528082096643224,""1"":0.02310827297569934,""2"":0.0056762318359800945}"
new_minus_beta0,S_K_C,C_init,audit,SEX,120,primary,validation,3,3,True,0.009060091476783697,0.0005819914202707791,"{""0"":0.009706926581111941,""1"":0.00889452598867102,""2"":0.008578821860568131}"
new_minus_beta0,S_K_C,C_init,audit,SEX,120,primary,development_evaluation,3,3,True,0.016407552203702196,0.00284836650744677,"{""0"":0.017697148004053198,""1"":0.018383040311681587,""2"":0.0131424682953718}"
new_minus_beta0,S_K_C,C_init,audit,SEX,120,primary,validation_person_weighted,3,3,True,0.007552600890878836,0.005548717664122216,"{""0"":0.011282350136909036,""1"":0.010199377366679419,""2"":0.001176075169048052}"
new_minus_beta0,S_K_C,C_init,audit,SEX,120,primary,development_evaluation_person_weighted,3,3,True,0.013504083148271043,0.004193178979161224,"{""0"":0.015616304120184887,""1"":0.016221120138312783,""2"":0.00867482518631546}"
new_minus_beta0,S_K_C,C_init,audit,RAC1P,120,primary,validation,3,3,True,0.008624121732440685,0.012360661297145806,"{""0"":0.005377850915938565,""1"":-0.001789446811894413,""2"":0.022283961093277904}"
new_minus_beta0,S_K_C,C_init,audit,RAC1P,120,primary,development_evaluation,3,3,True,0.015596406616149508,0.0132901502470397,"{""0"":0.0010080321560728134,""1"":0.018765961553688815,""2"":0.0270152261386869}"
new_minus_beta0,S_K_C,C_init,audit,RAC1P,120,primary,validation_person_weighted,3,3,True,0.009747835133254057,0.012652893691568455,"{""0"":0.012413948916327966,""1"":-0.004025663741665575,""2"":0.02085522022509978}"
new_minus_beta0,S_K_C,C_init,audit,RAC1P,120,primary,development_evaluation_person_weighted,3,3,True,0.01819303014412162,0.010109892554418787,"{""0"":0.0066794642297420825,""1"":0.022279999514912996,""2"":0.025619626687709784}"
new_minus_beta0,S_K_C,C_init,audit,SEX,120,pooled,validation,3,3,True,0.007365307356065627,0.0023805159252077253,"{""0"":0.004622574218957731,""1"":0.00889452598867102,""2"":0.008578821860568131}"
new_minus_beta0,S_K_C,C_init,audit,SEX,120,pooled,development_evaluation,3,3,True,0.015727871663841115,0.002620982479946519,"{""0"":0.01565810638446996,""1"":0.018383040311681587,""2"":0.0131424682953718}"
new_minus_beta0,S_K_C,C_init,audit,SEX,120,pooled,validation_person_weighted,3,3,True,0.005063738689483954,0.004639297051425092,"{""0"":0.003815763532724392,""1"":0.010199377366679419,""2"":0.001176075169048052}"
new_minus_beta0,S_K_C,C_init,audit,SEX,120,pooled,development_evaluation_person_weighted,3,3,True,0.015913710704196744,0.007090180702950544,"{""0"":0.02284518678796199,""1"":0.016221120138312783,""2"":0.00867482518631546}"
new_minus_beta0,S_K_C,C_init,audit,RAC1P,120,pooled,validation,3,3,True,-0.005931977101906479,0.0035969555457943635,"{""0"":-0.008263379317839048,""1"":-0.001789446811894413,""2"":-0.007743105175985976}"
new_minus_beta0,S_K_C,C_init,audit,RAC1P,120,pooled,development_evaluation,3,3,True,0.0033384840325935508,0.017698203494807628,"{""0"":-0.01598219704476156,""1"":0.018765961553688815,""2"":0.007231687588853397}"
new_minus_beta0,S_K_C,C_init,audit,RAC1P,120,pooled,validation_person_weighted,3,3,True,-0.006341857106831143,0.002417547773260109,"{""0"":-0.008849388284810855,""1"":-0.004025663741665575,""2"":-0.006150519294016998}"
new_minus_beta0,S_K_C,C_init,audit,RAC1P,120,pooled,development_evaluation_person_weighted,3,3,True,0.005176396763674429,0.019611175405337484,"{""0"":-0.016228352930318435,""1"":0.022279999514912996,""2"":0.009477543706428726}"
new_minus_beta0,S_K_C,C_init,audit,SEX,360,primary,validation,3,3,True,0.009060091476783697,0.0005819914202707791,"{""0"":0.009706926581111941,""1"":0.00889452598867102,""2"":0.008578821860568131}"
new_minus_beta0,S_K_C,C_init,audit,SEX,360,primary,development_evaluation,3,3,True,0.016407552203702196,0.00284836650744677,"{""0"":0.017697148004053198,""1"":0.018383040311681587,""2"":0.0131424682953718}"
new_minus_beta0,S_K_C,C_init,audit,SEX,360,primary,validation_person_weighted,3,3,True,0.007552600890878836,0.005548717664122216,"{""0"":0.011282350136909036,""1"":0.010199377366679419,""2"":0.001176075169048052}"
new_minus_beta0,S_K_C,C_init,audit,SEX,360,primary,development_evaluation_person_weighted,3,3,True,0.013504083148271043,0.004193178979161224,"{""0"":0.015616304120184887,""1"":0.016221120138312783,""2"":0.00867482518631546}"
new_minus_beta0,S_K_C,C_init,audit,RAC1P,360,primary,validation,3,3,True,0.008624121732440685,0.012360661297145806,"{""0"":0.005377850915938565,""1"":-0.001789446811894413,""2"":0.022283961093277904}"
new_minus_beta0,S_K_C,C_init,audit,RAC1P,360,primary,development_evaluation,3,3,True,0.015596406616149508,0.0132901502470397,"{""0"":0.0010080321560728134,""1"":0.018765961553688815,""2"":0.0270152261386869}"
new_minus_beta0,S_K_C,C_init,audit,RAC1P,360,primary,validation_person_weighted,3,3,True,0.009747835133254057,0.012652893691568455,"{""0"":0.012413948916327966,""1"":-0.004025663741665575,""2"":0.02085522022509978}"
new_minus_beta0,S_K_C,C_init,audit,RAC1P,360,primary,development_evaluation_person_weighted,3,3,True,0.01819303014412162,0.010109892554418787,"{""0"":0.0066794642297420825,""1"":0.022279999514912996,""2"":0.025619626687709784}"
new_minus_beta0,S_K_C,C_init,audit,SEX,360,pooled,validation,3,3,True,0.007365307356065627,0.0023805159252077253,"{""0"":0.004622574218957731,""1"":0.00889452598867102,""2"":0.008578821860568131}"
new_minus_beta0,S_K_C,C_init,audit,SEX,360,pooled,development_evaluation,3,3,True,0.015727871663841115,0.002620982479946519,"{""0"":0.01565810638446996,""1"":0.018383040311681587,""2"":0.0131424682953718}"
new_minus_beta0,S_K_C,C_init,audit,SEX,360,pooled,validation_person_weighted,3,3,True,0.005063738689483954,0.004639297051425092,"{""0"":0.003815763532724392,""1"":0.010199377366679419,""2"":0.001176075169048052}"
new_minus_beta0,S_K_C,C_init,audit,SEX,360,pooled,development_evaluation_person_weighted,3,3,True,0.015913710704196744,0.007090180702950544,"{""0"":0.02284518678796199,""1"":0.016221120138312783,""2"":0.00867482518631546}"
new_minus_beta0,S_K_C,C_init,audit,RAC1P,360,pooled,validation,3,3,True,-0.005931977101906479,0.0035969555457943635,"{""0"":-0.008263379317839048,""1"":-0.001789446811894413,""2"":-0.007743105175985976}"
new_minus_beta0,S_K_C,C_init,audit,RAC1P,360,pooled,development_evaluation,3,3,True,0.0033384840325935508,0.017698203494807628,"{""0"":-0.01598219704476156,""1"":0.018765961553688815,""2"":0.007231687588853397}"
new_minus_beta0,S_K_C,C_init,audit,RAC1P,360,pooled,validation_person_weighted,3,3,True,-0.006341857106831143,0.002417547773260109,"{""0"":-0.008849388284810855,""1"":-0.004025663741665575,""2"":-0.006150519294016998}"
new_minus_beta0,S_K_C,C_init,audit,RAC1P,360,pooled,development_evaluation_person_weighted,3,3,True,0.005176396763674429,0.019611175405337484,"{""0"":-0.016228352930318435,""1"":0.022279999514912996,""2"":0.009477543706428726}"
new_minus_historical_selective,S_K_C,S_rho0_C,transfer,same_residence,,primary,validation,3,3,True,0.002091965688698035,0.004874802243899764,"{""0"":0.00675102527299154,""1"":-0.0029731755085339318,""2"":0.002498047301636497}"
new_minus_historical_selective,S_K_C,S_rho0_C,transfer,same_residence,,primary,development_evaluation,3,3,True,0.0058020369244142595,0.004128875159678619,"{""0"":0.0016311706760093747,""1"":0.009887599078866716,""2"":0.0058873410183666874}"
new_minus_historical_selective,S_K_C,S_rho0_C,transfer,same_residence,,primary,validation_person_weighted,3,3,True,0.002788874122949444,0.004535393810971126,"{""0"":0.00566275861641774,""1"":-0.0024395570080156803,""2"":0.005143420760446271}"
new_minus_historical_selective,S_K_C,S_rho0_C,transfer,same_residence,,primary,development_evaluation_person_weighted,3,3,True,0.0037530341427609026,0.004782988585878302,"{""0"":0.0042007818871079294,""1"":0.008296404892034481,""2"":-0.0012380843508597028}"
new_minus_historical_selective,S_K_C,S_rho0_C,transfer,commute_over20,,primary,validation,3,3,True,0.0030481797592769957,0.0016097791533966177,"{""0"":0.0013946751524570589,""1"":0.004610344062269012,""2"":0.003139520063104917}"
new_minus_historical_selective,S_K_C,S_rho0_C,transfer,commute_over20,,primary,development_evaluation,3,3,True,0.0017508916557807213,0.0013240645347023623,"{""0"":0.0032199517714125436,""1"":0.0013831635534550246,""2"":0.0006495596424745953}"
new_minus_historical_selective,S_K_C,S_rho0_C,transfer,commute_over20,,primary,validation_person_weighted,3,3,True,0.001972749995642046,0.0015192522500987744,"{""0"":0.0005165188356561767,""1"":0.003548019933438118,""2"":0.0018537112178318438}"
new_minus_historical_selective,S_K_C,S_rho0_C,transfer,commute_over20,,primary,development_evaluation_person_weighted,3,3,True,0.000645321356421665,0.002652236717732418,"{""0"":0.0019373961751094626,""1"":0.002403918348410472,""2"":-0.0024053504542549398}"
new_minus_historical_selective,S_K_C,S_rho0_C,transfer,income_binary,,primary,validation,3,3,True,0.02040242303408692,0.013964386699425256,"{""0"":0.013607932583366122,""1"":0.03646380149182382,""2"":0.01113553502707082}"
new_minus_historical_selective,S_K_C,S_rho0_C,transfer,income_binary,,primary,development_evaluation,3,3,True,0.02352095743810643,0.012866657554787721,"{""0"":0.02107941916371514,""1"":0.03743345792973862,""2"":0.012049995220865528}"
new_minus_historical_selective,S_K_C,S_rho0_C,transfer,income_binary,,primary,validation_person_weighted,3,3,True,0.01903318454401935,0.014938750522567884,"{""0"":0.010754648036419956,""1"":0.036278391991359515,""2"":0.01006651360427857}"
new_minus_historical_selective,S_K_C,S_rho0_C,transfer,income_binary,,primary,development_evaluation_person_weighted,3,3,True,0.023131812283728275,0.013309286143553731,"{""0"":0.02071021184329991,""1"":0.0374856329380428,""2"":0.011199592069842113}"
new_minus_historical_selective,S_K_C,S_rho0_C,transfer,civilian_at_work,,primary,validation,3,3,True,0.03890491223916692,0.009704968666858762,"{""0"":0.031893588742868684,""1"":0.04998140115133204,""2"":0.034839746823300044}"
new_minus_historical_selective,S_K_C,S_rho0_C,transfer,civilian_at_work,,primary,development_evaluation,3,3,True,0.043144549719084734,0.003324645761424567,"{""0"":0.04689942008535619,""1"":0.04195919895155931,""2"":0.040575030120338695}"
new_minus_historical_selective,S_K_C,S_rho0_C,transfer,civilian_at_work,,primary,validation_person_weighted,3,3,True,0.03495159428668151,0.006185799131584176,"{""0"":0.0292276119752658,""1"":0.04151373824602567,""2"":0.03411343263875305}"
new_minus_historical_selective,S_K_C,S_rho0_C,transfer,civilian_at_work,,primary,development_evaluation_person_weighted,3,3,True,0.03687057899714178,0.009362995198264971,"{""0"":0.04763221370689119,""1"":0.03238758838678435,""2"":0.030591934897749806}"
new_minus_historical_selective,S_K_C,S_rho0_C,transfer,public_coverage,,primary,validation,3,3,True,0.016418118658705905,0.005886170985889198,"{""0"":0.01432015330728148,""1"":0.02306584359614894,""2"":0.011868359072687296}"
new_minus_historical_selective,S_K_C,S_rho0_C,transfer,public_coverage,,primary,development_evaluation,3,3,True,0.01784439382276576,0.0064688569123201554,"{""0"":0.015186253130033522,""1"":0.025218861244205026,""2"":0.013128067094058726}"
new_minus_historical_selective,S_K_C,S_rho0_C,transfer,public_coverage,,primary,validation_person_weighted,3,3,True,0.013288938978293308,0.007714130808811034,"{""0"":0.008015712856069057,""1"":0.02214267587871943,""2"":0.009708428200091435}"
new_minus_historical_selective,S_K_C,S_rho0_C,transfer,public_coverage,,primary,development_evaluation_person_weighted,3,3,True,0.016893085509769628,0.007451908445008351,"{""0"":0.014708818351870434,""1"":0.02519303930082073,""2"":0.010777398876617716}"
new_minus_historical_selective,S_K_C,S_rho0_C,audit,SEX,120,primary,validation,3,3,True,0.0010647462046340372,0.0017711135291093316,"{""0"":0.0022591877579055675,""1"":0.0019051711301300012,""2"":-0.0009701202741334569}"
new_minus_historical_selective,S_K_C,S_rho0_C,audit,SEX,120,primary,development_evaluation,3,3,True,0.00219548454668402,0.0032746297187793835,"{""0"":0.0045624177944617594,""1"":0.003565725040993395,""2"":-0.0015416891954030953}"
new_minus_historical_selective,S_K_C,S_rho0_C,audit,SEX,120,primary,validation_person_weighted,3,3,True,0.0034368706245630674,0.0031822000187091094,"{""0"":0.006784010814287478,""1"":0.0030762690639091206,""2"":0.0004503319954926033}"
new_minus_historical_selective,S_K_C,S_rho0_C,audit,SEX,120,primary,development_evaluation_person_weighted,3,3,True,0.0016806998378207834,0.002572544417542898,"{""0"":0.0031347750656525175,""1"":0.0031969262975453105,""2"":-0.0012896018497354778}"
new_minus_historical_selective,S_K_C,S_rho0_C,audit,RAC1P,120,primary,validation,3,3,True,0.0068922548809788875,0.004152398390949589,"{""0"":0.011662185744195641,""1"":0.00492946484806156,""2"":0.004085114050679461}"
new_minus_historical_selective,S_K_C,S_rho0_C,audit,RAC1P,120,primary,development_evaluation,3,3,True,0.009649335536859352,0.002989123307842197,"{""0"":0.011284800786301785,""1"":0.011463863957871467,""2"":0.006199341866404806}"
new_minus_historical_selective,S_K_C,S_rho0_C,audit,RAC1P,120,primary,validation_person_weighted,3,3,True,0.006887850831793181,0.007611095710103677,"{""0"":0.015660561222975433,""1"":0.002044940926785088,""2"":0.0029580503456190232}"
new_minus_historical_selective,S_K_C,S_rho0_C,audit,RAC1P,120,primary,development_evaluation_person_weighted,3,3,True,0.00955418839561147,0.002452462513337969,"{""0"":0.011968078827323314,""1"":0.009629593411593751,""2"":0.007064892947917345}"
new_minus_historical_selective,S_K_C,S_rho0_C,audit,SEX,120,pooled,validation,3,3,True,0.0008023767478387104,0.0015502262364101838,"{""0"":0.001472079387519587,""1"":0.0019051711301300012,""2"":-0.0009701202741334569}"
new_minus_historical_selective,S_K_C,S_rho0_C,audit,SEX,120,pooled,development_evaluation,3,3,True,0.0020482129546180263,0.003121301087280691,"{""0"":0.00412060301826378,""1"":0.003565725040993395,""2"":-0.0015416891954030953}"
new_minus_historical_selective,S_K_C,S_rho0_C,audit,SEX,120,pooled,validation_person_weighted,3,3,True,0.001315328244782199,0.0015250979889786514,"{""0"":0.00041938367494487316,""1"":0.0030762690639091206,""2"":0.0004503319954926033}"
new_minus_historical_selective,S_K_C,S_rho0_C,audit,SEX,120,pooled,development_evaluation_person_weighted,3,3,True,0.005023288880685224,0.007397149253652808,"{""0"":0.013162542194245841,""1"":0.0031969262975453105,""2"":-0.0012896018497354778}"
new_minus_historical_selective,S_K_C,S_rho0_C,audit,RAC1P,120,pooled,validation,3,3,True,0.0022199434415221355,0.010913163255962248,"{""0"":0.011523090720680917,""1"":0.00492946484806156,""2"":-0.00979272524417607}"
new_minus_historical_selective,S_K_C,S_rho0_C,audit,RAC1P,120,pooled,development_evaluation,3,3,True,0.010655822321848326,0.007672242520456845,"{""0"":0.017892063726335783,""1"":0.011463863957871467,""2"":0.002611539281337727}"
new_minus_historical_selective,S_K_C,S_rho0_C,audit,RAC1P,120,pooled,validation_person_weighted,3,3,True,0.00010236818575459772,0.01228153487762079,"{""0"":0.011296849662340902,""1"":0.002044940926785088,""2"":-0.013034686031862197}"
new_minus_historical_selective,S_K_C,S_rho0_C,audit,RAC1P,120,pooled,development_evaluation_person_weighted,3,3,True,0.013382546692530953,0.011149961618536475,"{""0"":0.025924769924221547,""1"":0.009629593411593751,""2"":0.004593276741777563}"
new_minus_historical_selective,S_K_C,S_rho0_C,audit,SEX,360,primary,validation,3,3,True,0.0010647462046340372,0.0017711135291093316,"{""0"":0.0022591877579055675,""1"":0.0019051711301300012,""2"":-0.0009701202741334569}"
new_minus_historical_selective,S_K_C,S_rho0_C,audit,SEX,360,primary,development_evaluation,3,3,True,0.00219548454668402,0.0032746297187793835,"{""0"":0.0045624177944617594,""1"":0.003565725040993395,""2"":-0.0015416891954030953}"
new_minus_historical_selective,S_K_C,S_rho0_C,audit,SEX,360,primary,validation_person_weighted,3,3,True,0.0034368706245630674,0.0031822000187091094,"{""0"":0.006784010814287478,""1"":0.0030762690639091206,""2"":0.0004503319954926033}"
new_minus_historical_selective,S_K_C,S_rho0_C,audit,SEX,360,primary,development_evaluation_person_weighted,3,3,True,0.0016806998378207834,0.002572544417542898,"{""0"":0.0031347750656525175,""1"":0.0031969262975453105,""2"":-0.0012896018497354778}"
new_minus_historical_selective,S_K_C,S_rho0_C,audit,RAC1P,360,primary,validation,3,3,True,0.0068922548809788875,0.004152398390949589,"{""0"":0.011662185744195641,""1"":0.00492946484806156,""2"":0.004085114050679461}"
new_minus_historical_selective,S_K_C,S_rho0_C,audit,RAC1P,360,primary,development_evaluation,3,3,True,0.009649335536859352,0.002989123307842197,"{""0"":0.011284800786301785,""1"":0.011463863957871467,""2"":0.006199341866404806}"
new_minus_historical_selective,S_K_C,S_rho0_C,audit,RAC1P,360,primary,validation_person_weighted,3,3,True,0.006887850831793181,0.007611095710103677,"{""0"":0.015660561222975433,""1"":0.002044940926785088,""2"":0.0029580503456190232}"
new_minus_historical_selective,S_K_C,S_rho0_C,audit,RAC1P,360,primary,development_evaluation_person_weighted,3,3,True,0.00955418839561147,0.002452462513337969,"{""0"":0.011968078827323314,""1"":0.009629593411593751,""2"":0.007064892947917345}"
new_minus_historical_selective,S_K_C,S_rho0_C,audit,SEX,360,pooled,validation,3,3,True,0.0008023767478387104,0.0015502262364101838,"{""0"":0.001472079387519587,""1"":0.0019051711301300012,""2"":-0.0009701202741334569}"
new_minus_historical_selective,S_K_C,S_rho0_C,audit,SEX,360,pooled,development_evaluation,3,3,True,0.0020482129546180263,0.003121301087280691,"{""0"":0.00412060301826378,""1"":0.003565725040993395,""2"":-0.0015416891954030953}"
new_minus_historical_selective,S_K_C,S_rho0_C,audit,SEX,360,pooled,validation_person_weighted,3,3,True,0.001315328244782199,0.0015250979889786514,"{""0"":0.00041938367494487316,""1"":0.0030762690639091206,""2"":0.0004503319954926033}"
new_minus_historical_selective,S_K_C,S_rho0_C,audit,SEX,360,pooled,development_evaluation_person_weighted,3,3,True,0.005023288880685224,0.007397149253652808,"{""0"":0.013162542194245841,""1"":0.0031969262975453105,""2"":-0.0012896018497354778}"
new_minus_historical_selective,S_K_C,S_rho0_C,audit,RAC1P,360,pooled,validation,3,3,True,0.0022199434415221355,0.010913163255962248,"{""0"":0.011523090720680917,""1"":0.00492946484806156,""2"":-0.00979272524417607}"
new_minus_historical_selective,S_K_C,S_rho0_C,audit,RAC1P,360,pooled,development_evaluation,3,3,True,0.010655822321848326,0.007672242520456845,"{""0"":0.017892063726335783,""1"":0.011463863957871467,""2"":0.002611539281337727}"
new_minus_historical_selective,S_K_C,S_rho0_C,audit,RAC1P,360,pooled,validation_person_weighted,3,3,True,0.00010236818575459772,0.01228153487762079,"{""0"":0.011296849662340902,""1"":0.002044940926785088,""2"":-0.013034686031862197}"
new_minus_historical_selective,S_K_C,S_rho0_C,audit,RAC1P,360,pooled,development_evaluation_person_weighted,3,3,True,0.013382546692530953,0.011149961618536475,"{""0"":0.025924769924221547,""1"":0.009629593411593751,""2"":0.004593276741777563}"
K_minus_direct_teacher,S_K_C,S_direct,transfer,same_residence,,primary,validation,3,3,True,-0.0029038057069042944,0.0026348210130668127,"{""0"":0.00013855763811809751,""1"":-0.0044076458527656515,""2"":-0.004442328906065329}"
K_minus_direct_teacher,S_K_C,S_direct,transfer,same_residence,,primary,development_evaluation,3,3,True,-0.002505207570192495,0.002134976922155275,"{""0"":-0.0002586219417992641,""1"":-0.004507571609522976,""2"":-0.0027494291592552456}"
K_minus_direct_teacher,S_K_C,S_direct,transfer,same_residence,,primary,validation_person_weighted,3,3,True,-0.0019686563871527305,0.001989069866159473,"{""0"":2.9672085980092522e-05,""1"":-0.003948336517299478,""2"":-0.001987304730138806}"
K_minus_direct_teacher,S_K_C,S_direct,transfer,same_residence,,primary,development_evaluation_person_weighted,3,3,True,-0.0030465704058190526,0.002228724820955461,"{""0"":-0.00103666275611064,""1"":-0.002659612682737955,""2"":-0.005443435778608563}"
K_minus_direct_teacher,S_K_C,S_direct,transfer,commute_over20,,primary,validation,3,3,True,-0.0014575927601940448,0.0005790555834008144,"{""0"":-0.0014095789439597661,""1"":-0.0009040389582939401,""2"":-0.0020591603783284285}"
K_minus_direct_teacher,S_K_C,S_direct,transfer,commute_over20,,primary,development_evaluation,3,3,True,-0.0009426709861173332,0.00041889790171386915,"{""0"":-0.00045901169187667623,""1"":-0.0011900429595772533,""2"":-0.0011789583068980702}"
K_minus_direct_teacher,S_K_C,S_direct,transfer,commute_over20,,primary,validation_person_weighted,3,3,True,-0.0012564744011092088,0.0010075128821490959,"{""0"":-0.0010887617343932066,""1"":-0.0003433419914196101,""2"":-0.00233731947751481}"
K_minus_direct_teacher,S_K_C,S_direct,transfer,commute_over20,,primary,development_evaluation_person_weighted,3,3,True,-0.0003793807429730567,0.000778032031256458,"{""0"":-0.001200860332337239,""1"":-0.0002836207966219195,""2"":0.0003463389000399886}"
K_minus_direct_teacher,S_K_C,S_direct,transfer,income_binary,,primary,validation,3,3,True,-0.025753025870379847,0.017643694938578362,"{""0"":-0.029154092976536816,""1"":-0.04144859900788528,""2"":-0.006656385626717443}"
K_minus_direct_teacher,S_K_C,S_direct,transfer,income_binary,,primary,development_evaluation,3,3,True,-0.023727261788267284,0.026048153972220628,"{""0"":-0.014771861211270498,""1"":-0.05307174565928108,""2"":-0.003338178494250277}"
K_minus_direct_teacher,S_K_C,S_direct,transfer,income_binary,,primary,validation_person_weighted,3,3,True,-0.025382521735693258,0.016643947558707774,"{""0"":-0.026378018256886737,""1"":-0.04150637780031835,""2"":-0.008263169149874683}"
K_minus_direct_teacher,S_K_C,S_direct,transfer,income_binary,,primary,development_evaluation_person_weighted,3,3,True,-0.024198187726999703,0.02692966315383417,"{""0"":-0.017081664946254183,""1"":-0.05397138923197736,""2"":-0.0015415090027675604}"
K_minus_direct_teacher,S_K_C,S_direct,transfer,civilian_at_work,,primary,validation,3,3,True,-0.039306745142839106,0.026195819506151786,"{""0"":-0.037646600598913116,""1"":-0.06629315316101925,""2"":-0.013980481668584954}"
K_minus_direct_teacher,S_K_C,S_direct,transfer,civilian_at_work,,primary,development_evaluation,3,3,True,-0.052363180207008884,0.023125234737367273,"{""0"":-0.043109851743514505,""1"":-0.078682202907082,""2"":-0.03529748597043014}"
K_minus_direct_teacher,S_K_C,S_direct,transfer,civilian_at_work,,primary,validation_person_weighted,3,3,True,-0.03690655260557959,0.02544043896223778,"{""0"":-0.039559085439957176,""1"":-0.06091680107823422,""2"":-0.010243771298547366}"
K_minus_direct_teacher,S_K_C,S_direct,transfer,civilian_at_work,,primary,development_evaluation_person_weighted,3,3,True,-0.051512103969101164,0.02372462221128113,"{""0"":-0.04752882539871639,""1"":-0.07697623391764347,""2"":-0.030031252590943636}"
K_minus_direct_teacher,S_K_C,S_direct,transfer,public_coverage,,primary,validation,3,3,True,-0.014087267431364939,0.0055033798596612424,"{""0"":-0.009123269861263661,""1"":-0.020005286584915516,""2"":-0.013133245847915642}"
K_minus_direct_teacher,S_K_C,S_direct,transfer,public_coverage,,primary,development_evaluation,3,3,True,-0.013672875533150386,0.0034272989506140762,"{""0"":-0.011097274250447153,""1"":-0.017562807343617703,""2"":-0.012358545005386301}"
K_minus_direct_teacher,S_K_C,S_direct,transfer,public_coverage,,primary,validation_person_weighted,3,3,True,-0.014577559664206893,0.005599239887214186,"{""0"":-0.00906355637855305,""1"":-0.02025831114908927,""2"":-0.014410811464978357}"
K_minus_direct_teacher,S_K_C,S_direct,transfer,public_coverage,,primary,development_evaluation_person_weighted,3,3,True,-0.014249938574830293,0.004017273313827608,"{""0"":-0.01111272984639089,""1"":-0.018777753293797383,""2"":-0.012859332584302607}"
K_minus_direct_teacher,S_K_C,S_direct,audit,SEX,120,primary,validation,3,3,True,-0.002362076877542233,0.002311018516422718,"{""0"":-0.004328124079870377,""1"":-0.0029416793935002072,""2"":0.00018357284074388414}"
K_minus_direct_teacher,S_K_C,S_direct,audit,SEX,120,primary,development_evaluation,3,3,True,-0.004208727113065969,0.003930630448216246,"{""0"":-0.008720735686597814,""1"":-0.0015270589979965443,""2"":-0.002378386654603548}"
K_minus_direct_teacher,S_K_C,S_direct,audit,SEX,120,primary,validation_person_weighted,3,3,True,-0.00012535245195059255,0.0017309392364880326,"{""0"":-0.00207325515361112,""1"":0.0004607755640202438,""2"":0.0012364222337390984}"
K_minus_direct_teacher,S_K_C,S_direct,audit,SEX,120,primary,development_evaluation_person_weighted,3,3,True,-0.0045485008224020644,0.005704136383767999,"{""0"":-0.010995776637770072,""1"":-0.0001579662590308617,""2"":-0.002491759570405261}"
K_minus_direct_teacher,S_K_C,S_direct,audit,RAC1P,120,primary,validation,3,3,True,-0.004085754933827864,0.004000395427836433,"{""0"":-0.0011014131677449246,""1"":-0.008631356960102199,""2"":-0.002524494673636468}"
K_minus_direct_teacher,S_K_C,S_direct,audit,RAC1P,120,primary,development_evaluation,3,3,True,-0.001339239845921103,0.003989492884713715,"{""0"":0.00043850846795634446,""1"":-0.005908570724050932,""2"":0.0014523427183312787}"
K_minus_direct_teacher,S_K_C,S_direct,audit,RAC1P,120,primary,validation_person_weighted,3,3,True,-0.003569811068405778,0.004569499660223624,"{""0"":0.0008949220723517559,""1"":-0.008237325607830748,""2"":-0.0033670296697383417}"
K_minus_direct_teacher,S_K_C,S_direct,audit,RAC1P,120,primary,development_evaluation_person_weighted,3,3,True,0.00036018466941745153,0.00425437464025139,"{""0"":0.0021878558608152687,""1"":-0.004502627640788015,""2"":0.003395325788225101}"
K_minus_direct_teacher,S_K_C,S_direct,audit,SEX,120,pooled,validation,3,3,True,-0.004056860998260303,0.004894258163197646,"{""0"":-0.009412476442024587,""1"":-0.0029416793935002072,""2"":0.00018357284074388414}"
K_minus_direct_teacher,S_K_C,S_direct,audit,SEX,120,pooled,development_evaluation,3,3,True,-0.0048884076529270475,0.005102541121695152,"{""0"":-0.010759777306181051,""1"":-0.0015270589979965443,""2"":-0.002378386654603548}"
K_minus_direct_teacher,S_K_C,S_direct,audit,SEX,120,pooled,validation_person_weighted,3,3,True,-0.0026142146533454738,0.0060102945045549866,"{""0"":-0.009539841757795764,""1"":0.0004607755640202438,""2"":0.0012364222337390984}"
K_minus_direct_teacher,S_K_C,S_direct,audit,SEX,120,pooled,development_evaluation_person_weighted,3,3,True,-0.0021388732664763634,0.0018301602015569555,"{""0"":-0.003766893969992968,""1"":-0.0001579662590308617,""2"":-0.002491759570405261}"
K_minus_direct_teacher,S_K_C,S_direct,audit,RAC1P,120,pooled,validation,3,3,True,-0.01966214856542677,0.012067928282255655,"{""0"":-0.017803527793277762,""1"":-0.008631356960102199,""2"":-0.03255156094290035}"
K_minus_direct_teacher,S_K_C,S_direct,audit,RAC1P,120,pooled,development_evaluation,3,3,True,-0.00979131557154537,0.007405881873725666,"{""0"":-0.005134180159082957,""1"":-0.005908570724050932,""2"":-0.018331195831502223}"
K_minus_direct_teacher,S_K_C,S_direct,audit,RAC1P,120,pooled,validation_person_weighted,3,3,True,-0.017014973362880603,0.011757031210976453,"{""0"":-0.012434825291955942,""1"":-0.008237325607830748,""2"":-0.03037276918885512}"
K_minus_direct_teacher,S_K_C,S_direct,audit,RAC1P,120,pooled,development_evaluation_person_weighted,3,3,True,-0.006519982643445443,0.005502801805475775,"{""0"":-0.0023105630964923574,""1"":-0.004502627640788015,""2"":-0.012746757193055958}"
K_minus_direct_teacher,S_K_C,S_direct,audit,SEX,360,primary,validation,3,3,True,-0.002362076877542233,0.002311018516422718,"{""0"":-0.004328124079870377,""1"":-0.0029416793935002072,""2"":0.00018357284074388414}"
K_minus_direct_teacher,S_K_C,S_direct,audit,SEX,360,primary,development_evaluation,3,3,True,-0.004208727113065969,0.003930630448216246,"{""0"":-0.008720735686597814,""1"":-0.0015270589979965443,""2"":-0.002378386654603548}"
K_minus_direct_teacher,S_K_C,S_direct,audit,SEX,360,primary,validation_person_weighted,3,3,True,-0.00012535245195059255,0.0017309392364880326,"{""0"":-0.00207325515361112,""1"":0.0004607755640202438,""2"":0.0012364222337390984}"
K_minus_direct_teacher,S_K_C,S_direct,audit,SEX,360,primary,development_evaluation_person_weighted,3,3,True,-0.0045485008224020644,0.005704136383767999,"{""0"":-0.010995776637770072,""1"":-0.0001579662590308617,""2"":-0.002491759570405261}"
K_minus_direct_teacher,S_K_C,S_direct,audit,RAC1P,360,primary,validation,3,3,True,-0.004085754933827864,0.004000395427836433,"{""0"":-0.0011014131677449246,""1"":-0.008631356960102199,""2"":-0.002524494673636468}"
K_minus_direct_teacher,S_K_C,S_direct,audit,RAC1P,360,primary,development_evaluation,3,3,True,-0.001339239845921103,0.003989492884713715,"{""0"":0.00043850846795634446,""1"":-0.005908570724050932,""2"":0.0014523427183312787}"
K_minus_direct_teacher,S_K_C,S_direct,audit,RAC1P,360,primary,validation_person_weighted,3,3,True,-0.003569811068405778,0.004569499660223624,"{""0"":0.0008949220723517559,""1"":-0.008237325607830748,""2"":-0.0033670296697383417}"
K_minus_direct_teacher,S_K_C,S_direct,audit,RAC1P,360,primary,development_evaluation_person_weighted,3,3,True,0.00036018466941745153,0.00425437464025139,"{""0"":0.0021878558608152687,""1"":-0.004502627640788015,""2"":0.003395325788225101}"
K_minus_direct_teacher,S_K_C,S_direct,audit,SEX,360,pooled,validation,3,3,True,-0.004056860998260303,0.004894258163197646,"{""0"":-0.009412476442024587,""1"":-0.0029416793935002072,""2"":0.00018357284074388414}"
K_minus_direct_teacher,S_K_C,S_direct,audit,SEX,360,pooled,development_evaluation,3,3,True,-0.0048884076529270475,0.005102541121695152,"{""0"":-0.010759777306181051,""1"":-0.0015270589979965443,""2"":-0.002378386654603548}"
K_minus_direct_teacher,S_K_C,S_direct,audit,SEX,360,pooled,validation_person_weighted,3,3,True,-0.0026142146533454738,0.0060102945045549866,"{""0"":-0.009539841757795764,""1"":0.0004607755640202438,""2"":0.0012364222337390984}"
K_minus_direct_teacher,S_K_C,S_direct,audit,SEX,360,pooled,development_evaluation_person_weighted,3,3,True,-0.0021388732664763634,0.0018301602015569555,"{""0"":-0.003766893969992968,""1"":-0.0001579662590308617,""2"":-0.002491759570405261}"
K_minus_direct_teacher,S_K_C,S_direct,audit,RAC1P,360,pooled,validation,3,3,True,-0.01966214856542677,0.012067928282255655,"{""0"":-0.017803527793277762,""1"":-0.008631356960102199,""2"":-0.03255156094290035}"
K_minus_direct_teacher,S_K_C,S_direct,audit,RAC1P,360,pooled,development_evaluation,3,3,True,-0.00979131557154537,0.007405881873725666,"{""0"":-0.005134180159082957,""1"":-0.005908570724050932,""2"":-0.018331195831502223}"
K_minus_direct_teacher,S_K_C,S_direct,audit,RAC1P,360,pooled,validation_person_weighted,3,3,True,-0.017014973362880603,0.011757031210976453,"{""0"":-0.012434825291955942,""1"":-0.008237325607830748,""2"":-0.03037276918885512}"
K_minus_direct_teacher,S_K_C,S_direct,audit,RAC1P,360,pooled,development_evaluation_person_weighted,3,3,True,-0.006519982643445443,0.005502801805475775,"{""0"":-0.0023105630964923574,""1"":-0.004502627640788015,""2"":-0.012746757193055958}"
final_minus_W,S_K_D,S_K_W,transfer,same_residence,,primary,validation,3,3,True,0.00048276967125367626,0.0009211151524416785,"{""0"":-0.0005302438100289741,""1"":0.0012700002781984576,""2"":0.0007085525455915453}"
final_minus_W,S_K_D,S_K_W,transfer,same_residence,,primary,development_evaluation,3,3,True,-0.00027944712079793393,0.0025410356759985,"{""0"":-0.00286154501051461,""1"":0.0022184324553577994,""2"":-0.0001952288072369912}"
final_minus_W,S_K_D,S_K_W,transfer,same_residence,,primary,validation_person_weighted,3,3,True,0.0004176684614136117,0.0017701891784978527,"{""0"":-0.0015028620417380512,""1"":0.001983938389142126,""2"":0.0007719290368367604}"
final_minus_W,S_K_D,S_K_W,transfer,same_residence,,primary,development_evaluation_person_weighted,3,3,True,-0.000927849742009231,0.002300056204736883,"{""0"":-0.0031864666909116046,""1"":0.0014115189183611654,""2"":-0.0010086014534772536}"
final_minus_W,S_K_D,S_K_W,transfer,commute_over20,,primary,validation,3,3,True,0.000331134135734971,0.00032838129222875897,"{""0"":0.0006582879753798121,""1"":0.0003335754287389081,""2"":1.539003086192814e-06}"
final_minus_W,S_K_D,S_K_W,transfer,commute_over20,,primary,development_evaluation,3,3,True,0.0007650717212542476,0.0004205404674756369,"{""0"":0.000910752867691933,""1"":0.00029106156112224113,""2"":0.0010934007349485686}"
final_minus_W,S_K_D,S_K_W,transfer,commute_over20,,primary,validation_person_weighted,3,3,True,-0.00023604670775608425,0.0003154170737402679,"{""0"":-0.0002981351369502061,""1"":-0.0005158025906928376,""2"":0.00010579760437479102}"
final_minus_W,S_K_D,S_K_W,transfer,commute_over20,,primary,development_evaluation_person_weighted,3,3,True,0.0002809454968222269,0.0006167938815826612,"{""0"":-0.00042017181324827124,""1"":0.0005230579417003778,""2"":0.0007399503620145742}"
final_minus_W,S_K_D,S_K_W,transfer,income_binary,,primary,validation,3,3,True,-0.004136814320884585,0.003207469153244328,"{""0"":-0.0055879943739367,""1"":-0.006362226786602754,""2"":-0.0004602218021143023}"
final_minus_W,S_K_D,S_K_W,transfer,income_binary,,primary,development_evaluation,3,3,True,-0.004113704277151113,0.0022188523206591476,"{""0"":-0.005030113402703318,""1"":-0.005727564229984494,""2"":-0.001583435198765526}"
final_minus_W,S_K_D,S_K_W,transfer,income_binary,,primary,validation_person_weighted,3,3,True,-0.004601048230720624,0.002148390261678839,"{""0"":-0.006361135670362339,""1"":-0.0052349892763740025,""2"":-0.0022070197454255314}"
final_minus_W,S_K_D,S_K_W,transfer,income_binary,,primary,development_evaluation_person_weighted,3,3,True,-0.004563367588940419,0.0021878557785354655,"{""0"":-0.005265599106174135,""1"":-0.006313885975417266,""2"":-0.002110617685229854}"
final_minus_W,S_K_D,S_K_W,transfer,civilian_at_work,,primary,validation,3,3,True,-0.009712166767254282,0.006026076774330054,"{""0"":-0.012097028989468184,""1"":-0.014180824369982581,""2"":-0.002858646942312082}"
final_minus_W,S_K_D,S_K_W,transfer,civilian_at_work,,primary,development_evaluation,3,3,True,-0.014865094100755113,0.007957001138468173,"{""0"":-0.01465255560985329,""1"":-0.022926235291121144,""2"":-0.007016491401290903}"
final_minus_W,S_K_D,S_K_W,transfer,civilian_at_work,,primary,validation_person_weighted,3,3,True,-0.009307371800626463,0.004392019644279269,"{""0"":-0.0124702787939448,""1"":-0.011159116677124381,""2"":-0.004292719930810207}"
final_minus_W,S_K_D,S_K_W,transfer,civilian_at_work,,primary,development_evaluation_person_weighted,3,3,True,-0.013861413747917772,0.008102281381827782,"{""0"":-0.014436641196311939,""1"":-0.021660752393264704,""2"":-0.005486847654176674}"
final_minus_W,S_K_D,S_K_W,transfer,public_coverage,,primary,validation,3,3,True,-0.0015038713095672322,0.0025118846673982675,"{""0"":-0.0027772806117122295,""1"":-0.003124019809282008,""2"":0.0013896864922925412}"
final_minus_W,S_K_D,S_K_W,transfer,public_coverage,,primary,development_evaluation,3,3,True,-0.0007689318770901324,0.0011323455784587864,"{""0"":-0.0009343060705579997,""1"":0.00043700721325712344,""2"":-0.0018094967739695211}"
final_minus_W,S_K_D,S_K_W,transfer,public_coverage,,primary,validation_person_weighted,3,3,True,-0.0017018174135317772,0.0022330936938097646,"{""0"":-0.002901085462801767,""1"":-0.0030790558063362727,""2"":0.0008746890285427078}"
final_minus_W,S_K_D,S_K_W,transfer,public_coverage,,primary,development_evaluation_person_weighted,3,3,True,-0.0010866207296166275,0.0015392349480960626,"{""0"":-0.0002000869719670506,""1"":-0.00019580078673486767,""2"":-0.002863974430147964}"
representation_minus_source_bank,S_K_D,S_bank,transfer,same_residence,,primary,validation,3,3,True,-0.017275285914680267,0.014462244136034658,"{""0"":-0.005362056803814852,""1"":-0.013097171338839142,""2"":-0.03336662960138681}"
representation_minus_source_bank,S_K_D,S_bank,transfer,same_residence,,primary,development_evaluation,3,3,True,-0.015943987480413518,0.008391768984305995,"{""0"":-0.008730034882973636,""1"":-0.013948200833284519,""2"":-0.025153726724982395}"
representation_minus_source_bank,S_K_D,S_bank,transfer,same_residence,,primary,validation_person_weighted,3,3,True,-0.015272260981544697,0.01206574547788839,"{""0"":-0.004093131326479316,""1"":-0.013660957177196065,""2"":-0.028062694440958713}"
representation_minus_source_bank,S_K_D,S_bank,transfer,same_residence,,primary,development_evaluation_person_weighted,3,3,True,-0.014706774389153169,0.012044362208873312,"{""0"":-0.0064450099928478055,""1"":-0.009148791957562519,""2"":-0.028526521217049183}"
representation_minus_source_bank,S_K_D,S_bank,transfer,commute_over20,,primary,validation,3,3,True,-0.0006723120392783111,0.0032295222292358064,"{""0"":-0.0009879116032857072,""1"":0.0027034236518955757,""2"":-0.0037324481664448017}"
representation_minus_source_bank,S_K_D,S_bank,transfer,commute_over20,,primary,development_evaluation,3,3,True,0.0016889551571290795,0.0017149105034864006,"{""0"":0.0023391490834804296,""1"":0.0029836896446203687,""2"":-0.00025597325671355975}"
representation_minus_source_bank,S_K_D,S_bank,transfer,commute_over20,,primary,validation_person_weighted,3,3,True,-0.0022551767328375196,0.001755417432557238,"{""0"":-0.0037873648477754207,""1"":-0.00033982637329399434,""2"":-0.0026383389774431443}"
representation_minus_source_bank,S_K_D,S_bank,transfer,commute_over20,,primary,development_evaluation_person_weighted,3,3,True,0.002244386923283067,0.004540857185393405,"{""0"":0.0015752337512351389,""1"":0.007082690799273927,""2"":-0.001924763780659866}"
representation_minus_source_bank,S_K_D,S_bank,transfer,income_binary,,primary,validation,3,3,True,0.0009889833806744723,0.004057552496543887,"{""0"":-0.0019952730275476505,""1"":0.005609112948228079,""2"":-0.0006468897786570116}"
representation_minus_source_bank,S_K_D,S_bank,transfer,income_binary,,primary,development_evaluation,3,3,True,0.004882944268734868,0.003650861799894364,"{""0"":0.00381987030994263,""1"":0.00894735503593197,""2"":0.0018816074603300037}"
representation_minus_source_bank,S_K_D,S_bank,transfer,income_binary,,primary,validation_person_weighted,3,3,True,0.0017043691182384764,0.005381791462591747,"{""0"":-0.002006818189209336,""1"":0.007876674011274565,""2"":-0.0007567484673497993}"
representation_minus_source_bank,S_K_D,S_bank,transfer,income_binary,,primary,development_evaluation_person_weighted,3,3,True,0.003512215249053041,0.0037188456398983814,"{""0"":0.0007260358258035504,""1"":0.007735095776177592,""2"":0.0020755141451779813}"
representation_minus_source_bank,S_K_D,S_bank,transfer,civilian_at_work,,primary,validation,3,3,True,0.002823214984505921,0.0017466420196702132,"{""0"":0.000960938637427855,""1"":0.003083753836383485,""2"":0.004424952479706423}"
representation_minus_source_bank,S_K_D,S_bank,transfer,civilian_at_work,,primary,development_evaluation,3,3,True,0.0037836901880275997,0.005281027769592896,"{""0"":0.00902484265974518,""1"":-0.001536329486647392,""2"":0.003862557390985011}"
representation_minus_source_bank,S_K_D,S_bank,transfer,civilian_at_work,,primary,validation_person_weighted,3,3,True,0.008436251405254743,0.0025716494429147032,"{""0"":0.005540830175288891,""1"":0.010454735866030185,""2"":0.009313188174445153}"
representation_minus_source_bank,S_K_D,S_bank,transfer,civilian_at_work,,primary,development_evaluation_person_weighted,3,3,True,0.006097808833452974,0.005801264243336092,"{""0"":0.012772264165643088,""1"":0.003253938375635146,""2"":0.0022672239590806886}"
representation_minus_source_bank,S_K_D,S_bank,transfer,public_coverage,,primary,validation,3,3,True,0.0072670034731527515,0.0038467721900430716,"{""0"":0.0044356835042912435,""1"":0.005718649842983647,""2"":0.011646677072183365}"
representation_minus_source_bank,S_K_D,S_bank,transfer,public_coverage,,primary,development_evaluation,3,3,True,0.005417461105160837,0.002605283750704994,"{""0"":0.004735832597701495,""1"":0.00829580178339362,""2"":0.0032207489343873963}"
representation_minus_source_bank,S_K_D,S_bank,transfer,public_coverage,,primary,validation_person_weighted,3,3,True,0.005384515545117041,0.004077043198543832,"{""0"":0.0012912695466589241,""1"":0.005417116662669419,""2"":0.00944516042602278}"
representation_minus_source_bank,S_K_D,S_bank,transfer,public_coverage,,primary,development_evaluation_person_weighted,3,3,True,0.006135087339796137,0.0012886456276085924,"{""0"":0.005524512117131786,""1"":0.007615537057671928,""2"":0.005265212844584699}"
representation_minus_source_bank,S_K_D,S_bank,audit,SEX,120,primary,validation,3,3,True,-0.015238691478991854,0.005746067751982578,"{""0"":-0.018182940791939384,""1"":-0.01891592033512335,""2"":-0.00861721330991283}"
representation_minus_source_bank,S_K_D,S_bank,audit,SEX,120,primary,development_evaluation,3,3,True,-0.009473918362267075,0.0007329245826813481,"{""0"":-0.009138422733526164,""1"":-0.010314540946725126,""2"":-0.008968791406549936}"
representation_minus_source_bank,S_K_D,S_bank,audit,SEX,120,primary,validation_person_weighted,3,3,True,-0.013474923685948529,0.008364835258092736,"{""0"":-0.019754386071268004,""1"":-0.01669103492435564,""2"":-0.003979350062221942}"
representation_minus_source_bank,S_K_D,S_bank,audit,SEX,120,primary,development_evaluation_person_weighted,3,3,True,-0.007623309289161033,0.000578972661382065,"{""0"":-0.007896419231055107,""1"":-0.006958296597713298,""2"":-0.008015212038714692}"
representation_minus_source_bank,S_K_D,S_bank,audit,RAC1P,120,primary,validation,3,3,True,-0.03566325894085587,0.011858727075051423,"{""0"":-0.025697594170542404,""1"":-0.048778959953062806,""2"":-0.032513222698962396}"
representation_minus_source_bank,S_K_D,S_bank,audit,RAC1P,120,primary,development_evaluation,3,3,True,-0.03685828534354093,0.011010881502848954,"{""0"":-0.043775691731966715,""1"":-0.042638176637279424,""2"":-0.024160987661376643}"
representation_minus_source_bank,S_K_D,S_bank,audit,RAC1P,120,primary,validation_person_weighted,3,3,True,-0.02894276512972908,0.015696954589287146,"{""0"":-0.018866624799058984,""1"":-0.047028744338494244,""2"":-0.02093292625163401}"
representation_minus_source_bank,S_K_D,S_bank,audit,RAC1P,120,primary,development_evaluation_person_weighted,3,3,True,-0.027730625183045365,0.003167323737512474,"{""0"":-0.027138695989993522,""1"":-0.031152154453517378,""2"":-0.024901025105625196}"
representation_minus_source_bank,S_K_D,S_bank,audit,SEX,120,pooled,validation,3,3,True,-0.017902631632753963,0.0088225244653214,"{""0"":-0.02617476125322571,""1"":-0.01891592033512335,""2"":-0.00861721330991283}"
representation_minus_source_bank,S_K_D,S_bank,audit,SEX,120,pooled,development_evaluation,3,3,True,-0.010415280237599411,0.001499398746889642,"{""0"":-0.011962508359523172,""1"":-0.010314540946725126,""2"":-0.008968791406549936}"
representation_minus_source_bank,S_K_D,S_bank,audit,SEX,120,pooled,validation_person_weighted,3,3,True,-0.016146972030233558,0.011904918192356445,"{""0"":-0.027770531104123086,""1"":-0.01669103492435564,""2"":-0.003979350062221942}"
representation_minus_source_bank,S_K_D,S_bank,audit,SEX,120,pooled,development_evaluation_person_weighted,3,3,True,-0.007265321293464577,0.0006529665502197042,"{""0"":-0.0068224552439657415,""1"":-0.006958296597713298,""2"":-0.008015212038714692}"
representation_minus_source_bank,S_K_D,S_bank,audit,RAC1P,120,pooled,validation,3,3,True,-0.05373517309708312,0.011784769048610389,"{""0"":-0.04523795530111374,""1"":-0.048778959953062806,""2"":-0.06718860403707283}"
representation_minus_source_bank,S_K_D,S_bank,audit,RAC1P,120,pooled,development_evaluation,3,3,True,-0.04572141958637658,0.00549766064743749,"{""0"":-0.05206871294756232,""1"":-0.042638176637279424,""2"":-0.042457369174287996}"
representation_minus_source_bank,S_K_D,S_bank,audit,RAC1P,120,pooled,validation_person_weighted,3,3,True,-0.044228496548626296,0.008355140580595595,"{""0"":-0.034832915608718595,""1"":-0.047028744338494244,""2"":-0.050823829698666056}"
representation_minus_source_bank,S_K_D,S_bank,audit,RAC1P,120,pooled,development_evaluation_person_weighted,3,3,True,-0.03547138108289438,0.00472390207661897,"{""0"":-0.03474595335410613,""1"":-0.031152154453517378,""2"":-0.04051603544105964}"
representation_minus_source_bank,S_K_D,S_bank,audit,SEX,360,primary,validation,3,3,True,-0.014800032061995464,0.005451604607948398,"{""0"":-0.016866962540950214,""1"":-0.01891592033512335,""2"":-0.00861721330991283}"
representation_minus_source_bank,S_K_D,S_bank,audit,SEX,360,primary,development_evaluation,3,3,True,-0.01010117944779739,0.001042217729333239,"{""0"":-0.011020205990117105,""1"":-0.010314540946725126,""2"":-0.008968791406549936}"
representation_minus_source_bank,S_K_D,S_bank,audit,SEX,360,primary,validation_person_weighted,3,3,True,-0.013144299053684638,0.008004372056040793,"{""0"":-0.01876251217447633,""1"":-0.01669103492435564,""2"":-0.003979350062221942}"
representation_minus_source_bank,S_K_D,S_bank,audit,SEX,360,primary,development_evaluation_person_weighted,3,3,True,-0.007996945531623667,0.0010296372104183556,"{""0"":-0.009017327958443011,""1"":-0.006958296597713298,""2"":-0.008015212038714692}"
representation_minus_source_bank,S_K_D,S_bank,audit,RAC1P,360,primary,validation,3,3,True,-0.03523604305703665,0.012407635508943943,"{""0"":-0.02441594651908474,""1"":-0.048778959953062806,""2"":-0.032513222698962396}"
representation_minus_source_bank,S_K_D,S_bank,audit,RAC1P,360,primary,development_evaluation,3,3,True,-0.0359467910941608,0.010237990444355477,"{""0"":-0.04104120898382635,""1"":-0.042638176637279424,""2"":-0.024160987661376643}"
representation_minus_source_bank,S_K_D,S_bank,audit,RAC1P,360,primary,validation_person_weighted,3,3,True,-0.02907184291711255,0.015573777605513234,"{""0"":-0.019253858161209392,""1"":-0.047028744338494244,""2"":-0.02093292625163401}"
representation_minus_source_bank,S_K_D,S_bank,audit,RAC1P,360,primary,development_evaluation_person_weighted,3,3,True,-0.02771708669832429,0.0031712033998032812,"{""0"":-0.027098080535830293,""1"":-0.031152154453517378,""2"":-0.024901025105625196}"
representation_minus_source_bank,S_K_D,S_bank,audit,SEX,360,pooled,validation,3,3,True,-0.017463972215757573,0.008217558124141829,"{""0"":-0.02485878300223654,""1"":-0.01891592033512335,""2"":-0.00861721330991283}"
representation_minus_source_bank,S_K_D,S_bank,audit,SEX,360,pooled,development_evaluation,3,3,True,-0.011042541323129726,0.0025179582967950463,"{""0"":-0.013844291616114113,""1"":-0.010314540946725126,""2"":-0.008968791406549936}"
representation_minus_source_bank,S_K_D,S_bank,audit,SEX,360,pooled,validation_person_weighted,3,3,True,-0.015816347397969666,0.011424793664476893,"{""0"":-0.026778657207331413,""1"":-0.01669103492435564,""2"":-0.003979350062221942}"
representation_minus_source_bank,S_K_D,S_bank,audit,SEX,360,pooled,development_evaluation_person_weighted,3,3,True,-0.0076389575359272115,0.0005905633080403516,"{""0"":-0.007943363971353645,""1"":-0.006958296597713298,""2"":-0.008015212038714692}"
representation_minus_source_bank,S_K_D,S_bank,audit,RAC1P,360,pooled,validation,3,3,True,-0.0533079572132639,0.012260455170807328,"{""0"":-0.04395630764965608,""1"":-0.048778959953062806,""2"":-0.06718860403707283}"
representation_minus_source_bank,S_K_D,S_bank,audit,RAC1P,360,pooled,development_evaluation,3,3,True,-0.04480992533699646,0.003919205748719198,"{""0"":-0.04933423019942196,""1"":-0.042638176637279424,""2"":-0.042457369174287996}"
representation_minus_source_bank,S_K_D,S_bank,audit,RAC1P,360,pooled,validation_person_weighted,3,3,True,-0.044357574336009765,0.008137571809230686,"{""0"":-0.035220148970869,""1"":-0.047028744338494244,""2"":-0.050823829698666056}"
representation_minus_source_bank,S_K_D,S_bank,audit,RAC1P,360,pooled,development_evaluation_person_weighted,3,3,True,-0.035457842598173306,0.00472707777362061,"{""0"":-0.0347053378999429,""1"":-0.031152154453517378,""2"":-0.04051603544105964}"
new_minus_beta0,S_K_D,D_init,transfer,same_residence,,primary,validation,3,3,True,0.003528054328213459,0.012942411031947317,"{""0"":0.014101073174169532,""1"":0.007388372643974406,""2"":-0.01090528283350356}"
new_minus_beta0,S_K_D,D_init,transfer,same_residence,,primary,development_evaluation,3,3,True,0.009141861758644306,0.007276964896479822,"{""0"":0.016487079180497244,""1"":0.00900338007909074,""2"":0.0019351260163449346}"
new_minus_beta0,S_K_D,D_init,transfer,same_residence,,primary,validation_person_weighted,3,3,True,0.005302132739928911,0.012716070386997994,"{""0"":0.018416991509326852,""1"":0.004462990308605641,""2"":-0.0069735835981457606}"
new_minus_beta0,S_K_D,D_init,transfer,same_residence,,primary,development_evaluation_person_weighted,3,3,True,0.011251291746825228,0.011401161533037257,"{""0"":0.02047693331641881,""1"":0.014771867394297589,""2"":-0.0014949254702407155}"
new_minus_beta0,S_K_D,D_init,transfer,commute_over20,,primary,validation,3,3,True,0.004341444385046726,0.005135307396433182,"{""0"":0.0036522760925177256,""1"":0.009786535109514105,""2"":-0.00041447804689165313}"
new_minus_beta0,S_K_D,D_init,transfer,commute_over20,,primary,development_evaluation,3,3,True,0.0005495977115245188,0.004333674639649877,"{""0"":0.003316369026255761,""1"":0.0027772324433743556,""2"":-0.00444480833505656}"
new_minus_beta0,S_K_D,D_init,transfer,commute_over20,,primary,validation_person_weighted,3,3,True,0.0025806781283776634,0.007888096226065284,"{""0"":-0.0008882993744577794,""1"":0.011608774244144082,""2"":-0.002978440484553313}"
new_minus_beta0,S_K_D,D_init,transfer,commute_over20,,primary,development_evaluation_person_weighted,3,3,True,0.00024125575377598185,0.0059131572410185095,"{""0"":0.004428796274251745,""1"":0.0028180108225605016,""2"":-0.006523039835484301}"
new_minus_beta0,S_K_D,D_init,transfer,income_binary,,primary,validation,3,3,True,0.022207061029306936,0.017502776254696293,"{""0"":0.01964314616673446,""1"":0.0408503816575046,""2"":0.006127655263681753}"
new_minus_beta0,S_K_D,D_init,transfer,income_binary,,primary,development_evaluation,3,3,True,0.022036879021805993,0.013442670045309971,"{""0"":0.018687366811673878,""1"":0.03683760000236619,""2"":0.01058567025137791}"
new_minus_beta0,S_K_D,D_init,transfer,income_binary,,primary,validation_person_weighted,3,3,True,0.021308070564287313,0.01765687326770594,"{""0"":0.018368089191576675,""1"":0.040250398121763065,""2"":0.005305724379522203}"
new_minus_beta0,S_K_D,D_init,transfer,income_binary,,primary,development_evaluation_person_weighted,3,3,True,0.02392264340269488,0.012658632870049907,"{""0"":0.02171044702260133,""1"":0.03754156008102133,""2"":0.012515923104461979}"
new_minus_beta0,S_K_D,D_init,transfer,civilian_at_work,,primary,validation,3,3,True,0.04638957435655507,0.010752495621539841,"{""0"":0.03998505243295647,""1"":0.05880338981739752,""2"":0.04038028081931122}"
new_minus_beta0,S_K_D,D_init,transfer,civilian_at_work,,primary,development_evaluation,3,3,True,0.052938183078348335,0.0029811873008712127,"{""0"":0.05504016112589721,""1"":0.054248071844420875,""2"":0.04952631626472692}"
new_minus_beta0,S_K_D,D_init,transfer,civilian_at_work,,primary,validation_person_weighted,3,3,True,0.04426640391983024,0.003874291818834384,"{""0"":0.04168316330720612,""1"":0.04872113788999538,""2"":0.04239491056228922}"
new_minus_beta0,S_K_D,D_init,transfer,civilian_at_work,,primary,development_evaluation_person_weighted,3,3,True,0.04594118814966084,0.010662380795010902,"{""0"":0.057805114952274084,""1"":0.0428591010324223,""2"":0.037159348464286146}"
new_minus_beta0,S_K_D,D_init,transfer,public_coverage,,primary,validation,3,3,True,0.022042130839809087,0.0045492741310012574,"{""0"":0.018746513040872326,""1"":0.027232547904386284,""2"":0.020147331574168648}"
new_minus_beta0,S_K_D,D_init,transfer,public_coverage,,primary,development_evaluation,3,3,True,0.01654931974516329,0.005608284177046159,"{""0"":0.015998385178450203,""1"":0.02241273877651362,""2"":0.011236835280526047}"
new_minus_beta0,S_K_D,D_init,transfer,public_coverage,,primary,validation_person_weighted,3,3,True,0.016318652463568784,0.008965953464233158,"{""0"":0.006901096896201664,""1"":0.024751749899814268,""2"":0.01730311059469042}"
new_minus_beta0,S_K_D,D_init,transfer,public_coverage,,primary,development_evaluation_person_weighted,3,3,True,0.015071757308306658,0.009012291043556577,"{""0"":0.014933366871487497,""1"":0.024152446626976076,""2"":0.006129458426456402}"
new_minus_beta0,S_K_D,D_init,audit,SEX,120,primary,validation,3,3,True,-0.001411611513243094,0.001822455669945218,"{""0"":-0.0035071739863482554,""1"":-0.0005305879148979065,""2"":-0.00019707263848312007}"
new_minus_beta0,S_K_D,D_init,audit,SEX,120,primary,development_evaluation,3,3,True,0.00921940005731133,0.0010904154158343172,"{""0"":0.00989343817713817,""1"":0.009803391441885023,""2"":0.007961370552910796}"
new_minus_beta0,S_K_D,D_init,audit,SEX,120,primary,validation_person_weighted,3,3,True,-0.005089940232039125,0.005311774797316828,"{""0"":-0.004792194234675362,""1"":6.669918451285284e-05,""2"":-0.010544325645954866}"
new_minus_beta0,S_K_D,D_init,audit,SEX,120,primary,development_evaluation_person_weighted,3,3,True,0.005557769842794287,0.0023714414247015666,"{""0"":0.00655880142359111,""1"":0.0072645569907068275,""2"":0.0028499511140849254}"
new_minus_beta0,S_K_D,D_init,audit,RAC1P,120,primary,validation,3,3,True,-0.01104807103322251,0.011240447575306897,"{""0"":-0.004227474480765769,""1"":-0.02402169815952626,""2"":-0.004895040459375499}"
new_minus_beta0,S_K_D,D_init,audit,RAC1P,120,primary,development_evaluation,3,3,True,-0.006423611156210744,0.009861745068326306,"{""0"":-0.017773665148234974,""1"":-0.0015462191495636546,""2"":4.9050829166397136e-05}"
new_minus_beta0,S_K_D,D_init,audit,RAC1P,120,primary,validation_person_weighted,3,3,True,-0.012439104656423025,0.009401589598264178,"{""0"":-0.010306767628468716,""1"":-0.02272371886767477,""2"":-0.004286827473125587}"
new_minus_beta0,S_K_D,D_init,audit,RAC1P,120,primary,development_evaluation_person_weighted,3,3,True,-0.004168882889202363,0.010082244547698661,"{""0"":-0.012736916560847078,""1"":0.0069410591125422805,""2"":-0.006710791219302292}"
new_minus_beta0,S_K_D,D_init,audit,SEX,120,pooled,validation,3,3,True,-0.0033112234658839355,0.007158182398347499,"{""0"":-0.01149899444763458,""1"":0.0017623966884658948,""2"":-0.00019707263848312007}"
new_minus_beta0,S_K_D,D_init,audit,SEX,120,pooled,development_evaluation,3,3,True,0.004466443882686392,0.005299681206648536,"{""0"":0.0070693525511411615,""1"":-0.0016313914559927811,""2"":0.007961370552910796}"
new_minus_beta0,S_K_D,D_init,audit,SEX,120,pooled,validation_person_weighted,3,3,True,-0.010082574156814164,0.0029835609555433577,"{""0"":-0.012808339267530444,""1"":-0.006895057556957185,""2"":-0.010544325645954866}"
new_minus_beta0,S_K_D,D_init,audit,SEX,120,pooled,development_evaluation_person_weighted,3,3,True,-6.524673128827096e-05,0.009497315295676498,"{""0"":0.007632765410680475,""1"":-0.010678456718630214,""2"":0.0028499511140849254}"
new_minus_beta0,S_K_D,D_init,audit,RAC1P,120,pooled,validation,3,3,True,-0.01723949029797815,0.006007784291645464,"{""0"":-0.010889456443807344,""1"":-0.022833448033166448,""2"":-0.01799556641696065}"
new_minus_beta0,S_K_D,D_init,audit,RAC1P,120,pooled,development_evaluation,3,3,True,-0.006877767348771435,0.007427871433943895,"{""0"":-0.0065528651025186235,""1"":0.00038232172246854823,""2"":-0.01446275866626423}"
new_minus_beta0,S_K_D,D_init,audit,RAC1P,120,pooled,validation_person_weighted,3,3,True,-0.015424499087983934,0.002906484134829955,"{""0"":-0.012239455851759118,""1"":-0.017933140083444155,""2"":-0.01610090132874853}"
new_minus_beta0,S_K_D,D_init,audit,RAC1P,120,pooled,development_evaluation_person_weighted,3,3,True,-0.005163937317445466,0.009514774600627685,"{""0"":-0.006153237875357487,""1"":0.0048068355338148905,""2"":-0.014145409610793802}"
new_minus_beta0,S_K_D,D_init,audit,SEX,360,primary,validation,3,3,True,-0.001411611513243094,0.001822455669945218,"{""0"":-0.0035071739863482554,""1"":-0.0005305879148979065,""2"":-0.00019707263848312007}"
new_minus_beta0,S_K_D,D_init,audit,SEX,360,primary,development_evaluation,3,3,True,0.00921940005731133,0.0010904154158343172,"{""0"":0.00989343817713817,""1"":0.009803391441885023,""2"":0.007961370552910796}"
new_minus_beta0,S_K_D,D_init,audit,SEX,360,primary,validation_person_weighted,3,3,True,-0.005089940232039125,0.005311774797316828,"{""0"":-0.004792194234675362,""1"":6.669918451285284e-05,""2"":-0.010544325645954866}"
new_minus_beta0,S_K_D,D_init,audit,SEX,360,primary,development_evaluation_person_weighted,3,3,True,0.005557769842794287,0.0023714414247015666,"{""0"":0.00655880142359111,""1"":0.0072645569907068275,""2"":0.0028499511140849254}"
new_minus_beta0,S_K_D,D_init,audit,RAC1P,360,primary,validation,3,3,True,-0.01104807103322251,0.011240447575306897,"{""0"":-0.004227474480765769,""1"":-0.02402169815952626,""2"":-0.004895040459375499}"
new_minus_beta0,S_K_D,D_init,audit,RAC1P,360,primary,development_evaluation,3,3,True,-0.006423611156210744,0.009861745068326306,"{""0"":-0.017773665148234974,""1"":-0.0015462191495636546,""2"":4.9050829166397136e-05}"
new_minus_beta0,S_K_D,D_init,audit,RAC1P,360,primary,validation_person_weighted,3,3,True,-0.012439104656423025,0.009401589598264178,"{""0"":-0.010306767628468716,""1"":-0.02272371886767477,""2"":-0.004286827473125587}"
new_minus_beta0,S_K_D,D_init,audit,RAC1P,360,primary,development_evaluation_person_weighted,3,3,True,-0.004168882889202363,0.010082244547698661,"{""0"":-0.012736916560847078,""1"":0.0069410591125422805,""2"":-0.006710791219302292}"
new_minus_beta0,S_K_D,D_init,audit,SEX,360,pooled,validation,3,3,True,-0.0033112234658839355,0.007158182398347499,"{""0"":-0.01149899444763458,""1"":0.0017623966884658948,""2"":-0.00019707263848312007}"
new_minus_beta0,S_K_D,D_init,audit,SEX,360,pooled,development_evaluation,3,3,True,0.004466443882686392,0.005299681206648536,"{""0"":0.0070693525511411615,""1"":-0.0016313914559927811,""2"":0.007961370552910796}"
new_minus_beta0,S_K_D,D_init,audit,SEX,360,pooled,validation_person_weighted,3,3,True,-0.010082574156814164,0.0029835609555433577,"{""0"":-0.012808339267530444,""1"":-0.006895057556957185,""2"":-0.010544325645954866}"
new_minus_beta0,S_K_D,D_init,audit,SEX,360,pooled,development_evaluation_person_weighted,3,3,True,-6.524673128827096e-05,0.009497315295676498,"{""0"":0.007632765410680475,""1"":-0.010678456718630214,""2"":0.0028499511140849254}"
new_minus_beta0,S_K_D,D_init,audit,RAC1P,360,pooled,validation,3,3,True,-0.01723949029797815,0.006007784291645464,"{""0"":-0.010889456443807344,""1"":-0.022833448033166448,""2"":-0.01799556641696065}"
new_minus_beta0,S_K_D,D_init,audit,RAC1P,360,pooled,development_evaluation,3,3,True,-0.006877767348771435,0.007427871433943895,"{""0"":-0.0065528651025186235,""1"":0.00038232172246854823,""2"":-0.01446275866626423}"
new_minus_beta0,S_K_D,D_init,audit,RAC1P,360,pooled,validation_person_weighted,3,3,True,-0.015424499087983934,0.002906484134829955,"{""0"":-0.012239455851759118,""1"":-0.017933140083444155,""2"":-0.01610090132874853}"
new_minus_beta0,S_K_D,D_init,audit,RAC1P,360,pooled,development_evaluation_person_weighted,3,3,True,-0.005163937317445466,0.009514774600627685,"{""0"":-0.006153237875357487,""1"":0.0048068355338148905,""2"":-0.014145409610793802}"
new_minus_historical_selective,S_K_D,S_rho0_D,transfer,same_residence,,primary,validation,3,3,True,0.0022757925371211796,0.004460892369800508,"{""0"":0.006512720860804233,""1"":-0.002379577125507404,""2"":0.0026942338760667095}"
new_minus_historical_selective,S_K_D,S_rho0_D,transfer,same_residence,,primary,development_evaluation,3,3,True,0.005624756075021479,0.004273961055587884,"{""0"":0.0009521014086179003,""1"":0.00933638951272675,""2"":0.006585777303719786}"
new_minus_historical_selective,S_K_D,S_rho0_D,transfer,same_residence,,primary,validation_person_weighted,3,3,True,0.0029944415561188134,0.004154512696509704,"{""0"":0.00533308192234605,""1"":-0.001802280820514257,""2"":0.005452523566524647}"
new_minus_historical_selective,S_K_D,S_rho0_D,transfer,same_residence,,primary,development_evaluation_person_weighted,3,3,True,0.0036375025222254074,0.004366324839210172,"{""0"":0.0028227895389670854,""1"":0.00835380026057475,""2"":-0.0002640822328656145}"
new_minus_historical_selective,S_K_D,S_rho0_D,transfer,commute_over20,,primary,validation,3,3,True,0.0032122707846284535,0.0019321173896234473,"{""0"":0.0014773278539659263,""1"":0.005294467477240938,""2"":0.0028650170226784955}"
new_minus_historical_selective,S_K_D,S_rho0_D,transfer,commute_over20,,primary,development_evaluation,3,3,True,0.0014877537533771374,0.0014936606881005199,"{""0"":0.0031397009905581585,""1"":0.0010911110041105232,""2"":0.00023244926546273081}"
new_minus_historical_selective,S_K_D,S_rho0_D,transfer,commute_over20,,primary,validation_person_weighted,3,3,True,0.0024260135186855067,0.001368819015818186,"{""0"":0.0014557257321572425,""1"":0.003991699732523446,""2"":0.0018306150913758312}"
new_minus_historical_selective,S_K_D,S_rho0_D,transfer,commute_over20,,primary,development_evaluation_person_weighted,3,3,True,0.00043617628226126176,0.002529526534997469,"{""0"":0.002103832306452502,""1"":0.0016790516746002515,""2"":-0.0024743551342689685}"
new_minus_historical_selective,S_K_D,S_rho0_D,transfer,income_binary,,primary,validation,3,3,True,0.020705420080909236,0.014130369902328173,"{""0"":0.014284908980282174,""1"":0.03690606174872002,""2"":0.010925289513725511}"
new_minus_historical_selective,S_K_D,S_rho0_D,transfer,income_binary,,primary,development_evaluation,3,3,True,0.022756205602402824,0.012176041607538178,"{""0"":0.019740773499070274,""1"":0.036156623876488714,""2"":0.012371219431649483}"
new_minus_historical_selective,S_K_D,S_rho0_D,transfer,income_binary,,primary,validation_person_weighted,3,3,True,0.01879174115077642,0.015656959278215487,"{""0"":0.011135664735584083,""1"":0.03680352866112219,""2"":0.00843603005562299}"
new_minus_historical_selective,S_K_D,S_rho0_D,transfer,income_binary,,primary,development_evaluation_person_weighted,3,3,True,0.022389609041811864,0.012786399801300766,"{""0"":0.019515488143209248,""1"":0.036368463289205455,""2"":0.01128487569302089}"
new_minus_historical_selective,S_K_D,S_rho0_D,transfer,civilian_at_work,,primary,validation,3,3,True,0.0395784820716897,0.009933548240506195,"{""0"":0.032175946618048956,""1"":0.05086771608004148,""2"":0.03569178351697866}"
new_minus_historical_selective,S_K_D,S_rho0_D,transfer,civilian_at_work,,primary,development_evaluation,3,3,True,0.041981848477208816,0.0037708783099539415,"{""0"":0.04632427201124134,""1"":0.03953307299355896,""2"":0.04008820042682615}"
new_minus_historical_selective,S_K_D,S_rho0_D,transfer,civilian_at_work,,primary,validation_person_weighted,3,3,True,0.03562948675897145,0.005944888748839924,"{""0"":0.029803667684800583,""1"":0.0416866889545659,""2"":0.03539810363754786}"
new_minus_historical_selective,S_K_D,S_rho0_D,transfer,civilian_at_work,,primary,development_evaluation_person_weighted,3,3,True,0.03527449082935844,0.010901369696601116,"{""0"":0.047859703214162,""1"":0.028760111816228895,""2"":0.02920365745768444}"
new_minus_historical_selective,S_K_D,S_rho0_D,transfer,public_coverage,,primary,validation,3,3,True,0.016322301448713068,0.00619633180261422,"{""0"":0.013452114866418619,""1"":0.023433313127680988,""2"":0.0120814763520396}"
new_minus_historical_selective,S_K_D,S_rho0_D,transfer,public_coverage,,primary,development_evaluation,3,3,True,0.017061775910168758,0.0064854864473239664,"{""0"":0.014351041371929885,""1"":0.024462841911099265,""2"":0.01237144444747712}"
new_minus_historical_selective,S_K_D,S_rho0_D,transfer,public_coverage,,primary,validation_person_weighted,3,3,True,0.013859423187368677,0.008677874717842543,"{""0"":0.007256451992795121,""1"":0.02368824270987291,""2"":0.010633574859438}"
new_minus_historical_selective,S_K_D,S_rho0_D,transfer,public_coverage,,primary,development_evaluation_person_weighted,3,3,True,0.01568148600919735,0.007156548621799334,"{""0"":0.013331073203381116,""1"":0.023717658663871266,""2"":0.009995726160339669}"
new_minus_historical_selective,S_K_D,S_rho0_D,audit,SEX,120,primary,validation,3,3,True,-0.00011900678031965632,0.0007715681952576264,"{""0"":0.0005016013207443937,""1"":0.00012426993886793802,""2"":-0.0009828916005713006}"
new_minus_historical_selective,S_K_D,S_rho0_D,audit,SEX,120,primary,development_evaluation,3,3,True,0.0014870682338005519,0.002983045111195208,"{""0"":0.0038525524709575043,""1"":0.0024727175416594527,""2"":-0.0018640653112153016}"
new_minus_historical_selective,S_K_D,S_rho0_D,audit,SEX,120,primary,validation_person_weighted,3,3,True,0.001659838511435548,0.0011629883877693962,"{""0"":0.0027739390308413325,""1"":0.0017521163772449277,""2"":0.0004534601262203841}"
new_minus_historical_selective,S_K_D,S_rho0_D,audit,SEX,120,primary,development_evaluation_person_weighted,3,3,True,0.001412241756360899,0.002115214891549523,"{""0"":0.0030143634782766604,""1"":0.0022077517609010444,""2"":-0.0009853899700950075}"
new_minus_historical_selective,S_K_D,S_rho0_D,audit,RAC1P,120,primary,validation,3,3,True,0.006309542544276514,0.0036366491940753895,"{""0"":0.01048149231801676,""1"":0.004637504457909447,""2"":0.0038096308569033344}"
new_minus_historical_selective,S_K_D,S_rho0_D,audit,RAC1P,120,primary,development_evaluation,3,3,True,0.007955698639586117,0.003968057200829493,"{""0"":0.008884041629239725,""1"":0.011377284782495556,""2"":0.003605769507023071}"
new_minus_historical_selective,S_K_D,S_rho0_D,audit,RAC1P,120,primary,validation_person_weighted,3,3,True,0.006030677698631933,0.0063170084457543525,"{""0"":0.013219194394141098,""1"":0.0013647307335442616,""2"":0.003508107968210439}"
new_minus_historical_selective,S_K_D,S_rho0_D,audit,RAC1P,120,primary,development_evaluation_person_weighted,3,3,True,0.008291800487573978,0.0032582218248144302,"{""0"":0.010783886643799256,""1"":0.009486687437577634,""2"":0.004604827381345045}"
new_minus_historical_selective,S_K_D,S_rho0_D,audit,SEX,120,pooled,validation,3,3,True,0.00042552456484445944,0.0034369318339240325,"{""0"":-0.0020834858883999052,""1"":0.004342951183504584,""2"":-0.0009828916005713006}"
new_minus_historical_selective,S_K_D,S_rho0_D,audit,SEX,120,pooled,development_evaluation,3,3,True,4.840544866443105e-05,0.0033918279050768555,"{""0"":0.003964596610725346,""1"":-0.0019553149535167513,""2"":-0.0018640653112153016}"
new_minus_historical_selective,S_K_D,S_rho0_D,audit,SEX,120,pooled,validation_person_weighted,3,3,True,8.862850832754473e-06,0.0039153009041635505,"{""0"":-0.004109758555470244,""1"":0.0036828869817481236,""2"":0.0004534601262203841}"
new_minus_historical_selective,S_K_D,S_rho0_D,audit,SEX,120,pooled,development_evaluation_person_weighted,3,3,True,0.0022550867769553693,0.005848150722917543,"{""0"":0.00900614864353022,""1"":-0.0012554983425691058,""2"":-0.0009853899700950075}"
new_minus_historical_selective,S_K_D,S_rho0_D,audit,RAC1P,120,pooled,validation,3,3,True,-0.00038552796169155634,0.010051373413036016,"{""0"":0.006164245277146874,""1"":0.004637504457909447,""2"":-0.01195833362013099}"
new_minus_historical_selective,S_K_D,S_rho0_D,audit,RAC1P,120,pooled,development_evaluation,3,3,True,0.009051544721427144,0.0048693274591991775,"{""0"":0.012321907121204623,""1"":0.011377284782495556,""2"":0.003455442260581254}"
new_minus_historical_selective,S_K_D,S_rho0_D,audit,RAC1P,120,pooled,validation_person_weighted,3,3,True,-0.0029189177274819103,0.013695637988300417,"{""0"":0.00812289436903324,""1"":0.0013647307335442616,""2"":-0.018244378285023233}"
new_minus_historical_selective,S_K_D,S_rho0_D,audit,RAC1P,120,pooled,development_evaluation_person_weighted,3,3,True,0.011031124395274835,0.006697237471983385,"{""0"":0.01836566149020058,""1"":0.009486687437577634,""2"":0.00524102425804629}"
new_minus_historical_selective,S_K_D,S_rho0_D,audit,SEX,360,primary,validation,3,3,True,-0.00011900678031965632,0.0007715681952576264,"{""0"":0.0005016013207443937,""1"":0.00012426993886793802,""2"":-0.0009828916005713006}"
new_minus_historical_selective,S_K_D,S_rho0_D,audit,SEX,360,primary,development_evaluation,3,3,True,0.0014870682338005519,0.002983045111195208,"{""0"":0.0038525524709575043,""1"":0.0024727175416594527,""2"":-0.0018640653112153016}"
new_minus_historical_selective,S_K_D,S_rho0_D,audit,SEX,360,primary,validation_person_weighted,3,3,True,0.001659838511435548,0.0011629883877693962,"{""0"":0.0027739390308413325,""1"":0.0017521163772449277,""2"":0.0004534601262203841}"
new_minus_historical_selective,S_K_D,S_rho0_D,audit,SEX,360,primary,development_evaluation_person_weighted,3,3,True,0.001412241756360899,0.002115214891549523,"{""0"":0.0030143634782766604,""1"":0.0022077517609010444,""2"":-0.0009853899700950075}"
new_minus_historical_selective,S_K_D,S_rho0_D,audit,RAC1P,360,primary,validation,3,3,True,0.006309542544276514,0.0036366491940753895,"{""0"":0.01048149231801676,""1"":0.004637504457909447,""2"":0.0038096308569033344}"
new_minus_historical_selective,S_K_D,S_rho0_D,audit,RAC1P,360,primary,development_evaluation,3,3,True,0.007955698639586117,0.003968057200829493,"{""0"":0.008884041629239725,""1"":0.011377284782495556,""2"":0.003605769507023071}"
new_minus_historical_selective,S_K_D,S_rho0_D,audit,RAC1P,360,primary,validation_person_weighted,3,3,True,0.006030677698631933,0.0063170084457543525,"{""0"":0.013219194394141098,""1"":0.0013647307335442616,""2"":0.003508107968210439}"
new_minus_historical_selective,S_K_D,S_rho0_D,audit,RAC1P,360,primary,development_evaluation_person_weighted,3,3,True,0.008291800487573978,0.0032582218248144302,"{""0"":0.010783886643799256,""1"":0.009486687437577634,""2"":0.004604827381345045}"
new_minus_historical_selective,S_K_D,S_rho0_D,audit,SEX,360,pooled,validation,3,3,True,0.00042552456484445944,0.0034369318339240325,"{""0"":-0.0020834858883999052,""1"":0.004342951183504584,""2"":-0.0009828916005713006}"
new_minus_historical_selective,S_K_D,S_rho0_D,audit,SEX,360,pooled,development_evaluation,3,3,True,4.840544866443105e-05,0.0033918279050768555,"{""0"":0.003964596610725346,""1"":-0.0019553149535167513,""2"":-0.0018640653112153016}"
new_minus_historical_selective,S_K_D,S_rho0_D,audit,SEX,360,pooled,validation_person_weighted,3,3,True,8.862850832754473e-06,0.0039153009041635505,"{""0"":-0.004109758555470244,""1"":0.0036828869817481236,""2"":0.0004534601262203841}"
new_minus_historical_selective,S_K_D,S_rho0_D,audit,SEX,360,pooled,development_evaluation_person_weighted,3,3,True,0.0022550867769553693,0.005848150722917543,"{""0"":0.00900614864353022,""1"":-0.0012554983425691058,""2"":-0.0009853899700950075}"
new_minus_historical_selective,S_K_D,S_rho0_D,audit,RAC1P,360,pooled,validation,3,3,True,-0.00038552796169155634,0.010051373413036016,"{""0"":0.006164245277146874,""1"":0.004637504457909447,""2"":-0.01195833362013099}"
new_minus_historical_selective,S_K_D,S_rho0_D,audit,RAC1P,360,pooled,development_evaluation,3,3,True,0.009051544721427144,0.0048693274591991775,"{""0"":0.012321907121204623,""1"":0.011377284782495556,""2"":0.003455442260581254}"
new_minus_historical_selective,S_K_D,S_rho0_D,audit,RAC1P,360,pooled,validation_person_weighted,3,3,True,-0.0029189177274819103,0.013695637988300417,"{""0"":0.00812289436903324,""1"":0.0013647307335442616,""2"":-0.018244378285023233}"
new_minus_historical_selective,S_K_D,S_rho0_D,audit,RAC1P,360,pooled,development_evaluation_person_weighted,3,3,True,0.011031124395274835,0.006697237471983385,"{""0"":0.01836566149020058,""1"":0.009486687437577634,""2"":0.00524102425804629}"
K_minus_direct_teacher,S_K_D,S_direct,transfer,same_residence,,primary,validation,3,3,True,-0.002286574059144527,0.0027669939230069184,"{""0"":0.000894507210693174,""1"":-0.004135565532663366,""2"":-0.0036186638554633888}"
K_minus_direct_teacher,S_K_D,S_direct,transfer,same_residence,,primary,development_evaluation,3,3,True,-0.002379091578606385,0.0025898850881161365,"{""0"":8.947124275671126e-05,""1"":-0.005075273453541307,""2"":-0.002151472525034559}"
K_minus_direct_teacher,S_K_D,S_direct,transfer,same_residence,,primary,validation_person_weighted,3,3,True,-0.0013803464851354825,0.0022800579456655184,"{""0"":0.000908513770448427,""1"":-0.003651498975978218,""2"":-0.0013980542498766568}"
K_minus_direct_teacher,S_K_D,S_direct,transfer,same_residence,,primary,development_evaluation_person_weighted,3,3,True,-0.003042278384448982,0.0021387420470811566,"{""0"":-0.0007245010580684275,""1"":-0.003462825160069516,""2"":-0.004939508935209003}"
K_minus_direct_teacher,S_K_D,S_direct,transfer,commute_over20,,primary,validation,3,3,True,-0.0013423705471703462,0.000575594306125935,"{""0"":-0.00124156727095881,""1"":-0.0008238364860329028,""2"":-0.001961707884519326}"
K_minus_direct_teacher,S_K_D,S_direct,transfer,commute_over20,,primary,development_evaluation,3,3,True,-0.0011408061376095846,0.00035269833130685134,"{""0"":-0.0007715583424946493,""1"":-0.0011766410494903345,""2"":-0.00147421902084377}"
K_minus_direct_teacher,S_K_D,S_direct,transfer,commute_over20,,primary,validation_person_weighted,3,3,True,-0.0011703012052424189,0.000999393450091351,"{""0"":-0.0007833395335936633,""1"":-0.0004222499032235927,""2"":-0.0023053141789100007}"
K_minus_direct_teacher,S_K_D,S_direct,transfer,commute_over20,,primary,development_evaluation_person_weighted,3,3,True,-0.0006028431985085625,0.0007760352486666488,"{""0"":-0.0014666797397439035,""1"":-0.0003772511978931137,""2"":3.5401342111329726e-05}"
K_minus_direct_teacher,S_K_D,S_direct,transfer,income_binary,,primary,validation,3,3,True,-0.025344505203911183,0.017139170191057703,"{""0"":-0.028506129061520058,""1"":-0.040682743360004825,""2"":-0.006844643190208666}"
K_minus_direct_teacher,S_K_D,S_direct,transfer,income_binary,,primary,development_evaluation,3,3,True,-0.024191235132018003,0.025927043131100336,"{""0"":-0.01534225503156389,""1"":-0.05338431878196853,""2"":-0.00384713158252159}"
K_minus_direct_teacher,S_K_D,S_direct,transfer,income_binary,,primary,validation_person_weighted,3,3,True,-0.025145411770382042,0.016265142845874693,"{""0"":-0.026070359756201422,""1"":-0.04092834405784451,""2"":-0.008437531497100192}"
K_minus_direct_teacher,S_K_D,S_direct,transfer,income_binary,,primary,development_evaluation_person_weighted,3,3,True,-0.024247566942826204,0.026886829769774086,"{""0"":-0.01688892932887831,""1"":-0.05404755676757367,""2"":-0.0018062147320266342}"
K_minus_direct_teacher,S_K_D,S_direct,transfer,civilian_at_work,,primary,validation,3,3,True,-0.03851134353479274,0.026090851290275663,"{""0"":-0.036560545325085736,""1"":-0.06552283894477678,""2"":-0.013450646334515703}"
K_minus_direct_teacher,S_K_D,S_direct,transfer,civilian_at_work,,primary,development_evaluation,3,3,True,-0.051458149636878094,0.021745748292244585,"{""0"":-0.04316237509857662,""1"":-0.07613072112764135,""2"":-0.03508135268441631}"
K_minus_direct_teacher,S_K_D,S_direct,transfer,civilian_at_work,,primary,validation_person_weighted,3,3,True,-0.036259560187001084,0.025681945717243887,"{""0"":-0.03810706780495393,""1"":-0.060967863894436924,""2"":-0.009703748861612405}"
K_minus_direct_teacher,S_K_D,S_direct,transfer,civilian_at_work,,primary,development_evaluation_person_weighted,3,3,True,-0.05038189063021109,0.022817066502843694,"{""0"":-0.0465415168009099,""1"":-0.07487545058553963,""2"":-0.029728704504183745}"
K_minus_direct_teacher,S_K_D,S_direct,transfer,public_coverage,,primary,validation,3,3,True,-0.01367489599520072,0.005173402786750377,"{""0"":-0.009064030757827468,""1"":-0.019269559179847073,""2"":-0.012691098047927618}"
K_minus_direct_teacher,S_K_D,S_direct,transfer,public_coverage,,primary,development_evaluation,3,3,True,-0.013531024402367864,0.0032469321442447057,"{""0"":-0.010957311766413236,""1"":-0.017178933621060266,""2"":-0.01245682781963009}"
K_minus_direct_teacher,S_K_D,S_direct,transfer,public_coverage,,primary,validation_person_weighted,3,3,True,-0.013822859891530093,0.005178590540780135,"{""0"":-0.008741051749208806,""1"":-0.019093089793832063,""2"":-0.013634438131549409}"
K_minus_direct_teacher,S_K_D,S_direct,transfer,public_coverage,,primary,development_evaluation_person_weighted,3,3,True,-0.014306507399261611,0.0038456130589027506,"{""0"":-0.011067060201787493,""1"":-0.018556483113269406,""2"":-0.013295978882727932}"
K_minus_direct_teacher,S_K_D,S_direct,audit,SEX,120,primary,validation,3,3,True,-0.002453953107340867,0.0023522786520092168,"{""0"":-0.004445012968397166,""1"":-0.003058415467096065,""2"":0.00014156911347062984}"
K_minus_direct_teacher,S_K_D,S_direct,audit,SEX,120,primary,development_evaluation,3,3,True,-0.0038074151759809327,0.0034403635160118852,"{""0"":-0.007734248881537731,""1"":-0.0013233411336978085,""2"":-0.002364655512707259}"
K_minus_direct_teacher,S_K_D,S_direct,audit,SEX,120,primary,validation_person_weighted,3,3,True,-0.0008144115350978698,0.0032252276729983565,"{""0"":-0.004534532394901758,""1"":0.0008952523057025319,""2"":0.0011960454839056167}"
K_minus_direct_teacher,S_K_D,S_direct,audit,SEX,120,primary,development_evaluation_person_weighted,3,3,True,-0.0037232133931320113,0.004768563134024651,"{""0"":-0.009088441596844743,""1"":3.1752845264909624e-05,""2"":-0.002112951427816201}"
K_minus_direct_teacher,S_K_D,S_direct,audit,RAC1P,120,primary,validation,3,3,True,-0.003429845462179504,0.004783723542671463,"{""0"":0.0002803017970047783,""1"":-0.008828944545840045,""2"":-0.0017408936377032447}"
K_minus_direct_teacher,S_K_D,S_direct,audit,RAC1P,120,primary,development_evaluation,3,3,True,-0.0008176202033924884,0.0042795682248665985,"{""0"":0.0019344146769113557,""1"":-0.00574813229180049,""2"":0.0013608570047116686}"
K_minus_direct_teacher,S_K_D,S_direct,audit,RAC1P,120,primary,validation_person_weighted,3,3,True,-0.0033877215256491087,0.005255959451493819,"{""0"":0.0017711913776845556,""1"":-0.008735629349041707,""2"":-0.003198726605590174}"
K_minus_direct_teacher,S_K_D,S_direct,audit,RAC1P,120,primary,development_evaluation_person_weighted,3,3,True,0.001054249929036614,0.005021230056116305,"{""0"":0.004538342054392519,""1"":-0.004701345413639091,""2"":0.003325753146356414}"
K_minus_direct_teacher,S_K_D,S_direct,audit,SEX,120,pooled,validation,3,3,True,-0.005117893261102975,0.006537211884466664,"{""0"":-0.012436833429683491,""1"":-0.003058415467096065,""2"":0.00014156911347062984}"
K_minus_direct_teacher,S_K_D,S_direct,audit,SEX,120,pooled,development_evaluation,3,3,True,-0.004748777051313269,0.005058092751901335,"{""0"":-0.010558334507534739,""1"":-0.0013233411336978085,""2"":-0.002364655512707259}"
K_minus_direct_teacher,S_K_D,S_direct,audit,SEX,120,pooled,validation_person_weighted,3,3,True,-0.003486459879382897,0.007851283268179857,"{""0"":-0.01255067742775684,""1"":0.0008952523057025319,""2"":0.0011960454839056167}"
K_minus_direct_teacher,S_K_D,S_direct,audit,SEX,120,pooled,development_evaluation_person_weighted,3,3,True,-0.003365225397435556,0.00416672517753015,"{""0"":-0.008014477609755377,""1"":3.1752845264909624e-05,""2"":-0.002112951427816201}"
K_minus_direct_teacher,S_K_D,S_direct,audit,RAC1P,120,pooled,validation,3,3,True,-0.021501759618406762,0.013929612887242301,"{""0"":-0.01926005933356656,""1"":-0.008828944545840045,""2"":-0.03641627497581368}"
K_minus_direct_teacher,S_K_D,S_direct,audit,RAC1P,120,pooled,development_evaluation,3,3,True,-0.009680754446228143,0.006290225448311531,"{""0"":-0.006358606538684253,""1"":-0.00574813229180049,""2"":-0.016935524508199684}"
K_minus_direct_teacher,S_K_D,S_direct,audit,RAC1P,120,pooled,validation_person_weighted,3,3,True,-0.018673452944546327,0.012779713424219246,"{""0"":-0.014195099431975056,""1"":-0.008735629349041707,""2"":-0.03308963005262222}"
K_minus_direct_teacher,S_K_D,S_direct,audit,RAC1P,120,pooled,development_evaluation_person_weighted,3,3,True,-0.006686505970812402,0.0049202970358889885,"{""0"":-0.0030689153097200883,""1"":-0.004701345413639091,""2"":-0.012289257189078029}"
K_minus_direct_teacher,S_K_D,S_direct,audit,SEX,360,primary,validation,3,3,True,-0.002453953107340867,0.0023522786520092168,"{""0"":-0.004445012968397166,""1"":-0.003058415467096065,""2"":0.00014156911347062984}"
K_minus_direct_teacher,S_K_D,S_direct,audit,SEX,360,primary,development_evaluation,3,3,True,-0.0038074151759809327,0.0034403635160118852,"{""0"":-0.007734248881537731,""1"":-0.0013233411336978085,""2"":-0.002364655512707259}"
K_minus_direct_teacher,S_K_D,S_direct,audit,SEX,360,primary,validation_person_weighted,3,3,True,-0.0008144115350978698,0.0032252276729983565,"{""0"":-0.004534532394901758,""1"":0.0008952523057025319,""2"":0.0011960454839056167}"
K_minus_direct_teacher,S_K_D,S_direct,audit,SEX,360,primary,development_evaluation_person_weighted,3,3,True,-0.0037232133931320113,0.004768563134024651,"{""0"":-0.009088441596844743,""1"":3.1752845264909624e-05,""2"":-0.002112951427816201}"
K_minus_direct_teacher,S_K_D,S_direct,audit,RAC1P,360,primary,validation,3,3,True,-0.003429845462179504,0.004783723542671463,"{""0"":0.0002803017970047783,""1"":-0.008828944545840045,""2"":-0.0017408936377032447}"
K_minus_direct_teacher,S_K_D,S_direct,audit,RAC1P,360,primary,development_evaluation,3,3,True,-0.0008176202033924884,0.0042795682248665985,"{""0"":0.0019344146769113557,""1"":-0.00574813229180049,""2"":0.0013608570047116686}"
K_minus_direct_teacher,S_K_D,S_direct,audit,RAC1P,360,primary,validation_person_weighted,3,3,True,-0.0033877215256491087,0.005255959451493819,"{""0"":0.0017711913776845556,""1"":-0.008735629349041707,""2"":-0.003198726605590174}"
K_minus_direct_teacher,S_K_D,S_direct,audit,RAC1P,360,primary,development_evaluation_person_weighted,3,3,True,0.001054249929036614,0.005021230056116305,"{""0"":0.004538342054392519,""1"":-0.004701345413639091,""2"":0.003325753146356414}"
K_minus_direct_teacher,S_K_D,S_direct,audit,SEX,360,pooled,validation,3,3,True,-0.005117893261102975,0.006537211884466664,"{""0"":-0.012436833429683491,""1"":-0.003058415467096065,""2"":0.00014156911347062984}"
K_minus_direct_teacher,S_K_D,S_direct,audit,SEX,360,pooled,development_evaluation,3,3,True,-0.004748777051313269,0.005058092751901335,"{""0"":-0.010558334507534739,""1"":-0.0013233411336978085,""2"":-0.002364655512707259}"
K_minus_direct_teacher,S_K_D,S_direct,audit,SEX,360,pooled,validation_person_weighted,3,3,True,-0.003486459879382897,0.007851283268179857,"{""0"":-0.01255067742775684,""1"":0.0008952523057025319,""2"":0.0011960454839056167}"
K_minus_direct_teacher,S_K_D,S_direct,audit,SEX,360,pooled,development_evaluation_person_weighted,3,3,True,-0.003365225397435556,0.00416672517753015,"{""0"":-0.008014477609755377,""1"":3.1752845264909624e-05,""2"":-0.002112951427816201}"
K_minus_direct_teacher,S_K_D,S_direct,audit,RAC1P,360,pooled,validation,3,3,True,-0.021501759618406762,0.013929612887242301,"{""0"":-0.01926005933356656,""1"":-0.008828944545840045,""2"":-0.03641627497581368}"
K_minus_direct_teacher,S_K_D,S_direct,audit,RAC1P,360,pooled,development_evaluation,3,3,True,-0.009680754446228143,0.006290225448311531,"{""0"":-0.006358606538684253,""1"":-0.00574813229180049,""2"":-0.016935524508199684}"
K_minus_direct_teacher,S_K_D,S_direct,audit,RAC1P,360,pooled,validation_person_weighted,3,3,True,-0.018673452944546327,0.012779713424219246,"{""0"":-0.014195099431975056,""1"":-0.008735629349041707,""2"":-0.03308963005262222}"
K_minus_direct_teacher,S_K_D,S_direct,audit,RAC1P,360,pooled,development_evaluation_person_weighted,3,3,True,-0.006686505970812402,0.0049202970358889885,"{""0"":-0.0030689153097200883,""1"":-0.004701345413639091,""2"":-0.012289257189078029}"
source_bank_minus_direct_teacher,S_bank,S_direct,transfer,same_residence,,primary,validation,3,3,True,0.014988711855535741,0.012853248395808748,"{""0"":0.006256564014508026,""1"":0.008961605806175776,""2"":0.02974796574592342}"
source_bank_minus_direct_teacher,S_bank,S_direct,transfer,same_residence,,primary,development_evaluation,3,3,True,0.013564895901807131,0.008173035677960117,"{""0"":0.008819506125730348,""1"":0.008872927379743212,""2"":0.023002254199947836}"
source_bank_minus_direct_teacher,S_bank,S_direct,transfer,same_residence,,primary,validation_person_weighted,3,3,True,0.013891914496409216,0.011341359674897529,"{""0"":0.005001645096927743,""1"":0.010009458201217847,""2"":0.026664640191082056}"
source_bank_minus_direct_teacher,S_bank,S_direct,transfer,same_residence,,primary,development_evaluation_person_weighted,3,3,True,0.011664496004704187,0.010325216417767794,"{""0"":0.005720508934779378,""1"":0.005685966797493003,""2"":0.02358701228184018}"
source_bank_minus_direct_teacher,S_bank,S_direct,transfer,commute_over20,,primary,validation,3,3,True,-0.0006700585078920351,0.002673433299373666,"{""0"":-0.00025365566767310277,""1"":-0.0035272601379284785,""2"":0.0017707402819254758}"
source_bank_minus_direct_teacher,S_bank,S_direct,transfer,commute_over20,,primary,development_evaluation,3,3,True,-0.002829761294738664,0.0014910278268017376,"{""0"":-0.003110707425975079,""1"":-0.004160330694110703,""2"":-0.0012182457641302102}"
source_bank_minus_direct_teacher,S_bank,S_direct,transfer,commute_over20,,primary,validation_person_weighted,3,3,True,0.001084875527595101,0.0016749630610620428,"{""0"":0.0030040253141817574,""1"":-8.242352992959834e-05,""2"":0.0003330247985331436}"
source_bank_minus_direct_teacher,S_bank,S_direct,transfer,commute_over20,,primary,development_evaluation_person_weighted,3,3,True,-0.0028472301217916294,0.004713070204066176,"{""0"":-0.0030419134909790424,""1"":-0.007459941997167041,""2"":0.001960165122771196}"
source_bank_minus_direct_teacher,S_bank,S_direct,transfer,income_binary,,primary,validation,3,3,True,-0.026333488584585656,0.020047639915498593,"{""0"":-0.026510856033972408,""1"":-0.046291856308232904,""2"":-0.006197753411551654}"
source_bank_minus_direct_teacher,S_bank,S_direct,transfer,income_binary,,primary,development_evaluation,3,3,True,-0.02907417940075287,0.029574645695970337,"{""0"":-0.01916212534150652,""1"":-0.0623316738179005,""2"":-0.005728739042851594}"
source_bank_minus_direct_teacher,S_bank,S_direct,transfer,income_binary,,primary,validation_person_weighted,3,3,True,-0.026849780888620518,0.020703212892238518,"{""0"":-0.024063541566992086,""1"":-0.04880501806911908,""2"":-0.007680783029750393}"
source_bank_minus_direct_teacher,S_bank,S_direct,transfer,income_binary,,primary,development_evaluation_person_weighted,3,3,True,-0.027759782191879245,0.03025421003593505,"{""0"":-0.01761496515468186,""1"":-0.06178265254375126,""2"":-0.0038817288772046155}"
source_bank_minus_direct_teacher,S_bank,S_direct,transfer,civilian_at_work,,primary,validation,3,3,True,-0.04133455851929866,0.025579544374364445,"{""0"":-0.03752148396251359,""1"":-0.06860659278116027,""2"":-0.017875598814222127}"
source_bank_minus_direct_teacher,S_bank,S_direct,transfer,civilian_at_work,,primary,development_evaluation,3,3,True,-0.05524183982490569,0.018020467417409324,"{""0"":-0.0521872177583218,""1"":-0.07459439164099396,""2"":-0.03894391007540132}"
source_bank_minus_direct_teacher,S_bank,S_direct,transfer,civilian_at_work,,primary,validation_person_weighted,3,3,True,-0.04469581159225583,0.026218542362225705,"{""0"":-0.04364789798024282,""1"":-0.07142259976046711,""2"":-0.019016937036057557}"
source_bank_minus_direct_teacher,S_bank,S_direct,transfer,civilian_at_work,,primary,development_evaluation_person_weighted,3,3,True,-0.05647969946366407,0.023196940700269644,"{""0"":-0.05931378096655299,""1"":-0.07812938896117477,""2"":-0.031995928463264434}"
source_bank_minus_direct_teacher,S_bank,S_direct,transfer,public_coverage,,primary,validation,3,3,True,-0.02094189946835347,0.006453321357903731,"{""0"":-0.013499714262118712,""1"":-0.02498820902283072,""2"":-0.024337775120110983}"
source_bank_minus_direct_teacher,S_bank,S_direct,transfer,public_coverage,,primary,development_evaluation,3,3,True,-0.0189484855075287,0.005651903562115867,"{""0"":-0.01569314436411473,""1"":-0.025474735404453885,""2"":-0.015677576754017486}"
source_bank_minus_direct_teacher,S_bank,S_direct,transfer,public_coverage,,primary,validation_person_weighted,3,3,True,-0.019207375436647134,0.007977961745006971,"{""0"":-0.01003232129586773,""1"":-0.024510206456501482,""2"":-0.02307959855757219}"
source_bank_minus_direct_teacher,S_bank,S_direct,transfer,public_coverage,,primary,development_evaluation_person_weighted,3,3,True,-0.02044159473905775,0.005059464583951901,"{""0"":-0.01659157231891928,""1"":-0.026172020170941335,""2"":-0.01856119172731263}"
source_bank_minus_direct_teacher,S_bank,S_direct,audit,SEX,120,primary,validation,3,3,True,0.012784738371650986,0.0036440901038421133,"{""0"":0.013737927823542218,""1"":0.015857504868027283,""2"":0.00875878242338346}"
source_bank_minus_direct_teacher,S_bank,S_direct,audit,SEX,120,primary,development_evaluation,3,3,True,0.005666503186286143,0.0038794467458749,"{""0"":0.0014041738519884328,""1"":0.008991199813027317,""2"":0.0066041358938426775}"
source_bank_minus_direct_teacher,S_bank,S_direct,audit,SEX,120,primary,validation_person_weighted,3,3,True,0.012660512150850659,0.006589402847051913,"{""0"":0.015219853676366246,""1"":0.017586287230058173,""2"":0.005175395546127559}"
source_bank_minus_direct_teacher,S_bank,S_direct,audit,SEX,120,primary,development_evaluation_person_weighted,3,3,True,0.003900095896029021,0.004443317727786258,"{""0"":-0.0011920223657896356,""1"":0.006990049442978208,""2"":0.005902260610898491}"
source_bank_minus_direct_teacher,S_bank,S_direct,audit,RAC1P,120,primary,validation,3,3,True,0.032233413478676365,0.007099725780990038,"{""0"":0.025977895967547182,""1"":0.03995001540722276,""2"":0.03077232906125915}"
source_bank_minus_direct_teacher,S_bank,S_direct,audit,RAC1P,120,primary,development_evaluation,3,3,True,0.03604066514014844,0.010120897283575358,"{""0"":0.04571010640887807,""1"":0.036890044345478934,""2"":0.02552184466608831}"
source_bank_minus_direct_teacher,S_bank,S_direct,audit,RAC1P,120,primary,validation_person_weighted,3,3,True,0.02555504360407997,0.011126616475976589,"{""0"":0.02063781617674354,""1"":0.03829311498945254,""2"":0.017734199646043836}"
source_bank_minus_direct_teacher,S_bank,S_direct,audit,RAC1P,120,primary,development_evaluation_person_weighted,3,3,True,0.02878487511208198,0.0026574370135207244,"{""0"":0.03167703804438604,""1"":0.026450809039878287,""2"":0.02822677825198161}"
source_bank_minus_direct_teacher,S_bank,S_direct,audit,SEX,120,pooled,validation,3,3,True,0.012784738371650986,0.0036440901038421133,"{""0"":0.013737927823542218,""1"":0.015857504868027283,""2"":0.00875878242338346}"
source_bank_minus_direct_teacher,S_bank,S_direct,audit,SEX,120,pooled,development_evaluation,3,3,True,0.005666503186286143,0.0038794467458749,"{""0"":0.0014041738519884328,""1"":0.008991199813027317,""2"":0.0066041358938426775}"
source_bank_minus_direct_teacher,S_bank,S_direct,audit,SEX,120,pooled,validation_person_weighted,3,3,True,0.012660512150850659,0.006589402847051913,"{""0"":0.015219853676366246,""1"":0.017586287230058173,""2"":0.005175395546127559}"
source_bank_minus_direct_teacher,S_bank,S_direct,audit,SEX,120,pooled,development_evaluation_person_weighted,3,3,True,0.003900095896029021,0.004443317727786258,"{""0"":-0.0011920223657896356,""1"":0.006990049442978208,""2"":0.005902260610898491}"
source_bank_minus_direct_teacher,S_bank,S_direct,audit,RAC1P,120,pooled,validation,3,3,True,0.032233413478676365,0.007099725780990038,"{""0"":0.025977895967547182,""1"":0.03995001540722276,""2"":0.03077232906125915}"
source_bank_minus_direct_teacher,S_bank,S_direct,audit,RAC1P,120,pooled,development_evaluation,3,3,True,0.03604066514014844,0.010120897283575358,"{""0"":0.04571010640887807,""1"":0.036890044345478934,""2"":0.02552184466608831}"
source_bank_minus_direct_teacher,S_bank,S_direct,audit,RAC1P,120,pooled,validation_person_weighted,3,3,True,0.02555504360407997,0.011126616475976589,"{""0"":0.02063781617674354,""1"":0.03829311498945254,""2"":0.017734199646043836}"
source_bank_minus_direct_teacher,S_bank,S_direct,audit,RAC1P,120,pooled,development_evaluation_person_weighted,3,3,True,0.02878487511208198,0.0026574370135207244,"{""0"":0.03167703804438604,""1"":0.026450809039878287,""2"":0.02822677825198161}"
source_bank_minus_direct_teacher,S_bank,S_direct,audit,SEX,360,primary,validation,3,3,True,0.012346078954654597,0.0035499693448701377,"{""0"":0.012421949572553048,""1"":0.015857504868027283,""2"":0.00875878242338346}"
source_bank_minus_direct_teacher,S_bank,S_direct,audit,SEX,360,primary,development_evaluation,3,3,True,0.006293764271816456,0.002865256792502814,"{""0"":0.0032859571085793737,""1"":0.008991199813027317,""2"":0.0066041358938426775}"
source_bank_minus_direct_teacher,S_bank,S_direct,audit,SEX,360,primary,validation_person_weighted,3,3,True,0.012329887518586768,0.006419472234614062,"{""0"":0.014227979779574573,""1"":0.017586287230058173,""2"":0.005175395546127559}"
source_bank_minus_direct_teacher,S_bank,S_direct,audit,SEX,360,primary,development_evaluation_person_weighted,3,3,True,0.004273732138491655,0.003801852805480581,"{""0"":-7.11136384017319e-05,""1"":0.006990049442978208,""2"":0.005902260610898491}"
source_bank_minus_direct_teacher,S_bank,S_direct,audit,RAC1P,360,primary,validation,3,3,True,0.031806197594857144,0.007679258800574956,"{""0"":0.02469624831608952,""1"":0.03995001540722276,""2"":0.03077232906125915}"
source_bank_minus_direct_teacher,S_bank,S_direct,audit,RAC1P,360,primary,development_evaluation,3,3,True,0.035129170890768315,0.008859125622269077,"{""0"":0.042975623660737705,""1"":0.036890044345478934,""2"":0.02552184466608831}"
source_bank_minus_direct_teacher,S_bank,S_direct,audit,RAC1P,360,primary,validation_person_weighted,3,3,True,0.02568412139146344,0.011042982519225295,"{""0"":0.021025049538893947,""1"":0.03829311498945254,""2"":0.017734199646043836}"
source_bank_minus_direct_teacher,S_bank,S_direct,audit,RAC1P,360,primary,development_evaluation_person_weighted,3,3,True,0.028771336627360904,0.002635347195632103,"{""0"":0.03163642259022281,""1"":0.026450809039878287,""2"":0.02822677825198161}"
source_bank_minus_direct_teacher,S_bank,S_direct,audit,SEX,360,pooled,validation,3,3,True,0.012346078954654597,0.0035499693448701377,"{""0"":0.012421949572553048,""1"":0.015857504868027283,""2"":0.00875878242338346}"
source_bank_minus_direct_teacher,S_bank,S_direct,audit,SEX,360,pooled,development_evaluation,3,3,True,0.006293764271816456,0.002865256792502814,"{""0"":0.0032859571085793737,""1"":0.008991199813027317,""2"":0.0066041358938426775}"
source_bank_minus_direct_teacher,S_bank,S_direct,audit,SEX,360,pooled,validation_person_weighted,3,3,True,0.012329887518586768,0.006419472234614062,"{""0"":0.014227979779574573,""1"":0.017586287230058173,""2"":0.005175395546127559}"
source_bank_minus_direct_teacher,S_bank,S_direct,audit,SEX,360,pooled,development_evaluation_person_weighted,3,3,True,0.004273732138491655,0.003801852805480581,"{""0"":-7.11136384017319e-05,""1"":0.006990049442978208,""2"":0.005902260610898491}"
source_bank_minus_direct_teacher,S_bank,S_direct,audit,RAC1P,360,pooled,validation,3,3,True,0.031806197594857144,0.007679258800574956,"{""0"":0.02469624831608952,""1"":0.03995001540722276,""2"":0.03077232906125915}"
source_bank_minus_direct_teacher,S_bank,S_direct,audit,RAC1P,360,pooled,development_evaluation,3,3,True,0.035129170890768315,0.008859125622269077,"{""0"":0.042975623660737705,""1"":0.036890044345478934,""2"":0.02552184466608831}"
source_bank_minus_direct_teacher,S_bank,S_direct,audit,RAC1P,360,pooled,validation_person_weighted,3,3,True,0.02568412139146344,0.011042982519225295,"{""0"":0.021025049538893947,""1"":0.03829311498945254,""2"":0.017734199646043836}"
source_bank_minus_direct_teacher,S_bank,S_direct,audit,RAC1P,360,pooled,development_evaluation_person_weighted,3,3,True,0.028771336627360904,0.002635347195632103,"{""0"":0.03163642259022281,""1"":0.026450809039878287,""2"":0.02822677825198161}"
E_minus_S,E_F_C,S_F_C,transfer,same_residence,,primary,validation,3,3,True,-0.0043851759319608235,0.0021663458614380603,"{""0"":-0.006851007020711952,""1"":-0.002787826343235489,""2"":-0.00351669443193503}"
E_minus_S,E_F_C,S_F_C,transfer,same_residence,,primary,development_evaluation,3,3,True,-0.006458736845312507,0.006365168435817403,"{""0"":-0.00959421433260721,""1"":-0.01064790307841501,""2"":0.0008659068750846988}"
E_minus_S,E_F_C,S_F_C,transfer,same_residence,,primary,validation_person_weighted,3,3,True,-0.0035978680995758885,0.001512710489012292,"{""0"":-0.004666526264773485,""1"":-0.0018669729644604782,""2"":-0.004260105069493703}"
E_minus_S,E_F_C,S_F_C,transfer,same_residence,,primary,development_evaluation_person_weighted,3,3,True,-0.004828142757576685,0.0058532786395071095,"{""0"":-0.006162644180930932,""1"":-0.00989894052033835,""2"":0.001577156428539228}"
E_minus_S,E_F_C,S_F_C,transfer,commute_over20,,primary,validation,3,3,True,0.0034312783257650636,0.004219553855651971,"{""0"":0.006605116457094717,""1"":-0.0013571557528015976,""2"":0.005045874273002071}"
E_minus_S,E_F_C,S_F_C,transfer,commute_over20,,primary,development_evaluation,3,3,True,0.000730809484631371,0.004927113539872964,"{""0"":-0.0022559084303661603,""1"":-0.001969408182539323,""2"":0.006417745066799596}"
E_minus_S,E_F_C,S_F_C,transfer,commute_over20,,primary,validation_person_weighted,3,3,True,0.0025881687869766523,0.0071202378298326,"{""0"":0.008645443463184965,""1"":-0.005255014674710012,""2"":0.004374077572455004}"
E_minus_S,E_F_C,S_F_C,transfer,commute_over20,,primary,development_evaluation_person_weighted,3,3,True,0.00031754566678643403,0.006280914727868816,"{""0"":-0.0013191391105599193,""1"":-0.004983003757888738,""2"":0.007254779868807959}"
E_minus_S,E_F_C,S_F_C,transfer,income_binary,,primary,validation,3,3,True,0.006360525354648483,0.0036987088930208454,"{""0"":0.0021997176784223638,""1"":0.0076065389444934794,""2"":0.009275319441029606}"
E_minus_S,E_F_C,S_F_C,transfer,income_binary,,primary,development_evaluation,3,3,True,0.0017882418200756793,0.005897948394580513,"{""0"":0.007764210894426082,""1"":-0.004028459825956565,""2"":0.0016289743917575206}"
E_minus_S,E_F_C,S_F_C,transfer,income_binary,,primary,validation_person_weighted,3,3,True,0.006697675703694894,0.0051282783291276115,"{""0"":0.0017093012737231517,""1"":0.006428472061273338,""2"":0.011955253776088193}"
E_minus_S,E_F_C,S_F_C,transfer,income_binary,,primary,development_evaluation_person_weighted,3,3,True,-0.0019246635449860678,0.004915596053340105,"{""0"":0.0036748152754213503,""1"":-0.005529053354101865,""2"":-0.003919752556277689}"
E_minus_S,E_F_C,S_F_C,transfer,civilian_at_work,,primary,validation,3,3,True,0.007994673670411179,0.004637297896808113,"{""0"":0.0027056198276400045,""1"":0.009915347105280636,""2"":0.011363054078312895}"
E_minus_S,E_F_C,S_F_C,transfer,civilian_at_work,,primary,development_evaluation,3,3,True,0.0041276285826606545,0.006850023229614696,"{""0"":-0.0023508869425182266,""1"":0.0034369441460856964,""2"":0.011296828544414494}"
E_minus_S,E_F_C,S_F_C,transfer,civilian_at_work,,primary,validation_person_weighted,3,3,True,0.008720009486800887,0.0022162278828622133,"{""0"":0.006557319546703688,""1"":0.010986151990619586,""2"":0.008616556923079388}"
E_minus_S,E_F_C,S_F_C,transfer,civilian_at_work,,primary,development_evaluation_person_weighted,3,3,True,0.004238463304624962,0.006271331193115426,"{""0"":-0.002950487232513954,""1"":0.0070787253641678705,""2"":0.00858715178222097}"
E_minus_S,E_F_C,S_F_C,transfer,public_coverage,,primary,validation,3,3,True,0.0013350776236804585,0.007786769689181672,"{""0"":0.008782343723231334,""1"":-0.006751748399620061,""2"":0.0019746375474301026}"
E_minus_S,E_F_C,S_F_C,transfer,public_coverage,,primary,development_evaluation,3,3,True,0.0007517003427963317,0.002625603849946363,"{""0"":0.0037829329071905615,""1"":-0.0008140899592731232,""2"":-0.0007137419195284433}"
E_minus_S,E_F_C,S_F_C,transfer,public_coverage,,primary,validation_person_weighted,3,3,True,-0.0006108082804282174,0.009694018457981088,"{""0"":0.006905567647207178,""1"":-0.01155245387616144,""2"":0.002814461387669609}"
E_minus_S,E_F_C,S_F_C,transfer,public_coverage,,primary,development_evaluation_person_weighted,3,3,True,0.001122045152216126,0.0061445690804895125,"{""0"":0.008157302620904194,""1"":-0.0031921973196816222,""2"":-0.001598969844574194}"
E_minus_S,E_F_C,S_F_C,audit,SEX,120,primary,validation,3,3,True,0.010060789098921793,0.009598595147860399,"{""0"":0.011489107626115769,""1"":0.018865188468394467,""2"":-0.00017192879774485803}"
E_minus_S,E_F_C,S_F_C,audit,SEX,120,primary,development_evaluation,3,3,True,0.005792567717354073,0.006536620003056383,"{""0"":0.010717557882297446,""1"":0.008283430583866602,""2"":-0.00162328531410183}"
E_minus_S,E_F_C,S_F_C,audit,SEX,120,primary,validation_person_weighted,3,3,True,0.01088891897523466,0.007486780392539092,"{""0"":0.014068840470091937,""1"":0.016260851297296264,""2"":0.0023370651583157764}"
E_minus_S,E_F_C,S_F_C,audit,SEX,120,primary,development_evaluation_person_weighted,3,3,True,0.0053328980027873936,0.008276456100944643,"{""0"":0.013172898562584412,""1"":0.006145816379241498,""2"":-0.00332002093346373}"
E_minus_S,E_F_C,S_F_C,audit,RAC1P,120,primary,validation,3,3,True,0.014690101714567824,0.0130446416692381,"{""0"":0.02140348304747608,""1"":0.02301076347013309,""2"":-0.00034394137390569846}"
E_minus_S,E_F_C,S_F_C,audit,RAC1P,120,primary,development_evaluation,3,3,True,0.0068787038840541674,0.006764318752945717,"{""0"":0.01460678589259956,""1"":0.003996278661720032,""2"":0.0020330470978429105}"
E_minus_S,E_F_C,S_F_C,audit,RAC1P,120,primary,validation_person_weighted,3,3,True,0.012488855756582243,0.012230798444630974,"{""0"":0.02137322123030061,""1"":0.01755422097859438,""2"":-0.00146087493914826}"
E_minus_S,E_F_C,S_F_C,audit,RAC1P,120,primary,development_evaluation_person_weighted,3,3,True,0.005649218774124905,0.010926117974379623,"{""0"":0.016107822222754864,""1"":-0.005690996500412382,""2"":0.006530830600032234}"
E_minus_S,E_F_C,S_F_C,audit,SEX,120,pooled,validation,3,3,True,0.0038522900546687686,0.004580843721844565,"{""0"":0.002891458819699877,""1"":0.008837340142051286,""2"":-0.00017192879774485803}"
E_minus_S,E_F_C,S_F_C,audit,SEX,120,pooled,development_evaluation,3,3,True,-0.0027636549907047447,0.0018172603424596997,"{""0"":-0.0018083553476724301,""1"":-0.004859324310339974,""2"":-0.00162328531410183}"
E_minus_S,E_F_C,S_F_C,audit,SEX,120,pooled,validation_person_weighted,3,3,True,0.0031717122236087913,0.003768939109646474,"{""0"":0.007288011995638444,""1"":-0.0001099404831278461,""2"":0.0023370651583157764}"
E_minus_S,E_F_C,S_F_C,audit,SEX,120,pooled,development_evaluation_person_weighted,3,3,True,-0.004925181332300466,0.004740081322059971,"{""0"":-0.001196098921787847,""1"":-0.01025942414164982,""2"":-0.00332002093346373}"
E_minus_S,E_F_C,S_F_C,audit,RAC1P,120,pooled,validation,3,3,True,0.0032101935092316847,0.009583295419851841,"{""0"":0.014249885784561878,""1"":-0.002968019512218145,""2"":-0.0016512857446486784}"
E_minus_S,E_F_C,S_F_C,audit,RAC1P,120,pooled,development_evaluation,3,3,True,-0.0014798881082030608,0.017477756201947223,"{""0"":0.018027875947899563,""1"":-0.01571230985398353,""2"":-0.0067552304185252154}"
E_minus_S,E_F_C,S_F_C,audit,RAC1P,120,pooled,validation_person_weighted,3,3,True,-0.0011900020407803098,0.00907894479950972,"{""0"":0.009292613310319942,""1"":-0.006546722987675668,""2"":-0.006315896444985203}"
E_minus_S,E_F_C,S_F_C,audit,RAC1P,120,pooled,development_evaluation_person_weighted,3,3,True,-0.0017160075016473542,0.022261095122948826,"{""0"":0.02280383806881381,""1"":-0.0206571903456938,""2"":-0.007294670228062072}"
E_minus_S,E_F_C,S_F_C,audit,SEX,360,primary,validation,3,3,True,0.010060789098921793,0.009598595147860399,"{""0"":0.011489107626115769,""1"":0.018865188468394467,""2"":-0.00017192879774485803}"
E_minus_S,E_F_C,S_F_C,audit,SEX,360,primary,development_evaluation,3,3,True,0.005792567717354073,0.006536620003056383,"{""0"":0.010717557882297446,""1"":0.008283430583866602,""2"":-0.00162328531410183}"
E_minus_S,E_F_C,S_F_C,audit,SEX,360,primary,validation_person_weighted,3,3,True,0.01088891897523466,0.007486780392539092,"{""0"":0.014068840470091937,""1"":0.016260851297296264,""2"":0.0023370651583157764}"
E_minus_S,E_F_C,S_F_C,audit,SEX,360,primary,development_evaluation_person_weighted,3,3,True,0.0053328980027873936,0.008276456100944643,"{""0"":0.013172898562584412,""1"":0.006145816379241498,""2"":-0.00332002093346373}"
E_minus_S,E_F_C,S_F_C,audit,RAC1P,360,primary,validation,3,3,True,0.014690101714567824,0.0130446416692381,"{""0"":0.02140348304747608,""1"":0.02301076347013309,""2"":-0.00034394137390569846}"
E_minus_S,E_F_C,S_F_C,audit,RAC1P,360,primary,development_evaluation,3,3,True,0.0068787038840541674,0.006764318752945717,"{""0"":0.01460678589259956,""1"":0.003996278661720032,""2"":0.0020330470978429105}"
E_minus_S,E_F_C,S_F_C,audit,RAC1P,360,primary,validation_person_weighted,3,3,True,0.012488855756582243,0.012230798444630974,"{""0"":0.02137322123030061,""1"":0.01755422097859438,""2"":-0.00146087493914826}"
E_minus_S,E_F_C,S_F_C,audit,RAC1P,360,primary,development_evaluation_person_weighted,3,3,True,0.005649218774124905,0.010926117974379623,"{""0"":0.016107822222754864,""1"":-0.005690996500412382,""2"":0.006530830600032234}"
E_minus_S,E_F_C,S_F_C,audit,SEX,360,pooled,validation,3,3,True,0.0038522900546687686,0.004580843721844565,"{""0"":0.002891458819699877,""1"":0.008837340142051286,""2"":-0.00017192879774485803}"
E_minus_S,E_F_C,S_F_C,audit,SEX,360,pooled,development_evaluation,3,3,True,-0.0027636549907047447,0.0018172603424596997,"{""0"":-0.0018083553476724301,""1"":-0.004859324310339974,""2"":-0.00162328531410183}"
E_minus_S,E_F_C,S_F_C,audit,SEX,360,pooled,validation_person_weighted,3,3,True,0.0031717122236087913,0.003768939109646474,"{""0"":0.007288011995638444,""1"":-0.0001099404831278461,""2"":0.0023370651583157764}"
E_minus_S,E_F_C,S_F_C,audit,SEX,360,pooled,development_evaluation_person_weighted,3,3,True,-0.004925181332300466,0.004740081322059971,"{""0"":-0.001196098921787847,""1"":-0.01025942414164982,""2"":-0.00332002093346373}"
E_minus_S,E_F_C,S_F_C,audit,RAC1P,360,pooled,validation,3,3,True,0.0032101935092316847,0.009583295419851841,"{""0"":0.014249885784561878,""1"":-0.002968019512218145,""2"":-0.0016512857446486784}"
E_minus_S,E_F_C,S_F_C,audit,RAC1P,360,pooled,development_evaluation,3,3,True,-0.0014798881082030608,0.017477756201947223,"{""0"":0.018027875947899563,""1"":-0.01571230985398353,""2"":-0.0067552304185252154}"
E_minus_S,E_F_C,S_F_C,audit,RAC1P,360,pooled,validation_person_weighted,3,3,True,-0.0011900020407803098,0.00907894479950972,"{""0"":0.009292613310319942,""1"":-0.006546722987675668,""2"":-0.006315896444985203}"
E_minus_S,E_F_C,S_F_C,audit,RAC1P,360,pooled,development_evaluation_person_weighted,3,3,True,-0.0017160075016473542,0.022261095122948826,"{""0"":0.02280383806881381,""1"":-0.0206571903456938,""2"":-0.007294670228062072}"
E_minus_S,E_F_D,S_F_D,transfer,same_residence,,primary,validation,3,3,True,-0.004879372772764179,0.002770167523468731,"{""0"":-0.008062938319058577,""1"":-0.003018311486890246,""2"":-0.003556868512343714}"
E_minus_S,E_F_D,S_F_D,transfer,same_residence,,primary,development_evaluation,3,3,True,-0.006167595712992635,0.00788468339255506,"{""0"":-0.010782833309638695,""1"":-0.010656514168721265,""2"":0.002936560339382055}"
E_minus_S,E_F_D,S_F_D,transfer,same_residence,,primary,validation_person_weighted,3,3,True,-0.0037587137278249547,0.0017759257015109375,"{""0"":-0.0056943507481346245,""1"":-0.0022044703789293463,""2"":-0.003377320056410893}"
E_minus_S,E_F_D,S_F_D,transfer,same_residence,,primary,development_evaluation_person_weighted,3,3,True,-0.00443347807631785,0.006687709515012603,"{""0"":-0.007605185154348715,""1"":-0.008945219490689105,""2"":0.003249970416084269}"
E_minus_S,E_F_D,S_F_D,transfer,commute_over20,,primary,validation,3,3,True,0.002971732649414268,0.004294334502762173,"{""0"":0.006800430442851391,""1"":-0.001671556284481901,""2"":0.0037863237898733137}"
E_minus_S,E_F_D,S_F_D,transfer,commute_over20,,primary,development_evaluation,3,3,True,0.0009092730751636413,0.005125134418871316,"{""0"":-0.0021259871297810706,""1"":-0.001972801292860704,""2"":0.006826607648132699}"
E_minus_S,E_F_D,S_F_D,transfer,commute_over20,,primary,validation_person_weighted,3,3,True,0.001968519596156737,0.007673545914741627,"{""0"":0.008881910573135587,""1"":-0.006287871279044066,""2"":0.0033115194943786896}"
E_minus_S,E_F_D,S_F_D,transfer,commute_over20,,primary,development_evaluation_person_weighted,3,3,True,-0.00018582763678635464,0.007131460752506824,"{""0"":-0.0014727860653398483,""1"":-0.006586178060350556,""2"":0.00750148121533134}"
E_minus_S,E_F_D,S_F_D,transfer,income_binary,,primary,validation,3,3,True,0.006700036983186515,0.0023602530012429195,"{""0"":0.004110603354698372,""1"":0.007258602085745247,""2"":0.008730905509115927}"
E_minus_S,E_F_D,S_F_D,transfer,income_binary,,primary,development_evaluation,3,3,True,0.0017628543169250406,0.00426674883826767,"{""0"":0.005426007280727618,""1"":-0.0029219884374606098,""2"":0.0027845441075081134}"
E_minus_S,E_F_D,S_F_D,transfer,income_binary,,primary,validation_person_weighted,3,3,True,0.005246708157655082,0.006134621144862471,"{""0"":-0.0009883982368155686,""1"":0.005452876327413425,""2"":0.011275646382367388}"
E_minus_S,E_F_D,S_F_D,transfer,income_binary,,primary,development_evaluation_person_weighted,3,3,True,0.0007770080908756268,0.007202275861234043,"{""0"":0.00894886913673143,""1"":-0.004646193110237118,""2"":-0.0019716517538674316}"
E_minus_S,E_F_D,S_F_D,transfer,civilian_at_work,,primary,validation,3,3,True,0.006692091288549584,0.005108260433421095,"{""0"":0.0007959939096593427,""1"":0.009494018693993411,""2"":0.009786261261995999}"
E_minus_S,E_F_D,S_F_D,transfer,civilian_at_work,,primary,development_evaluation,3,3,True,0.0048159434096879394,0.004310395158623615,"{""0"":6.79947098108924e-05,""1"":0.005896765107776036,""2"":0.00848307041147689}"
E_minus_S,E_F_D,S_F_D,transfer,civilian_at_work,,primary,validation_person_weighted,3,3,True,0.008188912767175408,0.0025794778789824256,"{""0"":0.0053066252073161735,""1"":0.010280456381722314,""2"":0.008979656712487738}"
E_minus_S,E_F_D,S_F_D,transfer,civilian_at_work,,primary,development_evaluation_person_weighted,3,3,True,0.004965187258221075,0.005702053931531895,"{""0"":-0.001585564239765913,""1"":0.00881428780780652,""2"":0.007666838206622617}"
E_minus_S,E_F_D,S_F_D,transfer,public_coverage,,primary,validation,3,3,True,0.0012539994185917225,0.005345267031543077,"{""0"":0.006354780780170266,""1"":-0.004306109150061965,""2"":0.0017133266256668667}"
E_minus_S,E_F_D,S_F_D,transfer,public_coverage,,primary,development_evaluation,3,3,True,0.0024994420305245826,0.004352786438347858,"{""0"":0.007396102830010132,""1"":0.0010328369176880736,""2"":-0.0009306136561244571}"
E_minus_S,E_F_D,S_F_D,transfer,public_coverage,,primary,validation_person_weighted,3,3,True,-0.00038231815772012584,0.00725149316496928,"{""0"":0.005372011043854763,""1"":-0.008527302487913946,""2"":0.0020083369708988053}"
E_minus_S,E_F_D,S_F_D,transfer,public_coverage,,primary,development_evaluation_person_weighted,3,3,True,0.0027467422631654395,0.006288882577493347,"{""0"":0.01000814752570467,""1"":-0.000947515724881165,""2"":-0.0008204050113271855}"
E_minus_S,E_F_D,S_F_D,audit,SEX,120,primary,validation,3,3,True,0.010853607724063519,0.009792960795292802,"{""0"":0.012667211417818236,""1"":0.019612995010947265,""2"":0.00028061674342505505}"
E_minus_S,E_F_D,S_F_D,audit,SEX,120,primary,development_evaluation,3,3,True,0.005309939785278717,0.004980299682814298,"{""0"":0.008073601349080306,""1"":0.008295604395615275,""2"":-0.0004393863888594307}"
E_minus_S,E_F_D,S_F_D,audit,SEX,120,primary,validation_person_weighted,3,3,True,0.01140706792672467,0.007950789590911436,"{""0"":0.013767199658807128,""1"":0.017910581225002553,""2"":0.0025434228963643335}"
E_minus_S,E_F_D,S_F_D,audit,SEX,120,primary,development_evaluation_person_weighted,3,3,True,0.004145760067735593,0.004477179635438747,"{""0"":0.006499661652694777,""1"":0.006954972591558084,""2"":-0.0010173540410460813}"
E_minus_S,E_F_D,S_F_D,audit,RAC1P,120,primary,validation,3,3,True,0.012348261070686059,0.01572951383285189,"{""0"":0.0208020290563935,""1"":0.022043228985920926,""2"":-0.0058004748302562525}"
E_minus_S,E_F_D,S_F_D,audit,RAC1P,120,primary,development_evaluation,3,3,True,0.005854684560637684,0.004085723497484312,"{""0"":0.010502729850050185,""1"":0.002830738535429589,""2"":0.004230585296433276}"
E_minus_S,E_F_D,S_F_D,audit,RAC1P,120,primary,validation_person_weighted,3,3,True,0.010657916578630392,0.014784788385476274,"{""0"":0.019887040982755844,""1"":0.018481497913816147,""2"":-0.006394789160680814}"
E_minus_S,E_F_D,S_F_D,audit,RAC1P,120,primary,development_evaluation_person_weighted,3,3,True,0.00406959223768714,0.01071877789817359,"{""0"":0.012328196256047086,""1"":-0.008043367728928219,""2"":0.007923948185942553}"
E_minus_S,E_F_D,S_F_D,audit,SEX,120,pooled,validation,3,3,True,0.006904784837367006,0.009486801810984795,"{""0"":0.0026610958333321832,""1"":0.01777264193534378,""2"":0.00028061674342505505}"
E_minus_S,E_F_D,S_F_D,audit,SEX,120,pooled,development_evaluation,3,3,True,-0.0012069813131016331,0.0011749316046614684,"{""0"":-0.0025595732837954133,""1"":-0.0006219842666500552,""2"":-0.0004393863888594307}"
E_minus_S,E_F_D,S_F_D,audit,SEX,120,pooled,validation_person_weighted,3,3,True,0.005079071350002851,0.006036085404070123,"{""0"":0.0007244235053130987,""1"":0.01196936764833112,""2"":0.0025434228963643335}"
E_minus_S,E_F_D,S_F_D,audit,SEX,120,pooled,development_evaluation_person_weighted,3,3,True,-0.0036472064427485185,0.0031438585514707543,"{""0"":-0.002794933102578945,""1"":-0.007129332184620529,""2"":-0.0010173540410460813}"
E_minus_S,E_F_D,S_F_D,audit,RAC1P,120,pooled,validation,3,3,True,0.0035354803117259395,0.01144502225136683,"{""0"":0.016557289262298935,""1"":-0.0010227585302877706,""2"":-0.004928089796833346}"
E_minus_S,E_F_D,S_F_D,audit,RAC1P,120,pooled,development_evaluation,3,3,True,-0.006638990223223266,0.012004515372965513,"{""0"":0.005543341685266601,""1"":-0.018457413923834043,""2"":-0.007002898431102356}"
E_minus_S,E_F_D,S_F_D,audit,RAC1P,120,pooled,validation_person_weighted,3,3,True,0.0009461224053853486,0.010855590634764281,"{""0"":0.013375600847112201,""1"":-0.0038633064299875564,""2"":-0.006673927200968599}"
E_minus_S,E_F_D,S_F_D,audit,RAC1P,120,pooled,development_evaluation_person_weighted,3,3,True,-0.0067003334813852495,0.018247378967490974,"{""0"":0.012861580969386832,""1"":-0.023261074364731016,""2"":-0.009701507048811564}"
E_minus_S,E_F_D,S_F_D,audit,SEX,360,primary,validation,3,3,True,0.010853607724063519,0.009792960795292802,"{""0"":0.012667211417818236,""1"":0.019612995010947265,""2"":0.00028061674342505505}"
E_minus_S,E_F_D,S_F_D,audit,SEX,360,primary,development_evaluation,3,3,True,0.005309939785278717,0.004980299682814298,"{""0"":0.008073601349080306,""1"":0.008295604395615275,""2"":-0.0004393863888594307}"
E_minus_S,E_F_D,S_F_D,audit,SEX,360,primary,validation_person_weighted,3,3,True,0.01140706792672467,0.007950789590911436,"{""0"":0.013767199658807128,""1"":0.017910581225002553,""2"":0.0025434228963643335}"
E_minus_S,E_F_D,S_F_D,audit,SEX,360,primary,development_evaluation_person_weighted,3,3,True,0.004145760067735593,0.004477179635438747,"{""0"":0.006499661652694777,""1"":0.006954972591558084,""2"":-0.0010173540410460813}"
E_minus_S,E_F_D,S_F_D,audit,RAC1P,360,primary,validation,3,3,True,0.012348261070686059,0.01572951383285189,"{""0"":0.0208020290563935,""1"":0.022043228985920926,""2"":-0.0058004748302562525}"
E_minus_S,E_F_D,S_F_D,audit,RAC1P,360,primary,development_evaluation,3,3,True,0.005854684560637684,0.004085723497484312,"{""0"":0.010502729850050185,""1"":0.002830738535429589,""2"":0.004230585296433276}"
E_minus_S,E_F_D,S_F_D,audit,RAC1P,360,primary,validation_person_weighted,3,3,True,0.010657916578630392,0.014784788385476274,"{""0"":0.019887040982755844,""1"":0.018481497913816147,""2"":-0.006394789160680814}"
E_minus_S,E_F_D,S_F_D,audit,RAC1P,360,primary,development_evaluation_person_weighted,3,3,True,0.00406959223768714,0.01071877789817359,"{""0"":0.012328196256047086,""1"":-0.008043367728928219,""2"":0.007923948185942553}"
E_minus_S,E_F_D,S_F_D,audit,SEX,360,pooled,validation,3,3,True,0.006904784837367006,0.009486801810984795,"{""0"":0.0026610958333321832,""1"":0.01777264193534378,""2"":0.00028061674342505505}"
E_minus_S,E_F_D,S_F_D,audit,SEX,360,pooled,development_evaluation,3,3,True,-0.0012069813131016331,0.0011749316046614684,"{""0"":-0.0025595732837954133,""1"":-0.0006219842666500552,""2"":-0.0004393863888594307}"
E_minus_S,E_F_D,S_F_D,audit,SEX,360,pooled,validation_person_weighted,3,3,True,0.005079071350002851,0.006036085404070123,"{""0"":0.0007244235053130987,""1"":0.01196936764833112,""2"":0.0025434228963643335}"
E_minus_S,E_F_D,S_F_D,audit,SEX,360,pooled,development_evaluation_person_weighted,3,3,True,-0.0036472064427485185,0.0031438585514707543,"{""0"":-0.002794933102578945,""1"":-0.007129332184620529,""2"":-0.0010173540410460813}"
E_minus_S,E_F_D,S_F_D,audit,RAC1P,360,pooled,validation,3,3,True,0.0035354803117259395,0.01144502225136683,"{""0"":0.016557289262298935,""1"":-0.0010227585302877706,""2"":-0.004928089796833346}"
E_minus_S,E_F_D,S_F_D,audit,RAC1P,360,pooled,development_evaluation,3,3,True,-0.006638990223223266,0.012004515372965513,"{""0"":0.005543341685266601,""1"":-0.018457413923834043,""2"":-0.007002898431102356}"
E_minus_S,E_F_D,S_F_D,audit,RAC1P,360,pooled,validation_person_weighted,3,3,True,0.0009461224053853486,0.010855590634764281,"{""0"":0.013375600847112201,""1"":-0.0038633064299875564,""2"":-0.006673927200968599}"
E_minus_S,E_F_D,S_F_D,audit,RAC1P,360,pooled,development_evaluation_person_weighted,3,3,True,-0.0067003334813852495,0.018247378967490974,"{""0"":0.012861580969386832,""1"":-0.023261074364731016,""2"":-0.009701507048811564}"
E_minus_S,E_K_C,S_K_C,transfer,same_residence,,primary,validation,3,3,True,-0.0030445739310111333,0.004569088105278758,"{""0"":-0.007576088324838692,""1"":-0.003118816539161462,""2"":0.001561183070966754}"
E_minus_S,E_K_C,S_K_C,transfer,same_residence,,primary,development_evaluation,3,3,True,-0.0051427499497020595,0.003428778017696421,"{""0"":-0.0077052804823511956,""1"":-0.00647521700451692,""2"":-0.0012477523622380637}"
E_minus_S,E_K_C,S_K_C,transfer,same_residence,,primary,validation_person_weighted,3,3,True,-0.0030430643222940645,0.0012283564585100306,"{""0"":-0.003826694322265345,""1"":-0.003675115820696795,""2"":-0.0016273828239200538}"
E_minus_S,E_K_C,S_K_C,transfer,same_residence,,primary,development_evaluation_person_weighted,3,3,True,-0.00260118625437609,0.007004111555163015,"{""0"":-0.007861570573053533,""1"":-0.005291130023002688,""2"":0.0053491418329279505}"
E_minus_S,E_K_C,S_K_C,transfer,commute_over20,,primary,validation,3,3,True,0.0022013553976699316,0.008014152087087936,"{""0"":0.009154478421173784,""1"":-0.006563607936938443,""2"":0.004013195708774453}"
E_minus_S,E_K_C,S_K_C,transfer,commute_over20,,primary,development_evaluation,3,3,True,0.0004749507921700073,0.0008582854103844432,"{""0"":0.0006600199827657693,""1"":0.0012256041306674126,""2"":-0.0004607717369231601}"
E_minus_S,E_K_C,S_K_C,transfer,commute_over20,,primary,validation_person_weighted,3,3,True,0.003568982690685174,0.010880631275239392,"{""0"":0.013223439612828014,""1"":-0.00822112829859134,""2"":0.005704636757818848}"
E_minus_S,E_K_C,S_K_C,transfer,commute_over20,,primary,development_evaluation_person_weighted,3,3,True,0.00013949436597212225,0.002501903148986014,"{""0"":0.002382397255624169,""1"":-0.0025588398701859028,""2"":0.0005949257124781004}"
E_minus_S,E_K_C,S_K_C,transfer,income_binary,,primary,validation,3,3,True,0.01668677127829569,0.015958378369687873,"{""0"":0.03398111185704572,""1"":0.00253059217155871,""2"":0.013548609806282641}"
E_minus_S,E_K_C,S_K_C,transfer,income_binary,,primary,development_evaluation,3,3,True,0.010878069797176185,0.008529558166628181,"{""0"":0.020661680405438088,""1"":0.005004386131270022,""2"":0.006968142854820447}"
E_minus_S,E_K_C,S_K_C,transfer,income_binary,,primary,validation_person_weighted,3,3,True,0.014374363837654891,0.016776149464844375,"{""0"":0.030389918681592243,""1"":-0.003070875803969253,""2"":0.015804048635341683}"
E_minus_S,E_K_C,S_K_C,transfer,income_binary,,primary,development_evaluation_person_weighted,3,3,True,0.008052366845698303,0.00616507325903088,"{""0"":0.014980566360567493,""1"":0.006005365144448382,""2"":0.0031711690320790353}"
E_minus_S,E_K_C,S_K_C,transfer,civilian_at_work,,primary,validation,3,3,True,0.034002381783461245,0.03537103183686511,"{""0"":0.07306383034923775,""1"":0.024804242857681014,""2"":0.0041390721434649835}"
E_minus_S,E_K_C,S_K_C,transfer,civilian_at_work,,primary,development_evaluation,3,3,True,0.027229201104747008,0.03157179278564924,"{""0"":0.061294654430944895,""1"":0.021440884917989123,""2"":-0.0010479360346929978}"
E_minus_S,E_K_C,S_K_C,transfer,civilian_at_work,,primary,validation_person_weighted,3,3,True,0.03219236959210773,0.036267972381722066,"{""0"":0.07300282087962778,""1"":0.019926315894133684,""2"":0.003647972002561728}"
E_minus_S,E_K_C,S_K_C,transfer,civilian_at_work,,primary,development_evaluation_person_weighted,3,3,True,0.030971116219714896,0.023885521381865945,"{""0"":0.057440074207547265,""1"":0.02444959700240612,""2"":0.011023677449191305}"
E_minus_S,E_K_C,S_K_C,transfer,public_coverage,,primary,validation,3,3,True,0.004515202464050312,0.01035034790486545,"{""0"":0.016420438446315022,""1"":-0.0005270755319731757,""2"":-0.0023477555221909086}"
E_minus_S,E_K_C,S_K_C,transfer,public_coverage,,primary,development_evaluation,3,3,True,0.0019672947967570575,0.007005412274796476,"{""0"":0.009720756383178708,""1"":-0.003906603042742596,""2"":8.77310498350603e-05}"
E_minus_S,E_K_C,S_K_C,transfer,public_coverage,,primary,validation_person_weighted,3,3,True,0.007304985071409975,0.011040630143053074,"{""0"":0.01969821066628774,""1"":-0.0014803500888059817,""2"":0.003697094636748166}"
E_minus_S,E_K_C,S_K_C,transfer,public_coverage,,primary,development_evaluation_person_weighted,3,3,True,0.00026425554297863457,0.006135805560038958,"{""0"":0.006925372227803206,""1"":-0.00515681786849409,""2"":-0.0009757877303732121}"
E_minus_S,E_K_C,S_K_C,audit,SEX,120,primary,validation,3,3,True,0.014286710327780653,0.012603001118284793,"{""0"":0.01952210239731189,""1"":0.023428208125765848,""2"":-9.017953973577963e-05}"
E_minus_S,E_K_C,S_K_C,audit,SEX,120,primary,development_evaluation,3,3,True,0.010320355132890055,0.0048381471801821644,"{""0"":0.011265065533857865,""1"":0.014616470319315567,""2"":0.00507952954549673}"
E_minus_S,E_K_C,S_K_C,audit,SEX,120,primary,validation_person_weighted,3,3,True,0.014888509753579545,0.009858855177415858,"{""0"":0.021228329165883575,""1"":0.019907131220586072,""2"":0.003530068874268988}"
E_minus_S,E_K_C,S_K_C,audit,SEX,120,primary,development_evaluation_person_weighted,3,3,True,0.011790837722064204,0.004762238174402417,"{""0"":0.016129568312589382,""1"":0.012547301382305753,""2"":0.006695643471297474}"
E_minus_S,E_K_C,S_K_C,audit,RAC1P,120,primary,validation,3,3,True,0.012972170428261412,0.01774160673457811,"{""0"":0.022041589369068637,""1"":0.02434575563646879,""2"":-0.007470833720753189}"
E_minus_S,E_K_C,S_K_C,audit,RAC1P,120,primary,development_evaluation,3,3,True,0.005213811956637467,0.009327033906209224,"{""0"":0.013120813018012933,""1"":0.007593009283034968,""2"":-0.0050723864311355005}"
E_minus_S,E_K_C,S_K_C,audit,RAC1P,120,primary,validation_person_weighted,3,3,True,0.01181208822659626,0.01529317061755154,"{""0"":0.01747588205954176,""1"":0.02346543024846892,""2"":-0.005505047628221904}"
E_minus_S,E_K_C,S_K_C,audit,RAC1P,120,primary,development_evaluation_person_weighted,3,3,True,0.003133678862745256,0.005644731453566379,"{""0"":0.00963065030000565,""1"":0.0003379787340453966,""2"":-0.0005675924458152792}"
E_minus_S,E_K_C,S_K_C,audit,SEX,120,pooled,validation,3,3,True,0.0060606485132453924,0.008800339268396245,"{""0"":0.016141164747118242,""1"":0.002130960332353715,""2"":-9.017953973577963e-05}"
E_minus_S,E_K_C,S_K_C,audit,SEX,120,pooled,development_evaluation,3,3,True,0.002643073925959897,0.002917531804139607,"{""0"":0.0034397294474756146,""1"":-0.0005900372150926536,""2"":0.00507952954549673}"
E_minus_S,E_K_C,S_K_C,audit,SEX,120,pooled,validation_person_weighted,3,3,True,0.007267502348864012,0.011434099536863179,"{""0"":0.020102637165285042,""1"":-0.0018301989929619955,""2"":0.003530068874268988}"
E_minus_S,E_K_C,S_K_C,audit,SEX,120,pooled,development_evaluation_person_weighted,3,3,True,0.0014364973553984879,0.004555103815938926,"{""0"":-0.0012638384943262082,""1"":-0.0011223129107758023,""2"":0.006695643471297474}"
E_minus_S,E_K_C,S_K_C,audit,RAC1P,120,pooled,validation,3,3,True,0.0040079876740348,0.009399070923800363,"{""0"":0.014712808087556262,""1"":-0.0028928569570139118,""2"":0.00020401189156205035}"
E_minus_S,E_K_C,S_K_C,audit,RAC1P,120,pooled,development_evaluation,3,3,True,-0.012811367347692393,0.002430675602851456,"{""0"":-0.011256448534409103,""1"":-0.01561240143775211,""2"":-0.011565252070915966}"
E_minus_S,E_K_C,S_K_C,audit,RAC1P,120,pooled,validation_person_weighted,3,3,True,0.0019798135970554576,0.0061903848649274415,"{""0"":0.008332713149593163,""1"":-0.004034128951441618,""2"":0.0016408565930148278}"
E_minus_S,E_K_C,S_K_C,audit,RAC1P,120,pooled,development_evaluation_person_weighted,3,3,True,-0.014250977954779328,0.0018391332880885647,"{""0"":-0.01296949495886679,""1"":-0.01635826718456901,""2"":-0.013425171720902185}"
E_minus_S,E_K_C,S_K_C,audit,SEX,360,primary,validation,3,3,True,0.014286710327780653,0.012603001118284793,"{""0"":0.01952210239731189,""1"":0.023428208125765848,""2"":-9.017953973577963e-05}"
E_minus_S,E_K_C,S_K_C,audit,SEX,360,primary,development_evaluation,3,3,True,0.010320355132890055,0.0048381471801821644,"{""0"":0.011265065533857865,""1"":0.014616470319315567,""2"":0.00507952954549673}"
E_minus_S,E_K_C,S_K_C,audit,SEX,360,primary,validation_person_weighted,3,3,True,0.014888509753579545,0.009858855177415858,"{""0"":0.021228329165883575,""1"":0.019907131220586072,""2"":0.003530068874268988}"
E_minus_S,E_K_C,S_K_C,audit,SEX,360,primary,development_evaluation_person_weighted,3,3,True,0.011790837722064204,0.004762238174402417,"{""0"":0.016129568312589382,""1"":0.012547301382305753,""2"":0.006695643471297474}"
E_minus_S,E_K_C,S_K_C,audit,RAC1P,360,primary,validation,3,3,True,0.012972170428261412,0.01774160673457811,"{""0"":0.022041589369068637,""1"":0.02434575563646879,""2"":-0.007470833720753189}"
E_minus_S,E_K_C,S_K_C,audit,RAC1P,360,primary,development_evaluation,3,3,True,0.005213811956637467,0.009327033906209224,"{""0"":0.013120813018012933,""1"":0.007593009283034968,""2"":-0.0050723864311355005}"
E_minus_S,E_K_C,S_K_C,audit,RAC1P,360,primary,validation_person_weighted,3,3,True,0.01181208822659626,0.01529317061755154,"{""0"":0.01747588205954176,""1"":0.02346543024846892,""2"":-0.005505047628221904}"
E_minus_S,E_K_C,S_K_C,audit,RAC1P,360,primary,development_evaluation_person_weighted,3,3,True,0.003133678862745256,0.005644731453566379,"{""0"":0.00963065030000565,""1"":0.0003379787340453966,""2"":-0.0005675924458152792}"
E_minus_S,E_K_C,S_K_C,audit,SEX,360,pooled,validation,3,3,True,0.0060606485132453924,0.008800339268396245,"{""0"":0.016141164747118242,""1"":0.002130960332353715,""2"":-9.017953973577963e-05}"
E_minus_S,E_K_C,S_K_C,audit,SEX,360,pooled,development_evaluation,3,3,True,0.002643073925959897,0.002917531804139607,"{""0"":0.0034397294474756146,""1"":-0.0005900372150926536,""2"":0.00507952954549673}"
E_minus_S,E_K_C,S_K_C,audit,SEX,360,pooled,validation_person_weighted,3,3,True,0.007267502348864012,0.011434099536863179,"{""0"":0.020102637165285042,""1"":-0.0018301989929619955,""2"":0.003530068874268988}"
E_minus_S,E_K_C,S_K_C,audit,SEX,360,pooled,development_evaluation_person_weighted,3,3,True,0.0014364973553984879,0.004555103815938926,"{""0"":-0.0012638384943262082,""1"":-0.0011223129107758023,""2"":0.006695643471297474}"
E_minus_S,E_K_C,S_K_C,audit,RAC1P,360,pooled,validation,3,3,True,0.0040079876740348,0.009399070923800363,"{""0"":0.014712808087556262,""1"":-0.0028928569570139118,""2"":0.00020401189156205035}"
E_minus_S,E_K_C,S_K_C,audit,RAC1P,360,pooled,development_evaluation,3,3,True,-0.012811367347692393,0.002430675602851456,"{""0"":-0.011256448534409103,""1"":-0.01561240143775211,""2"":-0.011565252070915966}"
E_minus_S,E_K_C,S_K_C,audit,RAC1P,360,pooled,validation_person_weighted,3,3,True,0.0019798135970554576,0.0061903848649274415,"{""0"":0.008332713149593163,""1"":-0.004034128951441618,""2"":0.0016408565930148278}"
E_minus_S,E_K_C,S_K_C,audit,RAC1P,360,pooled,development_evaluation_person_weighted,3,3,True,-0.014250977954779328,0.0018391332880885647,"{""0"":-0.01296949495886679,""1"":-0.01635826718456901,""2"":-0.013425171720902185}"
E_minus_S,E_K_D,S_K_D,transfer,same_residence,,primary,validation,3,3,True,-0.0034331718966824263,0.004208425568018628,"{""0"":-0.00786511751844321,""1"":-0.0029432463811764897,""2"":0.0005088482095724212}"
E_minus_S,E_K_D,S_K_D,transfer,same_residence,,primary,development_evaluation,3,3,True,-0.005150026390702833,0.0032451472481692667,"{""0"":-0.00815990294400426,""1"":-0.005578081392031975,""2"":-0.0017120948360722643}"
E_minus_S,E_K_D,S_K_D,transfer,same_residence,,primary,validation_person_weighted,3,3,True,-0.0034265727603007834,0.0008975316656409552,"{""0"":-0.004222354625224356,""1"":-0.0036036700959126144,""2"":-0.0024536935597653797}"
E_minus_S,E_K_D,S_K_D,transfer,same_residence,,primary,development_evaluation_person_weighted,3,3,True,-0.0024328277712710733,0.006880259256196266,"{""0"":-0.00828691935957565,""1"":-0.004157144808513535,""2"":0.005145580854275966}"
E_minus_S,E_K_D,S_K_D,transfer,commute_over20,,primary,validation,3,3,True,0.0018699946861731043,0.007760090261066137,"{""0"":0.008679156224857154,""1"":-0.006578938391936906,""2"":0.0035097662255990647}"
E_minus_S,E_K_D,S_K_D,transfer,commute_over20,,primary,development_evaluation,3,3,True,0.0007509134821814442,0.00026117620638979133,"{""0"":0.0010274177880532642,""1"":0.0007169303918188596,""2"":0.0005083922666722085}"
E_minus_S,E_K_D,S_K_D,transfer,commute_over20,,primary,validation_person_weighted,3,3,True,0.003198697233093147,0.010467883639360324,"{""0"":0.012657101979051344,""1"":-0.008048213528070725,""2"":0.0049872032482988216}"
E_minus_S,E_K_D,S_K_D,transfer,commute_over20,,primary,development_evaluation_person_weighted,3,3,True,0.00045178381439718124,0.002996920144342549,"{""0"":0.0027579487052462603,""1"":-0.002935741061193653,""2"":0.0015331437991389363}"
E_minus_S,E_K_D,S_K_D,transfer,income_binary,,primary,validation,3,3,True,0.016625595894606382,0.015457785728063035,"{""0"":0.033492615085240984,""1"":0.0031353198095466217,""2"":0.01324885278903154}"
E_minus_S,E_K_D,S_K_D,transfer,income_binary,,primary,development_evaluation,3,3,True,0.01125227868534251,0.008383902140113694,"{""0"":0.02092567688182817,""1"":0.006085669608205502,""2"":0.006745489565993856}"
E_minus_S,E_K_D,S_K_D,transfer,income_binary,,primary,validation_person_weighted,3,3,True,0.014417966541850588,0.016013349733974967,"{""0"":0.030163844685937802,""1"":-0.001850081868746245,""2"":0.014940136808360205}"
E_minus_S,E_K_D,S_K_D,transfer,income_binary,,primary,development_evaluation_person_weighted,3,3,True,0.008160281621315732,0.006058347145736895,"{""0"":0.014725196439296373,""1"":0.0069706668277057515,""2"":0.0027849815969450686}"
E_minus_S,E_K_D,S_K_D,transfer,civilian_at_work,,primary,validation,3,3,True,0.033755063384054394,0.03558691028463622,"{""0"":0.07263347414548726,""1"":0.025838881309125483,""2"":0.002792834697550428}"
E_minus_S,E_K_D,S_K_D,transfer,civilian_at_work,,primary,development_evaluation,3,3,True,0.026654594613672034,0.032349398687659035,"{""0"":0.06196294587066847,""1"":0.01955853643515204,""2"":-0.0015576984648044134}"
E_minus_S,E_K_D,S_K_D,transfer,civilian_at_work,,primary,validation_person_weighted,3,3,True,0.03185286136465739,0.03596664491544847,"{""0"":0.07197005196046086,""1"":0.02109791107819814,""2"":0.002490621055313169}"
E_minus_S,E_K_D,S_K_D,transfer,civilian_at_work,,primary,development_evaluation_person_weighted,3,3,True,0.030090625816617384,0.023967658609422716,"{""0"":0.056806450700349564,""1"":0.022989484491241996,""2"":0.010475942258260595}"
E_minus_S,E_K_D,S_K_D,transfer,public_coverage,,primary,validation,3,3,True,0.004158119064420411,0.010508590346325125,"{""0"":0.01624391019309046,""1"":-0.0009463146400088274,""2"":-0.0028232383598204014}"
E_minus_S,E_K_D,S_K_D,transfer,public_coverage,,primary,development_evaluation,3,3,True,0.0016932311468543608,0.007244661023199136,"{""0"":0.009647633752155382,""1"":-0.004526897425157772,""2"":-4.1042886434528025e-05}"
E_minus_S,E_K_D,S_K_D,transfer,public_coverage,,primary,validation_person_weighted,3,3,True,0.00669005633618965,0.010947013702428387,"{""0"":0.01907114046233771,""1"":-0.0017069933514096691,""2"":0.002706021897640909}"
E_minus_S,E_K_D,S_K_D,transfer,public_coverage,,primary,development_evaluation_person_weighted,3,3,True,0.0001491083958767847,0.00643726835416965,"{""0"":0.007009128042378632,""1"":-0.005759514285567313,""2"":-0.0008022885691809645}"
E_minus_S,E_K_D,S_K_D,audit,SEX,120,primary,validation,3,3,True,0.014500959890881626,0.01313982511009018,"{""0"":0.019912754582898762,""1"":0.024070622107774775,""2"":-0.0004804970180286583}"
E_minus_S,E_K_D,S_K_D,audit,SEX,120,primary,development_evaluation,3,3,True,0.009642331403519258,0.004628190589859828,"{""0"":0.010070162731422028,""1"":0.01404175166947974,""2"":0.004815079809656009}"
E_minus_S,E_K_D,S_K_D,audit,SEX,120,primary,validation_person_weighted,3,3,True,0.015619281439025986,0.010836561222448029,"{""0"":0.02385889997798807,""1"":0.019654996302128858,""2"":0.003343948036961031}"
E_minus_S,E_K_D,S_K_D,audit,SEX,120,primary,development_evaluation_person_weighted,3,3,True,0.01050937036836593,0.003985145489615816,"{""0"":0.01353968903153413,""1"":0.011993254413118049,""2"":0.0059951676604456106}"
E_minus_S,E_K_D,S_K_D,audit,RAC1P,120,primary,validation,3,3,True,0.01267411292787394,0.017796886033332696,"{""0"":0.020879510069084173,""1"":0.024888054507731683,""2"":-0.007745225793194033}"
E_minus_S,E_K_D,S_K_D,audit,RAC1P,120,primary,development_evaluation,3,3,True,0.003991786123615467,0.010364036368666736,"{""0"":0.012089653668031497,""1"":0.007573819247932878,""2"":-0.007688114545117974}"
E_minus_S,E_K_D,S_K_D,audit,RAC1P,120,primary,validation_person_weighted,3,3,True,0.011901088087481693,0.018061959990376332,"{""0"":0.017412650955217712,""1"":0.026565163276450754,""2"":-0.008274549969223388}"
E_minus_S,E_K_D,S_K_D,audit,RAC1P,120,primary,development_evaluation_person_weighted,3,3,True,0.0019320241736211496,0.006075630446674711,"{""0"":0.007968010462650055,""1"":0.002010551247602299,""2"":-0.004182489189388905}"
E_minus_S,E_K_D,S_K_D,audit,SEX,120,pooled,validation,3,3,True,0.007727597532956931,0.010016514623316528,"{""0"":0.018888623842050034,""1"":0.004774665774849418,""2"":-0.0004804970180286583}"
E_minus_S,E_K_D,S_K_D,audit,SEX,120,pooled,development_evaluation,3,3,True,0.002384545361637643,0.002461189591072996,"{""0"":0.002444750962095177,""1"":-0.00010619468683825684,""2"":0.004815079809656009}"
E_minus_S,E_K_D,S_K_D,audit,SEX,120,pooled,validation_person_weighted,3,3,True,0.008227788916017978,0.01148357637054532,"{""0"":0.02134601957767779,""1"":-6.600866584882681e-06,""2"":0.003343948036961031}"
E_minus_S,E_K_D,S_K_D,audit,SEX,120,pooled,development_evaluation_person_weighted,3,3,True,0.002130931079513232,0.004172180927745596,"{""0"":0.0026903686139849725,""1"":-0.0022927430358908873,""2"":0.0059951676604456106}"
E_minus_S,E_K_D,S_K_D,audit,RAC1P,120,pooled,validation,3,3,True,0.0041492030417190255,0.007440713606207618,"{""0"":0.011620747928440478,""1"":-0.0032602911825994063,""2"":0.004087152379316006}"
E_minus_S,E_K_D,S_K_D,audit,RAC1P,120,pooled,development_evaluation,3,3,True,-0.010525825104411727,0.004267467300402265,"{""0"":-0.005998603084963472,""1"":-0.014474509628843668,""2"":-0.011104362599428041}"
E_minus_S,E_K_D,S_K_D,audit,RAC1P,120,pooled,validation_person_weighted,3,3,True,0.00481000316012999,0.008889894458593844,"{""0"":0.013964619450676174,""1"":-0.003789117252590124,""2"":0.004254507282303921}"
E_minus_S,E_K_D,S_K_D,audit,RAC1P,120,pooled,development_evaluation_person_weighted,3,3,True,-0.011795756567299106,0.007266299884762436,"{""0"":-0.0036402584967081264,""1"":-0.017580843422341674,""2"":-0.014166167782847516}"
E_minus_S,E_K_D,S_K_D,audit,SEX,360,primary,validation,3,3,True,0.014500959890881626,0.01313982511009018,"{""0"":0.019912754582898762,""1"":0.024070622107774775,""2"":-0.0004804970180286583}"
E_minus_S,E_K_D,S_K_D,audit,SEX,360,primary,development_evaluation,3,3,True,0.009642331403519258,0.004628190589859828,"{""0"":0.010070162731422028,""1"":0.01404175166947974,""2"":0.004815079809656009}"
E_minus_S,E_K_D,S_K_D,audit,SEX,360,primary,validation_person_weighted,3,3,True,0.015619281439025986,0.010836561222448029,"{""0"":0.02385889997798807,""1"":0.019654996302128858,""2"":0.003343948036961031}"
E_minus_S,E_K_D,S_K_D,audit,SEX,360,primary,development_evaluation_person_weighted,3,3,True,0.01050937036836593,0.003985145489615816,"{""0"":0.01353968903153413,""1"":0.011993254413118049,""2"":0.0059951676604456106}"
E_minus_S,E_K_D,S_K_D,audit,RAC1P,360,primary,validation,3,3,True,0.01267411292787394,0.017796886033332696,"{""0"":0.020879510069084173,""1"":0.024888054507731683,""2"":-0.007745225793194033}"
E_minus_S,E_K_D,S_K_D,audit,RAC1P,360,primary,development_evaluation,3,3,True,0.003991786123615467,0.010364036368666736,"{""0"":0.012089653668031497,""1"":0.007573819247932878,""2"":-0.007688114545117974}"
E_minus_S,E_K_D,S_K_D,audit,RAC1P,360,primary,validation_person_weighted,3,3,True,0.011901088087481693,0.018061959990376332,"{""0"":0.017412650955217712,""1"":0.026565163276450754,""2"":-0.008274549969223388}"
E_minus_S,E_K_D,S_K_D,audit,RAC1P,360,primary,development_evaluation_person_weighted,3,3,True,0.0019320241736211496,0.006075630446674711,"{""0"":0.007968010462650055,""1"":0.002010551247602299,""2"":-0.004182489189388905}"
E_minus_S,E_K_D,S_K_D,audit,SEX,360,pooled,validation,3,3,True,0.007727597532956931,0.010016514623316528,"{""0"":0.018888623842050034,""1"":0.004774665774849418,""2"":-0.0004804970180286583}"
E_minus_S,E_K_D,S_K_D,audit,SEX,360,pooled,development_evaluation,3,3,True,0.002384545361637643,0.002461189591072996,"{""0"":0.002444750962095177,""1"":-0.00010619468683825684,""2"":0.004815079809656009}"
E_minus_S,E_K_D,S_K_D,audit,SEX,360,pooled,validation_person_weighted,3,3,True,0.008227788916017978,0.01148357637054532,"{""0"":0.02134601957767779,""1"":-6.600866584882681e-06,""2"":0.003343948036961031}"
E_minus_S,E_K_D,S_K_D,audit,SEX,360,pooled,development_evaluation_person_weighted,3,3,True,0.002130931079513232,0.004172180927745596,"{""0"":0.0026903686139849725,""1"":-0.0022927430358908873,""2"":0.0059951676604456106}"
E_minus_S,E_K_D,S_K_D,audit,RAC1P,360,pooled,validation,3,3,True,0.0041492030417190255,0.007440713606207618,"{""0"":0.011620747928440478,""1"":-0.0032602911825994063,""2"":0.004087152379316006}"
E_minus_S,E_K_D,S_K_D,audit,RAC1P,360,pooled,development_evaluation,3,3,True,-0.010525825104411727,0.004267467300402265,"{""0"":-0.005998603084963472,""1"":-0.014474509628843668,""2"":-0.011104362599428041}"
E_minus_S,E_K_D,S_K_D,audit,RAC1P,360,pooled,validation_person_weighted,3,3,True,0.00481000316012999,0.008889894458593844,"{""0"":0.013964619450676174,""1"":-0.003789117252590124,""2"":0.004254507282303921}"
E_minus_S,E_K_D,S_K_D,audit,RAC1P,360,pooled,development_evaluation_person_weighted,3,3,True,-0.011795756567299106,0.007266299884762436,"{""0"":-0.0036402584967081264,""1"":-0.017580843422341674,""2"":-0.014166167782847516}"
E_minus_S_bank,E_bank,S_bank,transfer,same_residence,,primary,validation,3,3,True,-0.004153865422154753,0.0024703114139279915,"{""0"":-0.002230373148244258,""1"":-0.0032914483027269847,""2"":-0.006939774815493016}"
E_minus_S_bank,E_bank,S_bank,transfer,same_residence,,primary,development_evaluation,3,3,True,-0.004743852560623078,0.0015963930831428188,"{""0"":-0.004013551041972874,""1"":-0.00364323879424866,""2"":-0.0065747678456477}"
E_minus_S_bank,E_bank,S_bank,transfer,same_residence,,primary,validation_person_weighted,3,3,True,-0.002700676458868253,0.002806133108787082,"{""0"":0.00029520561631618536,""1"":-0.0052676829612111065,""2"":-0.003129552031709837}"
E_minus_S_bank,E_bank,S_bank,transfer,same_residence,,primary,development_evaluation_person_weighted,3,3,True,-0.0025816305154719075,0.002126023343367259,"{""0"":-0.0050330109525010824,""1"":-0.0012418100150182743,""2"":-0.0014700705788963653}"
E_minus_S_bank,E_bank,S_bank,transfer,commute_over20,,primary,validation,3,3,True,0.0006514717867904437,0.005797801945996559,"{""0"":0.00552102811884958,""1"":-0.005762008837538635,""2"":0.0021953960790603855}"
E_minus_S_bank,E_bank,S_bank,transfer,commute_over20,,primary,development_evaluation,3,3,True,0.0020483443635062417,0.002049325715615151,"{""0"":0.0008258065669664028,""1"":0.0009049660349225164,""2"":0.0044142604886298065}"
E_minus_S_bank,E_bank,S_bank,transfer,commute_over20,,primary,validation_person_weighted,3,3,True,0.0016487190703320758,0.007753963477520093,"{""0"":0.007117219815459097,""1"":-0.007225203468652408,""2"":0.005054140864189538}"
E_minus_S_bank,E_bank,S_bank,transfer,commute_over20,,primary,development_evaluation_person_weighted,3,3,True,0.0038874107593545038,0.003825436827889268,"{""0"":0.0005637039703205726,""1"":0.0030296021111425597,""2"":0.008068926196600379}"
E_minus_S_bank,E_bank,S_bank,transfer,income_binary,,primary,validation,3,3,True,0.014754338062210418,0.012607485660299277,"{""0"":0.029253239446112023,""1"":0.006371269855586337,""2"":0.008638504884932896}"
E_minus_S_bank,E_bank,S_bank,transfer,income_binary,,primary,development_evaluation,3,3,True,0.012400726721122987,0.008888447386901541,"{""0"":0.01857127574243167,""1"":0.01641810949710698,""2"":0.002212794923830308}"
E_minus_S_bank,E_bank,S_bank,transfer,income_binary,,primary,validation_person_weighted,3,3,True,0.012576886631454601,0.016310790824364985,"{""0"":0.03140338985084412,""1"":0.00270105560811712,""2"":0.003626214435402564}"
E_minus_S_bank,E_bank,S_bank,transfer,income_binary,,primary,development_evaluation_person_weighted,3,3,True,0.008146183234846912,0.007199165214087509,"{""0"":0.00940219518730645,""1"":0.014634693629791085,""2"":0.0004016608874432004}"
E_minus_S_bank,E_bank,S_bank,transfer,civilian_at_work,,primary,validation,3,3,True,0.027745532347296025,0.028557943327936156,"{""0"":0.06064405656775562,""1"":0.013251124504905176,""2"":0.009341415969227274}"
E_minus_S_bank,E_bank,S_bank,transfer,civilian_at_work,,primary,development_evaluation,3,3,True,0.024411479147004738,0.0283165052167598,"{""0"":0.05710291175947502,""1"":0.00753931911251271,""2"":0.008592206569026484}"
E_minus_S_bank,E_bank,S_bank,transfer,civilian_at_work,,primary,validation_person_weighted,3,3,True,0.028546693095333104,0.028684940850892057,"{""0"":0.06104884087513185,""1"":0.017821343039852944,""2"":0.006769895371014523}"
E_minus_S_bank,E_bank,S_bank,transfer,civilian_at_work,,primary,development_evaluation_person_weighted,3,3,True,0.0247718434326676,0.021573041352296235,"{""0"":0.04939992328568549,""1"":0.0156965340063569,""2"":0.009219073005960421}"
E_minus_S_bank,E_bank,S_bank,transfer,public_coverage,,primary,validation,3,3,True,0.006647663111917483,0.0036203399668494657,"{""0"":0.004429730731727921,""1"":0.004687843965230365,""2"":0.010825414638794162}"
E_minus_S_bank,E_bank,S_bank,transfer,public_coverage,,primary,development_evaluation,3,3,True,-0.0014595481368428476,0.005052959031297063,"{""0"":0.002884438116615873,""1"":-0.00025815534667983364,""2"":-0.007004927180464582}"
E_minus_S_bank,E_bank,S_bank,transfer,public_coverage,,primary,validation_person_weighted,3,3,True,0.008686292467445475,0.0023968419714512626,"{""0"":0.007790843099948042,""1"":0.00686609315361475,""2"":0.011401941148773631}"
E_minus_S_bank,E_bank,S_bank,transfer,public_coverage,,primary,development_evaluation_person_weighted,3,3,True,-0.0012435350846003816,0.0036599844425877362,"{""0"":0.002060176181418849,""1"":-0.0006129347984151767,""2"":-0.005177846636804817}"
E_minus_S_bank,E_bank,S_bank,audit,SEX,120,primary,validation,3,3,True,0.006850670034767359,0.0016038634788629693,"{""0"":0.007272797609859549,""1"":0.008201250986459518,""2"":0.005077961507983009}"
E_minus_S_bank,E_bank,S_bank,audit,SEX,120,primary,development_evaluation,3,3,True,0.004299442632451818,0.006162262205975022,"{""0"":-0.001965687472769151,""1"":0.010353408730567448,""2"":0.004510606639557158}"
E_minus_S_bank,E_bank,S_bank,audit,SEX,120,primary,validation_person_weighted,3,3,True,0.00874451768064958,0.0001545923073490372,"{""0"":0.008922746203545384,""1"":0.008646758957894907,""2"":0.008664047880508452}"
E_minus_S_bank,E_bank,S_bank,audit,SEX,120,primary,development_evaluation_person_weighted,3,3,True,0.0044008001257962075,0.00585946268758965,"{""0"":-0.0017694270126090705,""1"":0.009889978124796972,""2"":0.005081849265200722}"
E_minus_S_bank,E_bank,S_bank,audit,RAC1P,120,primary,validation,3,3,True,-0.0029906233454880895,0.0034796447775933695,"{""0"":-0.005666503174212023,""1"":0.0009430203529956493,""2"":-0.004248387215247895}"
E_minus_S_bank,E_bank,S_bank,audit,RAC1P,120,primary,development_evaluation,3,3,True,-0.006200846773117534,0.0022402933379994166,"{""0"":-0.007080263560054645,""1"":-0.003654272501994571,""2"":-0.007868004257303385}"
E_minus_S_bank,E_bank,S_bank,audit,RAC1P,120,primary,validation_person_weighted,3,3,True,2.4364369544782605e-05,0.004137299776162546,"{""0"":-0.002052678898675442,""1"":0.004788697040770229,""2"":-0.0026629250334604393}"
E_minus_S_bank,E_bank,S_bank,audit,RAC1P,120,primary,development_evaluation_person_weighted,3,3,True,-0.004263304801380634,0.002199221844874717,"{""0"":-0.004944552607973662,""1"":-0.00604128959071315,""2"":-0.0018040722054550873}"
E_minus_S_bank,E_bank,S_bank,audit,SEX,120,pooled,validation,3,3,True,0.006850670034767359,0.0016038634788629693,"{""0"":0.007272797609859549,""1"":0.008201250986459518,""2"":0.005077961507983009}"
E_minus_S_bank,E_bank,S_bank,audit,SEX,120,pooled,development_evaluation,3,3,True,0.004299442632451818,0.006162262205975022,"{""0"":-0.001965687472769151,""1"":0.010353408730567448,""2"":0.004510606639557158}"
E_minus_S_bank,E_bank,S_bank,audit,SEX,120,pooled,validation_person_weighted,3,3,True,0.00874451768064958,0.0001545923073490372,"{""0"":0.008922746203545384,""1"":0.008646758957894907,""2"":0.008664047880508452}"
E_minus_S_bank,E_bank,S_bank,audit,SEX,120,pooled,development_evaluation_person_weighted,3,3,True,0.0044008001257962075,0.00585946268758965,"{""0"":-0.0017694270126090705,""1"":0.009889978124796972,""2"":0.005081849265200722}"
E_minus_S_bank,E_bank,S_bank,audit,RAC1P,120,pooled,validation,3,3,True,-0.0029906233454880895,0.0034796447775933695,"{""0"":-0.005666503174212023,""1"":0.0009430203529956493,""2"":-0.004248387215247895}"
E_minus_S_bank,E_bank,S_bank,audit,RAC1P,120,pooled,development_evaluation,3,3,True,-0.006200846773117534,0.0022402933379994166,"{""0"":-0.007080263560054645,""1"":-0.003654272501994571,""2"":-0.007868004257303385}"
E_minus_S_bank,E_bank,S_bank,audit,RAC1P,120,pooled,validation_person_weighted,3,3,True,2.4364369544782605e-05,0.004137299776162546,"{""0"":-0.002052678898675442,""1"":0.004788697040770229,""2"":-0.0026629250334604393}"
E_minus_S_bank,E_bank,S_bank,audit,RAC1P,120,pooled,development_evaluation_person_weighted,3,3,True,-0.004263304801380634,0.002199221844874717,"{""0"":-0.004944552607973662,""1"":-0.00604128959071315,""2"":-0.0018040722054550873}"
E_minus_S_bank,E_bank,S_bank,audit,SEX,360,primary,validation,3,3,True,0.007151880530553489,0.0017961094386704708,"{""0"":0.008176429097217941,""1"":0.008201250986459518,""2"":0.005077961507983009}"
E_minus_S_bank,E_bank,S_bank,audit,SEX,360,primary,development_evaluation,3,3,True,0.003560615344185799,0.007314206726615698,"{""0"":-0.00418216933756721,""1"":0.010353408730567448,""2"":0.004510606639557158}"
E_minus_S_bank,E_bank,S_bank,audit,SEX,360,primary,validation_person_weighted,3,3,True,0.008845805340358948,0.0003298990776774317,"{""0"":0.009226609182673484,""1"":0.008646758957894907,""2"":0.008664047880508452}"
E_minus_S_bank,E_bank,S_bank,audit,SEX,360,primary,development_evaluation_person_weighted,3,3,True,0.003957310030693217,0.006567545754836728,"{""0"":-0.0030998972979180417,""1"":0.009889978124796972,""2"":0.005081849265200722}"
E_minus_S_bank,E_bank,S_bank,audit,RAC1P,360,primary,validation,3,3,True,-0.0025634074616688687,0.0030374220836637375,"{""0"":-0.004384855522754361,""1"":0.0009430203529956493,""2"":-0.004248387215247895}"
E_minus_S_bank,E_bank,S_bank,audit,RAC1P,360,primary,development_evaluation,3,3,True,-0.005289352523737412,0.002259785279166829,"{""0"":-0.004345780811914279,""1"":-0.003654272501994571,""2"":-0.007868004257303385}"
E_minus_S_bank,E_bank,S_bank,audit,RAC1P,360,primary,validation_person_weighted,3,3,True,-0.0001047134178386866,0.004239284504666664,"{""0"":-0.0024399122608258494,""1"":0.004788697040770229,""2"":-0.0026629250334604393}"
E_minus_S_bank,E_bank,S_bank,audit,RAC1P,360,primary,development_evaluation_person_weighted,3,3,True,-0.004249766316659557,0.002193047515585858,"{""0"":-0.004903937153810434,""1"":-0.00604128959071315,""2"":-0.0018040722054550873}"
E_minus_S_bank,E_bank,S_bank,audit,SEX,360,pooled,validation,3,3,True,0.007151880530553489,0.0017961094386704708,"{""0"":0.008176429097217941,""1"":0.008201250986459518,""2"":0.005077961507983009}"
E_minus_S_bank,E_bank,S_bank,audit,SEX,360,pooled,development_evaluation,3,3,True,0.003560615344185799,0.007314206726615698,"{""0"":-0.00418216933756721,""1"":0.010353408730567448,""2"":0.004510606639557158}"
E_minus_S_bank,E_bank,S_bank,audit,SEX,360,pooled,validation_person_weighted,3,3,True,0.008845805340358948,0.0003298990776774317,"{""0"":0.009226609182673484,""1"":0.008646758957894907,""2"":0.008664047880508452}"
E_minus_S_bank,E_bank,S_bank,audit,SEX,360,pooled,development_evaluation_person_weighted,3,3,True,0.003957310030693217,0.006567545754836728,"{""0"":-0.0030998972979180417,""1"":0.009889978124796972,""2"":0.005081849265200722}"
E_minus_S_bank,E_bank,S_bank,audit,RAC1P,360,pooled,validation,3,3,True,-0.0025634074616688687,0.0030374220836637375,"{""0"":-0.004384855522754361,""1"":0.0009430203529956493,""2"":-0.004248387215247895}"
E_minus_S_bank,E_bank,S_bank,audit,RAC1P,360,pooled,development_evaluation,3,3,True,-0.005289352523737412,0.002259785279166829,"{""0"":-0.004345780811914279,""1"":-0.003654272501994571,""2"":-0.007868004257303385}"
E_minus_S_bank,E_bank,S_bank,audit,RAC1P,360,pooled,validation_person_weighted,3,3,True,-0.0001047134178386866,0.004239284504666664,"{""0"":-0.0024399122608258494,""1"":0.004788697040770229,""2"":-0.0026629250334604393}"
E_minus_S_bank,E_bank,S_bank,audit,RAC1P,360,pooled,development_evaluation_person_weighted,3,3,True,-0.004249766316659557,0.002193047515585858,"{""0"":-0.004903937153810434,""1"":-0.00604128959071315,""2"":-0.0018040722054550873}"
