case,U,V,S,history,probability,numerator,denominator
independent/fresh/k1,-1,-1,1,--,9/64,9,64
independent/fresh/k1,-1,-1,1,-+,3/64,3,64
independent/fresh/k1,-1,-1,1,+-,3/64,3,64
independent/fresh/k1,-1,-1,1,++,1/64,1,64
independent/fresh/k1,-1,1,-1,--,3/64,3,64
independent/fresh/k1,-1,1,-1,-+,9/64,9,64
independent/fresh/k1,-1,1,-1,+-,1/64,1,64
independent/fresh/k1,-1,1,-1,++,3/64,3,64
independent/fresh/k1,1,-1,-1,--,3/64,3,64
independent/fresh/k1,1,-1,-1,-+,1/64,1,64
independent/fresh/k1,1,-1,-1,+-,9/64,9,64
independent/fresh/k1,1,-1,-1,++,3/64,3,64
independent/fresh/k1,1,1,1,--,1/64,1,64
independent/fresh/k1,1,1,1,-+,3/64,3,64
independent/fresh/k1,1,1,1,+-,3/64,3,64
independent/fresh/k1,1,1,1,++,9/64,9,64
independent/fresh/k2,-1,-1,1,--/--,81/1024,81,1024
independent/fresh/k2,-1,-1,1,--/-+,27/1024,27,1024
independent/fresh/k2,-1,-1,1,--/+-,27/1024,27,1024
independent/fresh/k2,-1,-1,1,--/++,9/1024,9,1024
independent/fresh/k2,-1,-1,1,-+/--,27/1024,27,1024
independent/fresh/k2,-1,-1,1,-+/-+,9/1024,9,1024
independent/fresh/k2,-1,-1,1,-+/+-,9/1024,9,1024
independent/fresh/k2,-1,-1,1,-+/++,3/1024,3,1024
independent/fresh/k2,-1,-1,1,+-/--,27/1024,27,1024
independent/fresh/k2,-1,-1,1,+-/-+,9/1024,9,1024
independent/fresh/k2,-1,-1,1,+-/+-,9/1024,9,1024
independent/fresh/k2,-1,-1,1,+-/++,3/1024,3,1024
independent/fresh/k2,-1,-1,1,++/--,9/1024,9,1024
independent/fresh/k2,-1,-1,1,++/-+,3/1024,3,1024
independent/fresh/k2,-1,-1,1,++/+-,3/1024,3,1024
independent/fresh/k2,-1,-1,1,++/++,1/1024,1,1024
independent/fresh/k2,-1,1,-1,--/--,9/1024,9,1024
independent/fresh/k2,-1,1,-1,--/-+,27/1024,27,1024
independent/fresh/k2,-1,1,-1,--/+-,3/1024,3,1024
independent/fresh/k2,-1,1,-1,--/++,9/1024,9,1024
independent/fresh/k2,-1,1,-1,-+/--,27/1024,27,1024
independent/fresh/k2,-1,1,-1,-+/-+,81/1024,81,1024
independent/fresh/k2,-1,1,-1,-+/+-,9/1024,9,1024
independent/fresh/k2,-1,1,-1,-+/++,27/1024,27,1024
independent/fresh/k2,-1,1,-1,+-/--,3/1024,3,1024
independent/fresh/k2,-1,1,-1,+-/-+,9/1024,9,1024
independent/fresh/k2,-1,1,-1,+-/+-,1/1024,1,1024
independent/fresh/k2,-1,1,-1,+-/++,3/1024,3,1024
independent/fresh/k2,-1,1,-1,++/--,9/1024,9,1024
independent/fresh/k2,-1,1,-1,++/-+,27/1024,27,1024
independent/fresh/k2,-1,1,-1,++/+-,3/1024,3,1024
independent/fresh/k2,-1,1,-1,++/++,9/1024,9,1024
independent/fresh/k2,1,-1,-1,--/--,9/1024,9,1024
independent/fresh/k2,1,-1,-1,--/-+,3/1024,3,1024
independent/fresh/k2,1,-1,-1,--/+-,27/1024,27,1024
independent/fresh/k2,1,-1,-1,--/++,9/1024,9,1024
independent/fresh/k2,1,-1,-1,-+/--,3/1024,3,1024
independent/fresh/k2,1,-1,-1,-+/-+,1/1024,1,1024
independent/fresh/k2,1,-1,-1,-+/+-,9/1024,9,1024
independent/fresh/k2,1,-1,-1,-+/++,3/1024,3,1024
independent/fresh/k2,1,-1,-1,+-/--,27/1024,27,1024
independent/fresh/k2,1,-1,-1,+-/-+,9/1024,9,1024
independent/fresh/k2,1,-1,-1,+-/+-,81/1024,81,1024
independent/fresh/k2,1,-1,-1,+-/++,27/1024,27,1024
independent/fresh/k2,1,-1,-1,++/--,9/1024,9,1024
independent/fresh/k2,1,-1,-1,++/-+,3/1024,3,1024
independent/fresh/k2,1,-1,-1,++/+-,27/1024,27,1024
independent/fresh/k2,1,-1,-1,++/++,9/1024,9,1024
independent/fresh/k2,1,1,1,--/--,1/1024,1,1024
independent/fresh/k2,1,1,1,--/-+,3/1024,3,1024
independent/fresh/k2,1,1,1,--/+-,3/1024,3,1024
independent/fresh/k2,1,1,1,--/++,9/1024,9,1024
independent/fresh/k2,1,1,1,-+/--,3/1024,3,1024
independent/fresh/k2,1,1,1,-+/-+,9/1024,9,1024
independent/fresh/k2,1,1,1,-+/+-,9/1024,9,1024
independent/fresh/k2,1,1,1,-+/++,27/1024,27,1024
independent/fresh/k2,1,1,1,+-/--,3/1024,3,1024
independent/fresh/k2,1,1,1,+-/-+,9/1024,9,1024
independent/fresh/k2,1,1,1,+-/+-,9/1024,9,1024
independent/fresh/k2,1,1,1,+-/++,27/1024,27,1024
independent/fresh/k2,1,1,1,++/--,9/1024,9,1024
independent/fresh/k2,1,1,1,++/-+,27/1024,27,1024
independent/fresh/k2,1,1,1,++/+-,27/1024,27,1024
independent/fresh/k2,1,1,1,++/++,81/1024,81,1024
independent/fresh/k4,-1,-1,1,--/--/--/--,6561/262144,6561,262144
independent/fresh/k4,-1,-1,1,--/--/--/-+,2187/262144,2187,262144
independent/fresh/k4,-1,-1,1,--/--/--/+-,2187/262144,2187,262144
independent/fresh/k4,-1,-1,1,--/--/--/++,729/262144,729,262144
independent/fresh/k4,-1,-1,1,--/--/-+/--,2187/262144,2187,262144
independent/fresh/k4,-1,-1,1,--/--/-+/-+,729/262144,729,262144
independent/fresh/k4,-1,-1,1,--/--/-+/+-,729/262144,729,262144
independent/fresh/k4,-1,-1,1,--/--/-+/++,243/262144,243,262144
independent/fresh/k4,-1,-1,1,--/--/+-/--,2187/262144,2187,262144
independent/fresh/k4,-1,-1,1,--/--/+-/-+,729/262144,729,262144
independent/fresh/k4,-1,-1,1,--/--/+-/+-,729/262144,729,262144
independent/fresh/k4,-1,-1,1,--/--/+-/++,243/262144,243,262144
independent/fresh/k4,-1,-1,1,--/--/++/--,729/262144,729,262144
independent/fresh/k4,-1,-1,1,--/--/++/-+,243/262144,243,262144
independent/fresh/k4,-1,-1,1,--/--/++/+-,243/262144,243,262144
independent/fresh/k4,-1,-1,1,--/--/++/++,81/262144,81,262144
independent/fresh/k4,-1,-1,1,--/-+/--/--,2187/262144,2187,262144
independent/fresh/k4,-1,-1,1,--/-+/--/-+,729/262144,729,262144
independent/fresh/k4,-1,-1,1,--/-+/--/+-,729/262144,729,262144
independent/fresh/k4,-1,-1,1,--/-+/--/++,243/262144,243,262144
independent/fresh/k4,-1,-1,1,--/-+/-+/--,729/262144,729,262144
independent/fresh/k4,-1,-1,1,--/-+/-+/-+,243/262144,243,262144
independent/fresh/k4,-1,-1,1,--/-+/-+/+-,243/262144,243,262144
independent/fresh/k4,-1,-1,1,--/-+/-+/++,81/262144,81,262144
independent/fresh/k4,-1,-1,1,--/-+/+-/--,729/262144,729,262144
independent/fresh/k4,-1,-1,1,--/-+/+-/-+,243/262144,243,262144
independent/fresh/k4,-1,-1,1,--/-+/+-/+-,243/262144,243,262144
independent/fresh/k4,-1,-1,1,--/-+/+-/++,81/262144,81,262144
independent/fresh/k4,-1,-1,1,--/-+/++/--,243/262144,243,262144
independent/fresh/k4,-1,-1,1,--/-+/++/-+,81/262144,81,262144
independent/fresh/k4,-1,-1,1,--/-+/++/+-,81/262144,81,262144
independent/fresh/k4,-1,-1,1,--/-+/++/++,27/262144,27,262144
independent/fresh/k4,-1,-1,1,--/+-/--/--,2187/262144,2187,262144
independent/fresh/k4,-1,-1,1,--/+-/--/-+,729/262144,729,262144
independent/fresh/k4,-1,-1,1,--/+-/--/+-,729/262144,729,262144
independent/fresh/k4,-1,-1,1,--/+-/--/++,243/262144,243,262144
independent/fresh/k4,-1,-1,1,--/+-/-+/--,729/262144,729,262144
independent/fresh/k4,-1,-1,1,--/+-/-+/-+,243/262144,243,262144
independent/fresh/k4,-1,-1,1,--/+-/-+/+-,243/262144,243,262144
independent/fresh/k4,-1,-1,1,--/+-/-+/++,81/262144,81,262144
independent/fresh/k4,-1,-1,1,--/+-/+-/--,729/262144,729,262144
independent/fresh/k4,-1,-1,1,--/+-/+-/-+,243/262144,243,262144
independent/fresh/k4,-1,-1,1,--/+-/+-/+-,243/262144,243,262144
independent/fresh/k4,-1,-1,1,--/+-/+-/++,81/262144,81,262144
independent/fresh/k4,-1,-1,1,--/+-/++/--,243/262144,243,262144
independent/fresh/k4,-1,-1,1,--/+-/++/-+,81/262144,81,262144
independent/fresh/k4,-1,-1,1,--/+-/++/+-,81/262144,81,262144
independent/fresh/k4,-1,-1,1,--/+-/++/++,27/262144,27,262144
independent/fresh/k4,-1,-1,1,--/++/--/--,729/262144,729,262144
independent/fresh/k4,-1,-1,1,--/++/--/-+,243/262144,243,262144
independent/fresh/k4,-1,-1,1,--/++/--/+-,243/262144,243,262144
independent/fresh/k4,-1,-1,1,--/++/--/++,81/262144,81,262144
independent/fresh/k4,-1,-1,1,--/++/-+/--,243/262144,243,262144
independent/fresh/k4,-1,-1,1,--/++/-+/-+,81/262144,81,262144
independent/fresh/k4,-1,-1,1,--/++/-+/+-,81/262144,81,262144
independent/fresh/k4,-1,-1,1,--/++/-+/++,27/262144,27,262144
independent/fresh/k4,-1,-1,1,--/++/+-/--,243/262144,243,262144
independent/fresh/k4,-1,-1,1,--/++/+-/-+,81/262144,81,262144
independent/fresh/k4,-1,-1,1,--/++/+-/+-,81/262144,81,262144
independent/fresh/k4,-1,-1,1,--/++/+-/++,27/262144,27,262144
independent/fresh/k4,-1,-1,1,--/++/++/--,81/262144,81,262144
independent/fresh/k4,-1,-1,1,--/++/++/-+,27/262144,27,262144
independent/fresh/k4,-1,-1,1,--/++/++/+-,27/262144,27,262144
independent/fresh/k4,-1,-1,1,--/++/++/++,9/262144,9,262144
independent/fresh/k4,-1,-1,1,-+/--/--/--,2187/262144,2187,262144
independent/fresh/k4,-1,-1,1,-+/--/--/-+,729/262144,729,262144
independent/fresh/k4,-1,-1,1,-+/--/--/+-,729/262144,729,262144
independent/fresh/k4,-1,-1,1,-+/--/--/++,243/262144,243,262144
independent/fresh/k4,-1,-1,1,-+/--/-+/--,729/262144,729,262144
independent/fresh/k4,-1,-1,1,-+/--/-+/-+,243/262144,243,262144
independent/fresh/k4,-1,-1,1,-+/--/-+/+-,243/262144,243,262144
independent/fresh/k4,-1,-1,1,-+/--/-+/++,81/262144,81,262144
independent/fresh/k4,-1,-1,1,-+/--/+-/--,729/262144,729,262144
independent/fresh/k4,-1,-1,1,-+/--/+-/-+,243/262144,243,262144
independent/fresh/k4,-1,-1,1,-+/--/+-/+-,243/262144,243,262144
independent/fresh/k4,-1,-1,1,-+/--/+-/++,81/262144,81,262144
independent/fresh/k4,-1,-1,1,-+/--/++/--,243/262144,243,262144
independent/fresh/k4,-1,-1,1,-+/--/++/-+,81/262144,81,262144
independent/fresh/k4,-1,-1,1,-+/--/++/+-,81/262144,81,262144
independent/fresh/k4,-1,-1,1,-+/--/++/++,27/262144,27,262144
independent/fresh/k4,-1,-1,1,-+/-+/--/--,729/262144,729,262144
independent/fresh/k4,-1,-1,1,-+/-+/--/-+,243/262144,243,262144
independent/fresh/k4,-1,-1,1,-+/-+/--/+-,243/262144,243,262144
independent/fresh/k4,-1,-1,1,-+/-+/--/++,81/262144,81,262144
independent/fresh/k4,-1,-1,1,-+/-+/-+/--,243/262144,243,262144
independent/fresh/k4,-1,-1,1,-+/-+/-+/-+,81/262144,81,262144
independent/fresh/k4,-1,-1,1,-+/-+/-+/+-,81/262144,81,262144
independent/fresh/k4,-1,-1,1,-+/-+/-+/++,27/262144,27,262144
independent/fresh/k4,-1,-1,1,-+/-+/+-/--,243/262144,243,262144
independent/fresh/k4,-1,-1,1,-+/-+/+-/-+,81/262144,81,262144
independent/fresh/k4,-1,-1,1,-+/-+/+-/+-,81/262144,81,262144
independent/fresh/k4,-1,-1,1,-+/-+/+-/++,27/262144,27,262144
independent/fresh/k4,-1,-1,1,-+/-+/++/--,81/262144,81,262144
independent/fresh/k4,-1,-1,1,-+/-+/++/-+,27/262144,27,262144
independent/fresh/k4,-1,-1,1,-+/-+/++/+-,27/262144,27,262144
independent/fresh/k4,-1,-1,1,-+/-+/++/++,9/262144,9,262144
independent/fresh/k4,-1,-1,1,-+/+-/--/--,729/262144,729,262144
independent/fresh/k4,-1,-1,1,-+/+-/--/-+,243/262144,243,262144
independent/fresh/k4,-1,-1,1,-+/+-/--/+-,243/262144,243,262144
independent/fresh/k4,-1,-1,1,-+/+-/--/++,81/262144,81,262144
independent/fresh/k4,-1,-1,1,-+/+-/-+/--,243/262144,243,262144
independent/fresh/k4,-1,-1,1,-+/+-/-+/-+,81/262144,81,262144
independent/fresh/k4,-1,-1,1,-+/+-/-+/+-,81/262144,81,262144
independent/fresh/k4,-1,-1,1,-+/+-/-+/++,27/262144,27,262144
independent/fresh/k4,-1,-1,1,-+/+-/+-/--,243/262144,243,262144
independent/fresh/k4,-1,-1,1,-+/+-/+-/-+,81/262144,81,262144
independent/fresh/k4,-1,-1,1,-+/+-/+-/+-,81/262144,81,262144
independent/fresh/k4,-1,-1,1,-+/+-/+-/++,27/262144,27,262144
independent/fresh/k4,-1,-1,1,-+/+-/++/--,81/262144,81,262144
independent/fresh/k4,-1,-1,1,-+/+-/++/-+,27/262144,27,262144
independent/fresh/k4,-1,-1,1,-+/+-/++/+-,27/262144,27,262144
independent/fresh/k4,-1,-1,1,-+/+-/++/++,9/262144,9,262144
independent/fresh/k4,-1,-1,1,-+/++/--/--,243/262144,243,262144
independent/fresh/k4,-1,-1,1,-+/++/--/-+,81/262144,81,262144
independent/fresh/k4,-1,-1,1,-+/++/--/+-,81/262144,81,262144
independent/fresh/k4,-1,-1,1,-+/++/--/++,27/262144,27,262144
independent/fresh/k4,-1,-1,1,-+/++/-+/--,81/262144,81,262144
independent/fresh/k4,-1,-1,1,-+/++/-+/-+,27/262144,27,262144
independent/fresh/k4,-1,-1,1,-+/++/-+/+-,27/262144,27,262144
independent/fresh/k4,-1,-1,1,-+/++/-+/++,9/262144,9,262144
independent/fresh/k4,-1,-1,1,-+/++/+-/--,81/262144,81,262144
independent/fresh/k4,-1,-1,1,-+/++/+-/-+,27/262144,27,262144
independent/fresh/k4,-1,-1,1,-+/++/+-/+-,27/262144,27,262144
independent/fresh/k4,-1,-1,1,-+/++/+-/++,9/262144,9,262144
independent/fresh/k4,-1,-1,1,-+/++/++/--,27/262144,27,262144
independent/fresh/k4,-1,-1,1,-+/++/++/-+,9/262144,9,262144
independent/fresh/k4,-1,-1,1,-+/++/++/+-,9/262144,9,262144
independent/fresh/k4,-1,-1,1,-+/++/++/++,3/262144,3,262144
independent/fresh/k4,-1,-1,1,+-/--/--/--,2187/262144,2187,262144
independent/fresh/k4,-1,-1,1,+-/--/--/-+,729/262144,729,262144
independent/fresh/k4,-1,-1,1,+-/--/--/+-,729/262144,729,262144
independent/fresh/k4,-1,-1,1,+-/--/--/++,243/262144,243,262144
independent/fresh/k4,-1,-1,1,+-/--/-+/--,729/262144,729,262144
independent/fresh/k4,-1,-1,1,+-/--/-+/-+,243/262144,243,262144
independent/fresh/k4,-1,-1,1,+-/--/-+/+-,243/262144,243,262144
independent/fresh/k4,-1,-1,1,+-/--/-+/++,81/262144,81,262144
independent/fresh/k4,-1,-1,1,+-/--/+-/--,729/262144,729,262144
independent/fresh/k4,-1,-1,1,+-/--/+-/-+,243/262144,243,262144
independent/fresh/k4,-1,-1,1,+-/--/+-/+-,243/262144,243,262144
independent/fresh/k4,-1,-1,1,+-/--/+-/++,81/262144,81,262144
independent/fresh/k4,-1,-1,1,+-/--/++/--,243/262144,243,262144
independent/fresh/k4,-1,-1,1,+-/--/++/-+,81/262144,81,262144
independent/fresh/k4,-1,-1,1,+-/--/++/+-,81/262144,81,262144
independent/fresh/k4,-1,-1,1,+-/--/++/++,27/262144,27,262144
independent/fresh/k4,-1,-1,1,+-/-+/--/--,729/262144,729,262144
independent/fresh/k4,-1,-1,1,+-/-+/--/-+,243/262144,243,262144
independent/fresh/k4,-1,-1,1,+-/-+/--/+-,243/262144,243,262144
independent/fresh/k4,-1,-1,1,+-/-+/--/++,81/262144,81,262144
independent/fresh/k4,-1,-1,1,+-/-+/-+/--,243/262144,243,262144
independent/fresh/k4,-1,-1,1,+-/-+/-+/-+,81/262144,81,262144
independent/fresh/k4,-1,-1,1,+-/-+/-+/+-,81/262144,81,262144
independent/fresh/k4,-1,-1,1,+-/-+/-+/++,27/262144,27,262144
independent/fresh/k4,-1,-1,1,+-/-+/+-/--,243/262144,243,262144
independent/fresh/k4,-1,-1,1,+-/-+/+-/-+,81/262144,81,262144
independent/fresh/k4,-1,-1,1,+-/-+/+-/+-,81/262144,81,262144
independent/fresh/k4,-1,-1,1,+-/-+/+-/++,27/262144,27,262144
independent/fresh/k4,-1,-1,1,+-/-+/++/--,81/262144,81,262144
independent/fresh/k4,-1,-1,1,+-/-+/++/-+,27/262144,27,262144
independent/fresh/k4,-1,-1,1,+-/-+/++/+-,27/262144,27,262144
independent/fresh/k4,-1,-1,1,+-/-+/++/++,9/262144,9,262144
independent/fresh/k4,-1,-1,1,+-/+-/--/--,729/262144,729,262144
independent/fresh/k4,-1,-1,1,+-/+-/--/-+,243/262144,243,262144
independent/fresh/k4,-1,-1,1,+-/+-/--/+-,243/262144,243,262144
independent/fresh/k4,-1,-1,1,+-/+-/--/++,81/262144,81,262144
independent/fresh/k4,-1,-1,1,+-/+-/-+/--,243/262144,243,262144
independent/fresh/k4,-1,-1,1,+-/+-/-+/-+,81/262144,81,262144
independent/fresh/k4,-1,-1,1,+-/+-/-+/+-,81/262144,81,262144
independent/fresh/k4,-1,-1,1,+-/+-/-+/++,27/262144,27,262144
independent/fresh/k4,-1,-1,1,+-/+-/+-/--,243/262144,243,262144
independent/fresh/k4,-1,-1,1,+-/+-/+-/-+,81/262144,81,262144
independent/fresh/k4,-1,-1,1,+-/+-/+-/+-,81/262144,81,262144
independent/fresh/k4,-1,-1,1,+-/+-/+-/++,27/262144,27,262144
independent/fresh/k4,-1,-1,1,+-/+-/++/--,81/262144,81,262144
independent/fresh/k4,-1,-1,1,+-/+-/++/-+,27/262144,27,262144
independent/fresh/k4,-1,-1,1,+-/+-/++/+-,27/262144,27,262144
independent/fresh/k4,-1,-1,1,+-/+-/++/++,9/262144,9,262144
independent/fresh/k4,-1,-1,1,+-/++/--/--,243/262144,243,262144
independent/fresh/k4,-1,-1,1,+-/++/--/-+,81/262144,81,262144
independent/fresh/k4,-1,-1,1,+-/++/--/+-,81/262144,81,262144
independent/fresh/k4,-1,-1,1,+-/++/--/++,27/262144,27,262144
independent/fresh/k4,-1,-1,1,+-/++/-+/--,81/262144,81,262144
independent/fresh/k4,-1,-1,1,+-/++/-+/-+,27/262144,27,262144
independent/fresh/k4,-1,-1,1,+-/++/-+/+-,27/262144,27,262144
independent/fresh/k4,-1,-1,1,+-/++/-+/++,9/262144,9,262144
independent/fresh/k4,-1,-1,1,+-/++/+-/--,81/262144,81,262144
independent/fresh/k4,-1,-1,1,+-/++/+-/-+,27/262144,27,262144
independent/fresh/k4,-1,-1,1,+-/++/+-/+-,27/262144,27,262144
independent/fresh/k4,-1,-1,1,+-/++/+-/++,9/262144,9,262144
independent/fresh/k4,-1,-1,1,+-/++/++/--,27/262144,27,262144
independent/fresh/k4,-1,-1,1,+-/++/++/-+,9/262144,9,262144
independent/fresh/k4,-1,-1,1,+-/++/++/+-,9/262144,9,262144
independent/fresh/k4,-1,-1,1,+-/++/++/++,3/262144,3,262144
independent/fresh/k4,-1,-1,1,++/--/--/--,729/262144,729,262144
independent/fresh/k4,-1,-1,1,++/--/--/-+,243/262144,243,262144
independent/fresh/k4,-1,-1,1,++/--/--/+-,243/262144,243,262144
independent/fresh/k4,-1,-1,1,++/--/--/++,81/262144,81,262144
independent/fresh/k4,-1,-1,1,++/--/-+/--,243/262144,243,262144
independent/fresh/k4,-1,-1,1,++/--/-+/-+,81/262144,81,262144
independent/fresh/k4,-1,-1,1,++/--/-+/+-,81/262144,81,262144
independent/fresh/k4,-1,-1,1,++/--/-+/++,27/262144,27,262144
independent/fresh/k4,-1,-1,1,++/--/+-/--,243/262144,243,262144
independent/fresh/k4,-1,-1,1,++/--/+-/-+,81/262144,81,262144
independent/fresh/k4,-1,-1,1,++/--/+-/+-,81/262144,81,262144
independent/fresh/k4,-1,-1,1,++/--/+-/++,27/262144,27,262144
independent/fresh/k4,-1,-1,1,++/--/++/--,81/262144,81,262144
independent/fresh/k4,-1,-1,1,++/--/++/-+,27/262144,27,262144
independent/fresh/k4,-1,-1,1,++/--/++/+-,27/262144,27,262144
independent/fresh/k4,-1,-1,1,++/--/++/++,9/262144,9,262144
independent/fresh/k4,-1,-1,1,++/-+/--/--,243/262144,243,262144
independent/fresh/k4,-1,-1,1,++/-+/--/-+,81/262144,81,262144
independent/fresh/k4,-1,-1,1,++/-+/--/+-,81/262144,81,262144
independent/fresh/k4,-1,-1,1,++/-+/--/++,27/262144,27,262144
independent/fresh/k4,-1,-1,1,++/-+/-+/--,81/262144,81,262144
independent/fresh/k4,-1,-1,1,++/-+/-+/-+,27/262144,27,262144
independent/fresh/k4,-1,-1,1,++/-+/-+/+-,27/262144,27,262144
independent/fresh/k4,-1,-1,1,++/-+/-+/++,9/262144,9,262144
independent/fresh/k4,-1,-1,1,++/-+/+-/--,81/262144,81,262144
independent/fresh/k4,-1,-1,1,++/-+/+-/-+,27/262144,27,262144
independent/fresh/k4,-1,-1,1,++/-+/+-/+-,27/262144,27,262144
independent/fresh/k4,-1,-1,1,++/-+/+-/++,9/262144,9,262144
independent/fresh/k4,-1,-1,1,++/-+/++/--,27/262144,27,262144
independent/fresh/k4,-1,-1,1,++/-+/++/-+,9/262144,9,262144
independent/fresh/k4,-1,-1,1,++/-+/++/+-,9/262144,9,262144
independent/fresh/k4,-1,-1,1,++/-+/++/++,3/262144,3,262144
independent/fresh/k4,-1,-1,1,++/+-/--/--,243/262144,243,262144
independent/fresh/k4,-1,-1,1,++/+-/--/-+,81/262144,81,262144
independent/fresh/k4,-1,-1,1,++/+-/--/+-,81/262144,81,262144
independent/fresh/k4,-1,-1,1,++/+-/--/++,27/262144,27,262144
independent/fresh/k4,-1,-1,1,++/+-/-+/--,81/262144,81,262144
independent/fresh/k4,-1,-1,1,++/+-/-+/-+,27/262144,27,262144
independent/fresh/k4,-1,-1,1,++/+-/-+/+-,27/262144,27,262144
independent/fresh/k4,-1,-1,1,++/+-/-+/++,9/262144,9,262144
independent/fresh/k4,-1,-1,1,++/+-/+-/--,81/262144,81,262144
independent/fresh/k4,-1,-1,1,++/+-/+-/-+,27/262144,27,262144
independent/fresh/k4,-1,-1,1,++/+-/+-/+-,27/262144,27,262144
independent/fresh/k4,-1,-1,1,++/+-/+-/++,9/262144,9,262144
independent/fresh/k4,-1,-1,1,++/+-/++/--,27/262144,27,262144
independent/fresh/k4,-1,-1,1,++/+-/++/-+,9/262144,9,262144
independent/fresh/k4,-1,-1,1,++/+-/++/+-,9/262144,9,262144
independent/fresh/k4,-1,-1,1,++/+-/++/++,3/262144,3,262144
independent/fresh/k4,-1,-1,1,++/++/--/--,81/262144,81,262144
independent/fresh/k4,-1,-1,1,++/++/--/-+,27/262144,27,262144
independent/fresh/k4,-1,-1,1,++/++/--/+-,27/262144,27,262144
independent/fresh/k4,-1,-1,1,++/++/--/++,9/262144,9,262144
independent/fresh/k4,-1,-1,1,++/++/-+/--,27/262144,27,262144
independent/fresh/k4,-1,-1,1,++/++/-+/-+,9/262144,9,262144
independent/fresh/k4,-1,-1,1,++/++/-+/+-,9/262144,9,262144
independent/fresh/k4,-1,-1,1,++/++/-+/++,3/262144,3,262144
independent/fresh/k4,-1,-1,1,++/++/+-/--,27/262144,27,262144
independent/fresh/k4,-1,-1,1,++/++/+-/-+,9/262144,9,262144
independent/fresh/k4,-1,-1,1,++/++/+-/+-,9/262144,9,262144
independent/fresh/k4,-1,-1,1,++/++/+-/++,3/262144,3,262144
independent/fresh/k4,-1,-1,1,++/++/++/--,9/262144,9,262144
independent/fresh/k4,-1,-1,1,++/++/++/-+,3/262144,3,262144
independent/fresh/k4,-1,-1,1,++/++/++/+-,3/262144,3,262144
independent/fresh/k4,-1,-1,1,++/++/++/++,1/262144,1,262144
independent/fresh/k4,-1,1,-1,--/--/--/--,81/262144,81,262144
independent/fresh/k4,-1,1,-1,--/--/--/-+,243/262144,243,262144
independent/fresh/k4,-1,1,-1,--/--/--/+-,27/262144,27,262144
independent/fresh/k4,-1,1,-1,--/--/--/++,81/262144,81,262144
independent/fresh/k4,-1,1,-1,--/--/-+/--,243/262144,243,262144
independent/fresh/k4,-1,1,-1,--/--/-+/-+,729/262144,729,262144
independent/fresh/k4,-1,1,-1,--/--/-+/+-,81/262144,81,262144
independent/fresh/k4,-1,1,-1,--/--/-+/++,243/262144,243,262144
independent/fresh/k4,-1,1,-1,--/--/+-/--,27/262144,27,262144
independent/fresh/k4,-1,1,-1,--/--/+-/-+,81/262144,81,262144
independent/fresh/k4,-1,1,-1,--/--/+-/+-,9/262144,9,262144
independent/fresh/k4,-1,1,-1,--/--/+-/++,27/262144,27,262144
independent/fresh/k4,-1,1,-1,--/--/++/--,81/262144,81,262144
independent/fresh/k4,-1,1,-1,--/--/++/-+,243/262144,243,262144
independent/fresh/k4,-1,1,-1,--/--/++/+-,27/262144,27,262144
independent/fresh/k4,-1,1,-1,--/--/++/++,81/262144,81,262144
independent/fresh/k4,-1,1,-1,--/-+/--/--,243/262144,243,262144
independent/fresh/k4,-1,1,-1,--/-+/--/-+,729/262144,729,262144
independent/fresh/k4,-1,1,-1,--/-+/--/+-,81/262144,81,262144
independent/fresh/k4,-1,1,-1,--/-+/--/++,243/262144,243,262144
independent/fresh/k4,-1,1,-1,--/-+/-+/--,729/262144,729,262144
independent/fresh/k4,-1,1,-1,--/-+/-+/-+,2187/262144,2187,262144
independent/fresh/k4,-1,1,-1,--/-+/-+/+-,243/262144,243,262144
independent/fresh/k4,-1,1,-1,--/-+/-+/++,729/262144,729,262144
independent/fresh/k4,-1,1,-1,--/-+/+-/--,81/262144,81,262144
independent/fresh/k4,-1,1,-1,--/-+/+-/-+,243/262144,243,262144
independent/fresh/k4,-1,1,-1,--/-+/+-/+-,27/262144,27,262144
independent/fresh/k4,-1,1,-1,--/-+/+-/++,81/262144,81,262144
independent/fresh/k4,-1,1,-1,--/-+/++/--,243/262144,243,262144
independent/fresh/k4,-1,1,-1,--/-+/++/-+,729/262144,729,262144
independent/fresh/k4,-1,1,-1,--/-+/++/+-,81/262144,81,262144
independent/fresh/k4,-1,1,-1,--/-+/++/++,243/262144,243,262144
independent/fresh/k4,-1,1,-1,--/+-/--/--,27/262144,27,262144
independent/fresh/k4,-1,1,-1,--/+-/--/-+,81/262144,81,262144
independent/fresh/k4,-1,1,-1,--/+-/--/+-,9/262144,9,262144
independent/fresh/k4,-1,1,-1,--/+-/--/++,27/262144,27,262144
independent/fresh/k4,-1,1,-1,--/+-/-+/--,81/262144,81,262144
independent/fresh/k4,-1,1,-1,--/+-/-+/-+,243/262144,243,262144
independent/fresh/k4,-1,1,-1,--/+-/-+/+-,27/262144,27,262144
independent/fresh/k4,-1,1,-1,--/+-/-+/++,81/262144,81,262144
independent/fresh/k4,-1,1,-1,--/+-/+-/--,9/262144,9,262144
independent/fresh/k4,-1,1,-1,--/+-/+-/-+,27/262144,27,262144
independent/fresh/k4,-1,1,-1,--/+-/+-/+-,3/262144,3,262144
independent/fresh/k4,-1,1,-1,--/+-/+-/++,9/262144,9,262144
independent/fresh/k4,-1,1,-1,--/+-/++/--,27/262144,27,262144
independent/fresh/k4,-1,1,-1,--/+-/++/-+,81/262144,81,262144
independent/fresh/k4,-1,1,-1,--/+-/++/+-,9/262144,9,262144
independent/fresh/k4,-1,1,-1,--/+-/++/++,27/262144,27,262144
independent/fresh/k4,-1,1,-1,--/++/--/--,81/262144,81,262144
independent/fresh/k4,-1,1,-1,--/++/--/-+,243/262144,243,262144
independent/fresh/k4,-1,1,-1,--/++/--/+-,27/262144,27,262144
independent/fresh/k4,-1,1,-1,--/++/--/++,81/262144,81,262144
independent/fresh/k4,-1,1,-1,--/++/-+/--,243/262144,243,262144
independent/fresh/k4,-1,1,-1,--/++/-+/-+,729/262144,729,262144
independent/fresh/k4,-1,1,-1,--/++/-+/+-,81/262144,81,262144
independent/fresh/k4,-1,1,-1,--/++/-+/++,243/262144,243,262144
independent/fresh/k4,-1,1,-1,--/++/+-/--,27/262144,27,262144
independent/fresh/k4,-1,1,-1,--/++/+-/-+,81/262144,81,262144
independent/fresh/k4,-1,1,-1,--/++/+-/+-,9/262144,9,262144
independent/fresh/k4,-1,1,-1,--/++/+-/++,27/262144,27,262144
independent/fresh/k4,-1,1,-1,--/++/++/--,81/262144,81,262144
independent/fresh/k4,-1,1,-1,--/++/++/-+,243/262144,243,262144
independent/fresh/k4,-1,1,-1,--/++/++/+-,27/262144,27,262144
independent/fresh/k4,-1,1,-1,--/++/++/++,81/262144,81,262144
independent/fresh/k4,-1,1,-1,-+/--/--/--,243/262144,243,262144
independent/fresh/k4,-1,1,-1,-+/--/--/-+,729/262144,729,262144
independent/fresh/k4,-1,1,-1,-+/--/--/+-,81/262144,81,262144
independent/fresh/k4,-1,1,-1,-+/--/--/++,243/262144,243,262144
independent/fresh/k4,-1,1,-1,-+/--/-+/--,729/262144,729,262144
independent/fresh/k4,-1,1,-1,-+/--/-+/-+,2187/262144,2187,262144
independent/fresh/k4,-1,1,-1,-+/--/-+/+-,243/262144,243,262144
independent/fresh/k4,-1,1,-1,-+/--/-+/++,729/262144,729,262144
independent/fresh/k4,-1,1,-1,-+/--/+-/--,81/262144,81,262144
independent/fresh/k4,-1,1,-1,-+/--/+-/-+,243/262144,243,262144
independent/fresh/k4,-1,1,-1,-+/--/+-/+-,27/262144,27,262144
independent/fresh/k4,-1,1,-1,-+/--/+-/++,81/262144,81,262144
independent/fresh/k4,-1,1,-1,-+/--/++/--,243/262144,243,262144
independent/fresh/k4,-1,1,-1,-+/--/++/-+,729/262144,729,262144
independent/fresh/k4,-1,1,-1,-+/--/++/+-,81/262144,81,262144
independent/fresh/k4,-1,1,-1,-+/--/++/++,243/262144,243,262144
independent/fresh/k4,-1,1,-1,-+/-+/--/--,729/262144,729,262144
independent/fresh/k4,-1,1,-1,-+/-+/--/-+,2187/262144,2187,262144
independent/fresh/k4,-1,1,-1,-+/-+/--/+-,243/262144,243,262144
independent/fresh/k4,-1,1,-1,-+/-+/--/++,729/262144,729,262144
independent/fresh/k4,-1,1,-1,-+/-+/-+/--,2187/262144,2187,262144
independent/fresh/k4,-1,1,-1,-+/-+/-+/-+,6561/262144,6561,262144
independent/fresh/k4,-1,1,-1,-+/-+/-+/+-,729/262144,729,262144
independent/fresh/k4,-1,1,-1,-+/-+/-+/++,2187/262144,2187,262144
independent/fresh/k4,-1,1,-1,-+/-+/+-/--,243/262144,243,262144
independent/fresh/k4,-1,1,-1,-+/-+/+-/-+,729/262144,729,262144
independent/fresh/k4,-1,1,-1,-+/-+/+-/+-,81/262144,81,262144
independent/fresh/k4,-1,1,-1,-+/-+/+-/++,243/262144,243,262144
independent/fresh/k4,-1,1,-1,-+/-+/++/--,729/262144,729,262144
independent/fresh/k4,-1,1,-1,-+/-+/++/-+,2187/262144,2187,262144
independent/fresh/k4,-1,1,-1,-+/-+/++/+-,243/262144,243,262144
independent/fresh/k4,-1,1,-1,-+/-+/++/++,729/262144,729,262144
independent/fresh/k4,-1,1,-1,-+/+-/--/--,81/262144,81,262144
independent/fresh/k4,-1,1,-1,-+/+-/--/-+,243/262144,243,262144
independent/fresh/k4,-1,1,-1,-+/+-/--/+-,27/262144,27,262144
independent/fresh/k4,-1,1,-1,-+/+-/--/++,81/262144,81,262144
independent/fresh/k4,-1,1,-1,-+/+-/-+/--,243/262144,243,262144
independent/fresh/k4,-1,1,-1,-+/+-/-+/-+,729/262144,729,262144
independent/fresh/k4,-1,1,-1,-+/+-/-+/+-,81/262144,81,262144
independent/fresh/k4,-1,1,-1,-+/+-/-+/++,243/262144,243,262144
independent/fresh/k4,-1,1,-1,-+/+-/+-/--,27/262144,27,262144
independent/fresh/k4,-1,1,-1,-+/+-/+-/-+,81/262144,81,262144
independent/fresh/k4,-1,1,-1,-+/+-/+-/+-,9/262144,9,262144
independent/fresh/k4,-1,1,-1,-+/+-/+-/++,27/262144,27,262144
independent/fresh/k4,-1,1,-1,-+/+-/++/--,81/262144,81,262144
independent/fresh/k4,-1,1,-1,-+/+-/++/-+,243/262144,243,262144
independent/fresh/k4,-1,1,-1,-+/+-/++/+-,27/262144,27,262144
independent/fresh/k4,-1,1,-1,-+/+-/++/++,81/262144,81,262144
independent/fresh/k4,-1,1,-1,-+/++/--/--,243/262144,243,262144
independent/fresh/k4,-1,1,-1,-+/++/--/-+,729/262144,729,262144
independent/fresh/k4,-1,1,-1,-+/++/--/+-,81/262144,81,262144
independent/fresh/k4,-1,1,-1,-+/++/--/++,243/262144,243,262144
independent/fresh/k4,-1,1,-1,-+/++/-+/--,729/262144,729,262144
independent/fresh/k4,-1,1,-1,-+/++/-+/-+,2187/262144,2187,262144
independent/fresh/k4,-1,1,-1,-+/++/-+/+-,243/262144,243,262144
independent/fresh/k4,-1,1,-1,-+/++/-+/++,729/262144,729,262144
independent/fresh/k4,-1,1,-1,-+/++/+-/--,81/262144,81,262144
independent/fresh/k4,-1,1,-1,-+/++/+-/-+,243/262144,243,262144
independent/fresh/k4,-1,1,-1,-+/++/+-/+-,27/262144,27,262144
independent/fresh/k4,-1,1,-1,-+/++/+-/++,81/262144,81,262144
independent/fresh/k4,-1,1,-1,-+/++/++/--,243/262144,243,262144
independent/fresh/k4,-1,1,-1,-+/++/++/-+,729/262144,729,262144
independent/fresh/k4,-1,1,-1,-+/++/++/+-,81/262144,81,262144
independent/fresh/k4,-1,1,-1,-+/++/++/++,243/262144,243,262144
independent/fresh/k4,-1,1,-1,+-/--/--/--,27/262144,27,262144
independent/fresh/k4,-1,1,-1,+-/--/--/-+,81/262144,81,262144
independent/fresh/k4,-1,1,-1,+-/--/--/+-,9/262144,9,262144
independent/fresh/k4,-1,1,-1,+-/--/--/++,27/262144,27,262144
independent/fresh/k4,-1,1,-1,+-/--/-+/--,81/262144,81,262144
independent/fresh/k4,-1,1,-1,+-/--/-+/-+,243/262144,243,262144
independent/fresh/k4,-1,1,-1,+-/--/-+/+-,27/262144,27,262144
independent/fresh/k4,-1,1,-1,+-/--/-+/++,81/262144,81,262144
independent/fresh/k4,-1,1,-1,+-/--/+-/--,9/262144,9,262144
independent/fresh/k4,-1,1,-1,+-/--/+-/-+,27/262144,27,262144
independent/fresh/k4,-1,1,-1,+-/--/+-/+-,3/262144,3,262144
independent/fresh/k4,-1,1,-1,+-/--/+-/++,9/262144,9,262144
independent/fresh/k4,-1,1,-1,+-/--/++/--,27/262144,27,262144
independent/fresh/k4,-1,1,-1,+-/--/++/-+,81/262144,81,262144
independent/fresh/k4,-1,1,-1,+-/--/++/+-,9/262144,9,262144
independent/fresh/k4,-1,1,-1,+-/--/++/++,27/262144,27,262144
independent/fresh/k4,-1,1,-1,+-/-+/--/--,81/262144,81,262144
independent/fresh/k4,-1,1,-1,+-/-+/--/-+,243/262144,243,262144
independent/fresh/k4,-1,1,-1,+-/-+/--/+-,27/262144,27,262144
independent/fresh/k4,-1,1,-1,+-/-+/--/++,81/262144,81,262144
independent/fresh/k4,-1,1,-1,+-/-+/-+/--,243/262144,243,262144
independent/fresh/k4,-1,1,-1,+-/-+/-+/-+,729/262144,729,262144
independent/fresh/k4,-1,1,-1,+-/-+/-+/+-,81/262144,81,262144
independent/fresh/k4,-1,1,-1,+-/-+/-+/++,243/262144,243,262144
independent/fresh/k4,-1,1,-1,+-/-+/+-/--,27/262144,27,262144
independent/fresh/k4,-1,1,-1,+-/-+/+-/-+,81/262144,81,262144
independent/fresh/k4,-1,1,-1,+-/-+/+-/+-,9/262144,9,262144
independent/fresh/k4,-1,1,-1,+-/-+/+-/++,27/262144,27,262144
independent/fresh/k4,-1,1,-1,+-/-+/++/--,81/262144,81,262144
independent/fresh/k4,-1,1,-1,+-/-+/++/-+,243/262144,243,262144
independent/fresh/k4,-1,1,-1,+-/-+/++/+-,27/262144,27,262144
independent/fresh/k4,-1,1,-1,+-/-+/++/++,81/262144,81,262144
independent/fresh/k4,-1,1,-1,+-/+-/--/--,9/262144,9,262144
independent/fresh/k4,-1,1,-1,+-/+-/--/-+,27/262144,27,262144
independent/fresh/k4,-1,1,-1,+-/+-/--/+-,3/262144,3,262144
independent/fresh/k4,-1,1,-1,+-/+-/--/++,9/262144,9,262144
independent/fresh/k4,-1,1,-1,+-/+-/-+/--,27/262144,27,262144
independent/fresh/k4,-1,1,-1,+-/+-/-+/-+,81/262144,81,262144
independent/fresh/k4,-1,1,-1,+-/+-/-+/+-,9/262144,9,262144
independent/fresh/k4,-1,1,-1,+-/+-/-+/++,27/262144,27,262144
independent/fresh/k4,-1,1,-1,+-/+-/+-/--,3/262144,3,262144
independent/fresh/k4,-1,1,-1,+-/+-/+-/-+,9/262144,9,262144
independent/fresh/k4,-1,1,-1,+-/+-/+-/+-,1/262144,1,262144
independent/fresh/k4,-1,1,-1,+-/+-/+-/++,3/262144,3,262144
independent/fresh/k4,-1,1,-1,+-/+-/++/--,9/262144,9,262144
independent/fresh/k4,-1,1,-1,+-/+-/++/-+,27/262144,27,262144
independent/fresh/k4,-1,1,-1,+-/+-/++/+-,3/262144,3,262144
independent/fresh/k4,-1,1,-1,+-/+-/++/++,9/262144,9,262144
independent/fresh/k4,-1,1,-1,+-/++/--/--,27/262144,27,262144
independent/fresh/k4,-1,1,-1,+-/++/--/-+,81/262144,81,262144
independent/fresh/k4,-1,1,-1,+-/++/--/+-,9/262144,9,262144
independent/fresh/k4,-1,1,-1,+-/++/--/++,27/262144,27,262144
independent/fresh/k4,-1,1,-1,+-/++/-+/--,81/262144,81,262144
independent/fresh/k4,-1,1,-1,+-/++/-+/-+,243/262144,243,262144
independent/fresh/k4,-1,1,-1,+-/++/-+/+-,27/262144,27,262144
independent/fresh/k4,-1,1,-1,+-/++/-+/++,81/262144,81,262144
independent/fresh/k4,-1,1,-1,+-/++/+-/--,9/262144,9,262144
independent/fresh/k4,-1,1,-1,+-/++/+-/-+,27/262144,27,262144
independent/fresh/k4,-1,1,-1,+-/++/+-/+-,3/262144,3,262144
independent/fresh/k4,-1,1,-1,+-/++/+-/++,9/262144,9,262144
independent/fresh/k4,-1,1,-1,+-/++/++/--,27/262144,27,262144
independent/fresh/k4,-1,1,-1,+-/++/++/-+,81/262144,81,262144
independent/fresh/k4,-1,1,-1,+-/++/++/+-,9/262144,9,262144
independent/fresh/k4,-1,1,-1,+-/++/++/++,27/262144,27,262144
independent/fresh/k4,-1,1,-1,++/--/--/--,81/262144,81,262144
independent/fresh/k4,-1,1,-1,++/--/--/-+,243/262144,243,262144
independent/fresh/k4,-1,1,-1,++/--/--/+-,27/262144,27,262144
independent/fresh/k4,-1,1,-1,++/--/--/++,81/262144,81,262144
independent/fresh/k4,-1,1,-1,++/--/-+/--,243/262144,243,262144
independent/fresh/k4,-1,1,-1,++/--/-+/-+,729/262144,729,262144
independent/fresh/k4,-1,1,-1,++/--/-+/+-,81/262144,81,262144
independent/fresh/k4,-1,1,-1,++/--/-+/++,243/262144,243,262144
independent/fresh/k4,-1,1,-1,++/--/+-/--,27/262144,27,262144
independent/fresh/k4,-1,1,-1,++/--/+-/-+,81/262144,81,262144
independent/fresh/k4,-1,1,-1,++/--/+-/+-,9/262144,9,262144
independent/fresh/k4,-1,1,-1,++/--/+-/++,27/262144,27,262144
independent/fresh/k4,-1,1,-1,++/--/++/--,81/262144,81,262144
independent/fresh/k4,-1,1,-1,++/--/++/-+,243/262144,243,262144
independent/fresh/k4,-1,1,-1,++/--/++/+-,27/262144,27,262144
independent/fresh/k4,-1,1,-1,++/--/++/++,81/262144,81,262144
independent/fresh/k4,-1,1,-1,++/-+/--/--,243/262144,243,262144
independent/fresh/k4,-1,1,-1,++/-+/--/-+,729/262144,729,262144
independent/fresh/k4,-1,1,-1,++/-+/--/+-,81/262144,81,262144
independent/fresh/k4,-1,1,-1,++/-+/--/++,243/262144,243,262144
independent/fresh/k4,-1,1,-1,++/-+/-+/--,729/262144,729,262144
independent/fresh/k4,-1,1,-1,++/-+/-+/-+,2187/262144,2187,262144
independent/fresh/k4,-1,1,-1,++/-+/-+/+-,243/262144,243,262144
independent/fresh/k4,-1,1,-1,++/-+/-+/++,729/262144,729,262144
independent/fresh/k4,-1,1,-1,++/-+/+-/--,81/262144,81,262144
independent/fresh/k4,-1,1,-1,++/-+/+-/-+,243/262144,243,262144
independent/fresh/k4,-1,1,-1,++/-+/+-/+-,27/262144,27,262144
independent/fresh/k4,-1,1,-1,++/-+/+-/++,81/262144,81,262144
independent/fresh/k4,-1,1,-1,++/-+/++/--,243/262144,243,262144
independent/fresh/k4,-1,1,-1,++/-+/++/-+,729/262144,729,262144
independent/fresh/k4,-1,1,-1,++/-+/++/+-,81/262144,81,262144
independent/fresh/k4,-1,1,-1,++/-+/++/++,243/262144,243,262144
independent/fresh/k4,-1,1,-1,++/+-/--/--,27/262144,27,262144
independent/fresh/k4,-1,1,-1,++/+-/--/-+,81/262144,81,262144
independent/fresh/k4,-1,1,-1,++/+-/--/+-,9/262144,9,262144
independent/fresh/k4,-1,1,-1,++/+-/--/++,27/262144,27,262144
independent/fresh/k4,-1,1,-1,++/+-/-+/--,81/262144,81,262144
independent/fresh/k4,-1,1,-1,++/+-/-+/-+,243/262144,243,262144
independent/fresh/k4,-1,1,-1,++/+-/-+/+-,27/262144,27,262144
independent/fresh/k4,-1,1,-1,++/+-/-+/++,81/262144,81,262144
independent/fresh/k4,-1,1,-1,++/+-/+-/--,9/262144,9,262144
independent/fresh/k4,-1,1,-1,++/+-/+-/-+,27/262144,27,262144
independent/fresh/k4,-1,1,-1,++/+-/+-/+-,3/262144,3,262144
independent/fresh/k4,-1,1,-1,++/+-/+-/++,9/262144,9,262144
independent/fresh/k4,-1,1,-1,++/+-/++/--,27/262144,27,262144
independent/fresh/k4,-1,1,-1,++/+-/++/-+,81/262144,81,262144
independent/fresh/k4,-1,1,-1,++/+-/++/+-,9/262144,9,262144
independent/fresh/k4,-1,1,-1,++/+-/++/++,27/262144,27,262144
independent/fresh/k4,-1,1,-1,++/++/--/--,81/262144,81,262144
independent/fresh/k4,-1,1,-1,++/++/--/-+,243/262144,243,262144
independent/fresh/k4,-1,1,-1,++/++/--/+-,27/262144,27,262144
independent/fresh/k4,-1,1,-1,++/++/--/++,81/262144,81,262144
independent/fresh/k4,-1,1,-1,++/++/-+/--,243/262144,243,262144
independent/fresh/k4,-1,1,-1,++/++/-+/-+,729/262144,729,262144
independent/fresh/k4,-1,1,-1,++/++/-+/+-,81/262144,81,262144
independent/fresh/k4,-1,1,-1,++/++/-+/++,243/262144,243,262144
independent/fresh/k4,-1,1,-1,++/++/+-/--,27/262144,27,262144
independent/fresh/k4,-1,1,-1,++/++/+-/-+,81/262144,81,262144
independent/fresh/k4,-1,1,-1,++/++/+-/+-,9/262144,9,262144
independent/fresh/k4,-1,1,-1,++/++/+-/++,27/262144,27,262144
independent/fresh/k4,-1,1,-1,++/++/++/--,81/262144,81,262144
independent/fresh/k4,-1,1,-1,++/++/++/-+,243/262144,243,262144
independent/fresh/k4,-1,1,-1,++/++/++/+-,27/262144,27,262144
independent/fresh/k4,-1,1,-1,++/++/++/++,81/262144,81,262144
independent/fresh/k4,1,-1,-1,--/--/--/--,81/262144,81,262144
independent/fresh/k4,1,-1,-1,--/--/--/-+,27/262144,27,262144
independent/fresh/k4,1,-1,-1,--/--/--/+-,243/262144,243,262144
independent/fresh/k4,1,-1,-1,--/--/--/++,81/262144,81,262144
independent/fresh/k4,1,-1,-1,--/--/-+/--,27/262144,27,262144
independent/fresh/k4,1,-1,-1,--/--/-+/-+,9/262144,9,262144
independent/fresh/k4,1,-1,-1,--/--/-+/+-,81/262144,81,262144
independent/fresh/k4,1,-1,-1,--/--/-+/++,27/262144,27,262144
independent/fresh/k4,1,-1,-1,--/--/+-/--,243/262144,243,262144
independent/fresh/k4,1,-1,-1,--/--/+-/-+,81/262144,81,262144
independent/fresh/k4,1,-1,-1,--/--/+-/+-,729/262144,729,262144
independent/fresh/k4,1,-1,-1,--/--/+-/++,243/262144,243,262144
independent/fresh/k4,1,-1,-1,--/--/++/--,81/262144,81,262144
independent/fresh/k4,1,-1,-1,--/--/++/-+,27/262144,27,262144
independent/fresh/k4,1,-1,-1,--/--/++/+-,243/262144,243,262144
independent/fresh/k4,1,-1,-1,--/--/++/++,81/262144,81,262144
independent/fresh/k4,1,-1,-1,--/-+/--/--,27/262144,27,262144
independent/fresh/k4,1,-1,-1,--/-+/--/-+,9/262144,9,262144
independent/fresh/k4,1,-1,-1,--/-+/--/+-,81/262144,81,262144
independent/fresh/k4,1,-1,-1,--/-+/--/++,27/262144,27,262144
independent/fresh/k4,1,-1,-1,--/-+/-+/--,9/262144,9,262144
independent/fresh/k4,1,-1,-1,--/-+/-+/-+,3/262144,3,262144
independent/fresh/k4,1,-1,-1,--/-+/-+/+-,27/262144,27,262144
independent/fresh/k4,1,-1,-1,--/-+/-+/++,9/262144,9,262144
independent/fresh/k4,1,-1,-1,--/-+/+-/--,81/262144,81,262144
independent/fresh/k4,1,-1,-1,--/-+/+-/-+,27/262144,27,262144
independent/fresh/k4,1,-1,-1,--/-+/+-/+-,243/262144,243,262144
independent/fresh/k4,1,-1,-1,--/-+/+-/++,81/262144,81,262144
independent/fresh/k4,1,-1,-1,--/-+/++/--,27/262144,27,262144
independent/fresh/k4,1,-1,-1,--/-+/++/-+,9/262144,9,262144
independent/fresh/k4,1,-1,-1,--/-+/++/+-,81/262144,81,262144
independent/fresh/k4,1,-1,-1,--/-+/++/++,27/262144,27,262144
independent/fresh/k4,1,-1,-1,--/+-/--/--,243/262144,243,262144
independent/fresh/k4,1,-1,-1,--/+-/--/-+,81/262144,81,262144
independent/fresh/k4,1,-1,-1,--/+-/--/+-,729/262144,729,262144
independent/fresh/k4,1,-1,-1,--/+-/--/++,243/262144,243,262144
independent/fresh/k4,1,-1,-1,--/+-/-+/--,81/262144,81,262144
independent/fresh/k4,1,-1,-1,--/+-/-+/-+,27/262144,27,262144
independent/fresh/k4,1,-1,-1,--/+-/-+/+-,243/262144,243,262144
independent/fresh/k4,1,-1,-1,--/+-/-+/++,81/262144,81,262144
independent/fresh/k4,1,-1,-1,--/+-/+-/--,729/262144,729,262144
independent/fresh/k4,1,-1,-1,--/+-/+-/-+,243/262144,243,262144
independent/fresh/k4,1,-1,-1,--/+-/+-/+-,2187/262144,2187,262144
independent/fresh/k4,1,-1,-1,--/+-/+-/++,729/262144,729,262144
independent/fresh/k4,1,-1,-1,--/+-/++/--,243/262144,243,262144
independent/fresh/k4,1,-1,-1,--/+-/++/-+,81/262144,81,262144
independent/fresh/k4,1,-1,-1,--/+-/++/+-,729/262144,729,262144
independent/fresh/k4,1,-1,-1,--/+-/++/++,243/262144,243,262144
independent/fresh/k4,1,-1,-1,--/++/--/--,81/262144,81,262144
independent/fresh/k4,1,-1,-1,--/++/--/-+,27/262144,27,262144
independent/fresh/k4,1,-1,-1,--/++/--/+-,243/262144,243,262144
independent/fresh/k4,1,-1,-1,--/++/--/++,81/262144,81,262144
independent/fresh/k4,1,-1,-1,--/++/-+/--,27/262144,27,262144
independent/fresh/k4,1,-1,-1,--/++/-+/-+,9/262144,9,262144
independent/fresh/k4,1,-1,-1,--/++/-+/+-,81/262144,81,262144
independent/fresh/k4,1,-1,-1,--/++/-+/++,27/262144,27,262144
independent/fresh/k4,1,-1,-1,--/++/+-/--,243/262144,243,262144
independent/fresh/k4,1,-1,-1,--/++/+-/-+,81/262144,81,262144
independent/fresh/k4,1,-1,-1,--/++/+-/+-,729/262144,729,262144
independent/fresh/k4,1,-1,-1,--/++/+-/++,243/262144,243,262144
independent/fresh/k4,1,-1,-1,--/++/++/--,81/262144,81,262144
independent/fresh/k4,1,-1,-1,--/++/++/-+,27/262144,27,262144
independent/fresh/k4,1,-1,-1,--/++/++/+-,243/262144,243,262144
independent/fresh/k4,1,-1,-1,--/++/++/++,81/262144,81,262144
independent/fresh/k4,1,-1,-1,-+/--/--/--,27/262144,27,262144
independent/fresh/k4,1,-1,-1,-+/--/--/-+,9/262144,9,262144
independent/fresh/k4,1,-1,-1,-+/--/--/+-,81/262144,81,262144
independent/fresh/k4,1,-1,-1,-+/--/--/++,27/262144,27,262144
independent/fresh/k4,1,-1,-1,-+/--/-+/--,9/262144,9,262144
independent/fresh/k4,1,-1,-1,-+/--/-+/-+,3/262144,3,262144
independent/fresh/k4,1,-1,-1,-+/--/-+/+-,27/262144,27,262144
independent/fresh/k4,1,-1,-1,-+/--/-+/++,9/262144,9,262144
independent/fresh/k4,1,-1,-1,-+/--/+-/--,81/262144,81,262144
independent/fresh/k4,1,-1,-1,-+/--/+-/-+,27/262144,27,262144
independent/fresh/k4,1,-1,-1,-+/--/+-/+-,243/262144,243,262144
independent/fresh/k4,1,-1,-1,-+/--/+-/++,81/262144,81,262144
independent/fresh/k4,1,-1,-1,-+/--/++/--,27/262144,27,262144
independent/fresh/k4,1,-1,-1,-+/--/++/-+,9/262144,9,262144
independent/fresh/k4,1,-1,-1,-+/--/++/+-,81/262144,81,262144
independent/fresh/k4,1,-1,-1,-+/--/++/++,27/262144,27,262144
independent/fresh/k4,1,-1,-1,-+/-+/--/--,9/262144,9,262144
independent/fresh/k4,1,-1,-1,-+/-+/--/-+,3/262144,3,262144
independent/fresh/k4,1,-1,-1,-+/-+/--/+-,27/262144,27,262144
independent/fresh/k4,1,-1,-1,-+/-+/--/++,9/262144,9,262144
independent/fresh/k4,1,-1,-1,-+/-+/-+/--,3/262144,3,262144
independent/fresh/k4,1,-1,-1,-+/-+/-+/-+,1/262144,1,262144
independent/fresh/k4,1,-1,-1,-+/-+/-+/+-,9/262144,9,262144
independent/fresh/k4,1,-1,-1,-+/-+/-+/++,3/262144,3,262144
independent/fresh/k4,1,-1,-1,-+/-+/+-/--,27/262144,27,262144
independent/fresh/k4,1,-1,-1,-+/-+/+-/-+,9/262144,9,262144
independent/fresh/k4,1,-1,-1,-+/-+/+-/+-,81/262144,81,262144
independent/fresh/k4,1,-1,-1,-+/-+/+-/++,27/262144,27,262144
independent/fresh/k4,1,-1,-1,-+/-+/++/--,9/262144,9,262144
independent/fresh/k4,1,-1,-1,-+/-+/++/-+,3/262144,3,262144
independent/fresh/k4,1,-1,-1,-+/-+/++/+-,27/262144,27,262144
independent/fresh/k4,1,-1,-1,-+/-+/++/++,9/262144,9,262144
independent/fresh/k4,1,-1,-1,-+/+-/--/--,81/262144,81,262144
independent/fresh/k4,1,-1,-1,-+/+-/--/-+,27/262144,27,262144
independent/fresh/k4,1,-1,-1,-+/+-/--/+-,243/262144,243,262144
independent/fresh/k4,1,-1,-1,-+/+-/--/++,81/262144,81,262144
independent/fresh/k4,1,-1,-1,-+/+-/-+/--,27/262144,27,262144
independent/fresh/k4,1,-1,-1,-+/+-/-+/-+,9/262144,9,262144
independent/fresh/k4,1,-1,-1,-+/+-/-+/+-,81/262144,81,262144
independent/fresh/k4,1,-1,-1,-+/+-/-+/++,27/262144,27,262144
independent/fresh/k4,1,-1,-1,-+/+-/+-/--,243/262144,243,262144
independent/fresh/k4,1,-1,-1,-+/+-/+-/-+,81/262144,81,262144
independent/fresh/k4,1,-1,-1,-+/+-/+-/+-,729/262144,729,262144
independent/fresh/k4,1,-1,-1,-+/+-/+-/++,243/262144,243,262144
independent/fresh/k4,1,-1,-1,-+/+-/++/--,81/262144,81,262144
independent/fresh/k4,1,-1,-1,-+/+-/++/-+,27/262144,27,262144
independent/fresh/k4,1,-1,-1,-+/+-/++/+-,243/262144,243,262144
independent/fresh/k4,1,-1,-1,-+/+-/++/++,81/262144,81,262144
independent/fresh/k4,1,-1,-1,-+/++/--/--,27/262144,27,262144
independent/fresh/k4,1,-1,-1,-+/++/--/-+,9/262144,9,262144
independent/fresh/k4,1,-1,-1,-+/++/--/+-,81/262144,81,262144
independent/fresh/k4,1,-1,-1,-+/++/--/++,27/262144,27,262144
independent/fresh/k4,1,-1,-1,-+/++/-+/--,9/262144,9,262144
independent/fresh/k4,1,-1,-1,-+/++/-+/-+,3/262144,3,262144
independent/fresh/k4,1,-1,-1,-+/++/-+/+-,27/262144,27,262144
independent/fresh/k4,1,-1,-1,-+/++/-+/++,9/262144,9,262144
independent/fresh/k4,1,-1,-1,-+/++/+-/--,81/262144,81,262144
independent/fresh/k4,1,-1,-1,-+/++/+-/-+,27/262144,27,262144
independent/fresh/k4,1,-1,-1,-+/++/+-/+-,243/262144,243,262144
independent/fresh/k4,1,-1,-1,-+/++/+-/++,81/262144,81,262144
independent/fresh/k4,1,-1,-1,-+/++/++/--,27/262144,27,262144
independent/fresh/k4,1,-1,-1,-+/++/++/-+,9/262144,9,262144
independent/fresh/k4,1,-1,-1,-+/++/++/+-,81/262144,81,262144
independent/fresh/k4,1,-1,-1,-+/++/++/++,27/262144,27,262144
independent/fresh/k4,1,-1,-1,+-/--/--/--,243/262144,243,262144
independent/fresh/k4,1,-1,-1,+-/--/--/-+,81/262144,81,262144
independent/fresh/k4,1,-1,-1,+-/--/--/+-,729/262144,729,262144
independent/fresh/k4,1,-1,-1,+-/--/--/++,243/262144,243,262144
independent/fresh/k4,1,-1,-1,+-/--/-+/--,81/262144,81,262144
independent/fresh/k4,1,-1,-1,+-/--/-+/-+,27/262144,27,262144
independent/fresh/k4,1,-1,-1,+-/--/-+/+-,243/262144,243,262144
independent/fresh/k4,1,-1,-1,+-/--/-+/++,81/262144,81,262144
independent/fresh/k4,1,-1,-1,+-/--/+-/--,729/262144,729,262144
independent/fresh/k4,1,-1,-1,+-/--/+-/-+,243/262144,243,262144
independent/fresh/k4,1,-1,-1,+-/--/+-/+-,2187/262144,2187,262144
independent/fresh/k4,1,-1,-1,+-/--/+-/++,729/262144,729,262144
independent/fresh/k4,1,-1,-1,+-/--/++/--,243/262144,243,262144
independent/fresh/k4,1,-1,-1,+-/--/++/-+,81/262144,81,262144
independent/fresh/k4,1,-1,-1,+-/--/++/+-,729/262144,729,262144
independent/fresh/k4,1,-1,-1,+-/--/++/++,243/262144,243,262144
independent/fresh/k4,1,-1,-1,+-/-+/--/--,81/262144,81,262144
independent/fresh/k4,1,-1,-1,+-/-+/--/-+,27/262144,27,262144
independent/fresh/k4,1,-1,-1,+-/-+/--/+-,243/262144,243,262144
independent/fresh/k4,1,-1,-1,+-/-+/--/++,81/262144,81,262144
independent/fresh/k4,1,-1,-1,+-/-+/-+/--,27/262144,27,262144
independent/fresh/k4,1,-1,-1,+-/-+/-+/-+,9/262144,9,262144
independent/fresh/k4,1,-1,-1,+-/-+/-+/+-,81/262144,81,262144
independent/fresh/k4,1,-1,-1,+-/-+/-+/++,27/262144,27,262144
independent/fresh/k4,1,-1,-1,+-/-+/+-/--,243/262144,243,262144
independent/fresh/k4,1,-1,-1,+-/-+/+-/-+,81/262144,81,262144
independent/fresh/k4,1,-1,-1,+-/-+/+-/+-,729/262144,729,262144
independent/fresh/k4,1,-1,-1,+-/-+/+-/++,243/262144,243,262144
independent/fresh/k4,1,-1,-1,+-/-+/++/--,81/262144,81,262144
independent/fresh/k4,1,-1,-1,+-/-+/++/-+,27/262144,27,262144
independent/fresh/k4,1,-1,-1,+-/-+/++/+-,243/262144,243,262144
independent/fresh/k4,1,-1,-1,+-/-+/++/++,81/262144,81,262144
independent/fresh/k4,1,-1,-1,+-/+-/--/--,729/262144,729,262144
independent/fresh/k4,1,-1,-1,+-/+-/--/-+,243/262144,243,262144
independent/fresh/k4,1,-1,-1,+-/+-/--/+-,2187/262144,2187,262144
independent/fresh/k4,1,-1,-1,+-/+-/--/++,729/262144,729,262144
independent/fresh/k4,1,-1,-1,+-/+-/-+/--,243/262144,243,262144
independent/fresh/k4,1,-1,-1,+-/+-/-+/-+,81/262144,81,262144
independent/fresh/k4,1,-1,-1,+-/+-/-+/+-,729/262144,729,262144
independent/fresh/k4,1,-1,-1,+-/+-/-+/++,243/262144,243,262144
independent/fresh/k4,1,-1,-1,+-/+-/+-/--,2187/262144,2187,262144
independent/fresh/k4,1,-1,-1,+-/+-/+-/-+,729/262144,729,262144
independent/fresh/k4,1,-1,-1,+-/+-/+-/+-,6561/262144,6561,262144
independent/fresh/k4,1,-1,-1,+-/+-/+-/++,2187/262144,2187,262144
independent/fresh/k4,1,-1,-1,+-/+-/++/--,729/262144,729,262144
independent/fresh/k4,1,-1,-1,+-/+-/++/-+,243/262144,243,262144
independent/fresh/k4,1,-1,-1,+-/+-/++/+-,2187/262144,2187,262144
independent/fresh/k4,1,-1,-1,+-/+-/++/++,729/262144,729,262144
independent/fresh/k4,1,-1,-1,+-/++/--/--,243/262144,243,262144
independent/fresh/k4,1,-1,-1,+-/++/--/-+,81/262144,81,262144
independent/fresh/k4,1,-1,-1,+-/++/--/+-,729/262144,729,262144
independent/fresh/k4,1,-1,-1,+-/++/--/++,243/262144,243,262144
independent/fresh/k4,1,-1,-1,+-/++/-+/--,81/262144,81,262144
independent/fresh/k4,1,-1,-1,+-/++/-+/-+,27/262144,27,262144
independent/fresh/k4,1,-1,-1,+-/++/-+/+-,243/262144,243,262144
independent/fresh/k4,1,-1,-1,+-/++/-+/++,81/262144,81,262144
independent/fresh/k4,1,-1,-1,+-/++/+-/--,729/262144,729,262144
independent/fresh/k4,1,-1,-1,+-/++/+-/-+,243/262144,243,262144
independent/fresh/k4,1,-1,-1,+-/++/+-/+-,2187/262144,2187,262144
independent/fresh/k4,1,-1,-1,+-/++/+-/++,729/262144,729,262144
independent/fresh/k4,1,-1,-1,+-/++/++/--,243/262144,243,262144
independent/fresh/k4,1,-1,-1,+-/++/++/-+,81/262144,81,262144
independent/fresh/k4,1,-1,-1,+-/++/++/+-,729/262144,729,262144
independent/fresh/k4,1,-1,-1,+-/++/++/++,243/262144,243,262144
independent/fresh/k4,1,-1,-1,++/--/--/--,81/262144,81,262144
independent/fresh/k4,1,-1,-1,++/--/--/-+,27/262144,27,262144
independent/fresh/k4,1,-1,-1,++/--/--/+-,243/262144,243,262144
independent/fresh/k4,1,-1,-1,++/--/--/++,81/262144,81,262144
independent/fresh/k4,1,-1,-1,++/--/-+/--,27/262144,27,262144
independent/fresh/k4,1,-1,-1,++/--/-+/-+,9/262144,9,262144
independent/fresh/k4,1,-1,-1,++/--/-+/+-,81/262144,81,262144
independent/fresh/k4,1,-1,-1,++/--/-+/++,27/262144,27,262144
independent/fresh/k4,1,-1,-1,++/--/+-/--,243/262144,243,262144
independent/fresh/k4,1,-1,-1,++/--/+-/-+,81/262144,81,262144
independent/fresh/k4,1,-1,-1,++/--/+-/+-,729/262144,729,262144
independent/fresh/k4,1,-1,-1,++/--/+-/++,243/262144,243,262144
independent/fresh/k4,1,-1,-1,++/--/++/--,81/262144,81,262144
independent/fresh/k4,1,-1,-1,++/--/++/-+,27/262144,27,262144
independent/fresh/k4,1,-1,-1,++/--/++/+-,243/262144,243,262144
independent/fresh/k4,1,-1,-1,++/--/++/++,81/262144,81,262144
independent/fresh/k4,1,-1,-1,++/-+/--/--,27/262144,27,262144
independent/fresh/k4,1,-1,-1,++/-+/--/-+,9/262144,9,262144
independent/fresh/k4,1,-1,-1,++/-+/--/+-,81/262144,81,262144
independent/fresh/k4,1,-1,-1,++/-+/--/++,27/262144,27,262144
independent/fresh/k4,1,-1,-1,++/-+/-+/--,9/262144,9,262144
independent/fresh/k4,1,-1,-1,++/-+/-+/-+,3/262144,3,262144
independent/fresh/k4,1,-1,-1,++/-+/-+/+-,27/262144,27,262144
independent/fresh/k4,1,-1,-1,++/-+/-+/++,9/262144,9,262144
independent/fresh/k4,1,-1,-1,++/-+/+-/--,81/262144,81,262144
independent/fresh/k4,1,-1,-1,++/-+/+-/-+,27/262144,27,262144
independent/fresh/k4,1,-1,-1,++/-+/+-/+-,243/262144,243,262144
independent/fresh/k4,1,-1,-1,++/-+/+-/++,81/262144,81,262144
independent/fresh/k4,1,-1,-1,++/-+/++/--,27/262144,27,262144
independent/fresh/k4,1,-1,-1,++/-+/++/-+,9/262144,9,262144
independent/fresh/k4,1,-1,-1,++/-+/++/+-,81/262144,81,262144
independent/fresh/k4,1,-1,-1,++/-+/++/++,27/262144,27,262144
independent/fresh/k4,1,-1,-1,++/+-/--/--,243/262144,243,262144
independent/fresh/k4,1,-1,-1,++/+-/--/-+,81/262144,81,262144
independent/fresh/k4,1,-1,-1,++/+-/--/+-,729/262144,729,262144
independent/fresh/k4,1,-1,-1,++/+-/--/++,243/262144,243,262144
independent/fresh/k4,1,-1,-1,++/+-/-+/--,81/262144,81,262144
independent/fresh/k4,1,-1,-1,++/+-/-+/-+,27/262144,27,262144
independent/fresh/k4,1,-1,-1,++/+-/-+/+-,243/262144,243,262144
independent/fresh/k4,1,-1,-1,++/+-/-+/++,81/262144,81,262144
independent/fresh/k4,1,-1,-1,++/+-/+-/--,729/262144,729,262144
independent/fresh/k4,1,-1,-1,++/+-/+-/-+,243/262144,243,262144
independent/fresh/k4,1,-1,-1,++/+-/+-/+-,2187/262144,2187,262144
independent/fresh/k4,1,-1,-1,++/+-/+-/++,729/262144,729,262144
independent/fresh/k4,1,-1,-1,++/+-/++/--,243/262144,243,262144
independent/fresh/k4,1,-1,-1,++/+-/++/-+,81/262144,81,262144
independent/fresh/k4,1,-1,-1,++/+-/++/+-,729/262144,729,262144
independent/fresh/k4,1,-1,-1,++/+-/++/++,243/262144,243,262144
independent/fresh/k4,1,-1,-1,++/++/--/--,81/262144,81,262144
independent/fresh/k4,1,-1,-1,++/++/--/-+,27/262144,27,262144
independent/fresh/k4,1,-1,-1,++/++/--/+-,243/262144,243,262144
independent/fresh/k4,1,-1,-1,++/++/--/++,81/262144,81,262144
independent/fresh/k4,1,-1,-1,++/++/-+/--,27/262144,27,262144
independent/fresh/k4,1,-1,-1,++/++/-+/-+,9/262144,9,262144
independent/fresh/k4,1,-1,-1,++/++/-+/+-,81/262144,81,262144
independent/fresh/k4,1,-1,-1,++/++/-+/++,27/262144,27,262144
independent/fresh/k4,1,-1,-1,++/++/+-/--,243/262144,243,262144
independent/fresh/k4,1,-1,-1,++/++/+-/-+,81/262144,81,262144
independent/fresh/k4,1,-1,-1,++/++/+-/+-,729/262144,729,262144
independent/fresh/k4,1,-1,-1,++/++/+-/++,243/262144,243,262144
independent/fresh/k4,1,-1,-1,++/++/++/--,81/262144,81,262144
independent/fresh/k4,1,-1,-1,++/++/++/-+,27/262144,27,262144
independent/fresh/k4,1,-1,-1,++/++/++/+-,243/262144,243,262144
independent/fresh/k4,1,-1,-1,++/++/++/++,81/262144,81,262144
independent/fresh/k4,1,1,1,--/--/--/--,1/262144,1,262144
independent/fresh/k4,1,1,1,--/--/--/-+,3/262144,3,262144
independent/fresh/k4,1,1,1,--/--/--/+-,3/262144,3,262144
independent/fresh/k4,1,1,1,--/--/--/++,9/262144,9,262144
independent/fresh/k4,1,1,1,--/--/-+/--,3/262144,3,262144
independent/fresh/k4,1,1,1,--/--/-+/-+,9/262144,9,262144
independent/fresh/k4,1,1,1,--/--/-+/+-,9/262144,9,262144
independent/fresh/k4,1,1,1,--/--/-+/++,27/262144,27,262144
independent/fresh/k4,1,1,1,--/--/+-/--,3/262144,3,262144
independent/fresh/k4,1,1,1,--/--/+-/-+,9/262144,9,262144
independent/fresh/k4,1,1,1,--/--/+-/+-,9/262144,9,262144
independent/fresh/k4,1,1,1,--/--/+-/++,27/262144,27,262144
independent/fresh/k4,1,1,1,--/--/++/--,9/262144,9,262144
independent/fresh/k4,1,1,1,--/--/++/-+,27/262144,27,262144
independent/fresh/k4,1,1,1,--/--/++/+-,27/262144,27,262144
independent/fresh/k4,1,1,1,--/--/++/++,81/262144,81,262144
independent/fresh/k4,1,1,1,--/-+/--/--,3/262144,3,262144
independent/fresh/k4,1,1,1,--/-+/--/-+,9/262144,9,262144
independent/fresh/k4,1,1,1,--/-+/--/+-,9/262144,9,262144
independent/fresh/k4,1,1,1,--/-+/--/++,27/262144,27,262144
independent/fresh/k4,1,1,1,--/-+/-+/--,9/262144,9,262144
independent/fresh/k4,1,1,1,--/-+/-+/-+,27/262144,27,262144
independent/fresh/k4,1,1,1,--/-+/-+/+-,27/262144,27,262144
independent/fresh/k4,1,1,1,--/-+/-+/++,81/262144,81,262144
independent/fresh/k4,1,1,1,--/-+/+-/--,9/262144,9,262144
independent/fresh/k4,1,1,1,--/-+/+-/-+,27/262144,27,262144
independent/fresh/k4,1,1,1,--/-+/+-/+-,27/262144,27,262144
independent/fresh/k4,1,1,1,--/-+/+-/++,81/262144,81,262144
independent/fresh/k4,1,1,1,--/-+/++/--,27/262144,27,262144
independent/fresh/k4,1,1,1,--/-+/++/-+,81/262144,81,262144
independent/fresh/k4,1,1,1,--/-+/++/+-,81/262144,81,262144
independent/fresh/k4,1,1,1,--/-+/++/++,243/262144,243,262144
independent/fresh/k4,1,1,1,--/+-/--/--,3/262144,3,262144
independent/fresh/k4,1,1,1,--/+-/--/-+,9/262144,9,262144
independent/fresh/k4,1,1,1,--/+-/--/+-,9/262144,9,262144
independent/fresh/k4,1,1,1,--/+-/--/++,27/262144,27,262144
independent/fresh/k4,1,1,1,--/+-/-+/--,9/262144,9,262144
independent/fresh/k4,1,1,1,--/+-/-+/-+,27/262144,27,262144
independent/fresh/k4,1,1,1,--/+-/-+/+-,27/262144,27,262144
independent/fresh/k4,1,1,1,--/+-/-+/++,81/262144,81,262144
independent/fresh/k4,1,1,1,--/+-/+-/--,9/262144,9,262144
independent/fresh/k4,1,1,1,--/+-/+-/-+,27/262144,27,262144
independent/fresh/k4,1,1,1,--/+-/+-/+-,27/262144,27,262144
independent/fresh/k4,1,1,1,--/+-/+-/++,81/262144,81,262144
independent/fresh/k4,1,1,1,--/+-/++/--,27/262144,27,262144
independent/fresh/k4,1,1,1,--/+-/++/-+,81/262144,81,262144
independent/fresh/k4,1,1,1,--/+-/++/+-,81/262144,81,262144
independent/fresh/k4,1,1,1,--/+-/++/++,243/262144,243,262144
independent/fresh/k4,1,1,1,--/++/--/--,9/262144,9,262144
independent/fresh/k4,1,1,1,--/++/--/-+,27/262144,27,262144
independent/fresh/k4,1,1,1,--/++/--/+-,27/262144,27,262144
independent/fresh/k4,1,1,1,--/++/--/++,81/262144,81,262144
independent/fresh/k4,1,1,1,--/++/-+/--,27/262144,27,262144
independent/fresh/k4,1,1,1,--/++/-+/-+,81/262144,81,262144
independent/fresh/k4,1,1,1,--/++/-+/+-,81/262144,81,262144
independent/fresh/k4,1,1,1,--/++/-+/++,243/262144,243,262144
independent/fresh/k4,1,1,1,--/++/+-/--,27/262144,27,262144
independent/fresh/k4,1,1,1,--/++/+-/-+,81/262144,81,262144
independent/fresh/k4,1,1,1,--/++/+-/+-,81/262144,81,262144
independent/fresh/k4,1,1,1,--/++/+-/++,243/262144,243,262144
independent/fresh/k4,1,1,1,--/++/++/--,81/262144,81,262144
independent/fresh/k4,1,1,1,--/++/++/-+,243/262144,243,262144
independent/fresh/k4,1,1,1,--/++/++/+-,243/262144,243,262144
independent/fresh/k4,1,1,1,--/++/++/++,729/262144,729,262144
independent/fresh/k4,1,1,1,-+/--/--/--,3/262144,3,262144
independent/fresh/k4,1,1,1,-+/--/--/-+,9/262144,9,262144
independent/fresh/k4,1,1,1,-+/--/--/+-,9/262144,9,262144
independent/fresh/k4,1,1,1,-+/--/--/++,27/262144,27,262144
independent/fresh/k4,1,1,1,-+/--/-+/--,9/262144,9,262144
independent/fresh/k4,1,1,1,-+/--/-+/-+,27/262144,27,262144
independent/fresh/k4,1,1,1,-+/--/-+/+-,27/262144,27,262144
independent/fresh/k4,1,1,1,-+/--/-+/++,81/262144,81,262144
independent/fresh/k4,1,1,1,-+/--/+-/--,9/262144,9,262144
independent/fresh/k4,1,1,1,-+/--/+-/-+,27/262144,27,262144
independent/fresh/k4,1,1,1,-+/--/+-/+-,27/262144,27,262144
independent/fresh/k4,1,1,1,-+/--/+-/++,81/262144,81,262144
independent/fresh/k4,1,1,1,-+/--/++/--,27/262144,27,262144
independent/fresh/k4,1,1,1,-+/--/++/-+,81/262144,81,262144
independent/fresh/k4,1,1,1,-+/--/++/+-,81/262144,81,262144
independent/fresh/k4,1,1,1,-+/--/++/++,243/262144,243,262144
independent/fresh/k4,1,1,1,-+/-+/--/--,9/262144,9,262144
independent/fresh/k4,1,1,1,-+/-+/--/-+,27/262144,27,262144
independent/fresh/k4,1,1,1,-+/-+/--/+-,27/262144,27,262144
independent/fresh/k4,1,1,1,-+/-+/--/++,81/262144,81,262144
independent/fresh/k4,1,1,1,-+/-+/-+/--,27/262144,27,262144
independent/fresh/k4,1,1,1,-+/-+/-+/-+,81/262144,81,262144
independent/fresh/k4,1,1,1,-+/-+/-+/+-,81/262144,81,262144
independent/fresh/k4,1,1,1,-+/-+/-+/++,243/262144,243,262144
independent/fresh/k4,1,1,1,-+/-+/+-/--,27/262144,27,262144
independent/fresh/k4,1,1,1,-+/-+/+-/-+,81/262144,81,262144
independent/fresh/k4,1,1,1,-+/-+/+-/+-,81/262144,81,262144
independent/fresh/k4,1,1,1,-+/-+/+-/++,243/262144,243,262144
independent/fresh/k4,1,1,1,-+/-+/++/--,81/262144,81,262144
independent/fresh/k4,1,1,1,-+/-+/++/-+,243/262144,243,262144
independent/fresh/k4,1,1,1,-+/-+/++/+-,243/262144,243,262144
independent/fresh/k4,1,1,1,-+/-+/++/++,729/262144,729,262144
independent/fresh/k4,1,1,1,-+/+-/--/--,9/262144,9,262144
independent/fresh/k4,1,1,1,-+/+-/--/-+,27/262144,27,262144
independent/fresh/k4,1,1,1,-+/+-/--/+-,27/262144,27,262144
independent/fresh/k4,1,1,1,-+/+-/--/++,81/262144,81,262144
independent/fresh/k4,1,1,1,-+/+-/-+/--,27/262144,27,262144
independent/fresh/k4,1,1,1,-+/+-/-+/-+,81/262144,81,262144
independent/fresh/k4,1,1,1,-+/+-/-+/+-,81/262144,81,262144
independent/fresh/k4,1,1,1,-+/+-/-+/++,243/262144,243,262144
independent/fresh/k4,1,1,1,-+/+-/+-/--,27/262144,27,262144
independent/fresh/k4,1,1,1,-+/+-/+-/-+,81/262144,81,262144
independent/fresh/k4,1,1,1,-+/+-/+-/+-,81/262144,81,262144
independent/fresh/k4,1,1,1,-+/+-/+-/++,243/262144,243,262144
independent/fresh/k4,1,1,1,-+/+-/++/--,81/262144,81,262144
independent/fresh/k4,1,1,1,-+/+-/++/-+,243/262144,243,262144
independent/fresh/k4,1,1,1,-+/+-/++/+-,243/262144,243,262144
independent/fresh/k4,1,1,1,-+/+-/++/++,729/262144,729,262144
independent/fresh/k4,1,1,1,-+/++/--/--,27/262144,27,262144
independent/fresh/k4,1,1,1,-+/++/--/-+,81/262144,81,262144
independent/fresh/k4,1,1,1,-+/++/--/+-,81/262144,81,262144
independent/fresh/k4,1,1,1,-+/++/--/++,243/262144,243,262144
independent/fresh/k4,1,1,1,-+/++/-+/--,81/262144,81,262144
independent/fresh/k4,1,1,1,-+/++/-+/-+,243/262144,243,262144
independent/fresh/k4,1,1,1,-+/++/-+/+-,243/262144,243,262144
independent/fresh/k4,1,1,1,-+/++/-+/++,729/262144,729,262144
independent/fresh/k4,1,1,1,-+/++/+-/--,81/262144,81,262144
independent/fresh/k4,1,1,1,-+/++/+-/-+,243/262144,243,262144
independent/fresh/k4,1,1,1,-+/++/+-/+-,243/262144,243,262144
independent/fresh/k4,1,1,1,-+/++/+-/++,729/262144,729,262144
independent/fresh/k4,1,1,1,-+/++/++/--,243/262144,243,262144
independent/fresh/k4,1,1,1,-+/++/++/-+,729/262144,729,262144
independent/fresh/k4,1,1,1,-+/++/++/+-,729/262144,729,262144
independent/fresh/k4,1,1,1,-+/++/++/++,2187/262144,2187,262144
independent/fresh/k4,1,1,1,+-/--/--/--,3/262144,3,262144
independent/fresh/k4,1,1,1,+-/--/--/-+,9/262144,9,262144
independent/fresh/k4,1,1,1,+-/--/--/+-,9/262144,9,262144
independent/fresh/k4,1,1,1,+-/--/--/++,27/262144,27,262144
independent/fresh/k4,1,1,1,+-/--/-+/--,9/262144,9,262144
independent/fresh/k4,1,1,1,+-/--/-+/-+,27/262144,27,262144
independent/fresh/k4,1,1,1,+-/--/-+/+-,27/262144,27,262144
independent/fresh/k4,1,1,1,+-/--/-+/++,81/262144,81,262144
independent/fresh/k4,1,1,1,+-/--/+-/--,9/262144,9,262144
independent/fresh/k4,1,1,1,+-/--/+-/-+,27/262144,27,262144
independent/fresh/k4,1,1,1,+-/--/+-/+-,27/262144,27,262144
independent/fresh/k4,1,1,1,+-/--/+-/++,81/262144,81,262144
independent/fresh/k4,1,1,1,+-/--/++/--,27/262144,27,262144
independent/fresh/k4,1,1,1,+-/--/++/-+,81/262144,81,262144
independent/fresh/k4,1,1,1,+-/--/++/+-,81/262144,81,262144
independent/fresh/k4,1,1,1,+-/--/++/++,243/262144,243,262144
independent/fresh/k4,1,1,1,+-/-+/--/--,9/262144,9,262144
independent/fresh/k4,1,1,1,+-/-+/--/-+,27/262144,27,262144
independent/fresh/k4,1,1,1,+-/-+/--/+-,27/262144,27,262144
independent/fresh/k4,1,1,1,+-/-+/--/++,81/262144,81,262144
independent/fresh/k4,1,1,1,+-/-+/-+/--,27/262144,27,262144
independent/fresh/k4,1,1,1,+-/-+/-+/-+,81/262144,81,262144
independent/fresh/k4,1,1,1,+-/-+/-+/+-,81/262144,81,262144
independent/fresh/k4,1,1,1,+-/-+/-+/++,243/262144,243,262144
independent/fresh/k4,1,1,1,+-/-+/+-/--,27/262144,27,262144
independent/fresh/k4,1,1,1,+-/-+/+-/-+,81/262144,81,262144
independent/fresh/k4,1,1,1,+-/-+/+-/+-,81/262144,81,262144
independent/fresh/k4,1,1,1,+-/-+/+-/++,243/262144,243,262144
independent/fresh/k4,1,1,1,+-/-+/++/--,81/262144,81,262144
independent/fresh/k4,1,1,1,+-/-+/++/-+,243/262144,243,262144
independent/fresh/k4,1,1,1,+-/-+/++/+-,243/262144,243,262144
independent/fresh/k4,1,1,1,+-/-+/++/++,729/262144,729,262144
independent/fresh/k4,1,1,1,+-/+-/--/--,9/262144,9,262144
independent/fresh/k4,1,1,1,+-/+-/--/-+,27/262144,27,262144
independent/fresh/k4,1,1,1,+-/+-/--/+-,27/262144,27,262144
independent/fresh/k4,1,1,1,+-/+-/--/++,81/262144,81,262144
independent/fresh/k4,1,1,1,+-/+-/-+/--,27/262144,27,262144
independent/fresh/k4,1,1,1,+-/+-/-+/-+,81/262144,81,262144
independent/fresh/k4,1,1,1,+-/+-/-+/+-,81/262144,81,262144
independent/fresh/k4,1,1,1,+-/+-/-+/++,243/262144,243,262144
independent/fresh/k4,1,1,1,+-/+-/+-/--,27/262144,27,262144
independent/fresh/k4,1,1,1,+-/+-/+-/-+,81/262144,81,262144
independent/fresh/k4,1,1,1,+-/+-/+-/+-,81/262144,81,262144
independent/fresh/k4,1,1,1,+-/+-/+-/++,243/262144,243,262144
independent/fresh/k4,1,1,1,+-/+-/++/--,81/262144,81,262144
independent/fresh/k4,1,1,1,+-/+-/++/-+,243/262144,243,262144
independent/fresh/k4,1,1,1,+-/+-/++/+-,243/262144,243,262144
independent/fresh/k4,1,1,1,+-/+-/++/++,729/262144,729,262144
independent/fresh/k4,1,1,1,+-/++/--/--,27/262144,27,262144
independent/fresh/k4,1,1,1,+-/++/--/-+,81/262144,81,262144
independent/fresh/k4,1,1,1,+-/++/--/+-,81/262144,81,262144
independent/fresh/k4,1,1,1,+-/++/--/++,243/262144,243,262144
independent/fresh/k4,1,1,1,+-/++/-+/--,81/262144,81,262144
independent/fresh/k4,1,1,1,+-/++/-+/-+,243/262144,243,262144
independent/fresh/k4,1,1,1,+-/++/-+/+-,243/262144,243,262144
independent/fresh/k4,1,1,1,+-/++/-+/++,729/262144,729,262144
independent/fresh/k4,1,1,1,+-/++/+-/--,81/262144,81,262144
independent/fresh/k4,1,1,1,+-/++/+-/-+,243/262144,243,262144
independent/fresh/k4,1,1,1,+-/++/+-/+-,243/262144,243,262144
independent/fresh/k4,1,1,1,+-/++/+-/++,729/262144,729,262144
independent/fresh/k4,1,1,1,+-/++/++/--,243/262144,243,262144
independent/fresh/k4,1,1,1,+-/++/++/-+,729/262144,729,262144
independent/fresh/k4,1,1,1,+-/++/++/+-,729/262144,729,262144
independent/fresh/k4,1,1,1,+-/++/++/++,2187/262144,2187,262144
independent/fresh/k4,1,1,1,++/--/--/--,9/262144,9,262144
independent/fresh/k4,1,1,1,++/--/--/-+,27/262144,27,262144
independent/fresh/k4,1,1,1,++/--/--/+-,27/262144,27,262144
independent/fresh/k4,1,1,1,++/--/--/++,81/262144,81,262144
independent/fresh/k4,1,1,1,++/--/-+/--,27/262144,27,262144
independent/fresh/k4,1,1,1,++/--/-+/-+,81/262144,81,262144
independent/fresh/k4,1,1,1,++/--/-+/+-,81/262144,81,262144
independent/fresh/k4,1,1,1,++/--/-+/++,243/262144,243,262144
independent/fresh/k4,1,1,1,++/--/+-/--,27/262144,27,262144
independent/fresh/k4,1,1,1,++/--/+-/-+,81/262144,81,262144
independent/fresh/k4,1,1,1,++/--/+-/+-,81/262144,81,262144
independent/fresh/k4,1,1,1,++/--/+-/++,243/262144,243,262144
independent/fresh/k4,1,1,1,++/--/++/--,81/262144,81,262144
independent/fresh/k4,1,1,1,++/--/++/-+,243/262144,243,262144
independent/fresh/k4,1,1,1,++/--/++/+-,243/262144,243,262144
independent/fresh/k4,1,1,1,++/--/++/++,729/262144,729,262144
independent/fresh/k4,1,1,1,++/-+/--/--,27/262144,27,262144
independent/fresh/k4,1,1,1,++/-+/--/-+,81/262144,81,262144
independent/fresh/k4,1,1,1,++/-+/--/+-,81/262144,81,262144
independent/fresh/k4,1,1,1,++/-+/--/++,243/262144,243,262144
independent/fresh/k4,1,1,1,++/-+/-+/--,81/262144,81,262144
independent/fresh/k4,1,1,1,++/-+/-+/-+,243/262144,243,262144
independent/fresh/k4,1,1,1,++/-+/-+/+-,243/262144,243,262144
independent/fresh/k4,1,1,1,++/-+/-+/++,729/262144,729,262144
independent/fresh/k4,1,1,1,++/-+/+-/--,81/262144,81,262144
independent/fresh/k4,1,1,1,++/-+/+-/-+,243/262144,243,262144
independent/fresh/k4,1,1,1,++/-+/+-/+-,243/262144,243,262144
independent/fresh/k4,1,1,1,++/-+/+-/++,729/262144,729,262144
independent/fresh/k4,1,1,1,++/-+/++/--,243/262144,243,262144
independent/fresh/k4,1,1,1,++/-+/++/-+,729/262144,729,262144
independent/fresh/k4,1,1,1,++/-+/++/+-,729/262144,729,262144
independent/fresh/k4,1,1,1,++/-+/++/++,2187/262144,2187,262144
independent/fresh/k4,1,1,1,++/+-/--/--,27/262144,27,262144
independent/fresh/k4,1,1,1,++/+-/--/-+,81/262144,81,262144
independent/fresh/k4,1,1,1,++/+-/--/+-,81/262144,81,262144
independent/fresh/k4,1,1,1,++/+-/--/++,243/262144,243,262144
independent/fresh/k4,1,1,1,++/+-/-+/--,81/262144,81,262144
independent/fresh/k4,1,1,1,++/+-/-+/-+,243/262144,243,262144
independent/fresh/k4,1,1,1,++/+-/-+/+-,243/262144,243,262144
independent/fresh/k4,1,1,1,++/+-/-+/++,729/262144,729,262144
independent/fresh/k4,1,1,1,++/+-/+-/--,81/262144,81,262144
independent/fresh/k4,1,1,1,++/+-/+-/-+,243/262144,243,262144
independent/fresh/k4,1,1,1,++/+-/+-/+-,243/262144,243,262144
independent/fresh/k4,1,1,1,++/+-/+-/++,729/262144,729,262144
independent/fresh/k4,1,1,1,++/+-/++/--,243/262144,243,262144
independent/fresh/k4,1,1,1,++/+-/++/-+,729/262144,729,262144
independent/fresh/k4,1,1,1,++/+-/++/+-,729/262144,729,262144
independent/fresh/k4,1,1,1,++/+-/++/++,2187/262144,2187,262144
independent/fresh/k4,1,1,1,++/++/--/--,81/262144,81,262144
independent/fresh/k4,1,1,1,++/++/--/-+,243/262144,243,262144
independent/fresh/k4,1,1,1,++/++/--/+-,243/262144,243,262144
independent/fresh/k4,1,1,1,++/++/--/++,729/262144,729,262144
independent/fresh/k4,1,1,1,++/++/-+/--,243/262144,243,262144
independent/fresh/k4,1,1,1,++/++/-+/-+,729/262144,729,262144
independent/fresh/k4,1,1,1,++/++/-+/+-,729/262144,729,262144
independent/fresh/k4,1,1,1,++/++/-+/++,2187/262144,2187,262144
independent/fresh/k4,1,1,1,++/++/+-/--,243/262144,243,262144
independent/fresh/k4,1,1,1,++/++/+-/-+,729/262144,729,262144
independent/fresh/k4,1,1,1,++/++/+-/+-,729/262144,729,262144
independent/fresh/k4,1,1,1,++/++/+-/++,2187/262144,2187,262144
independent/fresh/k4,1,1,1,++/++/++/--,729/262144,729,262144
independent/fresh/k4,1,1,1,++/++/++/-+,2187/262144,2187,262144
independent/fresh/k4,1,1,1,++/++/++/+-,2187/262144,2187,262144
independent/fresh/k4,1,1,1,++/++/++/++,6561/262144,6561,262144
independent/cached/k1,-1,-1,1,--,9/64,9,64
independent/cached/k1,-1,-1,1,-+,3/64,3,64
independent/cached/k1,-1,-1,1,+-,3/64,3,64
independent/cached/k1,-1,-1,1,++,1/64,1,64
independent/cached/k1,-1,1,-1,--,3/64,3,64
independent/cached/k1,-1,1,-1,-+,9/64,9,64
independent/cached/k1,-1,1,-1,+-,1/64,1,64
independent/cached/k1,-1,1,-1,++,3/64,3,64
independent/cached/k1,1,-1,-1,--,3/64,3,64
independent/cached/k1,1,-1,-1,-+,1/64,1,64
independent/cached/k1,1,-1,-1,+-,9/64,9,64
independent/cached/k1,1,-1,-1,++,3/64,3,64
independent/cached/k1,1,1,1,--,1/64,1,64
independent/cached/k1,1,1,1,-+,3/64,3,64
independent/cached/k1,1,1,1,+-,3/64,3,64
independent/cached/k1,1,1,1,++,9/64,9,64
independent/cached/k2,-1,-1,1,--/--,9/64,9,64
independent/cached/k2,-1,-1,1,--/-+,0,0,1
independent/cached/k2,-1,-1,1,--/+-,0,0,1
independent/cached/k2,-1,-1,1,--/++,0,0,1
independent/cached/k2,-1,-1,1,-+/--,0,0,1
independent/cached/k2,-1,-1,1,-+/-+,3/64,3,64
independent/cached/k2,-1,-1,1,-+/+-,0,0,1
independent/cached/k2,-1,-1,1,-+/++,0,0,1
independent/cached/k2,-1,-1,1,+-/--,0,0,1
independent/cached/k2,-1,-1,1,+-/-+,0,0,1
independent/cached/k2,-1,-1,1,+-/+-,3/64,3,64
independent/cached/k2,-1,-1,1,+-/++,0,0,1
independent/cached/k2,-1,-1,1,++/--,0,0,1
independent/cached/k2,-1,-1,1,++/-+,0,0,1
independent/cached/k2,-1,-1,1,++/+-,0,0,1
independent/cached/k2,-1,-1,1,++/++,1/64,1,64
independent/cached/k2,-1,1,-1,--/--,3/64,3,64
independent/cached/k2,-1,1,-1,--/-+,0,0,1
independent/cached/k2,-1,1,-1,--/+-,0,0,1
independent/cached/k2,-1,1,-1,--/++,0,0,1
independent/cached/k2,-1,1,-1,-+/--,0,0,1
independent/cached/k2,-1,1,-1,-+/-+,9/64,9,64
independent/cached/k2,-1,1,-1,-+/+-,0,0,1
independent/cached/k2,-1,1,-1,-+/++,0,0,1
independent/cached/k2,-1,1,-1,+-/--,0,0,1
independent/cached/k2,-1,1,-1,+-/-+,0,0,1
independent/cached/k2,-1,1,-1,+-/+-,1/64,1,64
independent/cached/k2,-1,1,-1,+-/++,0,0,1
independent/cached/k2,-1,1,-1,++/--,0,0,1
independent/cached/k2,-1,1,-1,++/-+,0,0,1
independent/cached/k2,-1,1,-1,++/+-,0,0,1
independent/cached/k2,-1,1,-1,++/++,3/64,3,64
independent/cached/k2,1,-1,-1,--/--,3/64,3,64
independent/cached/k2,1,-1,-1,--/-+,0,0,1
independent/cached/k2,1,-1,-1,--/+-,0,0,1
independent/cached/k2,1,-1,-1,--/++,0,0,1
independent/cached/k2,1,-1,-1,-+/--,0,0,1
independent/cached/k2,1,-1,-1,-+/-+,1/64,1,64
independent/cached/k2,1,-1,-1,-+/+-,0,0,1
independent/cached/k2,1,-1,-1,-+/++,0,0,1
independent/cached/k2,1,-1,-1,+-/--,0,0,1
independent/cached/k2,1,-1,-1,+-/-+,0,0,1
independent/cached/k2,1,-1,-1,+-/+-,9/64,9,64
independent/cached/k2,1,-1,-1,+-/++,0,0,1
independent/cached/k2,1,-1,-1,++/--,0,0,1
independent/cached/k2,1,-1,-1,++/-+,0,0,1
independent/cached/k2,1,-1,-1,++/+-,0,0,1
independent/cached/k2,1,-1,-1,++/++,3/64,3,64
independent/cached/k2,1,1,1,--/--,1/64,1,64
independent/cached/k2,1,1,1,--/-+,0,0,1
independent/cached/k2,1,1,1,--/+-,0,0,1
independent/cached/k2,1,1,1,--/++,0,0,1
independent/cached/k2,1,1,1,-+/--,0,0,1
independent/cached/k2,1,1,1,-+/-+,3/64,3,64
independent/cached/k2,1,1,1,-+/+-,0,0,1
independent/cached/k2,1,1,1,-+/++,0,0,1
independent/cached/k2,1,1,1,+-/--,0,0,1
independent/cached/k2,1,1,1,+-/-+,0,0,1
independent/cached/k2,1,1,1,+-/+-,3/64,3,64
independent/cached/k2,1,1,1,+-/++,0,0,1
independent/cached/k2,1,1,1,++/--,0,0,1
independent/cached/k2,1,1,1,++/-+,0,0,1
independent/cached/k2,1,1,1,++/+-,0,0,1
independent/cached/k2,1,1,1,++/++,9/64,9,64
independent/cached/k4,-1,-1,1,--/--/--/--,9/64,9,64
independent/cached/k4,-1,-1,1,--/--/--/-+,0,0,1
independent/cached/k4,-1,-1,1,--/--/--/+-,0,0,1
independent/cached/k4,-1,-1,1,--/--/--/++,0,0,1
independent/cached/k4,-1,-1,1,--/--/-+/--,0,0,1
independent/cached/k4,-1,-1,1,--/--/-+/-+,0,0,1
independent/cached/k4,-1,-1,1,--/--/-+/+-,0,0,1
independent/cached/k4,-1,-1,1,--/--/-+/++,0,0,1
independent/cached/k4,-1,-1,1,--/--/+-/--,0,0,1
independent/cached/k4,-1,-1,1,--/--/+-/-+,0,0,1
independent/cached/k4,-1,-1,1,--/--/+-/+-,0,0,1
independent/cached/k4,-1,-1,1,--/--/+-/++,0,0,1
independent/cached/k4,-1,-1,1,--/--/++/--,0,0,1
independent/cached/k4,-1,-1,1,--/--/++/-+,0,0,1
independent/cached/k4,-1,-1,1,--/--/++/+-,0,0,1
independent/cached/k4,-1,-1,1,--/--/++/++,0,0,1
independent/cached/k4,-1,-1,1,--/-+/--/--,0,0,1
independent/cached/k4,-1,-1,1,--/-+/--/-+,0,0,1
independent/cached/k4,-1,-1,1,--/-+/--/+-,0,0,1
independent/cached/k4,-1,-1,1,--/-+/--/++,0,0,1
independent/cached/k4,-1,-1,1,--/-+/-+/--,0,0,1
independent/cached/k4,-1,-1,1,--/-+/-+/-+,0,0,1
independent/cached/k4,-1,-1,1,--/-+/-+/+-,0,0,1
independent/cached/k4,-1,-1,1,--/-+/-+/++,0,0,1
independent/cached/k4,-1,-1,1,--/-+/+-/--,0,0,1
independent/cached/k4,-1,-1,1,--/-+/+-/-+,0,0,1
independent/cached/k4,-1,-1,1,--/-+/+-/+-,0,0,1
independent/cached/k4,-1,-1,1,--/-+/+-/++,0,0,1
independent/cached/k4,-1,-1,1,--/-+/++/--,0,0,1
independent/cached/k4,-1,-1,1,--/-+/++/-+,0,0,1
independent/cached/k4,-1,-1,1,--/-+/++/+-,0,0,1
independent/cached/k4,-1,-1,1,--/-+/++/++,0,0,1
independent/cached/k4,-1,-1,1,--/+-/--/--,0,0,1
independent/cached/k4,-1,-1,1,--/+-/--/-+,0,0,1
independent/cached/k4,-1,-1,1,--/+-/--/+-,0,0,1
independent/cached/k4,-1,-1,1,--/+-/--/++,0,0,1
independent/cached/k4,-1,-1,1,--/+-/-+/--,0,0,1
independent/cached/k4,-1,-1,1,--/+-/-+/-+,0,0,1
independent/cached/k4,-1,-1,1,--/+-/-+/+-,0,0,1
independent/cached/k4,-1,-1,1,--/+-/-+/++,0,0,1
independent/cached/k4,-1,-1,1,--/+-/+-/--,0,0,1
independent/cached/k4,-1,-1,1,--/+-/+-/-+,0,0,1
independent/cached/k4,-1,-1,1,--/+-/+-/+-,0,0,1
independent/cached/k4,-1,-1,1,--/+-/+-/++,0,0,1
independent/cached/k4,-1,-1,1,--/+-/++/--,0,0,1
independent/cached/k4,-1,-1,1,--/+-/++/-+,0,0,1
independent/cached/k4,-1,-1,1,--/+-/++/+-,0,0,1
independent/cached/k4,-1,-1,1,--/+-/++/++,0,0,1
independent/cached/k4,-1,-1,1,--/++/--/--,0,0,1
independent/cached/k4,-1,-1,1,--/++/--/-+,0,0,1
independent/cached/k4,-1,-1,1,--/++/--/+-,0,0,1
independent/cached/k4,-1,-1,1,--/++/--/++,0,0,1
independent/cached/k4,-1,-1,1,--/++/-+/--,0,0,1
independent/cached/k4,-1,-1,1,--/++/-+/-+,0,0,1
independent/cached/k4,-1,-1,1,--/++/-+/+-,0,0,1
independent/cached/k4,-1,-1,1,--/++/-+/++,0,0,1
independent/cached/k4,-1,-1,1,--/++/+-/--,0,0,1
independent/cached/k4,-1,-1,1,--/++/+-/-+,0,0,1
independent/cached/k4,-1,-1,1,--/++/+-/+-,0,0,1
independent/cached/k4,-1,-1,1,--/++/+-/++,0,0,1
independent/cached/k4,-1,-1,1,--/++/++/--,0,0,1
independent/cached/k4,-1,-1,1,--/++/++/-+,0,0,1
independent/cached/k4,-1,-1,1,--/++/++/+-,0,0,1
independent/cached/k4,-1,-1,1,--/++/++/++,0,0,1
independent/cached/k4,-1,-1,1,-+/--/--/--,0,0,1
independent/cached/k4,-1,-1,1,-+/--/--/-+,0,0,1
independent/cached/k4,-1,-1,1,-+/--/--/+-,0,0,1
independent/cached/k4,-1,-1,1,-+/--/--/++,0,0,1
independent/cached/k4,-1,-1,1,-+/--/-+/--,0,0,1
independent/cached/k4,-1,-1,1,-+/--/-+/-+,0,0,1
independent/cached/k4,-1,-1,1,-+/--/-+/+-,0,0,1
independent/cached/k4,-1,-1,1,-+/--/-+/++,0,0,1
independent/cached/k4,-1,-1,1,-+/--/+-/--,0,0,1
independent/cached/k4,-1,-1,1,-+/--/+-/-+,0,0,1
independent/cached/k4,-1,-1,1,-+/--/+-/+-,0,0,1
independent/cached/k4,-1,-1,1,-+/--/+-/++,0,0,1
independent/cached/k4,-1,-1,1,-+/--/++/--,0,0,1
independent/cached/k4,-1,-1,1,-+/--/++/-+,0,0,1
independent/cached/k4,-1,-1,1,-+/--/++/+-,0,0,1
independent/cached/k4,-1,-1,1,-+/--/++/++,0,0,1
independent/cached/k4,-1,-1,1,-+/-+/--/--,0,0,1
independent/cached/k4,-1,-1,1,-+/-+/--/-+,0,0,1
independent/cached/k4,-1,-1,1,-+/-+/--/+-,0,0,1
independent/cached/k4,-1,-1,1,-+/-+/--/++,0,0,1
independent/cached/k4,-1,-1,1,-+/-+/-+/--,0,0,1
independent/cached/k4,-1,-1,1,-+/-+/-+/-+,3/64,3,64
independent/cached/k4,-1,-1,1,-+/-+/-+/+-,0,0,1
independent/cached/k4,-1,-1,1,-+/-+/-+/++,0,0,1
independent/cached/k4,-1,-1,1,-+/-+/+-/--,0,0,1
independent/cached/k4,-1,-1,1,-+/-+/+-/-+,0,0,1
independent/cached/k4,-1,-1,1,-+/-+/+-/+-,0,0,1
independent/cached/k4,-1,-1,1,-+/-+/+-/++,0,0,1
independent/cached/k4,-1,-1,1,-+/-+/++/--,0,0,1
independent/cached/k4,-1,-1,1,-+/-+/++/-+,0,0,1
independent/cached/k4,-1,-1,1,-+/-+/++/+-,0,0,1
independent/cached/k4,-1,-1,1,-+/-+/++/++,0,0,1
independent/cached/k4,-1,-1,1,-+/+-/--/--,0,0,1
independent/cached/k4,-1,-1,1,-+/+-/--/-+,0,0,1
independent/cached/k4,-1,-1,1,-+/+-/--/+-,0,0,1
independent/cached/k4,-1,-1,1,-+/+-/--/++,0,0,1
independent/cached/k4,-1,-1,1,-+/+-/-+/--,0,0,1
independent/cached/k4,-1,-1,1,-+/+-/-+/-+,0,0,1
independent/cached/k4,-1,-1,1,-+/+-/-+/+-,0,0,1
independent/cached/k4,-1,-1,1,-+/+-/-+/++,0,0,1
independent/cached/k4,-1,-1,1,-+/+-/+-/--,0,0,1
independent/cached/k4,-1,-1,1,-+/+-/+-/-+,0,0,1
independent/cached/k4,-1,-1,1,-+/+-/+-/+-,0,0,1
independent/cached/k4,-1,-1,1,-+/+-/+-/++,0,0,1
independent/cached/k4,-1,-1,1,-+/+-/++/--,0,0,1
independent/cached/k4,-1,-1,1,-+/+-/++/-+,0,0,1
independent/cached/k4,-1,-1,1,-+/+-/++/+-,0,0,1
independent/cached/k4,-1,-1,1,-+/+-/++/++,0,0,1
independent/cached/k4,-1,-1,1,-+/++/--/--,0,0,1
independent/cached/k4,-1,-1,1,-+/++/--/-+,0,0,1
independent/cached/k4,-1,-1,1,-+/++/--/+-,0,0,1
independent/cached/k4,-1,-1,1,-+/++/--/++,0,0,1
independent/cached/k4,-1,-1,1,-+/++/-+/--,0,0,1
independent/cached/k4,-1,-1,1,-+/++/-+/-+,0,0,1
independent/cached/k4,-1,-1,1,-+/++/-+/+-,0,0,1
independent/cached/k4,-1,-1,1,-+/++/-+/++,0,0,1
independent/cached/k4,-1,-1,1,-+/++/+-/--,0,0,1
independent/cached/k4,-1,-1,1,-+/++/+-/-+,0,0,1
independent/cached/k4,-1,-1,1,-+/++/+-/+-,0,0,1
independent/cached/k4,-1,-1,1,-+/++/+-/++,0,0,1
independent/cached/k4,-1,-1,1,-+/++/++/--,0,0,1
independent/cached/k4,-1,-1,1,-+/++/++/-+,0,0,1
independent/cached/k4,-1,-1,1,-+/++/++/+-,0,0,1
independent/cached/k4,-1,-1,1,-+/++/++/++,0,0,1
independent/cached/k4,-1,-1,1,+-/--/--/--,0,0,1
independent/cached/k4,-1,-1,1,+-/--/--/-+,0,0,1
independent/cached/k4,-1,-1,1,+-/--/--/+-,0,0,1
independent/cached/k4,-1,-1,1,+-/--/--/++,0,0,1
independent/cached/k4,-1,-1,1,+-/--/-+/--,0,0,1
independent/cached/k4,-1,-1,1,+-/--/-+/-+,0,0,1
independent/cached/k4,-1,-1,1,+-/--/-+/+-,0,0,1
independent/cached/k4,-1,-1,1,+-/--/-+/++,0,0,1
independent/cached/k4,-1,-1,1,+-/--/+-/--,0,0,1
independent/cached/k4,-1,-1,1,+-/--/+-/-+,0,0,1
independent/cached/k4,-1,-1,1,+-/--/+-/+-,0,0,1
independent/cached/k4,-1,-1,1,+-/--/+-/++,0,0,1
independent/cached/k4,-1,-1,1,+-/--/++/--,0,0,1
independent/cached/k4,-1,-1,1,+-/--/++/-+,0,0,1
independent/cached/k4,-1,-1,1,+-/--/++/+-,0,0,1
independent/cached/k4,-1,-1,1,+-/--/++/++,0,0,1
independent/cached/k4,-1,-1,1,+-/-+/--/--,0,0,1
independent/cached/k4,-1,-1,1,+-/-+/--/-+,0,0,1
independent/cached/k4,-1,-1,1,+-/-+/--/+-,0,0,1
independent/cached/k4,-1,-1,1,+-/-+/--/++,0,0,1
independent/cached/k4,-1,-1,1,+-/-+/-+/--,0,0,1
independent/cached/k4,-1,-1,1,+-/-+/-+/-+,0,0,1
independent/cached/k4,-1,-1,1,+-/-+/-+/+-,0,0,1
independent/cached/k4,-1,-1,1,+-/-+/-+/++,0,0,1
independent/cached/k4,-1,-1,1,+-/-+/+-/--,0,0,1
independent/cached/k4,-1,-1,1,+-/-+/+-/-+,0,0,1
independent/cached/k4,-1,-1,1,+-/-+/+-/+-,0,0,1
independent/cached/k4,-1,-1,1,+-/-+/+-/++,0,0,1
independent/cached/k4,-1,-1,1,+-/-+/++/--,0,0,1
independent/cached/k4,-1,-1,1,+-/-+/++/-+,0,0,1
independent/cached/k4,-1,-1,1,+-/-+/++/+-,0,0,1
independent/cached/k4,-1,-1,1,+-/-+/++/++,0,0,1
independent/cached/k4,-1,-1,1,+-/+-/--/--,0,0,1
independent/cached/k4,-1,-1,1,+-/+-/--/-+,0,0,1
independent/cached/k4,-1,-1,1,+-/+-/--/+-,0,0,1
independent/cached/k4,-1,-1,1,+-/+-/--/++,0,0,1
independent/cached/k4,-1,-1,1,+-/+-/-+/--,0,0,1
independent/cached/k4,-1,-1,1,+-/+-/-+/-+,0,0,1
independent/cached/k4,-1,-1,1,+-/+-/-+/+-,0,0,1
independent/cached/k4,-1,-1,1,+-/+-/-+/++,0,0,1
independent/cached/k4,-1,-1,1,+-/+-/+-/--,0,0,1
independent/cached/k4,-1,-1,1,+-/+-/+-/-+,0,0,1
independent/cached/k4,-1,-1,1,+-/+-/+-/+-,3/64,3,64
independent/cached/k4,-1,-1,1,+-/+-/+-/++,0,0,1
independent/cached/k4,-1,-1,1,+-/+-/++/--,0,0,1
independent/cached/k4,-1,-1,1,+-/+-/++/-+,0,0,1
independent/cached/k4,-1,-1,1,+-/+-/++/+-,0,0,1
independent/cached/k4,-1,-1,1,+-/+-/++/++,0,0,1
independent/cached/k4,-1,-1,1,+-/++/--/--,0,0,1
independent/cached/k4,-1,-1,1,+-/++/--/-+,0,0,1
independent/cached/k4,-1,-1,1,+-/++/--/+-,0,0,1
independent/cached/k4,-1,-1,1,+-/++/--/++,0,0,1
independent/cached/k4,-1,-1,1,+-/++/-+/--,0,0,1
independent/cached/k4,-1,-1,1,+-/++/-+/-+,0,0,1
independent/cached/k4,-1,-1,1,+-/++/-+/+-,0,0,1
independent/cached/k4,-1,-1,1,+-/++/-+/++,0,0,1
independent/cached/k4,-1,-1,1,+-/++/+-/--,0,0,1
independent/cached/k4,-1,-1,1,+-/++/+-/-+,0,0,1
independent/cached/k4,-1,-1,1,+-/++/+-/+-,0,0,1
independent/cached/k4,-1,-1,1,+-/++/+-/++,0,0,1
independent/cached/k4,-1,-1,1,+-/++/++/--,0,0,1
independent/cached/k4,-1,-1,1,+-/++/++/-+,0,0,1
independent/cached/k4,-1,-1,1,+-/++/++/+-,0,0,1
independent/cached/k4,-1,-1,1,+-/++/++/++,0,0,1
independent/cached/k4,-1,-1,1,++/--/--/--,0,0,1
independent/cached/k4,-1,-1,1,++/--/--/-+,0,0,1
independent/cached/k4,-1,-1,1,++/--/--/+-,0,0,1
independent/cached/k4,-1,-1,1,++/--/--/++,0,0,1
independent/cached/k4,-1,-1,1,++/--/-+/--,0,0,1
independent/cached/k4,-1,-1,1,++/--/-+/-+,0,0,1
independent/cached/k4,-1,-1,1,++/--/-+/+-,0,0,1
independent/cached/k4,-1,-1,1,++/--/-+/++,0,0,1
independent/cached/k4,-1,-1,1,++/--/+-/--,0,0,1
independent/cached/k4,-1,-1,1,++/--/+-/-+,0,0,1
independent/cached/k4,-1,-1,1,++/--/+-/+-,0,0,1
independent/cached/k4,-1,-1,1,++/--/+-/++,0,0,1
independent/cached/k4,-1,-1,1,++/--/++/--,0,0,1
independent/cached/k4,-1,-1,1,++/--/++/-+,0,0,1
independent/cached/k4,-1,-1,1,++/--/++/+-,0,0,1
independent/cached/k4,-1,-1,1,++/--/++/++,0,0,1
independent/cached/k4,-1,-1,1,++/-+/--/--,0,0,1
independent/cached/k4,-1,-1,1,++/-+/--/-+,0,0,1
independent/cached/k4,-1,-1,1,++/-+/--/+-,0,0,1
independent/cached/k4,-1,-1,1,++/-+/--/++,0,0,1
independent/cached/k4,-1,-1,1,++/-+/-+/--,0,0,1
independent/cached/k4,-1,-1,1,++/-+/-+/-+,0,0,1
independent/cached/k4,-1,-1,1,++/-+/-+/+-,0,0,1
independent/cached/k4,-1,-1,1,++/-+/-+/++,0,0,1
independent/cached/k4,-1,-1,1,++/-+/+-/--,0,0,1
independent/cached/k4,-1,-1,1,++/-+/+-/-+,0,0,1
independent/cached/k4,-1,-1,1,++/-+/+-/+-,0,0,1
independent/cached/k4,-1,-1,1,++/-+/+-/++,0,0,1
independent/cached/k4,-1,-1,1,++/-+/++/--,0,0,1
independent/cached/k4,-1,-1,1,++/-+/++/-+,0,0,1
independent/cached/k4,-1,-1,1,++/-+/++/+-,0,0,1
independent/cached/k4,-1,-1,1,++/-+/++/++,0,0,1
independent/cached/k4,-1,-1,1,++/+-/--/--,0,0,1
independent/cached/k4,-1,-1,1,++/+-/--/-+,0,0,1
independent/cached/k4,-1,-1,1,++/+-/--/+-,0,0,1
independent/cached/k4,-1,-1,1,++/+-/--/++,0,0,1
independent/cached/k4,-1,-1,1,++/+-/-+/--,0,0,1
independent/cached/k4,-1,-1,1,++/+-/-+/-+,0,0,1
independent/cached/k4,-1,-1,1,++/+-/-+/+-,0,0,1
independent/cached/k4,-1,-1,1,++/+-/-+/++,0,0,1
independent/cached/k4,-1,-1,1,++/+-/+-/--,0,0,1
independent/cached/k4,-1,-1,1,++/+-/+-/-+,0,0,1
independent/cached/k4,-1,-1,1,++/+-/+-/+-,0,0,1
independent/cached/k4,-1,-1,1,++/+-/+-/++,0,0,1
independent/cached/k4,-1,-1,1,++/+-/++/--,0,0,1
independent/cached/k4,-1,-1,1,++/+-/++/-+,0,0,1
independent/cached/k4,-1,-1,1,++/+-/++/+-,0,0,1
independent/cached/k4,-1,-1,1,++/+-/++/++,0,0,1
independent/cached/k4,-1,-1,1,++/++/--/--,0,0,1
independent/cached/k4,-1,-1,1,++/++/--/-+,0,0,1
independent/cached/k4,-1,-1,1,++/++/--/+-,0,0,1
independent/cached/k4,-1,-1,1,++/++/--/++,0,0,1
independent/cached/k4,-1,-1,1,++/++/-+/--,0,0,1
independent/cached/k4,-1,-1,1,++/++/-+/-+,0,0,1
independent/cached/k4,-1,-1,1,++/++/-+/+-,0,0,1
independent/cached/k4,-1,-1,1,++/++/-+/++,0,0,1
independent/cached/k4,-1,-1,1,++/++/+-/--,0,0,1
independent/cached/k4,-1,-1,1,++/++/+-/-+,0,0,1
independent/cached/k4,-1,-1,1,++/++/+-/+-,0,0,1
independent/cached/k4,-1,-1,1,++/++/+-/++,0,0,1
independent/cached/k4,-1,-1,1,++/++/++/--,0,0,1
independent/cached/k4,-1,-1,1,++/++/++/-+,0,0,1
independent/cached/k4,-1,-1,1,++/++/++/+-,0,0,1
independent/cached/k4,-1,-1,1,++/++/++/++,1/64,1,64
independent/cached/k4,-1,1,-1,--/--/--/--,3/64,3,64
independent/cached/k4,-1,1,-1,--/--/--/-+,0,0,1
independent/cached/k4,-1,1,-1,--/--/--/+-,0,0,1
independent/cached/k4,-1,1,-1,--/--/--/++,0,0,1
independent/cached/k4,-1,1,-1,--/--/-+/--,0,0,1
independent/cached/k4,-1,1,-1,--/--/-+/-+,0,0,1
independent/cached/k4,-1,1,-1,--/--/-+/+-,0,0,1
independent/cached/k4,-1,1,-1,--/--/-+/++,0,0,1
independent/cached/k4,-1,1,-1,--/--/+-/--,0,0,1
independent/cached/k4,-1,1,-1,--/--/+-/-+,0,0,1
independent/cached/k4,-1,1,-1,--/--/+-/+-,0,0,1
independent/cached/k4,-1,1,-1,--/--/+-/++,0,0,1
independent/cached/k4,-1,1,-1,--/--/++/--,0,0,1
independent/cached/k4,-1,1,-1,--/--/++/-+,0,0,1
independent/cached/k4,-1,1,-1,--/--/++/+-,0,0,1
independent/cached/k4,-1,1,-1,--/--/++/++,0,0,1
independent/cached/k4,-1,1,-1,--/-+/--/--,0,0,1
independent/cached/k4,-1,1,-1,--/-+/--/-+,0,0,1
independent/cached/k4,-1,1,-1,--/-+/--/+-,0,0,1
independent/cached/k4,-1,1,-1,--/-+/--/++,0,0,1
independent/cached/k4,-1,1,-1,--/-+/-+/--,0,0,1
independent/cached/k4,-1,1,-1,--/-+/-+/-+,0,0,1
independent/cached/k4,-1,1,-1,--/-+/-+/+-,0,0,1
independent/cached/k4,-1,1,-1,--/-+/-+/++,0,0,1
independent/cached/k4,-1,1,-1,--/-+/+-/--,0,0,1
independent/cached/k4,-1,1,-1,--/-+/+-/-+,0,0,1
independent/cached/k4,-1,1,-1,--/-+/+-/+-,0,0,1
independent/cached/k4,-1,1,-1,--/-+/+-/++,0,0,1
independent/cached/k4,-1,1,-1,--/-+/++/--,0,0,1
independent/cached/k4,-1,1,-1,--/-+/++/-+,0,0,1
independent/cached/k4,-1,1,-1,--/-+/++/+-,0,0,1
independent/cached/k4,-1,1,-1,--/-+/++/++,0,0,1
independent/cached/k4,-1,1,-1,--/+-/--/--,0,0,1
independent/cached/k4,-1,1,-1,--/+-/--/-+,0,0,1
independent/cached/k4,-1,1,-1,--/+-/--/+-,0,0,1
independent/cached/k4,-1,1,-1,--/+-/--/++,0,0,1
independent/cached/k4,-1,1,-1,--/+-/-+/--,0,0,1
independent/cached/k4,-1,1,-1,--/+-/-+/-+,0,0,1
independent/cached/k4,-1,1,-1,--/+-/-+/+-,0,0,1
independent/cached/k4,-1,1,-1,--/+-/-+/++,0,0,1
independent/cached/k4,-1,1,-1,--/+-/+-/--,0,0,1
independent/cached/k4,-1,1,-1,--/+-/+-/-+,0,0,1
independent/cached/k4,-1,1,-1,--/+-/+-/+-,0,0,1
independent/cached/k4,-1,1,-1,--/+-/+-/++,0,0,1
independent/cached/k4,-1,1,-1,--/+-/++/--,0,0,1
independent/cached/k4,-1,1,-1,--/+-/++/-+,0,0,1
independent/cached/k4,-1,1,-1,--/+-/++/+-,0,0,1
independent/cached/k4,-1,1,-1,--/+-/++/++,0,0,1
independent/cached/k4,-1,1,-1,--/++/--/--,0,0,1
independent/cached/k4,-1,1,-1,--/++/--/-+,0,0,1
independent/cached/k4,-1,1,-1,--/++/--/+-,0,0,1
independent/cached/k4,-1,1,-1,--/++/--/++,0,0,1
independent/cached/k4,-1,1,-1,--/++/-+/--,0,0,1
independent/cached/k4,-1,1,-1,--/++/-+/-+,0,0,1
independent/cached/k4,-1,1,-1,--/++/-+/+-,0,0,1
independent/cached/k4,-1,1,-1,--/++/-+/++,0,0,1
independent/cached/k4,-1,1,-1,--/++/+-/--,0,0,1
independent/cached/k4,-1,1,-1,--/++/+-/-+,0,0,1
independent/cached/k4,-1,1,-1,--/++/+-/+-,0,0,1
independent/cached/k4,-1,1,-1,--/++/+-/++,0,0,1
independent/cached/k4,-1,1,-1,--/++/++/--,0,0,1
independent/cached/k4,-1,1,-1,--/++/++/-+,0,0,1
independent/cached/k4,-1,1,-1,--/++/++/+-,0,0,1
independent/cached/k4,-1,1,-1,--/++/++/++,0,0,1
independent/cached/k4,-1,1,-1,-+/--/--/--,0,0,1
independent/cached/k4,-1,1,-1,-+/--/--/-+,0,0,1
independent/cached/k4,-1,1,-1,-+/--/--/+-,0,0,1
independent/cached/k4,-1,1,-1,-+/--/--/++,0,0,1
independent/cached/k4,-1,1,-1,-+/--/-+/--,0,0,1
independent/cached/k4,-1,1,-1,-+/--/-+/-+,0,0,1
independent/cached/k4,-1,1,-1,-+/--/-+/+-,0,0,1
independent/cached/k4,-1,1,-1,-+/--/-+/++,0,0,1
independent/cached/k4,-1,1,-1,-+/--/+-/--,0,0,1
independent/cached/k4,-1,1,-1,-+/--/+-/-+,0,0,1
independent/cached/k4,-1,1,-1,-+/--/+-/+-,0,0,1
independent/cached/k4,-1,1,-1,-+/--/+-/++,0,0,1
independent/cached/k4,-1,1,-1,-+/--/++/--,0,0,1
independent/cached/k4,-1,1,-1,-+/--/++/-+,0,0,1
independent/cached/k4,-1,1,-1,-+/--/++/+-,0,0,1
independent/cached/k4,-1,1,-1,-+/--/++/++,0,0,1
independent/cached/k4,-1,1,-1,-+/-+/--/--,0,0,1
independent/cached/k4,-1,1,-1,-+/-+/--/-+,0,0,1
independent/cached/k4,-1,1,-1,-+/-+/--/+-,0,0,1
independent/cached/k4,-1,1,-1,-+/-+/--/++,0,0,1
independent/cached/k4,-1,1,-1,-+/-+/-+/--,0,0,1
independent/cached/k4,-1,1,-1,-+/-+/-+/-+,9/64,9,64
independent/cached/k4,-1,1,-1,-+/-+/-+/+-,0,0,1
independent/cached/k4,-1,1,-1,-+/-+/-+/++,0,0,1
independent/cached/k4,-1,1,-1,-+/-+/+-/--,0,0,1
independent/cached/k4,-1,1,-1,-+/-+/+-/-+,0,0,1
independent/cached/k4,-1,1,-1,-+/-+/+-/+-,0,0,1
independent/cached/k4,-1,1,-1,-+/-+/+-/++,0,0,1
independent/cached/k4,-1,1,-1,-+/-+/++/--,0,0,1
independent/cached/k4,-1,1,-1,-+/-+/++/-+,0,0,1
independent/cached/k4,-1,1,-1,-+/-+/++/+-,0,0,1
independent/cached/k4,-1,1,-1,-+/-+/++/++,0,0,1
independent/cached/k4,-1,1,-1,-+/+-/--/--,0,0,1
independent/cached/k4,-1,1,-1,-+/+-/--/-+,0,0,1
independent/cached/k4,-1,1,-1,-+/+-/--/+-,0,0,1
independent/cached/k4,-1,1,-1,-+/+-/--/++,0,0,1
independent/cached/k4,-1,1,-1,-+/+-/-+/--,0,0,1
independent/cached/k4,-1,1,-1,-+/+-/-+/-+,0,0,1
independent/cached/k4,-1,1,-1,-+/+-/-+/+-,0,0,1
independent/cached/k4,-1,1,-1,-+/+-/-+/++,0,0,1
independent/cached/k4,-1,1,-1,-+/+-/+-/--,0,0,1
independent/cached/k4,-1,1,-1,-+/+-/+-/-+,0,0,1
independent/cached/k4,-1,1,-1,-+/+-/+-/+-,0,0,1
independent/cached/k4,-1,1,-1,-+/+-/+-/++,0,0,1
independent/cached/k4,-1,1,-1,-+/+-/++/--,0,0,1
independent/cached/k4,-1,1,-1,-+/+-/++/-+,0,0,1
independent/cached/k4,-1,1,-1,-+/+-/++/+-,0,0,1
independent/cached/k4,-1,1,-1,-+/+-/++/++,0,0,1
independent/cached/k4,-1,1,-1,-+/++/--/--,0,0,1
independent/cached/k4,-1,1,-1,-+/++/--/-+,0,0,1
independent/cached/k4,-1,1,-1,-+/++/--/+-,0,0,1
independent/cached/k4,-1,1,-1,-+/++/--/++,0,0,1
independent/cached/k4,-1,1,-1,-+/++/-+/--,0,0,1
independent/cached/k4,-1,1,-1,-+/++/-+/-+,0,0,1
independent/cached/k4,-1,1,-1,-+/++/-+/+-,0,0,1
independent/cached/k4,-1,1,-1,-+/++/-+/++,0,0,1
independent/cached/k4,-1,1,-1,-+/++/+-/--,0,0,1
independent/cached/k4,-1,1,-1,-+/++/+-/-+,0,0,1
independent/cached/k4,-1,1,-1,-+/++/+-/+-,0,0,1
independent/cached/k4,-1,1,-1,-+/++/+-/++,0,0,1
independent/cached/k4,-1,1,-1,-+/++/++/--,0,0,1
independent/cached/k4,-1,1,-1,-+/++/++/-+,0,0,1
independent/cached/k4,-1,1,-1,-+/++/++/+-,0,0,1
independent/cached/k4,-1,1,-1,-+/++/++/++,0,0,1
independent/cached/k4,-1,1,-1,+-/--/--/--,0,0,1
independent/cached/k4,-1,1,-1,+-/--/--/-+,0,0,1
independent/cached/k4,-1,1,-1,+-/--/--/+-,0,0,1
independent/cached/k4,-1,1,-1,+-/--/--/++,0,0,1
independent/cached/k4,-1,1,-1,+-/--/-+/--,0,0,1
independent/cached/k4,-1,1,-1,+-/--/-+/-+,0,0,1
independent/cached/k4,-1,1,-1,+-/--/-+/+-,0,0,1
independent/cached/k4,-1,1,-1,+-/--/-+/++,0,0,1
independent/cached/k4,-1,1,-1,+-/--/+-/--,0,0,1
independent/cached/k4,-1,1,-1,+-/--/+-/-+,0,0,1
independent/cached/k4,-1,1,-1,+-/--/+-/+-,0,0,1
independent/cached/k4,-1,1,-1,+-/--/+-/++,0,0,1
independent/cached/k4,-1,1,-1,+-/--/++/--,0,0,1
independent/cached/k4,-1,1,-1,+-/--/++/-+,0,0,1
independent/cached/k4,-1,1,-1,+-/--/++/+-,0,0,1
independent/cached/k4,-1,1,-1,+-/--/++/++,0,0,1
independent/cached/k4,-1,1,-1,+-/-+/--/--,0,0,1
independent/cached/k4,-1,1,-1,+-/-+/--/-+,0,0,1
independent/cached/k4,-1,1,-1,+-/-+/--/+-,0,0,1
independent/cached/k4,-1,1,-1,+-/-+/--/++,0,0,1
independent/cached/k4,-1,1,-1,+-/-+/-+/--,0,0,1
independent/cached/k4,-1,1,-1,+-/-+/-+/-+,0,0,1
independent/cached/k4,-1,1,-1,+-/-+/-+/+-,0,0,1
independent/cached/k4,-1,1,-1,+-/-+/-+/++,0,0,1
independent/cached/k4,-1,1,-1,+-/-+/+-/--,0,0,1
independent/cached/k4,-1,1,-1,+-/-+/+-/-+,0,0,1
independent/cached/k4,-1,1,-1,+-/-+/+-/+-,0,0,1
independent/cached/k4,-1,1,-1,+-/-+/+-/++,0,0,1
independent/cached/k4,-1,1,-1,+-/-+/++/--,0,0,1
independent/cached/k4,-1,1,-1,+-/-+/++/-+,0,0,1
independent/cached/k4,-1,1,-1,+-/-+/++/+-,0,0,1
independent/cached/k4,-1,1,-1,+-/-+/++/++,0,0,1
independent/cached/k4,-1,1,-1,+-/+-/--/--,0,0,1
independent/cached/k4,-1,1,-1,+-/+-/--/-+,0,0,1
independent/cached/k4,-1,1,-1,+-/+-/--/+-,0,0,1
independent/cached/k4,-1,1,-1,+-/+-/--/++,0,0,1
independent/cached/k4,-1,1,-1,+-/+-/-+/--,0,0,1
independent/cached/k4,-1,1,-1,+-/+-/-+/-+,0,0,1
independent/cached/k4,-1,1,-1,+-/+-/-+/+-,0,0,1
independent/cached/k4,-1,1,-1,+-/+-/-+/++,0,0,1
independent/cached/k4,-1,1,-1,+-/+-/+-/--,0,0,1
independent/cached/k4,-1,1,-1,+-/+-/+-/-+,0,0,1
independent/cached/k4,-1,1,-1,+-/+-/+-/+-,1/64,1,64
independent/cached/k4,-1,1,-1,+-/+-/+-/++,0,0,1
independent/cached/k4,-1,1,-1,+-/+-/++/--,0,0,1
independent/cached/k4,-1,1,-1,+-/+-/++/-+,0,0,1
independent/cached/k4,-1,1,-1,+-/+-/++/+-,0,0,1
independent/cached/k4,-1,1,-1,+-/+-/++/++,0,0,1
independent/cached/k4,-1,1,-1,+-/++/--/--,0,0,1
independent/cached/k4,-1,1,-1,+-/++/--/-+,0,0,1
independent/cached/k4,-1,1,-1,+-/++/--/+-,0,0,1
independent/cached/k4,-1,1,-1,+-/++/--/++,0,0,1
independent/cached/k4,-1,1,-1,+-/++/-+/--,0,0,1
independent/cached/k4,-1,1,-1,+-/++/-+/-+,0,0,1
independent/cached/k4,-1,1,-1,+-/++/-+/+-,0,0,1
independent/cached/k4,-1,1,-1,+-/++/-+/++,0,0,1
independent/cached/k4,-1,1,-1,+-/++/+-/--,0,0,1
independent/cached/k4,-1,1,-1,+-/++/+-/-+,0,0,1
independent/cached/k4,-1,1,-1,+-/++/+-/+-,0,0,1
independent/cached/k4,-1,1,-1,+-/++/+-/++,0,0,1
independent/cached/k4,-1,1,-1,+-/++/++/--,0,0,1
independent/cached/k4,-1,1,-1,+-/++/++/-+,0,0,1
independent/cached/k4,-1,1,-1,+-/++/++/+-,0,0,1
independent/cached/k4,-1,1,-1,+-/++/++/++,0,0,1
independent/cached/k4,-1,1,-1,++/--/--/--,0,0,1
independent/cached/k4,-1,1,-1,++/--/--/-+,0,0,1
independent/cached/k4,-1,1,-1,++/--/--/+-,0,0,1
independent/cached/k4,-1,1,-1,++/--/--/++,0,0,1
independent/cached/k4,-1,1,-1,++/--/-+/--,0,0,1
independent/cached/k4,-1,1,-1,++/--/-+/-+,0,0,1
independent/cached/k4,-1,1,-1,++/--/-+/+-,0,0,1
independent/cached/k4,-1,1,-1,++/--/-+/++,0,0,1
independent/cached/k4,-1,1,-1,++/--/+-/--,0,0,1
independent/cached/k4,-1,1,-1,++/--/+-/-+,0,0,1
independent/cached/k4,-1,1,-1,++/--/+-/+-,0,0,1
independent/cached/k4,-1,1,-1,++/--/+-/++,0,0,1
independent/cached/k4,-1,1,-1,++/--/++/--,0,0,1
independent/cached/k4,-1,1,-1,++/--/++/-+,0,0,1
independent/cached/k4,-1,1,-1,++/--/++/+-,0,0,1
independent/cached/k4,-1,1,-1,++/--/++/++,0,0,1
independent/cached/k4,-1,1,-1,++/-+/--/--,0,0,1
independent/cached/k4,-1,1,-1,++/-+/--/-+,0,0,1
independent/cached/k4,-1,1,-1,++/-+/--/+-,0,0,1
independent/cached/k4,-1,1,-1,++/-+/--/++,0,0,1
independent/cached/k4,-1,1,-1,++/-+/-+/--,0,0,1
independent/cached/k4,-1,1,-1,++/-+/-+/-+,0,0,1
independent/cached/k4,-1,1,-1,++/-+/-+/+-,0,0,1
independent/cached/k4,-1,1,-1,++/-+/-+/++,0,0,1
independent/cached/k4,-1,1,-1,++/-+/+-/--,0,0,1
independent/cached/k4,-1,1,-1,++/-+/+-/-+,0,0,1
independent/cached/k4,-1,1,-1,++/-+/+-/+-,0,0,1
independent/cached/k4,-1,1,-1,++/-+/+-/++,0,0,1
independent/cached/k4,-1,1,-1,++/-+/++/--,0,0,1
independent/cached/k4,-1,1,-1,++/-+/++/-+,0,0,1
independent/cached/k4,-1,1,-1,++/-+/++/+-,0,0,1
independent/cached/k4,-1,1,-1,++/-+/++/++,0,0,1
independent/cached/k4,-1,1,-1,++/+-/--/--,0,0,1
independent/cached/k4,-1,1,-1,++/+-/--/-+,0,0,1
independent/cached/k4,-1,1,-1,++/+-/--/+-,0,0,1
independent/cached/k4,-1,1,-1,++/+-/--/++,0,0,1
independent/cached/k4,-1,1,-1,++/+-/-+/--,0,0,1
independent/cached/k4,-1,1,-1,++/+-/-+/-+,0,0,1
independent/cached/k4,-1,1,-1,++/+-/-+/+-,0,0,1
independent/cached/k4,-1,1,-1,++/+-/-+/++,0,0,1
independent/cached/k4,-1,1,-1,++/+-/+-/--,0,0,1
independent/cached/k4,-1,1,-1,++/+-/+-/-+,0,0,1
independent/cached/k4,-1,1,-1,++/+-/+-/+-,0,0,1
independent/cached/k4,-1,1,-1,++/+-/+-/++,0,0,1
independent/cached/k4,-1,1,-1,++/+-/++/--,0,0,1
independent/cached/k4,-1,1,-1,++/+-/++/-+,0,0,1
independent/cached/k4,-1,1,-1,++/+-/++/+-,0,0,1
independent/cached/k4,-1,1,-1,++/+-/++/++,0,0,1
independent/cached/k4,-1,1,-1,++/++/--/--,0,0,1
independent/cached/k4,-1,1,-1,++/++/--/-+,0,0,1
independent/cached/k4,-1,1,-1,++/++/--/+-,0,0,1
independent/cached/k4,-1,1,-1,++/++/--/++,0,0,1
independent/cached/k4,-1,1,-1,++/++/-+/--,0,0,1
independent/cached/k4,-1,1,-1,++/++/-+/-+,0,0,1
independent/cached/k4,-1,1,-1,++/++/-+/+-,0,0,1
independent/cached/k4,-1,1,-1,++/++/-+/++,0,0,1
independent/cached/k4,-1,1,-1,++/++/+-/--,0,0,1
independent/cached/k4,-1,1,-1,++/++/+-/-+,0,0,1
independent/cached/k4,-1,1,-1,++/++/+-/+-,0,0,1
independent/cached/k4,-1,1,-1,++/++/+-/++,0,0,1
independent/cached/k4,-1,1,-1,++/++/++/--,0,0,1
independent/cached/k4,-1,1,-1,++/++/++/-+,0,0,1
independent/cached/k4,-1,1,-1,++/++/++/+-,0,0,1
independent/cached/k4,-1,1,-1,++/++/++/++,3/64,3,64
independent/cached/k4,1,-1,-1,--/--/--/--,3/64,3,64
independent/cached/k4,1,-1,-1,--/--/--/-+,0,0,1
independent/cached/k4,1,-1,-1,--/--/--/+-,0,0,1
independent/cached/k4,1,-1,-1,--/--/--/++,0,0,1
independent/cached/k4,1,-1,-1,--/--/-+/--,0,0,1
independent/cached/k4,1,-1,-1,--/--/-+/-+,0,0,1
independent/cached/k4,1,-1,-1,--/--/-+/+-,0,0,1
independent/cached/k4,1,-1,-1,--/--/-+/++,0,0,1
independent/cached/k4,1,-1,-1,--/--/+-/--,0,0,1
independent/cached/k4,1,-1,-1,--/--/+-/-+,0,0,1
independent/cached/k4,1,-1,-1,--/--/+-/+-,0,0,1
independent/cached/k4,1,-1,-1,--/--/+-/++,0,0,1
independent/cached/k4,1,-1,-1,--/--/++/--,0,0,1
independent/cached/k4,1,-1,-1,--/--/++/-+,0,0,1
independent/cached/k4,1,-1,-1,--/--/++/+-,0,0,1
independent/cached/k4,1,-1,-1,--/--/++/++,0,0,1
independent/cached/k4,1,-1,-1,--/-+/--/--,0,0,1
independent/cached/k4,1,-1,-1,--/-+/--/-+,0,0,1
independent/cached/k4,1,-1,-1,--/-+/--/+-,0,0,1
independent/cached/k4,1,-1,-1,--/-+/--/++,0,0,1
independent/cached/k4,1,-1,-1,--/-+/-+/--,0,0,1
independent/cached/k4,1,-1,-1,--/-+/-+/-+,0,0,1
independent/cached/k4,1,-1,-1,--/-+/-+/+-,0,0,1
independent/cached/k4,1,-1,-1,--/-+/-+/++,0,0,1
independent/cached/k4,1,-1,-1,--/-+/+-/--,0,0,1
independent/cached/k4,1,-1,-1,--/-+/+-/-+,0,0,1
independent/cached/k4,1,-1,-1,--/-+/+-/+-,0,0,1
independent/cached/k4,1,-1,-1,--/-+/+-/++,0,0,1
independent/cached/k4,1,-1,-1,--/-+/++/--,0,0,1
independent/cached/k4,1,-1,-1,--/-+/++/-+,0,0,1
independent/cached/k4,1,-1,-1,--/-+/++/+-,0,0,1
independent/cached/k4,1,-1,-1,--/-+/++/++,0,0,1
independent/cached/k4,1,-1,-1,--/+-/--/--,0,0,1
independent/cached/k4,1,-1,-1,--/+-/--/-+,0,0,1
independent/cached/k4,1,-1,-1,--/+-/--/+-,0,0,1
independent/cached/k4,1,-1,-1,--/+-/--/++,0,0,1
independent/cached/k4,1,-1,-1,--/+-/-+/--,0,0,1
independent/cached/k4,1,-1,-1,--/+-/-+/-+,0,0,1
independent/cached/k4,1,-1,-1,--/+-/-+/+-,0,0,1
independent/cached/k4,1,-1,-1,--/+-/-+/++,0,0,1
independent/cached/k4,1,-1,-1,--/+-/+-/--,0,0,1
independent/cached/k4,1,-1,-1,--/+-/+-/-+,0,0,1
independent/cached/k4,1,-1,-1,--/+-/+-/+-,0,0,1
independent/cached/k4,1,-1,-1,--/+-/+-/++,0,0,1
independent/cached/k4,1,-1,-1,--/+-/++/--,0,0,1
independent/cached/k4,1,-1,-1,--/+-/++/-+,0,0,1
independent/cached/k4,1,-1,-1,--/+-/++/+-,0,0,1
independent/cached/k4,1,-1,-1,--/+-/++/++,0,0,1
independent/cached/k4,1,-1,-1,--/++/--/--,0,0,1
independent/cached/k4,1,-1,-1,--/++/--/-+,0,0,1
independent/cached/k4,1,-1,-1,--/++/--/+-,0,0,1
independent/cached/k4,1,-1,-1,--/++/--/++,0,0,1
independent/cached/k4,1,-1,-1,--/++/-+/--,0,0,1
independent/cached/k4,1,-1,-1,--/++/-+/-+,0,0,1
independent/cached/k4,1,-1,-1,--/++/-+/+-,0,0,1
independent/cached/k4,1,-1,-1,--/++/-+/++,0,0,1
independent/cached/k4,1,-1,-1,--/++/+-/--,0,0,1
independent/cached/k4,1,-1,-1,--/++/+-/-+,0,0,1
independent/cached/k4,1,-1,-1,--/++/+-/+-,0,0,1
independent/cached/k4,1,-1,-1,--/++/+-/++,0,0,1
independent/cached/k4,1,-1,-1,--/++/++/--,0,0,1
independent/cached/k4,1,-1,-1,--/++/++/-+,0,0,1
independent/cached/k4,1,-1,-1,--/++/++/+-,0,0,1
independent/cached/k4,1,-1,-1,--/++/++/++,0,0,1
independent/cached/k4,1,-1,-1,-+/--/--/--,0,0,1
independent/cached/k4,1,-1,-1,-+/--/--/-+,0,0,1
independent/cached/k4,1,-1,-1,-+/--/--/+-,0,0,1
independent/cached/k4,1,-1,-1,-+/--/--/++,0,0,1
independent/cached/k4,1,-1,-1,-+/--/-+/--,0,0,1
independent/cached/k4,1,-1,-1,-+/--/-+/-+,0,0,1
independent/cached/k4,1,-1,-1,-+/--/-+/+-,0,0,1
independent/cached/k4,1,-1,-1,-+/--/-+/++,0,0,1
independent/cached/k4,1,-1,-1,-+/--/+-/--,0,0,1
independent/cached/k4,1,-1,-1,-+/--/+-/-+,0,0,1
independent/cached/k4,1,-1,-1,-+/--/+-/+-,0,0,1
independent/cached/k4,1,-1,-1,-+/--/+-/++,0,0,1
independent/cached/k4,1,-1,-1,-+/--/++/--,0,0,1
independent/cached/k4,1,-1,-1,-+/--/++/-+,0,0,1
independent/cached/k4,1,-1,-1,-+/--/++/+-,0,0,1
independent/cached/k4,1,-1,-1,-+/--/++/++,0,0,1
independent/cached/k4,1,-1,-1,-+/-+/--/--,0,0,1
independent/cached/k4,1,-1,-1,-+/-+/--/-+,0,0,1
independent/cached/k4,1,-1,-1,-+/-+/--/+-,0,0,1
independent/cached/k4,1,-1,-1,-+/-+/--/++,0,0,1
independent/cached/k4,1,-1,-1,-+/-+/-+/--,0,0,1
independent/cached/k4,1,-1,-1,-+/-+/-+/-+,1/64,1,64
independent/cached/k4,1,-1,-1,-+/-+/-+/+-,0,0,1
independent/cached/k4,1,-1,-1,-+/-+/-+/++,0,0,1
independent/cached/k4,1,-1,-1,-+/-+/+-/--,0,0,1
independent/cached/k4,1,-1,-1,-+/-+/+-/-+,0,0,1
independent/cached/k4,1,-1,-1,-+/-+/+-/+-,0,0,1
independent/cached/k4,1,-1,-1,-+/-+/+-/++,0,0,1
independent/cached/k4,1,-1,-1,-+/-+/++/--,0,0,1
independent/cached/k4,1,-1,-1,-+/-+/++/-+,0,0,1
independent/cached/k4,1,-1,-1,-+/-+/++/+-,0,0,1
independent/cached/k4,1,-1,-1,-+/-+/++/++,0,0,1
independent/cached/k4,1,-1,-1,-+/+-/--/--,0,0,1
independent/cached/k4,1,-1,-1,-+/+-/--/-+,0,0,1
independent/cached/k4,1,-1,-1,-+/+-/--/+-,0,0,1
independent/cached/k4,1,-1,-1,-+/+-/--/++,0,0,1
independent/cached/k4,1,-1,-1,-+/+-/-+/--,0,0,1
independent/cached/k4,1,-1,-1,-+/+-/-+/-+,0,0,1
independent/cached/k4,1,-1,-1,-+/+-/-+/+-,0,0,1
independent/cached/k4,1,-1,-1,-+/+-/-+/++,0,0,1
independent/cached/k4,1,-1,-1,-+/+-/+-/--,0,0,1
independent/cached/k4,1,-1,-1,-+/+-/+-/-+,0,0,1
independent/cached/k4,1,-1,-1,-+/+-/+-/+-,0,0,1
independent/cached/k4,1,-1,-1,-+/+-/+-/++,0,0,1
independent/cached/k4,1,-1,-1,-+/+-/++/--,0,0,1
independent/cached/k4,1,-1,-1,-+/+-/++/-+,0,0,1
independent/cached/k4,1,-1,-1,-+/+-/++/+-,0,0,1
independent/cached/k4,1,-1,-1,-+/+-/++/++,0,0,1
independent/cached/k4,1,-1,-1,-+/++/--/--,0,0,1
independent/cached/k4,1,-1,-1,-+/++/--/-+,0,0,1
independent/cached/k4,1,-1,-1,-+/++/--/+-,0,0,1
independent/cached/k4,1,-1,-1,-+/++/--/++,0,0,1
independent/cached/k4,1,-1,-1,-+/++/-+/--,0,0,1
independent/cached/k4,1,-1,-1,-+/++/-+/-+,0,0,1
independent/cached/k4,1,-1,-1,-+/++/-+/+-,0,0,1
independent/cached/k4,1,-1,-1,-+/++/-+/++,0,0,1
independent/cached/k4,1,-1,-1,-+/++/+-/--,0,0,1
independent/cached/k4,1,-1,-1,-+/++/+-/-+,0,0,1
independent/cached/k4,1,-1,-1,-+/++/+-/+-,0,0,1
independent/cached/k4,1,-1,-1,-+/++/+-/++,0,0,1
independent/cached/k4,1,-1,-1,-+/++/++/--,0,0,1
independent/cached/k4,1,-1,-1,-+/++/++/-+,0,0,1
independent/cached/k4,1,-1,-1,-+/++/++/+-,0,0,1
independent/cached/k4,1,-1,-1,-+/++/++/++,0,0,1
independent/cached/k4,1,-1,-1,+-/--/--/--,0,0,1
independent/cached/k4,1,-1,-1,+-/--/--/-+,0,0,1
independent/cached/k4,1,-1,-1,+-/--/--/+-,0,0,1
independent/cached/k4,1,-1,-1,+-/--/--/++,0,0,1
independent/cached/k4,1,-1,-1,+-/--/-+/--,0,0,1
independent/cached/k4,1,-1,-1,+-/--/-+/-+,0,0,1
independent/cached/k4,1,-1,-1,+-/--/-+/+-,0,0,1
independent/cached/k4,1,-1,-1,+-/--/-+/++,0,0,1
independent/cached/k4,1,-1,-1,+-/--/+-/--,0,0,1
independent/cached/k4,1,-1,-1,+-/--/+-/-+,0,0,1
independent/cached/k4,1,-1,-1,+-/--/+-/+-,0,0,1
independent/cached/k4,1,-1,-1,+-/--/+-/++,0,0,1
independent/cached/k4,1,-1,-1,+-/--/++/--,0,0,1
independent/cached/k4,1,-1,-1,+-/--/++/-+,0,0,1
independent/cached/k4,1,-1,-1,+-/--/++/+-,0,0,1
independent/cached/k4,1,-1,-1,+-/--/++/++,0,0,1
independent/cached/k4,1,-1,-1,+-/-+/--/--,0,0,1
independent/cached/k4,1,-1,-1,+-/-+/--/-+,0,0,1
independent/cached/k4,1,-1,-1,+-/-+/--/+-,0,0,1
independent/cached/k4,1,-1,-1,+-/-+/--/++,0,0,1
independent/cached/k4,1,-1,-1,+-/-+/-+/--,0,0,1
independent/cached/k4,1,-1,-1,+-/-+/-+/-+,0,0,1
independent/cached/k4,1,-1,-1,+-/-+/-+/+-,0,0,1
independent/cached/k4,1,-1,-1,+-/-+/-+/++,0,0,1
independent/cached/k4,1,-1,-1,+-/-+/+-/--,0,0,1
independent/cached/k4,1,-1,-1,+-/-+/+-/-+,0,0,1
independent/cached/k4,1,-1,-1,+-/-+/+-/+-,0,0,1
independent/cached/k4,1,-1,-1,+-/-+/+-/++,0,0,1
independent/cached/k4,1,-1,-1,+-/-+/++/--,0,0,1
independent/cached/k4,1,-1,-1,+-/-+/++/-+,0,0,1
independent/cached/k4,1,-1,-1,+-/-+/++/+-,0,0,1
independent/cached/k4,1,-1,-1,+-/-+/++/++,0,0,1
independent/cached/k4,1,-1,-1,+-/+-/--/--,0,0,1
independent/cached/k4,1,-1,-1,+-/+-/--/-+,0,0,1
independent/cached/k4,1,-1,-1,+-/+-/--/+-,0,0,1
independent/cached/k4,1,-1,-1,+-/+-/--/++,0,0,1
independent/cached/k4,1,-1,-1,+-/+-/-+/--,0,0,1
independent/cached/k4,1,-1,-1,+-/+-/-+/-+,0,0,1
independent/cached/k4,1,-1,-1,+-/+-/-+/+-,0,0,1
independent/cached/k4,1,-1,-1,+-/+-/-+/++,0,0,1
independent/cached/k4,1,-1,-1,+-/+-/+-/--,0,0,1
independent/cached/k4,1,-1,-1,+-/+-/+-/-+,0,0,1
independent/cached/k4,1,-1,-1,+-/+-/+-/+-,9/64,9,64
independent/cached/k4,1,-1,-1,+-/+-/+-/++,0,0,1
independent/cached/k4,1,-1,-1,+-/+-/++/--,0,0,1
independent/cached/k4,1,-1,-1,+-/+-/++/-+,0,0,1
independent/cached/k4,1,-1,-1,+-/+-/++/+-,0,0,1
independent/cached/k4,1,-1,-1,+-/+-/++/++,0,0,1
independent/cached/k4,1,-1,-1,+-/++/--/--,0,0,1
independent/cached/k4,1,-1,-1,+-/++/--/-+,0,0,1
independent/cached/k4,1,-1,-1,+-/++/--/+-,0,0,1
independent/cached/k4,1,-1,-1,+-/++/--/++,0,0,1
independent/cached/k4,1,-1,-1,+-/++/-+/--,0,0,1
independent/cached/k4,1,-1,-1,+-/++/-+/-+,0,0,1
independent/cached/k4,1,-1,-1,+-/++/-+/+-,0,0,1
independent/cached/k4,1,-1,-1,+-/++/-+/++,0,0,1
independent/cached/k4,1,-1,-1,+-/++/+-/--,0,0,1
independent/cached/k4,1,-1,-1,+-/++/+-/-+,0,0,1
independent/cached/k4,1,-1,-1,+-/++/+-/+-,0,0,1
independent/cached/k4,1,-1,-1,+-/++/+-/++,0,0,1
independent/cached/k4,1,-1,-1,+-/++/++/--,0,0,1
independent/cached/k4,1,-1,-1,+-/++/++/-+,0,0,1
independent/cached/k4,1,-1,-1,+-/++/++/+-,0,0,1
independent/cached/k4,1,-1,-1,+-/++/++/++,0,0,1
independent/cached/k4,1,-1,-1,++/--/--/--,0,0,1
independent/cached/k4,1,-1,-1,++/--/--/-+,0,0,1
independent/cached/k4,1,-1,-1,++/--/--/+-,0,0,1
independent/cached/k4,1,-1,-1,++/--/--/++,0,0,1
independent/cached/k4,1,-1,-1,++/--/-+/--,0,0,1
independent/cached/k4,1,-1,-1,++/--/-+/-+,0,0,1
independent/cached/k4,1,-1,-1,++/--/-+/+-,0,0,1
independent/cached/k4,1,-1,-1,++/--/-+/++,0,0,1
independent/cached/k4,1,-1,-1,++/--/+-/--,0,0,1
independent/cached/k4,1,-1,-1,++/--/+-/-+,0,0,1
independent/cached/k4,1,-1,-1,++/--/+-/+-,0,0,1
independent/cached/k4,1,-1,-1,++/--/+-/++,0,0,1
independent/cached/k4,1,-1,-1,++/--/++/--,0,0,1
independent/cached/k4,1,-1,-1,++/--/++/-+,0,0,1
independent/cached/k4,1,-1,-1,++/--/++/+-,0,0,1
independent/cached/k4,1,-1,-1,++/--/++/++,0,0,1
independent/cached/k4,1,-1,-1,++/-+/--/--,0,0,1
independent/cached/k4,1,-1,-1,++/-+/--/-+,0,0,1
independent/cached/k4,1,-1,-1,++/-+/--/+-,0,0,1
independent/cached/k4,1,-1,-1,++/-+/--/++,0,0,1
independent/cached/k4,1,-1,-1,++/-+/-+/--,0,0,1
independent/cached/k4,1,-1,-1,++/-+/-+/-+,0,0,1
independent/cached/k4,1,-1,-1,++/-+/-+/+-,0,0,1
independent/cached/k4,1,-1,-1,++/-+/-+/++,0,0,1
independent/cached/k4,1,-1,-1,++/-+/+-/--,0,0,1
independent/cached/k4,1,-1,-1,++/-+/+-/-+,0,0,1
independent/cached/k4,1,-1,-1,++/-+/+-/+-,0,0,1
independent/cached/k4,1,-1,-1,++/-+/+-/++,0,0,1
independent/cached/k4,1,-1,-1,++/-+/++/--,0,0,1
independent/cached/k4,1,-1,-1,++/-+/++/-+,0,0,1
independent/cached/k4,1,-1,-1,++/-+/++/+-,0,0,1
independent/cached/k4,1,-1,-1,++/-+/++/++,0,0,1
independent/cached/k4,1,-1,-1,++/+-/--/--,0,0,1
independent/cached/k4,1,-1,-1,++/+-/--/-+,0,0,1
independent/cached/k4,1,-1,-1,++/+-/--/+-,0,0,1
independent/cached/k4,1,-1,-1,++/+-/--/++,0,0,1
independent/cached/k4,1,-1,-1,++/+-/-+/--,0,0,1
independent/cached/k4,1,-1,-1,++/+-/-+/-+,0,0,1
independent/cached/k4,1,-1,-1,++/+-/-+/+-,0,0,1
independent/cached/k4,1,-1,-1,++/+-/-+/++,0,0,1
independent/cached/k4,1,-1,-1,++/+-/+-/--,0,0,1
independent/cached/k4,1,-1,-1,++/+-/+-/-+,0,0,1
independent/cached/k4,1,-1,-1,++/+-/+-/+-,0,0,1
independent/cached/k4,1,-1,-1,++/+-/+-/++,0,0,1
independent/cached/k4,1,-1,-1,++/+-/++/--,0,0,1
independent/cached/k4,1,-1,-1,++/+-/++/-+,0,0,1
independent/cached/k4,1,-1,-1,++/+-/++/+-,0,0,1
independent/cached/k4,1,-1,-1,++/+-/++/++,0,0,1
independent/cached/k4,1,-1,-1,++/++/--/--,0,0,1
independent/cached/k4,1,-1,-1,++/++/--/-+,0,0,1
independent/cached/k4,1,-1,-1,++/++/--/+-,0,0,1
independent/cached/k4,1,-1,-1,++/++/--/++,0,0,1
independent/cached/k4,1,-1,-1,++/++/-+/--,0,0,1
independent/cached/k4,1,-1,-1,++/++/-+/-+,0,0,1
independent/cached/k4,1,-1,-1,++/++/-+/+-,0,0,1
independent/cached/k4,1,-1,-1,++/++/-+/++,0,0,1
independent/cached/k4,1,-1,-1,++/++/+-/--,0,0,1
independent/cached/k4,1,-1,-1,++/++/+-/-+,0,0,1
independent/cached/k4,1,-1,-1,++/++/+-/+-,0,0,1
independent/cached/k4,1,-1,-1,++/++/+-/++,0,0,1
independent/cached/k4,1,-1,-1,++/++/++/--,0,0,1
independent/cached/k4,1,-1,-1,++/++/++/-+,0,0,1
independent/cached/k4,1,-1,-1,++/++/++/+-,0,0,1
independent/cached/k4,1,-1,-1,++/++/++/++,3/64,3,64
independent/cached/k4,1,1,1,--/--/--/--,1/64,1,64
independent/cached/k4,1,1,1,--/--/--/-+,0,0,1
independent/cached/k4,1,1,1,--/--/--/+-,0,0,1
independent/cached/k4,1,1,1,--/--/--/++,0,0,1
independent/cached/k4,1,1,1,--/--/-+/--,0,0,1
independent/cached/k4,1,1,1,--/--/-+/-+,0,0,1
independent/cached/k4,1,1,1,--/--/-+/+-,0,0,1
independent/cached/k4,1,1,1,--/--/-+/++,0,0,1
independent/cached/k4,1,1,1,--/--/+-/--,0,0,1
independent/cached/k4,1,1,1,--/--/+-/-+,0,0,1
independent/cached/k4,1,1,1,--/--/+-/+-,0,0,1
independent/cached/k4,1,1,1,--/--/+-/++,0,0,1
independent/cached/k4,1,1,1,--/--/++/--,0,0,1
independent/cached/k4,1,1,1,--/--/++/-+,0,0,1
independent/cached/k4,1,1,1,--/--/++/+-,0,0,1
independent/cached/k4,1,1,1,--/--/++/++,0,0,1
independent/cached/k4,1,1,1,--/-+/--/--,0,0,1
independent/cached/k4,1,1,1,--/-+/--/-+,0,0,1
independent/cached/k4,1,1,1,--/-+/--/+-,0,0,1
independent/cached/k4,1,1,1,--/-+/--/++,0,0,1
independent/cached/k4,1,1,1,--/-+/-+/--,0,0,1
independent/cached/k4,1,1,1,--/-+/-+/-+,0,0,1
independent/cached/k4,1,1,1,--/-+/-+/+-,0,0,1
independent/cached/k4,1,1,1,--/-+/-+/++,0,0,1
independent/cached/k4,1,1,1,--/-+/+-/--,0,0,1
independent/cached/k4,1,1,1,--/-+/+-/-+,0,0,1
independent/cached/k4,1,1,1,--/-+/+-/+-,0,0,1
independent/cached/k4,1,1,1,--/-+/+-/++,0,0,1
independent/cached/k4,1,1,1,--/-+/++/--,0,0,1
independent/cached/k4,1,1,1,--/-+/++/-+,0,0,1
independent/cached/k4,1,1,1,--/-+/++/+-,0,0,1
independent/cached/k4,1,1,1,--/-+/++/++,0,0,1
independent/cached/k4,1,1,1,--/+-/--/--,0,0,1
independent/cached/k4,1,1,1,--/+-/--/-+,0,0,1
independent/cached/k4,1,1,1,--/+-/--/+-,0,0,1
independent/cached/k4,1,1,1,--/+-/--/++,0,0,1
independent/cached/k4,1,1,1,--/+-/-+/--,0,0,1
independent/cached/k4,1,1,1,--/+-/-+/-+,0,0,1
independent/cached/k4,1,1,1,--/+-/-+/+-,0,0,1
independent/cached/k4,1,1,1,--/+-/-+/++,0,0,1
independent/cached/k4,1,1,1,--/+-/+-/--,0,0,1
independent/cached/k4,1,1,1,--/+-/+-/-+,0,0,1
independent/cached/k4,1,1,1,--/+-/+-/+-,0,0,1
independent/cached/k4,1,1,1,--/+-/+-/++,0,0,1
independent/cached/k4,1,1,1,--/+-/++/--,0,0,1
independent/cached/k4,1,1,1,--/+-/++/-+,0,0,1
independent/cached/k4,1,1,1,--/+-/++/+-,0,0,1
independent/cached/k4,1,1,1,--/+-/++/++,0,0,1
independent/cached/k4,1,1,1,--/++/--/--,0,0,1
independent/cached/k4,1,1,1,--/++/--/-+,0,0,1
independent/cached/k4,1,1,1,--/++/--/+-,0,0,1
independent/cached/k4,1,1,1,--/++/--/++,0,0,1
independent/cached/k4,1,1,1,--/++/-+/--,0,0,1
independent/cached/k4,1,1,1,--/++/-+/-+,0,0,1
independent/cached/k4,1,1,1,--/++/-+/+-,0,0,1
independent/cached/k4,1,1,1,--/++/-+/++,0,0,1
independent/cached/k4,1,1,1,--/++/+-/--,0,0,1
independent/cached/k4,1,1,1,--/++/+-/-+,0,0,1
independent/cached/k4,1,1,1,--/++/+-/+-,0,0,1
independent/cached/k4,1,1,1,--/++/+-/++,0,0,1
independent/cached/k4,1,1,1,--/++/++/--,0,0,1
independent/cached/k4,1,1,1,--/++/++/-+,0,0,1
independent/cached/k4,1,1,1,--/++/++/+-,0,0,1
independent/cached/k4,1,1,1,--/++/++/++,0,0,1
independent/cached/k4,1,1,1,-+/--/--/--,0,0,1
independent/cached/k4,1,1,1,-+/--/--/-+,0,0,1
independent/cached/k4,1,1,1,-+/--/--/+-,0,0,1
independent/cached/k4,1,1,1,-+/--/--/++,0,0,1
independent/cached/k4,1,1,1,-+/--/-+/--,0,0,1
independent/cached/k4,1,1,1,-+/--/-+/-+,0,0,1
independent/cached/k4,1,1,1,-+/--/-+/+-,0,0,1
independent/cached/k4,1,1,1,-+/--/-+/++,0,0,1
independent/cached/k4,1,1,1,-+/--/+-/--,0,0,1
independent/cached/k4,1,1,1,-+/--/+-/-+,0,0,1
independent/cached/k4,1,1,1,-+/--/+-/+-,0,0,1
independent/cached/k4,1,1,1,-+/--/+-/++,0,0,1
independent/cached/k4,1,1,1,-+/--/++/--,0,0,1
independent/cached/k4,1,1,1,-+/--/++/-+,0,0,1
independent/cached/k4,1,1,1,-+/--/++/+-,0,0,1
independent/cached/k4,1,1,1,-+/--/++/++,0,0,1
independent/cached/k4,1,1,1,-+/-+/--/--,0,0,1
independent/cached/k4,1,1,1,-+/-+/--/-+,0,0,1
independent/cached/k4,1,1,1,-+/-+/--/+-,0,0,1
independent/cached/k4,1,1,1,-+/-+/--/++,0,0,1
independent/cached/k4,1,1,1,-+/-+/-+/--,0,0,1
independent/cached/k4,1,1,1,-+/-+/-+/-+,3/64,3,64
independent/cached/k4,1,1,1,-+/-+/-+/+-,0,0,1
independent/cached/k4,1,1,1,-+/-+/-+/++,0,0,1
independent/cached/k4,1,1,1,-+/-+/+-/--,0,0,1
independent/cached/k4,1,1,1,-+/-+/+-/-+,0,0,1
independent/cached/k4,1,1,1,-+/-+/+-/+-,0,0,1
independent/cached/k4,1,1,1,-+/-+/+-/++,0,0,1
independent/cached/k4,1,1,1,-+/-+/++/--,0,0,1
independent/cached/k4,1,1,1,-+/-+/++/-+,0,0,1
independent/cached/k4,1,1,1,-+/-+/++/+-,0,0,1
independent/cached/k4,1,1,1,-+/-+/++/++,0,0,1
independent/cached/k4,1,1,1,-+/+-/--/--,0,0,1
independent/cached/k4,1,1,1,-+/+-/--/-+,0,0,1
independent/cached/k4,1,1,1,-+/+-/--/+-,0,0,1
independent/cached/k4,1,1,1,-+/+-/--/++,0,0,1
independent/cached/k4,1,1,1,-+/+-/-+/--,0,0,1
independent/cached/k4,1,1,1,-+/+-/-+/-+,0,0,1
independent/cached/k4,1,1,1,-+/+-/-+/+-,0,0,1
independent/cached/k4,1,1,1,-+/+-/-+/++,0,0,1
independent/cached/k4,1,1,1,-+/+-/+-/--,0,0,1
independent/cached/k4,1,1,1,-+/+-/+-/-+,0,0,1
independent/cached/k4,1,1,1,-+/+-/+-/+-,0,0,1
independent/cached/k4,1,1,1,-+/+-/+-/++,0,0,1
independent/cached/k4,1,1,1,-+/+-/++/--,0,0,1
independent/cached/k4,1,1,1,-+/+-/++/-+,0,0,1
independent/cached/k4,1,1,1,-+/+-/++/+-,0,0,1
independent/cached/k4,1,1,1,-+/+-/++/++,0,0,1
independent/cached/k4,1,1,1,-+/++/--/--,0,0,1
independent/cached/k4,1,1,1,-+/++/--/-+,0,0,1
independent/cached/k4,1,1,1,-+/++/--/+-,0,0,1
independent/cached/k4,1,1,1,-+/++/--/++,0,0,1
independent/cached/k4,1,1,1,-+/++/-+/--,0,0,1
independent/cached/k4,1,1,1,-+/++/-+/-+,0,0,1
independent/cached/k4,1,1,1,-+/++/-+/+-,0,0,1
independent/cached/k4,1,1,1,-+/++/-+/++,0,0,1
independent/cached/k4,1,1,1,-+/++/+-/--,0,0,1
independent/cached/k4,1,1,1,-+/++/+-/-+,0,0,1
independent/cached/k4,1,1,1,-+/++/+-/+-,0,0,1
independent/cached/k4,1,1,1,-+/++/+-/++,0,0,1
independent/cached/k4,1,1,1,-+/++/++/--,0,0,1
independent/cached/k4,1,1,1,-+/++/++/-+,0,0,1
independent/cached/k4,1,1,1,-+/++/++/+-,0,0,1
independent/cached/k4,1,1,1,-+/++/++/++,0,0,1
independent/cached/k4,1,1,1,+-/--/--/--,0,0,1
independent/cached/k4,1,1,1,+-/--/--/-+,0,0,1
independent/cached/k4,1,1,1,+-/--/--/+-,0,0,1
independent/cached/k4,1,1,1,+-/--/--/++,0,0,1
independent/cached/k4,1,1,1,+-/--/-+/--,0,0,1
independent/cached/k4,1,1,1,+-/--/-+/-+,0,0,1
independent/cached/k4,1,1,1,+-/--/-+/+-,0,0,1
independent/cached/k4,1,1,1,+-/--/-+/++,0,0,1
independent/cached/k4,1,1,1,+-/--/+-/--,0,0,1
independent/cached/k4,1,1,1,+-/--/+-/-+,0,0,1
independent/cached/k4,1,1,1,+-/--/+-/+-,0,0,1
independent/cached/k4,1,1,1,+-/--/+-/++,0,0,1
independent/cached/k4,1,1,1,+-/--/++/--,0,0,1
independent/cached/k4,1,1,1,+-/--/++/-+,0,0,1
independent/cached/k4,1,1,1,+-/--/++/+-,0,0,1
independent/cached/k4,1,1,1,+-/--/++/++,0,0,1
independent/cached/k4,1,1,1,+-/-+/--/--,0,0,1
independent/cached/k4,1,1,1,+-/-+/--/-+,0,0,1
independent/cached/k4,1,1,1,+-/-+/--/+-,0,0,1
independent/cached/k4,1,1,1,+-/-+/--/++,0,0,1
independent/cached/k4,1,1,1,+-/-+/-+/--,0,0,1
independent/cached/k4,1,1,1,+-/-+/-+/-+,0,0,1
independent/cached/k4,1,1,1,+-/-+/-+/+-,0,0,1
independent/cached/k4,1,1,1,+-/-+/-+/++,0,0,1
independent/cached/k4,1,1,1,+-/-+/+-/--,0,0,1
independent/cached/k4,1,1,1,+-/-+/+-/-+,0,0,1
independent/cached/k4,1,1,1,+-/-+/+-/+-,0,0,1
independent/cached/k4,1,1,1,+-/-+/+-/++,0,0,1
independent/cached/k4,1,1,1,+-/-+/++/--,0,0,1
independent/cached/k4,1,1,1,+-/-+/++/-+,0,0,1
independent/cached/k4,1,1,1,+-/-+/++/+-,0,0,1
independent/cached/k4,1,1,1,+-/-+/++/++,0,0,1
independent/cached/k4,1,1,1,+-/+-/--/--,0,0,1
independent/cached/k4,1,1,1,+-/+-/--/-+,0,0,1
independent/cached/k4,1,1,1,+-/+-/--/+-,0,0,1
independent/cached/k4,1,1,1,+-/+-/--/++,0,0,1
independent/cached/k4,1,1,1,+-/+-/-+/--,0,0,1
independent/cached/k4,1,1,1,+-/+-/-+/-+,0,0,1
independent/cached/k4,1,1,1,+-/+-/-+/+-,0,0,1
independent/cached/k4,1,1,1,+-/+-/-+/++,0,0,1
independent/cached/k4,1,1,1,+-/+-/+-/--,0,0,1
independent/cached/k4,1,1,1,+-/+-/+-/-+,0,0,1
independent/cached/k4,1,1,1,+-/+-/+-/+-,3/64,3,64
independent/cached/k4,1,1,1,+-/+-/+-/++,0,0,1
independent/cached/k4,1,1,1,+-/+-/++/--,0,0,1
independent/cached/k4,1,1,1,+-/+-/++/-+,0,0,1
independent/cached/k4,1,1,1,+-/+-/++/+-,0,0,1
independent/cached/k4,1,1,1,+-/+-/++/++,0,0,1
independent/cached/k4,1,1,1,+-/++/--/--,0,0,1
independent/cached/k4,1,1,1,+-/++/--/-+,0,0,1
independent/cached/k4,1,1,1,+-/++/--/+-,0,0,1
independent/cached/k4,1,1,1,+-/++/--/++,0,0,1
independent/cached/k4,1,1,1,+-/++/-+/--,0,0,1
independent/cached/k4,1,1,1,+-/++/-+/-+,0,0,1
independent/cached/k4,1,1,1,+-/++/-+/+-,0,0,1
independent/cached/k4,1,1,1,+-/++/-+/++,0,0,1
independent/cached/k4,1,1,1,+-/++/+-/--,0,0,1
independent/cached/k4,1,1,1,+-/++/+-/-+,0,0,1
independent/cached/k4,1,1,1,+-/++/+-/+-,0,0,1
independent/cached/k4,1,1,1,+-/++/+-/++,0,0,1
independent/cached/k4,1,1,1,+-/++/++/--,0,0,1
independent/cached/k4,1,1,1,+-/++/++/-+,0,0,1
independent/cached/k4,1,1,1,+-/++/++/+-,0,0,1
independent/cached/k4,1,1,1,+-/++/++/++,0,0,1
independent/cached/k4,1,1,1,++/--/--/--,0,0,1
independent/cached/k4,1,1,1,++/--/--/-+,0,0,1
independent/cached/k4,1,1,1,++/--/--/+-,0,0,1
independent/cached/k4,1,1,1,++/--/--/++,0,0,1
independent/cached/k4,1,1,1,++/--/-+/--,0,0,1
independent/cached/k4,1,1,1,++/--/-+/-+,0,0,1
independent/cached/k4,1,1,1,++/--/-+/+-,0,0,1
independent/cached/k4,1,1,1,++/--/-+/++,0,0,1
independent/cached/k4,1,1,1,++/--/+-/--,0,0,1
independent/cached/k4,1,1,1,++/--/+-/-+,0,0,1
independent/cached/k4,1,1,1,++/--/+-/+-,0,0,1
independent/cached/k4,1,1,1,++/--/+-/++,0,0,1
independent/cached/k4,1,1,1,++/--/++/--,0,0,1
independent/cached/k4,1,1,1,++/--/++/-+,0,0,1
independent/cached/k4,1,1,1,++/--/++/+-,0,0,1
independent/cached/k4,1,1,1,++/--/++/++,0,0,1
independent/cached/k4,1,1,1,++/-+/--/--,0,0,1
independent/cached/k4,1,1,1,++/-+/--/-+,0,0,1
independent/cached/k4,1,1,1,++/-+/--/+-,0,0,1
independent/cached/k4,1,1,1,++/-+/--/++,0,0,1
independent/cached/k4,1,1,1,++/-+/-+/--,0,0,1
independent/cached/k4,1,1,1,++/-+/-+/-+,0,0,1
independent/cached/k4,1,1,1,++/-+/-+/+-,0,0,1
independent/cached/k4,1,1,1,++/-+/-+/++,0,0,1
independent/cached/k4,1,1,1,++/-+/+-/--,0,0,1
independent/cached/k4,1,1,1,++/-+/+-/-+,0,0,1
independent/cached/k4,1,1,1,++/-+/+-/+-,0,0,1
independent/cached/k4,1,1,1,++/-+/+-/++,0,0,1
independent/cached/k4,1,1,1,++/-+/++/--,0,0,1
independent/cached/k4,1,1,1,++/-+/++/-+,0,0,1
independent/cached/k4,1,1,1,++/-+/++/+-,0,0,1
independent/cached/k4,1,1,1,++/-+/++/++,0,0,1
independent/cached/k4,1,1,1,++/+-/--/--,0,0,1
independent/cached/k4,1,1,1,++/+-/--/-+,0,0,1
independent/cached/k4,1,1,1,++/+-/--/+-,0,0,1
independent/cached/k4,1,1,1,++/+-/--/++,0,0,1
independent/cached/k4,1,1,1,++/+-/-+/--,0,0,1
independent/cached/k4,1,1,1,++/+-/-+/-+,0,0,1
independent/cached/k4,1,1,1,++/+-/-+/+-,0,0,1
independent/cached/k4,1,1,1,++/+-/-+/++,0,0,1
independent/cached/k4,1,1,1,++/+-/+-/--,0,0,1
independent/cached/k4,1,1,1,++/+-/+-/-+,0,0,1
independent/cached/k4,1,1,1,++/+-/+-/+-,0,0,1
independent/cached/k4,1,1,1,++/+-/+-/++,0,0,1
independent/cached/k4,1,1,1,++/+-/++/--,0,0,1
independent/cached/k4,1,1,1,++/+-/++/-+,0,0,1
independent/cached/k4,1,1,1,++/+-/++/+-,0,0,1
independent/cached/k4,1,1,1,++/+-/++/++,0,0,1
independent/cached/k4,1,1,1,++/++/--/--,0,0,1
independent/cached/k4,1,1,1,++/++/--/-+,0,0,1
independent/cached/k4,1,1,1,++/++/--/+-,0,0,1
independent/cached/k4,1,1,1,++/++/--/++,0,0,1
independent/cached/k4,1,1,1,++/++/-+/--,0,0,1
independent/cached/k4,1,1,1,++/++/-+/-+,0,0,1
independent/cached/k4,1,1,1,++/++/-+/+-,0,0,1
independent/cached/k4,1,1,1,++/++/-+/++,0,0,1
independent/cached/k4,1,1,1,++/++/+-/--,0,0,1
independent/cached/k4,1,1,1,++/++/+-/-+,0,0,1
independent/cached/k4,1,1,1,++/++/+-/+-,0,0,1
independent/cached/k4,1,1,1,++/++/+-/++,0,0,1
independent/cached/k4,1,1,1,++/++/++/--,0,0,1
independent/cached/k4,1,1,1,++/++/++/-+,0,0,1
independent/cached/k4,1,1,1,++/++/++/+-,0,0,1
independent/cached/k4,1,1,1,++/++/++/++,9/64,9,64
coordinated/fresh/k1,-1,-1,1,--,1/8,1,8
coordinated/fresh/k1,-1,-1,1,-+,1/16,1,16
coordinated/fresh/k1,-1,-1,1,+-,1/16,1,16
coordinated/fresh/k1,-1,-1,1,++,0,0,1
coordinated/fresh/k1,-1,1,-1,--,1/16,1,16
coordinated/fresh/k1,-1,1,-1,-+,1/8,1,8
coordinated/fresh/k1,-1,1,-1,+-,0,0,1
coordinated/fresh/k1,-1,1,-1,++,1/16,1,16
coordinated/fresh/k1,1,-1,-1,--,1/16,1,16
coordinated/fresh/k1,1,-1,-1,-+,0,0,1
coordinated/fresh/k1,1,-1,-1,+-,1/8,1,8
coordinated/fresh/k1,1,-1,-1,++,1/16,1,16
coordinated/fresh/k1,1,1,1,--,0,0,1
coordinated/fresh/k1,1,1,1,-+,1/16,1,16
coordinated/fresh/k1,1,1,1,+-,1/16,1,16
coordinated/fresh/k1,1,1,1,++,1/8,1,8
coordinated/fresh/k2,-1,-1,1,--/--,1/16,1,16
coordinated/fresh/k2,-1,-1,1,--/-+,1/32,1,32
coordinated/fresh/k2,-1,-1,1,--/+-,1/32,1,32
coordinated/fresh/k2,-1,-1,1,--/++,0,0,1
coordinated/fresh/k2,-1,-1,1,-+/--,1/32,1,32
coordinated/fresh/k2,-1,-1,1,-+/-+,1/64,1,64
coordinated/fresh/k2,-1,-1,1,-+/+-,1/64,1,64
coordinated/fresh/k2,-1,-1,1,-+/++,0,0,1
coordinated/fresh/k2,-1,-1,1,+-/--,1/32,1,32
coordinated/fresh/k2,-1,-1,1,+-/-+,1/64,1,64
coordinated/fresh/k2,-1,-1,1,+-/+-,1/64,1,64
coordinated/fresh/k2,-1,-1,1,+-/++,0,0,1
coordinated/fresh/k2,-1,-1,1,++/--,0,0,1
coordinated/fresh/k2,-1,-1,1,++/-+,0,0,1
coordinated/fresh/k2,-1,-1,1,++/+-,0,0,1
coordinated/fresh/k2,-1,-1,1,++/++,0,0,1
coordinated/fresh/k2,-1,1,-1,--/--,1/64,1,64
coordinated/fresh/k2,-1,1,-1,--/-+,1/32,1,32
coordinated/fresh/k2,-1,1,-1,--/+-,0,0,1
coordinated/fresh/k2,-1,1,-1,--/++,1/64,1,64
coordinated/fresh/k2,-1,1,-1,-+/--,1/32,1,32
coordinated/fresh/k2,-1,1,-1,-+/-+,1/16,1,16
coordinated/fresh/k2,-1,1,-1,-+/+-,0,0,1
coordinated/fresh/k2,-1,1,-1,-+/++,1/32,1,32
coordinated/fresh/k2,-1,1,-1,+-/--,0,0,1
coordinated/fresh/k2,-1,1,-1,+-/-+,0,0,1
coordinated/fresh/k2,-1,1,-1,+-/+-,0,0,1
coordinated/fresh/k2,-1,1,-1,+-/++,0,0,1
coordinated/fresh/k2,-1,1,-1,++/--,1/64,1,64
coordinated/fresh/k2,-1,1,-1,++/-+,1/32,1,32
coordinated/fresh/k2,-1,1,-1,++/+-,0,0,1
coordinated/fresh/k2,-1,1,-1,++/++,1/64,1,64
coordinated/fresh/k2,1,-1,-1,--/--,1/64,1,64
coordinated/fresh/k2,1,-1,-1,--/-+,0,0,1
coordinated/fresh/k2,1,-1,-1,--/+-,1/32,1,32
coordinated/fresh/k2,1,-1,-1,--/++,1/64,1,64
coordinated/fresh/k2,1,-1,-1,-+/--,0,0,1
coordinated/fresh/k2,1,-1,-1,-+/-+,0,0,1
coordinated/fresh/k2,1,-1,-1,-+/+-,0,0,1
coordinated/fresh/k2,1,-1,-1,-+/++,0,0,1
coordinated/fresh/k2,1,-1,-1,+-/--,1/32,1,32
coordinated/fresh/k2,1,-1,-1,+-/-+,0,0,1
coordinated/fresh/k2,1,-1,-1,+-/+-,1/16,1,16
coordinated/fresh/k2,1,-1,-1,+-/++,1/32,1,32
coordinated/fresh/k2,1,-1,-1,++/--,1/64,1,64
coordinated/fresh/k2,1,-1,-1,++/-+,0,0,1
coordinated/fresh/k2,1,-1,-1,++/+-,1/32,1,32
coordinated/fresh/k2,1,-1,-1,++/++,1/64,1,64
coordinated/fresh/k2,1,1,1,--/--,0,0,1
coordinated/fresh/k2,1,1,1,--/-+,0,0,1
coordinated/fresh/k2,1,1,1,--/+-,0,0,1
coordinated/fresh/k2,1,1,1,--/++,0,0,1
coordinated/fresh/k2,1,1,1,-+/--,0,0,1
coordinated/fresh/k2,1,1,1,-+/-+,1/64,1,64
coordinated/fresh/k2,1,1,1,-+/+-,1/64,1,64
coordinated/fresh/k2,1,1,1,-+/++,1/32,1,32
coordinated/fresh/k2,1,1,1,+-/--,0,0,1
coordinated/fresh/k2,1,1,1,+-/-+,1/64,1,64
coordinated/fresh/k2,1,1,1,+-/+-,1/64,1,64
coordinated/fresh/k2,1,1,1,+-/++,1/32,1,32
coordinated/fresh/k2,1,1,1,++/--,0,0,1
coordinated/fresh/k2,1,1,1,++/-+,1/32,1,32
coordinated/fresh/k2,1,1,1,++/+-,1/32,1,32
coordinated/fresh/k2,1,1,1,++/++,1/16,1,16
coordinated/fresh/k4,-1,-1,1,--/--/--/--,1/64,1,64
coordinated/fresh/k4,-1,-1,1,--/--/--/-+,1/128,1,128
coordinated/fresh/k4,-1,-1,1,--/--/--/+-,1/128,1,128
coordinated/fresh/k4,-1,-1,1,--/--/--/++,0,0,1
coordinated/fresh/k4,-1,-1,1,--/--/-+/--,1/128,1,128
coordinated/fresh/k4,-1,-1,1,--/--/-+/-+,1/256,1,256
coordinated/fresh/k4,-1,-1,1,--/--/-+/+-,1/256,1,256
coordinated/fresh/k4,-1,-1,1,--/--/-+/++,0,0,1
coordinated/fresh/k4,-1,-1,1,--/--/+-/--,1/128,1,128
coordinated/fresh/k4,-1,-1,1,--/--/+-/-+,1/256,1,256
coordinated/fresh/k4,-1,-1,1,--/--/+-/+-,1/256,1,256
coordinated/fresh/k4,-1,-1,1,--/--/+-/++,0,0,1
coordinated/fresh/k4,-1,-1,1,--/--/++/--,0,0,1
coordinated/fresh/k4,-1,-1,1,--/--/++/-+,0,0,1
coordinated/fresh/k4,-1,-1,1,--/--/++/+-,0,0,1
coordinated/fresh/k4,-1,-1,1,--/--/++/++,0,0,1
coordinated/fresh/k4,-1,-1,1,--/-+/--/--,1/128,1,128
coordinated/fresh/k4,-1,-1,1,--/-+/--/-+,1/256,1,256
coordinated/fresh/k4,-1,-1,1,--/-+/--/+-,1/256,1,256
coordinated/fresh/k4,-1,-1,1,--/-+/--/++,0,0,1
coordinated/fresh/k4,-1,-1,1,--/-+/-+/--,1/256,1,256
coordinated/fresh/k4,-1,-1,1,--/-+/-+/-+,1/512,1,512
coordinated/fresh/k4,-1,-1,1,--/-+/-+/+-,1/512,1,512
coordinated/fresh/k4,-1,-1,1,--/-+/-+/++,0,0,1
coordinated/fresh/k4,-1,-1,1,--/-+/+-/--,1/256,1,256
coordinated/fresh/k4,-1,-1,1,--/-+/+-/-+,1/512,1,512
coordinated/fresh/k4,-1,-1,1,--/-+/+-/+-,1/512,1,512
coordinated/fresh/k4,-1,-1,1,--/-+/+-/++,0,0,1
coordinated/fresh/k4,-1,-1,1,--/-+/++/--,0,0,1
coordinated/fresh/k4,-1,-1,1,--/-+/++/-+,0,0,1
coordinated/fresh/k4,-1,-1,1,--/-+/++/+-,0,0,1
coordinated/fresh/k4,-1,-1,1,--/-+/++/++,0,0,1
coordinated/fresh/k4,-1,-1,1,--/+-/--/--,1/128,1,128
coordinated/fresh/k4,-1,-1,1,--/+-/--/-+,1/256,1,256
coordinated/fresh/k4,-1,-1,1,--/+-/--/+-,1/256,1,256
coordinated/fresh/k4,-1,-1,1,--/+-/--/++,0,0,1
coordinated/fresh/k4,-1,-1,1,--/+-/-+/--,1/256,1,256
coordinated/fresh/k4,-1,-1,1,--/+-/-+/-+,1/512,1,512
coordinated/fresh/k4,-1,-1,1,--/+-/-+/+-,1/512,1,512
coordinated/fresh/k4,-1,-1,1,--/+-/-+/++,0,0,1
coordinated/fresh/k4,-1,-1,1,--/+-/+-/--,1/256,1,256
coordinated/fresh/k4,-1,-1,1,--/+-/+-/-+,1/512,1,512
coordinated/fresh/k4,-1,-1,1,--/+-/+-/+-,1/512,1,512
coordinated/fresh/k4,-1,-1,1,--/+-/+-/++,0,0,1
coordinated/fresh/k4,-1,-1,1,--/+-/++/--,0,0,1
coordinated/fresh/k4,-1,-1,1,--/+-/++/-+,0,0,1
coordinated/fresh/k4,-1,-1,1,--/+-/++/+-,0,0,1
coordinated/fresh/k4,-1,-1,1,--/+-/++/++,0,0,1
coordinated/fresh/k4,-1,-1,1,--/++/--/--,0,0,1
coordinated/fresh/k4,-1,-1,1,--/++/--/-+,0,0,1
coordinated/fresh/k4,-1,-1,1,--/++/--/+-,0,0,1
coordinated/fresh/k4,-1,-1,1,--/++/--/++,0,0,1
coordinated/fresh/k4,-1,-1,1,--/++/-+/--,0,0,1
coordinated/fresh/k4,-1,-1,1,--/++/-+/-+,0,0,1
coordinated/fresh/k4,-1,-1,1,--/++/-+/+-,0,0,1
coordinated/fresh/k4,-1,-1,1,--/++/-+/++,0,0,1
coordinated/fresh/k4,-1,-1,1,--/++/+-/--,0,0,1
coordinated/fresh/k4,-1,-1,1,--/++/+-/-+,0,0,1
coordinated/fresh/k4,-1,-1,1,--/++/+-/+-,0,0,1
coordinated/fresh/k4,-1,-1,1,--/++/+-/++,0,0,1
coordinated/fresh/k4,-1,-1,1,--/++/++/--,0,0,1
coordinated/fresh/k4,-1,-1,1,--/++/++/-+,0,0,1
coordinated/fresh/k4,-1,-1,1,--/++/++/+-,0,0,1
coordinated/fresh/k4,-1,-1,1,--/++/++/++,0,0,1
coordinated/fresh/k4,-1,-1,1,-+/--/--/--,1/128,1,128
coordinated/fresh/k4,-1,-1,1,-+/--/--/-+,1/256,1,256
coordinated/fresh/k4,-1,-1,1,-+/--/--/+-,1/256,1,256
coordinated/fresh/k4,-1,-1,1,-+/--/--/++,0,0,1
coordinated/fresh/k4,-1,-1,1,-+/--/-+/--,1/256,1,256
coordinated/fresh/k4,-1,-1,1,-+/--/-+/-+,1/512,1,512
coordinated/fresh/k4,-1,-1,1,-+/--/-+/+-,1/512,1,512
coordinated/fresh/k4,-1,-1,1,-+/--/-+/++,0,0,1
coordinated/fresh/k4,-1,-1,1,-+/--/+-/--,1/256,1,256
coordinated/fresh/k4,-1,-1,1,-+/--/+-/-+,1/512,1,512
coordinated/fresh/k4,-1,-1,1,-+/--/+-/+-,1/512,1,512
coordinated/fresh/k4,-1,-1,1,-+/--/+-/++,0,0,1
coordinated/fresh/k4,-1,-1,1,-+/--/++/--,0,0,1
coordinated/fresh/k4,-1,-1,1,-+/--/++/-+,0,0,1
coordinated/fresh/k4,-1,-1,1,-+/--/++/+-,0,0,1
coordinated/fresh/k4,-1,-1,1,-+/--/++/++,0,0,1
coordinated/fresh/k4,-1,-1,1,-+/-+/--/--,1/256,1,256
coordinated/fresh/k4,-1,-1,1,-+/-+/--/-+,1/512,1,512
coordinated/fresh/k4,-1,-1,1,-+/-+/--/+-,1/512,1,512
coordinated/fresh/k4,-1,-1,1,-+/-+/--/++,0,0,1
coordinated/fresh/k4,-1,-1,1,-+/-+/-+/--,1/512,1,512
coordinated/fresh/k4,-1,-1,1,-+/-+/-+/-+,1/1024,1,1024
coordinated/fresh/k4,-1,-1,1,-+/-+/-+/+-,1/1024,1,1024
coordinated/fresh/k4,-1,-1,1,-+/-+/-+/++,0,0,1
coordinated/fresh/k4,-1,-1,1,-+/-+/+-/--,1/512,1,512
coordinated/fresh/k4,-1,-1,1,-+/-+/+-/-+,1/1024,1,1024
coordinated/fresh/k4,-1,-1,1,-+/-+/+-/+-,1/1024,1,1024
coordinated/fresh/k4,-1,-1,1,-+/-+/+-/++,0,0,1
coordinated/fresh/k4,-1,-1,1,-+/-+/++/--,0,0,1
coordinated/fresh/k4,-1,-1,1,-+/-+/++/-+,0,0,1
coordinated/fresh/k4,-1,-1,1,-+/-+/++/+-,0,0,1
coordinated/fresh/k4,-1,-1,1,-+/-+/++/++,0,0,1
coordinated/fresh/k4,-1,-1,1,-+/+-/--/--,1/256,1,256
coordinated/fresh/k4,-1,-1,1,-+/+-/--/-+,1/512,1,512
coordinated/fresh/k4,-1,-1,1,-+/+-/--/+-,1/512,1,512
coordinated/fresh/k4,-1,-1,1,-+/+-/--/++,0,0,1
coordinated/fresh/k4,-1,-1,1,-+/+-/-+/--,1/512,1,512
coordinated/fresh/k4,-1,-1,1,-+/+-/-+/-+,1/1024,1,1024
coordinated/fresh/k4,-1,-1,1,-+/+-/-+/+-,1/1024,1,1024
coordinated/fresh/k4,-1,-1,1,-+/+-/-+/++,0,0,1
coordinated/fresh/k4,-1,-1,1,-+/+-/+-/--,1/512,1,512
coordinated/fresh/k4,-1,-1,1,-+/+-/+-/-+,1/1024,1,1024
coordinated/fresh/k4,-1,-1,1,-+/+-/+-/+-,1/1024,1,1024
coordinated/fresh/k4,-1,-1,1,-+/+-/+-/++,0,0,1
coordinated/fresh/k4,-1,-1,1,-+/+-/++/--,0,0,1
coordinated/fresh/k4,-1,-1,1,-+/+-/++/-+,0,0,1
coordinated/fresh/k4,-1,-1,1,-+/+-/++/+-,0,0,1
coordinated/fresh/k4,-1,-1,1,-+/+-/++/++,0,0,1
coordinated/fresh/k4,-1,-1,1,-+/++/--/--,0,0,1
coordinated/fresh/k4,-1,-1,1,-+/++/--/-+,0,0,1
coordinated/fresh/k4,-1,-1,1,-+/++/--/+-,0,0,1
coordinated/fresh/k4,-1,-1,1,-+/++/--/++,0,0,1
coordinated/fresh/k4,-1,-1,1,-+/++/-+/--,0,0,1
coordinated/fresh/k4,-1,-1,1,-+/++/-+/-+,0,0,1
coordinated/fresh/k4,-1,-1,1,-+/++/-+/+-,0,0,1
coordinated/fresh/k4,-1,-1,1,-+/++/-+/++,0,0,1
coordinated/fresh/k4,-1,-1,1,-+/++/+-/--,0,0,1
coordinated/fresh/k4,-1,-1,1,-+/++/+-/-+,0,0,1
coordinated/fresh/k4,-1,-1,1,-+/++/+-/+-,0,0,1
coordinated/fresh/k4,-1,-1,1,-+/++/+-/++,0,0,1
coordinated/fresh/k4,-1,-1,1,-+/++/++/--,0,0,1
coordinated/fresh/k4,-1,-1,1,-+/++/++/-+,0,0,1
coordinated/fresh/k4,-1,-1,1,-+/++/++/+-,0,0,1
coordinated/fresh/k4,-1,-1,1,-+/++/++/++,0,0,1
coordinated/fresh/k4,-1,-1,1,+-/--/--/--,1/128,1,128
coordinated/fresh/k4,-1,-1,1,+-/--/--/-+,1/256,1,256
coordinated/fresh/k4,-1,-1,1,+-/--/--/+-,1/256,1,256
coordinated/fresh/k4,-1,-1,1,+-/--/--/++,0,0,1
coordinated/fresh/k4,-1,-1,1,+-/--/-+/--,1/256,1,256
coordinated/fresh/k4,-1,-1,1,+-/--/-+/-+,1/512,1,512
coordinated/fresh/k4,-1,-1,1,+-/--/-+/+-,1/512,1,512
coordinated/fresh/k4,-1,-1,1,+-/--/-+/++,0,0,1
coordinated/fresh/k4,-1,-1,1,+-/--/+-/--,1/256,1,256
coordinated/fresh/k4,-1,-1,1,+-/--/+-/-+,1/512,1,512
coordinated/fresh/k4,-1,-1,1,+-/--/+-/+-,1/512,1,512
coordinated/fresh/k4,-1,-1,1,+-/--/+-/++,0,0,1
coordinated/fresh/k4,-1,-1,1,+-/--/++/--,0,0,1
coordinated/fresh/k4,-1,-1,1,+-/--/++/-+,0,0,1
coordinated/fresh/k4,-1,-1,1,+-/--/++/+-,0,0,1
coordinated/fresh/k4,-1,-1,1,+-/--/++/++,0,0,1
coordinated/fresh/k4,-1,-1,1,+-/-+/--/--,1/256,1,256
coordinated/fresh/k4,-1,-1,1,+-/-+/--/-+,1/512,1,512
coordinated/fresh/k4,-1,-1,1,+-/-+/--/+-,1/512,1,512
coordinated/fresh/k4,-1,-1,1,+-/-+/--/++,0,0,1
coordinated/fresh/k4,-1,-1,1,+-/-+/-+/--,1/512,1,512
coordinated/fresh/k4,-1,-1,1,+-/-+/-+/-+,1/1024,1,1024
coordinated/fresh/k4,-1,-1,1,+-/-+/-+/+-,1/1024,1,1024
coordinated/fresh/k4,-1,-1,1,+-/-+/-+/++,0,0,1
coordinated/fresh/k4,-1,-1,1,+-/-+/+-/--,1/512,1,512
coordinated/fresh/k4,-1,-1,1,+-/-+/+-/-+,1/1024,1,1024
coordinated/fresh/k4,-1,-1,1,+-/-+/+-/+-,1/1024,1,1024
coordinated/fresh/k4,-1,-1,1,+-/-+/+-/++,0,0,1
coordinated/fresh/k4,-1,-1,1,+-/-+/++/--,0,0,1
coordinated/fresh/k4,-1,-1,1,+-/-+/++/-+,0,0,1
coordinated/fresh/k4,-1,-1,1,+-/-+/++/+-,0,0,1
coordinated/fresh/k4,-1,-1,1,+-/-+/++/++,0,0,1
coordinated/fresh/k4,-1,-1,1,+-/+-/--/--,1/256,1,256
coordinated/fresh/k4,-1,-1,1,+-/+-/--/-+,1/512,1,512
coordinated/fresh/k4,-1,-1,1,+-/+-/--/+-,1/512,1,512
coordinated/fresh/k4,-1,-1,1,+-/+-/--/++,0,0,1
coordinated/fresh/k4,-1,-1,1,+-/+-/-+/--,1/512,1,512
coordinated/fresh/k4,-1,-1,1,+-/+-/-+/-+,1/1024,1,1024
coordinated/fresh/k4,-1,-1,1,+-/+-/-+/+-,1/1024,1,1024
coordinated/fresh/k4,-1,-1,1,+-/+-/-+/++,0,0,1
coordinated/fresh/k4,-1,-1,1,+-/+-/+-/--,1/512,1,512
coordinated/fresh/k4,-1,-1,1,+-/+-/+-/-+,1/1024,1,1024
coordinated/fresh/k4,-1,-1,1,+-/+-/+-/+-,1/1024,1,1024
coordinated/fresh/k4,-1,-1,1,+-/+-/+-/++,0,0,1
coordinated/fresh/k4,-1,-1,1,+-/+-/++/--,0,0,1
coordinated/fresh/k4,-1,-1,1,+-/+-/++/-+,0,0,1
coordinated/fresh/k4,-1,-1,1,+-/+-/++/+-,0,0,1
coordinated/fresh/k4,-1,-1,1,+-/+-/++/++,0,0,1
coordinated/fresh/k4,-1,-1,1,+-/++/--/--,0,0,1
coordinated/fresh/k4,-1,-1,1,+-/++/--/-+,0,0,1
coordinated/fresh/k4,-1,-1,1,+-/++/--/+-,0,0,1
coordinated/fresh/k4,-1,-1,1,+-/++/--/++,0,0,1
coordinated/fresh/k4,-1,-1,1,+-/++/-+/--,0,0,1
coordinated/fresh/k4,-1,-1,1,+-/++/-+/-+,0,0,1
coordinated/fresh/k4,-1,-1,1,+-/++/-+/+-,0,0,1
coordinated/fresh/k4,-1,-1,1,+-/++/-+/++,0,0,1
coordinated/fresh/k4,-1,-1,1,+-/++/+-/--,0,0,1
coordinated/fresh/k4,-1,-1,1,+-/++/+-/-+,0,0,1
coordinated/fresh/k4,-1,-1,1,+-/++/+-/+-,0,0,1
coordinated/fresh/k4,-1,-1,1,+-/++/+-/++,0,0,1
coordinated/fresh/k4,-1,-1,1,+-/++/++/--,0,0,1
coordinated/fresh/k4,-1,-1,1,+-/++/++/-+,0,0,1
coordinated/fresh/k4,-1,-1,1,+-/++/++/+-,0,0,1
coordinated/fresh/k4,-1,-1,1,+-/++/++/++,0,0,1
coordinated/fresh/k4,-1,-1,1,++/--/--/--,0,0,1
coordinated/fresh/k4,-1,-1,1,++/--/--/-+,0,0,1
coordinated/fresh/k4,-1,-1,1,++/--/--/+-,0,0,1
coordinated/fresh/k4,-1,-1,1,++/--/--/++,0,0,1
coordinated/fresh/k4,-1,-1,1,++/--/-+/--,0,0,1
coordinated/fresh/k4,-1,-1,1,++/--/-+/-+,0,0,1
coordinated/fresh/k4,-1,-1,1,++/--/-+/+-,0,0,1
coordinated/fresh/k4,-1,-1,1,++/--/-+/++,0,0,1
coordinated/fresh/k4,-1,-1,1,++/--/+-/--,0,0,1
coordinated/fresh/k4,-1,-1,1,++/--/+-/-+,0,0,1
coordinated/fresh/k4,-1,-1,1,++/--/+-/+-,0,0,1
coordinated/fresh/k4,-1,-1,1,++/--/+-/++,0,0,1
coordinated/fresh/k4,-1,-1,1,++/--/++/--,0,0,1
coordinated/fresh/k4,-1,-1,1,++/--/++/-+,0,0,1
coordinated/fresh/k4,-1,-1,1,++/--/++/+-,0,0,1
coordinated/fresh/k4,-1,-1,1,++/--/++/++,0,0,1
coordinated/fresh/k4,-1,-1,1,++/-+/--/--,0,0,1
coordinated/fresh/k4,-1,-1,1,++/-+/--/-+,0,0,1
coordinated/fresh/k4,-1,-1,1,++/-+/--/+-,0,0,1
coordinated/fresh/k4,-1,-1,1,++/-+/--/++,0,0,1
coordinated/fresh/k4,-1,-1,1,++/-+/-+/--,0,0,1
coordinated/fresh/k4,-1,-1,1,++/-+/-+/-+,0,0,1
coordinated/fresh/k4,-1,-1,1,++/-+/-+/+-,0,0,1
coordinated/fresh/k4,-1,-1,1,++/-+/-+/++,0,0,1
coordinated/fresh/k4,-1,-1,1,++/-+/+-/--,0,0,1
coordinated/fresh/k4,-1,-1,1,++/-+/+-/-+,0,0,1
coordinated/fresh/k4,-1,-1,1,++/-+/+-/+-,0,0,1
coordinated/fresh/k4,-1,-1,1,++/-+/+-/++,0,0,1
coordinated/fresh/k4,-1,-1,1,++/-+/++/--,0,0,1
coordinated/fresh/k4,-1,-1,1,++/-+/++/-+,0,0,1
coordinated/fresh/k4,-1,-1,1,++/-+/++/+-,0,0,1
coordinated/fresh/k4,-1,-1,1,++/-+/++/++,0,0,1
coordinated/fresh/k4,-1,-1,1,++/+-/--/--,0,0,1
coordinated/fresh/k4,-1,-1,1,++/+-/--/-+,0,0,1
coordinated/fresh/k4,-1,-1,1,++/+-/--/+-,0,0,1
coordinated/fresh/k4,-1,-1,1,++/+-/--/++,0,0,1
coordinated/fresh/k4,-1,-1,1,++/+-/-+/--,0,0,1
coordinated/fresh/k4,-1,-1,1,++/+-/-+/-+,0,0,1
coordinated/fresh/k4,-1,-1,1,++/+-/-+/+-,0,0,1
coordinated/fresh/k4,-1,-1,1,++/+-/-+/++,0,0,1
coordinated/fresh/k4,-1,-1,1,++/+-/+-/--,0,0,1
coordinated/fresh/k4,-1,-1,1,++/+-/+-/-+,0,0,1
coordinated/fresh/k4,-1,-1,1,++/+-/+-/+-,0,0,1
coordinated/fresh/k4,-1,-1,1,++/+-/+-/++,0,0,1
coordinated/fresh/k4,-1,-1,1,++/+-/++/--,0,0,1
coordinated/fresh/k4,-1,-1,1,++/+-/++/-+,0,0,1
coordinated/fresh/k4,-1,-1,1,++/+-/++/+-,0,0,1
coordinated/fresh/k4,-1,-1,1,++/+-/++/++,0,0,1
coordinated/fresh/k4,-1,-1,1,++/++/--/--,0,0,1
coordinated/fresh/k4,-1,-1,1,++/++/--/-+,0,0,1
coordinated/fresh/k4,-1,-1,1,++/++/--/+-,0,0,1
coordinated/fresh/k4,-1,-1,1,++/++/--/++,0,0,1
coordinated/fresh/k4,-1,-1,1,++/++/-+/--,0,0,1
coordinated/fresh/k4,-1,-1,1,++/++/-+/-+,0,0,1
coordinated/fresh/k4,-1,-1,1,++/++/-+/+-,0,0,1
coordinated/fresh/k4,-1,-1,1,++/++/-+/++,0,0,1
coordinated/fresh/k4,-1,-1,1,++/++/+-/--,0,0,1
coordinated/fresh/k4,-1,-1,1,++/++/+-/-+,0,0,1
coordinated/fresh/k4,-1,-1,1,++/++/+-/+-,0,0,1
coordinated/fresh/k4,-1,-1,1,++/++/+-/++,0,0,1
coordinated/fresh/k4,-1,-1,1,++/++/++/--,0,0,1
coordinated/fresh/k4,-1,-1,1,++/++/++/-+,0,0,1
coordinated/fresh/k4,-1,-1,1,++/++/++/+-,0,0,1
coordinated/fresh/k4,-1,-1,1,++/++/++/++,0,0,1
coordinated/fresh/k4,-1,1,-1,--/--/--/--,1/1024,1,1024
coordinated/fresh/k4,-1,1,-1,--/--/--/-+,1/512,1,512
coordinated/fresh/k4,-1,1,-1,--/--/--/+-,0,0,1
coordinated/fresh/k4,-1,1,-1,--/--/--/++,1/1024,1,1024
coordinated/fresh/k4,-1,1,-1,--/--/-+/--,1/512,1,512
coordinated/fresh/k4,-1,1,-1,--/--/-+/-+,1/256,1,256
coordinated/fresh/k4,-1,1,-1,--/--/-+/+-,0,0,1
coordinated/fresh/k4,-1,1,-1,--/--/-+/++,1/512,1,512
coordinated/fresh/k4,-1,1,-1,--/--/+-/--,0,0,1
coordinated/fresh/k4,-1,1,-1,--/--/+-/-+,0,0,1
coordinated/fresh/k4,-1,1,-1,--/--/+-/+-,0,0,1
coordinated/fresh/k4,-1,1,-1,--/--/+-/++,0,0,1
coordinated/fresh/k4,-1,1,-1,--/--/++/--,1/1024,1,1024
coordinated/fresh/k4,-1,1,-1,--/--/++/-+,1/512,1,512
coordinated/fresh/k4,-1,1,-1,--/--/++/+-,0,0,1
coordinated/fresh/k4,-1,1,-1,--/--/++/++,1/1024,1,1024
coordinated/fresh/k4,-1,1,-1,--/-+/--/--,1/512,1,512
coordinated/fresh/k4,-1,1,-1,--/-+/--/-+,1/256,1,256
coordinated/fresh/k4,-1,1,-1,--/-+/--/+-,0,0,1
coordinated/fresh/k4,-1,1,-1,--/-+/--/++,1/512,1,512
coordinated/fresh/k4,-1,1,-1,--/-+/-+/--,1/256,1,256
coordinated/fresh/k4,-1,1,-1,--/-+/-+/-+,1/128,1,128
coordinated/fresh/k4,-1,1,-1,--/-+/-+/+-,0,0,1
coordinated/fresh/k4,-1,1,-1,--/-+/-+/++,1/256,1,256
coordinated/fresh/k4,-1,1,-1,--/-+/+-/--,0,0,1
coordinated/fresh/k4,-1,1,-1,--/-+/+-/-+,0,0,1
coordinated/fresh/k4,-1,1,-1,--/-+/+-/+-,0,0,1
coordinated/fresh/k4,-1,1,-1,--/-+/+-/++,0,0,1
coordinated/fresh/k4,-1,1,-1,--/-+/++/--,1/512,1,512
coordinated/fresh/k4,-1,1,-1,--/-+/++/-+,1/256,1,256
coordinated/fresh/k4,-1,1,-1,--/-+/++/+-,0,0,1
coordinated/fresh/k4,-1,1,-1,--/-+/++/++,1/512,1,512
coordinated/fresh/k4,-1,1,-1,--/+-/--/--,0,0,1
coordinated/fresh/k4,-1,1,-1,--/+-/--/-+,0,0,1
coordinated/fresh/k4,-1,1,-1,--/+-/--/+-,0,0,1
coordinated/fresh/k4,-1,1,-1,--/+-/--/++,0,0,1
coordinated/fresh/k4,-1,1,-1,--/+-/-+/--,0,0,1
coordinated/fresh/k4,-1,1,-1,--/+-/-+/-+,0,0,1
coordinated/fresh/k4,-1,1,-1,--/+-/-+/+-,0,0,1
coordinated/fresh/k4,-1,1,-1,--/+-/-+/++,0,0,1
coordinated/fresh/k4,-1,1,-1,--/+-/+-/--,0,0,1
coordinated/fresh/k4,-1,1,-1,--/+-/+-/-+,0,0,1
coordinated/fresh/k4,-1,1,-1,--/+-/+-/+-,0,0,1
coordinated/fresh/k4,-1,1,-1,--/+-/+-/++,0,0,1
coordinated/fresh/k4,-1,1,-1,--/+-/++/--,0,0,1
coordinated/fresh/k4,-1,1,-1,--/+-/++/-+,0,0,1
coordinated/fresh/k4,-1,1,-1,--/+-/++/+-,0,0,1
coordinated/fresh/k4,-1,1,-1,--/+-/++/++,0,0,1
coordinated/fresh/k4,-1,1,-1,--/++/--/--,1/1024,1,1024
coordinated/fresh/k4,-1,1,-1,--/++/--/-+,1/512,1,512
coordinated/fresh/k4,-1,1,-1,--/++/--/+-,0,0,1
coordinated/fresh/k4,-1,1,-1,--/++/--/++,1/1024,1,1024
coordinated/fresh/k4,-1,1,-1,--/++/-+/--,1/512,1,512
coordinated/fresh/k4,-1,1,-1,--/++/-+/-+,1/256,1,256
coordinated/fresh/k4,-1,1,-1,--/++/-+/+-,0,0,1
coordinated/fresh/k4,-1,1,-1,--/++/-+/++,1/512,1,512
coordinated/fresh/k4,-1,1,-1,--/++/+-/--,0,0,1
coordinated/fresh/k4,-1,1,-1,--/++/+-/-+,0,0,1
coordinated/fresh/k4,-1,1,-1,--/++/+-/+-,0,0,1
coordinated/fresh/k4,-1,1,-1,--/++/+-/++,0,0,1
coordinated/fresh/k4,-1,1,-1,--/++/++/--,1/1024,1,1024
coordinated/fresh/k4,-1,1,-1,--/++/++/-+,1/512,1,512
coordinated/fresh/k4,-1,1,-1,--/++/++/+-,0,0,1
coordinated/fresh/k4,-1,1,-1,--/++/++/++,1/1024,1,1024
coordinated/fresh/k4,-1,1,-1,-+/--/--/--,1/512,1,512
coordinated/fresh/k4,-1,1,-1,-+/--/--/-+,1/256,1,256
coordinated/fresh/k4,-1,1,-1,-+/--/--/+-,0,0,1
coordinated/fresh/k4,-1,1,-1,-+/--/--/++,1/512,1,512
coordinated/fresh/k4,-1,1,-1,-+/--/-+/--,1/256,1,256
coordinated/fresh/k4,-1,1,-1,-+/--/-+/-+,1/128,1,128
coordinated/fresh/k4,-1,1,-1,-+/--/-+/+-,0,0,1
coordinated/fresh/k4,-1,1,-1,-+/--/-+/++,1/256,1,256
coordinated/fresh/k4,-1,1,-1,-+/--/+-/--,0,0,1
coordinated/fresh/k4,-1,1,-1,-+/--/+-/-+,0,0,1
coordinated/fresh/k4,-1,1,-1,-+/--/+-/+-,0,0,1
coordinated/fresh/k4,-1,1,-1,-+/--/+-/++,0,0,1
coordinated/fresh/k4,-1,1,-1,-+/--/++/--,1/512,1,512
coordinated/fresh/k4,-1,1,-1,-+/--/++/-+,1/256,1,256
coordinated/fresh/k4,-1,1,-1,-+/--/++/+-,0,0,1
coordinated/fresh/k4,-1,1,-1,-+/--/++/++,1/512,1,512
coordinated/fresh/k4,-1,1,-1,-+/-+/--/--,1/256,1,256
coordinated/fresh/k4,-1,1,-1,-+/-+/--/-+,1/128,1,128
coordinated/fresh/k4,-1,1,-1,-+/-+/--/+-,0,0,1
coordinated/fresh/k4,-1,1,-1,-+/-+/--/++,1/256,1,256
coordinated/fresh/k4,-1,1,-1,-+/-+/-+/--,1/128,1,128
coordinated/fresh/k4,-1,1,-1,-+/-+/-+/-+,1/64,1,64
coordinated/fresh/k4,-1,1,-1,-+/-+/-+/+-,0,0,1
coordinated/fresh/k4,-1,1,-1,-+/-+/-+/++,1/128,1,128
coordinated/fresh/k4,-1,1,-1,-+/-+/+-/--,0,0,1
coordinated/fresh/k4,-1,1,-1,-+/-+/+-/-+,0,0,1
coordinated/fresh/k4,-1,1,-1,-+/-+/+-/+-,0,0,1
coordinated/fresh/k4,-1,1,-1,-+/-+/+-/++,0,0,1
coordinated/fresh/k4,-1,1,-1,-+/-+/++/--,1/256,1,256
coordinated/fresh/k4,-1,1,-1,-+/-+/++/-+,1/128,1,128
coordinated/fresh/k4,-1,1,-1,-+/-+/++/+-,0,0,1
coordinated/fresh/k4,-1,1,-1,-+/-+/++/++,1/256,1,256
coordinated/fresh/k4,-1,1,-1,-+/+-/--/--,0,0,1
coordinated/fresh/k4,-1,1,-1,-+/+-/--/-+,0,0,1
coordinated/fresh/k4,-1,1,-1,-+/+-/--/+-,0,0,1
coordinated/fresh/k4,-1,1,-1,-+/+-/--/++,0,0,1
coordinated/fresh/k4,-1,1,-1,-+/+-/-+/--,0,0,1
coordinated/fresh/k4,-1,1,-1,-+/+-/-+/-+,0,0,1
coordinated/fresh/k4,-1,1,-1,-+/+-/-+/+-,0,0,1
coordinated/fresh/k4,-1,1,-1,-+/+-/-+/++,0,0,1
coordinated/fresh/k4,-1,1,-1,-+/+-/+-/--,0,0,1
coordinated/fresh/k4,-1,1,-1,-+/+-/+-/-+,0,0,1
coordinated/fresh/k4,-1,1,-1,-+/+-/+-/+-,0,0,1
coordinated/fresh/k4,-1,1,-1,-+/+-/+-/++,0,0,1
coordinated/fresh/k4,-1,1,-1,-+/+-/++/--,0,0,1
coordinated/fresh/k4,-1,1,-1,-+/+-/++/-+,0,0,1
coordinated/fresh/k4,-1,1,-1,-+/+-/++/+-,0,0,1
coordinated/fresh/k4,-1,1,-1,-+/+-/++/++,0,0,1
coordinated/fresh/k4,-1,1,-1,-+/++/--/--,1/512,1,512
coordinated/fresh/k4,-1,1,-1,-+/++/--/-+,1/256,1,256
coordinated/fresh/k4,-1,1,-1,-+/++/--/+-,0,0,1
coordinated/fresh/k4,-1,1,-1,-+/++/--/++,1/512,1,512
coordinated/fresh/k4,-1,1,-1,-+/++/-+/--,1/256,1,256
coordinated/fresh/k4,-1,1,-1,-+/++/-+/-+,1/128,1,128
coordinated/fresh/k4,-1,1,-1,-+/++/-+/+-,0,0,1
coordinated/fresh/k4,-1,1,-1,-+/++/-+/++,1/256,1,256
coordinated/fresh/k4,-1,1,-1,-+/++/+-/--,0,0,1
coordinated/fresh/k4,-1,1,-1,-+/++/+-/-+,0,0,1
coordinated/fresh/k4,-1,1,-1,-+/++/+-/+-,0,0,1
coordinated/fresh/k4,-1,1,-1,-+/++/+-/++,0,0,1
coordinated/fresh/k4,-1,1,-1,-+/++/++/--,1/512,1,512
coordinated/fresh/k4,-1,1,-1,-+/++/++/-+,1/256,1,256
coordinated/fresh/k4,-1,1,-1,-+/++/++/+-,0,0,1
coordinated/fresh/k4,-1,1,-1,-+/++/++/++,1/512,1,512
coordinated/fresh/k4,-1,1,-1,+-/--/--/--,0,0,1
coordinated/fresh/k4,-1,1,-1,+-/--/--/-+,0,0,1
coordinated/fresh/k4,-1,1,-1,+-/--/--/+-,0,0,1
coordinated/fresh/k4,-1,1,-1,+-/--/--/++,0,0,1
coordinated/fresh/k4,-1,1,-1,+-/--/-+/--,0,0,1
coordinated/fresh/k4,-1,1,-1,+-/--/-+/-+,0,0,1
coordinated/fresh/k4,-1,1,-1,+-/--/-+/+-,0,0,1
coordinated/fresh/k4,-1,1,-1,+-/--/-+/++,0,0,1
coordinated/fresh/k4,-1,1,-1,+-/--/+-/--,0,0,1
coordinated/fresh/k4,-1,1,-1,+-/--/+-/-+,0,0,1
coordinated/fresh/k4,-1,1,-1,+-/--/+-/+-,0,0,1
coordinated/fresh/k4,-1,1,-1,+-/--/+-/++,0,0,1
coordinated/fresh/k4,-1,1,-1,+-/--/++/--,0,0,1
coordinated/fresh/k4,-1,1,-1,+-/--/++/-+,0,0,1
coordinated/fresh/k4,-1,1,-1,+-/--/++/+-,0,0,1
coordinated/fresh/k4,-1,1,-1,+-/--/++/++,0,0,1
coordinated/fresh/k4,-1,1,-1,+-/-+/--/--,0,0,1
coordinated/fresh/k4,-1,1,-1,+-/-+/--/-+,0,0,1
coordinated/fresh/k4,-1,1,-1,+-/-+/--/+-,0,0,1
coordinated/fresh/k4,-1,1,-1,+-/-+/--/++,0,0,1
coordinated/fresh/k4,-1,1,-1,+-/-+/-+/--,0,0,1
coordinated/fresh/k4,-1,1,-1,+-/-+/-+/-+,0,0,1
coordinated/fresh/k4,-1,1,-1,+-/-+/-+/+-,0,0,1
coordinated/fresh/k4,-1,1,-1,+-/-+/-+/++,0,0,1
coordinated/fresh/k4,-1,1,-1,+-/-+/+-/--,0,0,1
coordinated/fresh/k4,-1,1,-1,+-/-+/+-/-+,0,0,1
coordinated/fresh/k4,-1,1,-1,+-/-+/+-/+-,0,0,1
coordinated/fresh/k4,-1,1,-1,+-/-+/+-/++,0,0,1
coordinated/fresh/k4,-1,1,-1,+-/-+/++/--,0,0,1
coordinated/fresh/k4,-1,1,-1,+-/-+/++/-+,0,0,1
coordinated/fresh/k4,-1,1,-1,+-/-+/++/+-,0,0,1
coordinated/fresh/k4,-1,1,-1,+-/-+/++/++,0,0,1
coordinated/fresh/k4,-1,1,-1,+-/+-/--/--,0,0,1
coordinated/fresh/k4,-1,1,-1,+-/+-/--/-+,0,0,1
coordinated/fresh/k4,-1,1,-1,+-/+-/--/+-,0,0,1
coordinated/fresh/k4,-1,1,-1,+-/+-/--/++,0,0,1
coordinated/fresh/k4,-1,1,-1,+-/+-/-+/--,0,0,1
coordinated/fresh/k4,-1,1,-1,+-/+-/-+/-+,0,0,1
coordinated/fresh/k4,-1,1,-1,+-/+-/-+/+-,0,0,1
coordinated/fresh/k4,-1,1,-1,+-/+-/-+/++,0,0,1
coordinated/fresh/k4,-1,1,-1,+-/+-/+-/--,0,0,1
coordinated/fresh/k4,-1,1,-1,+-/+-/+-/-+,0,0,1
coordinated/fresh/k4,-1,1,-1,+-/+-/+-/+-,0,0,1
coordinated/fresh/k4,-1,1,-1,+-/+-/+-/++,0,0,1
coordinated/fresh/k4,-1,1,-1,+-/+-/++/--,0,0,1
coordinated/fresh/k4,-1,1,-1,+-/+-/++/-+,0,0,1
coordinated/fresh/k4,-1,1,-1,+-/+-/++/+-,0,0,1
coordinated/fresh/k4,-1,1,-1,+-/+-/++/++,0,0,1
coordinated/fresh/k4,-1,1,-1,+-/++/--/--,0,0,1
coordinated/fresh/k4,-1,1,-1,+-/++/--/-+,0,0,1
coordinated/fresh/k4,-1,1,-1,+-/++/--/+-,0,0,1
coordinated/fresh/k4,-1,1,-1,+-/++/--/++,0,0,1
coordinated/fresh/k4,-1,1,-1,+-/++/-+/--,0,0,1
coordinated/fresh/k4,-1,1,-1,+-/++/-+/-+,0,0,1
coordinated/fresh/k4,-1,1,-1,+-/++/-+/+-,0,0,1
coordinated/fresh/k4,-1,1,-1,+-/++/-+/++,0,0,1
coordinated/fresh/k4,-1,1,-1,+-/++/+-/--,0,0,1
coordinated/fresh/k4,-1,1,-1,+-/++/+-/-+,0,0,1
coordinated/fresh/k4,-1,1,-1,+-/++/+-/+-,0,0,1
coordinated/fresh/k4,-1,1,-1,+-/++/+-/++,0,0,1
coordinated/fresh/k4,-1,1,-1,+-/++/++/--,0,0,1
coordinated/fresh/k4,-1,1,-1,+-/++/++/-+,0,0,1
coordinated/fresh/k4,-1,1,-1,+-/++/++/+-,0,0,1
coordinated/fresh/k4,-1,1,-1,+-/++/++/++,0,0,1
coordinated/fresh/k4,-1,1,-1,++/--/--/--,1/1024,1,1024
coordinated/fresh/k4,-1,1,-1,++/--/--/-+,1/512,1,512
coordinated/fresh/k4,-1,1,-1,++/--/--/+-,0,0,1
coordinated/fresh/k4,-1,1,-1,++/--/--/++,1/1024,1,1024
coordinated/fresh/k4,-1,1,-1,++/--/-+/--,1/512,1,512
coordinated/fresh/k4,-1,1,-1,++/--/-+/-+,1/256,1,256
coordinated/fresh/k4,-1,1,-1,++/--/-+/+-,0,0,1
coordinated/fresh/k4,-1,1,-1,++/--/-+/++,1/512,1,512
coordinated/fresh/k4,-1,1,-1,++/--/+-/--,0,0,1
coordinated/fresh/k4,-1,1,-1,++/--/+-/-+,0,0,1
coordinated/fresh/k4,-1,1,-1,++/--/+-/+-,0,0,1
coordinated/fresh/k4,-1,1,-1,++/--/+-/++,0,0,1
coordinated/fresh/k4,-1,1,-1,++/--/++/--,1/1024,1,1024
coordinated/fresh/k4,-1,1,-1,++/--/++/-+,1/512,1,512
coordinated/fresh/k4,-1,1,-1,++/--/++/+-,0,0,1
coordinated/fresh/k4,-1,1,-1,++/--/++/++,1/1024,1,1024
coordinated/fresh/k4,-1,1,-1,++/-+/--/--,1/512,1,512
coordinated/fresh/k4,-1,1,-1,++/-+/--/-+,1/256,1,256
coordinated/fresh/k4,-1,1,-1,++/-+/--/+-,0,0,1
coordinated/fresh/k4,-1,1,-1,++/-+/--/++,1/512,1,512
coordinated/fresh/k4,-1,1,-1,++/-+/-+/--,1/256,1,256
coordinated/fresh/k4,-1,1,-1,++/-+/-+/-+,1/128,1,128
coordinated/fresh/k4,-1,1,-1,++/-+/-+/+-,0,0,1
coordinated/fresh/k4,-1,1,-1,++/-+/-+/++,1/256,1,256
coordinated/fresh/k4,-1,1,-1,++/-+/+-/--,0,0,1
coordinated/fresh/k4,-1,1,-1,++/-+/+-/-+,0,0,1
coordinated/fresh/k4,-1,1,-1,++/-+/+-/+-,0,0,1
coordinated/fresh/k4,-1,1,-1,++/-+/+-/++,0,0,1
coordinated/fresh/k4,-1,1,-1,++/-+/++/--,1/512,1,512
coordinated/fresh/k4,-1,1,-1,++/-+/++/-+,1/256,1,256
coordinated/fresh/k4,-1,1,-1,++/-+/++/+-,0,0,1
coordinated/fresh/k4,-1,1,-1,++/-+/++/++,1/512,1,512
coordinated/fresh/k4,-1,1,-1,++/+-/--/--,0,0,1
coordinated/fresh/k4,-1,1,-1,++/+-/--/-+,0,0,1
coordinated/fresh/k4,-1,1,-1,++/+-/--/+-,0,0,1
coordinated/fresh/k4,-1,1,-1,++/+-/--/++,0,0,1
coordinated/fresh/k4,-1,1,-1,++/+-/-+/--,0,0,1
coordinated/fresh/k4,-1,1,-1,++/+-/-+/-+,0,0,1
coordinated/fresh/k4,-1,1,-1,++/+-/-+/+-,0,0,1
coordinated/fresh/k4,-1,1,-1,++/+-/-+/++,0,0,1
coordinated/fresh/k4,-1,1,-1,++/+-/+-/--,0,0,1
coordinated/fresh/k4,-1,1,-1,++/+-/+-/-+,0,0,1
coordinated/fresh/k4,-1,1,-1,++/+-/+-/+-,0,0,1
coordinated/fresh/k4,-1,1,-1,++/+-/+-/++,0,0,1
coordinated/fresh/k4,-1,1,-1,++/+-/++/--,0,0,1
coordinated/fresh/k4,-1,1,-1,++/+-/++/-+,0,0,1
coordinated/fresh/k4,-1,1,-1,++/+-/++/+-,0,0,1
coordinated/fresh/k4,-1,1,-1,++/+-/++/++,0,0,1
coordinated/fresh/k4,-1,1,-1,++/++/--/--,1/1024,1,1024
coordinated/fresh/k4,-1,1,-1,++/++/--/-+,1/512,1,512
coordinated/fresh/k4,-1,1,-1,++/++/--/+-,0,0,1
coordinated/fresh/k4,-1,1,-1,++/++/--/++,1/1024,1,1024
coordinated/fresh/k4,-1,1,-1,++/++/-+/--,1/512,1,512
coordinated/fresh/k4,-1,1,-1,++/++/-+/-+,1/256,1,256
coordinated/fresh/k4,-1,1,-1,++/++/-+/+-,0,0,1
coordinated/fresh/k4,-1,1,-1,++/++/-+/++,1/512,1,512
coordinated/fresh/k4,-1,1,-1,++/++/+-/--,0,0,1
coordinated/fresh/k4,-1,1,-1,++/++/+-/-+,0,0,1
coordinated/fresh/k4,-1,1,-1,++/++/+-/+-,0,0,1
coordinated/fresh/k4,-1,1,-1,++/++/+-/++,0,0,1
coordinated/fresh/k4,-1,1,-1,++/++/++/--,1/1024,1,1024
coordinated/fresh/k4,-1,1,-1,++/++/++/-+,1/512,1,512
coordinated/fresh/k4,-1,1,-1,++/++/++/+-,0,0,1
coordinated/fresh/k4,-1,1,-1,++/++/++/++,1/1024,1,1024
coordinated/fresh/k4,1,-1,-1,--/--/--/--,1/1024,1,1024
coordinated/fresh/k4,1,-1,-1,--/--/--/-+,0,0,1
coordinated/fresh/k4,1,-1,-1,--/--/--/+-,1/512,1,512
coordinated/fresh/k4,1,-1,-1,--/--/--/++,1/1024,1,1024
coordinated/fresh/k4,1,-1,-1,--/--/-+/--,0,0,1
coordinated/fresh/k4,1,-1,-1,--/--/-+/-+,0,0,1
coordinated/fresh/k4,1,-1,-1,--/--/-+/+-,0,0,1
coordinated/fresh/k4,1,-1,-1,--/--/-+/++,0,0,1
coordinated/fresh/k4,1,-1,-1,--/--/+-/--,1/512,1,512
coordinated/fresh/k4,1,-1,-1,--/--/+-/-+,0,0,1
coordinated/fresh/k4,1,-1,-1,--/--/+-/+-,1/256,1,256
coordinated/fresh/k4,1,-1,-1,--/--/+-/++,1/512,1,512
coordinated/fresh/k4,1,-1,-1,--/--/++/--,1/1024,1,1024
coordinated/fresh/k4,1,-1,-1,--/--/++/-+,0,0,1
coordinated/fresh/k4,1,-1,-1,--/--/++/+-,1/512,1,512
coordinated/fresh/k4,1,-1,-1,--/--/++/++,1/1024,1,1024
coordinated/fresh/k4,1,-1,-1,--/-+/--/--,0,0,1
coordinated/fresh/k4,1,-1,-1,--/-+/--/-+,0,0,1
coordinated/fresh/k4,1,-1,-1,--/-+/--/+-,0,0,1
coordinated/fresh/k4,1,-1,-1,--/-+/--/++,0,0,1
coordinated/fresh/k4,1,-1,-1,--/-+/-+/--,0,0,1
coordinated/fresh/k4,1,-1,-1,--/-+/-+/-+,0,0,1
coordinated/fresh/k4,1,-1,-1,--/-+/-+/+-,0,0,1
coordinated/fresh/k4,1,-1,-1,--/-+/-+/++,0,0,1
coordinated/fresh/k4,1,-1,-1,--/-+/+-/--,0,0,1
coordinated/fresh/k4,1,-1,-1,--/-+/+-/-+,0,0,1
coordinated/fresh/k4,1,-1,-1,--/-+/+-/+-,0,0,1
coordinated/fresh/k4,1,-1,-1,--/-+/+-/++,0,0,1
coordinated/fresh/k4,1,-1,-1,--/-+/++/--,0,0,1
coordinated/fresh/k4,1,-1,-1,--/-+/++/-+,0,0,1
coordinated/fresh/k4,1,-1,-1,--/-+/++/+-,0,0,1
coordinated/fresh/k4,1,-1,-1,--/-+/++/++,0,0,1
coordinated/fresh/k4,1,-1,-1,--/+-/--/--,1/512,1,512
coordinated/fresh/k4,1,-1,-1,--/+-/--/-+,0,0,1
coordinated/fresh/k4,1,-1,-1,--/+-/--/+-,1/256,1,256
coordinated/fresh/k4,1,-1,-1,--/+-/--/++,1/512,1,512
coordinated/fresh/k4,1,-1,-1,--/+-/-+/--,0,0,1
coordinated/fresh/k4,1,-1,-1,--/+-/-+/-+,0,0,1
coordinated/fresh/k4,1,-1,-1,--/+-/-+/+-,0,0,1
coordinated/fresh/k4,1,-1,-1,--/+-/-+/++,0,0,1
coordinated/fresh/k4,1,-1,-1,--/+-/+-/--,1/256,1,256
coordinated/fresh/k4,1,-1,-1,--/+-/+-/-+,0,0,1
coordinated/fresh/k4,1,-1,-1,--/+-/+-/+-,1/128,1,128
coordinated/fresh/k4,1,-1,-1,--/+-/+-/++,1/256,1,256
coordinated/fresh/k4,1,-1,-1,--/+-/++/--,1/512,1,512
coordinated/fresh/k4,1,-1,-1,--/+-/++/-+,0,0,1
coordinated/fresh/k4,1,-1,-1,--/+-/++/+-,1/256,1,256
coordinated/fresh/k4,1,-1,-1,--/+-/++/++,1/512,1,512
coordinated/fresh/k4,1,-1,-1,--/++/--/--,1/1024,1,1024
coordinated/fresh/k4,1,-1,-1,--/++/--/-+,0,0,1
coordinated/fresh/k4,1,-1,-1,--/++/--/+-,1/512,1,512
coordinated/fresh/k4,1,-1,-1,--/++/--/++,1/1024,1,1024
coordinated/fresh/k4,1,-1,-1,--/++/-+/--,0,0,1
coordinated/fresh/k4,1,-1,-1,--/++/-+/-+,0,0,1
coordinated/fresh/k4,1,-1,-1,--/++/-+/+-,0,0,1
coordinated/fresh/k4,1,-1,-1,--/++/-+/++,0,0,1
coordinated/fresh/k4,1,-1,-1,--/++/+-/--,1/512,1,512
coordinated/fresh/k4,1,-1,-1,--/++/+-/-+,0,0,1
coordinated/fresh/k4,1,-1,-1,--/++/+-/+-,1/256,1,256
coordinated/fresh/k4,1,-1,-1,--/++/+-/++,1/512,1,512
coordinated/fresh/k4,1,-1,-1,--/++/++/--,1/1024,1,1024
coordinated/fresh/k4,1,-1,-1,--/++/++/-+,0,0,1
coordinated/fresh/k4,1,-1,-1,--/++/++/+-,1/512,1,512
coordinated/fresh/k4,1,-1,-1,--/++/++/++,1/1024,1,1024
coordinated/fresh/k4,1,-1,-1,-+/--/--/--,0,0,1
coordinated/fresh/k4,1,-1,-1,-+/--/--/-+,0,0,1
coordinated/fresh/k4,1,-1,-1,-+/--/--/+-,0,0,1
coordinated/fresh/k4,1,-1,-1,-+/--/--/++,0,0,1
coordinated/fresh/k4,1,-1,-1,-+/--/-+/--,0,0,1
coordinated/fresh/k4,1,-1,-1,-+/--/-+/-+,0,0,1
coordinated/fresh/k4,1,-1,-1,-+/--/-+/+-,0,0,1
coordinated/fresh/k4,1,-1,-1,-+/--/-+/++,0,0,1
coordinated/fresh/k4,1,-1,-1,-+/--/+-/--,0,0,1
coordinated/fresh/k4,1,-1,-1,-+/--/+-/-+,0,0,1
coordinated/fresh/k4,1,-1,-1,-+/--/+-/+-,0,0,1
coordinated/fresh/k4,1,-1,-1,-+/--/+-/++,0,0,1
coordinated/fresh/k4,1,-1,-1,-+/--/++/--,0,0,1
coordinated/fresh/k4,1,-1,-1,-+/--/++/-+,0,0,1
coordinated/fresh/k4,1,-1,-1,-+/--/++/+-,0,0,1
coordinated/fresh/k4,1,-1,-1,-+/--/++/++,0,0,1
coordinated/fresh/k4,1,-1,-1,-+/-+/--/--,0,0,1
coordinated/fresh/k4,1,-1,-1,-+/-+/--/-+,0,0,1
coordinated/fresh/k4,1,-1,-1,-+/-+/--/+-,0,0,1
coordinated/fresh/k4,1,-1,-1,-+/-+/--/++,0,0,1
coordinated/fresh/k4,1,-1,-1,-+/-+/-+/--,0,0,1
coordinated/fresh/k4,1,-1,-1,-+/-+/-+/-+,0,0,1
coordinated/fresh/k4,1,-1,-1,-+/-+/-+/+-,0,0,1
coordinated/fresh/k4,1,-1,-1,-+/-+/-+/++,0,0,1
coordinated/fresh/k4,1,-1,-1,-+/-+/+-/--,0,0,1
coordinated/fresh/k4,1,-1,-1,-+/-+/+-/-+,0,0,1
coordinated/fresh/k4,1,-1,-1,-+/-+/+-/+-,0,0,1
coordinated/fresh/k4,1,-1,-1,-+/-+/+-/++,0,0,1
coordinated/fresh/k4,1,-1,-1,-+/-+/++/--,0,0,1
coordinated/fresh/k4,1,-1,-1,-+/-+/++/-+,0,0,1
coordinated/fresh/k4,1,-1,-1,-+/-+/++/+-,0,0,1
coordinated/fresh/k4,1,-1,-1,-+/-+/++/++,0,0,1
coordinated/fresh/k4,1,-1,-1,-+/+-/--/--,0,0,1
coordinated/fresh/k4,1,-1,-1,-+/+-/--/-+,0,0,1
coordinated/fresh/k4,1,-1,-1,-+/+-/--/+-,0,0,1
coordinated/fresh/k4,1,-1,-1,-+/+-/--/++,0,0,1
coordinated/fresh/k4,1,-1,-1,-+/+-/-+/--,0,0,1
coordinated/fresh/k4,1,-1,-1,-+/+-/-+/-+,0,0,1
coordinated/fresh/k4,1,-1,-1,-+/+-/-+/+-,0,0,1
coordinated/fresh/k4,1,-1,-1,-+/+-/-+/++,0,0,1
coordinated/fresh/k4,1,-1,-1,-+/+-/+-/--,0,0,1
coordinated/fresh/k4,1,-1,-1,-+/+-/+-/-+,0,0,1
coordinated/fresh/k4,1,-1,-1,-+/+-/+-/+-,0,0,1
coordinated/fresh/k4,1,-1,-1,-+/+-/+-/++,0,0,1
coordinated/fresh/k4,1,-1,-1,-+/+-/++/--,0,0,1
coordinated/fresh/k4,1,-1,-1,-+/+-/++/-+,0,0,1
coordinated/fresh/k4,1,-1,-1,-+/+-/++/+-,0,0,1
coordinated/fresh/k4,1,-1,-1,-+/+-/++/++,0,0,1
coordinated/fresh/k4,1,-1,-1,-+/++/--/--,0,0,1
coordinated/fresh/k4,1,-1,-1,-+/++/--/-+,0,0,1
coordinated/fresh/k4,1,-1,-1,-+/++/--/+-,0,0,1
coordinated/fresh/k4,1,-1,-1,-+/++/--/++,0,0,1
coordinated/fresh/k4,1,-1,-1,-+/++/-+/--,0,0,1
coordinated/fresh/k4,1,-1,-1,-+/++/-+/-+,0,0,1
coordinated/fresh/k4,1,-1,-1,-+/++/-+/+-,0,0,1
coordinated/fresh/k4,1,-1,-1,-+/++/-+/++,0,0,1
coordinated/fresh/k4,1,-1,-1,-+/++/+-/--,0,0,1
coordinated/fresh/k4,1,-1,-1,-+/++/+-/-+,0,0,1
coordinated/fresh/k4,1,-1,-1,-+/++/+-/+-,0,0,1
coordinated/fresh/k4,1,-1,-1,-+/++/+-/++,0,0,1
coordinated/fresh/k4,1,-1,-1,-+/++/++/--,0,0,1
coordinated/fresh/k4,1,-1,-1,-+/++/++/-+,0,0,1
coordinated/fresh/k4,1,-1,-1,-+/++/++/+-,0,0,1
coordinated/fresh/k4,1,-1,-1,-+/++/++/++,0,0,1
coordinated/fresh/k4,1,-1,-1,+-/--/--/--,1/512,1,512
coordinated/fresh/k4,1,-1,-1,+-/--/--/-+,0,0,1
coordinated/fresh/k4,1,-1,-1,+-/--/--/+-,1/256,1,256
coordinated/fresh/k4,1,-1,-1,+-/--/--/++,1/512,1,512
coordinated/fresh/k4,1,-1,-1,+-/--/-+/--,0,0,1
coordinated/fresh/k4,1,-1,-1,+-/--/-+/-+,0,0,1
coordinated/fresh/k4,1,-1,-1,+-/--/-+/+-,0,0,1
coordinated/fresh/k4,1,-1,-1,+-/--/-+/++,0,0,1
coordinated/fresh/k4,1,-1,-1,+-/--/+-/--,1/256,1,256
coordinated/fresh/k4,1,-1,-1,+-/--/+-/-+,0,0,1
coordinated/fresh/k4,1,-1,-1,+-/--/+-/+-,1/128,1,128
coordinated/fresh/k4,1,-1,-1,+-/--/+-/++,1/256,1,256
coordinated/fresh/k4,1,-1,-1,+-/--/++/--,1/512,1,512
coordinated/fresh/k4,1,-1,-1,+-/--/++/-+,0,0,1
coordinated/fresh/k4,1,-1,-1,+-/--/++/+-,1/256,1,256
coordinated/fresh/k4,1,-1,-1,+-/--/++/++,1/512,1,512
coordinated/fresh/k4,1,-1,-1,+-/-+/--/--,0,0,1
coordinated/fresh/k4,1,-1,-1,+-/-+/--/-+,0,0,1
coordinated/fresh/k4,1,-1,-1,+-/-+/--/+-,0,0,1
coordinated/fresh/k4,1,-1,-1,+-/-+/--/++,0,0,1
coordinated/fresh/k4,1,-1,-1,+-/-+/-+/--,0,0,1
coordinated/fresh/k4,1,-1,-1,+-/-+/-+/-+,0,0,1
coordinated/fresh/k4,1,-1,-1,+-/-+/-+/+-,0,0,1
coordinated/fresh/k4,1,-1,-1,+-/-+/-+/++,0,0,1
coordinated/fresh/k4,1,-1,-1,+-/-+/+-/--,0,0,1
coordinated/fresh/k4,1,-1,-1,+-/-+/+-/-+,0,0,1
coordinated/fresh/k4,1,-1,-1,+-/-+/+-/+-,0,0,1
coordinated/fresh/k4,1,-1,-1,+-/-+/+-/++,0,0,1
coordinated/fresh/k4,1,-1,-1,+-/-+/++/--,0,0,1
coordinated/fresh/k4,1,-1,-1,+-/-+/++/-+,0,0,1
coordinated/fresh/k4,1,-1,-1,+-/-+/++/+-,0,0,1
coordinated/fresh/k4,1,-1,-1,+-/-+/++/++,0,0,1
coordinated/fresh/k4,1,-1,-1,+-/+-/--/--,1/256,1,256
coordinated/fresh/k4,1,-1,-1,+-/+-/--/-+,0,0,1
coordinated/fresh/k4,1,-1,-1,+-/+-/--/+-,1/128,1,128
coordinated/fresh/k4,1,-1,-1,+-/+-/--/++,1/256,1,256
coordinated/fresh/k4,1,-1,-1,+-/+-/-+/--,0,0,1
coordinated/fresh/k4,1,-1,-1,+-/+-/-+/-+,0,0,1
coordinated/fresh/k4,1,-1,-1,+-/+-/-+/+-,0,0,1
coordinated/fresh/k4,1,-1,-1,+-/+-/-+/++,0,0,1
coordinated/fresh/k4,1,-1,-1,+-/+-/+-/--,1/128,1,128
coordinated/fresh/k4,1,-1,-1,+-/+-/+-/-+,0,0,1
coordinated/fresh/k4,1,-1,-1,+-/+-/+-/+-,1/64,1,64
coordinated/fresh/k4,1,-1,-1,+-/+-/+-/++,1/128,1,128
coordinated/fresh/k4,1,-1,-1,+-/+-/++/--,1/256,1,256
coordinated/fresh/k4,1,-1,-1,+-/+-/++/-+,0,0,1
coordinated/fresh/k4,1,-1,-1,+-/+-/++/+-,1/128,1,128
coordinated/fresh/k4,1,-1,-1,+-/+-/++/++,1/256,1,256
coordinated/fresh/k4,1,-1,-1,+-/++/--/--,1/512,1,512
coordinated/fresh/k4,1,-1,-1,+-/++/--/-+,0,0,1
coordinated/fresh/k4,1,-1,-1,+-/++/--/+-,1/256,1,256
coordinated/fresh/k4,1,-1,-1,+-/++/--/++,1/512,1,512
coordinated/fresh/k4,1,-1,-1,+-/++/-+/--,0,0,1
coordinated/fresh/k4,1,-1,-1,+-/++/-+/-+,0,0,1
coordinated/fresh/k4,1,-1,-1,+-/++/-+/+-,0,0,1
coordinated/fresh/k4,1,-1,-1,+-/++/-+/++,0,0,1
coordinated/fresh/k4,1,-1,-1,+-/++/+-/--,1/256,1,256
coordinated/fresh/k4,1,-1,-1,+-/++/+-/-+,0,0,1
coordinated/fresh/k4,1,-1,-1,+-/++/+-/+-,1/128,1,128
coordinated/fresh/k4,1,-1,-1,+-/++/+-/++,1/256,1,256
coordinated/fresh/k4,1,-1,-1,+-/++/++/--,1/512,1,512
coordinated/fresh/k4,1,-1,-1,+-/++/++/-+,0,0,1
coordinated/fresh/k4,1,-1,-1,+-/++/++/+-,1/256,1,256
coordinated/fresh/k4,1,-1,-1,+-/++/++/++,1/512,1,512
coordinated/fresh/k4,1,-1,-1,++/--/--/--,1/1024,1,1024
coordinated/fresh/k4,1,-1,-1,++/--/--/-+,0,0,1
coordinated/fresh/k4,1,-1,-1,++/--/--/+-,1/512,1,512
coordinated/fresh/k4,1,-1,-1,++/--/--/++,1/1024,1,1024
coordinated/fresh/k4,1,-1,-1,++/--/-+/--,0,0,1
coordinated/fresh/k4,1,-1,-1,++/--/-+/-+,0,0,1
coordinated/fresh/k4,1,-1,-1,++/--/-+/+-,0,0,1
coordinated/fresh/k4,1,-1,-1,++/--/-+/++,0,0,1
coordinated/fresh/k4,1,-1,-1,++/--/+-/--,1/512,1,512
coordinated/fresh/k4,1,-1,-1,++/--/+-/-+,0,0,1
coordinated/fresh/k4,1,-1,-1,++/--/+-/+-,1/256,1,256
coordinated/fresh/k4,1,-1,-1,++/--/+-/++,1/512,1,512
coordinated/fresh/k4,1,-1,-1,++/--/++/--,1/1024,1,1024
coordinated/fresh/k4,1,-1,-1,++/--/++/-+,0,0,1
coordinated/fresh/k4,1,-1,-1,++/--/++/+-,1/512,1,512
coordinated/fresh/k4,1,-1,-1,++/--/++/++,1/1024,1,1024
coordinated/fresh/k4,1,-1,-1,++/-+/--/--,0,0,1
coordinated/fresh/k4,1,-1,-1,++/-+/--/-+,0,0,1
coordinated/fresh/k4,1,-1,-1,++/-+/--/+-,0,0,1
coordinated/fresh/k4,1,-1,-1,++/-+/--/++,0,0,1
coordinated/fresh/k4,1,-1,-1,++/-+/-+/--,0,0,1
coordinated/fresh/k4,1,-1,-1,++/-+/-+/-+,0,0,1
coordinated/fresh/k4,1,-1,-1,++/-+/-+/+-,0,0,1
coordinated/fresh/k4,1,-1,-1,++/-+/-+/++,0,0,1
coordinated/fresh/k4,1,-1,-1,++/-+/+-/--,0,0,1
coordinated/fresh/k4,1,-1,-1,++/-+/+-/-+,0,0,1
coordinated/fresh/k4,1,-1,-1,++/-+/+-/+-,0,0,1
coordinated/fresh/k4,1,-1,-1,++/-+/+-/++,0,0,1
coordinated/fresh/k4,1,-1,-1,++/-+/++/--,0,0,1
coordinated/fresh/k4,1,-1,-1,++/-+/++/-+,0,0,1
coordinated/fresh/k4,1,-1,-1,++/-+/++/+-,0,0,1
coordinated/fresh/k4,1,-1,-1,++/-+/++/++,0,0,1
coordinated/fresh/k4,1,-1,-1,++/+-/--/--,1/512,1,512
coordinated/fresh/k4,1,-1,-1,++/+-/--/-+,0,0,1
coordinated/fresh/k4,1,-1,-1,++/+-/--/+-,1/256,1,256
coordinated/fresh/k4,1,-1,-1,++/+-/--/++,1/512,1,512
coordinated/fresh/k4,1,-1,-1,++/+-/-+/--,0,0,1
coordinated/fresh/k4,1,-1,-1,++/+-/-+/-+,0,0,1
coordinated/fresh/k4,1,-1,-1,++/+-/-+/+-,0,0,1
coordinated/fresh/k4,1,-1,-1,++/+-/-+/++,0,0,1
coordinated/fresh/k4,1,-1,-1,++/+-/+-/--,1/256,1,256
coordinated/fresh/k4,1,-1,-1,++/+-/+-/-+,0,0,1
coordinated/fresh/k4,1,-1,-1,++/+-/+-/+-,1/128,1,128
coordinated/fresh/k4,1,-1,-1,++/+-/+-/++,1/256,1,256
coordinated/fresh/k4,1,-1,-1,++/+-/++/--,1/512,1,512
coordinated/fresh/k4,1,-1,-1,++/+-/++/-+,0,0,1
coordinated/fresh/k4,1,-1,-1,++/+-/++/+-,1/256,1,256
coordinated/fresh/k4,1,-1,-1,++/+-/++/++,1/512,1,512
coordinated/fresh/k4,1,-1,-1,++/++/--/--,1/1024,1,1024
coordinated/fresh/k4,1,-1,-1,++/++/--/-+,0,0,1
coordinated/fresh/k4,1,-1,-1,++/++/--/+-,1/512,1,512
coordinated/fresh/k4,1,-1,-1,++/++/--/++,1/1024,1,1024
coordinated/fresh/k4,1,-1,-1,++/++/-+/--,0,0,1
coordinated/fresh/k4,1,-1,-1,++/++/-+/-+,0,0,1
coordinated/fresh/k4,1,-1,-1,++/++/-+/+-,0,0,1
coordinated/fresh/k4,1,-1,-1,++/++/-+/++,0,0,1
coordinated/fresh/k4,1,-1,-1,++/++/+-/--,1/512,1,512
coordinated/fresh/k4,1,-1,-1,++/++/+-/-+,0,0,1
coordinated/fresh/k4,1,-1,-1,++/++/+-/+-,1/256,1,256
coordinated/fresh/k4,1,-1,-1,++/++/+-/++,1/512,1,512
coordinated/fresh/k4,1,-1,-1,++/++/++/--,1/1024,1,1024
coordinated/fresh/k4,1,-1,-1,++/++/++/-+,0,0,1
coordinated/fresh/k4,1,-1,-1,++/++/++/+-,1/512,1,512
coordinated/fresh/k4,1,-1,-1,++/++/++/++,1/1024,1,1024
coordinated/fresh/k4,1,1,1,--/--/--/--,0,0,1
coordinated/fresh/k4,1,1,1,--/--/--/-+,0,0,1
coordinated/fresh/k4,1,1,1,--/--/--/+-,0,0,1
coordinated/fresh/k4,1,1,1,--/--/--/++,0,0,1
coordinated/fresh/k4,1,1,1,--/--/-+/--,0,0,1
coordinated/fresh/k4,1,1,1,--/--/-+/-+,0,0,1
coordinated/fresh/k4,1,1,1,--/--/-+/+-,0,0,1
coordinated/fresh/k4,1,1,1,--/--/-+/++,0,0,1
coordinated/fresh/k4,1,1,1,--/--/+-/--,0,0,1
coordinated/fresh/k4,1,1,1,--/--/+-/-+,0,0,1
coordinated/fresh/k4,1,1,1,--/--/+-/+-,0,0,1
coordinated/fresh/k4,1,1,1,--/--/+-/++,0,0,1
coordinated/fresh/k4,1,1,1,--/--/++/--,0,0,1
coordinated/fresh/k4,1,1,1,--/--/++/-+,0,0,1
coordinated/fresh/k4,1,1,1,--/--/++/+-,0,0,1
coordinated/fresh/k4,1,1,1,--/--/++/++,0,0,1
coordinated/fresh/k4,1,1,1,--/-+/--/--,0,0,1
coordinated/fresh/k4,1,1,1,--/-+/--/-+,0,0,1
coordinated/fresh/k4,1,1,1,--/-+/--/+-,0,0,1
coordinated/fresh/k4,1,1,1,--/-+/--/++,0,0,1
coordinated/fresh/k4,1,1,1,--/-+/-+/--,0,0,1
coordinated/fresh/k4,1,1,1,--/-+/-+/-+,0,0,1
coordinated/fresh/k4,1,1,1,--/-+/-+/+-,0,0,1
coordinated/fresh/k4,1,1,1,--/-+/-+/++,0,0,1
coordinated/fresh/k4,1,1,1,--/-+/+-/--,0,0,1
coordinated/fresh/k4,1,1,1,--/-+/+-/-+,0,0,1
coordinated/fresh/k4,1,1,1,--/-+/+-/+-,0,0,1
coordinated/fresh/k4,1,1,1,--/-+/+-/++,0,0,1
coordinated/fresh/k4,1,1,1,--/-+/++/--,0,0,1
coordinated/fresh/k4,1,1,1,--/-+/++/-+,0,0,1
coordinated/fresh/k4,1,1,1,--/-+/++/+-,0,0,1
coordinated/fresh/k4,1,1,1,--/-+/++/++,0,0,1
coordinated/fresh/k4,1,1,1,--/+-/--/--,0,0,1
coordinated/fresh/k4,1,1,1,--/+-/--/-+,0,0,1
coordinated/fresh/k4,1,1,1,--/+-/--/+-,0,0,1
coordinated/fresh/k4,1,1,1,--/+-/--/++,0,0,1
coordinated/fresh/k4,1,1,1,--/+-/-+/--,0,0,1
coordinated/fresh/k4,1,1,1,--/+-/-+/-+,0,0,1
coordinated/fresh/k4,1,1,1,--/+-/-+/+-,0,0,1
coordinated/fresh/k4,1,1,1,--/+-/-+/++,0,0,1
coordinated/fresh/k4,1,1,1,--/+-/+-/--,0,0,1
coordinated/fresh/k4,1,1,1,--/+-/+-/-+,0,0,1
coordinated/fresh/k4,1,1,1,--/+-/+-/+-,0,0,1
coordinated/fresh/k4,1,1,1,--/+-/+-/++,0,0,1
coordinated/fresh/k4,1,1,1,--/+-/++/--,0,0,1
coordinated/fresh/k4,1,1,1,--/+-/++/-+,0,0,1
coordinated/fresh/k4,1,1,1,--/+-/++/+-,0,0,1
coordinated/fresh/k4,1,1,1,--/+-/++/++,0,0,1
coordinated/fresh/k4,1,1,1,--/++/--/--,0,0,1
coordinated/fresh/k4,1,1,1,--/++/--/-+,0,0,1
coordinated/fresh/k4,1,1,1,--/++/--/+-,0,0,1
coordinated/fresh/k4,1,1,1,--/++/--/++,0,0,1
coordinated/fresh/k4,1,1,1,--/++/-+/--,0,0,1
coordinated/fresh/k4,1,1,1,--/++/-+/-+,0,0,1
coordinated/fresh/k4,1,1,1,--/++/-+/+-,0,0,1
coordinated/fresh/k4,1,1,1,--/++/-+/++,0,0,1
coordinated/fresh/k4,1,1,1,--/++/+-/--,0,0,1
coordinated/fresh/k4,1,1,1,--/++/+-/-+,0,0,1
coordinated/fresh/k4,1,1,1,--/++/+-/+-,0,0,1
coordinated/fresh/k4,1,1,1,--/++/+-/++,0,0,1
coordinated/fresh/k4,1,1,1,--/++/++/--,0,0,1
coordinated/fresh/k4,1,1,1,--/++/++/-+,0,0,1
coordinated/fresh/k4,1,1,1,--/++/++/+-,0,0,1
coordinated/fresh/k4,1,1,1,--/++/++/++,0,0,1
coordinated/fresh/k4,1,1,1,-+/--/--/--,0,0,1
coordinated/fresh/k4,1,1,1,-+/--/--/-+,0,0,1
coordinated/fresh/k4,1,1,1,-+/--/--/+-,0,0,1
coordinated/fresh/k4,1,1,1,-+/--/--/++,0,0,1
coordinated/fresh/k4,1,1,1,-+/--/-+/--,0,0,1
coordinated/fresh/k4,1,1,1,-+/--/-+/-+,0,0,1
coordinated/fresh/k4,1,1,1,-+/--/-+/+-,0,0,1
coordinated/fresh/k4,1,1,1,-+/--/-+/++,0,0,1
coordinated/fresh/k4,1,1,1,-+/--/+-/--,0,0,1
coordinated/fresh/k4,1,1,1,-+/--/+-/-+,0,0,1
coordinated/fresh/k4,1,1,1,-+/--/+-/+-,0,0,1
coordinated/fresh/k4,1,1,1,-+/--/+-/++,0,0,1
coordinated/fresh/k4,1,1,1,-+/--/++/--,0,0,1
coordinated/fresh/k4,1,1,1,-+/--/++/-+,0,0,1
coordinated/fresh/k4,1,1,1,-+/--/++/+-,0,0,1
coordinated/fresh/k4,1,1,1,-+/--/++/++,0,0,1
coordinated/fresh/k4,1,1,1,-+/-+/--/--,0,0,1
coordinated/fresh/k4,1,1,1,-+/-+/--/-+,0,0,1
coordinated/fresh/k4,1,1,1,-+/-+/--/+-,0,0,1
coordinated/fresh/k4,1,1,1,-+/-+/--/++,0,0,1
coordinated/fresh/k4,1,1,1,-+/-+/-+/--,0,0,1
coordinated/fresh/k4,1,1,1,-+/-+/-+/-+,1/1024,1,1024
coordinated/fresh/k4,1,1,1,-+/-+/-+/+-,1/1024,1,1024
coordinated/fresh/k4,1,1,1,-+/-+/-+/++,1/512,1,512
coordinated/fresh/k4,1,1,1,-+/-+/+-/--,0,0,1
coordinated/fresh/k4,1,1,1,-+/-+/+-/-+,1/1024,1,1024
coordinated/fresh/k4,1,1,1,-+/-+/+-/+-,1/1024,1,1024
coordinated/fresh/k4,1,1,1,-+/-+/+-/++,1/512,1,512
coordinated/fresh/k4,1,1,1,-+/-+/++/--,0,0,1
coordinated/fresh/k4,1,1,1,-+/-+/++/-+,1/512,1,512
coordinated/fresh/k4,1,1,1,-+/-+/++/+-,1/512,1,512
coordinated/fresh/k4,1,1,1,-+/-+/++/++,1/256,1,256
coordinated/fresh/k4,1,1,1,-+/+-/--/--,0,0,1
coordinated/fresh/k4,1,1,1,-+/+-/--/-+,0,0,1
coordinated/fresh/k4,1,1,1,-+/+-/--/+-,0,0,1
coordinated/fresh/k4,1,1,1,-+/+-/--/++,0,0,1
coordinated/fresh/k4,1,1,1,-+/+-/-+/--,0,0,1
coordinated/fresh/k4,1,1,1,-+/+-/-+/-+,1/1024,1,1024
coordinated/fresh/k4,1,1,1,-+/+-/-+/+-,1/1024,1,1024
coordinated/fresh/k4,1,1,1,-+/+-/-+/++,1/512,1,512
coordinated/fresh/k4,1,1,1,-+/+-/+-/--,0,0,1
coordinated/fresh/k4,1,1,1,-+/+-/+-/-+,1/1024,1,1024
coordinated/fresh/k4,1,1,1,-+/+-/+-/+-,1/1024,1,1024
coordinated/fresh/k4,1,1,1,-+/+-/+-/++,1/512,1,512
coordinated/fresh/k4,1,1,1,-+/+-/++/--,0,0,1
coordinated/fresh/k4,1,1,1,-+/+-/++/-+,1/512,1,512
coordinated/fresh/k4,1,1,1,-+/+-/++/+-,1/512,1,512
coordinated/fresh/k4,1,1,1,-+/+-/++/++,1/256,1,256
coordinated/fresh/k4,1,1,1,-+/++/--/--,0,0,1
coordinated/fresh/k4,1,1,1,-+/++/--/-+,0,0,1
coordinated/fresh/k4,1,1,1,-+/++/--/+-,0,0,1
coordinated/fresh/k4,1,1,1,-+/++/--/++,0,0,1
coordinated/fresh/k4,1,1,1,-+/++/-+/--,0,0,1
coordinated/fresh/k4,1,1,1,-+/++/-+/-+,1/512,1,512
coordinated/fresh/k4,1,1,1,-+/++/-+/+-,1/512,1,512
coordinated/fresh/k4,1,1,1,-+/++/-+/++,1/256,1,256
coordinated/fresh/k4,1,1,1,-+/++/+-/--,0,0,1
coordinated/fresh/k4,1,1,1,-+/++/+-/-+,1/512,1,512
coordinated/fresh/k4,1,1,1,-+/++/+-/+-,1/512,1,512
coordinated/fresh/k4,1,1,1,-+/++/+-/++,1/256,1,256
coordinated/fresh/k4,1,1,1,-+/++/++/--,0,0,1
coordinated/fresh/k4,1,1,1,-+/++/++/-+,1/256,1,256
coordinated/fresh/k4,1,1,1,-+/++/++/+-,1/256,1,256
coordinated/fresh/k4,1,1,1,-+/++/++/++,1/128,1,128
coordinated/fresh/k4,1,1,1,+-/--/--/--,0,0,1
coordinated/fresh/k4,1,1,1,+-/--/--/-+,0,0,1
coordinated/fresh/k4,1,1,1,+-/--/--/+-,0,0,1
coordinated/fresh/k4,1,1,1,+-/--/--/++,0,0,1
coordinated/fresh/k4,1,1,1,+-/--/-+/--,0,0,1
coordinated/fresh/k4,1,1,1,+-/--/-+/-+,0,0,1
coordinated/fresh/k4,1,1,1,+-/--/-+/+-,0,0,1
coordinated/fresh/k4,1,1,1,+-/--/-+/++,0,0,1
coordinated/fresh/k4,1,1,1,+-/--/+-/--,0,0,1
coordinated/fresh/k4,1,1,1,+-/--/+-/-+,0,0,1
coordinated/fresh/k4,1,1,1,+-/--/+-/+-,0,0,1
coordinated/fresh/k4,1,1,1,+-/--/+-/++,0,0,1
coordinated/fresh/k4,1,1,1,+-/--/++/--,0,0,1
coordinated/fresh/k4,1,1,1,+-/--/++/-+,0,0,1
coordinated/fresh/k4,1,1,1,+-/--/++/+-,0,0,1
coordinated/fresh/k4,1,1,1,+-/--/++/++,0,0,1
coordinated/fresh/k4,1,1,1,+-/-+/--/--,0,0,1
coordinated/fresh/k4,1,1,1,+-/-+/--/-+,0,0,1
coordinated/fresh/k4,1,1,1,+-/-+/--/+-,0,0,1
coordinated/fresh/k4,1,1,1,+-/-+/--/++,0,0,1
coordinated/fresh/k4,1,1,1,+-/-+/-+/--,0,0,1
coordinated/fresh/k4,1,1,1,+-/-+/-+/-+,1/1024,1,1024
coordinated/fresh/k4,1,1,1,+-/-+/-+/+-,1/1024,1,1024
coordinated/fresh/k4,1,1,1,+-/-+/-+/++,1/512,1,512
coordinated/fresh/k4,1,1,1,+-/-+/+-/--,0,0,1
coordinated/fresh/k4,1,1,1,+-/-+/+-/-+,1/1024,1,1024
coordinated/fresh/k4,1,1,1,+-/-+/+-/+-,1/1024,1,1024
coordinated/fresh/k4,1,1,1,+-/-+/+-/++,1/512,1,512
coordinated/fresh/k4,1,1,1,+-/-+/++/--,0,0,1
coordinated/fresh/k4,1,1,1,+-/-+/++/-+,1/512,1,512
coordinated/fresh/k4,1,1,1,+-/-+/++/+-,1/512,1,512
coordinated/fresh/k4,1,1,1,+-/-+/++/++,1/256,1,256
coordinated/fresh/k4,1,1,1,+-/+-/--/--,0,0,1
coordinated/fresh/k4,1,1,1,+-/+-/--/-+,0,0,1
coordinated/fresh/k4,1,1,1,+-/+-/--/+-,0,0,1
coordinated/fresh/k4,1,1,1,+-/+-/--/++,0,0,1
coordinated/fresh/k4,1,1,1,+-/+-/-+/--,0,0,1
coordinated/fresh/k4,1,1,1,+-/+-/-+/-+,1/1024,1,1024
coordinated/fresh/k4,1,1,1,+-/+-/-+/+-,1/1024,1,1024
coordinated/fresh/k4,1,1,1,+-/+-/-+/++,1/512,1,512
coordinated/fresh/k4,1,1,1,+-/+-/+-/--,0,0,1
coordinated/fresh/k4,1,1,1,+-/+-/+-/-+,1/1024,1,1024
coordinated/fresh/k4,1,1,1,+-/+-/+-/+-,1/1024,1,1024
coordinated/fresh/k4,1,1,1,+-/+-/+-/++,1/512,1,512
coordinated/fresh/k4,1,1,1,+-/+-/++/--,0,0,1
coordinated/fresh/k4,1,1,1,+-/+-/++/-+,1/512,1,512
coordinated/fresh/k4,1,1,1,+-/+-/++/+-,1/512,1,512
coordinated/fresh/k4,1,1,1,+-/+-/++/++,1/256,1,256
coordinated/fresh/k4,1,1,1,+-/++/--/--,0,0,1
coordinated/fresh/k4,1,1,1,+-/++/--/-+,0,0,1
coordinated/fresh/k4,1,1,1,+-/++/--/+-,0,0,1
coordinated/fresh/k4,1,1,1,+-/++/--/++,0,0,1
coordinated/fresh/k4,1,1,1,+-/++/-+/--,0,0,1
coordinated/fresh/k4,1,1,1,+-/++/-+/-+,1/512,1,512
coordinated/fresh/k4,1,1,1,+-/++/-+/+-,1/512,1,512
coordinated/fresh/k4,1,1,1,+-/++/-+/++,1/256,1,256
coordinated/fresh/k4,1,1,1,+-/++/+-/--,0,0,1
coordinated/fresh/k4,1,1,1,+-/++/+-/-+,1/512,1,512
coordinated/fresh/k4,1,1,1,+-/++/+-/+-,1/512,1,512
coordinated/fresh/k4,1,1,1,+-/++/+-/++,1/256,1,256
coordinated/fresh/k4,1,1,1,+-/++/++/--,0,0,1
coordinated/fresh/k4,1,1,1,+-/++/++/-+,1/256,1,256
coordinated/fresh/k4,1,1,1,+-/++/++/+-,1/256,1,256
coordinated/fresh/k4,1,1,1,+-/++/++/++,1/128,1,128
coordinated/fresh/k4,1,1,1,++/--/--/--,0,0,1
coordinated/fresh/k4,1,1,1,++/--/--/-+,0,0,1
coordinated/fresh/k4,1,1,1,++/--/--/+-,0,0,1
coordinated/fresh/k4,1,1,1,++/--/--/++,0,0,1
coordinated/fresh/k4,1,1,1,++/--/-+/--,0,0,1
coordinated/fresh/k4,1,1,1,++/--/-+/-+,0,0,1
coordinated/fresh/k4,1,1,1,++/--/-+/+-,0,0,1
coordinated/fresh/k4,1,1,1,++/--/-+/++,0,0,1
coordinated/fresh/k4,1,1,1,++/--/+-/--,0,0,1
coordinated/fresh/k4,1,1,1,++/--/+-/-+,0,0,1
coordinated/fresh/k4,1,1,1,++/--/+-/+-,0,0,1
coordinated/fresh/k4,1,1,1,++/--/+-/++,0,0,1
coordinated/fresh/k4,1,1,1,++/--/++/--,0,0,1
coordinated/fresh/k4,1,1,1,++/--/++/-+,0,0,1
coordinated/fresh/k4,1,1,1,++/--/++/+-,0,0,1
coordinated/fresh/k4,1,1,1,++/--/++/++,0,0,1
coordinated/fresh/k4,1,1,1,++/-+/--/--,0,0,1
coordinated/fresh/k4,1,1,1,++/-+/--/-+,0,0,1
coordinated/fresh/k4,1,1,1,++/-+/--/+-,0,0,1
coordinated/fresh/k4,1,1,1,++/-+/--/++,0,0,1
coordinated/fresh/k4,1,1,1,++/-+/-+/--,0,0,1
coordinated/fresh/k4,1,1,1,++/-+/-+/-+,1/512,1,512
coordinated/fresh/k4,1,1,1,++/-+/-+/+-,1/512,1,512
coordinated/fresh/k4,1,1,1,++/-+/-+/++,1/256,1,256
coordinated/fresh/k4,1,1,1,++/-+/+-/--,0,0,1
coordinated/fresh/k4,1,1,1,++/-+/+-/-+,1/512,1,512
coordinated/fresh/k4,1,1,1,++/-+/+-/+-,1/512,1,512
coordinated/fresh/k4,1,1,1,++/-+/+-/++,1/256,1,256
coordinated/fresh/k4,1,1,1,++/-+/++/--,0,0,1
coordinated/fresh/k4,1,1,1,++/-+/++/-+,1/256,1,256
coordinated/fresh/k4,1,1,1,++/-+/++/+-,1/256,1,256
coordinated/fresh/k4,1,1,1,++/-+/++/++,1/128,1,128
coordinated/fresh/k4,1,1,1,++/+-/--/--,0,0,1
coordinated/fresh/k4,1,1,1,++/+-/--/-+,0,0,1
coordinated/fresh/k4,1,1,1,++/+-/--/+-,0,0,1
coordinated/fresh/k4,1,1,1,++/+-/--/++,0,0,1
coordinated/fresh/k4,1,1,1,++/+-/-+/--,0,0,1
coordinated/fresh/k4,1,1,1,++/+-/-+/-+,1/512,1,512
coordinated/fresh/k4,1,1,1,++/+-/-+/+-,1/512,1,512
coordinated/fresh/k4,1,1,1,++/+-/-+/++,1/256,1,256
coordinated/fresh/k4,1,1,1,++/+-/+-/--,0,0,1
coordinated/fresh/k4,1,1,1,++/+-/+-/-+,1/512,1,512
coordinated/fresh/k4,1,1,1,++/+-/+-/+-,1/512,1,512
coordinated/fresh/k4,1,1,1,++/+-/+-/++,1/256,1,256
coordinated/fresh/k4,1,1,1,++/+-/++/--,0,0,1
coordinated/fresh/k4,1,1,1,++/+-/++/-+,1/256,1,256
coordinated/fresh/k4,1,1,1,++/+-/++/+-,1/256,1,256
coordinated/fresh/k4,1,1,1,++/+-/++/++,1/128,1,128
coordinated/fresh/k4,1,1,1,++/++/--/--,0,0,1
coordinated/fresh/k4,1,1,1,++/++/--/-+,0,0,1
coordinated/fresh/k4,1,1,1,++/++/--/+-,0,0,1
coordinated/fresh/k4,1,1,1,++/++/--/++,0,0,1
coordinated/fresh/k4,1,1,1,++/++/-+/--,0,0,1
coordinated/fresh/k4,1,1,1,++/++/-+/-+,1/256,1,256
coordinated/fresh/k4,1,1,1,++/++/-+/+-,1/256,1,256
coordinated/fresh/k4,1,1,1,++/++/-+/++,1/128,1,128
coordinated/fresh/k4,1,1,1,++/++/+-/--,0,0,1
coordinated/fresh/k4,1,1,1,++/++/+-/-+,1/256,1,256
coordinated/fresh/k4,1,1,1,++/++/+-/+-,1/256,1,256
coordinated/fresh/k4,1,1,1,++/++/+-/++,1/128,1,128
coordinated/fresh/k4,1,1,1,++/++/++/--,0,0,1
coordinated/fresh/k4,1,1,1,++/++/++/-+,1/128,1,128
coordinated/fresh/k4,1,1,1,++/++/++/+-,1/128,1,128
coordinated/fresh/k4,1,1,1,++/++/++/++,1/64,1,64
coordinated/cached/k1,-1,-1,1,--,1/8,1,8
coordinated/cached/k1,-1,-1,1,-+,1/16,1,16
coordinated/cached/k1,-1,-1,1,+-,1/16,1,16
coordinated/cached/k1,-1,-1,1,++,0,0,1
coordinated/cached/k1,-1,1,-1,--,1/16,1,16
coordinated/cached/k1,-1,1,-1,-+,1/8,1,8
coordinated/cached/k1,-1,1,-1,+-,0,0,1
coordinated/cached/k1,-1,1,-1,++,1/16,1,16
coordinated/cached/k1,1,-1,-1,--,1/16,1,16
coordinated/cached/k1,1,-1,-1,-+,0,0,1
coordinated/cached/k1,1,-1,-1,+-,1/8,1,8
coordinated/cached/k1,1,-1,-1,++,1/16,1,16
coordinated/cached/k1,1,1,1,--,0,0,1
coordinated/cached/k1,1,1,1,-+,1/16,1,16
coordinated/cached/k1,1,1,1,+-,1/16,1,16
coordinated/cached/k1,1,1,1,++,1/8,1,8
coordinated/cached/k2,-1,-1,1,--/--,1/8,1,8
coordinated/cached/k2,-1,-1,1,--/-+,0,0,1
coordinated/cached/k2,-1,-1,1,--/+-,0,0,1
coordinated/cached/k2,-1,-1,1,--/++,0,0,1
coordinated/cached/k2,-1,-1,1,-+/--,0,0,1
coordinated/cached/k2,-1,-1,1,-+/-+,1/16,1,16
coordinated/cached/k2,-1,-1,1,-+/+-,0,0,1
coordinated/cached/k2,-1,-1,1,-+/++,0,0,1
coordinated/cached/k2,-1,-1,1,+-/--,0,0,1
coordinated/cached/k2,-1,-1,1,+-/-+,0,0,1
coordinated/cached/k2,-1,-1,1,+-/+-,1/16,1,16
coordinated/cached/k2,-1,-1,1,+-/++,0,0,1
coordinated/cached/k2,-1,-1,1,++/--,0,0,1
coordinated/cached/k2,-1,-1,1,++/-+,0,0,1
coordinated/cached/k2,-1,-1,1,++/+-,0,0,1
coordinated/cached/k2,-1,-1,1,++/++,0,0,1
coordinated/cached/k2,-1,1,-1,--/--,1/16,1,16
coordinated/cached/k2,-1,1,-1,--/-+,0,0,1
coordinated/cached/k2,-1,1,-1,--/+-,0,0,1
coordinated/cached/k2,-1,1,-1,--/++,0,0,1
coordinated/cached/k2,-1,1,-1,-+/--,0,0,1
coordinated/cached/k2,-1,1,-1,-+/-+,1/8,1,8
coordinated/cached/k2,-1,1,-1,-+/+-,0,0,1
coordinated/cached/k2,-1,1,-1,-+/++,0,0,1
coordinated/cached/k2,-1,1,-1,+-/--,0,0,1
coordinated/cached/k2,-1,1,-1,+-/-+,0,0,1
coordinated/cached/k2,-1,1,-1,+-/+-,0,0,1
coordinated/cached/k2,-1,1,-1,+-/++,0,0,1
coordinated/cached/k2,-1,1,-1,++/--,0,0,1
coordinated/cached/k2,-1,1,-1,++/-+,0,0,1
coordinated/cached/k2,-1,1,-1,++/+-,0,0,1
coordinated/cached/k2,-1,1,-1,++/++,1/16,1,16
coordinated/cached/k2,1,-1,-1,--/--,1/16,1,16
coordinated/cached/k2,1,-1,-1,--/-+,0,0,1
coordinated/cached/k2,1,-1,-1,--/+-,0,0,1
coordinated/cached/k2,1,-1,-1,--/++,0,0,1
coordinated/cached/k2,1,-1,-1,-+/--,0,0,1
coordinated/cached/k2,1,-1,-1,-+/-+,0,0,1
coordinated/cached/k2,1,-1,-1,-+/+-,0,0,1
coordinated/cached/k2,1,-1,-1,-+/++,0,0,1
coordinated/cached/k2,1,-1,-1,+-/--,0,0,1
coordinated/cached/k2,1,-1,-1,+-/-+,0,0,1
coordinated/cached/k2,1,-1,-1,+-/+-,1/8,1,8
coordinated/cached/k2,1,-1,-1,+-/++,0,0,1
coordinated/cached/k2,1,-1,-1,++/--,0,0,1
coordinated/cached/k2,1,-1,-1,++/-+,0,0,1
coordinated/cached/k2,1,-1,-1,++/+-,0,0,1
coordinated/cached/k2,1,-1,-1,++/++,1/16,1,16
coordinated/cached/k2,1,1,1,--/--,0,0,1
coordinated/cached/k2,1,1,1,--/-+,0,0,1
coordinated/cached/k2,1,1,1,--/+-,0,0,1
coordinated/cached/k2,1,1,1,--/++,0,0,1
coordinated/cached/k2,1,1,1,-+/--,0,0,1
coordinated/cached/k2,1,1,1,-+/-+,1/16,1,16
coordinated/cached/k2,1,1,1,-+/+-,0,0,1
coordinated/cached/k2,1,1,1,-+/++,0,0,1
coordinated/cached/k2,1,1,1,+-/--,0,0,1
coordinated/cached/k2,1,1,1,+-/-+,0,0,1
coordinated/cached/k2,1,1,1,+-/+-,1/16,1,16
coordinated/cached/k2,1,1,1,+-/++,0,0,1
coordinated/cached/k2,1,1,1,++/--,0,0,1
coordinated/cached/k2,1,1,1,++/-+,0,0,1
coordinated/cached/k2,1,1,1,++/+-,0,0,1
coordinated/cached/k2,1,1,1,++/++,1/8,1,8
coordinated/cached/k4,-1,-1,1,--/--/--/--,1/8,1,8
coordinated/cached/k4,-1,-1,1,--/--/--/-+,0,0,1
coordinated/cached/k4,-1,-1,1,--/--/--/+-,0,0,1
coordinated/cached/k4,-1,-1,1,--/--/--/++,0,0,1
coordinated/cached/k4,-1,-1,1,--/--/-+/--,0,0,1
coordinated/cached/k4,-1,-1,1,--/--/-+/-+,0,0,1
coordinated/cached/k4,-1,-1,1,--/--/-+/+-,0,0,1
coordinated/cached/k4,-1,-1,1,--/--/-+/++,0,0,1
coordinated/cached/k4,-1,-1,1,--/--/+-/--,0,0,1
coordinated/cached/k4,-1,-1,1,--/--/+-/-+,0,0,1
coordinated/cached/k4,-1,-1,1,--/--/+-/+-,0,0,1
coordinated/cached/k4,-1,-1,1,--/--/+-/++,0,0,1
coordinated/cached/k4,-1,-1,1,--/--/++/--,0,0,1
coordinated/cached/k4,-1,-1,1,--/--/++/-+,0,0,1
coordinated/cached/k4,-1,-1,1,--/--/++/+-,0,0,1
coordinated/cached/k4,-1,-1,1,--/--/++/++,0,0,1
coordinated/cached/k4,-1,-1,1,--/-+/--/--,0,0,1
coordinated/cached/k4,-1,-1,1,--/-+/--/-+,0,0,1
coordinated/cached/k4,-1,-1,1,--/-+/--/+-,0,0,1
coordinated/cached/k4,-1,-1,1,--/-+/--/++,0,0,1
coordinated/cached/k4,-1,-1,1,--/-+/-+/--,0,0,1
coordinated/cached/k4,-1,-1,1,--/-+/-+/-+,0,0,1
coordinated/cached/k4,-1,-1,1,--/-+/-+/+-,0,0,1
coordinated/cached/k4,-1,-1,1,--/-+/-+/++,0,0,1
coordinated/cached/k4,-1,-1,1,--/-+/+-/--,0,0,1
coordinated/cached/k4,-1,-1,1,--/-+/+-/-+,0,0,1
coordinated/cached/k4,-1,-1,1,--/-+/+-/+-,0,0,1
coordinated/cached/k4,-1,-1,1,--/-+/+-/++,0,0,1
coordinated/cached/k4,-1,-1,1,--/-+/++/--,0,0,1
coordinated/cached/k4,-1,-1,1,--/-+/++/-+,0,0,1
coordinated/cached/k4,-1,-1,1,--/-+/++/+-,0,0,1
coordinated/cached/k4,-1,-1,1,--/-+/++/++,0,0,1
coordinated/cached/k4,-1,-1,1,--/+-/--/--,0,0,1
coordinated/cached/k4,-1,-1,1,--/+-/--/-+,0,0,1
coordinated/cached/k4,-1,-1,1,--/+-/--/+-,0,0,1
coordinated/cached/k4,-1,-1,1,--/+-/--/++,0,0,1
coordinated/cached/k4,-1,-1,1,--/+-/-+/--,0,0,1
coordinated/cached/k4,-1,-1,1,--/+-/-+/-+,0,0,1
coordinated/cached/k4,-1,-1,1,--/+-/-+/+-,0,0,1
coordinated/cached/k4,-1,-1,1,--/+-/-+/++,0,0,1
coordinated/cached/k4,-1,-1,1,--/+-/+-/--,0,0,1
coordinated/cached/k4,-1,-1,1,--/+-/+-/-+,0,0,1
coordinated/cached/k4,-1,-1,1,--/+-/+-/+-,0,0,1
coordinated/cached/k4,-1,-1,1,--/+-/+-/++,0,0,1
coordinated/cached/k4,-1,-1,1,--/+-/++/--,0,0,1
coordinated/cached/k4,-1,-1,1,--/+-/++/-+,0,0,1
coordinated/cached/k4,-1,-1,1,--/+-/++/+-,0,0,1
coordinated/cached/k4,-1,-1,1,--/+-/++/++,0,0,1
coordinated/cached/k4,-1,-1,1,--/++/--/--,0,0,1
coordinated/cached/k4,-1,-1,1,--/++/--/-+,0,0,1
coordinated/cached/k4,-1,-1,1,--/++/--/+-,0,0,1
coordinated/cached/k4,-1,-1,1,--/++/--/++,0,0,1
coordinated/cached/k4,-1,-1,1,--/++/-+/--,0,0,1
coordinated/cached/k4,-1,-1,1,--/++/-+/-+,0,0,1
coordinated/cached/k4,-1,-1,1,--/++/-+/+-,0,0,1
coordinated/cached/k4,-1,-1,1,--/++/-+/++,0,0,1
coordinated/cached/k4,-1,-1,1,--/++/+-/--,0,0,1
coordinated/cached/k4,-1,-1,1,--/++/+-/-+,0,0,1
coordinated/cached/k4,-1,-1,1,--/++/+-/+-,0,0,1
coordinated/cached/k4,-1,-1,1,--/++/+-/++,0,0,1
coordinated/cached/k4,-1,-1,1,--/++/++/--,0,0,1
coordinated/cached/k4,-1,-1,1,--/++/++/-+,0,0,1
coordinated/cached/k4,-1,-1,1,--/++/++/+-,0,0,1
coordinated/cached/k4,-1,-1,1,--/++/++/++,0,0,1
coordinated/cached/k4,-1,-1,1,-+/--/--/--,0,0,1
coordinated/cached/k4,-1,-1,1,-+/--/--/-+,0,0,1
coordinated/cached/k4,-1,-1,1,-+/--/--/+-,0,0,1
coordinated/cached/k4,-1,-1,1,-+/--/--/++,0,0,1
coordinated/cached/k4,-1,-1,1,-+/--/-+/--,0,0,1
coordinated/cached/k4,-1,-1,1,-+/--/-+/-+,0,0,1
coordinated/cached/k4,-1,-1,1,-+/--/-+/+-,0,0,1
coordinated/cached/k4,-1,-1,1,-+/--/-+/++,0,0,1
coordinated/cached/k4,-1,-1,1,-+/--/+-/--,0,0,1
coordinated/cached/k4,-1,-1,1,-+/--/+-/-+,0,0,1
coordinated/cached/k4,-1,-1,1,-+/--/+-/+-,0,0,1
coordinated/cached/k4,-1,-1,1,-+/--/+-/++,0,0,1
coordinated/cached/k4,-1,-1,1,-+/--/++/--,0,0,1
coordinated/cached/k4,-1,-1,1,-+/--/++/-+,0,0,1
coordinated/cached/k4,-1,-1,1,-+/--/++/+-,0,0,1
coordinated/cached/k4,-1,-1,1,-+/--/++/++,0,0,1
coordinated/cached/k4,-1,-1,1,-+/-+/--/--,0,0,1
coordinated/cached/k4,-1,-1,1,-+/-+/--/-+,0,0,1
coordinated/cached/k4,-1,-1,1,-+/-+/--/+-,0,0,1
coordinated/cached/k4,-1,-1,1,-+/-+/--/++,0,0,1
coordinated/cached/k4,-1,-1,1,-+/-+/-+/--,0,0,1
coordinated/cached/k4,-1,-1,1,-+/-+/-+/-+,1/16,1,16
coordinated/cached/k4,-1,-1,1,-+/-+/-+/+-,0,0,1
coordinated/cached/k4,-1,-1,1,-+/-+/-+/++,0,0,1
coordinated/cached/k4,-1,-1,1,-+/-+/+-/--,0,0,1
coordinated/cached/k4,-1,-1,1,-+/-+/+-/-+,0,0,1
coordinated/cached/k4,-1,-1,1,-+/-+/+-/+-,0,0,1
coordinated/cached/k4,-1,-1,1,-+/-+/+-/++,0,0,1
coordinated/cached/k4,-1,-1,1,-+/-+/++/--,0,0,1
coordinated/cached/k4,-1,-1,1,-+/-+/++/-+,0,0,1
coordinated/cached/k4,-1,-1,1,-+/-+/++/+-,0,0,1
coordinated/cached/k4,-1,-1,1,-+/-+/++/++,0,0,1
coordinated/cached/k4,-1,-1,1,-+/+-/--/--,0,0,1
coordinated/cached/k4,-1,-1,1,-+/+-/--/-+,0,0,1
coordinated/cached/k4,-1,-1,1,-+/+-/--/+-,0,0,1
coordinated/cached/k4,-1,-1,1,-+/+-/--/++,0,0,1
coordinated/cached/k4,-1,-1,1,-+/+-/-+/--,0,0,1
coordinated/cached/k4,-1,-1,1,-+/+-/-+/-+,0,0,1
coordinated/cached/k4,-1,-1,1,-+/+-/-+/+-,0,0,1
coordinated/cached/k4,-1,-1,1,-+/+-/-+/++,0,0,1
coordinated/cached/k4,-1,-1,1,-+/+-/+-/--,0,0,1
coordinated/cached/k4,-1,-1,1,-+/+-/+-/-+,0,0,1
coordinated/cached/k4,-1,-1,1,-+/+-/+-/+-,0,0,1
coordinated/cached/k4,-1,-1,1,-+/+-/+-/++,0,0,1
coordinated/cached/k4,-1,-1,1,-+/+-/++/--,0,0,1
coordinated/cached/k4,-1,-1,1,-+/+-/++/-+,0,0,1
coordinated/cached/k4,-1,-1,1,-+/+-/++/+-,0,0,1
coordinated/cached/k4,-1,-1,1,-+/+-/++/++,0,0,1
coordinated/cached/k4,-1,-1,1,-+/++/--/--,0,0,1
coordinated/cached/k4,-1,-1,1,-+/++/--/-+,0,0,1
coordinated/cached/k4,-1,-1,1,-+/++/--/+-,0,0,1
coordinated/cached/k4,-1,-1,1,-+/++/--/++,0,0,1
coordinated/cached/k4,-1,-1,1,-+/++/-+/--,0,0,1
coordinated/cached/k4,-1,-1,1,-+/++/-+/-+,0,0,1
coordinated/cached/k4,-1,-1,1,-+/++/-+/+-,0,0,1
coordinated/cached/k4,-1,-1,1,-+/++/-+/++,0,0,1
coordinated/cached/k4,-1,-1,1,-+/++/+-/--,0,0,1
coordinated/cached/k4,-1,-1,1,-+/++/+-/-+,0,0,1
coordinated/cached/k4,-1,-1,1,-+/++/+-/+-,0,0,1
coordinated/cached/k4,-1,-1,1,-+/++/+-/++,0,0,1
coordinated/cached/k4,-1,-1,1,-+/++/++/--,0,0,1
coordinated/cached/k4,-1,-1,1,-+/++/++/-+,0,0,1
coordinated/cached/k4,-1,-1,1,-+/++/++/+-,0,0,1
coordinated/cached/k4,-1,-1,1,-+/++/++/++,0,0,1
coordinated/cached/k4,-1,-1,1,+-/--/--/--,0,0,1
coordinated/cached/k4,-1,-1,1,+-/--/--/-+,0,0,1
coordinated/cached/k4,-1,-1,1,+-/--/--/+-,0,0,1
coordinated/cached/k4,-1,-1,1,+-/--/--/++,0,0,1
coordinated/cached/k4,-1,-1,1,+-/--/-+/--,0,0,1
coordinated/cached/k4,-1,-1,1,+-/--/-+/-+,0,0,1
coordinated/cached/k4,-1,-1,1,+-/--/-+/+-,0,0,1
coordinated/cached/k4,-1,-1,1,+-/--/-+/++,0,0,1
coordinated/cached/k4,-1,-1,1,+-/--/+-/--,0,0,1
coordinated/cached/k4,-1,-1,1,+-/--/+-/-+,0,0,1
coordinated/cached/k4,-1,-1,1,+-/--/+-/+-,0,0,1
coordinated/cached/k4,-1,-1,1,+-/--/+-/++,0,0,1
coordinated/cached/k4,-1,-1,1,+-/--/++/--,0,0,1
coordinated/cached/k4,-1,-1,1,+-/--/++/-+,0,0,1
coordinated/cached/k4,-1,-1,1,+-/--/++/+-,0,0,1
coordinated/cached/k4,-1,-1,1,+-/--/++/++,0,0,1
coordinated/cached/k4,-1,-1,1,+-/-+/--/--,0,0,1
coordinated/cached/k4,-1,-1,1,+-/-+/--/-+,0,0,1
coordinated/cached/k4,-1,-1,1,+-/-+/--/+-,0,0,1
coordinated/cached/k4,-1,-1,1,+-/-+/--/++,0,0,1
coordinated/cached/k4,-1,-1,1,+-/-+/-+/--,0,0,1
coordinated/cached/k4,-1,-1,1,+-/-+/-+/-+,0,0,1
coordinated/cached/k4,-1,-1,1,+-/-+/-+/+-,0,0,1
coordinated/cached/k4,-1,-1,1,+-/-+/-+/++,0,0,1
coordinated/cached/k4,-1,-1,1,+-/-+/+-/--,0,0,1
coordinated/cached/k4,-1,-1,1,+-/-+/+-/-+,0,0,1
coordinated/cached/k4,-1,-1,1,+-/-+/+-/+-,0,0,1
coordinated/cached/k4,-1,-1,1,+-/-+/+-/++,0,0,1
coordinated/cached/k4,-1,-1,1,+-/-+/++/--,0,0,1
coordinated/cached/k4,-1,-1,1,+-/-+/++/-+,0,0,1
coordinated/cached/k4,-1,-1,1,+-/-+/++/+-,0,0,1
coordinated/cached/k4,-1,-1,1,+-/-+/++/++,0,0,1
coordinated/cached/k4,-1,-1,1,+-/+-/--/--,0,0,1
coordinated/cached/k4,-1,-1,1,+-/+-/--/-+,0,0,1
coordinated/cached/k4,-1,-1,1,+-/+-/--/+-,0,0,1
coordinated/cached/k4,-1,-1,1,+-/+-/--/++,0,0,1
coordinated/cached/k4,-1,-1,1,+-/+-/-+/--,0,0,1
coordinated/cached/k4,-1,-1,1,+-/+-/-+/-+,0,0,1
coordinated/cached/k4,-1,-1,1,+-/+-/-+/+-,0,0,1
coordinated/cached/k4,-1,-1,1,+-/+-/-+/++,0,0,1
coordinated/cached/k4,-1,-1,1,+-/+-/+-/--,0,0,1
coordinated/cached/k4,-1,-1,1,+-/+-/+-/-+,0,0,1
coordinated/cached/k4,-1,-1,1,+-/+-/+-/+-,1/16,1,16
coordinated/cached/k4,-1,-1,1,+-/+-/+-/++,0,0,1
coordinated/cached/k4,-1,-1,1,+-/+-/++/--,0,0,1
coordinated/cached/k4,-1,-1,1,+-/+-/++/-+,0,0,1
coordinated/cached/k4,-1,-1,1,+-/+-/++/+-,0,0,1
coordinated/cached/k4,-1,-1,1,+-/+-/++/++,0,0,1
coordinated/cached/k4,-1,-1,1,+-/++/--/--,0,0,1
coordinated/cached/k4,-1,-1,1,+-/++/--/-+,0,0,1
coordinated/cached/k4,-1,-1,1,+-/++/--/+-,0,0,1
coordinated/cached/k4,-1,-1,1,+-/++/--/++,0,0,1
coordinated/cached/k4,-1,-1,1,+-/++/-+/--,0,0,1
coordinated/cached/k4,-1,-1,1,+-/++/-+/-+,0,0,1
coordinated/cached/k4,-1,-1,1,+-/++/-+/+-,0,0,1
coordinated/cached/k4,-1,-1,1,+-/++/-+/++,0,0,1
coordinated/cached/k4,-1,-1,1,+-/++/+-/--,0,0,1
coordinated/cached/k4,-1,-1,1,+-/++/+-/-+,0,0,1
coordinated/cached/k4,-1,-1,1,+-/++/+-/+-,0,0,1
coordinated/cached/k4,-1,-1,1,+-/++/+-/++,0,0,1
coordinated/cached/k4,-1,-1,1,+-/++/++/--,0,0,1
coordinated/cached/k4,-1,-1,1,+-/++/++/-+,0,0,1
coordinated/cached/k4,-1,-1,1,+-/++/++/+-,0,0,1
coordinated/cached/k4,-1,-1,1,+-/++/++/++,0,0,1
coordinated/cached/k4,-1,-1,1,++/--/--/--,0,0,1
coordinated/cached/k4,-1,-1,1,++/--/--/-+,0,0,1
coordinated/cached/k4,-1,-1,1,++/--/--/+-,0,0,1
coordinated/cached/k4,-1,-1,1,++/--/--/++,0,0,1
coordinated/cached/k4,-1,-1,1,++/--/-+/--,0,0,1
coordinated/cached/k4,-1,-1,1,++/--/-+/-+,0,0,1
coordinated/cached/k4,-1,-1,1,++/--/-+/+-,0,0,1
coordinated/cached/k4,-1,-1,1,++/--/-+/++,0,0,1
coordinated/cached/k4,-1,-1,1,++/--/+-/--,0,0,1
coordinated/cached/k4,-1,-1,1,++/--/+-/-+,0,0,1
coordinated/cached/k4,-1,-1,1,++/--/+-/+-,0,0,1
coordinated/cached/k4,-1,-1,1,++/--/+-/++,0,0,1
coordinated/cached/k4,-1,-1,1,++/--/++/--,0,0,1
coordinated/cached/k4,-1,-1,1,++/--/++/-+,0,0,1
coordinated/cached/k4,-1,-1,1,++/--/++/+-,0,0,1
coordinated/cached/k4,-1,-1,1,++/--/++/++,0,0,1
coordinated/cached/k4,-1,-1,1,++/-+/--/--,0,0,1
coordinated/cached/k4,-1,-1,1,++/-+/--/-+,0,0,1
coordinated/cached/k4,-1,-1,1,++/-+/--/+-,0,0,1
coordinated/cached/k4,-1,-1,1,++/-+/--/++,0,0,1
coordinated/cached/k4,-1,-1,1,++/-+/-+/--,0,0,1
coordinated/cached/k4,-1,-1,1,++/-+/-+/-+,0,0,1
coordinated/cached/k4,-1,-1,1,++/-+/-+/+-,0,0,1
coordinated/cached/k4,-1,-1,1,++/-+/-+/++,0,0,1
coordinated/cached/k4,-1,-1,1,++/-+/+-/--,0,0,1
coordinated/cached/k4,-1,-1,1,++/-+/+-/-+,0,0,1
coordinated/cached/k4,-1,-1,1,++/-+/+-/+-,0,0,1
coordinated/cached/k4,-1,-1,1,++/-+/+-/++,0,0,1
coordinated/cached/k4,-1,-1,1,++/-+/++/--,0,0,1
coordinated/cached/k4,-1,-1,1,++/-+/++/-+,0,0,1
coordinated/cached/k4,-1,-1,1,++/-+/++/+-,0,0,1
coordinated/cached/k4,-1,-1,1,++/-+/++/++,0,0,1
coordinated/cached/k4,-1,-1,1,++/+-/--/--,0,0,1
coordinated/cached/k4,-1,-1,1,++/+-/--/-+,0,0,1
coordinated/cached/k4,-1,-1,1,++/+-/--/+-,0,0,1
coordinated/cached/k4,-1,-1,1,++/+-/--/++,0,0,1
coordinated/cached/k4,-1,-1,1,++/+-/-+/--,0,0,1
coordinated/cached/k4,-1,-1,1,++/+-/-+/-+,0,0,1
coordinated/cached/k4,-1,-1,1,++/+-/-+/+-,0,0,1
coordinated/cached/k4,-1,-1,1,++/+-/-+/++,0,0,1
coordinated/cached/k4,-1,-1,1,++/+-/+-/--,0,0,1
coordinated/cached/k4,-1,-1,1,++/+-/+-/-+,0,0,1
coordinated/cached/k4,-1,-1,1,++/+-/+-/+-,0,0,1
coordinated/cached/k4,-1,-1,1,++/+-/+-/++,0,0,1
coordinated/cached/k4,-1,-1,1,++/+-/++/--,0,0,1
coordinated/cached/k4,-1,-1,1,++/+-/++/-+,0,0,1
coordinated/cached/k4,-1,-1,1,++/+-/++/+-,0,0,1
coordinated/cached/k4,-1,-1,1,++/+-/++/++,0,0,1
coordinated/cached/k4,-1,-1,1,++/++/--/--,0,0,1
coordinated/cached/k4,-1,-1,1,++/++/--/-+,0,0,1
coordinated/cached/k4,-1,-1,1,++/++/--/+-,0,0,1
coordinated/cached/k4,-1,-1,1,++/++/--/++,0,0,1
coordinated/cached/k4,-1,-1,1,++/++/-+/--,0,0,1
coordinated/cached/k4,-1,-1,1,++/++/-+/-+,0,0,1
coordinated/cached/k4,-1,-1,1,++/++/-+/+-,0,0,1
coordinated/cached/k4,-1,-1,1,++/++/-+/++,0,0,1
coordinated/cached/k4,-1,-1,1,++/++/+-/--,0,0,1
coordinated/cached/k4,-1,-1,1,++/++/+-/-+,0,0,1
coordinated/cached/k4,-1,-1,1,++/++/+-/+-,0,0,1
coordinated/cached/k4,-1,-1,1,++/++/+-/++,0,0,1
coordinated/cached/k4,-1,-1,1,++/++/++/--,0,0,1
coordinated/cached/k4,-1,-1,1,++/++/++/-+,0,0,1
coordinated/cached/k4,-1,-1,1,++/++/++/+-,0,0,1
coordinated/cached/k4,-1,-1,1,++/++/++/++,0,0,1
coordinated/cached/k4,-1,1,-1,--/--/--/--,1/16,1,16
coordinated/cached/k4,-1,1,-1,--/--/--/-+,0,0,1
coordinated/cached/k4,-1,1,-1,--/--/--/+-,0,0,1
coordinated/cached/k4,-1,1,-1,--/--/--/++,0,0,1
coordinated/cached/k4,-1,1,-1,--/--/-+/--,0,0,1
coordinated/cached/k4,-1,1,-1,--/--/-+/-+,0,0,1
coordinated/cached/k4,-1,1,-1,--/--/-+/+-,0,0,1
coordinated/cached/k4,-1,1,-1,--/--/-+/++,0,0,1
coordinated/cached/k4,-1,1,-1,--/--/+-/--,0,0,1
coordinated/cached/k4,-1,1,-1,--/--/+-/-+,0,0,1
coordinated/cached/k4,-1,1,-1,--/--/+-/+-,0,0,1
coordinated/cached/k4,-1,1,-1,--/--/+-/++,0,0,1
coordinated/cached/k4,-1,1,-1,--/--/++/--,0,0,1
coordinated/cached/k4,-1,1,-1,--/--/++/-+,0,0,1
coordinated/cached/k4,-1,1,-1,--/--/++/+-,0,0,1
coordinated/cached/k4,-1,1,-1,--/--/++/++,0,0,1
coordinated/cached/k4,-1,1,-1,--/-+/--/--,0,0,1
coordinated/cached/k4,-1,1,-1,--/-+/--/-+,0,0,1
coordinated/cached/k4,-1,1,-1,--/-+/--/+-,0,0,1
coordinated/cached/k4,-1,1,-1,--/-+/--/++,0,0,1
coordinated/cached/k4,-1,1,-1,--/-+/-+/--,0,0,1
coordinated/cached/k4,-1,1,-1,--/-+/-+/-+,0,0,1
coordinated/cached/k4,-1,1,-1,--/-+/-+/+-,0,0,1
coordinated/cached/k4,-1,1,-1,--/-+/-+/++,0,0,1
coordinated/cached/k4,-1,1,-1,--/-+/+-/--,0,0,1
coordinated/cached/k4,-1,1,-1,--/-+/+-/-+,0,0,1
coordinated/cached/k4,-1,1,-1,--/-+/+-/+-,0,0,1
coordinated/cached/k4,-1,1,-1,--/-+/+-/++,0,0,1
coordinated/cached/k4,-1,1,-1,--/-+/++/--,0,0,1
coordinated/cached/k4,-1,1,-1,--/-+/++/-+,0,0,1
coordinated/cached/k4,-1,1,-1,--/-+/++/+-,0,0,1
coordinated/cached/k4,-1,1,-1,--/-+/++/++,0,0,1
coordinated/cached/k4,-1,1,-1,--/+-/--/--,0,0,1
coordinated/cached/k4,-1,1,-1,--/+-/--/-+,0,0,1
coordinated/cached/k4,-1,1,-1,--/+-/--/+-,0,0,1
coordinated/cached/k4,-1,1,-1,--/+-/--/++,0,0,1
coordinated/cached/k4,-1,1,-1,--/+-/-+/--,0,0,1
coordinated/cached/k4,-1,1,-1,--/+-/-+/-+,0,0,1
coordinated/cached/k4,-1,1,-1,--/+-/-+/+-,0,0,1
coordinated/cached/k4,-1,1,-1,--/+-/-+/++,0,0,1
coordinated/cached/k4,-1,1,-1,--/+-/+-/--,0,0,1
coordinated/cached/k4,-1,1,-1,--/+-/+-/-+,0,0,1
coordinated/cached/k4,-1,1,-1,--/+-/+-/+-,0,0,1
coordinated/cached/k4,-1,1,-1,--/+-/+-/++,0,0,1
coordinated/cached/k4,-1,1,-1,--/+-/++/--,0,0,1
coordinated/cached/k4,-1,1,-1,--/+-/++/-+,0,0,1
coordinated/cached/k4,-1,1,-1,--/+-/++/+-,0,0,1
coordinated/cached/k4,-1,1,-1,--/+-/++/++,0,0,1
coordinated/cached/k4,-1,1,-1,--/++/--/--,0,0,1
coordinated/cached/k4,-1,1,-1,--/++/--/-+,0,0,1
coordinated/cached/k4,-1,1,-1,--/++/--/+-,0,0,1
coordinated/cached/k4,-1,1,-1,--/++/--/++,0,0,1
coordinated/cached/k4,-1,1,-1,--/++/-+/--,0,0,1
coordinated/cached/k4,-1,1,-1,--/++/-+/-+,0,0,1
coordinated/cached/k4,-1,1,-1,--/++/-+/+-,0,0,1
coordinated/cached/k4,-1,1,-1,--/++/-+/++,0,0,1
coordinated/cached/k4,-1,1,-1,--/++/+-/--,0,0,1
coordinated/cached/k4,-1,1,-1,--/++/+-/-+,0,0,1
coordinated/cached/k4,-1,1,-1,--/++/+-/+-,0,0,1
coordinated/cached/k4,-1,1,-1,--/++/+-/++,0,0,1
coordinated/cached/k4,-1,1,-1,--/++/++/--,0,0,1
coordinated/cached/k4,-1,1,-1,--/++/++/-+,0,0,1
coordinated/cached/k4,-1,1,-1,--/++/++/+-,0,0,1
coordinated/cached/k4,-1,1,-1,--/++/++/++,0,0,1
coordinated/cached/k4,-1,1,-1,-+/--/--/--,0,0,1
coordinated/cached/k4,-1,1,-1,-+/--/--/-+,0,0,1
coordinated/cached/k4,-1,1,-1,-+/--/--/+-,0,0,1
coordinated/cached/k4,-1,1,-1,-+/--/--/++,0,0,1
coordinated/cached/k4,-1,1,-1,-+/--/-+/--,0,0,1
coordinated/cached/k4,-1,1,-1,-+/--/-+/-+,0,0,1
coordinated/cached/k4,-1,1,-1,-+/--/-+/+-,0,0,1
coordinated/cached/k4,-1,1,-1,-+/--/-+/++,0,0,1
coordinated/cached/k4,-1,1,-1,-+/--/+-/--,0,0,1
coordinated/cached/k4,-1,1,-1,-+/--/+-/-+,0,0,1
coordinated/cached/k4,-1,1,-1,-+/--/+-/+-,0,0,1
coordinated/cached/k4,-1,1,-1,-+/--/+-/++,0,0,1
coordinated/cached/k4,-1,1,-1,-+/--/++/--,0,0,1
coordinated/cached/k4,-1,1,-1,-+/--/++/-+,0,0,1
coordinated/cached/k4,-1,1,-1,-+/--/++/+-,0,0,1
coordinated/cached/k4,-1,1,-1,-+/--/++/++,0,0,1
coordinated/cached/k4,-1,1,-1,-+/-+/--/--,0,0,1
coordinated/cached/k4,-1,1,-1,-+/-+/--/-+,0,0,1
coordinated/cached/k4,-1,1,-1,-+/-+/--/+-,0,0,1
coordinated/cached/k4,-1,1,-1,-+/-+/--/++,0,0,1
coordinated/cached/k4,-1,1,-1,-+/-+/-+/--,0,0,1
coordinated/cached/k4,-1,1,-1,-+/-+/-+/-+,1/8,1,8
coordinated/cached/k4,-1,1,-1,-+/-+/-+/+-,0,0,1
coordinated/cached/k4,-1,1,-1,-+/-+/-+/++,0,0,1
coordinated/cached/k4,-1,1,-1,-+/-+/+-/--,0,0,1
coordinated/cached/k4,-1,1,-1,-+/-+/+-/-+,0,0,1
coordinated/cached/k4,-1,1,-1,-+/-+/+-/+-,0,0,1
coordinated/cached/k4,-1,1,-1,-+/-+/+-/++,0,0,1
coordinated/cached/k4,-1,1,-1,-+/-+/++/--,0,0,1
coordinated/cached/k4,-1,1,-1,-+/-+/++/-+,0,0,1
coordinated/cached/k4,-1,1,-1,-+/-+/++/+-,0,0,1
coordinated/cached/k4,-1,1,-1,-+/-+/++/++,0,0,1
coordinated/cached/k4,-1,1,-1,-+/+-/--/--,0,0,1
coordinated/cached/k4,-1,1,-1,-+/+-/--/-+,0,0,1
coordinated/cached/k4,-1,1,-1,-+/+-/--/+-,0,0,1
coordinated/cached/k4,-1,1,-1,-+/+-/--/++,0,0,1
coordinated/cached/k4,-1,1,-1,-+/+-/-+/--,0,0,1
coordinated/cached/k4,-1,1,-1,-+/+-/-+/-+,0,0,1
coordinated/cached/k4,-1,1,-1,-+/+-/-+/+-,0,0,1
coordinated/cached/k4,-1,1,-1,-+/+-/-+/++,0,0,1
coordinated/cached/k4,-1,1,-1,-+/+-/+-/--,0,0,1
coordinated/cached/k4,-1,1,-1,-+/+-/+-/-+,0,0,1
coordinated/cached/k4,-1,1,-1,-+/+-/+-/+-,0,0,1
coordinated/cached/k4,-1,1,-1,-+/+-/+-/++,0,0,1
coordinated/cached/k4,-1,1,-1,-+/+-/++/--,0,0,1
coordinated/cached/k4,-1,1,-1,-+/+-/++/-+,0,0,1
coordinated/cached/k4,-1,1,-1,-+/+-/++/+-,0,0,1
coordinated/cached/k4,-1,1,-1,-+/+-/++/++,0,0,1
coordinated/cached/k4,-1,1,-1,-+/++/--/--,0,0,1
coordinated/cached/k4,-1,1,-1,-+/++/--/-+,0,0,1
coordinated/cached/k4,-1,1,-1,-+/++/--/+-,0,0,1
coordinated/cached/k4,-1,1,-1,-+/++/--/++,0,0,1
coordinated/cached/k4,-1,1,-1,-+/++/-+/--,0,0,1
coordinated/cached/k4,-1,1,-1,-+/++/-+/-+,0,0,1
coordinated/cached/k4,-1,1,-1,-+/++/-+/+-,0,0,1
coordinated/cached/k4,-1,1,-1,-+/++/-+/++,0,0,1
coordinated/cached/k4,-1,1,-1,-+/++/+-/--,0,0,1
coordinated/cached/k4,-1,1,-1,-+/++/+-/-+,0,0,1
coordinated/cached/k4,-1,1,-1,-+/++/+-/+-,0,0,1
coordinated/cached/k4,-1,1,-1,-+/++/+-/++,0,0,1
coordinated/cached/k4,-1,1,-1,-+/++/++/--,0,0,1
coordinated/cached/k4,-1,1,-1,-+/++/++/-+,0,0,1
coordinated/cached/k4,-1,1,-1,-+/++/++/+-,0,0,1
coordinated/cached/k4,-1,1,-1,-+/++/++/++,0,0,1
coordinated/cached/k4,-1,1,-1,+-/--/--/--,0,0,1
coordinated/cached/k4,-1,1,-1,+-/--/--/-+,0,0,1
coordinated/cached/k4,-1,1,-1,+-/--/--/+-,0,0,1
coordinated/cached/k4,-1,1,-1,+-/--/--/++,0,0,1
coordinated/cached/k4,-1,1,-1,+-/--/-+/--,0,0,1
coordinated/cached/k4,-1,1,-1,+-/--/-+/-+,0,0,1
coordinated/cached/k4,-1,1,-1,+-/--/-+/+-,0,0,1
coordinated/cached/k4,-1,1,-1,+-/--/-+/++,0,0,1
coordinated/cached/k4,-1,1,-1,+-/--/+-/--,0,0,1
coordinated/cached/k4,-1,1,-1,+-/--/+-/-+,0,0,1
coordinated/cached/k4,-1,1,-1,+-/--/+-/+-,0,0,1
coordinated/cached/k4,-1,1,-1,+-/--/+-/++,0,0,1
coordinated/cached/k4,-1,1,-1,+-/--/++/--,0,0,1
coordinated/cached/k4,-1,1,-1,+-/--/++/-+,0,0,1
coordinated/cached/k4,-1,1,-1,+-/--/++/+-,0,0,1
coordinated/cached/k4,-1,1,-1,+-/--/++/++,0,0,1
coordinated/cached/k4,-1,1,-1,+-/-+/--/--,0,0,1
coordinated/cached/k4,-1,1,-1,+-/-+/--/-+,0,0,1
coordinated/cached/k4,-1,1,-1,+-/-+/--/+-,0,0,1
coordinated/cached/k4,-1,1,-1,+-/-+/--/++,0,0,1
coordinated/cached/k4,-1,1,-1,+-/-+/-+/--,0,0,1
coordinated/cached/k4,-1,1,-1,+-/-+/-+/-+,0,0,1
coordinated/cached/k4,-1,1,-1,+-/-+/-+/+-,0,0,1
coordinated/cached/k4,-1,1,-1,+-/-+/-+/++,0,0,1
coordinated/cached/k4,-1,1,-1,+-/-+/+-/--,0,0,1
coordinated/cached/k4,-1,1,-1,+-/-+/+-/-+,0,0,1
coordinated/cached/k4,-1,1,-1,+-/-+/+-/+-,0,0,1
coordinated/cached/k4,-1,1,-1,+-/-+/+-/++,0,0,1
coordinated/cached/k4,-1,1,-1,+-/-+/++/--,0,0,1
coordinated/cached/k4,-1,1,-1,+-/-+/++/-+,0,0,1
coordinated/cached/k4,-1,1,-1,+-/-+/++/+-,0,0,1
coordinated/cached/k4,-1,1,-1,+-/-+/++/++,0,0,1
coordinated/cached/k4,-1,1,-1,+-/+-/--/--,0,0,1
coordinated/cached/k4,-1,1,-1,+-/+-/--/-+,0,0,1
coordinated/cached/k4,-1,1,-1,+-/+-/--/+-,0,0,1
coordinated/cached/k4,-1,1,-1,+-/+-/--/++,0,0,1
coordinated/cached/k4,-1,1,-1,+-/+-/-+/--,0,0,1
coordinated/cached/k4,-1,1,-1,+-/+-/-+/-+,0,0,1
coordinated/cached/k4,-1,1,-1,+-/+-/-+/+-,0,0,1
coordinated/cached/k4,-1,1,-1,+-/+-/-+/++,0,0,1
coordinated/cached/k4,-1,1,-1,+-/+-/+-/--,0,0,1
coordinated/cached/k4,-1,1,-1,+-/+-/+-/-+,0,0,1
coordinated/cached/k4,-1,1,-1,+-/+-/+-/+-,0,0,1
coordinated/cached/k4,-1,1,-1,+-/+-/+-/++,0,0,1
coordinated/cached/k4,-1,1,-1,+-/+-/++/--,0,0,1
coordinated/cached/k4,-1,1,-1,+-/+-/++/-+,0,0,1
coordinated/cached/k4,-1,1,-1,+-/+-/++/+-,0,0,1
coordinated/cached/k4,-1,1,-1,+-/+-/++/++,0,0,1
coordinated/cached/k4,-1,1,-1,+-/++/--/--,0,0,1
coordinated/cached/k4,-1,1,-1,+-/++/--/-+,0,0,1
coordinated/cached/k4,-1,1,-1,+-/++/--/+-,0,0,1
coordinated/cached/k4,-1,1,-1,+-/++/--/++,0,0,1
coordinated/cached/k4,-1,1,-1,+-/++/-+/--,0,0,1
coordinated/cached/k4,-1,1,-1,+-/++/-+/-+,0,0,1
coordinated/cached/k4,-1,1,-1,+-/++/-+/+-,0,0,1
coordinated/cached/k4,-1,1,-1,+-/++/-+/++,0,0,1
coordinated/cached/k4,-1,1,-1,+-/++/+-/--,0,0,1
coordinated/cached/k4,-1,1,-1,+-/++/+-/-+,0,0,1
coordinated/cached/k4,-1,1,-1,+-/++/+-/+-,0,0,1
coordinated/cached/k4,-1,1,-1,+-/++/+-/++,0,0,1
coordinated/cached/k4,-1,1,-1,+-/++/++/--,0,0,1
coordinated/cached/k4,-1,1,-1,+-/++/++/-+,0,0,1
coordinated/cached/k4,-1,1,-1,+-/++/++/+-,0,0,1
coordinated/cached/k4,-1,1,-1,+-/++/++/++,0,0,1
coordinated/cached/k4,-1,1,-1,++/--/--/--,0,0,1
coordinated/cached/k4,-1,1,-1,++/--/--/-+,0,0,1
coordinated/cached/k4,-1,1,-1,++/--/--/+-,0,0,1
coordinated/cached/k4,-1,1,-1,++/--/--/++,0,0,1
coordinated/cached/k4,-1,1,-1,++/--/-+/--,0,0,1
coordinated/cached/k4,-1,1,-1,++/--/-+/-+,0,0,1
coordinated/cached/k4,-1,1,-1,++/--/-+/+-,0,0,1
coordinated/cached/k4,-1,1,-1,++/--/-+/++,0,0,1
coordinated/cached/k4,-1,1,-1,++/--/+-/--,0,0,1
coordinated/cached/k4,-1,1,-1,++/--/+-/-+,0,0,1
coordinated/cached/k4,-1,1,-1,++/--/+-/+-,0,0,1
coordinated/cached/k4,-1,1,-1,++/--/+-/++,0,0,1
coordinated/cached/k4,-1,1,-1,++/--/++/--,0,0,1
coordinated/cached/k4,-1,1,-1,++/--/++/-+,0,0,1
coordinated/cached/k4,-1,1,-1,++/--/++/+-,0,0,1
coordinated/cached/k4,-1,1,-1,++/--/++/++,0,0,1
coordinated/cached/k4,-1,1,-1,++/-+/--/--,0,0,1
coordinated/cached/k4,-1,1,-1,++/-+/--/-+,0,0,1
coordinated/cached/k4,-1,1,-1,++/-+/--/+-,0,0,1
coordinated/cached/k4,-1,1,-1,++/-+/--/++,0,0,1
coordinated/cached/k4,-1,1,-1,++/-+/-+/--,0,0,1
coordinated/cached/k4,-1,1,-1,++/-+/-+/-+,0,0,1
coordinated/cached/k4,-1,1,-1,++/-+/-+/+-,0,0,1
coordinated/cached/k4,-1,1,-1,++/-+/-+/++,0,0,1
coordinated/cached/k4,-1,1,-1,++/-+/+-/--,0,0,1
coordinated/cached/k4,-1,1,-1,++/-+/+-/-+,0,0,1
coordinated/cached/k4,-1,1,-1,++/-+/+-/+-,0,0,1
coordinated/cached/k4,-1,1,-1,++/-+/+-/++,0,0,1
coordinated/cached/k4,-1,1,-1,++/-+/++/--,0,0,1
coordinated/cached/k4,-1,1,-1,++/-+/++/-+,0,0,1
coordinated/cached/k4,-1,1,-1,++/-+/++/+-,0,0,1
coordinated/cached/k4,-1,1,-1,++/-+/++/++,0,0,1
coordinated/cached/k4,-1,1,-1,++/+-/--/--,0,0,1
coordinated/cached/k4,-1,1,-1,++/+-/--/-+,0,0,1
coordinated/cached/k4,-1,1,-1,++/+-/--/+-,0,0,1
coordinated/cached/k4,-1,1,-1,++/+-/--/++,0,0,1
coordinated/cached/k4,-1,1,-1,++/+-/-+/--,0,0,1
coordinated/cached/k4,-1,1,-1,++/+-/-+/-+,0,0,1
coordinated/cached/k4,-1,1,-1,++/+-/-+/+-,0,0,1
coordinated/cached/k4,-1,1,-1,++/+-/-+/++,0,0,1
coordinated/cached/k4,-1,1,-1,++/+-/+-/--,0,0,1
coordinated/cached/k4,-1,1,-1,++/+-/+-/-+,0,0,1
coordinated/cached/k4,-1,1,-1,++/+-/+-/+-,0,0,1
coordinated/cached/k4,-1,1,-1,++/+-/+-/++,0,0,1
coordinated/cached/k4,-1,1,-1,++/+-/++/--,0,0,1
coordinated/cached/k4,-1,1,-1,++/+-/++/-+,0,0,1
coordinated/cached/k4,-1,1,-1,++/+-/++/+-,0,0,1
coordinated/cached/k4,-1,1,-1,++/+-/++/++,0,0,1
coordinated/cached/k4,-1,1,-1,++/++/--/--,0,0,1
coordinated/cached/k4,-1,1,-1,++/++/--/-+,0,0,1
coordinated/cached/k4,-1,1,-1,++/++/--/+-,0,0,1
coordinated/cached/k4,-1,1,-1,++/++/--/++,0,0,1
coordinated/cached/k4,-1,1,-1,++/++/-+/--,0,0,1
coordinated/cached/k4,-1,1,-1,++/++/-+/-+,0,0,1
coordinated/cached/k4,-1,1,-1,++/++/-+/+-,0,0,1
coordinated/cached/k4,-1,1,-1,++/++/-+/++,0,0,1
coordinated/cached/k4,-1,1,-1,++/++/+-/--,0,0,1
coordinated/cached/k4,-1,1,-1,++/++/+-/-+,0,0,1
coordinated/cached/k4,-1,1,-1,++/++/+-/+-,0,0,1
coordinated/cached/k4,-1,1,-1,++/++/+-/++,0,0,1
coordinated/cached/k4,-1,1,-1,++/++/++/--,0,0,1
coordinated/cached/k4,-1,1,-1,++/++/++/-+,0,0,1
coordinated/cached/k4,-1,1,-1,++/++/++/+-,0,0,1
coordinated/cached/k4,-1,1,-1,++/++/++/++,1/16,1,16
coordinated/cached/k4,1,-1,-1,--/--/--/--,1/16,1,16
coordinated/cached/k4,1,-1,-1,--/--/--/-+,0,0,1
coordinated/cached/k4,1,-1,-1,--/--/--/+-,0,0,1
coordinated/cached/k4,1,-1,-1,--/--/--/++,0,0,1
coordinated/cached/k4,1,-1,-1,--/--/-+/--,0,0,1
coordinated/cached/k4,1,-1,-1,--/--/-+/-+,0,0,1
coordinated/cached/k4,1,-1,-1,--/--/-+/+-,0,0,1
coordinated/cached/k4,1,-1,-1,--/--/-+/++,0,0,1
coordinated/cached/k4,1,-1,-1,--/--/+-/--,0,0,1
coordinated/cached/k4,1,-1,-1,--/--/+-/-+,0,0,1
coordinated/cached/k4,1,-1,-1,--/--/+-/+-,0,0,1
coordinated/cached/k4,1,-1,-1,--/--/+-/++,0,0,1
coordinated/cached/k4,1,-1,-1,--/--/++/--,0,0,1
coordinated/cached/k4,1,-1,-1,--/--/++/-+,0,0,1
coordinated/cached/k4,1,-1,-1,--/--/++/+-,0,0,1
coordinated/cached/k4,1,-1,-1,--/--/++/++,0,0,1
coordinated/cached/k4,1,-1,-1,--/-+/--/--,0,0,1
coordinated/cached/k4,1,-1,-1,--/-+/--/-+,0,0,1
coordinated/cached/k4,1,-1,-1,--/-+/--/+-,0,0,1
coordinated/cached/k4,1,-1,-1,--/-+/--/++,0,0,1
coordinated/cached/k4,1,-1,-1,--/-+/-+/--,0,0,1
coordinated/cached/k4,1,-1,-1,--/-+/-+/-+,0,0,1
coordinated/cached/k4,1,-1,-1,--/-+/-+/+-,0,0,1
coordinated/cached/k4,1,-1,-1,--/-+/-+/++,0,0,1
coordinated/cached/k4,1,-1,-1,--/-+/+-/--,0,0,1
coordinated/cached/k4,1,-1,-1,--/-+/+-/-+,0,0,1
coordinated/cached/k4,1,-1,-1,--/-+/+-/+-,0,0,1
coordinated/cached/k4,1,-1,-1,--/-+/+-/++,0,0,1
coordinated/cached/k4,1,-1,-1,--/-+/++/--,0,0,1
coordinated/cached/k4,1,-1,-1,--/-+/++/-+,0,0,1
coordinated/cached/k4,1,-1,-1,--/-+/++/+-,0,0,1
coordinated/cached/k4,1,-1,-1,--/-+/++/++,0,0,1
coordinated/cached/k4,1,-1,-1,--/+-/--/--,0,0,1
coordinated/cached/k4,1,-1,-1,--/+-/--/-+,0,0,1
coordinated/cached/k4,1,-1,-1,--/+-/--/+-,0,0,1
coordinated/cached/k4,1,-1,-1,--/+-/--/++,0,0,1
coordinated/cached/k4,1,-1,-1,--/+-/-+/--,0,0,1
coordinated/cached/k4,1,-1,-1,--/+-/-+/-+,0,0,1
coordinated/cached/k4,1,-1,-1,--/+-/-+/+-,0,0,1
coordinated/cached/k4,1,-1,-1,--/+-/-+/++,0,0,1
coordinated/cached/k4,1,-1,-1,--/+-/+-/--,0,0,1
coordinated/cached/k4,1,-1,-1,--/+-/+-/-+,0,0,1
coordinated/cached/k4,1,-1,-1,--/+-/+-/+-,0,0,1
coordinated/cached/k4,1,-1,-1,--/+-/+-/++,0,0,1
coordinated/cached/k4,1,-1,-1,--/+-/++/--,0,0,1
coordinated/cached/k4,1,-1,-1,--/+-/++/-+,0,0,1
coordinated/cached/k4,1,-1,-1,--/+-/++/+-,0,0,1
coordinated/cached/k4,1,-1,-1,--/+-/++/++,0,0,1
coordinated/cached/k4,1,-1,-1,--/++/--/--,0,0,1
coordinated/cached/k4,1,-1,-1,--/++/--/-+,0,0,1
coordinated/cached/k4,1,-1,-1,--/++/--/+-,0,0,1
coordinated/cached/k4,1,-1,-1,--/++/--/++,0,0,1
coordinated/cached/k4,1,-1,-1,--/++/-+/--,0,0,1
coordinated/cached/k4,1,-1,-1,--/++/-+/-+,0,0,1
coordinated/cached/k4,1,-1,-1,--/++/-+/+-,0,0,1
coordinated/cached/k4,1,-1,-1,--/++/-+/++,0,0,1
coordinated/cached/k4,1,-1,-1,--/++/+-/--,0,0,1
coordinated/cached/k4,1,-1,-1,--/++/+-/-+,0,0,1
coordinated/cached/k4,1,-1,-1,--/++/+-/+-,0,0,1
coordinated/cached/k4,1,-1,-1,--/++/+-/++,0,0,1
coordinated/cached/k4,1,-1,-1,--/++/++/--,0,0,1
coordinated/cached/k4,1,-1,-1,--/++/++/-+,0,0,1
coordinated/cached/k4,1,-1,-1,--/++/++/+-,0,0,1
coordinated/cached/k4,1,-1,-1,--/++/++/++,0,0,1
coordinated/cached/k4,1,-1,-1,-+/--/--/--,0,0,1
coordinated/cached/k4,1,-1,-1,-+/--/--/-+,0,0,1
coordinated/cached/k4,1,-1,-1,-+/--/--/+-,0,0,1
coordinated/cached/k4,1,-1,-1,-+/--/--/++,0,0,1
coordinated/cached/k4,1,-1,-1,-+/--/-+/--,0,0,1
coordinated/cached/k4,1,-1,-1,-+/--/-+/-+,0,0,1
coordinated/cached/k4,1,-1,-1,-+/--/-+/+-,0,0,1
coordinated/cached/k4,1,-1,-1,-+/--/-+/++,0,0,1
coordinated/cached/k4,1,-1,-1,-+/--/+-/--,0,0,1
coordinated/cached/k4,1,-1,-1,-+/--/+-/-+,0,0,1
coordinated/cached/k4,1,-1,-1,-+/--/+-/+-,0,0,1
coordinated/cached/k4,1,-1,-1,-+/--/+-/++,0,0,1
coordinated/cached/k4,1,-1,-1,-+/--/++/--,0,0,1
coordinated/cached/k4,1,-1,-1,-+/--/++/-+,0,0,1
coordinated/cached/k4,1,-1,-1,-+/--/++/+-,0,0,1
coordinated/cached/k4,1,-1,-1,-+/--/++/++,0,0,1
coordinated/cached/k4,1,-1,-1,-+/-+/--/--,0,0,1
coordinated/cached/k4,1,-1,-1,-+/-+/--/-+,0,0,1
coordinated/cached/k4,1,-1,-1,-+/-+/--/+-,0,0,1
coordinated/cached/k4,1,-1,-1,-+/-+/--/++,0,0,1
coordinated/cached/k4,1,-1,-1,-+/-+/-+/--,0,0,1
coordinated/cached/k4,1,-1,-1,-+/-+/-+/-+,0,0,1
coordinated/cached/k4,1,-1,-1,-+/-+/-+/+-,0,0,1
coordinated/cached/k4,1,-1,-1,-+/-+/-+/++,0,0,1
coordinated/cached/k4,1,-1,-1,-+/-+/+-/--,0,0,1
coordinated/cached/k4,1,-1,-1,-+/-+/+-/-+,0,0,1
coordinated/cached/k4,1,-1,-1,-+/-+/+-/+-,0,0,1
coordinated/cached/k4,1,-1,-1,-+/-+/+-/++,0,0,1
coordinated/cached/k4,1,-1,-1,-+/-+/++/--,0,0,1
coordinated/cached/k4,1,-1,-1,-+/-+/++/-+,0,0,1
coordinated/cached/k4,1,-1,-1,-+/-+/++/+-,0,0,1
coordinated/cached/k4,1,-1,-1,-+/-+/++/++,0,0,1
coordinated/cached/k4,1,-1,-1,-+/+-/--/--,0,0,1
coordinated/cached/k4,1,-1,-1,-+/+-/--/-+,0,0,1
coordinated/cached/k4,1,-1,-1,-+/+-/--/+-,0,0,1
coordinated/cached/k4,1,-1,-1,-+/+-/--/++,0,0,1
coordinated/cached/k4,1,-1,-1,-+/+-/-+/--,0,0,1
coordinated/cached/k4,1,-1,-1,-+/+-/-+/-+,0,0,1
coordinated/cached/k4,1,-1,-1,-+/+-/-+/+-,0,0,1
coordinated/cached/k4,1,-1,-1,-+/+-/-+/++,0,0,1
coordinated/cached/k4,1,-1,-1,-+/+-/+-/--,0,0,1
coordinated/cached/k4,1,-1,-1,-+/+-/+-/-+,0,0,1
coordinated/cached/k4,1,-1,-1,-+/+-/+-/+-,0,0,1
coordinated/cached/k4,1,-1,-1,-+/+-/+-/++,0,0,1
coordinated/cached/k4,1,-1,-1,-+/+-/++/--,0,0,1
coordinated/cached/k4,1,-1,-1,-+/+-/++/-+,0,0,1
coordinated/cached/k4,1,-1,-1,-+/+-/++/+-,0,0,1
coordinated/cached/k4,1,-1,-1,-+/+-/++/++,0,0,1
coordinated/cached/k4,1,-1,-1,-+/++/--/--,0,0,1
coordinated/cached/k4,1,-1,-1,-+/++/--/-+,0,0,1
coordinated/cached/k4,1,-1,-1,-+/++/--/+-,0,0,1
coordinated/cached/k4,1,-1,-1,-+/++/--/++,0,0,1
coordinated/cached/k4,1,-1,-1,-+/++/-+/--,0,0,1
coordinated/cached/k4,1,-1,-1,-+/++/-+/-+,0,0,1
coordinated/cached/k4,1,-1,-1,-+/++/-+/+-,0,0,1
coordinated/cached/k4,1,-1,-1,-+/++/-+/++,0,0,1
coordinated/cached/k4,1,-1,-1,-+/++/+-/--,0,0,1
coordinated/cached/k4,1,-1,-1,-+/++/+-/-+,0,0,1
coordinated/cached/k4,1,-1,-1,-+/++/+-/+-,0,0,1
coordinated/cached/k4,1,-1,-1,-+/++/+-/++,0,0,1
coordinated/cached/k4,1,-1,-1,-+/++/++/--,0,0,1
coordinated/cached/k4,1,-1,-1,-+/++/++/-+,0,0,1
coordinated/cached/k4,1,-1,-1,-+/++/++/+-,0,0,1
coordinated/cached/k4,1,-1,-1,-+/++/++/++,0,0,1
coordinated/cached/k4,1,-1,-1,+-/--/--/--,0,0,1
coordinated/cached/k4,1,-1,-1,+-/--/--/-+,0,0,1
coordinated/cached/k4,1,-1,-1,+-/--/--/+-,0,0,1
coordinated/cached/k4,1,-1,-1,+-/--/--/++,0,0,1
coordinated/cached/k4,1,-1,-1,+-/--/-+/--,0,0,1
coordinated/cached/k4,1,-1,-1,+-/--/-+/-+,0,0,1
coordinated/cached/k4,1,-1,-1,+-/--/-+/+-,0,0,1
coordinated/cached/k4,1,-1,-1,+-/--/-+/++,0,0,1
coordinated/cached/k4,1,-1,-1,+-/--/+-/--,0,0,1
coordinated/cached/k4,1,-1,-1,+-/--/+-/-+,0,0,1
coordinated/cached/k4,1,-1,-1,+-/--/+-/+-,0,0,1
coordinated/cached/k4,1,-1,-1,+-/--/+-/++,0,0,1
coordinated/cached/k4,1,-1,-1,+-/--/++/--,0,0,1
coordinated/cached/k4,1,-1,-1,+-/--/++/-+,0,0,1
coordinated/cached/k4,1,-1,-1,+-/--/++/+-,0,0,1
coordinated/cached/k4,1,-1,-1,+-/--/++/++,0,0,1
coordinated/cached/k4,1,-1,-1,+-/-+/--/--,0,0,1
coordinated/cached/k4,1,-1,-1,+-/-+/--/-+,0,0,1
coordinated/cached/k4,1,-1,-1,+-/-+/--/+-,0,0,1
coordinated/cached/k4,1,-1,-1,+-/-+/--/++,0,0,1
coordinated/cached/k4,1,-1,-1,+-/-+/-+/--,0,0,1
coordinated/cached/k4,1,-1,-1,+-/-+/-+/-+,0,0,1
coordinated/cached/k4,1,-1,-1,+-/-+/-+/+-,0,0,1
coordinated/cached/k4,1,-1,-1,+-/-+/-+/++,0,0,1
coordinated/cached/k4,1,-1,-1,+-/-+/+-/--,0,0,1
coordinated/cached/k4,1,-1,-1,+-/-+/+-/-+,0,0,1
coordinated/cached/k4,1,-1,-1,+-/-+/+-/+-,0,0,1
coordinated/cached/k4,1,-1,-1,+-/-+/+-/++,0,0,1
coordinated/cached/k4,1,-1,-1,+-/-+/++/--,0,0,1
coordinated/cached/k4,1,-1,-1,+-/-+/++/-+,0,0,1
coordinated/cached/k4,1,-1,-1,+-/-+/++/+-,0,0,1
coordinated/cached/k4,1,-1,-1,+-/-+/++/++,0,0,1
coordinated/cached/k4,1,-1,-1,+-/+-/--/--,0,0,1
coordinated/cached/k4,1,-1,-1,+-/+-/--/-+,0,0,1
coordinated/cached/k4,1,-1,-1,+-/+-/--/+-,0,0,1
coordinated/cached/k4,1,-1,-1,+-/+-/--/++,0,0,1
coordinated/cached/k4,1,-1,-1,+-/+-/-+/--,0,0,1
coordinated/cached/k4,1,-1,-1,+-/+-/-+/-+,0,0,1
coordinated/cached/k4,1,-1,-1,+-/+-/-+/+-,0,0,1
coordinated/cached/k4,1,-1,-1,+-/+-/-+/++,0,0,1
coordinated/cached/k4,1,-1,-1,+-/+-/+-/--,0,0,1
coordinated/cached/k4,1,-1,-1,+-/+-/+-/-+,0,0,1
coordinated/cached/k4,1,-1,-1,+-/+-/+-/+-,1/8,1,8
coordinated/cached/k4,1,-1,-1,+-/+-/+-/++,0,0,1
coordinated/cached/k4,1,-1,-1,+-/+-/++/--,0,0,1
coordinated/cached/k4,1,-1,-1,+-/+-/++/-+,0,0,1
coordinated/cached/k4,1,-1,-1,+-/+-/++/+-,0,0,1
coordinated/cached/k4,1,-1,-1,+-/+-/++/++,0,0,1
coordinated/cached/k4,1,-1,-1,+-/++/--/--,0,0,1
coordinated/cached/k4,1,-1,-1,+-/++/--/-+,0,0,1
coordinated/cached/k4,1,-1,-1,+-/++/--/+-,0,0,1
coordinated/cached/k4,1,-1,-1,+-/++/--/++,0,0,1
coordinated/cached/k4,1,-1,-1,+-/++/-+/--,0,0,1
coordinated/cached/k4,1,-1,-1,+-/++/-+/-+,0,0,1
coordinated/cached/k4,1,-1,-1,+-/++/-+/+-,0,0,1
coordinated/cached/k4,1,-1,-1,+-/++/-+/++,0,0,1
coordinated/cached/k4,1,-1,-1,+-/++/+-/--,0,0,1
coordinated/cached/k4,1,-1,-1,+-/++/+-/-+,0,0,1
coordinated/cached/k4,1,-1,-1,+-/++/+-/+-,0,0,1
coordinated/cached/k4,1,-1,-1,+-/++/+-/++,0,0,1
coordinated/cached/k4,1,-1,-1,+-/++/++/--,0,0,1
coordinated/cached/k4,1,-1,-1,+-/++/++/-+,0,0,1
coordinated/cached/k4,1,-1,-1,+-/++/++/+-,0,0,1
coordinated/cached/k4,1,-1,-1,+-/++/++/++,0,0,1
coordinated/cached/k4,1,-1,-1,++/--/--/--,0,0,1
coordinated/cached/k4,1,-1,-1,++/--/--/-+,0,0,1
coordinated/cached/k4,1,-1,-1,++/--/--/+-,0,0,1
coordinated/cached/k4,1,-1,-1,++/--/--/++,0,0,1
coordinated/cached/k4,1,-1,-1,++/--/-+/--,0,0,1
coordinated/cached/k4,1,-1,-1,++/--/-+/-+,0,0,1
coordinated/cached/k4,1,-1,-1,++/--/-+/+-,0,0,1
coordinated/cached/k4,1,-1,-1,++/--/-+/++,0,0,1
coordinated/cached/k4,1,-1,-1,++/--/+-/--,0,0,1
coordinated/cached/k4,1,-1,-1,++/--/+-/-+,0,0,1
coordinated/cached/k4,1,-1,-1,++/--/+-/+-,0,0,1
coordinated/cached/k4,1,-1,-1,++/--/+-/++,0,0,1
coordinated/cached/k4,1,-1,-1,++/--/++/--,0,0,1
coordinated/cached/k4,1,-1,-1,++/--/++/-+,0,0,1
coordinated/cached/k4,1,-1,-1,++/--/++/+-,0,0,1
coordinated/cached/k4,1,-1,-1,++/--/++/++,0,0,1
coordinated/cached/k4,1,-1,-1,++/-+/--/--,0,0,1
coordinated/cached/k4,1,-1,-1,++/-+/--/-+,0,0,1
coordinated/cached/k4,1,-1,-1,++/-+/--/+-,0,0,1
coordinated/cached/k4,1,-1,-1,++/-+/--/++,0,0,1
coordinated/cached/k4,1,-1,-1,++/-+/-+/--,0,0,1
coordinated/cached/k4,1,-1,-1,++/-+/-+/-+,0,0,1
coordinated/cached/k4,1,-1,-1,++/-+/-+/+-,0,0,1
coordinated/cached/k4,1,-1,-1,++/-+/-+/++,0,0,1
coordinated/cached/k4,1,-1,-1,++/-+/+-/--,0,0,1
coordinated/cached/k4,1,-1,-1,++/-+/+-/-+,0,0,1
coordinated/cached/k4,1,-1,-1,++/-+/+-/+-,0,0,1
coordinated/cached/k4,1,-1,-1,++/-+/+-/++,0,0,1
coordinated/cached/k4,1,-1,-1,++/-+/++/--,0,0,1
coordinated/cached/k4,1,-1,-1,++/-+/++/-+,0,0,1
coordinated/cached/k4,1,-1,-1,++/-+/++/+-,0,0,1
coordinated/cached/k4,1,-1,-1,++/-+/++/++,0,0,1
coordinated/cached/k4,1,-1,-1,++/+-/--/--,0,0,1
coordinated/cached/k4,1,-1,-1,++/+-/--/-+,0,0,1
coordinated/cached/k4,1,-1,-1,++/+-/--/+-,0,0,1
coordinated/cached/k4,1,-1,-1,++/+-/--/++,0,0,1
coordinated/cached/k4,1,-1,-1,++/+-/-+/--,0,0,1
coordinated/cached/k4,1,-1,-1,++/+-/-+/-+,0,0,1
coordinated/cached/k4,1,-1,-1,++/+-/-+/+-,0,0,1
coordinated/cached/k4,1,-1,-1,++/+-/-+/++,0,0,1
coordinated/cached/k4,1,-1,-1,++/+-/+-/--,0,0,1
coordinated/cached/k4,1,-1,-1,++/+-/+-/-+,0,0,1
coordinated/cached/k4,1,-1,-1,++/+-/+-/+-,0,0,1
coordinated/cached/k4,1,-1,-1,++/+-/+-/++,0,0,1
coordinated/cached/k4,1,-1,-1,++/+-/++/--,0,0,1
coordinated/cached/k4,1,-1,-1,++/+-/++/-+,0,0,1
coordinated/cached/k4,1,-1,-1,++/+-/++/+-,0,0,1
coordinated/cached/k4,1,-1,-1,++/+-/++/++,0,0,1
coordinated/cached/k4,1,-1,-1,++/++/--/--,0,0,1
coordinated/cached/k4,1,-1,-1,++/++/--/-+,0,0,1
coordinated/cached/k4,1,-1,-1,++/++/--/+-,0,0,1
coordinated/cached/k4,1,-1,-1,++/++/--/++,0,0,1
coordinated/cached/k4,1,-1,-1,++/++/-+/--,0,0,1
coordinated/cached/k4,1,-1,-1,++/++/-+/-+,0,0,1
coordinated/cached/k4,1,-1,-1,++/++/-+/+-,0,0,1
coordinated/cached/k4,1,-1,-1,++/++/-+/++,0,0,1
coordinated/cached/k4,1,-1,-1,++/++/+-/--,0,0,1
coordinated/cached/k4,1,-1,-1,++/++/+-/-+,0,0,1
coordinated/cached/k4,1,-1,-1,++/++/+-/+-,0,0,1
coordinated/cached/k4,1,-1,-1,++/++/+-/++,0,0,1
coordinated/cached/k4,1,-1,-1,++/++/++/--,0,0,1
coordinated/cached/k4,1,-1,-1,++/++/++/-+,0,0,1
coordinated/cached/k4,1,-1,-1,++/++/++/+-,0,0,1
coordinated/cached/k4,1,-1,-1,++/++/++/++,1/16,1,16
coordinated/cached/k4,1,1,1,--/--/--/--,0,0,1
coordinated/cached/k4,1,1,1,--/--/--/-+,0,0,1
coordinated/cached/k4,1,1,1,--/--/--/+-,0,0,1
coordinated/cached/k4,1,1,1,--/--/--/++,0,0,1
coordinated/cached/k4,1,1,1,--/--/-+/--,0,0,1
coordinated/cached/k4,1,1,1,--/--/-+/-+,0,0,1
coordinated/cached/k4,1,1,1,--/--/-+/+-,0,0,1
coordinated/cached/k4,1,1,1,--/--/-+/++,0,0,1
coordinated/cached/k4,1,1,1,--/--/+-/--,0,0,1
coordinated/cached/k4,1,1,1,--/--/+-/-+,0,0,1
coordinated/cached/k4,1,1,1,--/--/+-/+-,0,0,1
coordinated/cached/k4,1,1,1,--/--/+-/++,0,0,1
coordinated/cached/k4,1,1,1,--/--/++/--,0,0,1
coordinated/cached/k4,1,1,1,--/--/++/-+,0,0,1
coordinated/cached/k4,1,1,1,--/--/++/+-,0,0,1
coordinated/cached/k4,1,1,1,--/--/++/++,0,0,1
coordinated/cached/k4,1,1,1,--/-+/--/--,0,0,1
coordinated/cached/k4,1,1,1,--/-+/--/-+,0,0,1
coordinated/cached/k4,1,1,1,--/-+/--/+-,0,0,1
coordinated/cached/k4,1,1,1,--/-+/--/++,0,0,1
coordinated/cached/k4,1,1,1,--/-+/-+/--,0,0,1
coordinated/cached/k4,1,1,1,--/-+/-+/-+,0,0,1
coordinated/cached/k4,1,1,1,--/-+/-+/+-,0,0,1
coordinated/cached/k4,1,1,1,--/-+/-+/++,0,0,1
coordinated/cached/k4,1,1,1,--/-+/+-/--,0,0,1
coordinated/cached/k4,1,1,1,--/-+/+-/-+,0,0,1
coordinated/cached/k4,1,1,1,--/-+/+-/+-,0,0,1
coordinated/cached/k4,1,1,1,--/-+/+-/++,0,0,1
coordinated/cached/k4,1,1,1,--/-+/++/--,0,0,1
coordinated/cached/k4,1,1,1,--/-+/++/-+,0,0,1
coordinated/cached/k4,1,1,1,--/-+/++/+-,0,0,1
coordinated/cached/k4,1,1,1,--/-+/++/++,0,0,1
coordinated/cached/k4,1,1,1,--/+-/--/--,0,0,1
coordinated/cached/k4,1,1,1,--/+-/--/-+,0,0,1
coordinated/cached/k4,1,1,1,--/+-/--/+-,0,0,1
coordinated/cached/k4,1,1,1,--/+-/--/++,0,0,1
coordinated/cached/k4,1,1,1,--/+-/-+/--,0,0,1
coordinated/cached/k4,1,1,1,--/+-/-+/-+,0,0,1
coordinated/cached/k4,1,1,1,--/+-/-+/+-,0,0,1
coordinated/cached/k4,1,1,1,--/+-/-+/++,0,0,1
coordinated/cached/k4,1,1,1,--/+-/+-/--,0,0,1
coordinated/cached/k4,1,1,1,--/+-/+-/-+,0,0,1
coordinated/cached/k4,1,1,1,--/+-/+-/+-,0,0,1
coordinated/cached/k4,1,1,1,--/+-/+-/++,0,0,1
coordinated/cached/k4,1,1,1,--/+-/++/--,0,0,1
coordinated/cached/k4,1,1,1,--/+-/++/-+,0,0,1
coordinated/cached/k4,1,1,1,--/+-/++/+-,0,0,1
coordinated/cached/k4,1,1,1,--/+-/++/++,0,0,1
coordinated/cached/k4,1,1,1,--/++/--/--,0,0,1
coordinated/cached/k4,1,1,1,--/++/--/-+,0,0,1
coordinated/cached/k4,1,1,1,--/++/--/+-,0,0,1
coordinated/cached/k4,1,1,1,--/++/--/++,0,0,1
coordinated/cached/k4,1,1,1,--/++/-+/--,0,0,1
coordinated/cached/k4,1,1,1,--/++/-+/-+,0,0,1
coordinated/cached/k4,1,1,1,--/++/-+/+-,0,0,1
coordinated/cached/k4,1,1,1,--/++/-+/++,0,0,1
coordinated/cached/k4,1,1,1,--/++/+-/--,0,0,1
coordinated/cached/k4,1,1,1,--/++/+-/-+,0,0,1
coordinated/cached/k4,1,1,1,--/++/+-/+-,0,0,1
coordinated/cached/k4,1,1,1,--/++/+-/++,0,0,1
coordinated/cached/k4,1,1,1,--/++/++/--,0,0,1
coordinated/cached/k4,1,1,1,--/++/++/-+,0,0,1
coordinated/cached/k4,1,1,1,--/++/++/+-,0,0,1
coordinated/cached/k4,1,1,1,--/++/++/++,0,0,1
coordinated/cached/k4,1,1,1,-+/--/--/--,0,0,1
coordinated/cached/k4,1,1,1,-+/--/--/-+,0,0,1
coordinated/cached/k4,1,1,1,-+/--/--/+-,0,0,1
coordinated/cached/k4,1,1,1,-+/--/--/++,0,0,1
coordinated/cached/k4,1,1,1,-+/--/-+/--,0,0,1
coordinated/cached/k4,1,1,1,-+/--/-+/-+,0,0,1
coordinated/cached/k4,1,1,1,-+/--/-+/+-,0,0,1
coordinated/cached/k4,1,1,1,-+/--/-+/++,0,0,1
coordinated/cached/k4,1,1,1,-+/--/+-/--,0,0,1
coordinated/cached/k4,1,1,1,-+/--/+-/-+,0,0,1
coordinated/cached/k4,1,1,1,-+/--/+-/+-,0,0,1
coordinated/cached/k4,1,1,1,-+/--/+-/++,0,0,1
coordinated/cached/k4,1,1,1,-+/--/++/--,0,0,1
coordinated/cached/k4,1,1,1,-+/--/++/-+,0,0,1
coordinated/cached/k4,1,1,1,-+/--/++/+-,0,0,1
coordinated/cached/k4,1,1,1,-+/--/++/++,0,0,1
coordinated/cached/k4,1,1,1,-+/-+/--/--,0,0,1
coordinated/cached/k4,1,1,1,-+/-+/--/-+,0,0,1
coordinated/cached/k4,1,1,1,-+/-+/--/+-,0,0,1
coordinated/cached/k4,1,1,1,-+/-+/--/++,0,0,1
coordinated/cached/k4,1,1,1,-+/-+/-+/--,0,0,1
coordinated/cached/k4,1,1,1,-+/-+/-+/-+,1/16,1,16
coordinated/cached/k4,1,1,1,-+/-+/-+/+-,0,0,1
coordinated/cached/k4,1,1,1,-+/-+/-+/++,0,0,1
coordinated/cached/k4,1,1,1,-+/-+/+-/--,0,0,1
coordinated/cached/k4,1,1,1,-+/-+/+-/-+,0,0,1
coordinated/cached/k4,1,1,1,-+/-+/+-/+-,0,0,1
coordinated/cached/k4,1,1,1,-+/-+/+-/++,0,0,1
coordinated/cached/k4,1,1,1,-+/-+/++/--,0,0,1
coordinated/cached/k4,1,1,1,-+/-+/++/-+,0,0,1
coordinated/cached/k4,1,1,1,-+/-+/++/+-,0,0,1
coordinated/cached/k4,1,1,1,-+/-+/++/++,0,0,1
coordinated/cached/k4,1,1,1,-+/+-/--/--,0,0,1
coordinated/cached/k4,1,1,1,-+/+-/--/-+,0,0,1
coordinated/cached/k4,1,1,1,-+/+-/--/+-,0,0,1
coordinated/cached/k4,1,1,1,-+/+-/--/++,0,0,1
coordinated/cached/k4,1,1,1,-+/+-/-+/--,0,0,1
coordinated/cached/k4,1,1,1,-+/+-/-+/-+,0,0,1
coordinated/cached/k4,1,1,1,-+/+-/-+/+-,0,0,1
coordinated/cached/k4,1,1,1,-+/+-/-+/++,0,0,1
coordinated/cached/k4,1,1,1,-+/+-/+-/--,0,0,1
coordinated/cached/k4,1,1,1,-+/+-/+-/-+,0,0,1
coordinated/cached/k4,1,1,1,-+/+-/+-/+-,0,0,1
coordinated/cached/k4,1,1,1,-+/+-/+-/++,0,0,1
coordinated/cached/k4,1,1,1,-+/+-/++/--,0,0,1
coordinated/cached/k4,1,1,1,-+/+-/++/-+,0,0,1
coordinated/cached/k4,1,1,1,-+/+-/++/+-,0,0,1
coordinated/cached/k4,1,1,1,-+/+-/++/++,0,0,1
coordinated/cached/k4,1,1,1,-+/++/--/--,0,0,1
coordinated/cached/k4,1,1,1,-+/++/--/-+,0,0,1
coordinated/cached/k4,1,1,1,-+/++/--/+-,0,0,1
coordinated/cached/k4,1,1,1,-+/++/--/++,0,0,1
coordinated/cached/k4,1,1,1,-+/++/-+/--,0,0,1
coordinated/cached/k4,1,1,1,-+/++/-+/-+,0,0,1
coordinated/cached/k4,1,1,1,-+/++/-+/+-,0,0,1
coordinated/cached/k4,1,1,1,-+/++/-+/++,0,0,1
coordinated/cached/k4,1,1,1,-+/++/+-/--,0,0,1
coordinated/cached/k4,1,1,1,-+/++/+-/-+,0,0,1
coordinated/cached/k4,1,1,1,-+/++/+-/+-,0,0,1
coordinated/cached/k4,1,1,1,-+/++/+-/++,0,0,1
coordinated/cached/k4,1,1,1,-+/++/++/--,0,0,1
coordinated/cached/k4,1,1,1,-+/++/++/-+,0,0,1
coordinated/cached/k4,1,1,1,-+/++/++/+-,0,0,1
coordinated/cached/k4,1,1,1,-+/++/++/++,0,0,1
coordinated/cached/k4,1,1,1,+-/--/--/--,0,0,1
coordinated/cached/k4,1,1,1,+-/--/--/-+,0,0,1
coordinated/cached/k4,1,1,1,+-/--/--/+-,0,0,1
coordinated/cached/k4,1,1,1,+-/--/--/++,0,0,1
coordinated/cached/k4,1,1,1,+-/--/-+/--,0,0,1
coordinated/cached/k4,1,1,1,+-/--/-+/-+,0,0,1
coordinated/cached/k4,1,1,1,+-/--/-+/+-,0,0,1
coordinated/cached/k4,1,1,1,+-/--/-+/++,0,0,1
coordinated/cached/k4,1,1,1,+-/--/+-/--,0,0,1
coordinated/cached/k4,1,1,1,+-/--/+-/-+,0,0,1
coordinated/cached/k4,1,1,1,+-/--/+-/+-,0,0,1
coordinated/cached/k4,1,1,1,+-/--/+-/++,0,0,1
coordinated/cached/k4,1,1,1,+-/--/++/--,0,0,1
coordinated/cached/k4,1,1,1,+-/--/++/-+,0,0,1
coordinated/cached/k4,1,1,1,+-/--/++/+-,0,0,1
coordinated/cached/k4,1,1,1,+-/--/++/++,0,0,1
coordinated/cached/k4,1,1,1,+-/-+/--/--,0,0,1
coordinated/cached/k4,1,1,1,+-/-+/--/-+,0,0,1
coordinated/cached/k4,1,1,1,+-/-+/--/+-,0,0,1
coordinated/cached/k4,1,1,1,+-/-+/--/++,0,0,1
coordinated/cached/k4,1,1,1,+-/-+/-+/--,0,0,1
coordinated/cached/k4,1,1,1,+-/-+/-+/-+,0,0,1
coordinated/cached/k4,1,1,1,+-/-+/-+/+-,0,0,1
coordinated/cached/k4,1,1,1,+-/-+/-+/++,0,0,1
coordinated/cached/k4,1,1,1,+-/-+/+-/--,0,0,1
coordinated/cached/k4,1,1,1,+-/-+/+-/-+,0,0,1
coordinated/cached/k4,1,1,1,+-/-+/+-/+-,0,0,1
coordinated/cached/k4,1,1,1,+-/-+/+-/++,0,0,1
coordinated/cached/k4,1,1,1,+-/-+/++/--,0,0,1
coordinated/cached/k4,1,1,1,+-/-+/++/-+,0,0,1
coordinated/cached/k4,1,1,1,+-/-+/++/+-,0,0,1
coordinated/cached/k4,1,1,1,+-/-+/++/++,0,0,1
coordinated/cached/k4,1,1,1,+-/+-/--/--,0,0,1
coordinated/cached/k4,1,1,1,+-/+-/--/-+,0,0,1
coordinated/cached/k4,1,1,1,+-/+-/--/+-,0,0,1
coordinated/cached/k4,1,1,1,+-/+-/--/++,0,0,1
coordinated/cached/k4,1,1,1,+-/+-/-+/--,0,0,1
coordinated/cached/k4,1,1,1,+-/+-/-+/-+,0,0,1
coordinated/cached/k4,1,1,1,+-/+-/-+/+-,0,0,1
coordinated/cached/k4,1,1,1,+-/+-/-+/++,0,0,1
coordinated/cached/k4,1,1,1,+-/+-/+-/--,0,0,1
coordinated/cached/k4,1,1,1,+-/+-/+-/-+,0,0,1
coordinated/cached/k4,1,1,1,+-/+-/+-/+-,1/16,1,16
coordinated/cached/k4,1,1,1,+-/+-/+-/++,0,0,1
coordinated/cached/k4,1,1,1,+-/+-/++/--,0,0,1
coordinated/cached/k4,1,1,1,+-/+-/++/-+,0,0,1
coordinated/cached/k4,1,1,1,+-/+-/++/+-,0,0,1
coordinated/cached/k4,1,1,1,+-/+-/++/++,0,0,1
coordinated/cached/k4,1,1,1,+-/++/--/--,0,0,1
coordinated/cached/k4,1,1,1,+-/++/--/-+,0,0,1
coordinated/cached/k4,1,1,1,+-/++/--/+-,0,0,1
coordinated/cached/k4,1,1,1,+-/++/--/++,0,0,1
coordinated/cached/k4,1,1,1,+-/++/-+/--,0,0,1
coordinated/cached/k4,1,1,1,+-/++/-+/-+,0,0,1
coordinated/cached/k4,1,1,1,+-/++/-+/+-,0,0,1
coordinated/cached/k4,1,1,1,+-/++/-+/++,0,0,1
coordinated/cached/k4,1,1,1,+-/++/+-/--,0,0,1
coordinated/cached/k4,1,1,1,+-/++/+-/-+,0,0,1
coordinated/cached/k4,1,1,1,+-/++/+-/+-,0,0,1
coordinated/cached/k4,1,1,1,+-/++/+-/++,0,0,1
coordinated/cached/k4,1,1,1,+-/++/++/--,0,0,1
coordinated/cached/k4,1,1,1,+-/++/++/-+,0,0,1
coordinated/cached/k4,1,1,1,+-/++/++/+-,0,0,1
coordinated/cached/k4,1,1,1,+-/++/++/++,0,0,1
coordinated/cached/k4,1,1,1,++/--/--/--,0,0,1
coordinated/cached/k4,1,1,1,++/--/--/-+,0,0,1
coordinated/cached/k4,1,1,1,++/--/--/+-,0,0,1
coordinated/cached/k4,1,1,1,++/--/--/++,0,0,1
coordinated/cached/k4,1,1,1,++/--/-+/--,0,0,1
coordinated/cached/k4,1,1,1,++/--/-+/-+,0,0,1
coordinated/cached/k4,1,1,1,++/--/-+/+-,0,0,1
coordinated/cached/k4,1,1,1,++/--/-+/++,0,0,1
coordinated/cached/k4,1,1,1,++/--/+-/--,0,0,1
coordinated/cached/k4,1,1,1,++/--/+-/-+,0,0,1
coordinated/cached/k4,1,1,1,++/--/+-/+-,0,0,1
coordinated/cached/k4,1,1,1,++/--/+-/++,0,0,1
coordinated/cached/k4,1,1,1,++/--/++/--,0,0,1
coordinated/cached/k4,1,1,1,++/--/++/-+,0,0,1
coordinated/cached/k4,1,1,1,++/--/++/+-,0,0,1
coordinated/cached/k4,1,1,1,++/--/++/++,0,0,1
coordinated/cached/k4,1,1,1,++/-+/--/--,0,0,1
coordinated/cached/k4,1,1,1,++/-+/--/-+,0,0,1
coordinated/cached/k4,1,1,1,++/-+/--/+-,0,0,1
coordinated/cached/k4,1,1,1,++/-+/--/++,0,0,1
coordinated/cached/k4,1,1,1,++/-+/-+/--,0,0,1
coordinated/cached/k4,1,1,1,++/-+/-+/-+,0,0,1
coordinated/cached/k4,1,1,1,++/-+/-+/+-,0,0,1
coordinated/cached/k4,1,1,1,++/-+/-+/++,0,0,1
coordinated/cached/k4,1,1,1,++/-+/+-/--,0,0,1
coordinated/cached/k4,1,1,1,++/-+/+-/-+,0,0,1
coordinated/cached/k4,1,1,1,++/-+/+-/+-,0,0,1
coordinated/cached/k4,1,1,1,++/-+/+-/++,0,0,1
coordinated/cached/k4,1,1,1,++/-+/++/--,0,0,1
coordinated/cached/k4,1,1,1,++/-+/++/-+,0,0,1
coordinated/cached/k4,1,1,1,++/-+/++/+-,0,0,1
coordinated/cached/k4,1,1,1,++/-+/++/++,0,0,1
coordinated/cached/k4,1,1,1,++/+-/--/--,0,0,1
coordinated/cached/k4,1,1,1,++/+-/--/-+,0,0,1
coordinated/cached/k4,1,1,1,++/+-/--/+-,0,0,1
coordinated/cached/k4,1,1,1,++/+-/--/++,0,0,1
coordinated/cached/k4,1,1,1,++/+-/-+/--,0,0,1
coordinated/cached/k4,1,1,1,++/+-/-+/-+,0,0,1
coordinated/cached/k4,1,1,1,++/+-/-+/+-,0,0,1
coordinated/cached/k4,1,1,1,++/+-/-+/++,0,0,1
coordinated/cached/k4,1,1,1,++/+-/+-/--,0,0,1
coordinated/cached/k4,1,1,1,++/+-/+-/-+,0,0,1
coordinated/cached/k4,1,1,1,++/+-/+-/+-,0,0,1
coordinated/cached/k4,1,1,1,++/+-/+-/++,0,0,1
coordinated/cached/k4,1,1,1,++/+-/++/--,0,0,1
coordinated/cached/k4,1,1,1,++/+-/++/-+,0,0,1
coordinated/cached/k4,1,1,1,++/+-/++/+-,0,0,1
coordinated/cached/k4,1,1,1,++/+-/++/++,0,0,1
coordinated/cached/k4,1,1,1,++/++/--/--,0,0,1
coordinated/cached/k4,1,1,1,++/++/--/-+,0,0,1
coordinated/cached/k4,1,1,1,++/++/--/+-,0,0,1
coordinated/cached/k4,1,1,1,++/++/--/++,0,0,1
coordinated/cached/k4,1,1,1,++/++/-+/--,0,0,1
coordinated/cached/k4,1,1,1,++/++/-+/-+,0,0,1
coordinated/cached/k4,1,1,1,++/++/-+/+-,0,0,1
coordinated/cached/k4,1,1,1,++/++/-+/++,0,0,1
coordinated/cached/k4,1,1,1,++/++/+-/--,0,0,1
coordinated/cached/k4,1,1,1,++/++/+-/-+,0,0,1
coordinated/cached/k4,1,1,1,++/++/+-/+-,0,0,1
coordinated/cached/k4,1,1,1,++/++/+-/++,0,0,1
coordinated/cached/k4,1,1,1,++/++/++/--,0,0,1
coordinated/cached/k4,1,1,1,++/++/++/-+,0,0,1
coordinated/cached/k4,1,1,1,++/++/++/+-,0,0,1
coordinated/cached/k4,1,1,1,++/++/++/++,1/8,1,8
noiseless/fresh/k1,-1,-1,1,--,1/4,1,4
noiseless/fresh/k1,-1,-1,1,-+,0,0,1
noiseless/fresh/k1,-1,-1,1,+-,0,0,1
noiseless/fresh/k1,-1,-1,1,++,0,0,1
noiseless/fresh/k1,-1,1,-1,--,0,0,1
noiseless/fresh/k1,-1,1,-1,-+,1/4,1,4
noiseless/fresh/k1,-1,1,-1,+-,0,0,1
noiseless/fresh/k1,-1,1,-1,++,0,0,1
noiseless/fresh/k1,1,-1,-1,--,0,0,1
noiseless/fresh/k1,1,-1,-1,-+,0,0,1
noiseless/fresh/k1,1,-1,-1,+-,1/4,1,4
noiseless/fresh/k1,1,-1,-1,++,0,0,1
noiseless/fresh/k1,1,1,1,--,0,0,1
noiseless/fresh/k1,1,1,1,-+,0,0,1
noiseless/fresh/k1,1,1,1,+-,0,0,1
noiseless/fresh/k1,1,1,1,++,1/4,1,4
noiseless/fresh/k2,-1,-1,1,--/--,1/4,1,4
noiseless/fresh/k2,-1,-1,1,--/-+,0,0,1
noiseless/fresh/k2,-1,-1,1,--/+-,0,0,1
noiseless/fresh/k2,-1,-1,1,--/++,0,0,1
noiseless/fresh/k2,-1,-1,1,-+/--,0,0,1
noiseless/fresh/k2,-1,-1,1,-+/-+,0,0,1
noiseless/fresh/k2,-1,-1,1,-+/+-,0,0,1
noiseless/fresh/k2,-1,-1,1,-+/++,0,0,1
noiseless/fresh/k2,-1,-1,1,+-/--,0,0,1
noiseless/fresh/k2,-1,-1,1,+-/-+,0,0,1
noiseless/fresh/k2,-1,-1,1,+-/+-,0,0,1
noiseless/fresh/k2,-1,-1,1,+-/++,0,0,1
noiseless/fresh/k2,-1,-1,1,++/--,0,0,1
noiseless/fresh/k2,-1,-1,1,++/-+,0,0,1
noiseless/fresh/k2,-1,-1,1,++/+-,0,0,1
noiseless/fresh/k2,-1,-1,1,++/++,0,0,1
noiseless/fresh/k2,-1,1,-1,--/--,0,0,1
noiseless/fresh/k2,-1,1,-1,--/-+,0,0,1
noiseless/fresh/k2,-1,1,-1,--/+-,0,0,1
noiseless/fresh/k2,-1,1,-1,--/++,0,0,1
noiseless/fresh/k2,-1,1,-1,-+/--,0,0,1
noiseless/fresh/k2,-1,1,-1,-+/-+,1/4,1,4
noiseless/fresh/k2,-1,1,-1,-+/+-,0,0,1
noiseless/fresh/k2,-1,1,-1,-+/++,0,0,1
noiseless/fresh/k2,-1,1,-1,+-/--,0,0,1
noiseless/fresh/k2,-1,1,-1,+-/-+,0,0,1
noiseless/fresh/k2,-1,1,-1,+-/+-,0,0,1
noiseless/fresh/k2,-1,1,-1,+-/++,0,0,1
noiseless/fresh/k2,-1,1,-1,++/--,0,0,1
noiseless/fresh/k2,-1,1,-1,++/-+,0,0,1
noiseless/fresh/k2,-1,1,-1,++/+-,0,0,1
noiseless/fresh/k2,-1,1,-1,++/++,0,0,1
noiseless/fresh/k2,1,-1,-1,--/--,0,0,1
noiseless/fresh/k2,1,-1,-1,--/-+,0,0,1
noiseless/fresh/k2,1,-1,-1,--/+-,0,0,1
noiseless/fresh/k2,1,-1,-1,--/++,0,0,1
noiseless/fresh/k2,1,-1,-1,-+/--,0,0,1
noiseless/fresh/k2,1,-1,-1,-+/-+,0,0,1
noiseless/fresh/k2,1,-1,-1,-+/+-,0,0,1
noiseless/fresh/k2,1,-1,-1,-+/++,0,0,1
noiseless/fresh/k2,1,-1,-1,+-/--,0,0,1
noiseless/fresh/k2,1,-1,-1,+-/-+,0,0,1
noiseless/fresh/k2,1,-1,-1,+-/+-,1/4,1,4
noiseless/fresh/k2,1,-1,-1,+-/++,0,0,1
noiseless/fresh/k2,1,-1,-1,++/--,0,0,1
noiseless/fresh/k2,1,-1,-1,++/-+,0,0,1
noiseless/fresh/k2,1,-1,-1,++/+-,0,0,1
noiseless/fresh/k2,1,-1,-1,++/++,0,0,1
noiseless/fresh/k2,1,1,1,--/--,0,0,1
noiseless/fresh/k2,1,1,1,--/-+,0,0,1
noiseless/fresh/k2,1,1,1,--/+-,0,0,1
noiseless/fresh/k2,1,1,1,--/++,0,0,1
noiseless/fresh/k2,1,1,1,-+/--,0,0,1
noiseless/fresh/k2,1,1,1,-+/-+,0,0,1
noiseless/fresh/k2,1,1,1,-+/+-,0,0,1
noiseless/fresh/k2,1,1,1,-+/++,0,0,1
noiseless/fresh/k2,1,1,1,+-/--,0,0,1
noiseless/fresh/k2,1,1,1,+-/-+,0,0,1
noiseless/fresh/k2,1,1,1,+-/+-,0,0,1
noiseless/fresh/k2,1,1,1,+-/++,0,0,1
noiseless/fresh/k2,1,1,1,++/--,0,0,1
noiseless/fresh/k2,1,1,1,++/-+,0,0,1
noiseless/fresh/k2,1,1,1,++/+-,0,0,1
noiseless/fresh/k2,1,1,1,++/++,1/4,1,4
noiseless/fresh/k4,-1,-1,1,--/--/--/--,1/4,1,4
noiseless/fresh/k4,-1,-1,1,--/--/--/-+,0,0,1
noiseless/fresh/k4,-1,-1,1,--/--/--/+-,0,0,1
noiseless/fresh/k4,-1,-1,1,--/--/--/++,0,0,1
noiseless/fresh/k4,-1,-1,1,--/--/-+/--,0,0,1
noiseless/fresh/k4,-1,-1,1,--/--/-+/-+,0,0,1
noiseless/fresh/k4,-1,-1,1,--/--/-+/+-,0,0,1
noiseless/fresh/k4,-1,-1,1,--/--/-+/++,0,0,1
noiseless/fresh/k4,-1,-1,1,--/--/+-/--,0,0,1
noiseless/fresh/k4,-1,-1,1,--/--/+-/-+,0,0,1
noiseless/fresh/k4,-1,-1,1,--/--/+-/+-,0,0,1
noiseless/fresh/k4,-1,-1,1,--/--/+-/++,0,0,1
noiseless/fresh/k4,-1,-1,1,--/--/++/--,0,0,1
noiseless/fresh/k4,-1,-1,1,--/--/++/-+,0,0,1
noiseless/fresh/k4,-1,-1,1,--/--/++/+-,0,0,1
noiseless/fresh/k4,-1,-1,1,--/--/++/++,0,0,1
noiseless/fresh/k4,-1,-1,1,--/-+/--/--,0,0,1
noiseless/fresh/k4,-1,-1,1,--/-+/--/-+,0,0,1
noiseless/fresh/k4,-1,-1,1,--/-+/--/+-,0,0,1
noiseless/fresh/k4,-1,-1,1,--/-+/--/++,0,0,1
noiseless/fresh/k4,-1,-1,1,--/-+/-+/--,0,0,1
noiseless/fresh/k4,-1,-1,1,--/-+/-+/-+,0,0,1
noiseless/fresh/k4,-1,-1,1,--/-+/-+/+-,0,0,1
noiseless/fresh/k4,-1,-1,1,--/-+/-+/++,0,0,1
noiseless/fresh/k4,-1,-1,1,--/-+/+-/--,0,0,1
noiseless/fresh/k4,-1,-1,1,--/-+/+-/-+,0,0,1
noiseless/fresh/k4,-1,-1,1,--/-+/+-/+-,0,0,1
noiseless/fresh/k4,-1,-1,1,--/-+/+-/++,0,0,1
noiseless/fresh/k4,-1,-1,1,--/-+/++/--,0,0,1
noiseless/fresh/k4,-1,-1,1,--/-+/++/-+,0,0,1
noiseless/fresh/k4,-1,-1,1,--/-+/++/+-,0,0,1
noiseless/fresh/k4,-1,-1,1,--/-+/++/++,0,0,1
noiseless/fresh/k4,-1,-1,1,--/+-/--/--,0,0,1
noiseless/fresh/k4,-1,-1,1,--/+-/--/-+,0,0,1
noiseless/fresh/k4,-1,-1,1,--/+-/--/+-,0,0,1
noiseless/fresh/k4,-1,-1,1,--/+-/--/++,0,0,1
noiseless/fresh/k4,-1,-1,1,--/+-/-+/--,0,0,1
noiseless/fresh/k4,-1,-1,1,--/+-/-+/-+,0,0,1
noiseless/fresh/k4,-1,-1,1,--/+-/-+/+-,0,0,1
noiseless/fresh/k4,-1,-1,1,--/+-/-+/++,0,0,1
noiseless/fresh/k4,-1,-1,1,--/+-/+-/--,0,0,1
noiseless/fresh/k4,-1,-1,1,--/+-/+-/-+,0,0,1
noiseless/fresh/k4,-1,-1,1,--/+-/+-/+-,0,0,1
noiseless/fresh/k4,-1,-1,1,--/+-/+-/++,0,0,1
noiseless/fresh/k4,-1,-1,1,--/+-/++/--,0,0,1
noiseless/fresh/k4,-1,-1,1,--/+-/++/-+,0,0,1
noiseless/fresh/k4,-1,-1,1,--/+-/++/+-,0,0,1
noiseless/fresh/k4,-1,-1,1,--/+-/++/++,0,0,1
noiseless/fresh/k4,-1,-1,1,--/++/--/--,0,0,1
noiseless/fresh/k4,-1,-1,1,--/++/--/-+,0,0,1
noiseless/fresh/k4,-1,-1,1,--/++/--/+-,0,0,1
noiseless/fresh/k4,-1,-1,1,--/++/--/++,0,0,1
noiseless/fresh/k4,-1,-1,1,--/++/-+/--,0,0,1
noiseless/fresh/k4,-1,-1,1,--/++/-+/-+,0,0,1
noiseless/fresh/k4,-1,-1,1,--/++/-+/+-,0,0,1
noiseless/fresh/k4,-1,-1,1,--/++/-+/++,0,0,1
noiseless/fresh/k4,-1,-1,1,--/++/+-/--,0,0,1
noiseless/fresh/k4,-1,-1,1,--/++/+-/-+,0,0,1
noiseless/fresh/k4,-1,-1,1,--/++/+-/+-,0,0,1
noiseless/fresh/k4,-1,-1,1,--/++/+-/++,0,0,1
noiseless/fresh/k4,-1,-1,1,--/++/++/--,0,0,1
noiseless/fresh/k4,-1,-1,1,--/++/++/-+,0,0,1
noiseless/fresh/k4,-1,-1,1,--/++/++/+-,0,0,1
noiseless/fresh/k4,-1,-1,1,--/++/++/++,0,0,1
noiseless/fresh/k4,-1,-1,1,-+/--/--/--,0,0,1
noiseless/fresh/k4,-1,-1,1,-+/--/--/-+,0,0,1
noiseless/fresh/k4,-1,-1,1,-+/--/--/+-,0,0,1
noiseless/fresh/k4,-1,-1,1,-+/--/--/++,0,0,1
noiseless/fresh/k4,-1,-1,1,-+/--/-+/--,0,0,1
noiseless/fresh/k4,-1,-1,1,-+/--/-+/-+,0,0,1
noiseless/fresh/k4,-1,-1,1,-+/--/-+/+-,0,0,1
noiseless/fresh/k4,-1,-1,1,-+/--/-+/++,0,0,1
noiseless/fresh/k4,-1,-1,1,-+/--/+-/--,0,0,1
noiseless/fresh/k4,-1,-1,1,-+/--/+-/-+,0,0,1
noiseless/fresh/k4,-1,-1,1,-+/--/+-/+-,0,0,1
noiseless/fresh/k4,-1,-1,1,-+/--/+-/++,0,0,1
noiseless/fresh/k4,-1,-1,1,-+/--/++/--,0,0,1
noiseless/fresh/k4,-1,-1,1,-+/--/++/-+,0,0,1
noiseless/fresh/k4,-1,-1,1,-+/--/++/+-,0,0,1
noiseless/fresh/k4,-1,-1,1,-+/--/++/++,0,0,1
noiseless/fresh/k4,-1,-1,1,-+/-+/--/--,0,0,1
noiseless/fresh/k4,-1,-1,1,-+/-+/--/-+,0,0,1
noiseless/fresh/k4,-1,-1,1,-+/-+/--/+-,0,0,1
noiseless/fresh/k4,-1,-1,1,-+/-+/--/++,0,0,1
noiseless/fresh/k4,-1,-1,1,-+/-+/-+/--,0,0,1
noiseless/fresh/k4,-1,-1,1,-+/-+/-+/-+,0,0,1
noiseless/fresh/k4,-1,-1,1,-+/-+/-+/+-,0,0,1
noiseless/fresh/k4,-1,-1,1,-+/-+/-+/++,0,0,1
noiseless/fresh/k4,-1,-1,1,-+/-+/+-/--,0,0,1
noiseless/fresh/k4,-1,-1,1,-+/-+/+-/-+,0,0,1
noiseless/fresh/k4,-1,-1,1,-+/-+/+-/+-,0,0,1
noiseless/fresh/k4,-1,-1,1,-+/-+/+-/++,0,0,1
noiseless/fresh/k4,-1,-1,1,-+/-+/++/--,0,0,1
noiseless/fresh/k4,-1,-1,1,-+/-+/++/-+,0,0,1
noiseless/fresh/k4,-1,-1,1,-+/-+/++/+-,0,0,1
noiseless/fresh/k4,-1,-1,1,-+/-+/++/++,0,0,1
noiseless/fresh/k4,-1,-1,1,-+/+-/--/--,0,0,1
noiseless/fresh/k4,-1,-1,1,-+/+-/--/-+,0,0,1
noiseless/fresh/k4,-1,-1,1,-+/+-/--/+-,0,0,1
noiseless/fresh/k4,-1,-1,1,-+/+-/--/++,0,0,1
noiseless/fresh/k4,-1,-1,1,-+/+-/-+/--,0,0,1
noiseless/fresh/k4,-1,-1,1,-+/+-/-+/-+,0,0,1
noiseless/fresh/k4,-1,-1,1,-+/+-/-+/+-,0,0,1
noiseless/fresh/k4,-1,-1,1,-+/+-/-+/++,0,0,1
noiseless/fresh/k4,-1,-1,1,-+/+-/+-/--,0,0,1
noiseless/fresh/k4,-1,-1,1,-+/+-/+-/-+,0,0,1
noiseless/fresh/k4,-1,-1,1,-+/+-/+-/+-,0,0,1
noiseless/fresh/k4,-1,-1,1,-+/+-/+-/++,0,0,1
noiseless/fresh/k4,-1,-1,1,-+/+-/++/--,0,0,1
noiseless/fresh/k4,-1,-1,1,-+/+-/++/-+,0,0,1
noiseless/fresh/k4,-1,-1,1,-+/+-/++/+-,0,0,1
noiseless/fresh/k4,-1,-1,1,-+/+-/++/++,0,0,1
noiseless/fresh/k4,-1,-1,1,-+/++/--/--,0,0,1
noiseless/fresh/k4,-1,-1,1,-+/++/--/-+,0,0,1
noiseless/fresh/k4,-1,-1,1,-+/++/--/+-,0,0,1
noiseless/fresh/k4,-1,-1,1,-+/++/--/++,0,0,1
noiseless/fresh/k4,-1,-1,1,-+/++/-+/--,0,0,1
noiseless/fresh/k4,-1,-1,1,-+/++/-+/-+,0,0,1
noiseless/fresh/k4,-1,-1,1,-+/++/-+/+-,0,0,1
noiseless/fresh/k4,-1,-1,1,-+/++/-+/++,0,0,1
noiseless/fresh/k4,-1,-1,1,-+/++/+-/--,0,0,1
noiseless/fresh/k4,-1,-1,1,-+/++/+-/-+,0,0,1
noiseless/fresh/k4,-1,-1,1,-+/++/+-/+-,0,0,1
noiseless/fresh/k4,-1,-1,1,-+/++/+-/++,0,0,1
noiseless/fresh/k4,-1,-1,1,-+/++/++/--,0,0,1
noiseless/fresh/k4,-1,-1,1,-+/++/++/-+,0,0,1
noiseless/fresh/k4,-1,-1,1,-+/++/++/+-,0,0,1
noiseless/fresh/k4,-1,-1,1,-+/++/++/++,0,0,1
noiseless/fresh/k4,-1,-1,1,+-/--/--/--,0,0,1
noiseless/fresh/k4,-1,-1,1,+-/--/--/-+,0,0,1
noiseless/fresh/k4,-1,-1,1,+-/--/--/+-,0,0,1
noiseless/fresh/k4,-1,-1,1,+-/--/--/++,0,0,1
noiseless/fresh/k4,-1,-1,1,+-/--/-+/--,0,0,1
noiseless/fresh/k4,-1,-1,1,+-/--/-+/-+,0,0,1
noiseless/fresh/k4,-1,-1,1,+-/--/-+/+-,0,0,1
noiseless/fresh/k4,-1,-1,1,+-/--/-+/++,0,0,1
noiseless/fresh/k4,-1,-1,1,+-/--/+-/--,0,0,1
noiseless/fresh/k4,-1,-1,1,+-/--/+-/-+,0,0,1
noiseless/fresh/k4,-1,-1,1,+-/--/+-/+-,0,0,1
noiseless/fresh/k4,-1,-1,1,+-/--/+-/++,0,0,1
noiseless/fresh/k4,-1,-1,1,+-/--/++/--,0,0,1
noiseless/fresh/k4,-1,-1,1,+-/--/++/-+,0,0,1
noiseless/fresh/k4,-1,-1,1,+-/--/++/+-,0,0,1
noiseless/fresh/k4,-1,-1,1,+-/--/++/++,0,0,1
noiseless/fresh/k4,-1,-1,1,+-/-+/--/--,0,0,1
noiseless/fresh/k4,-1,-1,1,+-/-+/--/-+,0,0,1
noiseless/fresh/k4,-1,-1,1,+-/-+/--/+-,0,0,1
noiseless/fresh/k4,-1,-1,1,+-/-+/--/++,0,0,1
noiseless/fresh/k4,-1,-1,1,+-/-+/-+/--,0,0,1
noiseless/fresh/k4,-1,-1,1,+-/-+/-+/-+,0,0,1
noiseless/fresh/k4,-1,-1,1,+-/-+/-+/+-,0,0,1
noiseless/fresh/k4,-1,-1,1,+-/-+/-+/++,0,0,1
noiseless/fresh/k4,-1,-1,1,+-/-+/+-/--,0,0,1
noiseless/fresh/k4,-1,-1,1,+-/-+/+-/-+,0,0,1
noiseless/fresh/k4,-1,-1,1,+-/-+/+-/+-,0,0,1
noiseless/fresh/k4,-1,-1,1,+-/-+/+-/++,0,0,1
noiseless/fresh/k4,-1,-1,1,+-/-+/++/--,0,0,1
noiseless/fresh/k4,-1,-1,1,+-/-+/++/-+,0,0,1
noiseless/fresh/k4,-1,-1,1,+-/-+/++/+-,0,0,1
noiseless/fresh/k4,-1,-1,1,+-/-+/++/++,0,0,1
noiseless/fresh/k4,-1,-1,1,+-/+-/--/--,0,0,1
noiseless/fresh/k4,-1,-1,1,+-/+-/--/-+,0,0,1
noiseless/fresh/k4,-1,-1,1,+-/+-/--/+-,0,0,1
noiseless/fresh/k4,-1,-1,1,+-/+-/--/++,0,0,1
noiseless/fresh/k4,-1,-1,1,+-/+-/-+/--,0,0,1
noiseless/fresh/k4,-1,-1,1,+-/+-/-+/-+,0,0,1
noiseless/fresh/k4,-1,-1,1,+-/+-/-+/+-,0,0,1
noiseless/fresh/k4,-1,-1,1,+-/+-/-+/++,0,0,1
noiseless/fresh/k4,-1,-1,1,+-/+-/+-/--,0,0,1
noiseless/fresh/k4,-1,-1,1,+-/+-/+-/-+,0,0,1
noiseless/fresh/k4,-1,-1,1,+-/+-/+-/+-,0,0,1
noiseless/fresh/k4,-1,-1,1,+-/+-/+-/++,0,0,1
noiseless/fresh/k4,-1,-1,1,+-/+-/++/--,0,0,1
noiseless/fresh/k4,-1,-1,1,+-/+-/++/-+,0,0,1
noiseless/fresh/k4,-1,-1,1,+-/+-/++/+-,0,0,1
noiseless/fresh/k4,-1,-1,1,+-/+-/++/++,0,0,1
noiseless/fresh/k4,-1,-1,1,+-/++/--/--,0,0,1
noiseless/fresh/k4,-1,-1,1,+-/++/--/-+,0,0,1
noiseless/fresh/k4,-1,-1,1,+-/++/--/+-,0,0,1
noiseless/fresh/k4,-1,-1,1,+-/++/--/++,0,0,1
noiseless/fresh/k4,-1,-1,1,+-/++/-+/--,0,0,1
noiseless/fresh/k4,-1,-1,1,+-/++/-+/-+,0,0,1
noiseless/fresh/k4,-1,-1,1,+-/++/-+/+-,0,0,1
noiseless/fresh/k4,-1,-1,1,+-/++/-+/++,0,0,1
noiseless/fresh/k4,-1,-1,1,+-/++/+-/--,0,0,1
noiseless/fresh/k4,-1,-1,1,+-/++/+-/-+,0,0,1
noiseless/fresh/k4,-1,-1,1,+-/++/+-/+-,0,0,1
noiseless/fresh/k4,-1,-1,1,+-/++/+-/++,0,0,1
noiseless/fresh/k4,-1,-1,1,+-/++/++/--,0,0,1
noiseless/fresh/k4,-1,-1,1,+-/++/++/-+,0,0,1
noiseless/fresh/k4,-1,-1,1,+-/++/++/+-,0,0,1
noiseless/fresh/k4,-1,-1,1,+-/++/++/++,0,0,1
noiseless/fresh/k4,-1,-1,1,++/--/--/--,0,0,1
noiseless/fresh/k4,-1,-1,1,++/--/--/-+,0,0,1
noiseless/fresh/k4,-1,-1,1,++/--/--/+-,0,0,1
noiseless/fresh/k4,-1,-1,1,++/--/--/++,0,0,1
noiseless/fresh/k4,-1,-1,1,++/--/-+/--,0,0,1
noiseless/fresh/k4,-1,-1,1,++/--/-+/-+,0,0,1
noiseless/fresh/k4,-1,-1,1,++/--/-+/+-,0,0,1
noiseless/fresh/k4,-1,-1,1,++/--/-+/++,0,0,1
noiseless/fresh/k4,-1,-1,1,++/--/+-/--,0,0,1
noiseless/fresh/k4,-1,-1,1,++/--/+-/-+,0,0,1
noiseless/fresh/k4,-1,-1,1,++/--/+-/+-,0,0,1
noiseless/fresh/k4,-1,-1,1,++/--/+-/++,0,0,1
noiseless/fresh/k4,-1,-1,1,++/--/++/--,0,0,1
noiseless/fresh/k4,-1,-1,1,++/--/++/-+,0,0,1
noiseless/fresh/k4,-1,-1,1,++/--/++/+-,0,0,1
noiseless/fresh/k4,-1,-1,1,++/--/++/++,0,0,1
noiseless/fresh/k4,-1,-1,1,++/-+/--/--,0,0,1
noiseless/fresh/k4,-1,-1,1,++/-+/--/-+,0,0,1
noiseless/fresh/k4,-1,-1,1,++/-+/--/+-,0,0,1
noiseless/fresh/k4,-1,-1,1,++/-+/--/++,0,0,1
noiseless/fresh/k4,-1,-1,1,++/-+/-+/--,0,0,1
noiseless/fresh/k4,-1,-1,1,++/-+/-+/-+,0,0,1
noiseless/fresh/k4,-1,-1,1,++/-+/-+/+-,0,0,1
noiseless/fresh/k4,-1,-1,1,++/-+/-+/++,0,0,1
noiseless/fresh/k4,-1,-1,1,++/-+/+-/--,0,0,1
noiseless/fresh/k4,-1,-1,1,++/-+/+-/-+,0,0,1
noiseless/fresh/k4,-1,-1,1,++/-+/+-/+-,0,0,1
noiseless/fresh/k4,-1,-1,1,++/-+/+-/++,0,0,1
noiseless/fresh/k4,-1,-1,1,++/-+/++/--,0,0,1
noiseless/fresh/k4,-1,-1,1,++/-+/++/-+,0,0,1
noiseless/fresh/k4,-1,-1,1,++/-+/++/+-,0,0,1
noiseless/fresh/k4,-1,-1,1,++/-+/++/++,0,0,1
noiseless/fresh/k4,-1,-1,1,++/+-/--/--,0,0,1
noiseless/fresh/k4,-1,-1,1,++/+-/--/-+,0,0,1
noiseless/fresh/k4,-1,-1,1,++/+-/--/+-,0,0,1
noiseless/fresh/k4,-1,-1,1,++/+-/--/++,0,0,1
noiseless/fresh/k4,-1,-1,1,++/+-/-+/--,0,0,1
noiseless/fresh/k4,-1,-1,1,++/+-/-+/-+,0,0,1
noiseless/fresh/k4,-1,-1,1,++/+-/-+/+-,0,0,1
noiseless/fresh/k4,-1,-1,1,++/+-/-+/++,0,0,1
noiseless/fresh/k4,-1,-1,1,++/+-/+-/--,0,0,1
noiseless/fresh/k4,-1,-1,1,++/+-/+-/-+,0,0,1
noiseless/fresh/k4,-1,-1,1,++/+-/+-/+-,0,0,1
noiseless/fresh/k4,-1,-1,1,++/+-/+-/++,0,0,1
noiseless/fresh/k4,-1,-1,1,++/+-/++/--,0,0,1
noiseless/fresh/k4,-1,-1,1,++/+-/++/-+,0,0,1
noiseless/fresh/k4,-1,-1,1,++/+-/++/+-,0,0,1
noiseless/fresh/k4,-1,-1,1,++/+-/++/++,0,0,1
noiseless/fresh/k4,-1,-1,1,++/++/--/--,0,0,1
noiseless/fresh/k4,-1,-1,1,++/++/--/-+,0,0,1
noiseless/fresh/k4,-1,-1,1,++/++/--/+-,0,0,1
noiseless/fresh/k4,-1,-1,1,++/++/--/++,0,0,1
noiseless/fresh/k4,-1,-1,1,++/++/-+/--,0,0,1
noiseless/fresh/k4,-1,-1,1,++/++/-+/-+,0,0,1
noiseless/fresh/k4,-1,-1,1,++/++/-+/+-,0,0,1
noiseless/fresh/k4,-1,-1,1,++/++/-+/++,0,0,1
noiseless/fresh/k4,-1,-1,1,++/++/+-/--,0,0,1
noiseless/fresh/k4,-1,-1,1,++/++/+-/-+,0,0,1
noiseless/fresh/k4,-1,-1,1,++/++/+-/+-,0,0,1
noiseless/fresh/k4,-1,-1,1,++/++/+-/++,0,0,1
noiseless/fresh/k4,-1,-1,1,++/++/++/--,0,0,1
noiseless/fresh/k4,-1,-1,1,++/++/++/-+,0,0,1
noiseless/fresh/k4,-1,-1,1,++/++/++/+-,0,0,1
noiseless/fresh/k4,-1,-1,1,++/++/++/++,0,0,1
noiseless/fresh/k4,-1,1,-1,--/--/--/--,0,0,1
noiseless/fresh/k4,-1,1,-1,--/--/--/-+,0,0,1
noiseless/fresh/k4,-1,1,-1,--/--/--/+-,0,0,1
noiseless/fresh/k4,-1,1,-1,--/--/--/++,0,0,1
noiseless/fresh/k4,-1,1,-1,--/--/-+/--,0,0,1
noiseless/fresh/k4,-1,1,-1,--/--/-+/-+,0,0,1
noiseless/fresh/k4,-1,1,-1,--/--/-+/+-,0,0,1
noiseless/fresh/k4,-1,1,-1,--/--/-+/++,0,0,1
noiseless/fresh/k4,-1,1,-1,--/--/+-/--,0,0,1
noiseless/fresh/k4,-1,1,-1,--/--/+-/-+,0,0,1
noiseless/fresh/k4,-1,1,-1,--/--/+-/+-,0,0,1
noiseless/fresh/k4,-1,1,-1,--/--/+-/++,0,0,1
noiseless/fresh/k4,-1,1,-1,--/--/++/--,0,0,1
noiseless/fresh/k4,-1,1,-1,--/--/++/-+,0,0,1
noiseless/fresh/k4,-1,1,-1,--/--/++/+-,0,0,1
noiseless/fresh/k4,-1,1,-1,--/--/++/++,0,0,1
noiseless/fresh/k4,-1,1,-1,--/-+/--/--,0,0,1
noiseless/fresh/k4,-1,1,-1,--/-+/--/-+,0,0,1
noiseless/fresh/k4,-1,1,-1,--/-+/--/+-,0,0,1
noiseless/fresh/k4,-1,1,-1,--/-+/--/++,0,0,1
noiseless/fresh/k4,-1,1,-1,--/-+/-+/--,0,0,1
noiseless/fresh/k4,-1,1,-1,--/-+/-+/-+,0,0,1
noiseless/fresh/k4,-1,1,-1,--/-+/-+/+-,0,0,1
noiseless/fresh/k4,-1,1,-1,--/-+/-+/++,0,0,1
noiseless/fresh/k4,-1,1,-1,--/-+/+-/--,0,0,1
noiseless/fresh/k4,-1,1,-1,--/-+/+-/-+,0,0,1
noiseless/fresh/k4,-1,1,-1,--/-+/+-/+-,0,0,1
noiseless/fresh/k4,-1,1,-1,--/-+/+-/++,0,0,1
noiseless/fresh/k4,-1,1,-1,--/-+/++/--,0,0,1
noiseless/fresh/k4,-1,1,-1,--/-+/++/-+,0,0,1
noiseless/fresh/k4,-1,1,-1,--/-+/++/+-,0,0,1
noiseless/fresh/k4,-1,1,-1,--/-+/++/++,0,0,1
noiseless/fresh/k4,-1,1,-1,--/+-/--/--,0,0,1
noiseless/fresh/k4,-1,1,-1,--/+-/--/-+,0,0,1
noiseless/fresh/k4,-1,1,-1,--/+-/--/+-,0,0,1
noiseless/fresh/k4,-1,1,-1,--/+-/--/++,0,0,1
noiseless/fresh/k4,-1,1,-1,--/+-/-+/--,0,0,1
noiseless/fresh/k4,-1,1,-1,--/+-/-+/-+,0,0,1
noiseless/fresh/k4,-1,1,-1,--/+-/-+/+-,0,0,1
noiseless/fresh/k4,-1,1,-1,--/+-/-+/++,0,0,1
noiseless/fresh/k4,-1,1,-1,--/+-/+-/--,0,0,1
noiseless/fresh/k4,-1,1,-1,--/+-/+-/-+,0,0,1
noiseless/fresh/k4,-1,1,-1,--/+-/+-/+-,0,0,1
noiseless/fresh/k4,-1,1,-1,--/+-/+-/++,0,0,1
noiseless/fresh/k4,-1,1,-1,--/+-/++/--,0,0,1
noiseless/fresh/k4,-1,1,-1,--/+-/++/-+,0,0,1
noiseless/fresh/k4,-1,1,-1,--/+-/++/+-,0,0,1
noiseless/fresh/k4,-1,1,-1,--/+-/++/++,0,0,1
noiseless/fresh/k4,-1,1,-1,--/++/--/--,0,0,1
noiseless/fresh/k4,-1,1,-1,--/++/--/-+,0,0,1
noiseless/fresh/k4,-1,1,-1,--/++/--/+-,0,0,1
noiseless/fresh/k4,-1,1,-1,--/++/--/++,0,0,1
noiseless/fresh/k4,-1,1,-1,--/++/-+/--,0,0,1
noiseless/fresh/k4,-1,1,-1,--/++/-+/-+,0,0,1
noiseless/fresh/k4,-1,1,-1,--/++/-+/+-,0,0,1
noiseless/fresh/k4,-1,1,-1,--/++/-+/++,0,0,1
noiseless/fresh/k4,-1,1,-1,--/++/+-/--,0,0,1
noiseless/fresh/k4,-1,1,-1,--/++/+-/-+,0,0,1
noiseless/fresh/k4,-1,1,-1,--/++/+-/+-,0,0,1
noiseless/fresh/k4,-1,1,-1,--/++/+-/++,0,0,1
noiseless/fresh/k4,-1,1,-1,--/++/++/--,0,0,1
noiseless/fresh/k4,-1,1,-1,--/++/++/-+,0,0,1
noiseless/fresh/k4,-1,1,-1,--/++/++/+-,0,0,1
noiseless/fresh/k4,-1,1,-1,--/++/++/++,0,0,1
noiseless/fresh/k4,-1,1,-1,-+/--/--/--,0,0,1
noiseless/fresh/k4,-1,1,-1,-+/--/--/-+,0,0,1
noiseless/fresh/k4,-1,1,-1,-+/--/--/+-,0,0,1
noiseless/fresh/k4,-1,1,-1,-+/--/--/++,0,0,1
noiseless/fresh/k4,-1,1,-1,-+/--/-+/--,0,0,1
noiseless/fresh/k4,-1,1,-1,-+/--/-+/-+,0,0,1
noiseless/fresh/k4,-1,1,-1,-+/--/-+/+-,0,0,1
noiseless/fresh/k4,-1,1,-1,-+/--/-+/++,0,0,1
noiseless/fresh/k4,-1,1,-1,-+/--/+-/--,0,0,1
noiseless/fresh/k4,-1,1,-1,-+/--/+-/-+,0,0,1
noiseless/fresh/k4,-1,1,-1,-+/--/+-/+-,0,0,1
noiseless/fresh/k4,-1,1,-1,-+/--/+-/++,0,0,1
noiseless/fresh/k4,-1,1,-1,-+/--/++/--,0,0,1
noiseless/fresh/k4,-1,1,-1,-+/--/++/-+,0,0,1
noiseless/fresh/k4,-1,1,-1,-+/--/++/+-,0,0,1
noiseless/fresh/k4,-1,1,-1,-+/--/++/++,0,0,1
noiseless/fresh/k4,-1,1,-1,-+/-+/--/--,0,0,1
noiseless/fresh/k4,-1,1,-1,-+/-+/--/-+,0,0,1
noiseless/fresh/k4,-1,1,-1,-+/-+/--/+-,0,0,1
noiseless/fresh/k4,-1,1,-1,-+/-+/--/++,0,0,1
noiseless/fresh/k4,-1,1,-1,-+/-+/-+/--,0,0,1
noiseless/fresh/k4,-1,1,-1,-+/-+/-+/-+,1/4,1,4
noiseless/fresh/k4,-1,1,-1,-+/-+/-+/+-,0,0,1
noiseless/fresh/k4,-1,1,-1,-+/-+/-+/++,0,0,1
noiseless/fresh/k4,-1,1,-1,-+/-+/+-/--,0,0,1
noiseless/fresh/k4,-1,1,-1,-+/-+/+-/-+,0,0,1
noiseless/fresh/k4,-1,1,-1,-+/-+/+-/+-,0,0,1
noiseless/fresh/k4,-1,1,-1,-+/-+/+-/++,0,0,1
noiseless/fresh/k4,-1,1,-1,-+/-+/++/--,0,0,1
noiseless/fresh/k4,-1,1,-1,-+/-+/++/-+,0,0,1
noiseless/fresh/k4,-1,1,-1,-+/-+/++/+-,0,0,1
noiseless/fresh/k4,-1,1,-1,-+/-+/++/++,0,0,1
noiseless/fresh/k4,-1,1,-1,-+/+-/--/--,0,0,1
noiseless/fresh/k4,-1,1,-1,-+/+-/--/-+,0,0,1
noiseless/fresh/k4,-1,1,-1,-+/+-/--/+-,0,0,1
noiseless/fresh/k4,-1,1,-1,-+/+-/--/++,0,0,1
noiseless/fresh/k4,-1,1,-1,-+/+-/-+/--,0,0,1
noiseless/fresh/k4,-1,1,-1,-+/+-/-+/-+,0,0,1
noiseless/fresh/k4,-1,1,-1,-+/+-/-+/+-,0,0,1
noiseless/fresh/k4,-1,1,-1,-+/+-/-+/++,0,0,1
noiseless/fresh/k4,-1,1,-1,-+/+-/+-/--,0,0,1
noiseless/fresh/k4,-1,1,-1,-+/+-/+-/-+,0,0,1
noiseless/fresh/k4,-1,1,-1,-+/+-/+-/+-,0,0,1
noiseless/fresh/k4,-1,1,-1,-+/+-/+-/++,0,0,1
noiseless/fresh/k4,-1,1,-1,-+/+-/++/--,0,0,1
noiseless/fresh/k4,-1,1,-1,-+/+-/++/-+,0,0,1
noiseless/fresh/k4,-1,1,-1,-+/+-/++/+-,0,0,1
noiseless/fresh/k4,-1,1,-1,-+/+-/++/++,0,0,1
noiseless/fresh/k4,-1,1,-1,-+/++/--/--,0,0,1
noiseless/fresh/k4,-1,1,-1,-+/++/--/-+,0,0,1
noiseless/fresh/k4,-1,1,-1,-+/++/--/+-,0,0,1
noiseless/fresh/k4,-1,1,-1,-+/++/--/++,0,0,1
noiseless/fresh/k4,-1,1,-1,-+/++/-+/--,0,0,1
noiseless/fresh/k4,-1,1,-1,-+/++/-+/-+,0,0,1
noiseless/fresh/k4,-1,1,-1,-+/++/-+/+-,0,0,1
noiseless/fresh/k4,-1,1,-1,-+/++/-+/++,0,0,1
noiseless/fresh/k4,-1,1,-1,-+/++/+-/--,0,0,1
noiseless/fresh/k4,-1,1,-1,-+/++/+-/-+,0,0,1
noiseless/fresh/k4,-1,1,-1,-+/++/+-/+-,0,0,1
noiseless/fresh/k4,-1,1,-1,-+/++/+-/++,0,0,1
noiseless/fresh/k4,-1,1,-1,-+/++/++/--,0,0,1
noiseless/fresh/k4,-1,1,-1,-+/++/++/-+,0,0,1
noiseless/fresh/k4,-1,1,-1,-+/++/++/+-,0,0,1
noiseless/fresh/k4,-1,1,-1,-+/++/++/++,0,0,1
noiseless/fresh/k4,-1,1,-1,+-/--/--/--,0,0,1
noiseless/fresh/k4,-1,1,-1,+-/--/--/-+,0,0,1
noiseless/fresh/k4,-1,1,-1,+-/--/--/+-,0,0,1
noiseless/fresh/k4,-1,1,-1,+-/--/--/++,0,0,1
noiseless/fresh/k4,-1,1,-1,+-/--/-+/--,0,0,1
noiseless/fresh/k4,-1,1,-1,+-/--/-+/-+,0,0,1
noiseless/fresh/k4,-1,1,-1,+-/--/-+/+-,0,0,1
noiseless/fresh/k4,-1,1,-1,+-/--/-+/++,0,0,1
noiseless/fresh/k4,-1,1,-1,+-/--/+-/--,0,0,1
noiseless/fresh/k4,-1,1,-1,+-/--/+-/-+,0,0,1
noiseless/fresh/k4,-1,1,-1,+-/--/+-/+-,0,0,1
noiseless/fresh/k4,-1,1,-1,+-/--/+-/++,0,0,1
noiseless/fresh/k4,-1,1,-1,+-/--/++/--,0,0,1
noiseless/fresh/k4,-1,1,-1,+-/--/++/-+,0,0,1
noiseless/fresh/k4,-1,1,-1,+-/--/++/+-,0,0,1
noiseless/fresh/k4,-1,1,-1,+-/--/++/++,0,0,1
noiseless/fresh/k4,-1,1,-1,+-/-+/--/--,0,0,1
noiseless/fresh/k4,-1,1,-1,+-/-+/--/-+,0,0,1
noiseless/fresh/k4,-1,1,-1,+-/-+/--/+-,0,0,1
noiseless/fresh/k4,-1,1,-1,+-/-+/--/++,0,0,1
noiseless/fresh/k4,-1,1,-1,+-/-+/-+/--,0,0,1
noiseless/fresh/k4,-1,1,-1,+-/-+/-+/-+,0,0,1
noiseless/fresh/k4,-1,1,-1,+-/-+/-+/+-,0,0,1
noiseless/fresh/k4,-1,1,-1,+-/-+/-+/++,0,0,1
noiseless/fresh/k4,-1,1,-1,+-/-+/+-/--,0,0,1
noiseless/fresh/k4,-1,1,-1,+-/-+/+-/-+,0,0,1
noiseless/fresh/k4,-1,1,-1,+-/-+/+-/+-,0,0,1
noiseless/fresh/k4,-1,1,-1,+-/-+/+-/++,0,0,1
noiseless/fresh/k4,-1,1,-1,+-/-+/++/--,0,0,1
noiseless/fresh/k4,-1,1,-1,+-/-+/++/-+,0,0,1
noiseless/fresh/k4,-1,1,-1,+-/-+/++/+-,0,0,1
noiseless/fresh/k4,-1,1,-1,+-/-+/++/++,0,0,1
noiseless/fresh/k4,-1,1,-1,+-/+-/--/--,0,0,1
noiseless/fresh/k4,-1,1,-1,+-/+-/--/-+,0,0,1
noiseless/fresh/k4,-1,1,-1,+-/+-/--/+-,0,0,1
noiseless/fresh/k4,-1,1,-1,+-/+-/--/++,0,0,1
noiseless/fresh/k4,-1,1,-1,+-/+-/-+/--,0,0,1
noiseless/fresh/k4,-1,1,-1,+-/+-/-+/-+,0,0,1
noiseless/fresh/k4,-1,1,-1,+-/+-/-+/+-,0,0,1
noiseless/fresh/k4,-1,1,-1,+-/+-/-+/++,0,0,1
noiseless/fresh/k4,-1,1,-1,+-/+-/+-/--,0,0,1
noiseless/fresh/k4,-1,1,-1,+-/+-/+-/-+,0,0,1
noiseless/fresh/k4,-1,1,-1,+-/+-/+-/+-,0,0,1
noiseless/fresh/k4,-1,1,-1,+-/+-/+-/++,0,0,1
noiseless/fresh/k4,-1,1,-1,+-/+-/++/--,0,0,1
noiseless/fresh/k4,-1,1,-1,+-/+-/++/-+,0,0,1
noiseless/fresh/k4,-1,1,-1,+-/+-/++/+-,0,0,1
noiseless/fresh/k4,-1,1,-1,+-/+-/++/++,0,0,1
noiseless/fresh/k4,-1,1,-1,+-/++/--/--,0,0,1
noiseless/fresh/k4,-1,1,-1,+-/++/--/-+,0,0,1
noiseless/fresh/k4,-1,1,-1,+-/++/--/+-,0,0,1
noiseless/fresh/k4,-1,1,-1,+-/++/--/++,0,0,1
noiseless/fresh/k4,-1,1,-1,+-/++/-+/--,0,0,1
noiseless/fresh/k4,-1,1,-1,+-/++/-+/-+,0,0,1
noiseless/fresh/k4,-1,1,-1,+-/++/-+/+-,0,0,1
noiseless/fresh/k4,-1,1,-1,+-/++/-+/++,0,0,1
noiseless/fresh/k4,-1,1,-1,+-/++/+-/--,0,0,1
noiseless/fresh/k4,-1,1,-1,+-/++/+-/-+,0,0,1
noiseless/fresh/k4,-1,1,-1,+-/++/+-/+-,0,0,1
noiseless/fresh/k4,-1,1,-1,+-/++/+-/++,0,0,1
noiseless/fresh/k4,-1,1,-1,+-/++/++/--,0,0,1
noiseless/fresh/k4,-1,1,-1,+-/++/++/-+,0,0,1
noiseless/fresh/k4,-1,1,-1,+-/++/++/+-,0,0,1
noiseless/fresh/k4,-1,1,-1,+-/++/++/++,0,0,1
noiseless/fresh/k4,-1,1,-1,++/--/--/--,0,0,1
noiseless/fresh/k4,-1,1,-1,++/--/--/-+,0,0,1
noiseless/fresh/k4,-1,1,-1,++/--/--/+-,0,0,1
noiseless/fresh/k4,-1,1,-1,++/--/--/++,0,0,1
noiseless/fresh/k4,-1,1,-1,++/--/-+/--,0,0,1
noiseless/fresh/k4,-1,1,-1,++/--/-+/-+,0,0,1
noiseless/fresh/k4,-1,1,-1,++/--/-+/+-,0,0,1
noiseless/fresh/k4,-1,1,-1,++/--/-+/++,0,0,1
noiseless/fresh/k4,-1,1,-1,++/--/+-/--,0,0,1
noiseless/fresh/k4,-1,1,-1,++/--/+-/-+,0,0,1
noiseless/fresh/k4,-1,1,-1,++/--/+-/+-,0,0,1
noiseless/fresh/k4,-1,1,-1,++/--/+-/++,0,0,1
noiseless/fresh/k4,-1,1,-1,++/--/++/--,0,0,1
noiseless/fresh/k4,-1,1,-1,++/--/++/-+,0,0,1
noiseless/fresh/k4,-1,1,-1,++/--/++/+-,0,0,1
noiseless/fresh/k4,-1,1,-1,++/--/++/++,0,0,1
noiseless/fresh/k4,-1,1,-1,++/-+/--/--,0,0,1
noiseless/fresh/k4,-1,1,-1,++/-+/--/-+,0,0,1
noiseless/fresh/k4,-1,1,-1,++/-+/--/+-,0,0,1
noiseless/fresh/k4,-1,1,-1,++/-+/--/++,0,0,1
noiseless/fresh/k4,-1,1,-1,++/-+/-+/--,0,0,1
noiseless/fresh/k4,-1,1,-1,++/-+/-+/-+,0,0,1
noiseless/fresh/k4,-1,1,-1,++/-+/-+/+-,0,0,1
noiseless/fresh/k4,-1,1,-1,++/-+/-+/++,0,0,1
noiseless/fresh/k4,-1,1,-1,++/-+/+-/--,0,0,1
noiseless/fresh/k4,-1,1,-1,++/-+/+-/-+,0,0,1
noiseless/fresh/k4,-1,1,-1,++/-+/+-/+-,0,0,1
noiseless/fresh/k4,-1,1,-1,++/-+/+-/++,0,0,1
noiseless/fresh/k4,-1,1,-1,++/-+/++/--,0,0,1
noiseless/fresh/k4,-1,1,-1,++/-+/++/-+,0,0,1
noiseless/fresh/k4,-1,1,-1,++/-+/++/+-,0,0,1
noiseless/fresh/k4,-1,1,-1,++/-+/++/++,0,0,1
noiseless/fresh/k4,-1,1,-1,++/+-/--/--,0,0,1
noiseless/fresh/k4,-1,1,-1,++/+-/--/-+,0,0,1
noiseless/fresh/k4,-1,1,-1,++/+-/--/+-,0,0,1
noiseless/fresh/k4,-1,1,-1,++/+-/--/++,0,0,1
noiseless/fresh/k4,-1,1,-1,++/+-/-+/--,0,0,1
noiseless/fresh/k4,-1,1,-1,++/+-/-+/-+,0,0,1
noiseless/fresh/k4,-1,1,-1,++/+-/-+/+-,0,0,1
noiseless/fresh/k4,-1,1,-1,++/+-/-+/++,0,0,1
noiseless/fresh/k4,-1,1,-1,++/+-/+-/--,0,0,1
noiseless/fresh/k4,-1,1,-1,++/+-/+-/-+,0,0,1
noiseless/fresh/k4,-1,1,-1,++/+-/+-/+-,0,0,1
noiseless/fresh/k4,-1,1,-1,++/+-/+-/++,0,0,1
noiseless/fresh/k4,-1,1,-1,++/+-/++/--,0,0,1
noiseless/fresh/k4,-1,1,-1,++/+-/++/-+,0,0,1
noiseless/fresh/k4,-1,1,-1,++/+-/++/+-,0,0,1
noiseless/fresh/k4,-1,1,-1,++/+-/++/++,0,0,1
noiseless/fresh/k4,-1,1,-1,++/++/--/--,0,0,1
noiseless/fresh/k4,-1,1,-1,++/++/--/-+,0,0,1
noiseless/fresh/k4,-1,1,-1,++/++/--/+-,0,0,1
noiseless/fresh/k4,-1,1,-1,++/++/--/++,0,0,1
noiseless/fresh/k4,-1,1,-1,++/++/-+/--,0,0,1
noiseless/fresh/k4,-1,1,-1,++/++/-+/-+,0,0,1
noiseless/fresh/k4,-1,1,-1,++/++/-+/+-,0,0,1
noiseless/fresh/k4,-1,1,-1,++/++/-+/++,0,0,1
noiseless/fresh/k4,-1,1,-1,++/++/+-/--,0,0,1
noiseless/fresh/k4,-1,1,-1,++/++/+-/-+,0,0,1
noiseless/fresh/k4,-1,1,-1,++/++/+-/+-,0,0,1
noiseless/fresh/k4,-1,1,-1,++/++/+-/++,0,0,1
noiseless/fresh/k4,-1,1,-1,++/++/++/--,0,0,1
noiseless/fresh/k4,-1,1,-1,++/++/++/-+,0,0,1
noiseless/fresh/k4,-1,1,-1,++/++/++/+-,0,0,1
noiseless/fresh/k4,-1,1,-1,++/++/++/++,0,0,1
noiseless/fresh/k4,1,-1,-1,--/--/--/--,0,0,1
noiseless/fresh/k4,1,-1,-1,--/--/--/-+,0,0,1
noiseless/fresh/k4,1,-1,-1,--/--/--/+-,0,0,1
noiseless/fresh/k4,1,-1,-1,--/--/--/++,0,0,1
noiseless/fresh/k4,1,-1,-1,--/--/-+/--,0,0,1
noiseless/fresh/k4,1,-1,-1,--/--/-+/-+,0,0,1
noiseless/fresh/k4,1,-1,-1,--/--/-+/+-,0,0,1
noiseless/fresh/k4,1,-1,-1,--/--/-+/++,0,0,1
noiseless/fresh/k4,1,-1,-1,--/--/+-/--,0,0,1
noiseless/fresh/k4,1,-1,-1,--/--/+-/-+,0,0,1
noiseless/fresh/k4,1,-1,-1,--/--/+-/+-,0,0,1
noiseless/fresh/k4,1,-1,-1,--/--/+-/++,0,0,1
noiseless/fresh/k4,1,-1,-1,--/--/++/--,0,0,1
noiseless/fresh/k4,1,-1,-1,--/--/++/-+,0,0,1
noiseless/fresh/k4,1,-1,-1,--/--/++/+-,0,0,1
noiseless/fresh/k4,1,-1,-1,--/--/++/++,0,0,1
noiseless/fresh/k4,1,-1,-1,--/-+/--/--,0,0,1
noiseless/fresh/k4,1,-1,-1,--/-+/--/-+,0,0,1
noiseless/fresh/k4,1,-1,-1,--/-+/--/+-,0,0,1
noiseless/fresh/k4,1,-1,-1,--/-+/--/++,0,0,1
noiseless/fresh/k4,1,-1,-1,--/-+/-+/--,0,0,1
noiseless/fresh/k4,1,-1,-1,--/-+/-+/-+,0,0,1
noiseless/fresh/k4,1,-1,-1,--/-+/-+/+-,0,0,1
noiseless/fresh/k4,1,-1,-1,--/-+/-+/++,0,0,1
noiseless/fresh/k4,1,-1,-1,--/-+/+-/--,0,0,1
noiseless/fresh/k4,1,-1,-1,--/-+/+-/-+,0,0,1
noiseless/fresh/k4,1,-1,-1,--/-+/+-/+-,0,0,1
noiseless/fresh/k4,1,-1,-1,--/-+/+-/++,0,0,1
noiseless/fresh/k4,1,-1,-1,--/-+/++/--,0,0,1
noiseless/fresh/k4,1,-1,-1,--/-+/++/-+,0,0,1
noiseless/fresh/k4,1,-1,-1,--/-+/++/+-,0,0,1
noiseless/fresh/k4,1,-1,-1,--/-+/++/++,0,0,1
noiseless/fresh/k4,1,-1,-1,--/+-/--/--,0,0,1
noiseless/fresh/k4,1,-1,-1,--/+-/--/-+,0,0,1
noiseless/fresh/k4,1,-1,-1,--/+-/--/+-,0,0,1
noiseless/fresh/k4,1,-1,-1,--/+-/--/++,0,0,1
noiseless/fresh/k4,1,-1,-1,--/+-/-+/--,0,0,1
noiseless/fresh/k4,1,-1,-1,--/+-/-+/-+,0,0,1
noiseless/fresh/k4,1,-1,-1,--/+-/-+/+-,0,0,1
noiseless/fresh/k4,1,-1,-1,--/+-/-+/++,0,0,1
noiseless/fresh/k4,1,-1,-1,--/+-/+-/--,0,0,1
noiseless/fresh/k4,1,-1,-1,--/+-/+-/-+,0,0,1
noiseless/fresh/k4,1,-1,-1,--/+-/+-/+-,0,0,1
noiseless/fresh/k4,1,-1,-1,--/+-/+-/++,0,0,1
noiseless/fresh/k4,1,-1,-1,--/+-/++/--,0,0,1
noiseless/fresh/k4,1,-1,-1,--/+-/++/-+,0,0,1
noiseless/fresh/k4,1,-1,-1,--/+-/++/+-,0,0,1
noiseless/fresh/k4,1,-1,-1,--/+-/++/++,0,0,1
noiseless/fresh/k4,1,-1,-1,--/++/--/--,0,0,1
noiseless/fresh/k4,1,-1,-1,--/++/--/-+,0,0,1
noiseless/fresh/k4,1,-1,-1,--/++/--/+-,0,0,1
noiseless/fresh/k4,1,-1,-1,--/++/--/++,0,0,1
noiseless/fresh/k4,1,-1,-1,--/++/-+/--,0,0,1
noiseless/fresh/k4,1,-1,-1,--/++/-+/-+,0,0,1
noiseless/fresh/k4,1,-1,-1,--/++/-+/+-,0,0,1
noiseless/fresh/k4,1,-1,-1,--/++/-+/++,0,0,1
noiseless/fresh/k4,1,-1,-1,--/++/+-/--,0,0,1
noiseless/fresh/k4,1,-1,-1,--/++/+-/-+,0,0,1
noiseless/fresh/k4,1,-1,-1,--/++/+-/+-,0,0,1
noiseless/fresh/k4,1,-1,-1,--/++/+-/++,0,0,1
noiseless/fresh/k4,1,-1,-1,--/++/++/--,0,0,1
noiseless/fresh/k4,1,-1,-1,--/++/++/-+,0,0,1
noiseless/fresh/k4,1,-1,-1,--/++/++/+-,0,0,1
noiseless/fresh/k4,1,-1,-1,--/++/++/++,0,0,1
noiseless/fresh/k4,1,-1,-1,-+/--/--/--,0,0,1
noiseless/fresh/k4,1,-1,-1,-+/--/--/-+,0,0,1
noiseless/fresh/k4,1,-1,-1,-+/--/--/+-,0,0,1
noiseless/fresh/k4,1,-1,-1,-+/--/--/++,0,0,1
noiseless/fresh/k4,1,-1,-1,-+/--/-+/--,0,0,1
noiseless/fresh/k4,1,-1,-1,-+/--/-+/-+,0,0,1
noiseless/fresh/k4,1,-1,-1,-+/--/-+/+-,0,0,1
noiseless/fresh/k4,1,-1,-1,-+/--/-+/++,0,0,1
noiseless/fresh/k4,1,-1,-1,-+/--/+-/--,0,0,1
noiseless/fresh/k4,1,-1,-1,-+/--/+-/-+,0,0,1
noiseless/fresh/k4,1,-1,-1,-+/--/+-/+-,0,0,1
noiseless/fresh/k4,1,-1,-1,-+/--/+-/++,0,0,1
noiseless/fresh/k4,1,-1,-1,-+/--/++/--,0,0,1
noiseless/fresh/k4,1,-1,-1,-+/--/++/-+,0,0,1
noiseless/fresh/k4,1,-1,-1,-+/--/++/+-,0,0,1
noiseless/fresh/k4,1,-1,-1,-+/--/++/++,0,0,1
noiseless/fresh/k4,1,-1,-1,-+/-+/--/--,0,0,1
noiseless/fresh/k4,1,-1,-1,-+/-+/--/-+,0,0,1
noiseless/fresh/k4,1,-1,-1,-+/-+/--/+-,0,0,1
noiseless/fresh/k4,1,-1,-1,-+/-+/--/++,0,0,1
noiseless/fresh/k4,1,-1,-1,-+/-+/-+/--,0,0,1
noiseless/fresh/k4,1,-1,-1,-+/-+/-+/-+,0,0,1
noiseless/fresh/k4,1,-1,-1,-+/-+/-+/+-,0,0,1
noiseless/fresh/k4,1,-1,-1,-+/-+/-+/++,0,0,1
noiseless/fresh/k4,1,-1,-1,-+/-+/+-/--,0,0,1
noiseless/fresh/k4,1,-1,-1,-+/-+/+-/-+,0,0,1
noiseless/fresh/k4,1,-1,-1,-+/-+/+-/+-,0,0,1
noiseless/fresh/k4,1,-1,-1,-+/-+/+-/++,0,0,1
noiseless/fresh/k4,1,-1,-1,-+/-+/++/--,0,0,1
noiseless/fresh/k4,1,-1,-1,-+/-+/++/-+,0,0,1
noiseless/fresh/k4,1,-1,-1,-+/-+/++/+-,0,0,1
noiseless/fresh/k4,1,-1,-1,-+/-+/++/++,0,0,1
noiseless/fresh/k4,1,-1,-1,-+/+-/--/--,0,0,1
noiseless/fresh/k4,1,-1,-1,-+/+-/--/-+,0,0,1
noiseless/fresh/k4,1,-1,-1,-+/+-/--/+-,0,0,1
noiseless/fresh/k4,1,-1,-1,-+/+-/--/++,0,0,1
noiseless/fresh/k4,1,-1,-1,-+/+-/-+/--,0,0,1
noiseless/fresh/k4,1,-1,-1,-+/+-/-+/-+,0,0,1
noiseless/fresh/k4,1,-1,-1,-+/+-/-+/+-,0,0,1
noiseless/fresh/k4,1,-1,-1,-+/+-/-+/++,0,0,1
noiseless/fresh/k4,1,-1,-1,-+/+-/+-/--,0,0,1
noiseless/fresh/k4,1,-1,-1,-+/+-/+-/-+,0,0,1
noiseless/fresh/k4,1,-1,-1,-+/+-/+-/+-,0,0,1
noiseless/fresh/k4,1,-1,-1,-+/+-/+-/++,0,0,1
noiseless/fresh/k4,1,-1,-1,-+/+-/++/--,0,0,1
noiseless/fresh/k4,1,-1,-1,-+/+-/++/-+,0,0,1
noiseless/fresh/k4,1,-1,-1,-+/+-/++/+-,0,0,1
noiseless/fresh/k4,1,-1,-1,-+/+-/++/++,0,0,1
noiseless/fresh/k4,1,-1,-1,-+/++/--/--,0,0,1
noiseless/fresh/k4,1,-1,-1,-+/++/--/-+,0,0,1
noiseless/fresh/k4,1,-1,-1,-+/++/--/+-,0,0,1
noiseless/fresh/k4,1,-1,-1,-+/++/--/++,0,0,1
noiseless/fresh/k4,1,-1,-1,-+/++/-+/--,0,0,1
noiseless/fresh/k4,1,-1,-1,-+/++/-+/-+,0,0,1
noiseless/fresh/k4,1,-1,-1,-+/++/-+/+-,0,0,1
noiseless/fresh/k4,1,-1,-1,-+/++/-+/++,0,0,1
noiseless/fresh/k4,1,-1,-1,-+/++/+-/--,0,0,1
noiseless/fresh/k4,1,-1,-1,-+/++/+-/-+,0,0,1
noiseless/fresh/k4,1,-1,-1,-+/++/+-/+-,0,0,1
noiseless/fresh/k4,1,-1,-1,-+/++/+-/++,0,0,1
noiseless/fresh/k4,1,-1,-1,-+/++/++/--,0,0,1
noiseless/fresh/k4,1,-1,-1,-+/++/++/-+,0,0,1
noiseless/fresh/k4,1,-1,-1,-+/++/++/+-,0,0,1
noiseless/fresh/k4,1,-1,-1,-+/++/++/++,0,0,1
noiseless/fresh/k4,1,-1,-1,+-/--/--/--,0,0,1
noiseless/fresh/k4,1,-1,-1,+-/--/--/-+,0,0,1
noiseless/fresh/k4,1,-1,-1,+-/--/--/+-,0,0,1
noiseless/fresh/k4,1,-1,-1,+-/--/--/++,0,0,1
noiseless/fresh/k4,1,-1,-1,+-/--/-+/--,0,0,1
noiseless/fresh/k4,1,-1,-1,+-/--/-+/-+,0,0,1
noiseless/fresh/k4,1,-1,-1,+-/--/-+/+-,0,0,1
noiseless/fresh/k4,1,-1,-1,+-/--/-+/++,0,0,1
noiseless/fresh/k4,1,-1,-1,+-/--/+-/--,0,0,1
noiseless/fresh/k4,1,-1,-1,+-/--/+-/-+,0,0,1
noiseless/fresh/k4,1,-1,-1,+-/--/+-/+-,0,0,1
noiseless/fresh/k4,1,-1,-1,+-/--/+-/++,0,0,1
noiseless/fresh/k4,1,-1,-1,+-/--/++/--,0,0,1
noiseless/fresh/k4,1,-1,-1,+-/--/++/-+,0,0,1
noiseless/fresh/k4,1,-1,-1,+-/--/++/+-,0,0,1
noiseless/fresh/k4,1,-1,-1,+-/--/++/++,0,0,1
noiseless/fresh/k4,1,-1,-1,+-/-+/--/--,0,0,1
noiseless/fresh/k4,1,-1,-1,+-/-+/--/-+,0,0,1
noiseless/fresh/k4,1,-1,-1,+-/-+/--/+-,0,0,1
noiseless/fresh/k4,1,-1,-1,+-/-+/--/++,0,0,1
noiseless/fresh/k4,1,-1,-1,+-/-+/-+/--,0,0,1
noiseless/fresh/k4,1,-1,-1,+-/-+/-+/-+,0,0,1
noiseless/fresh/k4,1,-1,-1,+-/-+/-+/+-,0,0,1
noiseless/fresh/k4,1,-1,-1,+-/-+/-+/++,0,0,1
noiseless/fresh/k4,1,-1,-1,+-/-+/+-/--,0,0,1
noiseless/fresh/k4,1,-1,-1,+-/-+/+-/-+,0,0,1
noiseless/fresh/k4,1,-1,-1,+-/-+/+-/+-,0,0,1
noiseless/fresh/k4,1,-1,-1,+-/-+/+-/++,0,0,1
noiseless/fresh/k4,1,-1,-1,+-/-+/++/--,0,0,1
noiseless/fresh/k4,1,-1,-1,+-/-+/++/-+,0,0,1
noiseless/fresh/k4,1,-1,-1,+-/-+/++/+-,0,0,1
noiseless/fresh/k4,1,-1,-1,+-/-+/++/++,0,0,1
noiseless/fresh/k4,1,-1,-1,+-/+-/--/--,0,0,1
noiseless/fresh/k4,1,-1,-1,+-/+-/--/-+,0,0,1
noiseless/fresh/k4,1,-1,-1,+-/+-/--/+-,0,0,1
noiseless/fresh/k4,1,-1,-1,+-/+-/--/++,0,0,1
noiseless/fresh/k4,1,-1,-1,+-/+-/-+/--,0,0,1
noiseless/fresh/k4,1,-1,-1,+-/+-/-+/-+,0,0,1
noiseless/fresh/k4,1,-1,-1,+-/+-/-+/+-,0,0,1
noiseless/fresh/k4,1,-1,-1,+-/+-/-+/++,0,0,1
noiseless/fresh/k4,1,-1,-1,+-/+-/+-/--,0,0,1
noiseless/fresh/k4,1,-1,-1,+-/+-/+-/-+,0,0,1
noiseless/fresh/k4,1,-1,-1,+-/+-/+-/+-,1/4,1,4
noiseless/fresh/k4,1,-1,-1,+-/+-/+-/++,0,0,1
noiseless/fresh/k4,1,-1,-1,+-/+-/++/--,0,0,1
noiseless/fresh/k4,1,-1,-1,+-/+-/++/-+,0,0,1
noiseless/fresh/k4,1,-1,-1,+-/+-/++/+-,0,0,1
noiseless/fresh/k4,1,-1,-1,+-/+-/++/++,0,0,1
noiseless/fresh/k4,1,-1,-1,+-/++/--/--,0,0,1
noiseless/fresh/k4,1,-1,-1,+-/++/--/-+,0,0,1
noiseless/fresh/k4,1,-1,-1,+-/++/--/+-,0,0,1
noiseless/fresh/k4,1,-1,-1,+-/++/--/++,0,0,1
noiseless/fresh/k4,1,-1,-1,+-/++/-+/--,0,0,1
noiseless/fresh/k4,1,-1,-1,+-/++/-+/-+,0,0,1
noiseless/fresh/k4,1,-1,-1,+-/++/-+/+-,0,0,1
noiseless/fresh/k4,1,-1,-1,+-/++/-+/++,0,0,1
noiseless/fresh/k4,1,-1,-1,+-/++/+-/--,0,0,1
noiseless/fresh/k4,1,-1,-1,+-/++/+-/-+,0,0,1
noiseless/fresh/k4,1,-1,-1,+-/++/+-/+-,0,0,1
noiseless/fresh/k4,1,-1,-1,+-/++/+-/++,0,0,1
noiseless/fresh/k4,1,-1,-1,+-/++/++/--,0,0,1
noiseless/fresh/k4,1,-1,-1,+-/++/++/-+,0,0,1
noiseless/fresh/k4,1,-1,-1,+-/++/++/+-,0,0,1
noiseless/fresh/k4,1,-1,-1,+-/++/++/++,0,0,1
noiseless/fresh/k4,1,-1,-1,++/--/--/--,0,0,1
noiseless/fresh/k4,1,-1,-1,++/--/--/-+,0,0,1
noiseless/fresh/k4,1,-1,-1,++/--/--/+-,0,0,1
noiseless/fresh/k4,1,-1,-1,++/--/--/++,0,0,1
noiseless/fresh/k4,1,-1,-1,++/--/-+/--,0,0,1
noiseless/fresh/k4,1,-1,-1,++/--/-+/-+,0,0,1
noiseless/fresh/k4,1,-1,-1,++/--/-+/+-,0,0,1
noiseless/fresh/k4,1,-1,-1,++/--/-+/++,0,0,1
noiseless/fresh/k4,1,-1,-1,++/--/+-/--,0,0,1
noiseless/fresh/k4,1,-1,-1,++/--/+-/-+,0,0,1
noiseless/fresh/k4,1,-1,-1,++/--/+-/+-,0,0,1
noiseless/fresh/k4,1,-1,-1,++/--/+-/++,0,0,1
noiseless/fresh/k4,1,-1,-1,++/--/++/--,0,0,1
noiseless/fresh/k4,1,-1,-1,++/--/++/-+,0,0,1
noiseless/fresh/k4,1,-1,-1,++/--/++/+-,0,0,1
noiseless/fresh/k4,1,-1,-1,++/--/++/++,0,0,1
noiseless/fresh/k4,1,-1,-1,++/-+/--/--,0,0,1
noiseless/fresh/k4,1,-1,-1,++/-+/--/-+,0,0,1
noiseless/fresh/k4,1,-1,-1,++/-+/--/+-,0,0,1
noiseless/fresh/k4,1,-1,-1,++/-+/--/++,0,0,1
noiseless/fresh/k4,1,-1,-1,++/-+/-+/--,0,0,1
noiseless/fresh/k4,1,-1,-1,++/-+/-+/-+,0,0,1
noiseless/fresh/k4,1,-1,-1,++/-+/-+/+-,0,0,1
noiseless/fresh/k4,1,-1,-1,++/-+/-+/++,0,0,1
noiseless/fresh/k4,1,-1,-1,++/-+/+-/--,0,0,1
noiseless/fresh/k4,1,-1,-1,++/-+/+-/-+,0,0,1
noiseless/fresh/k4,1,-1,-1,++/-+/+-/+-,0,0,1
noiseless/fresh/k4,1,-1,-1,++/-+/+-/++,0,0,1
noiseless/fresh/k4,1,-1,-1,++/-+/++/--,0,0,1
noiseless/fresh/k4,1,-1,-1,++/-+/++/-+,0,0,1
noiseless/fresh/k4,1,-1,-1,++/-+/++/+-,0,0,1
noiseless/fresh/k4,1,-1,-1,++/-+/++/++,0,0,1
noiseless/fresh/k4,1,-1,-1,++/+-/--/--,0,0,1
noiseless/fresh/k4,1,-1,-1,++/+-/--/-+,0,0,1
noiseless/fresh/k4,1,-1,-1,++/+-/--/+-,0,0,1
noiseless/fresh/k4,1,-1,-1,++/+-/--/++,0,0,1
noiseless/fresh/k4,1,-1,-1,++/+-/-+/--,0,0,1
noiseless/fresh/k4,1,-1,-1,++/+-/-+/-+,0,0,1
noiseless/fresh/k4,1,-1,-1,++/+-/-+/+-,0,0,1
noiseless/fresh/k4,1,-1,-1,++/+-/-+/++,0,0,1
noiseless/fresh/k4,1,-1,-1,++/+-/+-/--,0,0,1
noiseless/fresh/k4,1,-1,-1,++/+-/+-/-+,0,0,1
noiseless/fresh/k4,1,-1,-1,++/+-/+-/+-,0,0,1
noiseless/fresh/k4,1,-1,-1,++/+-/+-/++,0,0,1
noiseless/fresh/k4,1,-1,-1,++/+-/++/--,0,0,1
noiseless/fresh/k4,1,-1,-1,++/+-/++/-+,0,0,1
noiseless/fresh/k4,1,-1,-1,++/+-/++/+-,0,0,1
noiseless/fresh/k4,1,-1,-1,++/+-/++/++,0,0,1
noiseless/fresh/k4,1,-1,-1,++/++/--/--,0,0,1
noiseless/fresh/k4,1,-1,-1,++/++/--/-+,0,0,1
noiseless/fresh/k4,1,-1,-1,++/++/--/+-,0,0,1
noiseless/fresh/k4,1,-1,-1,++/++/--/++,0,0,1
noiseless/fresh/k4,1,-1,-1,++/++/-+/--,0,0,1
noiseless/fresh/k4,1,-1,-1,++/++/-+/-+,0,0,1
noiseless/fresh/k4,1,-1,-1,++/++/-+/+-,0,0,1
noiseless/fresh/k4,1,-1,-1,++/++/-+/++,0,0,1
noiseless/fresh/k4,1,-1,-1,++/++/+-/--,0,0,1
noiseless/fresh/k4,1,-1,-1,++/++/+-/-+,0,0,1
noiseless/fresh/k4,1,-1,-1,++/++/+-/+-,0,0,1
noiseless/fresh/k4,1,-1,-1,++/++/+-/++,0,0,1
noiseless/fresh/k4,1,-1,-1,++/++/++/--,0,0,1
noiseless/fresh/k4,1,-1,-1,++/++/++/-+,0,0,1
noiseless/fresh/k4,1,-1,-1,++/++/++/+-,0,0,1
noiseless/fresh/k4,1,-1,-1,++/++/++/++,0,0,1
noiseless/fresh/k4,1,1,1,--/--/--/--,0,0,1
noiseless/fresh/k4,1,1,1,--/--/--/-+,0,0,1
noiseless/fresh/k4,1,1,1,--/--/--/+-,0,0,1
noiseless/fresh/k4,1,1,1,--/--/--/++,0,0,1
noiseless/fresh/k4,1,1,1,--/--/-+/--,0,0,1
noiseless/fresh/k4,1,1,1,--/--/-+/-+,0,0,1
noiseless/fresh/k4,1,1,1,--/--/-+/+-,0,0,1
noiseless/fresh/k4,1,1,1,--/--/-+/++,0,0,1
noiseless/fresh/k4,1,1,1,--/--/+-/--,0,0,1
noiseless/fresh/k4,1,1,1,--/--/+-/-+,0,0,1
noiseless/fresh/k4,1,1,1,--/--/+-/+-,0,0,1
noiseless/fresh/k4,1,1,1,--/--/+-/++,0,0,1
noiseless/fresh/k4,1,1,1,--/--/++/--,0,0,1
noiseless/fresh/k4,1,1,1,--/--/++/-+,0,0,1
noiseless/fresh/k4,1,1,1,--/--/++/+-,0,0,1
noiseless/fresh/k4,1,1,1,--/--/++/++,0,0,1
noiseless/fresh/k4,1,1,1,--/-+/--/--,0,0,1
noiseless/fresh/k4,1,1,1,--/-+/--/-+,0,0,1
noiseless/fresh/k4,1,1,1,--/-+/--/+-,0,0,1
noiseless/fresh/k4,1,1,1,--/-+/--/++,0,0,1
noiseless/fresh/k4,1,1,1,--/-+/-+/--,0,0,1
noiseless/fresh/k4,1,1,1,--/-+/-+/-+,0,0,1
noiseless/fresh/k4,1,1,1,--/-+/-+/+-,0,0,1
noiseless/fresh/k4,1,1,1,--/-+/-+/++,0,0,1
noiseless/fresh/k4,1,1,1,--/-+/+-/--,0,0,1
noiseless/fresh/k4,1,1,1,--/-+/+-/-+,0,0,1
noiseless/fresh/k4,1,1,1,--/-+/+-/+-,0,0,1
noiseless/fresh/k4,1,1,1,--/-+/+-/++,0,0,1
noiseless/fresh/k4,1,1,1,--/-+/++/--,0,0,1
noiseless/fresh/k4,1,1,1,--/-+/++/-+,0,0,1
noiseless/fresh/k4,1,1,1,--/-+/++/+-,0,0,1
noiseless/fresh/k4,1,1,1,--/-+/++/++,0,0,1
noiseless/fresh/k4,1,1,1,--/+-/--/--,0,0,1
noiseless/fresh/k4,1,1,1,--/+-/--/-+,0,0,1
noiseless/fresh/k4,1,1,1,--/+-/--/+-,0,0,1
noiseless/fresh/k4,1,1,1,--/+-/--/++,0,0,1
noiseless/fresh/k4,1,1,1,--/+-/-+/--,0,0,1
noiseless/fresh/k4,1,1,1,--/+-/-+/-+,0,0,1
noiseless/fresh/k4,1,1,1,--/+-/-+/+-,0,0,1
noiseless/fresh/k4,1,1,1,--/+-/-+/++,0,0,1
noiseless/fresh/k4,1,1,1,--/+-/+-/--,0,0,1
noiseless/fresh/k4,1,1,1,--/+-/+-/-+,0,0,1
noiseless/fresh/k4,1,1,1,--/+-/+-/+-,0,0,1
noiseless/fresh/k4,1,1,1,--/+-/+-/++,0,0,1
noiseless/fresh/k4,1,1,1,--/+-/++/--,0,0,1
noiseless/fresh/k4,1,1,1,--/+-/++/-+,0,0,1
noiseless/fresh/k4,1,1,1,--/+-/++/+-,0,0,1
noiseless/fresh/k4,1,1,1,--/+-/++/++,0,0,1
noiseless/fresh/k4,1,1,1,--/++/--/--,0,0,1
noiseless/fresh/k4,1,1,1,--/++/--/-+,0,0,1
noiseless/fresh/k4,1,1,1,--/++/--/+-,0,0,1
noiseless/fresh/k4,1,1,1,--/++/--/++,0,0,1
noiseless/fresh/k4,1,1,1,--/++/-+/--,0,0,1
noiseless/fresh/k4,1,1,1,--/++/-+/-+,0,0,1
noiseless/fresh/k4,1,1,1,--/++/-+/+-,0,0,1
noiseless/fresh/k4,1,1,1,--/++/-+/++,0,0,1
noiseless/fresh/k4,1,1,1,--/++/+-/--,0,0,1
noiseless/fresh/k4,1,1,1,--/++/+-/-+,0,0,1
noiseless/fresh/k4,1,1,1,--/++/+-/+-,0,0,1
noiseless/fresh/k4,1,1,1,--/++/+-/++,0,0,1
noiseless/fresh/k4,1,1,1,--/++/++/--,0,0,1
noiseless/fresh/k4,1,1,1,--/++/++/-+,0,0,1
noiseless/fresh/k4,1,1,1,--/++/++/+-,0,0,1
noiseless/fresh/k4,1,1,1,--/++/++/++,0,0,1
noiseless/fresh/k4,1,1,1,-+/--/--/--,0,0,1
noiseless/fresh/k4,1,1,1,-+/--/--/-+,0,0,1
noiseless/fresh/k4,1,1,1,-+/--/--/+-,0,0,1
noiseless/fresh/k4,1,1,1,-+/--/--/++,0,0,1
noiseless/fresh/k4,1,1,1,-+/--/-+/--,0,0,1
noiseless/fresh/k4,1,1,1,-+/--/-+/-+,0,0,1
noiseless/fresh/k4,1,1,1,-+/--/-+/+-,0,0,1
noiseless/fresh/k4,1,1,1,-+/--/-+/++,0,0,1
noiseless/fresh/k4,1,1,1,-+/--/+-/--,0,0,1
noiseless/fresh/k4,1,1,1,-+/--/+-/-+,0,0,1
noiseless/fresh/k4,1,1,1,-+/--/+-/+-,0,0,1
noiseless/fresh/k4,1,1,1,-+/--/+-/++,0,0,1
noiseless/fresh/k4,1,1,1,-+/--/++/--,0,0,1
noiseless/fresh/k4,1,1,1,-+/--/++/-+,0,0,1
noiseless/fresh/k4,1,1,1,-+/--/++/+-,0,0,1
noiseless/fresh/k4,1,1,1,-+/--/++/++,0,0,1
noiseless/fresh/k4,1,1,1,-+/-+/--/--,0,0,1
noiseless/fresh/k4,1,1,1,-+/-+/--/-+,0,0,1
noiseless/fresh/k4,1,1,1,-+/-+/--/+-,0,0,1
noiseless/fresh/k4,1,1,1,-+/-+/--/++,0,0,1
noiseless/fresh/k4,1,1,1,-+/-+/-+/--,0,0,1
noiseless/fresh/k4,1,1,1,-+/-+/-+/-+,0,0,1
noiseless/fresh/k4,1,1,1,-+/-+/-+/+-,0,0,1
noiseless/fresh/k4,1,1,1,-+/-+/-+/++,0,0,1
noiseless/fresh/k4,1,1,1,-+/-+/+-/--,0,0,1
noiseless/fresh/k4,1,1,1,-+/-+/+-/-+,0,0,1
noiseless/fresh/k4,1,1,1,-+/-+/+-/+-,0,0,1
noiseless/fresh/k4,1,1,1,-+/-+/+-/++,0,0,1
noiseless/fresh/k4,1,1,1,-+/-+/++/--,0,0,1
noiseless/fresh/k4,1,1,1,-+/-+/++/-+,0,0,1
noiseless/fresh/k4,1,1,1,-+/-+/++/+-,0,0,1
noiseless/fresh/k4,1,1,1,-+/-+/++/++,0,0,1
noiseless/fresh/k4,1,1,1,-+/+-/--/--,0,0,1
noiseless/fresh/k4,1,1,1,-+/+-/--/-+,0,0,1
noiseless/fresh/k4,1,1,1,-+/+-/--/+-,0,0,1
noiseless/fresh/k4,1,1,1,-+/+-/--/++,0,0,1
noiseless/fresh/k4,1,1,1,-+/+-/-+/--,0,0,1
noiseless/fresh/k4,1,1,1,-+/+-/-+/-+,0,0,1
noiseless/fresh/k4,1,1,1,-+/+-/-+/+-,0,0,1
noiseless/fresh/k4,1,1,1,-+/+-/-+/++,0,0,1
noiseless/fresh/k4,1,1,1,-+/+-/+-/--,0,0,1
noiseless/fresh/k4,1,1,1,-+/+-/+-/-+,0,0,1
noiseless/fresh/k4,1,1,1,-+/+-/+-/+-,0,0,1
noiseless/fresh/k4,1,1,1,-+/+-/+-/++,0,0,1
noiseless/fresh/k4,1,1,1,-+/+-/++/--,0,0,1
noiseless/fresh/k4,1,1,1,-+/+-/++/-+,0,0,1
noiseless/fresh/k4,1,1,1,-+/+-/++/+-,0,0,1
noiseless/fresh/k4,1,1,1,-+/+-/++/++,0,0,1
noiseless/fresh/k4,1,1,1,-+/++/--/--,0,0,1
noiseless/fresh/k4,1,1,1,-+/++/--/-+,0,0,1
noiseless/fresh/k4,1,1,1,-+/++/--/+-,0,0,1
noiseless/fresh/k4,1,1,1,-+/++/--/++,0,0,1
noiseless/fresh/k4,1,1,1,-+/++/-+/--,0,0,1
noiseless/fresh/k4,1,1,1,-+/++/-+/-+,0,0,1
noiseless/fresh/k4,1,1,1,-+/++/-+/+-,0,0,1
noiseless/fresh/k4,1,1,1,-+/++/-+/++,0,0,1
noiseless/fresh/k4,1,1,1,-+/++/+-/--,0,0,1
noiseless/fresh/k4,1,1,1,-+/++/+-/-+,0,0,1
noiseless/fresh/k4,1,1,1,-+/++/+-/+-,0,0,1
noiseless/fresh/k4,1,1,1,-+/++/+-/++,0,0,1
noiseless/fresh/k4,1,1,1,-+/++/++/--,0,0,1
noiseless/fresh/k4,1,1,1,-+/++/++/-+,0,0,1
noiseless/fresh/k4,1,1,1,-+/++/++/+-,0,0,1
noiseless/fresh/k4,1,1,1,-+/++/++/++,0,0,1
noiseless/fresh/k4,1,1,1,+-/--/--/--,0,0,1
noiseless/fresh/k4,1,1,1,+-/--/--/-+,0,0,1
noiseless/fresh/k4,1,1,1,+-/--/--/+-,0,0,1
noiseless/fresh/k4,1,1,1,+-/--/--/++,0,0,1
noiseless/fresh/k4,1,1,1,+-/--/-+/--,0,0,1
noiseless/fresh/k4,1,1,1,+-/--/-+/-+,0,0,1
noiseless/fresh/k4,1,1,1,+-/--/-+/+-,0,0,1
noiseless/fresh/k4,1,1,1,+-/--/-+/++,0,0,1
noiseless/fresh/k4,1,1,1,+-/--/+-/--,0,0,1
noiseless/fresh/k4,1,1,1,+-/--/+-/-+,0,0,1
noiseless/fresh/k4,1,1,1,+-/--/+-/+-,0,0,1
noiseless/fresh/k4,1,1,1,+-/--/+-/++,0,0,1
noiseless/fresh/k4,1,1,1,+-/--/++/--,0,0,1
noiseless/fresh/k4,1,1,1,+-/--/++/-+,0,0,1
noiseless/fresh/k4,1,1,1,+-/--/++/+-,0,0,1
noiseless/fresh/k4,1,1,1,+-/--/++/++,0,0,1
noiseless/fresh/k4,1,1,1,+-/-+/--/--,0,0,1
noiseless/fresh/k4,1,1,1,+-/-+/--/-+,0,0,1
noiseless/fresh/k4,1,1,1,+-/-+/--/+-,0,0,1
noiseless/fresh/k4,1,1,1,+-/-+/--/++,0,0,1
noiseless/fresh/k4,1,1,1,+-/-+/-+/--,0,0,1
noiseless/fresh/k4,1,1,1,+-/-+/-+/-+,0,0,1
noiseless/fresh/k4,1,1,1,+-/-+/-+/+-,0,0,1
noiseless/fresh/k4,1,1,1,+-/-+/-+/++,0,0,1
noiseless/fresh/k4,1,1,1,+-/-+/+-/--,0,0,1
noiseless/fresh/k4,1,1,1,+-/-+/+-/-+,0,0,1
noiseless/fresh/k4,1,1,1,+-/-+/+-/+-,0,0,1
noiseless/fresh/k4,1,1,1,+-/-+/+-/++,0,0,1
noiseless/fresh/k4,1,1,1,+-/-+/++/--,0,0,1
noiseless/fresh/k4,1,1,1,+-/-+/++/-+,0,0,1
noiseless/fresh/k4,1,1,1,+-/-+/++/+-,0,0,1
noiseless/fresh/k4,1,1,1,+-/-+/++/++,0,0,1
noiseless/fresh/k4,1,1,1,+-/+-/--/--,0,0,1
noiseless/fresh/k4,1,1,1,+-/+-/--/-+,0,0,1
noiseless/fresh/k4,1,1,1,+-/+-/--/+-,0,0,1
noiseless/fresh/k4,1,1,1,+-/+-/--/++,0,0,1
noiseless/fresh/k4,1,1,1,+-/+-/-+/--,0,0,1
noiseless/fresh/k4,1,1,1,+-/+-/-+/-+,0,0,1
noiseless/fresh/k4,1,1,1,+-/+-/-+/+-,0,0,1
noiseless/fresh/k4,1,1,1,+-/+-/-+/++,0,0,1
noiseless/fresh/k4,1,1,1,+-/+-/+-/--,0,0,1
noiseless/fresh/k4,1,1,1,+-/+-/+-/-+,0,0,1
noiseless/fresh/k4,1,1,1,+-/+-/+-/+-,0,0,1
noiseless/fresh/k4,1,1,1,+-/+-/+-/++,0,0,1
noiseless/fresh/k4,1,1,1,+-/+-/++/--,0,0,1
noiseless/fresh/k4,1,1,1,+-/+-/++/-+,0,0,1
noiseless/fresh/k4,1,1,1,+-/+-/++/+-,0,0,1
noiseless/fresh/k4,1,1,1,+-/+-/++/++,0,0,1
noiseless/fresh/k4,1,1,1,+-/++/--/--,0,0,1
noiseless/fresh/k4,1,1,1,+-/++/--/-+,0,0,1
noiseless/fresh/k4,1,1,1,+-/++/--/+-,0,0,1
noiseless/fresh/k4,1,1,1,+-/++/--/++,0,0,1
noiseless/fresh/k4,1,1,1,+-/++/-+/--,0,0,1
noiseless/fresh/k4,1,1,1,+-/++/-+/-+,0,0,1
noiseless/fresh/k4,1,1,1,+-/++/-+/+-,0,0,1
noiseless/fresh/k4,1,1,1,+-/++/-+/++,0,0,1
noiseless/fresh/k4,1,1,1,+-/++/+-/--,0,0,1
noiseless/fresh/k4,1,1,1,+-/++/+-/-+,0,0,1
noiseless/fresh/k4,1,1,1,+-/++/+-/+-,0,0,1
noiseless/fresh/k4,1,1,1,+-/++/+-/++,0,0,1
noiseless/fresh/k4,1,1,1,+-/++/++/--,0,0,1
noiseless/fresh/k4,1,1,1,+-/++/++/-+,0,0,1
noiseless/fresh/k4,1,1,1,+-/++/++/+-,0,0,1
noiseless/fresh/k4,1,1,1,+-/++/++/++,0,0,1
noiseless/fresh/k4,1,1,1,++/--/--/--,0,0,1
noiseless/fresh/k4,1,1,1,++/--/--/-+,0,0,1
noiseless/fresh/k4,1,1,1,++/--/--/+-,0,0,1
noiseless/fresh/k4,1,1,1,++/--/--/++,0,0,1
noiseless/fresh/k4,1,1,1,++/--/-+/--,0,0,1
noiseless/fresh/k4,1,1,1,++/--/-+/-+,0,0,1
noiseless/fresh/k4,1,1,1,++/--/-+/+-,0,0,1
noiseless/fresh/k4,1,1,1,++/--/-+/++,0,0,1
noiseless/fresh/k4,1,1,1,++/--/+-/--,0,0,1
noiseless/fresh/k4,1,1,1,++/--/+-/-+,0,0,1
noiseless/fresh/k4,1,1,1,++/--/+-/+-,0,0,1
noiseless/fresh/k4,1,1,1,++/--/+-/++,0,0,1
noiseless/fresh/k4,1,1,1,++/--/++/--,0,0,1
noiseless/fresh/k4,1,1,1,++/--/++/-+,0,0,1
noiseless/fresh/k4,1,1,1,++/--/++/+-,0,0,1
noiseless/fresh/k4,1,1,1,++/--/++/++,0,0,1
noiseless/fresh/k4,1,1,1,++/-+/--/--,0,0,1
noiseless/fresh/k4,1,1,1,++/-+/--/-+,0,0,1
noiseless/fresh/k4,1,1,1,++/-+/--/+-,0,0,1
noiseless/fresh/k4,1,1,1,++/-+/--/++,0,0,1
noiseless/fresh/k4,1,1,1,++/-+/-+/--,0,0,1
noiseless/fresh/k4,1,1,1,++/-+/-+/-+,0,0,1
noiseless/fresh/k4,1,1,1,++/-+/-+/+-,0,0,1
noiseless/fresh/k4,1,1,1,++/-+/-+/++,0,0,1
noiseless/fresh/k4,1,1,1,++/-+/+-/--,0,0,1
noiseless/fresh/k4,1,1,1,++/-+/+-/-+,0,0,1
noiseless/fresh/k4,1,1,1,++/-+/+-/+-,0,0,1
noiseless/fresh/k4,1,1,1,++/-+/+-/++,0,0,1
noiseless/fresh/k4,1,1,1,++/-+/++/--,0,0,1
noiseless/fresh/k4,1,1,1,++/-+/++/-+,0,0,1
noiseless/fresh/k4,1,1,1,++/-+/++/+-,0,0,1
noiseless/fresh/k4,1,1,1,++/-+/++/++,0,0,1
noiseless/fresh/k4,1,1,1,++/+-/--/--,0,0,1
noiseless/fresh/k4,1,1,1,++/+-/--/-+,0,0,1
noiseless/fresh/k4,1,1,1,++/+-/--/+-,0,0,1
noiseless/fresh/k4,1,1,1,++/+-/--/++,0,0,1
noiseless/fresh/k4,1,1,1,++/+-/-+/--,0,0,1
noiseless/fresh/k4,1,1,1,++/+-/-+/-+,0,0,1
noiseless/fresh/k4,1,1,1,++/+-/-+/+-,0,0,1
noiseless/fresh/k4,1,1,1,++/+-/-+/++,0,0,1
noiseless/fresh/k4,1,1,1,++/+-/+-/--,0,0,1
noiseless/fresh/k4,1,1,1,++/+-/+-/-+,0,0,1
noiseless/fresh/k4,1,1,1,++/+-/+-/+-,0,0,1
noiseless/fresh/k4,1,1,1,++/+-/+-/++,0,0,1
noiseless/fresh/k4,1,1,1,++/+-/++/--,0,0,1
noiseless/fresh/k4,1,1,1,++/+-/++/-+,0,0,1
noiseless/fresh/k4,1,1,1,++/+-/++/+-,0,0,1
noiseless/fresh/k4,1,1,1,++/+-/++/++,0,0,1
noiseless/fresh/k4,1,1,1,++/++/--/--,0,0,1
noiseless/fresh/k4,1,1,1,++/++/--/-+,0,0,1
noiseless/fresh/k4,1,1,1,++/++/--/+-,0,0,1
noiseless/fresh/k4,1,1,1,++/++/--/++,0,0,1
noiseless/fresh/k4,1,1,1,++/++/-+/--,0,0,1
noiseless/fresh/k4,1,1,1,++/++/-+/-+,0,0,1
noiseless/fresh/k4,1,1,1,++/++/-+/+-,0,0,1
noiseless/fresh/k4,1,1,1,++/++/-+/++,0,0,1
noiseless/fresh/k4,1,1,1,++/++/+-/--,0,0,1
noiseless/fresh/k4,1,1,1,++/++/+-/-+,0,0,1
noiseless/fresh/k4,1,1,1,++/++/+-/+-,0,0,1
noiseless/fresh/k4,1,1,1,++/++/+-/++,0,0,1
noiseless/fresh/k4,1,1,1,++/++/++/--,0,0,1
noiseless/fresh/k4,1,1,1,++/++/++/-+,0,0,1
noiseless/fresh/k4,1,1,1,++/++/++/+-,0,0,1
noiseless/fresh/k4,1,1,1,++/++/++/++,1/4,1,4
noiseless/cached/k1,-1,-1,1,--,1/4,1,4
noiseless/cached/k1,-1,-1,1,-+,0,0,1
noiseless/cached/k1,-1,-1,1,+-,0,0,1
noiseless/cached/k1,-1,-1,1,++,0,0,1
noiseless/cached/k1,-1,1,-1,--,0,0,1
noiseless/cached/k1,-1,1,-1,-+,1/4,1,4
noiseless/cached/k1,-1,1,-1,+-,0,0,1
noiseless/cached/k1,-1,1,-1,++,0,0,1
noiseless/cached/k1,1,-1,-1,--,0,0,1
noiseless/cached/k1,1,-1,-1,-+,0,0,1
noiseless/cached/k1,1,-1,-1,+-,1/4,1,4
noiseless/cached/k1,1,-1,-1,++,0,0,1
noiseless/cached/k1,1,1,1,--,0,0,1
noiseless/cached/k1,1,1,1,-+,0,0,1
noiseless/cached/k1,1,1,1,+-,0,0,1
noiseless/cached/k1,1,1,1,++,1/4,1,4
noiseless/cached/k2,-1,-1,1,--/--,1/4,1,4
noiseless/cached/k2,-1,-1,1,--/-+,0,0,1
noiseless/cached/k2,-1,-1,1,--/+-,0,0,1
noiseless/cached/k2,-1,-1,1,--/++,0,0,1
noiseless/cached/k2,-1,-1,1,-+/--,0,0,1
noiseless/cached/k2,-1,-1,1,-+/-+,0,0,1
noiseless/cached/k2,-1,-1,1,-+/+-,0,0,1
noiseless/cached/k2,-1,-1,1,-+/++,0,0,1
noiseless/cached/k2,-1,-1,1,+-/--,0,0,1
noiseless/cached/k2,-1,-1,1,+-/-+,0,0,1
noiseless/cached/k2,-1,-1,1,+-/+-,0,0,1
noiseless/cached/k2,-1,-1,1,+-/++,0,0,1
noiseless/cached/k2,-1,-1,1,++/--,0,0,1
noiseless/cached/k2,-1,-1,1,++/-+,0,0,1
noiseless/cached/k2,-1,-1,1,++/+-,0,0,1
noiseless/cached/k2,-1,-1,1,++/++,0,0,1
noiseless/cached/k2,-1,1,-1,--/--,0,0,1
noiseless/cached/k2,-1,1,-1,--/-+,0,0,1
noiseless/cached/k2,-1,1,-1,--/+-,0,0,1
noiseless/cached/k2,-1,1,-1,--/++,0,0,1
noiseless/cached/k2,-1,1,-1,-+/--,0,0,1
noiseless/cached/k2,-1,1,-1,-+/-+,1/4,1,4
noiseless/cached/k2,-1,1,-1,-+/+-,0,0,1
noiseless/cached/k2,-1,1,-1,-+/++,0,0,1
noiseless/cached/k2,-1,1,-1,+-/--,0,0,1
noiseless/cached/k2,-1,1,-1,+-/-+,0,0,1
noiseless/cached/k2,-1,1,-1,+-/+-,0,0,1
noiseless/cached/k2,-1,1,-1,+-/++,0,0,1
noiseless/cached/k2,-1,1,-1,++/--,0,0,1
noiseless/cached/k2,-1,1,-1,++/-+,0,0,1
noiseless/cached/k2,-1,1,-1,++/+-,0,0,1
noiseless/cached/k2,-1,1,-1,++/++,0,0,1
noiseless/cached/k2,1,-1,-1,--/--,0,0,1
noiseless/cached/k2,1,-1,-1,--/-+,0,0,1
noiseless/cached/k2,1,-1,-1,--/+-,0,0,1
noiseless/cached/k2,1,-1,-1,--/++,0,0,1
noiseless/cached/k2,1,-1,-1,-+/--,0,0,1
noiseless/cached/k2,1,-1,-1,-+/-+,0,0,1
noiseless/cached/k2,1,-1,-1,-+/+-,0,0,1
noiseless/cached/k2,1,-1,-1,-+/++,0,0,1
noiseless/cached/k2,1,-1,-1,+-/--,0,0,1
noiseless/cached/k2,1,-1,-1,+-/-+,0,0,1
noiseless/cached/k2,1,-1,-1,+-/+-,1/4,1,4
noiseless/cached/k2,1,-1,-1,+-/++,0,0,1
noiseless/cached/k2,1,-1,-1,++/--,0,0,1
noiseless/cached/k2,1,-1,-1,++/-+,0,0,1
noiseless/cached/k2,1,-1,-1,++/+-,0,0,1
noiseless/cached/k2,1,-1,-1,++/++,0,0,1
noiseless/cached/k2,1,1,1,--/--,0,0,1
noiseless/cached/k2,1,1,1,--/-+,0,0,1
noiseless/cached/k2,1,1,1,--/+-,0,0,1
noiseless/cached/k2,1,1,1,--/++,0,0,1
noiseless/cached/k2,1,1,1,-+/--,0,0,1
noiseless/cached/k2,1,1,1,-+/-+,0,0,1
noiseless/cached/k2,1,1,1,-+/+-,0,0,1
noiseless/cached/k2,1,1,1,-+/++,0,0,1
noiseless/cached/k2,1,1,1,+-/--,0,0,1
noiseless/cached/k2,1,1,1,+-/-+,0,0,1
noiseless/cached/k2,1,1,1,+-/+-,0,0,1
noiseless/cached/k2,1,1,1,+-/++,0,0,1
noiseless/cached/k2,1,1,1,++/--,0,0,1
noiseless/cached/k2,1,1,1,++/-+,0,0,1
noiseless/cached/k2,1,1,1,++/+-,0,0,1
noiseless/cached/k2,1,1,1,++/++,1/4,1,4
noiseless/cached/k4,-1,-1,1,--/--/--/--,1/4,1,4
noiseless/cached/k4,-1,-1,1,--/--/--/-+,0,0,1
noiseless/cached/k4,-1,-1,1,--/--/--/+-,0,0,1
noiseless/cached/k4,-1,-1,1,--/--/--/++,0,0,1
noiseless/cached/k4,-1,-1,1,--/--/-+/--,0,0,1
noiseless/cached/k4,-1,-1,1,--/--/-+/-+,0,0,1
noiseless/cached/k4,-1,-1,1,--/--/-+/+-,0,0,1
noiseless/cached/k4,-1,-1,1,--/--/-+/++,0,0,1
noiseless/cached/k4,-1,-1,1,--/--/+-/--,0,0,1
noiseless/cached/k4,-1,-1,1,--/--/+-/-+,0,0,1
noiseless/cached/k4,-1,-1,1,--/--/+-/+-,0,0,1
noiseless/cached/k4,-1,-1,1,--/--/+-/++,0,0,1
noiseless/cached/k4,-1,-1,1,--/--/++/--,0,0,1
noiseless/cached/k4,-1,-1,1,--/--/++/-+,0,0,1
noiseless/cached/k4,-1,-1,1,--/--/++/+-,0,0,1
noiseless/cached/k4,-1,-1,1,--/--/++/++,0,0,1
noiseless/cached/k4,-1,-1,1,--/-+/--/--,0,0,1
noiseless/cached/k4,-1,-1,1,--/-+/--/-+,0,0,1
noiseless/cached/k4,-1,-1,1,--/-+/--/+-,0,0,1
noiseless/cached/k4,-1,-1,1,--/-+/--/++,0,0,1
noiseless/cached/k4,-1,-1,1,--/-+/-+/--,0,0,1
noiseless/cached/k4,-1,-1,1,--/-+/-+/-+,0,0,1
noiseless/cached/k4,-1,-1,1,--/-+/-+/+-,0,0,1
noiseless/cached/k4,-1,-1,1,--/-+/-+/++,0,0,1
noiseless/cached/k4,-1,-1,1,--/-+/+-/--,0,0,1
noiseless/cached/k4,-1,-1,1,--/-+/+-/-+,0,0,1
noiseless/cached/k4,-1,-1,1,--/-+/+-/+-,0,0,1
noiseless/cached/k4,-1,-1,1,--/-+/+-/++,0,0,1
noiseless/cached/k4,-1,-1,1,--/-+/++/--,0,0,1
noiseless/cached/k4,-1,-1,1,--/-+/++/-+,0,0,1
noiseless/cached/k4,-1,-1,1,--/-+/++/+-,0,0,1
noiseless/cached/k4,-1,-1,1,--/-+/++/++,0,0,1
noiseless/cached/k4,-1,-1,1,--/+-/--/--,0,0,1
noiseless/cached/k4,-1,-1,1,--/+-/--/-+,0,0,1
noiseless/cached/k4,-1,-1,1,--/+-/--/+-,0,0,1
noiseless/cached/k4,-1,-1,1,--/+-/--/++,0,0,1
noiseless/cached/k4,-1,-1,1,--/+-/-+/--,0,0,1
noiseless/cached/k4,-1,-1,1,--/+-/-+/-+,0,0,1
noiseless/cached/k4,-1,-1,1,--/+-/-+/+-,0,0,1
noiseless/cached/k4,-1,-1,1,--/+-/-+/++,0,0,1
noiseless/cached/k4,-1,-1,1,--/+-/+-/--,0,0,1
noiseless/cached/k4,-1,-1,1,--/+-/+-/-+,0,0,1
noiseless/cached/k4,-1,-1,1,--/+-/+-/+-,0,0,1
noiseless/cached/k4,-1,-1,1,--/+-/+-/++,0,0,1
noiseless/cached/k4,-1,-1,1,--/+-/++/--,0,0,1
noiseless/cached/k4,-1,-1,1,--/+-/++/-+,0,0,1
noiseless/cached/k4,-1,-1,1,--/+-/++/+-,0,0,1
noiseless/cached/k4,-1,-1,1,--/+-/++/++,0,0,1
noiseless/cached/k4,-1,-1,1,--/++/--/--,0,0,1
noiseless/cached/k4,-1,-1,1,--/++/--/-+,0,0,1
noiseless/cached/k4,-1,-1,1,--/++/--/+-,0,0,1
noiseless/cached/k4,-1,-1,1,--/++/--/++,0,0,1
noiseless/cached/k4,-1,-1,1,--/++/-+/--,0,0,1
noiseless/cached/k4,-1,-1,1,--/++/-+/-+,0,0,1
noiseless/cached/k4,-1,-1,1,--/++/-+/+-,0,0,1
noiseless/cached/k4,-1,-1,1,--/++/-+/++,0,0,1
noiseless/cached/k4,-1,-1,1,--/++/+-/--,0,0,1
noiseless/cached/k4,-1,-1,1,--/++/+-/-+,0,0,1
noiseless/cached/k4,-1,-1,1,--/++/+-/+-,0,0,1
noiseless/cached/k4,-1,-1,1,--/++/+-/++,0,0,1
noiseless/cached/k4,-1,-1,1,--/++/++/--,0,0,1
noiseless/cached/k4,-1,-1,1,--/++/++/-+,0,0,1
noiseless/cached/k4,-1,-1,1,--/++/++/+-,0,0,1
noiseless/cached/k4,-1,-1,1,--/++/++/++,0,0,1
noiseless/cached/k4,-1,-1,1,-+/--/--/--,0,0,1
noiseless/cached/k4,-1,-1,1,-+/--/--/-+,0,0,1
noiseless/cached/k4,-1,-1,1,-+/--/--/+-,0,0,1
noiseless/cached/k4,-1,-1,1,-+/--/--/++,0,0,1
noiseless/cached/k4,-1,-1,1,-+/--/-+/--,0,0,1
noiseless/cached/k4,-1,-1,1,-+/--/-+/-+,0,0,1
noiseless/cached/k4,-1,-1,1,-+/--/-+/+-,0,0,1
noiseless/cached/k4,-1,-1,1,-+/--/-+/++,0,0,1
noiseless/cached/k4,-1,-1,1,-+/--/+-/--,0,0,1
noiseless/cached/k4,-1,-1,1,-+/--/+-/-+,0,0,1
noiseless/cached/k4,-1,-1,1,-+/--/+-/+-,0,0,1
noiseless/cached/k4,-1,-1,1,-+/--/+-/++,0,0,1
noiseless/cached/k4,-1,-1,1,-+/--/++/--,0,0,1
noiseless/cached/k4,-1,-1,1,-+/--/++/-+,0,0,1
noiseless/cached/k4,-1,-1,1,-+/--/++/+-,0,0,1
noiseless/cached/k4,-1,-1,1,-+/--/++/++,0,0,1
noiseless/cached/k4,-1,-1,1,-+/-+/--/--,0,0,1
noiseless/cached/k4,-1,-1,1,-+/-+/--/-+,0,0,1
noiseless/cached/k4,-1,-1,1,-+/-+/--/+-,0,0,1
noiseless/cached/k4,-1,-1,1,-+/-+/--/++,0,0,1
noiseless/cached/k4,-1,-1,1,-+/-+/-+/--,0,0,1
noiseless/cached/k4,-1,-1,1,-+/-+/-+/-+,0,0,1
noiseless/cached/k4,-1,-1,1,-+/-+/-+/+-,0,0,1
noiseless/cached/k4,-1,-1,1,-+/-+/-+/++,0,0,1
noiseless/cached/k4,-1,-1,1,-+/-+/+-/--,0,0,1
noiseless/cached/k4,-1,-1,1,-+/-+/+-/-+,0,0,1
noiseless/cached/k4,-1,-1,1,-+/-+/+-/+-,0,0,1
noiseless/cached/k4,-1,-1,1,-+/-+/+-/++,0,0,1
noiseless/cached/k4,-1,-1,1,-+/-+/++/--,0,0,1
noiseless/cached/k4,-1,-1,1,-+/-+/++/-+,0,0,1
noiseless/cached/k4,-1,-1,1,-+/-+/++/+-,0,0,1
noiseless/cached/k4,-1,-1,1,-+/-+/++/++,0,0,1
noiseless/cached/k4,-1,-1,1,-+/+-/--/--,0,0,1
noiseless/cached/k4,-1,-1,1,-+/+-/--/-+,0,0,1
noiseless/cached/k4,-1,-1,1,-+/+-/--/+-,0,0,1
noiseless/cached/k4,-1,-1,1,-+/+-/--/++,0,0,1
noiseless/cached/k4,-1,-1,1,-+/+-/-+/--,0,0,1
noiseless/cached/k4,-1,-1,1,-+/+-/-+/-+,0,0,1
noiseless/cached/k4,-1,-1,1,-+/+-/-+/+-,0,0,1
noiseless/cached/k4,-1,-1,1,-+/+-/-+/++,0,0,1
noiseless/cached/k4,-1,-1,1,-+/+-/+-/--,0,0,1
noiseless/cached/k4,-1,-1,1,-+/+-/+-/-+,0,0,1
noiseless/cached/k4,-1,-1,1,-+/+-/+-/+-,0,0,1
noiseless/cached/k4,-1,-1,1,-+/+-/+-/++,0,0,1
noiseless/cached/k4,-1,-1,1,-+/+-/++/--,0,0,1
noiseless/cached/k4,-1,-1,1,-+/+-/++/-+,0,0,1
noiseless/cached/k4,-1,-1,1,-+/+-/++/+-,0,0,1
noiseless/cached/k4,-1,-1,1,-+/+-/++/++,0,0,1
noiseless/cached/k4,-1,-1,1,-+/++/--/--,0,0,1
noiseless/cached/k4,-1,-1,1,-+/++/--/-+,0,0,1
noiseless/cached/k4,-1,-1,1,-+/++/--/+-,0,0,1
noiseless/cached/k4,-1,-1,1,-+/++/--/++,0,0,1
noiseless/cached/k4,-1,-1,1,-+/++/-+/--,0,0,1
noiseless/cached/k4,-1,-1,1,-+/++/-+/-+,0,0,1
noiseless/cached/k4,-1,-1,1,-+/++/-+/+-,0,0,1
noiseless/cached/k4,-1,-1,1,-+/++/-+/++,0,0,1
noiseless/cached/k4,-1,-1,1,-+/++/+-/--,0,0,1
noiseless/cached/k4,-1,-1,1,-+/++/+-/-+,0,0,1
noiseless/cached/k4,-1,-1,1,-+/++/+-/+-,0,0,1
noiseless/cached/k4,-1,-1,1,-+/++/+-/++,0,0,1
noiseless/cached/k4,-1,-1,1,-+/++/++/--,0,0,1
noiseless/cached/k4,-1,-1,1,-+/++/++/-+,0,0,1
noiseless/cached/k4,-1,-1,1,-+/++/++/+-,0,0,1
noiseless/cached/k4,-1,-1,1,-+/++/++/++,0,0,1
noiseless/cached/k4,-1,-1,1,+-/--/--/--,0,0,1
noiseless/cached/k4,-1,-1,1,+-/--/--/-+,0,0,1
noiseless/cached/k4,-1,-1,1,+-/--/--/+-,0,0,1
noiseless/cached/k4,-1,-1,1,+-/--/--/++,0,0,1
noiseless/cached/k4,-1,-1,1,+-/--/-+/--,0,0,1
noiseless/cached/k4,-1,-1,1,+-/--/-+/-+,0,0,1
noiseless/cached/k4,-1,-1,1,+-/--/-+/+-,0,0,1
noiseless/cached/k4,-1,-1,1,+-/--/-+/++,0,0,1
noiseless/cached/k4,-1,-1,1,+-/--/+-/--,0,0,1
noiseless/cached/k4,-1,-1,1,+-/--/+-/-+,0,0,1
noiseless/cached/k4,-1,-1,1,+-/--/+-/+-,0,0,1
noiseless/cached/k4,-1,-1,1,+-/--/+-/++,0,0,1
noiseless/cached/k4,-1,-1,1,+-/--/++/--,0,0,1
noiseless/cached/k4,-1,-1,1,+-/--/++/-+,0,0,1
noiseless/cached/k4,-1,-1,1,+-/--/++/+-,0,0,1
noiseless/cached/k4,-1,-1,1,+-/--/++/++,0,0,1
noiseless/cached/k4,-1,-1,1,+-/-+/--/--,0,0,1
noiseless/cached/k4,-1,-1,1,+-/-+/--/-+,0,0,1
noiseless/cached/k4,-1,-1,1,+-/-+/--/+-,0,0,1
noiseless/cached/k4,-1,-1,1,+-/-+/--/++,0,0,1
noiseless/cached/k4,-1,-1,1,+-/-+/-+/--,0,0,1
noiseless/cached/k4,-1,-1,1,+-/-+/-+/-+,0,0,1
noiseless/cached/k4,-1,-1,1,+-/-+/-+/+-,0,0,1
noiseless/cached/k4,-1,-1,1,+-/-+/-+/++,0,0,1
noiseless/cached/k4,-1,-1,1,+-/-+/+-/--,0,0,1
noiseless/cached/k4,-1,-1,1,+-/-+/+-/-+,0,0,1
noiseless/cached/k4,-1,-1,1,+-/-+/+-/+-,0,0,1
noiseless/cached/k4,-1,-1,1,+-/-+/+-/++,0,0,1
noiseless/cached/k4,-1,-1,1,+-/-+/++/--,0,0,1
noiseless/cached/k4,-1,-1,1,+-/-+/++/-+,0,0,1
noiseless/cached/k4,-1,-1,1,+-/-+/++/+-,0,0,1
noiseless/cached/k4,-1,-1,1,+-/-+/++/++,0,0,1
noiseless/cached/k4,-1,-1,1,+-/+-/--/--,0,0,1
noiseless/cached/k4,-1,-1,1,+-/+-/--/-+,0,0,1
noiseless/cached/k4,-1,-1,1,+-/+-/--/+-,0,0,1
noiseless/cached/k4,-1,-1,1,+-/+-/--/++,0,0,1
noiseless/cached/k4,-1,-1,1,+-/+-/-+/--,0,0,1
noiseless/cached/k4,-1,-1,1,+-/+-/-+/-+,0,0,1
noiseless/cached/k4,-1,-1,1,+-/+-/-+/+-,0,0,1
noiseless/cached/k4,-1,-1,1,+-/+-/-+/++,0,0,1
noiseless/cached/k4,-1,-1,1,+-/+-/+-/--,0,0,1
noiseless/cached/k4,-1,-1,1,+-/+-/+-/-+,0,0,1
noiseless/cached/k4,-1,-1,1,+-/+-/+-/+-,0,0,1
noiseless/cached/k4,-1,-1,1,+-/+-/+-/++,0,0,1
noiseless/cached/k4,-1,-1,1,+-/+-/++/--,0,0,1
noiseless/cached/k4,-1,-1,1,+-/+-/++/-+,0,0,1
noiseless/cached/k4,-1,-1,1,+-/+-/++/+-,0,0,1
noiseless/cached/k4,-1,-1,1,+-/+-/++/++,0,0,1
noiseless/cached/k4,-1,-1,1,+-/++/--/--,0,0,1
noiseless/cached/k4,-1,-1,1,+-/++/--/-+,0,0,1
noiseless/cached/k4,-1,-1,1,+-/++/--/+-,0,0,1
noiseless/cached/k4,-1,-1,1,+-/++/--/++,0,0,1
noiseless/cached/k4,-1,-1,1,+-/++/-+/--,0,0,1
noiseless/cached/k4,-1,-1,1,+-/++/-+/-+,0,0,1
noiseless/cached/k4,-1,-1,1,+-/++/-+/+-,0,0,1
noiseless/cached/k4,-1,-1,1,+-/++/-+/++,0,0,1
noiseless/cached/k4,-1,-1,1,+-/++/+-/--,0,0,1
noiseless/cached/k4,-1,-1,1,+-/++/+-/-+,0,0,1
noiseless/cached/k4,-1,-1,1,+-/++/+-/+-,0,0,1
noiseless/cached/k4,-1,-1,1,+-/++/+-/++,0,0,1
noiseless/cached/k4,-1,-1,1,+-/++/++/--,0,0,1
noiseless/cached/k4,-1,-1,1,+-/++/++/-+,0,0,1
noiseless/cached/k4,-1,-1,1,+-/++/++/+-,0,0,1
noiseless/cached/k4,-1,-1,1,+-/++/++/++,0,0,1
noiseless/cached/k4,-1,-1,1,++/--/--/--,0,0,1
noiseless/cached/k4,-1,-1,1,++/--/--/-+,0,0,1
noiseless/cached/k4,-1,-1,1,++/--/--/+-,0,0,1
noiseless/cached/k4,-1,-1,1,++/--/--/++,0,0,1
noiseless/cached/k4,-1,-1,1,++/--/-+/--,0,0,1
noiseless/cached/k4,-1,-1,1,++/--/-+/-+,0,0,1
noiseless/cached/k4,-1,-1,1,++/--/-+/+-,0,0,1
noiseless/cached/k4,-1,-1,1,++/--/-+/++,0,0,1
noiseless/cached/k4,-1,-1,1,++/--/+-/--,0,0,1
noiseless/cached/k4,-1,-1,1,++/--/+-/-+,0,0,1
noiseless/cached/k4,-1,-1,1,++/--/+-/+-,0,0,1
noiseless/cached/k4,-1,-1,1,++/--/+-/++,0,0,1
noiseless/cached/k4,-1,-1,1,++/--/++/--,0,0,1
noiseless/cached/k4,-1,-1,1,++/--/++/-+,0,0,1
noiseless/cached/k4,-1,-1,1,++/--/++/+-,0,0,1
noiseless/cached/k4,-1,-1,1,++/--/++/++,0,0,1
noiseless/cached/k4,-1,-1,1,++/-+/--/--,0,0,1
noiseless/cached/k4,-1,-1,1,++/-+/--/-+,0,0,1
noiseless/cached/k4,-1,-1,1,++/-+/--/+-,0,0,1
noiseless/cached/k4,-1,-1,1,++/-+/--/++,0,0,1
noiseless/cached/k4,-1,-1,1,++/-+/-+/--,0,0,1
noiseless/cached/k4,-1,-1,1,++/-+/-+/-+,0,0,1
noiseless/cached/k4,-1,-1,1,++/-+/-+/+-,0,0,1
noiseless/cached/k4,-1,-1,1,++/-+/-+/++,0,0,1
noiseless/cached/k4,-1,-1,1,++/-+/+-/--,0,0,1
noiseless/cached/k4,-1,-1,1,++/-+/+-/-+,0,0,1
noiseless/cached/k4,-1,-1,1,++/-+/+-/+-,0,0,1
noiseless/cached/k4,-1,-1,1,++/-+/+-/++,0,0,1
noiseless/cached/k4,-1,-1,1,++/-+/++/--,0,0,1
noiseless/cached/k4,-1,-1,1,++/-+/++/-+,0,0,1
noiseless/cached/k4,-1,-1,1,++/-+/++/+-,0,0,1
noiseless/cached/k4,-1,-1,1,++/-+/++/++,0,0,1
noiseless/cached/k4,-1,-1,1,++/+-/--/--,0,0,1
noiseless/cached/k4,-1,-1,1,++/+-/--/-+,0,0,1
noiseless/cached/k4,-1,-1,1,++/+-/--/+-,0,0,1
noiseless/cached/k4,-1,-1,1,++/+-/--/++,0,0,1
noiseless/cached/k4,-1,-1,1,++/+-/-+/--,0,0,1
noiseless/cached/k4,-1,-1,1,++/+-/-+/-+,0,0,1
noiseless/cached/k4,-1,-1,1,++/+-/-+/+-,0,0,1
noiseless/cached/k4,-1,-1,1,++/+-/-+/++,0,0,1
noiseless/cached/k4,-1,-1,1,++/+-/+-/--,0,0,1
noiseless/cached/k4,-1,-1,1,++/+-/+-/-+,0,0,1
noiseless/cached/k4,-1,-1,1,++/+-/+-/+-,0,0,1
noiseless/cached/k4,-1,-1,1,++/+-/+-/++,0,0,1
noiseless/cached/k4,-1,-1,1,++/+-/++/--,0,0,1
noiseless/cached/k4,-1,-1,1,++/+-/++/-+,0,0,1
noiseless/cached/k4,-1,-1,1,++/+-/++/+-,0,0,1
noiseless/cached/k4,-1,-1,1,++/+-/++/++,0,0,1
noiseless/cached/k4,-1,-1,1,++/++/--/--,0,0,1
noiseless/cached/k4,-1,-1,1,++/++/--/-+,0,0,1
noiseless/cached/k4,-1,-1,1,++/++/--/+-,0,0,1
noiseless/cached/k4,-1,-1,1,++/++/--/++,0,0,1
noiseless/cached/k4,-1,-1,1,++/++/-+/--,0,0,1
noiseless/cached/k4,-1,-1,1,++/++/-+/-+,0,0,1
noiseless/cached/k4,-1,-1,1,++/++/-+/+-,0,0,1
noiseless/cached/k4,-1,-1,1,++/++/-+/++,0,0,1
noiseless/cached/k4,-1,-1,1,++/++/+-/--,0,0,1
noiseless/cached/k4,-1,-1,1,++/++/+-/-+,0,0,1
noiseless/cached/k4,-1,-1,1,++/++/+-/+-,0,0,1
noiseless/cached/k4,-1,-1,1,++/++/+-/++,0,0,1
noiseless/cached/k4,-1,-1,1,++/++/++/--,0,0,1
noiseless/cached/k4,-1,-1,1,++/++/++/-+,0,0,1
noiseless/cached/k4,-1,-1,1,++/++/++/+-,0,0,1
noiseless/cached/k4,-1,-1,1,++/++/++/++,0,0,1
noiseless/cached/k4,-1,1,-1,--/--/--/--,0,0,1
noiseless/cached/k4,-1,1,-1,--/--/--/-+,0,0,1
noiseless/cached/k4,-1,1,-1,--/--/--/+-,0,0,1
noiseless/cached/k4,-1,1,-1,--/--/--/++,0,0,1
noiseless/cached/k4,-1,1,-1,--/--/-+/--,0,0,1
noiseless/cached/k4,-1,1,-1,--/--/-+/-+,0,0,1
noiseless/cached/k4,-1,1,-1,--/--/-+/+-,0,0,1
noiseless/cached/k4,-1,1,-1,--/--/-+/++,0,0,1
noiseless/cached/k4,-1,1,-1,--/--/+-/--,0,0,1
noiseless/cached/k4,-1,1,-1,--/--/+-/-+,0,0,1
noiseless/cached/k4,-1,1,-1,--/--/+-/+-,0,0,1
noiseless/cached/k4,-1,1,-1,--/--/+-/++,0,0,1
noiseless/cached/k4,-1,1,-1,--/--/++/--,0,0,1
noiseless/cached/k4,-1,1,-1,--/--/++/-+,0,0,1
noiseless/cached/k4,-1,1,-1,--/--/++/+-,0,0,1
noiseless/cached/k4,-1,1,-1,--/--/++/++,0,0,1
noiseless/cached/k4,-1,1,-1,--/-+/--/--,0,0,1
noiseless/cached/k4,-1,1,-1,--/-+/--/-+,0,0,1
noiseless/cached/k4,-1,1,-1,--/-+/--/+-,0,0,1
noiseless/cached/k4,-1,1,-1,--/-+/--/++,0,0,1
noiseless/cached/k4,-1,1,-1,--/-+/-+/--,0,0,1
noiseless/cached/k4,-1,1,-1,--/-+/-+/-+,0,0,1
noiseless/cached/k4,-1,1,-1,--/-+/-+/+-,0,0,1
noiseless/cached/k4,-1,1,-1,--/-+/-+/++,0,0,1
noiseless/cached/k4,-1,1,-1,--/-+/+-/--,0,0,1
noiseless/cached/k4,-1,1,-1,--/-+/+-/-+,0,0,1
noiseless/cached/k4,-1,1,-1,--/-+/+-/+-,0,0,1
noiseless/cached/k4,-1,1,-1,--/-+/+-/++,0,0,1
noiseless/cached/k4,-1,1,-1,--/-+/++/--,0,0,1
noiseless/cached/k4,-1,1,-1,--/-+/++/-+,0,0,1
noiseless/cached/k4,-1,1,-1,--/-+/++/+-,0,0,1
noiseless/cached/k4,-1,1,-1,--/-+/++/++,0,0,1
noiseless/cached/k4,-1,1,-1,--/+-/--/--,0,0,1
noiseless/cached/k4,-1,1,-1,--/+-/--/-+,0,0,1
noiseless/cached/k4,-1,1,-1,--/+-/--/+-,0,0,1
noiseless/cached/k4,-1,1,-1,--/+-/--/++,0,0,1
noiseless/cached/k4,-1,1,-1,--/+-/-+/--,0,0,1
noiseless/cached/k4,-1,1,-1,--/+-/-+/-+,0,0,1
noiseless/cached/k4,-1,1,-1,--/+-/-+/+-,0,0,1
noiseless/cached/k4,-1,1,-1,--/+-/-+/++,0,0,1
noiseless/cached/k4,-1,1,-1,--/+-/+-/--,0,0,1
noiseless/cached/k4,-1,1,-1,--/+-/+-/-+,0,0,1
noiseless/cached/k4,-1,1,-1,--/+-/+-/+-,0,0,1
noiseless/cached/k4,-1,1,-1,--/+-/+-/++,0,0,1
noiseless/cached/k4,-1,1,-1,--/+-/++/--,0,0,1
noiseless/cached/k4,-1,1,-1,--/+-/++/-+,0,0,1
noiseless/cached/k4,-1,1,-1,--/+-/++/+-,0,0,1
noiseless/cached/k4,-1,1,-1,--/+-/++/++,0,0,1
noiseless/cached/k4,-1,1,-1,--/++/--/--,0,0,1
noiseless/cached/k4,-1,1,-1,--/++/--/-+,0,0,1
noiseless/cached/k4,-1,1,-1,--/++/--/+-,0,0,1
noiseless/cached/k4,-1,1,-1,--/++/--/++,0,0,1
noiseless/cached/k4,-1,1,-1,--/++/-+/--,0,0,1
noiseless/cached/k4,-1,1,-1,--/++/-+/-+,0,0,1
noiseless/cached/k4,-1,1,-1,--/++/-+/+-,0,0,1
noiseless/cached/k4,-1,1,-1,--/++/-+/++,0,0,1
noiseless/cached/k4,-1,1,-1,--/++/+-/--,0,0,1
noiseless/cached/k4,-1,1,-1,--/++/+-/-+,0,0,1
noiseless/cached/k4,-1,1,-1,--/++/+-/+-,0,0,1
noiseless/cached/k4,-1,1,-1,--/++/+-/++,0,0,1
noiseless/cached/k4,-1,1,-1,--/++/++/--,0,0,1
noiseless/cached/k4,-1,1,-1,--/++/++/-+,0,0,1
noiseless/cached/k4,-1,1,-1,--/++/++/+-,0,0,1
noiseless/cached/k4,-1,1,-1,--/++/++/++,0,0,1
noiseless/cached/k4,-1,1,-1,-+/--/--/--,0,0,1
noiseless/cached/k4,-1,1,-1,-+/--/--/-+,0,0,1
noiseless/cached/k4,-1,1,-1,-+/--/--/+-,0,0,1
noiseless/cached/k4,-1,1,-1,-+/--/--/++,0,0,1
noiseless/cached/k4,-1,1,-1,-+/--/-+/--,0,0,1
noiseless/cached/k4,-1,1,-1,-+/--/-+/-+,0,0,1
noiseless/cached/k4,-1,1,-1,-+/--/-+/+-,0,0,1
noiseless/cached/k4,-1,1,-1,-+/--/-+/++,0,0,1
noiseless/cached/k4,-1,1,-1,-+/--/+-/--,0,0,1
noiseless/cached/k4,-1,1,-1,-+/--/+-/-+,0,0,1
noiseless/cached/k4,-1,1,-1,-+/--/+-/+-,0,0,1
noiseless/cached/k4,-1,1,-1,-+/--/+-/++,0,0,1
noiseless/cached/k4,-1,1,-1,-+/--/++/--,0,0,1
noiseless/cached/k4,-1,1,-1,-+/--/++/-+,0,0,1
noiseless/cached/k4,-1,1,-1,-+/--/++/+-,0,0,1
noiseless/cached/k4,-1,1,-1,-+/--/++/++,0,0,1
noiseless/cached/k4,-1,1,-1,-+/-+/--/--,0,0,1
noiseless/cached/k4,-1,1,-1,-+/-+/--/-+,0,0,1
noiseless/cached/k4,-1,1,-1,-+/-+/--/+-,0,0,1
noiseless/cached/k4,-1,1,-1,-+/-+/--/++,0,0,1
noiseless/cached/k4,-1,1,-1,-+/-+/-+/--,0,0,1
noiseless/cached/k4,-1,1,-1,-+/-+/-+/-+,1/4,1,4
noiseless/cached/k4,-1,1,-1,-+/-+/-+/+-,0,0,1
noiseless/cached/k4,-1,1,-1,-+/-+/-+/++,0,0,1
noiseless/cached/k4,-1,1,-1,-+/-+/+-/--,0,0,1
noiseless/cached/k4,-1,1,-1,-+/-+/+-/-+,0,0,1
noiseless/cached/k4,-1,1,-1,-+/-+/+-/+-,0,0,1
noiseless/cached/k4,-1,1,-1,-+/-+/+-/++,0,0,1
noiseless/cached/k4,-1,1,-1,-+/-+/++/--,0,0,1
noiseless/cached/k4,-1,1,-1,-+/-+/++/-+,0,0,1
noiseless/cached/k4,-1,1,-1,-+/-+/++/+-,0,0,1
noiseless/cached/k4,-1,1,-1,-+/-+/++/++,0,0,1
noiseless/cached/k4,-1,1,-1,-+/+-/--/--,0,0,1
noiseless/cached/k4,-1,1,-1,-+/+-/--/-+,0,0,1
noiseless/cached/k4,-1,1,-1,-+/+-/--/+-,0,0,1
noiseless/cached/k4,-1,1,-1,-+/+-/--/++,0,0,1
noiseless/cached/k4,-1,1,-1,-+/+-/-+/--,0,0,1
noiseless/cached/k4,-1,1,-1,-+/+-/-+/-+,0,0,1
noiseless/cached/k4,-1,1,-1,-+/+-/-+/+-,0,0,1
noiseless/cached/k4,-1,1,-1,-+/+-/-+/++,0,0,1
noiseless/cached/k4,-1,1,-1,-+/+-/+-/--,0,0,1
noiseless/cached/k4,-1,1,-1,-+/+-/+-/-+,0,0,1
noiseless/cached/k4,-1,1,-1,-+/+-/+-/+-,0,0,1
noiseless/cached/k4,-1,1,-1,-+/+-/+-/++,0,0,1
noiseless/cached/k4,-1,1,-1,-+/+-/++/--,0,0,1
noiseless/cached/k4,-1,1,-1,-+/+-/++/-+,0,0,1
noiseless/cached/k4,-1,1,-1,-+/+-/++/+-,0,0,1
noiseless/cached/k4,-1,1,-1,-+/+-/++/++,0,0,1
noiseless/cached/k4,-1,1,-1,-+/++/--/--,0,0,1
noiseless/cached/k4,-1,1,-1,-+/++/--/-+,0,0,1
noiseless/cached/k4,-1,1,-1,-+/++/--/+-,0,0,1
noiseless/cached/k4,-1,1,-1,-+/++/--/++,0,0,1
noiseless/cached/k4,-1,1,-1,-+/++/-+/--,0,0,1
noiseless/cached/k4,-1,1,-1,-+/++/-+/-+,0,0,1
noiseless/cached/k4,-1,1,-1,-+/++/-+/+-,0,0,1
noiseless/cached/k4,-1,1,-1,-+/++/-+/++,0,0,1
noiseless/cached/k4,-1,1,-1,-+/++/+-/--,0,0,1
noiseless/cached/k4,-1,1,-1,-+/++/+-/-+,0,0,1
noiseless/cached/k4,-1,1,-1,-+/++/+-/+-,0,0,1
noiseless/cached/k4,-1,1,-1,-+/++/+-/++,0,0,1
noiseless/cached/k4,-1,1,-1,-+/++/++/--,0,0,1
noiseless/cached/k4,-1,1,-1,-+/++/++/-+,0,0,1
noiseless/cached/k4,-1,1,-1,-+/++/++/+-,0,0,1
noiseless/cached/k4,-1,1,-1,-+/++/++/++,0,0,1
noiseless/cached/k4,-1,1,-1,+-/--/--/--,0,0,1
noiseless/cached/k4,-1,1,-1,+-/--/--/-+,0,0,1
noiseless/cached/k4,-1,1,-1,+-/--/--/+-,0,0,1
noiseless/cached/k4,-1,1,-1,+-/--/--/++,0,0,1
noiseless/cached/k4,-1,1,-1,+-/--/-+/--,0,0,1
noiseless/cached/k4,-1,1,-1,+-/--/-+/-+,0,0,1
noiseless/cached/k4,-1,1,-1,+-/--/-+/+-,0,0,1
noiseless/cached/k4,-1,1,-1,+-/--/-+/++,0,0,1
noiseless/cached/k4,-1,1,-1,+-/--/+-/--,0,0,1
noiseless/cached/k4,-1,1,-1,+-/--/+-/-+,0,0,1
noiseless/cached/k4,-1,1,-1,+-/--/+-/+-,0,0,1
noiseless/cached/k4,-1,1,-1,+-/--/+-/++,0,0,1
noiseless/cached/k4,-1,1,-1,+-/--/++/--,0,0,1
noiseless/cached/k4,-1,1,-1,+-/--/++/-+,0,0,1
noiseless/cached/k4,-1,1,-1,+-/--/++/+-,0,0,1
noiseless/cached/k4,-1,1,-1,+-/--/++/++,0,0,1
noiseless/cached/k4,-1,1,-1,+-/-+/--/--,0,0,1
noiseless/cached/k4,-1,1,-1,+-/-+/--/-+,0,0,1
noiseless/cached/k4,-1,1,-1,+-/-+/--/+-,0,0,1
noiseless/cached/k4,-1,1,-1,+-/-+/--/++,0,0,1
noiseless/cached/k4,-1,1,-1,+-/-+/-+/--,0,0,1
noiseless/cached/k4,-1,1,-1,+-/-+/-+/-+,0,0,1
noiseless/cached/k4,-1,1,-1,+-/-+/-+/+-,0,0,1
noiseless/cached/k4,-1,1,-1,+-/-+/-+/++,0,0,1
noiseless/cached/k4,-1,1,-1,+-/-+/+-/--,0,0,1
noiseless/cached/k4,-1,1,-1,+-/-+/+-/-+,0,0,1
noiseless/cached/k4,-1,1,-1,+-/-+/+-/+-,0,0,1
noiseless/cached/k4,-1,1,-1,+-/-+/+-/++,0,0,1
noiseless/cached/k4,-1,1,-1,+-/-+/++/--,0,0,1
noiseless/cached/k4,-1,1,-1,+-/-+/++/-+,0,0,1
noiseless/cached/k4,-1,1,-1,+-/-+/++/+-,0,0,1
noiseless/cached/k4,-1,1,-1,+-/-+/++/++,0,0,1
noiseless/cached/k4,-1,1,-1,+-/+-/--/--,0,0,1
noiseless/cached/k4,-1,1,-1,+-/+-/--/-+,0,0,1
noiseless/cached/k4,-1,1,-1,+-/+-/--/+-,0,0,1
noiseless/cached/k4,-1,1,-1,+-/+-/--/++,0,0,1
noiseless/cached/k4,-1,1,-1,+-/+-/-+/--,0,0,1
noiseless/cached/k4,-1,1,-1,+-/+-/-+/-+,0,0,1
noiseless/cached/k4,-1,1,-1,+-/+-/-+/+-,0,0,1
noiseless/cached/k4,-1,1,-1,+-/+-/-+/++,0,0,1
noiseless/cached/k4,-1,1,-1,+-/+-/+-/--,0,0,1
noiseless/cached/k4,-1,1,-1,+-/+-/+-/-+,0,0,1
noiseless/cached/k4,-1,1,-1,+-/+-/+-/+-,0,0,1
noiseless/cached/k4,-1,1,-1,+-/+-/+-/++,0,0,1
noiseless/cached/k4,-1,1,-1,+-/+-/++/--,0,0,1
noiseless/cached/k4,-1,1,-1,+-/+-/++/-+,0,0,1
noiseless/cached/k4,-1,1,-1,+-/+-/++/+-,0,0,1
noiseless/cached/k4,-1,1,-1,+-/+-/++/++,0,0,1
noiseless/cached/k4,-1,1,-1,+-/++/--/--,0,0,1
noiseless/cached/k4,-1,1,-1,+-/++/--/-+,0,0,1
noiseless/cached/k4,-1,1,-1,+-/++/--/+-,0,0,1
noiseless/cached/k4,-1,1,-1,+-/++/--/++,0,0,1
noiseless/cached/k4,-1,1,-1,+-/++/-+/--,0,0,1
noiseless/cached/k4,-1,1,-1,+-/++/-+/-+,0,0,1
noiseless/cached/k4,-1,1,-1,+-/++/-+/+-,0,0,1
noiseless/cached/k4,-1,1,-1,+-/++/-+/++,0,0,1
noiseless/cached/k4,-1,1,-1,+-/++/+-/--,0,0,1
noiseless/cached/k4,-1,1,-1,+-/++/+-/-+,0,0,1
noiseless/cached/k4,-1,1,-1,+-/++/+-/+-,0,0,1
noiseless/cached/k4,-1,1,-1,+-/++/+-/++,0,0,1
noiseless/cached/k4,-1,1,-1,+-/++/++/--,0,0,1
noiseless/cached/k4,-1,1,-1,+-/++/++/-+,0,0,1
noiseless/cached/k4,-1,1,-1,+-/++/++/+-,0,0,1
noiseless/cached/k4,-1,1,-1,+-/++/++/++,0,0,1
noiseless/cached/k4,-1,1,-1,++/--/--/--,0,0,1
noiseless/cached/k4,-1,1,-1,++/--/--/-+,0,0,1
noiseless/cached/k4,-1,1,-1,++/--/--/+-,0,0,1
noiseless/cached/k4,-1,1,-1,++/--/--/++,0,0,1
noiseless/cached/k4,-1,1,-1,++/--/-+/--,0,0,1
noiseless/cached/k4,-1,1,-1,++/--/-+/-+,0,0,1
noiseless/cached/k4,-1,1,-1,++/--/-+/+-,0,0,1
noiseless/cached/k4,-1,1,-1,++/--/-+/++,0,0,1
noiseless/cached/k4,-1,1,-1,++/--/+-/--,0,0,1
noiseless/cached/k4,-1,1,-1,++/--/+-/-+,0,0,1
noiseless/cached/k4,-1,1,-1,++/--/+-/+-,0,0,1
noiseless/cached/k4,-1,1,-1,++/--/+-/++,0,0,1
noiseless/cached/k4,-1,1,-1,++/--/++/--,0,0,1
noiseless/cached/k4,-1,1,-1,++/--/++/-+,0,0,1
noiseless/cached/k4,-1,1,-1,++/--/++/+-,0,0,1
noiseless/cached/k4,-1,1,-1,++/--/++/++,0,0,1
noiseless/cached/k4,-1,1,-1,++/-+/--/--,0,0,1
noiseless/cached/k4,-1,1,-1,++/-+/--/-+,0,0,1
noiseless/cached/k4,-1,1,-1,++/-+/--/+-,0,0,1
noiseless/cached/k4,-1,1,-1,++/-+/--/++,0,0,1
noiseless/cached/k4,-1,1,-1,++/-+/-+/--,0,0,1
noiseless/cached/k4,-1,1,-1,++/-+/-+/-+,0,0,1
noiseless/cached/k4,-1,1,-1,++/-+/-+/+-,0,0,1
noiseless/cached/k4,-1,1,-1,++/-+/-+/++,0,0,1
noiseless/cached/k4,-1,1,-1,++/-+/+-/--,0,0,1
noiseless/cached/k4,-1,1,-1,++/-+/+-/-+,0,0,1
noiseless/cached/k4,-1,1,-1,++/-+/+-/+-,0,0,1
noiseless/cached/k4,-1,1,-1,++/-+/+-/++,0,0,1
noiseless/cached/k4,-1,1,-1,++/-+/++/--,0,0,1
noiseless/cached/k4,-1,1,-1,++/-+/++/-+,0,0,1
noiseless/cached/k4,-1,1,-1,++/-+/++/+-,0,0,1
noiseless/cached/k4,-1,1,-1,++/-+/++/++,0,0,1
noiseless/cached/k4,-1,1,-1,++/+-/--/--,0,0,1
noiseless/cached/k4,-1,1,-1,++/+-/--/-+,0,0,1
noiseless/cached/k4,-1,1,-1,++/+-/--/+-,0,0,1
noiseless/cached/k4,-1,1,-1,++/+-/--/++,0,0,1
noiseless/cached/k4,-1,1,-1,++/+-/-+/--,0,0,1
noiseless/cached/k4,-1,1,-1,++/+-/-+/-+,0,0,1
noiseless/cached/k4,-1,1,-1,++/+-/-+/+-,0,0,1
noiseless/cached/k4,-1,1,-1,++/+-/-+/++,0,0,1
noiseless/cached/k4,-1,1,-1,++/+-/+-/--,0,0,1
noiseless/cached/k4,-1,1,-1,++/+-/+-/-+,0,0,1
noiseless/cached/k4,-1,1,-1,++/+-/+-/+-,0,0,1
noiseless/cached/k4,-1,1,-1,++/+-/+-/++,0,0,1
noiseless/cached/k4,-1,1,-1,++/+-/++/--,0,0,1
noiseless/cached/k4,-1,1,-1,++/+-/++/-+,0,0,1
noiseless/cached/k4,-1,1,-1,++/+-/++/+-,0,0,1
noiseless/cached/k4,-1,1,-1,++/+-/++/++,0,0,1
noiseless/cached/k4,-1,1,-1,++/++/--/--,0,0,1
noiseless/cached/k4,-1,1,-1,++/++/--/-+,0,0,1
noiseless/cached/k4,-1,1,-1,++/++/--/+-,0,0,1
noiseless/cached/k4,-1,1,-1,++/++/--/++,0,0,1
noiseless/cached/k4,-1,1,-1,++/++/-+/--,0,0,1
noiseless/cached/k4,-1,1,-1,++/++/-+/-+,0,0,1
noiseless/cached/k4,-1,1,-1,++/++/-+/+-,0,0,1
noiseless/cached/k4,-1,1,-1,++/++/-+/++,0,0,1
noiseless/cached/k4,-1,1,-1,++/++/+-/--,0,0,1
noiseless/cached/k4,-1,1,-1,++/++/+-/-+,0,0,1
noiseless/cached/k4,-1,1,-1,++/++/+-/+-,0,0,1
noiseless/cached/k4,-1,1,-1,++/++/+-/++,0,0,1
noiseless/cached/k4,-1,1,-1,++/++/++/--,0,0,1
noiseless/cached/k4,-1,1,-1,++/++/++/-+,0,0,1
noiseless/cached/k4,-1,1,-1,++/++/++/+-,0,0,1
noiseless/cached/k4,-1,1,-1,++/++/++/++,0,0,1
noiseless/cached/k4,1,-1,-1,--/--/--/--,0,0,1
noiseless/cached/k4,1,-1,-1,--/--/--/-+,0,0,1
noiseless/cached/k4,1,-1,-1,--/--/--/+-,0,0,1
noiseless/cached/k4,1,-1,-1,--/--/--/++,0,0,1
noiseless/cached/k4,1,-1,-1,--/--/-+/--,0,0,1
noiseless/cached/k4,1,-1,-1,--/--/-+/-+,0,0,1
noiseless/cached/k4,1,-1,-1,--/--/-+/+-,0,0,1
noiseless/cached/k4,1,-1,-1,--/--/-+/++,0,0,1
noiseless/cached/k4,1,-1,-1,--/--/+-/--,0,0,1
noiseless/cached/k4,1,-1,-1,--/--/+-/-+,0,0,1
noiseless/cached/k4,1,-1,-1,--/--/+-/+-,0,0,1
noiseless/cached/k4,1,-1,-1,--/--/+-/++,0,0,1
noiseless/cached/k4,1,-1,-1,--/--/++/--,0,0,1
noiseless/cached/k4,1,-1,-1,--/--/++/-+,0,0,1
noiseless/cached/k4,1,-1,-1,--/--/++/+-,0,0,1
noiseless/cached/k4,1,-1,-1,--/--/++/++,0,0,1
noiseless/cached/k4,1,-1,-1,--/-+/--/--,0,0,1
noiseless/cached/k4,1,-1,-1,--/-+/--/-+,0,0,1
noiseless/cached/k4,1,-1,-1,--/-+/--/+-,0,0,1
noiseless/cached/k4,1,-1,-1,--/-+/--/++,0,0,1
noiseless/cached/k4,1,-1,-1,--/-+/-+/--,0,0,1
noiseless/cached/k4,1,-1,-1,--/-+/-+/-+,0,0,1
noiseless/cached/k4,1,-1,-1,--/-+/-+/+-,0,0,1
noiseless/cached/k4,1,-1,-1,--/-+/-+/++,0,0,1
noiseless/cached/k4,1,-1,-1,--/-+/+-/--,0,0,1
noiseless/cached/k4,1,-1,-1,--/-+/+-/-+,0,0,1
noiseless/cached/k4,1,-1,-1,--/-+/+-/+-,0,0,1
noiseless/cached/k4,1,-1,-1,--/-+/+-/++,0,0,1
noiseless/cached/k4,1,-1,-1,--/-+/++/--,0,0,1
noiseless/cached/k4,1,-1,-1,--/-+/++/-+,0,0,1
noiseless/cached/k4,1,-1,-1,--/-+/++/+-,0,0,1
noiseless/cached/k4,1,-1,-1,--/-+/++/++,0,0,1
noiseless/cached/k4,1,-1,-1,--/+-/--/--,0,0,1
noiseless/cached/k4,1,-1,-1,--/+-/--/-+,0,0,1
noiseless/cached/k4,1,-1,-1,--/+-/--/+-,0,0,1
noiseless/cached/k4,1,-1,-1,--/+-/--/++,0,0,1
noiseless/cached/k4,1,-1,-1,--/+-/-+/--,0,0,1
noiseless/cached/k4,1,-1,-1,--/+-/-+/-+,0,0,1
noiseless/cached/k4,1,-1,-1,--/+-/-+/+-,0,0,1
noiseless/cached/k4,1,-1,-1,--/+-/-+/++,0,0,1
noiseless/cached/k4,1,-1,-1,--/+-/+-/--,0,0,1
noiseless/cached/k4,1,-1,-1,--/+-/+-/-+,0,0,1
noiseless/cached/k4,1,-1,-1,--/+-/+-/+-,0,0,1
noiseless/cached/k4,1,-1,-1,--/+-/+-/++,0,0,1
noiseless/cached/k4,1,-1,-1,--/+-/++/--,0,0,1
noiseless/cached/k4,1,-1,-1,--/+-/++/-+,0,0,1
noiseless/cached/k4,1,-1,-1,--/+-/++/+-,0,0,1
noiseless/cached/k4,1,-1,-1,--/+-/++/++,0,0,1
noiseless/cached/k4,1,-1,-1,--/++/--/--,0,0,1
noiseless/cached/k4,1,-1,-1,--/++/--/-+,0,0,1
noiseless/cached/k4,1,-1,-1,--/++/--/+-,0,0,1
noiseless/cached/k4,1,-1,-1,--/++/--/++,0,0,1
noiseless/cached/k4,1,-1,-1,--/++/-+/--,0,0,1
noiseless/cached/k4,1,-1,-1,--/++/-+/-+,0,0,1
noiseless/cached/k4,1,-1,-1,--/++/-+/+-,0,0,1
noiseless/cached/k4,1,-1,-1,--/++/-+/++,0,0,1
noiseless/cached/k4,1,-1,-1,--/++/+-/--,0,0,1
noiseless/cached/k4,1,-1,-1,--/++/+-/-+,0,0,1
noiseless/cached/k4,1,-1,-1,--/++/+-/+-,0,0,1
noiseless/cached/k4,1,-1,-1,--/++/+-/++,0,0,1
noiseless/cached/k4,1,-1,-1,--/++/++/--,0,0,1
noiseless/cached/k4,1,-1,-1,--/++/++/-+,0,0,1
noiseless/cached/k4,1,-1,-1,--/++/++/+-,0,0,1
noiseless/cached/k4,1,-1,-1,--/++/++/++,0,0,1
noiseless/cached/k4,1,-1,-1,-+/--/--/--,0,0,1
noiseless/cached/k4,1,-1,-1,-+/--/--/-+,0,0,1
noiseless/cached/k4,1,-1,-1,-+/--/--/+-,0,0,1
noiseless/cached/k4,1,-1,-1,-+/--/--/++,0,0,1
noiseless/cached/k4,1,-1,-1,-+/--/-+/--,0,0,1
noiseless/cached/k4,1,-1,-1,-+/--/-+/-+,0,0,1
noiseless/cached/k4,1,-1,-1,-+/--/-+/+-,0,0,1
noiseless/cached/k4,1,-1,-1,-+/--/-+/++,0,0,1
noiseless/cached/k4,1,-1,-1,-+/--/+-/--,0,0,1
noiseless/cached/k4,1,-1,-1,-+/--/+-/-+,0,0,1
noiseless/cached/k4,1,-1,-1,-+/--/+-/+-,0,0,1
noiseless/cached/k4,1,-1,-1,-+/--/+-/++,0,0,1
noiseless/cached/k4,1,-1,-1,-+/--/++/--,0,0,1
noiseless/cached/k4,1,-1,-1,-+/--/++/-+,0,0,1
noiseless/cached/k4,1,-1,-1,-+/--/++/+-,0,0,1
noiseless/cached/k4,1,-1,-1,-+/--/++/++,0,0,1
noiseless/cached/k4,1,-1,-1,-+/-+/--/--,0,0,1
noiseless/cached/k4,1,-1,-1,-+/-+/--/-+,0,0,1
noiseless/cached/k4,1,-1,-1,-+/-+/--/+-,0,0,1
noiseless/cached/k4,1,-1,-1,-+/-+/--/++,0,0,1
noiseless/cached/k4,1,-1,-1,-+/-+/-+/--,0,0,1
noiseless/cached/k4,1,-1,-1,-+/-+/-+/-+,0,0,1
noiseless/cached/k4,1,-1,-1,-+/-+/-+/+-,0,0,1
noiseless/cached/k4,1,-1,-1,-+/-+/-+/++,0,0,1
noiseless/cached/k4,1,-1,-1,-+/-+/+-/--,0,0,1
noiseless/cached/k4,1,-1,-1,-+/-+/+-/-+,0,0,1
noiseless/cached/k4,1,-1,-1,-+/-+/+-/+-,0,0,1
noiseless/cached/k4,1,-1,-1,-+/-+/+-/++,0,0,1
noiseless/cached/k4,1,-1,-1,-+/-+/++/--,0,0,1
noiseless/cached/k4,1,-1,-1,-+/-+/++/-+,0,0,1
noiseless/cached/k4,1,-1,-1,-+/-+/++/+-,0,0,1
noiseless/cached/k4,1,-1,-1,-+/-+/++/++,0,0,1
noiseless/cached/k4,1,-1,-1,-+/+-/--/--,0,0,1
noiseless/cached/k4,1,-1,-1,-+/+-/--/-+,0,0,1
noiseless/cached/k4,1,-1,-1,-+/+-/--/+-,0,0,1
noiseless/cached/k4,1,-1,-1,-+/+-/--/++,0,0,1
noiseless/cached/k4,1,-1,-1,-+/+-/-+/--,0,0,1
noiseless/cached/k4,1,-1,-1,-+/+-/-+/-+,0,0,1
noiseless/cached/k4,1,-1,-1,-+/+-/-+/+-,0,0,1
noiseless/cached/k4,1,-1,-1,-+/+-/-+/++,0,0,1
noiseless/cached/k4,1,-1,-1,-+/+-/+-/--,0,0,1
noiseless/cached/k4,1,-1,-1,-+/+-/+-/-+,0,0,1
noiseless/cached/k4,1,-1,-1,-+/+-/+-/+-,0,0,1
noiseless/cached/k4,1,-1,-1,-+/+-/+-/++,0,0,1
noiseless/cached/k4,1,-1,-1,-+/+-/++/--,0,0,1
noiseless/cached/k4,1,-1,-1,-+/+-/++/-+,0,0,1
noiseless/cached/k4,1,-1,-1,-+/+-/++/+-,0,0,1
noiseless/cached/k4,1,-1,-1,-+/+-/++/++,0,0,1
noiseless/cached/k4,1,-1,-1,-+/++/--/--,0,0,1
noiseless/cached/k4,1,-1,-1,-+/++/--/-+,0,0,1
noiseless/cached/k4,1,-1,-1,-+/++/--/+-,0,0,1
noiseless/cached/k4,1,-1,-1,-+/++/--/++,0,0,1
noiseless/cached/k4,1,-1,-1,-+/++/-+/--,0,0,1
noiseless/cached/k4,1,-1,-1,-+/++/-+/-+,0,0,1
noiseless/cached/k4,1,-1,-1,-+/++/-+/+-,0,0,1
noiseless/cached/k4,1,-1,-1,-+/++/-+/++,0,0,1
noiseless/cached/k4,1,-1,-1,-+/++/+-/--,0,0,1
noiseless/cached/k4,1,-1,-1,-+/++/+-/-+,0,0,1
noiseless/cached/k4,1,-1,-1,-+/++/+-/+-,0,0,1
noiseless/cached/k4,1,-1,-1,-+/++/+-/++,0,0,1
noiseless/cached/k4,1,-1,-1,-+/++/++/--,0,0,1
noiseless/cached/k4,1,-1,-1,-+/++/++/-+,0,0,1
noiseless/cached/k4,1,-1,-1,-+/++/++/+-,0,0,1
noiseless/cached/k4,1,-1,-1,-+/++/++/++,0,0,1
noiseless/cached/k4,1,-1,-1,+-/--/--/--,0,0,1
noiseless/cached/k4,1,-1,-1,+-/--/--/-+,0,0,1
noiseless/cached/k4,1,-1,-1,+-/--/--/+-,0,0,1
noiseless/cached/k4,1,-1,-1,+-/--/--/++,0,0,1
noiseless/cached/k4,1,-1,-1,+-/--/-+/--,0,0,1
noiseless/cached/k4,1,-1,-1,+-/--/-+/-+,0,0,1
noiseless/cached/k4,1,-1,-1,+-/--/-+/+-,0,0,1
noiseless/cached/k4,1,-1,-1,+-/--/-+/++,0,0,1
noiseless/cached/k4,1,-1,-1,+-/--/+-/--,0,0,1
noiseless/cached/k4,1,-1,-1,+-/--/+-/-+,0,0,1
noiseless/cached/k4,1,-1,-1,+-/--/+-/+-,0,0,1
noiseless/cached/k4,1,-1,-1,+-/--/+-/++,0,0,1
noiseless/cached/k4,1,-1,-1,+-/--/++/--,0,0,1
noiseless/cached/k4,1,-1,-1,+-/--/++/-+,0,0,1
noiseless/cached/k4,1,-1,-1,+-/--/++/+-,0,0,1
noiseless/cached/k4,1,-1,-1,+-/--/++/++,0,0,1
noiseless/cached/k4,1,-1,-1,+-/-+/--/--,0,0,1
noiseless/cached/k4,1,-1,-1,+-/-+/--/-+,0,0,1
noiseless/cached/k4,1,-1,-1,+-/-+/--/+-,0,0,1
noiseless/cached/k4,1,-1,-1,+-/-+/--/++,0,0,1
noiseless/cached/k4,1,-1,-1,+-/-+/-+/--,0,0,1
noiseless/cached/k4,1,-1,-1,+-/-+/-+/-+,0,0,1
noiseless/cached/k4,1,-1,-1,+-/-+/-+/+-,0,0,1
noiseless/cached/k4,1,-1,-1,+-/-+/-+/++,0,0,1
noiseless/cached/k4,1,-1,-1,+-/-+/+-/--,0,0,1
noiseless/cached/k4,1,-1,-1,+-/-+/+-/-+,0,0,1
noiseless/cached/k4,1,-1,-1,+-/-+/+-/+-,0,0,1
noiseless/cached/k4,1,-1,-1,+-/-+/+-/++,0,0,1
noiseless/cached/k4,1,-1,-1,+-/-+/++/--,0,0,1
noiseless/cached/k4,1,-1,-1,+-/-+/++/-+,0,0,1
noiseless/cached/k4,1,-1,-1,+-/-+/++/+-,0,0,1
noiseless/cached/k4,1,-1,-1,+-/-+/++/++,0,0,1
noiseless/cached/k4,1,-1,-1,+-/+-/--/--,0,0,1
noiseless/cached/k4,1,-1,-1,+-/+-/--/-+,0,0,1
noiseless/cached/k4,1,-1,-1,+-/+-/--/+-,0,0,1
noiseless/cached/k4,1,-1,-1,+-/+-/--/++,0,0,1
noiseless/cached/k4,1,-1,-1,+-/+-/-+/--,0,0,1
noiseless/cached/k4,1,-1,-1,+-/+-/-+/-+,0,0,1
noiseless/cached/k4,1,-1,-1,+-/+-/-+/+-,0,0,1
noiseless/cached/k4,1,-1,-1,+-/+-/-+/++,0,0,1
noiseless/cached/k4,1,-1,-1,+-/+-/+-/--,0,0,1
noiseless/cached/k4,1,-1,-1,+-/+-/+-/-+,0,0,1
noiseless/cached/k4,1,-1,-1,+-/+-/+-/+-,1/4,1,4
noiseless/cached/k4,1,-1,-1,+-/+-/+-/++,0,0,1
noiseless/cached/k4,1,-1,-1,+-/+-/++/--,0,0,1
noiseless/cached/k4,1,-1,-1,+-/+-/++/-+,0,0,1
noiseless/cached/k4,1,-1,-1,+-/+-/++/+-,0,0,1
noiseless/cached/k4,1,-1,-1,+-/+-/++/++,0,0,1
noiseless/cached/k4,1,-1,-1,+-/++/--/--,0,0,1
noiseless/cached/k4,1,-1,-1,+-/++/--/-+,0,0,1
noiseless/cached/k4,1,-1,-1,+-/++/--/+-,0,0,1
noiseless/cached/k4,1,-1,-1,+-/++/--/++,0,0,1
noiseless/cached/k4,1,-1,-1,+-/++/-+/--,0,0,1
noiseless/cached/k4,1,-1,-1,+-/++/-+/-+,0,0,1
noiseless/cached/k4,1,-1,-1,+-/++/-+/+-,0,0,1
noiseless/cached/k4,1,-1,-1,+-/++/-+/++,0,0,1
noiseless/cached/k4,1,-1,-1,+-/++/+-/--,0,0,1
noiseless/cached/k4,1,-1,-1,+-/++/+-/-+,0,0,1
noiseless/cached/k4,1,-1,-1,+-/++/+-/+-,0,0,1
noiseless/cached/k4,1,-1,-1,+-/++/+-/++,0,0,1
noiseless/cached/k4,1,-1,-1,+-/++/++/--,0,0,1
noiseless/cached/k4,1,-1,-1,+-/++/++/-+,0,0,1
noiseless/cached/k4,1,-1,-1,+-/++/++/+-,0,0,1
noiseless/cached/k4,1,-1,-1,+-/++/++/++,0,0,1
noiseless/cached/k4,1,-1,-1,++/--/--/--,0,0,1
noiseless/cached/k4,1,-1,-1,++/--/--/-+,0,0,1
noiseless/cached/k4,1,-1,-1,++/--/--/+-,0,0,1
noiseless/cached/k4,1,-1,-1,++/--/--/++,0,0,1
noiseless/cached/k4,1,-1,-1,++/--/-+/--,0,0,1
noiseless/cached/k4,1,-1,-1,++/--/-+/-+,0,0,1
noiseless/cached/k4,1,-1,-1,++/--/-+/+-,0,0,1
noiseless/cached/k4,1,-1,-1,++/--/-+/++,0,0,1
noiseless/cached/k4,1,-1,-1,++/--/+-/--,0,0,1
noiseless/cached/k4,1,-1,-1,++/--/+-/-+,0,0,1
noiseless/cached/k4,1,-1,-1,++/--/+-/+-,0,0,1
noiseless/cached/k4,1,-1,-1,++/--/+-/++,0,0,1
noiseless/cached/k4,1,-1,-1,++/--/++/--,0,0,1
noiseless/cached/k4,1,-1,-1,++/--/++/-+,0,0,1
noiseless/cached/k4,1,-1,-1,++/--/++/+-,0,0,1
noiseless/cached/k4,1,-1,-1,++/--/++/++,0,0,1
noiseless/cached/k4,1,-1,-1,++/-+/--/--,0,0,1
noiseless/cached/k4,1,-1,-1,++/-+/--/-+,0,0,1
noiseless/cached/k4,1,-1,-1,++/-+/--/+-,0,0,1
noiseless/cached/k4,1,-1,-1,++/-+/--/++,0,0,1
noiseless/cached/k4,1,-1,-1,++/-+/-+/--,0,0,1
noiseless/cached/k4,1,-1,-1,++/-+/-+/-+,0,0,1
noiseless/cached/k4,1,-1,-1,++/-+/-+/+-,0,0,1
noiseless/cached/k4,1,-1,-1,++/-+/-+/++,0,0,1
noiseless/cached/k4,1,-1,-1,++/-+/+-/--,0,0,1
noiseless/cached/k4,1,-1,-1,++/-+/+-/-+,0,0,1
noiseless/cached/k4,1,-1,-1,++/-+/+-/+-,0,0,1
noiseless/cached/k4,1,-1,-1,++/-+/+-/++,0,0,1
noiseless/cached/k4,1,-1,-1,++/-+/++/--,0,0,1
noiseless/cached/k4,1,-1,-1,++/-+/++/-+,0,0,1
noiseless/cached/k4,1,-1,-1,++/-+/++/+-,0,0,1
noiseless/cached/k4,1,-1,-1,++/-+/++/++,0,0,1
noiseless/cached/k4,1,-1,-1,++/+-/--/--,0,0,1
noiseless/cached/k4,1,-1,-1,++/+-/--/-+,0,0,1
noiseless/cached/k4,1,-1,-1,++/+-/--/+-,0,0,1
noiseless/cached/k4,1,-1,-1,++/+-/--/++,0,0,1
noiseless/cached/k4,1,-1,-1,++/+-/-+/--,0,0,1
noiseless/cached/k4,1,-1,-1,++/+-/-+/-+,0,0,1
noiseless/cached/k4,1,-1,-1,++/+-/-+/+-,0,0,1
noiseless/cached/k4,1,-1,-1,++/+-/-+/++,0,0,1
noiseless/cached/k4,1,-1,-1,++/+-/+-/--,0,0,1
noiseless/cached/k4,1,-1,-1,++/+-/+-/-+,0,0,1
noiseless/cached/k4,1,-1,-1,++/+-/+-/+-,0,0,1
noiseless/cached/k4,1,-1,-1,++/+-/+-/++,0,0,1
noiseless/cached/k4,1,-1,-1,++/+-/++/--,0,0,1
noiseless/cached/k4,1,-1,-1,++/+-/++/-+,0,0,1
noiseless/cached/k4,1,-1,-1,++/+-/++/+-,0,0,1
noiseless/cached/k4,1,-1,-1,++/+-/++/++,0,0,1
noiseless/cached/k4,1,-1,-1,++/++/--/--,0,0,1
noiseless/cached/k4,1,-1,-1,++/++/--/-+,0,0,1
noiseless/cached/k4,1,-1,-1,++/++/--/+-,0,0,1
noiseless/cached/k4,1,-1,-1,++/++/--/++,0,0,1
noiseless/cached/k4,1,-1,-1,++/++/-+/--,0,0,1
noiseless/cached/k4,1,-1,-1,++/++/-+/-+,0,0,1
noiseless/cached/k4,1,-1,-1,++/++/-+/+-,0,0,1
noiseless/cached/k4,1,-1,-1,++/++/-+/++,0,0,1
noiseless/cached/k4,1,-1,-1,++/++/+-/--,0,0,1
noiseless/cached/k4,1,-1,-1,++/++/+-/-+,0,0,1
noiseless/cached/k4,1,-1,-1,++/++/+-/+-,0,0,1
noiseless/cached/k4,1,-1,-1,++/++/+-/++,0,0,1
noiseless/cached/k4,1,-1,-1,++/++/++/--,0,0,1
noiseless/cached/k4,1,-1,-1,++/++/++/-+,0,0,1
noiseless/cached/k4,1,-1,-1,++/++/++/+-,0,0,1
noiseless/cached/k4,1,-1,-1,++/++/++/++,0,0,1
noiseless/cached/k4,1,1,1,--/--/--/--,0,0,1
noiseless/cached/k4,1,1,1,--/--/--/-+,0,0,1
noiseless/cached/k4,1,1,1,--/--/--/+-,0,0,1
noiseless/cached/k4,1,1,1,--/--/--/++,0,0,1
noiseless/cached/k4,1,1,1,--/--/-+/--,0,0,1
noiseless/cached/k4,1,1,1,--/--/-+/-+,0,0,1
noiseless/cached/k4,1,1,1,--/--/-+/+-,0,0,1
noiseless/cached/k4,1,1,1,--/--/-+/++,0,0,1
noiseless/cached/k4,1,1,1,--/--/+-/--,0,0,1
noiseless/cached/k4,1,1,1,--/--/+-/-+,0,0,1
noiseless/cached/k4,1,1,1,--/--/+-/+-,0,0,1
noiseless/cached/k4,1,1,1,--/--/+-/++,0,0,1
noiseless/cached/k4,1,1,1,--/--/++/--,0,0,1
noiseless/cached/k4,1,1,1,--/--/++/-+,0,0,1
noiseless/cached/k4,1,1,1,--/--/++/+-,0,0,1
noiseless/cached/k4,1,1,1,--/--/++/++,0,0,1
noiseless/cached/k4,1,1,1,--/-+/--/--,0,0,1
noiseless/cached/k4,1,1,1,--/-+/--/-+,0,0,1
noiseless/cached/k4,1,1,1,--/-+/--/+-,0,0,1
noiseless/cached/k4,1,1,1,--/-+/--/++,0,0,1
noiseless/cached/k4,1,1,1,--/-+/-+/--,0,0,1
noiseless/cached/k4,1,1,1,--/-+/-+/-+,0,0,1
noiseless/cached/k4,1,1,1,--/-+/-+/+-,0,0,1
noiseless/cached/k4,1,1,1,--/-+/-+/++,0,0,1
noiseless/cached/k4,1,1,1,--/-+/+-/--,0,0,1
noiseless/cached/k4,1,1,1,--/-+/+-/-+,0,0,1
noiseless/cached/k4,1,1,1,--/-+/+-/+-,0,0,1
noiseless/cached/k4,1,1,1,--/-+/+-/++,0,0,1
noiseless/cached/k4,1,1,1,--/-+/++/--,0,0,1
noiseless/cached/k4,1,1,1,--/-+/++/-+,0,0,1
noiseless/cached/k4,1,1,1,--/-+/++/+-,0,0,1
noiseless/cached/k4,1,1,1,--/-+/++/++,0,0,1
noiseless/cached/k4,1,1,1,--/+-/--/--,0,0,1
noiseless/cached/k4,1,1,1,--/+-/--/-+,0,0,1
noiseless/cached/k4,1,1,1,--/+-/--/+-,0,0,1
noiseless/cached/k4,1,1,1,--/+-/--/++,0,0,1
noiseless/cached/k4,1,1,1,--/+-/-+/--,0,0,1
noiseless/cached/k4,1,1,1,--/+-/-+/-+,0,0,1
noiseless/cached/k4,1,1,1,--/+-/-+/+-,0,0,1
noiseless/cached/k4,1,1,1,--/+-/-+/++,0,0,1
noiseless/cached/k4,1,1,1,--/+-/+-/--,0,0,1
noiseless/cached/k4,1,1,1,--/+-/+-/-+,0,0,1
noiseless/cached/k4,1,1,1,--/+-/+-/+-,0,0,1
noiseless/cached/k4,1,1,1,--/+-/+-/++,0,0,1
noiseless/cached/k4,1,1,1,--/+-/++/--,0,0,1
noiseless/cached/k4,1,1,1,--/+-/++/-+,0,0,1
noiseless/cached/k4,1,1,1,--/+-/++/+-,0,0,1
noiseless/cached/k4,1,1,1,--/+-/++/++,0,0,1
noiseless/cached/k4,1,1,1,--/++/--/--,0,0,1
noiseless/cached/k4,1,1,1,--/++/--/-+,0,0,1
noiseless/cached/k4,1,1,1,--/++/--/+-,0,0,1
noiseless/cached/k4,1,1,1,--/++/--/++,0,0,1
noiseless/cached/k4,1,1,1,--/++/-+/--,0,0,1
noiseless/cached/k4,1,1,1,--/++/-+/-+,0,0,1
noiseless/cached/k4,1,1,1,--/++/-+/+-,0,0,1
noiseless/cached/k4,1,1,1,--/++/-+/++,0,0,1
noiseless/cached/k4,1,1,1,--/++/+-/--,0,0,1
noiseless/cached/k4,1,1,1,--/++/+-/-+,0,0,1
noiseless/cached/k4,1,1,1,--/++/+-/+-,0,0,1
noiseless/cached/k4,1,1,1,--/++/+-/++,0,0,1
noiseless/cached/k4,1,1,1,--/++/++/--,0,0,1
noiseless/cached/k4,1,1,1,--/++/++/-+,0,0,1
noiseless/cached/k4,1,1,1,--/++/++/+-,0,0,1
noiseless/cached/k4,1,1,1,--/++/++/++,0,0,1
noiseless/cached/k4,1,1,1,-+/--/--/--,0,0,1
noiseless/cached/k4,1,1,1,-+/--/--/-+,0,0,1
noiseless/cached/k4,1,1,1,-+/--/--/+-,0,0,1
noiseless/cached/k4,1,1,1,-+/--/--/++,0,0,1
noiseless/cached/k4,1,1,1,-+/--/-+/--,0,0,1
noiseless/cached/k4,1,1,1,-+/--/-+/-+,0,0,1
noiseless/cached/k4,1,1,1,-+/--/-+/+-,0,0,1
noiseless/cached/k4,1,1,1,-+/--/-+/++,0,0,1
noiseless/cached/k4,1,1,1,-+/--/+-/--,0,0,1
noiseless/cached/k4,1,1,1,-+/--/+-/-+,0,0,1
noiseless/cached/k4,1,1,1,-+/--/+-/+-,0,0,1
noiseless/cached/k4,1,1,1,-+/--/+-/++,0,0,1
noiseless/cached/k4,1,1,1,-+/--/++/--,0,0,1
noiseless/cached/k4,1,1,1,-+/--/++/-+,0,0,1
noiseless/cached/k4,1,1,1,-+/--/++/+-,0,0,1
noiseless/cached/k4,1,1,1,-+/--/++/++,0,0,1
noiseless/cached/k4,1,1,1,-+/-+/--/--,0,0,1
noiseless/cached/k4,1,1,1,-+/-+/--/-+,0,0,1
noiseless/cached/k4,1,1,1,-+/-+/--/+-,0,0,1
noiseless/cached/k4,1,1,1,-+/-+/--/++,0,0,1
noiseless/cached/k4,1,1,1,-+/-+/-+/--,0,0,1
noiseless/cached/k4,1,1,1,-+/-+/-+/-+,0,0,1
noiseless/cached/k4,1,1,1,-+/-+/-+/+-,0,0,1
noiseless/cached/k4,1,1,1,-+/-+/-+/++,0,0,1
noiseless/cached/k4,1,1,1,-+/-+/+-/--,0,0,1
noiseless/cached/k4,1,1,1,-+/-+/+-/-+,0,0,1
noiseless/cached/k4,1,1,1,-+/-+/+-/+-,0,0,1
noiseless/cached/k4,1,1,1,-+/-+/+-/++,0,0,1
noiseless/cached/k4,1,1,1,-+/-+/++/--,0,0,1
noiseless/cached/k4,1,1,1,-+/-+/++/-+,0,0,1
noiseless/cached/k4,1,1,1,-+/-+/++/+-,0,0,1
noiseless/cached/k4,1,1,1,-+/-+/++/++,0,0,1
noiseless/cached/k4,1,1,1,-+/+-/--/--,0,0,1
noiseless/cached/k4,1,1,1,-+/+-/--/-+,0,0,1
noiseless/cached/k4,1,1,1,-+/+-/--/+-,0,0,1
noiseless/cached/k4,1,1,1,-+/+-/--/++,0,0,1
noiseless/cached/k4,1,1,1,-+/+-/-+/--,0,0,1
noiseless/cached/k4,1,1,1,-+/+-/-+/-+,0,0,1
noiseless/cached/k4,1,1,1,-+/+-/-+/+-,0,0,1
noiseless/cached/k4,1,1,1,-+/+-/-+/++,0,0,1
noiseless/cached/k4,1,1,1,-+/+-/+-/--,0,0,1
noiseless/cached/k4,1,1,1,-+/+-/+-/-+,0,0,1
noiseless/cached/k4,1,1,1,-+/+-/+-/+-,0,0,1
noiseless/cached/k4,1,1,1,-+/+-/+-/++,0,0,1
noiseless/cached/k4,1,1,1,-+/+-/++/--,0,0,1
noiseless/cached/k4,1,1,1,-+/+-/++/-+,0,0,1
noiseless/cached/k4,1,1,1,-+/+-/++/+-,0,0,1
noiseless/cached/k4,1,1,1,-+/+-/++/++,0,0,1
noiseless/cached/k4,1,1,1,-+/++/--/--,0,0,1
noiseless/cached/k4,1,1,1,-+/++/--/-+,0,0,1
noiseless/cached/k4,1,1,1,-+/++/--/+-,0,0,1
noiseless/cached/k4,1,1,1,-+/++/--/++,0,0,1
noiseless/cached/k4,1,1,1,-+/++/-+/--,0,0,1
noiseless/cached/k4,1,1,1,-+/++/-+/-+,0,0,1
noiseless/cached/k4,1,1,1,-+/++/-+/+-,0,0,1
noiseless/cached/k4,1,1,1,-+/++/-+/++,0,0,1
noiseless/cached/k4,1,1,1,-+/++/+-/--,0,0,1
noiseless/cached/k4,1,1,1,-+/++/+-/-+,0,0,1
noiseless/cached/k4,1,1,1,-+/++/+-/+-,0,0,1
noiseless/cached/k4,1,1,1,-+/++/+-/++,0,0,1
noiseless/cached/k4,1,1,1,-+/++/++/--,0,0,1
noiseless/cached/k4,1,1,1,-+/++/++/-+,0,0,1
noiseless/cached/k4,1,1,1,-+/++/++/+-,0,0,1
noiseless/cached/k4,1,1,1,-+/++/++/++,0,0,1
noiseless/cached/k4,1,1,1,+-/--/--/--,0,0,1
noiseless/cached/k4,1,1,1,+-/--/--/-+,0,0,1
noiseless/cached/k4,1,1,1,+-/--/--/+-,0,0,1
noiseless/cached/k4,1,1,1,+-/--/--/++,0,0,1
noiseless/cached/k4,1,1,1,+-/--/-+/--,0,0,1
noiseless/cached/k4,1,1,1,+-/--/-+/-+,0,0,1
noiseless/cached/k4,1,1,1,+-/--/-+/+-,0,0,1
noiseless/cached/k4,1,1,1,+-/--/-+/++,0,0,1
noiseless/cached/k4,1,1,1,+-/--/+-/--,0,0,1
noiseless/cached/k4,1,1,1,+-/--/+-/-+,0,0,1
noiseless/cached/k4,1,1,1,+-/--/+-/+-,0,0,1
noiseless/cached/k4,1,1,1,+-/--/+-/++,0,0,1
noiseless/cached/k4,1,1,1,+-/--/++/--,0,0,1
noiseless/cached/k4,1,1,1,+-/--/++/-+,0,0,1
noiseless/cached/k4,1,1,1,+-/--/++/+-,0,0,1
noiseless/cached/k4,1,1,1,+-/--/++/++,0,0,1
noiseless/cached/k4,1,1,1,+-/-+/--/--,0,0,1
noiseless/cached/k4,1,1,1,+-/-+/--/-+,0,0,1
noiseless/cached/k4,1,1,1,+-/-+/--/+-,0,0,1
noiseless/cached/k4,1,1,1,+-/-+/--/++,0,0,1
noiseless/cached/k4,1,1,1,+-/-+/-+/--,0,0,1
noiseless/cached/k4,1,1,1,+-/-+/-+/-+,0,0,1
noiseless/cached/k4,1,1,1,+-/-+/-+/+-,0,0,1
noiseless/cached/k4,1,1,1,+-/-+/-+/++,0,0,1
noiseless/cached/k4,1,1,1,+-/-+/+-/--,0,0,1
noiseless/cached/k4,1,1,1,+-/-+/+-/-+,0,0,1
noiseless/cached/k4,1,1,1,+-/-+/+-/+-,0,0,1
noiseless/cached/k4,1,1,1,+-/-+/+-/++,0,0,1
noiseless/cached/k4,1,1,1,+-/-+/++/--,0,0,1
noiseless/cached/k4,1,1,1,+-/-+/++/-+,0,0,1
noiseless/cached/k4,1,1,1,+-/-+/++/+-,0,0,1
noiseless/cached/k4,1,1,1,+-/-+/++/++,0,0,1
noiseless/cached/k4,1,1,1,+-/+-/--/--,0,0,1
noiseless/cached/k4,1,1,1,+-/+-/--/-+,0,0,1
noiseless/cached/k4,1,1,1,+-/+-/--/+-,0,0,1
noiseless/cached/k4,1,1,1,+-/+-/--/++,0,0,1
noiseless/cached/k4,1,1,1,+-/+-/-+/--,0,0,1
noiseless/cached/k4,1,1,1,+-/+-/-+/-+,0,0,1
noiseless/cached/k4,1,1,1,+-/+-/-+/+-,0,0,1
noiseless/cached/k4,1,1,1,+-/+-/-+/++,0,0,1
noiseless/cached/k4,1,1,1,+-/+-/+-/--,0,0,1
noiseless/cached/k4,1,1,1,+-/+-/+-/-+,0,0,1
noiseless/cached/k4,1,1,1,+-/+-/+-/+-,0,0,1
noiseless/cached/k4,1,1,1,+-/+-/+-/++,0,0,1
noiseless/cached/k4,1,1,1,+-/+-/++/--,0,0,1
noiseless/cached/k4,1,1,1,+-/+-/++/-+,0,0,1
noiseless/cached/k4,1,1,1,+-/+-/++/+-,0,0,1
noiseless/cached/k4,1,1,1,+-/+-/++/++,0,0,1
noiseless/cached/k4,1,1,1,+-/++/--/--,0,0,1
noiseless/cached/k4,1,1,1,+-/++/--/-+,0,0,1
noiseless/cached/k4,1,1,1,+-/++/--/+-,0,0,1
noiseless/cached/k4,1,1,1,+-/++/--/++,0,0,1
noiseless/cached/k4,1,1,1,+-/++/-+/--,0,0,1
noiseless/cached/k4,1,1,1,+-/++/-+/-+,0,0,1
noiseless/cached/k4,1,1,1,+-/++/-+/+-,0,0,1
noiseless/cached/k4,1,1,1,+-/++/-+/++,0,0,1
noiseless/cached/k4,1,1,1,+-/++/+-/--,0,0,1
noiseless/cached/k4,1,1,1,+-/++/+-/-+,0,0,1
noiseless/cached/k4,1,1,1,+-/++/+-/+-,0,0,1
noiseless/cached/k4,1,1,1,+-/++/+-/++,0,0,1
noiseless/cached/k4,1,1,1,+-/++/++/--,0,0,1
noiseless/cached/k4,1,1,1,+-/++/++/-+,0,0,1
noiseless/cached/k4,1,1,1,+-/++/++/+-,0,0,1
noiseless/cached/k4,1,1,1,+-/++/++/++,0,0,1
noiseless/cached/k4,1,1,1,++/--/--/--,0,0,1
noiseless/cached/k4,1,1,1,++/--/--/-+,0,0,1
noiseless/cached/k4,1,1,1,++/--/--/+-,0,0,1
noiseless/cached/k4,1,1,1,++/--/--/++,0,0,1
noiseless/cached/k4,1,1,1,++/--/-+/--,0,0,1
noiseless/cached/k4,1,1,1,++/--/-+/-+,0,0,1
noiseless/cached/k4,1,1,1,++/--/-+/+-,0,0,1
noiseless/cached/k4,1,1,1,++/--/-+/++,0,0,1
noiseless/cached/k4,1,1,1,++/--/+-/--,0,0,1
noiseless/cached/k4,1,1,1,++/--/+-/-+,0,0,1
noiseless/cached/k4,1,1,1,++/--/+-/+-,0,0,1
noiseless/cached/k4,1,1,1,++/--/+-/++,0,0,1
noiseless/cached/k4,1,1,1,++/--/++/--,0,0,1
noiseless/cached/k4,1,1,1,++/--/++/-+,0,0,1
noiseless/cached/k4,1,1,1,++/--/++/+-,0,0,1
noiseless/cached/k4,1,1,1,++/--/++/++,0,0,1
noiseless/cached/k4,1,1,1,++/-+/--/--,0,0,1
noiseless/cached/k4,1,1,1,++/-+/--/-+,0,0,1
noiseless/cached/k4,1,1,1,++/-+/--/+-,0,0,1
noiseless/cached/k4,1,1,1,++/-+/--/++,0,0,1
noiseless/cached/k4,1,1,1,++/-+/-+/--,0,0,1
noiseless/cached/k4,1,1,1,++/-+/-+/-+,0,0,1
noiseless/cached/k4,1,1,1,++/-+/-+/+-,0,0,1
noiseless/cached/k4,1,1,1,++/-+/-+/++,0,0,1
noiseless/cached/k4,1,1,1,++/-+/+-/--,0,0,1
noiseless/cached/k4,1,1,1,++/-+/+-/-+,0,0,1
noiseless/cached/k4,1,1,1,++/-+/+-/+-,0,0,1
noiseless/cached/k4,1,1,1,++/-+/+-/++,0,0,1
noiseless/cached/k4,1,1,1,++/-+/++/--,0,0,1
noiseless/cached/k4,1,1,1,++/-+/++/-+,0,0,1
noiseless/cached/k4,1,1,1,++/-+/++/+-,0,0,1
noiseless/cached/k4,1,1,1,++/-+/++/++,0,0,1
noiseless/cached/k4,1,1,1,++/+-/--/--,0,0,1
noiseless/cached/k4,1,1,1,++/+-/--/-+,0,0,1
noiseless/cached/k4,1,1,1,++/+-/--/+-,0,0,1
noiseless/cached/k4,1,1,1,++/+-/--/++,0,0,1
noiseless/cached/k4,1,1,1,++/+-/-+/--,0,0,1
noiseless/cached/k4,1,1,1,++/+-/-+/-+,0,0,1
noiseless/cached/k4,1,1,1,++/+-/-+/+-,0,0,1
noiseless/cached/k4,1,1,1,++/+-/-+/++,0,0,1
noiseless/cached/k4,1,1,1,++/+-/+-/--,0,0,1
noiseless/cached/k4,1,1,1,++/+-/+-/-+,0,0,1
noiseless/cached/k4,1,1,1,++/+-/+-/+-,0,0,1
noiseless/cached/k4,1,1,1,++/+-/+-/++,0,0,1
noiseless/cached/k4,1,1,1,++/+-/++/--,0,0,1
noiseless/cached/k4,1,1,1,++/+-/++/-+,0,0,1
noiseless/cached/k4,1,1,1,++/+-/++/+-,0,0,1
noiseless/cached/k4,1,1,1,++/+-/++/++,0,0,1
noiseless/cached/k4,1,1,1,++/++/--/--,0,0,1
noiseless/cached/k4,1,1,1,++/++/--/-+,0,0,1
noiseless/cached/k4,1,1,1,++/++/--/+-,0,0,1
noiseless/cached/k4,1,1,1,++/++/--/++,0,0,1
noiseless/cached/k4,1,1,1,++/++/-+/--,0,0,1
noiseless/cached/k4,1,1,1,++/++/-+/-+,0,0,1
noiseless/cached/k4,1,1,1,++/++/-+/+-,0,0,1
noiseless/cached/k4,1,1,1,++/++/-+/++,0,0,1
noiseless/cached/k4,1,1,1,++/++/+-/--,0,0,1
noiseless/cached/k4,1,1,1,++/++/+-/-+,0,0,1
noiseless/cached/k4,1,1,1,++/++/+-/+-,0,0,1
noiseless/cached/k4,1,1,1,++/++/+-/++,0,0,1
noiseless/cached/k4,1,1,1,++/++/++/--,0,0,1
noiseless/cached/k4,1,1,1,++/++/++/-+,0,0,1
noiseless/cached/k4,1,1,1,++/++/++/+-,0,0,1
noiseless/cached/k4,1,1,1,++/++/++/++,1/4,1,4
