beta,seed,phase,release,epoch,mapper_optimizer_steps,adversary_optimizer_steps,fit_base_loss,fit_source_ce,fit_source_losses,fit_reconstruction_mse,fit_adversary_ce,fit_normalized_adversary_ce,source_validation_base_loss,source_validation_ce,source_validation_losses,source_validation_reconstruction_mse,selection,fit_preservation_loss,preservation_coefficient,fit_applied_preservation,source_coefficient,reconstruction_coefficient,protection_coefficient,fit_applied_protection,fit_objective
beta_0p1,0,warm_base,beta_0p1_W,0,0,0,0.8058930039405823,0.7027423977851868,"{""income_binary"":0.6993687152862549,""civilian_at_work"":0.6676714420318604,""public_coverage"":0.7411870956420898}",1.031505823135376,,,0.806303083896637,0.7035148739814758,"{""income_binary"":0.7059230208396912,""civilian_at_work"":0.6681001782417297,""public_coverage"":0.7365214824676514}",1.0278820991516113,none; fixed final iterate,1.6824472494502318e-15,0.1,1.6824472494502318e-16,1.0,0.1,0.0,0.0,0.8058930039405825
beta_0p1,0,warm_base,beta_0p1_W,5,210,0,0.47085657715797424,0.415179580450058,"{""income_binary"":0.35092708468437195,""civilian_at_work"":0.36433547735214233,""public_coverage"":0.5302761197090149}",0.5567699074745178,,,0.4730691909790039,0.4173526465892792,"{""income_binary"":0.3558579087257385,""civilian_at_work"":0.3695630729198456,""public_coverage"":0.5266369581222534}",0.5571653246879578,none; fixed final iterate,0.569233775138855,0.1,0.0569233775138855,1.0,0.1,0.0,0.0,0.5277799546718598
beta_0p1,0,warm_base,beta_0p1_W,10,420,0,0.4264651834964752,0.3766217529773712,"{""income_binary"":0.31597083806991577,""civilian_at_work"":0.3123775124549866,""public_coverage"":0.5015169382095337}",0.4984341859817505,,,0.4301730990409851,0.3803230822086334,"{""income_binary"":0.32081323862075806,""civilian_at_work"":0.3188266158103943,""public_coverage"":0.5013294219970703}",0.4985002875328064,none; fixed final iterate,0.508384644985199,0.1,0.0508384644985199,1.0,0.1,0.0,0.0,0.47730364799499514
beta_0p1,0,warm_base,beta_0p1_W,15,630,0,0.41048556566238403,0.3631550371646881,"{""income_binary"":0.3044890761375427,""civilian_at_work"":0.2938564717769623,""public_coverage"":0.4911195933818817}",0.47330528497695923,,,0.4163505434989929,0.3689860999584198,"{""income_binary"":0.31139200925827026,""civilian_at_work"":0.3021606504917145,""public_coverage"":0.4934055507183075}",0.47364428639411926,none; fixed final iterate,0.4152801036834717,0.1,0.04152801036834717,1.0,0.1,0.0,0.0,0.4520135760307312
beta_0p1,0,warm_base,beta_0p1_W,20,840,0,0.3992208242416382,0.3550863564014435,"{""income_binary"":0.29799047112464905,""civilian_at_work"":0.28489476442337036,""public_coverage"":0.4823738634586334}",0.44134464859962463,,,0.40688106417655945,0.3627091646194458,"{""income_binary"":0.3057531714439392,""civilian_at_work"":0.2951185703277588,""public_coverage"":0.487255722284317}",0.4417189061641693,none; fixed final iterate,0.35987037420272827,0.1,0.03598703742027283,1.0,0.1,0.0,0.0,0.435207861661911
beta_0p1,0,warm_base,beta_0p1_W,25,1050,0,0.391633003950119,0.35025396943092346,"{""income_binary"":0.2923200726509094,""civilian_at_work"":0.2807130813598633,""public_coverage"":0.4777287542819977}",0.4137902855873108,,,0.4010869264602661,0.3595927059650421,"{""income_binary"":0.30110499262809753,""civilian_at_work"":0.29325658082962036,""public_coverage"":0.48441657423973083}",0.4149422347545624,none; fixed final iterate,0.31760480999946594,0.1,0.0317604809999466,1.0,0.1,0.0,0.0,0.4233934849500656
beta_0p1,0,warm_base,beta_0p1_W,30,1260,0,0.38395386934280396,0.3454933166503906,"{""income_binary"":0.2893030345439911,""civilian_at_work"":0.27527928352355957,""public_coverage"":0.47189760208129883}",0.3846055269241333,,,0.3960767388343811,0.35741302371025085,"{""income_binary"":0.30066588521003723,""civilian_at_work"":0.2888837456703186,""public_coverage"":0.48268935084342957}",0.3866370618343353,none; fixed final iterate,0.297198086977005,0.1,0.029719808697700502,1.0,0.1,0.0,0.0,0.4136736780405045
beta_0p1,0,warm_base,beta_0p1_W,35,1470,0,0.37739095091819763,0.3414980471134186,"{""income_binary"":0.28533804416656494,""civilian_at_work"":0.2735288441181183,""public_coverage"":0.46562737226486206}",0.3589290678501129,,,0.39082321524620056,0.354623943567276,"{""income_binary"":0.2970665395259857,""civilian_at_work"":0.2877267003059387,""public_coverage"":0.4790786802768707}",0.36199265718460083,none; fixed final iterate,0.2853391766548157,0.1,0.028533917665481568,1.0,0.1,0.0,0.0,0.4059248685836792
beta_0p1,0,warm_base,beta_0p1_W,40,1680,0,0.37243714928627014,0.3389350175857544,"{""income_binary"":0.28314921259880066,""civilian_at_work"":0.2706342041492462,""public_coverage"":0.4630216360092163}",0.3350212574005127,,,0.3877038359642029,0.3538362681865692,"{""income_binary"":0.2946301996707916,""civilian_at_work"":0.28774166107177734,""public_coverage"":0.47913694381713867}",0.33867576718330383,none; fixed final iterate,0.2744036912918091,0.1,0.027440369129180908,1.0,0.1,0.0,0.0,0.39987751841545105
beta_0p1,0,warm_base,beta_0p1_W,45,1890,0,0.369458943605423,0.33757510781288147,"{""income_binary"":0.2818772792816162,""civilian_at_work"":0.26860731840133667,""public_coverage"":0.46224072575569153}",0.3188384473323822,,,0.3855120539665222,0.35319653153419495,"{""income_binary"":0.29557350277900696,""civilian_at_work"":0.2872214913368225,""public_coverage"":0.47679466009140015}",0.32315516471862793,none; fixed final iterate,0.2392851710319519,0.1,0.023928517103195192,1.0,0.1,0.0,0.0,0.3933874607086182
beta_0p1,0,warm_base,beta_0p1_W,50,2100,0,0.36508309841156006,0.3345569670200348,"{""income_binary"":0.27913451194763184,""civilian_at_work"":0.26604366302490234,""public_coverage"":0.45849278569221497}",0.30526140332221985,,,0.3840937614440918,0.35305336117744446,"{""income_binary"":0.2941812574863434,""civilian_at_work"":0.2863544523715973,""public_coverage"":0.4786244034767151}",0.31040406227111816,none; fixed final iterate,0.23542292416095734,0.1,0.023542292416095734,1.0,0.1,0.0,0.0,0.3886253908276558
beta_0p1,0,warm_base,beta_0p1_W,55,2310,0,0.36198198795318604,0.332554429769516,"{""income_binary"":0.27721524238586426,""civilian_at_work"":0.2637738287448883,""public_coverage"":0.4566742777824402}",0.2942754626274109,,,0.38174763321876526,0.3517515957355499,"{""income_binary"":0.292544960975647,""civilian_at_work"":0.28633299469947815,""public_coverage"":0.4763769209384918}",0.29996049404144287,none; fixed final iterate,0.22995269298553467,0.1,0.02299526929855347,1.0,0.1,0.0,0.0,0.3849772572517395
beta_0p1,0,warm_base,beta_0p1_W,60,2520,0,0.35937225818634033,0.33091220259666443,"{""income_binary"":0.2765885591506958,""civilian_at_work"":0.2625897526741028,""public_coverage"":0.4535582363605499}",0.2846005856990814,,,0.38103246688842773,0.3520277440547943,"{""income_binary"":0.29373741149902344,""civilian_at_work"":0.2855510711669922,""public_coverage"":0.4767947196960449}",0.2900471091270447,none; fixed final iterate,0.2166472226381302,0.1,0.02166472226381302,1.0,0.1,0.0,0.0,0.38103698045015333
beta_0p1,0,warm_adversary,beta_0p1_W,0,2520,0,0.35937225818634033,0.33091220259666443,"{""income_binary"":0.2765885591506958,""civilian_at_work"":0.2625897526741028,""public_coverage"":0.4535582363605499}",0.2846005856990814,"{""SEX"":0.7112927436828613,""RAC1P"":2.2306747436523438}",1.3741705417633057,0.38103246688842773,0.3520277440547943,"{""income_binary"":0.29373741149902344,""civilian_at_work"":0.2855510711669922,""public_coverage"":0.4767947196960449}",0.2900471091270447,none; fixed final iterate,0.2166472226381302,0.0,0.0,1.0,0.1,0.0,0.0,0.35937225818634033
beta_0p1,0,warm_adversary,beta_0p1_W,5,2520,210,0.35937225818634033,0.33091220259666443,"{""income_binary"":0.2765885591506958,""civilian_at_work"":0.2625897526741028,""public_coverage"":0.4535582363605499}",0.2846005856990814,"{""SEX"":0.6508102416992188,""RAC1P"":1.2398771047592163}",0.9481627345085144,0.38103246688842773,0.3520277440547943,"{""income_binary"":0.29373741149902344,""civilian_at_work"":0.2855510711669922,""public_coverage"":0.4767947196960449}",0.2900471091270447,none; fixed final iterate,0.2166472226381302,0.0,0.0,1.0,0.1,0.0,0.0,0.35937225818634033
beta_0p1,0,warm_adversary,beta_0p1_W,10,2520,420,0.35937225818634033,0.33091220259666443,"{""income_binary"":0.2765885591506958,""civilian_at_work"":0.2625897526741028,""public_coverage"":0.4535582363605499}",0.2846005856990814,"{""SEX"":0.6409945487976074,""RAC1P"":1.2072805166244507}",0.9284995198249817,0.38103246688842773,0.3520277440547943,"{""income_binary"":0.29373741149902344,""civilian_at_work"":0.2855510711669922,""public_coverage"":0.4767947196960449}",0.2900471091270447,none; fixed final iterate,0.2166472226381302,0.0,0.0,1.0,0.1,0.0,0.0,0.35937225818634033
beta_0p1,0,warm_adversary,beta_0p1_W,15,2520,630,0.35937225818634033,0.33091220259666443,"{""income_binary"":0.2765885591506958,""civilian_at_work"":0.2625897526741028,""public_coverage"":0.4535582363605499}",0.2846005856990814,"{""SEX"":0.6360406279563904,""RAC1P"":1.1943210363388062}",0.9199231266975403,0.38103246688842773,0.3520277440547943,"{""income_binary"":0.29373741149902344,""civilian_at_work"":0.2855510711669922,""public_coverage"":0.4767947196960449}",0.2900471091270447,none; fixed final iterate,0.2166472226381302,0.0,0.0,1.0,0.1,0.0,0.0,0.35937225818634033
beta_0p1,0,warm_adversary,beta_0p1_W,20,2520,840,0.35937225818634033,0.33091220259666443,"{""income_binary"":0.2765885591506958,""civilian_at_work"":0.2625897526741028,""public_coverage"":0.4535582363605499}",0.2846005856990814,"{""SEX"":0.6338415741920471,""RAC1P"":1.1849381923675537}",0.9147151708602905,0.38103246688842773,0.3520277440547943,"{""income_binary"":0.29373741149902344,""civilian_at_work"":0.2855510711669922,""public_coverage"":0.4767947196960449}",0.2900471091270447,none; fixed final iterate,0.2166472226381302,0.0,0.0,1.0,0.1,0.0,0.0,0.35937225818634033
beta_0p1,0,continuation,beta_0p1_C_warmup_only,0,2520,840,0.35937225818634033,0.33091220259666443,"{""income_binary"":0.2765885591506958,""civilian_at_work"":0.2625897526741028,""public_coverage"":0.4535582363605499}",0.2846005856990814,"{""SEX"":0.6338415741920471,""RAC1P"":1.1849381923675537}",0.9147151708602905,0.38103246688842773,0.3520277440547943,"{""income_binary"":0.29373741149902344,""civilian_at_work"":0.2855510711669922,""public_coverage"":0.4767947196960449}",0.2900471091270447,none; fixed final iterate,0.2166472226381302,0.0,0.0,1.0,0.1,0.0,0.0,0.35937225818634033
beta_0p1,0,continuation,beta_0p1_C_warmup_only,5,2730,1470,0.35050374269485474,0.325153112411499,"{""income_binary"":0.2714425325393677,""civilian_at_work"":0.25684598088264465,""public_coverage"":0.4471708834171295}",0.25350630283355713,"{""SEX"":0.6284387707710266,""RAC1P"":1.1741446256637573}",0.906650722026825,0.3770057260990143,0.3512779176235199,"{""income_binary"":0.29126790165901184,""civilian_at_work"":0.283337265253067,""public_coverage"":0.47922858595848083}",0.25727805495262146,none; fixed final iterate,0.41490426659584045,0.0,0.0,1.0,0.1,0.0,0.0,0.35050374269485474
beta_0p1,0,continuation,beta_0p1_C_warmup_only,10,2940,2100,0.3463743031024933,0.3242790997028351,"{""income_binary"":0.2718236446380615,""civilian_at_work"":0.2553604543209076,""public_coverage"":0.4456532299518585}",0.22095197439193726,"{""SEX"":0.6368120312690735,""RAC1P"":1.1674975156784058}",0.9101283550262451,0.3748248517513275,0.35274890065193176,"{""income_binary"":0.29250457882881165,""civilian_at_work"":0.28530630469322205,""public_coverage"":0.480435848236084}",0.2207595705986023,none; fixed final iterate,0.5077831745147705,0.0,0.0,1.0,0.1,0.0,0.0,0.3463743031024933
beta_0p1,0,continuation,beta_0p1_C_warmup_only,15,3150,2730,0.3406642973423004,0.32173284888267517,"{""income_binary"":0.26936614513397217,""civilian_at_work"":0.2527603805065155,""public_coverage"":0.4430719316005707}",0.18931441009044647,"{""SEX"":0.6182494759559631,""RAC1P"":1.161777138710022}",0.8945244550704956,0.3718358874320984,0.35299089550971985,"{""income_binary"":0.29147449135780334,""civilian_at_work"":0.28641393780708313,""public_coverage"":0.48108425736427307}",0.18844982981681824,none; fixed final iterate,0.6355632543563843,0.0,0.0,1.0,0.1,0.0,0.0,0.3406642973423004
beta_0p1,0,continuation,beta_0p1_C_warmup_only,20,3360,3360,0.3371727466583252,0.3205805718898773,"{""income_binary"":0.2693658471107483,""civilian_at_work"":0.2518278658390045,""public_coverage"":0.4405479431152344}",0.1659216582775116,"{""SEX"":0.6186315417289734,""RAC1P"":1.1498535871505737}",0.8901987671852112,0.37034597992897034,0.35356298089027405,"{""income_binary"":0.2916504442691803,""civilian_at_work"":0.2875176966190338,""public_coverage"":0.4815208911895752}",0.16782990097999573,none; fixed final iterate,0.7336521744728088,0.0,0.0,1.0,0.1,0.0,0.0,0.3371727466583252
beta_0p1,0,continuation,beta_0p1_C_warmup_only,25,3570,3990,0.33434557914733887,0.31992200016975403,"{""income_binary"":0.2679618000984192,""civilian_at_work"":0.25112155079841614,""public_coverage"":0.44068261981010437}",0.14423564076423645,"{""SEX"":0.60942542552948,""RAC1P"":1.1371122598648071}",0.8786377906799316,0.37005800008773804,0.35513952374458313,"{""income_binary"":0.290022611618042,""civilian_at_work"":0.28864407539367676,""public_coverage"":0.486751914024353}",0.14918488264083862,none; fixed final iterate,0.811863124370575,0.0,0.0,1.0,0.1,0.0,0.0,0.33434557914733887
beta_0p1,0,continuation,beta_0p1_C_warmup_only,30,3780,4620,0.33126693964004517,0.31831398606300354,"{""income_binary"":0.26735958456993103,""civilian_at_work"":0.2499396651983261,""public_coverage"":0.4376426935195923}",0.12952962517738342,"{""SEX"":0.6077240705490112,""RAC1P"":1.135554552078247}",0.8768088817596436,0.37002331018447876,0.3563448488712311,"{""income_binary"":0.2910238206386566,""civilian_at_work"":0.28970491886138916,""public_coverage"":0.48830583691596985}",0.13678447902202606,none; fixed final iterate,0.8836295008659363,0.0,0.0,1.0,0.1,0.0,0.0,0.33126693964004517
beta_0p1,0,continuation,beta_0p1_C_warmup_only,35,3990,5250,0.329782098531723,0.3179493248462677,"{""income_binary"":0.26703721284866333,""civilian_at_work"":0.24918408691883087,""public_coverage"":0.43762674927711487}",0.1183277815580368,"{""SEX"":0.603354275226593,""RAC1P"":1.1309863328933716}",0.8718923330307007,0.3691291809082031,0.35631516575813293,"{""income_binary"":0.2909828722476959,""civilian_at_work"":0.2884325087070465,""public_coverage"":0.48953014612197876}",0.1281401365995407,none; fixed final iterate,0.9425690770149231,0.0,0.0,1.0,0.1,0.0,0.0,0.329782098531723
beta_0p1,0,continuation,beta_0p1_C_warmup_only,40,4200,5880,0.32882529497146606,0.3182038962841034,"{""income_binary"":0.26650774478912354,""civilian_at_work"":0.2514800727367401,""public_coverage"":0.43662384152412415}",0.10621410608291626,"{""SEX"":0.5993624925613403,""RAC1P"":1.1188894510269165}",0.8643431663513184,0.36952707171440125,0.35774147510528564,"{""income_binary"":0.2919613718986511,""civilian_at_work"":0.2923433184623718,""public_coverage"":0.488919734954834}",0.11785592138767242,none; fixed final iterate,1.0014281272888184,0.0,0.0,1.0,0.1,0.0,0.0,0.32882529497146606
beta_0p1,0,continuation,beta_0p1_C_warmup_only,45,4410,6510,0.32637161016464233,0.31687846779823303,"{""income_binary"":0.266072154045105,""civilian_at_work"":0.24852024018764496,""public_coverage"":0.43604299426078796}",0.09493134915828705,"{""SEX"":0.600222647190094,""RAC1P"":1.1107699871063232}",0.8618305921554565,0.36760151386260986,0.35682737827301025,"{""income_binary"":0.29175373911857605,""civilian_at_work"":0.28957808017730713,""public_coverage"":0.4891502857208252}",0.10774140805006027,none; fixed final iterate,1.0442121028900146,0.0,0.0,1.0,0.1,0.0,0.0,0.32637161016464233
beta_0p1,0,continuation,beta_0p1_C_warmup_only,50,4620,7140,0.32439807057380676,0.3156592845916748,"{""income_binary"":0.26607975363731384,""civilian_at_work"":0.2473549097776413,""public_coverage"":0.43354320526123047}",0.08738773316144943,"{""SEX"":0.5958260297775269,""RAC1P"":1.1106394529342651}",0.8586071729660034,0.3678654730319977,0.3577936887741089,"{""income_binary"":0.291267454624176,""civilian_at_work"":0.292225182056427,""public_coverage"":0.48988839983940125}",0.1007179468870163,none; fixed final iterate,1.1267106533050537,0.0,0.0,1.0,0.1,0.0,0.0,0.32439807057380676
beta_0p1,0,continuation,beta_0p1_C_warmup_only,55,4830,7770,0.32551857829093933,0.3173774778842926,"{""income_binary"":0.2658683657646179,""civilian_at_work"":0.24656660854816437,""public_coverage"":0.4396974742412567}",0.08141099661588669,"{""SEX"":0.5966787338256836,""RAC1P"":1.1043894290924072}",0.8568106889724731,0.37203115224838257,0.36258602142333984,"{""income_binary"":0.29308515787124634,""civilian_at_work"":0.2910398840904236,""public_coverage"":0.5036330819129944}",0.09445135295391083,none; fixed final iterate,1.183241844177246,0.0,0.0,1.0,0.1,0.0,0.0,0.32551857829093933
beta_0p1,0,continuation,beta_0p1_C_warmup_only,60,5040,8400,0.3228691816329956,0.3151921331882477,"{""income_binary"":0.2648846507072449,""civilian_at_work"":0.24924571812152863,""public_coverage"":0.43144601583480835}",0.07677056640386581,"{""SEX"":0.5879960656166077,""RAC1P"":1.0910470485687256}",0.8453955054283142,0.36897727847099304,0.3599376678466797,"{""income_binary"":0.2915332019329071,""civilian_at_work"":0.2959952652454376,""public_coverage"":0.49228450655937195}",0.09039604663848877,none; fixed final iterate,1.1984851360321045,0.0,0.0,1.0,0.1,0.0,0.0,0.3228691816329956
beta_0p1,0,continuation,beta_0p1_C_warmup_only,65,5250,9030,0.3209121823310852,0.3137494623661041,"{""income_binary"":0.2650054097175598,""civilian_at_work"":0.24525105953216553,""public_coverage"":0.43099191784858704}",0.07162728905677795,"{""SEX"":0.5867950916290283,""RAC1P"":1.1015774011611938}",0.8485925197601318,0.366131454706192,0.35759875178337097,"{""income_binary"":0.2916422188282013,""civilian_at_work"":0.2917410433292389,""public_coverage"":0.48941293358802795}",0.08532712608575821,none; fixed final iterate,1.2528468370437622,0.0,0.0,1.0,0.1,0.0,0.0,0.3209121823310852
beta_0p1,0,continuation,beta_0p1_C_warmup_only,70,5460,9660,0.3197537660598755,0.31295090913772583,"{""income_binary"":0.26447492837905884,""civilian_at_work"":0.2449495494365692,""public_coverage"":0.4294282793998718}",0.06802848726511002,"{""SEX"":0.5766264796257019,""RAC1P"":1.08199143409729}",0.8336955308914185,0.36589983105659485,0.3577522337436676,"{""income_binary"":0.2917243242263794,""civilian_at_work"":0.29256609082221985,""public_coverage"":0.4889663755893707}",0.08147583156824112,none; fixed final iterate,1.2732361555099487,0.0,0.0,1.0,0.1,0.0,0.0,0.3197537660598755
beta_0p1,0,continuation,beta_0p1_C_warmup_only,75,5670,10290,0.3190750479698181,0.3124639689922333,"{""income_binary"":0.2639080882072449,""civilian_at_work"":0.24473175406455994,""public_coverage"":0.42875203490257263}",0.06611070781946182,"{""SEX"":0.5791037082672119,""RAC1P"":1.0761795043945312}",0.8332404494285583,0.36608490347862244,0.35814687609672546,"{""income_binary"":0.2923339903354645,""civilian_at_work"":0.29389217495918274,""public_coverage"":0.4882144331932068}",0.07938025146722794,none; fixed final iterate,1.293157935142517,0.0,0.0,1.0,0.1,0.0,0.0,0.3190750479698181
beta_0p1,0,continuation,beta_0p1_C_warmup_only,80,5880,10920,0.3179551959037781,0.3116871416568756,"{""income_binary"":0.26383838057518005,""civilian_at_work"":0.24381639063358307,""public_coverage"":0.4274066686630249}",0.0626806691288948,"{""SEX"":0.5749555826187134,""RAC1P"":1.0777868032455444}",0.8308670520782471,0.3676060736179352,0.3599688708782196,"{""income_binary"":0.2918285131454468,""civilian_at_work"":0.29397913813591003,""public_coverage"":0.4940989315509796}",0.07637213915586472,none; fixed final iterate,1.360031247138977,0.0,0.0,1.0,0.1,0.0,0.0,0.3179551959037781
beta_0p1,0,continuation,beta_0p1_D_warmup_only,0,2520,840,0.35937225818634033,0.33091220259666443,"{""income_binary"":0.2765885591506958,""civilian_at_work"":0.2625897526741028,""public_coverage"":0.4535582363605499}",0.2846005856990814,"{""SEX"":0.6338415741920471,""RAC1P"":1.1849381923675537}",0.9147151708602905,0.38103246688842773,0.3520277440547943,"{""income_binary"":0.29373741149902344,""civilian_at_work"":0.2855510711669922,""public_coverage"":0.4767947196960449}",0.2900471091270447,none; fixed final iterate,0.2166472226381302,0.0,0.0,1.0,0.1,-0.1,-0.09147151708602906,0.26790074110031126
beta_0p1,0,continuation,beta_0p1_D_warmup_only,5,2730,1470,0.35050874948501587,0.32517316937446594,"{""income_binary"":0.27153491973876953,""civilian_at_work"":0.25690510869026184,""public_coverage"":0.44707950949668884}",0.25335586071014404,"{""SEX"":0.6322778463363647,""RAC1P"":1.178430438041687}",0.911075234413147,0.3769533336162567,0.35128769278526306,"{""income_binary"":0.2913978397846222,""civilian_at_work"":0.28305676579475403,""public_coverage"":0.47940847277641296}",0.25665637850761414,none; fixed final iterate,0.42088985443115234,0.0,0.0,1.0,0.1,-0.1,-0.0911075234413147,0.2594012260437012
beta_0p1,0,continuation,beta_0p1_D_warmup_only,10,2940,2100,0.34618446230888367,0.3242049515247345,"{""income_binary"":0.2717438340187073,""civilian_at_work"":0.25537294149398804,""public_coverage"":0.44549810886383057}",0.21979497373104095,"{""SEX"":0.6406329870223999,""RAC1P"":1.1726384162902832}",0.9148699045181274,0.37445729970932007,0.35260114073753357,"{""income_binary"":0.29225367307662964,""civilian_at_work"":0.2849515974521637,""public_coverage"":0.4805980622768402}",0.21856164932250977,none; fixed final iterate,0.5285764336585999,0.0,0.0,1.0,0.1,-0.1,-0.09148699045181274,0.2546974718570709
beta_0p1,0,continuation,beta_0p1_D_warmup_only,15,3150,2730,0.3406168222427368,0.32165825366973877,"{""income_binary"":0.26940882205963135,""civilian_at_work"":0.2526977062225342,""public_coverage"":0.4428682029247284}",0.1895858198404312,"{""SEX"":0.6243643760681152,""RAC1P"":1.1656150817871094}",0.9004186391830444,0.37187227606773376,0.3530079126358032,"{""income_binary"":0.29163190722465515,""civilian_at_work"":0.2862374782562256,""public_coverage"":0.48115435242652893}",0.18864350020885468,none; fixed final iterate,0.6552956104278564,0.0,0.0,1.0,0.1,-0.1,-0.09004186391830445,0.2505749583244324
beta_0p1,0,continuation,beta_0p1_D_warmup_only,20,3360,3360,0.3371151089668274,0.32050222158432007,"{""income_binary"":0.26934123039245605,""civilian_at_work"":0.2516629993915558,""public_coverage"":0.44050246477127075}",0.16612885892391205,"{""SEX"":0.6277528405189514,""RAC1P"":1.1545379161834717}",0.8985892534255981,0.3705526292324066,0.3537021577358246,"{""income_binary"":0.29182007908821106,""civilian_at_work"":0.28728675842285156,""public_coverage"":0.4819996654987335}",0.16850480437278748,none; fixed final iterate,0.7562463283538818,0.0,0.0,1.0,0.1,-0.1,-0.08985892534255982,0.24725618362426757
beta_0p1,0,continuation,beta_0p1_D_warmup_only,25,3570,3990,0.33419883251190186,0.31970399618148804,"{""income_binary"":0.2679530084133148,""civilian_at_work"":0.2508818507194519,""public_coverage"":0.4402771592140198}",0.14494842290878296,"{""SEX"":0.6150631904602051,""RAC1P"":1.1451760530471802}",0.8858184814453125,0.3703952133655548,0.3553166389465332,"{""income_binary"":0.29056698083877563,""civilian_at_work"":0.2884364724159241,""public_coverage"":0.4869464933872223}",0.1507858783006668,none; fixed final iterate,0.8440236449241638,0.0,0.0,1.0,0.1,-0.1,-0.08858184814453125,0.24561698436737062
beta_0p1,0,continuation,beta_0p1_D_warmup_only,30,3780,4620,0.33116474747657776,0.31829002499580383,"{""income_binary"":0.26736506819725037,""civilian_at_work"":0.2497142255306244,""public_coverage"":0.43779078125953674}",0.1287473440170288,"{""SEX"":0.613156259059906,""RAC1P"":1.1443716287612915}",0.8841317892074585,0.3705272674560547,0.356807678937912,"{""income_binary"":0.2915734648704529,""civilian_at_work"":0.28959423303604126,""public_coverage"":0.48925527930259705}",0.13719581067562103,none; fixed final iterate,0.9270367622375488,0.0,0.0,1.0,0.1,-0.1,-0.08841317892074585,0.2427515685558319
beta_0p1,0,continuation,beta_0p1_D_warmup_only,35,3990,5250,0.32986980676651,0.3180603086948395,"{""income_binary"":0.26711079478263855,""civilian_at_work"":0.24904870986938477,""public_coverage"":0.43802136182785034}",0.11809495091438293,"{""SEX"":0.6098418831825256,""RAC1P"":1.140637993812561}",0.8802989721298218,0.36968761682510376,0.3568413555622101,"{""income_binary"":0.2914309501647949,""civilian_at_work"":0.28834235668182373,""public_coverage"":0.490750789642334}",0.1284625232219696,none; fixed final iterate,0.9933266043663025,0.0,0.0,1.0,0.1,-0.1,-0.08802989721298218,0.24183990955352783
beta_0p1,0,continuation,beta_0p1_D_warmup_only,40,4200,5880,0.3288383483886719,0.3183315098285675,"{""income_binary"":0.26666179299354553,""civilian_at_work"":0.25172778964042664,""public_coverage"":0.43660494685173035}",0.10506836324930191,"{""SEX"":0.606860339641571,""RAC1P"":1.1284592151641846}",0.8734473586082458,0.36986058950424194,0.35825392603874207,"{""income_binary"":0.2930801808834076,""civilian_at_work"":0.2928310036659241,""public_coverage"":0.48885056376457214}",0.11606673896312714,none; fixed final iterate,1.0608694553375244,0.0,0.0,1.0,0.1,-0.1,-0.08734473586082458,0.2414936125278473
beta_0p1,0,continuation,beta_0p1_D_warmup_only,45,4410,6510,0.32650017738342285,0.31705135107040405,"{""income_binary"":0.26618361473083496,""civilian_at_work"":0.2482457011938095,""public_coverage"":0.4367247223854065}",0.094488225877285,"{""SEX"":0.6067174077033997,""RAC1P"":1.1235578060150146}",0.8714526891708374,0.3680393397808075,0.3574294149875641,"{""income_binary"":0.29288679361343384,""civilian_at_work"":0.28979432582855225,""public_coverage"":0.48960715532302856}",0.10609935969114304,none; fixed final iterate,1.1035250425338745,0.0,0.0,1.0,0.1,-0.1,-0.08714526891708374,0.2393549084663391
beta_0p1,0,continuation,beta_0p1_D_warmup_only,50,4620,7140,0.3242812752723694,0.3155769407749176,"{""income_binary"":0.2662990987300873,""civilian_at_work"":0.24714823067188263,""public_coverage"":0.4332835376262665}",0.08704326301813126,"{""SEX"":0.6046631336212158,""RAC1P"":1.1286782026290894}",0.8719461560249329,0.3683517873287201,0.3584500849246979,"{""income_binary"":0.2926885783672333,""civilian_at_work"":0.2926185131072998,""public_coverage"":0.49004310369491577}",0.09901700168848038,none; fixed final iterate,1.1885550022125244,0.0,0.0,1.0,0.1,-0.1,-0.0871946156024933,0.23708665966987608
beta_0p1,0,continuation,beta_0p1_D_warmup_only,55,4830,7770,0.3256370723247528,0.31735649704933167,"{""income_binary"":0.2664352357387543,""civilian_at_work"":0.24642327427864075,""public_coverage"":0.4392109513282776}",0.08280579000711441,"{""SEX"":0.6107892394065857,""RAC1P"":1.118711233139038}",0.872520923614502,0.372565358877182,0.3631014823913574,"{""income_binary"":0.29402124881744385,""civilian_at_work"":0.2917022407054901,""public_coverage"":0.5035809278488159}",0.09463872760534286,none; fixed final iterate,1.2527954578399658,0.0,0.0,1.0,0.1,-0.1,-0.0872520923614502,0.2383849799633026
beta_0p1,0,continuation,beta_0p1_D_warmup_only,60,5040,8400,0.32254281640052795,0.31479600071907043,"{""income_binary"":0.26532694697380066,""civilian_at_work"":0.24847723543643951,""public_coverage"":0.43058380484580994}",0.07746827602386475,"{""SEX"":0.6006119847297668,""RAC1P"":1.1118841171264648}",0.8625414967536926,0.36861276626586914,0.35971570014953613,"{""income_binary"":0.2924540042877197,""civilian_at_work"":0.2953602075576782,""public_coverage"":0.49133285880088806}",0.08897056430578232,none; fixed final iterate,1.308609127998352,0.0,0.0,1.0,0.1,-0.1,-0.08625414967536926,0.2362886667251587
beta_0p1,0,continuation,beta_0p1_D_warmup_only,65,5250,9030,0.32090315222740173,0.31353679299354553,"{""income_binary"":0.2653392255306244,""civilian_at_work"":0.24506105482578278,""public_coverage"":0.4302101135253906}",0.07366359978914261,"{""SEX"":0.6012428402900696,""RAC1P"":1.124398946762085}",0.8678263425827026,0.36633843183517456,0.3578052520751953,"{""income_binary"":0.2929900288581848,""civilian_at_work"":0.29161152243614197,""public_coverage"":0.48881420493125916}",0.08533173054456711,none; fixed final iterate,1.391878366470337,0.0,0.0,1.0,0.1,-0.1,-0.08678263425827026,0.23412051796913147
beta_0p1,0,continuation,beta_0p1_D_warmup_only,70,5460,9660,0.3198131024837494,0.3126956820487976,"{""income_binary"":0.26471713185310364,""civilian_at_work"":0.24472986161708832,""public_coverage"":0.42864006757736206}",0.07117422670125961,"{""SEX"":0.593133270740509,""RAC1P"":1.1068097352981567}",0.8551859855651855,0.36645981669425964,0.3582312762737274,"{""income_binary"":0.2934272885322571,""civilian_at_work"":0.2922224700450897,""public_coverage"":0.48904407024383545}",0.08228546380996704,none; fixed final iterate,1.4613031148910522,0.0,0.0,1.0,0.1,-0.1,-0.08551859855651855,0.23429450392723083
beta_0p1,0,continuation,beta_0p1_D_warmup_only,75,5670,10290,0.31938230991363525,0.312324196100235,"{""income_binary"":0.26423659920692444,""civilian_at_work"":0.2444906383752823,""public_coverage"":0.4282453656196594}",0.07058119773864746,"{""SEX"":0.5918260216712952,""RAC1P"":1.1047768592834473}",0.853458046913147,0.3663116991519928,0.3581900894641876,"{""income_binary"":0.2936864495277405,""civilian_at_work"":0.2931549549102783,""public_coverage"":0.48772892355918884}",0.08121613413095474,none; fixed final iterate,1.5482767820358276,0.0,0.0,1.0,0.1,-0.1,-0.0853458046913147,0.23403650522232056
beta_0p1,0,continuation,beta_0p1_D_warmup_only,80,5880,10920,0.3182466924190521,0.31145599484443665,"{""income_binary"":0.2639845013618469,""civilian_at_work"":0.2438192218542099,""public_coverage"":0.4265643060207367}",0.06790702044963837,"{""SEX"":0.5969557762145996,""RAC1P"":1.1030068397521973}",0.8564770221710205,0.3681299090385437,0.3602832555770874,"{""income_binary"":0.2932061553001404,""civilian_at_work"":0.29383230209350586,""public_coverage"":0.49381130933761597}",0.07846666127443314,none; fixed final iterate,1.7083972692489624,0.0,0.0,1.0,0.1,-0.1,-0.08564770221710205,0.23259899020195007
beta_0p1,0,continuation,beta_0p1_C_persistent,0,2520,840,0.35937225818634033,0.33091220259666443,"{""income_binary"":0.2765885591506958,""civilian_at_work"":0.2625897526741028,""public_coverage"":0.4535582363605499}",0.2846005856990814,"{""SEX"":0.6338415741920471,""RAC1P"":1.1849381923675537}",0.9147151708602905,0.38103246688842773,0.3520277440547943,"{""income_binary"":0.29373741149902344,""civilian_at_work"":0.2855510711669922,""public_coverage"":0.4767947196960449}",0.2900471091270447,none; fixed final iterate,0.2166472226381302,0.1,0.02166472226381302,1.0,0.1,0.0,0.0,0.38103698045015333
beta_0p1,0,continuation,beta_0p1_C_persistent,5,2730,1470,0.35773366689682007,0.33033445477485657,"{""income_binary"":0.2752719223499298,""civilian_at_work"":0.2632920444011688,""public_coverage"":0.4524393677711487}",0.27399200201034546,"{""SEX"":0.6271811723709106,""RAC1P"":1.1737326383590698}",0.9055840969085693,0.3800501525402069,0.35221371054649353,"{""income_binary"":0.2932703495025635,""civilian_at_work"":0.28674930334091187,""public_coverage"":0.4766213893890381}",0.2783644497394562,none; fixed final iterate,0.20436038076877594,0.1,0.020436038076877595,1.0,0.1,0.0,0.0,0.3781697049736977
beta_0p1,0,continuation,beta_0p1_C_persistent,10,2940,2100,0.3565477430820465,0.3302483558654785,"{""income_binary"":0.27700334787368774,""civilian_at_work"":0.2614594101905823,""public_coverage"":0.4522823393344879}",0.26299384236335754,"{""SEX"":0.6347916722297668,""RAC1P"":1.1660789251327515}",0.9081228971481323,0.37987464666366577,0.3530921936035156,"{""income_binary"":0.2949194014072418,""civilian_at_work"":0.28701233863830566,""public_coverage"":0.4773448705673218}",0.2678246796131134,none; fixed final iterate,0.19426998496055603,0.1,0.019426998496055604,1.0,0.1,0.0,0.0,0.3759747415781021
beta_0p1,0,continuation,beta_0p1_C_persistent,15,3150,2730,0.35202205181121826,0.32676461338996887,"{""income_binary"":0.27312907576560974,""civilian_at_work"":0.2585303783416748,""public_coverage"":0.44863438606262207}",0.25257453322410583,"{""SEX"":0.6179681420326233,""RAC1P"":1.1590815782546997}",0.8932812213897705,0.3775813579559326,0.35183802247047424,"{""income_binary"":0.29273325204849243,""civilian_at_work"":0.28717678785324097,""public_coverage"":0.47560402750968933}",0.25743329524993896,none; fixed final iterate,0.2006469964981079,0.1,0.020064699649810794,1.0,0.1,0.0,0.0,0.37208675146102904
beta_0p1,0,continuation,beta_0p1_C_persistent,20,3360,3360,0.34932267665863037,0.3256446421146393,"{""income_binary"":0.27181029319763184,""civilian_at_work"":0.2585543692111969,""public_coverage"":0.4465693235397339}",0.2367803156375885,"{""SEX"":0.6209332346916199,""RAC1P"":1.1468676328659058}",0.8907076120376587,0.37573862075805664,0.3516342341899872,"{""income_binary"":0.291789710521698,""civilian_at_work"":0.2882620394229889,""public_coverage"":0.47485092282295227}",0.2410438060760498,none; fixed final iterate,0.19984669983386993,0.1,0.019984669983386993,1.0,0.1,0.0,0.0,0.36930734664201736
beta_0p1,0,continuation,beta_0p1_C_persistent,25,3570,3990,0.34745314717292786,0.3252626359462738,"{""income_binary"":0.2715354561805725,""civilian_at_work"":0.2575725018978119,""public_coverage"":0.446679949760437}",0.22190511226654053,"{""SEX"":0.6101281642913818,""RAC1P"":1.1388201713562012}",0.8798041343688965,0.37545496225357056,0.3528846204280853,"{""income_binary"":0.29157358407974243,""civilian_at_work"":0.2881046533584595,""public_coverage"":0.4789756238460541}",0.22570346295833588,none; fixed final iterate,0.1925719678401947,0.1,0.01925719678401947,1.0,0.1,0.0,0.0,0.36671034395694735
beta_0p1,0,continuation,beta_0p1_C_persistent,30,3780,4620,0.3448549509048462,0.3239922523498535,"{""income_binary"":0.27085259556770325,""civilian_at_work"":0.25712287425994873,""public_coverage"":0.44400134682655334}",0.2086268663406372,"{""SEX"":0.608312726020813,""RAC1P"":1.1376036405563354}",0.8780244588851929,0.37526413798332214,0.3539835214614868,"{""income_binary"":0.2926904559135437,""civilian_at_work"":0.28936535120010376,""public_coverage"":0.479894757270813}",0.21280604600906372,none; fixed final iterate,0.18820573389530182,0.1,0.018820573389530183,1.0,0.1,0.0,0.0,0.3636755242943764
beta_0p1,0,continuation,beta_0p1_C_persistent,35,3990,5250,0.34345147013664246,0.32342565059661865,"{""income_binary"":0.2712402641773224,""civilian_at_work"":0.25603827834129333,""public_coverage"":0.44299840927124023}",0.20025813579559326,"{""SEX"":0.6024894118309021,""RAC1P"":1.1339868307113647}",0.8724260330200195,0.37397778034210205,0.3534693419933319,"{""income_binary"":0.29362669587135315,""civilian_at_work"":0.2876097559928894,""public_coverage"":0.479171484708786}",0.20508427917957306,none; fixed final iterate,0.18487317860126495,0.1,0.018487317860126497,1.0,0.1,0.0,0.0,0.36193878799676893
beta_0p1,0,continuation,beta_0p1_C_persistent,40,4200,5880,0.3417489230632782,0.32276055216789246,"{""income_binary"":0.2699449956417084,""civilian_at_work"":0.25569260120391846,""public_coverage"":0.44264402985572815}",0.18988384306430817,"{""SEX"":0.6006782650947571,""RAC1P"":1.1199971437454224}",0.865720272064209,0.3736523687839508,0.3540896475315094,"{""income_binary"":0.29274317622184753,""civilian_at_work"":0.2883332371711731,""public_coverage"":0.48119252920150757}",0.19562727212905884,none; fixed final iterate,0.18115852773189545,0.1,0.018115852773189545,1.0,0.1,0.0,0.0,0.35986477583646775
beta_0p1,0,continuation,beta_0p1_C_persistent,45,4410,6510,0.3403790295124054,0.32284432649612427,"{""income_binary"":0.26999250054359436,""civilian_at_work"":0.25523877143859863,""public_coverage"":0.4433017373085022}",0.17534707486629486,"{""SEX"":0.5984644293785095,""RAC1P"":1.116463541984558}",0.8627588748931885,0.3725731074810028,0.35440585017204285,"{""income_binary"":0.2937723994255066,""civilian_at_work"":0.28823935985565186,""public_coverage"":0.4812057316303253}",0.18167243897914886,none; fixed final iterate,0.17685145139694214,0.1,0.017685145139694214,1.0,0.1,0.0,0.0,0.3580641746520996
beta_0p1,0,continuation,beta_0p1_C_persistent,50,4620,7140,0.3375280499458313,0.32070255279541016,"{""income_binary"":0.2687808871269226,""civilian_at_work"":0.25358855724334717,""public_coverage"":0.4397382438182831}",0.1682550013065338,"{""SEX"":0.5941477417945862,""RAC1P"":1.1195673942565918}",0.8608413934707642,0.37173357605934143,0.3540540635585785,"{""income_binary"":0.29151108860969543,""civilian_at_work"":0.2899593710899353,""public_coverage"":0.48069167137145996}",0.17679499089717865,none; fixed final iterate,0.1782263219356537,0.1,0.01782263219356537,1.0,0.1,0.0,0.0,0.3553506821393967
beta_0p1,0,continuation,beta_0p1_C_persistent,55,4830,7770,0.33681729435920715,0.32097145915031433,"{""income_binary"":0.2698823809623718,""civilian_at_work"":0.25274690985679626,""public_coverage"":0.4402851462364197}",0.15845829248428345,"{""SEX"":0.5997341275215149,""RAC1P"":1.1086550951004028}",0.8606618642807007,0.37333616614341736,0.35651135444641113,"{""income_binary"":0.294501394033432,""civilian_at_work"":0.2886607348918915,""public_coverage"":0.4863719344139099}",0.16824805736541748,none; fixed final iterate,0.18135686218738556,0.1,0.018135686218738557,1.0,0.1,0.0,0.0,0.3549529805779457
beta_0p1,0,continuation,beta_0p1_C_persistent,60,5040,8400,0.3356008529663086,0.32022762298583984,"{""income_binary"":0.2682011127471924,""civilian_at_work"":0.25548067688941956,""public_coverage"":0.4370010793209076}",0.15373244881629944,"{""SEX"":0.5894825458526611,""RAC1P"":1.0991747379302979}",0.8496048450469971,0.37261462211608887,0.35613083839416504,"{""income_binary"":0.2920897305011749,""civilian_at_work"":0.2928421199321747,""public_coverage"":0.4834607243537903}",0.16483798623085022,none; fixed final iterate,0.17807158827781677,0.1,0.017807158827781677,1.0,0.1,0.0,0.0,0.35340801179409026
beta_0p1,0,continuation,beta_0p1_C_persistent,65,5250,9030,0.33319205045700073,0.31835445761680603,"{""income_binary"":0.2677103579044342,""civilian_at_work"":0.25084587931632996,""public_coverage"":0.43650707602500916}",0.14837582409381866,"{""SEX"":0.587101399898529,""RAC1P"":1.1115165948867798}",0.8526492118835449,0.3694647550582886,0.35345521569252014,"{""income_binary"":0.29123830795288086,""civilian_at_work"":0.287830650806427,""public_coverage"":0.48129674792289734}",0.16009539365768433,none; fixed final iterate,0.17341697216033936,0.1,0.017341697216033937,1.0,0.1,0.0,0.0,0.3505337476730347
beta_0p1,0,continuation,beta_0p1_C_persistent,70,5460,9660,0.3319709300994873,0.31813934445381165,"{""income_binary"":0.2676860988140106,""civilian_at_work"":0.2513525187969208,""public_coverage"":0.4353794455528259}",0.13831599056720734,"{""SEX"":0.577272891998291,""RAC1P"":1.0928535461425781}",0.8383538722991943,0.3689812421798706,0.3539973795413971,"{""income_binary"":0.2922711670398712,""civilian_at_work"":0.2891151010990143,""public_coverage"":0.4806058704853058}",0.14983858168125153,none; fixed final iterate,0.16781125962734222,0.1,0.016781125962734223,1.0,0.1,0.0,0.0,0.34875205606222154
beta_0p1,0,continuation,beta_0p1_C_persistent,75,5670,10290,0.33089157938957214,0.3171364367008209,"{""income_binary"":0.26722875237464905,""civilian_at_work"":0.25011032819747925,""public_coverage"":0.4340701997280121}",0.13755148649215698,"{""SEX"":0.5802288055419922,""RAC1P"":1.0917026996612549}",0.8400430083274841,0.36890098452568054,0.3538985252380371,"{""income_binary"":0.29288795590400696,""civilian_at_work"":0.2891741394996643,""public_coverage"":0.4796334505081177}",0.15002453327178955,none; fixed final iterate,0.16770239174365997,0.1,0.016770239174365997,1.0,0.1,0.0,0.0,0.34766181856393813
beta_0p1,0,continuation,beta_0p1_C_persistent,80,5880,10920,0.3296920657157898,0.31652554869651794,"{""income_binary"":0.26676270365715027,""civilian_at_work"":0.24940235912799835,""public_coverage"":0.4334115982055664}",0.1316651850938797,"{""SEX"":0.5735267400741577,""RAC1P"":1.0891035795211792}",0.8342031240463257,0.36971724033355713,0.3552328646183014,"{""income_binary"":0.2918669879436493,""civilian_at_work"":0.28986260294914246,""public_coverage"":0.48396897315979004}",0.14484378695487976,none; fixed final iterate,0.16758359968662262,0.1,0.016758359968662262,1.0,0.1,0.0,0.0,0.34645042568445206
beta_0p1,0,continuation,beta_0p1_D_persistent,0,2520,840,0.35937225818634033,0.33091220259666443,"{""income_binary"":0.2765885591506958,""civilian_at_work"":0.2625897526741028,""public_coverage"":0.4535582363605499}",0.2846005856990814,"{""SEX"":0.6338415741920471,""RAC1P"":1.1849381923675537}",0.9147151708602905,0.38103246688842773,0.3520277440547943,"{""income_binary"":0.29373741149902344,""civilian_at_work"":0.2855510711669922,""public_coverage"":0.4767947196960449}",0.2900471091270447,none; fixed final iterate,0.2166472226381302,0.1,0.02166472226381302,1.0,0.1,-0.1,-0.09147151708602906,0.28956546336412425
beta_0p1,0,continuation,beta_0p1_D_persistent,5,2730,1470,0.3578421175479889,0.330370157957077,"{""income_binary"":0.2752186059951782,""civilian_at_work"":0.26343968510627747,""public_coverage"":0.452452152967453}",0.2747197151184082,"{""SEX"":0.6295974254608154,""RAC1P"":1.175554633140564}",0.9080309867858887,0.3801168203353882,0.3522172272205353,"{""income_binary"":0.29315027594566345,""civilian_at_work"":0.2867502272129059,""public_coverage"":0.4767512083053589}",0.278996080160141,none; fixed final iterate,0.20453475415706635,0.1,0.020453475415706635,1.0,0.1,-0.1,-0.09080309867858888,0.28749249428510665
beta_0p1,0,continuation,beta_0p1_D_persistent,10,2940,2100,0.3565913438796997,0.33018481731414795,"{""income_binary"":0.2768601179122925,""civilian_at_work"":0.26144909858703613,""public_coverage"":0.4522452652454376}",0.2640652358531952,"{""SEX"":0.6398583650588989,""RAC1P"":1.1687288284301758}",0.9128021001815796,0.3799731731414795,0.35308918356895447,"{""income_binary"":0.2947733998298645,""civilian_at_work"":0.2868547737598419,""public_coverage"":0.4776393473148346}",0.2688400447368622,none; fixed final iterate,0.19547083973884583,0.1,0.019547083973884584,1.0,0.1,-0.1,-0.09128021001815796,0.28485821783542636
beta_0p1,0,continuation,beta_0p1_D_persistent,15,3150,2730,0.35212671756744385,0.32673946022987366,"{""income_binary"":0.2731282413005829,""civilian_at_work"":0.2585148811340332,""public_coverage"":0.44857528805732727}",0.25387251377105713,"{""SEX"":0.6217308640480042,""RAC1P"":1.1612838506698608}",0.8968465924263,0.37779417634010315,0.35193905234336853,"{""income_binary"":0.29283127188682556,""civilian_at_work"":0.28705713152885437,""public_coverage"":0.4759286642074585}",0.25855132937431335,none; fixed final iterate,0.20142316818237305,0.1,0.020142316818237305,1.0,0.1,-0.1,-0.08968465924263001,0.2825843751430511
beta_0p1,0,continuation,beta_0p1_D_persistent,20,3360,3360,0.34934040904045105,0.32563647627830505,"{""income_binary"":0.2718077600002289,""civilian_at_work"":0.2586134076118469,""public_coverage"":0.44648826122283936}",0.2370392084121704,"{""SEX"":0.6247140765190125,""RAC1P"":1.149635672569275}",0.8945044279098511,0.37575873732566833,0.3516813814640045,"{""income_binary"":0.29190006852149963,""civilian_at_work"":0.2881942391395569,""public_coverage"":0.4749498963356018}",0.2407735139131546,none; fixed final iterate,0.20028086006641388,0.1,0.02002808600664139,1.0,0.1,-0.1,-0.08945044279098512,0.27991805225610733
beta_0p1,0,continuation,beta_0p1_D_persistent,25,3570,3990,0.3474198579788208,0.3251302242279053,"{""income_binary"":0.2715704143047333,""civilian_at_work"":0.2575078308582306,""public_coverage"":0.44631245732307434}",0.22289630770683289,"{""SEX"":0.6151389479637146,""RAC1P"":1.1421093940734863}",0.8846896886825562,0.3754656910896301,0.3528358042240143,"{""income_binary"":0.2918168902397156,""civilian_at_work"":0.2876908779144287,""public_coverage"":0.47899967432022095}",0.22629880905151367,none; fixed final iterate,0.19478653371334076,0.1,0.019478653371334077,1.0,0.1,-0.1,-0.08846896886825562,0.2784295424818993
beta_0p1,0,continuation,beta_0p1_D_persistent,30,3780,4620,0.3448597490787506,0.32393500208854675,"{""income_binary"":0.2708168923854828,""civilian_at_work"":0.2571571469306946,""public_coverage"":0.4438309967517853}",0.20924757421016693,"{""SEX"":0.6144028902053833,""RAC1P"":1.1415091753005981}",0.8839268684387207,0.3752128481864929,0.3539218604564667,"{""income_binary"":0.2927725911140442,""civilian_at_work"":0.28887009620666504,""public_coverage"":0.4801228642463684}",0.21290992200374603,none; fixed final iterate,0.19037671387195587,0.1,0.019037671387195587,1.0,0.1,-0.1,-0.08839268684387208,0.2755047336220741
beta_0p1,0,continuation,beta_0p1_D_persistent,35,3990,5250,0.34359830617904663,0.3233319818973541,"{""income_binary"":0.2710609436035156,""civilian_at_work"":0.25608906149864197,""public_coverage"":0.44284588098526}",0.20266325771808624,"{""SEX"":0.6087287664413452,""RAC1P"":1.1373614072799683}",0.8782311677932739,0.374187171459198,0.3534524440765381,"{""income_binary"":0.29352155327796936,""civilian_at_work"":0.28745344281196594,""public_coverage"":0.47938239574432373}",0.20734715461730957,none; fixed final iterate,0.18732479214668274,0.1,0.018732479214668276,1.0,0.1,-0.1,-0.0878231167793274,0.27450766861438747
beta_0p1,0,continuation,beta_0p1_D_persistent,40,4200,5880,0.3419463038444519,0.3228548467159271,"{""income_binary"":0.26993775367736816,""civilian_at_work"":0.25596049427986145,""public_coverage"":0.44266632199287415}",0.19091467559337616,"{""SEX"":0.6054276823997498,""RAC1P"":1.124833583831787}",0.8710142374038696,0.373828262090683,0.3541763126850128,"{""income_binary"":0.29309552907943726,""civilian_at_work"":0.2884890139102936,""public_coverage"":0.4809443950653076}",0.19651958346366882,none; fixed final iterate,0.18340472877025604,0.1,0.018340472877025605,1.0,0.1,-0.1,-0.08710142374038697,0.27318535298109053
beta_0p1,0,continuation,beta_0p1_D_persistent,45,4410,6510,0.34050577878952026,0.32289746403694153,"{""income_binary"":0.2702600061893463,""civilian_at_work"":0.2551281750202179,""public_coverage"":0.4433042109012604}",0.17608311772346497,"{""SEX"":0.6051085591316223,""RAC1P"":1.1206879615783691}",0.869184136390686,0.3727119266986847,0.35444745421409607,"{""income_binary"":0.29401782155036926,""civilian_at_work"":0.2882823050022125,""public_coverage"":0.4810422360897064}",0.1826448142528534,none; fixed final iterate,0.17921972274780273,0.1,0.017921972274780273,1.0,0.1,-0.1,-0.0869184136390686,0.2715093374252319
beta_0p1,0,continuation,beta_0p1_D_persistent,50,4620,7140,0.3374674320220947,0.320564866065979,"{""income_binary"":0.26885974407196045,""civilian_at_work"":0.25351959466934204,""public_coverage"":0.4393152892589569}",0.16902564465999603,"{""SEX"":0.6000802516937256,""RAC1P"":1.1215267181396484}",0.8658789396286011,0.3717118799686432,0.3539595305919647,"{""income_binary"":0.29150310158729553,""civilian_at_work"":0.28993064165115356,""public_coverage"":0.4804448187351227}",0.17752359807491302,none; fixed final iterate,0.18158313632011414,0.1,0.018158313632011414,1.0,0.1,-0.1,-0.08658789396286011,0.26903785169124605
beta_0p1,0,continuation,beta_0p1_D_persistent,55,4830,7770,0.33709877729415894,0.32116925716400146,"{""income_binary"":0.2701394557952881,""civilian_at_work"":0.2526877224445343,""public_coverage"":0.4406806230545044}",0.15929505228996277,"{""SEX"":0.6036887168884277,""RAC1P"":1.1142503023147583}",0.8656750917434692,0.3738018870353699,0.3568495512008667,"{""income_binary"":0.2944277822971344,""civilian_at_work"":0.2886459529399872,""public_coverage"":0.4874749481678009}",0.1695234328508377,none; fixed final iterate,0.1850413829088211,0.1,0.01850413829088211,1.0,0.1,-0.1,-0.08656750917434693,0.2690354064106941
beta_0p1,0,continuation,beta_0p1_D_persistent,60,5040,8400,0.33597952127456665,0.3205333948135376,"{""income_binary"":0.26861757040023804,""civilian_at_work"":0.256399929523468,""public_coverage"":0.4365827143192291}",0.15446113049983978,"{""SEX"":0.5937075614929199,""RAC1P"":1.1051403284072876}",0.8549561500549316,0.37295371294021606,0.3563363552093506,"{""income_binary"":0.2923538088798523,""civilian_at_work"":0.2937358021736145,""public_coverage"":0.48291951417922974}",0.16617368161678314,none; fixed final iterate,0.18116448819637299,0.1,0.0181164488196373,1.0,0.1,-0.1,-0.08549561500549317,0.2686003550887108
beta_0p1,0,continuation,beta_0p1_D_persistent,65,5250,9030,0.3333565592765808,0.3185252845287323,"{""income_binary"":0.2682456076145172,""civilian_at_work"":0.2510187327861786,""public_coverage"":0.4363115131855011}",0.1483127623796463,"{""SEX"":0.5937723517417908,""RAC1P"":1.1200774908065796}",0.8607673048973083,0.36952316761016846,0.35347747802734375,"{""income_binary"":0.29200273752212524,""civilian_at_work"":0.2875228524208069,""public_coverage"":0.4809068441390991}",0.16045702993869781,none; fixed final iterate,0.17591655254364014,0.1,0.017591655254364014,1.0,0.1,-0.1,-0.08607673048973084,0.26487148404121397
beta_0p1,0,continuation,beta_0p1_D_persistent,70,5460,9660,0.3318643867969513,0.3181552588939667,"{""income_binary"":0.26796457171440125,""civilian_at_work"":0.25129953026771545,""public_coverage"":0.4352017045021057}",0.13709115982055664,"{""SEX"":0.5852187871932983,""RAC1P"":1.0982143878936768}",0.8461571335792542,0.36900395154953003,0.35410988330841064,"{""income_binary"":0.29300984740257263,""civilian_at_work"":0.2886090874671936,""public_coverage"":0.4807107746601105}",0.1489408314228058,none; fixed final iterate,0.1711443066596985,0.1,0.01711443066596985,1.0,0.1,-0.1,-0.08461571335792542,0.26436310410499575
beta_0p1,0,continuation,beta_0p1_D_persistent,75,5670,10290,0.33111774921417236,0.31736892461776733,"{""income_binary"":0.26753130555152893,""civilian_at_work"":0.25037479400634766,""public_coverage"":0.4342007040977478}",0.13748818635940552,"{""SEX"":0.5862007737159729,""RAC1P"":1.0975149869918823}",0.8465958833694458,0.3689754903316498,0.35391584038734436,"{""income_binary"":0.2933575212955475,""civilian_at_work"":0.28895291686058044,""public_coverage"":0.4794371724128723}",0.15059660375118256,none; fixed final iterate,0.17132681608200073,0.1,0.017132681608200074,1.0,0.1,-0.1,-0.08465958833694459,0.26359084248542786
beta_0p1,0,continuation,beta_0p1_D_persistent,80,5880,10920,0.3294628858566284,0.31655454635620117,"{""income_binary"":0.2670164704322815,""civilian_at_work"":0.24960437417030334,""public_coverage"":0.4330427646636963}",0.12908349931240082,"{""SEX"":0.581283688545227,""RAC1P"":1.095491647720337}",0.8422664403915405,0.3692934811115265,0.35503873229026794,"{""income_binary"":0.292019248008728,""civilian_at_work"":0.2895573377609253,""public_coverage"":0.48353952169418335}",0.1425473690032959,none; fixed final iterate,0.17017574608325958,0.1,0.01701757460832596,1.0,0.1,-0.1,-0.08422664403915406,0.26225381642580037
beta_0p1,1,warm_base,beta_0p1_W,0,0,0,0.8147183656692505,0.7118697166442871,"{""income_binary"":0.7249402403831482,""civilian_at_work"":0.6785551905632019,""public_coverage"":0.7321138381958008}",1.0284864902496338,,,0.8177812099456787,0.7159926295280457,"{""income_binary"":0.728021502494812,""civilian_at_work"":0.6855751872062683,""public_coverage"":0.7343810796737671}",1.0178860425949097,none; fixed final iterate,1.408707270842205e-15,0.1,1.408707270842205e-16,1.0,0.1,0.0,0.0,0.8147183656692506
beta_0p1,1,warm_base,beta_0p1_W,5,205,0,0.4602525532245636,0.4041646420955658,"{""income_binary"":0.35616061091423035,""civilian_at_work"":0.33496230840682983,""public_coverage"":0.5213709473609924}",0.5608790516853333,,,0.4645325243473053,0.4086436331272125,"{""income_binary"":0.36323314905166626,""civilian_at_work"":0.35391631722450256,""public_coverage"":0.5087814927101135}",0.5588889718055725,none; fixed final iterate,0.5651096701622009,0.1,0.0565109670162201,1.0,0.1,0.0,0.0,0.5167635202407836
beta_0p1,1,warm_base,beta_0p1_W,10,410,0,0.42184919118881226,0.37214839458465576,"{""income_binary"":0.3175327181816101,""civilian_at_work"":0.2993074953556061,""public_coverage"":0.4996049106121063}",0.4970078468322754,,,0.4290645718574524,0.3793545663356781,"{""income_binary"":0.32396551966667175,""civilian_at_work"":0.32598987221717834,""public_coverage"":0.4881083369255066}",0.4971000850200653,none; fixed final iterate,0.4666699767112732,0.1,0.04666699767112732,1.0,0.1,0.0,0.0,0.46851618885993956
beta_0p1,1,warm_base,beta_0p1_W,15,615,0,0.40772560238838196,0.3610418736934662,"{""income_binary"":0.3042231500148773,""civilian_at_work"":0.2878820598125458,""public_coverage"":0.4910203516483307}",0.46683722734451294,,,0.4169711470603943,0.3701059818267822,"{""income_binary"":0.3104451298713684,""civilian_at_work"":0.3188030421733856,""public_coverage"":0.48106974363327026}",0.46865153312683105,none; fixed final iterate,0.3841076195240021,0.1,0.03841076195240021,1.0,0.1,0.0,0.0,0.4461363643407822
beta_0p1,1,warm_base,beta_0p1_W,20,820,0,0.39723771810531616,0.35336241126060486,"{""income_binary"":0.2977542281150818,""civilian_at_work"":0.2770862579345703,""public_coverage"":0.48524677753448486}",0.4387531578540802,,,0.40920406579971313,0.3649139404296875,"{""income_binary"":0.3042032718658447,""civilian_at_work"":0.31213638186454773,""public_coverage"":0.4784020781517029}",0.44290122389793396,none; fixed final iterate,0.3404877781867981,0.1,0.034048777818679814,1.0,0.1,0.0,0.0,0.431286495923996
beta_0p1,1,warm_base,beta_0p1_W,25,1025,0,0.3908967971801758,0.34974226355552673,"{""income_binary"":0.2947041690349579,""civilian_at_work"":0.27290788292884827,""public_coverage"":0.48161470890045166}",0.41154518723487854,,,0.4048692286014557,0.36302855610847473,"{""income_binary"":0.3021787703037262,""civilian_at_work"":0.3106234669685364,""public_coverage"":0.47628340125083923}",0.4184066653251648,none; fixed final iterate,0.2956070899963379,0.1,0.02956070899963379,1.0,0.1,0.0,0.0,0.4204575061798096
beta_0p1,1,warm_base,beta_0p1_W,30,1230,0,0.3809596300125122,0.34292957186698914,"{""income_binary"":0.2861720621585846,""civilian_at_work"":0.2682705819606781,""public_coverage"":0.4743460416793823}",0.3803005516529083,,,0.39776211977005005,0.35883307456970215,"{""income_binary"":0.29460182785987854,""civilian_at_work"":0.30976518988609314,""public_coverage"":0.47213214635849}",0.3892905116081238,none; fixed final iterate,0.29556548595428467,0.1,0.02955654859542847,1.0,0.1,0.0,0.0,0.41051617860794065
beta_0p1,1,warm_base,beta_0p1_W,35,1435,0,0.3758407533168793,0.34037676453590393,"{""income_binary"":0.2851252555847168,""civilian_at_work"":0.26532986760139465,""public_coverage"":0.4706752300262451}",0.35463982820510864,,,0.3943614661693573,0.3578123152256012,"{""income_binary"":0.2935108542442322,""civilian_at_work"":0.309065580368042,""public_coverage"":0.4708605110645294}",0.36549144983291626,none; fixed final iterate,0.2759624123573303,0.1,0.027596241235733034,1.0,0.1,0.0,0.0,0.4034369945526123
beta_0p1,1,warm_base,beta_0p1_W,40,1640,0,0.3701540529727936,0.337051123380661,"{""income_binary"":0.2811530828475952,""civilian_at_work"":0.26340222358703613,""public_coverage"":0.4665980637073517}",0.33102935552597046,,,0.39058917760849,0.3562907874584198,"{""income_binary"":0.2897140085697174,""civilian_at_work"":0.30945348739624023,""public_coverage"":0.46970483660697937}",0.34298384189605713,none; fixed final iterate,0.26416271924972534,0.1,0.026416271924972534,1.0,0.1,0.0,0.0,0.3965703248977661
beta_0p1,1,warm_base,beta_0p1_W,45,1845,0,0.36675402522087097,0.33579161763191223,"{""income_binary"":0.28041312098503113,""civilian_at_work"":0.26229673624038696,""public_coverage"":0.4646650552749634}",0.3096241056919098,,,0.3888685703277588,0.3566458225250244,"{""income_binary"":0.290126770734787,""civilian_at_work"":0.30980682373046875,""public_coverage"":0.4700038731098175}",0.3222275972366333,none; fixed final iterate,0.2441018968820572,0.1,0.02441018968820572,1.0,0.1,0.0,0.0,0.3911642149090767
beta_0p1,1,warm_base,beta_0p1_W,50,2050,0,0.3634612262248993,0.3343259394168854,"{""income_binary"":0.2804364860057831,""civilian_at_work"":0.2598547637462616,""public_coverage"":0.4626866579055786}",0.29135292768478394,,,0.3870616555213928,0.3566629886627197,"{""income_binary"":0.2918155789375305,""civilian_at_work"":0.308046817779541,""public_coverage"":0.4701266288757324}",0.30398669838905334,none; fixed final iterate,0.22995275259017944,0.1,0.022995275259017945,1.0,0.1,0.0,0.0,0.38645650148391725
beta_0p1,1,warm_base,beta_0p1_W,55,2255,0,0.35953474044799805,0.3323572278022766,"{""income_binary"":0.2781572639942169,""civilian_at_work"":0.25802671909332275,""public_coverage"":0.46088773012161255}",0.2717752456665039,,,0.3842323422431946,0.3557075560092926,"{""income_binary"":0.2878015339374542,""civilian_at_work"":0.3083592355251312,""public_coverage"":0.47096195816993713}",0.2852480113506317,none; fixed final iterate,0.22750911116600037,0.1,0.022750911116600037,1.0,0.1,0.0,0.0,0.3822856515645981
beta_0p1,1,warm_base,beta_0p1_W,60,2460,0,0.3565112352371216,0.3309190571308136,"{""income_binary"":0.277692973613739,""civilian_at_work"":0.2579948604106903,""public_coverage"":0.45706939697265625}",0.25592175126075745,,,0.38267529010772705,0.3558075428009033,"{""income_binary"":0.28766006231307983,""civilian_at_work"":0.30939027667045593,""public_coverage"":0.4703722894191742}",0.26867741346359253,none; fixed final iterate,0.21944718062877655,0.1,0.021944718062877656,1.0,0.1,0.0,0.0,0.37845595329999926
beta_0p1,1,warm_adversary,beta_0p1_W,0,2460,0,0.3565112352371216,0.3309190571308136,"{""income_binary"":0.277692973613739,""civilian_at_work"":0.2579948604106903,""public_coverage"":0.45706939697265625}",0.25592175126075745,"{""SEX"":0.6969590783119202,""RAC1P"":2.1538963317871094}",1.3477826118469238,0.38267529010772705,0.3558075428009033,"{""income_binary"":0.28766006231307983,""civilian_at_work"":0.30939027667045593,""public_coverage"":0.4703722894191742}",0.26867741346359253,none; fixed final iterate,0.21944718062877655,0.0,0.0,1.0,0.1,0.0,0.0,0.3565112352371216
beta_0p1,1,warm_adversary,beta_0p1_W,5,2460,205,0.3565112352371216,0.3309190571308136,"{""income_binary"":0.277692973613739,""civilian_at_work"":0.2579948604106903,""public_coverage"":0.45706939697265625}",0.25592175126075745,"{""SEX"":0.651810348033905,""RAC1P"":1.1960700750350952}",0.939528226852417,0.38267529010772705,0.3558075428009033,"{""income_binary"":0.28766006231307983,""civilian_at_work"":0.30939027667045593,""public_coverage"":0.4703722894191742}",0.26867741346359253,none; fixed final iterate,0.21944718062877655,0.0,0.0,1.0,0.1,0.0,0.0,0.3565112352371216
beta_0p1,1,warm_adversary,beta_0p1_W,10,2460,410,0.3565112352371216,0.3309190571308136,"{""income_binary"":0.277692973613739,""civilian_at_work"":0.2579948604106903,""public_coverage"":0.45706939697265625}",0.25592175126075745,"{""SEX"":0.6380173563957214,""RAC1P"":1.1792527437210083}",0.9229778051376343,0.38267529010772705,0.3558075428009033,"{""income_binary"":0.28766006231307983,""civilian_at_work"":0.30939027667045593,""public_coverage"":0.4703722894191742}",0.26867741346359253,none; fixed final iterate,0.21944718062877655,0.0,0.0,1.0,0.1,0.0,0.0,0.3565112352371216
beta_0p1,1,warm_adversary,beta_0p1_W,15,2460,615,0.3565112352371216,0.3309190571308136,"{""income_binary"":0.277692973613739,""civilian_at_work"":0.2579948604106903,""public_coverage"":0.45706939697265625}",0.25592175126075745,"{""SEX"":0.631600022315979,""RAC1P"":1.174225926399231}",0.9163747429847717,0.38267529010772705,0.3558075428009033,"{""income_binary"":0.28766006231307983,""civilian_at_work"":0.30939027667045593,""public_coverage"":0.4703722894191742}",0.26867741346359253,none; fixed final iterate,0.21944718062877655,0.0,0.0,1.0,0.1,0.0,0.0,0.3565112352371216
beta_0p1,1,warm_adversary,beta_0p1_W,20,2460,820,0.3565112352371216,0.3309190571308136,"{""income_binary"":0.277692973613739,""civilian_at_work"":0.2579948604106903,""public_coverage"":0.45706939697265625}",0.25592175126075745,"{""SEX"":0.6273096203804016,""RAC1P"":1.16763174533844}",0.910692036151886,0.38267529010772705,0.3558075428009033,"{""income_binary"":0.28766006231307983,""civilian_at_work"":0.30939027667045593,""public_coverage"":0.4703722894191742}",0.26867741346359253,none; fixed final iterate,0.21944718062877655,0.0,0.0,1.0,0.1,0.0,0.0,0.3565112352371216
beta_0p1,1,continuation,beta_0p1_C_warmup_only,0,2460,820,0.3565112352371216,0.3309190571308136,"{""income_binary"":0.277692973613739,""civilian_at_work"":0.2579948604106903,""public_coverage"":0.45706939697265625}",0.25592175126075745,"{""SEX"":0.6273096203804016,""RAC1P"":1.16763174533844}",0.910692036151886,0.38267529010772705,0.3558075428009033,"{""income_binary"":0.28766006231307983,""civilian_at_work"":0.30939027667045593,""public_coverage"":0.4703722894191742}",0.26867741346359253,none; fixed final iterate,0.21944718062877655,0.0,0.0,1.0,0.1,0.0,0.0,0.3565112352371216
beta_0p1,1,continuation,beta_0p1_C_warmup_only,5,2665,1435,0.3464507460594177,0.32548651099205017,"{""income_binary"":0.27333149313926697,""civilian_at_work"":0.25016534328460693,""public_coverage"":0.4529626965522766}",0.20964230597019196,"{""SEX"":0.624868631362915,""RAC1P"":1.162867784500122}",0.9070618748664856,0.37684136629104614,0.3547550439834595,"{""income_binary"":0.286842942237854,""civilian_at_work"":0.3068881928920746,""public_coverage"":0.47053396701812744}",0.22086307406425476,none; fixed final iterate,0.45082154870033264,0.0,0.0,1.0,0.1,0.0,0.0,0.3464507460594177
beta_0p1,1,continuation,beta_0p1_C_warmup_only,10,2870,2050,0.34204810857772827,0.3234381675720215,"{""income_binary"":0.27079200744628906,""civilian_at_work"":0.2484789937734604,""public_coverage"":0.4510434865951538}",0.18609952926635742,"{""SEX"":0.6164446473121643,""RAC1P"":1.152928352355957}",0.8970838785171509,0.3755043148994446,0.3557964861392975,"{""income_binary"":0.28504836559295654,""civilian_at_work"":0.3096254765987396,""public_coverage"":0.4727155864238739}",0.19707822799682617,none; fixed final iterate,0.5255045294761658,0.0,0.0,1.0,0.1,0.0,0.0,0.34204810857772827
beta_0p1,1,continuation,beta_0p1_C_warmup_only,15,3075,2665,0.3386270999908447,0.32196855545043945,"{""income_binary"":0.2705784738063812,""civilian_at_work"":0.24701759219169617,""public_coverage"":0.44830960035324097}",0.16658544540405273,"{""SEX"":0.6118038892745972,""RAC1P"":1.1458529233932495}",0.8909595012664795,0.37459853291511536,0.3569367825984955,"{""income_binary"":0.2860829830169678,""civilian_at_work"":0.3094642162322998,""public_coverage"":0.4752631187438965}",0.17661738395690918,none; fixed final iterate,0.6092000007629395,0.0,0.0,1.0,0.1,0.0,0.0,0.3386270999908447
beta_0p1,1,continuation,beta_0p1_C_warmup_only,20,3280,3280,0.3368763327598572,0.3216240704059601,"{""income_binary"":0.2700086534023285,""civilian_at_work"":0.2460312396287918,""public_coverage"":0.44883236289024353}",0.15252256393432617,"{""SEX"":0.6059654951095581,""RAC1P"":1.1403114795684814}",0.8845725059509277,0.3748725652694702,0.35863861441612244,"{""income_binary"":0.28577983379364014,""civilian_at_work"":0.31059423089027405,""public_coverage"":0.47954174876213074}",0.16233940422534943,none; fixed final iterate,0.6775805354118347,0.0,0.0,1.0,0.1,0.0,0.0,0.3368763327598572
beta_0p1,1,continuation,beta_0p1_C_warmup_only,25,3485,3895,0.33438366651535034,0.3206723630428314,"{""income_binary"":0.2716788947582245,""civilian_at_work"":0.24525758624076843,""public_coverage"":0.44508054852485657}",0.13711300492286682,"{""SEX"":0.6017807722091675,""RAC1P"":1.1343566179275513}",0.8792167901992798,0.3733826279640198,0.35870811343193054,"{""income_binary"":0.2876785695552826,""civilian_at_work"":0.31042590737342834,""public_coverage"":0.4780198335647583}",0.1467452198266983,none; fixed final iterate,0.7885258793830872,0.0,0.0,1.0,0.1,0.0,0.0,0.33438366651535034
beta_0p1,1,continuation,beta_0p1_C_warmup_only,30,3690,4510,0.332291841506958,0.31950631737709045,"{""income_binary"":0.26967763900756836,""civilian_at_work"":0.24497920274734497,""public_coverage"":0.4438621699810028}",0.12785513699054718,"{""SEX"":0.596381425857544,""RAC1P"":1.1305583715438843}",0.8738303184509277,0.37295565009117126,0.35918474197387695,"{""income_binary"":0.28795433044433594,""civilian_at_work"":0.3119382858276367,""public_coverage"":0.4776616096496582}",0.13770918548107147,none; fixed final iterate,0.8094873428344727,0.0,0.0,1.0,0.1,0.0,0.0,0.332291841506958
beta_0p1,1,continuation,beta_0p1_C_warmup_only,35,3895,5125,0.3296450972557068,0.3180251121520996,"{""income_binary"":0.26825347542762756,""civilian_at_work"":0.24316823482513428,""public_coverage"":0.4426536560058594}",0.11619997769594193,"{""SEX"":0.5954388380050659,""RAC1P"":1.125709056854248}",0.8712481260299683,0.3734273910522461,0.3608497679233551,"{""income_binary"":0.2872355878353119,""civilian_at_work"":0.31252771615982056,""public_coverage"":0.48278605937957764}",0.1257762908935547,none; fixed final iterate,0.8861268162727356,0.0,0.0,1.0,0.1,0.0,0.0,0.3296450972557068
beta_0p1,1,continuation,beta_0p1_C_warmup_only,40,4100,5740,0.32834509015083313,0.3176160454750061,"{""income_binary"":0.2679835259914398,""civilian_at_work"":0.2422935962677002,""public_coverage"":0.4425709843635559}",0.10729039460420609,"{""SEX"":0.5921933054924011,""RAC1P"":1.1224591732025146}",0.867631196975708,0.3740137815475464,0.3622298538684845,"{""income_binary"":0.2874026596546173,""civilian_at_work"":0.3135797679424286,""public_coverage"":0.4857071340084076}",0.11783913522958755,none; fixed final iterate,0.9711466431617737,0.0,0.0,1.0,0.1,0.0,0.0,0.32834509015083313
beta_0p1,1,continuation,beta_0p1_C_warmup_only,45,4305,6355,0.3257621228694916,0.3160761594772339,"{""income_binary"":0.2675957679748535,""civilian_at_work"":0.2417469322681427,""public_coverage"":0.43888580799102783}",0.09685969352722168,"{""SEX"":0.5866314768791199,""RAC1P"":1.1225275993347168}",0.863644003868103,0.3726705014705658,0.36183953285217285,"{""income_binary"":0.28702571988105774,""civilian_at_work"":0.3156536817550659,""public_coverage"":0.4828392267227173}",0.10830958187580109,none; fixed final iterate,1.0246580839157104,0.0,0.0,1.0,0.1,0.0,0.0,0.3257621228694916
beta_0p1,1,continuation,beta_0p1_C_warmup_only,50,4510,6970,0.32454490661621094,0.31566014885902405,"{""income_binary"":0.26812711358070374,""civilian_at_work"":0.24120327830314636,""public_coverage"":0.43765002489089966}",0.08884747326374054,"{""SEX"":0.5811675786972046,""RAC1P"":1.1151759624481201}",0.8568172454833984,0.3728315532207489,0.3627983331680298,"{""income_binary"":0.2883339822292328,""civilian_at_work"":0.3142677843570709,""public_coverage"":0.48579323291778564}",0.10033225268125534,none; fixed final iterate,1.1014010906219482,0.0,0.0,1.0,0.1,0.0,0.0,0.32454490661621094
beta_0p1,1,continuation,beta_0p1_C_warmup_only,55,4715,7585,0.323034405708313,0.31467077136039734,"{""income_binary"":0.26741963624954224,""civilian_at_work"":0.23990312218666077,""public_coverage"":0.436689555644989}",0.08363646268844604,"{""SEX"":0.5831957459449768,""RAC1P"":1.104048728942871}",0.8539167642593384,0.37300801277160645,0.3635183274745941,"{""income_binary"":0.2887302041053772,""civilian_at_work"":0.3161535859107971,""public_coverage"":0.4856712222099304}",0.0948968306183815,none; fixed final iterate,1.1393208503723145,0.0,0.0,1.0,0.1,0.0,0.0,0.323034405708313
beta_0p1,1,continuation,beta_0p1_C_warmup_only,60,4920,8200,0.3218127191066742,0.31401798129081726,"{""income_binary"":0.2669653296470642,""civilian_at_work"":0.23979662358760834,""public_coverage"":0.43529197573661804}",0.07794751226902008,"{""SEX"":0.5703158974647522,""RAC1P"":1.0995721817016602}",0.842865526676178,0.3744964301586151,0.36556804180145264,"{""income_binary"":0.28912800550460815,""civilian_at_work"":0.31889164447784424,""public_coverage"":0.4886844754219055}",0.08928384631872177,none; fixed final iterate,1.1877076625823975,0.0,0.0,1.0,0.1,0.0,0.0,0.3218127191066742
beta_0p1,1,continuation,beta_0p1_C_warmup_only,65,5125,8815,0.3209003210067749,0.31344151496887207,"{""income_binary"":0.26671266555786133,""civilian_at_work"":0.23910392820835114,""public_coverage"":0.43450793623924255}",0.07458794116973877,"{""SEX"":0.5795074105262756,""RAC1P"":1.0956155061721802}",0.8479472398757935,0.3747669756412506,0.36619409918785095,"{""income_binary"":0.28999069333076477,""civilian_at_work"":0.3173500895500183,""public_coverage"":0.4912414252758026}",0.08572864532470703,none; fixed final iterate,1.2462068796157837,0.0,0.0,1.0,0.1,0.0,0.0,0.3209003210067749
beta_0p1,1,continuation,beta_0p1_C_warmup_only,70,5330,9430,0.3195386826992035,0.3123905658721924,"{""income_binary"":0.2660413086414337,""civilian_at_work"":0.23875227570533752,""public_coverage"":0.4323781430721283}",0.07148116827011108,"{""SEX"":0.5688297748565674,""RAC1P"":1.095261573791504}",0.8401023149490356,0.3742993474006653,0.366059273481369,"{""income_binary"":0.2897886633872986,""civilian_at_work"":0.31868356466293335,""public_coverage"":0.48970553278923035}",0.08240080624818802,none; fixed final iterate,1.3006871938705444,0.0,0.0,1.0,0.1,0.0,0.0,0.3195386826992035
beta_0p1,1,continuation,beta_0p1_C_warmup_only,75,5535,10045,0.31995537877082825,0.313151478767395,"{""income_binary"":0.26599258184432983,""civilian_at_work"":0.23919230699539185,""public_coverage"":0.434269517660141}",0.06803901493549347,"{""SEX"":0.5635910034179688,""RAC1P"":1.090868353843689}",0.8345984220504761,0.376911997795105,0.3690560758113861,"{""income_binary"":0.2900525629520416,""civilian_at_work"":0.3231016993522644,""public_coverage"":0.49401384592056274}",0.07855907082557678,none; fixed final iterate,1.358924150466919,0.0,0.0,1.0,0.1,0.0,0.0,0.31995537877082825
beta_0p1,1,continuation,beta_0p1_C_warmup_only,80,5740,10660,0.3189834654331207,0.3123617470264435,"{""income_binary"":0.2657899856567383,""civilian_at_work"":0.2372351586818695,""public_coverage"":0.4340600371360779}",0.06621726602315903,"{""SEX"":0.5622472167015076,""RAC1P"":1.088010549545288}",0.8325077295303345,0.3772335648536682,0.36958202719688416,"{""income_binary"":0.2901022732257843,""civilian_at_work"":0.32046231627464294,""public_coverage"":0.49818140268325806}",0.07651527225971222,none; fixed final iterate,1.4338510036468506,0.0,0.0,1.0,0.1,0.0,0.0,0.3189834654331207
beta_0p1,1,continuation,beta_0p1_D_warmup_only,0,2460,820,0.3565112352371216,0.3309190571308136,"{""income_binary"":0.277692973613739,""civilian_at_work"":0.2579948604106903,""public_coverage"":0.45706939697265625}",0.25592175126075745,"{""SEX"":0.6273096203804016,""RAC1P"":1.16763174533844}",0.910692036151886,0.38267529010772705,0.3558075428009033,"{""income_binary"":0.28766006231307983,""civilian_at_work"":0.30939027667045593,""public_coverage"":0.4703722894191742}",0.26867741346359253,none; fixed final iterate,0.21944718062877655,0.0,0.0,1.0,0.1,-0.1,-0.09106920361518861,0.265442031621933
beta_0p1,1,continuation,beta_0p1_D_warmup_only,5,2665,1435,0.34655505418777466,0.32546648383140564,"{""income_binary"":0.27358582615852356,""civilian_at_work"":0.2499338835477829,""public_coverage"":0.4528796970844269}",0.21088582277297974,"{""SEX"":0.6293661594390869,""RAC1P"":1.1671448945999146}",0.9119852781295776,0.37716129422187805,0.35494324564933777,"{""income_binary"":0.28718096017837524,""civilian_at_work"":0.30704188346862793,""public_coverage"":0.47060683369636536}",0.2221803516149521,none; fixed final iterate,0.45696207880973816,0.0,0.0,1.0,0.1,-0.1,-0.09119852781295777,0.2553565263748169
beta_0p1,1,continuation,beta_0p1_D_warmup_only,10,2870,2050,0.3420340418815613,0.32328811287879944,"{""income_binary"":0.27083927392959595,""civilian_at_work"":0.2481054812669754,""public_coverage"":0.45091962814331055}",0.18745923042297363,"{""SEX"":0.6223188638687134,""RAC1P"":1.1583290100097656}",0.9034415483474731,0.3757845163345337,0.3559407889842987,"{""income_binary"":0.2850800156593323,""civilian_at_work"":0.30990907549858093,""public_coverage"":0.4728333055973053}",0.19843724370002747,none; fixed final iterate,0.5422453284263611,0.0,0.0,1.0,0.1,-0.1,-0.09034415483474732,0.25168988704681394
beta_0p1,1,continuation,beta_0p1_D_warmup_only,15,3075,2665,0.3384692668914795,0.32173359394073486,"{""income_binary"":0.27049532532691956,""civilian_at_work"":0.24665959179401398,""public_coverage"":0.44804584980010986}",0.1673566699028015,"{""SEX"":0.6166166067123413,""RAC1P"":1.1509628295898438}",0.8964370489120483,0.37503331899642944,0.3572772443294525,"{""income_binary"":0.2860308587551117,""civilian_at_work"":0.31017759442329407,""public_coverage"":0.4756232798099518}",0.17756086587905884,none; fixed final iterate,0.6368734836578369,0.0,0.0,1.0,0.1,-0.1,-0.08964370489120484,0.24882556200027467
beta_0p1,1,continuation,beta_0p1_D_warmup_only,20,3280,3280,0.3368019759654999,0.32154974341392517,"{""income_binary"":0.27023833990097046,""civilian_at_work"":0.24554751813411713,""public_coverage"":0.44886335730552673}",0.15252219140529633,"{""SEX"":0.6110045313835144,""RAC1P"":1.1465643644332886}",0.8906616568565369,0.37536659836769104,0.359093576669693,"{""income_binary"":0.28579941391944885,""civilian_at_work"":0.3114382028579712,""public_coverage"":0.4800431728363037}",0.16273008286952972,none; fixed final iterate,0.7121165990829468,0.0,0.0,1.0,0.1,-0.1,-0.08906616568565369,0.2477358102798462
beta_0p1,1,continuation,beta_0p1_D_warmup_only,25,3485,3895,0.3341558277606964,0.3205563724040985,"{""income_binary"":0.2720811665058136,""civilian_at_work"":0.24475565552711487,""public_coverage"":0.4448322653770447}",0.13599444925785065,"{""SEX"":0.6077089309692383,""RAC1P"":1.1428563594818115}",0.8868288993835449,0.374076247215271,0.3594163954257965,"{""income_binary"":0.2878892719745636,""civilian_at_work"":0.31143811345100403,""public_coverage"":0.47892189025878906}",0.14659857749938965,none; fixed final iterate,0.8304921388626099,0.0,0.0,1.0,0.1,-0.1,-0.08868288993835449,0.24547293782234192
beta_0p1,1,continuation,beta_0p1_D_warmup_only,30,3690,4510,0.3318966031074524,0.31937381625175476,"{""income_binary"":0.26995936036109924,""civilian_at_work"":0.2445959895849228,""public_coverage"":0.44356614351272583}",0.12522786855697632,"{""SEX"":0.6050006747245789,""RAC1P"":1.1422433853149414}",0.8846338987350464,0.3735416531562805,0.3598819971084595,"{""income_binary"":0.28795191645622253,""civilian_at_work"":0.31304872035980225,""public_coverage"":0.47864535450935364}",0.13659653067588806,none; fixed final iterate,0.9003968238830566,0.0,0.0,1.0,0.1,-0.1,-0.08846338987350465,0.24343321323394773
beta_0p1,1,continuation,beta_0p1_D_warmup_only,35,3895,5125,0.3289155662059784,0.3177976906299591,"{""income_binary"":0.26846960186958313,""civilian_at_work"":0.2427779585123062,""public_coverage"":0.44214555621147156}",0.11117861419916153,"{""SEX"":0.603938639163971,""RAC1P"":1.1390057802200317}",0.8825975656509399,0.3739811182022095,0.3617155849933624,"{""income_binary"":0.2871541380882263,""civilian_at_work"":0.3135230243206024,""public_coverage"":0.4844696521759033}",0.12265525758266449,none; fixed final iterate,1.0092802047729492,0.0,0.0,1.0,0.1,-0.1,-0.088259756565094,0.2406558096408844
beta_0p1,1,continuation,beta_0p1_D_warmup_only,40,4100,5740,0.32778438925743103,0.31757017970085144,"{""income_binary"":0.26825982332229614,""civilian_at_work"":0.24195635318756104,""public_coverage"":0.44249433279037476}",0.10214218497276306,"{""SEX"":0.6025069355964661,""RAC1P"":1.1355341672897339}",0.8802027702331543,0.3748326897621155,0.363368958234787,"{""income_binary"":0.28747835755348206,""civilian_at_work"":0.31465816497802734,""public_coverage"":0.48797038197517395}",0.11463725566864014,none; fixed final iterate,1.1214861869812012,0.0,0.0,1.0,0.1,-0.1,-0.08802027702331544,0.2397641122341156
beta_0p1,1,continuation,beta_0p1_D_warmup_only,45,4305,6355,0.3252500295639038,0.31587928533554077,"{""income_binary"":0.26791611313819885,""civilian_at_work"":0.24126332998275757,""public_coverage"":0.4384583830833435}",0.09370745718479156,"{""SEX"":0.5956248044967651,""RAC1P"":1.1362370252609253}",0.8755115270614624,0.373542457818985,0.3628480136394501,"{""income_binary"":0.28725913166999817,""civilian_at_work"":0.3166252374649048,""public_coverage"":0.4846596419811249}",0.1069445013999939,none; fixed final iterate,1.1675916910171509,0.0,0.0,1.0,0.1,-0.1,-0.08755115270614625,0.23769887685775756
beta_0p1,1,continuation,beta_0p1_D_warmup_only,50,4510,6970,0.3245313763618469,0.3157600164413452,"{""income_binary"":0.26897501945495605,""civilian_at_work"":0.24100688099861145,""public_coverage"":0.4372981786727905}",0.08771364390850067,"{""SEX"":0.5960719585418701,""RAC1P"":1.1312795877456665}",0.8738898634910583,0.37415462732315063,0.36405763030052185,"{""income_binary"":0.2891300320625305,""civilian_at_work"":0.3153381943702698,""public_coverage"":0.48770463466644287}",0.10097002983093262,none; fixed final iterate,1.229630470275879,0.0,0.0,1.0,0.1,-0.1,-0.08738898634910584,0.23714239001274107
beta_0p1,1,continuation,beta_0p1_D_warmup_only,55,4715,7585,0.3229556679725647,0.3146141767501831,"{""income_binary"":0.2678043842315674,""civilian_at_work"":0.2396659255027771,""public_coverage"":0.4363722503185272}",0.08341504633426666,"{""SEX"":0.5962837934494019,""RAC1P"":1.1222119331359863}",0.870486319065094,0.37415453791618347,0.364550918340683,"{""income_binary"":0.2890602648258209,""civilian_at_work"":0.3172930181026459,""public_coverage"":0.48729950189590454}",0.09603628516197205,none; fixed final iterate,1.3241708278656006,0.0,0.0,1.0,0.1,-0.1,-0.08704863190650941,0.2359070360660553
beta_0p1,1,continuation,beta_0p1_D_warmup_only,60,4920,8200,0.3219262361526489,0.31401875615119934,"{""income_binary"":0.26742374897003174,""civilian_at_work"":0.23944640159606934,""public_coverage"":0.43518614768981934}",0.07907480001449585,"{""SEX"":0.5889801979064941,""RAC1P"":1.1193597316741943}",0.8640966415405273,0.3755105137825012,0.36636534333229065,"{""income_binary"":0.2895714342594147,""civilian_at_work"":0.31998199224472046,""public_coverage"":0.4895426630973816}",0.09145165234804153,none; fixed final iterate,1.4083750247955322,0.0,0.0,1.0,0.1,-0.1,-0.08640966415405274,0.23551657199859619
beta_0p1,1,continuation,beta_0p1_D_warmup_only,65,5125,8815,0.321081280708313,0.313306599855423,"{""income_binary"":0.26709023118019104,""civilian_at_work"":0.2386489063501358,""public_coverage"":0.43418067693710327}",0.07774673402309418,"{""SEX"":0.5985785126686096,""RAC1P"":1.1151924133300781}",0.8693892955780029,0.3758695125579834,0.3669039309024811,"{""income_binary"":0.29041674733161926,""civilian_at_work"":0.3180363178253174,""public_coverage"":0.492258757352829}",0.08965572714805603,none; fixed final iterate,1.5463874340057373,0.0,0.0,1.0,0.1,-0.1,-0.0869389295578003,0.23414235115051268
beta_0p1,1,continuation,beta_0p1_D_warmup_only,70,5330,9430,0.31995898485183716,0.31240835785865784,"{""income_binary"":0.2662612497806549,""civilian_at_work"":0.23871654272079468,""public_coverage"":0.4322472810745239}",0.07550632953643799,"{""SEX"":0.5902780294418335,""RAC1P"":1.1198824644088745}",0.8652383089065552,0.3753936290740967,0.36666062474250793,"{""income_binary"":0.2897200882434845,""civilian_at_work"":0.31976333260536194,""public_coverage"":0.49049851298332214}",0.08733006566762924,none; fixed final iterate,1.688568353652954,0.0,0.0,1.0,0.1,-0.1,-0.08652383089065552,0.23343515396118164
beta_0p1,1,continuation,beta_0p1_D_warmup_only,75,5535,10045,0.32049596309661865,0.3129652440547943,"{""income_binary"":0.2663877308368683,""civilian_at_work"":0.2384311407804489,""public_coverage"":0.43407684564590454}",0.07530733942985535,"{""SEX"":0.5899130702018738,""RAC1P"":1.1157177686691284}",0.8633414506912231,0.37787100672721863,0.3691658079624176,"{""income_binary"":0.29010769724845886,""civilian_at_work"":0.3232378363609314,""public_coverage"":0.4941519498825073}",0.08705206960439682,none; fixed final iterate,1.8885419368743896,0.0,0.0,1.0,0.1,-0.1,-0.08633414506912232,0.23416181802749633
beta_0p1,1,continuation,beta_0p1_D_warmup_only,80,5740,10660,0.31948205828666687,0.3122553825378418,"{""income_binary"":0.2658644914627075,""civilian_at_work"":0.2369573414325714,""public_coverage"":0.43394437432289124}",0.07226663082838058,"{""SEX"":0.5928768515586853,""RAC1P"":1.114598035812378}",0.8650412559509277,0.37827640771865845,0.3699072599411011,"{""income_binary"":0.2897443175315857,""civilian_at_work"":0.32159924507141113,""public_coverage"":0.4983782172203064}",0.08369136601686478,none; fixed final iterate,2.126023769378662,0.0,0.0,1.0,0.1,-0.1,-0.08650412559509278,0.23297793269157407
beta_0p1,1,continuation,beta_0p1_C_persistent,0,2460,820,0.3565112352371216,0.3309190571308136,"{""income_binary"":0.277692973613739,""civilian_at_work"":0.2579948604106903,""public_coverage"":0.45706939697265625}",0.25592175126075745,"{""SEX"":0.6273096203804016,""RAC1P"":1.16763174533844}",0.910692036151886,0.38267529010772705,0.3558075428009033,"{""income_binary"":0.28766006231307983,""civilian_at_work"":0.30939027667045593,""public_coverage"":0.4703722894191742}",0.26867741346359253,none; fixed final iterate,0.21944718062877655,0.1,0.021944718062877656,1.0,0.1,0.0,0.0,0.37845595329999926
beta_0p1,1,continuation,beta_0p1_C_persistent,5,2665,1435,0.3533869981765747,0.32934263348579407,"{""income_binary"":0.276000052690506,""civilian_at_work"":0.2552877366542816,""public_coverage"":0.4567401111125946}",0.24044372141361237,"{""SEX"":0.6242934465408325,""RAC1P"":1.1612690687179565}",0.9060196876525879,0.38081780076026917,0.3555072247982025,"{""income_binary"":0.2877863645553589,""civilian_at_work"":0.3080333173274994,""public_coverage"":0.4707019031047821}",0.2531057596206665,none; fixed final iterate,0.2184685468673706,0.1,0.021846854686737062,1.0,0.1,0.0,0.0,0.3752338528633118
beta_0p1,1,continuation,beta_0p1_C_persistent,10,2870,2050,0.35154110193252563,0.32875683903694153,"{""income_binary"":0.2760096788406372,""civilian_at_work"":0.25479796528816223,""public_coverage"":0.45546287298202515}",0.2278427630662918,"{""SEX"":0.6178514361381531,""RAC1P"":1.1522998809814453}",0.8978526592254639,0.38042742013931274,0.35633230209350586,"{""income_binary"":0.287410706281662,""civilian_at_work"":0.3100103735923767,""public_coverage"":0.4715757966041565}",0.24095112085342407,none; fixed final iterate,0.2017071396112442,0.1,0.020170713961124423,1.0,0.1,0.0,0.0,0.37171181589365004
beta_0p1,1,continuation,beta_0p1_C_persistent,15,3075,2665,0.34871113300323486,0.32736602425575256,"{""income_binary"":0.2758457064628601,""civilian_at_work"":0.25323840975761414,""public_coverage"":0.45301398634910583}",0.2134511023759842,"{""SEX"":0.6123363375663757,""RAC1P"":1.1444011926651}",0.8907744288444519,0.37926074862480164,0.35661816596984863,"{""income_binary"":0.28775930404663086,""civilian_at_work"":0.3094482719898224,""public_coverage"":0.4726470112800598}",0.22642594575881958,none; fixed final iterate,0.20051893591880798,0.1,0.0200518935918808,1.0,0.1,0.0,0.0,0.3687630265951157
beta_0p1,1,continuation,beta_0p1_C_persistent,20,3280,3280,0.3481515049934387,0.32762181758880615,"{""income_binary"":0.2754281163215637,""civilian_at_work"":0.2533462345600128,""public_coverage"":0.45409107208251953}",0.20529696345329285,"{""SEX"":0.607071042060852,""RAC1P"":1.1392791271209717}",0.8849654793739319,0.3798450827598572,0.35801926255226135,"{""income_binary"":0.2872013449668884,""civilian_at_work"":0.31024986505508423,""public_coverage"":0.4766065776348114}",0.2182583063840866,none; fixed final iterate,0.19072546064853668,0.1,0.01907254606485367,1.0,0.1,0.0,0.0,0.36722405105829237
beta_0p1,1,continuation,beta_0p1_C_persistent,25,3485,3895,0.34485283493995667,0.3254377543926239,"{""income_binary"":0.2740204632282257,""civilian_at_work"":0.25246214866638184,""public_coverage"":0.44983065128326416}",0.19415083527565002,"{""SEX"":0.6033641695976257,""RAC1P"":1.1327279806137085}",0.8797208070755005,0.37759697437286377,0.35682567954063416,"{""income_binary"":0.28543001413345337,""civilian_at_work"":0.31090107560157776,""public_coverage"":0.4741458296775818}",0.20771299302577972,none; fixed final iterate,0.19723808765411377,0.1,0.01972380876541138,1.0,0.1,0.0,0.0,0.364576643705368
beta_0p1,1,continuation,beta_0p1_C_persistent,30,3690,4510,0.34419140219688416,0.3251049220561981,"{""income_binary"":0.27535563707351685,""civilian_at_work"":0.2509516477584839,""public_coverage"":0.44900742173194885}",0.1908649355173111,"{""SEX"":0.5999254584312439,""RAC1P"":1.1279380321502686}",0.875360369682312,0.3783893883228302,0.3579915463924408,"{""income_binary"":0.2885935306549072,""civilian_at_work"":0.3109406530857086,""public_coverage"":0.47444039583206177}",0.2039783000946045,none; fixed final iterate,0.18451613187789917,0.1,0.018451613187789918,1.0,0.1,0.0,0.0,0.3626430153846741
beta_0p1,1,continuation,beta_0p1_C_persistent,35,3895,5125,0.3418624997138977,0.32368430495262146,"{""income_binary"":0.2724078297615051,""civilian_at_work"":0.25003156065940857,""public_coverage"":0.44861355423927307}",0.18178197741508484,"{""SEX"":0.6012367010116577,""RAC1P"":1.122802495956421}",0.8742924928665161,0.3784705400466919,0.3589707911014557,"{""income_binary"":0.28609731793403625,""civilian_at_work"":0.3128741681575775,""public_coverage"":0.47794097661972046}",0.19499742984771729,none; fixed final iterate,0.18442794680595398,0.1,0.018442794680595398,1.0,0.1,0.0,0.0,0.3603052943944931
beta_0p1,1,continuation,beta_0p1_C_persistent,40,4100,5740,0.3403451442718506,0.32251179218292236,"{""income_binary"":0.2723235785961151,""civilian_at_work"":0.24846868216991425,""public_coverage"":0.44674310088157654}",0.17833366990089417,"{""SEX"":0.594580352306366,""RAC1P"":1.1183136701583862}",0.8677279949188232,0.3785644471645355,0.35936403274536133,"{""income_binary"":0.2863819897174835,""civilian_at_work"":0.3126721680164337,""public_coverage"":0.47903797030448914}",0.19200412929058075,none; fixed final iterate,0.18148604035377502,0.1,0.018148604035377502,1.0,0.1,0.0,0.0,0.3584937483072281
beta_0p1,1,continuation,beta_0p1_C_persistent,45,4305,6355,0.3387061655521393,0.3213833272457123,"{""income_binary"":0.2711557447910309,""civilian_at_work"":0.24791276454925537,""public_coverage"":0.445081502199173}",0.1732283979654312,"{""SEX"":0.5891022682189941,""RAC1P"":1.122685432434082}",0.8654890656471252,0.37759652733802795,0.3588655889034271,"{""income_binary"":0.28519320487976074,""civilian_at_work"":0.31490039825439453,""public_coverage"":0.47650307416915894}",0.18730926513671875,none; fixed final iterate,0.17798468470573425,0.1,0.017798468470573425,1.0,0.1,0.0,0.0,0.3565046340227127
beta_0p1,1,continuation,beta_0p1_C_persistent,50,4510,6970,0.3376576006412506,0.32089754939079285,"{""income_binary"":0.2711244523525238,""civilian_at_work"":0.2473987340927124,""public_coverage"":0.44416943192481995}",0.16760049760341644,"{""SEX"":0.5825851559638977,""RAC1P"":1.1109511852264404}",0.8561833500862122,0.3777155876159668,0.35953226685523987,"{""income_binary"":0.2856238782405853,""civilian_at_work"":0.31412363052368164,""public_coverage"":0.47884926199913025}",0.18183328211307526,none; fixed final iterate,0.1745237410068512,0.1,0.01745237410068512,1.0,0.1,0.0,0.0,0.35510997474193573
beta_0p1,1,continuation,beta_0p1_C_persistent,55,4715,7585,0.33623453974723816,0.3200550973415375,"{""income_binary"":0.27144166827201843,""civilian_at_work"":0.2458404302597046,""public_coverage"":0.442883163690567}",0.16179433465003967,"{""SEX"":0.5813467502593994,""RAC1P"":1.1041712760925293}",0.8526303768157959,0.3777567446231842,0.3602207899093628,"{""income_binary"":0.2871960401535034,""civilian_at_work"":0.3147614002227783,""public_coverage"":0.47870492935180664}",0.1753596067428589,none; fixed final iterate,0.17237001657485962,0.1,0.017237001657485963,1.0,0.1,0.0,0.0,0.35347154140472414
beta_0p1,1,continuation,beta_0p1_C_persistent,60,4920,8200,0.33541643619537354,0.31971925497055054,"{""income_binary"":0.27128690481185913,""civilian_at_work"":0.24656830728054047,""public_coverage"":0.4413025379180908}",0.15697196125984192,"{""SEX"":0.5745389461517334,""RAC1P"":1.1001498699188232}",0.8461399078369141,0.3798896074295044,0.36278513073921204,"{""income_binary"":0.28773415088653564,""civilian_at_work"":0.3194821774959564,""public_coverage"":0.48113903403282166}",0.17104484140872955,none; fixed final iterate,0.16863170266151428,0.1,0.016863170266151428,1.0,0.1,0.0,0.0,0.35227960646152495
beta_0p1,1,continuation,beta_0p1_C_persistent,65,5125,8815,0.33417052030563354,0.3189598619937897,"{""income_binary"":0.2714035212993622,""civilian_at_work"":0.24527524411678314,""public_coverage"":0.4402008652687073}",0.15210670232772827,"{""SEX"":0.573557436466217,""RAC1P"":1.0952386856079102}",0.843505322933197,0.3791640102863312,0.3624924123287201,"{""income_binary"":0.28875645995140076,""civilian_at_work"":0.3165658712387085,""public_coverage"":0.48215481638908386}",0.16671596467494965,none; fixed final iterate,0.16559888422489166,0.1,0.016559888422489167,1.0,0.1,0.0,0.0,0.3507304087281227
beta_0p1,1,continuation,beta_0p1_C_persistent,70,5330,9430,0.3326382040977478,0.3179403841495514,"{""income_binary"":0.27083444595336914,""civilian_at_work"":0.24361655116081238,""public_coverage"":0.43937015533447266}",0.14697828888893127,"{""SEX"":0.5713112354278564,""RAC1P"":1.0967196226119995}",0.8424650430679321,0.3786620795726776,0.36252132058143616,"{""income_binary"":0.2883712947368622,""civilian_at_work"":0.3167690932750702,""public_coverage"":0.48242366313934326}",0.16140764951705933,none; fixed final iterate,0.1628916710615158,0.1,0.01628916710615158,1.0,0.1,0.0,0.0,0.3489273712038994
beta_0p1,1,continuation,beta_0p1_C_persistent,75,5535,10045,0.33232489228248596,0.3182086944580078,"{""income_binary"":0.2689095139503479,""civilian_at_work"":0.24541977047920227,""public_coverage"":0.44029679894447327}",0.14116188883781433,"{""SEX"":0.5689091682434082,""RAC1P"":1.0902304649353027}",0.8381863832473755,0.37994933128356934,0.36439093947410583,"{""income_binary"":0.28675758838653564,""civilian_at_work"":0.32129818201065063,""public_coverage"":0.4851170480251312}",0.15558378398418427,none; fixed final iterate,0.17015793919563293,0.1,0.017015793919563295,1.0,0.1,0.0,0.0,0.3493406862020493
beta_0p1,1,continuation,beta_0p1_C_persistent,80,5740,10660,0.33037999272346497,0.3167671859264374,"{""income_binary"":0.2686102092266083,""civilian_at_work"":0.24265728890895844,""public_coverage"":0.43903404474258423}",0.1361280381679535,"{""SEX"":0.5666723251342773,""RAC1P"":1.0931357145309448}",0.8377114534378052,0.3792038857936859,0.3641202449798584,"{""income_binary"":0.2868593633174896,""civilian_at_work"":0.31896981596946716,""public_coverage"":0.48653149604797363}",0.15083640813827515,none; fixed final iterate,0.1706666797399521,0.1,0.017066667973995208,1.0,0.1,0.0,0.0,0.34744666069746016
beta_0p1,1,continuation,beta_0p1_D_persistent,0,2460,820,0.3565112352371216,0.3309190571308136,"{""income_binary"":0.277692973613739,""civilian_at_work"":0.2579948604106903,""public_coverage"":0.45706939697265625}",0.25592175126075745,"{""SEX"":0.6273096203804016,""RAC1P"":1.16763174533844}",0.910692036151886,0.38267529010772705,0.3558075428009033,"{""income_binary"":0.28766006231307983,""civilian_at_work"":0.30939027667045593,""public_coverage"":0.4703722894191742}",0.26867741346359253,none; fixed final iterate,0.21944718062877655,0.1,0.021944718062877656,1.0,0.1,-0.1,-0.09106920361518861,0.28738674968481065
beta_0p1,1,continuation,beta_0p1_D_persistent,5,2665,1435,0.35349997878074646,0.3292939364910126,"{""income_binary"":0.27602818608283997,""civilian_at_work"":0.25513383746147156,""public_coverage"":0.4567197859287262}",0.24206046760082245,"{""SEX"":0.6275991797447205,""RAC1P"":1.163804054260254}",0.9093997478485107,0.38107338547706604,0.3555983603000641,"{""income_binary"":0.2878652513027191,""civilian_at_work"":0.3081614077091217,""public_coverage"":0.4707685112953186}",0.2547502815723419,none; fixed final iterate,0.2189997136592865,0.1,0.021899971365928653,1.0,0.1,-0.1,-0.09093997478485108,0.284459975361824
beta_0p1,1,continuation,beta_0p1_D_persistent,10,2870,2050,0.35170331597328186,0.32872775197029114,"{""income_binary"":0.2761024832725525,""civilian_at_work"":0.254594624042511,""public_coverage"":0.45548614859580994}",0.22975566983222961,"{""SEX"":0.6219586730003357,""RAC1P"":1.1550266742706299}",0.9018863439559937,0.3808441758155823,0.35656705498695374,"{""income_binary"":0.2876524329185486,""civilian_at_work"":0.3102392554283142,""public_coverage"":0.4718095362186432}",0.2427712082862854,none; fixed final iterate,0.20213912427425385,0.1,0.020213912427425387,1.0,0.1,-0.1,-0.09018863439559938,0.28172859400510786
beta_0p1,1,continuation,beta_0p1_D_persistent,15,3075,2665,0.34883612394332886,0.32732996344566345,"{""income_binary"":0.27601906657218933,""civilian_at_work"":0.25304728746414185,""public_coverage"":0.4529235064983368}",0.21506153047084808,"{""SEX"":0.6164810061454773,""RAC1P"":1.1473511457443237}",0.89492267370224,0.37976619601249695,0.35696861147880554,"{""income_binary"":0.28828778862953186,""civilian_at_work"":0.30982568860054016,""public_coverage"":0.47279229760169983}",0.2279757708311081,none; fixed final iterate,0.20044703781604767,0.1,0.020044703781604768,1.0,0.1,-0.1,-0.089492267370224,0.2793885603547096
beta_0p1,1,continuation,beta_0p1_D_persistent,20,3280,3280,0.3481828272342682,0.32747864723205566,"{""income_binary"":0.27549120783805847,""civilian_at_work"":0.25307998061180115,""public_coverage"":0.453864723443985}",0.20704178512096405,"{""SEX"":0.6117116808891296,""RAC1P"":1.1422148942947388}",0.8894661068916321,0.38015294075012207,0.35815033316612244,"{""income_binary"":0.2875699996948242,""civilian_at_work"":0.3104124963283539,""public_coverage"":0.47646844387054443}",0.22002610564231873,none; fixed final iterate,0.191439688205719,0.1,0.0191439688205719,1.0,0.1,-0.1,-0.08894661068916321,0.2783801853656769
beta_0p1,1,continuation,beta_0p1_D_persistent,25,3485,3895,0.3449203372001648,0.3252963721752167,"{""income_binary"":0.274060994386673,""civilian_at_work"":0.2523210644721985,""public_coverage"":0.44950705766677856}",0.19623970985412598,"{""SEX"":0.6074966192245483,""RAC1P"":1.1363153457641602}",0.8841102123260498,0.37785959243774414,0.3568686544895172,"{""income_binary"":0.2858540713787079,""civilian_at_work"":0.31088149547576904,""public_coverage"":0.4738704562187195}",0.20990949869155884,none; fixed final iterate,0.19845382869243622,0.1,0.019845382869243623,1.0,0.1,-0.1,-0.08841102123260498,0.27635469883680347
beta_0p1,1,continuation,beta_0p1_D_persistent,30,3690,4510,0.3443957567214966,0.3251340687274933,"{""income_binary"":0.27584531903266907,""civilian_at_work"":0.250713974237442,""public_coverage"":0.44884294271469116}",0.1926167756319046,"{""SEX"":0.6042945981025696,""RAC1P"":1.1326454877853394}",0.880359947681427,0.3787597715854645,0.3581823408603668,"{""income_binary"":0.2896031439304352,""civilian_at_work"":0.3105972707271576,""public_coverage"":0.4743465781211853}",0.20577429234981537,none; fixed final iterate,0.18523484468460083,0.1,0.018523484468460083,1.0,0.1,-0.1,-0.08803599476814271,0.27488324642181394
beta_0p1,1,continuation,beta_0p1_D_persistent,35,3895,5125,0.34198492765426636,0.32364749908447266,"{""income_binary"":0.27241918444633484,""civilian_at_work"":0.24987825751304626,""public_coverage"":0.4486450254917145}",0.18337418138980865,"{""SEX"":0.6065170764923096,""RAC1P"":1.1283318996429443}",0.8802720308303833,0.3790629208087921,0.359390527009964,"{""income_binary"":0.2868436276912689,""civilian_at_work"":0.31302738189697266,""public_coverage"":0.4783005714416504}",0.19672393798828125,none; fixed final iterate,0.18542726337909698,0.1,0.0185427263379097,1.0,0.1,-0.1,-0.08802720308303834,0.2725004509091377
beta_0p1,1,continuation,beta_0p1_D_persistent,40,4100,5740,0.3405311405658722,0.32265087962150574,"{""income_binary"":0.2726503312587738,""civilian_at_work"":0.24836300313472748,""public_coverage"":0.4469393491744995}",0.1788026988506317,"{""SEX"":0.6009671688079834,""RAC1P"":1.1244308948516846}",0.8747366666793823,0.3793337345123291,0.36005863547325134,"{""income_binary"":0.2874304950237274,""civilian_at_work"":0.3129948377609253,""public_coverage"":0.47975045442581177}",0.19275088608264923,none; fixed final iterate,0.18299859762191772,0.1,0.018299859762191773,1.0,0.1,-0.1,-0.08747366666793824,0.2713573336601257
beta_0p1,1,continuation,beta_0p1_D_persistent,45,4305,6355,0.33878380060195923,0.32139742374420166,"{""income_binary"":0.27118536829948425,""civilian_at_work"":0.2477024644613266,""public_coverage"":0.4453044533729553}",0.17386367917060852,"{""SEX"":0.5952188968658447,""RAC1P"":1.12913179397583}",0.8724318146705627,0.3782842755317688,0.35947465896606445,"{""income_binary"":0.2858591079711914,""civilian_at_work"":0.3153623938560486,""public_coverage"":0.4772024154663086}",0.1880962997674942,none; fixed final iterate,0.18134057521820068,0.1,0.01813405752182007,1.0,0.1,-0.1,-0.08724318146705629,0.269674676656723
beta_0p1,1,continuation,beta_0p1_D_persistent,50,4510,6970,0.33769363164901733,0.32097163796424866,"{""income_binary"":0.27127689123153687,""civilian_at_work"":0.24721816182136536,""public_coverage"":0.44441986083984375}",0.16721996665000916,"{""SEX"":0.5895827412605286,""RAC1P"":1.1175907850265503}",0.8638376593589783,0.3783402740955353,0.36018291115760803,"{""income_binary"":0.2866269648075104,""civilian_at_work"":0.3143519461154938,""public_coverage"":0.47956982254981995}",0.1815735101699829,none; fixed final iterate,0.17685632407665253,0.1,0.017685632407665252,1.0,0.1,-0.1,-0.08638376593589783,0.2689954981207847
beta_0p1,1,continuation,beta_0p1_D_persistent,55,4715,7585,0.3361617922782898,0.32024461030960083,"{""income_binary"":0.2717877924442291,""civilian_at_work"":0.24573954939842224,""public_coverage"":0.4432064890861511}",0.1591716855764389,"{""SEX"":0.5885043144226074,""RAC1P"":1.1106867790222168}",0.8603515625,0.37811434268951416,0.3608182966709137,"{""income_binary"":0.2880711555480957,""civilian_at_work"":0.3153781592845917,""public_coverage"":0.4790055751800537}",0.1729605495929718,none; fixed final iterate,0.1763983964920044,0.1,0.01763983964920044,1.0,0.1,-0.1,-0.08603515625000001,0.26776647567749023
beta_0p1,1,continuation,beta_0p1_D_persistent,60,4920,8200,0.33573636412620544,0.32024872303009033,"{""income_binary"":0.27225837111473083,""civilian_at_work"":0.2468569576740265,""public_coverage"":0.4416308104991913}",0.15487632155418396,"{""SEX"":0.5833435654640198,""RAC1P"":1.1077266931533813}",0.8554660081863403,0.3808331787586212,0.3638765513896942,"{""income_binary"":0.289578914642334,""civilian_at_work"":0.3205910623073578,""public_coverage"":0.4814596176147461}",0.16956637799739838,none; fixed final iterate,0.1731441617012024,0.1,0.01731441617012024,1.0,0.1,-0.1,-0.08554660081863404,0.2675041794776917
beta_0p1,1,continuation,beta_0p1_D_persistent,65,5125,8815,0.3340398669242859,0.3192500174045563,"{""income_binary"":0.2725067734718323,""civilian_at_work"":0.24505668878555298,""public_coverage"":0.44018661975860596}",0.14789845049381256,"{""SEX"":0.5843299627304077,""RAC1P"":1.1034594774246216}",0.8545042276382446,0.37951910495758057,0.3632446825504303,"{""income_binary"":0.2905099391937256,""civilian_at_work"":0.3168701231479645,""public_coverage"":0.4823540151119232}",0.16274426877498627,none; fixed final iterate,0.1702924370765686,0.1,0.01702924370765686,1.0,0.1,-0.1,-0.08545042276382447,0.26561868786811826
beta_0p1,1,continuation,beta_0p1_D_persistent,70,5330,9430,0.3321331739425659,0.317956805229187,"{""income_binary"":0.27092379331588745,""civilian_at_work"":0.2434988021850586,""public_coverage"":0.4394477903842926}",0.14176371693611145,"{""SEX"":0.5825058817863464,""RAC1P"":1.1051527261734009}",0.8538519144058228,0.3785151541233063,0.36285433173179626,"{""income_binary"":0.2888443171977997,""civilian_at_work"":0.3173472583293915,""public_coverage"":0.48237141966819763}",0.15660810470581055,none; fixed final iterate,0.169200599193573,0.1,0.0169200599193573,1.0,0.1,-0.1,-0.08538519144058228,0.26366804242134095
beta_0p1,1,continuation,beta_0p1_D_persistent,75,5535,10045,0.3318004906177521,0.31826332211494446,"{""income_binary"":0.26933401823043823,""civilian_at_work"":0.24559549987316132,""public_coverage"":0.43986040353775024}",0.13537171483039856,"{""SEX"":0.5801804065704346,""RAC1P"":1.098048210144043}",0.8493871092796326,0.37994641065597534,0.3649246394634247,"{""income_binary"":0.28745386004447937,""civilian_at_work"":0.322124183177948,""public_coverage"":0.4851958453655243}",0.1502176821231842,none; fixed final iterate,0.1748729646205902,0.1,0.017487296462059022,1.0,0.1,-0.1,-0.08493871092796326,0.2643490761518479
beta_0p1,1,continuation,beta_0p1_D_persistent,80,5740,10660,0.33014440536499023,0.31680992245674133,"{""income_binary"":0.2691192924976349,""civilian_at_work"":0.24254846572875977,""public_coverage"":0.4387620985507965}",0.1333448886871338,"{""SEX"":0.5814274549484253,""RAC1P"":1.1017847061157227}",0.8517526388168335,0.37964075803756714,0.3648383319377899,"{""income_binary"":0.2878648638725281,""civilian_at_work"":0.31951355934143066,""public_coverage"":0.4871365427970886}",0.14802439510822296,none; fixed final iterate,0.17481699585914612,0.1,0.017481699585914612,1.0,0.1,-0.1,-0.08517526388168335,0.2624508410692215
beta_0p1,2,warm_base,beta_0p1_W,0,0,0,0.8149184584617615,0.7130289077758789,"{""income_binary"":0.71417236328125,""civilian_at_work"":0.7128317356109619,""public_coverage"":0.7120826840400696}",1.0188953876495361,,,0.8128551840782166,0.7131239771842957,"{""income_binary"":0.7137216925621033,""civilian_at_work"":0.7125829458236694,""public_coverage"":0.7130672335624695}",0.9973122477531433,none; fixed final iterate,1.726161772825079e-15,0.1,1.7261617728250792e-16,1.0,0.1,0.0,0.0,0.8149184584617617
beta_0p1,2,warm_base,beta_0p1_W,5,210,0,0.4737062454223633,0.4185633659362793,"{""income_binary"":0.3761284053325653,""civilian_at_work"":0.3687989413738251,""public_coverage"":0.5107627511024475}",0.5514288544654846,,,0.4786638915538788,0.42496076226234436,"{""income_binary"":0.3953843414783478,""civilian_at_work"":0.36817291378974915,""public_coverage"":0.5113250613212585}",0.5370311737060547,none; fixed final iterate,0.645796000957489,0.1,0.06457960009574891,1.0,0.1,0.0,0.0,0.5382858455181122
beta_0p1,2,warm_base,beta_0p1_W,10,420,0,0.42751526832580566,0.3783842623233795,"{""income_binary"":0.32675302028656006,""civilian_at_work"":0.3170825242996216,""public_coverage"":0.4913172423839569}",0.49131011962890625,,,0.43582314252853394,0.3881126940250397,"{""income_binary"":0.34960299730300903,""civilian_at_work"":0.3189988136291504,""public_coverage"":0.4957362711429596}",0.47710463404655457,none; fixed final iterate,0.5220407247543335,0.1,0.05220407247543335,1.0,0.1,0.0,0.0,0.479719340801239
beta_0p1,2,warm_base,beta_0p1_W,15,630,0,0.409723699092865,0.3633885681629181,"{""income_binary"":0.3054628074169159,""civilian_at_work"":0.3018224835395813,""public_coverage"":0.48288050293922424}",0.46335119009017944,,,0.4210428297519684,0.37611958384513855,"{""income_binary"":0.3312399089336395,""civilian_at_work"":0.30473893880844116,""public_coverage"":0.4923798739910126}",0.44923242926597595,none; fixed final iterate,0.4293617904186249,0.1,0.04293617904186249,1.0,0.1,0.0,0.0,0.45265987813472747
beta_0p1,2,warm_base,beta_0p1_W,20,840,0,0.39879468083381653,0.3552897870540619,"{""income_binary"":0.29509449005126953,""civilian_at_work"":0.2930006980895996,""public_coverage"":0.47777414321899414}",0.43504902720451355,,,0.4132261872291565,0.37121710181236267,"{""income_binary"":0.3233799934387207,""civilian_at_work"":0.2989153563976288,""public_coverage"":0.49135592579841614}",0.42009085416793823,none; fixed final iterate,0.3724312484264374,0.1,0.03724312484264374,1.0,0.1,0.0,0.0,0.4360378056764603
beta_0p1,2,warm_base,beta_0p1_W,25,1050,0,0.38937804102897644,0.348867267370224,"{""income_binary"":0.28766074776649475,""civilian_at_work"":0.28784608840942383,""public_coverage"":0.4710949957370758}",0.4051077961921692,,,0.40590670704841614,0.3668713867664337,"{""income_binary"":0.3174143433570862,""civilian_at_work"":0.2952910363674164,""public_coverage"":0.48790884017944336}",0.3903532326221466,none; fixed final iterate,0.3391299247741699,0.1,0.03391299247741699,1.0,0.1,0.0,0.0,0.4232910335063934
beta_0p1,2,warm_base,beta_0p1_W,30,1260,0,0.38264524936676025,0.3443455696105957,"{""income_binary"":0.283159077167511,""civilian_at_work"":0.28420335054397583,""public_coverage"":0.46567434072494507}",0.3829968273639679,,,0.40091460943222046,0.36403563618659973,"{""income_binary"":0.3144451379776001,""civilian_at_work"":0.29185131192207336,""public_coverage"":0.4858105480670929}",0.3687896132469177,none; fixed final iterate,0.31956300139427185,0.1,0.031956300139427185,1.0,0.1,0.0,0.0,0.41460154950618744
beta_0p1,2,warm_base,beta_0p1_W,35,1470,0,0.37726259231567383,0.3408872187137604,"{""income_binary"":0.27962666749954224,""civilian_at_work"":0.28114479780197144,""public_coverage"":0.4618902802467346}",0.36375367641448975,,,0.39813700318336487,0.36312136054039,"{""income_binary"":0.312825083732605,""civilian_at_work"":0.29132604598999023,""public_coverage"":0.4852129817008972}",0.35015633702278137,none; fixed final iterate,0.2941860258579254,0.1,0.02941860258579254,1.0,0.1,0.0,0.0,0.40668119490146637
beta_0p1,2,warm_base,beta_0p1_W,40,1680,0,0.37286198139190674,0.338114857673645,"{""income_binary"":0.2759343385696411,""civilian_at_work"":0.2780981659889221,""public_coverage"":0.4603120982646942}",0.34747114777565,,,0.39575502276420593,0.36218011379241943,"{""income_binary"":0.3102221190929413,""civilian_at_work"":0.2899455726146698,""public_coverage"":0.48637261986732483}",0.3357491195201874,none; fixed final iterate,0.28221485018730164,0.1,0.028221485018730164,1.0,0.1,0.0,0.0,0.4010834664106369
beta_0p1,2,warm_base,beta_0p1_W,45,1890,0,0.37013497948646545,0.33727309107780457,"{""income_binary"":0.27356359362602234,""civilian_at_work"":0.2792758643627167,""public_coverage"":0.4589797556400299}",0.3286189138889313,,,0.39494889974594116,0.36305737495422363,"{""income_binary"":0.3091190457344055,""civilian_at_work"":0.29177841544151306,""public_coverage"":0.4882746934890747}",0.31891539692878723,none; fixed final iterate,0.254192054271698,0.1,0.0254192054271698,1.0,0.1,0.0,0.0,0.39555418491363525
beta_0p1,2,warm_base,beta_0p1_W,50,2100,0,0.3647982180118561,0.33391639590263367,"{""income_binary"":0.2718113660812378,""civilian_at_work"":0.27445200085639954,""public_coverage"":0.45548585057258606}",0.30881834030151367,,,0.3909761607646942,0.36078453063964844,"{""income_binary"":0.30676108598709106,""civilian_at_work"":0.2887996733188629,""public_coverage"":0.48679280281066895}",0.30191630125045776,none; fixed final iterate,0.25434231758117676,0.1,0.025434231758117678,1.0,0.1,0.0,0.0,0.39023244976997373
beta_0p1,2,warm_base,beta_0p1_W,55,2310,0,0.361303448677063,0.3323334753513336,"{""income_binary"":0.26934218406677246,""civilian_at_work"":0.2738656997680664,""public_coverage"":0.4537925720214844}",0.28969988226890564,,,0.3891214430332184,0.3606003224849701,"{""income_binary"":0.30747684836387634,""civilian_at_work"":0.28829652070999146,""public_coverage"":0.4860275983810425}",0.2852112948894501,none; fixed final iterate,0.24649183452129364,0.1,0.024649183452129367,1.0,0.1,0.0,0.0,0.38595263212919234
beta_0p1,2,warm_base,beta_0p1_W,60,2520,0,0.3581266701221466,0.33117759227752686,"{""income_binary"":0.26807406544685364,""civilian_at_work"":0.2713162899017334,""public_coverage"":0.4541424810886383}",0.2694908380508423,,,0.38788890838623047,0.3611808717250824,"{""income_binary"":0.30711695551872253,""civilian_at_work"":0.2870270311832428,""public_coverage"":0.4893985688686371}",0.26708051562309265,none; fixed final iterate,0.23463334143161774,0.1,0.023463334143161776,1.0,0.1,0.0,0.0,0.38159000426530837
beta_0p1,2,warm_adversary,beta_0p1_W,0,2520,0,0.3581266701221466,0.33117759227752686,"{""income_binary"":0.26807406544685364,""civilian_at_work"":0.2713162899017334,""public_coverage"":0.4541424810886383}",0.2694908380508423,"{""SEX"":0.6955100893974304,""RAC1P"":2.253957509994507}",1.3715643882751465,0.38788890838623047,0.3611808717250824,"{""income_binary"":0.30711695551872253,""civilian_at_work"":0.2870270311832428,""public_coverage"":0.4893985688686371}",0.26708051562309265,none; fixed final iterate,0.23463334143161774,0.0,0.0,1.0,0.1,0.0,0.0,0.3581266701221466
beta_0p1,2,warm_adversary,beta_0p1_W,5,2520,210,0.3581266701221466,0.33117759227752686,"{""income_binary"":0.26807406544685364,""civilian_at_work"":0.2713162899017334,""public_coverage"":0.4541424810886383}",0.2694908380508423,"{""SEX"":0.6554074287414551,""RAC1P"":1.2214382886886597}",0.9443345069885254,0.38788890838623047,0.3611808717250824,"{""income_binary"":0.30711695551872253,""civilian_at_work"":0.2870270311832428,""public_coverage"":0.4893985688686371}",0.26708051562309265,none; fixed final iterate,0.23463334143161774,0.0,0.0,1.0,0.1,0.0,0.0,0.3581266701221466
beta_0p1,2,warm_adversary,beta_0p1_W,10,2520,420,0.3581266701221466,0.33117759227752686,"{""income_binary"":0.26807406544685364,""civilian_at_work"":0.2713162899017334,""public_coverage"":0.4541424810886383}",0.2694908380508423,"{""SEX"":0.6428316831588745,""RAC1P"":1.2015279531478882}",0.9275751113891602,0.38788890838623047,0.3611808717250824,"{""income_binary"":0.30711695551872253,""civilian_at_work"":0.2870270311832428,""public_coverage"":0.4893985688686371}",0.26708051562309265,none; fixed final iterate,0.23463334143161774,0.0,0.0,1.0,0.1,0.0,0.0,0.3581266701221466
beta_0p1,2,warm_adversary,beta_0p1_W,15,2520,630,0.3581266701221466,0.33117759227752686,"{""income_binary"":0.26807406544685364,""civilian_at_work"":0.2713162899017334,""public_coverage"":0.4541424810886383}",0.2694908380508423,"{""SEX"":0.6356671452522278,""RAC1P"":1.1920552253723145}",0.9187485575675964,0.38788890838623047,0.3611808717250824,"{""income_binary"":0.30711695551872253,""civilian_at_work"":0.2870270311832428,""public_coverage"":0.4893985688686371}",0.26708051562309265,none; fixed final iterate,0.23463334143161774,0.0,0.0,1.0,0.1,0.0,0.0,0.3581266701221466
beta_0p1,2,warm_adversary,beta_0p1_W,20,2520,840,0.3581266701221466,0.33117759227752686,"{""income_binary"":0.26807406544685364,""civilian_at_work"":0.2713162899017334,""public_coverage"":0.4541424810886383}",0.2694908380508423,"{""SEX"":0.6299282908439636,""RAC1P"":1.1863458156585693}",0.9124029874801636,0.38788890838623047,0.3611808717250824,"{""income_binary"":0.30711695551872253,""civilian_at_work"":0.2870270311832428,""public_coverage"":0.4893985688686371}",0.26708051562309265,none; fixed final iterate,0.23463334143161774,0.0,0.0,1.0,0.1,0.0,0.0,0.3581266701221466
beta_0p1,2,continuation,beta_0p1_C_warmup_only,0,2520,840,0.3581266701221466,0.33117759227752686,"{""income_binary"":0.26807406544685364,""civilian_at_work"":0.2713162899017334,""public_coverage"":0.4541424810886383}",0.2694908380508423,"{""SEX"":0.6299282908439636,""RAC1P"":1.1863458156585693}",0.9124029874801636,0.38788890838623047,0.3611808717250824,"{""income_binary"":0.30711695551872253,""civilian_at_work"":0.2870270311832428,""public_coverage"":0.4893985688686371}",0.26708051562309265,none; fixed final iterate,0.23463334143161774,0.0,0.0,1.0,0.1,0.0,0.0,0.3581266701221466
beta_0p1,2,continuation,beta_0p1_C_warmup_only,5,2730,1470,0.3464529514312744,0.32511118054389954,"{""income_binary"":0.26138749718666077,""civilian_at_work"":0.26555004715919495,""public_coverage"":0.4483959674835205}",0.21341770887374878,"{""SEX"":0.6262109279632568,""RAC1P"":1.176365852355957}",0.9058694839477539,0.38106027245521545,0.35943934321403503,"{""income_binary"":0.30505457520484924,""civilian_at_work"":0.28597596287727356,""public_coverage"":0.4872874915599823}",0.21620938181877136,none; fixed final iterate,0.4462820291519165,0.0,0.0,1.0,0.1,0.0,0.0,0.3464529514312744
beta_0p1,2,continuation,beta_0p1_C_warmup_only,10,2940,2100,0.34211409091949463,0.32419052720069885,"{""income_binary"":0.26101213693618774,""civilian_at_work"":0.26351895928382874,""public_coverage"":0.4480404257774353}",0.17923574149608612,"{""SEX"":0.622929036617279,""RAC1P"":1.1681357622146606}",0.9003254771232605,0.37928998470306396,0.36080288887023926,"{""income_binary"":0.30642640590667725,""civilian_at_work"":0.28523069620132446,""public_coverage"":0.49075159430503845}",0.18487104773521423,none; fixed final iterate,0.5519565939903259,0.0,0.0,1.0,0.1,0.0,0.0,0.34211409091949463
beta_0p1,2,continuation,beta_0p1_C_warmup_only,15,3150,2730,0.3379155993461609,0.3233374059200287,"{""income_binary"":0.26008981466293335,""civilian_at_work"":0.2637806832790375,""public_coverage"":0.44614171981811523}",0.14578203856945038,"{""SEX"":0.6149787902832031,""RAC1P"":1.1589534282684326}",0.8910436630249023,0.3764578700065613,0.361372709274292,"{""income_binary"":0.30645111203193665,""civilian_at_work"":0.286242812871933,""public_coverage"":0.4914241433143616}",0.15085165202617645,none; fixed final iterate,0.6564964652061462,0.0,0.0,1.0,0.1,0.0,0.0,0.3379155993461609
beta_0p1,2,continuation,beta_0p1_C_warmup_only,20,3360,3360,0.33461102843284607,0.3222097158432007,"{""income_binary"":0.25891461968421936,""civilian_at_work"":0.26216062903404236,""public_coverage"":0.44555389881134033}",0.12401299178600311,"{""SEX"":0.6093581914901733,""RAC1P"":1.1543190479278564}",0.8851981163024902,0.3746556341648102,0.36183103919029236,"{""income_binary"":0.306350439786911,""civilian_at_work"":0.28707897663116455,""public_coverage"":0.4920636713504791}",0.12824589014053345,none; fixed final iterate,0.7267431616783142,0.0,0.0,1.0,0.1,0.0,0.0,0.33461102843284607
beta_0p1,2,continuation,beta_0p1_C_warmup_only,25,3570,3990,0.3320207893848419,0.3210304081439972,"{""income_binary"":0.25896069407463074,""civilian_at_work"":0.2608254849910736,""public_coverage"":0.443305104970932}",0.10990375280380249,"{""SEX"":0.6056537628173828,""RAC1P"":1.1425172090530396}",0.8779712915420532,0.37451040744781494,0.3630228042602539,"{""income_binary"":0.30559873580932617,""civilian_at_work"":0.2889955937862396,""public_coverage"":0.49447402358055115}",0.11487606912851334,none; fixed final iterate,0.7720644474029541,0.0,0.0,1.0,0.1,0.0,0.0,0.3320207893848419
beta_0p1,2,continuation,beta_0p1_C_warmup_only,30,3780,4620,0.33060136437416077,0.3204689919948578,"{""income_binary"":0.25789350271224976,""civilian_at_work"":0.26097485423088074,""public_coverage"":0.4425385892391205}",0.10132365673780441,"{""SEX"":0.598087728023529,""RAC1P"":1.1335889101028442}",0.8690649271011353,0.3740276098251343,0.363376259803772,"{""income_binary"":0.3055124878883362,""civilian_at_work"":0.2901109457015991,""public_coverage"":0.4945053160190582}",0.1065136194229126,none; fixed final iterate,0.8249379396438599,0.0,0.0,1.0,0.1,0.0,0.0,0.33060136437416077
beta_0p1,2,continuation,beta_0p1_C_warmup_only,35,3990,5250,0.32818543910980225,0.3189336955547333,"{""income_binary"":0.25733819603919983,""civilian_at_work"":0.2593475580215454,""public_coverage"":0.440115362405777}",0.09251753240823746,"{""SEX"":0.5949036478996277,""RAC1P"":1.126619577407837}",0.8640778064727783,0.37268295884132385,0.36291125416755676,"{""income_binary"":0.3074081838130951,""civilian_at_work"":0.2875576317310333,""public_coverage"":0.49376794695854187}",0.09771718084812164,none; fixed final iterate,0.8649633526802063,0.0,0.0,1.0,0.1,0.0,0.0,0.32818543910980225
beta_0p1,2,continuation,beta_0p1_C_warmup_only,40,4200,5880,0.32843247056007385,0.3196326792240143,"{""income_binary"":0.2574630677700043,""civilian_at_work"":0.26003360748291016,""public_coverage"":0.44140133261680603}",0.08799788355827332,"{""SEX"":0.589860200881958,""RAC1P"":1.126737117767334}",0.860481858253479,0.3732042610645294,0.36384010314941406,"{""income_binary"":0.30701154470443726,""civilian_at_work"":0.2881464958190918,""public_coverage"":0.49636223912239075}",0.09364166855812073,none; fixed final iterate,0.9053393602371216,0.0,0.0,1.0,0.1,0.0,0.0,0.32843247056007385
beta_0p1,2,continuation,beta_0p1_C_warmup_only,45,4410,6510,0.32710912823677063,0.31873753666877747,"{""income_binary"":0.25757384300231934,""civilian_at_work"":0.258645236492157,""public_coverage"":0.43999356031417847}",0.08371585607528687,"{""SEX"":0.586107611656189,""RAC1P"":1.1246402263641357}",0.8569637537002563,0.37384626269340515,0.36481034755706787,"{""income_binary"":0.30765119194984436,""civilian_at_work"":0.2901413142681122,""public_coverage"":0.49663853645324707}",0.0903591588139534,none; fixed final iterate,0.9234464168548584,0.0,0.0,1.0,0.1,0.0,0.0,0.32710912823677063
beta_0p1,2,continuation,beta_0p1_C_warmup_only,50,4620,7140,0.3263607621192932,0.31837281584739685,"{""income_binary"":0.25731754302978516,""civilian_at_work"":0.25739845633506775,""public_coverage"":0.44040238857269287}",0.07987945526838303,"{""SEX"":0.5844592452049255,""RAC1P"":1.1109633445739746}",0.8504980802536011,0.37237972021102905,0.36375007033348083,"{""income_binary"":0.30658653378486633,""civilian_at_work"":0.28786981105804443,""public_coverage"":0.49679383635520935}",0.08629641681909561,none; fixed final iterate,0.9352158904075623,0.0,0.0,1.0,0.1,0.0,0.0,0.3263607621192932
beta_0p1,2,continuation,beta_0p1_C_warmup_only,55,4830,7770,0.32469549775123596,0.317126989364624,"{""income_binary"":0.25607728958129883,""civilian_at_work"":0.25717341899871826,""public_coverage"":0.438130259513855}",0.07568496465682983,"{""SEX"":0.5803859233856201,""RAC1P"":1.1045408248901367}",0.8450798988342285,0.3726882040500641,0.3644668161869049,"{""income_binary"":0.30848410725593567,""civilian_at_work"":0.28983375430107117,""public_coverage"":0.49508267641067505}",0.08221400529146194,none; fixed final iterate,1.0017995834350586,0.0,0.0,1.0,0.1,0.0,0.0,0.32469549775123596
beta_0p1,2,continuation,beta_0p1_C_warmup_only,60,5040,8400,0.32442912459373474,0.3171292245388031,"{""income_binary"":0.25559595227241516,""civilian_at_work"":0.257259339094162,""public_coverage"":0.4385323226451874}",0.07299898564815521,"{""SEX"":0.5763044953346252,""RAC1P"":1.1026924848556519}",0.8414202928543091,0.3747360408306122,0.36677953600883484,"{""income_binary"":0.3092651069164276,""civilian_at_work"":0.2905575633049011,""public_coverage"":0.5005159378051758}",0.07956508547067642,none; fixed final iterate,1.0228278636932373,0.0,0.0,1.0,0.1,0.0,0.0,0.32442912459373474
beta_0p1,2,continuation,beta_0p1_C_warmup_only,65,5250,9030,0.32261922955513,0.3156622350215912,"{""income_binary"":0.25501832365989685,""civilian_at_work"":0.2561677098274231,""public_coverage"":0.435800701379776}",0.06957003474235535,"{""SEX"":0.5808106064796448,""RAC1P"":1.0941352844238281}",0.8413727283477783,0.3734796345233917,0.3658529222011566,"{""income_binary"":0.3095284700393677,""civilian_at_work"":0.2888599634170532,""public_coverage"":0.49917033314704895}",0.07626725733280182,none; fixed final iterate,1.0429154634475708,0.0,0.0,1.0,0.1,0.0,0.0,0.32261922955513
beta_0p1,2,continuation,beta_0p1_C_warmup_only,70,5460,9660,0.3221532702445984,0.31541529297828674,"{""income_binary"":0.25512441992759705,""civilian_at_work"":0.25585711002349854,""public_coverage"":0.43526434898376465}",0.06737969070672989,"{""SEX"":0.5691355466842651,""RAC1P"":1.0936181545257568}",0.8327442407608032,0.3752434253692627,0.36781176924705505,"{""income_binary"":0.3100948631763458,""civilian_at_work"":0.2912996709346771,""public_coverage"":0.5020407438278198}",0.07431644946336746,none; fixed final iterate,1.0784845352172852,0.0,0.0,1.0,0.1,0.0,0.0,0.3221532702445984
beta_0p1,2,continuation,beta_0p1_C_warmup_only,75,5670,10290,0.3212741017341614,0.31472429633140564,"{""income_binary"":0.2542960047721863,""civilian_at_work"":0.25515425205230713,""public_coverage"":0.4347226619720459}",0.06549814343452454,"{""SEX"":0.5677579045295715,""RAC1P"":1.0862481594085693}",0.828906774520874,0.3739125430583954,0.3667048215866089,"{""income_binary"":0.3093547224998474,""civilian_at_work"":0.2901226878166199,""public_coverage"":0.5006370544433594}",0.07207707315683365,none; fixed final iterate,1.0914689302444458,0.0,0.0,1.0,0.1,0.0,0.0,0.3212741017341614
beta_0p1,2,continuation,beta_0p1_C_warmup_only,80,5880,10920,0.3212704360485077,0.31491854786872864,"{""income_binary"":0.25410935282707214,""civilian_at_work"":0.2556968629360199,""public_coverage"":0.43494942784309387}",0.06351880729198456,"{""SEX"":0.5686436295509338,""RAC1P"":1.0833594799041748}",0.8284319639205933,0.37617912888526917,0.3691444396972656,"{""income_binary"":0.3102021813392639,""civilian_at_work"":0.29296553134918213,""public_coverage"":0.504265546798706}",0.07034684717655182,none; fixed final iterate,1.1280966997146606,0.0,0.0,1.0,0.1,0.0,0.0,0.3212704360485077
beta_0p1,2,continuation,beta_0p1_D_warmup_only,0,2520,840,0.3581266701221466,0.33117759227752686,"{""income_binary"":0.26807406544685364,""civilian_at_work"":0.2713162899017334,""public_coverage"":0.4541424810886383}",0.2694908380508423,"{""SEX"":0.6299282908439636,""RAC1P"":1.1863458156585693}",0.9124029874801636,0.38788890838623047,0.3611808717250824,"{""income_binary"":0.30711695551872253,""civilian_at_work"":0.2870270311832428,""public_coverage"":0.4893985688686371}",0.26708051562309265,none; fixed final iterate,0.23463334143161774,0.0,0.0,1.0,0.1,-0.1,-0.09124029874801637,0.26688637137413024
beta_0p1,2,continuation,beta_0p1_D_warmup_only,5,2730,1470,0.34646138548851013,0.325148344039917,"{""income_binary"":0.2614276707172394,""civilian_at_work"":0.26557478308677673,""public_coverage"":0.44844257831573486}",0.21313048899173737,"{""SEX"":0.6290044784545898,""RAC1P"":1.1796823740005493}",0.9091656804084778,0.38115760684013367,0.3595634996891022,"{""income_binary"":0.3052256107330322,""civilian_at_work"":0.28603628277778625,""public_coverage"":0.4874286353588104}",0.21594113111495972,none; fixed final iterate,0.4557182490825653,0.0,0.0,1.0,0.1,-0.1,-0.09091656804084779,0.25554481744766233
beta_0p1,2,continuation,beta_0p1_D_warmup_only,10,2940,2100,0.3420603573322296,0.3242838680744171,"{""income_binary"":0.26103660464286804,""civilian_at_work"":0.26353323459625244,""public_coverage"":0.4482817053794861}",0.17776501178741455,"{""SEX"":0.6259123086929321,""RAC1P"":1.1741658449172974}",0.9048053026199341,0.3792929947376251,0.36098742485046387,"{""income_binary"":0.30654460191726685,""civilian_at_work"":0.28519192337989807,""public_coverage"":0.4912256896495819}",0.18305572867393494,none; fixed final iterate,0.5711187124252319,0.0,0.0,1.0,0.1,-0.1,-0.09048053026199342,0.2515798270702362
beta_0p1,2,continuation,beta_0p1_D_warmup_only,15,3150,2730,0.33783504366874695,0.3234159052371979,"{""income_binary"":0.26031553745269775,""civilian_at_work"":0.2639060914516449,""public_coverage"":0.4460260272026062}",0.14419130980968475,"{""SEX"":0.6194831132888794,""RAC1P"":1.16612708568573}",0.8970627784729004,0.37642979621887207,0.3615554869174957,"{""income_binary"":0.30705663561820984,""civilian_at_work"":0.28609994053840637,""public_coverage"":0.4915098547935486}",0.14874298870563507,none; fixed final iterate,0.6851266026496887,0.0,0.0,1.0,0.1,-0.1,-0.08970627784729004,0.2481287658214569
beta_0p1,2,continuation,beta_0p1_D_warmup_only,20,3360,3360,0.3345794975757599,0.3222667872905731,"{""income_binary"":0.25904983282089233,""civilian_at_work"":0.2623223066329956,""public_coverage"":0.44542819261550903}",0.12312711030244827,"{""SEX"":0.6140438914299011,""RAC1P"":1.16225266456604}",0.89164137840271,0.37473011016845703,0.36200109124183655,"{""income_binary"":0.3066948652267456,""civilian_at_work"":0.2869053781032562,""public_coverage"":0.4924030303955078}",0.12729015946388245,none; fixed final iterate,0.757254958152771,0.0,0.0,1.0,0.1,-0.1,-0.089164137840271,0.2454153597354889
beta_0p1,2,continuation,beta_0p1_D_warmup_only,25,3570,3990,0.33206918835639954,0.32109931111335754,"{""income_binary"":0.25927016139030457,""civilian_at_work"":0.26091063022613525,""public_coverage"":0.4431171417236328}",0.10969866812229156,"{""SEX"":0.6132057309150696,""RAC1P"":1.1521276235580444}",0.887130618095398,0.3747662901878357,0.36329972743988037,"{""income_binary"":0.30619966983795166,""civilian_at_work"":0.2889118790626526,""public_coverage"":0.49478766322135925}",0.11466549336910248,none; fixed final iterate,0.8086187243461609,0.0,0.0,1.0,0.1,-0.1,-0.0887130618095398,0.24335612654685973
beta_0p1,2,continuation,beta_0p1_D_warmup_only,30,3780,4620,0.330700159072876,0.32056674361228943,"{""income_binary"":0.25809845328330994,""civilian_at_work"":0.26113706827163696,""public_coverage"":0.4424647390842438}",0.10133403539657593,"{""SEX"":0.6041872501373291,""RAC1P"":1.1475666761398315}",0.8788602352142334,0.3744732141494751,0.36381134390830994,"{""income_binary"":0.3062557280063629,""civilian_at_work"":0.2902642786502838,""public_coverage"":0.49491405487060547}",0.10661882162094116,none; fixed final iterate,0.8648382425308228,0.0,0.0,1.0,0.1,-0.1,-0.08788602352142334,0.24281413555145265
beta_0p1,2,continuation,beta_0p1_D_warmup_only,35,3990,5250,0.32810771465301514,0.31892701983451843,"{""income_binary"":0.25737860798835754,""civilian_at_work"":0.25935283303260803,""public_coverage"":0.4400496482849121}",0.0918068215250969,"{""SEX"":0.6028077602386475,""RAC1P"":1.141422152519226}",0.8754941821098328,0.37306806445121765,0.3633308708667755,"{""income_binary"":0.30821019411087036,""civilian_at_work"":0.2878563106060028,""public_coverage"":0.49392619729042053}",0.09737183153629303,none; fixed final iterate,0.9090368747711182,0.0,0.0,1.0,0.1,-0.1,-0.08754941821098328,0.24055829644203186
beta_0p1,2,continuation,beta_0p1_D_warmup_only,40,4200,5880,0.32846447825431824,0.31962835788726807,"{""income_binary"":0.2574085593223572,""civilian_at_work"":0.26012417674064636,""public_coverage"":0.44135236740112305}",0.0883612185716629,"{""SEX"":0.6009994149208069,""RAC1P"":1.1448264122009277}",0.8755017518997192,0.37366145849227905,0.36422887444496155,"{""income_binary"":0.3074551820755005,""civilian_at_work"":0.2888410687446594,""public_coverage"":0.49639034271240234}",0.09432592988014221,none; fixed final iterate,0.9580345749855042,0.0,0.0,1.0,0.1,-0.1,-0.08755017518997193,0.2409143030643463
beta_0p1,2,continuation,beta_0p1_D_warmup_only,45,4410,6510,0.3269485831260681,0.3185468912124634,"{""income_binary"":0.25793957710266113,""civilian_at_work"":0.2585802674293518,""public_coverage"":0.4391207993030548}",0.08401698619127274,"{""SEX"":0.598260223865509,""RAC1P"":1.141790747642517}",0.8723531365394592,0.3742886483669281,0.3651943504810333,"{""income_binary"":0.30925658345222473,""civilian_at_work"":0.29064133763313293,""public_coverage"":0.4956851601600647}",0.09094295650720596,none; fixed final iterate,0.9890868663787842,0.0,0.0,1.0,0.1,-0.1,-0.08723531365394593,0.23971326947212218
beta_0p1,2,continuation,beta_0p1_D_warmup_only,50,4620,7140,0.3264104723930359,0.3183591067790985,"{""income_binary"":0.2573673129081726,""civilian_at_work"":0.2575950622558594,""public_coverage"":0.44011491537094116}",0.08051358908414841,"{""SEX"":0.6004920601844788,""RAC1P"":1.1332473754882812}",0.8706690073013306,0.37322208285331726,0.3645060956478119,"{""income_binary"":0.30831995606422424,""civilian_at_work"":0.28860998153686523,""public_coverage"":0.4965882897377014}",0.08715986460447311,none; fixed final iterate,1.0336495637893677,0.0,0.0,1.0,0.1,-0.1,-0.08706690073013307,0.23934357166290282
beta_0p1,2,continuation,beta_0p1_D_warmup_only,55,4830,7770,0.32513725757598877,0.3173171579837799,"{""income_binary"":0.25663843750953674,""civilian_at_work"":0.25755271315574646,""public_coverage"":0.4377603232860565}",0.07820092886686325,"{""SEX"":0.595917820930481,""RAC1P"":1.1301831007003784}",0.8661845922470093,0.3738255500793457,0.36528316140174866,"{""income_binary"":0.31125232577323914,""civilian_at_work"":0.2903202772140503,""public_coverage"":0.49427691102027893}",0.08542400598526001,none; fixed final iterate,1.128548264503479,0.0,0.0,1.0,0.1,-0.1,-0.08661845922470093,0.23851879835128784
beta_0p1,2,continuation,beta_0p1_D_warmup_only,60,5040,8400,0.3250359296798706,0.31743231415748596,"{""income_binary"":0.25578150153160095,""civilian_at_work"":0.258129745721817,""public_coverage"":0.43838566541671753}",0.07603620737791061,"{""SEX"":0.59633469581604,""RAC1P"":1.1307677030563354}",0.8667110204696655,0.3762081563472748,0.367877721786499,"{""income_binary"":0.31123921275138855,""civilian_at_work"":0.29141727089881897,""public_coverage"":0.5009766221046448}",0.08330439776182175,none; fixed final iterate,1.1832337379455566,0.0,0.0,1.0,0.1,-0.1,-0.08667110204696656,0.23836482763290406
beta_0p1,2,continuation,beta_0p1_D_warmup_only,65,5250,9030,0.3230448067188263,0.31563684344291687,"{""income_binary"":0.25503426790237427,""civilian_at_work"":0.2565135657787323,""public_coverage"":0.43536269664764404}",0.07407960295677185,"{""SEX"":0.6039052605628967,""RAC1P"":1.1286981105804443}",0.8713784217834473,0.37490424513816833,0.3667656183242798,"{""income_binary"":0.31102254986763,""civilian_at_work"":0.28962311148643494,""public_coverage"":0.499651163816452}",0.08138614892959595,none; fixed final iterate,1.2664403915405273,0.0,0.0,1.0,0.1,-0.1,-0.08713784217834473,0.23590696454048155
beta_0p1,2,continuation,beta_0p1_D_warmup_only,70,5460,9660,0.32276833057403564,0.3154630661010742,"{""income_binary"":0.25518620014190674,""civilian_at_work"":0.25613293051719666,""public_coverage"":0.4350700378417969}",0.073052778840065,"{""SEX"":0.5921164155006409,""RAC1P"":1.1327967643737793}",0.8644482493400574,0.3764677047729492,0.36843737959861755,"{""income_binary"":0.3123408854007721,""civilian_at_work"":0.2910812199115753,""public_coverage"":0.5018900036811829}",0.08030319958925247,none; fixed final iterate,1.4368467330932617,0.0,0.0,1.0,0.1,-0.1,-0.08644482493400574,0.2363235056400299
beta_0p1,2,continuation,beta_0p1_D_warmup_only,75,5670,10290,0.3216145932674408,0.3144347667694092,"{""income_binary"":0.2542703449726105,""civilian_at_work"":0.2553682029247284,""public_coverage"":0.43366575241088867}",0.0717981681227684,"{""SEX"":0.5931431651115417,""RAC1P"":1.1255667209625244}",0.8624006509780884,0.3754703998565674,0.367606520652771,"{""income_binary"":0.311649352312088,""civilian_at_work"":0.2904509902000427,""public_coverage"":0.5007191896438599}",0.07863876223564148,none; fixed final iterate,1.5707069635391235,0.0,0.0,1.0,0.1,-0.1,-0.08624006509780885,0.23537452816963195
beta_0p1,2,continuation,beta_0p1_D_warmup_only,80,5880,10920,0.32182177901268005,0.3147442638874054,"{""income_binary"":0.25390732288360596,""civilian_at_work"":0.2555561661720276,""public_coverage"":0.43476930260658264}",0.07077522575855255,"{""SEX"":0.5914043188095093,""RAC1P"":1.1247445344924927}",0.8608281016349792,0.37798234820365906,0.370131254196167,"{""income_binary"":0.3122464716434479,""civilian_at_work"":0.29296353459358215,""public_coverage"":0.505183756351471}",0.0785108283162117,none; fixed final iterate,1.7106863260269165,0.0,0.0,1.0,0.1,-0.1,-0.08608281016349793,0.2357389688491821
beta_0p1,2,continuation,beta_0p1_C_persistent,0,2520,840,0.3581266701221466,0.33117759227752686,"{""income_binary"":0.26807406544685364,""civilian_at_work"":0.2713162899017334,""public_coverage"":0.4541424810886383}",0.2694908380508423,"{""SEX"":0.6299282908439636,""RAC1P"":1.1863458156585693}",0.9124029874801636,0.38788890838623047,0.3611808717250824,"{""income_binary"":0.30711695551872253,""civilian_at_work"":0.2870270311832428,""public_coverage"":0.4893985688686371}",0.26708051562309265,none; fixed final iterate,0.23463334143161774,0.1,0.023463334143161776,1.0,0.1,0.0,0.0,0.38159000426530837
beta_0p1,2,continuation,beta_0p1_C_persistent,5,2730,1470,0.355000764131546,0.3301863968372345,"{""income_binary"":0.26759275794029236,""civilian_at_work"":0.27125751972198486,""public_coverage"":0.4517088830471039}",0.24814368784427643,"{""SEX"":0.6250845193862915,""RAC1P"":1.17447829246521}",0.9043282270431519,0.3861655592918396,0.3613418638706207,"{""income_binary"":0.3072987198829651,""civilian_at_work"":0.2886970639228821,""public_coverage"":0.488029807806015}",0.24823710322380066,none; fixed final iterate,0.22410848736763,0.1,0.022410848736763002,1.0,0.1,0.0,0.0,0.37741161286830904
beta_0p1,2,continuation,beta_0p1_C_persistent,10,2940,2100,0.3525063693523407,0.3294185996055603,"{""income_binary"":0.268074095249176,""civilian_at_work"":0.2694031894207001,""public_coverage"":0.4507785439491272}",0.23087768256664276,"{""SEX"":0.6219211220741272,""RAC1P"":1.1646431684494019}",0.8982505798339844,0.3850562274456024,0.36176395416259766,"{""income_binary"":0.3083075284957886,""civilian_at_work"":0.28758201003074646,""public_coverage"":0.48940226435661316}",0.2329227328300476,none; fixed final iterate,0.2195732444524765,0.1,0.02195732444524765,1.0,0.1,0.0,0.0,0.37446369379758837
beta_0p1,2,continuation,beta_0p1_C_persistent,15,3150,2730,0.349210262298584,0.32790815830230713,"{""income_binary"":0.2652650475502014,""civilian_at_work"":0.2698567807674408,""public_coverage"":0.4486026465892792}",0.21302099525928497,"{""SEX"":0.6156469583511353,""RAC1P"":1.1582146883010864}",0.891241192817688,0.3824883997440338,0.36092352867126465,"{""income_binary"":0.306557834148407,""civilian_at_work"":0.287770539522171,""public_coverage"":0.48844221234321594}",0.21564875543117523,none; fixed final iterate,0.22112034261226654,0.1,0.022112034261226654,1.0,0.1,0.0,0.0,0.37132229655981064
beta_0p1,2,continuation,beta_0p1_C_persistent,20,3360,3360,0.34703609347343445,0.3271807134151459,"{""income_binary"":0.2645142674446106,""civilian_at_work"":0.2684609889984131,""public_coverage"":0.44856688380241394}",0.19855380058288574,"{""SEX"":0.6084804534912109,""RAC1P"":1.1533193588256836}",0.884178876876831,0.38170409202575684,0.3614751100540161,"{""income_binary"":0.3068884611129761,""civilian_at_work"":0.2884692847728729,""public_coverage"":0.48906758427619934}",0.2022899091243744,none; fixed final iterate,0.21458053588867188,0.1,0.02145805358886719,1.0,0.1,0.0,0.0,0.36849414706230166
beta_0p1,2,continuation,beta_0p1_C_persistent,25,3570,3990,0.3454354703426361,0.3268167972564697,"{""income_binary"":0.2652517557144165,""civilian_at_work"":0.2677387297153473,""public_coverage"":0.4474599361419678}",0.18618670105934143,"{""SEX"":0.6083346605300903,""RAC1P"":1.1451042890548706}",0.8809047937393188,0.38150590658187866,0.3625023365020752,"{""income_binary"":0.30607980489730835,""civilian_at_work"":0.2904868721961975,""public_coverage"":0.4909403324127197}",0.1900356560945511,none; fixed final iterate,0.2022780179977417,0.1,0.02022780179977417,1.0,0.1,0.0,0.0,0.3656632721424103
beta_0p1,2,continuation,beta_0p1_C_persistent,30,3780,4620,0.3433014750480652,0.3256663978099823,"{""income_binary"":0.2632072865962982,""civilian_at_work"":0.26791858673095703,""public_coverage"":0.4458732604980469}",0.17635077238082886,"{""SEX"":0.6009501218795776,""RAC1P"":1.1361206769943237}",0.8721080422401428,0.380166232585907,0.36214113235473633,"{""income_binary"":0.3051730990409851,""civilian_at_work"":0.29130974411964417,""public_coverage"":0.4899405837059021}",0.18025103211402893,none; fixed final iterate,0.19981229305267334,0.1,0.019981229305267335,1.0,0.1,0.0,0.0,0.36328270435333254
beta_0p1,2,continuation,beta_0p1_C_persistent,35,3990,5250,0.3409368097782135,0.3242699205875397,"{""income_binary"":0.26193511486053467,""civilian_at_work"":0.26649704575538635,""public_coverage"":0.444377601146698}",0.16666889190673828,"{""SEX"":0.5981199741363525,""RAC1P"":1.1322184801101685}",0.8685595989227295,0.3785482943058014,0.3614886999130249,"{""income_binary"":0.30633625388145447,""civilian_at_work"":0.28911569714546204,""public_coverage"":0.4890141487121582}",0.17059600353240967,none; fixed final iterate,0.1966550499200821,0.1,0.019665504992008212,1.0,0.1,0.0,0.0,0.3606023147702217
beta_0p1,2,continuation,beta_0p1_C_persistent,40,4200,5880,0.33997148275375366,0.32416045665740967,"{""income_binary"":0.26166510581970215,""civilian_at_work"":0.26590147614479065,""public_coverage"":0.4449147880077362}",0.1581103652715683,"{""SEX"":0.5934205651283264,""RAC1P"":1.133470892906189}",0.8656498193740845,0.3776412904262543,0.36146482825279236,"{""income_binary"":0.30552244186401367,""civilian_at_work"":0.2881287932395935,""public_coverage"":0.4907431900501251}",0.16176462173461914,none; fixed final iterate,0.19527733325958252,0.1,0.019527733325958252,1.0,0.1,0.0,0.0,0.3594992160797119
beta_0p1,2,continuation,beta_0p1_C_persistent,45,4410,6510,0.33898308873176575,0.3239736557006836,"{""income_binary"":0.26236584782600403,""civilian_at_work"":0.2654309868812561,""public_coverage"":0.4441240727901459}",0.15009437501430511,"{""SEX"":0.5913681983947754,""RAC1P"":1.1332423686981201}",0.8640799522399902,0.37821850180625916,0.3628399670124054,"{""income_binary"":0.30660611391067505,""civilian_at_work"":0.29052186012268066,""public_coverage"":0.49139198660850525}",0.15378546714782715,none; fixed final iterate,0.18746794760227203,0.1,0.018746794760227205,1.0,0.1,0.0,0.0,0.357729883491993
beta_0p1,2,continuation,beta_0p1_C_persistent,50,4620,7140,0.3381720185279846,0.32384175062179565,"{""income_binary"":0.26261797547340393,""civilian_at_work"":0.26426318287849426,""public_coverage"":0.44464409351348877}",0.1433027684688568,"{""SEX"":0.5872755646705627,""RAC1P"":1.1185740232467651}",0.8554670810699463,0.3768009841442108,0.36209404468536377,"{""income_binary"":0.30632930994033813,""civilian_at_work"":0.28834420442581177,""public_coverage"":0.491608589887619}",0.14706948399543762,none; fixed final iterate,0.17777714133262634,0.1,0.017777714133262634,1.0,0.1,0.0,0.0,0.35594973266124724
beta_0p1,2,continuation,beta_0p1_C_persistent,55,4830,7770,0.3357822000980377,0.321969598531723,"{""income_binary"":0.2603413164615631,""civilian_at_work"":0.26274654269218445,""public_coverage"":0.44282087683677673}",0.13812610507011414,"{""SEX"":0.5841537714004517,""RAC1P"":1.113159418106079}",0.85112464427948,0.3758988082408905,0.3617071211338043,"{""income_binary"":0.30553239583969116,""civilian_at_work"":0.28908318281173706,""public_coverage"":0.4905058443546295}",0.14191696047782898,none; fixed final iterate,0.18139910697937012,0.1,0.018139910697937012,1.0,0.1,0.0,0.0,0.35392211079597474
beta_0p1,2,continuation,beta_0p1_C_persistent,60,5040,8400,0.334980845451355,0.32124564051628113,"{""income_binary"":0.2598198652267456,""civilian_at_work"":0.26244911551475525,""public_coverage"":0.44146788120269775}",0.1373519003391266,"{""SEX"":0.5815908908843994,""RAC1P"":1.1107436418533325}",0.8483424782752991,0.3772886395454407,0.3632467985153198,"{""income_binary"":0.30695590376853943,""civilian_at_work"":0.28958797454833984,""public_coverage"":0.4931965172290802}",0.1404184252023697,none; fixed final iterate,0.17823341488838196,0.1,0.017823341488838195,1.0,0.1,0.0,0.0,0.35280418694019317
beta_0p1,2,continuation,beta_0p1_C_persistent,65,5250,9030,0.33361706137657166,0.3207806348800659,"{""income_binary"":0.2589380443096161,""civilian_at_work"":0.26231101155281067,""public_coverage"":0.441092848777771}",0.12836435437202454,"{""SEX"":0.5801241993904114,""RAC1P"":1.1053123474121094}",0.8451884984970093,0.37654832005500793,0.36326345801353455,"{""income_binary"":0.3068752586841583,""civilian_at_work"":0.28855597972869873,""public_coverage"":0.49435919523239136}",0.13284870982170105,none; fixed final iterate,0.1721470057964325,0.1,0.01721470057964325,1.0,0.1,0.0,0.0,0.3508317619562149
beta_0p1,2,continuation,beta_0p1_C_persistent,70,5460,9660,0.33287954330444336,0.32046154141426086,"{""income_binary"":0.2590179443359375,""civilian_at_work"":0.26168179512023926,""public_coverage"":0.44068485498428345}",0.12418016046285629,"{""SEX"":0.5732840895652771,""RAC1P"":1.1046961545944214}",0.8400124907493591,0.3779968321323395,0.3651161193847656,"{""income_binary"":0.3077682554721832,""civilian_at_work"":0.2906701862812042,""public_coverage"":0.49690988659858704}",0.1288072019815445,none; fixed final iterate,0.17038747668266296,0.1,0.017038747668266296,1.0,0.1,0.0,0.0,0.34991829097270966
beta_0p1,2,continuation,beta_0p1_C_persistent,75,5670,10290,0.3324671983718872,0.3201134502887726,"{""income_binary"":0.25841963291168213,""civilian_at_work"":0.2626716196537018,""public_coverage"":0.43924909830093384}",0.12353762984275818,"{""SEX"":0.5737816095352173,""RAC1P"":1.098852515220642}",0.8381175994873047,0.3770304322242737,0.36424723267555237,"{""income_binary"":0.30722492933273315,""civilian_at_work"":0.29144853353500366,""public_coverage"":0.49406829476356506}",0.12783189117908478,none; fixed final iterate,0.16431236267089844,0.1,0.016431236267089845,1.0,0.1,0.0,0.0,0.3488984346389771
beta_0p1,2,continuation,beta_0p1_C_persistent,80,5880,10920,0.3322563171386719,0.3202626407146454,"{""income_binary"":0.25778576731681824,""civilian_at_work"":0.26327618956565857,""public_coverage"":0.43972599506378174}",0.11993668973445892,"{""SEX"":0.5733218193054199,""RAC1P"":1.093717098236084}",0.8358047008514404,0.3789450228214264,0.366437703371048,"{""income_binary"":0.30710193514823914,""civilian_at_work"":0.2949056625366211,""public_coverage"":0.4973055124282837}",0.12507310509681702,none; fixed final iterate,0.16603687405586243,0.1,0.016603687405586244,1.0,0.1,0.0,0.0,0.34886000454425814
beta_0p1,2,continuation,beta_0p1_D_persistent,0,2520,840,0.3581266701221466,0.33117759227752686,"{""income_binary"":0.26807406544685364,""civilian_at_work"":0.2713162899017334,""public_coverage"":0.4541424810886383}",0.2694908380508423,"{""SEX"":0.6299282908439636,""RAC1P"":1.1863458156585693}",0.9124029874801636,0.38788890838623047,0.3611808717250824,"{""income_binary"":0.30711695551872253,""civilian_at_work"":0.2870270311832428,""public_coverage"":0.4893985688686371}",0.26708051562309265,none; fixed final iterate,0.23463334143161774,0.1,0.023463334143161776,1.0,0.1,-0.1,-0.09124029874801637,0.290349705517292
beta_0p1,2,continuation,beta_0p1_D_persistent,5,2730,1470,0.3551144003868103,0.3302619755268097,"{""income_binary"":0.2676001489162445,""civilian_at_work"":0.2714124023914337,""public_coverage"":0.45177340507507324}",0.2485242635011673,"{""SEX"":0.6268830299377441,""RAC1P"":1.176668405532837}",0.9064714908599854,0.3863465189933777,0.3614749014377594,"{""income_binary"":0.30737781524658203,""civilian_at_work"":0.2889483571052551,""public_coverage"":0.48809850215911865}",0.24871617555618286,none; fixed final iterate,0.22478923201560974,0.1,0.022478923201560974,1.0,0.1,-0.1,-0.09064714908599854,0.28694617450237275
beta_0p1,2,continuation,beta_0p1_D_persistent,10,2940,2100,0.35257071256637573,0.3294975757598877,"{""income_binary"":0.26816460490226746,""civilian_at_work"":0.2694651782512665,""public_coverage"":0.45086297392845154}",0.2307312935590744,"{""SEX"":0.6239137053489685,""RAC1P"":1.167696475982666}",0.9008669257164001,0.38517996668815613,0.36190685629844666,"{""income_binary"":0.3084303140640259,""civilian_at_work"":0.28773033618927,""public_coverage"":0.48955994844436646}",0.2327311635017395,none; fixed final iterate,0.22094111144542694,0.1,0.022094111144542697,1.0,0.1,-0.1,-0.09008669257164002,0.2845781311392784
beta_0p1,2,continuation,beta_0p1_D_persistent,15,3150,2730,0.34927234053611755,0.3279443681240082,"{""income_binary"":0.2653581500053406,""civilian_at_work"":0.2699476182460785,""public_coverage"":0.44852736592292786}",0.2132796198129654,"{""SEX"":0.6194494962692261,""RAC1P"":1.161379098892212}",0.8952070474624634,0.38275206089019775,0.36114630103111267,"{""income_binary"":0.30680498480796814,""civilian_at_work"":0.2880469560623169,""public_coverage"":0.4885869324207306}",0.21605750918388367,none; fixed final iterate,0.22286149859428406,0.1,0.02228614985942841,1.0,0.1,-0.1,-0.08952070474624635,0.2820377856492996
beta_0p1,2,continuation,beta_0p1_D_persistent,20,3360,3360,0.3470991253852844,0.3272733688354492,"{""income_binary"":0.2646409273147583,""civilian_at_work"":0.2686136066913605,""public_coverage"":0.4485655725002289}",0.19825762510299683,"{""SEX"":0.612424910068512,""RAC1P"":1.1569652557373047}",0.8884329795837402,0.38189610838890076,0.36172452569007874,"{""income_binary"":0.30721914768218994,""civilian_at_work"":0.28881150484085083,""public_coverage"":0.4891429841518402}",0.2017158716917038,none; fixed final iterate,0.21639861166477203,0.1,0.021639861166477203,1.0,0.1,-0.1,-0.08884329795837403,0.2798956885933876
beta_0p1,2,continuation,beta_0p1_D_persistent,25,3570,3990,0.34527236223220825,0.32679304480552673,"{""income_binary"":0.2651973068714142,""civilian_at_work"":0.267818808555603,""public_coverage"":0.44736307859420776}",0.18479329347610474,"{""SEX"":0.613437831401825,""RAC1P"":1.1483826637268066}",0.88585364818573,0.38156312704086304,0.3627096116542816,"{""income_binary"":0.3063432574272156,""civilian_at_work"":0.29082751274108887,""public_coverage"":0.4909580647945404}",0.18853524327278137,none; fixed final iterate,0.2042679786682129,0.1,0.020426797866821292,1.0,0.1,-0.1,-0.088585364818573,0.27711379528045654
beta_0p1,2,continuation,beta_0p1_D_persistent,30,3780,4620,0.3433147370815277,0.3257753849029541,"{""income_binary"":0.2635546028614044,""civilian_at_work"":0.26806262135505676,""public_coverage"":0.4457089602947235}",0.17539365589618683,"{""SEX"":0.6067631840705872,""RAC1P"":1.141170620918274}",0.8782528638839722,0.3802332580089569,0.3623408377170563,"{""income_binary"":0.3054977357387543,""civilian_at_work"":0.29174190759658813,""public_coverage"":0.4897829592227936}",0.17892415821552277,none; fixed final iterate,0.20135989785194397,0.1,0.0201359897851944,1.0,0.1,-0.1,-0.08782528638839722,0.2756254404783249
beta_0p1,2,continuation,beta_0p1_D_persistent,35,3990,5250,0.3406636714935303,0.3242458999156952,"{""income_binary"":0.26192834973335266,""civilian_at_work"":0.2665415108203888,""public_coverage"":0.4442678689956665}",0.16417765617370605,"{""SEX"":0.6038413047790527,""RAC1P"":1.1370270252227783}",0.8745449781417847,0.37841957807540894,0.36162909865379333,"{""income_binary"":0.30645760893821716,""civilian_at_work"":0.28961047530174255,""public_coverage"":0.4888191223144531}",0.16790492832660675,none; fixed final iterate,0.1987929493188858,0.1,0.019879294931888582,1.0,0.1,-0.1,-0.08745449781417847,0.27308846861124036
beta_0p1,2,continuation,beta_0p1_D_persistent,40,4200,5880,0.3399174213409424,0.324236661195755,"{""income_binary"":0.26188474893569946,""civilian_at_work"":0.26613184809684753,""public_coverage"":0.4446934759616852}",0.15680761635303497,"{""SEX"":0.5992593169212341,""RAC1P"":1.1387079954147339}",0.871885359287262,0.3776492178440094,0.3616056740283966,"{""income_binary"":0.3057533800601959,""civilian_at_work"":0.2885649502277374,""public_coverage"":0.49049875140190125}",0.1604355424642563,none; fixed final iterate,0.1968110352754593,0.1,0.01968110352754593,1.0,0.1,-0.1,-0.0871885359287262,0.2724099889397621
beta_0p1,2,continuation,beta_0p1_D_persistent,45,4410,6510,0.33898964524269104,0.32399919629096985,"{""income_binary"":0.2626253366470337,""civilian_at_work"":0.26540762186050415,""public_coverage"":0.4439646005630493}",0.14990456402301788,"{""SEX"":0.597149133682251,""RAC1P"":1.137980341911316}",0.8700811862945557,0.37836727499961853,0.36297616362571716,"{""income_binary"":0.3071309030056,""civilian_at_work"":0.29066985845565796,""public_coverage"":0.49112775921821594}",0.15391109883785248,none; fixed final iterate,0.18946143984794617,0.1,0.01894614398479462,1.0,0.1,-0.1,-0.08700811862945557,0.2709276705980301
beta_0p1,2,continuation,beta_0p1_D_persistent,50,4620,7140,0.33839094638824463,0.3239586651325226,"{""income_binary"":0.2627372741699219,""civilian_at_work"":0.26438459753990173,""public_coverage"":0.44475415349006653}",0.14432278275489807,"{""SEX"":0.5933308601379395,""RAC1P"":1.124914526939392}",0.8622845411300659,0.3770400285720825,0.3621789515018463,"{""income_binary"":0.3063425123691559,""civilian_at_work"":0.2887546718120575,""public_coverage"":0.4914397597312927}",0.1486109048128128,none; fixed final iterate,0.17987367510795593,0.1,0.017987367510795594,1.0,0.1,-0.1,-0.0862284541130066,0.2701498597860336
beta_0p1,2,continuation,beta_0p1_D_persistent,55,4830,7770,0.33597350120544434,0.322073370218277,"{""income_binary"":0.26039254665374756,""civilian_at_work"":0.263081818819046,""public_coverage"":0.44274580478668213}",0.13900142908096313,"{""SEX"":0.5894325971603394,""RAC1P"":1.1204848289489746}",0.8577615022659302,0.37600287795066833,0.36169829964637756,"{""income_binary"":0.30607786774635315,""civilian_at_work"":0.28919392824172974,""public_coverage"":0.48982304334640503}",0.14304587244987488,none; fixed final iterate,0.18398582935333252,0.1,0.018398582935333252,1.0,0.1,-0.1,-0.08577615022659302,0.26859593391418457
beta_0p1,2,continuation,beta_0p1_D_persistent,60,5040,8400,0.33514291048049927,0.3213985860347748,"{""income_binary"":0.26018431782722473,""civilian_at_work"":0.26267629861831665,""public_coverage"":0.44133511185646057}",0.1374431848526001,"{""SEX"":0.5854257345199585,""RAC1P"":1.1182094812393188}",0.8539909720420837,0.37737736105918884,0.3632535934448242,"{""income_binary"":0.30777406692504883,""civilian_at_work"":0.28970882296562195,""public_coverage"":0.4922778904438019}",0.14123758673667908,none; fixed final iterate,0.1812795251607895,0.1,0.01812795251607895,1.0,0.1,-0.1,-0.08539909720420838,0.2678717657923698
beta_0p1,2,continuation,beta_0p1_D_persistent,65,5250,9030,0.3339332938194275,0.32091259956359863,"{""income_binary"":0.2592405378818512,""civilian_at_work"":0.2625599205493927,""public_coverage"":0.4409373700618744}",0.13020704686641693,"{""SEX"":0.5875014066696167,""RAC1P"":1.1135156154632568}",0.8536789417266846,0.37666764855384827,0.36315664649009705,"{""income_binary"":0.30750444531440735,""civilian_at_work"":0.2888656556606293,""public_coverage"":0.4930998384952545}",0.13510990142822266,none; fixed final iterate,0.17276893556118011,0.1,0.01727689355611801,1.0,0.1,-0.1,-0.08536789417266846,0.265842293202877
beta_0p1,2,continuation,beta_0p1_D_persistent,70,5460,9660,0.3333738446235657,0.32068124413490295,"{""income_binary"":0.2595207989215851,""civilian_at_work"":0.26201295852661133,""public_coverage"":0.4405100643634796}",0.12692603468894958,"{""SEX"":0.5778516530990601,""RAC1P"":1.112927794456482}",0.8464853763580322,0.37828242778778076,0.3651460111141205,"{""income_binary"":0.30907583236694336,""civilian_at_work"":0.29074686765670776,""public_coverage"":0.49561527371406555}",0.13136428594589233,none; fixed final iterate,0.17231452465057373,0.1,0.017231452465057372,1.0,0.1,-0.1,-0.08464853763580323,0.2659567594528198
beta_0p1,2,continuation,beta_0p1_D_persistent,75,5670,10290,0.33290258049964905,0.3202444612979889,"{""income_binary"":0.2587854266166687,""civilian_at_work"":0.26286718249320984,""public_coverage"":0.4390808045864105}",0.1265813261270523,"{""SEX"":0.581204891204834,""RAC1P"":1.108892560005188}",0.8473497629165649,0.3772907555103302,0.36415719985961914,"{""income_binary"":0.30829504132270813,""civilian_at_work"":0.29123884439468384,""public_coverage"":0.49293771386146545}",0.13133563101291656,none; fixed final iterate,0.16613434255123138,0.1,0.016613434255123138,1.0,0.1,-0.1,-0.0847349762916565,0.2647810384631157
beta_0p1,2,continuation,beta_0p1_D_persistent,80,5880,10920,0.3327304720878601,0.32037320733070374,"{""income_binary"":0.2583633065223694,""civilian_at_work"":0.2630070447921753,""public_coverage"":0.43974927067756653}",0.12357255071401596,"{""SEX"":0.5842670202255249,""RAC1P"":1.1029733419418335}",0.8472772836685181,0.3788374662399292,0.365940660238266,"{""income_binary"":0.3080015182495117,""civilian_at_work"":0.2936171889305115,""public_coverage"":0.4962032437324524}",0.12896795570850372,none; fixed final iterate,0.16762112081050873,0.1,0.016762112081050873,1.0,0.1,-0.1,-0.08472772836685181,0.26476485580205916
beta_1,0,warm_base,beta_1_W,0,0,0,0.8058930039405823,0.7027423977851868,"{""income_binary"":0.6993687152862549,""civilian_at_work"":0.6676714420318604,""public_coverage"":0.7411870956420898}",1.031505823135376,,,0.806303083896637,0.7035148739814758,"{""income_binary"":0.7059230208396912,""civilian_at_work"":0.6681001782417297,""public_coverage"":0.7365214824676514}",1.0278820991516113,none; fixed final iterate,1.6824472494502318e-15,1.0,1.6824472494502318e-15,1.0,0.1,0.0,0.0,0.8058930039405839
beta_1,0,warm_base,beta_1_W,5,210,0,0.6129249930381775,0.5572226047515869,"{""income_binary"":0.529453694820404,""civilian_at_work"":0.5049358606338501,""public_coverage"":0.6372783780097961}",0.5570240616798401,,,0.6129549145698547,0.5572940707206726,"{""income_binary"":0.5367155075073242,""civilian_at_work"":0.5048532485961914,""public_coverage"":0.630313515663147}",0.5566083192825317,none; fixed final iterate,0.024997029453516006,1.0,0.024997029453516006,1.0,0.1,0.0,0.0,0.6379220224916935
beta_1,0,warm_base,beta_1_W,10,420,0,0.5349640846252441,0.4860036373138428,"{""income_binary"":0.45355889201164246,""civilian_at_work"":0.42297929525375366,""public_coverage"":0.5814728140830994}",0.48960447311401367,,,0.5349984765052795,0.4860475957393646,"{""income_binary"":0.4602116644382477,""civilian_at_work"":0.42341887950897217,""public_coverage"":0.5745121836662292}",0.4895085394382477,none; fixed final iterate,0.0324920117855072,1.0,0.0324920117855072,1.0,0.1,0.0,0.0,0.5674560964107513
beta_1,0,warm_base,beta_1_W,15,630,0,0.49418190121650696,0.44776418805122375,"{""income_binary"":0.41318339109420776,""civilian_at_work"":0.37739723920822144,""public_coverage"":0.5527119636535645}",0.46417707204818726,,,0.49525707960128784,0.44878408312797546,"{""income_binary"":0.42042917013168335,""civilian_at_work"":0.37872448563575745,""public_coverage"":0.5471985340118408}",0.46473008394241333,none; fixed final iterate,0.0292589720338583,1.0,0.0292589720338583,1.0,0.1,0.0,0.0,0.5234408732503653
beta_1,0,warm_base,beta_1_W,20,840,0,0.46636924147605896,0.4225529730319977,"{""income_binary"":0.3812125325202942,""civilian_at_work"":0.3515290915966034,""public_coverage"":0.5349173545837402}",0.4381626844406128,,,0.4681893587112427,0.4242679178714752,"{""income_binary"":0.38860490918159485,""civilian_at_work"":0.35338637232780457,""public_coverage"":0.5308124423027039}",0.4392144978046417,none; fixed final iterate,0.025664949789643288,1.0,0.025664949789643288,1.0,0.1,0.0,0.0,0.49203419126570225
beta_1,0,warm_base,beta_1_W,25,1050,0,0.4492657482624054,0.4074540436267853,"{""income_binary"":0.35901665687561035,""civilian_at_work"":0.33854156732559204,""public_coverage"":0.5248039364814758}",0.41811713576316833,,,0.452251672744751,0.41031304001808167,"{""income_binary"":0.36684468388557434,""civilian_at_work"":0.34257376194000244,""public_coverage"":0.521520733833313}",0.41938626766204834,none; fixed final iterate,0.021623022854328156,1.0,0.021623022854328156,1.0,0.1,0.0,0.0,0.47088877111673355
beta_1,0,warm_base,beta_1_W,30,1260,0,0.43202099204063416,0.39197877049446106,"{""income_binary"":0.34612414240837097,""civilian_at_work"":0.3224821984767914,""public_coverage"":0.5073300004005432}",0.4004223048686981,,,0.43626052141189575,0.3960605561733246,"{""income_binary"":0.35451778769493103,""civilian_at_work"":0.3273724317550659,""public_coverage"":0.5062914490699768}",0.40199965238571167,none; fixed final iterate,0.02002720907330513,1.0,0.02002720907330513,1.0,0.1,0.0,0.0,0.4520482011139393
beta_1,0,warm_base,beta_1_W,35,1470,0,0.42118486762046814,0.3825201094150543,"{""income_binary"":0.3343793451786041,""civilian_at_work"":0.31490558385849,""public_coverage"":0.49827539920806885}",0.3866475820541382,,,0.42596739530563354,0.38711461424827576,"{""income_binary"":0.34330567717552185,""civilian_at_work"":0.31956568360328674,""public_coverage"":0.4984724223613739}",0.38852787017822266,none; fixed final iterate,0.017449259757995605,1.0,0.017449259757995605,1.0,0.1,0.0,0.0,0.43863412737846375
beta_1,0,warm_base,beta_1_W,40,1680,0,0.41190028190612793,0.3744436204433441,"{""income_binary"":0.3243935704231262,""civilian_at_work"":0.30652904510498047,""public_coverage"":0.49240821599960327}",0.3745667338371277,,,0.41773661971092224,0.3801444470882416,"{""income_binary"":0.33299520611763,""civilian_at_work"":0.3139745891094208,""public_coverage"":0.49346357583999634}",0.3759216368198395,none; fixed final iterate,0.016069652512669563,1.0,0.016069652512669563,1.0,0.1,0.0,0.0,0.4279699344187975
beta_1,0,warm_base,beta_1_W,45,1890,0,0.4046030044555664,0.36816564202308655,"{""income_binary"":0.31398138403892517,""civilian_at_work"":0.3002392649650574,""public_coverage"":0.4902762770652771}",0.36437365412712097,,,0.4115757942199707,0.3750370442867279,"{""income_binary"":0.322894424200058,""civilian_at_work"":0.3105546832084656,""public_coverage"":0.49166202545166016}",0.36538752913475037,none; fixed final iterate,0.014846120961010456,1.0,0.014846120961010456,1.0,0.1,0.0,0.0,0.41944912541657686
beta_1,0,warm_base,beta_1_W,50,2100,0,0.39833351969718933,0.36299750208854675,"{""income_binary"":0.3072120249271393,""civilian_at_work"":0.295172780752182,""public_coverage"":0.4866076409816742}",0.3533601760864258,,,0.4065161943435669,0.3711591958999634,"{""income_binary"":0.31662309169769287,""civilian_at_work"":0.30694738030433655,""public_coverage"":0.4899071753025055}",0.35356998443603516,none; fixed final iterate,0.014371024444699287,1.0,0.014371024444699287,1.0,0.1,0.0,0.0,0.4127045441418886
beta_1,0,warm_base,beta_1_W,55,2310,0,0.3929043412208557,0.3584682047367096,"{""income_binary"":0.3015448749065399,""civilian_at_work"":0.28943899273872375,""public_coverage"":0.4844208061695099}",0.3443613052368164,,,0.4011031985282898,0.3667600452899933,"{""income_binary"":0.3104347884654999,""civilian_at_work"":0.3022419512271881,""public_coverage"":0.48760339617729187}",0.34343138337135315,none; fixed final iterate,0.013503422960639,1.0,0.013503422960639,1.0,0.1,0.0,0.0,0.4064077641814947
beta_1,0,warm_base,beta_1_W,60,2520,0,0.3889120817184448,0.35550522804260254,"{""income_binary"":0.29839375615119934,""civilian_at_work"":0.28641223907470703,""public_coverage"":0.48170971870422363}",0.33406856656074524,,,0.3982769548892975,0.3650340139865875,"{""income_binary"":0.3079935908317566,""civilian_at_work"":0.3009204864501953,""public_coverage"":0.4861879348754883}",0.33242952823638916,none; fixed final iterate,0.012686438858509064,1.0,0.012686438858509064,1.0,0.1,0.0,0.0,0.4015985205769539
beta_1,0,warm_adversary,beta_1_W,0,2520,0,0.3889120817184448,0.35550522804260254,"{""income_binary"":0.29839375615119934,""civilian_at_work"":0.28641223907470703,""public_coverage"":0.48170971870422363}",0.33406856656074524,"{""SEX"":0.7081722021102905,""RAC1P"":2.2333431243896484}",1.3729482889175415,0.3982769548892975,0.3650340139865875,"{""income_binary"":0.3079935908317566,""civilian_at_work"":0.3009204864501953,""public_coverage"":0.4861879348754883}",0.33242952823638916,none; fixed final iterate,0.012686438858509064,0.0,0.0,1.0,0.1,0.0,0.0,0.3889120817184448
beta_1,0,warm_adversary,beta_1_W,5,2520,210,0.3889120817184448,0.35550522804260254,"{""income_binary"":0.29839375615119934,""civilian_at_work"":0.28641223907470703,""public_coverage"":0.48170971870422363}",0.33406856656074524,"{""SEX"":0.6518383026123047,""RAC1P"":1.2291752099990845}",0.9447746872901917,0.3982769548892975,0.3650340139865875,"{""income_binary"":0.3079935908317566,""civilian_at_work"":0.3009204864501953,""public_coverage"":0.4861879348754883}",0.33242952823638916,none; fixed final iterate,0.012686438858509064,0.0,0.0,1.0,0.1,0.0,0.0,0.3889120817184448
beta_1,0,warm_adversary,beta_1_W,10,2520,420,0.3889120817184448,0.35550522804260254,"{""income_binary"":0.29839375615119934,""civilian_at_work"":0.28641223907470703,""public_coverage"":0.48170971870422363}",0.33406856656074524,"{""SEX"":0.6424532532691956,""RAC1P"":1.1959811449050903}",0.9251917004585266,0.3982769548892975,0.3650340139865875,"{""income_binary"":0.3079935908317566,""civilian_at_work"":0.3009204864501953,""public_coverage"":0.4861879348754883}",0.33242952823638916,none; fixed final iterate,0.012686438858509064,0.0,0.0,1.0,0.1,0.0,0.0,0.3889120817184448
beta_1,0,warm_adversary,beta_1_W,15,2520,630,0.3889120817184448,0.35550522804260254,"{""income_binary"":0.29839375615119934,""civilian_at_work"":0.28641223907470703,""public_coverage"":0.48170971870422363}",0.33406856656074524,"{""SEX"":0.637621283531189,""RAC1P"":1.185706615447998}",0.9177395105361938,0.3982769548892975,0.3650340139865875,"{""income_binary"":0.3079935908317566,""civilian_at_work"":0.3009204864501953,""public_coverage"":0.4861879348754883}",0.33242952823638916,none; fixed final iterate,0.012686438858509064,0.0,0.0,1.0,0.1,0.0,0.0,0.3889120817184448
beta_1,0,warm_adversary,beta_1_W,20,2520,840,0.3889120817184448,0.35550522804260254,"{""income_binary"":0.29839375615119934,""civilian_at_work"":0.28641223907470703,""public_coverage"":0.48170971870422363}",0.33406856656074524,"{""SEX"":0.635810136795044,""RAC1P"":1.1795896291732788}",0.914071798324585,0.3982769548892975,0.3650340139865875,"{""income_binary"":0.3079935908317566,""civilian_at_work"":0.3009204864501953,""public_coverage"":0.4861879348754883}",0.33242952823638916,none; fixed final iterate,0.012686438858509064,0.0,0.0,1.0,0.1,0.0,0.0,0.3889120817184448
beta_1,0,continuation,beta_1_C_warmup_only,0,2520,840,0.3889120817184448,0.35550522804260254,"{""income_binary"":0.29839375615119934,""civilian_at_work"":0.28641223907470703,""public_coverage"":0.48170971870422363}",0.33406856656074524,"{""SEX"":0.635810136795044,""RAC1P"":1.1795896291732788}",0.914071798324585,0.3982769548892975,0.3650340139865875,"{""income_binary"":0.3079935908317566,""civilian_at_work"":0.3009204864501953,""public_coverage"":0.4861879348754883}",0.33242952823638916,none; fixed final iterate,0.012686438858509064,0.0,0.0,1.0,0.1,0.0,0.0,0.3889120817184448
beta_1,0,continuation,beta_1_C_warmup_only,5,2730,1470,0.3636859953403473,0.3350522518157959,"{""income_binary"":0.2777552902698517,""civilian_at_work"":0.25935429334640503,""public_coverage"":0.4680470824241638}",0.28633734583854675,"{""SEX"":0.6271799802780151,""RAC1P"":1.1718130111694336}",0.9048424959182739,0.3795284628868103,0.3514550030231476,"{""income_binary"":0.28912463784217834,""civilian_at_work"":0.2855004668235779,""public_coverage"":0.4797399342060089}",0.28073474764823914,none; fixed final iterate,0.27783992886543274,0.0,0.0,1.0,0.1,0.0,0.0,0.3636859953403473
beta_1,0,continuation,beta_1_C_warmup_only,10,2940,2100,0.3568515479564667,0.331406831741333,"{""income_binary"":0.2760239541530609,""civilian_at_work"":0.25468936562538147,""public_coverage"":0.46350714564323425}",0.2544472813606262,"{""SEX"":0.6295029520988464,""RAC1P"":1.1633213758468628}",0.9032419323921204,0.37686702609062195,0.3520123064517975,"{""income_binary"":0.2899429500102997,""civilian_at_work"":0.28566136956214905,""public_coverage"":0.4804326593875885}",0.24854733049869537,none; fixed final iterate,0.4031811058521271,0.0,0.0,1.0,0.1,0.0,0.0,0.3568515479564667
beta_1,0,continuation,beta_1_C_warmup_only,15,3150,2730,0.3506070673465729,0.32877153158187866,"{""income_binary"":0.27417826652526855,""civilian_at_work"":0.25201302766799927,""public_coverage"":0.46012330055236816}",0.21835532784461975,"{""SEX"":0.6167990565299988,""RAC1P"":1.1583731174468994}",0.8921641111373901,0.3739987015724182,0.35248544812202454,"{""income_binary"":0.29058554768562317,""civilian_at_work"":0.2889704406261444,""public_coverage"":0.4779003858566284}",0.2151326686143875,none; fixed final iterate,0.5202686786651611,0.0,0.0,1.0,0.1,0.0,0.0,0.3506070673465729
beta_1,0,continuation,beta_1_C_warmup_only,20,3360,3360,0.3460737466812134,0.3276980221271515,"{""income_binary"":0.2733740508556366,""civilian_at_work"":0.25121816992759705,""public_coverage"":0.4585018455982208}",0.1837572157382965,"{""SEX"":0.6119023561477661,""RAC1P"":1.1435480117797852}",0.8829090595245361,0.3730401396751404,0.3545494079589844,"{""income_binary"":0.29159238934516907,""civilian_at_work"":0.29143768548965454,""public_coverage"":0.4806181788444519}",0.18490728735923767,none; fixed final iterate,0.6305392384529114,0.0,0.0,1.0,0.1,0.0,0.0,0.3460737466812134
beta_1,0,continuation,beta_1_C_warmup_only,25,3570,3990,0.34093809127807617,0.3253461718559265,"{""income_binary"":0.27194347977638245,""civilian_at_work"":0.24900393187999725,""public_coverage"":0.45509111881256104}",0.15591910481452942,"{""SEX"":0.6052905917167664,""RAC1P"":1.1349623203277588}",0.8748241066932678,0.37033718824386597,0.35427823662757874,"{""income_binary"":0.28997448086738586,""civilian_at_work"":0.29004979133605957,""public_coverage"":0.4828105568885803}",0.1605895757675171,none; fixed final iterate,0.7337530851364136,0.0,0.0,1.0,0.1,0.0,0.0,0.34093809127807617
beta_1,0,continuation,beta_1_C_warmup_only,30,3780,4620,0.3379806578159332,0.32461872696876526,"{""income_binary"":0.27180904150009155,""civilian_at_work"":0.24841061234474182,""public_coverage"":0.4536365568637848}",0.13361923396587372,"{""SEX"":0.5998955965042114,""RAC1P"":1.1333402395248413}",0.8703045845031738,0.3706423342227936,0.35662642121315,"{""income_binary"":0.29181328415870667,""civilian_at_work"":0.294085294008255,""public_coverage"":0.483980655670166}",0.14015910029411316,none; fixed final iterate,0.8382439017295837,0.0,0.0,1.0,0.1,0.0,0.0,0.3379806578159332
beta_1,0,continuation,beta_1_C_warmup_only,35,3990,5250,0.33413589000701904,0.32250288128852844,"{""income_binary"":0.27026697993278503,""civilian_at_work"":0.24586737155914307,""public_coverage"":0.4513742923736572}",0.11633016169071198,"{""SEX"":0.5950012803077698,""RAC1P"":1.1209884881973267}",0.8620058298110962,0.3678227663040161,0.3554147183895111,"{""income_binary"":0.2912414073944092,""civilian_at_work"":0.29117199778556824,""public_coverage"":0.48383063077926636}",0.124080590903759,none; fixed final iterate,0.9141872525215149,0.0,0.0,1.0,0.1,0.0,0.0,0.33413589000701904
beta_1,0,continuation,beta_1_C_warmup_only,40,4200,5880,0.33323678374290466,0.3229917287826538,"{""income_binary"":0.27093881368637085,""civilian_at_work"":0.24842731654644012,""public_coverage"":0.44960907101631165}",0.10245048999786377,"{""SEX"":0.59028160572052,""RAC1P"":1.1101042032241821}",0.8543993234634399,0.36889925599098206,0.3578701317310333,"{""income_binary"":0.29174283146858215,""civilian_at_work"":0.2962796986103058,""public_coverage"":0.4855878949165344}",0.11029131710529327,none; fixed final iterate,1.013763666152954,0.0,0.0,1.0,0.1,0.0,0.0,0.33323678374290466
beta_1,0,continuation,beta_1_C_warmup_only,45,4410,6510,0.33135873079299927,0.3221200406551361,"{""income_binary"":0.2699160575866699,""civilian_at_work"":0.24650010466575623,""public_coverage"":0.449943870306015}",0.092386893928051,"{""SEX"":0.5946847796440125,""RAC1P"":1.1028603315353394}",0.8547815084457397,0.3672533929347992,0.3572283685207367,"{""income_binary"":0.2930053770542145,""civilian_at_work"":0.293508380651474,""public_coverage"":0.4851713478565216}",0.10025011003017426,none; fixed final iterate,1.0581153631210327,0.0,0.0,1.0,0.1,0.0,0.0,0.33135873079299927
beta_1,0,continuation,beta_1_C_warmup_only,50,4620,7140,0.32860267162323,0.3200773298740387,"{""income_binary"":0.26891037821769714,""civilian_at_work"":0.24466878175735474,""public_coverage"":0.4466528296470642}",0.08525338023900986,"{""SEX"":0.5838639736175537,""RAC1P"":1.105563998222351}",0.8480156660079956,0.3680867850780487,0.3587599992752075,"{""income_binary"":0.2927491068840027,""civilian_at_work"":0.2982015609741211,""public_coverage"":0.4853293299674988}",0.09326788783073425,none; fixed final iterate,1.1179873943328857,0.0,0.0,1.0,0.1,0.0,0.0,0.32860267162323
beta_1,0,continuation,beta_1_C_warmup_only,55,4830,7770,0.3290477991104126,0.3211158215999603,"{""income_binary"":0.2705889642238617,""civilian_at_work"":0.24328914284706116,""public_coverage"":0.44946935772895813}",0.07931976765394211,"{""SEX"":0.5914681553840637,""RAC1P"":1.098730206489563}",0.8508663177490234,0.369329571723938,0.36067119240760803,"{""income_binary"":0.2932620644569397,""civilian_at_work"":0.29605740308761597,""public_coverage"":0.49269410967826843}",0.08658390492200851,none; fixed final iterate,1.1870875358581543,0.0,0.0,1.0,0.1,0.0,0.0,0.3290477991104126
beta_1,0,continuation,beta_1_C_warmup_only,60,5040,8400,0.32714247703552246,0.31971684098243713,"{""income_binary"":0.2678099274635315,""civilian_at_work"":0.2455359399318695,""public_coverage"":0.4458047151565552}",0.07425621151924133,"{""SEX"":0.575975239276886,""RAC1P"":1.0869721174240112}",0.8351476788520813,0.36850208044052124,0.3603595197200775,"{""income_binary"":0.2917094826698303,""civilian_at_work"":0.299005389213562,""public_coverage"":0.49036359786987305}",0.08142551779747009,none; fixed final iterate,1.2177013158798218,0.0,0.0,1.0,0.1,0.0,0.0,0.32714247703552246
beta_1,0,continuation,beta_1_C_warmup_only,65,5250,9030,0.3247472047805786,0.3177776634693146,"{""income_binary"":0.2677622437477112,""civilian_at_work"":0.24145157635211945,""public_coverage"":0.4441192150115967}",0.06969551742076874,"{""SEX"":0.572870135307312,""RAC1P"":1.0964198112487793}",0.8365527391433716,0.3663991689682007,0.3587312698364258,"{""income_binary"":0.2937714457511902,""civilian_at_work"":0.2970195412635803,""public_coverage"":0.48540279269218445}",0.0766790434718132,none; fixed final iterate,1.2564687728881836,0.0,0.0,1.0,0.1,0.0,0.0,0.3247472047805786
beta_1,0,continuation,beta_1_C_warmup_only,70,5460,9660,0.32390105724334717,0.3173117935657501,"{""income_binary"":0.26781588792800903,""civilian_at_work"":0.2418239712715149,""public_coverage"":0.4422955811023712}",0.0658927634358406,"{""SEX"":0.567180871963501,""RAC1P"":1.0790414810180664}",0.8257403373718262,0.36654120683670044,0.359270840883255,"{""income_binary"":0.2933070957660675,""civilian_at_work"":0.29821842908859253,""public_coverage"":0.486286997795105}",0.07270373404026031,none; fixed final iterate,1.3173158168792725,0.0,0.0,1.0,0.1,0.0,0.0,0.32390105724334717
beta_1,0,continuation,beta_1_C_warmup_only,75,5670,10290,0.32322490215301514,0.3168480396270752,"{""income_binary"":0.26736190915107727,""civilian_at_work"":0.24098841845989227,""public_coverage"":0.44219377636909485}",0.06376849859952927,"{""SEX"":0.5663055181503296,""RAC1P"":1.0748162269592285}",0.8234780430793762,0.3660650849342346,0.35902953147888184,"{""income_binary"":0.2936130166053772,""civilian_at_work"":0.29786279797554016,""public_coverage"":0.485612690448761}",0.0703556016087532,none; fixed final iterate,1.3383582830429077,0.0,0.0,1.0,0.1,0.0,0.0,0.32322490215301514
beta_1,0,continuation,beta_1_C_warmup_only,80,5880,10920,0.32212334871292114,0.3160048723220825,"{""income_binary"":0.2665807902812958,""civilian_at_work"":0.2410629689693451,""public_coverage"":0.4403708875179291}",0.06118470057845116,"{""SEX"":0.5643720030784607,""RAC1P"":1.0706841945648193}",0.8204880952835083,0.36812904477119446,0.36135926842689514,"{""income_binary"":0.2932797074317932,""civilian_at_work"":0.3012004494667053,""public_coverage"":0.4895976781845093}",0.06769777089357376,none; fixed final iterate,1.389017105102539,0.0,0.0,1.0,0.1,0.0,0.0,0.32212334871292114
beta_1,0,continuation,beta_1_D_warmup_only,0,2520,840,0.3889120817184448,0.35550522804260254,"{""income_binary"":0.29839375615119934,""civilian_at_work"":0.28641223907470703,""public_coverage"":0.48170971870422363}",0.33406856656074524,"{""SEX"":0.635810136795044,""RAC1P"":1.1795896291732788}",0.914071798324585,0.3982769548892975,0.3650340139865875,"{""income_binary"":0.3079935908317566,""civilian_at_work"":0.3009204864501953,""public_coverage"":0.4861879348754883}",0.33242952823638916,none; fixed final iterate,0.012686438858509064,0.0,0.0,1.0,0.1,-0.1,-0.0914071798324585,0.29750490188598633
beta_1,0,continuation,beta_1_D_warmup_only,5,2730,1470,0.3637046813964844,0.33500707149505615,"{""income_binary"":0.2777990996837616,""civilian_at_work"":0.2592127323150635,""public_coverage"":0.4680093824863434}",0.28697603940963745,"{""SEX"":0.6323848962783813,""RAC1P"":1.1770340204238892}",0.9106135964393616,0.3795397877693176,0.35141721367836,"{""income_binary"":0.2894423305988312,""civilian_at_work"":0.2853054702281952,""public_coverage"":0.47950389981269836}",0.28122565150260925,none; fixed final iterate,0.2845092713832855,0.0,0.0,1.0,0.1,-0.1,-0.09106135964393616,0.27264332175254824
beta_1,0,continuation,beta_1_D_warmup_only,10,2940,2100,0.356921523809433,0.33143576979637146,"{""income_binary"":0.2761436104774475,""civilian_at_work"":0.2547823190689087,""public_coverage"":0.4633813798427582}",0.2548574209213257,"{""SEX"":0.6361149549484253,""RAC1P"":1.1712650060653687}",0.9110792279243469,0.3768264651298523,0.35201847553253174,"{""income_binary"":0.2900635004043579,""civilian_at_work"":0.28588512539863586,""public_coverage"":0.4801068603992462}",0.24808000028133392,none; fixed final iterate,0.4128772020339966,0.0,0.0,1.0,0.1,-0.1,-0.0911079227924347,0.2658136010169983
beta_1,0,continuation,beta_1_D_warmup_only,15,3150,2730,0.3505929112434387,0.3287552297115326,"{""income_binary"":0.274344265460968,""civilian_at_work"":0.2518945038318634,""public_coverage"":0.46002689003944397}",0.21837683022022247,"{""SEX"":0.6202012300491333,""RAC1P"":1.164994239807129}",0.8971745371818542,0.37398484349250793,0.35255709290504456,"{""income_binary"":0.290610671043396,""civilian_at_work"":0.28936150670051575,""public_coverage"":0.4776991009712219}",0.214277446269989,none; fixed final iterate,0.5321758389472961,0.0,0.0,1.0,0.1,-0.1,-0.08971745371818543,0.2608754575252533
beta_1,0,continuation,beta_1_D_warmup_only,20,3360,3360,0.34599292278289795,0.32773295044898987,"{""income_binary"":0.27361470460891724,""civilian_at_work"":0.2511996924877167,""public_coverage"":0.4583844840526581}",0.18259969353675842,"{""SEX"":0.6180993318557739,""RAC1P"":1.151428461074829}",0.8904224634170532,0.3729235529899597,0.35463765263557434,"{""income_binary"":0.2913550138473511,""civilian_at_work"":0.2924070954322815,""public_coverage"":0.48015084862709045}",0.18285907804965973,none; fixed final iterate,0.6494430899620056,0.0,0.0,1.0,0.1,-0.1,-0.08904224634170532,0.2569506764411926
beta_1,0,continuation,beta_1_D_warmup_only,25,3570,3990,0.34062156081199646,0.3252745568752289,"{""income_binary"":0.2722780704498291,""civilian_at_work"":0.24894508719444275,""public_coverage"":0.45460042357444763}",0.15346993505954742,"{""SEX"":0.6117554903030396,""RAC1P"":1.1431821584701538}",0.8826618194580078,0.3698474168777466,0.3541063070297241,"{""income_binary"":0.2899613380432129,""civilian_at_work"":0.2901703715324402,""public_coverage"":0.4821872413158417}",0.1574111133813858,none; fixed final iterate,0.7717972993850708,0.0,0.0,1.0,0.1,-0.1,-0.08826618194580078,0.2523553788661957
beta_1,0,continuation,beta_1_D_warmup_only,30,3780,4620,0.33742356300354004,0.3245824873447418,"{""income_binary"":0.27214786410331726,""civilian_at_work"":0.24843068420886993,""public_coverage"":0.4531688988208771}",0.12841078639030457,"{""SEX"":0.6086482405662537,""RAC1P"":1.1441106796264648}",0.8807777166366577,0.37015146017074585,0.35672834515571594,"{""income_binary"":0.29172268509864807,""civilian_at_work"":0.29468268156051636,""public_coverage"":0.483779639005661}",0.13423112034797668,none; fixed final iterate,0.9028414487838745,0.0,0.0,1.0,0.1,-0.1,-0.08807777166366577,0.24934579133987428
beta_1,0,continuation,beta_1_D_warmup_only,35,3990,5250,0.33353957533836365,0.32252445816993713,"{""income_binary"":0.2704164981842041,""civilian_at_work"":0.24616210162639618,""public_coverage"":0.4509948194026947}",0.11015112698078156,"{""SEX"":0.6084671020507812,""RAC1P"":1.134395718574524}",0.876897931098938,0.36721375584602356,0.3555234372615814,"{""income_binary"":0.29082825779914856,""civilian_at_work"":0.2914203405380249,""public_coverage"":0.4843217730522156}",0.11690317094326019,none; fixed final iterate,0.9904918670654297,0.0,0.0,1.0,0.1,-0.1,-0.0876897931098938,0.24584978222846984
beta_1,0,continuation,beta_1_D_warmup_only,40,4200,5880,0.3323417603969574,0.32260921597480774,"{""income_binary"":0.2708679139614105,""civilian_at_work"":0.24805091321468353,""public_coverage"":0.44890886545181274}",0.09732550382614136,"{""SEX"":0.6041302680969238,""RAC1P"":1.126990556716919}",0.8709103465080261,0.3681119382381439,0.3576553761959076,"{""income_binary"":0.29133501648902893,""civilian_at_work"":0.2955215573310852,""public_coverage"":0.48610949516296387}",0.10456551611423492,none; fixed final iterate,1.1026562452316284,0.0,0.0,1.0,0.1,-0.1,-0.08709103465080262,0.24525072574615478
beta_1,0,continuation,beta_1_D_warmup_only,45,4410,6510,0.33102378249168396,0.32205381989479065,"{""income_binary"":0.27022120356559753,""civilian_at_work"":0.24704211950302124,""public_coverage"":0.44889819622039795}",0.08969951421022415,"{""SEX"":0.603061854839325,""RAC1P"":1.1231762170791626}",0.8686672449111938,0.366569846868515,0.3569135367870331,"{""income_binary"":0.292556494474411,""civilian_at_work"":0.2931065559387207,""public_coverage"":0.48507750034332275}",0.09656306356191635,none; fixed final iterate,1.1574912071228027,0.0,0.0,1.0,0.1,-0.1,-0.08686672449111939,0.2441570580005646
beta_1,0,continuation,beta_1_D_warmup_only,50,4620,7140,0.32871124148368835,0.3202495276927948,"{""income_binary"":0.26926857233047485,""civilian_at_work"":0.24566933512687683,""public_coverage"":0.4458106756210327}",0.08461710065603256,"{""SEX"":0.6031011939048767,""RAC1P"":1.1297248601913452}",0.8712228536605835,0.3678632080554962,0.35872459411621094,"{""income_binary"":0.2924111485481262,""civilian_at_work"":0.2979438602924347,""public_coverage"":0.4858187139034271}",0.09138606488704681,none; fixed final iterate,1.2501095533370972,0.0,0.0,1.0,0.1,-0.1,-0.08712228536605836,0.24158895611762998
beta_1,0,continuation,beta_1_D_warmup_only,55,4830,7770,0.3292941749095917,0.32123860716819763,"{""income_binary"":0.27082356810569763,""civilian_at_work"":0.24397079646587372,""public_coverage"":0.44892141222953796}",0.08055556565523148,"{""SEX"":0.6060343384742737,""RAC1P"":1.1219148635864258}",0.8703256845474243,0.3694313168525696,0.36076560616493225,"{""income_binary"":0.292715460062027,""civilian_at_work"":0.29537561535835266,""public_coverage"":0.4942058324813843}",0.08665701746940613,none; fixed final iterate,1.3658994436264038,0.0,0.0,1.0,0.1,-0.1,-0.08703256845474244,0.24226160645484923
beta_1,0,continuation,beta_1_D_warmup_only,60,5040,8400,0.3275488317012787,0.31971830129623413,"{""income_binary"":0.2682456374168396,""civilian_at_work"":0.24590685963630676,""public_coverage"":0.44500237703323364}",0.07830525189638138,"{""SEX"":0.5988339185714722,""RAC1P"":1.1174304485321045}",0.8633986711502075,0.368743360042572,0.360258549451828,"{""income_binary"":0.29125553369522095,""civilian_at_work"":0.2981569468975067,""public_coverage"":0.49136319756507874}",0.0848480835556984,none; fixed final iterate,1.4154809713363647,0.0,0.0,1.0,0.1,-0.1,-0.08633986711502076,0.24120896458625793
beta_1,0,continuation,beta_1_D_warmup_only,65,5250,9030,0.32550328969955444,0.3178235590457916,"{""income_binary"":0.2681167423725128,""civilian_at_work"":0.24221114814281464,""public_coverage"":0.4431428015232086}",0.07679729908704758,"{""SEX"":0.5975320339202881,""RAC1P"":1.1367270946502686}",0.8699058890342712,0.36638376116752625,0.3580896556377411,"{""income_binary"":0.29307931661605835,""civilian_at_work"":0.2964913249015808,""public_coverage"":0.48469826579093933}",0.08294094353914261,none; fixed final iterate,1.4959696531295776,0.0,0.0,1.0,0.1,-0.1,-0.08699058890342713,0.2385127007961273
beta_1,0,continuation,beta_1_D_warmup_only,70,5460,9660,0.325158953666687,0.31743720173835754,"{""income_binary"":0.2681441009044647,""civilian_at_work"":0.24298779666423798,""public_coverage"":0.44117972254753113}",0.07721750438213348,"{""SEX"":0.6005204319953918,""RAC1P"":1.122747540473938}",0.8666677474975586,0.36719509959220886,0.3587932884693146,"{""income_binary"":0.29237809777259827,""civilian_at_work"":0.2978954613208771,""public_coverage"":0.48610633611679077}",0.08401814103126526,none; fixed final iterate,1.5908278226852417,0.0,0.0,1.0,0.1,-0.1,-0.08666677474975587,0.23849217891693114
beta_1,0,continuation,beta_1_D_warmup_only,75,5670,10290,0.32419514656066895,0.3167693316936493,"{""income_binary"":0.26760783791542053,""civilian_at_work"":0.2419935166835785,""public_coverage"":0.4407065808773041}",0.07425810396671295,"{""SEX"":0.6029245853424072,""RAC1P"":1.1199990510940552}",0.8673421144485474,0.36661437153816223,0.3585151135921478,"{""income_binary"":0.292540580034256,""civilian_at_work"":0.29753488302230835,""public_coverage"":0.4854698181152344}",0.08099259436130524,none; fixed final iterate,1.6694072484970093,0.0,0.0,1.0,0.1,-0.1,-0.08673421144485474,0.2374609351158142
beta_1,0,continuation,beta_1_D_warmup_only,80,5880,10920,0.32310405373573303,0.31589046120643616,"{""income_binary"":0.26701509952545166,""civilian_at_work"":0.2417566031217575,""public_coverage"":0.4388996660709381}",0.0721360370516777,"{""SEX"":0.6008896231651306,""RAC1P"":1.1180953979492188}",0.8651388883590698,0.3687324821949005,0.36080440878868103,"{""income_binary"":0.29253628849983215,""civilian_at_work"":0.2995237410068512,""public_coverage"":0.49035316705703735}",0.07928083837032318,none; fixed final iterate,1.7476238012313843,0.0,0.0,1.0,0.1,-0.1,-0.086513888835907,0.23659016489982604
beta_1,0,continuation,beta_1_C_persistent,0,2520,840,0.3889120817184448,0.35550522804260254,"{""income_binary"":0.29839375615119934,""civilian_at_work"":0.28641223907470703,""public_coverage"":0.48170971870422363}",0.33406856656074524,"{""SEX"":0.635810136795044,""RAC1P"":1.1795896291732788}",0.914071798324585,0.3982769548892975,0.3650340139865875,"{""income_binary"":0.3079935908317566,""civilian_at_work"":0.3009204864501953,""public_coverage"":0.4861879348754883}",0.33242952823638916,none; fixed final iterate,0.012686438858509064,1.0,0.012686438858509064,1.0,0.1,0.0,0.0,0.4015985205769539
beta_1,0,continuation,beta_1_C_persistent,5,2730,1470,0.3861372470855713,0.3536039888858795,"{""income_binary"":0.29389488697052,""civilian_at_work"":0.2862592935562134,""public_coverage"":0.4806578755378723}",0.32533249258995056,"{""SEX"":0.6290624737739563,""RAC1P"":1.172277808189392}",0.9063804149627686,0.3950713276863098,0.3628785312175751,"{""income_binary"":0.30263200402259827,""civilian_at_work"":0.30129989981651306,""public_coverage"":0.4847036898136139}",0.32192787528038025,none; fixed final iterate,0.012208232656121254,1.0,0.012208232656121254,1.0,0.1,0.0,0.0,0.39834547974169254
beta_1,0,continuation,beta_1_C_persistent,10,2940,2100,0.3831113278865814,0.35126790404319763,"{""income_binary"":0.29184719920158386,""civilian_at_work"":0.28222891688346863,""public_coverage"":0.479727566242218}",0.31843432784080505,"{""SEX"":0.6342257261276245,""RAC1P"":1.1649072170257568}",0.9072623252868652,0.39266520738601685,0.3612101078033447,"{""income_binary"":0.3004342317581177,""civilian_at_work"":0.2979913353919983,""public_coverage"":0.4852047860622406}",0.31455108523368835,none; fixed final iterate,0.01252205390483141,1.0,0.01252205390483141,1.0,0.1,0.0,0.0,0.39563338179141283
beta_1,0,continuation,beta_1_C_persistent,15,3150,2730,0.3797336518764496,0.34874799847602844,"{""income_binary"":0.2888743579387665,""civilian_at_work"":0.2788759469985962,""public_coverage"":0.47849366068840027}",0.3098565340042114,"{""SEX"":0.6196466684341431,""RAC1P"":1.16059410572052}",0.8950762748718262,0.3905069828033447,0.3600281774997711,"{""income_binary"":0.29909369349479675,""civilian_at_work"":0.2979697585105896,""public_coverage"":0.48302116990089417}",0.30478811264038086,none; fixed final iterate,0.012541191652417183,1.0,0.012541191652417183,1.0,0.1,0.0,0.0,0.39227484352886677
beta_1,0,continuation,beta_1_C_persistent,20,3360,3360,0.3769095540046692,0.34680303931236267,"{""income_binary"":0.28570517897605896,""civilian_at_work"":0.27636462450027466,""public_coverage"":0.4783393144607544}",0.3010651469230652,"{""SEX"":0.6185699105262756,""RAC1P"":1.1482352018356323}",0.8895297646522522,0.38833752274513245,0.3588728904724121,"{""income_binary"":0.2963391840457916,""civilian_at_work"":0.2965439558029175,""public_coverage"":0.4837356209754944}",0.2946462333202362,none; fixed final iterate,0.012386325746774673,1.0,0.012386325746774673,1.0,0.1,0.0,0.0,0.38929587975144386
beta_1,0,continuation,beta_1_C_persistent,25,3570,3990,0.3749666213989258,0.3456480801105499,"{""income_binary"":0.28595539927482605,""civilian_at_work"":0.2749900221824646,""public_coverage"":0.4759988486766815}",0.2931855618953705,"{""SEX"":0.6097102165222168,""RAC1P"":1.141339659690857}",0.8804748058319092,0.3864714205265045,0.35792088508605957,"{""income_binary"":0.2961173951625824,""civilian_at_work"":0.29492107033729553,""public_coverage"":0.482724130153656}",0.2855054438114166,none; fixed final iterate,0.011010327376425266,1.0,0.011010327376425266,1.0,0.1,0.0,0.0,0.38597694877535105
beta_1,0,continuation,beta_1_C_persistent,30,3780,4620,0.3732251524925232,0.3444400727748871,"{""income_binary"":0.28336405754089355,""civilian_at_work"":0.2742730677127838,""public_coverage"":0.4756830632686615}",0.2878507971763611,"{""SEX"":0.6070597767829895,""RAC1P"":1.1400071382522583}",0.8780477046966553,0.385944128036499,0.3579920828342438,"{""income_binary"":0.2941296100616455,""civilian_at_work"":0.2965709865093231,""public_coverage"":0.48327571153640747}",0.2795204520225525,none; fixed final iterate,0.01128447987139225,1.0,0.01128447987139225,1.0,0.1,0.0,0.0,0.38450963236391544
beta_1,0,continuation,beta_1_C_persistent,35,3990,5250,0.3714834153652191,0.34326449036598206,"{""income_binary"":0.283309668302536,""civilian_at_work"":0.271149605512619,""public_coverage"":0.47533419728279114}",0.2821893095970154,"{""SEX"":0.6046896576881409,""RAC1P"":1.1293028593063354}",0.8722063302993774,0.3848334550857544,0.35749372839927673,"{""income_binary"":0.2958209812641144,""civilian_at_work"":0.29346415400505066,""public_coverage"":0.48319607973098755}",0.2733971178531647,none; fixed final iterate,0.010475619696080685,1.0,0.010475619696080685,1.0,0.1,0.0,0.0,0.3819590350612998
beta_1,0,continuation,beta_1_C_persistent,40,4200,5880,0.3696807324886322,0.3419099748134613,"{""income_binary"":0.2817036807537079,""civilian_at_work"":0.2693021297454834,""public_coverage"":0.4747239947319031}",0.27770745754241943,"{""SEX"":0.5997453927993774,""RAC1P"":1.1195563077926636}",0.8648768663406372,0.3835679292678833,0.3567233383655548,"{""income_binary"":0.29392337799072266,""civilian_at_work"":0.29254692792892456,""public_coverage"":0.4836997091770172}",0.2684459388256073,none; fixed final iterate,0.01054421253502369,1.0,0.01054421253502369,1.0,0.1,0.0,0.0,0.3802249450236559
beta_1,0,continuation,beta_1_C_persistent,45,4410,6510,0.36840343475341797,0.34116315841674805,"{""income_binary"":0.27921488881111145,""civilian_at_work"":0.2711092531681061,""public_coverage"":0.4731653928756714}",0.27240288257598877,"{""SEX"":0.6030700206756592,""RAC1P"":1.1150020360946655}",0.8655186891555786,0.3823424279689789,0.356060653924942,"{""income_binary"":0.29280441999435425,""civilian_at_work"":0.29363009333610535,""public_coverage"":0.48174747824668884}",0.2628178000450134,none; fixed final iterate,0.011757404543459415,1.0,0.011757404543459415,1.0,0.1,0.0,0.0,0.3801608392968774
beta_1,0,continuation,beta_1_C_persistent,50,4620,7140,0.367374449968338,0.34055379033088684,"{""income_binary"":0.28008073568344116,""civilian_at_work"":0.2670850157737732,""public_coverage"":0.47449567914009094}",0.2682066857814789,"{""SEX"":0.5949330925941467,""RAC1P"":1.1170111894607544}",0.8604216575622559,0.38320329785346985,0.3573051989078522,"{""income_binary"":0.29398971796035767,""civilian_at_work"":0.29395562410354614,""public_coverage"":0.4839703440666199}",0.2589808702468872,none; fixed final iterate,0.009903712198138237,1.0,0.009903712198138237,1.0,0.1,0.0,0.0,0.37727816216647625
beta_1,0,continuation,beta_1_C_persistent,55,4830,7770,0.3677632212638855,0.34122249484062195,"{""income_binary"":0.28167930245399475,""civilian_at_work"":0.2678072452545166,""public_coverage"":0.4741809666156769}",0.2654073238372803,"{""SEX"":0.6004591584205627,""RAC1P"":1.1072078943252563}",0.8606265783309937,0.3835485279560089,0.3579048216342926,"{""income_binary"":0.29579177498817444,""civilian_at_work"":0.29436635971069336,""public_coverage"":0.4835563600063324}",0.25643718242645264,none; fixed final iterate,0.010353685356676579,1.0,0.010353685356676579,1.0,0.1,0.0,0.0,0.3781169066205621
beta_1,0,continuation,beta_1_C_persistent,60,5040,8400,0.3652470111846924,0.3394574820995331,"{""income_binary"":0.27903854846954346,""civilian_at_work"":0.2656521797180176,""public_coverage"":0.47368165850639343}",0.25789520144462585,"{""SEX"":0.5842824578285217,""RAC1P"":1.097377896308899}",0.845158576965332,0.3814793825149536,0.3565804064273834,"{""income_binary"":0.29312148690223694,""civilian_at_work"":0.292323499917984,""public_coverage"":0.48429620265960693}",0.24898990988731384,none; fixed final iterate,0.010375063866376877,1.0,0.010375063866376877,1.0,0.1,0.0,0.0,0.37562207505106926
beta_1,0,continuation,beta_1_C_persistent,65,5250,9030,0.3641083240509033,0.3386100232601166,"{""income_binary"":0.2784477770328522,""civilian_at_work"":0.2634080648422241,""public_coverage"":0.4739742875099182}",0.2549828588962555,"{""SEX"":0.5862882733345032,""RAC1P"":1.105988621711731}",0.8499290943145752,0.3806944489479065,0.3560420274734497,"{""income_binary"":0.29336175322532654,""civilian_at_work"":0.2909491956233978,""public_coverage"":0.48381510376930237}",0.2465241402387619,none; fixed final iterate,0.009784619323909283,1.0,0.009784619323909283,1.0,0.1,0.0,0.0,0.3738929433748126
beta_1,0,continuation,beta_1_C_persistent,70,5460,9660,0.36224764585494995,0.33750391006469727,"{""income_binary"":0.27666619420051575,""civilian_at_work"":0.2634519636631012,""public_coverage"":0.47239354252815247}",0.2474375069141388,"{""SEX"":0.5773925185203552,""RAC1P"":1.0915151834487915}",0.8379237651824951,0.37902918457984924,0.35514864325523376,"{""income_binary"":0.2925061583518982,""civilian_at_work"":0.29068124294281006,""public_coverage"":0.4822584390640259}",0.2388053685426712,none; fixed final iterate,0.010566532611846924,1.0,0.010566532611846924,1.0,0.1,0.0,0.0,0.3728141784667969
beta_1,0,continuation,beta_1_C_persistent,75,5670,10290,0.36123690009117126,0.3368079364299774,"{""income_binary"":0.2762446999549866,""civilian_at_work"":0.2616349458694458,""public_coverage"":0.4725441336631775}",0.24428962171077728,"{""SEX"":0.5800788998603821,""RAC1P"":1.0897005796432495}",0.8391621708869934,0.377765417098999,0.35416460037231445,"{""income_binary"":0.2920985221862793,""civilian_at_work"":0.28888270258903503,""public_coverage"":0.4815126061439514}",0.23600813746452332,none; fixed final iterate,0.010128053836524487,1.0,0.010128053836524487,1.0,0.1,0.0,0.0,0.37136495392769575
beta_1,0,continuation,beta_1_C_persistent,80,5880,10920,0.360363245010376,0.33630475401878357,"{""income_binary"":0.2758933901786804,""civilian_at_work"":0.2607084810733795,""public_coverage"":0.472312331199646}",0.24058489501476288,"{""SEX"":0.5725770592689514,""RAC1P"":1.0825525522232056}",0.8309897184371948,0.3784709572792053,0.3551853895187378,"{""income_binary"":0.2921134829521179,""civilian_at_work"":0.2901592254638672,""public_coverage"":0.48328348994255066}",0.23285554349422455,none; fixed final iterate,0.010026485659182072,1.0,0.010026485659182072,1.0,0.1,0.0,0.0,0.37038973066955805
beta_1,0,continuation,beta_1_D_persistent,0,2520,840,0.3889120817184448,0.35550522804260254,"{""income_binary"":0.29839375615119934,""civilian_at_work"":0.28641223907470703,""public_coverage"":0.48170971870422363}",0.33406856656074524,"{""SEX"":0.635810136795044,""RAC1P"":1.1795896291732788}",0.914071798324585,0.3982769548892975,0.3650340139865875,"{""income_binary"":0.3079935908317566,""civilian_at_work"":0.3009204864501953,""public_coverage"":0.4861879348754883}",0.33242952823638916,none; fixed final iterate,0.012686438858509064,1.0,0.012686438858509064,1.0,0.1,-0.1,-0.0914071798324585,0.3101913407444954
beta_1,0,continuation,beta_1_D_persistent,5,2730,1470,0.3863008916378021,0.353670209646225,"{""income_binary"":0.29392826557159424,""civilian_at_work"":0.2863628566265106,""public_coverage"":0.4807194769382477}",0.32630687952041626,"{""SEX"":0.6307886838912964,""RAC1P"":1.173514485359192}",0.9081034660339355,0.39525800943374634,0.3629481792449951,"{""income_binary"":0.30271434783935547,""civilian_at_work"":0.3013935983181,""public_coverage"":0.48473653197288513}",0.323098361492157,none; fixed final iterate,0.012219025753438473,1.0,0.012219025753438473,1.0,0.1,-0.1,-0.09081034660339356,0.30770957078784705
beta_1,0,continuation,beta_1_D_persistent,10,2940,2100,0.3833043873310089,0.3513586223125458,"{""income_binary"":0.29183825850486755,""civilian_at_work"":0.2824862003326416,""public_coverage"":0.479751318693161}",0.3194575607776642,"{""SEX"":0.6359514594078064,""RAC1P"":1.165481686592102}",0.9087294340133667,0.3929157257080078,0.3613373339176178,"{""income_binary"":0.3004588186740875,""civilian_at_work"":0.2983265817165375,""public_coverage"":0.485226571559906}",0.3157839775085449,none; fixed final iterate,0.012509145773947239,1.0,0.012509145773947239,1.0,0.1,-0.1,-0.09087294340133667,0.3049405897036195
beta_1,0,continuation,beta_1_D_persistent,15,3150,2730,0.3798854947090149,0.3487943708896637,"{""income_binary"":0.2890058755874634,""civilian_at_work"":0.2788396179676056,""public_coverage"":0.4785376489162445}",0.3109111487865448,"{""SEX"":0.6221116781234741,""RAC1P"":1.161665678024292}",0.8972687721252441,0.3907422423362732,0.3601438105106354,"{""income_binary"":0.2992666959762573,""civilian_at_work"":0.29801860451698303,""public_coverage"":0.4831462502479553}",0.3059842884540558,none; fixed final iterate,0.012547504156827927,1.0,0.012547504156827927,1.0,0.1,-0.1,-0.08972687721252443,0.3027061216533184
beta_1,0,continuation,beta_1_D_persistent,20,3360,3360,0.3771105110645294,0.3468226492404938,"{""income_binary"":0.28573131561279297,""civilian_at_work"":0.2763422131538391,""public_coverage"":0.47839438915252686}",0.3028786778450012,"{""SEX"":0.620563268661499,""RAC1P"":1.148551344871521}",0.8910903930664062,0.38867005705833435,0.3589973449707031,"{""income_binary"":0.29656103253364563,""civilian_at_work"":0.29667922854423523,""public_coverage"":0.4837518036365509}",0.2967272400856018,none; fixed final iterate,0.012359526008367538,1.0,0.012359526008367538,1.0,0.1,-0.1,-0.08910903930664063,0.30036099776625635
beta_1,0,continuation,beta_1_D_persistent,25,3570,3990,0.37524834275245667,0.3457878530025482,"{""income_binary"":0.28593388199806213,""civilian_at_work"":0.2752836346626282,""public_coverage"":0.47614601254463196}",0.29460498690605164,"{""SEX"":0.6122328639030457,""RAC1P"":1.1421605348587036}",0.8826121091842651,0.3868492543697357,0.35812175273895264,"{""income_binary"":0.2962760031223297,""civilian_at_work"":0.295256644487381,""public_coverage"":0.48283258080482483}",0.2872750461101532,none; fixed final iterate,0.011034630239009857,1.0,0.011034630239009857,1.0,0.1,-0.1,-0.08826121091842652,0.29802176207304
beta_1,0,continuation,beta_1_D_persistent,30,3780,4620,0.3735109865665436,0.3445419371128082,"{""income_binary"":0.28347018361091614,""civilian_at_work"":0.27432888746261597,""public_coverage"":0.4758267104625702}",0.28969043493270874,"{""SEX"":0.6096152663230896,""RAC1P"":1.1396682262420654}",0.8797612190246582,0.38630908727645874,0.3581456243991852,"{""income_binary"":0.2943699061870575,""civilian_at_work"":0.29671046137809753,""public_coverage"":0.4833565056324005}",0.2816345691680908,none; fixed final iterate,0.011200600303709507,1.0,0.011200600303709507,1.0,0.1,-0.1,-0.08797612190246583,0.29673546496778724
beta_1,0,continuation,beta_1_D_persistent,35,3990,5250,0.3717835545539856,0.34332767128944397,"{""income_binary"":0.28338053822517395,""civilian_at_work"":0.27122557163238525,""public_coverage"":0.47537702322006226}",0.2845587432384491,"{""SEX"":0.6070009469985962,""RAC1P"":1.1288701295852661}",0.8737074136734009,0.3851655423641205,0.35755982995033264,"{""income_binary"":0.2957921028137207,""civilian_at_work"":0.2937506139278412,""public_coverage"":0.48313674330711365}",0.2760571837425232,none; fixed final iterate,0.01033755112439394,1.0,0.01033755112439394,1.0,0.1,-0.1,-0.08737074136734009,0.29475036431103946
beta_1,0,continuation,beta_1_D_persistent,40,4200,5880,0.3700343072414398,0.3419943153858185,"{""income_binary"":0.28185173869132996,""civilian_at_work"":0.26934728026390076,""public_coverage"":0.4747839570045471}",0.28040003776550293,"{""SEX"":0.6009762287139893,""RAC1P"":1.1195257902145386}",0.8657533526420593,0.3841022551059723,0.35694828629493713,"{""income_binary"":0.29413557052612305,""civilian_at_work"":0.2930091917514801,""public_coverage"":0.48370012640953064}",0.27153974771499634,none; fixed final iterate,0.01051112450659275,1.0,0.01051112450659275,1.0,0.1,-0.1,-0.08657533526420594,0.29397009648382666
beta_1,0,continuation,beta_1_D_persistent,45,4410,6510,0.3687770962715149,0.34124159812927246,"{""income_binary"":0.2794041037559509,""civilian_at_work"":0.2710922956466675,""public_coverage"":0.4732283651828766}",0.27535513043403625,"{""SEX"":0.6051952242851257,""RAC1P"":1.1159073114395142}",0.8674017786979675,0.3829914629459381,0.35634636878967285,"{""income_binary"":0.29296115040779114,""civilian_at_work"":0.2943922281265259,""public_coverage"":0.48168572783470154}",0.2664508521556854,none; fixed final iterate,0.011707693338394165,1.0,0.011707693338394165,1.0,0.1,-0.1,-0.08674017786979676,0.2937446117401123
beta_1,0,continuation,beta_1_D_persistent,50,4620,7140,0.3675072193145752,0.3405129015445709,"{""income_binary"":0.2803022265434265,""civilian_at_work"":0.2667407691478729,""public_coverage"":0.4744958281517029}",0.2699432075023651,"{""SEX"":0.5962014198303223,""RAC1P"":1.1172709465026855}",0.8614373207092285,0.3833910822868347,0.3572777509689331,"{""income_binary"":0.29389095306396484,""civilian_at_work"":0.2942604720592499,""public_coverage"":0.4836818277835846}",0.2611331641674042,none; fixed final iterate,0.010088983923196793,1.0,0.010088983923196793,1.0,0.1,-0.1,-0.08614373207092285,0.29145247116684914
beta_1,0,continuation,beta_1_D_persistent,55,4830,7770,0.3683365285396576,0.3413681983947754,"{""income_binary"":0.281983345746994,""civilian_at_work"":0.26777955889701843,""public_coverage"":0.4743417501449585}",0.26968318223953247,"{""SEX"":0.5997733473777771,""RAC1P"":1.1090490818023682}",0.860842227935791,0.38413485884666443,0.3580148220062256,"{""income_binary"":0.2957921028137207,""civilian_at_work"":0.2948327362537384,""public_coverage"":0.4834197163581848}",0.2612004280090332,none; fixed final iterate,0.010490579530596733,1.0,0.010490579530596733,1.0,0.1,-0.1,-0.08608422279357911,0.29274288527667525
beta_1,0,continuation,beta_1_D_persistent,60,5040,8400,0.3656262457370758,0.3395267426967621,"{""income_binary"":0.27924981713294983,""civilian_at_work"":0.2654823362827301,""public_coverage"":0.4738480746746063}",0.26099491119384766,"{""SEX"":0.5872784852981567,""RAC1P"":1.0998473167419434}",0.848273754119873,0.3818890154361725,0.35664644837379456,"{""income_binary"":0.2930901348590851,""civilian_at_work"":0.2925969064235687,""public_coverage"":0.484252393245697}",0.2524256706237793,none; fixed final iterate,0.010351651348173618,1.0,0.010351651348173618,1.0,0.1,-0.1,-0.08482737541198732,0.2911505216732621
beta_1,0,continuation,beta_1_D_persistent,65,5250,9030,0.36459577083587646,0.33871057629585266,"{""income_binary"":0.2785106897354126,""civilian_at_work"":0.2633538246154785,""public_coverage"":0.47426721453666687}",0.2588518559932709,"{""SEX"":0.5900824666023254,""RAC1P"":1.1060541868209839}",0.8526926040649414,0.3811197280883789,0.35604238510131836,"{""income_binary"":0.29337620735168457,""civilian_at_work"":0.2912001609802246,""public_coverage"":0.4835507273674011}",0.2507733106613159,none; fixed final iterate,0.009888841770589352,1.0,0.009888841770589352,1.0,0.1,-0.1,-0.08526926040649414,0.2892153521999717
beta_1,0,continuation,beta_1_D_persistent,70,5460,9660,0.36284133791923523,0.3376502990722656,"{""income_binary"":0.2768908739089966,""civilian_at_work"":0.2634325623512268,""public_coverage"":0.4726274609565735}",0.2519102990627289,"{""SEX"":0.5776634812355042,""RAC1P"":1.0938241481781006}",0.8390102982521057,0.37971583008766174,0.3553673028945923,"{""income_binary"":0.2925660014152527,""civilian_at_work"":0.2913772165775299,""public_coverage"":0.48215869069099426}",0.24348528683185577,none; fixed final iterate,0.010705122724175453,1.0,0.010705122724175453,1.0,0.1,-0.1,-0.08390102982521058,0.2896454308182001
beta_1,0,continuation,beta_1_D_persistent,75,5670,10290,0.36183449625968933,0.3369499146938324,"{""income_binary"":0.27635088562965393,""civilian_at_work"":0.261671781539917,""public_coverage"":0.4728270173072815}",0.24884574115276337,"{""SEX"":0.5810413360595703,""RAC1P"":1.0918612480163574}",0.8406906127929688,0.37814897298812866,0.3541048765182495,"{""income_binary"":0.2917386293411255,""civilian_at_work"":0.28913092613220215,""public_coverage"":0.4814450740814209}",0.24044100940227509,none; fixed final iterate,0.010271311737596989,1.0,0.010271311737596989,1.0,0.1,-0.1,-0.08406906127929688,0.28803674671798946
beta_1,0,continuation,beta_1_D_persistent,80,5880,10920,0.3607954978942871,0.33643102645874023,"{""income_binary"":0.27590233087539673,""civilian_at_work"":0.26078251004219055,""public_coverage"":0.4726082682609558}",0.24364477396011353,"{""SEX"":0.5744768381118774,""RAC1P"":1.0874632596969604}",0.8342558145523071,0.3788173198699951,0.3551918566226959,"{""income_binary"":0.29192474484443665,""civilian_at_work"":0.29060909152030945,""public_coverage"":0.4830417335033417}",0.23625463247299194,none; fixed final iterate,0.01015554927289486,1.0,0.01015554927289486,1.0,0.1,-0.1,-0.08342558145523071,0.28752546571195126
beta_1,1,warm_base,beta_1_W,0,0,0,0.8147183656692505,0.7118697166442871,"{""income_binary"":0.7249402403831482,""civilian_at_work"":0.6785551905632019,""public_coverage"":0.7321138381958008}",1.0284864902496338,,,0.8177812099456787,0.7159926295280457,"{""income_binary"":0.728021502494812,""civilian_at_work"":0.6855751872062683,""public_coverage"":0.7343810796737671}",1.0178860425949097,none; fixed final iterate,1.408707270842205e-15,1.0,1.408707270842205e-15,1.0,0.1,0.0,0.0,0.8147183656692519
beta_1,1,warm_base,beta_1_W,5,205,0,0.6020188927650452,0.5460575819015503,"{""income_binary"":0.5389060974121094,""civilian_at_work"":0.4817430078983307,""public_coverage"":0.6175236701965332}",0.5596131086349487,,,0.6047105193138123,0.5491431355476379,"{""income_binary"":0.5447800755500793,""civilian_at_work"":0.49451392889022827,""public_coverage"":0.6081353425979614}",0.5556740760803223,none; fixed final iterate,0.035982292145490646,1.0,0.035982292145490646,1.0,0.1,0.0,0.0,0.6380011849105358
beta_1,1,warm_base,beta_1_W,10,410,0,0.5272203683853149,0.47841107845306396,"{""income_binary"":0.45420002937316895,""civilian_at_work"":0.4044720530509949,""public_coverage"":0.5765611529350281}",0.4880926012992859,,,0.530080258846283,0.48150014877319336,"{""income_binary"":0.4597502648830414,""civilian_at_work"":0.42269226908683777,""public_coverage"":0.5620578527450562}",0.4858013689517975,none; fixed final iterate,0.040045641362667084,1.0,0.040045641362667084,1.0,0.1,0.0,0.0,0.567266009747982
beta_1,1,warm_base,beta_1_W,15,615,0,0.4881804287433624,0.44170913100242615,"{""income_binary"":0.4045473337173462,""civilian_at_work"":0.3661007285118103,""public_coverage"":0.5544793009757996}",0.46471288800239563,,,0.49132663011550903,0.4449916183948517,"{""income_binary"":0.4090048670768738,""civilian_at_work"":0.38824698328971863,""public_coverage"":0.5377230644226074}",0.4633500277996063,none; fixed final iterate,0.03758106753230095,1.0,0.03758106753230095,1.0,0.1,0.0,0.0,0.5257614962756634
beta_1,1,warm_base,beta_1_W,20,820,0,0.46148791909217834,0.4171461760997772,"{""income_binary"":0.3748945891857147,""civilian_at_work"":0.33895623683929443,""public_coverage"":0.5375876426696777}",0.44341742992401123,,,0.46582886576652527,0.4214915335178375,"{""income_binary"":0.37942227721214294,""civilian_at_work"":0.364330530166626,""public_coverage"":0.5207217931747437}",0.44337332248687744,none; fixed final iterate,0.035040587186813354,1.0,0.035040587186813354,1.0,0.1,0.0,0.0,0.4965285062789917
beta_1,1,warm_base,beta_1_W,25,1025,0,0.4462851285934448,0.40399470925331116,"{""income_binary"":0.3603019416332245,""civilian_at_work"":0.3245026767253876,""public_coverage"":0.527179479598999}",0.4229041337966919,,,0.45130982995033264,0.40889570116996765,"{""income_binary"":0.3643983006477356,""civilian_at_work"":0.352352112531662,""public_coverage"":0.5099366903305054}",0.42414119839668274,none; fixed final iterate,0.02804497443139553,1.0,0.02804497443139553,1.0,0.1,0.0,0.0,0.47433010302484035
beta_1,1,warm_base,beta_1_W,30,1230,0,0.43058598041534424,0.39001354575157166,"{""income_binary"":0.3419497013092041,""civilian_at_work"":0.3125770688056946,""public_coverage"":0.5155138373374939}",0.40572431683540344,,,0.4371683597564697,0.3962922990322113,"{""income_binary"":0.34667935967445374,""civilian_at_work"":0.34343796968460083,""public_coverage"":0.4987594783306122}",0.40876051783561707,none; fixed final iterate,0.02639419585466385,1.0,0.02639419585466385,1.0,0.1,0.0,0.0,0.4569801762700081
beta_1,1,warm_base,beta_1_W,35,1435,0,0.41929423809051514,0.38024795055389404,"{""income_binary"":0.3351888358592987,""civilian_at_work"":0.2999989092350006,""public_coverage"":0.5055561065673828}",0.3904629349708557,,,0.4270663559436798,0.3875463902950287,"{""income_binary"":0.3402077257633209,""civilian_at_work"":0.333564817905426,""public_coverage"":0.48886650800704956}",0.3951997458934784,none; fixed final iterate,0.02392614632844925,1.0,0.02392614632844925,1.0,0.1,0.0,0.0,0.4432203844189644
beta_1,1,warm_base,beta_1_W,40,1640,0,0.4119344651699066,0.37412092089653015,"{""income_binary"":0.32590043544769287,""civilian_at_work"":0.29632583260536194,""public_coverage"":0.5001364946365356}",0.3781353831291199,,,0.420818954706192,0.3823747932910919,"{""income_binary"":0.3312346637248993,""civilian_at_work"":0.3329104781150818,""public_coverage"":0.48297926783561707}",0.38444170355796814,none; fixed final iterate,0.02070114202797413,1.0,0.02070114202797413,1.0,0.1,0.0,0.0,0.43263560719788074
beta_1,1,warm_base,beta_1_W,45,1845,0,0.40470582246780396,0.3682125508785248,"{""income_binary"":0.31522810459136963,""civilian_at_work"":0.2911822497844696,""public_coverage"":0.4982272982597351}",0.3649325966835022,,,0.4149290919303894,0.3776533603668213,"{""income_binary"":0.3220791518688202,""civilian_at_work"":0.3295564651489258,""public_coverage"":0.4813244640827179}",0.37275731563568115,none; fixed final iterate,0.017807526513934135,1.0,0.017807526513934135,1.0,0.1,0.0,0.0,0.4225133489817381
beta_1,1,warm_base,beta_1_W,50,2050,0,0.3984048068523407,0.36301302909851074,"{""income_binary"":0.3091166913509369,""civilian_at_work"":0.28527751564979553,""public_coverage"":0.49464482069015503}",0.3539178669452667,,,0.409432977437973,0.3731953799724579,"{""income_binary"":0.3166522681713104,""civilian_at_work"":0.32421404123306274,""public_coverage"":0.4787198603153229}",0.36237597465515137,none; fixed final iterate,0.016385722905397415,1.0,0.016385722905397415,1.0,0.1,0.0,0.0,0.4147905297577381
beta_1,1,warm_base,beta_1_W,55,2255,0,0.3941338062286377,0.35964325070381165,"{""income_binary"":0.30737820267677307,""civilian_at_work"":0.2791019082069397,""public_coverage"":0.4924496114253998}",0.34490546584129333,,,0.4060411751270294,0.37066879868507385,"{""income_binary"":0.31468141078948975,""civilian_at_work"":0.3211095929145813,""public_coverage"":0.4762153923511505}",0.3537236750125885,none; fixed final iterate,0.01502915844321251,1.0,0.01502915844321251,1.0,0.1,0.0,0.0,0.4091629646718502
beta_1,1,warm_base,beta_1_W,60,2460,0,0.3898545503616333,0.3564184010028839,"{""income_binary"":0.2994578778743744,""civilian_at_work"":0.2796507179737091,""public_coverage"":0.4901466369628906}",0.33436140418052673,,,0.40285205841064453,0.3685707747936249,"{""income_binary"":0.307929664850235,""civilian_at_work"":0.3230644464492798,""public_coverage"":0.47471821308135986}",0.34281298518180847,none; fixed final iterate,0.013343601487576962,1.0,0.013343601487576962,1.0,0.1,0.0,0.0,0.40319815184921026
beta_1,1,warm_adversary,beta_1_W,0,2460,0,0.3898545503616333,0.3564184010028839,"{""income_binary"":0.2994578778743744,""civilian_at_work"":0.2796507179737091,""public_coverage"":0.4901466369628906}",0.33436140418052673,"{""SEX"":0.7015954256057739,""RAC1P"":2.155191421508789}",1.3516366481781006,0.40285205841064453,0.3685707747936249,"{""income_binary"":0.307929664850235,""civilian_at_work"":0.3230644464492798,""public_coverage"":0.47471821308135986}",0.34281298518180847,none; fixed final iterate,0.013343601487576962,0.0,0.0,1.0,0.1,0.0,0.0,0.3898545503616333
beta_1,1,warm_adversary,beta_1_W,5,2460,205,0.3898545503616333,0.3564184010028839,"{""income_binary"":0.2994578778743744,""civilian_at_work"":0.2796507179737091,""public_coverage"":0.4901466369628906}",0.33436140418052673,"{""SEX"":0.6490730047225952,""RAC1P"":1.2010152339935303}",0.9394922256469727,0.40285205841064453,0.3685707747936249,"{""income_binary"":0.307929664850235,""civilian_at_work"":0.3230644464492798,""public_coverage"":0.47471821308135986}",0.34281298518180847,none; fixed final iterate,0.013343601487576962,0.0,0.0,1.0,0.1,0.0,0.0,0.3898545503616333
beta_1,1,warm_adversary,beta_1_W,10,2460,410,0.3898545503616333,0.3564184010028839,"{""income_binary"":0.2994578778743744,""civilian_at_work"":0.2796507179737091,""public_coverage"":0.4901466369628906}",0.33436140418052673,"{""SEX"":0.6404172778129578,""RAC1P"":1.181205153465271}",0.9254755973815918,0.40285205841064453,0.3685707747936249,"{""income_binary"":0.307929664850235,""civilian_at_work"":0.3230644464492798,""public_coverage"":0.47471821308135986}",0.34281298518180847,none; fixed final iterate,0.013343601487576962,0.0,0.0,1.0,0.1,0.0,0.0,0.3898545503616333
beta_1,1,warm_adversary,beta_1_W,15,2460,615,0.3898545503616333,0.3564184010028839,"{""income_binary"":0.2994578778743744,""civilian_at_work"":0.2796507179737091,""public_coverage"":0.4901466369628906}",0.33436140418052673,"{""SEX"":0.6357743740081787,""RAC1P"":1.1746450662612915}",0.9195517897605896,0.40285205841064453,0.3685707747936249,"{""income_binary"":0.307929664850235,""civilian_at_work"":0.3230644464492798,""public_coverage"":0.47471821308135986}",0.34281298518180847,none; fixed final iterate,0.013343601487576962,0.0,0.0,1.0,0.1,0.0,0.0,0.3898545503616333
beta_1,1,warm_adversary,beta_1_W,20,2460,820,0.3898545503616333,0.3564184010028839,"{""income_binary"":0.2994578778743744,""civilian_at_work"":0.2796507179737091,""public_coverage"":0.4901466369628906}",0.33436140418052673,"{""SEX"":0.6309757828712463,""RAC1P"":1.1678519248962402}",0.9134243130683899,0.40285205841064453,0.3685707747936249,"{""income_binary"":0.307929664850235,""civilian_at_work"":0.3230644464492798,""public_coverage"":0.47471821308135986}",0.34281298518180847,none; fixed final iterate,0.013343601487576962,0.0,0.0,1.0,0.1,0.0,0.0,0.3898545503616333
beta_1,1,continuation,beta_1_C_warmup_only,0,2460,820,0.3898545503616333,0.3564184010028839,"{""income_binary"":0.2994578778743744,""civilian_at_work"":0.2796507179737091,""public_coverage"":0.4901466369628906}",0.33436140418052673,"{""SEX"":0.6309757828712463,""RAC1P"":1.1678519248962402}",0.9134243130683899,0.40285205841064453,0.3685707747936249,"{""income_binary"":0.307929664850235,""civilian_at_work"":0.3230644464492798,""public_coverage"":0.47471821308135986}",0.34281298518180847,none; fixed final iterate,0.013343601487576962,0.0,0.0,1.0,0.1,0.0,0.0,0.3898545503616333
beta_1,1,continuation,beta_1_C_warmup_only,5,2665,1435,0.3620968759059906,0.3339357376098633,"{""income_binary"":0.27351588010787964,""civilian_at_work"":0.25071290135383606,""public_coverage"":0.47757840156555176}",0.2816113829612732,"{""SEX"":0.6249666213989258,""RAC1P"":1.1597583293914795}",0.9059129953384399,0.38280797004699707,0.3542163372039795,"{""income_binary"":0.2865980863571167,""civilian_at_work"":0.3083314299583435,""public_coverage"":0.46771949529647827}",0.28591617941856384,none; fixed final iterate,0.3251115083694458,0.0,0.0,1.0,0.1,0.0,0.0,0.3620968759059906
beta_1,1,continuation,beta_1_C_warmup_only,10,2870,2050,0.3546442985534668,0.33028480410575867,"{""income_binary"":0.2707196772098541,""civilian_at_work"":0.24690797924995422,""public_coverage"":0.47322675585746765}",0.24359486997127533,"{""SEX"":0.6164208054542542,""RAC1P"":1.1505733728408813}",0.8961430191993713,0.38068196177482605,0.3560306131839752,"{""income_binary"":0.2874701917171478,""civilian_at_work"":0.31248366832733154,""public_coverage"":0.4681379497051239}",0.24651356041431427,none; fixed final iterate,0.47732236981391907,0.0,0.0,1.0,0.1,0.0,0.0,0.3546442985534668
beta_1,1,continuation,beta_1_C_warmup_only,15,3075,2665,0.349328875541687,0.32885709404945374,"{""income_binary"":0.2700555920600891,""civilian_at_work"":0.24559397995471954,""public_coverage"":0.47092169523239136}",0.20471768081188202,"{""SEX"":0.6089049577713013,""RAC1P"":1.1428664922714233}",0.8876960277557373,0.378773033618927,0.35795339941978455,"{""income_binary"":0.2894023656845093,""civilian_at_work"":0.31563180685043335,""public_coverage"":0.4688259959220886}",0.2081964761018753,none; fixed final iterate,0.6508681178092957,0.0,0.0,1.0,0.1,0.0,0.0,0.349328875541687
beta_1,1,continuation,beta_1_C_warmup_only,20,3280,3280,0.3443831503391266,0.3269747495651245,"{""income_binary"":0.2687113285064697,""civilian_at_work"":0.24357539415359497,""public_coverage"":0.46863749623298645}",0.17408408224582672,"{""SEX"":0.6019321084022522,""RAC1P"":1.1355938911437988}",0.8798112869262695,0.3750012218952179,0.3571339547634125,"{""income_binary"":0.2884323000907898,""civilian_at_work"":0.3138870596885681,""public_coverage"":0.4690825045108795}",0.17867277562618256,none; fixed final iterate,0.7830584645271301,0.0,0.0,1.0,0.1,0.0,0.0,0.3443831503391266
beta_1,1,continuation,beta_1_C_warmup_only,25,3485,3895,0.3406396210193634,0.3256954848766327,"{""income_binary"":0.26854315400123596,""civilian_at_work"":0.24153074622154236,""public_coverage"":0.467012494802475}",0.14944137632846832,"{""SEX"":0.5956386923789978,""RAC1P"":1.1293126344680786}",0.8728057146072388,0.37414345145225525,0.35853317379951477,"{""income_binary"":0.28937089443206787,""civilian_at_work"":0.31661003828048706,""public_coverage"":0.46961861848831177}",0.1561027318239212,none; fixed final iterate,0.9095878005027771,0.0,0.0,1.0,0.1,0.0,0.0,0.3406396210193634
beta_1,1,continuation,beta_1_C_warmup_only,30,3690,4510,0.33726051449775696,0.32402193546295166,"{""income_binary"":0.26691389083862305,""civilian_at_work"":0.24007749557495117,""public_coverage"":0.46507444977760315}",0.132385715842247,"{""SEX"":0.5889199376106262,""RAC1P"":1.1243137121200562}",0.8659961223602295,0.3742619752883911,0.3602387607097626,"{""income_binary"":0.2897520661354065,""civilian_at_work"":0.32012632489204407,""public_coverage"":0.47083786129951477}",0.14023227989673615,none; fixed final iterate,1.0323452949523926,0.0,0.0,1.0,0.1,0.0,0.0,0.33726051449775696
beta_1,1,continuation,beta_1_C_warmup_only,35,3895,5125,0.33482128381729126,0.3227919638156891,"{""income_binary"":0.26635900139808655,""civilian_at_work"":0.2390051782131195,""public_coverage"":0.4630117118358612}",0.1202932670712471,"{""SEX"":0.5882624983787537,""RAC1P"":1.1194530725479126}",0.8636152744293213,0.37446311116218567,0.36161717772483826,"{""income_binary"":0.2911052405834198,""civilian_at_work"":0.32166460156440735,""public_coverage"":0.47208163142204285}",0.12845945358276367,none; fixed final iterate,1.1084647178649902,0.0,0.0,1.0,0.1,0.0,0.0,0.33482128381729126
beta_1,1,continuation,beta_1_C_warmup_only,40,4100,5740,0.3326842486858368,0.3216346204280853,"{""income_binary"":0.2655660808086395,""civilian_at_work"":0.2378261238336563,""public_coverage"":0.46151161193847656}",0.11049622297286987,"{""SEX"":0.57939213514328,""RAC1P"":1.1138598918914795}",0.8550196886062622,0.3739003539085388,0.3619782030582428,"{""income_binary"":0.29025501012802124,""civilian_at_work"":0.3241712152957916,""public_coverage"":0.4715083837509155}",0.11922158300876617,none; fixed final iterate,1.196370005607605,0.0,0.0,1.0,0.1,0.0,0.0,0.3326842486858368
beta_1,1,continuation,beta_1_C_warmup_only,45,4305,6355,0.33059781789779663,0.3203129768371582,"{""income_binary"":0.2647630274295807,""civilian_at_work"":0.2358236014842987,""public_coverage"":0.4603523015975952}",0.10284845530986786,"{""SEX"":0.5764592289924622,""RAC1P"":1.1134599447250366}",0.8527461290359497,0.3727235198020935,0.36146602034568787,"{""income_binary"":0.288950115442276,""civilian_at_work"":0.3250919282436371,""public_coverage"":0.4703560471534729}",0.11257488280534744,none; fixed final iterate,1.271722674369812,0.0,0.0,1.0,0.1,0.0,0.0,0.33059781789779663
beta_1,1,continuation,beta_1_C_warmup_only,50,4510,6970,0.33035528659820557,0.32087936997413635,"{""income_binary"":0.26443371176719666,""civilian_at_work"":0.2388712763786316,""public_coverage"":0.459333211183548}",0.09475910663604736,"{""SEX"":0.5702164173126221,""RAC1P"":1.1036149263381958}",0.8443793058395386,0.374715656042099,0.3642359673976898,"{""income_binary"":0.2903250455856323,""civilian_at_work"":0.3296271562576294,""public_coverage"":0.4727556109428406}",0.10479693859815598,none; fixed final iterate,1.3404147624969482,0.0,0.0,1.0,0.1,0.0,0.0,0.33035528659820557
beta_1,1,continuation,beta_1_C_warmup_only,55,4715,7585,0.3275904655456543,0.3188609778881073,"{""income_binary"":0.2641379237174988,""civilian_at_work"":0.23434683680534363,""public_coverage"":0.4580981731414795}",0.08729497343301773,"{""SEX"":0.5664382576942444,""RAC1P"":1.0975059270858765}",0.8392566442489624,0.37329399585723877,0.36351242661476135,"{""income_binary"":0.290701299905777,""civilian_at_work"":0.32620668411254883,""public_coverage"":0.473629355430603}",0.09781574457883835,none; fixed final iterate,1.383935570716858,0.0,0.0,1.0,0.1,0.0,0.0,0.3275904655456543
beta_1,1,continuation,beta_1_C_warmup_only,60,4920,8200,0.32633957266807556,0.31822600960731506,"{""income_binary"":0.2636428475379944,""civilian_at_work"":0.234283909201622,""public_coverage"":0.4567512273788452}",0.0811355859041214,"{""SEX"":0.559151828289032,""RAC1P"":1.0913680791854858}",0.8315906524658203,0.37539103627204895,0.3661874234676361,"{""income_binary"":0.2914336621761322,""civilian_at_work"":0.3328392207622528,""public_coverage"":0.47428932785987854}",0.09203621000051498,none; fixed final iterate,1.4442909955978394,0.0,0.0,1.0,0.1,0.0,0.0,0.32633957266807556
beta_1,1,continuation,beta_1_C_warmup_only,65,5125,8815,0.32491642236709595,0.31725072860717773,"{""income_binary"":0.2636246681213379,""civilian_at_work"":0.23218819499015808,""public_coverage"":0.4559393525123596}",0.07665692269802094,"{""SEX"":0.5639711618423462,""RAC1P"":1.0888843536376953}",0.8340946435928345,0.374686598777771,0.3659772574901581,"{""income_binary"":0.29284048080444336,""civilian_at_work"":0.32957929372787476,""public_coverage"":0.47551193833351135}",0.0870933085680008,none; fixed final iterate,1.495147943496704,0.0,0.0,1.0,0.1,0.0,0.0,0.32491642236709595
beta_1,1,continuation,beta_1_C_warmup_only,70,5330,9430,0.3234781324863434,0.31615883111953735,"{""income_binary"":0.2627999186515808,""civilian_at_work"":0.2314671277999878,""public_coverage"":0.45420944690704346}",0.07319293916225433,"{""SEX"":0.5587376356124878,""RAC1P"":1.0851244926452637}",0.8288428783416748,0.3761034607887268,0.3677612245082855,"{""income_binary"":0.29279226064682007,""civilian_at_work"":0.3340916931629181,""public_coverage"":0.4763997197151184}",0.0834222212433815,none; fixed final iterate,1.5321255922317505,0.0,0.0,1.0,0.1,0.0,0.0,0.3234781324863434
beta_1,1,continuation,beta_1_C_warmup_only,75,5535,10045,0.3233371376991272,0.3163245618343353,"{""income_binary"":0.2625405192375183,""civilian_at_work"":0.2332836240530014,""public_coverage"":0.4531494975090027}",0.07012582570314407,"{""SEX"":0.5505075454711914,""RAC1P"":1.080450177192688}",0.8210698366165161,0.3780871629714966,0.3700564205646515,"{""income_binary"":0.2940842807292938,""civilian_at_work"":0.33893439173698425,""public_coverage"":0.4771505892276764}",0.08030742406845093,none; fixed final iterate,1.5810189247131348,0.0,0.0,1.0,0.1,0.0,0.0,0.3233371376991272
beta_1,1,continuation,beta_1_C_warmup_only,80,5740,10660,0.32174307107925415,0.31496021151542664,"{""income_binary"":0.26216641068458557,""civilian_at_work"":0.22969339787960052,""public_coverage"":0.4530208110809326}",0.0678284615278244,"{""SEX"":0.5514034628868103,""RAC1P"":1.0856246948242188}",0.8237459659576416,0.37768086791038513,0.3699134886264801,"{""income_binary"":0.2948125898838043,""civilian_at_work"":0.33637934923171997,""public_coverage"":0.4785485565662384}",0.07767370343208313,none; fixed final iterate,1.655961513519287,0.0,0.0,1.0,0.1,0.0,0.0,0.32174307107925415
beta_1,1,continuation,beta_1_D_warmup_only,0,2460,820,0.3898545503616333,0.3564184010028839,"{""income_binary"":0.2994578778743744,""civilian_at_work"":0.2796507179737091,""public_coverage"":0.4901466369628906}",0.33436140418052673,"{""SEX"":0.6309757828712463,""RAC1P"":1.1678519248962402}",0.9134243130683899,0.40285205841064453,0.3685707747936249,"{""income_binary"":0.307929664850235,""civilian_at_work"":0.3230644464492798,""public_coverage"":0.47471821308135986}",0.34281298518180847,none; fixed final iterate,0.013343601487576962,0.0,0.0,1.0,0.1,-0.1,-0.091342431306839,0.2985121190547943
beta_1,1,continuation,beta_1_D_warmup_only,5,2665,1435,0.362278014421463,0.33390238881111145,"{""income_binary"":0.27366241812705994,""civilian_at_work"":0.25058606266975403,""public_coverage"":0.4774587154388428}",0.2837562561035156,"{""SEX"":0.6326079964637756,""RAC1P"":1.166205644607544}",0.9139565825462341,0.3830481767654419,0.35432204604148865,"{""income_binary"":0.2867889404296875,""civilian_at_work"":0.30829060077667236,""public_coverage"":0.4678865373134613}",0.2872612178325653,none; fixed final iterate,0.3478925824165344,0.0,0.0,1.0,0.1,-0.1,-0.09139565825462342,0.2708823561668396
beta_1,1,continuation,beta_1_D_warmup_only,10,2870,2050,0.35488563776016235,0.33025500178337097,"{""income_binary"":0.27084073424339294,""civilian_at_work"":0.24675096571445465,""public_coverage"":0.4731732904911041}",0.24630649387836456,"{""SEX"":0.6224089860916138,""RAC1P"":1.1577304601669312}",0.9032717943191528,0.3810383081436157,0.3562195301055908,"{""income_binary"":0.28768685460090637,""civilian_at_work"":0.312650203704834,""public_coverage"":0.4683215022087097}",0.24818766117095947,none; fixed final iterate,0.5223450064659119,0.0,0.0,1.0,0.1,-0.1,-0.09032717943191529,0.2645584583282471
beta_1,1,continuation,beta_1_D_warmup_only,15,3075,2665,0.3498563766479492,0.32883837819099426,"{""income_binary"":0.270225465297699,""civilian_at_work"":0.2456699162721634,""public_coverage"":0.4706197679042816}",0.21017999947071075,"{""SEX"":0.6159334778785706,""RAC1P"":1.150311827659607}",0.8956887125968933,0.37931597232818604,0.3580191135406494,"{""income_binary"":0.28951597213745117,""civilian_at_work"":0.3156963884830475,""public_coverage"":0.4688449800014496}",0.21296873688697815,none; fixed final iterate,0.7261331081390381,0.0,0.0,1.0,0.1,-0.1,-0.08956887125968933,0.2602875053882599
beta_1,1,continuation,beta_1_D_warmup_only,20,3280,3280,0.3453439474105835,0.3268738090991974,"{""income_binary"":0.26883578300476074,""civilian_at_work"":0.24356946349143982,""public_coverage"":0.4682161211967468}",0.1847013235092163,"{""SEX"":0.6099624037742615,""RAC1P"":1.144521713256836}",0.889108419418335,0.37599581480026245,0.35721707344055176,"{""income_binary"":0.2885727286338806,""civilian_at_work"":0.31389084458351135,""public_coverage"":0.4691876769065857}",0.18778741359710693,none; fixed final iterate,0.92764812707901,0.0,0.0,1.0,0.1,-0.1,-0.0889108419418335,0.25643310546875
beta_1,1,continuation,beta_1_D_warmup_only,25,3485,3895,0.3417983651161194,0.32562991976737976,"{""income_binary"":0.2686733305454254,""civilian_at_work"":0.2417151927947998,""public_coverage"":0.46650126576423645}",0.16168446838855743,"{""SEX"":0.6049291491508484,""RAC1P"":1.1393307447433472}",0.8834398984909058,0.37516406178474426,0.35854995250701904,"{""income_binary"":0.28928735852241516,""civilian_at_work"":0.31643232703208923,""public_coverage"":0.46993014216423035}",0.16614118218421936,none; fixed final iterate,1.1368426084518433,0.0,0.0,1.0,0.1,-0.1,-0.08834398984909059,0.2534543752670288
beta_1,1,continuation,beta_1_D_warmup_only,30,3690,4510,0.3381258547306061,0.32409992814064026,"{""income_binary"":0.26697084307670593,""civilian_at_work"":0.240212082862854,""public_coverage"":0.4651168882846832}",0.14025932550430298,"{""SEX"":0.5993625521659851,""RAC1P"":1.1371220350265503}",0.8785561919212341,0.37487950921058655,0.36027756333351135,"{""income_binary"":0.28981515765190125,""civilian_at_work"":0.31939345598220825,""public_coverage"":0.47162413597106934}",0.14601942896842957,none; fixed final iterate,1.3858921527862549,0.0,0.0,1.0,0.1,-0.1,-0.08785561919212342,0.25027023553848265
beta_1,1,continuation,beta_1_D_warmup_only,35,3895,5125,0.335204154253006,0.32270440459251404,"{""income_binary"":0.26634809374809265,""civilian_at_work"":0.23882560431957245,""public_coverage"":0.4629395604133606}",0.12499760091304779,"{""SEX"":0.5975844860076904,""RAC1P"":1.1331578493118286}",0.8757181167602539,0.3748004734516144,0.3616766929626465,"{""income_binary"":0.29120078682899475,""civilian_at_work"":0.3210497200489044,""public_coverage"":0.47277963161468506}",0.1312376707792282,none; fixed final iterate,1.4866070747375488,0.0,0.0,1.0,0.1,-0.1,-0.0875718116760254,0.24763234257698058
beta_1,1,continuation,beta_1_D_warmup_only,40,4100,5740,0.33295533061027527,0.3215210735797882,"{""income_binary"":0.26545119285583496,""civilian_at_work"":0.23790568113327026,""public_coverage"":0.4612063765525818}",0.11434265971183777,"{""SEX"":0.5948991775512695,""RAC1P"":1.1279189586639404}",0.8717254400253296,0.37424996495246887,0.36216115951538086,"{""income_binary"":0.29025742411613464,""civilian_at_work"":0.3242238461971283,""public_coverage"":0.47200217843055725}",0.12088794261217117,none; fixed final iterate,1.5411698818206787,0.0,0.0,1.0,0.1,-0.1,-0.08717254400253296,0.2457827866077423
beta_1,1,continuation,beta_1_D_warmup_only,45,4305,6355,0.3310284912586212,0.32024267315864563,"{""income_binary"":0.26480138301849365,""civilian_at_work"":0.23594056069850922,""public_coverage"":0.45998603105545044}",0.10785830020904541,"{""SEX"":0.5919617414474487,""RAC1P"":1.1305664777755737}",0.8706437945365906,0.3729681670665741,0.3615152835845947,"{""income_binary"":0.2890631854534149,""civilian_at_work"":0.3249042332172394,""public_coverage"":0.4705784320831299}",0.11452896147966385,none; fixed final iterate,1.6392394304275513,0.0,0.0,1.0,0.1,-0.1,-0.08706437945365907,0.24396411180496214
beta_1,1,continuation,beta_1_D_warmup_only,50,4510,6970,0.33107835054397583,0.32087942957878113,"{""income_binary"":0.26448681950569153,""civilian_at_work"":0.23932619392871857,""public_coverage"":0.4588252604007721}",0.10198915749788284,"{""SEX"":0.5893627405166626,""RAC1P"":1.1233381032943726}",0.8659330606460571,0.37583938241004944,0.36495932936668396,"{""income_binary"":0.29094305634498596,""civilian_at_work"":0.3304351270198822,""public_coverage"":0.4734998345375061}",0.10880056023597717,none; fixed final iterate,1.739488959312439,0.0,0.0,1.0,0.1,-0.1,-0.08659330606460572,0.2444850444793701
beta_1,1,continuation,beta_1_D_warmup_only,55,4715,7585,0.3284236788749695,0.3186711072921753,"{""income_binary"":0.2639337182044983,""civilian_at_work"":0.2341221570968628,""public_coverage"":0.4579574167728424}",0.09752558916807175,"{""SEX"":0.5922825932502747,""RAC1P"":1.1192275285720825}",0.8664281368255615,0.374441921710968,0.36398908495903015,"{""income_binary"":0.2909850776195526,""civilian_at_work"":0.326537549495697,""public_coverage"":0.4744446277618408}",0.10452837496995926,none; fixed final iterate,1.9285715818405151,0.0,0.0,1.0,0.1,-0.1,-0.08664281368255616,0.24178086519241332
beta_1,1,continuation,beta_1_D_warmup_only,60,4920,8200,0.32755061984062195,0.3179706037044525,"{""income_binary"":0.2636568248271942,""civilian_at_work"":0.233827605843544,""public_coverage"":0.4564273953437805}",0.09580012410879135,"{""SEX"":0.5850363969802856,""RAC1P"":1.117267370223999}",0.8604296445846558,0.3771422207355499,0.3668229579925537,"{""income_binary"":0.29163673520088196,""civilian_at_work"":0.33339276909828186,""public_coverage"":0.4754393398761749}",0.1031925305724144,none; fixed final iterate,2.0531978607177734,0.0,0.0,1.0,0.1,-0.1,-0.08604296445846558,0.24150765538215635
beta_1,1,continuation,beta_1_D_warmup_only,65,5125,8815,0.32622721791267395,0.3169160783290863,"{""income_binary"":0.26353979110717773,""civilian_at_work"":0.23166988790035248,""public_coverage"":0.4555385112762451}",0.09311127662658691,"{""SEX"":0.5905575156211853,""RAC1P"":1.1154448986053467}",0.8636995553970337,0.3772943317890167,0.3672623634338379,"{""income_binary"":0.29342547059059143,""civilian_at_work"":0.33144092559814453,""public_coverage"":0.4769207537174225}",0.10031968355178833,none; fixed final iterate,2.2298169136047363,0.0,0.0,1.0,0.1,-0.1,-0.08636995553970338,0.23985726237297056
beta_1,1,continuation,beta_1_D_warmup_only,70,5330,9430,0.3253026604652405,0.31596818566322327,"{""income_binary"":0.26277434825897217,""civilian_at_work"":0.2310967594385147,""public_coverage"":0.45403343439102173}",0.09334477037191391,"{""SEX"":0.5955550670623779,""RAC1P"":1.1217985153198242}",0.8697982430458069,0.3793317377567291,0.36927685141563416,"{""income_binary"":0.29358768463134766,""civilian_at_work"":0.33579587936401367,""public_coverage"":0.4784470200538635}",0.10054878145456314,none; fixed final iterate,2.3407363891601562,0.0,0.0,1.0,0.1,-0.1,-0.08697982430458069,0.2383228361606598
beta_1,1,continuation,beta_1_D_warmup_only,75,5535,10045,0.3251247704029083,0.3162059783935547,"{""income_binary"":0.2625634968280792,""civilian_at_work"":0.23307059705257416,""public_coverage"":0.45298388600349426}",0.08918796479701996,"{""SEX"":0.5892525911331177,""RAC1P"":1.1170649528503418}",0.8633931279182434,0.3816404342651367,0.372018963098526,"{""income_binary"":0.29533448815345764,""civilian_at_work"":0.34149110317230225,""public_coverage"":0.47923141717910767}",0.09621458500623703,none; fixed final iterate,2.4385170936584473,0.0,0.0,1.0,0.1,-0.1,-0.08633931279182434,0.238785457611084
beta_1,1,continuation,beta_1_D_warmup_only,80,5740,10660,0.323388934135437,0.3148494064807892,"{""income_binary"":0.26213619112968445,""civilian_at_work"":0.22921955585479736,""public_coverage"":0.45319247245788574}",0.08539518713951111,"{""SEX"":0.5903360843658447,""RAC1P"":1.1209291219711304}",0.8656907081604004,0.3808329403400421,0.37154436111450195,"{""income_binary"":0.29604804515838623,""civilian_at_work"":0.33802422881126404,""public_coverage"":0.4805607795715332}",0.09288567304611206,none; fixed final iterate,2.6088128089904785,0.0,0.0,1.0,0.1,-0.1,-0.08656907081604004,0.23681986331939697
beta_1,1,continuation,beta_1_C_persistent,0,2460,820,0.3898545503616333,0.3564184010028839,"{""income_binary"":0.2994578778743744,""civilian_at_work"":0.2796507179737091,""public_coverage"":0.4901466369628906}",0.33436140418052673,"{""SEX"":0.6309757828712463,""RAC1P"":1.1678519248962402}",0.9134243130683899,0.40285205841064453,0.3685707747936249,"{""income_binary"":0.307929664850235,""civilian_at_work"":0.3230644464492798,""public_coverage"":0.47471821308135986}",0.34281298518180847,none; fixed final iterate,0.013343601487576962,1.0,0.013343601487576962,1.0,0.1,0.0,0.0,0.40319815184921026
beta_1,1,continuation,beta_1_C_persistent,5,2665,1435,0.38542187213897705,0.3529091775417328,"{""income_binary"":0.29438817501068115,""civilian_at_work"":0.2741332948207855,""public_coverage"":0.4902060031890869}",0.32512709498405457,"{""SEX"":0.6269568800926208,""RAC1P"":1.1608554124832153}",0.9077796936035156,0.39907318353652954,0.3657246530056,"{""income_binary"":0.303303599357605,""civilian_at_work"":0.31912145018577576,""public_coverage"":0.47474879026412964}",0.3334854543209076,none; fixed final iterate,0.013683822005987167,1.0,0.013683822005987167,1.0,0.1,0.0,0.0,0.3991056941449642
beta_1,1,continuation,beta_1_C_persistent,10,2870,2050,0.38271287083625793,0.35115525126457214,"{""income_binary"":0.29079583287239075,""civilian_at_work"":0.27365249395370483,""public_coverage"":0.4890173375606537}",0.31557610630989075,"{""SEX"":0.6203622817993164,""RAC1P"":1.1516798734664917}",0.8994215726852417,0.39739373326301575,0.3650979995727539,"{""income_binary"":0.3005934953689575,""civilian_at_work"":0.3202277421951294,""public_coverage"":0.4744727909564972}",0.32295745611190796,none; fixed final iterate,0.012838446535170078,1.0,0.012838446535170078,1.0,0.1,0.0,0.0,0.395551317371428
beta_1,1,continuation,beta_1_C_persistent,15,3075,2665,0.3796021342277527,0.3490734398365021,"{""income_binary"":0.28873997926712036,""civilian_at_work"":0.27127477526664734,""public_coverage"":0.4872056543827057}",0.30528706312179565,"{""SEX"":0.612808346748352,""RAC1P"":1.1453226804733276}",0.8914765119552612,0.3950871229171753,0.3638862073421478,"{""income_binary"":0.29930052161216736,""civilian_at_work"":0.3200148940086365,""public_coverage"":0.47234320640563965}",0.31200915575027466,none; fixed final iterate,0.012957707047462463,1.0,0.012957707047462463,1.0,0.1,0.0,0.0,0.39255984127521515
beta_1,1,continuation,beta_1_C_persistent,20,3280,3280,0.3766777515411377,0.34672868251800537,"{""income_binary"":0.28602439165115356,""civilian_at_work"":0.2664419412612915,""public_coverage"":0.48771974444389343}",0.29949069023132324,"{""SEX"":0.6084848046302795,""RAC1P"":1.1390734910964966}",0.8859051465988159,0.391968697309494,0.3614741861820221,"{""income_binary"":0.2967150807380676,""civilian_at_work"":0.31483426690101624,""public_coverage"":0.47287315130233765}",0.30494505167007446,none; fixed final iterate,0.012494745664298534,1.0,0.012494745664298534,1.0,0.1,0.0,0.0,0.38917249720543623
beta_1,1,continuation,beta_1_C_persistent,25,3485,3895,0.37454912066459656,0.34545454382896423,"{""income_binary"":0.2830050587654114,""civilian_at_work"":0.2674604654312134,""public_coverage"":0.48589804768562317}",0.29094573855400085,"{""SEX"":0.6030246019363403,""RAC1P"":1.1331210136413574}",0.8796298503875732,0.3911106288433075,0.3615357577800751,"{""income_binary"":0.29417183995246887,""civilian_at_work"":0.3191084563732147,""public_coverage"":0.47132694721221924}",0.2957488000392914,none; fixed final iterate,0.01161190029233694,1.0,0.01161190029233694,1.0,0.1,0.0,0.0,0.3861610209569335
beta_1,1,continuation,beta_1_C_persistent,30,3690,4510,0.3727969229221344,0.34447479248046875,"{""income_binary"":0.28367239236831665,""civilian_at_work"":0.26321855187416077,""public_coverage"":0.48653340339660645}",0.28322142362594604,"{""SEX"":0.5967801213264465,""RAC1P"":1.129837155342102}",0.8738352060317993,0.39100751280784607,0.362239271402359,"{""income_binary"":0.295820415019989,""civilian_at_work"":0.31808796525001526,""public_coverage"":0.47280949354171753}",0.28768229484558105,none; fixed final iterate,0.011161175556480885,1.0,0.011161175556480885,1.0,0.1,0.0,0.0,0.3839580984786153
beta_1,1,continuation,beta_1_C_persistent,35,3895,5125,0.37084585428237915,0.34319642186164856,"{""income_binary"":0.2809669077396393,""civilian_at_work"":0.26297521591186523,""public_coverage"":0.48564717173576355}",0.2764943242073059,"{""SEX"":0.594774067401886,""RAC1P"":1.1255457401275635}",0.8707042932510376,0.3897482454776764,0.3616715371608734,"{""income_binary"":0.2938196659088135,""civilian_at_work"":0.3190455734729767,""public_coverage"":0.47214940190315247}",0.28076696395874023,none; fixed final iterate,0.011174601502716541,1.0,0.011174601502716541,1.0,0.1,0.0,0.0,0.3820204557850957
beta_1,1,continuation,beta_1_C_persistent,40,4100,5740,0.3688919246196747,0.34176769852638245,"{""income_binary"":0.2800307869911194,""civilian_at_work"":0.2593929171562195,""public_coverage"":0.4858793616294861}",0.2712422013282776,"{""SEX"":0.596138060092926,""RAC1P"":1.1185307502746582}",0.8689373731613159,0.38787445425987244,0.36037030816078186,"{""income_binary"":0.29288288950920105,""civilian_at_work"":0.3161735534667969,""public_coverage"":0.47205448150634766}",0.27504149079322815,none; fixed final iterate,0.01106420811265707,1.0,0.01106420811265707,1.0,0.1,0.0,0.0,0.37995613273233175
beta_1,1,continuation,beta_1_C_persistent,45,4305,6355,0.36713528633117676,0.3403746783733368,"{""income_binary"":0.2780018448829651,""civilian_at_work"":0.25721123814582825,""public_coverage"":0.4859108626842499}",0.2676059305667877,"{""SEX"":0.5898726582527161,""RAC1P"":1.1210482120513916}",0.8654029369354248,0.38629043102264404,0.35920071601867676,"{""income_binary"":0.2909010350704193,""civilian_at_work"":0.3155520260334015,""public_coverage"":0.47114914655685425}",0.2708972990512848,none; fixed final iterate,0.01093410886824131,1.0,0.01093410886824131,1.0,0.1,0.0,0.0,0.37806939519941807
beta_1,1,continuation,beta_1_C_persistent,50,4510,6970,0.3662196397781372,0.340279221534729,"{""income_binary"":0.27812543511390686,""civilian_at_work"":0.25771448016166687,""public_coverage"":0.4849977195262909}",0.25940433144569397,"{""SEX"":0.580362856388092,""RAC1P"":1.1090208292007446}",0.8538223505020142,0.38642996549606323,0.3600861728191376,"{""income_binary"":0.29187631607055664,""civilian_at_work"":0.31731003522872925,""public_coverage"":0.47107213735580444}",0.2634378671646118,none; fixed final iterate,0.010875998996198177,1.0,0.010875998996198177,1.0,0.1,0.0,0.0,0.3770956387743354
beta_1,1,continuation,beta_1_C_persistent,55,4715,7585,0.3645612299442291,0.3389408588409424,"{""income_binary"":0.2772136628627777,""civilian_at_work"":0.25455954670906067,""public_coverage"":0.48504936695098877}",0.25620368123054504,"{""SEX"":0.5811211466789246,""RAC1P"":1.1035757064819336}",0.8522340059280396,0.3859584331512451,0.3598971664905548,"{""income_binary"":0.2919321358203888,""civilian_at_work"":0.3157893717288971,""public_coverage"":0.47196999192237854}",0.260612815618515,none; fixed final iterate,0.010929637588560581,1.0,0.010929637588560581,1.0,0.1,0.0,0.0,0.3754908675327897
beta_1,1,continuation,beta_1_C_persistent,60,4920,8200,0.3634800910949707,0.3383151590824127,"{""income_binary"":0.27615049481391907,""civilian_at_work"":0.25509512424468994,""public_coverage"":0.48369988799095154}",0.2516493797302246,"{""SEX"":0.5735013484954834,""RAC1P"":1.0983760356903076}",0.8446953296661377,0.38629597425460815,0.360650897026062,"{""income_binary"":0.29079073667526245,""civilian_at_work"":0.3205987811088562,""public_coverage"":0.47056320309638977}",0.2564506530761719,none; fixed final iterate,0.010967569425702095,1.0,0.010967569425702095,1.0,0.1,0.0,0.0,0.3744476605206728
beta_1,1,continuation,beta_1_C_persistent,65,5125,8815,0.36237555742263794,0.33799758553504944,"{""income_binary"":0.27605268359184265,""civilian_at_work"":0.2539522349834442,""public_coverage"":0.48398786783218384}",0.24377979338169098,"{""SEX"":0.5725606083869934,""RAC1P"":1.0937305688858032}",0.8421944379806519,0.3850703239440918,0.3601979911327362,"{""income_binary"":0.29132989048957825,""civilian_at_work"":0.31816133856773376,""public_coverage"":0.47110268473625183}",0.2487233281135559,none; fixed final iterate,0.010082104243338108,1.0,0.010082104243338108,1.0,0.1,0.0,0.0,0.37245766166597605
beta_1,1,continuation,beta_1_C_persistent,70,5330,9430,0.36077073216438293,0.33716297149658203,"{""income_binary"":0.2749263644218445,""civilian_at_work"":0.25243571400642395,""public_coverage"":0.4841267466545105}",0.23607757687568665,"{""SEX"":0.5713353157043457,""RAC1P"":1.091803789138794}",0.840554416179657,0.384195476770401,0.3600497543811798,"{""income_binary"":0.2901879549026489,""civilian_at_work"":0.3186247944831848,""public_coverage"":0.4713365137577057}",0.24145710468292236,none; fixed final iterate,0.010272008366882801,1.0,0.010272008366882801,1.0,0.1,0.0,0.0,0.37104274053126574
beta_1,1,continuation,beta_1_C_persistent,75,5535,10045,0.3592500388622284,0.3362759053707123,"{""income_binary"":0.27353352308273315,""civilian_at_work"":0.251815527677536,""public_coverage"":0.4834786057472229}",0.22974132001399994,"{""SEX"":0.5656750798225403,""RAC1P"":1.0881099700927734}",0.8350206613540649,0.3841031491756439,0.3605286180973053,"{""income_binary"":0.2905026078224182,""civilian_at_work"":0.3191583454608917,""public_coverage"":0.47192493081092834}",0.23574531078338623,none; fixed final iterate,0.010542231611907482,1.0,0.010542231611907482,1.0,0.1,0.0,0.0,0.3697922704741359
beta_1,1,continuation,beta_1_C_persistent,80,5740,10660,0.35841819643974304,0.3356475830078125,"{""income_binary"":0.2724250853061676,""civilian_at_work"":0.25081053376197815,""public_coverage"":0.48370710015296936}",0.22770626842975616,"{""SEX"":0.5637924671173096,""RAC1P"":1.0872020721435547}",0.833305835723877,0.3837951123714447,0.3603886663913727,"{""income_binary"":0.2901138365268707,""civilian_at_work"":0.31896936893463135,""public_coverage"":0.47208285331726074}",0.23406454920768738,none; fixed final iterate,0.01084048766642809,1.0,0.01084048766642809,1.0,0.1,0.0,0.0,0.36925868410617113
beta_1,1,continuation,beta_1_D_persistent,0,2460,820,0.3898545503616333,0.3564184010028839,"{""income_binary"":0.2994578778743744,""civilian_at_work"":0.2796507179737091,""public_coverage"":0.4901466369628906}",0.33436140418052673,"{""SEX"":0.6309757828712463,""RAC1P"":1.1678519248962402}",0.9134243130683899,0.40285205841064453,0.3685707747936249,"{""income_binary"":0.307929664850235,""civilian_at_work"":0.3230644464492798,""public_coverage"":0.47471821308135986}",0.34281298518180847,none; fixed final iterate,0.013343601487576962,1.0,0.013343601487576962,1.0,0.1,-0.1,-0.091342431306839,0.31185572054237126
beta_1,1,continuation,beta_1_D_persistent,5,2665,1435,0.3854842185974121,0.3528333008289337,"{""income_binary"":0.29415836930274963,""civilian_at_work"":0.2741260528564453,""public_coverage"":0.490215539932251}",0.326509028673172,"{""SEX"":0.629280149936676,""RAC1P"":1.1620104312896729}",0.9099094271659851,0.3991888165473938,0.36571624875068665,"{""income_binary"":0.30308201909065247,""civilian_at_work"":0.31926363706588745,""public_coverage"":0.4748031198978424}",0.3347255289554596,none; fixed final iterate,0.013757671229541302,1.0,0.013757671229541302,1.0,0.1,-0.1,-0.09099094271659852,0.3082509471103549
beta_1,1,continuation,beta_1_D_persistent,10,2870,2050,0.3828943073749542,0.3511674702167511,"{""income_binary"":0.29092657566070557,""civilian_at_work"":0.2735743522644043,""public_coverage"":0.48900148272514343}",0.31726837158203125,"{""SEX"":0.6233235597610474,""RAC1P"":1.152976632118225}",0.9020673632621765,0.3976423740386963,0.3652017116546631,"{""income_binary"":0.30076485872268677,""civilian_at_work"":0.3203003406524658,""public_coverage"":0.4745398759841919}",0.3244066536426544,none; fixed final iterate,0.012860207818448544,1.0,0.012860207818448544,1.0,0.1,-0.1,-0.09020673632621766,0.3055477788671851
beta_1,1,continuation,beta_1_D_persistent,15,3075,2665,0.3797723352909088,0.34909787774086,"{""income_binary"":0.2887600362300873,""civilian_at_work"":0.27128809690475464,""public_coverage"":0.48724550008773804}",0.30674463510513306,"{""SEX"":0.6162472367286682,""RAC1P"":1.146480679512024}",0.8944125175476074,0.39525675773620605,0.36393436789512634,"{""income_binary"":0.29931676387786865,""civilian_at_work"":0.32007595896720886,""public_coverage"":0.4724103510379791}",0.3132239282131195,none; fixed final iterate,0.012884778901934624,1.0,0.012884778901934624,1.0,0.1,-0.1,-0.08944125175476075,0.3032158624380827
beta_1,1,continuation,beta_1_D_persistent,20,3280,3280,0.37692520022392273,0.3468382656574249,"{""income_binary"":0.2861613929271698,""civilian_at_work"":0.2664856016635895,""public_coverage"":0.4878678321838379}",0.30086931586265564,"{""SEX"":0.6119396686553955,""RAC1P"":1.1404781341552734}",0.8889495134353638,0.3922232985496521,0.36163029074668884,"{""income_binary"":0.29684317111968994,""civilian_at_work"":0.3149327337741852,""public_coverage"":0.473114937543869}",0.30593010783195496,none; fixed final iterate,0.012475233525037766,1.0,0.012475233525037766,1.0,0.1,-0.1,-0.08889495134353638,0.30050548240542413
beta_1,1,continuation,beta_1_D_persistent,25,3485,3895,0.37489017844200134,0.34564515948295593,"{""income_binary"":0.28321585059165955,""civilian_at_work"":0.2676713168621063,""public_coverage"":0.48604831099510193}",0.2924501597881317,"{""SEX"":0.6071706414222717,""RAC1P"":1.1342697143554688}",0.8830726146697998,0.39135798811912537,0.36165356636047363,"{""income_binary"":0.2942720949649811,""civilian_at_work"":0.3192984461784363,""public_coverage"":0.47139012813568115}",0.2970442473888397,none; fixed final iterate,0.011516854166984558,1.0,0.011516854166984558,1.0,0.1,-0.1,-0.08830726146697998,0.2980997711420059
beta_1,1,continuation,beta_1_D_persistent,30,3690,4510,0.3730933964252472,0.34461942315101624,"{""income_binary"":0.2840633988380432,""civilian_at_work"":0.2630501091480255,""public_coverage"":0.4867447316646576}",0.28473961353302,"{""SEX"":0.6005411744117737,""RAC1P"":1.1311583518981934}",0.8770678043365479,0.3913149833679199,0.36241447925567627,"{""income_binary"":0.2962370216846466,""civilian_at_work"":0.3180193305015564,""public_coverage"":0.4729870855808258}",0.2890050411224365,none; fixed final iterate,0.011019354686141014,1.0,0.011019354686141014,1.0,0.1,-0.1,-0.08770678043365479,0.29640597067773344
beta_1,1,continuation,beta_1_D_persistent,35,3895,5125,0.37121298909187317,0.3433596193790436,"{""income_binary"":0.2808762788772583,""civilian_at_work"":0.26326432824134827,""public_coverage"":0.48593828082084656}",0.2785336971282959,"{""SEX"":0.599169135093689,""RAC1P"":1.126480221748352}",0.8742427825927734,0.39025989174842834,0.3619717061519623,"{""income_binary"":0.2937721610069275,""civilian_at_work"":0.319563627243042,""public_coverage"":0.4725792706012726}",0.28288179636001587,none; fixed final iterate,0.011294987984001637,1.0,0.011294987984001637,1.0,0.1,-0.1,-0.08742427825927734,0.29508369881659746
beta_1,1,continuation,beta_1_D_persistent,40,4100,5740,0.36927109956741333,0.3418811857700348,"{""income_binary"":0.2799937129020691,""civilian_at_work"":0.259496808052063,""public_coverage"":0.4861530065536499}",0.27389928698539734,"{""SEX"":0.5995652675628662,""RAC1P"":1.1206121444702148}",0.872227132320404,0.3883795738220215,0.3606172502040863,"{""income_binary"":0.2928582727909088,""civilian_at_work"":0.316640704870224,""public_coverage"":0.4723527729511261}",0.27762332558631897,none; fixed final iterate,0.011103605851531029,1.0,0.011103605851531029,1.0,0.1,-0.1,-0.08722271323204041,0.29315199218690396
beta_1,1,continuation,beta_1_D_persistent,45,4305,6355,0.36759695410728455,0.3406182527542114,"{""income_binary"":0.27806684374809265,""civilian_at_work"":0.25758683681488037,""public_coverage"":0.48620107769966125}",0.2697870433330536,"{""SEX"":0.5955390334129333,""RAC1P"":1.1222013235092163}",0.86994469165802,0.3869333863258362,0.3596239387989044,"{""income_binary"":0.29107579588890076,""civilian_at_work"":0.31634271144866943,""public_coverage"":0.47145330905914307}",0.27309450507164,none; fixed final iterate,0.011058386415243149,1.0,0.011058386415243149,1.0,0.1,-0.1,-0.086994469165802,0.2916608713567257
beta_1,1,continuation,beta_1_D_persistent,50,4510,6970,0.36657458543777466,0.34042802453041077,"{""income_binary"":0.2783948481082916,""civilian_at_work"":0.25767114758491516,""public_coverage"":0.4852181077003479}",0.26146557927131653,"{""SEX"":0.5870664119720459,""RAC1P"":1.1110382080078125}",0.8594516515731812,0.3869923949241638,0.36042746901512146,"{""income_binary"":0.2922493517398834,""civilian_at_work"":0.31767746806144714,""public_coverage"":0.47135552763938904}",0.2656491994857788,none; fixed final iterate,0.01087051723152399,1.0,0.01087051723152399,1.0,0.1,-0.1,-0.08594516515731812,0.29149993751198056
beta_1,1,continuation,beta_1_D_persistent,55,4715,7585,0.3651216924190521,0.339160680770874,"{""income_binary"":0.27741819620132446,""civilian_at_work"":0.2546151280403137,""public_coverage"":0.4854487180709839}",0.25961002707481384,"{""SEX"":0.5884025692939758,""RAC1P"":1.1068181991577148}",0.8587608337402344,0.3866395056247711,0.3602212369441986,"{""income_binary"":0.29218626022338867,""civilian_at_work"":0.31616926193237305,""public_coverage"":0.47230812907218933}",0.2641826272010803,none; fixed final iterate,0.011043968610465527,1.0,0.011043968610465527,1.0,0.1,-0.1,-0.08587608337402344,0.29028957765549424
beta_1,1,continuation,beta_1_D_persistent,60,4920,8200,0.36391153931617737,0.33856770396232605,"{""income_binary"":0.27647122740745544,""civilian_at_work"":0.2551438808441162,""public_coverage"":0.4840879738330841}",0.25343838334083557,"{""SEX"":0.5795966982841492,""RAC1P"":1.1013509035110474}",0.8502612113952637,0.3868764638900757,0.3610702455043793,"{""income_binary"":0.29125529527664185,""civilian_at_work"":0.32107728719711304,""public_coverage"":0.47087815403938293}",0.2580621838569641,none; fixed final iterate,0.01091675739735365,1.0,0.01091675739735365,1.0,0.1,-0.1,-0.08502612113952637,0.2898021755740047
beta_1,1,continuation,beta_1_D_persistent,65,5125,8815,0.36297598481178284,0.33827880024909973,"{""income_binary"":0.276244193315506,""civilian_at_work"":0.2543044090270996,""public_coverage"":0.484287828207016}",0.24697180092334747,"{""SEX"":0.5782515406608582,""RAC1P"":1.0958945751190186}",0.8471503257751465,0.38586410880088806,0.36065495014190674,"{""income_binary"":0.29179927706718445,""civilian_at_work"":0.3188186287879944,""public_coverage"":0.47134697437286377}",0.25209152698516846,none; fixed final iterate,0.010005980730056763,1.0,0.010005980730056763,1.0,0.1,-0.1,-0.08471503257751466,0.28826693296432493
beta_1,1,continuation,beta_1_D_persistent,70,5330,9430,0.3612949550151825,0.3374026119709015,"{""income_binary"":0.27525320649147034,""civilian_at_work"":0.252483069896698,""public_coverage"":0.48447155952453613}",0.2389233410358429,"{""SEX"":0.5773483514785767,""RAC1P"":1.0958573818206787}",0.8464839458465576,0.3850136399269104,0.3605668544769287,"{""income_binary"":0.29098573327064514,""civilian_at_work"":0.31901776790618896,""public_coverage"":0.4716970920562744}",0.24446798861026764,none; fixed final iterate,0.010295511223375797,1.0,0.010295511223375797,1.0,0.1,-0.1,-0.08464839458465577,0.2869420716539025
beta_1,1,continuation,beta_1_D_persistent,75,5535,10045,0.35978060960769653,0.33643782138824463,"{""income_binary"":0.27370813488960266,""civilian_at_work"":0.2517634928226471,""public_coverage"":0.4838418662548065}",0.23342789709568024,"{""SEX"":0.5737869143486023,""RAC1P"":1.0910357236862183}",0.8420225381851196,0.38479363918304443,0.360845685005188,"{""income_binary"":0.29088664054870605,""civilian_at_work"":0.3195425271987915,""public_coverage"":0.4721079170703888}",0.23947948217391968,none; fixed final iterate,0.010576527565717697,1.0,0.010576527565717697,1.0,0.1,-0.1,-0.08420225381851197,0.28615488335490225
beta_1,1,continuation,beta_1_D_persistent,80,5740,10660,0.359208345413208,0.33592724800109863,"{""income_binary"":0.2727336287498474,""civilian_at_work"":0.2508094608783722,""public_coverage"":0.4842385947704315}",0.232810840010643,"{""SEX"":0.5729818940162659,""RAC1P"":1.091627597808838}",0.8416736125946045,0.38484814763069153,0.36094316840171814,"{""income_binary"":0.290741890668869,""civilian_at_work"":0.31971079111099243,""public_coverage"":0.47237685322761536}",0.23904980719089508,none; fixed final iterate,0.010988377034664154,1.0,0.010988377034664154,1.0,0.1,-0.1,-0.08416736125946045,0.2860293611884117
beta_1,2,warm_base,beta_1_W,0,0,0,0.8149184584617615,0.7130289077758789,"{""income_binary"":0.71417236328125,""civilian_at_work"":0.7128317356109619,""public_coverage"":0.7120826840400696}",1.0188953876495361,,,0.8128551840782166,0.7131239771842957,"{""income_binary"":0.7137216925621033,""civilian_at_work"":0.7125829458236694,""public_coverage"":0.7130672335624695}",0.9973122477531433,none; fixed final iterate,1.726161772825079e-15,1.0,1.726161772825079e-15,1.0,0.1,0.0,0.0,0.8149184584617633
beta_1,2,warm_base,beta_1_W,5,210,0,0.6234546303749084,0.5686225295066833,"{""income_binary"":0.570963978767395,""civilian_at_work"":0.5333136320114136,""public_coverage"":0.6015900373458862}",0.5483211278915405,,,0.6252819895744324,0.5719664692878723,"{""income_binary"":0.579655647277832,""civilian_at_work"":0.5336217284202576,""public_coverage"":0.6026219725608826}",0.5331554412841797,none; fixed final iterate,0.023455910384655,1.0,0.023455910384655,1.0,0.1,0.0,0.0,0.6469105407595634
beta_1,2,warm_base,beta_1_W,10,420,0,0.5429727435112,0.4945434331893921,"{""income_binary"":0.4839850664138794,""civilian_at_work"":0.44069957733154297,""public_coverage"":0.5589456558227539}",0.4842929542064667,,,0.548084557056427,0.5010433793067932,"{""income_binary"":0.49994856119155884,""civilian_at_work"":0.44285109639167786,""public_coverage"":0.5603305101394653}",0.4704117774963379,none; fixed final iterate,0.02761896327137947,1.0,0.02761896327137947,1.0,0.1,0.0,0.0,0.5705917067825794
beta_1,2,warm_base,beta_1_W,15,630,0,0.49623119831085205,0.45023834705352783,"{""income_binary"":0.42489585280418396,""civilian_at_work"":0.39065128564834595,""public_coverage"":0.535167932510376}",0.45992863178253174,,,0.5036405920982361,0.45899391174316406,"{""income_binary"":0.44625169038772583,""civilian_at_work"":0.39391961693763733,""public_coverage"":0.5368103981018066}",0.44646674394607544,none; fixed final iterate,0.02783011645078659,1.0,0.02783011645078659,1.0,0.1,0.0,0.0,0.5240613147616386
beta_1,2,warm_base,beta_1_W,20,840,0,0.4676867127418518,0.4241153299808502,"{""income_binary"":0.38352319598197937,""civilian_at_work"":0.36632034182548523,""public_coverage"":0.5225024819374084}",0.43571385741233826,,,0.4770165979862213,0.43488654494285583,"{""income_binary"":0.4083206355571747,""civilian_at_work"":0.3720160722732544,""public_coverage"":0.5243228673934937}",0.42130059003829956,none; fixed final iterate,0.024564536288380623,1.0,0.024564536288380623,1.0,0.1,0.0,0.0,0.49225124903023243
beta_1,2,warm_base,beta_1_W,25,1050,0,0.4457913339138031,0.40452447533607483,"{""income_binary"":0.358974426984787,""civilian_at_work"":0.34489479660987854,""public_coverage"":0.5097042322158813}",0.41266870498657227,,,0.45630669593811035,0.4165163040161133,"{""income_binary"":0.3858857750892639,""civilian_at_work"":0.35143813490867615,""public_coverage"":0.5122249722480774}",0.3979038894176483,none; fixed final iterate,0.02291438728570938,1.0,0.02291438728570938,1.0,0.1,0.0,0.0,0.4687057211995125
beta_1,2,warm_base,beta_1_W,30,1260,0,0.43138328194618225,0.39182034134864807,"{""income_binary"":0.3427999019622803,""civilian_at_work"":0.33165767788887024,""public_coverage"":0.5010035037994385}",0.39562952518463135,,,0.44249454140663147,0.40438827872276306,"{""income_binary"":0.37097662687301636,""civilian_at_work"":0.33797869086265564,""public_coverage"":0.5042094588279724}",0.3810625374317169,none; fixed final iterate,0.020253656432032585,1.0,0.020253656432032585,1.0,0.1,0.0,0.0,0.45163693837821484
beta_1,2,warm_base,beta_1_W,35,1470,0,0.4195929169654846,0.3815431594848633,"{""income_binary"":0.3281804919242859,""civilian_at_work"":0.3211033344268799,""public_coverage"":0.4953456521034241}",0.3804974853992462,,,0.4321611523628235,0.39553582668304443,"{""income_binary"":0.3583156168460846,""civilian_at_work"":0.3293752074241638,""public_coverage"":0.4989165961742401}",0.366253137588501,none; fixed final iterate,0.018522188067436218,1.0,0.018522188067436218,1.0,0.1,0.0,0.0,0.43811510503292084
beta_1,2,warm_base,beta_1_W,40,1680,0,0.4114683270454407,0.3746689260005951,"{""income_binary"":0.3186906576156616,""civilian_at_work"":0.31504592299461365,""public_coverage"":0.49027019739151}",0.36799386143684387,,,0.4245792031288147,0.389189213514328,"{""income_binary"":0.349594384431839,""civilian_at_work"":0.323975145816803,""public_coverage"":0.49399808049201965}",0.3538999855518341,none; fixed final iterate,0.016418106853961945,1.0,0.016418106853961945,1.0,0.1,0.0,0.0,0.4278864338994026
beta_1,2,warm_base,beta_1_W,45,1890,0,0.40428075194358826,0.36843955516815186,"{""income_binary"":0.30575796961784363,""civilian_at_work"":0.3118869662284851,""public_coverage"":0.4876737892627716}",0.3584120571613312,,,0.41827502846717834,0.3837866485118866,"{""income_binary"":0.33782732486724854,""civilian_at_work"":0.3215368986129761,""public_coverage"":0.4919957220554352}",0.34488385915756226,none; fixed final iterate,0.015486402437090874,1.0,0.015486402437090874,1.0,0.1,0.0,0.0,0.41976715438067913
beta_1,2,warm_base,beta_1_W,50,2100,0,0.3982709050178528,0.36326563358306885,"{""income_binary"":0.3017491102218628,""civilian_at_work"":0.3030214011669159,""public_coverage"":0.48502635955810547}",0.3500528037548065,,,0.41259250044822693,0.37890657782554626,"{""income_binary"":0.33415740728378296,""civilian_at_work"":0.31345996260643005,""public_coverage"":0.4891023337841034}",0.3368592858314514,none; fixed final iterate,0.014086362905800343,1.0,0.014086362905800343,1.0,0.1,0.0,0.0,0.4123572679236531
beta_1,2,warm_base,beta_1_W,55,2310,0,0.39334550499916077,0.35914167761802673,"{""income_binary"":0.2932502031326294,""civilian_at_work"":0.3009174168109894,""public_coverage"":0.4832574725151062}",0.34203818440437317,,,0.4084272086620331,0.37555059790611267,"{""income_binary"":0.32706373929977417,""civilian_at_work"":0.3118654191493988,""public_coverage"":0.4877226650714874}",0.32876619696617126,none; fixed final iterate,0.013724487274885178,1.0,0.013724487274885178,1.0,0.1,0.0,0.0,0.40706999227404594
beta_1,2,warm_base,beta_1_W,60,2520,0,0.38872793316841125,0.3550722599029541,"{""income_binary"":0.28730958700180054,""civilian_at_work"":0.29633212089538574,""public_coverage"":0.481575071811676}",0.33655673265457153,,,0.40469157695770264,0.3723616600036621,"{""income_binary"":0.3223356008529663,""civilian_at_work"":0.308001846075058,""public_coverage"":0.4867475628852844}",0.32329922914505005,none; fixed final iterate,0.013818890787661076,1.0,0.013818890787661076,1.0,0.1,0.0,0.0,0.40254682395607233
beta_1,2,warm_adversary,beta_1_W,0,2520,0,0.38872793316841125,0.3550722599029541,"{""income_binary"":0.28730958700180054,""civilian_at_work"":0.29633212089538574,""public_coverage"":0.481575071811676}",0.33655673265457153,"{""SEX"":0.6967480778694153,""RAC1P"":2.253100872039795}",1.3721277713775635,0.40469157695770264,0.3723616600036621,"{""income_binary"":0.3223356008529663,""civilian_at_work"":0.308001846075058,""public_coverage"":0.4867475628852844}",0.32329922914505005,none; fixed final iterate,0.013818890787661076,0.0,0.0,1.0,0.1,0.0,0.0,0.38872793316841125
beta_1,2,warm_adversary,beta_1_W,5,2520,210,0.38872793316841125,0.3550722599029541,"{""income_binary"":0.28730958700180054,""civilian_at_work"":0.29633212089538574,""public_coverage"":0.481575071811676}",0.33655673265457153,"{""SEX"":0.6484581232070923,""RAC1P"":1.2153546810150146}",0.9369706511497498,0.40469157695770264,0.3723616600036621,"{""income_binary"":0.3223356008529663,""civilian_at_work"":0.308001846075058,""public_coverage"":0.4867475628852844}",0.32329922914505005,none; fixed final iterate,0.013818890787661076,0.0,0.0,1.0,0.1,0.0,0.0,0.38872793316841125
beta_1,2,warm_adversary,beta_1_W,10,2520,420,0.38872793316841125,0.3550722599029541,"{""income_binary"":0.28730958700180054,""civilian_at_work"":0.29633212089538574,""public_coverage"":0.481575071811676}",0.33655673265457153,"{""SEX"":0.6398609280586243,""RAC1P"":1.1925437450408936}",0.9219647645950317,0.40469157695770264,0.3723616600036621,"{""income_binary"":0.3223356008529663,""civilian_at_work"":0.308001846075058,""public_coverage"":0.4867475628852844}",0.32329922914505005,none; fixed final iterate,0.013818890787661076,0.0,0.0,1.0,0.1,0.0,0.0,0.38872793316841125
beta_1,2,warm_adversary,beta_1_W,15,2520,630,0.38872793316841125,0.3550722599029541,"{""income_binary"":0.28730958700180054,""civilian_at_work"":0.29633212089538574,""public_coverage"":0.481575071811676}",0.33655673265457153,"{""SEX"":0.6349602341651917,""RAC1P"":1.1830406188964844}",0.914760947227478,0.40469157695770264,0.3723616600036621,"{""income_binary"":0.3223356008529663,""civilian_at_work"":0.308001846075058,""public_coverage"":0.4867475628852844}",0.32329922914505005,none; fixed final iterate,0.013818890787661076,0.0,0.0,1.0,0.1,0.0,0.0,0.38872793316841125
beta_1,2,warm_adversary,beta_1_W,20,2520,840,0.38872793316841125,0.3550722599029541,"{""income_binary"":0.28730958700180054,""civilian_at_work"":0.29633212089538574,""public_coverage"":0.481575071811676}",0.33655673265457153,"{""SEX"":0.6310884952545166,""RAC1P"":1.1791342496871948}",0.9104588627815247,0.40469157695770264,0.3723616600036621,"{""income_binary"":0.3223356008529663,""civilian_at_work"":0.308001846075058,""public_coverage"":0.4867475628852844}",0.32329922914505005,none; fixed final iterate,0.013818890787661076,0.0,0.0,1.0,0.1,0.0,0.0,0.38872793316841125
beta_1,2,continuation,beta_1_C_warmup_only,0,2520,840,0.38872793316841125,0.3550722599029541,"{""income_binary"":0.28730958700180054,""civilian_at_work"":0.29633212089538574,""public_coverage"":0.481575071811676}",0.33655673265457153,"{""SEX"":0.6310884952545166,""RAC1P"":1.1791342496871948}",0.9104588627815247,0.40469157695770264,0.3723616600036621,"{""income_binary"":0.3223356008529663,""civilian_at_work"":0.308001846075058,""public_coverage"":0.4867475628852844}",0.32329922914505005,none; fixed final iterate,0.013818890787661076,0.0,0.0,1.0,0.1,0.0,0.0,0.38872793316841125
beta_1,2,continuation,beta_1_C_warmup_only,5,2730,1470,0.3627309203147888,0.33300939202308655,"{""income_binary"":0.2651326358318329,""civilian_at_work"":0.2660020887851715,""public_coverage"":0.46789345145225525}",0.29721537232398987,"{""SEX"":0.6233986616134644,""RAC1P"":1.170914888381958}",0.9017364978790283,0.3861798346042633,0.35780417919158936,"{""income_binary"":0.3074278235435486,""civilian_at_work"":0.2850465774536133,""public_coverage"":0.4809381067752838}",0.2837565541267395,none; fixed final iterate,0.2693377137184143,0.0,0.0,1.0,0.1,0.0,0.0,0.3627309203147888
beta_1,2,continuation,beta_1_C_warmup_only,10,2940,2100,0.356911838054657,0.33081674575805664,"{""income_binary"":0.26378771662712097,""civilian_at_work"":0.26418301463127136,""public_coverage"":0.4644795060157776}",0.2609509825706482,"{""SEX"":0.6208566427230835,""RAC1P"":1.164172887802124}",0.897300660610199,0.3828292489051819,0.3577199876308441,"{""income_binary"":0.30656081438064575,""civilian_at_work"":0.2852858603000641,""public_coverage"":0.4813132882118225}",0.25109249353408813,none; fixed final iterate,0.39551419019699097,0.0,0.0,1.0,0.1,0.0,0.0,0.356911838054657
beta_1,2,continuation,beta_1_C_warmup_only,15,3150,2730,0.3510354459285736,0.32923009991645813,"{""income_binary"":0.2620292007923126,""civilian_at_work"":0.2649569809436798,""public_coverage"":0.46070411801338196}",0.21805337071418762,"{""SEX"":0.6131724715232849,""RAC1P"":1.1575729846954346}",0.889207124710083,0.3793385624885559,0.35806456208229065,"{""income_binary"":0.30564895272254944,""civilian_at_work"":0.28787243366241455,""public_coverage"":0.4806724190711975}",0.21273986995220184,none; fixed final iterate,0.5285582542419434,0.0,0.0,1.0,0.1,0.0,0.0,0.3510354459285736
beta_1,2,continuation,beta_1_C_warmup_only,20,3360,3360,0.3438282310962677,0.326839804649353,"{""income_binary"":0.26108118891716003,""civilian_at_work"":0.2601296603679657,""public_coverage"":0.45930859446525574}",0.16988420486450195,"{""SEX"":0.6065865755081177,""RAC1P"":1.1581279039382935}",0.8846663236618042,0.37487855553627014,0.3578866720199585,"{""income_binary"":0.305759072303772,""civilian_at_work"":0.2865617275238037,""public_coverage"":0.4813392162322998}",0.1699189692735672,none; fixed final iterate,0.6595972776412964,0.0,0.0,1.0,0.1,0.0,0.0,0.3438282310962677
beta_1,2,continuation,beta_1_C_warmup_only,25,3570,3990,0.3394278883934021,0.3256978988647461,"{""income_binary"":0.26038986444473267,""civilian_at_work"":0.25910159945487976,""public_coverage"":0.45760223269462585}",0.137300044298172,"{""SEX"":0.6031994819641113,""RAC1P"":1.142898440361023}",0.8763464093208313,0.3737289309501648,0.35964730381965637,"{""income_binary"":0.3071443438529968,""civilian_at_work"":0.29013940691947937,""public_coverage"":0.4816582202911377}",0.14081628620624542,none; fixed final iterate,0.7808550596237183,0.0,0.0,1.0,0.1,0.0,0.0,0.3394278883934021
beta_1,2,continuation,beta_1_C_warmup_only,30,3780,4620,0.3364640176296234,0.32480961084365845,"{""income_binary"":0.2595732510089874,""civilian_at_work"":0.25938719511032104,""public_coverage"":0.4554683566093445}",0.11654408276081085,"{""SEX"":0.6003697514533997,""RAC1P"":1.134832501411438}",0.8711920976638794,0.37233221530914307,0.36011627316474915,"{""income_binary"":0.30689090490341187,""civilian_at_work"":0.2919485867023468,""public_coverage"":0.48150932788848877}",0.12215957045555115,none; fixed final iterate,0.8761006593704224,0.0,0.0,1.0,0.1,0.0,0.0,0.3364640176296234
beta_1,2,continuation,beta_1_C_warmup_only,35,3990,5250,0.3337700664997101,0.32345232367515564,"{""income_binary"":0.25916123390197754,""civilian_at_work"":0.25701573491096497,""public_coverage"":0.454179972410202}",0.10317742079496384,"{""SEX"":0.5900044441223145,""RAC1P"":1.1283754110336304}",0.8612179756164551,0.3720148205757141,0.3610517680644989,"{""income_binary"":0.309688001871109,""civilian_at_work"":0.2905800938606262,""public_coverage"":0.4828871190547943}",0.1096305325627327,none; fixed final iterate,0.9279296398162842,0.0,0.0,1.0,0.1,0.0,0.0,0.3337700664997101
beta_1,2,continuation,beta_1_C_warmup_only,40,4200,5880,0.3317938446998596,0.32257768511772156,"{""income_binary"":0.258659303188324,""civilian_at_work"":0.2565232813358307,""public_coverage"":0.45255041122436523}",0.09216159582138062,"{""SEX"":0.585736870765686,""RAC1P"":1.1289619207382202}",0.858363151550293,0.37008512020111084,0.3602408468723297,"{""income_binary"":0.30836620926856995,""civilian_at_work"":0.2895309627056122,""public_coverage"":0.48282545804977417}",0.09844286739826202,none; fixed final iterate,0.9870285987854004,0.0,0.0,1.0,0.1,0.0,0.0,0.3317938446998596
beta_1,2,continuation,beta_1_C_warmup_only,45,4410,6510,0.3306195139884949,0.3220284581184387,"{""income_binary"":0.25785031914711,""civilian_at_work"":0.2552087903022766,""public_coverage"":0.4530262351036072}",0.08591044694185257,"{""SEX"":0.5815315246582031,""RAC1P"":1.1276544332504272}",0.8548226356506348,0.37005680799484253,0.360851526260376,"{""income_binary"":0.3069099187850952,""civilian_at_work"":0.29171621799468994,""public_coverage"":0.48392850160598755}",0.09205275774002075,none; fixed final iterate,1.060671329498291,0.0,0.0,1.0,0.1,0.0,0.0,0.3306195139884949
beta_1,2,continuation,beta_1_C_warmup_only,50,4620,7140,0.32885071635246277,0.3207969665527344,"{""income_binary"":0.257659375667572,""civilian_at_work"":0.25390490889549255,""public_coverage"":0.45082664489746094}",0.0805375725030899,"{""SEX"":0.5770292282104492,""RAC1P"":1.1110055446624756}",0.8451501131057739,0.36851367354393005,0.3597821295261383,"{""income_binary"":0.3090149462223053,""civilian_at_work"":0.28901407122612,""public_coverage"":0.4813174605369568}",0.08731532096862793,none; fixed final iterate,1.1017537117004395,0.0,0.0,1.0,0.1,0.0,0.0,0.32885071635246277
beta_1,2,continuation,beta_1_C_warmup_only,55,4830,7770,0.3289530873298645,0.32119953632354736,"{""income_binary"":0.2573187053203583,""civilian_at_work"":0.2551453113555908,""public_coverage"":0.4511345326900482}",0.0775354653596878,"{""SEX"":0.5733867883682251,""RAC1P"":1.1054788827896118}",0.8403885364532471,0.3702978491783142,0.3619619905948639,"{""income_binary"":0.3089681565761566,""civilian_at_work"":0.29357001185417175,""public_coverage"":0.4833478033542633}",0.08335872739553452,none; fixed final iterate,1.1697349548339844,0.0,0.0,1.0,0.1,0.0,0.0,0.3289530873298645
beta_1,2,continuation,beta_1_C_warmup_only,60,5040,8400,0.32625076174736023,0.318987101316452,"{""income_binary"":0.2568252384662628,""civilian_at_work"":0.25160035490989685,""public_coverage"":0.448535680770874}",0.07263646274805069,"{""SEX"":0.5663745403289795,""RAC1P"":1.0972548723220825}",0.8321536779403687,0.3696361184120178,0.36173054575920105,"{""income_binary"":0.3089739680290222,""civilian_at_work"":0.2913910150527954,""public_coverage"":0.48482659459114075}",0.07905580848455429,none; fixed final iterate,1.1982561349868774,0.0,0.0,1.0,0.1,0.0,0.0,0.32625076174736023
beta_1,2,continuation,beta_1_C_warmup_only,65,5250,9030,0.32531505823135376,0.3184318542480469,"{""income_binary"":0.25627508759498596,""civilian_at_work"":0.25140058994293213,""public_coverage"":0.4476199448108673}",0.06883206218481064,"{""SEX"":0.5623831748962402,""RAC1P"":1.0909572839736938}",0.8268427848815918,0.36945316195487976,0.36193016171455383,"{""income_binary"":0.3097603917121887,""civilian_at_work"":0.2909737825393677,""public_coverage"":0.4850563704967499}",0.07523003220558167,none; fixed final iterate,1.2531095743179321,0.0,0.0,1.0,0.1,0.0,0.0,0.32531505823135376
beta_1,2,continuation,beta_1_C_warmup_only,70,5460,9660,0.32489609718322754,0.3182729184627533,"{""income_binary"":0.25607702136039734,""civilian_at_work"":0.2517146170139313,""public_coverage"":0.44702714681625366}",0.066231869161129,"{""SEX"":0.5576876401901245,""RAC1P"":1.089417576789856}",0.8228588104248047,0.37116602063179016,0.36392250657081604,"{""income_binary"":0.30986830592155457,""civilian_at_work"":0.2946661412715912,""public_coverage"":0.48723307251930237}",0.07243499904870987,none; fixed final iterate,1.2925161123275757,0.0,0.0,1.0,0.1,0.0,0.0,0.32489609718322754
beta_1,2,continuation,beta_1_C_warmup_only,75,5670,10290,0.3240460753440857,0.3176902234554291,"{""income_binary"":0.25580236315727234,""civilian_at_work"":0.25096261501312256,""public_coverage"":0.44630563259124756}",0.06355849653482437,"{""SEX"":0.5590200424194336,""RAC1P"":1.0816762447357178}",0.820834755897522,0.3713282644748688,0.36432135105133057,"{""income_binary"":0.31030359864234924,""civilian_at_work"":0.29488205909729004,""public_coverage"":0.4877784550189972}",0.07006921619176865,none; fixed final iterate,1.3277051448822021,0.0,0.0,1.0,0.1,0.0,0.0,0.3240460753440857
beta_1,2,continuation,beta_1_C_warmup_only,80,5880,10920,0.3257759213447571,0.31960630416870117,"{""income_binary"":0.2564243674278259,""civilian_at_work"":0.25412002205848694,""public_coverage"":0.44827449321746826}",0.061696238815784454,"{""SEX"":0.5540897250175476,""RAC1P"":1.0754544734954834}",0.8148752450942993,0.3754289448261261,0.3686416447162628,"{""income_binary"":0.3125617504119873,""civilian_at_work"":0.3013000786304474,""public_coverage"":0.49206316471099854}",0.06787310540676117,none; fixed final iterate,1.4016238451004028,0.0,0.0,1.0,0.1,0.0,0.0,0.3257759213447571
beta_1,2,continuation,beta_1_D_warmup_only,0,2520,840,0.38872793316841125,0.3550722599029541,"{""income_binary"":0.28730958700180054,""civilian_at_work"":0.29633212089538574,""public_coverage"":0.481575071811676}",0.33655673265457153,"{""SEX"":0.6310884952545166,""RAC1P"":1.1791342496871948}",0.9104588627815247,0.40469157695770264,0.3723616600036621,"{""income_binary"":0.3223356008529663,""civilian_at_work"":0.308001846075058,""public_coverage"":0.4867475628852844}",0.32329922914505005,none; fixed final iterate,0.013818890787661076,0.0,0.0,1.0,0.1,-0.1,-0.09104588627815247,0.2976820468902588
beta_1,2,continuation,beta_1_D_warmup_only,5,2730,1470,0.3627726137638092,0.3329842984676361,"{""income_binary"":0.2651321291923523,""civilian_at_work"":0.2660073935985565,""public_coverage"":0.4678134322166443}",0.29788321256637573,"{""SEX"":0.6270086765289307,""RAC1P"":1.1782211065292358}",0.9071611166000366,0.3862098753452301,0.35776951909065247,"{""income_binary"":0.3073756694793701,""civilian_at_work"":0.2851518392562866,""public_coverage"":0.48078110814094543}",0.2844035029411316,none; fixed final iterate,0.2906283140182495,0.0,0.0,1.0,0.1,-0.1,-0.09071611166000366,0.27205650210380555
beta_1,2,continuation,beta_1_D_warmup_only,10,2940,2100,0.3567298650741577,0.33091363310813904,"{""income_binary"":0.2638091742992401,""civilian_at_work"":0.26437506079673767,""public_coverage"":0.46455660462379456}",0.25816240906715393,"{""SEX"":0.6240849494934082,""RAC1P"":1.1766252517700195}",0.9044346809387207,0.3827822506427765,0.3579452335834503,"{""income_binary"":0.3065667748451233,""civilian_at_work"":0.2859482169151306,""public_coverage"":0.48132073879241943}",0.24837009608745575,none; fixed final iterate,0.4286641478538513,0.0,0.0,1.0,0.1,-0.1,-0.09044346809387208,0.26628639698028567
beta_1,2,continuation,beta_1_D_warmup_only,15,3150,2730,0.35023072361946106,0.32928916811943054,"{""income_binary"":0.26217401027679443,""civilian_at_work"":0.2652530074119568,""public_coverage"":0.4604404866695404}",0.20941568911075592,"{""SEX"":0.6170939207077026,""RAC1P"":1.163967490196228}",0.8945048451423645,0.3788180947303772,0.3584449291229248,"{""income_binary"":0.30598363280296326,""civilian_at_work"":0.28879255056381226,""public_coverage"":0.4805586636066437}",0.20373158156871796,none; fixed final iterate,0.5780603885650635,0.0,0.0,1.0,0.1,-0.1,-0.08945048451423646,0.26078023910522463
beta_1,2,continuation,beta_1_D_warmup_only,20,3360,3360,0.34260594844818115,0.32682132720947266,"{""income_binary"":0.26125410199165344,""civilian_at_work"":0.260148823261261,""public_coverage"":0.45906105637550354}",0.15784619748592377,"{""SEX"":0.6120034456253052,""RAC1P"":1.1650186777114868}",0.8912351131439209,0.3738648593425751,0.3582476079463959,"{""income_binary"":0.3054657578468323,""civilian_at_work"":0.2872634530067444,""public_coverage"":0.4820135533809662}",0.1561724990606308,none; fixed final iterate,0.7124882340431213,0.0,0.0,1.0,0.1,-0.1,-0.0891235113143921,0.25348243713378904
beta_1,2,continuation,beta_1_D_warmup_only,25,3570,3990,0.3378857672214508,0.3256969749927521,"{""income_binary"":0.2606617212295532,""civilian_at_work"":0.2591221034526825,""public_coverage"":0.4573070704936981}",0.12188789248466492,"{""SEX"":0.6090880632400513,""RAC1P"":1.1507529020309448}",0.8836275339126587,0.3725500702857971,0.3601287305355072,"{""income_binary"":0.30663806200027466,""civilian_at_work"":0.2909781336784363,""public_coverage"":0.4827699065208435}",0.12421335279941559,none; fixed final iterate,0.8331956267356873,0.0,0.0,1.0,0.1,-0.1,-0.08836275339126587,0.24952301383018494
beta_1,2,continuation,beta_1_D_warmup_only,30,3780,4620,0.33505159616470337,0.3246252238750458,"{""income_binary"":0.25972098112106323,""civilian_at_work"":0.25909361243247986,""public_coverage"":0.45506104826927185}",0.10426373779773712,"{""SEX"":0.608350396156311,""RAC1P"":1.142734169960022}",0.8800019025802612,0.3712146580219269,0.36032840609550476,"{""income_binary"":0.3062065839767456,""civilian_at_work"":0.29191720485687256,""public_coverage"":0.48286139965057373}",0.10886242985725403,none; fixed final iterate,0.9252449870109558,0.0,0.0,1.0,0.1,-0.1,-0.08800019025802613,0.24705140590667723
beta_1,2,continuation,beta_1_D_warmup_only,35,3990,5250,0.3327988088130951,0.32328128814697266,"{""income_binary"":0.2594502568244934,""civilian_at_work"":0.2569732069969177,""public_coverage"":0.4534204304218292}",0.09517515450716019,"{""SEX"":0.5995303392410278,""RAC1P"":1.1366374492645264}",0.8712823390960693,0.3714674413204193,0.36140573024749756,"{""income_binary"":0.30892354249954224,""civilian_at_work"":0.29109007120132446,""public_coverage"":0.4842035472393036}",0.10061697661876678,none; fixed final iterate,0.9590299129486084,0.0,0.0,1.0,0.1,-0.1,-0.08712823390960694,0.24567057490348815
beta_1,2,continuation,beta_1_D_warmup_only,40,4200,5880,0.3311597406864166,0.32237887382507324,"{""income_binary"":0.25883516669273376,""civilian_at_work"":0.2564195394515991,""public_coverage"":0.45188188552856445}",0.08780872076749802,"{""SEX"":0.5968173146247864,""RAC1P"":1.1376127004623413}",0.8696998357772827,0.3699277639389038,0.36065974831581116,"{""income_binary"":0.3074478209018707,""civilian_at_work"":0.28993237018585205,""public_coverage"":0.48459914326667786}",0.09268002957105637,none; fixed final iterate,1.0085707902908325,0.0,0.0,1.0,0.1,-0.1,-0.08696998357772828,0.24418975710868834
beta_1,2,continuation,beta_1_D_warmup_only,45,4410,6510,0.3301689624786377,0.321758508682251,"{""income_binary"":0.2580077648162842,""civilian_at_work"":0.25517791509628296,""public_coverage"":0.4520898461341858}",0.08410454541444778,"{""SEX"":0.5955986380577087,""RAC1P"":1.131812572479248}",0.8665826320648193,0.37053757905960083,0.3616317808628082,"{""income_binary"":0.306371808052063,""civilian_at_work"":0.29232901334762573,""public_coverage"":0.48619455099105835}",0.0890580341219902,none; fixed final iterate,1.0816783905029297,0.0,0.0,1.0,0.1,-0.1,-0.08665826320648194,0.24351069927215574
beta_1,2,continuation,beta_1_D_warmup_only,50,4620,7140,0.3285013735294342,0.3204011023044586,"{""income_binary"":0.25775521993637085,""civilian_at_work"":0.25367406010627747,""public_coverage"":0.4497740566730499}",0.08100266009569168,"{""SEX"":0.5925222635269165,""RAC1P"":1.1225908994674683}",0.8608044981956482,0.3697109818458557,0.36112821102142334,"{""income_binary"":0.30870041251182556,""civilian_at_work"":0.2903945744037628,""public_coverage"":0.48428964614868164}",0.08582761883735657,none; fixed final iterate,1.1380032300949097,0.0,0.0,1.0,0.1,-0.1,-0.08608044981956482,0.2424209237098694
beta_1,2,continuation,beta_1_D_warmup_only,55,4830,7770,0.32863277196884155,0.3205508589744568,"{""income_binary"":0.2573085427284241,""civilian_at_work"":0.254607617855072,""public_coverage"":0.44973641633987427}",0.08081923425197601,"{""SEX"":0.5926387906074524,""RAC1P"":1.1224223375320435}",0.8608236312866211,0.3711666762828827,0.3626004457473755,"{""income_binary"":0.307949423789978,""civilian_at_work"":0.2939729392528534,""public_coverage"":0.48587894439697266}",0.08566219359636307,none; fixed final iterate,1.2891769409179688,0.0,0.0,1.0,0.1,-0.1,-0.08608236312866212,0.24255040884017942
beta_1,2,continuation,beta_1_D_warmup_only,60,5040,8400,0.32642510533332825,0.3185146152973175,"{""income_binary"":0.25692933797836304,""civilian_at_work"":0.25141826272010803,""public_coverage"":0.44719624519348145}",0.07910497486591339,"{""SEX"":0.5906593203544617,""RAC1P"":1.120516061782837}",0.8586591482162476,0.3715302050113678,0.3631114959716797,"{""income_binary"":0.30805113911628723,""civilian_at_work"":0.29281085729599,""public_coverage"":0.48847252130508423}",0.0841870978474617,none; fixed final iterate,1.4347381591796875,0.0,0.0,1.0,0.1,-0.1,-0.08586591482162476,0.2405591905117035
beta_1,2,continuation,beta_1_D_warmup_only,65,5250,9030,0.3254877030849457,0.31786713004112244,"{""income_binary"":0.25631386041641235,""civilian_at_work"":0.2512650489807129,""public_coverage"":0.4460224509239197}",0.07620571553707123,"{""SEX"":0.5877970457077026,""RAC1P"":1.1163222789764404}",0.8549749851226807,0.3714721202850342,0.3633445203304291,"{""income_binary"":0.3089868128299713,""civilian_at_work"":0.2924087941646576,""public_coverage"":0.4886379837989807}",0.08127593994140625,none; fixed final iterate,1.5920530557632446,0.0,0.0,1.0,0.1,-0.1,-0.08549749851226807,0.2399902045726776
beta_1,2,continuation,beta_1_D_warmup_only,70,5460,9660,0.32510411739349365,0.3176310956478119,"{""income_binary"":0.25594592094421387,""civilian_at_work"":0.251571923494339,""public_coverage"":0.4453754723072052}",0.07473012059926987,"{""SEX"":0.5865761041641235,""RAC1P"":1.119685173034668}",0.855390727519989,0.3732033371925354,0.3652225732803345,"{""income_binary"":0.30884239077568054,""civilian_at_work"":0.2957665026187897,""public_coverage"":0.4910587966442108}",0.07980756461620331,none; fixed final iterate,1.7528318166732788,0.0,0.0,1.0,0.1,-0.1,-0.0855390727519989,0.23956504464149475
beta_1,2,continuation,beta_1_D_warmup_only,75,5670,10290,0.3242158591747284,0.31695881485939026,"{""income_binary"":0.2554563879966736,""civilian_at_work"":0.2506611943244934,""public_coverage"":0.4447588622570038}",0.07257043570280075,"{""SEX"":0.5872719883918762,""RAC1P"":1.1154978275299072}",0.8542779684066772,0.37370428442955017,0.36593031883239746,"{""income_binary"":0.30888664722442627,""civilian_at_work"":0.2965030372142792,""public_coverage"":0.49240127205848694}",0.0777396559715271,none; fixed final iterate,1.8850090503692627,0.0,0.0,1.0,0.1,-0.1,-0.08542779684066773,0.23878806233406066
beta_1,2,continuation,beta_1_D_warmup_only,80,5880,10920,0.3263096809387207,0.31906208395957947,"{""income_binary"":0.25617414712905884,""civilian_at_work"":0.25326237082481384,""public_coverage"":0.4477497935295105}",0.0724758729338646,"{""SEX"":0.588819682598114,""RAC1P"":1.11202871799469}",0.8540571928024292,0.37833479046821594,0.37057483196258545,"{""income_binary"":0.3120235502719879,""civilian_at_work"":0.3019270598888397,""public_coverage"":0.4977738559246063}",0.07759964466094971,none; fixed final iterate,2.0715715885162354,0.0,0.0,1.0,0.1,-0.1,-0.08540571928024293,0.24090396165847777
beta_1,2,continuation,beta_1_C_persistent,0,2520,840,0.38872793316841125,0.3550722599029541,"{""income_binary"":0.28730958700180054,""civilian_at_work"":0.29633212089538574,""public_coverage"":0.481575071811676}",0.33655673265457153,"{""SEX"":0.6310884952545166,""RAC1P"":1.1791342496871948}",0.9104588627815247,0.40469157695770264,0.3723616600036621,"{""income_binary"":0.3223356008529663,""civilian_at_work"":0.308001846075058,""public_coverage"":0.4867475628852844}",0.32329922914505005,none; fixed final iterate,0.013818890787661076,1.0,0.013818890787661076,1.0,0.1,0.0,0.0,0.40254682395607233
beta_1,2,continuation,beta_1_C_persistent,5,2730,1470,0.38639557361602783,0.3529461920261383,"{""income_binary"":0.28487563133239746,""civilian_at_work"":0.2931145131587982,""public_coverage"":0.48084837198257446}",0.3344937264919281,"{""SEX"":0.6254210472106934,""RAC1P"":1.1704376935958862}",0.9030125737190247,0.4030090570449829,0.37082698941230774,"{""income_binary"":0.3203476667404175,""civilian_at_work"":0.30633410811424255,""public_coverage"":0.4857991933822632}",0.32182061672210693,none; fixed final iterate,0.012818506918847561,1.0,0.012818506918847561,1.0,0.1,0.0,0.0,0.3992140805348754
beta_1,2,continuation,beta_1_C_persistent,10,2940,2100,0.38453245162963867,0.3519831895828247,"{""income_binary"":0.2858857214450836,""civilian_at_work"":0.29029273986816406,""public_coverage"":0.4797711670398712}",0.32549259066581726,"{""SEX"":0.6218742728233337,""RAC1P"":1.162072777748108}",0.8972252607345581,0.4009281396865845,0.36973837018013,"{""income_binary"":0.3212474286556244,""civilian_at_work"":0.30299779772758484,""public_coverage"":0.4849699139595032}",0.31189778447151184,none; fixed final iterate,0.010973881930112839,1.0,0.010973881930112839,1.0,0.1,0.0,0.0,0.3955063335597515
beta_1,2,continuation,beta_1_C_persistent,15,3150,2730,0.3808145821094513,0.34875810146331787,"{""income_binary"":0.27952098846435547,""civilian_at_work"":0.2882245182991028,""public_coverage"":0.478528767824173}",0.32056477665901184,"{""SEX"":0.6133821606636047,""RAC1P"":1.1546589136123657}",0.8882344365119934,0.39743492007255554,0.3666903078556061,"{""income_binary"":0.31520938873291016,""civilian_at_work"":0.3009231686592102,""public_coverage"":0.48393842577934265}",0.30744603276252747,none; fixed final iterate,0.011626217514276505,1.0,0.011626217514276505,1.0,0.1,0.0,0.0,0.3924407996237278
beta_1,2,continuation,beta_1_C_persistent,20,3360,3360,0.3797827959060669,0.34832635521888733,"{""income_binary"":0.27968519926071167,""civilian_at_work"":0.28629162907600403,""public_coverage"":0.4790022373199463}",0.3145645558834076,"{""SEX"":0.6066516041755676,""RAC1P"":1.1556466817855835}",0.883756160736084,0.3970320224761963,0.36690887808799744,"{""income_binary"":0.31585636734962463,""civilian_at_work"":0.29986968636512756,""public_coverage"":0.4850005507469177}",0.3012315034866333,none; fixed final iterate,0.010623233392834663,1.0,0.010623233392834663,1.0,0.1,0.0,0.0,0.39040602929890156
beta_1,2,continuation,beta_1_C_persistent,25,3570,3990,0.37679383158683777,0.34595975279808044,"{""income_binary"":0.27585697174072266,""civilian_at_work"":0.2838200628757477,""public_coverage"":0.47820228338241577}",0.30834072828292847,"{""SEX"":0.6058779358863831,""RAC1P"":1.141251564025879}",0.877644956111908,0.3949103355407715,0.36544743180274963,"{""income_binary"":0.3130166530609131,""civilian_at_work"":0.29902639985084534,""public_coverage"":0.48429927229881287}",0.29462894797325134,none; fixed final iterate,0.011145979166030884,1.0,0.011145979166030884,1.0,0.1,0.0,0.0,0.38793981075286865
beta_1,2,continuation,beta_1_C_persistent,30,3780,4620,0.37465769052505493,0.3444000780582428,"{""income_binary"":0.2734780013561249,""civilian_at_work"":0.28226885199546814,""public_coverage"":0.47745344042778015}",0.30257606506347656,"{""SEX"":0.5998784303665161,""RAC1P"":1.1345398426055908}",0.8707245588302612,0.39345380663871765,0.36459267139434814,"{""income_binary"":0.3116394579410553,""civilian_at_work"":0.29807472229003906,""public_coverage"":0.4840638339519501}",0.28861141204833984,none; fixed final iterate,0.010734541341662407,1.0,0.010734541341662407,1.0,0.1,0.0,0.0,0.38539223186671734
beta_1,2,continuation,beta_1_C_persistent,35,3990,5250,0.3742302656173706,0.34429192543029785,"{""income_binary"":0.273010790348053,""civilian_at_work"":0.2820426821708679,""public_coverage"":0.4778222441673279}",0.299383282661438,"{""SEX"":0.5947211384773254,""RAC1P"":1.1301976442337036}",0.8653261661529541,0.393778532743454,0.36524391174316406,"{""income_binary"":0.31306955218315125,""civilian_at_work"":0.29801201820373535,""public_coverage"":0.4846500754356384}",0.28534621000289917,none; fixed final iterate,0.010310083627700806,1.0,0.010310083627700806,1.0,0.1,0.0,0.0,0.3845403492450714
beta_1,2,continuation,beta_1_C_persistent,40,4200,5880,0.3712877929210663,0.3423941135406494,"{""income_binary"":0.27139848470687866,""civilian_at_work"":0.2779677212238312,""public_coverage"":0.47781607508659363}",0.2889368534088135,"{""SEX"":0.5910686254501343,""RAC1P"":1.130859375}",0.862944483757019,0.39067342877388,0.36328017711639404,"{""income_binary"":0.31121402978897095,""civilian_at_work"":0.29333892464637756,""public_coverage"":0.48528754711151123}",0.273932546377182,none; fixed final iterate,0.010381664149463177,1.0,0.010381664149463177,1.0,0.1,0.0,0.0,0.38166945707052946
beta_1,2,continuation,beta_1_C_persistent,45,4410,6510,0.3700542151927948,0.34182170033454895,"{""income_binary"":0.27046436071395874,""civilian_at_work"":0.2782745361328125,""public_coverage"":0.4767262637615204}",0.2823251485824585,"{""SEX"":0.5864628553390503,""RAC1P"":1.1260607242584229}",0.857768177986145,0.3899646997451782,0.3632279932498932,"{""income_binary"":0.3103071451187134,""civilian_at_work"":0.29566919803619385,""public_coverage"":0.48370763659477234}",0.2673669159412384,none; fixed final iterate,0.010051821358501911,1.0,0.010051821358501911,1.0,0.1,0.0,0.0,0.3801060365512967
beta_1,2,continuation,beta_1_C_persistent,50,4620,7140,0.36778393387794495,0.34023547172546387,"{""income_binary"":0.26831191778182983,""civilian_at_work"":0.27615174651145935,""public_coverage"":0.4762427508831024}",0.27548453211784363,"{""SEX"":0.5850641131401062,""RAC1P"":1.1155261993408203}",0.8526948690414429,0.3878280818462372,0.36188042163848877,"{""income_binary"":0.3103030025959015,""civilian_at_work"":0.29192057251930237,""public_coverage"":0.48341768980026245}",0.2594766318798065,none; fixed final iterate,0.009931758977472782,1.0,0.009931758977472782,1.0,0.1,0.0,0.0,0.37771569285541773
beta_1,2,continuation,beta_1_C_persistent,55,4830,7770,0.36656925082206726,0.3396543562412262,"{""income_binary"":0.2675451636314392,""civilian_at_work"":0.2752041816711426,""public_coverage"":0.4762137830257416}",0.2691490352153778,"{""SEX"":0.5798105001449585,""RAC1P"":1.1127140522003174}",0.8478171825408936,0.38805079460144043,0.36274829506874084,"{""income_binary"":0.3094843029975891,""civilian_at_work"":0.29459911584854126,""public_coverage"":0.4841614365577698}",0.25302496552467346,none; fixed final iterate,0.010045016184449196,1.0,0.010045016184449196,1.0,0.1,0.0,0.0,0.37661426700651646
beta_1,2,continuation,beta_1_C_persistent,60,5040,8400,0.3644474744796753,0.338297963142395,"{""income_binary"":0.2662159204483032,""civilian_at_work"":0.27344536781311035,""public_coverage"":0.4752325713634491}",0.26149502396583557,"{""SEX"":0.5804739594459534,""RAC1P"":1.1067721843719482}",0.8460041284561157,0.38580167293548584,0.3612675964832306,"{""income_binary"":0.3085731863975525,""civilian_at_work"":0.29171425104141235,""public_coverage"":0.4835153818130493}",0.2453407198190689,none; fixed final iterate,0.010724908672273159,1.0,0.010724908672273159,1.0,0.1,0.0,0.0,0.37517238315194845
beta_1,2,continuation,beta_1_C_persistent,65,5250,9030,0.3635745942592621,0.3380947411060333,"{""income_binary"":0.2658042013645172,""civilian_at_work"":0.273065447807312,""public_coverage"":0.47541460394859314}",0.2547985911369324,"{""SEX"":0.5753712058067322,""RAC1P"":1.1009949445724487}",0.8400917053222656,0.38619232177734375,0.36239537596702576,"{""income_binary"":0.30939826369285583,""civilian_at_work"":0.29287517070770264,""public_coverage"":0.48491257429122925}",0.2379695326089859,none; fixed final iterate,0.009808285161852837,1.0,0.009808285161852837,1.0,0.1,0.0,0.0,0.3733828794211149
beta_1,2,continuation,beta_1_C_persistent,70,5460,9660,0.3620307445526123,0.3372265100479126,"{""income_binary"":0.2647956609725952,""civilian_at_work"":0.2711799442768097,""public_coverage"":0.47570398449897766}",0.2480423003435135,"{""SEX"":0.571828305721283,""RAC1P"":1.0980852842330933}",0.8364114761352539,0.38533708453178406,0.3621485233306885,"{""income_binary"":0.30893200635910034,""civilian_at_work"":0.29172664880752563,""public_coverage"":0.48578697443008423}",0.2318856120109558,none; fixed final iterate,0.010066528804600239,1.0,0.010066528804600239,1.0,0.1,0.0,0.0,0.37209727335721254
beta_1,2,continuation,beta_1_C_persistent,75,5670,10290,0.3609134256839752,0.3367999792098999,"{""income_binary"":0.26442185044288635,""civilian_at_work"":0.27091777324676514,""public_coverage"":0.4750603437423706}",0.24113446474075317,"{""SEX"":0.5698464512825012,""RAC1P"":1.0937496423721313}",0.833308219909668,0.3850405216217041,0.362538605928421,"{""income_binary"":0.31033018231391907,""civilian_at_work"":0.2925613224506378,""public_coverage"":0.48472437262535095}",0.2250191867351532,none; fixed final iterate,0.010261107236146927,1.0,0.010261107236146927,1.0,0.1,0.0,0.0,0.37117453292012215
beta_1,2,continuation,beta_1_C_persistent,80,5880,10920,0.3603917360305786,0.3365424871444702,"{""income_binary"":0.26305708289146423,""civilian_at_work"":0.271312952041626,""public_coverage"":0.47525736689567566}",0.2384924441576004,"{""SEX"":0.5662376880645752,""RAC1P"":1.087828278541565}",0.8284187316894531,0.38513433933258057,0.362900972366333,"{""income_binary"":0.3084433376789093,""civilian_at_work"":0.2942785322666168,""public_coverage"":0.4859810471534729}",0.22233358025550842,none; fixed final iterate,0.010741477832198143,1.0,0.010741477832198143,1.0,0.1,0.0,0.0,0.37113321386277676
beta_1,2,continuation,beta_1_D_persistent,0,2520,840,0.38872793316841125,0.3550722599029541,"{""income_binary"":0.28730958700180054,""civilian_at_work"":0.29633212089538574,""public_coverage"":0.481575071811676}",0.33655673265457153,"{""SEX"":0.6310884952545166,""RAC1P"":1.1791342496871948}",0.9104588627815247,0.40469157695770264,0.3723616600036621,"{""income_binary"":0.3223356008529663,""civilian_at_work"":0.308001846075058,""public_coverage"":0.4867475628852844}",0.32329922914505005,none; fixed final iterate,0.013818890787661076,1.0,0.013818890787661076,1.0,0.1,-0.1,-0.09104588627815247,0.31150093767791986
beta_1,2,continuation,beta_1_D_persistent,5,2730,1470,0.3866163492202759,0.3530101776123047,"{""income_binary"":0.2848511040210724,""civilian_at_work"":0.2932794392108917,""public_coverage"":0.4808999300003052}",0.33606183528900146,"{""SEX"":0.627152681350708,""RAC1P"":1.1716057062149048}",0.9047132730484009,0.4033159613609314,0.3709695637226105,"{""income_binary"":0.3204576075077057,""civilian_at_work"":0.3065779507160187,""public_coverage"":0.48587316274642944}",0.3234640657901764,none; fixed final iterate,0.012846221216022968,1.0,0.012846221216022968,1.0,0.1,-0.1,-0.09047132730484009,0.30899124313145876
beta_1,2,continuation,beta_1_D_persistent,10,2940,2100,0.3848170042037964,0.3521127700805664,"{""income_binary"":0.2859962284564972,""civilian_at_work"":0.29042544960975647,""public_coverage"":0.47991666197776794}",0.3270423114299774,"{""SEX"":0.6238481402397156,""RAC1P"":1.163257122039795}",0.8991072177886963,0.4012296497821808,0.3698676526546478,"{""income_binary"":0.32135361433029175,""civilian_at_work"":0.30319657921791077,""public_coverage"":0.48505276441574097}",0.31362006068229675,none; fixed final iterate,0.010931093245744705,1.0,0.010931093245744705,1.0,0.1,-0.1,-0.08991072177886963,0.3058373756706715
beta_1,2,continuation,beta_1_D_persistent,15,3150,2730,0.3810853958129883,0.34887000918388367,"{""income_binary"":0.2795722782611847,""civilian_at_work"":0.28846457600593567,""public_coverage"":0.47857314348220825}",0.3221540153026581,"{""SEX"":0.6157008409500122,""RAC1P"":1.1551899909973145}",0.890113353729248,0.3977123498916626,0.3667859137058258,"{""income_binary"":0.3153636157512665,""civilian_at_work"":0.30107977986335754,""public_coverage"":0.4839143455028534}",0.30926451086997986,none; fixed final iterate,0.011520548723638058,1.0,0.011520548723638058,1.0,0.1,-0.1,-0.08901133537292481,0.3035946091637015
beta_1,2,continuation,beta_1_D_persistent,20,3360,3360,0.3800148367881775,0.3483745753765106,"{""income_binary"":0.27972903847694397,""civilian_at_work"":0.28629419207572937,""public_coverage"":0.4791004955768585}",0.31640246510505676,"{""SEX"":0.6095521450042725,""RAC1P"":1.1561110019683838}",0.8860293626785278,0.3973313868045807,0.36701667308807373,"{""income_binary"":0.31590723991394043,""civilian_at_work"":0.2999644875526428,""public_coverage"":0.48517826199531555}",0.30314701795578003,none; fixed final iterate,0.010500706732273102,1.0,0.010500706732273102,1.0,0.1,-0.1,-0.08860293626785279,0.30191260725259783
beta_1,2,continuation,beta_1_D_persistent,25,3570,3990,0.37691372632980347,0.3459388017654419,"{""income_binary"":0.27584972977638245,""civilian_at_work"":0.2837345004081726,""public_coverage"":0.47823211550712585}",0.3097490966320038,"{""SEX"":0.6084672808647156,""RAC1P"":1.144012212753296}",0.8805792331695557,0.3951742649078369,0.36557114124298096,"{""income_binary"":0.3130459487438202,""civilian_at_work"":0.2991533577442169,""public_coverage"":0.4845140874385834}",0.2960311472415924,none; fixed final iterate,0.011144716292619705,1.0,0.011144716292619705,1.0,0.1,-0.1,-0.08805792331695557,0.3000005193054676
beta_1,2,continuation,beta_1_D_persistent,30,3780,4620,0.3750140964984894,0.34451937675476074,"{""income_binary"":0.27356329560279846,""civilian_at_work"":0.2825741469860077,""public_coverage"":0.47742071747779846}",0.3049471080303192,"{""SEX"":0.6040733456611633,""RAC1P"":1.1375174522399902}",0.8749017119407654,0.39395397901535034,0.3648329973220825,"{""income_binary"":0.31183984875679016,""civilian_at_work"":0.29838094115257263,""public_coverage"":0.48427820205688477}",0.29120996594429016,none; fixed final iterate,0.010560590773820877,1.0,0.010560590773820877,1.0,0.1,-0.1,-0.08749017119407654,0.2980845160782337
beta_1,2,continuation,beta_1_D_persistent,35,3990,5250,0.3746357262134552,0.34436097741127014,"{""income_binary"":0.2732570469379425,""civilian_at_work"":0.2821314036846161,""public_coverage"":0.477694571018219}",0.3027474284172058,"{""SEX"":0.5982069373130798,""RAC1P"":1.134055495262146}",0.8693309426307678,0.39439159631729126,0.3655254542827606,"{""income_binary"":0.31333285570144653,""civilian_at_work"":0.2983262538909912,""public_coverage"":0.48491719365119934}",0.28866130113601685,none; fixed final iterate,0.010409481823444366,1.0,0.010409481823444366,1.0,0.1,-0.1,-0.08693309426307679,0.2981121137738228
beta_1,2,continuation,beta_1_D_persistent,40,4200,5880,0.37162086367607117,0.34245070815086365,"{""income_binary"":0.2715323269367218,""civilian_at_work"":0.2780517637729645,""public_coverage"":0.47776803374290466}",0.29170143604278564,"{""SEX"":0.5950090885162354,""RAC1P"":1.1368464231491089}",0.8680987358093262,0.3912757933139801,0.3636084496974945,"{""income_binary"":0.3113812804222107,""civilian_at_work"":0.2937922775745392,""public_coverage"":0.4856516718864441}",0.2766733169555664,none; fixed final iterate,0.010338660329580307,1.0,0.010338660329580307,1.0,0.1,-0.1,-0.08680987358093262,0.29514965042471886
beta_1,2,continuation,beta_1_D_persistent,45,4410,6510,0.3703325092792511,0.34188446402549744,"{""income_binary"":0.2708161175251007,""civilian_at_work"":0.27828869223594666,""public_coverage"":0.47654861211776733}",0.28448036313056946,"{""SEX"":0.5907279253005981,""RAC1P"":1.1313347816467285}",0.8628818392753601,0.3904924988746643,0.3635338842868805,"{""income_binary"":0.31050413846969604,""civilian_at_work"":0.29608848690986633,""public_coverage"":0.4840090274810791}",0.2695859968662262,none; fixed final iterate,0.01008477434515953,1.0,0.01008477434515953,1.0,0.1,-0.1,-0.08628818392753601,0.2941290996968746
beta_1,2,continuation,beta_1_D_persistent,50,4620,7140,0.36810457706451416,0.34025517106056213,"{""income_binary"":0.2686096727848053,""civilian_at_work"":0.2760971188545227,""public_coverage"":0.4760586619377136}",0.2784939706325531,"{""SEX"":0.5888183116912842,""RAC1P"":1.120864987373352}",0.857464611530304,0.3882104754447937,0.3619682490825653,"{""income_binary"":0.31041258573532104,""civilian_at_work"":0.2919119596481323,""public_coverage"":0.48358017206192017}",0.2624223828315735,none; fixed final iterate,0.010200816206634045,1.0,0.010200816206634045,1.0,0.1,-0.1,-0.0857464611530304,0.2925589321181178
beta_1,2,continuation,beta_1_D_persistent,55,4830,7770,0.36689382791519165,0.3396778106689453,"{""income_binary"":0.26787644624710083,""civilian_at_work"":0.2751554846763611,""public_coverage"":0.476001501083374}",0.27216029167175293,"{""SEX"":0.583079993724823,""RAC1P"":1.117085576057434}",0.8518638610839844,0.3886907696723938,0.36307016015052795,"{""income_binary"":0.3099328279495239,""civilian_at_work"":0.2947932481765747,""public_coverage"":0.4844844937324524}",0.2562059462070465,none; fixed final iterate,0.010207341983914375,1.0,0.010207341983914375,1.0,0.1,-0.1,-0.08518638610839845,0.29191478379070757
beta_1,2,continuation,beta_1_D_persistent,60,5040,8400,0.3648155927658081,0.33838164806365967,"{""income_binary"":0.2664145827293396,""civilian_at_work"":0.2735380530357361,""public_coverage"":0.4751923084259033}",0.26433947682380676,"{""SEX"":0.5812178254127502,""RAC1P"":1.114111065864563}",0.8493720889091492,0.3863692581653595,0.36158287525177,"{""income_binary"":0.3089327812194824,""civilian_at_work"":0.2918742597103119,""public_coverage"":0.48394158482551575}",0.24786391854286194,none; fixed final iterate,0.010968800634145737,1.0,0.010968800634145737,1.0,0.1,-0.1,-0.08493720889091493,0.2908471845090389
beta_1,2,continuation,beta_1_D_persistent,65,5250,9030,0.36416834592819214,0.3383762836456299,"{""income_binary"":0.266391783952713,""civilian_at_work"":0.27335697412490845,""public_coverage"":0.4753800928592682}",0.2579204738140106,"{""SEX"":0.5781691670417786,""RAC1P"":1.1093766689300537}",0.8453447818756104,0.3868832588195801,0.36275744438171387,"{""income_binary"":0.3099672198295593,""civilian_at_work"":0.2931424081325531,""public_coverage"":0.4851627051830292}",0.24125824868679047,none; fixed final iterate,0.009726615622639656,1.0,0.009726615622639656,1.0,0.1,-0.1,-0.08453447818756105,0.28936048336327075
beta_1,2,continuation,beta_1_D_persistent,70,5460,9660,0.3625149726867676,0.33733558654785156,"{""income_binary"":0.2651597261428833,""civilian_at_work"":0.27115747332572937,""public_coverage"":0.475689560174942}",0.2517940104007721,"{""SEX"":0.5755820274353027,""RAC1P"":1.1074559688568115}",0.8427361249923706,0.3857642710208893,0.36222925782203674,"{""income_binary"":0.3089924454689026,""civilian_at_work"":0.29167574644088745,""public_coverage"":0.48601964116096497}",0.23535004258155823,none; fixed final iterate,0.010327926836907864,1.0,0.010327926836907864,1.0,0.1,-0.1,-0.08427361249923707,0.2885692870244384
beta_1,2,continuation,beta_1_D_persistent,75,5670,10290,0.36163124442100525,0.337024062871933,"{""income_binary"":0.264826238155365,""civilian_at_work"":0.27135640382766724,""public_coverage"":0.47488945722579956}",0.24607181549072266,"{""SEX"":0.5725229382514954,""RAC1P"":1.1031240224838257}",0.83885657787323,0.38590118288993835,0.36291801929473877,"{""income_binary"":0.3106207251548767,""civilian_at_work"":0.2929655611515045,""public_coverage"":0.4851677715778351}",0.2298315167427063,none; fixed final iterate,0.010411480441689491,1.0,0.010411480441689491,1.0,0.1,-0.1,-0.083885657787323,0.28815706707537175
beta_1,2,continuation,beta_1_D_persistent,80,5880,10920,0.3612179458141327,0.33690646290779114,"{""income_binary"":0.26347824931144714,""civilian_at_work"":0.2720075845718384,""public_coverage"":0.4752335846424103}",0.24311479926109314,"{""SEX"":0.5681718587875366,""RAC1P"":1.0982463359832764}",0.8338336944580078,0.386071115732193,0.3633786141872406,"{""income_binary"":0.3087877631187439,""civilian_at_work"":0.2947786748409271,""public_coverage"":0.486569344997406}",0.2269251048564911,none; fixed final iterate,0.011120527982711792,1.0,0.011120527982711792,1.0,0.1,-0.1,-0.08338336944580078,0.2889551043510437
