index1,index2,I12
0,0,0.0
0,1,0.005251587376339855
0,2,0.005251587376339855
0,3,0.01579197120098163
0,4,0.0052515873763398545
0,5,0.0
0,6,0.0
0,7,0.005251587376339855
0,8,0.0052515873763398545
0,9,0.01050317475267971
0,10,0.01050317475267971
0,11,0.021043558577321486
0,12,0.01050317475267971
0,13,0.005251587376339855
0,14,0.005251587376339855
0,15,0.01050317475267971
0,16,0.0052515873763398545
0,17,0.01050317475267971
0,18,0.01050317475267971
0,19,0.021043558577321486
0,20,0.01050317475267971
0,21,0.005251587376339855
0,22,0.005251587376339855
0,23,0.01050317475267971
0,24,0.01579197120098163
0,25,0.021043558577321486
0,26,0.021043558577321486
0,27,0.03158394240196326
0,28,0.021043558577321486
0,29,0.01579197120098163
0,30,0.01579197120098163
0,31,0.021043558577321486
0,32,0.005251587376339856
0,33,0.01050317475267971
0,34,0.01050317475267971
0,35,0.021043558577321486
0,36,0.01050317475267971
0,37,0.005251587376339855
0,38,0.005251587376339855
0,39,0.01050317475267971
0,40,0.0
0,41,0.005251587376339855
0,42,0.005251587376339855
0,43,0.01579197120098163
0,44,0.005251587376339855
0,45,0.0
0,46,0.0
0,47,0.005251587376339855
0,48,0.0
0,49,0.005251587376339855
0,50,0.005251587376339855
0,51,0.01579197120098163
0,52,0.005251587376339855
0,53,0.0
0,54,0.0
0,55,0.005251587376339855
0,56,0.005251587376339855
0,57,0.01050317475267971
0,58,0.01050317475267971
0,59,0.021043558577321486
0,60,0.01050317475267971
0,61,0.005251587376339855
0,62,0.005251587376339855
0,63,0.01050317475267971
1,0,0.005251587376339855
1,1,0.010565974164893473
1,2,0.010565974164893473
1,3,0.02122717980246678
1,4,0.01056093227619602
1,5,0.005251587376339854
1,6,0.005251587376339854
1,7,0.01056093227619602
1,8,0.01056597416489347
1,9,0.015880360953447088
1,10,0.015880360953447088
1,11,0.026541566591020395
1,12,0.01587531906474964
1,13,0.010565974164893473
1,14,0.010565974164893473
1,15,0.01587531906474964
1,16,0.01056597416489347
1,17,0.015880360953447088
1,18,0.015880360953447088
1,19,0.026541566591020395
1,20,0.01587531906474964
1,21,0.010565974164893473
1,22,0.010565974164893473
1,23,0.01587531906474964
1,24,0.021227179802466776
1,25,0.026541566591020395
1,26,0.026541566591020395
1,27,0.037202772228593695
1,28,0.02653652470232294
1,29,0.02122717980246678
1,30,0.02122717980246678
1,31,0.02653652470232294
1,32,0.01056093227619602
1,33,0.01587531906474964
1,34,0.01587531906474964
1,35,0.02653652470232294
1,36,0.01587027717605219
1,37,0.010560932276196023
1,38,0.010560932276196023
1,39,0.01587027717605219
1,40,0.005251587376339856
1,41,0.010565974164893473
1,42,0.010565974164893473
1,43,0.02122717980246678
1,44,0.010560932276196023
1,45,0.005251587376339857
1,46,0.005251587376339857
1,47,0.010560932276196023
1,48,0.005251587376339856
1,49,0.010565974164893473
1,50,0.010565974164893473
1,51,0.02122717980246678
1,52,0.010560932276196023
1,53,0.005251587376339857
1,54,0.005251587376339857
1,55,0.010560932276196023
1,56,0.010560932276196023
1,57,0.01587531906474964
1,58,0.01587531906474964
1,59,0.02653652470232294
1,60,0.01587027717605219
1,61,0.010560932276196023
1,62,0.010560932276196023
1,63,0.01587027717605219
2,0,0.005251587376339855
2,1,0.010565974164893473
2,2,0.010565974164893473
2,3,0.02122717980246678
2,4,0.01056093227619602
2,5,0.005251587376339854
2,6,0.005251587376339854
2,7,0.01056093227619602
2,8,0.01056597416489347
2,9,0.015880360953447088
2,10,0.015880360953447088
2,11,0.026541566591020395
2,12,0.01587531906474964
2,13,0.010565974164893473
2,14,0.010565974164893473
2,15,0.01587531906474964
2,16,0.01056597416489347
2,17,0.015880360953447088
2,18,0.015880360953447088
2,19,0.026541566591020395
2,20,0.01587531906474964
2,21,0.010565974164893473
2,22,0.010565974164893473
2,23,0.01587531906474964
2,24,0.021227179802466776
2,25,0.026541566591020395
2,26,0.026541566591020395
2,27,0.037202772228593695
2,28,0.02653652470232294
2,29,0.02122717980246678
2,30,0.02122717980246678
2,31,0.02653652470232294
2,32,0.01056093227619602
2,33,0.01587531906474964
2,34,0.01587531906474964
2,35,0.02653652470232294
2,36,0.01587027717605219
2,37,0.010560932276196023
2,38,0.010560932276196023
2,39,0.01587027717605219
2,40,0.005251587376339856
2,41,0.010565974164893473
2,42,0.010565974164893473
2,43,0.02122717980246678
2,44,0.010560932276196023
2,45,0.005251587376339857
2,46,0.005251587376339857
2,47,0.010560932276196023
2,48,0.005251587376339856
2,49,0.010565974164893473
2,50,0.010565974164893473
2,51,0.02122717980246678
2,52,0.010560932276196023
2,53,0.005251587376339857
2,54,0.005251587376339857
2,55,0.010560932276196023
2,56,0.010560932276196023
2,57,0.01587531906474964
2,58,0.01587531906474964
2,59,0.02653652470232294
2,60,0.01587027717605219
2,61,0.010560932276196023
2,62,0.010560932276196023
2,63,0.01587027717605219
3,0,0.01579197120098163
3,1,0.02122717980246678
3,2,0.02122717980246678
3,3,0.032143475693623746
3,4,0.02122717980246678
3,5,0.01579197120098163
3,6,0.01579197120098163
3,7,0.021227179802466776
3,8,0.021227179802466776
3,9,0.026662388403951923
3,10,0.026662388403951923
3,11,0.037578684295108904
3,12,0.026662388403951923
3,13,0.021227179802466786
3,14,0.021227179802466786
3,15,0.026662388403951923
3,16,0.021227179802466776
3,17,0.026662388403951923
3,18,0.026662388403951923
3,19,0.037578684295108904
3,20,0.026662388403951923
3,21,0.021227179802466786
3,22,0.021227179802466786
3,23,0.026662388403951923
3,24,0.032143475693623746
3,25,0.037578684295108904
3,26,0.037578684295108904
3,27,0.04849498018626587
3,28,0.03757868429510891
3,29,0.032143475693623746
3,30,0.032143475693623746
3,31,0.03757868429510891
3,32,0.021227179802466776
3,33,0.026662388403951923
3,34,0.026662388403951923
3,35,0.03757868429510891
3,36,0.026662388403951943
3,37,0.021227179802466786
3,38,0.021227179802466786
3,39,0.026662388403951943
3,40,0.01579197120098163
3,41,0.021227179802466786
3,42,0.021227179802466786
3,43,0.032143475693623746
3,44,0.021227179802466786
3,45,0.01579197120098163
3,46,0.01579197120098163
3,47,0.021227179802466786
3,48,0.01579197120098163
3,49,0.021227179802466786
3,50,0.021227179802466786
3,51,0.032143475693623746
3,52,0.021227179802466786
3,53,0.01579197120098163
3,54,0.01579197120098163
3,55,0.021227179802466786
3,56,0.02122717980246678
3,57,0.026662388403951923
3,58,0.026662388403951923
3,59,0.03757868429510891
3,60,0.026662388403951943
3,61,0.021227179802466786
3,62,0.021227179802466786
3,63,0.026662388403951943
4,0,0.0052515873763398545
4,1,0.010560932276196023
4,2,0.010560932276196023
4,3,0.02122717980246678
4,4,0.010565974164893473
4,5,0.005251587376339854
4,6,0.005251587376339854
4,7,0.010565974164893473
4,8,0.010560932276196023
4,9,0.01587027717605219
4,10,0.01587027717605219
4,11,0.02653652470232295
4,12,0.01587531906474964
4,13,0.010560932276196023
4,14,0.010560932276196023
4,15,0.01587531906474964
4,16,0.010560932276196023
4,17,0.01587027717605219
4,18,0.01587027717605219
4,19,0.02653652470232295
4,20,0.01587531906474964
4,21,0.010560932276196023
4,22,0.010560932276196023
4,23,0.01587531906474964
4,24,0.02122717980246678
4,25,0.02653652470232295
4,26,0.02653652470232295
4,27,0.03720277222859371
4,28,0.026541566591020402
4,29,0.021227179802466786
4,30,0.021227179802466786
4,31,0.026541566591020402
4,32,0.01056597416489347
4,33,0.01587531906474964
4,34,0.01587531906474964
4,35,0.026541566591020402
4,36,0.015880360953447088
4,37,0.010565974164893473
4,38,0.010565974164893473
4,39,0.015880360953447088
4,40,0.0052515873763398545
4,41,0.010560932276196023
4,42,0.010560932276196023
4,43,0.021227179802466786
4,44,0.010565974164893473
4,45,0.005251587376339857
4,46,0.005251587376339857
4,47,0.010565974164893473
4,48,0.0052515873763398545
4,49,0.010560932276196023
4,50,0.010560932276196023
4,51,0.021227179802466786
4,52,0.010565974164893473
4,53,0.005251587376339857
4,54,0.005251587376339857
4,55,0.010565974164893473
4,56,0.01056597416489347
4,57,0.01587531906474964
4,58,0.01587531906474964
4,59,0.026541566591020402
4,60,0.015880360953447088
4,61,0.010565974164893473
4,62,0.010565974164893473
4,63,0.015880360953447088
5,0,0.0
5,1,0.0052515873763398545
5,2,0.0052515873763398545
5,3,0.01579197120098163
5,4,0.005251587376339855
5,5,0.0
5,6,0.0
5,7,0.005251587376339855
5,8,0.005251587376339854
5,9,0.010503174752679709
5,10,0.010503174752679709
5,11,0.02104355857732148
5,12,0.01050317475267971
5,13,0.0052515873763398545
5,14,0.0052515873763398545
5,15,0.01050317475267971
5,16,0.005251587376339854
5,17,0.010503174752679709
5,18,0.010503174752679709
5,19,0.02104355857732148
5,20,0.01050317475267971
5,21,0.0052515873763398545
5,22,0.0052515873763398545
5,23,0.01050317475267971
5,24,0.01579197120098163
5,25,0.02104355857732148
5,26,0.02104355857732148
5,27,0.03158394240196326
5,28,0.021043558577321483
5,29,0.01579197120098163
5,30,0.01579197120098163
5,31,0.021043558577321483
5,32,0.005251587376339857
5,33,0.01050317475267971
5,34,0.01050317475267971
5,35,0.021043558577321483
5,36,0.01050317475267971
5,37,0.005251587376339855
5,38,0.005251587376339855
5,39,0.01050317475267971
5,40,0.0
5,41,0.0052515873763398545
5,42,0.0052515873763398545
5,43,0.01579197120098163
5,44,0.005251587376339855
5,45,0.0
5,46,0.0
5,47,0.005251587376339855
5,48,0.0
5,49,0.0052515873763398545
5,50,0.0052515873763398545
5,51,0.01579197120098163
5,52,0.005251587376339855
5,53,0.0
5,54,0.0
5,55,0.005251587376339855
5,56,0.005251587376339853
5,57,0.01050317475267971
5,58,0.01050317475267971
5,59,0.021043558577321483
5,60,0.01050317475267971
5,61,0.005251587376339855
5,62,0.005251587376339855
5,63,0.01050317475267971
6,0,0.0
6,1,0.0052515873763398545
6,2,0.0052515873763398545
6,3,0.01579197120098163
6,4,0.005251587376339855
6,5,0.0
6,6,0.0
6,7,0.005251587376339855
6,8,0.005251587376339854
6,9,0.010503174752679709
6,10,0.010503174752679709
6,11,0.02104355857732148
6,12,0.01050317475267971
6,13,0.0052515873763398545
6,14,0.0052515873763398545
6,15,0.01050317475267971
6,16,0.005251587376339854
6,17,0.010503174752679709
6,18,0.010503174752679709
6,19,0.02104355857732148
6,20,0.01050317475267971
6,21,0.0052515873763398545
6,22,0.0052515873763398545
6,23,0.01050317475267971
6,24,0.01579197120098163
6,25,0.02104355857732148
6,26,0.02104355857732148
6,27,0.03158394240196326
6,28,0.021043558577321483
6,29,0.01579197120098163
6,30,0.01579197120098163
6,31,0.021043558577321483
6,32,0.005251587376339857
6,33,0.01050317475267971
6,34,0.01050317475267971
6,35,0.021043558577321483
6,36,0.01050317475267971
6,37,0.005251587376339855
6,38,0.005251587376339855
6,39,0.01050317475267971
6,40,0.0
6,41,0.0052515873763398545
6,42,0.0052515873763398545
6,43,0.01579197120098163
6,44,0.005251587376339855
6,45,0.0
6,46,0.0
6,47,0.005251587376339855
6,48,0.0
6,49,0.0052515873763398545
6,50,0.0052515873763398545
6,51,0.01579197120098163
6,52,0.005251587376339855
6,53,0.0
6,54,0.0
6,55,0.005251587376339855
6,56,0.005251587376339853
6,57,0.01050317475267971
6,58,0.01050317475267971
6,59,0.021043558577321483
6,60,0.01050317475267971
6,61,0.005251587376339855
6,62,0.005251587376339855
6,63,0.01050317475267971
7,0,0.005251587376339855
7,1,0.01056093227619602
7,2,0.01056093227619602
7,3,0.02122717980246678
7,4,0.010565974164893473
7,5,0.005251587376339855
7,6,0.005251587376339855
7,7,0.010565974164893473
7,8,0.010560932276196018
7,9,0.01587027717605219
7,10,0.01587027717605219
7,11,0.02653652470232294
7,12,0.01587531906474964
7,13,0.010560932276196023
7,14,0.010560932276196023
7,15,0.01587531906474964
7,16,0.010560932276196018
7,17,0.01587027717605219
7,18,0.01587027717605219
7,19,0.02653652470232294
7,20,0.01587531906474964
7,21,0.010560932276196023
7,22,0.010560932276196023
7,23,0.01587531906474964
7,24,0.02122717980246678
7,25,0.02653652470232294
7,26,0.02653652470232294
7,27,0.037202772228593695
7,28,0.026541566591020384
7,29,0.021227179802466776
7,30,0.021227179802466776
7,31,0.026541566591020384
7,32,0.010565974164893473
7,33,0.01587531906474964
7,34,0.01587531906474964
7,35,0.026541566591020384
7,36,0.01588036095344708
7,37,0.010565974164893473
7,38,0.010565974164893473
7,39,0.01588036095344708
7,40,0.0052515873763398545
7,41,0.010560932276196023
7,42,0.010560932276196023
7,43,0.021227179802466776
7,44,0.010565974164893473
7,45,0.005251587376339857
7,46,0.005251587376339857
7,47,0.010565974164893473
7,48,0.0052515873763398545
7,49,0.010560932276196023
7,50,0.010560932276196023
7,51,0.021227179802466776
7,52,0.010565974164893473
7,53,0.005251587376339857
7,54,0.005251587376339857
7,55,0.010565974164893473
7,56,0.010565974164893471
7,57,0.01587531906474964
7,58,0.01587531906474964
7,59,0.026541566591020384
7,60,0.01588036095344708
7,61,0.010565974164893473
7,62,0.010565974164893473
7,63,0.01588036095344708
8,0,0.005251587376339855
8,1,0.010565974164893471
8,2,0.010565974164893471
8,3,0.02122717980246678
8,4,0.010560932276196023
8,5,0.005251587376339854
8,6,0.005251587376339854
8,7,0.01056093227619602
8,8,0.010565974164893473
8,9,0.01588036095344708
8,10,0.01588036095344708
8,11,0.026541566591020384
8,12,0.01587531906474964
8,13,0.010565974164893473
8,14,0.010565974164893473
8,15,0.01587531906474964
8,16,0.010565974164893473
8,17,0.01588036095344708
8,18,0.01588036095344708
8,19,0.026541566591020384
8,20,0.01587531906474964
8,21,0.010565974164893473
8,22,0.010565974164893473
8,23,0.01587531906474964
8,24,0.02122717980246678
8,25,0.026541566591020384
8,26,0.026541566591020384
8,27,0.037202772228593695
8,28,0.02653652470232294
8,29,0.021227179802466776
8,30,0.021227179802466776
8,31,0.02653652470232294
8,32,0.010560932276196023
8,33,0.01587531906474964
8,34,0.01587531906474964
8,35,0.02653652470232294
8,36,0.01587027717605219
8,37,0.010560932276196023
8,38,0.010560932276196023
8,39,0.01587027717605219
8,40,0.005251587376339855
8,41,0.010565974164893473
8,42,0.010565974164893473
8,43,0.021227179802466776
8,44,0.010560932276196023
8,45,0.005251587376339857
8,46,0.005251587376339857
8,47,0.010560932276196023
8,48,0.005251587376339855
8,49,0.010565974164893473
8,50,0.010565974164893473
8,51,0.021227179802466776
8,52,0.010560932276196023
8,53,0.005251587376339857
8,54,0.005251587376339857
8,55,0.010560932276196023
8,56,0.01056093227619602
8,57,0.01587531906474964
8,58,0.01587531906474964
8,59,0.02653652470232294
8,60,0.01587027717605219
8,61,0.010560932276196023
8,62,0.010560932276196023
8,63,0.01587027717605219
9,0,0.01050317475267971
9,1,0.015880360953447085
9,2,0.015880360953447085
9,3,0.026662388403951923
9,4,0.015870277176052182
9,5,0.010503174752679709
9,6,0.010503174752679709
9,7,0.01587027717605219
9,8,0.015880360953447085
9,9,0.021257547154214462
9,10,0.021257547154214462
9,11,0.032039574604719304
9,12,0.02124746337681956
9,13,0.015880360953447088
9,14,0.015880360953447088
9,15,0.02124746337681956
9,16,0.015880360953447085
9,17,0.021257547154214462
9,18,0.021257547154214462
9,19,0.032039574604719304
9,20,0.02124746337681956
9,21,0.015880360953447088
9,22,0.015880360953447088
9,23,0.02124746337681956
9,24,0.026662388403951926
9,25,0.032039574604719304
9,26,0.032039574604719304
9,27,0.042821602055224145
9,28,0.0320294908273244
9,29,0.02666238840395193
9,30,0.02666238840395193
9,31,0.0320294908273244
9,32,0.01587027717605219
9,33,0.02124746337681956
9,34,0.02124746337681956
9,35,0.0320294908273244
9,36,0.021237379599424656
9,37,0.015870277176052185
9,38,0.015870277176052185
9,39,0.021237379599424656
9,40,0.010503174752679712
9,41,0.015880360953447088
9,42,0.015880360953447088
9,43,0.02666238840395193
9,44,0.015870277176052185
9,45,0.01050317475267971
9,46,0.01050317475267971
9,47,0.015870277176052185
9,48,0.010503174752679712
9,49,0.015880360953447088
9,50,0.015880360953447088
9,51,0.02666238840395193
9,52,0.015870277176052185
9,53,0.01050317475267971
9,54,0.01050317475267971
9,55,0.015870277176052185
9,56,0.015870277176052185
9,57,0.02124746337681956
9,58,0.02124746337681956
9,59,0.0320294908273244
9,60,0.021237379599424656
9,61,0.015870277176052185
9,62,0.015870277176052185
9,63,0.021237379599424656
10,0,0.01050317475267971
10,1,0.015880360953447085
10,2,0.015880360953447085
10,3,0.026662388403951923
10,4,0.015870277176052182
10,5,0.010503174752679709
10,6,0.010503174752679709
10,7,0.01587027717605219
10,8,0.015880360953447085
10,9,0.021257547154214462
10,10,0.021257547154214462
10,11,0.032039574604719304
10,12,0.02124746337681956
10,13,0.015880360953447088
10,14,0.015880360953447088
10,15,0.02124746337681956
10,16,0.015880360953447085
10,17,0.021257547154214462
10,18,0.021257547154214462
10,19,0.032039574604719304
10,20,0.02124746337681956
10,21,0.015880360953447088
10,22,0.015880360953447088
10,23,0.02124746337681956
10,24,0.026662388403951926
10,25,0.032039574604719304
10,26,0.032039574604719304
10,27,0.042821602055224145
10,28,0.0320294908273244
10,29,0.02666238840395193
10,30,0.02666238840395193
10,31,0.0320294908273244
10,32,0.01587027717605219
10,33,0.02124746337681956
10,34,0.02124746337681956
10,35,0.0320294908273244
10,36,0.021237379599424656
10,37,0.015870277176052185
10,38,0.015870277176052185
10,39,0.021237379599424656
10,40,0.010503174752679712
10,41,0.015880360953447088
10,42,0.015880360953447088
10,43,0.02666238840395193
10,44,0.015870277176052185
10,45,0.01050317475267971
10,46,0.01050317475267971
10,47,0.015870277176052185
10,48,0.010503174752679712
10,49,0.015880360953447088
10,50,0.015880360953447088
10,51,0.02666238840395193
10,52,0.015870277176052185
10,53,0.01050317475267971
10,54,0.01050317475267971
10,55,0.015870277176052185
10,56,0.015870277176052185
10,57,0.02124746337681956
10,58,0.02124746337681956
10,59,0.0320294908273244
10,60,0.021237379599424656
10,61,0.015870277176052185
10,62,0.015870277176052185
10,63,0.021237379599424656
11,0,0.021043558577321486
11,1,0.026541566591020388
11,2,0.026541566591020388
11,3,0.0375786842951089
11,4,0.02653652470232294
11,5,0.02104355857732148
11,6,0.02104355857732148
11,7,0.02653652470232294
11,8,0.0265415665910204
11,9,0.032039574604719304
11,10,0.032039574604719304
11,11,0.04307669230880781
11,12,0.03203453271602185
11,13,0.026541566591020395
11,14,0.026541566591020395
11,15,0.03203453271602185
11,16,0.0265415665910204
11,17,0.032039574604719304
11,18,0.032039574604719304
11,19,0.04307669230880781
11,20,0.03203453271602185
11,21,0.026541566591020395
11,22,0.026541566591020395
11,23,0.03203453271602185
11,24,0.03757868429510889
11,25,0.04307669230880781
11,26,0.04307669230880781
11,27,0.05411381001289632
11,28,0.04307165042011036
11,29,0.037578684295108904
11,30,0.037578684295108904
11,31,0.04307165042011036
11,32,0.02653652470232295
11,33,0.03203453271602185
11,34,0.03203453271602185
11,35,0.04307165042011036
11,36,0.0320294908273244
11,37,0.02653652470232294
11,38,0.02653652470232294
11,39,0.0320294908273244
11,40,0.02104355857732148
11,41,0.026541566591020395
11,42,0.026541566591020395
11,43,0.037578684295108904
11,44,0.02653652470232294
11,45,0.021043558577321486
11,46,0.021043558577321486
11,47,0.02653652470232294
11,48,0.02104355857732148
11,49,0.026541566591020395
11,50,0.026541566591020395
11,51,0.037578684295108904
11,52,0.02653652470232294
11,53,0.021043558577321486
11,54,0.021043558577321486
11,55,0.02653652470232294
11,56,0.026536524702322945
11,57,0.03203453271602185
11,58,0.03203453271602185
11,59,0.04307165042011036
11,60,0.0320294908273244
11,61,0.02653652470232294
11,62,0.02653652470232294
11,63,0.0320294908273244
12,0,0.01050317475267971
12,1,0.015875319064749628
12,2,0.015875319064749628
12,3,0.026662388403951926
12,4,0.015875319064749635
12,5,0.010503174752679707
12,6,0.010503174752679707
12,7,0.01587531906474964
12,8,0.015875319064749635
12,9,0.02124746337681956
12,10,0.02124746337681956
12,11,0.03203453271602185
12,12,0.02124746337681956
12,13,0.015875319064749635
12,14,0.015875319064749635
12,15,0.02124746337681956
12,16,0.015875319064749635
12,17,0.02124746337681956
12,18,0.02124746337681956
12,19,0.03203453271602185
12,20,0.02124746337681956
12,21,0.015875319064749635
12,22,0.015875319064749635
12,23,0.02124746337681956
12,24,0.02666238840395193
12,25,0.03203453271602185
12,26,0.03203453271602185
12,27,0.042821602055224145
12,28,0.03203453271602185
12,29,0.026662388403951926
12,30,0.026662388403951926
12,31,0.03203453271602185
12,32,0.01587531906474963
12,33,0.02124746337681956
12,34,0.02124746337681956
12,35,0.03203453271602185
12,36,0.02124746337681956
12,37,0.015875319064749635
12,38,0.015875319064749635
12,39,0.02124746337681956
12,40,0.010503174752679707
12,41,0.015875319064749635
12,42,0.015875319064749635
12,43,0.026662388403951926
12,44,0.015875319064749635
12,45,0.010503174752679709
12,46,0.010503174752679709
12,47,0.015875319064749635
12,48,0.010503174752679707
12,49,0.015875319064749635
12,50,0.015875319064749635
12,51,0.026662388403951926
12,52,0.015875319064749635
12,53,0.010503174752679709
12,54,0.010503174752679709
12,55,0.015875319064749635
12,56,0.015875319064749635
12,57,0.02124746337681956
12,58,0.02124746337681956
12,59,0.03203453271602185
12,60,0.02124746337681956
12,61,0.015875319064749635
12,62,0.015875319064749635
12,63,0.02124746337681956
13,0,0.005251587376339855
13,1,0.01056597416489347
13,2,0.01056597416489347
13,3,0.02122717980246678
13,4,0.01056093227619602
13,5,0.005251587376339855
13,6,0.005251587376339855
13,7,0.010560932276196021
13,8,0.010565974164893473
13,9,0.015880360953447088
13,10,0.015880360953447088
13,11,0.026541566591020395
13,12,0.01587531906474964
13,13,0.010565974164893473
13,14,0.010565974164893473
13,15,0.01587531906474964
13,16,0.010565974164893473
13,17,0.015880360953447088
13,18,0.015880360953447088
13,19,0.026541566591020395
13,20,0.01587531906474964
13,21,0.010565974164893473
13,22,0.010565974164893473
13,23,0.01587531906474964
13,24,0.02122717980246678
13,25,0.026541566591020395
13,26,0.026541566591020395
13,27,0.0372027722285937
13,28,0.026536524702322945
13,29,0.02122717980246678
13,30,0.02122717980246678
13,31,0.026536524702322945
13,32,0.010560932276196023
13,33,0.01587531906474964
13,34,0.01587531906474964
13,35,0.026536524702322945
13,36,0.01587027717605219
13,37,0.010560932276196023
13,38,0.010560932276196023
13,39,0.01587027717605219
13,40,0.005251587376339854
13,41,0.010565974164893473
13,42,0.010565974164893473
13,43,0.02122717980246678
13,44,0.010560932276196023
13,45,0.005251587376339855
13,46,0.005251587376339855
13,47,0.010560932276196023
13,48,0.005251587376339854
13,49,0.010565974164893473
13,50,0.010565974164893473
13,51,0.02122717980246678
13,52,0.010560932276196023
13,53,0.005251587376339855
13,54,0.005251587376339855
13,55,0.010560932276196023
13,56,0.010560932276196026
13,57,0.01587531906474964
13,58,0.01587531906474964
13,59,0.026536524702322945
13,60,0.01587027717605219
13,61,0.010560932276196023
13,62,0.010560932276196023
13,63,0.01587027717605219
14,0,0.005251587376339855
14,1,0.01056597416489347
14,2,0.01056597416489347
14,3,0.02122717980246678
14,4,0.01056093227619602
14,5,0.005251587376339855
14,6,0.005251587376339855
14,7,0.010560932276196021
14,8,0.010565974164893473
14,9,0.015880360953447088
14,10,0.015880360953447088
14,11,0.026541566591020395
14,12,0.01587531906474964
14,13,0.010565974164893473
14,14,0.010565974164893473
14,15,0.01587531906474964
14,16,0.010565974164893473
14,17,0.015880360953447088
14,18,0.015880360953447088
14,19,0.026541566591020395
14,20,0.01587531906474964
14,21,0.010565974164893473
14,22,0.010565974164893473
14,23,0.01587531906474964
14,24,0.02122717980246678
14,25,0.026541566591020395
14,26,0.026541566591020395
14,27,0.0372027722285937
14,28,0.026536524702322945
14,29,0.02122717980246678
14,30,0.02122717980246678
14,31,0.026536524702322945
14,32,0.010560932276196023
14,33,0.01587531906474964
14,34,0.01587531906474964
14,35,0.026536524702322945
14,36,0.01587027717605219
14,37,0.010560932276196023
14,38,0.010560932276196023
14,39,0.01587027717605219
14,40,0.005251587376339854
14,41,0.010565974164893473
14,42,0.010565974164893473
14,43,0.02122717980246678
14,44,0.010560932276196023
14,45,0.005251587376339855
14,46,0.005251587376339855
14,47,0.010560932276196023
14,48,0.005251587376339854
14,49,0.010565974164893473
14,50,0.010565974164893473
14,51,0.02122717980246678
14,52,0.010560932276196023
14,53,0.005251587376339855
14,54,0.005251587376339855
14,55,0.010560932276196023
14,56,0.010560932276196026
14,57,0.01587531906474964
14,58,0.01587531906474964
14,59,0.026536524702322945
14,60,0.01587027717605219
14,61,0.010560932276196023
14,62,0.010560932276196023
14,63,0.01587027717605219
15,0,0.01050317475267971
15,1,0.015875319064749635
15,2,0.015875319064749635
15,3,0.026662388403951933
15,4,0.015875319064749635
15,5,0.010503174752679709
15,6,0.010503174752679709
15,7,0.01587531906474964
15,8,0.01587531906474963
15,9,0.021247463376819556
15,10,0.021247463376819556
15,11,0.03203453271602186
15,12,0.02124746337681956
15,13,0.015875319064749635
15,14,0.015875319064749635
15,15,0.02124746337681956
15,16,0.01587531906474963
15,17,0.021247463376819556
15,18,0.021247463376819556
15,19,0.03203453271602186
15,20,0.02124746337681956
15,21,0.015875319064749635
15,22,0.015875319064749635
15,23,0.02124746337681956
15,24,0.026662388403951926
15,25,0.03203453271602186
15,26,0.03203453271602186
15,27,0.042821602055224145
15,28,0.03203453271602186
15,29,0.02666238840395193
15,30,0.02666238840395193
15,31,0.03203453271602186
15,32,0.01587531906474963
15,33,0.02124746337681956
15,34,0.02124746337681956
15,35,0.03203453271602186
15,36,0.021247463376819563
15,37,0.015875319064749635
15,38,0.015875319064749635
15,39,0.021247463376819563
15,40,0.010503174752679709
15,41,0.015875319064749635
15,42,0.015875319064749635
15,43,0.02666238840395193
15,44,0.015875319064749635
15,45,0.010503174752679712
15,46,0.010503174752679712
15,47,0.015875319064749635
15,48,0.010503174752679709
15,49,0.015875319064749635
15,50,0.015875319064749635
15,51,0.02666238840395193
15,52,0.015875319064749635
15,53,0.010503174752679712
15,54,0.010503174752679712
15,55,0.015875319064749635
15,56,0.015875319064749635
15,57,0.02124746337681956
15,58,0.02124746337681956
15,59,0.03203453271602186
15,60,0.021247463376819563
15,61,0.015875319064749635
15,62,0.015875319064749635
15,63,0.021247463376819563
16,0,0.005251587376339855
16,1,0.010565974164893471
16,2,0.010565974164893471
16,3,0.02122717980246678
16,4,0.010560932276196023
16,5,0.005251587376339854
16,6,0.005251587376339854
16,7,0.01056093227619602
16,8,0.010565974164893473
16,9,0.01588036095344708
16,10,0.01588036095344708
16,11,0.026541566591020384
16,12,0.01587531906474964
16,13,0.010565974164893473
16,14,0.010565974164893473
16,15,0.01587531906474964
16,16,0.010565974164893473
16,17,0.01588036095344708
16,18,0.01588036095344708
16,19,0.026541566591020384
16,20,0.01587531906474964
16,21,0.010565974164893473
16,22,0.010565974164893473
16,23,0.01587531906474964
16,24,0.02122717980246678
16,25,0.026541566591020384
16,26,0.026541566591020384
16,27,0.037202772228593695
16,28,0.02653652470232294
16,29,0.021227179802466776
16,30,0.021227179802466776
16,31,0.02653652470232294
16,32,0.010560932276196023
16,33,0.01587531906474964
16,34,0.01587531906474964
16,35,0.02653652470232294
16,36,0.01587027717605219
16,37,0.010560932276196023
16,38,0.010560932276196023
16,39,0.01587027717605219
16,40,0.005251587376339855
16,41,0.010565974164893473
16,42,0.010565974164893473
16,43,0.021227179802466776
16,44,0.010560932276196023
16,45,0.005251587376339857
16,46,0.005251587376339857
16,47,0.010560932276196023
16,48,0.005251587376339855
16,49,0.010565974164893473
16,50,0.010565974164893473
16,51,0.021227179802466776
16,52,0.010560932276196023
16,53,0.005251587376339857
16,54,0.005251587376339857
16,55,0.010560932276196023
16,56,0.01056093227619602
16,57,0.01587531906474964
16,58,0.01587531906474964
16,59,0.02653652470232294
16,60,0.01587027717605219
16,61,0.010560932276196023
16,62,0.010560932276196023
16,63,0.01587027717605219
17,0,0.01050317475267971
17,1,0.015880360953447085
17,2,0.015880360953447085
17,3,0.026662388403951923
17,4,0.015870277176052182
17,5,0.010503174752679709
17,6,0.010503174752679709
17,7,0.01587027717605219
17,8,0.015880360953447085
17,9,0.021257547154214462
17,10,0.021257547154214462
17,11,0.032039574604719304
17,12,0.02124746337681956
17,13,0.015880360953447088
17,14,0.015880360953447088
17,15,0.02124746337681956
17,16,0.015880360953447085
17,17,0.021257547154214462
17,18,0.021257547154214462
17,19,0.032039574604719304
17,20,0.02124746337681956
17,21,0.015880360953447088
17,22,0.015880360953447088
17,23,0.02124746337681956
17,24,0.026662388403951926
17,25,0.032039574604719304
17,26,0.032039574604719304
17,27,0.042821602055224145
17,28,0.0320294908273244
17,29,0.02666238840395193
17,30,0.02666238840395193
17,31,0.0320294908273244
17,32,0.01587027717605219
17,33,0.02124746337681956
17,34,0.02124746337681956
17,35,0.0320294908273244
17,36,0.021237379599424656
17,37,0.015870277176052185
17,38,0.015870277176052185
17,39,0.021237379599424656
17,40,0.010503174752679712
17,41,0.015880360953447088
17,42,0.015880360953447088
17,43,0.02666238840395193
17,44,0.015870277176052185
17,45,0.01050317475267971
17,46,0.01050317475267971
17,47,0.015870277176052185
17,48,0.010503174752679712
17,49,0.015880360953447088
17,50,0.015880360953447088
17,51,0.02666238840395193
17,52,0.015870277176052185
17,53,0.01050317475267971
17,54,0.01050317475267971
17,55,0.015870277176052185
17,56,0.015870277176052185
17,57,0.02124746337681956
17,58,0.02124746337681956
17,59,0.0320294908273244
17,60,0.021237379599424656
17,61,0.015870277176052185
17,62,0.015870277176052185
17,63,0.021237379599424656
18,0,0.01050317475267971
18,1,0.015880360953447085
18,2,0.015880360953447085
18,3,0.026662388403951923
18,4,0.015870277176052182
18,5,0.010503174752679709
18,6,0.010503174752679709
18,7,0.01587027717605219
18,8,0.015880360953447085
18,9,0.021257547154214462
18,10,0.021257547154214462
18,11,0.032039574604719304
18,12,0.02124746337681956
18,13,0.015880360953447088
18,14,0.015880360953447088
18,15,0.02124746337681956
18,16,0.015880360953447085
18,17,0.021257547154214462
18,18,0.021257547154214462
18,19,0.032039574604719304
18,20,0.02124746337681956
18,21,0.015880360953447088
18,22,0.015880360953447088
18,23,0.02124746337681956
18,24,0.026662388403951926
18,25,0.032039574604719304
18,26,0.032039574604719304
18,27,0.042821602055224145
18,28,0.0320294908273244
18,29,0.02666238840395193
18,30,0.02666238840395193
18,31,0.0320294908273244
18,32,0.01587027717605219
18,33,0.02124746337681956
18,34,0.02124746337681956
18,35,0.0320294908273244
18,36,0.021237379599424656
18,37,0.015870277176052185
18,38,0.015870277176052185
18,39,0.021237379599424656
18,40,0.010503174752679712
18,41,0.015880360953447088
18,42,0.015880360953447088
18,43,0.02666238840395193
18,44,0.015870277176052185
18,45,0.01050317475267971
18,46,0.01050317475267971
18,47,0.015870277176052185
18,48,0.010503174752679712
18,49,0.015880360953447088
18,50,0.015880360953447088
18,51,0.02666238840395193
18,52,0.015870277176052185
18,53,0.01050317475267971
18,54,0.01050317475267971
18,55,0.015870277176052185
18,56,0.015870277176052185
18,57,0.02124746337681956
18,58,0.02124746337681956
18,59,0.0320294908273244
18,60,0.021237379599424656
18,61,0.015870277176052185
18,62,0.015870277176052185
18,63,0.021237379599424656
19,0,0.021043558577321486
19,1,0.026541566591020388
19,2,0.026541566591020388
19,3,0.0375786842951089
19,4,0.02653652470232294
19,5,0.02104355857732148
19,6,0.02104355857732148
19,7,0.02653652470232294
19,8,0.0265415665910204
19,9,0.032039574604719304
19,10,0.032039574604719304
19,11,0.04307669230880781
19,12,0.03203453271602185
19,13,0.026541566591020395
19,14,0.026541566591020395
19,15,0.03203453271602185
19,16,0.0265415665910204
19,17,0.032039574604719304
19,18,0.032039574604719304
19,19,0.04307669230880781
19,20,0.03203453271602185
19,21,0.026541566591020395
19,22,0.026541566591020395
19,23,0.03203453271602185
19,24,0.03757868429510889
19,25,0.04307669230880781
19,26,0.04307669230880781
19,27,0.05411381001289632
19,28,0.04307165042011036
19,29,0.037578684295108904
19,30,0.037578684295108904
19,31,0.04307165042011036
19,32,0.02653652470232295
19,33,0.03203453271602185
19,34,0.03203453271602185
19,35,0.04307165042011036
19,36,0.0320294908273244
19,37,0.02653652470232294
19,38,0.02653652470232294
19,39,0.0320294908273244
19,40,0.02104355857732148
19,41,0.026541566591020395
19,42,0.026541566591020395
19,43,0.037578684295108904
19,44,0.02653652470232294
19,45,0.021043558577321486
19,46,0.021043558577321486
19,47,0.02653652470232294
19,48,0.02104355857732148
19,49,0.026541566591020395
19,50,0.026541566591020395
19,51,0.037578684295108904
19,52,0.02653652470232294
19,53,0.021043558577321486
19,54,0.021043558577321486
19,55,0.02653652470232294
19,56,0.026536524702322945
19,57,0.03203453271602185
19,58,0.03203453271602185
19,59,0.04307165042011036
19,60,0.0320294908273244
19,61,0.02653652470232294
19,62,0.02653652470232294
19,63,0.0320294908273244
20,0,0.01050317475267971
20,1,0.015875319064749628
20,2,0.015875319064749628
20,3,0.026662388403951926
20,4,0.015875319064749635
20,5,0.010503174752679707
20,6,0.010503174752679707
20,7,0.01587531906474964
20,8,0.015875319064749635
20,9,0.02124746337681956
20,10,0.02124746337681956
20,11,0.03203453271602185
20,12,0.02124746337681956
20,13,0.015875319064749635
20,14,0.015875319064749635
20,15,0.02124746337681956
20,16,0.015875319064749635
20,17,0.02124746337681956
20,18,0.02124746337681956
20,19,0.03203453271602185
20,20,0.02124746337681956
20,21,0.015875319064749635
20,22,0.015875319064749635
20,23,0.02124746337681956
20,24,0.02666238840395193
20,25,0.03203453271602185
20,26,0.03203453271602185
20,27,0.042821602055224145
20,28,0.03203453271602185
20,29,0.026662388403951926
20,30,0.026662388403951926
20,31,0.03203453271602185
20,32,0.01587531906474963
20,33,0.02124746337681956
20,34,0.02124746337681956
20,35,0.03203453271602185
20,36,0.02124746337681956
20,37,0.015875319064749635
20,38,0.015875319064749635
20,39,0.02124746337681956
20,40,0.010503174752679707
20,41,0.015875319064749635
20,42,0.015875319064749635
20,43,0.026662388403951926
20,44,0.015875319064749635
20,45,0.010503174752679709
20,46,0.010503174752679709
20,47,0.015875319064749635
20,48,0.010503174752679707
20,49,0.015875319064749635
20,50,0.015875319064749635
20,51,0.026662388403951926
20,52,0.015875319064749635
20,53,0.010503174752679709
20,54,0.010503174752679709
20,55,0.015875319064749635
20,56,0.015875319064749635
20,57,0.02124746337681956
20,58,0.02124746337681956
20,59,0.03203453271602185
20,60,0.02124746337681956
20,61,0.015875319064749635
20,62,0.015875319064749635
20,63,0.02124746337681956
21,0,0.005251587376339855
21,1,0.01056597416489347
21,2,0.01056597416489347
21,3,0.02122717980246678
21,4,0.01056093227619602
21,5,0.005251587376339855
21,6,0.005251587376339855
21,7,0.010560932276196021
21,8,0.010565974164893473
21,9,0.015880360953447088
21,10,0.015880360953447088
21,11,0.026541566591020395
21,12,0.01587531906474964
21,13,0.010565974164893473
21,14,0.010565974164893473
21,15,0.01587531906474964
21,16,0.010565974164893473
21,17,0.015880360953447088
21,18,0.015880360953447088
21,19,0.026541566591020395
21,20,0.01587531906474964
21,21,0.010565974164893473
21,22,0.010565974164893473
21,23,0.01587531906474964
21,24,0.02122717980246678
21,25,0.026541566591020395
21,26,0.026541566591020395
21,27,0.0372027722285937
21,28,0.026536524702322945
21,29,0.02122717980246678
21,30,0.02122717980246678
21,31,0.026536524702322945
21,32,0.010560932276196023
21,33,0.01587531906474964
21,34,0.01587531906474964
21,35,0.026536524702322945
21,36,0.01587027717605219
21,37,0.010560932276196023
21,38,0.010560932276196023
21,39,0.01587027717605219
21,40,0.005251587376339854
21,41,0.010565974164893473
21,42,0.010565974164893473
21,43,0.02122717980246678
21,44,0.010560932276196023
21,45,0.005251587376339855
21,46,0.005251587376339855
21,47,0.010560932276196023
21,48,0.005251587376339854
21,49,0.010565974164893473
21,50,0.010565974164893473
21,51,0.02122717980246678
21,52,0.010560932276196023
21,53,0.005251587376339855
21,54,0.005251587376339855
21,55,0.010560932276196023
21,56,0.010560932276196026
21,57,0.01587531906474964
21,58,0.01587531906474964
21,59,0.026536524702322945
21,60,0.01587027717605219
21,61,0.010560932276196023
21,62,0.010560932276196023
21,63,0.01587027717605219
22,0,0.005251587376339855
22,1,0.01056597416489347
22,2,0.01056597416489347
22,3,0.02122717980246678
22,4,0.01056093227619602
22,5,0.005251587376339855
22,6,0.005251587376339855
22,7,0.010560932276196021
22,8,0.010565974164893473
22,9,0.015880360953447088
22,10,0.015880360953447088
22,11,0.026541566591020395
22,12,0.01587531906474964
22,13,0.010565974164893473
22,14,0.010565974164893473
22,15,0.01587531906474964
22,16,0.010565974164893473
22,17,0.015880360953447088
22,18,0.015880360953447088
22,19,0.026541566591020395
22,20,0.01587531906474964
22,21,0.010565974164893473
22,22,0.010565974164893473
22,23,0.01587531906474964
22,24,0.02122717980246678
22,25,0.026541566591020395
22,26,0.026541566591020395
22,27,0.0372027722285937
22,28,0.026536524702322945
22,29,0.02122717980246678
22,30,0.02122717980246678
22,31,0.026536524702322945
22,32,0.010560932276196023
22,33,0.01587531906474964
22,34,0.01587531906474964
22,35,0.026536524702322945
22,36,0.01587027717605219
22,37,0.010560932276196023
22,38,0.010560932276196023
22,39,0.01587027717605219
22,40,0.005251587376339854
22,41,0.010565974164893473
22,42,0.010565974164893473
22,43,0.02122717980246678
22,44,0.010560932276196023
22,45,0.005251587376339855
22,46,0.005251587376339855
22,47,0.010560932276196023
22,48,0.005251587376339854
22,49,0.010565974164893473
22,50,0.010565974164893473
22,51,0.02122717980246678
22,52,0.010560932276196023
22,53,0.005251587376339855
22,54,0.005251587376339855
22,55,0.010560932276196023
22,56,0.010560932276196026
22,57,0.01587531906474964
22,58,0.01587531906474964
22,59,0.026536524702322945
22,60,0.01587027717605219
22,61,0.010560932276196023
22,62,0.010560932276196023
22,63,0.01587027717605219
23,0,0.01050317475267971
23,1,0.015875319064749635
23,2,0.015875319064749635
23,3,0.026662388403951933
23,4,0.015875319064749635
23,5,0.010503174752679709
23,6,0.010503174752679709
23,7,0.01587531906474964
23,8,0.01587531906474963
23,9,0.021247463376819556
23,10,0.021247463376819556
23,11,0.03203453271602186
23,12,0.02124746337681956
23,13,0.015875319064749635
23,14,0.015875319064749635
23,15,0.02124746337681956
23,16,0.01587531906474963
23,17,0.021247463376819556
23,18,0.021247463376819556
23,19,0.03203453271602186
23,20,0.02124746337681956
23,21,0.015875319064749635
23,22,0.015875319064749635
23,23,0.02124746337681956
23,24,0.026662388403951926
23,25,0.03203453271602186
23,26,0.03203453271602186
23,27,0.042821602055224145
23,28,0.03203453271602186
23,29,0.02666238840395193
23,30,0.02666238840395193
23,31,0.03203453271602186
23,32,0.01587531906474963
23,33,0.02124746337681956
23,34,0.02124746337681956
23,35,0.03203453271602186
23,36,0.021247463376819563
23,37,0.015875319064749635
23,38,0.015875319064749635
23,39,0.021247463376819563
23,40,0.010503174752679709
23,41,0.015875319064749635
23,42,0.015875319064749635
23,43,0.02666238840395193
23,44,0.015875319064749635
23,45,0.010503174752679712
23,46,0.010503174752679712
23,47,0.015875319064749635
23,48,0.010503174752679709
23,49,0.015875319064749635
23,50,0.015875319064749635
23,51,0.02666238840395193
23,52,0.015875319064749635
23,53,0.010503174752679712
23,54,0.010503174752679712
23,55,0.015875319064749635
23,56,0.015875319064749635
23,57,0.02124746337681956
23,58,0.02124746337681956
23,59,0.03203453271602186
23,60,0.021247463376819563
23,61,0.015875319064749635
23,62,0.015875319064749635
23,63,0.021247463376819563
24,0,0.01579197120098163
24,1,0.02122717980246678
24,2,0.02122717980246678
24,3,0.03214347569362375
24,4,0.021227179802466783
24,5,0.01579197120098163
24,6,0.01579197120098163
24,7,0.021227179802466776
24,8,0.021227179802466776
24,9,0.026662388403951937
24,10,0.026662388403951937
24,11,0.037578684295108904
24,12,0.026662388403951923
24,13,0.021227179802466786
24,14,0.021227179802466786
24,15,0.026662388403951923
24,16,0.021227179802466776
24,17,0.026662388403951937
24,18,0.026662388403951937
24,19,0.037578684295108904
24,20,0.026662388403951923
24,21,0.021227179802466786
24,22,0.021227179802466786
24,23,0.026662388403951923
24,24,0.032143475693623746
24,25,0.037578684295108904
24,26,0.037578684295108904
24,27,0.04849498018626587
24,28,0.037578684295108904
24,29,0.032143475693623746
24,30,0.032143475693623746
24,31,0.037578684295108904
24,32,0.021227179802466776
24,33,0.026662388403951923
24,34,0.026662388403951923
24,35,0.037578684295108904
24,36,0.026662388403951923
24,37,0.021227179802466786
24,38,0.021227179802466786
24,39,0.026662388403951923
24,40,0.01579197120098163
24,41,0.021227179802466786
24,42,0.021227179802466786
24,43,0.032143475693623746
24,44,0.021227179802466786
24,45,0.01579197120098163
24,46,0.01579197120098163
24,47,0.021227179802466786
24,48,0.01579197120098163
24,49,0.021227179802466786
24,50,0.021227179802466786
24,51,0.032143475693623746
24,52,0.021227179802466786
24,53,0.01579197120098163
24,54,0.01579197120098163
24,55,0.021227179802466786
24,56,0.02122717980246678
24,57,0.026662388403951923
24,58,0.026662388403951923
24,59,0.037578684295108904
24,60,0.026662388403951923
24,61,0.021227179802466786
24,62,0.021227179802466786
24,63,0.026662388403951923
25,0,0.021043558577321486
25,1,0.026541566591020395
25,2,0.026541566591020395
25,3,0.03757868429510889
25,4,0.026536524702322945
25,5,0.021043558577321476
25,6,0.021043558577321476
25,7,0.02653652470232294
25,8,0.026541566591020395
25,9,0.0320395746047193
25,10,0.0320395746047193
25,11,0.043076692308807805
25,12,0.032034532716021843
25,13,0.02654156659102039
25,14,0.02654156659102039
25,15,0.032034532716021843
25,16,0.026541566591020395
25,17,0.0320395746047193
25,18,0.0320395746047193
25,19,0.043076692308807805
25,20,0.032034532716021843
25,21,0.02654156659102039
25,22,0.02654156659102039
25,23,0.032034532716021843
25,24,0.0375786842951089
25,25,0.043076692308807805
25,26,0.043076692308807805
25,27,0.05411381001289631
25,28,0.04307165042011035
25,29,0.0375786842951089
25,30,0.0375786842951089
25,31,0.04307165042011035
25,32,0.02653652470232294
25,33,0.032034532716021843
25,34,0.032034532716021843
25,35,0.04307165042011035
25,36,0.0320294908273244
25,37,0.02653652470232294
25,38,0.02653652470232294
25,39,0.0320294908273244
25,40,0.021043558577321476
25,41,0.02654156659102039
25,42,0.02654156659102039
25,43,0.0375786842951089
25,44,0.02653652470232294
25,45,0.021043558577321486
25,46,0.021043558577321486
25,47,0.02653652470232294
25,48,0.021043558577321476
25,49,0.02654156659102039
25,50,0.02654156659102039
25,51,0.0375786842951089
25,52,0.02653652470232294
25,53,0.021043558577321486
25,54,0.021043558577321486
25,55,0.02653652470232294
25,56,0.02653652470232294
25,57,0.032034532716021843
25,58,0.032034532716021843
25,59,0.04307165042011035
25,60,0.0320294908273244
25,61,0.02653652470232294
25,62,0.02653652470232294
25,63,0.0320294908273244
26,0,0.021043558577321486
26,1,0.026541566591020395
26,2,0.026541566591020395
26,3,0.03757868429510889
26,4,0.026536524702322945
26,5,0.021043558577321476
26,6,0.021043558577321476
26,7,0.02653652470232294
26,8,0.026541566591020395
26,9,0.0320395746047193
26,10,0.0320395746047193
26,11,0.043076692308807805
26,12,0.032034532716021843
26,13,0.02654156659102039
26,14,0.02654156659102039
26,15,0.032034532716021843
26,16,0.026541566591020395
26,17,0.0320395746047193
26,18,0.0320395746047193
26,19,0.043076692308807805
26,20,0.032034532716021843
26,21,0.02654156659102039
26,22,0.02654156659102039
26,23,0.032034532716021843
26,24,0.0375786842951089
26,25,0.043076692308807805
26,26,0.043076692308807805
26,27,0.05411381001289631
26,28,0.04307165042011035
26,29,0.0375786842951089
26,30,0.0375786842951089
26,31,0.04307165042011035
26,32,0.02653652470232294
26,33,0.032034532716021843
26,34,0.032034532716021843
26,35,0.04307165042011035
26,36,0.0320294908273244
26,37,0.02653652470232294
26,38,0.02653652470232294
26,39,0.0320294908273244
26,40,0.021043558577321476
26,41,0.02654156659102039
26,42,0.02654156659102039
26,43,0.0375786842951089
26,44,0.02653652470232294
26,45,0.021043558577321486
26,46,0.021043558577321486
26,47,0.02653652470232294
26,48,0.021043558577321476
26,49,0.02654156659102039
26,50,0.02654156659102039
26,51,0.0375786842951089
26,52,0.02653652470232294
26,53,0.021043558577321486
26,54,0.021043558577321486
26,55,0.02653652470232294
26,56,0.02653652470232294
26,57,0.032034532716021843
26,58,0.032034532716021843
26,59,0.04307165042011035
26,60,0.0320294908273244
26,61,0.02653652470232294
26,62,0.02653652470232294
26,63,0.0320294908273244
27,0,0.03158394240196326
27,1,0.03720277222859369
27,2,0.03720277222859369
27,3,0.048494980186265864
27,4,0.0372027722285937
27,5,0.03158394240196326
27,6,0.03158394240196326
27,7,0.0372027722285937
27,8,0.037202772228593695
27,9,0.042821602055224145
27,10,0.042821602055224145
27,11,0.054113810012896314
27,12,0.042821602055224145
27,13,0.0372027722285937
27,14,0.0372027722285937
27,15,0.042821602055224145
27,16,0.037202772228593695
27,17,0.042821602055224145
27,18,0.042821602055224145
27,19,0.054113810012896314
27,20,0.042821602055224145
27,21,0.0372027722285937
27,22,0.0372027722285937
27,23,0.042821602055224145
27,24,0.048494980186265864
27,25,0.054113810012896314
27,26,0.054113810012896314
27,27,0.06540601797056847
27,28,0.05411381001289631
27,29,0.048494980186265864
27,30,0.048494980186265864
27,31,0.05411381001289631
27,32,0.03720277222859371
27,33,0.042821602055224145
27,34,0.042821602055224145
27,35,0.05411381001289631
27,36,0.04282160205522414
27,37,0.037202772228593695
27,38,0.037202772228593695
27,39,0.04282160205522414
27,40,0.031583942401963265
27,41,0.0372027722285937
27,42,0.0372027722285937
27,43,0.048494980186265864
27,44,0.037202772228593695
27,45,0.03158394240196326
27,46,0.03158394240196326
27,47,0.037202772228593695
27,48,0.031583942401963265
27,49,0.0372027722285937
27,50,0.0372027722285937
27,51,0.048494980186265864
27,52,0.037202772228593695
27,53,0.03158394240196326
27,54,0.03158394240196326
27,55,0.037202772228593695
27,56,0.0372027722285937
27,57,0.042821602055224145
27,58,0.042821602055224145
27,59,0.05411381001289631
27,60,0.04282160205522414
27,61,0.037202772228593695
27,62,0.037202772228593695
27,63,0.04282160205522414
28,0,0.021043558577321486
28,1,0.02653652470232294
28,2,0.02653652470232294
28,3,0.0375786842951089
28,4,0.026541566591020402
28,5,0.021043558577321486
28,6,0.021043558577321486
28,7,0.026541566591020395
28,8,0.02653652470232294
28,9,0.0320294908273244
28,10,0.0320294908273244
28,11,0.04307165042011035
28,12,0.032034532716021843
28,13,0.02653652470232294
28,14,0.02653652470232294
28,15,0.032034532716021843
28,16,0.02653652470232294
28,17,0.0320294908273244
28,18,0.0320294908273244
28,19,0.04307165042011035
28,20,0.032034532716021843
28,21,0.02653652470232294
28,22,0.02653652470232294
28,23,0.032034532716021843
28,24,0.0375786842951089
28,25,0.04307165042011035
28,26,0.04307165042011035
28,27,0.05411381001289631
28,28,0.0430766923088078
28,29,0.0375786842951089
28,30,0.0375786842951089
28,31,0.0430766923088078
28,32,0.026541566591020395
28,33,0.032034532716021843
28,34,0.032034532716021843
28,35,0.0430766923088078
28,36,0.0320395746047193
28,37,0.026541566591020388
28,38,0.026541566591020388
28,39,0.0320395746047193
28,40,0.0210435585773215
28,41,0.02653652470232294
28,42,0.02653652470232294
28,43,0.0375786842951089
28,44,0.026541566591020388
28,45,0.021043558577321486
28,46,0.021043558577321486
28,47,0.026541566591020388
28,48,0.0210435585773215
28,49,0.02653652470232294
28,50,0.02653652470232294
28,51,0.0375786842951089
28,52,0.026541566591020388
28,53,0.021043558577321486
28,54,0.021043558577321486
28,55,0.026541566591020388
28,56,0.026541566591020388
28,57,0.032034532716021843
28,58,0.032034532716021843
28,59,0.0430766923088078
28,60,0.0320395746047193
28,61,0.026541566591020388
28,62,0.026541566591020388
28,63,0.0320395746047193
29,0,0.01579197120098163
29,1,0.021227179802466772
29,2,0.021227179802466772
29,3,0.032143475693623746
29,4,0.021227179802466786
29,5,0.015791971200981622
29,6,0.015791971200981622
29,7,0.02122717980246678
29,8,0.02122717980246678
29,9,0.026662388403951923
29,10,0.026662388403951923
29,11,0.0375786842951089
29,12,0.026662388403951923
29,13,0.021227179802466776
29,14,0.021227179802466776
29,15,0.026662388403951923
29,16,0.02122717980246678
29,17,0.026662388403951923
29,18,0.026662388403951923
29,19,0.0375786842951089
29,20,0.026662388403951923
29,21,0.021227179802466776
29,22,0.021227179802466776
29,23,0.026662388403951923
29,24,0.03214347569362373
29,25,0.0375786842951089
29,26,0.0375786842951089
29,27,0.04849498018626587
29,28,0.0375786842951089
29,29,0.032143475693623746
29,30,0.032143475693623746
29,31,0.0375786842951089
29,32,0.021227179802466776
29,33,0.026662388403951923
29,34,0.026662388403951923
29,35,0.0375786842951089
29,36,0.026662388403951923
29,37,0.021227179802466776
29,38,0.021227179802466776
29,39,0.026662388403951923
29,40,0.01579197120098163
29,41,0.021227179802466776
29,42,0.021227179802466776
29,43,0.032143475693623746
29,44,0.021227179802466776
29,45,0.01579197120098163
29,46,0.01579197120098163
29,47,0.021227179802466776
29,48,0.01579197120098163
29,49,0.021227179802466776
29,50,0.021227179802466776
29,51,0.032143475693623746
29,52,0.021227179802466776
29,53,0.01579197120098163
29,54,0.01579197120098163
29,55,0.021227179802466776
29,56,0.02122717980246678
29,57,0.026662388403951923
29,58,0.026662388403951923
29,59,0.0375786842951089
29,60,0.026662388403951923
29,61,0.021227179802466776
29,62,0.021227179802466776
29,63,0.026662388403951923
30,0,0.01579197120098163
30,1,0.021227179802466772
30,2,0.021227179802466772
30,3,0.032143475693623746
30,4,0.021227179802466786
30,5,0.015791971200981622
30,6,0.015791971200981622
30,7,0.02122717980246678
30,8,0.02122717980246678
30,9,0.026662388403951923
30,10,0.026662388403951923
30,11,0.0375786842951089
30,12,0.026662388403951923
30,13,0.021227179802466776
30,14,0.021227179802466776
30,15,0.026662388403951923
30,16,0.02122717980246678
30,17,0.026662388403951923
30,18,0.026662388403951923
30,19,0.0375786842951089
30,20,0.026662388403951923
30,21,0.021227179802466776
30,22,0.021227179802466776
30,23,0.026662388403951923
30,24,0.03214347569362373
30,25,0.0375786842951089
30,26,0.0375786842951089
30,27,0.04849498018626587
30,28,0.0375786842951089
30,29,0.032143475693623746
30,30,0.032143475693623746
30,31,0.0375786842951089
30,32,0.021227179802466776
30,33,0.026662388403951923
30,34,0.026662388403951923
30,35,0.0375786842951089
30,36,0.026662388403951923
30,37,0.021227179802466776
30,38,0.021227179802466776
30,39,0.026662388403951923
30,40,0.01579197120098163
30,41,0.021227179802466776
30,42,0.021227179802466776
30,43,0.032143475693623746
30,44,0.021227179802466776
30,45,0.01579197120098163
30,46,0.01579197120098163
30,47,0.021227179802466776
30,48,0.01579197120098163
30,49,0.021227179802466776
30,50,0.021227179802466776
30,51,0.032143475693623746
30,52,0.021227179802466776
30,53,0.01579197120098163
30,54,0.01579197120098163
30,55,0.021227179802466776
30,56,0.02122717980246678
30,57,0.026662388403951923
30,58,0.026662388403951923
30,59,0.0375786842951089
30,60,0.026662388403951923
30,61,0.021227179802466776
30,62,0.021227179802466776
30,63,0.026662388403951923
31,0,0.021043558577321486
31,1,0.026536524702322945
31,2,0.026536524702322945
31,3,0.0375786842951089
31,4,0.02654156659102039
31,5,0.021043558577321493
31,6,0.021043558577321493
31,7,0.0265415665910204
31,8,0.02653652470232294
31,9,0.0320294908273244
31,10,0.0320294908273244
31,11,0.04307165042011035
31,12,0.032034532716021843
31,13,0.02653652470232294
31,14,0.02653652470232294
31,15,0.032034532716021843
31,16,0.02653652470232294
31,17,0.0320294908273244
31,18,0.0320294908273244
31,19,0.04307165042011035
31,20,0.032034532716021843
31,21,0.02653652470232294
31,22,0.02653652470232294
31,23,0.032034532716021843
31,24,0.0375786842951089
31,25,0.04307165042011035
31,26,0.04307165042011035
31,27,0.05411381001289631
31,28,0.0430766923088078
31,29,0.0375786842951089
31,30,0.0375786842951089
31,31,0.0430766923088078
31,32,0.026541566591020395
31,33,0.032034532716021843
31,34,0.032034532716021843
31,35,0.0430766923088078
31,36,0.0320395746047193
31,37,0.02654156659102039
31,38,0.02654156659102039
31,39,0.0320395746047193
31,40,0.021043558577321486
31,41,0.02653652470232294
31,42,0.02653652470232294
31,43,0.0375786842951089
31,44,0.02654156659102039
31,45,0.021043558577321486
31,46,0.021043558577321486
31,47,0.02654156659102039
31,48,0.021043558577321486
31,49,0.02653652470232294
31,50,0.02653652470232294
31,51,0.0375786842951089
31,52,0.02654156659102039
31,53,0.021043558577321486
31,54,0.021043558577321486
31,55,0.02654156659102039
31,56,0.02654156659102041
31,57,0.032034532716021843
31,58,0.032034532716021843
31,59,0.0430766923088078
31,60,0.0320395746047193
31,61,0.02654156659102039
31,62,0.02654156659102039
31,63,0.0320395746047193
32,0,0.0052515873763398545
32,1,0.01056093227619602
32,2,0.01056093227619602
32,3,0.02122717980246678
32,4,0.01056597416489347
32,5,0.005251587376339855
32,6,0.005251587376339855
32,7,0.01056597416489347
32,8,0.010560932276196018
32,9,0.01587027717605219
32,10,0.01587027717605219
32,11,0.02653652470232294
32,12,0.01587531906474964
32,13,0.010560932276196023
32,14,0.010560932276196023
32,15,0.01587531906474964
32,16,0.010560932276196018
32,17,0.01587027717605219
32,18,0.01587027717605219
32,19,0.02653652470232294
32,20,0.01587531906474964
32,21,0.010560932276196023
32,22,0.010560932276196023
32,23,0.01587531906474964
32,24,0.02122717980246678
32,25,0.02653652470232294
32,26,0.02653652470232294
32,27,0.037202772228593695
32,28,0.02654156659102039
32,29,0.021227179802466776
32,30,0.021227179802466776
32,31,0.02654156659102039
32,32,0.010565974164893473
32,33,0.01587531906474964
32,34,0.01587531906474964
32,35,0.02654156659102039
32,36,0.015880360953447088
32,37,0.010565974164893473
32,38,0.010565974164893473
32,39,0.015880360953447088
32,40,0.0052515873763398545
32,41,0.010560932276196023
32,42,0.010560932276196023
32,43,0.021227179802466776
32,44,0.010565974164893473
32,45,0.005251587376339857
32,46,0.005251587376339857
32,47,0.010565974164893473
32,48,0.0052515873763398545
32,49,0.010560932276196023
32,50,0.010560932276196023
32,51,0.021227179802466776
32,52,0.010565974164893473
32,53,0.005251587376339857
32,54,0.005251587376339857
32,55,0.010565974164893473
32,56,0.010565974164893471
32,57,0.01587531906474964
32,58,0.01587531906474964
32,59,0.02654156659102039
32,60,0.015880360953447088
32,61,0.010565974164893473
32,62,0.010565974164893473
32,63,0.015880360953447088
33,0,0.01050317475267971
33,1,0.015875319064749642
33,2,0.015875319064749642
33,3,0.02666238840395193
33,4,0.015875319064749628
33,5,0.010503174752679707
33,6,0.010503174752679707
33,7,0.015875319064749635
33,8,0.01587531906474963
33,9,0.02124746337681956
33,10,0.02124746337681956
33,11,0.03203453271602185
33,12,0.02124746337681956
33,13,0.015875319064749635
33,14,0.015875319064749635
33,15,0.02124746337681956
33,16,0.01587531906474963
33,17,0.02124746337681956
33,18,0.02124746337681956
33,19,0.03203453271602185
33,20,0.02124746337681956
33,21,0.015875319064749635
33,22,0.015875319064749635
33,23,0.02124746337681956
33,24,0.02666238840395193
33,25,0.03203453271602185
33,26,0.03203453271602185
33,27,0.042821602055224145
33,28,0.03203453271602185
33,29,0.02666238840395193
33,30,0.02666238840395193
33,31,0.03203453271602185
33,32,0.015875319064749635
33,33,0.02124746337681956
33,34,0.02124746337681956
33,35,0.03203453271602185
33,36,0.021247463376819563
33,37,0.015875319064749635
33,38,0.015875319064749635
33,39,0.021247463376819563
33,40,0.010503174752679707
33,41,0.015875319064749635
33,42,0.015875319064749635
33,43,0.02666238840395193
33,44,0.015875319064749635
33,45,0.01050317475267971
33,46,0.01050317475267971
33,47,0.015875319064749635
33,48,0.010503174752679707
33,49,0.015875319064749635
33,50,0.015875319064749635
33,51,0.02666238840395193
33,52,0.015875319064749635
33,53,0.01050317475267971
33,54,0.01050317475267971
33,55,0.015875319064749635
33,56,0.015875319064749635
33,57,0.02124746337681956
33,58,0.02124746337681956
33,59,0.03203453271602185
33,60,0.021247463376819563
33,61,0.015875319064749635
33,62,0.015875319064749635
33,63,0.021247463376819563
34,0,0.01050317475267971
34,1,0.015875319064749642
34,2,0.015875319064749642
34,3,0.02666238840395193
34,4,0.015875319064749628
34,5,0.010503174752679707
34,6,0.010503174752679707
34,7,0.015875319064749635
34,8,0.01587531906474963
34,9,0.02124746337681956
34,10,0.02124746337681956
34,11,0.03203453271602185
34,12,0.02124746337681956
34,13,0.015875319064749635
34,14,0.015875319064749635
34,15,0.02124746337681956
34,16,0.01587531906474963
34,17,0.02124746337681956
34,18,0.02124746337681956
34,19,0.03203453271602185
34,20,0.02124746337681956
34,21,0.015875319064749635
34,22,0.015875319064749635
34,23,0.02124746337681956
34,24,0.02666238840395193
34,25,0.03203453271602185
34,26,0.03203453271602185
34,27,0.042821602055224145
34,28,0.03203453271602185
34,29,0.02666238840395193
34,30,0.02666238840395193
34,31,0.03203453271602185
34,32,0.015875319064749635
34,33,0.02124746337681956
34,34,0.02124746337681956
34,35,0.03203453271602185
34,36,0.021247463376819563
34,37,0.015875319064749635
34,38,0.015875319064749635
34,39,0.021247463376819563
34,40,0.010503174752679707
34,41,0.015875319064749635
34,42,0.015875319064749635
34,43,0.02666238840395193
34,44,0.015875319064749635
34,45,0.01050317475267971
34,46,0.01050317475267971
34,47,0.015875319064749635
34,48,0.010503174752679707
34,49,0.015875319064749635
34,50,0.015875319064749635
34,51,0.02666238840395193
34,52,0.015875319064749635
34,53,0.01050317475267971
34,54,0.01050317475267971
34,55,0.015875319064749635
34,56,0.015875319064749635
34,57,0.02124746337681956
34,58,0.02124746337681956
34,59,0.03203453271602185
34,60,0.021247463376819563
34,61,0.015875319064749635
34,62,0.015875319064749635
34,63,0.021247463376819563
35,0,0.021043558577321486
35,1,0.02653652470232294
35,2,0.02653652470232294
35,3,0.0375786842951089
35,4,0.026541566591020395
35,5,0.021043558577321486
35,6,0.021043558577321486
35,7,0.026541566591020388
35,8,0.026536524702322935
35,9,0.0320294908273244
35,10,0.0320294908273244
35,11,0.04307165042011035
35,12,0.03203453271602186
35,13,0.02653652470232294
35,14,0.02653652470232294
35,15,0.03203453271602186
35,16,0.026536524702322935
35,17,0.0320294908273244
35,18,0.0320294908273244
35,19,0.04307165042011035
35,20,0.03203453271602186
35,21,0.02653652470232294
35,22,0.02653652470232294
35,23,0.03203453271602186
35,24,0.0375786842951089
35,25,0.04307165042011035
35,26,0.04307165042011035
35,27,0.054113810012896314
35,28,0.04307669230880781
35,29,0.0375786842951089
35,30,0.0375786842951089
35,31,0.04307669230880781
35,32,0.026541566591020395
35,33,0.03203453271602186
35,34,0.03203453271602186
35,35,0.04307669230880781
35,36,0.032039574604719304
35,37,0.026541566591020395
35,38,0.026541566591020395
35,39,0.032039574604719304
35,40,0.02104355857732148
35,41,0.02653652470232294
35,42,0.02653652470232294
35,43,0.0375786842951089
35,44,0.026541566591020395
35,45,0.021043558577321483
35,46,0.021043558577321483
35,47,0.026541566591020395
35,48,0.02104355857732148
35,49,0.02653652470232294
35,50,0.02653652470232294
35,51,0.0375786842951089
35,52,0.026541566591020395
35,53,0.021043558577321483
35,54,0.021043558577321483
35,55,0.026541566591020395
35,56,0.02654156659102038
35,57,0.03203453271602186
35,58,0.03203453271602186
35,59,0.04307669230880781
35,60,0.032039574604719304
35,61,0.026541566591020395
35,62,0.026541566591020395
35,63,0.032039574604719304
36,0,0.01050317475267971
36,1,0.015870277176052182
36,2,0.015870277176052182
36,3,0.026662388403951926
36,4,0.015880360953447088
36,5,0.010503174752679709
36,6,0.010503174752679709
36,7,0.015880360953447088
36,8,0.01587027717605219
36,9,0.021237379599424656
36,10,0.021237379599424656
36,11,0.0320294908273244
36,12,0.02124746337681956
36,13,0.015870277176052182
36,14,0.015870277176052182
36,15,0.02124746337681956
36,16,0.01587027717605219
36,17,0.021237379599424656
36,18,0.021237379599424656
36,19,0.0320294908273244
36,20,0.02124746337681956
36,21,0.015870277176052182
36,22,0.015870277176052182
36,23,0.02124746337681956
36,24,0.026662388403951926
36,25,0.0320294908273244
36,26,0.0320294908273244
36,27,0.04282160205522414
36,28,0.0320395746047193
36,29,0.026662388403951923
36,30,0.026662388403951923
36,31,0.0320395746047193
36,32,0.015880360953447085
36,33,0.02124746337681956
36,34,0.02124746337681956
36,35,0.0320395746047193
36,36,0.02125754715421446
36,37,0.01588036095344708
36,38,0.01588036095344708
36,39,0.02125754715421446
36,40,0.010503174752679712
36,41,0.015870277176052182
36,42,0.015870277176052182
36,43,0.026662388403951923
36,44,0.01588036095344708
36,45,0.010503174752679709
36,46,0.010503174752679709
36,47,0.01588036095344708
36,48,0.010503174752679712
36,49,0.015870277176052182
36,50,0.015870277176052182
36,51,0.026662388403951923
36,52,0.01588036095344708
36,53,0.010503174752679709
36,54,0.010503174752679709
36,55,0.01588036095344708
36,56,0.01588036095344708
36,57,0.02124746337681956
36,58,0.02124746337681956
36,59,0.0320395746047193
36,60,0.02125754715421446
36,61,0.01588036095344708
36,62,0.01588036095344708
36,63,0.02125754715421446
37,0,0.005251587376339855
37,1,0.010560932276196016
37,2,0.010560932276196016
37,3,0.021227179802466776
37,4,0.01056597416489347
37,5,0.005251587376339855
37,6,0.005251587376339855
37,7,0.010565974164893466
37,8,0.010560932276196023
37,9,0.015870277176052182
37,10,0.015870277176052182
37,11,0.02653652470232294
37,12,0.015875319064749635
37,13,0.01056093227619602
37,14,0.01056093227619602
37,15,0.015875319064749635
37,16,0.010560932276196023
37,17,0.015870277176052182
37,18,0.015870277176052182
37,19,0.02653652470232294
37,20,0.015875319064749635
37,21,0.01056093227619602
37,22,0.01056093227619602
37,23,0.015875319064749635
37,24,0.021227179802466776
37,25,0.02653652470232294
37,26,0.02653652470232294
37,27,0.0372027722285937
37,28,0.026541566591020395
37,29,0.02122717980246678
37,30,0.02122717980246678
37,31,0.026541566591020395
37,32,0.010565974164893473
37,33,0.015875319064749635
37,34,0.015875319064749635
37,35,0.026541566591020395
37,36,0.015880360953447088
37,37,0.010565974164893473
37,38,0.010565974164893473
37,39,0.015880360953447088
37,40,0.005251587376339854
37,41,0.01056093227619602
37,42,0.01056093227619602
37,43,0.02122717980246678
37,44,0.010565974164893473
37,45,0.005251587376339855
37,46,0.005251587376339855
37,47,0.010565974164893473
37,48,0.005251587376339854
37,49,0.01056093227619602
37,50,0.01056093227619602
37,51,0.02122717980246678
37,52,0.010565974164893473
37,53,0.005251587376339855
37,54,0.005251587376339855
37,55,0.010565974164893473
37,56,0.01056597416489347
37,57,0.015875319064749635
37,58,0.015875319064749635
37,59,0.026541566591020395
37,60,0.015880360953447088
37,61,0.010565974164893473
37,62,0.010565974164893473
37,63,0.015880360953447088
38,0,0.005251587376339855
38,1,0.010560932276196016
38,2,0.010560932276196016
38,3,0.021227179802466776
38,4,0.01056597416489347
38,5,0.005251587376339855
38,6,0.005251587376339855
38,7,0.010565974164893466
38,8,0.010560932276196023
38,9,0.015870277176052182
38,10,0.015870277176052182
38,11,0.02653652470232294
38,12,0.015875319064749635
38,13,0.01056093227619602
38,14,0.01056093227619602
38,15,0.015875319064749635
38,16,0.010560932276196023
38,17,0.015870277176052182
38,18,0.015870277176052182
38,19,0.02653652470232294
38,20,0.015875319064749635
38,21,0.01056093227619602
38,22,0.01056093227619602
38,23,0.015875319064749635
38,24,0.021227179802466776
38,25,0.02653652470232294
38,26,0.02653652470232294
38,27,0.0372027722285937
38,28,0.026541566591020395
38,29,0.02122717980246678
38,30,0.02122717980246678
38,31,0.026541566591020395
38,32,0.010565974164893473
38,33,0.015875319064749635
38,34,0.015875319064749635
38,35,0.026541566591020395
38,36,0.015880360953447088
38,37,0.010565974164893473
38,38,0.010565974164893473
38,39,0.015880360953447088
38,40,0.005251587376339854
38,41,0.01056093227619602
38,42,0.01056093227619602
38,43,0.02122717980246678
38,44,0.010565974164893473
38,45,0.005251587376339855
38,46,0.005251587376339855
38,47,0.010565974164893473
38,48,0.005251587376339854
38,49,0.01056093227619602
38,50,0.01056093227619602
38,51,0.02122717980246678
38,52,0.010565974164893473
38,53,0.005251587376339855
38,54,0.005251587376339855
38,55,0.010565974164893473
38,56,0.01056597416489347
38,57,0.015875319064749635
38,58,0.015875319064749635
38,59,0.026541566591020395
38,60,0.015880360953447088
38,61,0.010565974164893473
38,62,0.010565974164893473
38,63,0.015880360953447088
39,0,0.01050317475267971
39,1,0.01587027717605219
39,2,0.01587027717605219
39,3,0.02666238840395193
39,4,0.015880360953447085
39,5,0.010503174752679714
39,6,0.010503174752679714
39,7,0.015880360953447085
39,8,0.015870277176052182
39,9,0.021237379599424656
39,10,0.021237379599424656
39,11,0.0320294908273244
39,12,0.021247463376819556
39,13,0.015870277176052182
39,14,0.015870277176052182
39,15,0.021247463376819556
39,16,0.015870277176052182
39,17,0.021237379599424656
39,18,0.021237379599424656
39,19,0.0320294908273244
39,20,0.021247463376819556
39,21,0.015870277176052182
39,22,0.015870277176052182
39,23,0.021247463376819556
39,24,0.02666238840395193
39,25,0.0320294908273244
39,26,0.0320294908273244
39,27,0.042821602055224145
39,28,0.032039574604719304
39,29,0.02666238840395193
39,30,0.02666238840395193
39,31,0.032039574604719304
39,32,0.015880360953447085
39,33,0.021247463376819556
39,34,0.021247463376819556
39,35,0.032039574604719304
39,36,0.021257547154214462
39,37,0.015880360953447088
39,38,0.015880360953447088
39,39,0.021257547154214462
39,40,0.010503174752679714
39,41,0.015870277176052182
39,42,0.015870277176052182
39,43,0.02666238840395193
39,44,0.015880360953447088
39,45,0.01050317475267971
39,46,0.01050317475267971
39,47,0.015880360953447088
39,48,0.010503174752679714
39,49,0.015870277176052182
39,50,0.015870277176052182
39,51,0.02666238840395193
39,52,0.015880360953447088
39,53,0.01050317475267971
39,54,0.01050317475267971
39,55,0.015880360953447088
39,56,0.015880360953447085
39,57,0.021247463376819556
39,58,0.021247463376819556
39,59,0.032039574604719304
39,60,0.021257547154214462
39,61,0.015880360953447088
39,62,0.015880360953447088
39,63,0.021257547154214462
40,0,0.0
40,1,0.005251587376339854
40,2,0.005251587376339854
40,3,0.01579197120098163
40,4,0.005251587376339856
40,5,0.0
40,6,0.0
40,7,0.005251587376339855
40,8,0.005251587376339855
40,9,0.010503174752679712
40,10,0.010503174752679712
40,11,0.021043558577321486
40,12,0.01050317475267971
40,13,0.005251587376339856
40,14,0.005251587376339856
40,15,0.01050317475267971
40,16,0.005251587376339855
40,17,0.010503174752679712
40,18,0.010503174752679712
40,19,0.021043558577321486
40,20,0.01050317475267971
40,21,0.005251587376339856
40,22,0.005251587376339856
40,23,0.01050317475267971
40,24,0.01579197120098163
40,25,0.021043558577321486
40,26,0.021043558577321486
40,27,0.03158394240196326
40,28,0.021043558577321486
40,29,0.01579197120098163
40,30,0.01579197120098163
40,31,0.021043558577321486
40,32,0.005251587376339858
40,33,0.01050317475267971
40,34,0.01050317475267971
40,35,0.021043558577321486
40,36,0.01050317475267971
40,37,0.005251587376339855
40,38,0.005251587376339855
40,39,0.01050317475267971
40,40,0.0
40,41,0.005251587376339856
40,42,0.005251587376339856
40,43,0.01579197120098163
40,44,0.005251587376339855
40,45,0.0
40,46,0.0
40,47,0.005251587376339855
40,48,0.0
40,49,0.005251587376339856
40,50,0.005251587376339856
40,51,0.01579197120098163
40,52,0.005251587376339855
40,53,0.0
40,54,0.0
40,55,0.005251587376339855
40,56,0.0052515873763398545
40,57,0.01050317475267971
40,58,0.01050317475267971
40,59,0.021043558577321486
40,60,0.01050317475267971
40,61,0.005251587376339855
40,62,0.005251587376339855
40,63,0.01050317475267971
41,0,0.005251587376339855
41,1,0.010565974164893473
41,2,0.010565974164893473
41,3,0.021227179802466786
41,4,0.010560932276196021
41,5,0.005251587376339854
41,6,0.005251587376339854
41,7,0.010560932276196023
41,8,0.01056597416489347
41,9,0.015880360953447088
41,10,0.015880360953447088
41,11,0.026541566591020395
41,12,0.01587531906474964
41,13,0.010565974164893473
41,14,0.010565974164893473
41,15,0.01587531906474964
41,16,0.01056597416489347
41,17,0.015880360953447088
41,18,0.015880360953447088
41,19,0.026541566591020395
41,20,0.01587531906474964
41,21,0.010565974164893473
41,22,0.010565974164893473
41,23,0.01587531906474964
41,24,0.02122717980246678
41,25,0.026541566591020395
41,26,0.026541566591020395
41,27,0.0372027722285937
41,28,0.026536524702322945
41,29,0.02122717980246678
41,30,0.02122717980246678
41,31,0.026536524702322945
41,32,0.01056093227619602
41,33,0.01587531906474964
41,34,0.01587531906474964
41,35,0.026536524702322945
41,36,0.01587027717605219
41,37,0.010560932276196021
41,38,0.010560932276196021
41,39,0.01587027717605219
41,40,0.005251587376339855
41,41,0.010565974164893473
41,42,0.010565974164893473
41,43,0.02122717980246678
41,44,0.010560932276196021
41,45,0.005251587376339855
41,46,0.005251587376339855
41,47,0.010560932276196021
41,48,0.005251587376339855
41,49,0.010565974164893473
41,50,0.010565974164893473
41,51,0.02122717980246678
41,52,0.010560932276196021
41,53,0.005251587376339855
41,54,0.005251587376339855
41,55,0.010560932276196021
41,56,0.01056093227619602
41,57,0.01587531906474964
41,58,0.01587531906474964
41,59,0.026536524702322945
41,60,0.01587027717605219
41,61,0.010560932276196021
41,62,0.010560932276196021
41,63,0.01587027717605219
42,0,0.005251587376339855
42,1,0.010565974164893473
42,2,0.010565974164893473
42,3,0.021227179802466786
42,4,0.010560932276196021
42,5,0.005251587376339854
42,6,0.005251587376339854
42,7,0.010560932276196023
42,8,0.01056597416489347
42,9,0.015880360953447088
42,10,0.015880360953447088
42,11,0.026541566591020395
42,12,0.01587531906474964
42,13,0.010565974164893473
42,14,0.010565974164893473
42,15,0.01587531906474964
42,16,0.01056597416489347
42,17,0.015880360953447088
42,18,0.015880360953447088
42,19,0.026541566591020395
42,20,0.01587531906474964
42,21,0.010565974164893473
42,22,0.010565974164893473
42,23,0.01587531906474964
42,24,0.02122717980246678
42,25,0.026541566591020395
42,26,0.026541566591020395
42,27,0.0372027722285937
42,28,0.026536524702322945
42,29,0.02122717980246678
42,30,0.02122717980246678
42,31,0.026536524702322945
42,32,0.01056093227619602
42,33,0.01587531906474964
42,34,0.01587531906474964
42,35,0.026536524702322945
42,36,0.01587027717605219
42,37,0.010560932276196021
42,38,0.010560932276196021
42,39,0.01587027717605219
42,40,0.005251587376339855
42,41,0.010565974164893473
42,42,0.010565974164893473
42,43,0.02122717980246678
42,44,0.010560932276196021
42,45,0.005251587376339855
42,46,0.005251587376339855
42,47,0.010560932276196021
42,48,0.005251587376339855
42,49,0.010565974164893473
42,50,0.010565974164893473
42,51,0.02122717980246678
42,52,0.010560932276196021
42,53,0.005251587376339855
42,54,0.005251587376339855
42,55,0.010560932276196021
42,56,0.01056093227619602
42,57,0.01587531906474964
42,58,0.01587531906474964
42,59,0.026536524702322945
42,60,0.01587027717605219
42,61,0.010560932276196021
42,62,0.010560932276196021
42,63,0.01587027717605219
43,0,0.01579197120098163
43,1,0.02122717980246678
43,2,0.02122717980246678
43,3,0.03214347569362373
43,4,0.021227179802466772
43,5,0.01579197120098163
43,6,0.01579197120098163
43,7,0.021227179802466786
43,8,0.021227179802466776
43,9,0.026662388403951923
43,10,0.026662388403951923
43,11,0.0375786842951089
43,12,0.026662388403951923
43,13,0.021227179802466776
43,14,0.021227179802466776
43,15,0.026662388403951923
43,16,0.021227179802466776
43,17,0.026662388403951923
43,18,0.026662388403951923
43,19,0.0375786842951089
43,20,0.026662388403951923
43,21,0.021227179802466776
43,22,0.021227179802466776
43,23,0.026662388403951923
43,24,0.032143475693623746
43,25,0.0375786842951089
43,26,0.0375786842951089
43,27,0.04849498018626587
43,28,0.0375786842951089
43,29,0.032143475693623746
43,30,0.032143475693623746
43,31,0.0375786842951089
43,32,0.02122717980246678
43,33,0.026662388403951923
43,34,0.026662388403951923
43,35,0.0375786842951089
43,36,0.026662388403951923
43,37,0.021227179802466776
43,38,0.021227179802466776
43,39,0.026662388403951923
43,40,0.015791971200981622
43,41,0.021227179802466776
43,42,0.021227179802466776
43,43,0.032143475693623746
43,44,0.021227179802466776
43,45,0.01579197120098163
43,46,0.01579197120098163
43,47,0.021227179802466776
43,48,0.015791971200981622
43,49,0.021227179802466776
43,50,0.021227179802466776
43,51,0.032143475693623746
43,52,0.021227179802466776
43,53,0.01579197120098163
43,54,0.01579197120098163
43,55,0.021227179802466776
43,56,0.021227179802466783
43,57,0.026662388403951923
43,58,0.026662388403951923
43,59,0.0375786842951089
43,60,0.026662388403951923
43,61,0.021227179802466776
43,62,0.021227179802466776
43,63,0.026662388403951923
44,0,0.005251587376339855
44,1,0.01056093227619602
44,2,0.01056093227619602
44,3,0.021227179802466786
44,4,0.010565974164893473
44,5,0.005251587376339854
44,6,0.005251587376339854
44,7,0.01056597416489347
44,8,0.01056093227619602
44,9,0.015870277176052182
44,10,0.015870277176052182
44,11,0.02653652470232294
44,12,0.015875319064749635
44,13,0.01056093227619602
44,14,0.01056093227619602
44,15,0.015875319064749635
44,16,0.01056093227619602
44,17,0.015870277176052182
44,18,0.015870277176052182
44,19,0.02653652470232294
44,20,0.015875319064749635
44,21,0.01056093227619602
44,22,0.01056093227619602
44,23,0.015875319064749635
44,24,0.021227179802466783
44,25,0.02653652470232294
44,26,0.02653652470232294
44,27,0.0372027722285937
44,28,0.026541566591020395
44,29,0.02122717980246678
44,30,0.02122717980246678
44,31,0.026541566591020395
44,32,0.01056597416489347
44,33,0.015875319064749635
44,34,0.015875319064749635
44,35,0.026541566591020395
44,36,0.015880360953447088
44,37,0.010565974164893471
44,38,0.010565974164893471
44,39,0.015880360953447088
44,40,0.005251587376339855
44,41,0.01056093227619602
44,42,0.01056093227619602
44,43,0.02122717980246678
44,44,0.010565974164893471
44,45,0.005251587376339855
44,46,0.005251587376339855
44,47,0.010565974164893471
44,48,0.005251587376339855
44,49,0.01056093227619602
44,50,0.01056093227619602
44,51,0.02122717980246678
44,52,0.010565974164893471
44,53,0.005251587376339855
44,54,0.005251587376339855
44,55,0.010565974164893471
44,56,0.01056597416489347
44,57,0.015875319064749635
44,58,0.015875319064749635
44,59,0.026541566591020395
44,60,0.015880360953447088
44,61,0.010565974164893471
44,62,0.010565974164893471
44,63,0.015880360953447088
45,0,0.0
45,1,0.005251587376339855
45,2,0.005251587376339855
45,3,0.01579197120098163
45,4,0.005251587376339855
45,5,0.0
45,6,0.0
45,7,0.005251587376339856
45,8,0.005251587376339856
45,9,0.01050317475267971
45,10,0.01050317475267971
45,11,0.021043558577321486
45,12,0.01050317475267971
45,13,0.005251587376339855
45,14,0.005251587376339855
45,15,0.01050317475267971
45,16,0.005251587376339856
45,17,0.01050317475267971
45,18,0.01050317475267971
45,19,0.021043558577321486
45,20,0.01050317475267971
45,21,0.005251587376339855
45,22,0.005251587376339855
45,23,0.01050317475267971
45,24,0.01579197120098163
45,25,0.021043558577321486
45,26,0.021043558577321486
45,27,0.03158394240196326
45,28,0.021043558577321483
45,29,0.01579197120098163
45,30,0.01579197120098163
45,31,0.021043558577321483
45,32,0.005251587376339856
45,33,0.01050317475267971
45,34,0.01050317475267971
45,35,0.021043558577321483
45,36,0.010503174752679709
45,37,0.0052515873763398545
45,38,0.0052515873763398545
45,39,0.010503174752679709
45,40,0.0
45,41,0.005251587376339855
45,42,0.005251587376339855
45,43,0.01579197120098163
45,44,0.0052515873763398545
45,45,0.0
45,46,0.0
45,47,0.0052515873763398545
45,48,0.0
45,49,0.005251587376339855
45,50,0.005251587376339855
45,51,0.01579197120098163
45,52,0.0052515873763398545
45,53,0.0
45,54,0.0
45,55,0.0052515873763398545
45,56,0.005251587376339855
45,57,0.01050317475267971
45,58,0.01050317475267971
45,59,0.021043558577321483
45,60,0.010503174752679709
45,61,0.0052515873763398545
45,62,0.0052515873763398545
45,63,0.010503174752679709
46,0,0.0
46,1,0.005251587376339855
46,2,0.005251587376339855
46,3,0.01579197120098163
46,4,0.005251587376339855
46,5,0.0
46,6,0.0
46,7,0.005251587376339856
46,8,0.005251587376339856
46,9,0.01050317475267971
46,10,0.01050317475267971
46,11,0.021043558577321486
46,12,0.01050317475267971
46,13,0.005251587376339855
46,14,0.005251587376339855
46,15,0.01050317475267971
46,16,0.005251587376339856
46,17,0.01050317475267971
46,18,0.01050317475267971
46,19,0.021043558577321486
46,20,0.01050317475267971
46,21,0.005251587376339855
46,22,0.005251587376339855
46,23,0.01050317475267971
46,24,0.01579197120098163
46,25,0.021043558577321486
46,26,0.021043558577321486
46,27,0.03158394240196326
46,28,0.021043558577321483
46,29,0.01579197120098163
46,30,0.01579197120098163
46,31,0.021043558577321483
46,32,0.005251587376339856
46,33,0.01050317475267971
46,34,0.01050317475267971
46,35,0.021043558577321483
46,36,0.010503174752679709
46,37,0.0052515873763398545
46,38,0.0052515873763398545
46,39,0.010503174752679709
46,40,0.0
46,41,0.005251587376339855
46,42,0.005251587376339855
46,43,0.01579197120098163
46,44,0.0052515873763398545
46,45,0.0
46,46,0.0
46,47,0.0052515873763398545
46,48,0.0
46,49,0.005251587376339855
46,50,0.005251587376339855
46,51,0.01579197120098163
46,52,0.0052515873763398545
46,53,0.0
46,54,0.0
46,55,0.0052515873763398545
46,56,0.005251587376339855
46,57,0.01050317475267971
46,58,0.01050317475267971
46,59,0.021043558577321483
46,60,0.010503174752679709
46,61,0.0052515873763398545
46,62,0.0052515873763398545
46,63,0.010503174752679709
47,0,0.005251587376339855
47,1,0.010560932276196026
47,2,0.010560932276196026
47,3,0.02122717980246678
47,4,0.01056597416489347
47,5,0.005251587376339854
47,6,0.005251587376339854
47,7,0.010565974164893473
47,8,0.010560932276196018
47,9,0.015870277176052182
47,10,0.015870277176052182
47,11,0.02653652470232294
47,12,0.015875319064749635
47,13,0.01056093227619602
47,14,0.01056093227619602
47,15,0.015875319064749635
47,16,0.010560932276196018
47,17,0.015870277176052182
47,18,0.015870277176052182
47,19,0.02653652470232294
47,20,0.015875319064749635
47,21,0.01056093227619602
47,22,0.01056093227619602
47,23,0.015875319064749635
47,24,0.02122717980246678
47,25,0.02653652470232294
47,26,0.02653652470232294
47,27,0.0372027722285937
47,28,0.026541566591020395
47,29,0.02122717980246678
47,30,0.02122717980246678
47,31,0.026541566591020395
47,32,0.01056597416489347
47,33,0.015875319064749635
47,34,0.015875319064749635
47,35,0.026541566591020395
47,36,0.015880360953447088
47,37,0.010565974164893471
47,38,0.010565974164893471
47,39,0.015880360953447088
47,40,0.005251587376339855
47,41,0.01056093227619602
47,42,0.01056093227619602
47,43,0.02122717980246678
47,44,0.010565974164893471
47,45,0.005251587376339855
47,46,0.005251587376339855
47,47,0.010565974164893471
47,48,0.005251587376339855
47,49,0.01056093227619602
47,50,0.01056093227619602
47,51,0.02122717980246678
47,52,0.010565974164893471
47,53,0.005251587376339855
47,54,0.005251587376339855
47,55,0.010565974164893471
47,56,0.01056597416489347
47,57,0.015875319064749635
47,58,0.015875319064749635
47,59,0.026541566591020395
47,60,0.015880360953447088
47,61,0.010565974164893471
47,62,0.010565974164893471
47,63,0.015880360953447088
48,0,0.0
48,1,0.005251587376339854
48,2,0.005251587376339854
48,3,0.01579197120098163
48,4,0.005251587376339856
48,5,0.0
48,6,0.0
48,7,0.005251587376339855
48,8,0.005251587376339855
48,9,0.010503174752679712
48,10,0.010503174752679712
48,11,0.021043558577321486
48,12,0.01050317475267971
48,13,0.005251587376339856
48,14,0.005251587376339856
48,15,0.01050317475267971
48,16,0.005251587376339855
48,17,0.010503174752679712
48,18,0.010503174752679712
48,19,0.021043558577321486
48,20,0.01050317475267971
48,21,0.005251587376339856
48,22,0.005251587376339856
48,23,0.01050317475267971
48,24,0.01579197120098163
48,25,0.021043558577321486
48,26,0.021043558577321486
48,27,0.03158394240196326
48,28,0.021043558577321486
48,29,0.01579197120098163
48,30,0.01579197120098163
48,31,0.021043558577321486
48,32,0.005251587376339858
48,33,0.01050317475267971
48,34,0.01050317475267971
48,35,0.021043558577321486
48,36,0.01050317475267971
48,37,0.005251587376339855
48,38,0.005251587376339855
48,39,0.01050317475267971
48,40,0.0
48,41,0.005251587376339856
48,42,0.005251587376339856
48,43,0.01579197120098163
48,44,0.005251587376339855
48,45,0.0
48,46,0.0
48,47,0.005251587376339855
48,48,0.0
48,49,0.005251587376339856
48,50,0.005251587376339856
48,51,0.01579197120098163
48,52,0.005251587376339855
48,53,0.0
48,54,0.0
48,55,0.005251587376339855
48,56,0.0052515873763398545
48,57,0.01050317475267971
48,58,0.01050317475267971
48,59,0.021043558577321486
48,60,0.01050317475267971
48,61,0.005251587376339855
48,62,0.005251587376339855
48,63,0.01050317475267971
49,0,0.005251587376339855
49,1,0.010565974164893473
49,2,0.010565974164893473
49,3,0.021227179802466786
49,4,0.010560932276196021
49,5,0.005251587376339854
49,6,0.005251587376339854
49,7,0.010560932276196023
49,8,0.01056597416489347
49,9,0.015880360953447088
49,10,0.015880360953447088
49,11,0.026541566591020395
49,12,0.01587531906474964
49,13,0.010565974164893473
49,14,0.010565974164893473
49,15,0.01587531906474964
49,16,0.01056597416489347
49,17,0.015880360953447088
49,18,0.015880360953447088
49,19,0.026541566591020395
49,20,0.01587531906474964
49,21,0.010565974164893473
49,22,0.010565974164893473
49,23,0.01587531906474964
49,24,0.02122717980246678
49,25,0.026541566591020395
49,26,0.026541566591020395
49,27,0.0372027722285937
49,28,0.026536524702322945
49,29,0.02122717980246678
49,30,0.02122717980246678
49,31,0.026536524702322945
49,32,0.01056093227619602
49,33,0.01587531906474964
49,34,0.01587531906474964
49,35,0.026536524702322945
49,36,0.01587027717605219
49,37,0.010560932276196021
49,38,0.010560932276196021
49,39,0.01587027717605219
49,40,0.005251587376339855
49,41,0.010565974164893473
49,42,0.010565974164893473
49,43,0.02122717980246678
49,44,0.010560932276196021
49,45,0.005251587376339855
49,46,0.005251587376339855
49,47,0.010560932276196021
49,48,0.005251587376339855
49,49,0.010565974164893473
49,50,0.010565974164893473
49,51,0.02122717980246678
49,52,0.010560932276196021
49,53,0.005251587376339855
49,54,0.005251587376339855
49,55,0.010560932276196021
49,56,0.01056093227619602
49,57,0.01587531906474964
49,58,0.01587531906474964
49,59,0.026536524702322945
49,60,0.01587027717605219
49,61,0.010560932276196021
49,62,0.010560932276196021
49,63,0.01587027717605219
50,0,0.005251587376339855
50,1,0.010565974164893473
50,2,0.010565974164893473
50,3,0.021227179802466786
50,4,0.010560932276196021
50,5,0.005251587376339854
50,6,0.005251587376339854
50,7,0.010560932276196023
50,8,0.01056597416489347
50,9,0.015880360953447088
50,10,0.015880360953447088
50,11,0.026541566591020395
50,12,0.01587531906474964
50,13,0.010565974164893473
50,14,0.010565974164893473
50,15,0.01587531906474964
50,16,0.01056597416489347
50,17,0.015880360953447088
50,18,0.015880360953447088
50,19,0.026541566591020395
50,20,0.01587531906474964
50,21,0.010565974164893473
50,22,0.010565974164893473
50,23,0.01587531906474964
50,24,0.02122717980246678
50,25,0.026541566591020395
50,26,0.026541566591020395
50,27,0.0372027722285937
50,28,0.026536524702322945
50,29,0.02122717980246678
50,30,0.02122717980246678
50,31,0.026536524702322945
50,32,0.01056093227619602
50,33,0.01587531906474964
50,34,0.01587531906474964
50,35,0.026536524702322945
50,36,0.01587027717605219
50,37,0.010560932276196021
50,38,0.010560932276196021
50,39,0.01587027717605219
50,40,0.005251587376339855
50,41,0.010565974164893473
50,42,0.010565974164893473
50,43,0.02122717980246678
50,44,0.010560932276196021
50,45,0.005251587376339855
50,46,0.005251587376339855
50,47,0.010560932276196021
50,48,0.005251587376339855
50,49,0.010565974164893473
50,50,0.010565974164893473
50,51,0.02122717980246678
50,52,0.010560932276196021
50,53,0.005251587376339855
50,54,0.005251587376339855
50,55,0.010560932276196021
50,56,0.01056093227619602
50,57,0.01587531906474964
50,58,0.01587531906474964
50,59,0.026536524702322945
50,60,0.01587027717605219
50,61,0.010560932276196021
50,62,0.010560932276196021
50,63,0.01587027717605219
51,0,0.01579197120098163
51,1,0.02122717980246678
51,2,0.02122717980246678
51,3,0.03214347569362373
51,4,0.021227179802466772
51,5,0.01579197120098163
51,6,0.01579197120098163
51,7,0.021227179802466786
51,8,0.021227179802466776
51,9,0.026662388403951923
51,10,0.026662388403951923
51,11,0.0375786842951089
51,12,0.026662388403951923
51,13,0.021227179802466776
51,14,0.021227179802466776
51,15,0.026662388403951923
51,16,0.021227179802466776
51,17,0.026662388403951923
51,18,0.026662388403951923
51,19,0.0375786842951089
51,20,0.026662388403951923
51,21,0.021227179802466776
51,22,0.021227179802466776
51,23,0.026662388403951923
51,24,0.032143475693623746
51,25,0.0375786842951089
51,26,0.0375786842951089
51,27,0.04849498018626587
51,28,0.0375786842951089
51,29,0.032143475693623746
51,30,0.032143475693623746
51,31,0.0375786842951089
51,32,0.02122717980246678
51,33,0.026662388403951923
51,34,0.026662388403951923
51,35,0.0375786842951089
51,36,0.026662388403951923
51,37,0.021227179802466776
51,38,0.021227179802466776
51,39,0.026662388403951923
51,40,0.015791971200981622
51,41,0.021227179802466776
51,42,0.021227179802466776
51,43,0.032143475693623746
51,44,0.021227179802466776
51,45,0.01579197120098163
51,46,0.01579197120098163
51,47,0.021227179802466776
51,48,0.015791971200981622
51,49,0.021227179802466776
51,50,0.021227179802466776
51,51,0.032143475693623746
51,52,0.021227179802466776
51,53,0.01579197120098163
51,54,0.01579197120098163
51,55,0.021227179802466776
51,56,0.021227179802466783
51,57,0.026662388403951923
51,58,0.026662388403951923
51,59,0.0375786842951089
51,60,0.026662388403951923
51,61,0.021227179802466776
51,62,0.021227179802466776
51,63,0.026662388403951923
52,0,0.005251587376339855
52,1,0.01056093227619602
52,2,0.01056093227619602
52,3,0.021227179802466786
52,4,0.010565974164893473
52,5,0.005251587376339854
52,6,0.005251587376339854
52,7,0.01056597416489347
52,8,0.01056093227619602
52,9,0.015870277176052182
52,10,0.015870277176052182
52,11,0.02653652470232294
52,12,0.015875319064749635
52,13,0.01056093227619602
52,14,0.01056093227619602
52,15,0.015875319064749635
52,16,0.01056093227619602
52,17,0.015870277176052182
52,18,0.015870277176052182
52,19,0.02653652470232294
52,20,0.015875319064749635
52,21,0.01056093227619602
52,22,0.01056093227619602
52,23,0.015875319064749635
52,24,0.021227179802466783
52,25,0.02653652470232294
52,26,0.02653652470232294
52,27,0.0372027722285937
52,28,0.026541566591020395
52,29,0.02122717980246678
52,30,0.02122717980246678
52,31,0.026541566591020395
52,32,0.01056597416489347
52,33,0.015875319064749635
52,34,0.015875319064749635
52,35,0.026541566591020395
52,36,0.015880360953447088
52,37,0.010565974164893471
52,38,0.010565974164893471
52,39,0.015880360953447088
52,40,0.005251587376339855
52,41,0.01056093227619602
52,42,0.01056093227619602
52,43,0.02122717980246678
52,44,0.010565974164893471
52,45,0.005251587376339855
52,46,0.005251587376339855
52,47,0.010565974164893471
52,48,0.005251587376339855
52,49,0.01056093227619602
52,50,0.01056093227619602
52,51,0.02122717980246678
52,52,0.010565974164893471
52,53,0.005251587376339855
52,54,0.005251587376339855
52,55,0.010565974164893471
52,56,0.01056597416489347
52,57,0.015875319064749635
52,58,0.015875319064749635
52,59,0.026541566591020395
52,60,0.015880360953447088
52,61,0.010565974164893471
52,62,0.010565974164893471
52,63,0.015880360953447088
53,0,0.0
53,1,0.005251587376339855
53,2,0.005251587376339855
53,3,0.01579197120098163
53,4,0.005251587376339855
53,5,0.0
53,6,0.0
53,7,0.005251587376339856
53,8,0.005251587376339856
53,9,0.01050317475267971
53,10,0.01050317475267971
53,11,0.021043558577321486
53,12,0.01050317475267971
53,13,0.005251587376339855
53,14,0.005251587376339855
53,15,0.01050317475267971
53,16,0.005251587376339856
53,17,0.01050317475267971
53,18,0.01050317475267971
53,19,0.021043558577321486
53,20,0.01050317475267971
53,21,0.005251587376339855
53,22,0.005251587376339855
53,23,0.01050317475267971
53,24,0.01579197120098163
53,25,0.021043558577321486
53,26,0.021043558577321486
53,27,0.03158394240196326
53,28,0.021043558577321483
53,29,0.01579197120098163
53,30,0.01579197120098163
53,31,0.021043558577321483
53,32,0.005251587376339856
53,33,0.01050317475267971
53,34,0.01050317475267971
53,35,0.021043558577321483
53,36,0.010503174752679709
53,37,0.0052515873763398545
53,38,0.0052515873763398545
53,39,0.010503174752679709
53,40,0.0
53,41,0.005251587376339855
53,42,0.005251587376339855
53,43,0.01579197120098163
53,44,0.0052515873763398545
53,45,0.0
53,46,0.0
53,47,0.0052515873763398545
53,48,0.0
53,49,0.005251587376339855
53,50,0.005251587376339855
53,51,0.01579197120098163
53,52,0.0052515873763398545
53,53,0.0
53,54,0.0
53,55,0.0052515873763398545
53,56,0.005251587376339855
53,57,0.01050317475267971
53,58,0.01050317475267971
53,59,0.021043558577321483
53,60,0.010503174752679709
53,61,0.0052515873763398545
53,62,0.0052515873763398545
53,63,0.010503174752679709
54,0,0.0
54,1,0.005251587376339855
54,2,0.005251587376339855
54,3,0.01579197120098163
54,4,0.005251587376339855
54,5,0.0
54,6,0.0
54,7,0.005251587376339856
54,8,0.005251587376339856
54,9,0.01050317475267971
54,10,0.01050317475267971
54,11,0.021043558577321486
54,12,0.01050317475267971
54,13,0.005251587376339855
54,14,0.005251587376339855
54,15,0.01050317475267971
54,16,0.005251587376339856
54,17,0.01050317475267971
54,18,0.01050317475267971
54,19,0.021043558577321486
54,20,0.01050317475267971
54,21,0.005251587376339855
54,22,0.005251587376339855
54,23,0.01050317475267971
54,24,0.01579197120098163
54,25,0.021043558577321486
54,26,0.021043558577321486
54,27,0.03158394240196326
54,28,0.021043558577321483
54,29,0.01579197120098163
54,30,0.01579197120098163
54,31,0.021043558577321483
54,32,0.005251587376339856
54,33,0.01050317475267971
54,34,0.01050317475267971
54,35,0.021043558577321483
54,36,0.010503174752679709
54,37,0.0052515873763398545
54,38,0.0052515873763398545
54,39,0.010503174752679709
54,40,0.0
54,41,0.005251587376339855
54,42,0.005251587376339855
54,43,0.01579197120098163
54,44,0.0052515873763398545
54,45,0.0
54,46,0.0
54,47,0.0052515873763398545
54,48,0.0
54,49,0.005251587376339855
54,50,0.005251587376339855
54,51,0.01579197120098163
54,52,0.0052515873763398545
54,53,0.0
54,54,0.0
54,55,0.0052515873763398545
54,56,0.005251587376339855
54,57,0.01050317475267971
54,58,0.01050317475267971
54,59,0.021043558577321483
54,60,0.010503174752679709
54,61,0.0052515873763398545
54,62,0.0052515873763398545
54,63,0.010503174752679709
55,0,0.005251587376339855
55,1,0.010560932276196026
55,2,0.010560932276196026
55,3,0.02122717980246678
55,4,0.01056597416489347
55,5,0.005251587376339854
55,6,0.005251587376339854
55,7,0.010565974164893473
55,8,0.010560932276196018
55,9,0.015870277176052182
55,10,0.015870277176052182
55,11,0.02653652470232294
55,12,0.015875319064749635
55,13,0.01056093227619602
55,14,0.01056093227619602
55,15,0.015875319064749635
55,16,0.010560932276196018
55,17,0.015870277176052182
55,18,0.015870277176052182
55,19,0.02653652470232294
55,20,0.015875319064749635
55,21,0.01056093227619602
55,22,0.01056093227619602
55,23,0.015875319064749635
55,24,0.02122717980246678
55,25,0.02653652470232294
55,26,0.02653652470232294
55,27,0.0372027722285937
55,28,0.026541566591020395
55,29,0.02122717980246678
55,30,0.02122717980246678
55,31,0.026541566591020395
55,32,0.01056597416489347
55,33,0.015875319064749635
55,34,0.015875319064749635
55,35,0.026541566591020395
55,36,0.015880360953447088
55,37,0.010565974164893471
55,38,0.010565974164893471
55,39,0.015880360953447088
55,40,0.005251587376339855
55,41,0.01056093227619602
55,42,0.01056093227619602
55,43,0.02122717980246678
55,44,0.010565974164893471
55,45,0.005251587376339855
55,46,0.005251587376339855
55,47,0.010565974164893471
55,48,0.005251587376339855
55,49,0.01056093227619602
55,50,0.01056093227619602
55,51,0.02122717980246678
55,52,0.010565974164893471
55,53,0.005251587376339855
55,54,0.005251587376339855
55,55,0.010565974164893471
55,56,0.01056597416489347
55,57,0.015875319064749635
55,58,0.015875319064749635
55,59,0.026541566591020395
55,60,0.015880360953447088
55,61,0.010565974164893471
55,62,0.010565974164893471
55,63,0.015880360953447088
56,0,0.005251587376339855
56,1,0.010560932276196023
56,2,0.010560932276196023
56,3,0.021227179802466772
56,4,0.010565974164893473
56,5,0.005251587376339855
56,6,0.005251587376339855
56,7,0.010565974164893473
56,8,0.01056093227619602
56,9,0.01587027717605219
56,10,0.01587027717605219
56,11,0.02653652470232295
56,12,0.01587531906474964
56,13,0.010560932276196023
56,14,0.010560932276196023
56,15,0.01587531906474964
56,16,0.01056093227619602
56,17,0.01587027717605219
56,18,0.01587027717605219
56,19,0.02653652470232295
56,20,0.01587531906474964
56,21,0.010560932276196023
56,22,0.010560932276196023
56,23,0.01587531906474964
56,24,0.02122717980246678
56,25,0.02653652470232295
56,26,0.02653652470232295
56,27,0.03720277222859371
56,28,0.026541566591020402
56,29,0.021227179802466786
56,30,0.021227179802466786
56,31,0.026541566591020402
56,32,0.010565974164893473
56,33,0.01587531906474964
56,34,0.01587531906474964
56,35,0.026541566591020402
56,36,0.015880360953447088
56,37,0.010565974164893473
56,38,0.010565974164893473
56,39,0.015880360953447088
56,40,0.005251587376339854
56,41,0.010560932276196023
56,42,0.010560932276196023
56,43,0.021227179802466786
56,44,0.010565974164893473
56,45,0.005251587376339857
56,46,0.005251587376339857
56,47,0.010565974164893473
56,48,0.005251587376339854
56,49,0.010560932276196023
56,50,0.010560932276196023
56,51,0.021227179802466786
56,52,0.010565974164893473
56,53,0.005251587376339857
56,54,0.005251587376339857
56,55,0.010565974164893473
56,56,0.010565974164893473
56,57,0.01587531906474964
56,58,0.01587531906474964
56,59,0.026541566591020402
56,60,0.015880360953447088
56,61,0.010565974164893473
56,62,0.010565974164893473
56,63,0.015880360953447088
57,0,0.01050317475267971
57,1,0.015875319064749628
57,2,0.015875319064749628
57,3,0.02666238840395193
57,4,0.015875319064749635
57,5,0.010503174752679714
57,6,0.010503174752679714
57,7,0.01587531906474964
57,8,0.01587531906474964
57,9,0.021247463376819556
57,10,0.021247463376819556
57,11,0.03203453271602185
57,12,0.02124746337681956
57,13,0.015875319064749635
57,14,0.015875319064749635
57,15,0.02124746337681956
57,16,0.01587531906474964
57,17,0.021247463376819556
57,18,0.021247463376819556
57,19,0.03203453271602185
57,20,0.02124746337681956
57,21,0.015875319064749635
57,22,0.015875319064749635
57,23,0.02124746337681956
57,24,0.02666238840395193
57,25,0.03203453271602185
57,26,0.03203453271602185
57,27,0.042821602055224145
57,28,0.03203453271602186
57,29,0.02666238840395193
57,30,0.02666238840395193
57,31,0.03203453271602186
57,32,0.015875319064749628
57,33,0.02124746337681956
57,34,0.02124746337681956
57,35,0.03203453271602186
57,36,0.021247463376819563
57,37,0.015875319064749635
57,38,0.015875319064749635
57,39,0.021247463376819563
57,40,0.01050317475267971
57,41,0.015875319064749635
57,42,0.015875319064749635
57,43,0.02666238840395193
57,44,0.015875319064749635
57,45,0.01050317475267971
57,46,0.01050317475267971
57,47,0.015875319064749635
57,48,0.01050317475267971
57,49,0.015875319064749635
57,50,0.015875319064749635
57,51,0.02666238840395193
57,52,0.015875319064749635
57,53,0.01050317475267971
57,54,0.01050317475267971
57,55,0.015875319064749635
57,56,0.015875319064749628
57,57,0.02124746337681956
57,58,0.02124746337681956
57,59,0.03203453271602186
57,60,0.021247463376819563
57,61,0.015875319064749635
57,62,0.015875319064749635
57,63,0.021247463376819563
58,0,0.01050317475267971
58,1,0.015875319064749628
58,2,0.015875319064749628
58,3,0.02666238840395193
58,4,0.015875319064749635
58,5,0.010503174752679714
58,6,0.010503174752679714
58,7,0.01587531906474964
58,8,0.01587531906474964
58,9,0.021247463376819556
58,10,0.021247463376819556
58,11,0.03203453271602185
58,12,0.02124746337681956
58,13,0.015875319064749635
58,14,0.015875319064749635
58,15,0.02124746337681956
58,16,0.01587531906474964
58,17,0.021247463376819556
58,18,0.021247463376819556
58,19,0.03203453271602185
58,20,0.02124746337681956
58,21,0.015875319064749635
58,22,0.015875319064749635
58,23,0.02124746337681956
58,24,0.02666238840395193
58,25,0.03203453271602185
58,26,0.03203453271602185
58,27,0.042821602055224145
58,28,0.03203453271602186
58,29,0.02666238840395193
58,30,0.02666238840395193
58,31,0.03203453271602186
58,32,0.015875319064749628
58,33,0.02124746337681956
58,34,0.02124746337681956
58,35,0.03203453271602186
58,36,0.021247463376819563
58,37,0.015875319064749635
58,38,0.015875319064749635
58,39,0.021247463376819563
58,40,0.01050317475267971
58,41,0.015875319064749635
58,42,0.015875319064749635
58,43,0.02666238840395193
58,44,0.015875319064749635
58,45,0.01050317475267971
58,46,0.01050317475267971
58,47,0.015875319064749635
58,48,0.01050317475267971
58,49,0.015875319064749635
58,50,0.015875319064749635
58,51,0.02666238840395193
58,52,0.015875319064749635
58,53,0.01050317475267971
58,54,0.01050317475267971
58,55,0.015875319064749635
58,56,0.015875319064749628
58,57,0.02124746337681956
58,58,0.02124746337681956
58,59,0.03203453271602186
58,60,0.021247463376819563
58,61,0.015875319064749635
58,62,0.015875319064749635
58,63,0.021247463376819563
59,0,0.021043558577321486
59,1,0.02653652470232294
59,2,0.02653652470232294
59,3,0.03757868429510889
59,4,0.02654156659102039
59,5,0.02104355857732148
59,6,0.02104355857732148
59,7,0.0265415665910204
59,8,0.026536524702322938
59,9,0.032029490827324404
59,10,0.032029490827324404
59,11,0.04307165042011036
59,12,0.03203453271602185
59,13,0.02653652470232294
59,14,0.02653652470232294
59,15,0.03203453271602185
59,16,0.026536524702322938
59,17,0.032029490827324404
59,18,0.032029490827324404
59,19,0.04307165042011036
59,20,0.03203453271602185
59,21,0.02653652470232294
59,22,0.02653652470232294
59,23,0.03203453271602185
59,24,0.037578684295108904
59,25,0.04307165042011036
59,26,0.04307165042011036
59,27,0.054113810012896314
59,28,0.043076692308807805
59,29,0.0375786842951089
59,30,0.0375786842951089
59,31,0.043076692308807805
59,32,0.02654156659102039
59,33,0.03203453271602185
59,34,0.03203453271602185
59,35,0.043076692308807805
59,36,0.0320395746047193
59,37,0.026541566591020388
59,38,0.026541566591020388
59,39,0.0320395746047193
59,40,0.02104355857732149
59,41,0.02653652470232294
59,42,0.02653652470232294
59,43,0.0375786842951089
59,44,0.026541566591020388
59,45,0.021043558577321483
59,46,0.021043558577321483
59,47,0.026541566591020388
59,48,0.02104355857732149
59,49,0.02653652470232294
59,50,0.02653652470232294
59,51,0.0375786842951089
59,52,0.026541566591020388
59,53,0.021043558577321483
59,54,0.021043558577321483
59,55,0.026541566591020388
59,56,0.026541566591020395
59,57,0.03203453271602185
59,58,0.03203453271602185
59,59,0.043076692308807805
59,60,0.0320395746047193
59,61,0.026541566591020388
59,62,0.026541566591020388
59,63,0.0320395746047193
60,0,0.01050317475267971
60,1,0.015870277176052185
60,2,0.015870277176052185
60,3,0.02666238840395193
60,4,0.01588036095344708
60,5,0.010503174752679714
60,6,0.010503174752679714
60,7,0.015880360953447085
60,8,0.01587027717605219
60,9,0.021237379599424656
60,10,0.021237379599424656
60,11,0.0320294908273244
60,12,0.021247463376819556
60,13,0.015870277176052182
60,14,0.015870277176052182
60,15,0.021247463376819556
60,16,0.01587027717605219
60,17,0.021237379599424656
60,18,0.021237379599424656
60,19,0.0320294908273244
60,20,0.021247463376819556
60,21,0.015870277176052182
60,22,0.015870277176052182
60,23,0.021247463376819556
60,24,0.026662388403951937
60,25,0.0320294908273244
60,26,0.0320294908273244
60,27,0.042821602055224145
60,28,0.032039574604719304
60,29,0.02666238840395193
60,30,0.02666238840395193
60,31,0.032039574604719304
60,32,0.015880360953447085
60,33,0.021247463376819556
60,34,0.021247463376819556
60,35,0.032039574604719304
60,36,0.021257547154214462
60,37,0.015880360953447088
60,38,0.015880360953447088
60,39,0.021257547154214462
60,40,0.010503174752679714
60,41,0.015870277176052182
60,42,0.015870277176052182
60,43,0.02666238840395193
60,44,0.015880360953447088
60,45,0.01050317475267971
60,46,0.01050317475267971
60,47,0.015880360953447088
60,48,0.010503174752679714
60,49,0.015870277176052182
60,50,0.015870277176052182
60,51,0.02666238840395193
60,52,0.015880360953447088
60,53,0.01050317475267971
60,54,0.01050317475267971
60,55,0.015880360953447088
60,56,0.01588036095344708
60,57,0.021247463376819556
60,58,0.021247463376819556
60,59,0.032039574604719304
60,60,0.021257547154214462
60,61,0.015880360953447088
60,62,0.015880360953447088
60,63,0.021257547154214462
61,0,0.005251587376339855
61,1,0.01056093227619602
61,2,0.01056093227619602
61,3,0.02122717980246678
61,4,0.01056597416489347
61,5,0.005251587376339855
61,6,0.005251587376339855
61,7,0.01056597416489347
61,8,0.010560932276196023
61,9,0.015870277176052182
61,10,0.015870277176052182
61,11,0.02653652470232294
61,12,0.015875319064749635
61,13,0.01056093227619602
61,14,0.01056093227619602
61,15,0.015875319064749635
61,16,0.010560932276196023
61,17,0.015870277176052182
61,18,0.015870277176052182
61,19,0.02653652470232294
61,20,0.015875319064749635
61,21,0.01056093227619602
61,22,0.01056093227619602
61,23,0.015875319064749635
61,24,0.021227179802466786
61,25,0.02653652470232294
61,26,0.02653652470232294
61,27,0.0372027722285937
61,28,0.026541566591020395
61,29,0.02122717980246678
61,30,0.02122717980246678
61,31,0.026541566591020395
61,32,0.01056597416489347
61,33,0.015875319064749635
61,34,0.015875319064749635
61,35,0.026541566591020395
61,36,0.015880360953447088
61,37,0.010565974164893473
61,38,0.010565974164893473
61,39,0.015880360953447088
61,40,0.005251587376339854
61,41,0.01056093227619602
61,42,0.01056093227619602
61,43,0.02122717980246678
61,44,0.010565974164893473
61,45,0.005251587376339855
61,46,0.005251587376339855
61,47,0.010565974164893473
61,48,0.005251587376339854
61,49,0.01056093227619602
61,50,0.01056093227619602
61,51,0.02122717980246678
61,52,0.010565974164893473
61,53,0.005251587376339855
61,54,0.005251587376339855
61,55,0.010565974164893473
61,56,0.010565974164893473
61,57,0.015875319064749635
61,58,0.015875319064749635
61,59,0.026541566591020395
61,60,0.015880360953447088
61,61,0.010565974164893473
61,62,0.010565974164893473
61,63,0.015880360953447088
62,0,0.005251587376339855
62,1,0.01056093227619602
62,2,0.01056093227619602
62,3,0.02122717980246678
62,4,0.01056597416489347
62,5,0.005251587376339855
62,6,0.005251587376339855
62,7,0.01056597416489347
62,8,0.010560932276196023
62,9,0.015870277176052182
62,10,0.015870277176052182
62,11,0.02653652470232294
62,12,0.015875319064749635
62,13,0.01056093227619602
62,14,0.01056093227619602
62,15,0.015875319064749635
62,16,0.010560932276196023
62,17,0.015870277176052182
62,18,0.015870277176052182
62,19,0.02653652470232294
62,20,0.015875319064749635
62,21,0.01056093227619602
62,22,0.01056093227619602
62,23,0.015875319064749635
62,24,0.021227179802466786
62,25,0.02653652470232294
62,26,0.02653652470232294
62,27,0.0372027722285937
62,28,0.026541566591020395
62,29,0.02122717980246678
62,30,0.02122717980246678
62,31,0.026541566591020395
62,32,0.01056597416489347
62,33,0.015875319064749635
62,34,0.015875319064749635
62,35,0.026541566591020395
62,36,0.015880360953447088
62,37,0.010565974164893473
62,38,0.010565974164893473
62,39,0.015880360953447088
62,40,0.005251587376339854
62,41,0.01056093227619602
62,42,0.01056093227619602
62,43,0.02122717980246678
62,44,0.010565974164893473
62,45,0.005251587376339855
62,46,0.005251587376339855
62,47,0.010565974164893473
62,48,0.005251587376339854
62,49,0.01056093227619602
62,50,0.01056093227619602
62,51,0.02122717980246678
62,52,0.010565974164893473
62,53,0.005251587376339855
62,54,0.005251587376339855
62,55,0.010565974164893473
62,56,0.010565974164893473
62,57,0.015875319064749635
62,58,0.015875319064749635
62,59,0.026541566591020395
62,60,0.015880360953447088
62,61,0.010565974164893473
62,62,0.010565974164893473
62,63,0.015880360953447088
63,0,0.01050317475267971
63,1,0.015870277176052185
63,2,0.015870277176052185
63,3,0.026662388403951926
63,4,0.01588036095344708
63,5,0.01050317475267971
63,6,0.01050317475267971
63,7,0.015880360953447085
63,8,0.01587027717605219
63,9,0.021237379599424656
63,10,0.021237379599424656
63,11,0.0320294908273244
63,12,0.02124746337681956
63,13,0.015870277176052182
63,14,0.015870277176052182
63,15,0.02124746337681956
63,16,0.01587027717605219
63,17,0.021237379599424656
63,18,0.021237379599424656
63,19,0.0320294908273244
63,20,0.02124746337681956
63,21,0.015870277176052182
63,22,0.015870277176052182
63,23,0.02124746337681956
63,24,0.02666238840395193
63,25,0.0320294908273244
63,26,0.0320294908273244
63,27,0.04282160205522414
63,28,0.0320395746047193
63,29,0.026662388403951923
63,30,0.026662388403951923
63,31,0.0320395746047193
63,32,0.015880360953447085
63,33,0.02124746337681956
63,34,0.02124746337681956
63,35,0.0320395746047193
63,36,0.02125754715421446
63,37,0.01588036095344708
63,38,0.01588036095344708
63,39,0.02125754715421446
63,40,0.010503174752679712
63,41,0.015870277176052182
63,42,0.015870277176052182
63,43,0.026662388403951923
63,44,0.01588036095344708
63,45,0.010503174752679709
63,46,0.010503174752679709
63,47,0.01588036095344708
63,48,0.010503174752679712
63,49,0.015870277176052182
63,50,0.015870277176052182
63,51,0.026662388403951923
63,52,0.01588036095344708
63,53,0.010503174752679709
63,54,0.010503174752679709
63,55,0.01588036095344708
63,56,0.01588036095344709
63,57,0.02124746337681956
63,58,0.02124746337681956
63,59,0.0320395746047193
63,60,0.02125754715421446
63,61,0.01588036095344708
63,62,0.01588036095344708
63,63,0.02125754715421446
