metric,condition,role,view,target,audit_budget,scope,split,n_seeds,n_defined,complete,mean,sample_sd,observed_mean,observed_sample_sd,n_present,present_scores_defined,partial_seed_summary
log_loss,F_I,utility,A,same_residence,,utility,validation,3,3,True,0.5216127478596431,0.01383267873357677,0.5216127478596431,0.01383267873357677,3,True,False
log_loss,F_I,utility,A,same_residence,,utility,development_evaluation,3,3,True,0.5116326074476466,0.012463355356177163,0.5116326074476466,0.012463355356177163,3,True,False
log_loss,F_I,utility,A,same_residence,,utility,validation_person_weighted,3,3,True,0.4976777786205154,0.019266378591712704,0.4976777786205154,0.019266378591712704,3,True,False
log_loss,F_I,utility,A,same_residence,,utility,development_evaluation_person_weighted,3,3,True,0.48905083432150764,0.012109579884899973,0.48905083432150764,0.012109579884899973,3,True,False
log_loss,F_I,utility,B,commute_over20,,utility,validation,3,3,True,0.6904983194517076,0.0003307636231145338,0.6904983194517076,0.0003307636231145338,3,True,False
log_loss,F_I,utility,B,commute_over20,,utility,development_evaluation,3,3,True,0.6904936965519084,0.001369372029826504,0.6904936965519084,0.001369372029826504,3,True,False
log_loss,F_I,utility,B,commute_over20,,utility,validation_person_weighted,3,3,True,0.6886355626294351,0.0015024047382012605,0.6886355626294351,0.0015024047382012605,3,True,False
log_loss,F_I,utility,B,commute_over20,,utility,development_evaluation_person_weighted,3,3,True,0.6908817604848434,0.0013207964716385862,0.6908817604848434,0.0013207964716385862,3,True,False
log_loss,F_I,utility,A,income_binary,,utility,validation,3,3,True,0.2936485954520315,0.00847202223619357,0.2936485954520315,0.00847202223619357,3,True,False
log_loss,F_I,utility,A,income_binary,,utility,development_evaluation,3,3,True,0.2928291165478421,0.010524545663979841,0.2928291165478421,0.010524545663979841,3,True,False
log_loss,F_I,utility,A,income_binary,,utility,validation_person_weighted,3,3,True,0.2908460719488914,0.021443315827109184,0.2908460719488914,0.021443315827109184,3,True,False
log_loss,F_I,utility,A,income_binary,,utility,development_evaluation_person_weighted,3,3,True,0.3039561670084042,0.00855332210554494,0.3039561670084042,0.00855332210554494,3,True,False
log_loss,F_I,utility,A,civilian_at_work,,utility,validation,3,3,True,0.2912982708707637,0.00653993538936724,0.2912982708707637,0.00653993538936724,3,True,False
log_loss,F_I,utility,A,civilian_at_work,,utility,development_evaluation,3,3,True,0.27710623447150773,0.008313001746470976,0.27710623447150773,0.008313001746470976,3,True,False
log_loss,F_I,utility,A,civilian_at_work,,utility,validation_person_weighted,3,3,True,0.2904227770195541,0.0037367833987419336,0.2904227770195541,0.0037367833987419336,3,True,False
log_loss,F_I,utility,A,civilian_at_work,,utility,development_evaluation_person_weighted,3,3,True,0.2665321794454378,0.014430301306218642,0.2665321794454378,0.014430301306218642,3,True,False
log_loss,F_I,utility,B,public_coverage,,utility,validation,3,3,True,0.4949285605516079,0.006970700410821955,0.4949285605516079,0.006970700410821955,3,True,False
log_loss,F_I,utility,B,public_coverage,,utility,development_evaluation,3,3,True,0.5149687744893877,0.01077181802257925,0.5149687744893877,0.01077181802257925,3,True,False
log_loss,F_I,utility,B,public_coverage,,utility,validation_person_weighted,3,3,True,0.5087006066998239,0.008723576412703469,0.5087006066998239,0.008723576412703469,3,True,False
log_loss,F_I,utility,B,public_coverage,,utility,development_evaluation_person_weighted,3,3,True,0.5252879369987704,0.007727218651762275,0.5252879369987704,0.007727218651762275,3,True,False
log_loss,F_I,native,A,income_binary,,native,source_validation,3,3,True,0.30447264568371263,0.006957016284088518,0.30447264568371263,0.006957016284088518,3,True,False
log_loss,F_I,native,A,income_binary,,native,development_evaluation,3,3,True,0.29760036439971216,0.013539534402389334,0.29760036439971216,0.013539534402389334,3,True,False
log_loss,F_I,native,A,income_binary,,native,source_validation_person_weighted,3,3,True,0.2988477925907816,0.004894713986604013,0.2988477925907816,0.004894713986604013,3,True,False
log_loss,F_I,native,A,income_binary,,native,development_evaluation_person_weighted,3,3,True,0.30893007633957964,0.015173421196323254,0.30893007633957964,0.015173421196323254,3,True,False
log_loss,F_I,native,A,civilian_at_work,,native,source_validation,3,3,True,0.3196280673052609,0.0241040302799584,0.3196280673052609,0.0241040302799584,3,True,False
log_loss,F_I,native,A,civilian_at_work,,native,development_evaluation,3,3,True,0.30345572551420164,0.006722924302560411,0.30345572551420164,0.006722924302560411,3,True,False
log_loss,F_I,native,A,civilian_at_work,,native,source_validation_person_weighted,3,3,True,0.3217698031961945,0.02356869048359392,0.3217698031961945,0.02356869048359392,3,True,False
log_loss,F_I,native,A,civilian_at_work,,native,development_evaluation_person_weighted,3,3,True,0.293512647234923,0.01471783802148644,0.293512647234923,0.01471783802148644,3,True,False
log_loss,F_I,native,B,public_coverage,,native,source_validation,3,3,True,0.5345299945709259,0.007518340931081005,0.5345299945709259,0.007518340931081005,3,True,False
log_loss,F_I,native,B,public_coverage,,native,development_evaluation,3,3,True,0.5607360978254732,0.017982086529357223,0.5607360978254732,0.017982086529357223,3,True,False
log_loss,F_I,native,B,public_coverage,,native,source_validation_person_weighted,3,3,True,0.5415783415188258,0.01919872496933015,0.5415783415188258,0.01919872496933015,3,True,False
log_loss,F_I,native,B,public_coverage,,native,development_evaluation_person_weighted,3,3,True,0.568005582633485,0.012300937167386077,0.568005582633485,0.012300937167386077,3,True,False
log_loss,F_I,audit,A,public_coverage,120,standard_independent,validation,3,3,True,0.49901463051512107,0.01085514520955208,0.49901463051512107,0.01085514520955208,3,True,False
log_loss,F_I,audit,A,public_coverage,120,standard_independent,development_evaluation,3,3,True,0.5168001782208446,0.012265063857477774,0.5168001782208446,0.012265063857477774,3,True,False
log_loss,F_I,audit,A,public_coverage,120,standard_independent,validation_person_weighted,3,3,True,0.49954644058377484,0.017085894303422867,0.49954644058377484,0.017085894303422867,3,True,False
log_loss,F_I,audit,A,public_coverage,120,standard_independent,development_evaluation_person_weighted,3,3,True,0.5199588187984509,0.01295290759093671,0.5199588187984509,0.01295290759093671,3,True,False
log_loss,F_I,audit,A,public_coverage,120,expanded_independent,validation,3,3,True,0.49901463051512107,0.01085514520955208,0.49901463051512107,0.01085514520955208,3,True,False
log_loss,F_I,audit,A,public_coverage,120,expanded_independent,development_evaluation,3,3,True,0.5168001782208446,0.012265063857477774,0.5168001782208446,0.012265063857477774,3,True,False
log_loss,F_I,audit,A,public_coverage,120,expanded_independent,validation_person_weighted,3,3,True,0.49954644058377484,0.017085894303422867,0.49954644058377484,0.017085894303422867,3,True,False
log_loss,F_I,audit,A,public_coverage,120,expanded_independent,development_evaluation_person_weighted,3,3,True,0.5199588187984509,0.01295290759093671,0.5199588187984509,0.01295290759093671,3,True,False
log_loss,F_I,audit,A,public_coverage,120,expanded_catchup,validation,3,3,True,0.4956953820214514,0.00837802158974868,0.4956953820214514,0.00837802158974868,3,True,False
log_loss,F_I,audit,A,public_coverage,120,expanded_catchup,development_evaluation,3,3,True,0.5183725297496234,0.011660137095280593,0.5183725297496234,0.011660137095280593,3,True,False
log_loss,F_I,audit,A,public_coverage,120,expanded_catchup,validation_person_weighted,3,3,True,0.4995290388868487,0.015884000974475586,0.4995290388868487,0.015884000974475586,3,True,False
log_loss,F_I,audit,A,public_coverage,120,expanded_catchup,development_evaluation_person_weighted,3,3,True,0.5235144561839242,0.014322588885401406,0.5235144561839242,0.014322588885401406,3,True,False
log_loss,F_I,audit,A,public_coverage,360,standard_independent,validation,3,3,True,0.49901463051512107,0.01085514520955208,0.49901463051512107,0.01085514520955208,3,True,False
log_loss,F_I,audit,A,public_coverage,360,standard_independent,development_evaluation,3,3,True,0.5168001782208446,0.012265063857477774,0.5168001782208446,0.012265063857477774,3,True,False
log_loss,F_I,audit,A,public_coverage,360,standard_independent,validation_person_weighted,3,3,True,0.49954644058377484,0.017085894303422867,0.49954644058377484,0.017085894303422867,3,True,False
log_loss,F_I,audit,A,public_coverage,360,standard_independent,development_evaluation_person_weighted,3,3,True,0.5199588187984509,0.01295290759093671,0.5199588187984509,0.01295290759093671,3,True,False
log_loss,F_I,audit,A,public_coverage,360,expanded_independent,validation,3,3,True,0.49901463051512107,0.01085514520955208,0.49901463051512107,0.01085514520955208,3,True,False
log_loss,F_I,audit,A,public_coverage,360,expanded_independent,development_evaluation,3,3,True,0.5168001782208446,0.012265063857477774,0.5168001782208446,0.012265063857477774,3,True,False
log_loss,F_I,audit,A,public_coverage,360,expanded_independent,validation_person_weighted,3,3,True,0.49954644058377484,0.017085894303422867,0.49954644058377484,0.017085894303422867,3,True,False
log_loss,F_I,audit,A,public_coverage,360,expanded_independent,development_evaluation_person_weighted,3,3,True,0.5199588187984509,0.01295290759093671,0.5199588187984509,0.01295290759093671,3,True,False
log_loss,F_I,audit,A,public_coverage,360,expanded_catchup,validation,3,3,True,0.4956953820214514,0.00837802158974868,0.4956953820214514,0.00837802158974868,3,True,False
log_loss,F_I,audit,A,public_coverage,360,expanded_catchup,development_evaluation,3,3,True,0.5183725297496234,0.011660137095280593,0.5183725297496234,0.011660137095280593,3,True,False
log_loss,F_I,audit,A,public_coverage,360,expanded_catchup,validation_person_weighted,3,3,True,0.4995290388868487,0.015884000974475586,0.4995290388868487,0.015884000974475586,3,True,False
log_loss,F_I,audit,A,public_coverage,360,expanded_catchup,development_evaluation_person_weighted,3,3,True,0.5235144561839242,0.014322588885401406,0.5235144561839242,0.014322588885401406,3,True,False
log_loss,F_I,audit,A,commute_over20,120,standard_independent,validation,3,3,True,0.6811906101829137,0.005022598217364992,0.6811906101829137,0.005022598217364992,3,True,False
log_loss,F_I,audit,A,commute_over20,120,standard_independent,development_evaluation,3,3,True,0.6865082722455813,0.005693323264868011,0.6865082722455813,0.005693323264868011,3,True,False
log_loss,F_I,audit,A,commute_over20,120,standard_independent,validation_person_weighted,3,3,True,0.6856509466223752,0.007108682848533412,0.6856509466223752,0.007108682848533412,3,True,False
log_loss,F_I,audit,A,commute_over20,120,standard_independent,development_evaluation_person_weighted,3,3,True,0.6888042660320367,0.0044078913161172085,0.6888042660320367,0.0044078913161172085,3,True,False
log_loss,F_I,audit,A,commute_over20,120,expanded_independent,validation,3,3,True,0.6810939959227569,0.005060500204006438,0.6810939959227569,0.005060500204006438,3,True,False
log_loss,F_I,audit,A,commute_over20,120,expanded_independent,development_evaluation,3,3,True,0.6857130905803509,0.005746656471445592,0.6857130905803509,0.005746656471445592,3,True,False
log_loss,F_I,audit,A,commute_over20,120,expanded_independent,validation_person_weighted,3,3,True,0.68561131792928,0.007124923762593239,0.68561131792928,0.007124923762593239,3,True,False
log_loss,F_I,audit,A,commute_over20,120,expanded_independent,development_evaluation_person_weighted,3,3,True,0.6879652750196815,0.004024468321636243,0.6879652750196815,0.004024468321636243,3,True,False
log_loss,F_I,audit,A,commute_over20,120,expanded_catchup,validation,3,3,True,0.6810939959227569,0.005060500204006438,0.6810939959227569,0.005060500204006438,3,True,False
log_loss,F_I,audit,A,commute_over20,120,expanded_catchup,development_evaluation,3,3,True,0.6857130905803509,0.005746656471445592,0.6857130905803509,0.005746656471445592,3,True,False
log_loss,F_I,audit,A,commute_over20,120,expanded_catchup,validation_person_weighted,3,3,True,0.68561131792928,0.007124923762593239,0.68561131792928,0.007124923762593239,3,True,False
log_loss,F_I,audit,A,commute_over20,120,expanded_catchup,development_evaluation_person_weighted,3,3,True,0.6879652750196815,0.004024468321636243,0.6879652750196815,0.004024468321636243,3,True,False
log_loss,F_I,audit,A,commute_over20,360,standard_independent,validation,3,3,True,0.6811906101829137,0.005022598217364992,0.6811906101829137,0.005022598217364992,3,True,False
log_loss,F_I,audit,A,commute_over20,360,standard_independent,development_evaluation,3,3,True,0.6865082722455813,0.005693323264868011,0.6865082722455813,0.005693323264868011,3,True,False
log_loss,F_I,audit,A,commute_over20,360,standard_independent,validation_person_weighted,3,3,True,0.6856509466223752,0.007108682848533412,0.6856509466223752,0.007108682848533412,3,True,False
log_loss,F_I,audit,A,commute_over20,360,standard_independent,development_evaluation_person_weighted,3,3,True,0.6888042660320367,0.0044078913161172085,0.6888042660320367,0.0044078913161172085,3,True,False
log_loss,F_I,audit,A,commute_over20,360,expanded_independent,validation,3,3,True,0.6810939959227569,0.005060500204006438,0.6810939959227569,0.005060500204006438,3,True,False
log_loss,F_I,audit,A,commute_over20,360,expanded_independent,development_evaluation,3,3,True,0.6857130905803509,0.005746656471445592,0.6857130905803509,0.005746656471445592,3,True,False
log_loss,F_I,audit,A,commute_over20,360,expanded_independent,validation_person_weighted,3,3,True,0.68561131792928,0.007124923762593239,0.68561131792928,0.007124923762593239,3,True,False
log_loss,F_I,audit,A,commute_over20,360,expanded_independent,development_evaluation_person_weighted,3,3,True,0.6879652750196815,0.004024468321636243,0.6879652750196815,0.004024468321636243,3,True,False
log_loss,F_I,audit,A,commute_over20,360,expanded_catchup,validation,3,3,True,0.6810939959227569,0.005060500204006438,0.6810939959227569,0.005060500204006438,3,True,False
log_loss,F_I,audit,A,commute_over20,360,expanded_catchup,development_evaluation,3,3,True,0.6857130905803509,0.005746656471445592,0.6857130905803509,0.005746656471445592,3,True,False
log_loss,F_I,audit,A,commute_over20,360,expanded_catchup,validation_person_weighted,3,3,True,0.68561131792928,0.007124923762593239,0.68561131792928,0.007124923762593239,3,True,False
log_loss,F_I,audit,A,commute_over20,360,expanded_catchup,development_evaluation_person_weighted,3,3,True,0.6879652750196815,0.004024468321636243,0.6879652750196815,0.004024468321636243,3,True,False
log_loss,F_I,audit,A,SEX,120,standard_independent,validation,3,3,True,0.6851369842504673,0.0034034744242244543,0.6851369842504673,0.0034034744242244543,3,True,False
log_loss,F_I,audit,A,SEX,120,standard_independent,development_evaluation,3,3,True,0.6870261746047077,0.0038964033999099004,0.6870261746047077,0.0038964033999099004,3,True,False
log_loss,F_I,audit,A,SEX,120,standard_independent,validation_person_weighted,3,3,True,0.6837635273680209,0.004897896185867983,0.6837635273680209,0.004897896185867983,3,True,False
log_loss,F_I,audit,A,SEX,120,standard_independent,development_evaluation_person_weighted,3,3,True,0.6873290075452183,0.0024062373175333424,0.6873290075452183,0.0024062373175333424,3,True,False
log_loss,F_I,audit,A,SEX,120,expanded_independent,validation,3,3,True,0.6851369842504673,0.0034034744242244543,0.6851369842504673,0.0034034744242244543,3,True,False
log_loss,F_I,audit,A,SEX,120,expanded_independent,development_evaluation,3,3,True,0.6870261746047077,0.0038964033999099004,0.6870261746047077,0.0038964033999099004,3,True,False
log_loss,F_I,audit,A,SEX,120,expanded_independent,validation_person_weighted,3,3,True,0.6837635273680209,0.004897896185867983,0.6837635273680209,0.004897896185867983,3,True,False
log_loss,F_I,audit,A,SEX,120,expanded_independent,development_evaluation_person_weighted,3,3,True,0.6873290075452183,0.0024062373175333424,0.6873290075452183,0.0024062373175333424,3,True,False
log_loss,F_I,audit,A,SEX,120,expanded_catchup,validation,3,3,True,0.683840835503184,0.002916455221307948,0.683840835503184,0.002916455221307948,3,True,False
log_loss,F_I,audit,A,SEX,120,expanded_catchup,development_evaluation,3,3,True,0.6820694631169184,0.007784494803659846,0.6820694631169184,0.007784494803659846,3,True,False
log_loss,F_I,audit,A,SEX,120,expanded_catchup,validation_person_weighted,3,3,True,0.6839735936493408,0.005171854177378571,0.6839735936493408,0.005171854177378571,3,True,False
log_loss,F_I,audit,A,SEX,120,expanded_catchup,development_evaluation_person_weighted,3,3,True,0.6826393812531012,0.0030225063715702306,0.6826393812531012,0.0030225063715702306,3,True,False
log_loss,F_I,audit,A,SEX,360,standard_independent,validation,3,3,True,0.6851369842504673,0.0034034744242244543,0.6851369842504673,0.0034034744242244543,3,True,False
log_loss,F_I,audit,A,SEX,360,standard_independent,development_evaluation,3,3,True,0.6870261746047077,0.0038964033999099004,0.6870261746047077,0.0038964033999099004,3,True,False
log_loss,F_I,audit,A,SEX,360,standard_independent,validation_person_weighted,3,3,True,0.6837635273680209,0.004897896185867983,0.6837635273680209,0.004897896185867983,3,True,False
log_loss,F_I,audit,A,SEX,360,standard_independent,development_evaluation_person_weighted,3,3,True,0.6873290075452183,0.0024062373175333424,0.6873290075452183,0.0024062373175333424,3,True,False
log_loss,F_I,audit,A,SEX,360,expanded_independent,validation,3,3,True,0.6851369842504673,0.0034034744242244543,0.6851369842504673,0.0034034744242244543,3,True,False
log_loss,F_I,audit,A,SEX,360,expanded_independent,development_evaluation,3,3,True,0.6870261746047077,0.0038964033999099004,0.6870261746047077,0.0038964033999099004,3,True,False
log_loss,F_I,audit,A,SEX,360,expanded_independent,validation_person_weighted,3,3,True,0.6837635273680209,0.004897896185867983,0.6837635273680209,0.004897896185867983,3,True,False
log_loss,F_I,audit,A,SEX,360,expanded_independent,development_evaluation_person_weighted,3,3,True,0.6873290075452183,0.0024062373175333424,0.6873290075452183,0.0024062373175333424,3,True,False
log_loss,F_I,audit,A,SEX,360,expanded_catchup,validation,3,3,True,0.683840835503184,0.002916455221307948,0.683840835503184,0.002916455221307948,3,True,False
log_loss,F_I,audit,A,SEX,360,expanded_catchup,development_evaluation,3,3,True,0.6820694631169184,0.007784494803659846,0.6820694631169184,0.007784494803659846,3,True,False
log_loss,F_I,audit,A,SEX,360,expanded_catchup,validation_person_weighted,3,3,True,0.6839735936493408,0.005171854177378571,0.6839735936493408,0.005171854177378571,3,True,False
log_loss,F_I,audit,A,SEX,360,expanded_catchup,development_evaluation_person_weighted,3,3,True,0.6826393812531012,0.0030225063715702306,0.6826393812531012,0.0030225063715702306,3,True,False
log_loss,F_I,audit,A,RAC1P,120,standard_independent,validation,3,3,True,1.2693516271849177,0.007321706880961539,1.2693516271849177,0.007321706880961539,3,True,False
log_loss,F_I,audit,A,RAC1P,120,standard_independent,development_evaluation,3,3,True,1.2745480626467025,0.025043261550387996,1.2745480626467025,0.025043261550387996,3,True,False
log_loss,F_I,audit,A,RAC1P,120,standard_independent,validation_person_weighted,3,3,True,1.2670096109141824,0.005751793474761519,1.2670096109141824,0.005751793474761519,3,True,False
log_loss,F_I,audit,A,RAC1P,120,standard_independent,development_evaluation_person_weighted,3,3,True,1.2709973615866443,0.0420015540411491,1.2709973615866443,0.0420015540411491,3,True,False
log_loss,F_I,audit,A,RAC1P,120,expanded_independent,validation,3,3,True,1.268073727632874,0.005280252953190956,1.268073727632874,0.005280252953190956,3,True,False
log_loss,F_I,audit,A,RAC1P,120,expanded_independent,development_evaluation,3,3,True,1.2744671850556895,0.02491264313239195,1.2744671850556895,0.02491264313239195,3,True,False
log_loss,F_I,audit,A,RAC1P,120,expanded_independent,validation_person_weighted,3,3,True,1.2667527027621956,0.005447766754165947,1.2667527027621956,0.005447766754165947,3,True,False
log_loss,F_I,audit,A,RAC1P,120,expanded_independent,development_evaluation_person_weighted,3,3,True,1.2702376022683284,0.04069345381097571,1.2702376022683284,0.04069345381097571,3,True,False
log_loss,F_I,audit,A,RAC1P,120,expanded_catchup,validation,3,3,True,1.2521019268215774,0.011896429712980897,1.2521019268215774,0.011896429712980897,3,True,False
log_loss,F_I,audit,A,RAC1P,120,expanded_catchup,development_evaluation,3,3,True,1.2631710839335506,0.02171208657228815,1.2631710839335506,0.02171208657228815,3,True,False
log_loss,F_I,audit,A,RAC1P,120,expanded_catchup,validation_person_weighted,3,3,True,1.2565301455539606,0.00547787327069512,1.2565301455539606,0.00547787327069512,3,True,False
log_loss,F_I,audit,A,RAC1P,120,expanded_catchup,development_evaluation_person_weighted,3,3,True,1.258541837102836,0.03881280962889333,1.258541837102836,0.03881280962889333,3,True,False
log_loss,F_I,audit,A,RAC1P,360,standard_independent,validation,3,3,True,1.2693516271849177,0.007321706880961539,1.2693516271849177,0.007321706880961539,3,True,False
log_loss,F_I,audit,A,RAC1P,360,standard_independent,development_evaluation,3,3,True,1.2745480626467025,0.025043261550387996,1.2745480626467025,0.025043261550387996,3,True,False
log_loss,F_I,audit,A,RAC1P,360,standard_independent,validation_person_weighted,3,3,True,1.2670096109141824,0.005751793474761519,1.2670096109141824,0.005751793474761519,3,True,False
log_loss,F_I,audit,A,RAC1P,360,standard_independent,development_evaluation_person_weighted,3,3,True,1.2709973615866443,0.0420015540411491,1.2709973615866443,0.0420015540411491,3,True,False
log_loss,F_I,audit,A,RAC1P,360,expanded_independent,validation,3,3,True,1.268073727632874,0.005280252953190956,1.268073727632874,0.005280252953190956,3,True,False
log_loss,F_I,audit,A,RAC1P,360,expanded_independent,development_evaluation,3,3,True,1.2744671850556895,0.02491264313239195,1.2744671850556895,0.02491264313239195,3,True,False
log_loss,F_I,audit,A,RAC1P,360,expanded_independent,validation_person_weighted,3,3,True,1.2667527027621956,0.005447766754165947,1.2667527027621956,0.005447766754165947,3,True,False
log_loss,F_I,audit,A,RAC1P,360,expanded_independent,development_evaluation_person_weighted,3,3,True,1.2702376022683284,0.04069345381097571,1.2702376022683284,0.04069345381097571,3,True,False
log_loss,F_I,audit,A,RAC1P,360,expanded_catchup,validation,3,3,True,1.2521019268215774,0.011896429712980897,1.2521019268215774,0.011896429712980897,3,True,False
log_loss,F_I,audit,A,RAC1P,360,expanded_catchup,development_evaluation,3,3,True,1.2631710839335506,0.02171208657228815,1.2631710839335506,0.02171208657228815,3,True,False
log_loss,F_I,audit,A,RAC1P,360,expanded_catchup,validation_person_weighted,3,3,True,1.2565301455539606,0.00547787327069512,1.2565301455539606,0.00547787327069512,3,True,False
log_loss,F_I,audit,A,RAC1P,360,expanded_catchup,development_evaluation_person_weighted,3,3,True,1.258541837102836,0.03881280962889333,1.258541837102836,0.03881280962889333,3,True,False
log_loss,F_I,audit,B,income_binary,120,standard_independent,validation,3,3,True,0.35458486926351707,0.006288603486547798,0.35458486926351707,0.006288603486547798,3,True,False
log_loss,F_I,audit,B,income_binary,120,standard_independent,development_evaluation,3,3,True,0.3522392657991385,0.01470450326656566,0.3522392657991385,0.01470450326656566,3,True,False
log_loss,F_I,audit,B,income_binary,120,standard_independent,validation_person_weighted,3,3,True,0.3578928976700622,0.017026584540650733,0.3578928976700622,0.017026584540650733,3,True,False
log_loss,F_I,audit,B,income_binary,120,standard_independent,development_evaluation_person_weighted,3,3,True,0.3631247902338467,0.019588680850312557,0.3631247902338467,0.019588680850312557,3,True,False
log_loss,F_I,audit,B,income_binary,120,expanded_independent,validation,3,3,True,0.35458486926351707,0.006288603486547798,0.35458486926351707,0.006288603486547798,3,True,False
log_loss,F_I,audit,B,income_binary,120,expanded_independent,development_evaluation,3,3,True,0.3522392657991385,0.01470450326656566,0.3522392657991385,0.01470450326656566,3,True,False
log_loss,F_I,audit,B,income_binary,120,expanded_independent,validation_person_weighted,3,3,True,0.3578928976700622,0.017026584540650733,0.3578928976700622,0.017026584540650733,3,True,False
log_loss,F_I,audit,B,income_binary,120,expanded_independent,development_evaluation_person_weighted,3,3,True,0.3631247902338467,0.019588680850312557,0.3631247902338467,0.019588680850312557,3,True,False
log_loss,F_I,audit,B,income_binary,120,expanded_catchup,validation,3,3,True,0.3535638510076579,0.007688239035327829,0.3535638510076579,0.007688239035327829,3,True,False
log_loss,F_I,audit,B,income_binary,120,expanded_catchup,development_evaluation,3,3,True,0.3512538651705748,0.013572552188499773,0.3512538651705748,0.013572552188499773,3,True,False
log_loss,F_I,audit,B,income_binary,120,expanded_catchup,validation_person_weighted,3,3,True,0.3560411202362181,0.016998569134959923,0.3560411202362181,0.016998569134959923,3,True,False
log_loss,F_I,audit,B,income_binary,120,expanded_catchup,development_evaluation_person_weighted,3,3,True,0.35897144383045865,0.013437980708954203,0.35897144383045865,0.013437980708954203,3,True,False
log_loss,F_I,audit,B,income_binary,360,standard_independent,validation,3,3,True,0.35458486926351707,0.006288603486547798,0.35458486926351707,0.006288603486547798,3,True,False
log_loss,F_I,audit,B,income_binary,360,standard_independent,development_evaluation,3,3,True,0.3522392657991385,0.01470450326656566,0.3522392657991385,0.01470450326656566,3,True,False
log_loss,F_I,audit,B,income_binary,360,standard_independent,validation_person_weighted,3,3,True,0.3578928976700622,0.017026584540650733,0.3578928976700622,0.017026584540650733,3,True,False
log_loss,F_I,audit,B,income_binary,360,standard_independent,development_evaluation_person_weighted,3,3,True,0.3631247902338467,0.019588680850312557,0.3631247902338467,0.019588680850312557,3,True,False
log_loss,F_I,audit,B,income_binary,360,expanded_independent,validation,3,3,True,0.35458486926351707,0.006288603486547798,0.35458486926351707,0.006288603486547798,3,True,False
log_loss,F_I,audit,B,income_binary,360,expanded_independent,development_evaluation,3,3,True,0.3522392657991385,0.01470450326656566,0.3522392657991385,0.01470450326656566,3,True,False
log_loss,F_I,audit,B,income_binary,360,expanded_independent,validation_person_weighted,3,3,True,0.3578928976700622,0.017026584540650733,0.3578928976700622,0.017026584540650733,3,True,False
log_loss,F_I,audit,B,income_binary,360,expanded_independent,development_evaluation_person_weighted,3,3,True,0.3631247902338467,0.019588680850312557,0.3631247902338467,0.019588680850312557,3,True,False
log_loss,F_I,audit,B,income_binary,360,expanded_catchup,validation,3,3,True,0.3535638510076579,0.007688239035327829,0.3535638510076579,0.007688239035327829,3,True,False
log_loss,F_I,audit,B,income_binary,360,expanded_catchup,development_evaluation,3,3,True,0.3512538651705748,0.013572552188499773,0.3512538651705748,0.013572552188499773,3,True,False
log_loss,F_I,audit,B,income_binary,360,expanded_catchup,validation_person_weighted,3,3,True,0.3560411202362181,0.016998569134959923,0.3560411202362181,0.016998569134959923,3,True,False
log_loss,F_I,audit,B,income_binary,360,expanded_catchup,development_evaluation_person_weighted,3,3,True,0.35897144383045865,0.013437980708954203,0.35897144383045865,0.013437980708954203,3,True,False
log_loss,F_I,audit,B,civilian_at_work,120,standard_independent,validation,3,3,True,0.47914713788241126,0.010560390389062105,0.47914713788241126,0.010560390389062105,3,True,False
log_loss,F_I,audit,B,civilian_at_work,120,standard_independent,development_evaluation,3,3,True,0.4686215228904543,0.015342344241263546,0.4686215228904543,0.015342344241263546,3,True,False
log_loss,F_I,audit,B,civilian_at_work,120,standard_independent,validation_person_weighted,3,3,True,0.4660761227256596,0.02187714965294993,0.4660761227256596,0.02187714965294993,3,True,False
log_loss,F_I,audit,B,civilian_at_work,120,standard_independent,development_evaluation_person_weighted,3,3,True,0.44926602941308286,0.016257799653651123,0.44926602941308286,0.016257799653651123,3,True,False
log_loss,F_I,audit,B,civilian_at_work,120,expanded_independent,validation,3,3,True,0.47914713788241126,0.010560390389062105,0.47914713788241126,0.010560390389062105,3,True,False
log_loss,F_I,audit,B,civilian_at_work,120,expanded_independent,development_evaluation,3,3,True,0.4686215228904543,0.015342344241263546,0.4686215228904543,0.015342344241263546,3,True,False
log_loss,F_I,audit,B,civilian_at_work,120,expanded_independent,validation_person_weighted,3,3,True,0.4660761227256596,0.02187714965294993,0.4660761227256596,0.02187714965294993,3,True,False
log_loss,F_I,audit,B,civilian_at_work,120,expanded_independent,development_evaluation_person_weighted,3,3,True,0.44926602941308286,0.016257799653651123,0.44926602941308286,0.016257799653651123,3,True,False
log_loss,F_I,audit,B,civilian_at_work,120,expanded_catchup,validation,3,3,True,0.47914713788241126,0.010560390389062105,0.47914713788241126,0.010560390389062105,3,True,False
log_loss,F_I,audit,B,civilian_at_work,120,expanded_catchup,development_evaluation,3,3,True,0.4686215228904543,0.015342344241263546,0.4686215228904543,0.015342344241263546,3,True,False
log_loss,F_I,audit,B,civilian_at_work,120,expanded_catchup,validation_person_weighted,3,3,True,0.4660761227256596,0.02187714965294993,0.4660761227256596,0.02187714965294993,3,True,False
log_loss,F_I,audit,B,civilian_at_work,120,expanded_catchup,development_evaluation_person_weighted,3,3,True,0.44926602941308286,0.016257799653651123,0.44926602941308286,0.016257799653651123,3,True,False
log_loss,F_I,audit,B,civilian_at_work,360,standard_independent,validation,3,3,True,0.47914713788241126,0.010560390389062105,0.47914713788241126,0.010560390389062105,3,True,False
log_loss,F_I,audit,B,civilian_at_work,360,standard_independent,development_evaluation,3,3,True,0.4686215228904543,0.015342344241263546,0.4686215228904543,0.015342344241263546,3,True,False
log_loss,F_I,audit,B,civilian_at_work,360,standard_independent,validation_person_weighted,3,3,True,0.4660761227256596,0.02187714965294993,0.4660761227256596,0.02187714965294993,3,True,False
log_loss,F_I,audit,B,civilian_at_work,360,standard_independent,development_evaluation_person_weighted,3,3,True,0.44926602941308286,0.016257799653651123,0.44926602941308286,0.016257799653651123,3,True,False
log_loss,F_I,audit,B,civilian_at_work,360,expanded_independent,validation,3,3,True,0.47914713788241126,0.010560390389062105,0.47914713788241126,0.010560390389062105,3,True,False
log_loss,F_I,audit,B,civilian_at_work,360,expanded_independent,development_evaluation,3,3,True,0.4686215228904543,0.015342344241263546,0.4686215228904543,0.015342344241263546,3,True,False
log_loss,F_I,audit,B,civilian_at_work,360,expanded_independent,validation_person_weighted,3,3,True,0.4660761227256596,0.02187714965294993,0.4660761227256596,0.02187714965294993,3,True,False
log_loss,F_I,audit,B,civilian_at_work,360,expanded_independent,development_evaluation_person_weighted,3,3,True,0.44926602941308286,0.016257799653651123,0.44926602941308286,0.016257799653651123,3,True,False
log_loss,F_I,audit,B,civilian_at_work,360,expanded_catchup,validation,3,3,True,0.47914713788241126,0.010560390389062105,0.47914713788241126,0.010560390389062105,3,True,False
log_loss,F_I,audit,B,civilian_at_work,360,expanded_catchup,development_evaluation,3,3,True,0.4686215228904543,0.015342344241263546,0.4686215228904543,0.015342344241263546,3,True,False
log_loss,F_I,audit,B,civilian_at_work,360,expanded_catchup,validation_person_weighted,3,3,True,0.4660761227256596,0.02187714965294993,0.4660761227256596,0.02187714965294993,3,True,False
log_loss,F_I,audit,B,civilian_at_work,360,expanded_catchup,development_evaluation_person_weighted,3,3,True,0.44926602941308286,0.016257799653651123,0.44926602941308286,0.016257799653651123,3,True,False
log_loss,F_I,audit,B,same_residence,120,standard_independent,validation,3,3,True,0.5097553286016608,0.017157374395258117,0.5097553286016608,0.017157374395258117,3,True,False
log_loss,F_I,audit,B,same_residence,120,standard_independent,development_evaluation,3,3,True,0.5060003456870675,0.002130522140442618,0.5060003456870675,0.002130522140442618,3,True,False
log_loss,F_I,audit,B,same_residence,120,standard_independent,validation_person_weighted,3,3,True,0.4897138515459447,0.01822947042526275,0.4897138515459447,0.01822947042526275,3,True,False
log_loss,F_I,audit,B,same_residence,120,standard_independent,development_evaluation_person_weighted,3,3,True,0.4818806839933094,0.005558243998637958,0.4818806839933094,0.005558243998637958,3,True,False
log_loss,F_I,audit,B,same_residence,120,expanded_independent,validation,3,3,True,0.5097553286016608,0.017157374395258117,0.5097553286016608,0.017157374395258117,3,True,False
log_loss,F_I,audit,B,same_residence,120,expanded_independent,development_evaluation,3,3,True,0.5060003456870675,0.002130522140442618,0.5060003456870675,0.002130522140442618,3,True,False
log_loss,F_I,audit,B,same_residence,120,expanded_independent,validation_person_weighted,3,3,True,0.4897138515459447,0.01822947042526275,0.4897138515459447,0.01822947042526275,3,True,False
log_loss,F_I,audit,B,same_residence,120,expanded_independent,development_evaluation_person_weighted,3,3,True,0.4818806839933094,0.005558243998637958,0.4818806839933094,0.005558243998637958,3,True,False
log_loss,F_I,audit,B,same_residence,120,expanded_catchup,validation,3,3,True,0.5097553286016608,0.017157374395258117,0.5097553286016608,0.017157374395258117,3,True,False
log_loss,F_I,audit,B,same_residence,120,expanded_catchup,development_evaluation,3,3,True,0.5060003456870675,0.002130522140442618,0.5060003456870675,0.002130522140442618,3,True,False
log_loss,F_I,audit,B,same_residence,120,expanded_catchup,validation_person_weighted,3,3,True,0.4897138515459447,0.01822947042526275,0.4897138515459447,0.01822947042526275,3,True,False
log_loss,F_I,audit,B,same_residence,120,expanded_catchup,development_evaluation_person_weighted,3,3,True,0.4818806839933094,0.005558243998637958,0.4818806839933094,0.005558243998637958,3,True,False
log_loss,F_I,audit,B,same_residence,360,standard_independent,validation,3,3,True,0.5097553286016608,0.017157374395258117,0.5097553286016608,0.017157374395258117,3,True,False
log_loss,F_I,audit,B,same_residence,360,standard_independent,development_evaluation,3,3,True,0.5060003456870675,0.002130522140442618,0.5060003456870675,0.002130522140442618,3,True,False
log_loss,F_I,audit,B,same_residence,360,standard_independent,validation_person_weighted,3,3,True,0.4897138515459447,0.01822947042526275,0.4897138515459447,0.01822947042526275,3,True,False
log_loss,F_I,audit,B,same_residence,360,standard_independent,development_evaluation_person_weighted,3,3,True,0.4818806839933094,0.005558243998637958,0.4818806839933094,0.005558243998637958,3,True,False
log_loss,F_I,audit,B,same_residence,360,expanded_independent,validation,3,3,True,0.5097553286016608,0.017157374395258117,0.5097553286016608,0.017157374395258117,3,True,False
log_loss,F_I,audit,B,same_residence,360,expanded_independent,development_evaluation,3,3,True,0.5060003456870675,0.002130522140442618,0.5060003456870675,0.002130522140442618,3,True,False
log_loss,F_I,audit,B,same_residence,360,expanded_independent,validation_person_weighted,3,3,True,0.4897138515459447,0.01822947042526275,0.4897138515459447,0.01822947042526275,3,True,False
log_loss,F_I,audit,B,same_residence,360,expanded_independent,development_evaluation_person_weighted,3,3,True,0.4818806839933094,0.005558243998637958,0.4818806839933094,0.005558243998637958,3,True,False
log_loss,F_I,audit,B,same_residence,360,expanded_catchup,validation,3,3,True,0.5097553286016608,0.017157374395258117,0.5097553286016608,0.017157374395258117,3,True,False
log_loss,F_I,audit,B,same_residence,360,expanded_catchup,development_evaluation,3,3,True,0.5060003456870675,0.002130522140442618,0.5060003456870675,0.002130522140442618,3,True,False
log_loss,F_I,audit,B,same_residence,360,expanded_catchup,validation_person_weighted,3,3,True,0.4897138515459447,0.01822947042526275,0.4897138515459447,0.01822947042526275,3,True,False
log_loss,F_I,audit,B,same_residence,360,expanded_catchup,development_evaluation_person_weighted,3,3,True,0.4818806839933094,0.005558243998637958,0.4818806839933094,0.005558243998637958,3,True,False
log_loss,F_I,audit,B,SEX,120,standard_independent,validation,3,3,True,0.6794984088347968,0.00615511946633638,0.6794984088347968,0.00615511946633638,3,True,False
log_loss,F_I,audit,B,SEX,120,standard_independent,development_evaluation,3,3,True,0.6852911375665991,0.004122438139207658,0.6852911375665991,0.004122438139207658,3,True,False
log_loss,F_I,audit,B,SEX,120,standard_independent,validation_person_weighted,3,3,True,0.679415410481268,0.00867344143661984,0.679415410481268,0.00867344143661984,3,True,False
log_loss,F_I,audit,B,SEX,120,standard_independent,development_evaluation_person_weighted,3,3,True,0.68770833373357,0.0030004519020280806,0.68770833373357,0.0030004519020280806,3,True,False
log_loss,F_I,audit,B,SEX,120,expanded_independent,validation,3,3,True,0.6794984088347968,0.00615511946633638,0.6794984088347968,0.00615511946633638,3,True,False
log_loss,F_I,audit,B,SEX,120,expanded_independent,development_evaluation,3,3,True,0.6852911375665991,0.004122438139207658,0.6852911375665991,0.004122438139207658,3,True,False
log_loss,F_I,audit,B,SEX,120,expanded_independent,validation_person_weighted,3,3,True,0.679415410481268,0.00867344143661984,0.679415410481268,0.00867344143661984,3,True,False
log_loss,F_I,audit,B,SEX,120,expanded_independent,development_evaluation_person_weighted,3,3,True,0.68770833373357,0.0030004519020280806,0.68770833373357,0.0030004519020280806,3,True,False
log_loss,F_I,audit,B,SEX,120,expanded_catchup,validation,3,3,True,0.6789863160929618,0.005596492267189457,0.6789863160929618,0.005596492267189457,3,True,False
log_loss,F_I,audit,B,SEX,120,expanded_catchup,development_evaluation,3,3,True,0.6838416003405446,0.006624222421331177,0.6838416003405446,0.006624222421331177,3,True,False
log_loss,F_I,audit,B,SEX,120,expanded_catchup,validation_person_weighted,3,3,True,0.6801660263213928,0.009367454096964935,0.6801660263213928,0.009367454096964935,3,True,False
log_loss,F_I,audit,B,SEX,120,expanded_catchup,development_evaluation_person_weighted,3,3,True,0.6860978559031958,0.005751075095439909,0.6860978559031958,0.005751075095439909,3,True,False
log_loss,F_I,audit,B,SEX,360,standard_independent,validation,3,3,True,0.6794984088347968,0.00615511946633638,0.6794984088347968,0.00615511946633638,3,True,False
log_loss,F_I,audit,B,SEX,360,standard_independent,development_evaluation,3,3,True,0.6852911375665991,0.004122438139207658,0.6852911375665991,0.004122438139207658,3,True,False
log_loss,F_I,audit,B,SEX,360,standard_independent,validation_person_weighted,3,3,True,0.679415410481268,0.00867344143661984,0.679415410481268,0.00867344143661984,3,True,False
log_loss,F_I,audit,B,SEX,360,standard_independent,development_evaluation_person_weighted,3,3,True,0.68770833373357,0.0030004519020280806,0.68770833373357,0.0030004519020280806,3,True,False
log_loss,F_I,audit,B,SEX,360,expanded_independent,validation,3,3,True,0.6794984088347968,0.00615511946633638,0.6794984088347968,0.00615511946633638,3,True,False
log_loss,F_I,audit,B,SEX,360,expanded_independent,development_evaluation,3,3,True,0.6852911375665991,0.004122438139207658,0.6852911375665991,0.004122438139207658,3,True,False
log_loss,F_I,audit,B,SEX,360,expanded_independent,validation_person_weighted,3,3,True,0.679415410481268,0.00867344143661984,0.679415410481268,0.00867344143661984,3,True,False
log_loss,F_I,audit,B,SEX,360,expanded_independent,development_evaluation_person_weighted,3,3,True,0.68770833373357,0.0030004519020280806,0.68770833373357,0.0030004519020280806,3,True,False
log_loss,F_I,audit,B,SEX,360,expanded_catchup,validation,3,3,True,0.6789863160929618,0.005596492267189457,0.6789863160929618,0.005596492267189457,3,True,False
log_loss,F_I,audit,B,SEX,360,expanded_catchup,development_evaluation,3,3,True,0.6838416003405446,0.006624222421331177,0.6838416003405446,0.006624222421331177,3,True,False
log_loss,F_I,audit,B,SEX,360,expanded_catchup,validation_person_weighted,3,3,True,0.6801660263213928,0.009367454096964935,0.6801660263213928,0.009367454096964935,3,True,False
log_loss,F_I,audit,B,SEX,360,expanded_catchup,development_evaluation_person_weighted,3,3,True,0.6860978559031958,0.005751075095439909,0.6860978559031958,0.005751075095439909,3,True,False
log_loss,F_I,audit,B,RAC1P,120,standard_independent,validation,3,3,True,1.2594274535022127,0.003787419513133298,1.2594274535022127,0.003787419513133298,3,True,False
log_loss,F_I,audit,B,RAC1P,120,standard_independent,development_evaluation,3,3,True,1.258106908427253,0.013948390785243202,1.258106908427253,0.013948390785243202,3,True,False
log_loss,F_I,audit,B,RAC1P,120,standard_independent,validation_person_weighted,3,3,True,1.260212632812519,0.0020691555365484724,1.260212632812519,0.0020691555365484724,3,True,False
log_loss,F_I,audit,B,RAC1P,120,standard_independent,development_evaluation_person_weighted,3,3,True,1.2547053298625297,0.03133370080652161,1.2547053298625297,0.03133370080652161,3,True,False
log_loss,F_I,audit,B,RAC1P,120,expanded_independent,validation,3,3,True,1.2594274535022127,0.003787419513133298,1.2594274535022127,0.003787419513133298,3,True,False
log_loss,F_I,audit,B,RAC1P,120,expanded_independent,development_evaluation,3,3,True,1.258106908427253,0.013948390785243202,1.258106908427253,0.013948390785243202,3,True,False
log_loss,F_I,audit,B,RAC1P,120,expanded_independent,validation_person_weighted,3,3,True,1.260212632812519,0.0020691555365484724,1.260212632812519,0.0020691555365484724,3,True,False
log_loss,F_I,audit,B,RAC1P,120,expanded_independent,development_evaluation_person_weighted,3,3,True,1.2547053298625297,0.03133370080652161,1.2547053298625297,0.03133370080652161,3,True,False
log_loss,F_I,audit,B,RAC1P,120,expanded_catchup,validation,3,3,True,1.2500149575455943,0.0007293988135309218,1.2500149575455943,0.0007293988135309218,3,True,False
log_loss,F_I,audit,B,RAC1P,120,expanded_catchup,development_evaluation,3,3,True,1.2427780498964862,0.022054500755608396,1.2427780498964862,0.022054500755608396,3,True,False
log_loss,F_I,audit,B,RAC1P,120,expanded_catchup,validation_person_weighted,3,3,True,1.249981633367834,0.0008597403885661281,1.249981633367834,0.0008597403885661281,3,True,False
log_loss,F_I,audit,B,RAC1P,120,expanded_catchup,development_evaluation_person_weighted,3,3,True,1.2411727759601552,0.04128271549632131,1.2411727759601552,0.04128271549632131,3,True,False
log_loss,F_I,audit,B,RAC1P,360,standard_independent,validation,3,3,True,1.2594274535022127,0.003787419513133298,1.2594274535022127,0.003787419513133298,3,True,False
log_loss,F_I,audit,B,RAC1P,360,standard_independent,development_evaluation,3,3,True,1.258106908427253,0.013948390785243202,1.258106908427253,0.013948390785243202,3,True,False
log_loss,F_I,audit,B,RAC1P,360,standard_independent,validation_person_weighted,3,3,True,1.260212632812519,0.0020691555365484724,1.260212632812519,0.0020691555365484724,3,True,False
log_loss,F_I,audit,B,RAC1P,360,standard_independent,development_evaluation_person_weighted,3,3,True,1.2547053298625297,0.03133370080652161,1.2547053298625297,0.03133370080652161,3,True,False
log_loss,F_I,audit,B,RAC1P,360,expanded_independent,validation,3,3,True,1.2594274535022127,0.003787419513133298,1.2594274535022127,0.003787419513133298,3,True,False
log_loss,F_I,audit,B,RAC1P,360,expanded_independent,development_evaluation,3,3,True,1.258106908427253,0.013948390785243202,1.258106908427253,0.013948390785243202,3,True,False
log_loss,F_I,audit,B,RAC1P,360,expanded_independent,validation_person_weighted,3,3,True,1.260212632812519,0.0020691555365484724,1.260212632812519,0.0020691555365484724,3,True,False
log_loss,F_I,audit,B,RAC1P,360,expanded_independent,development_evaluation_person_weighted,3,3,True,1.2547053298625297,0.03133370080652161,1.2547053298625297,0.03133370080652161,3,True,False
log_loss,F_I,audit,B,RAC1P,360,expanded_catchup,validation,3,3,True,1.2500149575455943,0.0007293988135309218,1.2500149575455943,0.0007293988135309218,3,True,False
log_loss,F_I,audit,B,RAC1P,360,expanded_catchup,development_evaluation,3,3,True,1.2427780498964862,0.022054500755608396,1.2427780498964862,0.022054500755608396,3,True,False
log_loss,F_I,audit,B,RAC1P,360,expanded_catchup,validation_person_weighted,3,3,True,1.249981633367834,0.0008597403885661281,1.249981633367834,0.0008597403885661281,3,True,False
log_loss,F_I,audit,B,RAC1P,360,expanded_catchup,development_evaluation_person_weighted,3,3,True,1.2411727759601552,0.04128271549632131,1.2411727759601552,0.04128271549632131,3,True,False
log_loss,F_I,audit,AB,SEX,120,standard_independent,validation,3,3,True,0.6714327329790221,0.00527444514988254,0.6714327329790221,0.00527444514988254,3,True,False
log_loss,F_I,audit,AB,SEX,120,standard_independent,development_evaluation,3,3,True,0.6753166254922706,0.007874917213575913,0.6753166254922706,0.007874917213575913,3,True,False
log_loss,F_I,audit,AB,SEX,120,standard_independent,validation_person_weighted,3,3,True,0.6719471818484257,0.008713973611310691,0.6719471818484257,0.008713973611310691,3,True,False
log_loss,F_I,audit,AB,SEX,120,standard_independent,development_evaluation_person_weighted,3,3,True,0.6787378296242114,0.003136880975925988,0.6787378296242114,0.003136880975925988,3,True,False
log_loss,F_I,audit,AB,SEX,120,expanded_independent,validation,3,3,True,0.6714327329790221,0.00527444514988254,0.6714327329790221,0.00527444514988254,3,True,False
log_loss,F_I,audit,AB,SEX,120,expanded_independent,development_evaluation,3,3,True,0.6753166254922706,0.007874917213575913,0.6753166254922706,0.007874917213575913,3,True,False
log_loss,F_I,audit,AB,SEX,120,expanded_independent,validation_person_weighted,3,3,True,0.6719471818484257,0.008713973611310691,0.6719471818484257,0.008713973611310691,3,True,False
log_loss,F_I,audit,AB,SEX,120,expanded_independent,development_evaluation_person_weighted,3,3,True,0.6787378296242114,0.003136880975925988,0.6787378296242114,0.003136880975925988,3,True,False
log_loss,F_I,audit,AB,SEX,120,expanded_catchup,validation,3,3,True,0.6703821635349814,0.006155540437977981,0.6703821635349814,0.006155540437977981,3,True,False
log_loss,F_I,audit,AB,SEX,120,expanded_catchup,development_evaluation,3,3,True,0.6738120503904919,0.009784845481630961,0.6738120503904919,0.009784845481630961,3,True,False
log_loss,F_I,audit,AB,SEX,120,expanded_catchup,validation_person_weighted,3,3,True,0.6703499432448926,0.0075712869028467834,0.6703499432448926,0.0075712869028467834,3,True,False
log_loss,F_I,audit,AB,SEX,120,expanded_catchup,development_evaluation_person_weighted,3,3,True,0.6765474663376285,0.006085111793911986,0.6765474663376285,0.006085111793911986,3,True,False
log_loss,F_I,audit,AB,SEX,360,standard_independent,validation,3,3,True,0.6714327329790221,0.00527444514988254,0.6714327329790221,0.00527444514988254,3,True,False
log_loss,F_I,audit,AB,SEX,360,standard_independent,development_evaluation,3,3,True,0.6753166254922706,0.007874917213575913,0.6753166254922706,0.007874917213575913,3,True,False
log_loss,F_I,audit,AB,SEX,360,standard_independent,validation_person_weighted,3,3,True,0.6719471818484257,0.008713973611310691,0.6719471818484257,0.008713973611310691,3,True,False
log_loss,F_I,audit,AB,SEX,360,standard_independent,development_evaluation_person_weighted,3,3,True,0.6787378296242114,0.003136880975925988,0.6787378296242114,0.003136880975925988,3,True,False
log_loss,F_I,audit,AB,SEX,360,expanded_independent,validation,3,3,True,0.6714327329790221,0.00527444514988254,0.6714327329790221,0.00527444514988254,3,True,False
log_loss,F_I,audit,AB,SEX,360,expanded_independent,development_evaluation,3,3,True,0.6753166254922706,0.007874917213575913,0.6753166254922706,0.007874917213575913,3,True,False
log_loss,F_I,audit,AB,SEX,360,expanded_independent,validation_person_weighted,3,3,True,0.6719471818484257,0.008713973611310691,0.6719471818484257,0.008713973611310691,3,True,False
log_loss,F_I,audit,AB,SEX,360,expanded_independent,development_evaluation_person_weighted,3,3,True,0.6787378296242114,0.003136880975925988,0.6787378296242114,0.003136880975925988,3,True,False
log_loss,F_I,audit,AB,SEX,360,expanded_catchup,validation,3,3,True,0.6703821635349814,0.006155540437977981,0.6703821635349814,0.006155540437977981,3,True,False
log_loss,F_I,audit,AB,SEX,360,expanded_catchup,development_evaluation,3,3,True,0.6738120503904919,0.009784845481630961,0.6738120503904919,0.009784845481630961,3,True,False
log_loss,F_I,audit,AB,SEX,360,expanded_catchup,validation_person_weighted,3,3,True,0.6703499432448926,0.0075712869028467834,0.6703499432448926,0.0075712869028467834,3,True,False
log_loss,F_I,audit,AB,SEX,360,expanded_catchup,development_evaluation_person_weighted,3,3,True,0.6765474663376285,0.006085111793911986,0.6765474663376285,0.006085111793911986,3,True,False
log_loss,F_I,audit,AB,RAC1P,120,standard_independent,validation,3,3,True,1.2514226952022898,0.005407375558316091,1.2514226952022898,0.005407375558316091,3,True,False
log_loss,F_I,audit,AB,RAC1P,120,standard_independent,development_evaluation,3,3,True,1.2568124697282599,0.012031108636785824,1.2568124697282599,0.012031108636785824,3,True,False
log_loss,F_I,audit,AB,RAC1P,120,standard_independent,validation_person_weighted,3,3,True,1.249583451838146,0.010393216462679775,1.249583451838146,0.010393216462679775,3,True,False
log_loss,F_I,audit,AB,RAC1P,120,standard_independent,development_evaluation_person_weighted,3,3,True,1.253259101117546,0.03214527648083524,1.253259101117546,0.03214527648083524,3,True,False
log_loss,F_I,audit,AB,RAC1P,120,expanded_independent,validation,3,3,True,1.2514226952022898,0.005407375558316091,1.2514226952022898,0.005407375558316091,3,True,False
log_loss,F_I,audit,AB,RAC1P,120,expanded_independent,development_evaluation,3,3,True,1.2568124697282599,0.012031108636785824,1.2568124697282599,0.012031108636785824,3,True,False
log_loss,F_I,audit,AB,RAC1P,120,expanded_independent,validation_person_weighted,3,3,True,1.249583451838146,0.010393216462679775,1.249583451838146,0.010393216462679775,3,True,False
log_loss,F_I,audit,AB,RAC1P,120,expanded_independent,development_evaluation_person_weighted,3,3,True,1.253259101117546,0.03214527648083524,1.253259101117546,0.03214527648083524,3,True,False
log_loss,F_I,audit,AB,RAC1P,120,expanded_catchup,validation,3,3,True,1.239976960960022,0.0054920183025179686,1.239976960960022,0.0054920183025179686,3,True,False
log_loss,F_I,audit,AB,RAC1P,120,expanded_catchup,development_evaluation,3,3,True,1.245214043088732,0.022143971193092485,1.245214043088732,0.022143971193092485,3,True,False
log_loss,F_I,audit,AB,RAC1P,120,expanded_catchup,validation_person_weighted,3,3,True,1.2388554744923572,0.004324904218742184,1.2388554744923572,0.004324904218742184,3,True,False
log_loss,F_I,audit,AB,RAC1P,120,expanded_catchup,development_evaluation_person_weighted,3,3,True,1.243102569868146,0.040318746098103764,1.243102569868146,0.040318746098103764,3,True,False
log_loss,F_I,audit,AB,RAC1P,360,standard_independent,validation,3,3,True,1.2514226952022898,0.005407375558316091,1.2514226952022898,0.005407375558316091,3,True,False
log_loss,F_I,audit,AB,RAC1P,360,standard_independent,development_evaluation,3,3,True,1.2568124697282599,0.012031108636785824,1.2568124697282599,0.012031108636785824,3,True,False
log_loss,F_I,audit,AB,RAC1P,360,standard_independent,validation_person_weighted,3,3,True,1.249583451838146,0.010393216462679775,1.249583451838146,0.010393216462679775,3,True,False
log_loss,F_I,audit,AB,RAC1P,360,standard_independent,development_evaluation_person_weighted,3,3,True,1.253259101117546,0.03214527648083524,1.253259101117546,0.03214527648083524,3,True,False
log_loss,F_I,audit,AB,RAC1P,360,expanded_independent,validation,3,3,True,1.2514226952022898,0.005407375558316091,1.2514226952022898,0.005407375558316091,3,True,False
log_loss,F_I,audit,AB,RAC1P,360,expanded_independent,development_evaluation,3,3,True,1.2568124697282599,0.012031108636785824,1.2568124697282599,0.012031108636785824,3,True,False
log_loss,F_I,audit,AB,RAC1P,360,expanded_independent,validation_person_weighted,3,3,True,1.249583451838146,0.010393216462679775,1.249583451838146,0.010393216462679775,3,True,False
log_loss,F_I,audit,AB,RAC1P,360,expanded_independent,development_evaluation_person_weighted,3,3,True,1.253259101117546,0.03214527648083524,1.253259101117546,0.03214527648083524,3,True,False
log_loss,F_I,audit,AB,RAC1P,360,expanded_catchup,validation,3,3,True,1.239976960960022,0.0054920183025179686,1.239976960960022,0.0054920183025179686,3,True,False
log_loss,F_I,audit,AB,RAC1P,360,expanded_catchup,development_evaluation,3,3,True,1.245214043088732,0.022143971193092485,1.245214043088732,0.022143971193092485,3,True,False
log_loss,F_I,audit,AB,RAC1P,360,expanded_catchup,validation_person_weighted,3,3,True,1.2388554744923572,0.004324904218742184,1.2388554744923572,0.004324904218742184,3,True,False
log_loss,F_I,audit,AB,RAC1P,360,expanded_catchup,development_evaluation_person_weighted,3,3,True,1.243102569868146,0.040318746098103764,1.243102569868146,0.040318746098103764,3,True,False
log_loss,F_Iplus,utility,A,same_residence,,utility,validation,3,3,True,0.5201931409426873,0.012998379123190408,0.5201931409426873,0.012998379123190408,3,True,False
log_loss,F_Iplus,utility,A,same_residence,,utility,development_evaluation,3,3,True,0.513606444285694,0.005169158606567419,0.513606444285694,0.005169158606567419,3,True,False
log_loss,F_Iplus,utility,A,same_residence,,utility,validation_person_weighted,3,3,True,0.4960592256277163,0.015884755310805868,0.4960592256277163,0.015884755310805868,3,True,False
log_loss,F_Iplus,utility,A,same_residence,,utility,development_evaluation_person_weighted,3,3,True,0.4921420088166028,0.0029625079013564704,0.4921420088166028,0.0029625079013564704,3,True,False
log_loss,F_Iplus,utility,B,commute_over20,,utility,validation,3,3,True,0.6884096608862648,0.0044374231817699275,0.6884096608862648,0.0044374231817699275,3,True,False
log_loss,F_Iplus,utility,B,commute_over20,,utility,development_evaluation,3,3,True,0.6906539003014769,0.0002965173792110681,0.6906539003014769,0.0002965173792110681,3,True,False
log_loss,F_Iplus,utility,B,commute_over20,,utility,validation_person_weighted,3,3,True,0.6865436885888146,0.0024540258138963105,0.6865436885888146,0.0024540258138963105,3,True,False
log_loss,F_Iplus,utility,B,commute_over20,,utility,development_evaluation_person_weighted,3,3,True,0.6903889841088507,0.0001679463691496778,0.6903889841088507,0.0001679463691496778,3,True,False
log_loss,F_Iplus,utility,A,income_binary,,utility,validation,3,3,True,0.2945262668397436,0.006091046791221386,0.2945262668397436,0.006091046791221386,3,True,False
log_loss,F_Iplus,utility,A,income_binary,,utility,development_evaluation,3,3,True,0.2930472144986586,0.011931992173089384,0.2930472144986586,0.011931992173089384,3,True,False
log_loss,F_Iplus,utility,A,income_binary,,utility,validation_person_weighted,3,3,True,0.2921199940720953,0.020651876319398514,0.2921199940720953,0.020651876319398514,3,True,False
log_loss,F_Iplus,utility,A,income_binary,,utility,development_evaluation_person_weighted,3,3,True,0.3056844093347032,0.01012303527138464,0.3056844093347032,0.01012303527138464,3,True,False
log_loss,F_Iplus,utility,A,civilian_at_work,,utility,validation,3,3,True,0.29234356153440405,0.009097990577983665,0.29234356153440405,0.009097990577983665,3,True,False
log_loss,F_Iplus,utility,A,civilian_at_work,,utility,development_evaluation,3,3,True,0.2786962334739774,0.00761312569330434,0.2786962334739774,0.00761312569330434,3,True,False
log_loss,F_Iplus,utility,A,civilian_at_work,,utility,validation_person_weighted,3,3,True,0.2914406780788283,0.00588490859828964,0.2914406780788283,0.00588490859828964,3,True,False
log_loss,F_Iplus,utility,A,civilian_at_work,,utility,development_evaluation_person_weighted,3,3,True,0.26807230686229244,0.012518413967441576,0.26807230686229244,0.012518413967441576,3,True,False
log_loss,F_Iplus,utility,B,public_coverage,,utility,validation,3,3,True,0.4926582446647999,0.006732137751691066,0.4926582446647999,0.006732137751691066,3,True,False
log_loss,F_Iplus,utility,B,public_coverage,,utility,development_evaluation,3,3,True,0.5123975911794509,0.00836696098757442,0.5123975911794509,0.00836696098757442,3,True,False
log_loss,F_Iplus,utility,B,public_coverage,,utility,validation_person_weighted,3,3,True,0.504690155822826,0.004881103483412893,0.504690155822826,0.004881103483412893,3,True,False
log_loss,F_Iplus,utility,B,public_coverage,,utility,development_evaluation_person_weighted,3,3,True,0.5219255071412953,0.00970914189384908,0.5219255071412953,0.00970914189384908,3,True,False
log_loss,F_Iplus,native,A,income_binary,,native,source_validation,3,3,True,0.30420292221658474,0.006034598299902178,0.30420292221658474,0.006034598299902178,3,True,False
log_loss,F_Iplus,native,A,income_binary,,native,development_evaluation,3,3,True,0.2982624671257306,0.014075176754066368,0.2982624671257306,0.014075176754066368,3,True,False
log_loss,F_Iplus,native,A,income_binary,,native,source_validation_person_weighted,3,3,True,0.2990705851054855,0.0036755732702396576,0.2990705851054855,0.0036755732702396576,3,True,False
log_loss,F_Iplus,native,A,income_binary,,native,development_evaluation_person_weighted,3,3,True,0.31010668930250945,0.015470666940798673,0.31010668930250945,0.015470666940798673,3,True,False
log_loss,F_Iplus,native,A,civilian_at_work,,native,source_validation,3,3,True,0.3198632959685167,0.02297073146341794,0.3198632959685167,0.02297073146341794,3,True,False
log_loss,F_Iplus,native,A,civilian_at_work,,native,development_evaluation,3,3,True,0.3050439800110177,0.0069714003851853975,0.3050439800110177,0.0069714003851853975,3,True,False
log_loss,F_Iplus,native,A,civilian_at_work,,native,source_validation_person_weighted,3,3,True,0.32155124884633796,0.023856941457913367,0.32155124884633796,0.023856941457913367,3,True,False
log_loss,F_Iplus,native,A,civilian_at_work,,native,development_evaluation_person_weighted,3,3,True,0.2955197291264815,0.015841495473985966,0.2955197291264815,0.015841495473985966,3,True,False
log_loss,F_Iplus,native,B,public_coverage,,native,source_validation,3,3,True,0.5357237539667924,0.009667358158906235,0.5357237539667924,0.009667358158906235,3,True,False
log_loss,F_Iplus,native,B,public_coverage,,native,development_evaluation,3,3,True,0.5606896110283484,0.017923768724465872,0.5606896110283484,0.017923768724465872,3,True,False
log_loss,F_Iplus,native,B,public_coverage,,native,source_validation_person_weighted,3,3,True,0.5440760919351341,0.020795749037217443,0.5440760919351341,0.020795749037217443,3,True,False
log_loss,F_Iplus,native,B,public_coverage,,native,development_evaluation_person_weighted,3,3,True,0.5677893432838953,0.011422665557880613,0.5677893432838953,0.011422665557880613,3,True,False
log_loss,F_Iplus,audit,A,public_coverage,120,standard_independent,validation,3,3,True,0.49928538769410447,0.012157827073793063,0.49928538769410447,0.012157827073793063,3,True,False
log_loss,F_Iplus,audit,A,public_coverage,120,standard_independent,development_evaluation,3,3,True,0.5164505068904204,0.011865178209554378,0.5164505068904204,0.011865178209554378,3,True,False
log_loss,F_Iplus,audit,A,public_coverage,120,standard_independent,validation_person_weighted,3,3,True,0.501224527966392,0.018721301010907243,0.501224527966392,0.018721301010907243,3,True,False
log_loss,F_Iplus,audit,A,public_coverage,120,standard_independent,development_evaluation_person_weighted,3,3,True,0.5191841243626193,0.015375766723661434,0.5191841243626193,0.015375766723661434,3,True,False
log_loss,F_Iplus,audit,A,public_coverage,120,expanded_independent,validation,3,3,True,0.49928538769410447,0.012157827073793063,0.49928538769410447,0.012157827073793063,3,True,False
log_loss,F_Iplus,audit,A,public_coverage,120,expanded_independent,development_evaluation,3,3,True,0.5164505068904204,0.011865178209554378,0.5164505068904204,0.011865178209554378,3,True,False
log_loss,F_Iplus,audit,A,public_coverage,120,expanded_independent,validation_person_weighted,3,3,True,0.501224527966392,0.018721301010907243,0.501224527966392,0.018721301010907243,3,True,False
log_loss,F_Iplus,audit,A,public_coverage,120,expanded_independent,development_evaluation_person_weighted,3,3,True,0.5191841243626193,0.015375766723661434,0.5191841243626193,0.015375766723661434,3,True,False
log_loss,F_Iplus,audit,A,public_coverage,120,expanded_catchup,validation,3,3,True,0.4961441441327684,0.009512585570679888,0.4961441441327684,0.009512585570679888,3,True,False
log_loss,F_Iplus,audit,A,public_coverage,120,expanded_catchup,development_evaluation,3,3,True,0.5148197472259887,0.012991612397334918,0.5148197472259887,0.012991612397334918,3,True,False
log_loss,F_Iplus,audit,A,public_coverage,120,expanded_catchup,validation_person_weighted,3,3,True,0.49800122998622526,0.01572755302954613,0.49800122998622526,0.01572755302954613,3,True,False
log_loss,F_Iplus,audit,A,public_coverage,120,expanded_catchup,development_evaluation_person_weighted,3,3,True,0.5178166465308601,0.01469744772406658,0.5178166465308601,0.01469744772406658,3,True,False
log_loss,F_Iplus,audit,A,public_coverage,360,standard_independent,validation,3,3,True,0.49928538769410447,0.012157827073793063,0.49928538769410447,0.012157827073793063,3,True,False
log_loss,F_Iplus,audit,A,public_coverage,360,standard_independent,development_evaluation,3,3,True,0.5164505068904204,0.011865178209554378,0.5164505068904204,0.011865178209554378,3,True,False
log_loss,F_Iplus,audit,A,public_coverage,360,standard_independent,validation_person_weighted,3,3,True,0.501224527966392,0.018721301010907243,0.501224527966392,0.018721301010907243,3,True,False
log_loss,F_Iplus,audit,A,public_coverage,360,standard_independent,development_evaluation_person_weighted,3,3,True,0.5191841243626193,0.015375766723661434,0.5191841243626193,0.015375766723661434,3,True,False
log_loss,F_Iplus,audit,A,public_coverage,360,expanded_independent,validation,3,3,True,0.49928538769410447,0.012157827073793063,0.49928538769410447,0.012157827073793063,3,True,False
log_loss,F_Iplus,audit,A,public_coverage,360,expanded_independent,development_evaluation,3,3,True,0.5164505068904204,0.011865178209554378,0.5164505068904204,0.011865178209554378,3,True,False
log_loss,F_Iplus,audit,A,public_coverage,360,expanded_independent,validation_person_weighted,3,3,True,0.501224527966392,0.018721301010907243,0.501224527966392,0.018721301010907243,3,True,False
log_loss,F_Iplus,audit,A,public_coverage,360,expanded_independent,development_evaluation_person_weighted,3,3,True,0.5191841243626193,0.015375766723661434,0.5191841243626193,0.015375766723661434,3,True,False
log_loss,F_Iplus,audit,A,public_coverage,360,expanded_catchup,validation,3,3,True,0.4961441441327684,0.009512585570679888,0.4961441441327684,0.009512585570679888,3,True,False
log_loss,F_Iplus,audit,A,public_coverage,360,expanded_catchup,development_evaluation,3,3,True,0.5148197472259887,0.012991612397334918,0.5148197472259887,0.012991612397334918,3,True,False
log_loss,F_Iplus,audit,A,public_coverage,360,expanded_catchup,validation_person_weighted,3,3,True,0.49800122998622526,0.01572755302954613,0.49800122998622526,0.01572755302954613,3,True,False
log_loss,F_Iplus,audit,A,public_coverage,360,expanded_catchup,development_evaluation_person_weighted,3,3,True,0.5178166465308601,0.01469744772406658,0.5178166465308601,0.01469744772406658,3,True,False
log_loss,F_Iplus,audit,A,commute_over20,120,standard_independent,validation,3,3,True,0.6813865944229358,0.0041078467703104,0.6813865944229358,0.0041078467703104,3,True,False
log_loss,F_Iplus,audit,A,commute_over20,120,standard_independent,development_evaluation,3,3,True,0.685621579826649,0.006929952568046338,0.685621579826649,0.006929952568046338,3,True,False
log_loss,F_Iplus,audit,A,commute_over20,120,standard_independent,validation_person_weighted,3,3,True,0.6852317507583662,0.0046299583567031115,0.6852317507583662,0.0046299583567031115,3,True,False
log_loss,F_Iplus,audit,A,commute_over20,120,standard_independent,development_evaluation_person_weighted,3,3,True,0.688117860240249,0.003993285550941831,0.688117860240249,0.003993285550941831,3,True,False
log_loss,F_Iplus,audit,A,commute_over20,120,expanded_independent,validation,3,3,True,0.6813865944229358,0.0041078467703104,0.6813865944229358,0.0041078467703104,3,True,False
log_loss,F_Iplus,audit,A,commute_over20,120,expanded_independent,development_evaluation,3,3,True,0.685621579826649,0.006929952568046338,0.685621579826649,0.006929952568046338,3,True,False
log_loss,F_Iplus,audit,A,commute_over20,120,expanded_independent,validation_person_weighted,3,3,True,0.6852317507583662,0.0046299583567031115,0.6852317507583662,0.0046299583567031115,3,True,False
log_loss,F_Iplus,audit,A,commute_over20,120,expanded_independent,development_evaluation_person_weighted,3,3,True,0.688117860240249,0.003993285550941831,0.688117860240249,0.003993285550941831,3,True,False
log_loss,F_Iplus,audit,A,commute_over20,120,expanded_catchup,validation,3,3,True,0.6813865944229358,0.0041078467703104,0.6813865944229358,0.0041078467703104,3,True,False
log_loss,F_Iplus,audit,A,commute_over20,120,expanded_catchup,development_evaluation,3,3,True,0.685621579826649,0.006929952568046338,0.685621579826649,0.006929952568046338,3,True,False
log_loss,F_Iplus,audit,A,commute_over20,120,expanded_catchup,validation_person_weighted,3,3,True,0.6852317507583662,0.0046299583567031115,0.6852317507583662,0.0046299583567031115,3,True,False
log_loss,F_Iplus,audit,A,commute_over20,120,expanded_catchup,development_evaluation_person_weighted,3,3,True,0.688117860240249,0.003993285550941831,0.688117860240249,0.003993285550941831,3,True,False
log_loss,F_Iplus,audit,A,commute_over20,360,standard_independent,validation,3,3,True,0.6813865944229358,0.0041078467703104,0.6813865944229358,0.0041078467703104,3,True,False
log_loss,F_Iplus,audit,A,commute_over20,360,standard_independent,development_evaluation,3,3,True,0.685621579826649,0.006929952568046338,0.685621579826649,0.006929952568046338,3,True,False
log_loss,F_Iplus,audit,A,commute_over20,360,standard_independent,validation_person_weighted,3,3,True,0.6852317507583662,0.0046299583567031115,0.6852317507583662,0.0046299583567031115,3,True,False
log_loss,F_Iplus,audit,A,commute_over20,360,standard_independent,development_evaluation_person_weighted,3,3,True,0.688117860240249,0.003993285550941831,0.688117860240249,0.003993285550941831,3,True,False
log_loss,F_Iplus,audit,A,commute_over20,360,expanded_independent,validation,3,3,True,0.6813865944229358,0.0041078467703104,0.6813865944229358,0.0041078467703104,3,True,False
log_loss,F_Iplus,audit,A,commute_over20,360,expanded_independent,development_evaluation,3,3,True,0.685621579826649,0.006929952568046338,0.685621579826649,0.006929952568046338,3,True,False
log_loss,F_Iplus,audit,A,commute_over20,360,expanded_independent,validation_person_weighted,3,3,True,0.6852317507583662,0.0046299583567031115,0.6852317507583662,0.0046299583567031115,3,True,False
log_loss,F_Iplus,audit,A,commute_over20,360,expanded_independent,development_evaluation_person_weighted,3,3,True,0.688117860240249,0.003993285550941831,0.688117860240249,0.003993285550941831,3,True,False
log_loss,F_Iplus,audit,A,commute_over20,360,expanded_catchup,validation,3,3,True,0.6813865944229358,0.0041078467703104,0.6813865944229358,0.0041078467703104,3,True,False
log_loss,F_Iplus,audit,A,commute_over20,360,expanded_catchup,development_evaluation,3,3,True,0.685621579826649,0.006929952568046338,0.685621579826649,0.006929952568046338,3,True,False
log_loss,F_Iplus,audit,A,commute_over20,360,expanded_catchup,validation_person_weighted,3,3,True,0.6852317507583662,0.0046299583567031115,0.6852317507583662,0.0046299583567031115,3,True,False
log_loss,F_Iplus,audit,A,commute_over20,360,expanded_catchup,development_evaluation_person_weighted,3,3,True,0.688117860240249,0.003993285550941831,0.688117860240249,0.003993285550941831,3,True,False
log_loss,F_Iplus,audit,A,SEX,120,standard_independent,validation,3,3,True,0.6850572739045202,0.0016434684430266797,0.6850572739045202,0.0016434684430266797,3,True,False
log_loss,F_Iplus,audit,A,SEX,120,standard_independent,development_evaluation,3,3,True,0.6860692348310434,0.006821813165953722,0.6860692348310434,0.006821813165953722,3,True,False
log_loss,F_Iplus,audit,A,SEX,120,standard_independent,validation_person_weighted,3,3,True,0.6863013785435148,0.002808447848127268,0.6863013785435148,0.002808447848127268,3,True,False
log_loss,F_Iplus,audit,A,SEX,120,standard_independent,development_evaluation_person_weighted,3,3,True,0.6862834450829072,0.004569740539649363,0.6862834450829072,0.004569740539649363,3,True,False
log_loss,F_Iplus,audit,A,SEX,120,expanded_independent,validation,3,3,True,0.6850572739045202,0.0016434684430266797,0.6850572739045202,0.0016434684430266797,3,True,False
log_loss,F_Iplus,audit,A,SEX,120,expanded_independent,development_evaluation,3,3,True,0.6860692348310434,0.006821813165953722,0.6860692348310434,0.006821813165953722,3,True,False
log_loss,F_Iplus,audit,A,SEX,120,expanded_independent,validation_person_weighted,3,3,True,0.6863013785435148,0.002808447848127268,0.6863013785435148,0.002808447848127268,3,True,False
log_loss,F_Iplus,audit,A,SEX,120,expanded_independent,development_evaluation_person_weighted,3,3,True,0.6862834450829072,0.004569740539649363,0.6862834450829072,0.004569740539649363,3,True,False
log_loss,F_Iplus,audit,A,SEX,120,expanded_catchup,validation,3,3,True,0.6848680100525312,0.0019495366279628952,0.6848680100525312,0.0019495366279628952,3,True,False
log_loss,F_Iplus,audit,A,SEX,120,expanded_catchup,development_evaluation,3,3,True,0.6854934629627084,0.0065965571928822495,0.6854934629627084,0.0065965571928822495,3,True,False
log_loss,F_Iplus,audit,A,SEX,120,expanded_catchup,validation_person_weighted,3,3,True,0.685818756850343,0.002968743982561462,0.685818756850343,0.002968743982561462,3,True,False
log_loss,F_Iplus,audit,A,SEX,120,expanded_catchup,development_evaluation_person_weighted,3,3,True,0.6841501248701158,0.0032548932232502365,0.6841501248701158,0.0032548932232502365,3,True,False
log_loss,F_Iplus,audit,A,SEX,360,standard_independent,validation,3,3,True,0.6850572739045202,0.0016434684430266797,0.6850572739045202,0.0016434684430266797,3,True,False
log_loss,F_Iplus,audit,A,SEX,360,standard_independent,development_evaluation,3,3,True,0.6860692348310434,0.006821813165953722,0.6860692348310434,0.006821813165953722,3,True,False
log_loss,F_Iplus,audit,A,SEX,360,standard_independent,validation_person_weighted,3,3,True,0.6863013785435148,0.002808447848127268,0.6863013785435148,0.002808447848127268,3,True,False
log_loss,F_Iplus,audit,A,SEX,360,standard_independent,development_evaluation_person_weighted,3,3,True,0.6862834450829072,0.004569740539649363,0.6862834450829072,0.004569740539649363,3,True,False
log_loss,F_Iplus,audit,A,SEX,360,expanded_independent,validation,3,3,True,0.6850572739045202,0.0016434684430266797,0.6850572739045202,0.0016434684430266797,3,True,False
log_loss,F_Iplus,audit,A,SEX,360,expanded_independent,development_evaluation,3,3,True,0.6860692348310434,0.006821813165953722,0.6860692348310434,0.006821813165953722,3,True,False
log_loss,F_Iplus,audit,A,SEX,360,expanded_independent,validation_person_weighted,3,3,True,0.6863013785435148,0.002808447848127268,0.6863013785435148,0.002808447848127268,3,True,False
log_loss,F_Iplus,audit,A,SEX,360,expanded_independent,development_evaluation_person_weighted,3,3,True,0.6862834450829072,0.004569740539649363,0.6862834450829072,0.004569740539649363,3,True,False
log_loss,F_Iplus,audit,A,SEX,360,expanded_catchup,validation,3,3,True,0.6848680100525312,0.0019495366279628952,0.6848680100525312,0.0019495366279628952,3,True,False
log_loss,F_Iplus,audit,A,SEX,360,expanded_catchup,development_evaluation,3,3,True,0.6854934629627084,0.0065965571928822495,0.6854934629627084,0.0065965571928822495,3,True,False
log_loss,F_Iplus,audit,A,SEX,360,expanded_catchup,validation_person_weighted,3,3,True,0.685818756850343,0.002968743982561462,0.685818756850343,0.002968743982561462,3,True,False
log_loss,F_Iplus,audit,A,SEX,360,expanded_catchup,development_evaluation_person_weighted,3,3,True,0.6841501248701158,0.0032548932232502365,0.6841501248701158,0.0032548932232502365,3,True,False
log_loss,F_Iplus,audit,A,RAC1P,120,standard_independent,validation,3,3,True,1.2688848516648326,0.0073484715020623705,1.2688848516648326,0.0073484715020623705,3,True,False
log_loss,F_Iplus,audit,A,RAC1P,120,standard_independent,development_evaluation,3,3,True,1.2722949079313401,0.02939385241915453,1.2722949079313401,0.02939385241915453,3,True,False
log_loss,F_Iplus,audit,A,RAC1P,120,standard_independent,validation_person_weighted,3,3,True,1.270158695707673,0.005446224922330028,1.270158695707673,0.005446224922330028,3,True,False
log_loss,F_Iplus,audit,A,RAC1P,120,standard_independent,development_evaluation_person_weighted,3,3,True,1.270679443937758,0.0448930462687745,1.270679443937758,0.0448930462687745,3,True,False
log_loss,F_Iplus,audit,A,RAC1P,120,expanded_independent,validation,3,3,True,1.2681684798658777,0.0061864456387298265,1.2681684798658777,0.0061864456387298265,3,True,False
log_loss,F_Iplus,audit,A,RAC1P,120,expanded_independent,development_evaluation,3,3,True,1.2730407781603836,0.030453083301543796,1.2730407781603836,0.030453083301543796,3,True,False
log_loss,F_Iplus,audit,A,RAC1P,120,expanded_independent,validation_person_weighted,3,3,True,1.2693008661004161,0.004708866422814926,1.2693008661004161,0.004708866422814926,3,True,False
log_loss,F_Iplus,audit,A,RAC1P,120,expanded_independent,development_evaluation_person_weighted,3,3,True,1.2694268641936282,0.04272511680010108,1.2694268641936282,0.04272511680010108,3,True,False
log_loss,F_Iplus,audit,A,RAC1P,120,expanded_catchup,validation,3,3,True,1.2650947339477998,0.00793015122634412,1.2650947339477998,0.00793015122634412,3,True,False
log_loss,F_Iplus,audit,A,RAC1P,120,expanded_catchup,development_evaluation,3,3,True,1.270133645692536,0.03246906831610295,1.270133645692536,0.03246906831610295,3,True,False
log_loss,F_Iplus,audit,A,RAC1P,120,expanded_catchup,validation_person_weighted,3,3,True,1.2674223121161254,0.006345469808756576,1.2674223121161254,0.006345469808756576,3,True,False
log_loss,F_Iplus,audit,A,RAC1P,120,expanded_catchup,development_evaluation_person_weighted,3,3,True,1.2658367320257728,0.04826503515007327,1.2658367320257728,0.04826503515007327,3,True,False
log_loss,F_Iplus,audit,A,RAC1P,360,standard_independent,validation,3,3,True,1.2688848516648326,0.0073484715020623705,1.2688848516648326,0.0073484715020623705,3,True,False
log_loss,F_Iplus,audit,A,RAC1P,360,standard_independent,development_evaluation,3,3,True,1.2722949079313401,0.02939385241915453,1.2722949079313401,0.02939385241915453,3,True,False
log_loss,F_Iplus,audit,A,RAC1P,360,standard_independent,validation_person_weighted,3,3,True,1.270158695707673,0.005446224922330028,1.270158695707673,0.005446224922330028,3,True,False
log_loss,F_Iplus,audit,A,RAC1P,360,standard_independent,development_evaluation_person_weighted,3,3,True,1.270679443937758,0.0448930462687745,1.270679443937758,0.0448930462687745,3,True,False
log_loss,F_Iplus,audit,A,RAC1P,360,expanded_independent,validation,3,3,True,1.2681684798658777,0.0061864456387298265,1.2681684798658777,0.0061864456387298265,3,True,False
log_loss,F_Iplus,audit,A,RAC1P,360,expanded_independent,development_evaluation,3,3,True,1.2730407781603836,0.030453083301543796,1.2730407781603836,0.030453083301543796,3,True,False
log_loss,F_Iplus,audit,A,RAC1P,360,expanded_independent,validation_person_weighted,3,3,True,1.2693008661004161,0.004708866422814926,1.2693008661004161,0.004708866422814926,3,True,False
log_loss,F_Iplus,audit,A,RAC1P,360,expanded_independent,development_evaluation_person_weighted,3,3,True,1.2694268641936282,0.04272511680010108,1.2694268641936282,0.04272511680010108,3,True,False
log_loss,F_Iplus,audit,A,RAC1P,360,expanded_catchup,validation,3,3,True,1.2650947339477998,0.00793015122634412,1.2650947339477998,0.00793015122634412,3,True,False
log_loss,F_Iplus,audit,A,RAC1P,360,expanded_catchup,development_evaluation,3,3,True,1.270133645692536,0.03246906831610295,1.270133645692536,0.03246906831610295,3,True,False
log_loss,F_Iplus,audit,A,RAC1P,360,expanded_catchup,validation_person_weighted,3,3,True,1.2674223121161254,0.006345469808756576,1.2674223121161254,0.006345469808756576,3,True,False
log_loss,F_Iplus,audit,A,RAC1P,360,expanded_catchup,development_evaluation_person_weighted,3,3,True,1.2658367320257728,0.04826503515007327,1.2658367320257728,0.04826503515007327,3,True,False
log_loss,F_Iplus,audit,B,income_binary,120,standard_independent,validation,3,3,True,0.36369216597988996,0.01069424080489615,0.36369216597988996,0.01069424080489615,3,True,False
log_loss,F_Iplus,audit,B,income_binary,120,standard_independent,development_evaluation,3,3,True,0.3555746561719127,0.005058479438165465,0.3555746561719127,0.005058479438165465,3,True,False
log_loss,F_Iplus,audit,B,income_binary,120,standard_independent,validation_person_weighted,3,3,True,0.36826833119313407,0.013315028799726085,0.36826833119313407,0.013315028799726085,3,True,False
log_loss,F_Iplus,audit,B,income_binary,120,standard_independent,development_evaluation_person_weighted,3,3,True,0.36953765582637393,0.014468505521819974,0.36953765582637393,0.014468505521819974,3,True,False
log_loss,F_Iplus,audit,B,income_binary,120,expanded_independent,validation,3,3,True,0.36369216597988996,0.01069424080489615,0.36369216597988996,0.01069424080489615,3,True,False
log_loss,F_Iplus,audit,B,income_binary,120,expanded_independent,development_evaluation,3,3,True,0.3555746561719127,0.005058479438165465,0.3555746561719127,0.005058479438165465,3,True,False
log_loss,F_Iplus,audit,B,income_binary,120,expanded_independent,validation_person_weighted,3,3,True,0.36826833119313407,0.013315028799726085,0.36826833119313407,0.013315028799726085,3,True,False
log_loss,F_Iplus,audit,B,income_binary,120,expanded_independent,development_evaluation_person_weighted,3,3,True,0.36953765582637393,0.014468505521819974,0.36953765582637393,0.014468505521819974,3,True,False
log_loss,F_Iplus,audit,B,income_binary,120,expanded_catchup,validation,3,3,True,0.36214685334751934,0.008800712172020733,0.36214685334751934,0.008800712172020733,3,True,False
log_loss,F_Iplus,audit,B,income_binary,120,expanded_catchup,development_evaluation,3,3,True,0.3631599017107373,0.012729022778888975,0.3631599017107373,0.012729022778888975,3,True,False
log_loss,F_Iplus,audit,B,income_binary,120,expanded_catchup,validation_person_weighted,3,3,True,0.36439741706156514,0.011462701940794268,0.36439741706156514,0.011462701940794268,3,True,False
log_loss,F_Iplus,audit,B,income_binary,120,expanded_catchup,development_evaluation_person_weighted,3,3,True,0.3722011478641099,0.016144749494426885,0.3722011478641099,0.016144749494426885,3,True,False
log_loss,F_Iplus,audit,B,income_binary,360,standard_independent,validation,3,3,True,0.36369216597988996,0.01069424080489615,0.36369216597988996,0.01069424080489615,3,True,False
log_loss,F_Iplus,audit,B,income_binary,360,standard_independent,development_evaluation,3,3,True,0.3555746561719127,0.005058479438165465,0.3555746561719127,0.005058479438165465,3,True,False
log_loss,F_Iplus,audit,B,income_binary,360,standard_independent,validation_person_weighted,3,3,True,0.36826833119313407,0.013315028799726085,0.36826833119313407,0.013315028799726085,3,True,False
log_loss,F_Iplus,audit,B,income_binary,360,standard_independent,development_evaluation_person_weighted,3,3,True,0.36953765582637393,0.014468505521819974,0.36953765582637393,0.014468505521819974,3,True,False
log_loss,F_Iplus,audit,B,income_binary,360,expanded_independent,validation,3,3,True,0.36369216597988996,0.01069424080489615,0.36369216597988996,0.01069424080489615,3,True,False
log_loss,F_Iplus,audit,B,income_binary,360,expanded_independent,development_evaluation,3,3,True,0.3555746561719127,0.005058479438165465,0.3555746561719127,0.005058479438165465,3,True,False
log_loss,F_Iplus,audit,B,income_binary,360,expanded_independent,validation_person_weighted,3,3,True,0.36826833119313407,0.013315028799726085,0.36826833119313407,0.013315028799726085,3,True,False
log_loss,F_Iplus,audit,B,income_binary,360,expanded_independent,development_evaluation_person_weighted,3,3,True,0.36953765582637393,0.014468505521819974,0.36953765582637393,0.014468505521819974,3,True,False
log_loss,F_Iplus,audit,B,income_binary,360,expanded_catchup,validation,3,3,True,0.36214685334751934,0.008800712172020733,0.36214685334751934,0.008800712172020733,3,True,False
log_loss,F_Iplus,audit,B,income_binary,360,expanded_catchup,development_evaluation,3,3,True,0.3631599017107373,0.012729022778888975,0.3631599017107373,0.012729022778888975,3,True,False
log_loss,F_Iplus,audit,B,income_binary,360,expanded_catchup,validation_person_weighted,3,3,True,0.36439741706156514,0.011462701940794268,0.36439741706156514,0.011462701940794268,3,True,False
log_loss,F_Iplus,audit,B,income_binary,360,expanded_catchup,development_evaluation_person_weighted,3,3,True,0.3722011478641099,0.016144749494426885,0.3722011478641099,0.016144749494426885,3,True,False
log_loss,F_Iplus,audit,B,civilian_at_work,120,standard_independent,validation,3,3,True,0.4843430498992466,0.003306588689733391,0.4843430498992466,0.003306588689733391,3,True,False
log_loss,F_Iplus,audit,B,civilian_at_work,120,standard_independent,development_evaluation,3,3,True,0.47046739098703494,0.006856388214447904,0.47046739098703494,0.006856388214447904,3,True,False
log_loss,F_Iplus,audit,B,civilian_at_work,120,standard_independent,validation_person_weighted,3,3,True,0.46687322264002024,0.01074923002206366,0.46687322264002024,0.01074923002206366,3,True,False
log_loss,F_Iplus,audit,B,civilian_at_work,120,standard_independent,development_evaluation_person_weighted,3,3,True,0.45348654609773364,0.007156209753252525,0.45348654609773364,0.007156209753252525,3,True,False
log_loss,F_Iplus,audit,B,civilian_at_work,120,expanded_independent,validation,3,3,True,0.4843430498992466,0.003306588689733391,0.4843430498992466,0.003306588689733391,3,True,False
log_loss,F_Iplus,audit,B,civilian_at_work,120,expanded_independent,development_evaluation,3,3,True,0.47046739098703494,0.006856388214447904,0.47046739098703494,0.006856388214447904,3,True,False
log_loss,F_Iplus,audit,B,civilian_at_work,120,expanded_independent,validation_person_weighted,3,3,True,0.46687322264002024,0.01074923002206366,0.46687322264002024,0.01074923002206366,3,True,False
log_loss,F_Iplus,audit,B,civilian_at_work,120,expanded_independent,development_evaluation_person_weighted,3,3,True,0.45348654609773364,0.007156209753252525,0.45348654609773364,0.007156209753252525,3,True,False
log_loss,F_Iplus,audit,B,civilian_at_work,120,expanded_catchup,validation,3,3,True,0.4843430498992466,0.003306588689733391,0.4843430498992466,0.003306588689733391,3,True,False
log_loss,F_Iplus,audit,B,civilian_at_work,120,expanded_catchup,development_evaluation,3,3,True,0.47046739098703494,0.006856388214447904,0.47046739098703494,0.006856388214447904,3,True,False
log_loss,F_Iplus,audit,B,civilian_at_work,120,expanded_catchup,validation_person_weighted,3,3,True,0.46687322264002024,0.01074923002206366,0.46687322264002024,0.01074923002206366,3,True,False
log_loss,F_Iplus,audit,B,civilian_at_work,120,expanded_catchup,development_evaluation_person_weighted,3,3,True,0.45348654609773364,0.007156209753252525,0.45348654609773364,0.007156209753252525,3,True,False
log_loss,F_Iplus,audit,B,civilian_at_work,360,standard_independent,validation,3,3,True,0.4843430498992466,0.003306588689733391,0.4843430498992466,0.003306588689733391,3,True,False
log_loss,F_Iplus,audit,B,civilian_at_work,360,standard_independent,development_evaluation,3,3,True,0.47046739098703494,0.006856388214447904,0.47046739098703494,0.006856388214447904,3,True,False
log_loss,F_Iplus,audit,B,civilian_at_work,360,standard_independent,validation_person_weighted,3,3,True,0.46687322264002024,0.01074923002206366,0.46687322264002024,0.01074923002206366,3,True,False
log_loss,F_Iplus,audit,B,civilian_at_work,360,standard_independent,development_evaluation_person_weighted,3,3,True,0.45348654609773364,0.007156209753252525,0.45348654609773364,0.007156209753252525,3,True,False
log_loss,F_Iplus,audit,B,civilian_at_work,360,expanded_independent,validation,3,3,True,0.4843430498992466,0.003306588689733391,0.4843430498992466,0.003306588689733391,3,True,False
log_loss,F_Iplus,audit,B,civilian_at_work,360,expanded_independent,development_evaluation,3,3,True,0.47046739098703494,0.006856388214447904,0.47046739098703494,0.006856388214447904,3,True,False
log_loss,F_Iplus,audit,B,civilian_at_work,360,expanded_independent,validation_person_weighted,3,3,True,0.46687322264002024,0.01074923002206366,0.46687322264002024,0.01074923002206366,3,True,False
log_loss,F_Iplus,audit,B,civilian_at_work,360,expanded_independent,development_evaluation_person_weighted,3,3,True,0.45348654609773364,0.007156209753252525,0.45348654609773364,0.007156209753252525,3,True,False
log_loss,F_Iplus,audit,B,civilian_at_work,360,expanded_catchup,validation,3,3,True,0.4843430498992466,0.003306588689733391,0.4843430498992466,0.003306588689733391,3,True,False
log_loss,F_Iplus,audit,B,civilian_at_work,360,expanded_catchup,development_evaluation,3,3,True,0.47046739098703494,0.006856388214447904,0.47046739098703494,0.006856388214447904,3,True,False
log_loss,F_Iplus,audit,B,civilian_at_work,360,expanded_catchup,validation_person_weighted,3,3,True,0.46687322264002024,0.01074923002206366,0.46687322264002024,0.01074923002206366,3,True,False
log_loss,F_Iplus,audit,B,civilian_at_work,360,expanded_catchup,development_evaluation_person_weighted,3,3,True,0.45348654609773364,0.007156209753252525,0.45348654609773364,0.007156209753252525,3,True,False
log_loss,F_Iplus,audit,B,same_residence,120,standard_independent,validation,3,3,True,0.5078025851829697,0.0031381365183315735,0.5078025851829697,0.0031381365183315735,3,True,False
log_loss,F_Iplus,audit,B,same_residence,120,standard_independent,development_evaluation,3,3,True,0.5054522503706195,0.009028229778567038,0.5054522503706195,0.009028229778567038,3,True,False
log_loss,F_Iplus,audit,B,same_residence,120,standard_independent,validation_person_weighted,3,3,True,0.4870028973209569,0.006085596975257511,0.4870028973209569,0.006085596975257511,3,True,False
log_loss,F_Iplus,audit,B,same_residence,120,standard_independent,development_evaluation_person_weighted,3,3,True,0.47887449327089937,0.0030460353318272565,0.47887449327089937,0.0030460353318272565,3,True,False
log_loss,F_Iplus,audit,B,same_residence,120,expanded_independent,validation,3,3,True,0.5078025851829697,0.0031381365183315735,0.5078025851829697,0.0031381365183315735,3,True,False
log_loss,F_Iplus,audit,B,same_residence,120,expanded_independent,development_evaluation,3,3,True,0.5054522503706195,0.009028229778567038,0.5054522503706195,0.009028229778567038,3,True,False
log_loss,F_Iplus,audit,B,same_residence,120,expanded_independent,validation_person_weighted,3,3,True,0.4870028973209569,0.006085596975257511,0.4870028973209569,0.006085596975257511,3,True,False
log_loss,F_Iplus,audit,B,same_residence,120,expanded_independent,development_evaluation_person_weighted,3,3,True,0.47887449327089937,0.0030460353318272565,0.47887449327089937,0.0030460353318272565,3,True,False
log_loss,F_Iplus,audit,B,same_residence,120,expanded_catchup,validation,3,3,True,0.5078025851829697,0.0031381365183315735,0.5078025851829697,0.0031381365183315735,3,True,False
log_loss,F_Iplus,audit,B,same_residence,120,expanded_catchup,development_evaluation,3,3,True,0.5054522503706195,0.009028229778567038,0.5054522503706195,0.009028229778567038,3,True,False
log_loss,F_Iplus,audit,B,same_residence,120,expanded_catchup,validation_person_weighted,3,3,True,0.4870028973209569,0.006085596975257511,0.4870028973209569,0.006085596975257511,3,True,False
log_loss,F_Iplus,audit,B,same_residence,120,expanded_catchup,development_evaluation_person_weighted,3,3,True,0.47887449327089937,0.0030460353318272565,0.47887449327089937,0.0030460353318272565,3,True,False
log_loss,F_Iplus,audit,B,same_residence,360,standard_independent,validation,3,3,True,0.5078025851829697,0.0031381365183315735,0.5078025851829697,0.0031381365183315735,3,True,False
log_loss,F_Iplus,audit,B,same_residence,360,standard_independent,development_evaluation,3,3,True,0.5054522503706195,0.009028229778567038,0.5054522503706195,0.009028229778567038,3,True,False
log_loss,F_Iplus,audit,B,same_residence,360,standard_independent,validation_person_weighted,3,3,True,0.4870028973209569,0.006085596975257511,0.4870028973209569,0.006085596975257511,3,True,False
log_loss,F_Iplus,audit,B,same_residence,360,standard_independent,development_evaluation_person_weighted,3,3,True,0.47887449327089937,0.0030460353318272565,0.47887449327089937,0.0030460353318272565,3,True,False
log_loss,F_Iplus,audit,B,same_residence,360,expanded_independent,validation,3,3,True,0.5078025851829697,0.0031381365183315735,0.5078025851829697,0.0031381365183315735,3,True,False
log_loss,F_Iplus,audit,B,same_residence,360,expanded_independent,development_evaluation,3,3,True,0.5054522503706195,0.009028229778567038,0.5054522503706195,0.009028229778567038,3,True,False
log_loss,F_Iplus,audit,B,same_residence,360,expanded_independent,validation_person_weighted,3,3,True,0.4870028973209569,0.006085596975257511,0.4870028973209569,0.006085596975257511,3,True,False
log_loss,F_Iplus,audit,B,same_residence,360,expanded_independent,development_evaluation_person_weighted,3,3,True,0.47887449327089937,0.0030460353318272565,0.47887449327089937,0.0030460353318272565,3,True,False
log_loss,F_Iplus,audit,B,same_residence,360,expanded_catchup,validation,3,3,True,0.5078025851829697,0.0031381365183315735,0.5078025851829697,0.0031381365183315735,3,True,False
log_loss,F_Iplus,audit,B,same_residence,360,expanded_catchup,development_evaluation,3,3,True,0.5054522503706195,0.009028229778567038,0.5054522503706195,0.009028229778567038,3,True,False
log_loss,F_Iplus,audit,B,same_residence,360,expanded_catchup,validation_person_weighted,3,3,True,0.4870028973209569,0.006085596975257511,0.4870028973209569,0.006085596975257511,3,True,False
log_loss,F_Iplus,audit,B,same_residence,360,expanded_catchup,development_evaluation_person_weighted,3,3,True,0.47887449327089937,0.0030460353318272565,0.47887449327089937,0.0030460353318272565,3,True,False
log_loss,F_Iplus,audit,B,SEX,120,standard_independent,validation,3,3,True,0.6828234576310264,0.002418976045634477,0.6828234576310264,0.002418976045634477,3,True,False
log_loss,F_Iplus,audit,B,SEX,120,standard_independent,development_evaluation,3,3,True,0.6903587068092951,0.0030624503485352657,0.6903587068092951,0.0030624503485352657,3,True,False
log_loss,F_Iplus,audit,B,SEX,120,standard_independent,validation_person_weighted,3,3,True,0.6861904142435984,0.0008859927673966618,0.6861904142435984,0.0008859927673966618,3,True,False
log_loss,F_Iplus,audit,B,SEX,120,standard_independent,development_evaluation_person_weighted,3,3,True,0.6937822763491062,0.0024845255986224524,0.6937822763491062,0.0024845255986224524,3,True,False
log_loss,F_Iplus,audit,B,SEX,120,expanded_independent,validation,3,3,True,0.6828234576310264,0.002418976045634477,0.6828234576310264,0.002418976045634477,3,True,False
log_loss,F_Iplus,audit,B,SEX,120,expanded_independent,development_evaluation,3,3,True,0.6903587068092951,0.0030624503485352657,0.6903587068092951,0.0030624503485352657,3,True,False
log_loss,F_Iplus,audit,B,SEX,120,expanded_independent,validation_person_weighted,3,3,True,0.6861904142435984,0.0008859927673966618,0.6861904142435984,0.0008859927673966618,3,True,False
log_loss,F_Iplus,audit,B,SEX,120,expanded_independent,development_evaluation_person_weighted,3,3,True,0.6937822763491062,0.0024845255986224524,0.6937822763491062,0.0024845255986224524,3,True,False
log_loss,F_Iplus,audit,B,SEX,120,expanded_catchup,validation,3,3,True,0.6828234576310264,0.002418976045634477,0.6828234576310264,0.002418976045634477,3,True,False
log_loss,F_Iplus,audit,B,SEX,120,expanded_catchup,development_evaluation,3,3,True,0.6903587068092951,0.0030624503485352657,0.6903587068092951,0.0030624503485352657,3,True,False
log_loss,F_Iplus,audit,B,SEX,120,expanded_catchup,validation_person_weighted,3,3,True,0.6861904142435984,0.0008859927673966618,0.6861904142435984,0.0008859927673966618,3,True,False
log_loss,F_Iplus,audit,B,SEX,120,expanded_catchup,development_evaluation_person_weighted,3,3,True,0.6937822763491062,0.0024845255986224524,0.6937822763491062,0.0024845255986224524,3,True,False
log_loss,F_Iplus,audit,B,SEX,360,standard_independent,validation,3,3,True,0.6828234576310264,0.002418976045634477,0.6828234576310264,0.002418976045634477,3,True,False
log_loss,F_Iplus,audit,B,SEX,360,standard_independent,development_evaluation,3,3,True,0.6903587068092951,0.0030624503485352657,0.6903587068092951,0.0030624503485352657,3,True,False
log_loss,F_Iplus,audit,B,SEX,360,standard_independent,validation_person_weighted,3,3,True,0.6861904142435984,0.0008859927673966618,0.6861904142435984,0.0008859927673966618,3,True,False
log_loss,F_Iplus,audit,B,SEX,360,standard_independent,development_evaluation_person_weighted,3,3,True,0.6937822763491062,0.0024845255986224524,0.6937822763491062,0.0024845255986224524,3,True,False
log_loss,F_Iplus,audit,B,SEX,360,expanded_independent,validation,3,3,True,0.6828234576310264,0.002418976045634477,0.6828234576310264,0.002418976045634477,3,True,False
log_loss,F_Iplus,audit,B,SEX,360,expanded_independent,development_evaluation,3,3,True,0.6903587068092951,0.0030624503485352657,0.6903587068092951,0.0030624503485352657,3,True,False
log_loss,F_Iplus,audit,B,SEX,360,expanded_independent,validation_person_weighted,3,3,True,0.6861904142435984,0.0008859927673966618,0.6861904142435984,0.0008859927673966618,3,True,False
log_loss,F_Iplus,audit,B,SEX,360,expanded_independent,development_evaluation_person_weighted,3,3,True,0.6937822763491062,0.0024845255986224524,0.6937822763491062,0.0024845255986224524,3,True,False
log_loss,F_Iplus,audit,B,SEX,360,expanded_catchup,validation,3,3,True,0.6828234576310264,0.002418976045634477,0.6828234576310264,0.002418976045634477,3,True,False
log_loss,F_Iplus,audit,B,SEX,360,expanded_catchup,development_evaluation,3,3,True,0.6903587068092951,0.0030624503485352657,0.6903587068092951,0.0030624503485352657,3,True,False
log_loss,F_Iplus,audit,B,SEX,360,expanded_catchup,validation_person_weighted,3,3,True,0.6861904142435984,0.0008859927673966618,0.6861904142435984,0.0008859927673966618,3,True,False
log_loss,F_Iplus,audit,B,SEX,360,expanded_catchup,development_evaluation_person_weighted,3,3,True,0.6937822763491062,0.0024845255986224524,0.6937822763491062,0.0024845255986224524,3,True,False
log_loss,F_Iplus,audit,B,RAC1P,120,standard_independent,validation,3,3,True,1.2716378747610155,0.010994051808740513,1.2716378747610155,0.010994051808740513,3,True,False
log_loss,F_Iplus,audit,B,RAC1P,120,standard_independent,development_evaluation,3,3,True,1.271364176628718,0.025963893791291708,1.271364176628718,0.025963893791291708,3,True,False
log_loss,F_Iplus,audit,B,RAC1P,120,standard_independent,validation_person_weighted,3,3,True,1.2722575448077673,0.007277684190328997,1.2722575448077673,0.007277684190328997,3,True,False
log_loss,F_Iplus,audit,B,RAC1P,120,standard_independent,development_evaluation_person_weighted,3,3,True,1.270078348316407,0.04484266595704347,1.270078348316407,0.04484266595704347,3,True,False
log_loss,F_Iplus,audit,B,RAC1P,120,expanded_independent,validation,3,3,True,1.2667206529390762,0.005952908072592001,1.2667206529390762,0.005952908072592001,3,True,False
log_loss,F_Iplus,audit,B,RAC1P,120,expanded_independent,development_evaluation,3,3,True,1.2690839308380641,0.02500544561991717,1.2690839308380641,0.02500544561991717,3,True,False
log_loss,F_Iplus,audit,B,RAC1P,120,expanded_independent,validation_person_weighted,3,3,True,1.2688779158825714,0.002836824716805553,1.2688779158825714,0.002836824716805553,3,True,False
log_loss,F_Iplus,audit,B,RAC1P,120,expanded_independent,development_evaluation_person_weighted,3,3,True,1.2668933490972136,0.04249527522773013,1.2668933490972136,0.04249527522773013,3,True,False
log_loss,F_Iplus,audit,B,RAC1P,120,expanded_catchup,validation,3,3,True,1.263103858142779,0.004556321089570448,1.263103858142779,0.004556321089570448,3,True,False
log_loss,F_Iplus,audit,B,RAC1P,120,expanded_catchup,development_evaluation,3,3,True,1.2677905459310213,0.022022595852524425,1.2677905459310213,0.022022595852524425,3,True,False
log_loss,F_Iplus,audit,B,RAC1P,120,expanded_catchup,validation_person_weighted,3,3,True,1.2627723395834114,0.007278681848058716,1.2627723395834114,0.007278681848058716,3,True,False
log_loss,F_Iplus,audit,B,RAC1P,120,expanded_catchup,development_evaluation_person_weighted,3,3,True,1.264746609076617,0.04457033528889851,1.264746609076617,0.04457033528889851,3,True,False
log_loss,F_Iplus,audit,B,RAC1P,360,standard_independent,validation,3,3,True,1.2716378747610155,0.010994051808740513,1.2716378747610155,0.010994051808740513,3,True,False
log_loss,F_Iplus,audit,B,RAC1P,360,standard_independent,development_evaluation,3,3,True,1.271364176628718,0.025963893791291708,1.271364176628718,0.025963893791291708,3,True,False
log_loss,F_Iplus,audit,B,RAC1P,360,standard_independent,validation_person_weighted,3,3,True,1.2722575448077673,0.007277684190328997,1.2722575448077673,0.007277684190328997,3,True,False
log_loss,F_Iplus,audit,B,RAC1P,360,standard_independent,development_evaluation_person_weighted,3,3,True,1.270078348316407,0.04484266595704347,1.270078348316407,0.04484266595704347,3,True,False
log_loss,F_Iplus,audit,B,RAC1P,360,expanded_independent,validation,3,3,True,1.2667206529390762,0.005952908072592001,1.2667206529390762,0.005952908072592001,3,True,False
log_loss,F_Iplus,audit,B,RAC1P,360,expanded_independent,development_evaluation,3,3,True,1.2690839308380641,0.02500544561991717,1.2690839308380641,0.02500544561991717,3,True,False
log_loss,F_Iplus,audit,B,RAC1P,360,expanded_independent,validation_person_weighted,3,3,True,1.2688779158825714,0.002836824716805553,1.2688779158825714,0.002836824716805553,3,True,False
log_loss,F_Iplus,audit,B,RAC1P,360,expanded_independent,development_evaluation_person_weighted,3,3,True,1.2668933490972136,0.04249527522773013,1.2668933490972136,0.04249527522773013,3,True,False
log_loss,F_Iplus,audit,B,RAC1P,360,expanded_catchup,validation,3,3,True,1.263103858142779,0.004556321089570448,1.263103858142779,0.004556321089570448,3,True,False
log_loss,F_Iplus,audit,B,RAC1P,360,expanded_catchup,development_evaluation,3,3,True,1.2677905459310213,0.022022595852524425,1.2677905459310213,0.022022595852524425,3,True,False
log_loss,F_Iplus,audit,B,RAC1P,360,expanded_catchup,validation_person_weighted,3,3,True,1.2627723395834114,0.007278681848058716,1.2627723395834114,0.007278681848058716,3,True,False
log_loss,F_Iplus,audit,B,RAC1P,360,expanded_catchup,development_evaluation_person_weighted,3,3,True,1.264746609076617,0.04457033528889851,1.264746609076617,0.04457033528889851,3,True,False
log_loss,F_Iplus,audit,AB,SEX,120,standard_independent,validation,3,3,True,0.6782176827145641,0.00288063089916318,0.6782176827145641,0.00288063089916318,3,True,False
log_loss,F_Iplus,audit,AB,SEX,120,standard_independent,development_evaluation,3,3,True,0.6830011511046385,0.0066419244356646714,0.6830011511046385,0.0066419244356646714,3,True,False
log_loss,F_Iplus,audit,AB,SEX,120,standard_independent,validation_person_weighted,3,3,True,0.6785661789322083,0.004470087154101507,0.6785661789322083,0.004470087154101507,3,True,False
log_loss,F_Iplus,audit,AB,SEX,120,standard_independent,development_evaluation_person_weighted,3,3,True,0.6858199919491438,0.003677742599753199,0.6858199919491438,0.003677742599753199,3,True,False
log_loss,F_Iplus,audit,AB,SEX,120,expanded_independent,validation,3,3,True,0.6782176827145641,0.00288063089916318,0.6782176827145641,0.00288063089916318,3,True,False
log_loss,F_Iplus,audit,AB,SEX,120,expanded_independent,development_evaluation,3,3,True,0.6830011511046385,0.0066419244356646714,0.6830011511046385,0.0066419244356646714,3,True,False
log_loss,F_Iplus,audit,AB,SEX,120,expanded_independent,validation_person_weighted,3,3,True,0.6785661789322083,0.004470087154101507,0.6785661789322083,0.004470087154101507,3,True,False
log_loss,F_Iplus,audit,AB,SEX,120,expanded_independent,development_evaluation_person_weighted,3,3,True,0.6858199919491438,0.003677742599753199,0.6858199919491438,0.003677742599753199,3,True,False
log_loss,F_Iplus,audit,AB,SEX,120,expanded_catchup,validation,3,3,True,0.6765958390191056,0.005666129230041787,0.6765958390191056,0.005666129230041787,3,True,False
log_loss,F_Iplus,audit,AB,SEX,120,expanded_catchup,development_evaluation,3,3,True,0.6814541210955827,0.006001339457386544,0.6814541210955827,0.006001339457386544,3,True,False
log_loss,F_Iplus,audit,AB,SEX,120,expanded_catchup,validation_person_weighted,3,3,True,0.6771607541930644,0.006872298516325649,0.6771607541930644,0.006872298516325649,3,True,False
log_loss,F_Iplus,audit,AB,SEX,120,expanded_catchup,development_evaluation_person_weighted,3,3,True,0.6852568576388758,0.0038274407435620024,0.6852568576388758,0.0038274407435620024,3,True,False
log_loss,F_Iplus,audit,AB,SEX,360,standard_independent,validation,3,3,True,0.6782176827145641,0.00288063089916318,0.6782176827145641,0.00288063089916318,3,True,False
log_loss,F_Iplus,audit,AB,SEX,360,standard_independent,development_evaluation,3,3,True,0.6830011511046385,0.0066419244356646714,0.6830011511046385,0.0066419244356646714,3,True,False
log_loss,F_Iplus,audit,AB,SEX,360,standard_independent,validation_person_weighted,3,3,True,0.6785661789322083,0.004470087154101507,0.6785661789322083,0.004470087154101507,3,True,False
log_loss,F_Iplus,audit,AB,SEX,360,standard_independent,development_evaluation_person_weighted,3,3,True,0.6858199919491438,0.003677742599753199,0.6858199919491438,0.003677742599753199,3,True,False
log_loss,F_Iplus,audit,AB,SEX,360,expanded_independent,validation,3,3,True,0.6782176827145641,0.00288063089916318,0.6782176827145641,0.00288063089916318,3,True,False
log_loss,F_Iplus,audit,AB,SEX,360,expanded_independent,development_evaluation,3,3,True,0.6830011511046385,0.0066419244356646714,0.6830011511046385,0.0066419244356646714,3,True,False
log_loss,F_Iplus,audit,AB,SEX,360,expanded_independent,validation_person_weighted,3,3,True,0.6785661789322083,0.004470087154101507,0.6785661789322083,0.004470087154101507,3,True,False
log_loss,F_Iplus,audit,AB,SEX,360,expanded_independent,development_evaluation_person_weighted,3,3,True,0.6858199919491438,0.003677742599753199,0.6858199919491438,0.003677742599753199,3,True,False
log_loss,F_Iplus,audit,AB,SEX,360,expanded_catchup,validation,3,3,True,0.6765958390191056,0.005666129230041787,0.6765958390191056,0.005666129230041787,3,True,False
log_loss,F_Iplus,audit,AB,SEX,360,expanded_catchup,development_evaluation,3,3,True,0.6814541210955827,0.006001339457386544,0.6814541210955827,0.006001339457386544,3,True,False
log_loss,F_Iplus,audit,AB,SEX,360,expanded_catchup,validation_person_weighted,3,3,True,0.6771607541930644,0.006872298516325649,0.6771607541930644,0.006872298516325649,3,True,False
log_loss,F_Iplus,audit,AB,SEX,360,expanded_catchup,development_evaluation_person_weighted,3,3,True,0.6852568576388758,0.0038274407435620024,0.6852568576388758,0.0038274407435620024,3,True,False
log_loss,F_Iplus,audit,AB,RAC1P,120,standard_independent,validation,3,3,True,1.2633457275075701,0.0038373521050978697,1.2633457275075701,0.0038373521050978697,3,True,False
log_loss,F_Iplus,audit,AB,RAC1P,120,standard_independent,development_evaluation,3,3,True,1.2657460945695054,0.024851090006731427,1.2657460945695054,0.024851090006731427,3,True,False
log_loss,F_Iplus,audit,AB,RAC1P,120,standard_independent,validation_person_weighted,3,3,True,1.263783365072646,0.004396403128472387,1.263783365072646,0.004396403128472387,3,True,False
log_loss,F_Iplus,audit,AB,RAC1P,120,standard_independent,development_evaluation_person_weighted,3,3,True,1.263772057989319,0.04153664301661874,1.263772057989319,0.04153664301661874,3,True,False
log_loss,F_Iplus,audit,AB,RAC1P,120,expanded_independent,validation,3,3,True,1.2619408498594535,0.00334070989734473,1.2619408498594535,0.00334070989734473,3,True,False
log_loss,F_Iplus,audit,AB,RAC1P,120,expanded_independent,development_evaluation,3,3,True,1.2671830470538599,0.02695477270318898,1.2671830470538599,0.02695477270318898,3,True,False
log_loss,F_Iplus,audit,AB,RAC1P,120,expanded_independent,validation_person_weighted,3,3,True,1.2644670241393037,0.0032937933893608905,1.2644670241393037,0.0032937933893608905,3,True,False
log_loss,F_Iplus,audit,AB,RAC1P,120,expanded_independent,development_evaluation_person_weighted,3,3,True,1.263932446492745,0.041814443341754076,1.263932446492745,0.041814443341754076,3,True,False
log_loss,F_Iplus,audit,AB,RAC1P,120,expanded_catchup,validation,3,3,True,1.2498778771991166,0.0006822985332675432,1.2498778771991166,0.0006822985332675432,3,True,False
log_loss,F_Iplus,audit,AB,RAC1P,120,expanded_catchup,development_evaluation,3,3,True,1.2484035391808352,0.021241518786609792,1.2484035391808352,0.021241518786609792,3,True,False
log_loss,F_Iplus,audit,AB,RAC1P,120,expanded_catchup,validation_person_weighted,3,3,True,1.2563927659874041,0.009491872016048987,1.2563927659874041,0.009491872016048987,3,True,False
log_loss,F_Iplus,audit,AB,RAC1P,120,expanded_catchup,development_evaluation_person_weighted,3,3,True,1.2447330357809512,0.03944294035976332,1.2447330357809512,0.03944294035976332,3,True,False
log_loss,F_Iplus,audit,AB,RAC1P,360,standard_independent,validation,3,3,True,1.2633457275075701,0.0038373521050978697,1.2633457275075701,0.0038373521050978697,3,True,False
log_loss,F_Iplus,audit,AB,RAC1P,360,standard_independent,development_evaluation,3,3,True,1.2657460945695054,0.024851090006731427,1.2657460945695054,0.024851090006731427,3,True,False
log_loss,F_Iplus,audit,AB,RAC1P,360,standard_independent,validation_person_weighted,3,3,True,1.263783365072646,0.004396403128472387,1.263783365072646,0.004396403128472387,3,True,False
log_loss,F_Iplus,audit,AB,RAC1P,360,standard_independent,development_evaluation_person_weighted,3,3,True,1.263772057989319,0.04153664301661874,1.263772057989319,0.04153664301661874,3,True,False
log_loss,F_Iplus,audit,AB,RAC1P,360,expanded_independent,validation,3,3,True,1.2619408498594535,0.00334070989734473,1.2619408498594535,0.00334070989734473,3,True,False
log_loss,F_Iplus,audit,AB,RAC1P,360,expanded_independent,development_evaluation,3,3,True,1.2671830470538599,0.02695477270318898,1.2671830470538599,0.02695477270318898,3,True,False
log_loss,F_Iplus,audit,AB,RAC1P,360,expanded_independent,validation_person_weighted,3,3,True,1.2644670241393037,0.0032937933893608905,1.2644670241393037,0.0032937933893608905,3,True,False
log_loss,F_Iplus,audit,AB,RAC1P,360,expanded_independent,development_evaluation_person_weighted,3,3,True,1.263932446492745,0.041814443341754076,1.263932446492745,0.041814443341754076,3,True,False
log_loss,F_Iplus,audit,AB,RAC1P,360,expanded_catchup,validation,3,3,True,1.2498778771991166,0.0006822985332675432,1.2498778771991166,0.0006822985332675432,3,True,False
log_loss,F_Iplus,audit,AB,RAC1P,360,expanded_catchup,development_evaluation,3,3,True,1.2484035391808352,0.021241518786609792,1.2484035391808352,0.021241518786609792,3,True,False
log_loss,F_Iplus,audit,AB,RAC1P,360,expanded_catchup,validation_person_weighted,3,3,True,1.2563927659874041,0.009491872016048987,1.2563927659874041,0.009491872016048987,3,True,False
log_loss,F_Iplus,audit,AB,RAC1P,360,expanded_catchup,development_evaluation_person_weighted,3,3,True,1.2447330357809512,0.03944294035976332,1.2447330357809512,0.03944294035976332,3,True,False
log_loss,F_J,utility,A,same_residence,,utility,validation,3,3,True,0.524512650769999,0.013656184875935208,0.524512650769999,0.013656184875935208,3,True,False
log_loss,F_J,utility,A,same_residence,,utility,development_evaluation,3,3,True,0.5174262650741588,0.00960729912087702,0.5174262650741588,0.00960729912087702,3,True,False
log_loss,F_J,utility,A,same_residence,,utility,validation_person_weighted,3,3,True,0.4996545144710694,0.01993809531830981,0.4996545144710694,0.01993809531830981,3,True,False
log_loss,F_J,utility,A,same_residence,,utility,development_evaluation_person_weighted,3,3,True,0.4934208333815634,0.005974662987714232,0.4934208333815634,0.005974662987714232,3,True,False
log_loss,F_J,utility,B,commute_over20,,utility,validation,3,3,True,0.6893871803141062,0.0011966627333182154,0.6893871803141062,0.0011966627333182154,3,True,False
log_loss,F_J,utility,B,commute_over20,,utility,development_evaluation,3,3,True,0.691736274753534,0.0025181975686504703,0.691736274753534,0.0025181975686504703,3,True,False
log_loss,F_J,utility,B,commute_over20,,utility,validation_person_weighted,3,3,True,0.6872037035064325,0.0017325352691333793,0.6872037035064325,0.0017325352691333793,3,True,False
log_loss,F_J,utility,B,commute_over20,,utility,development_evaluation_person_weighted,3,3,True,0.6913238752366833,0.0021596441298101362,0.6913238752366833,0.0021596441298101362,3,True,False
log_loss,F_J,utility,A,income_binary,,utility,validation,3,3,True,0.2957020192128621,0.005545106693932795,0.2957020192128621,0.005545106693932795,3,True,False
log_loss,F_J,utility,A,income_binary,,utility,development_evaluation,3,3,True,0.2938216984760935,0.012080196193992285,0.2938216984760935,0.012080196193992285,3,True,False
log_loss,F_J,utility,A,income_binary,,utility,validation_person_weighted,3,3,True,0.2929445020848035,0.019790279083354782,0.2929445020848035,0.019790279083354782,3,True,False
log_loss,F_J,utility,A,income_binary,,utility,development_evaluation_person_weighted,3,3,True,0.3051113518702011,0.011656562621601614,0.3051113518702011,0.011656562621601614,3,True,False
log_loss,F_J,utility,A,civilian_at_work,,utility,validation,3,3,True,0.2931564637658487,0.008527647230955214,0.2931564637658487,0.008527647230955214,3,True,False
log_loss,F_J,utility,A,civilian_at_work,,utility,development_evaluation,3,3,True,0.27759810119459816,0.006802057255380817,0.27759810119459816,0.006802057255380817,3,True,False
log_loss,F_J,utility,A,civilian_at_work,,utility,validation_person_weighted,3,3,True,0.29200462597975424,0.006273647701430328,0.29200462597975424,0.006273647701430328,3,True,False
log_loss,F_J,utility,A,civilian_at_work,,utility,development_evaluation_person_weighted,3,3,True,0.2669403900519884,0.012029033537435369,0.2669403900519884,0.012029033537435369,3,True,False
log_loss,F_J,utility,B,public_coverage,,utility,validation,3,3,True,0.49385941284912055,0.004492736786427156,0.49385941284912055,0.004492736786427156,3,True,False
log_loss,F_J,utility,B,public_coverage,,utility,development_evaluation,3,3,True,0.5132531606838927,0.008510398929577544,0.5132531606838927,0.008510398929577544,3,True,False
log_loss,F_J,utility,B,public_coverage,,utility,validation_person_weighted,3,3,True,0.5065572068315972,0.005733484468782308,0.5065572068315972,0.005733484468782308,3,True,False
log_loss,F_J,utility,B,public_coverage,,utility,development_evaluation_person_weighted,3,3,True,0.5232518825487974,0.008836821254502813,0.5232518825487974,0.008836821254502813,3,True,False
log_loss,F_J,native,A,income_binary,,native,source_validation,3,3,True,0.3040333152608589,0.007371382658620009,0.3040333152608589,0.007371382658620009,3,True,False
log_loss,F_J,native,A,income_binary,,native,development_evaluation,3,3,True,0.298024719651847,0.0145874473528654,0.298024719651847,0.0145874473528654,3,True,False
log_loss,F_J,native,A,income_binary,,native,source_validation_person_weighted,3,3,True,0.299147422949743,0.005832836132366712,0.299147422949743,0.005832836132366712,3,True,False
log_loss,F_J,native,A,income_binary,,native,development_evaluation_person_weighted,3,3,True,0.3089028028909432,0.016812541996849787,0.3089028028909432,0.016812541996849787,3,True,False
log_loss,F_J,native,A,civilian_at_work,,native,source_validation,3,3,True,0.3207063483755594,0.025202241513565843,0.3207063483755594,0.025202241513565843,3,True,False
log_loss,F_J,native,A,civilian_at_work,,native,development_evaluation,3,3,True,0.30538894208901496,0.007585782210118447,0.30538894208901496,0.007585782210118447,3,True,False
log_loss,F_J,native,A,civilian_at_work,,native,source_validation_person_weighted,3,3,True,0.3226722916723262,0.026980572927526852,0.3226722916723262,0.026980572927526852,3,True,False
log_loss,F_J,native,A,civilian_at_work,,native,development_evaluation_person_weighted,3,3,True,0.2954653991197692,0.016532676202351944,0.2954653991197692,0.016532676202351944,3,True,False
log_loss,F_J,native,B,public_coverage,,native,source_validation,3,3,True,0.5352973556230248,0.009292875184721829,0.5352973556230248,0.009292875184721829,3,True,False
log_loss,F_J,native,B,public_coverage,,native,development_evaluation,3,3,True,0.5618874497391046,0.016681655267788892,0.5618874497391046,0.016681655267788892,3,True,False
log_loss,F_J,native,B,public_coverage,,native,source_validation_person_weighted,3,3,True,0.5422573842557629,0.022589335566030554,0.5422573842557629,0.022589335566030554,3,True,False
log_loss,F_J,native,B,public_coverage,,native,development_evaluation_person_weighted,3,3,True,0.5691148288562772,0.010366275620830617,0.5691148288562772,0.010366275620830617,3,True,False
log_loss,F_J,audit,A,public_coverage,120,standard_independent,validation,3,3,True,0.4954974862799137,0.013393117824723856,0.4954974862799137,0.013393117824723856,3,True,False
log_loss,F_J,audit,A,public_coverage,120,standard_independent,development_evaluation,3,3,True,0.512297579177049,0.014128666047376212,0.512297579177049,0.014128666047376212,3,True,False
log_loss,F_J,audit,A,public_coverage,120,standard_independent,validation_person_weighted,3,3,True,0.4980246963095338,0.01984840196191959,0.4980246963095338,0.01984840196191959,3,True,False
log_loss,F_J,audit,A,public_coverage,120,standard_independent,development_evaluation_person_weighted,3,3,True,0.5165431530330152,0.016574059996460666,0.5165431530330152,0.016574059996460666,3,True,False
log_loss,F_J,audit,A,public_coverage,120,expanded_independent,validation,3,3,True,0.4954974862799137,0.013393117824723856,0.4954974862799137,0.013393117824723856,3,True,False
log_loss,F_J,audit,A,public_coverage,120,expanded_independent,development_evaluation,3,3,True,0.512297579177049,0.014128666047376212,0.512297579177049,0.014128666047376212,3,True,False
log_loss,F_J,audit,A,public_coverage,120,expanded_independent,validation_person_weighted,3,3,True,0.4980246963095338,0.01984840196191959,0.4980246963095338,0.01984840196191959,3,True,False
log_loss,F_J,audit,A,public_coverage,120,expanded_independent,development_evaluation_person_weighted,3,3,True,0.5165431530330152,0.016574059996460666,0.5165431530330152,0.016574059996460666,3,True,False
log_loss,F_J,audit,A,public_coverage,120,expanded_catchup,validation,3,3,True,0.4944413361417663,0.012603394985004844,0.4944413361417663,0.012603394985004844,3,True,False
log_loss,F_J,audit,A,public_coverage,120,expanded_catchup,development_evaluation,3,3,True,0.5126646168228254,0.01757301049705032,0.5126646168228254,0.01757301049705032,3,True,False
log_loss,F_J,audit,A,public_coverage,120,expanded_catchup,validation_person_weighted,3,3,True,0.49664813647060896,0.01862814529591691,0.49664813647060896,0.01862814529591691,3,True,False
log_loss,F_J,audit,A,public_coverage,120,expanded_catchup,development_evaluation_person_weighted,3,3,True,0.5164541334639595,0.020446975338627053,0.5164541334639595,0.020446975338627053,3,True,False
log_loss,F_J,audit,A,public_coverage,360,standard_independent,validation,3,3,True,0.4954974862799137,0.013393117824723856,0.4954974862799137,0.013393117824723856,3,True,False
log_loss,F_J,audit,A,public_coverage,360,standard_independent,development_evaluation,3,3,True,0.512297579177049,0.014128666047376212,0.512297579177049,0.014128666047376212,3,True,False
log_loss,F_J,audit,A,public_coverage,360,standard_independent,validation_person_weighted,3,3,True,0.4980246963095338,0.01984840196191959,0.4980246963095338,0.01984840196191959,3,True,False
log_loss,F_J,audit,A,public_coverage,360,standard_independent,development_evaluation_person_weighted,3,3,True,0.5165431530330152,0.016574059996460666,0.5165431530330152,0.016574059996460666,3,True,False
log_loss,F_J,audit,A,public_coverage,360,expanded_independent,validation,3,3,True,0.4954974862799137,0.013393117824723856,0.4954974862799137,0.013393117824723856,3,True,False
log_loss,F_J,audit,A,public_coverage,360,expanded_independent,development_evaluation,3,3,True,0.512297579177049,0.014128666047376212,0.512297579177049,0.014128666047376212,3,True,False
log_loss,F_J,audit,A,public_coverage,360,expanded_independent,validation_person_weighted,3,3,True,0.4980246963095338,0.01984840196191959,0.4980246963095338,0.01984840196191959,3,True,False
log_loss,F_J,audit,A,public_coverage,360,expanded_independent,development_evaluation_person_weighted,3,3,True,0.5165431530330152,0.016574059996460666,0.5165431530330152,0.016574059996460666,3,True,False
log_loss,F_J,audit,A,public_coverage,360,expanded_catchup,validation,3,3,True,0.4944413361417663,0.012603394985004844,0.4944413361417663,0.012603394985004844,3,True,False
log_loss,F_J,audit,A,public_coverage,360,expanded_catchup,development_evaluation,3,3,True,0.5126646168228254,0.01757301049705032,0.5126646168228254,0.01757301049705032,3,True,False
log_loss,F_J,audit,A,public_coverage,360,expanded_catchup,validation_person_weighted,3,3,True,0.49664813647060896,0.01862814529591691,0.49664813647060896,0.01862814529591691,3,True,False
log_loss,F_J,audit,A,public_coverage,360,expanded_catchup,development_evaluation_person_weighted,3,3,True,0.5164541334639595,0.020446975338627053,0.5164541334639595,0.020446975338627053,3,True,False
log_loss,F_J,audit,A,commute_over20,120,standard_independent,validation,3,3,True,0.6805622496465065,0.0033829384365785743,0.6805622496465065,0.0033829384365785743,3,True,False
log_loss,F_J,audit,A,commute_over20,120,standard_independent,development_evaluation,3,3,True,0.685309382284145,0.005901328371713621,0.685309382284145,0.005901328371713621,3,True,False
log_loss,F_J,audit,A,commute_over20,120,standard_independent,validation_person_weighted,3,3,True,0.6846482573043398,0.0056563897885294,0.6846482573043398,0.0056563897885294,3,True,False
log_loss,F_J,audit,A,commute_over20,120,standard_independent,development_evaluation_person_weighted,3,3,True,0.6880333192352328,0.004708956911037438,0.6880333192352328,0.004708956911037438,3,True,False
log_loss,F_J,audit,A,commute_over20,120,expanded_independent,validation,3,3,True,0.6805622496465065,0.0033829384365785743,0.6805622496465065,0.0033829384365785743,3,True,False
log_loss,F_J,audit,A,commute_over20,120,expanded_independent,development_evaluation,3,3,True,0.685309382284145,0.005901328371713621,0.685309382284145,0.005901328371713621,3,True,False
log_loss,F_J,audit,A,commute_over20,120,expanded_independent,validation_person_weighted,3,3,True,0.6846482573043398,0.0056563897885294,0.6846482573043398,0.0056563897885294,3,True,False
log_loss,F_J,audit,A,commute_over20,120,expanded_independent,development_evaluation_person_weighted,3,3,True,0.6880333192352328,0.004708956911037438,0.6880333192352328,0.004708956911037438,3,True,False
log_loss,F_J,audit,A,commute_over20,120,expanded_catchup,validation,3,3,True,0.6805622496465065,0.0033829384365785743,0.6805622496465065,0.0033829384365785743,3,True,False
log_loss,F_J,audit,A,commute_over20,120,expanded_catchup,development_evaluation,3,3,True,0.685309382284145,0.005901328371713621,0.685309382284145,0.005901328371713621,3,True,False
log_loss,F_J,audit,A,commute_over20,120,expanded_catchup,validation_person_weighted,3,3,True,0.6846482573043398,0.0056563897885294,0.6846482573043398,0.0056563897885294,3,True,False
log_loss,F_J,audit,A,commute_over20,120,expanded_catchup,development_evaluation_person_weighted,3,3,True,0.6880333192352328,0.004708956911037438,0.6880333192352328,0.004708956911037438,3,True,False
log_loss,F_J,audit,A,commute_over20,360,standard_independent,validation,3,3,True,0.6805622496465065,0.0033829384365785743,0.6805622496465065,0.0033829384365785743,3,True,False
log_loss,F_J,audit,A,commute_over20,360,standard_independent,development_evaluation,3,3,True,0.685309382284145,0.005901328371713621,0.685309382284145,0.005901328371713621,3,True,False
log_loss,F_J,audit,A,commute_over20,360,standard_independent,validation_person_weighted,3,3,True,0.6846482573043398,0.0056563897885294,0.6846482573043398,0.0056563897885294,3,True,False
log_loss,F_J,audit,A,commute_over20,360,standard_independent,development_evaluation_person_weighted,3,3,True,0.6880333192352328,0.004708956911037438,0.6880333192352328,0.004708956911037438,3,True,False
log_loss,F_J,audit,A,commute_over20,360,expanded_independent,validation,3,3,True,0.6805622496465065,0.0033829384365785743,0.6805622496465065,0.0033829384365785743,3,True,False
log_loss,F_J,audit,A,commute_over20,360,expanded_independent,development_evaluation,3,3,True,0.685309382284145,0.005901328371713621,0.685309382284145,0.005901328371713621,3,True,False
log_loss,F_J,audit,A,commute_over20,360,expanded_independent,validation_person_weighted,3,3,True,0.6846482573043398,0.0056563897885294,0.6846482573043398,0.0056563897885294,3,True,False
log_loss,F_J,audit,A,commute_over20,360,expanded_independent,development_evaluation_person_weighted,3,3,True,0.6880333192352328,0.004708956911037438,0.6880333192352328,0.004708956911037438,3,True,False
log_loss,F_J,audit,A,commute_over20,360,expanded_catchup,validation,3,3,True,0.6805622496465065,0.0033829384365785743,0.6805622496465065,0.0033829384365785743,3,True,False
log_loss,F_J,audit,A,commute_over20,360,expanded_catchup,development_evaluation,3,3,True,0.685309382284145,0.005901328371713621,0.685309382284145,0.005901328371713621,3,True,False
log_loss,F_J,audit,A,commute_over20,360,expanded_catchup,validation_person_weighted,3,3,True,0.6846482573043398,0.0056563897885294,0.6846482573043398,0.0056563897885294,3,True,False
log_loss,F_J,audit,A,commute_over20,360,expanded_catchup,development_evaluation_person_weighted,3,3,True,0.6880333192352328,0.004708956911037438,0.6880333192352328,0.004708956911037438,3,True,False
log_loss,F_J,audit,A,SEX,120,standard_independent,validation,3,3,True,0.6846162069116694,0.003105359882938724,0.6846162069116694,0.003105359882938724,3,True,False
log_loss,F_J,audit,A,SEX,120,standard_independent,development_evaluation,3,3,True,0.6872052574635906,0.0020495850586828546,0.6872052574635906,0.0020495850586828546,3,True,False
log_loss,F_J,audit,A,SEX,120,standard_independent,validation_person_weighted,3,3,True,0.6848188675271639,0.004645963458391736,0.6848188675271639,0.004645963458391736,3,True,False
log_loss,F_J,audit,A,SEX,120,standard_independent,development_evaluation_person_weighted,3,3,True,0.6875887765490603,0.0010666399108532395,0.6875887765490603,0.0010666399108532395,3,True,False
log_loss,F_J,audit,A,SEX,120,expanded_independent,validation,3,3,True,0.6846162069116694,0.003105359882938724,0.6846162069116694,0.003105359882938724,3,True,False
log_loss,F_J,audit,A,SEX,120,expanded_independent,development_evaluation,3,3,True,0.6872052574635906,0.0020495850586828546,0.6872052574635906,0.0020495850586828546,3,True,False
log_loss,F_J,audit,A,SEX,120,expanded_independent,validation_person_weighted,3,3,True,0.6848188675271639,0.004645963458391736,0.6848188675271639,0.004645963458391736,3,True,False
log_loss,F_J,audit,A,SEX,120,expanded_independent,development_evaluation_person_weighted,3,3,True,0.6875887765490603,0.0010666399108532395,0.6875887765490603,0.0010666399108532395,3,True,False
log_loss,F_J,audit,A,SEX,120,expanded_catchup,validation,3,3,True,0.6839053090249895,0.004311537413237646,0.6839053090249895,0.004311537413237646,3,True,False
log_loss,F_J,audit,A,SEX,120,expanded_catchup,development_evaluation,3,3,True,0.6877351187459981,0.002481222560155923,0.6877351187459981,0.002481222560155923,3,True,False
log_loss,F_J,audit,A,SEX,120,expanded_catchup,validation_person_weighted,3,3,True,0.6827530772262399,0.008218610067557475,0.6827530772262399,0.008218610067557475,3,True,False
log_loss,F_J,audit,A,SEX,120,expanded_catchup,development_evaluation_person_weighted,3,3,True,0.6881267390760988,0.0007099093333725175,0.6881267390760988,0.0007099093333725175,3,True,False
log_loss,F_J,audit,A,SEX,360,standard_independent,validation,3,3,True,0.6846162069116694,0.003105359882938724,0.6846162069116694,0.003105359882938724,3,True,False
log_loss,F_J,audit,A,SEX,360,standard_independent,development_evaluation,3,3,True,0.6872052574635906,0.0020495850586828546,0.6872052574635906,0.0020495850586828546,3,True,False
log_loss,F_J,audit,A,SEX,360,standard_independent,validation_person_weighted,3,3,True,0.6848188675271639,0.004645963458391736,0.6848188675271639,0.004645963458391736,3,True,False
log_loss,F_J,audit,A,SEX,360,standard_independent,development_evaluation_person_weighted,3,3,True,0.6875887765490603,0.0010666399108532395,0.6875887765490603,0.0010666399108532395,3,True,False
log_loss,F_J,audit,A,SEX,360,expanded_independent,validation,3,3,True,0.6846162069116694,0.003105359882938724,0.6846162069116694,0.003105359882938724,3,True,False
log_loss,F_J,audit,A,SEX,360,expanded_independent,development_evaluation,3,3,True,0.6872052574635906,0.0020495850586828546,0.6872052574635906,0.0020495850586828546,3,True,False
log_loss,F_J,audit,A,SEX,360,expanded_independent,validation_person_weighted,3,3,True,0.6848188675271639,0.004645963458391736,0.6848188675271639,0.004645963458391736,3,True,False
log_loss,F_J,audit,A,SEX,360,expanded_independent,development_evaluation_person_weighted,3,3,True,0.6875887765490603,0.0010666399108532395,0.6875887765490603,0.0010666399108532395,3,True,False
log_loss,F_J,audit,A,SEX,360,expanded_catchup,validation,3,3,True,0.6839053090249895,0.004311537413237646,0.6839053090249895,0.004311537413237646,3,True,False
log_loss,F_J,audit,A,SEX,360,expanded_catchup,development_evaluation,3,3,True,0.6877351187459981,0.002481222560155923,0.6877351187459981,0.002481222560155923,3,True,False
log_loss,F_J,audit,A,SEX,360,expanded_catchup,validation_person_weighted,3,3,True,0.6827530772262399,0.008218610067557475,0.6827530772262399,0.008218610067557475,3,True,False
log_loss,F_J,audit,A,SEX,360,expanded_catchup,development_evaluation_person_weighted,3,3,True,0.6881267390760988,0.0007099093333725175,0.6881267390760988,0.0007099093333725175,3,True,False
log_loss,F_J,audit,A,RAC1P,120,standard_independent,validation,3,3,True,1.2705254049223542,0.0031668000580825505,1.2705254049223542,0.0031668000580825505,3,True,False
log_loss,F_J,audit,A,RAC1P,120,standard_independent,development_evaluation,3,3,True,1.2750033354277084,0.026464045632908786,1.2750033354277084,0.026464045632908786,3,True,False
log_loss,F_J,audit,A,RAC1P,120,standard_independent,validation_person_weighted,3,3,True,1.2698811513357313,0.005281789097020327,1.2698811513357313,0.005281789097020327,3,True,False
log_loss,F_J,audit,A,RAC1P,120,standard_independent,development_evaluation_person_weighted,3,3,True,1.275165417430584,0.043235370986943585,1.275165417430584,0.043235370986943585,3,True,False
log_loss,F_J,audit,A,RAC1P,120,expanded_independent,validation,3,3,True,1.2700946347324988,0.0037561285645965016,1.2700946347324988,0.0037561285645965016,3,True,False
log_loss,F_J,audit,A,RAC1P,120,expanded_independent,development_evaluation,3,3,True,1.275954766122226,0.026340628174470686,1.275954766122226,0.026340628174470686,3,True,False
log_loss,F_J,audit,A,RAC1P,120,expanded_independent,validation_person_weighted,3,3,True,1.2701835953294343,0.0035793878408266664,1.2701835953294343,0.0035793878408266664,3,True,False
log_loss,F_J,audit,A,RAC1P,120,expanded_independent,development_evaluation_person_weighted,3,3,True,1.2744315755899602,0.04387601692276679,1.2744315755899602,0.04387601692276679,3,True,False
log_loss,F_J,audit,A,RAC1P,120,expanded_catchup,validation,3,3,True,1.2568462968441345,0.004626181322555411,1.2568462968441345,0.004626181322555411,3,True,False
log_loss,F_J,audit,A,RAC1P,120,expanded_catchup,development_evaluation,3,3,True,1.2666743977105284,0.02370687614361051,1.2666743977105284,0.02370687614361051,3,True,False
log_loss,F_J,audit,A,RAC1P,120,expanded_catchup,validation_person_weighted,3,3,True,1.2581815741286324,0.0006710973268885179,1.2581815741286324,0.0006710973268885179,3,True,False
log_loss,F_J,audit,A,RAC1P,120,expanded_catchup,development_evaluation_person_weighted,3,3,True,1.2629544471368666,0.04318081736765731,1.2629544471368666,0.04318081736765731,3,True,False
log_loss,F_J,audit,A,RAC1P,360,standard_independent,validation,3,3,True,1.2704473710019113,0.0031477351425953414,1.2704473710019113,0.0031477351425953414,3,True,False
log_loss,F_J,audit,A,RAC1P,360,standard_independent,development_evaluation,3,3,True,1.2757453565799122,0.02544000753327723,1.2757453565799122,0.02544000753327723,3,True,False
log_loss,F_J,audit,A,RAC1P,360,standard_independent,validation_person_weighted,3,3,True,1.2698171293633373,0.005380708217261607,1.2698171293633373,0.005380708217261607,3,True,False
log_loss,F_J,audit,A,RAC1P,360,standard_independent,development_evaluation_person_weighted,3,3,True,1.2756821352710237,0.04285634448985973,1.2756821352710237,0.04285634448985973,3,True,False
log_loss,F_J,audit,A,RAC1P,360,expanded_independent,validation,3,3,True,1.2700657178828314,0.003764693422475612,1.2700657178828314,0.003764693422475612,3,True,False
log_loss,F_J,audit,A,RAC1P,360,expanded_independent,development_evaluation,3,3,True,1.2769535545093744,0.02523246576132183,1.2769535545093744,0.02523246576132183,3,True,False
log_loss,F_J,audit,A,RAC1P,360,expanded_independent,validation_person_weighted,3,3,True,1.2694838897992378,0.004909139552459473,1.2694838897992378,0.004909139552459473,3,True,False
log_loss,F_J,audit,A,RAC1P,360,expanded_independent,development_evaluation_person_weighted,3,3,True,1.2756304215168448,0.04290840130708201,1.2756304215168448,0.04290840130708201,3,True,False
log_loss,F_J,audit,A,RAC1P,360,expanded_catchup,validation,3,3,True,1.2568462968441345,0.004626181322555411,1.2568462968441345,0.004626181322555411,3,True,False
log_loss,F_J,audit,A,RAC1P,360,expanded_catchup,development_evaluation,3,3,True,1.2666743977105284,0.02370687614361051,1.2666743977105284,0.02370687614361051,3,True,False
log_loss,F_J,audit,A,RAC1P,360,expanded_catchup,validation_person_weighted,3,3,True,1.2581815741286324,0.0006710973268885179,1.2581815741286324,0.0006710973268885179,3,True,False
log_loss,F_J,audit,A,RAC1P,360,expanded_catchup,development_evaluation_person_weighted,3,3,True,1.2629544471368666,0.04318081736765731,1.2629544471368666,0.04318081736765731,3,True,False
log_loss,F_J,audit,B,income_binary,120,standard_independent,validation,3,3,True,0.3578728924932506,0.011528465482980713,0.3578728924932506,0.011528465482980713,3,True,False
log_loss,F_J,audit,B,income_binary,120,standard_independent,development_evaluation,3,3,True,0.35334141175732786,0.017604258368629274,0.35334141175732786,0.017604258368629274,3,True,False
log_loss,F_J,audit,B,income_binary,120,standard_independent,validation_person_weighted,3,3,True,0.35970356187991875,0.02332113323153687,0.35970356187991875,0.02332113323153687,3,True,False
log_loss,F_J,audit,B,income_binary,120,standard_independent,development_evaluation_person_weighted,3,3,True,0.36763653940405266,0.022992261911769944,0.36763653940405266,0.022992261911769944,3,True,False
log_loss,F_J,audit,B,income_binary,120,expanded_independent,validation,3,3,True,0.3578728924932506,0.011528465482980713,0.3578728924932506,0.011528465482980713,3,True,False
log_loss,F_J,audit,B,income_binary,120,expanded_independent,development_evaluation,3,3,True,0.35334141175732786,0.017604258368629274,0.35334141175732786,0.017604258368629274,3,True,False
log_loss,F_J,audit,B,income_binary,120,expanded_independent,validation_person_weighted,3,3,True,0.35970356187991875,0.02332113323153687,0.35970356187991875,0.02332113323153687,3,True,False
log_loss,F_J,audit,B,income_binary,120,expanded_independent,development_evaluation_person_weighted,3,3,True,0.36763653940405266,0.022992261911769944,0.36763653940405266,0.022992261911769944,3,True,False
log_loss,F_J,audit,B,income_binary,120,expanded_catchup,validation,3,3,True,0.35430841886865516,0.005593947779087691,0.35430841886865516,0.005593947779087691,3,True,False
log_loss,F_J,audit,B,income_binary,120,expanded_catchup,development_evaluation,3,3,True,0.35097733789173724,0.016789646659907006,0.35097733789173724,0.016789646659907006,3,True,False
log_loss,F_J,audit,B,income_binary,120,expanded_catchup,validation_person_weighted,3,3,True,0.35478985510825145,0.014936433470193468,0.35478985510825145,0.014936433470193468,3,True,False
log_loss,F_J,audit,B,income_binary,120,expanded_catchup,development_evaluation_person_weighted,3,3,True,0.3620212400942941,0.02252617862645218,0.3620212400942941,0.02252617862645218,3,True,False
log_loss,F_J,audit,B,income_binary,360,standard_independent,validation,3,3,True,0.3578728924932506,0.011528465482980713,0.3578728924932506,0.011528465482980713,3,True,False
log_loss,F_J,audit,B,income_binary,360,standard_independent,development_evaluation,3,3,True,0.35334141175732786,0.017604258368629274,0.35334141175732786,0.017604258368629274,3,True,False
log_loss,F_J,audit,B,income_binary,360,standard_independent,validation_person_weighted,3,3,True,0.35970356187991875,0.02332113323153687,0.35970356187991875,0.02332113323153687,3,True,False
log_loss,F_J,audit,B,income_binary,360,standard_independent,development_evaluation_person_weighted,3,3,True,0.36763653940405266,0.022992261911769944,0.36763653940405266,0.022992261911769944,3,True,False
log_loss,F_J,audit,B,income_binary,360,expanded_independent,validation,3,3,True,0.3578728924932506,0.011528465482980713,0.3578728924932506,0.011528465482980713,3,True,False
log_loss,F_J,audit,B,income_binary,360,expanded_independent,development_evaluation,3,3,True,0.35334141175732786,0.017604258368629274,0.35334141175732786,0.017604258368629274,3,True,False
log_loss,F_J,audit,B,income_binary,360,expanded_independent,validation_person_weighted,3,3,True,0.35970356187991875,0.02332113323153687,0.35970356187991875,0.02332113323153687,3,True,False
log_loss,F_J,audit,B,income_binary,360,expanded_independent,development_evaluation_person_weighted,3,3,True,0.36763653940405266,0.022992261911769944,0.36763653940405266,0.022992261911769944,3,True,False
log_loss,F_J,audit,B,income_binary,360,expanded_catchup,validation,3,3,True,0.35430841886865516,0.005593947779087691,0.35430841886865516,0.005593947779087691,3,True,False
log_loss,F_J,audit,B,income_binary,360,expanded_catchup,development_evaluation,3,3,True,0.35097733789173724,0.016789646659907006,0.35097733789173724,0.016789646659907006,3,True,False
log_loss,F_J,audit,B,income_binary,360,expanded_catchup,validation_person_weighted,3,3,True,0.35478985510825145,0.014936433470193468,0.35478985510825145,0.014936433470193468,3,True,False
log_loss,F_J,audit,B,income_binary,360,expanded_catchup,development_evaluation_person_weighted,3,3,True,0.3620212400942941,0.02252617862645218,0.3620212400942941,0.02252617862645218,3,True,False
log_loss,F_J,audit,B,civilian_at_work,120,standard_independent,validation,3,3,True,0.48158648909539165,0.015182355411447333,0.48158648909539165,0.015182355411447333,3,True,False
log_loss,F_J,audit,B,civilian_at_work,120,standard_independent,development_evaluation,3,3,True,0.4783235051660623,0.0205446090581513,0.4783235051660623,0.0205446090581513,3,True,False
log_loss,F_J,audit,B,civilian_at_work,120,standard_independent,validation_person_weighted,3,3,True,0.4693358523598365,0.022877451773830066,0.4693358523598365,0.022877451773830066,3,True,False
log_loss,F_J,audit,B,civilian_at_work,120,standard_independent,development_evaluation_person_weighted,3,3,True,0.46319587205278057,0.020626453011968686,0.46319587205278057,0.020626453011968686,3,True,False
log_loss,F_J,audit,B,civilian_at_work,120,expanded_independent,validation,3,3,True,0.48158648909539165,0.015182355411447333,0.48158648909539165,0.015182355411447333,3,True,False
log_loss,F_J,audit,B,civilian_at_work,120,expanded_independent,development_evaluation,3,3,True,0.4783235051660623,0.0205446090581513,0.4783235051660623,0.0205446090581513,3,True,False
log_loss,F_J,audit,B,civilian_at_work,120,expanded_independent,validation_person_weighted,3,3,True,0.4693358523598365,0.022877451773830066,0.4693358523598365,0.022877451773830066,3,True,False
log_loss,F_J,audit,B,civilian_at_work,120,expanded_independent,development_evaluation_person_weighted,3,3,True,0.46319587205278057,0.020626453011968686,0.46319587205278057,0.020626453011968686,3,True,False
log_loss,F_J,audit,B,civilian_at_work,120,expanded_catchup,validation,3,3,True,0.48158648909539165,0.015182355411447333,0.48158648909539165,0.015182355411447333,3,True,False
log_loss,F_J,audit,B,civilian_at_work,120,expanded_catchup,development_evaluation,3,3,True,0.4783235051660623,0.0205446090581513,0.4783235051660623,0.0205446090581513,3,True,False
log_loss,F_J,audit,B,civilian_at_work,120,expanded_catchup,validation_person_weighted,3,3,True,0.4693358523598365,0.022877451773830066,0.4693358523598365,0.022877451773830066,3,True,False
log_loss,F_J,audit,B,civilian_at_work,120,expanded_catchup,development_evaluation_person_weighted,3,3,True,0.46319587205278057,0.020626453011968686,0.46319587205278057,0.020626453011968686,3,True,False
log_loss,F_J,audit,B,civilian_at_work,360,standard_independent,validation,3,3,True,0.48158648909539165,0.015182355411447333,0.48158648909539165,0.015182355411447333,3,True,False
log_loss,F_J,audit,B,civilian_at_work,360,standard_independent,development_evaluation,3,3,True,0.4783235051660623,0.0205446090581513,0.4783235051660623,0.0205446090581513,3,True,False
log_loss,F_J,audit,B,civilian_at_work,360,standard_independent,validation_person_weighted,3,3,True,0.4693358523598365,0.022877451773830066,0.4693358523598365,0.022877451773830066,3,True,False
log_loss,F_J,audit,B,civilian_at_work,360,standard_independent,development_evaluation_person_weighted,3,3,True,0.46319587205278057,0.020626453011968686,0.46319587205278057,0.020626453011968686,3,True,False
log_loss,F_J,audit,B,civilian_at_work,360,expanded_independent,validation,3,3,True,0.48158648909539165,0.015182355411447333,0.48158648909539165,0.015182355411447333,3,True,False
log_loss,F_J,audit,B,civilian_at_work,360,expanded_independent,development_evaluation,3,3,True,0.4783235051660623,0.0205446090581513,0.4783235051660623,0.0205446090581513,3,True,False
log_loss,F_J,audit,B,civilian_at_work,360,expanded_independent,validation_person_weighted,3,3,True,0.4693358523598365,0.022877451773830066,0.4693358523598365,0.022877451773830066,3,True,False
log_loss,F_J,audit,B,civilian_at_work,360,expanded_independent,development_evaluation_person_weighted,3,3,True,0.46319587205278057,0.020626453011968686,0.46319587205278057,0.020626453011968686,3,True,False
log_loss,F_J,audit,B,civilian_at_work,360,expanded_catchup,validation,3,3,True,0.48158648909539165,0.015182355411447333,0.48158648909539165,0.015182355411447333,3,True,False
log_loss,F_J,audit,B,civilian_at_work,360,expanded_catchup,development_evaluation,3,3,True,0.4783235051660623,0.0205446090581513,0.4783235051660623,0.0205446090581513,3,True,False
log_loss,F_J,audit,B,civilian_at_work,360,expanded_catchup,validation_person_weighted,3,3,True,0.4693358523598365,0.022877451773830066,0.4693358523598365,0.022877451773830066,3,True,False
log_loss,F_J,audit,B,civilian_at_work,360,expanded_catchup,development_evaluation_person_weighted,3,3,True,0.46319587205278057,0.020626453011968686,0.46319587205278057,0.020626453011968686,3,True,False
log_loss,F_J,audit,B,same_residence,120,standard_independent,validation,3,3,True,0.5096278559469125,0.006965635759693164,0.5096278559469125,0.006965635759693164,3,True,False
log_loss,F_J,audit,B,same_residence,120,standard_independent,development_evaluation,3,3,True,0.5076584205172785,0.007276881822271014,0.5076584205172785,0.007276881822271014,3,True,False
log_loss,F_J,audit,B,same_residence,120,standard_independent,validation_person_weighted,3,3,True,0.48869774928868664,0.008919825917819204,0.48869774928868664,0.008919825917819204,3,True,False
log_loss,F_J,audit,B,same_residence,120,standard_independent,development_evaluation_person_weighted,3,3,True,0.48290002715694064,0.005809116517912066,0.48290002715694064,0.005809116517912066,3,True,False
log_loss,F_J,audit,B,same_residence,120,expanded_independent,validation,3,3,True,0.5096278559469125,0.006965635759693164,0.5096278559469125,0.006965635759693164,3,True,False
log_loss,F_J,audit,B,same_residence,120,expanded_independent,development_evaluation,3,3,True,0.5076584205172785,0.007276881822271014,0.5076584205172785,0.007276881822271014,3,True,False
log_loss,F_J,audit,B,same_residence,120,expanded_independent,validation_person_weighted,3,3,True,0.48869774928868664,0.008919825917819204,0.48869774928868664,0.008919825917819204,3,True,False
log_loss,F_J,audit,B,same_residence,120,expanded_independent,development_evaluation_person_weighted,3,3,True,0.48290002715694064,0.005809116517912066,0.48290002715694064,0.005809116517912066,3,True,False
log_loss,F_J,audit,B,same_residence,120,expanded_catchup,validation,3,3,True,0.5096278559469125,0.006965635759693164,0.5096278559469125,0.006965635759693164,3,True,False
log_loss,F_J,audit,B,same_residence,120,expanded_catchup,development_evaluation,3,3,True,0.5076584205172785,0.007276881822271014,0.5076584205172785,0.007276881822271014,3,True,False
log_loss,F_J,audit,B,same_residence,120,expanded_catchup,validation_person_weighted,3,3,True,0.48869774928868664,0.008919825917819204,0.48869774928868664,0.008919825917819204,3,True,False
log_loss,F_J,audit,B,same_residence,120,expanded_catchup,development_evaluation_person_weighted,3,3,True,0.48290002715694064,0.005809116517912066,0.48290002715694064,0.005809116517912066,3,True,False
log_loss,F_J,audit,B,same_residence,360,standard_independent,validation,3,3,True,0.5096278559469125,0.006965635759693164,0.5096278559469125,0.006965635759693164,3,True,False
log_loss,F_J,audit,B,same_residence,360,standard_independent,development_evaluation,3,3,True,0.5076584205172785,0.007276881822271014,0.5076584205172785,0.007276881822271014,3,True,False
log_loss,F_J,audit,B,same_residence,360,standard_independent,validation_person_weighted,3,3,True,0.48869774928868664,0.008919825917819204,0.48869774928868664,0.008919825917819204,3,True,False
log_loss,F_J,audit,B,same_residence,360,standard_independent,development_evaluation_person_weighted,3,3,True,0.48290002715694064,0.005809116517912066,0.48290002715694064,0.005809116517912066,3,True,False
log_loss,F_J,audit,B,same_residence,360,expanded_independent,validation,3,3,True,0.5096278559469125,0.006965635759693164,0.5096278559469125,0.006965635759693164,3,True,False
log_loss,F_J,audit,B,same_residence,360,expanded_independent,development_evaluation,3,3,True,0.5076584205172785,0.007276881822271014,0.5076584205172785,0.007276881822271014,3,True,False
log_loss,F_J,audit,B,same_residence,360,expanded_independent,validation_person_weighted,3,3,True,0.48869774928868664,0.008919825917819204,0.48869774928868664,0.008919825917819204,3,True,False
log_loss,F_J,audit,B,same_residence,360,expanded_independent,development_evaluation_person_weighted,3,3,True,0.48290002715694064,0.005809116517912066,0.48290002715694064,0.005809116517912066,3,True,False
log_loss,F_J,audit,B,same_residence,360,expanded_catchup,validation,3,3,True,0.5096278559469125,0.006965635759693164,0.5096278559469125,0.006965635759693164,3,True,False
log_loss,F_J,audit,B,same_residence,360,expanded_catchup,development_evaluation,3,3,True,0.5076584205172785,0.007276881822271014,0.5076584205172785,0.007276881822271014,3,True,False
log_loss,F_J,audit,B,same_residence,360,expanded_catchup,validation_person_weighted,3,3,True,0.48869774928868664,0.008919825917819204,0.48869774928868664,0.008919825917819204,3,True,False
log_loss,F_J,audit,B,same_residence,360,expanded_catchup,development_evaluation_person_weighted,3,3,True,0.48290002715694064,0.005809116517912066,0.48290002715694064,0.005809116517912066,3,True,False
log_loss,F_J,audit,B,SEX,120,standard_independent,validation,3,3,True,0.6875339759359437,0.0029650312221596487,0.6875339759359437,0.0029650312221596487,3,True,False
log_loss,F_J,audit,B,SEX,120,standard_independent,development_evaluation,3,3,True,0.6907754270800937,0.004657458273226296,0.6907754270800937,0.004657458273226296,3,True,False
log_loss,F_J,audit,B,SEX,120,standard_independent,validation_person_weighted,3,3,True,0.6889250296291796,0.00391604803437374,0.6889250296291796,0.00391604803437374,3,True,False
log_loss,F_J,audit,B,SEX,120,standard_independent,development_evaluation_person_weighted,3,3,True,0.6926701250831251,0.0027780731159233354,0.6926701250831251,0.0027780731159233354,3,True,False
log_loss,F_J,audit,B,SEX,120,expanded_independent,validation,3,3,True,0.6875339759359437,0.0029650312221596487,0.6875339759359437,0.0029650312221596487,3,True,False
log_loss,F_J,audit,B,SEX,120,expanded_independent,development_evaluation,3,3,True,0.6907754270800937,0.004657458273226296,0.6907754270800937,0.004657458273226296,3,True,False
log_loss,F_J,audit,B,SEX,120,expanded_independent,validation_person_weighted,3,3,True,0.6889250296291796,0.00391604803437374,0.6889250296291796,0.00391604803437374,3,True,False
log_loss,F_J,audit,B,SEX,120,expanded_independent,development_evaluation_person_weighted,3,3,True,0.6926701250831251,0.0027780731159233354,0.6926701250831251,0.0027780731159233354,3,True,False
log_loss,F_J,audit,B,SEX,120,expanded_catchup,validation,3,3,True,0.6872074834539907,0.002981122295509059,0.6872074834539907,0.002981122295509059,3,True,False
log_loss,F_J,audit,B,SEX,120,expanded_catchup,development_evaluation,3,3,True,0.6899660405842583,0.006059147394234373,0.6899660405842583,0.006059147394234373,3,True,False
log_loss,F_J,audit,B,SEX,120,expanded_catchup,validation_person_weighted,3,3,True,0.6882520001850162,0.0035998178673979165,0.6882520001850162,0.0035998178673979165,3,True,False
log_loss,F_J,audit,B,SEX,120,expanded_catchup,development_evaluation_person_weighted,3,3,True,0.6917525455671729,0.00422731794423862,0.6917525455671729,0.00422731794423862,3,True,False
log_loss,F_J,audit,B,SEX,360,standard_independent,validation,3,3,True,0.6875339759359437,0.0029650312221596487,0.6875339759359437,0.0029650312221596487,3,True,False
log_loss,F_J,audit,B,SEX,360,standard_independent,development_evaluation,3,3,True,0.6907754270800937,0.004657458273226296,0.6907754270800937,0.004657458273226296,3,True,False
log_loss,F_J,audit,B,SEX,360,standard_independent,validation_person_weighted,3,3,True,0.6889250296291796,0.00391604803437374,0.6889250296291796,0.00391604803437374,3,True,False
log_loss,F_J,audit,B,SEX,360,standard_independent,development_evaluation_person_weighted,3,3,True,0.6926701250831251,0.0027780731159233354,0.6926701250831251,0.0027780731159233354,3,True,False
log_loss,F_J,audit,B,SEX,360,expanded_independent,validation,3,3,True,0.6875339759359437,0.0029650312221596487,0.6875339759359437,0.0029650312221596487,3,True,False
log_loss,F_J,audit,B,SEX,360,expanded_independent,development_evaluation,3,3,True,0.6907754270800937,0.004657458273226296,0.6907754270800937,0.004657458273226296,3,True,False
log_loss,F_J,audit,B,SEX,360,expanded_independent,validation_person_weighted,3,3,True,0.6889250296291796,0.00391604803437374,0.6889250296291796,0.00391604803437374,3,True,False
log_loss,F_J,audit,B,SEX,360,expanded_independent,development_evaluation_person_weighted,3,3,True,0.6926701250831251,0.0027780731159233354,0.6926701250831251,0.0027780731159233354,3,True,False
log_loss,F_J,audit,B,SEX,360,expanded_catchup,validation,3,3,True,0.6872074834539907,0.002981122295509059,0.6872074834539907,0.002981122295509059,3,True,False
log_loss,F_J,audit,B,SEX,360,expanded_catchup,development_evaluation,3,3,True,0.6899660405842583,0.006059147394234373,0.6899660405842583,0.006059147394234373,3,True,False
log_loss,F_J,audit,B,SEX,360,expanded_catchup,validation_person_weighted,3,3,True,0.6882520001850162,0.0035998178673979165,0.6882520001850162,0.0035998178673979165,3,True,False
log_loss,F_J,audit,B,SEX,360,expanded_catchup,development_evaluation_person_weighted,3,3,True,0.6917525455671729,0.00422731794423862,0.6917525455671729,0.00422731794423862,3,True,False
log_loss,F_J,audit,B,RAC1P,120,standard_independent,validation,3,3,True,1.2634010261466089,0.0031106875804601205,1.2634010261466089,0.0031106875804601205,3,True,False
log_loss,F_J,audit,B,RAC1P,120,standard_independent,development_evaluation,3,3,True,1.2542999020343855,0.02351022796396305,1.2542999020343855,0.02351022796396305,3,True,False
log_loss,F_J,audit,B,RAC1P,120,standard_independent,validation_person_weighted,3,3,True,1.2597319406737795,0.011096527190949234,1.2597319406737795,0.011096527190949234,3,True,False
log_loss,F_J,audit,B,RAC1P,120,standard_independent,development_evaluation_person_weighted,3,3,True,1.2544630258177651,0.043762288241483385,1.2544630258177651,0.043762288241483385,3,True,False
log_loss,F_J,audit,B,RAC1P,120,expanded_independent,validation,3,3,True,1.2634010261466089,0.0031106875804601205,1.2634010261466089,0.0031106875804601205,3,True,False
log_loss,F_J,audit,B,RAC1P,120,expanded_independent,development_evaluation,3,3,True,1.2542999020343855,0.02351022796396305,1.2542999020343855,0.02351022796396305,3,True,False
log_loss,F_J,audit,B,RAC1P,120,expanded_independent,validation_person_weighted,3,3,True,1.2597319406737795,0.011096527190949234,1.2597319406737795,0.011096527190949234,3,True,False
log_loss,F_J,audit,B,RAC1P,120,expanded_independent,development_evaluation_person_weighted,3,3,True,1.2544630258177651,0.043762288241483385,1.2544630258177651,0.043762288241483385,3,True,False
log_loss,F_J,audit,B,RAC1P,120,expanded_catchup,validation,3,3,True,1.2526872504538737,0.006725136129830699,1.2526872504538737,0.006725136129830699,3,True,False
log_loss,F_J,audit,B,RAC1P,120,expanded_catchup,development_evaluation,3,3,True,1.2497496676098028,0.025955415775676324,1.2497496676098028,0.025955415775676324,3,True,False
log_loss,F_J,audit,B,RAC1P,120,expanded_catchup,validation_person_weighted,3,3,True,1.2496527936267343,0.00893809275402524,1.2496527936267343,0.00893809275402524,3,True,False
log_loss,F_J,audit,B,RAC1P,120,expanded_catchup,development_evaluation_person_weighted,3,3,True,1.2487530155896003,0.04923119897327591,1.2487530155896003,0.04923119897327591,3,True,False
log_loss,F_J,audit,B,RAC1P,360,standard_independent,validation,3,3,True,1.2634010261466089,0.0031106875804601205,1.2634010261466089,0.0031106875804601205,3,True,False
log_loss,F_J,audit,B,RAC1P,360,standard_independent,development_evaluation,3,3,True,1.2542999020343855,0.02351022796396305,1.2542999020343855,0.02351022796396305,3,True,False
log_loss,F_J,audit,B,RAC1P,360,standard_independent,validation_person_weighted,3,3,True,1.2597319406737795,0.011096527190949234,1.2597319406737795,0.011096527190949234,3,True,False
log_loss,F_J,audit,B,RAC1P,360,standard_independent,development_evaluation_person_weighted,3,3,True,1.2544630258177651,0.043762288241483385,1.2544630258177651,0.043762288241483385,3,True,False
log_loss,F_J,audit,B,RAC1P,360,expanded_independent,validation,3,3,True,1.263328157957056,0.003081799881379735,1.263328157957056,0.003081799881379735,3,True,False
log_loss,F_J,audit,B,RAC1P,360,expanded_independent,development_evaluation,3,3,True,1.2610661606521758,0.025196259481330512,1.2610661606521758,0.025196259481330512,3,True,False
log_loss,F_J,audit,B,RAC1P,360,expanded_independent,validation_person_weighted,3,3,True,1.2614573945420038,0.013014166800407949,1.2614573945420038,0.013014166800407949,3,True,False
log_loss,F_J,audit,B,RAC1P,360,expanded_independent,development_evaluation_person_weighted,3,3,True,1.259447188135689,0.039628521639666535,1.259447188135689,0.039628521639666535,3,True,False
log_loss,F_J,audit,B,RAC1P,360,expanded_catchup,validation,3,3,True,1.2526872504538737,0.006725136129830699,1.2526872504538737,0.006725136129830699,3,True,False
log_loss,F_J,audit,B,RAC1P,360,expanded_catchup,development_evaluation,3,3,True,1.2497496676098028,0.025955415775676324,1.2497496676098028,0.025955415775676324,3,True,False
log_loss,F_J,audit,B,RAC1P,360,expanded_catchup,validation_person_weighted,3,3,True,1.2496527936267343,0.00893809275402524,1.2496527936267343,0.00893809275402524,3,True,False
log_loss,F_J,audit,B,RAC1P,360,expanded_catchup,development_evaluation_person_weighted,3,3,True,1.2487530155896003,0.04923119897327591,1.2487530155896003,0.04923119897327591,3,True,False
log_loss,F_J,audit,AB,SEX,120,standard_independent,validation,3,3,True,0.683364580169681,0.003605015407832721,0.683364580169681,0.003605015407832721,3,True,False
log_loss,F_J,audit,AB,SEX,120,standard_independent,development_evaluation,3,3,True,0.6866516121980865,0.0027653391008216964,0.6866516121980865,0.0027653391008216964,3,True,False
log_loss,F_J,audit,AB,SEX,120,standard_independent,validation_person_weighted,3,3,True,0.6835150132979607,0.0055090957991858445,0.6835150132979607,0.0055090957991858445,3,True,False
log_loss,F_J,audit,AB,SEX,120,standard_independent,development_evaluation_person_weighted,3,3,True,0.687194306292108,0.0011485024892249384,0.687194306292108,0.0011485024892249384,3,True,False
log_loss,F_J,audit,AB,SEX,120,expanded_independent,validation,3,3,True,0.683364580169681,0.003605015407832721,0.683364580169681,0.003605015407832721,3,True,False
log_loss,F_J,audit,AB,SEX,120,expanded_independent,development_evaluation,3,3,True,0.6866516121980865,0.0027653391008216964,0.6866516121980865,0.0027653391008216964,3,True,False
log_loss,F_J,audit,AB,SEX,120,expanded_independent,validation_person_weighted,3,3,True,0.6835150132979607,0.0055090957991858445,0.6835150132979607,0.0055090957991858445,3,True,False
log_loss,F_J,audit,AB,SEX,120,expanded_independent,development_evaluation_person_weighted,3,3,True,0.687194306292108,0.0011485024892249384,0.687194306292108,0.0011485024892249384,3,True,False
log_loss,F_J,audit,AB,SEX,120,expanded_catchup,validation,3,3,True,0.6830653182440202,0.004046917704690625,0.6830653182440202,0.004046917704690625,3,True,False
log_loss,F_J,audit,AB,SEX,120,expanded_catchup,development_evaluation,3,3,True,0.6872811354301722,0.0032618660280204987,0.6872811354301722,0.0032618660280204987,3,True,False
log_loss,F_J,audit,AB,SEX,120,expanded_catchup,validation_person_weighted,3,3,True,0.682168509503112,0.007800764041446691,0.682168509503112,0.007800764041446691,3,True,False
log_loss,F_J,audit,AB,SEX,120,expanded_catchup,development_evaluation_person_weighted,3,3,True,0.687960394985525,0.0005239959091210008,0.687960394985525,0.0005239959091210008,3,True,False
log_loss,F_J,audit,AB,SEX,360,standard_independent,validation,3,3,True,0.683364580169681,0.003605015407832721,0.683364580169681,0.003605015407832721,3,True,False
log_loss,F_J,audit,AB,SEX,360,standard_independent,development_evaluation,3,3,True,0.6866516121980865,0.0027653391008216964,0.6866516121980865,0.0027653391008216964,3,True,False
log_loss,F_J,audit,AB,SEX,360,standard_independent,validation_person_weighted,3,3,True,0.6835150132979607,0.0055090957991858445,0.6835150132979607,0.0055090957991858445,3,True,False
log_loss,F_J,audit,AB,SEX,360,standard_independent,development_evaluation_person_weighted,3,3,True,0.687194306292108,0.0011485024892249384,0.687194306292108,0.0011485024892249384,3,True,False
log_loss,F_J,audit,AB,SEX,360,expanded_independent,validation,3,3,True,0.683364580169681,0.003605015407832721,0.683364580169681,0.003605015407832721,3,True,False
log_loss,F_J,audit,AB,SEX,360,expanded_independent,development_evaluation,3,3,True,0.6866516121980865,0.0027653391008216964,0.6866516121980865,0.0027653391008216964,3,True,False
log_loss,F_J,audit,AB,SEX,360,expanded_independent,validation_person_weighted,3,3,True,0.6835150132979607,0.0055090957991858445,0.6835150132979607,0.0055090957991858445,3,True,False
log_loss,F_J,audit,AB,SEX,360,expanded_independent,development_evaluation_person_weighted,3,3,True,0.687194306292108,0.0011485024892249384,0.687194306292108,0.0011485024892249384,3,True,False
log_loss,F_J,audit,AB,SEX,360,expanded_catchup,validation,3,3,True,0.6830653182440202,0.004046917704690625,0.6830653182440202,0.004046917704690625,3,True,False
log_loss,F_J,audit,AB,SEX,360,expanded_catchup,development_evaluation,3,3,True,0.6872811354301722,0.0032618660280204987,0.6872811354301722,0.0032618660280204987,3,True,False
log_loss,F_J,audit,AB,SEX,360,expanded_catchup,validation_person_weighted,3,3,True,0.682168509503112,0.007800764041446691,0.682168509503112,0.007800764041446691,3,True,False
log_loss,F_J,audit,AB,SEX,360,expanded_catchup,development_evaluation_person_weighted,3,3,True,0.687960394985525,0.0005239959091210008,0.687960394985525,0.0005239959091210008,3,True,False
log_loss,F_J,audit,AB,RAC1P,120,standard_independent,validation,3,3,True,1.2630811326957478,0.0036473169236983026,1.2630811326957478,0.0036473169236983026,3,True,False
log_loss,F_J,audit,AB,RAC1P,120,standard_independent,development_evaluation,3,3,True,1.2556866249870982,0.025719119962189427,1.2556866249870982,0.025719119962189427,3,True,False
log_loss,F_J,audit,AB,RAC1P,120,standard_independent,validation_person_weighted,3,3,True,1.2616724365825824,0.007748578582713662,1.2616724365825824,0.007748578582713662,3,True,False
log_loss,F_J,audit,AB,RAC1P,120,standard_independent,development_evaluation_person_weighted,3,3,True,1.2557063155465897,0.04591144838643725,1.2557063155465897,0.04591144838643725,3,True,False
log_loss,F_J,audit,AB,RAC1P,120,expanded_independent,validation,3,3,True,1.2630811326957478,0.0036473169236983026,1.2630811326957478,0.0036473169236983026,3,True,False
log_loss,F_J,audit,AB,RAC1P,120,expanded_independent,development_evaluation,3,3,True,1.2556866249870982,0.025719119962189427,1.2556866249870982,0.025719119962189427,3,True,False
log_loss,F_J,audit,AB,RAC1P,120,expanded_independent,validation_person_weighted,3,3,True,1.2616724365825824,0.007748578582713662,1.2616724365825824,0.007748578582713662,3,True,False
log_loss,F_J,audit,AB,RAC1P,120,expanded_independent,development_evaluation_person_weighted,3,3,True,1.2557063155465897,0.04591144838643725,1.2557063155465897,0.04591144838643725,3,True,False
log_loss,F_J,audit,AB,RAC1P,120,expanded_catchup,validation,3,3,True,1.2484152604700125,0.002645816917702736,1.2484152604700125,0.002645816917702736,3,True,False
log_loss,F_J,audit,AB,RAC1P,120,expanded_catchup,development_evaluation,3,3,True,1.2517676027068627,0.029381814051022966,1.2517676027068627,0.029381814051022966,3,True,False
log_loss,F_J,audit,AB,RAC1P,120,expanded_catchup,validation_person_weighted,3,3,True,1.2493942389498809,0.009065524240753945,1.2493942389498809,0.009065524240753945,3,True,False
log_loss,F_J,audit,AB,RAC1P,120,expanded_catchup,development_evaluation_person_weighted,3,3,True,1.249411868577194,0.05035842748214843,1.249411868577194,0.05035842748214843,3,True,False
log_loss,F_J,audit,AB,RAC1P,360,standard_independent,validation,3,3,True,1.2630811326957478,0.0036473169236983026,1.2630811326957478,0.0036473169236983026,3,True,False
log_loss,F_J,audit,AB,RAC1P,360,standard_independent,development_evaluation,3,3,True,1.2556866249870982,0.025719119962189427,1.2556866249870982,0.025719119962189427,3,True,False
log_loss,F_J,audit,AB,RAC1P,360,standard_independent,validation_person_weighted,3,3,True,1.2616724365825824,0.007748578582713662,1.2616724365825824,0.007748578582713662,3,True,False
log_loss,F_J,audit,AB,RAC1P,360,standard_independent,development_evaluation_person_weighted,3,3,True,1.2557063155465897,0.04591144838643725,1.2557063155465897,0.04591144838643725,3,True,False
log_loss,F_J,audit,AB,RAC1P,360,expanded_independent,validation,3,3,True,1.263008264506195,0.0036130463403750146,1.263008264506195,0.0036130463403750146,3,True,False
log_loss,F_J,audit,AB,RAC1P,360,expanded_independent,development_evaluation,3,3,True,1.2624528836048885,0.02674780413743669,1.2624528836048885,0.02674780413743669,3,True,False
log_loss,F_J,audit,AB,RAC1P,360,expanded_independent,validation_person_weighted,3,3,True,1.2633978904508067,0.009809759596723106,1.2633978904508067,0.009809759596723106,3,True,False
log_loss,F_J,audit,AB,RAC1P,360,expanded_independent,development_evaluation_person_weighted,3,3,True,1.2606904778645134,0.04176784259098535,1.2606904778645134,0.04176784259098535,3,True,False
log_loss,F_J,audit,AB,RAC1P,360,expanded_catchup,validation,3,3,True,1.2484152604700125,0.002645816917702736,1.2484152604700125,0.002645816917702736,3,True,False
log_loss,F_J,audit,AB,RAC1P,360,expanded_catchup,development_evaluation,3,3,True,1.2517676027068627,0.029381814051022966,1.2517676027068627,0.029381814051022966,3,True,False
log_loss,F_J,audit,AB,RAC1P,360,expanded_catchup,validation_person_weighted,3,3,True,1.2493942389498809,0.009065524240753945,1.2493942389498809,0.009065524240753945,3,True,False
log_loss,F_J,audit,AB,RAC1P,360,expanded_catchup,development_evaluation_person_weighted,3,3,True,1.249411868577194,0.05035842748214843,1.249411868577194,0.05035842748214843,3,True,False
log_loss,P_I,utility,A,same_residence,,utility,validation,3,3,True,0.537060565434013,0.012198150035683385,0.537060565434013,0.012198150035683385,3,True,False
log_loss,P_I,utility,A,same_residence,,utility,development_evaluation,3,3,True,0.530676851735379,0.0035226154894309218,0.530676851735379,0.0035226154894309218,3,True,False
log_loss,P_I,utility,A,same_residence,,utility,validation_person_weighted,3,3,True,0.5129669284293379,0.01577674739627325,0.5129669284293379,0.01577674739627325,3,True,False
log_loss,P_I,utility,A,same_residence,,utility,development_evaluation_person_weighted,3,3,True,0.5046229831624407,0.005991606086933174,0.5046229831624407,0.005991606086933174,3,True,False
log_loss,P_I,utility,B,commute_over20,,utility,validation,3,3,True,0.6912134003414687,0.0010848150358517463,0.6912134003414687,0.0010848150358517463,3,True,False
log_loss,P_I,utility,B,commute_over20,,utility,development_evaluation,3,3,True,0.692977473890727,0.0006838706285334779,0.692977473890727,0.0006838706285334779,3,True,False
log_loss,P_I,utility,B,commute_over20,,utility,validation_person_weighted,3,3,True,0.6913231031536514,0.0017492067120519724,0.6913231031536514,0.0017492067120519724,3,True,False
log_loss,P_I,utility,B,commute_over20,,utility,development_evaluation_person_weighted,3,3,True,0.6925339615410905,0.0006843781994507324,0.6925339615410905,0.0006843781994507324,3,True,False
log_loss,P_I,utility,A,income_binary,,utility,validation,3,3,True,0.3009235423098978,0.004635424587094663,0.3009235423098978,0.004635424587094663,3,True,False
log_loss,P_I,utility,A,income_binary,,utility,development_evaluation,3,3,True,0.29559375885322675,0.015287676194259747,0.29559375885322675,0.015287676194259747,3,True,False
log_loss,P_I,utility,A,income_binary,,utility,validation_person_weighted,3,3,True,0.296556379125041,0.015193891230532873,0.296556379125041,0.015193891230532873,3,True,False
log_loss,P_I,utility,A,income_binary,,utility,development_evaluation_person_weighted,3,3,True,0.3078260338389773,0.016175386020722965,0.3078260338389773,0.016175386020722965,3,True,False
log_loss,P_I,utility,A,civilian_at_work,,utility,validation,3,3,True,0.30481543791093846,0.011790908833283676,0.30481543791093846,0.011790908833283676,3,True,False
log_loss,P_I,utility,A,civilian_at_work,,utility,development_evaluation,3,3,True,0.28662386451353083,0.003718286242946155,0.28662386451353083,0.003718286242946155,3,True,False
log_loss,P_I,utility,A,civilian_at_work,,utility,validation_person_weighted,3,3,True,0.3022812773345694,0.009624435986841227,0.3022812773345694,0.009624435986841227,3,True,False
log_loss,P_I,utility,A,civilian_at_work,,utility,development_evaluation_person_weighted,3,3,True,0.27626802758644214,0.008941915830931357,0.27626802758644214,0.008941915830931357,3,True,False
log_loss,P_I,utility,B,public_coverage,,utility,validation,3,3,True,0.4950822210458346,0.005009020190325129,0.4950822210458346,0.005009020190325129,3,True,False
log_loss,P_I,utility,B,public_coverage,,utility,development_evaluation,3,3,True,0.513814602554456,0.008252858325481633,0.513814602554456,0.008252858325481633,3,True,False
log_loss,P_I,utility,B,public_coverage,,utility,validation_person_weighted,3,3,True,0.5080913382571473,0.008428866134845657,0.5080913382571473,0.008428866134845657,3,True,False
log_loss,P_I,utility,B,public_coverage,,utility,development_evaluation_person_weighted,3,3,True,0.5243896296039059,0.006987072110548688,0.5243896296039059,0.006987072110548688,3,True,False
log_loss,P_I,native,A,income_binary,,native,source_validation,3,3,True,0.30431372438419435,0.00811246717029958,0.30431372438419435,0.00811246717029958,3,True,False
log_loss,P_I,native,A,income_binary,,native,development_evaluation,3,3,True,0.29853954312862385,0.014160469819374369,0.29853954312862385,0.014160469819374369,3,True,False
log_loss,P_I,native,A,income_binary,,native,source_validation_person_weighted,3,3,True,0.2985831864488439,0.006602006926539863,0.2985831864488439,0.006602006926539863,3,True,False
log_loss,P_I,native,A,income_binary,,native,development_evaluation_person_weighted,3,3,True,0.3100437432764764,0.015533203294234452,0.3100437432764764,0.015533203294234452,3,True,False
log_loss,P_I,native,A,civilian_at_work,,native,source_validation,3,3,True,0.3205181124639145,0.023239725671719356,0.3205181124639145,0.023239725671719356,3,True,False
log_loss,P_I,native,A,civilian_at_work,,native,development_evaluation,3,3,True,0.3040093032341858,0.0056692343229863065,0.3040093032341858,0.0056692343229863065,3,True,False
log_loss,P_I,native,A,civilian_at_work,,native,source_validation_person_weighted,3,3,True,0.32290108010644347,0.02119226303628817,0.32290108010644347,0.02119226303628817,3,True,False
log_loss,P_I,native,A,civilian_at_work,,native,development_evaluation_person_weighted,3,3,True,0.29387608347635574,0.013181863881393334,0.29387608347635574,0.013181863881393334,3,True,False
log_loss,P_I,native,B,public_coverage,,native,source_validation,3,3,True,0.5351658524380957,0.008698614790570137,0.5351658524380957,0.008698614790570137,3,True,False
log_loss,P_I,native,B,public_coverage,,native,development_evaluation,3,3,True,0.559201574468791,0.017396599416845668,0.559201574468791,0.017396599416845668,3,True,False
log_loss,P_I,native,B,public_coverage,,native,source_validation_person_weighted,3,3,True,0.5424372090655133,0.0188004946371177,0.5424372090655133,0.0188004946371177,3,True,False
log_loss,P_I,native,B,public_coverage,,native,development_evaluation_person_weighted,3,3,True,0.5677234122363195,0.01016545507725581,0.5677234122363195,0.01016545507725581,3,True,False
log_loss,P_I,audit,A,public_coverage,120,standard_independent,validation,3,3,True,0.5047433647883189,0.011429490208168224,0.5047433647883189,0.011429490208168224,3,True,False
log_loss,P_I,audit,A,public_coverage,120,standard_independent,development_evaluation,3,3,True,0.5212972251001297,0.009646894140333968,0.5212972251001297,0.009646894140333968,3,True,False
log_loss,P_I,audit,A,public_coverage,120,standard_independent,validation_person_weighted,3,3,True,0.5035082437700116,0.015007493763254163,0.5035082437700116,0.015007493763254163,3,True,False
log_loss,P_I,audit,A,public_coverage,120,standard_independent,development_evaluation_person_weighted,3,3,True,0.5229601704709407,0.012180192458858506,0.5229601704709407,0.012180192458858506,3,True,False
log_loss,P_I,audit,A,public_coverage,120,expanded_independent,validation,3,3,True,0.5047433647883189,0.011429490208168224,0.5047433647883189,0.011429490208168224,3,True,False
log_loss,P_I,audit,A,public_coverage,120,expanded_independent,development_evaluation,3,3,True,0.5212972251001297,0.009646894140333968,0.5212972251001297,0.009646894140333968,3,True,False
log_loss,P_I,audit,A,public_coverage,120,expanded_independent,validation_person_weighted,3,3,True,0.5035082437700116,0.015007493763254163,0.5035082437700116,0.015007493763254163,3,True,False
log_loss,P_I,audit,A,public_coverage,120,expanded_independent,development_evaluation_person_weighted,3,3,True,0.5229601704709407,0.012180192458858506,0.5229601704709407,0.012180192458858506,3,True,False
log_loss,P_I,audit,A,public_coverage,120,expanded_catchup,validation,3,3,True,0.5029979961921041,0.01144652370393212,0.5029979961921041,0.01144652370393212,3,True,False
log_loss,P_I,audit,A,public_coverage,120,expanded_catchup,development_evaluation,3,3,True,0.5200557533821148,0.010625546505322657,0.5200557533821148,0.010625546505322657,3,True,False
log_loss,P_I,audit,A,public_coverage,120,expanded_catchup,validation_person_weighted,3,3,True,0.5029066588262441,0.016040974753976475,0.5029066588262441,0.016040974753976475,3,True,False
log_loss,P_I,audit,A,public_coverage,120,expanded_catchup,development_evaluation_person_weighted,3,3,True,0.522594585439733,0.012654759630982554,0.522594585439733,0.012654759630982554,3,True,False
log_loss,P_I,audit,A,public_coverage,360,standard_independent,validation,3,3,True,0.5047433647883189,0.011429490208168224,0.5047433647883189,0.011429490208168224,3,True,False
log_loss,P_I,audit,A,public_coverage,360,standard_independent,development_evaluation,3,3,True,0.5212972251001297,0.009646894140333968,0.5212972251001297,0.009646894140333968,3,True,False
log_loss,P_I,audit,A,public_coverage,360,standard_independent,validation_person_weighted,3,3,True,0.5035082437700116,0.015007493763254163,0.5035082437700116,0.015007493763254163,3,True,False
log_loss,P_I,audit,A,public_coverage,360,standard_independent,development_evaluation_person_weighted,3,3,True,0.5229601704709407,0.012180192458858506,0.5229601704709407,0.012180192458858506,3,True,False
log_loss,P_I,audit,A,public_coverage,360,expanded_independent,validation,3,3,True,0.5047433647883189,0.011429490208168224,0.5047433647883189,0.011429490208168224,3,True,False
log_loss,P_I,audit,A,public_coverage,360,expanded_independent,development_evaluation,3,3,True,0.5212972251001297,0.009646894140333968,0.5212972251001297,0.009646894140333968,3,True,False
log_loss,P_I,audit,A,public_coverage,360,expanded_independent,validation_person_weighted,3,3,True,0.5035082437700116,0.015007493763254163,0.5035082437700116,0.015007493763254163,3,True,False
log_loss,P_I,audit,A,public_coverage,360,expanded_independent,development_evaluation_person_weighted,3,3,True,0.5229601704709407,0.012180192458858506,0.5229601704709407,0.012180192458858506,3,True,False
log_loss,P_I,audit,A,public_coverage,360,expanded_catchup,validation,3,3,True,0.5029914459618703,0.011439396173161625,0.5029914459618703,0.011439396173161625,3,True,False
log_loss,P_I,audit,A,public_coverage,360,expanded_catchup,development_evaluation,3,3,True,0.5199223983444645,0.010707075796322706,0.5199223983444645,0.010707075796322706,3,True,False
log_loss,P_I,audit,A,public_coverage,360,expanded_catchup,validation_person_weighted,3,3,True,0.5027728681610518,0.015910481439940134,0.5027728681610518,0.015910481439940134,3,True,False
log_loss,P_I,audit,A,public_coverage,360,expanded_catchup,development_evaluation_person_weighted,3,3,True,0.5224719450535659,0.012747992065286666,0.5224719450535659,0.012747992065286666,3,True,False
log_loss,P_I,audit,A,commute_over20,120,standard_independent,validation,3,3,True,0.6834010754305724,0.004553441872408909,0.6834010754305724,0.004553441872408909,3,True,False
log_loss,P_I,audit,A,commute_over20,120,standard_independent,development_evaluation,3,3,True,0.6846941764350695,0.0031591989710163687,0.6846941764350695,0.0031591989710163687,3,True,False
log_loss,P_I,audit,A,commute_over20,120,standard_independent,validation_person_weighted,3,3,True,0.687699355437199,0.006757648233875377,0.687699355437199,0.006757648233875377,3,True,False
log_loss,P_I,audit,A,commute_over20,120,standard_independent,development_evaluation_person_weighted,3,3,True,0.6878240268928967,0.00162157648265242,0.6878240268928967,0.00162157648265242,3,True,False
log_loss,P_I,audit,A,commute_over20,120,expanded_independent,validation,3,3,True,0.6834010754305724,0.004553441872408909,0.6834010754305724,0.004553441872408909,3,True,False
log_loss,P_I,audit,A,commute_over20,120,expanded_independent,development_evaluation,3,3,True,0.6846941764350695,0.0031591989710163687,0.6846941764350695,0.0031591989710163687,3,True,False
log_loss,P_I,audit,A,commute_over20,120,expanded_independent,validation_person_weighted,3,3,True,0.687699355437199,0.006757648233875377,0.687699355437199,0.006757648233875377,3,True,False
log_loss,P_I,audit,A,commute_over20,120,expanded_independent,development_evaluation_person_weighted,3,3,True,0.6878240268928967,0.00162157648265242,0.6878240268928967,0.00162157648265242,3,True,False
log_loss,P_I,audit,A,commute_over20,120,expanded_catchup,validation,3,3,True,0.6834010754305724,0.004553441872408909,0.6834010754305724,0.004553441872408909,3,True,False
log_loss,P_I,audit,A,commute_over20,120,expanded_catchup,development_evaluation,3,3,True,0.6846941764350695,0.0031591989710163687,0.6846941764350695,0.0031591989710163687,3,True,False
log_loss,P_I,audit,A,commute_over20,120,expanded_catchup,validation_person_weighted,3,3,True,0.687699355437199,0.006757648233875377,0.687699355437199,0.006757648233875377,3,True,False
log_loss,P_I,audit,A,commute_over20,120,expanded_catchup,development_evaluation_person_weighted,3,3,True,0.6878240268928967,0.00162157648265242,0.6878240268928967,0.00162157648265242,3,True,False
log_loss,P_I,audit,A,commute_over20,360,standard_independent,validation,3,3,True,0.6834010754305724,0.004553441872408909,0.6834010754305724,0.004553441872408909,3,True,False
log_loss,P_I,audit,A,commute_over20,360,standard_independent,development_evaluation,3,3,True,0.6846941764350695,0.0031591989710163687,0.6846941764350695,0.0031591989710163687,3,True,False
log_loss,P_I,audit,A,commute_over20,360,standard_independent,validation_person_weighted,3,3,True,0.687699355437199,0.006757648233875377,0.687699355437199,0.006757648233875377,3,True,False
log_loss,P_I,audit,A,commute_over20,360,standard_independent,development_evaluation_person_weighted,3,3,True,0.6878240268928967,0.00162157648265242,0.6878240268928967,0.00162157648265242,3,True,False
log_loss,P_I,audit,A,commute_over20,360,expanded_independent,validation,3,3,True,0.6834010754305724,0.004553441872408909,0.6834010754305724,0.004553441872408909,3,True,False
log_loss,P_I,audit,A,commute_over20,360,expanded_independent,development_evaluation,3,3,True,0.6846941764350695,0.0031591989710163687,0.6846941764350695,0.0031591989710163687,3,True,False
log_loss,P_I,audit,A,commute_over20,360,expanded_independent,validation_person_weighted,3,3,True,0.687699355437199,0.006757648233875377,0.687699355437199,0.006757648233875377,3,True,False
log_loss,P_I,audit,A,commute_over20,360,expanded_independent,development_evaluation_person_weighted,3,3,True,0.6878240268928967,0.00162157648265242,0.6878240268928967,0.00162157648265242,3,True,False
log_loss,P_I,audit,A,commute_over20,360,expanded_catchup,validation,3,3,True,0.6834010754305724,0.004553441872408909,0.6834010754305724,0.004553441872408909,3,True,False
log_loss,P_I,audit,A,commute_over20,360,expanded_catchup,development_evaluation,3,3,True,0.6846941764350695,0.0031591989710163687,0.6846941764350695,0.0031591989710163687,3,True,False
log_loss,P_I,audit,A,commute_over20,360,expanded_catchup,validation_person_weighted,3,3,True,0.687699355437199,0.006757648233875377,0.687699355437199,0.006757648233875377,3,True,False
log_loss,P_I,audit,A,commute_over20,360,expanded_catchup,development_evaluation_person_weighted,3,3,True,0.6878240268928967,0.00162157648265242,0.6878240268928967,0.00162157648265242,3,True,False
log_loss,P_I,audit,A,SEX,120,standard_independent,validation,3,3,True,0.6898651635650339,0.0015722954457915075,0.6898651635650339,0.0015722954457915075,3,True,False
log_loss,P_I,audit,A,SEX,120,standard_independent,development_evaluation,3,3,True,0.6913954189940009,0.0013722383694732185,0.6913954189940009,0.0013722383694732185,3,True,False
log_loss,P_I,audit,A,SEX,120,standard_independent,validation_person_weighted,3,3,True,0.6893838036212163,0.0018120971671570737,0.6893838036212163,0.0018120971671570737,3,True,False
log_loss,P_I,audit,A,SEX,120,standard_independent,development_evaluation_person_weighted,3,3,True,0.6901681643763207,0.0011531367108337878,0.6901681643763207,0.0011531367108337878,3,True,False
log_loss,P_I,audit,A,SEX,120,expanded_independent,validation,3,3,True,0.6898651635650339,0.0015722954457915075,0.6898651635650339,0.0015722954457915075,3,True,False
log_loss,P_I,audit,A,SEX,120,expanded_independent,development_evaluation,3,3,True,0.6913954189940009,0.0013722383694732185,0.6913954189940009,0.0013722383694732185,3,True,False
log_loss,P_I,audit,A,SEX,120,expanded_independent,validation_person_weighted,3,3,True,0.6893838036212163,0.0018120971671570737,0.6893838036212163,0.0018120971671570737,3,True,False
log_loss,P_I,audit,A,SEX,120,expanded_independent,development_evaluation_person_weighted,3,3,True,0.6901681643763207,0.0011531367108337878,0.6901681643763207,0.0011531367108337878,3,True,False
log_loss,P_I,audit,A,SEX,120,expanded_catchup,validation,3,3,True,0.6888613261560916,0.002753465977939658,0.6888613261560916,0.002753465977939658,3,True,False
log_loss,P_I,audit,A,SEX,120,expanded_catchup,development_evaluation,3,3,True,0.6905534684222279,0.00035101986450644787,0.6905534684222279,0.00035101986450644787,3,True,False
log_loss,P_I,audit,A,SEX,120,expanded_catchup,validation_person_weighted,3,3,True,0.6886641371806128,0.002096729994475819,0.6886641371806128,0.002096729994475819,3,True,False
log_loss,P_I,audit,A,SEX,120,expanded_catchup,development_evaluation_person_weighted,3,3,True,0.6899885216676285,0.0011701094243590836,0.6899885216676285,0.0011701094243590836,3,True,False
log_loss,P_I,audit,A,SEX,360,standard_independent,validation,3,3,True,0.6895106049750948,0.0020066502411973863,0.6895106049750948,0.0020066502411973863,3,True,False
log_loss,P_I,audit,A,SEX,360,standard_independent,development_evaluation,3,3,True,0.6917313526066484,0.001056400454681895,0.6917313526066484,0.001056400454681895,3,True,False
log_loss,P_I,audit,A,SEX,360,standard_independent,validation_person_weighted,3,3,True,0.6889862038697381,0.0024558012602107788,0.6889862038697381,0.0024558012602107788,3,True,False
log_loss,P_I,audit,A,SEX,360,standard_independent,development_evaluation_person_weighted,3,3,True,0.6900840855313597,0.001286192956663929,0.6900840855313597,0.001286192956663929,3,True,False
log_loss,P_I,audit,A,SEX,360,expanded_independent,validation,3,3,True,0.6895106049750948,0.0020066502411973863,0.6895106049750948,0.0020066502411973863,3,True,False
log_loss,P_I,audit,A,SEX,360,expanded_independent,development_evaluation,3,3,True,0.6917313526066484,0.001056400454681895,0.6917313526066484,0.001056400454681895,3,True,False
log_loss,P_I,audit,A,SEX,360,expanded_independent,validation_person_weighted,3,3,True,0.6889862038697381,0.0024558012602107788,0.6889862038697381,0.0024558012602107788,3,True,False
log_loss,P_I,audit,A,SEX,360,expanded_independent,development_evaluation_person_weighted,3,3,True,0.6900840855313597,0.001286192956663929,0.6900840855313597,0.001286192956663929,3,True,False
log_loss,P_I,audit,A,SEX,360,expanded_catchup,validation,3,3,True,0.6885067675661525,0.0028404840405437657,0.6885067675661525,0.0028404840405437657,3,True,False
log_loss,P_I,audit,A,SEX,360,expanded_catchup,development_evaluation,3,3,True,0.6908894020348755,0.0004524126600956542,0.6908894020348755,0.0004524126600956542,3,True,False
log_loss,P_I,audit,A,SEX,360,expanded_catchup,validation_person_weighted,3,3,True,0.6882665374291345,0.0025070147112402287,0.6882665374291345,0.0025070147112402287,3,True,False
log_loss,P_I,audit,A,SEX,360,expanded_catchup,development_evaluation_person_weighted,3,3,True,0.6899044428226675,0.0012839048479212918,0.6899044428226675,0.0012839048479212918,3,True,False
log_loss,P_I,audit,A,RAC1P,120,standard_independent,validation,3,3,True,1.27034033049562,0.003774690060911897,1.27034033049562,0.003774690060911897,3,True,False
log_loss,P_I,audit,A,RAC1P,120,standard_independent,development_evaluation,3,3,True,1.2768873211464682,0.02341896786484127,1.2768873211464682,0.02341896786484127,3,True,False
log_loss,P_I,audit,A,RAC1P,120,standard_independent,validation_person_weighted,3,3,True,1.270341461384632,0.0038093162725514763,1.270341461384632,0.0038093162725514763,3,True,False
log_loss,P_I,audit,A,RAC1P,120,standard_independent,development_evaluation_person_weighted,3,3,True,1.272824594058603,0.037556009055146305,1.272824594058603,0.037556009055146305,3,True,False
log_loss,P_I,audit,A,RAC1P,120,expanded_independent,validation,3,3,True,1.27034033049562,0.003774690060911897,1.27034033049562,0.003774690060911897,3,True,False
log_loss,P_I,audit,A,RAC1P,120,expanded_independent,development_evaluation,3,3,True,1.2768873211464682,0.02341896786484127,1.2768873211464682,0.02341896786484127,3,True,False
log_loss,P_I,audit,A,RAC1P,120,expanded_independent,validation_person_weighted,3,3,True,1.270341461384632,0.0038093162725514763,1.270341461384632,0.0038093162725514763,3,True,False
log_loss,P_I,audit,A,RAC1P,120,expanded_independent,development_evaluation_person_weighted,3,3,True,1.272824594058603,0.037556009055146305,1.272824594058603,0.037556009055146305,3,True,False
log_loss,P_I,audit,A,RAC1P,120,expanded_catchup,validation,3,3,True,1.2659153004353028,0.0063935852305520855,1.2659153004353028,0.0063935852305520855,3,True,False
log_loss,P_I,audit,A,RAC1P,120,expanded_catchup,development_evaluation,3,3,True,1.2734607515630163,0.025260575095796114,1.2734607515630163,0.025260575095796114,3,True,False
log_loss,P_I,audit,A,RAC1P,120,expanded_catchup,validation_person_weighted,3,3,True,1.2684525984287922,0.0006520920221267275,1.2684525984287922,0.0006520920221267275,3,True,False
log_loss,P_I,audit,A,RAC1P,120,expanded_catchup,development_evaluation_person_weighted,3,3,True,1.2715924346276068,0.04427511830922812,1.2715924346276068,0.04427511830922812,3,True,False
log_loss,P_I,audit,A,RAC1P,360,standard_independent,validation,3,3,True,1.27034033049562,0.003774690060911897,1.27034033049562,0.003774690060911897,3,True,False
log_loss,P_I,audit,A,RAC1P,360,standard_independent,development_evaluation,3,3,True,1.2768873211464682,0.02341896786484127,1.2768873211464682,0.02341896786484127,3,True,False
log_loss,P_I,audit,A,RAC1P,360,standard_independent,validation_person_weighted,3,3,True,1.270341461384632,0.0038093162725514763,1.270341461384632,0.0038093162725514763,3,True,False
log_loss,P_I,audit,A,RAC1P,360,standard_independent,development_evaluation_person_weighted,3,3,True,1.272824594058603,0.037556009055146305,1.272824594058603,0.037556009055146305,3,True,False
log_loss,P_I,audit,A,RAC1P,360,expanded_independent,validation,3,3,True,1.27034033049562,0.003774690060911897,1.27034033049562,0.003774690060911897,3,True,False
log_loss,P_I,audit,A,RAC1P,360,expanded_independent,development_evaluation,3,3,True,1.2768873211464682,0.02341896786484127,1.2768873211464682,0.02341896786484127,3,True,False
log_loss,P_I,audit,A,RAC1P,360,expanded_independent,validation_person_weighted,3,3,True,1.270341461384632,0.0038093162725514763,1.270341461384632,0.0038093162725514763,3,True,False
log_loss,P_I,audit,A,RAC1P,360,expanded_independent,development_evaluation_person_weighted,3,3,True,1.272824594058603,0.037556009055146305,1.272824594058603,0.037556009055146305,3,True,False
log_loss,P_I,audit,A,RAC1P,360,expanded_catchup,validation,3,3,True,1.2659153004353028,0.0063935852305520855,1.2659153004353028,0.0063935852305520855,3,True,False
log_loss,P_I,audit,A,RAC1P,360,expanded_catchup,development_evaluation,3,3,True,1.2734607515630163,0.025260575095796114,1.2734607515630163,0.025260575095796114,3,True,False
log_loss,P_I,audit,A,RAC1P,360,expanded_catchup,validation_person_weighted,3,3,True,1.2684525984287922,0.0006520920221267275,1.2684525984287922,0.0006520920221267275,3,True,False
log_loss,P_I,audit,A,RAC1P,360,expanded_catchup,development_evaluation_person_weighted,3,3,True,1.2715924346276068,0.04427511830922812,1.2715924346276068,0.04427511830922812,3,True,False
log_loss,P_I,audit,B,income_binary,120,standard_independent,validation,3,3,True,0.3993599217750987,0.010345358937755325,0.3993599217750987,0.010345358937755325,3,True,False
log_loss,P_I,audit,B,income_binary,120,standard_independent,development_evaluation,3,3,True,0.40421567658014984,0.013587121482405902,0.40421567658014984,0.013587121482405902,3,True,False
log_loss,P_I,audit,B,income_binary,120,standard_independent,validation_person_weighted,3,3,True,0.40095420792533604,0.0037026380832475784,0.40095420792533604,0.0037026380832475784,3,True,False
log_loss,P_I,audit,B,income_binary,120,standard_independent,development_evaluation_person_weighted,3,3,True,0.40857999405518713,0.012418276906681023,0.40857999405518713,0.012418276906681023,3,True,False
log_loss,P_I,audit,B,income_binary,120,expanded_independent,validation,3,3,True,0.3993599217750987,0.010345358937755325,0.3993599217750987,0.010345358937755325,3,True,False
log_loss,P_I,audit,B,income_binary,120,expanded_independent,development_evaluation,3,3,True,0.40421567658014984,0.013587121482405902,0.40421567658014984,0.013587121482405902,3,True,False
log_loss,P_I,audit,B,income_binary,120,expanded_independent,validation_person_weighted,3,3,True,0.40095420792533604,0.0037026380832475784,0.40095420792533604,0.0037026380832475784,3,True,False
log_loss,P_I,audit,B,income_binary,120,expanded_independent,development_evaluation_person_weighted,3,3,True,0.40857999405518713,0.012418276906681023,0.40857999405518713,0.012418276906681023,3,True,False
log_loss,P_I,audit,B,income_binary,120,expanded_catchup,validation,3,3,True,0.39930231324504706,0.010375920284758344,0.39930231324504706,0.010375920284758344,3,True,False
log_loss,P_I,audit,B,income_binary,120,expanded_catchup,development_evaluation,3,3,True,0.40535551671972303,0.015482085699636336,0.40535551671972303,0.015482085699636336,3,True,False
log_loss,P_I,audit,B,income_binary,120,expanded_catchup,validation_person_weighted,3,3,True,0.40087690292109024,0.0037906465411810934,0.40087690292109024,0.0037906465411810934,3,True,False
log_loss,P_I,audit,B,income_binary,120,expanded_catchup,development_evaluation_person_weighted,3,3,True,0.40945468956533737,0.013823837643271917,0.40945468956533737,0.013823837643271917,3,True,False
log_loss,P_I,audit,B,income_binary,360,standard_independent,validation,3,3,True,0.3993081505126217,0.010406066073468423,0.3993081505126217,0.010406066073468423,3,True,False
log_loss,P_I,audit,B,income_binary,360,standard_independent,development_evaluation,3,3,True,0.4041599447743257,0.013658360516626786,0.4041599447743257,0.013658360516626786,3,True,False
log_loss,P_I,audit,B,income_binary,360,standard_independent,validation_person_weighted,3,3,True,0.4011033241531197,0.003623816353864298,0.4011033241531197,0.003623816353864298,3,True,False
log_loss,P_I,audit,B,income_binary,360,standard_independent,development_evaluation_person_weighted,3,3,True,0.40863968667671347,0.012335663457642433,0.40863968667671347,0.012335663457642433,3,True,False
log_loss,P_I,audit,B,income_binary,360,expanded_independent,validation,3,3,True,0.3993081505126217,0.010406066073468423,0.3993081505126217,0.010406066073468423,3,True,False
log_loss,P_I,audit,B,income_binary,360,expanded_independent,development_evaluation,3,3,True,0.4041599447743257,0.013658360516626786,0.4041599447743257,0.013658360516626786,3,True,False
log_loss,P_I,audit,B,income_binary,360,expanded_independent,validation_person_weighted,3,3,True,0.4011033241531197,0.003623816353864298,0.4011033241531197,0.003623816353864298,3,True,False
log_loss,P_I,audit,B,income_binary,360,expanded_independent,development_evaluation_person_weighted,3,3,True,0.40863968667671347,0.012335663457642433,0.40863968667671347,0.012335663457642433,3,True,False
log_loss,P_I,audit,B,income_binary,360,expanded_catchup,validation,3,3,True,0.39925054198257004,0.010436020981727927,0.39925054198257004,0.010436020981727927,3,True,False
log_loss,P_I,audit,B,income_binary,360,expanded_catchup,development_evaluation,3,3,True,0.40529978491389884,0.015550771539810021,0.40529978491389884,0.015550771539810021,3,True,False
log_loss,P_I,audit,B,income_binary,360,expanded_catchup,validation_person_weighted,3,3,True,0.40102601914887387,0.0037183463640512327,0.40102601914887387,0.0037183463640512327,3,True,False
log_loss,P_I,audit,B,income_binary,360,expanded_catchup,development_evaluation_person_weighted,3,3,True,0.4095143821868637,0.013743974686844952,0.4095143821868637,0.013743974686844952,3,True,False
log_loss,P_I,audit,B,civilian_at_work,120,standard_independent,validation,3,3,True,0.5705696685246252,0.013993072822098267,0.5705696685246252,0.013993072822098267,3,True,False
log_loss,P_I,audit,B,civilian_at_work,120,standard_independent,development_evaluation,3,3,True,0.5649699838050886,0.01911519528190537,0.5649699838050886,0.01911519528190537,3,True,False
log_loss,P_I,audit,B,civilian_at_work,120,standard_independent,validation_person_weighted,3,3,True,0.5501787863111639,0.02497731336475848,0.5501787863111639,0.02497731336475848,3,True,False
log_loss,P_I,audit,B,civilian_at_work,120,standard_independent,development_evaluation_person_weighted,3,3,True,0.5484381006255669,0.022777934579719748,0.5484381006255669,0.022777934579719748,3,True,False
log_loss,P_I,audit,B,civilian_at_work,120,expanded_independent,validation,3,3,True,0.5705696685246252,0.013993072822098267,0.5705696685246252,0.013993072822098267,3,True,False
log_loss,P_I,audit,B,civilian_at_work,120,expanded_independent,development_evaluation,3,3,True,0.5649699838050886,0.01911519528190537,0.5649699838050886,0.01911519528190537,3,True,False
log_loss,P_I,audit,B,civilian_at_work,120,expanded_independent,validation_person_weighted,3,3,True,0.5501787863111639,0.02497731336475848,0.5501787863111639,0.02497731336475848,3,True,False
log_loss,P_I,audit,B,civilian_at_work,120,expanded_independent,development_evaluation_person_weighted,3,3,True,0.5484381006255669,0.022777934579719748,0.5484381006255669,0.022777934579719748,3,True,False
log_loss,P_I,audit,B,civilian_at_work,120,expanded_catchup,validation,3,3,True,0.5705696685246252,0.013993072822098267,0.5705696685246252,0.013993072822098267,3,True,False
log_loss,P_I,audit,B,civilian_at_work,120,expanded_catchup,development_evaluation,3,3,True,0.5649699838050886,0.01911519528190537,0.5649699838050886,0.01911519528190537,3,True,False
log_loss,P_I,audit,B,civilian_at_work,120,expanded_catchup,validation_person_weighted,3,3,True,0.5501787863111639,0.02497731336475848,0.5501787863111639,0.02497731336475848,3,True,False
log_loss,P_I,audit,B,civilian_at_work,120,expanded_catchup,development_evaluation_person_weighted,3,3,True,0.5484381006255669,0.022777934579719748,0.5484381006255669,0.022777934579719748,3,True,False
log_loss,P_I,audit,B,civilian_at_work,360,standard_independent,validation,3,3,True,0.5701041671406787,0.01370947344089414,0.5701041671406787,0.01370947344089414,3,True,False
log_loss,P_I,audit,B,civilian_at_work,360,standard_independent,development_evaluation,3,3,True,0.563927659912585,0.019017226896138505,0.563927659912585,0.019017226896138505,3,True,False
log_loss,P_I,audit,B,civilian_at_work,360,standard_independent,validation_person_weighted,3,3,True,0.5498741569750548,0.024804904433091492,0.5498741569750548,0.024804904433091492,3,True,False
log_loss,P_I,audit,B,civilian_at_work,360,standard_independent,development_evaluation_person_weighted,3,3,True,0.5470122660972148,0.02341024319063233,0.5470122660972148,0.02341024319063233,3,True,False
log_loss,P_I,audit,B,civilian_at_work,360,expanded_independent,validation,3,3,True,0.5701041671406787,0.01370947344089414,0.5701041671406787,0.01370947344089414,3,True,False
log_loss,P_I,audit,B,civilian_at_work,360,expanded_independent,development_evaluation,3,3,True,0.563927659912585,0.019017226896138505,0.563927659912585,0.019017226896138505,3,True,False
log_loss,P_I,audit,B,civilian_at_work,360,expanded_independent,validation_person_weighted,3,3,True,0.5498741569750548,0.024804904433091492,0.5498741569750548,0.024804904433091492,3,True,False
log_loss,P_I,audit,B,civilian_at_work,360,expanded_independent,development_evaluation_person_weighted,3,3,True,0.5470122660972148,0.02341024319063233,0.5470122660972148,0.02341024319063233,3,True,False
log_loss,P_I,audit,B,civilian_at_work,360,expanded_catchup,validation,3,3,True,0.5701041671406787,0.01370947344089414,0.5701041671406787,0.01370947344089414,3,True,False
log_loss,P_I,audit,B,civilian_at_work,360,expanded_catchup,development_evaluation,3,3,True,0.563927659912585,0.019017226896138505,0.563927659912585,0.019017226896138505,3,True,False
log_loss,P_I,audit,B,civilian_at_work,360,expanded_catchup,validation_person_weighted,3,3,True,0.5498741569750548,0.024804904433091492,0.5498741569750548,0.024804904433091492,3,True,False
log_loss,P_I,audit,B,civilian_at_work,360,expanded_catchup,development_evaluation_person_weighted,3,3,True,0.5470122660972148,0.02341024319063233,0.5470122660972148,0.02341024319063233,3,True,False
log_loss,P_I,audit,B,same_residence,120,standard_independent,validation,3,3,True,0.5346830999025514,0.010111522397096638,0.5346830999025514,0.010111522397096638,3,True,False
log_loss,P_I,audit,B,same_residence,120,standard_independent,development_evaluation,3,3,True,0.5281937227663421,0.0068529710741752105,0.5281937227663421,0.0068529710741752105,3,True,False
log_loss,P_I,audit,B,same_residence,120,standard_independent,validation_person_weighted,3,3,True,0.5102608476289466,0.006879118341586359,0.5102608476289466,0.006879118341586359,3,True,False
log_loss,P_I,audit,B,same_residence,120,standard_independent,development_evaluation_person_weighted,3,3,True,0.500987110906729,0.004008323842660075,0.500987110906729,0.004008323842660075,3,True,False
log_loss,P_I,audit,B,same_residence,120,expanded_independent,validation,3,3,True,0.5346830999025514,0.010111522397096638,0.5346830999025514,0.010111522397096638,3,True,False
log_loss,P_I,audit,B,same_residence,120,expanded_independent,development_evaluation,3,3,True,0.5281937227663421,0.0068529710741752105,0.5281937227663421,0.0068529710741752105,3,True,False
log_loss,P_I,audit,B,same_residence,120,expanded_independent,validation_person_weighted,3,3,True,0.5102608476289466,0.006879118341586359,0.5102608476289466,0.006879118341586359,3,True,False
log_loss,P_I,audit,B,same_residence,120,expanded_independent,development_evaluation_person_weighted,3,3,True,0.500987110906729,0.004008323842660075,0.500987110906729,0.004008323842660075,3,True,False
log_loss,P_I,audit,B,same_residence,120,expanded_catchup,validation,3,3,True,0.5346830999025514,0.010111522397096638,0.5346830999025514,0.010111522397096638,3,True,False
log_loss,P_I,audit,B,same_residence,120,expanded_catchup,development_evaluation,3,3,True,0.5281937227663421,0.0068529710741752105,0.5281937227663421,0.0068529710741752105,3,True,False
log_loss,P_I,audit,B,same_residence,120,expanded_catchup,validation_person_weighted,3,3,True,0.5102608476289466,0.006879118341586359,0.5102608476289466,0.006879118341586359,3,True,False
log_loss,P_I,audit,B,same_residence,120,expanded_catchup,development_evaluation_person_weighted,3,3,True,0.500987110906729,0.004008323842660075,0.500987110906729,0.004008323842660075,3,True,False
log_loss,P_I,audit,B,same_residence,360,standard_independent,validation,3,3,True,0.5346633586505208,0.01010828476755632,0.5346633586505208,0.01010828476755632,3,True,False
log_loss,P_I,audit,B,same_residence,360,standard_independent,development_evaluation,3,3,True,0.5281391794458161,0.006829304212465952,0.5281391794458161,0.006829304212465952,3,True,False
log_loss,P_I,audit,B,same_residence,360,standard_independent,validation_person_weighted,3,3,True,0.5103384667066732,0.0068303884004414705,0.5103384667066732,0.0068303884004414705,3,True,False
log_loss,P_I,audit,B,same_residence,360,standard_independent,development_evaluation_person_weighted,3,3,True,0.5010196161411716,0.003954338732397678,0.5010196161411716,0.003954338732397678,3,True,False
log_loss,P_I,audit,B,same_residence,360,expanded_independent,validation,3,3,True,0.5346633586505208,0.01010828476755632,0.5346633586505208,0.01010828476755632,3,True,False
log_loss,P_I,audit,B,same_residence,360,expanded_independent,development_evaluation,3,3,True,0.5281391794458161,0.006829304212465952,0.5281391794458161,0.006829304212465952,3,True,False
log_loss,P_I,audit,B,same_residence,360,expanded_independent,validation_person_weighted,3,3,True,0.5103384667066732,0.0068303884004414705,0.5103384667066732,0.0068303884004414705,3,True,False
log_loss,P_I,audit,B,same_residence,360,expanded_independent,development_evaluation_person_weighted,3,3,True,0.5010196161411716,0.003954338732397678,0.5010196161411716,0.003954338732397678,3,True,False
log_loss,P_I,audit,B,same_residence,360,expanded_catchup,validation,3,3,True,0.5346633586505208,0.01010828476755632,0.5346633586505208,0.01010828476755632,3,True,False
log_loss,P_I,audit,B,same_residence,360,expanded_catchup,development_evaluation,3,3,True,0.5281391794458161,0.006829304212465952,0.5281391794458161,0.006829304212465952,3,True,False
log_loss,P_I,audit,B,same_residence,360,expanded_catchup,validation_person_weighted,3,3,True,0.5103384667066732,0.0068303884004414705,0.5103384667066732,0.0068303884004414705,3,True,False
log_loss,P_I,audit,B,same_residence,360,expanded_catchup,development_evaluation_person_weighted,3,3,True,0.5010196161411716,0.003954338732397678,0.5010196161411716,0.003954338732397678,3,True,False
log_loss,P_I,audit,B,SEX,120,standard_independent,validation,3,3,True,0.6915999027997145,0.00028455013482983773,0.6915999027997145,0.00028455013482983773,3,True,False
log_loss,P_I,audit,B,SEX,120,standard_independent,development_evaluation,3,3,True,0.6936363862857119,0.0001194505970142327,0.6936363862857119,0.0001194505970142327,3,True,False
log_loss,P_I,audit,B,SEX,120,standard_independent,validation_person_weighted,3,3,True,0.6918563765428714,0.0005554606949093246,0.6918563765428714,0.0005554606949093246,3,True,False
log_loss,P_I,audit,B,SEX,120,standard_independent,development_evaluation_person_weighted,3,3,True,0.6927041367664933,0.000825583240744085,0.6927041367664933,0.000825583240744085,3,True,False
log_loss,P_I,audit,B,SEX,120,expanded_independent,validation,3,3,True,0.6915999027997145,0.00028455013482983773,0.6915999027997145,0.00028455013482983773,3,True,False
log_loss,P_I,audit,B,SEX,120,expanded_independent,development_evaluation,3,3,True,0.6936363862857119,0.0001194505970142327,0.6936363862857119,0.0001194505970142327,3,True,False
log_loss,P_I,audit,B,SEX,120,expanded_independent,validation_person_weighted,3,3,True,0.6918563765428714,0.0005554606949093246,0.6918563765428714,0.0005554606949093246,3,True,False
log_loss,P_I,audit,B,SEX,120,expanded_independent,development_evaluation_person_weighted,3,3,True,0.6927041367664933,0.000825583240744085,0.6927041367664933,0.000825583240744085,3,True,False
log_loss,P_I,audit,B,SEX,120,expanded_catchup,validation,3,3,True,0.691389157925264,9.830349860072441e-05,0.691389157925264,9.830349860072441e-05,3,True,False
log_loss,P_I,audit,B,SEX,120,expanded_catchup,development_evaluation,3,3,True,0.6930624189290955,0.0004066894962629963,0.6930624189290955,0.0004066894962629963,3,True,False
log_loss,P_I,audit,B,SEX,120,expanded_catchup,validation_person_weighted,3,3,True,0.6915068556396636,0.0004251758860593462,0.6915068556396636,0.0004251758860593462,3,True,False
log_loss,P_I,audit,B,SEX,120,expanded_catchup,development_evaluation_person_weighted,3,3,True,0.6925139776637877,0.0007904853645266789,0.6925139776637877,0.0007904853645266789,3,True,False
log_loss,P_I,audit,B,SEX,360,standard_independent,validation,3,3,True,0.6915303842827163,0.00029992628419466574,0.6915303842827163,0.00029992628419466574,3,True,False
log_loss,P_I,audit,B,SEX,360,standard_independent,development_evaluation,3,3,True,0.6936286800783412,0.0003121665692319459,0.6936286800783412,0.0003121665692319459,3,True,False
log_loss,P_I,audit,B,SEX,360,standard_independent,validation_person_weighted,3,3,True,0.6917326074529182,0.0005731134317633297,0.6917326074529182,0.0005731134317633297,3,True,False
log_loss,P_I,audit,B,SEX,360,standard_independent,development_evaluation_person_weighted,3,3,True,0.6927560572613796,0.0012337770255188385,0.6927560572613796,0.0012337770255188385,3,True,False
log_loss,P_I,audit,B,SEX,360,expanded_independent,validation,3,3,True,0.6915303842827163,0.00029992628419466574,0.6915303842827163,0.00029992628419466574,3,True,False
log_loss,P_I,audit,B,SEX,360,expanded_independent,development_evaluation,3,3,True,0.6936286800783412,0.0003121665692319459,0.6936286800783412,0.0003121665692319459,3,True,False
log_loss,P_I,audit,B,SEX,360,expanded_independent,validation_person_weighted,3,3,True,0.6917326074529182,0.0005731134317633297,0.6917326074529182,0.0005731134317633297,3,True,False
log_loss,P_I,audit,B,SEX,360,expanded_independent,development_evaluation_person_weighted,3,3,True,0.6927560572613796,0.0012337770255188385,0.6927560572613796,0.0012337770255188385,3,True,False
log_loss,P_I,audit,B,SEX,360,expanded_catchup,validation,3,3,True,0.6913500357376015,0.00014494117910141802,0.6913500357376015,0.00014494117910141802,3,True,False
log_loss,P_I,audit,B,SEX,360,expanded_catchup,development_evaluation,3,3,True,0.6929675712068407,0.00029857221291177164,0.6929675712068407,0.00029857221291177164,3,True,False
log_loss,P_I,audit,B,SEX,360,expanded_catchup,validation_person_weighted,3,3,True,0.6914719149385062,0.0001584152233941393,0.6914719149385062,0.0001584152233941393,3,True,False
log_loss,P_I,audit,B,SEX,360,expanded_catchup,development_evaluation_person_weighted,3,3,True,0.6923932045151885,0.0008571312396840867,0.6923932045151885,0.0008571312396840867,3,True,False
log_loss,P_I,audit,B,RAC1P,120,standard_independent,validation,3,3,True,1.2668993975652494,0.005920224865341212,1.2668993975652494,0.005920224865341212,3,True,False
log_loss,P_I,audit,B,RAC1P,120,standard_independent,development_evaluation,3,3,True,1.2699167626030756,0.023880506835155288,1.2699167626030756,0.023880506835155288,3,True,False
log_loss,P_I,audit,B,RAC1P,120,standard_independent,validation_person_weighted,3,3,True,1.2699428492530351,0.00263304579377319,1.2699428492530351,0.00263304579377319,3,True,False
log_loss,P_I,audit,B,RAC1P,120,standard_independent,development_evaluation_person_weighted,3,3,True,1.2669726654876095,0.0401760156609701,1.2669726654876095,0.0401760156609701,3,True,False
log_loss,P_I,audit,B,RAC1P,120,expanded_independent,validation,3,3,True,1.2668993975652494,0.005920224865341212,1.2668993975652494,0.005920224865341212,3,True,False
log_loss,P_I,audit,B,RAC1P,120,expanded_independent,development_evaluation,3,3,True,1.2699167626030756,0.023880506835155288,1.2699167626030756,0.023880506835155288,3,True,False
log_loss,P_I,audit,B,RAC1P,120,expanded_independent,validation_person_weighted,3,3,True,1.2699428492530351,0.00263304579377319,1.2699428492530351,0.00263304579377319,3,True,False
log_loss,P_I,audit,B,RAC1P,120,expanded_independent,development_evaluation_person_weighted,3,3,True,1.2669726654876095,0.0401760156609701,1.2669726654876095,0.0401760156609701,3,True,False
log_loss,P_I,audit,B,RAC1P,120,expanded_catchup,validation,3,3,True,1.264591278329108,0.004024248817851252,1.264591278329108,0.004024248817851252,3,True,False
log_loss,P_I,audit,B,RAC1P,120,expanded_catchup,development_evaluation,3,3,True,1.2693460942130301,0.023915556615353276,1.2693460942130301,0.023915556615353276,3,True,False
log_loss,P_I,audit,B,RAC1P,120,expanded_catchup,validation_person_weighted,3,3,True,1.266858744641141,0.0005039531631793881,1.266858744641141,0.0005039531631793881,3,True,False
log_loss,P_I,audit,B,RAC1P,120,expanded_catchup,development_evaluation_person_weighted,3,3,True,1.2667856305467542,0.04073794968741953,1.2667856305467542,0.04073794968741953,3,True,False
log_loss,P_I,audit,B,RAC1P,360,standard_independent,validation,3,3,True,1.2667568518113197,0.006077699544783773,1.2667568518113197,0.006077699544783773,3,True,False
log_loss,P_I,audit,B,RAC1P,360,standard_independent,development_evaluation,3,3,True,1.270117284104603,0.023863257617361622,1.270117284104603,0.023863257617361622,3,True,False
log_loss,P_I,audit,B,RAC1P,360,standard_independent,validation_person_weighted,3,3,True,1.2701092240474325,0.0025166590896979024,1.2701092240474325,0.0025166590896979024,3,True,False
log_loss,P_I,audit,B,RAC1P,360,standard_independent,development_evaluation_person_weighted,3,3,True,1.2671646472633762,0.039967533890203286,1.2671646472633762,0.039967533890203286,3,True,False
log_loss,P_I,audit,B,RAC1P,360,expanded_independent,validation,3,3,True,1.2667568518113197,0.006077699544783773,1.2667568518113197,0.006077699544783773,3,True,False
log_loss,P_I,audit,B,RAC1P,360,expanded_independent,development_evaluation,3,3,True,1.270117284104603,0.023863257617361622,1.270117284104603,0.023863257617361622,3,True,False
log_loss,P_I,audit,B,RAC1P,360,expanded_independent,validation_person_weighted,3,3,True,1.2701092240474325,0.0025166590896979024,1.2701092240474325,0.0025166590896979024,3,True,False
log_loss,P_I,audit,B,RAC1P,360,expanded_independent,development_evaluation_person_weighted,3,3,True,1.2671646472633762,0.039967533890203286,1.2671646472633762,0.039967533890203286,3,True,False
log_loss,P_I,audit,B,RAC1P,360,expanded_catchup,validation,3,3,True,1.264591278329108,0.004024248817851252,1.264591278329108,0.004024248817851252,3,True,False
log_loss,P_I,audit,B,RAC1P,360,expanded_catchup,development_evaluation,3,3,True,1.2693460942130301,0.023915556615353276,1.2693460942130301,0.023915556615353276,3,True,False
log_loss,P_I,audit,B,RAC1P,360,expanded_catchup,validation_person_weighted,3,3,True,1.266858744641141,0.0005039531631793881,1.266858744641141,0.0005039531631793881,3,True,False
log_loss,P_I,audit,B,RAC1P,360,expanded_catchup,development_evaluation_person_weighted,3,3,True,1.2667856305467542,0.04073794968741953,1.2667856305467542,0.04073794968741953,3,True,False
log_loss,P_I,audit,AB,SEX,120,standard_independent,validation,3,3,True,0.6879117725882363,0.00187427889117717,0.6879117725882363,0.00187427889117717,3,True,False
log_loss,P_I,audit,AB,SEX,120,standard_independent,development_evaluation,3,3,True,0.6905331913006668,0.002322178632966322,0.6905331913006668,0.002322178632966322,3,True,False
log_loss,P_I,audit,AB,SEX,120,standard_independent,validation_person_weighted,3,3,True,0.687789799933403,0.003209895289971238,0.687789799933403,0.003209895289971238,3,True,False
log_loss,P_I,audit,AB,SEX,120,standard_independent,development_evaluation_person_weighted,3,3,True,0.6913078170278603,0.003768106556972543,0.6913078170278603,0.003768106556972543,3,True,False
log_loss,P_I,audit,AB,SEX,120,expanded_independent,validation,3,3,True,0.6879117725882363,0.00187427889117717,0.6879117725882363,0.00187427889117717,3,True,False
log_loss,P_I,audit,AB,SEX,120,expanded_independent,development_evaluation,3,3,True,0.6905331913006668,0.002322178632966322,0.6905331913006668,0.002322178632966322,3,True,False
log_loss,P_I,audit,AB,SEX,120,expanded_independent,validation_person_weighted,3,3,True,0.687789799933403,0.003209895289971238,0.687789799933403,0.003209895289971238,3,True,False
log_loss,P_I,audit,AB,SEX,120,expanded_independent,development_evaluation_person_weighted,3,3,True,0.6913078170278603,0.003768106556972543,0.6913078170278603,0.003768106556972543,3,True,False
log_loss,P_I,audit,AB,SEX,120,expanded_catchup,validation,3,3,True,0.6866664686911569,0.0018589868321343495,0.6866664686911569,0.0018589868321343495,3,True,False
log_loss,P_I,audit,AB,SEX,120,expanded_catchup,development_evaluation,3,3,True,0.6883162634568025,0.0020417970297485644,0.6883162634568025,0.0020417970297485644,3,True,False
log_loss,P_I,audit,AB,SEX,120,expanded_catchup,validation_person_weighted,3,3,True,0.6863752217128393,0.0029453032857738597,0.6863752217128393,0.0029453032857738597,3,True,False
log_loss,P_I,audit,AB,SEX,120,expanded_catchup,development_evaluation_person_weighted,3,3,True,0.6900638648174098,0.004764089295070032,0.6900638648174098,0.004764089295070032,3,True,False
log_loss,P_I,audit,AB,SEX,360,standard_independent,validation,3,3,True,0.6879117725882363,0.00187427889117717,0.6879117725882363,0.00187427889117717,3,True,False
log_loss,P_I,audit,AB,SEX,360,standard_independent,development_evaluation,3,3,True,0.6905331913006668,0.002322178632966322,0.6905331913006668,0.002322178632966322,3,True,False
log_loss,P_I,audit,AB,SEX,360,standard_independent,validation_person_weighted,3,3,True,0.687789799933403,0.003209895289971238,0.687789799933403,0.003209895289971238,3,True,False
log_loss,P_I,audit,AB,SEX,360,standard_independent,development_evaluation_person_weighted,3,3,True,0.6913078170278603,0.003768106556972543,0.6913078170278603,0.003768106556972543,3,True,False
log_loss,P_I,audit,AB,SEX,360,expanded_independent,validation,3,3,True,0.6879117725882363,0.00187427889117717,0.6879117725882363,0.00187427889117717,3,True,False
log_loss,P_I,audit,AB,SEX,360,expanded_independent,development_evaluation,3,3,True,0.6905331913006668,0.002322178632966322,0.6905331913006668,0.002322178632966322,3,True,False
log_loss,P_I,audit,AB,SEX,360,expanded_independent,validation_person_weighted,3,3,True,0.687789799933403,0.003209895289971238,0.687789799933403,0.003209895289971238,3,True,False
log_loss,P_I,audit,AB,SEX,360,expanded_independent,development_evaluation_person_weighted,3,3,True,0.6913078170278603,0.003768106556972543,0.6913078170278603,0.003768106556972543,3,True,False
log_loss,P_I,audit,AB,SEX,360,expanded_catchup,validation,3,3,True,0.6866664686911569,0.0018589868321343495,0.6866664686911569,0.0018589868321343495,3,True,False
log_loss,P_I,audit,AB,SEX,360,expanded_catchup,development_evaluation,3,3,True,0.6883162634568025,0.0020417970297485644,0.6883162634568025,0.0020417970297485644,3,True,False
log_loss,P_I,audit,AB,SEX,360,expanded_catchup,validation_person_weighted,3,3,True,0.6863752217128393,0.0029453032857738597,0.6863752217128393,0.0029453032857738597,3,True,False
log_loss,P_I,audit,AB,SEX,360,expanded_catchup,development_evaluation_person_weighted,3,3,True,0.6900638648174098,0.004764089295070032,0.6900638648174098,0.004764089295070032,3,True,False
log_loss,P_I,audit,AB,RAC1P,120,standard_independent,validation,3,3,True,1.2626221847221197,0.0025648241063235765,1.2626221847221197,0.0025648241063235765,3,True,False
log_loss,P_I,audit,AB,RAC1P,120,standard_independent,development_evaluation,3,3,True,1.2684621096221411,0.02459034833238723,1.2684621096221411,0.02459034833238723,3,True,False
log_loss,P_I,audit,AB,RAC1P,120,standard_independent,validation_person_weighted,3,3,True,1.264077511694193,0.004306841528314726,1.264077511694193,0.004306841528314726,3,True,False
log_loss,P_I,audit,AB,RAC1P,120,standard_independent,development_evaluation_person_weighted,3,3,True,1.2647453675574454,0.03982170771099238,1.2647453675574454,0.03982170771099238,3,True,False
log_loss,P_I,audit,AB,RAC1P,120,expanded_independent,validation,3,3,True,1.2626221847221197,0.0025648241063235765,1.2626221847221197,0.0025648241063235765,3,True,False
log_loss,P_I,audit,AB,RAC1P,120,expanded_independent,development_evaluation,3,3,True,1.2684621096221411,0.02459034833238723,1.2684621096221411,0.02459034833238723,3,True,False
log_loss,P_I,audit,AB,RAC1P,120,expanded_independent,validation_person_weighted,3,3,True,1.264077511694193,0.004306841528314726,1.264077511694193,0.004306841528314726,3,True,False
log_loss,P_I,audit,AB,RAC1P,120,expanded_independent,development_evaluation_person_weighted,3,3,True,1.2647453675574454,0.03982170771099238,1.2647453675574454,0.03982170771099238,3,True,False
log_loss,P_I,audit,AB,RAC1P,120,expanded_catchup,validation,3,3,True,1.2563452732113434,0.006731993247065766,1.2563452732113434,0.006731993247065766,3,True,False
log_loss,P_I,audit,AB,RAC1P,120,expanded_catchup,development_evaluation,3,3,True,1.26420899543567,0.02686685212012541,1.26420899543567,0.02686685212012541,3,True,False
log_loss,P_I,audit,AB,RAC1P,120,expanded_catchup,validation_person_weighted,3,3,True,1.2584271695070135,0.0036316250166872565,1.2584271695070135,0.0036316250166872565,3,True,False
log_loss,P_I,audit,AB,RAC1P,120,expanded_catchup,development_evaluation_person_weighted,3,3,True,1.2607185290514735,0.04416854475964298,1.2607185290514735,0.04416854475964298,3,True,False
log_loss,P_I,audit,AB,RAC1P,360,standard_independent,validation,3,3,True,1.26247963896819,0.002576547381383479,1.26247963896819,0.002576547381383479,3,True,False
log_loss,P_I,audit,AB,RAC1P,360,standard_independent,development_evaluation,3,3,True,1.2686626311236684,0.024591395977386542,1.2686626311236684,0.024591395977386542,3,True,False
log_loss,P_I,audit,AB,RAC1P,360,standard_independent,validation_person_weighted,3,3,True,1.2642438864885905,0.004569142125491672,1.2642438864885905,0.004569142125491672,3,True,False
log_loss,P_I,audit,AB,RAC1P,360,standard_independent,development_evaluation_person_weighted,3,3,True,1.2649373493332121,0.03962755023628293,1.2649373493332121,0.03962755023628293,3,True,False
log_loss,P_I,audit,AB,RAC1P,360,expanded_independent,validation,3,3,True,1.26247963896819,0.002576547381383479,1.26247963896819,0.002576547381383479,3,True,False
log_loss,P_I,audit,AB,RAC1P,360,expanded_independent,development_evaluation,3,3,True,1.2686626311236684,0.024591395977386542,1.2686626311236684,0.024591395977386542,3,True,False
log_loss,P_I,audit,AB,RAC1P,360,expanded_independent,validation_person_weighted,3,3,True,1.2642438864885905,0.004569142125491672,1.2642438864885905,0.004569142125491672,3,True,False
log_loss,P_I,audit,AB,RAC1P,360,expanded_independent,development_evaluation_person_weighted,3,3,True,1.2649373493332121,0.03962755023628293,1.2649373493332121,0.03962755023628293,3,True,False
log_loss,P_I,audit,AB,RAC1P,360,expanded_catchup,validation,3,3,True,1.2563452732113434,0.006731993247065766,1.2563452732113434,0.006731993247065766,3,True,False
log_loss,P_I,audit,AB,RAC1P,360,expanded_catchup,development_evaluation,3,3,True,1.26420899543567,0.02686685212012541,1.26420899543567,0.02686685212012541,3,True,False
log_loss,P_I,audit,AB,RAC1P,360,expanded_catchup,validation_person_weighted,3,3,True,1.2584271695070135,0.0036316250166872565,1.2584271695070135,0.0036316250166872565,3,True,False
log_loss,P_I,audit,AB,RAC1P,360,expanded_catchup,development_evaluation_person_weighted,3,3,True,1.2607185290514735,0.04416854475964298,1.2607185290514735,0.04416854475964298,3,True,False
log_loss,P_Iplus,utility,A,same_residence,,utility,validation,3,3,True,0.5373656662111626,0.012163431857333604,0.5373656662111626,0.012163431857333604,3,True,False
log_loss,P_Iplus,utility,A,same_residence,,utility,development_evaluation,3,3,True,0.5309664800519437,0.003744296164224765,0.5309664800519437,0.003744296164224765,3,True,False
log_loss,P_Iplus,utility,A,same_residence,,utility,validation_person_weighted,3,3,True,0.5132721114726618,0.015585520869210064,0.5132721114726618,0.015585520869210064,3,True,False
log_loss,P_Iplus,utility,A,same_residence,,utility,development_evaluation_person_weighted,3,3,True,0.5049271519702042,0.005906886330073953,0.5049271519702042,0.005906886330073953,3,True,False
log_loss,P_Iplus,utility,B,commute_over20,,utility,validation,3,3,True,0.6911992063048759,0.001237209375606013,0.6911992063048759,0.001237209375606013,3,True,False
log_loss,P_Iplus,utility,B,commute_over20,,utility,development_evaluation,3,3,True,0.6929827321811968,0.000945503631971128,0.6929827321811968,0.000945503631971128,3,True,False
log_loss,P_Iplus,utility,B,commute_over20,,utility,validation_person_weighted,3,3,True,0.6914395289318072,0.0018091277403312312,0.6914395289318072,0.0018091277403312312,3,True,False
log_loss,P_Iplus,utility,B,commute_over20,,utility,development_evaluation_person_weighted,3,3,True,0.6923478514175286,0.001124345100695756,0.6923478514175286,0.001124345100695756,3,True,False
log_loss,P_Iplus,utility,A,income_binary,,utility,validation,3,3,True,0.30142485782931755,0.0038546937624287314,0.30142485782931755,0.0038546937624287314,3,True,False
log_loss,P_Iplus,utility,A,income_binary,,utility,development_evaluation,3,3,True,0.29627973485739895,0.015106469673873567,0.29627973485739895,0.015106469673873567,3,True,False
log_loss,P_Iplus,utility,A,income_binary,,utility,validation_person_weighted,3,3,True,0.2974137532327547,0.014711842863391576,0.2974137532327547,0.014711842863391576,3,True,False
log_loss,P_Iplus,utility,A,income_binary,,utility,development_evaluation_person_weighted,3,3,True,0.3088362077987689,0.0158339528946481,0.3088362077987689,0.0158339528946481,3,True,False
log_loss,P_Iplus,utility,A,civilian_at_work,,utility,validation,3,3,True,0.30527071293152414,0.01188581177940202,0.30527071293152414,0.01188581177940202,3,True,False
log_loss,P_Iplus,utility,A,civilian_at_work,,utility,development_evaluation,3,3,True,0.2870435526259782,0.003900524810454136,0.2870435526259782,0.003900524810454136,3,True,False
log_loss,P_Iplus,utility,A,civilian_at_work,,utility,validation_person_weighted,3,3,True,0.3028731037884027,0.009682291754505013,0.3028731037884027,0.009682291754505013,3,True,False
log_loss,P_Iplus,utility,A,civilian_at_work,,utility,development_evaluation_person_weighted,3,3,True,0.27666135899235567,0.009208150394982738,0.27666135899235567,0.009208150394982738,3,True,False
log_loss,P_Iplus,utility,B,public_coverage,,utility,validation,3,3,True,0.49626660175676274,0.004643808278188723,0.49626660175676274,0.004643808278188723,3,True,False
log_loss,P_Iplus,utility,B,public_coverage,,utility,development_evaluation,3,3,True,0.5144924712843285,0.00834492960835046,0.5144924712843285,0.00834492960835046,3,True,False
log_loss,P_Iplus,utility,B,public_coverage,,utility,validation_person_weighted,3,3,True,0.509254709488595,0.00784374513899795,0.509254709488595,0.00784374513899795,3,True,False
log_loss,P_Iplus,utility,B,public_coverage,,utility,development_evaluation_person_weighted,3,3,True,0.525108717394201,0.0073992206571518015,0.525108717394201,0.0073992206571518015,3,True,False
log_loss,P_Iplus,native,A,income_binary,,native,source_validation,3,3,True,0.30486226626061963,0.00798231821745591,0.30486226626061963,0.00798231821745591,3,True,False
log_loss,P_Iplus,native,A,income_binary,,native,development_evaluation,3,3,True,0.29930646917590203,0.013992940690791444,0.29930646917590203,0.013992940690791444,3,True,False
log_loss,P_Iplus,native,A,income_binary,,native,source_validation_person_weighted,3,3,True,0.2998205431012347,0.006801723580198718,0.2998205431012347,0.006801723580198718,3,True,False
log_loss,P_Iplus,native,A,income_binary,,native,development_evaluation_person_weighted,3,3,True,0.3108243187508073,0.015110741820764583,0.3108243187508073,0.015110741820764583,3,True,False
log_loss,P_Iplus,native,A,civilian_at_work,,native,source_validation,3,3,True,0.3204157746238245,0.023291653878414153,0.3204157746238245,0.023291653878414153,3,True,False
log_loss,P_Iplus,native,A,civilian_at_work,,native,development_evaluation,3,3,True,0.3042757330998801,0.005569369762533642,0.3042757330998801,0.005569369762533642,3,True,False
log_loss,P_Iplus,native,A,civilian_at_work,,native,source_validation_person_weighted,3,3,True,0.3226990625982188,0.02197502805684053,0.3226990625982188,0.02197502805684053,3,True,False
log_loss,P_Iplus,native,A,civilian_at_work,,native,development_evaluation_person_weighted,3,3,True,0.29457870845311795,0.013305920590770565,0.29457870845311795,0.013305920590770565,3,True,False
log_loss,P_Iplus,native,B,public_coverage,,native,source_validation,3,3,True,0.5370984210941279,0.009494189022241972,0.5370984210941279,0.009494189022241972,3,True,False
log_loss,P_Iplus,native,B,public_coverage,,native,development_evaluation,3,3,True,0.5607491319439167,0.017141520904323786,0.5607491319439167,0.017141520904323786,3,True,False
log_loss,P_Iplus,native,B,public_coverage,,native,source_validation_person_weighted,3,3,True,0.545244339113553,0.018793458104575774,0.545244339113553,0.018793458104575774,3,True,False
log_loss,P_Iplus,native,B,public_coverage,,native,development_evaluation_person_weighted,3,3,True,0.5690339401533471,0.010278299595422325,0.5690339401533471,0.010278299595422325,3,True,False
log_loss,P_Iplus,audit,A,public_coverage,120,standard_independent,validation,3,3,True,0.5050483028201692,0.011275280597570776,0.5050483028201692,0.011275280597570776,3,True,False
log_loss,P_Iplus,audit,A,public_coverage,120,standard_independent,development_evaluation,3,3,True,0.5216757763723499,0.009825319812061492,0.5216757763723499,0.009825319812061492,3,True,False
log_loss,P_Iplus,audit,A,public_coverage,120,standard_independent,validation_person_weighted,3,3,True,0.5038566769383575,0.014747270963406275,0.5038566769383575,0.014747270963406275,3,True,False
log_loss,P_Iplus,audit,A,public_coverage,120,standard_independent,development_evaluation_person_weighted,3,3,True,0.5233357216077159,0.012265790144810823,0.5233357216077159,0.012265790144810823,3,True,False
log_loss,P_Iplus,audit,A,public_coverage,120,expanded_independent,validation,3,3,True,0.5050483028201692,0.011275280597570776,0.5050483028201692,0.011275280597570776,3,True,False
log_loss,P_Iplus,audit,A,public_coverage,120,expanded_independent,development_evaluation,3,3,True,0.5216757763723499,0.009825319812061492,0.5216757763723499,0.009825319812061492,3,True,False
log_loss,P_Iplus,audit,A,public_coverage,120,expanded_independent,validation_person_weighted,3,3,True,0.5038566769383575,0.014747270963406275,0.5038566769383575,0.014747270963406275,3,True,False
log_loss,P_Iplus,audit,A,public_coverage,120,expanded_independent,development_evaluation_person_weighted,3,3,True,0.5233357216077159,0.012265790144810823,0.5233357216077159,0.012265790144810823,3,True,False
log_loss,P_Iplus,audit,A,public_coverage,120,expanded_catchup,validation,3,3,True,0.5032139448673068,0.01135673543078519,0.5032139448673068,0.01135673543078519,3,True,False
log_loss,P_Iplus,audit,A,public_coverage,120,expanded_catchup,development_evaluation,3,3,True,0.5203630950225578,0.010832358806676103,0.5203630950225578,0.010832358806676103,3,True,False
log_loss,P_Iplus,audit,A,public_coverage,120,expanded_catchup,validation_person_weighted,3,3,True,0.5032654395122478,0.015745197635230964,0.5032654395122478,0.015745197635230964,3,True,False
log_loss,P_Iplus,audit,A,public_coverage,120,expanded_catchup,development_evaluation_person_weighted,3,3,True,0.5227557384360763,0.01294057085722721,0.5227557384360763,0.01294057085722721,3,True,False
log_loss,P_Iplus,audit,A,public_coverage,360,standard_independent,validation,3,3,True,0.5050483028201692,0.011275280597570776,0.5050483028201692,0.011275280597570776,3,True,False
log_loss,P_Iplus,audit,A,public_coverage,360,standard_independent,development_evaluation,3,3,True,0.5216757763723499,0.009825319812061492,0.5216757763723499,0.009825319812061492,3,True,False
log_loss,P_Iplus,audit,A,public_coverage,360,standard_independent,validation_person_weighted,3,3,True,0.5038566769383575,0.014747270963406275,0.5038566769383575,0.014747270963406275,3,True,False
log_loss,P_Iplus,audit,A,public_coverage,360,standard_independent,development_evaluation_person_weighted,3,3,True,0.5233357216077159,0.012265790144810823,0.5233357216077159,0.012265790144810823,3,True,False
log_loss,P_Iplus,audit,A,public_coverage,360,expanded_independent,validation,3,3,True,0.5050483028201692,0.011275280597570776,0.5050483028201692,0.011275280597570776,3,True,False
log_loss,P_Iplus,audit,A,public_coverage,360,expanded_independent,development_evaluation,3,3,True,0.5216757763723499,0.009825319812061492,0.5216757763723499,0.009825319812061492,3,True,False
log_loss,P_Iplus,audit,A,public_coverage,360,expanded_independent,validation_person_weighted,3,3,True,0.5038566769383575,0.014747270963406275,0.5038566769383575,0.014747270963406275,3,True,False
log_loss,P_Iplus,audit,A,public_coverage,360,expanded_independent,development_evaluation_person_weighted,3,3,True,0.5233357216077159,0.012265790144810823,0.5233357216077159,0.012265790144810823,3,True,False
log_loss,P_Iplus,audit,A,public_coverage,360,expanded_catchup,validation,3,3,True,0.5031522112949399,0.011290413861534702,0.5031522112949399,0.011290413861534702,3,True,False
log_loss,P_Iplus,audit,A,public_coverage,360,expanded_catchup,development_evaluation,3,3,True,0.5203647683801664,0.010831309307020058,0.5203647683801664,0.010831309307020058,3,True,False
log_loss,P_Iplus,audit,A,public_coverage,360,expanded_catchup,validation_person_weighted,3,3,True,0.5031470893603153,0.01563092544656633,0.5031470893603153,0.01563092544656633,3,True,False
log_loss,P_Iplus,audit,A,public_coverage,360,expanded_catchup,development_evaluation_person_weighted,3,3,True,0.5227690769086432,0.012929801539576381,0.5227690769086432,0.012929801539576381,3,True,False
log_loss,P_Iplus,audit,A,commute_over20,120,standard_independent,validation,3,3,True,0.6833798258241706,0.004375625101827956,0.6833798258241706,0.004375625101827956,3,True,False
log_loss,P_Iplus,audit,A,commute_over20,120,standard_independent,development_evaluation,3,3,True,0.6846979127797035,0.0030424355423039427,0.6846979127797035,0.0030424355423039427,3,True,False
log_loss,P_Iplus,audit,A,commute_over20,120,standard_independent,validation_person_weighted,3,3,True,0.68792988206172,0.006646936546888023,0.68792988206172,0.006646936546888023,3,True,False
log_loss,P_Iplus,audit,A,commute_over20,120,standard_independent,development_evaluation_person_weighted,3,3,True,0.6880067296502803,0.0014317249280772781,0.6880067296502803,0.0014317249280772781,3,True,False
log_loss,P_Iplus,audit,A,commute_over20,120,expanded_independent,validation,3,3,True,0.6833798258241706,0.004375625101827956,0.6833798258241706,0.004375625101827956,3,True,False
log_loss,P_Iplus,audit,A,commute_over20,120,expanded_independent,development_evaluation,3,3,True,0.6846979127797035,0.0030424355423039427,0.6846979127797035,0.0030424355423039427,3,True,False
log_loss,P_Iplus,audit,A,commute_over20,120,expanded_independent,validation_person_weighted,3,3,True,0.68792988206172,0.006646936546888023,0.68792988206172,0.006646936546888023,3,True,False
log_loss,P_Iplus,audit,A,commute_over20,120,expanded_independent,development_evaluation_person_weighted,3,3,True,0.6880067296502803,0.0014317249280772781,0.6880067296502803,0.0014317249280772781,3,True,False
log_loss,P_Iplus,audit,A,commute_over20,120,expanded_catchup,validation,3,3,True,0.6833798258241706,0.004375625101827956,0.6833798258241706,0.004375625101827956,3,True,False
log_loss,P_Iplus,audit,A,commute_over20,120,expanded_catchup,development_evaluation,3,3,True,0.6846979127797035,0.0030424355423039427,0.6846979127797035,0.0030424355423039427,3,True,False
log_loss,P_Iplus,audit,A,commute_over20,120,expanded_catchup,validation_person_weighted,3,3,True,0.68792988206172,0.006646936546888023,0.68792988206172,0.006646936546888023,3,True,False
log_loss,P_Iplus,audit,A,commute_over20,120,expanded_catchup,development_evaluation_person_weighted,3,3,True,0.6880067296502803,0.0014317249280772781,0.6880067296502803,0.0014317249280772781,3,True,False
log_loss,P_Iplus,audit,A,commute_over20,360,standard_independent,validation,3,3,True,0.6833798258241706,0.004375625101827956,0.6833798258241706,0.004375625101827956,3,True,False
log_loss,P_Iplus,audit,A,commute_over20,360,standard_independent,development_evaluation,3,3,True,0.6846979127797035,0.0030424355423039427,0.6846979127797035,0.0030424355423039427,3,True,False
log_loss,P_Iplus,audit,A,commute_over20,360,standard_independent,validation_person_weighted,3,3,True,0.68792988206172,0.006646936546888023,0.68792988206172,0.006646936546888023,3,True,False
log_loss,P_Iplus,audit,A,commute_over20,360,standard_independent,development_evaluation_person_weighted,3,3,True,0.6880067296502803,0.0014317249280772781,0.6880067296502803,0.0014317249280772781,3,True,False
log_loss,P_Iplus,audit,A,commute_over20,360,expanded_independent,validation,3,3,True,0.6833798258241706,0.004375625101827956,0.6833798258241706,0.004375625101827956,3,True,False
log_loss,P_Iplus,audit,A,commute_over20,360,expanded_independent,development_evaluation,3,3,True,0.6846979127797035,0.0030424355423039427,0.6846979127797035,0.0030424355423039427,3,True,False
log_loss,P_Iplus,audit,A,commute_over20,360,expanded_independent,validation_person_weighted,3,3,True,0.68792988206172,0.006646936546888023,0.68792988206172,0.006646936546888023,3,True,False
log_loss,P_Iplus,audit,A,commute_over20,360,expanded_independent,development_evaluation_person_weighted,3,3,True,0.6880067296502803,0.0014317249280772781,0.6880067296502803,0.0014317249280772781,3,True,False
log_loss,P_Iplus,audit,A,commute_over20,360,expanded_catchup,validation,3,3,True,0.6833798258241706,0.004375625101827956,0.6833798258241706,0.004375625101827956,3,True,False
log_loss,P_Iplus,audit,A,commute_over20,360,expanded_catchup,development_evaluation,3,3,True,0.6846979127797035,0.0030424355423039427,0.6846979127797035,0.0030424355423039427,3,True,False
log_loss,P_Iplus,audit,A,commute_over20,360,expanded_catchup,validation_person_weighted,3,3,True,0.68792988206172,0.006646936546888023,0.68792988206172,0.006646936546888023,3,True,False
log_loss,P_Iplus,audit,A,commute_over20,360,expanded_catchup,development_evaluation_person_weighted,3,3,True,0.6880067296502803,0.0014317249280772781,0.6880067296502803,0.0014317249280772781,3,True,False
log_loss,P_Iplus,audit,A,SEX,120,standard_independent,validation,3,3,True,0.6900275359405491,0.0018603689907905542,0.6900275359405491,0.0018603689907905542,3,True,False
log_loss,P_Iplus,audit,A,SEX,120,standard_independent,development_evaluation,3,3,True,0.6924916371339,0.0009572028116719704,0.6924916371339,0.0009572028116719704,3,True,False
log_loss,P_Iplus,audit,A,SEX,120,standard_independent,validation_person_weighted,3,3,True,0.689364773500978,0.0024182062186983043,0.689364773500978,0.0024182062186983043,3,True,False
log_loss,P_Iplus,audit,A,SEX,120,standard_independent,development_evaluation_person_weighted,3,3,True,0.6912176201804521,0.0011004318283883005,0.6912176201804521,0.0011004318283883005,3,True,False
log_loss,P_Iplus,audit,A,SEX,120,expanded_independent,validation,3,3,True,0.6900275359405491,0.0018603689907905542,0.6900275359405491,0.0018603689907905542,3,True,False
log_loss,P_Iplus,audit,A,SEX,120,expanded_independent,development_evaluation,3,3,True,0.6924916371339,0.0009572028116719704,0.6924916371339,0.0009572028116719704,3,True,False
log_loss,P_Iplus,audit,A,SEX,120,expanded_independent,validation_person_weighted,3,3,True,0.689364773500978,0.0024182062186983043,0.689364773500978,0.0024182062186983043,3,True,False
log_loss,P_Iplus,audit,A,SEX,120,expanded_independent,development_evaluation_person_weighted,3,3,True,0.6912176201804521,0.0011004318283883005,0.6912176201804521,0.0011004318283883005,3,True,False
log_loss,P_Iplus,audit,A,SEX,120,expanded_catchup,validation,3,3,True,0.6896641016469657,0.002070176918770974,0.6896641016469657,0.002070176918770974,3,True,False
log_loss,P_Iplus,audit,A,SEX,120,expanded_catchup,development_evaluation,3,3,True,0.6919970643211473,0.0003538734869943318,0.6919970643211473,0.0003538734869943318,3,True,False
log_loss,P_Iplus,audit,A,SEX,120,expanded_catchup,validation_person_weighted,3,3,True,0.6891709130904142,0.0023819700609610662,0.6891709130904142,0.0023819700609610662,3,True,False
log_loss,P_Iplus,audit,A,SEX,120,expanded_catchup,development_evaluation_person_weighted,3,3,True,0.6913244724385652,0.0010340331962406769,0.6913244724385652,0.0010340331962406769,3,True,False
log_loss,P_Iplus,audit,A,SEX,360,standard_independent,validation,3,3,True,0.6898368862961444,0.0021222001741080555,0.6898368862961444,0.0021222001741080555,3,True,False
log_loss,P_Iplus,audit,A,SEX,360,standard_independent,development_evaluation,3,3,True,0.6926391075473991,0.0007734905205350112,0.6926391075473991,0.0007734905205350112,3,True,False
log_loss,P_Iplus,audit,A,SEX,360,standard_independent,validation_person_weighted,3,3,True,0.6889978950748178,0.003023666024379198,0.6889978950748178,0.003023666024379198,3,True,False
log_loss,P_Iplus,audit,A,SEX,360,standard_independent,development_evaluation_person_weighted,3,3,True,0.6911088718893861,0.001216821343461273,0.6911088718893861,0.001216821343461273,3,True,False
log_loss,P_Iplus,audit,A,SEX,360,expanded_independent,validation,3,3,True,0.6898368862961444,0.0021222001741080555,0.6898368862961444,0.0021222001741080555,3,True,False
log_loss,P_Iplus,audit,A,SEX,360,expanded_independent,development_evaluation,3,3,True,0.6926391075473991,0.0007734905205350112,0.6926391075473991,0.0007734905205350112,3,True,False
log_loss,P_Iplus,audit,A,SEX,360,expanded_independent,validation_person_weighted,3,3,True,0.6889978950748178,0.003023666024379198,0.6889978950748178,0.003023666024379198,3,True,False
log_loss,P_Iplus,audit,A,SEX,360,expanded_independent,development_evaluation_person_weighted,3,3,True,0.6911088718893861,0.001216821343461273,0.6911088718893861,0.001216821343461273,3,True,False
log_loss,P_Iplus,audit,A,SEX,360,expanded_catchup,validation,3,3,True,0.689473452002561,0.0022628582402777413,0.689473452002561,0.0022628582402777413,3,True,False
log_loss,P_Iplus,audit,A,SEX,360,expanded_catchup,development_evaluation,3,3,True,0.6921445347346462,0.0001614973036567795,0.6921445347346462,0.0001614973036567795,3,True,False
log_loss,P_Iplus,audit,A,SEX,360,expanded_catchup,validation_person_weighted,3,3,True,0.688804034664254,0.0029589266086169855,0.688804034664254,0.0029589266086169855,3,True,False
log_loss,P_Iplus,audit,A,SEX,360,expanded_catchup,development_evaluation_person_weighted,3,3,True,0.6912157241474992,0.0011720872942318022,0.6912157241474992,0.0011720872942318022,3,True,False
log_loss,P_Iplus,audit,A,RAC1P,120,standard_independent,validation,3,3,True,1.2713412079300743,0.004100863189449678,1.2713412079300743,0.004100863189449678,3,True,False
log_loss,P_Iplus,audit,A,RAC1P,120,standard_independent,development_evaluation,3,3,True,1.2759046694474752,0.025739442522806005,1.2759046694474752,0.025739442522806005,3,True,False
log_loss,P_Iplus,audit,A,RAC1P,120,standard_independent,validation_person_weighted,3,3,True,1.271780997857404,0.004109558975177928,1.271780997857404,0.004109558975177928,3,True,False
log_loss,P_Iplus,audit,A,RAC1P,120,standard_independent,development_evaluation_person_weighted,3,3,True,1.2723137565602833,0.04029087158017718,1.2723137565602833,0.04029087158017718,3,True,False
log_loss,P_Iplus,audit,A,RAC1P,120,expanded_independent,validation,3,3,True,1.2713412079300743,0.004100863189449678,1.2713412079300743,0.004100863189449678,3,True,False
log_loss,P_Iplus,audit,A,RAC1P,120,expanded_independent,development_evaluation,3,3,True,1.2759046694474752,0.025739442522806005,1.2759046694474752,0.025739442522806005,3,True,False
log_loss,P_Iplus,audit,A,RAC1P,120,expanded_independent,validation_person_weighted,3,3,True,1.271780997857404,0.004109558975177928,1.271780997857404,0.004109558975177928,3,True,False
log_loss,P_Iplus,audit,A,RAC1P,120,expanded_independent,development_evaluation_person_weighted,3,3,True,1.2723137565602833,0.04029087158017718,1.2723137565602833,0.04029087158017718,3,True,False
log_loss,P_Iplus,audit,A,RAC1P,120,expanded_catchup,validation,3,3,True,1.2670141676989455,0.006830888682906909,1.2670141676989455,0.006830888682906909,3,True,False
log_loss,P_Iplus,audit,A,RAC1P,120,expanded_catchup,development_evaluation,3,3,True,1.2738812184621098,0.024181609629241266,1.2738812184621098,0.024181609629241266,3,True,False
log_loss,P_Iplus,audit,A,RAC1P,120,expanded_catchup,validation_person_weighted,3,3,True,1.2688475513823096,0.0012613851783190846,1.2688475513823096,0.0012613851783190846,3,True,False
log_loss,P_Iplus,audit,A,RAC1P,120,expanded_catchup,development_evaluation_person_weighted,3,3,True,1.2712082257280382,0.04148832664339362,1.2712082257280382,0.04148832664339362,3,True,False
log_loss,P_Iplus,audit,A,RAC1P,360,standard_independent,validation,3,3,True,1.2712912110655628,0.004183654084693679,1.2712912110655628,0.004183654084693679,3,True,False
log_loss,P_Iplus,audit,A,RAC1P,360,standard_independent,development_evaluation,3,3,True,1.2760509837275884,0.025727803130228245,1.2760509837275884,0.025727803130228245,3,True,False
log_loss,P_Iplus,audit,A,RAC1P,360,standard_independent,validation_person_weighted,3,3,True,1.2719015886436775,0.004263237777509477,1.2719015886436775,0.004263237777509477,3,True,False
log_loss,P_Iplus,audit,A,RAC1P,360,standard_independent,development_evaluation_person_weighted,3,3,True,1.2725615614860126,0.0400513525535121,1.2725615614860126,0.0400513525535121,3,True,False
log_loss,P_Iplus,audit,A,RAC1P,360,expanded_independent,validation,3,3,True,1.2712912110655628,0.004183654084693679,1.2712912110655628,0.004183654084693679,3,True,False
log_loss,P_Iplus,audit,A,RAC1P,360,expanded_independent,development_evaluation,3,3,True,1.2760509837275884,0.025727803130228245,1.2760509837275884,0.025727803130228245,3,True,False
log_loss,P_Iplus,audit,A,RAC1P,360,expanded_independent,validation_person_weighted,3,3,True,1.2719015886436775,0.004263237777509477,1.2719015886436775,0.004263237777509477,3,True,False
log_loss,P_Iplus,audit,A,RAC1P,360,expanded_independent,development_evaluation_person_weighted,3,3,True,1.2725615614860126,0.0400513525535121,1.2725615614860126,0.0400513525535121,3,True,False
log_loss,P_Iplus,audit,A,RAC1P,360,expanded_catchup,validation,3,3,True,1.2670141676989455,0.006830888682906909,1.2670141676989455,0.006830888682906909,3,True,False
log_loss,P_Iplus,audit,A,RAC1P,360,expanded_catchup,development_evaluation,3,3,True,1.2738812184621098,0.024181609629241266,1.2738812184621098,0.024181609629241266,3,True,False
log_loss,P_Iplus,audit,A,RAC1P,360,expanded_catchup,validation_person_weighted,3,3,True,1.2688475513823096,0.0012613851783190846,1.2688475513823096,0.0012613851783190846,3,True,False
log_loss,P_Iplus,audit,A,RAC1P,360,expanded_catchup,development_evaluation_person_weighted,3,3,True,1.2712082257280382,0.04148832664339362,1.2712082257280382,0.04148832664339362,3,True,False
log_loss,P_Iplus,audit,B,income_binary,120,standard_independent,validation,3,3,True,0.40040473358628487,0.009766051165025238,0.40040473358628487,0.009766051165025238,3,True,False
log_loss,P_Iplus,audit,B,income_binary,120,standard_independent,development_evaluation,3,3,True,0.4057655897868858,0.012547656009767639,0.4057655897868858,0.012547656009767639,3,True,False
log_loss,P_Iplus,audit,B,income_binary,120,standard_independent,validation_person_weighted,3,3,True,0.4028247081525516,0.0040927707073652045,0.4028247081525516,0.0040927707073652045,3,True,False
log_loss,P_Iplus,audit,B,income_binary,120,standard_independent,development_evaluation_person_weighted,3,3,True,0.4106192834905432,0.011416889354391155,0.4106192834905432,0.011416889354391155,3,True,False
log_loss,P_Iplus,audit,B,income_binary,120,expanded_independent,validation,3,3,True,0.40040473358628487,0.009766051165025238,0.40040473358628487,0.009766051165025238,3,True,False
log_loss,P_Iplus,audit,B,income_binary,120,expanded_independent,development_evaluation,3,3,True,0.4057655897868858,0.012547656009767639,0.4057655897868858,0.012547656009767639,3,True,False
log_loss,P_Iplus,audit,B,income_binary,120,expanded_independent,validation_person_weighted,3,3,True,0.4028247081525516,0.0040927707073652045,0.4028247081525516,0.0040927707073652045,3,True,False
log_loss,P_Iplus,audit,B,income_binary,120,expanded_independent,development_evaluation_person_weighted,3,3,True,0.4106192834905432,0.011416889354391155,0.4106192834905432,0.011416889354391155,3,True,False
log_loss,P_Iplus,audit,B,income_binary,120,expanded_catchup,validation,3,3,True,0.4003640715195483,0.00980871182421723,0.4003640715195483,0.00980871182421723,3,True,False
log_loss,P_Iplus,audit,B,income_binary,120,expanded_catchup,development_evaluation,3,3,True,0.4057116160430565,0.012614677873899728,0.4057116160430565,0.012614677873899728,3,True,False
log_loss,P_Iplus,audit,B,income_binary,120,expanded_catchup,validation_person_weighted,3,3,True,0.4029932864977922,0.004077072748004477,0.4029932864977922,0.004077072748004477,3,True,False
log_loss,P_Iplus,audit,B,income_binary,120,expanded_catchup,development_evaluation_person_weighted,3,3,True,0.41077675502901584,0.011200734277515929,0.41077675502901584,0.011200734277515929,3,True,False
log_loss,P_Iplus,audit,B,income_binary,360,standard_independent,validation,3,3,True,0.4003820860714373,0.00978977225830109,0.4003820860714373,0.00978977225830109,3,True,False
log_loss,P_Iplus,audit,B,income_binary,360,standard_independent,development_evaluation,3,3,True,0.40577218133001564,0.01253949417508313,0.40577218133001564,0.01253949417508313,3,True,False
log_loss,P_Iplus,audit,B,income_binary,360,standard_independent,validation_person_weighted,3,3,True,0.40303690843348333,0.0040764084140624485,0.40303690843348333,0.0040764084140624485,3,True,False
log_loss,P_Iplus,audit,B,income_binary,360,standard_independent,development_evaluation_person_weighted,3,3,True,0.4107452396264956,0.01124379728706257,0.4107452396264956,0.01124379728706257,3,True,False
log_loss,P_Iplus,audit,B,income_binary,360,expanded_independent,validation,3,3,True,0.4003820860714373,0.00978977225830109,0.4003820860714373,0.00978977225830109,3,True,False
log_loss,P_Iplus,audit,B,income_binary,360,expanded_independent,development_evaluation,3,3,True,0.40577218133001564,0.01253949417508313,0.40577218133001564,0.01253949417508313,3,True,False
log_loss,P_Iplus,audit,B,income_binary,360,expanded_independent,validation_person_weighted,3,3,True,0.40303690843348333,0.0040764084140624485,0.40303690843348333,0.0040764084140624485,3,True,False
log_loss,P_Iplus,audit,B,income_binary,360,expanded_independent,development_evaluation_person_weighted,3,3,True,0.4107452396264956,0.01124379728706257,0.4107452396264956,0.01124379728706257,3,True,False
log_loss,P_Iplus,audit,B,income_binary,360,expanded_catchup,validation,3,3,True,0.4003475468110407,0.009826140072049917,0.4003475468110407,0.009826140072049917,3,True,False
log_loss,P_Iplus,audit,B,income_binary,360,expanded_catchup,development_evaluation,3,3,True,0.40575662643012644,0.012558762832977341,0.40575662643012644,0.012558762832977341,3,True,False
log_loss,P_Iplus,audit,B,income_binary,360,expanded_catchup,validation_person_weighted,3,3,True,0.4030026043862508,0.004076813246324585,0.4030026043862508,0.004076813246324585,3,True,False
log_loss,P_Iplus,audit,B,income_binary,360,expanded_catchup,development_evaluation_person_weighted,3,3,True,0.41088781054997126,0.0110497984442527,0.41088781054997126,0.0110497984442527,3,True,False
log_loss,P_Iplus,audit,B,civilian_at_work,120,standard_independent,validation,3,3,True,0.5729538350788285,0.014590463676776255,0.5729538350788285,0.014590463676776255,3,True,False
log_loss,P_Iplus,audit,B,civilian_at_work,120,standard_independent,development_evaluation,3,3,True,0.5694598074236068,0.014953531979792635,0.5694598074236068,0.014953531979792635,3,True,False
log_loss,P_Iplus,audit,B,civilian_at_work,120,standard_independent,validation_person_weighted,3,3,True,0.5548001926039824,0.025103949534679478,0.5548001926039824,0.025103949534679478,3,True,False
log_loss,P_Iplus,audit,B,civilian_at_work,120,standard_independent,development_evaluation_person_weighted,3,3,True,0.5505661734015657,0.019166415854360644,0.5505661734015657,0.019166415854360644,3,True,False
log_loss,P_Iplus,audit,B,civilian_at_work,120,expanded_independent,validation,3,3,True,0.5729538350788285,0.014590463676776255,0.5729538350788285,0.014590463676776255,3,True,False
log_loss,P_Iplus,audit,B,civilian_at_work,120,expanded_independent,development_evaluation,3,3,True,0.5694598074236068,0.014953531979792635,0.5694598074236068,0.014953531979792635,3,True,False
log_loss,P_Iplus,audit,B,civilian_at_work,120,expanded_independent,validation_person_weighted,3,3,True,0.5548001926039824,0.025103949534679478,0.5548001926039824,0.025103949534679478,3,True,False
log_loss,P_Iplus,audit,B,civilian_at_work,120,expanded_independent,development_evaluation_person_weighted,3,3,True,0.5505661734015657,0.019166415854360644,0.5505661734015657,0.019166415854360644,3,True,False
log_loss,P_Iplus,audit,B,civilian_at_work,120,expanded_catchup,validation,3,3,True,0.5728202559196514,0.014782463261039143,0.5728202559196514,0.014782463261039143,3,True,False
log_loss,P_Iplus,audit,B,civilian_at_work,120,expanded_catchup,development_evaluation,3,3,True,0.5695776008787853,0.014813241732520207,0.5695776008787853,0.014813241732520207,3,True,False
log_loss,P_Iplus,audit,B,civilian_at_work,120,expanded_catchup,validation_person_weighted,3,3,True,0.5545747665190995,0.025466091994884102,0.5545747665190995,0.025466091994884102,3,True,False
log_loss,P_Iplus,audit,B,civilian_at_work,120,expanded_catchup,development_evaluation_person_weighted,3,3,True,0.5505840276799456,0.01914934532437684,0.5505840276799456,0.01914934532437684,3,True,False
log_loss,P_Iplus,audit,B,civilian_at_work,360,standard_independent,validation,3,3,True,0.5729538350788285,0.014590463676776255,0.5729538350788285,0.014590463676776255,3,True,False
log_loss,P_Iplus,audit,B,civilian_at_work,360,standard_independent,development_evaluation,3,3,True,0.5694598074236068,0.014953531979792635,0.5694598074236068,0.014953531979792635,3,True,False
log_loss,P_Iplus,audit,B,civilian_at_work,360,standard_independent,validation_person_weighted,3,3,True,0.5548001926039824,0.025103949534679478,0.5548001926039824,0.025103949534679478,3,True,False
log_loss,P_Iplus,audit,B,civilian_at_work,360,standard_independent,development_evaluation_person_weighted,3,3,True,0.5505661734015657,0.019166415854360644,0.5505661734015657,0.019166415854360644,3,True,False
log_loss,P_Iplus,audit,B,civilian_at_work,360,expanded_independent,validation,3,3,True,0.5729538350788285,0.014590463676776255,0.5729538350788285,0.014590463676776255,3,True,False
log_loss,P_Iplus,audit,B,civilian_at_work,360,expanded_independent,development_evaluation,3,3,True,0.5694598074236068,0.014953531979792635,0.5694598074236068,0.014953531979792635,3,True,False
log_loss,P_Iplus,audit,B,civilian_at_work,360,expanded_independent,validation_person_weighted,3,3,True,0.5548001926039824,0.025103949534679478,0.5548001926039824,0.025103949534679478,3,True,False
log_loss,P_Iplus,audit,B,civilian_at_work,360,expanded_independent,development_evaluation_person_weighted,3,3,True,0.5505661734015657,0.019166415854360644,0.5505661734015657,0.019166415854360644,3,True,False
log_loss,P_Iplus,audit,B,civilian_at_work,360,expanded_catchup,validation,3,3,True,0.5728202559196514,0.014782463261039143,0.5728202559196514,0.014782463261039143,3,True,False
log_loss,P_Iplus,audit,B,civilian_at_work,360,expanded_catchup,development_evaluation,3,3,True,0.5695776008787853,0.014813241732520207,0.5695776008787853,0.014813241732520207,3,True,False
log_loss,P_Iplus,audit,B,civilian_at_work,360,expanded_catchup,validation_person_weighted,3,3,True,0.5545747665190995,0.025466091994884102,0.5545747665190995,0.025466091994884102,3,True,False
log_loss,P_Iplus,audit,B,civilian_at_work,360,expanded_catchup,development_evaluation_person_weighted,3,3,True,0.5505840276799456,0.01914934532437684,0.5505840276799456,0.01914934532437684,3,True,False
log_loss,P_Iplus,audit,B,same_residence,120,standard_independent,validation,3,3,True,0.5348467498223172,0.009987389578793573,0.5348467498223172,0.009987389578793573,3,True,False
log_loss,P_Iplus,audit,B,same_residence,120,standard_independent,development_evaluation,3,3,True,0.5285495087940665,0.007063376513381291,0.5285495087940665,0.007063376513381291,3,True,False
log_loss,P_Iplus,audit,B,same_residence,120,standard_independent,validation_person_weighted,3,3,True,0.5106600332016991,0.00706467068051886,0.5106600332016991,0.00706467068051886,3,True,False
log_loss,P_Iplus,audit,B,same_residence,120,standard_independent,development_evaluation_person_weighted,3,3,True,0.5014432226845538,0.004387224387215374,0.5014432226845538,0.004387224387215374,3,True,False
log_loss,P_Iplus,audit,B,same_residence,120,expanded_independent,validation,3,3,True,0.5348467498223172,0.009987389578793573,0.5348467498223172,0.009987389578793573,3,True,False
log_loss,P_Iplus,audit,B,same_residence,120,expanded_independent,development_evaluation,3,3,True,0.5285495087940665,0.007063376513381291,0.5285495087940665,0.007063376513381291,3,True,False
log_loss,P_Iplus,audit,B,same_residence,120,expanded_independent,validation_person_weighted,3,3,True,0.5106600332016991,0.00706467068051886,0.5106600332016991,0.00706467068051886,3,True,False
log_loss,P_Iplus,audit,B,same_residence,120,expanded_independent,development_evaluation_person_weighted,3,3,True,0.5014432226845538,0.004387224387215374,0.5014432226845538,0.004387224387215374,3,True,False
log_loss,P_Iplus,audit,B,same_residence,120,expanded_catchup,validation,3,3,True,0.5348467498223172,0.009987389578793573,0.5348467498223172,0.009987389578793573,3,True,False
log_loss,P_Iplus,audit,B,same_residence,120,expanded_catchup,development_evaluation,3,3,True,0.5285495087940665,0.007063376513381291,0.5285495087940665,0.007063376513381291,3,True,False
log_loss,P_Iplus,audit,B,same_residence,120,expanded_catchup,validation_person_weighted,3,3,True,0.5106600332016991,0.00706467068051886,0.5106600332016991,0.00706467068051886,3,True,False
log_loss,P_Iplus,audit,B,same_residence,120,expanded_catchup,development_evaluation_person_weighted,3,3,True,0.5014432226845538,0.004387224387215374,0.5014432226845538,0.004387224387215374,3,True,False
log_loss,P_Iplus,audit,B,same_residence,360,standard_independent,validation,3,3,True,0.5348121353756273,0.009983065738100289,0.5348121353756273,0.009983065738100289,3,True,False
log_loss,P_Iplus,audit,B,same_residence,360,standard_independent,development_evaluation,3,3,True,0.5285390208170847,0.007059007126035521,0.5285390208170847,0.007059007126035521,3,True,False
log_loss,P_Iplus,audit,B,same_residence,360,standard_independent,validation_person_weighted,3,3,True,0.5107075749412399,0.007032036208621915,0.5107075749412399,0.007032036208621915,3,True,False
log_loss,P_Iplus,audit,B,same_residence,360,standard_independent,development_evaluation_person_weighted,3,3,True,0.5014788255165569,0.0043293599610358625,0.5014788255165569,0.0043293599610358625,3,True,False
log_loss,P_Iplus,audit,B,same_residence,360,expanded_independent,validation,3,3,True,0.5348121353756273,0.009983065738100289,0.5348121353756273,0.009983065738100289,3,True,False
log_loss,P_Iplus,audit,B,same_residence,360,expanded_independent,development_evaluation,3,3,True,0.5285390208170847,0.007059007126035521,0.5285390208170847,0.007059007126035521,3,True,False
log_loss,P_Iplus,audit,B,same_residence,360,expanded_independent,validation_person_weighted,3,3,True,0.5107075749412399,0.007032036208621915,0.5107075749412399,0.007032036208621915,3,True,False
log_loss,P_Iplus,audit,B,same_residence,360,expanded_independent,development_evaluation_person_weighted,3,3,True,0.5014788255165569,0.0043293599610358625,0.5014788255165569,0.0043293599610358625,3,True,False
log_loss,P_Iplus,audit,B,same_residence,360,expanded_catchup,validation,3,3,True,0.5348121353756273,0.009983065738100289,0.5348121353756273,0.009983065738100289,3,True,False
log_loss,P_Iplus,audit,B,same_residence,360,expanded_catchup,development_evaluation,3,3,True,0.5285390208170847,0.007059007126035521,0.5285390208170847,0.007059007126035521,3,True,False
log_loss,P_Iplus,audit,B,same_residence,360,expanded_catchup,validation_person_weighted,3,3,True,0.5107075749412399,0.007032036208621915,0.5107075749412399,0.007032036208621915,3,True,False
log_loss,P_Iplus,audit,B,same_residence,360,expanded_catchup,development_evaluation_person_weighted,3,3,True,0.5014788255165569,0.0043293599610358625,0.5014788255165569,0.0043293599610358625,3,True,False
log_loss,P_Iplus,audit,B,SEX,120,standard_independent,validation,3,3,True,0.6915383191667807,0.00023360999960102583,0.6915383191667807,0.00023360999960102583,3,True,False
log_loss,P_Iplus,audit,B,SEX,120,standard_independent,development_evaluation,3,3,True,0.6932835626578406,0.0006372216385819312,0.6932835626578406,0.0006372216385819312,3,True,False
log_loss,P_Iplus,audit,B,SEX,120,standard_independent,validation_person_weighted,3,3,True,0.6915281697902711,0.0003174551530701916,0.6915281697902711,0.0003174551530701916,3,True,False
log_loss,P_Iplus,audit,B,SEX,120,standard_independent,development_evaluation_person_weighted,3,3,True,0.6925362733607522,0.0008715044581418227,0.6925362733607522,0.0008715044581418227,3,True,False
log_loss,P_Iplus,audit,B,SEX,120,expanded_independent,validation,3,3,True,0.6915383191667807,0.00023360999960102583,0.6915383191667807,0.00023360999960102583,3,True,False
log_loss,P_Iplus,audit,B,SEX,120,expanded_independent,development_evaluation,3,3,True,0.6932835626578406,0.0006372216385819312,0.6932835626578406,0.0006372216385819312,3,True,False
log_loss,P_Iplus,audit,B,SEX,120,expanded_independent,validation_person_weighted,3,3,True,0.6915281697902711,0.0003174551530701916,0.6915281697902711,0.0003174551530701916,3,True,False
log_loss,P_Iplus,audit,B,SEX,120,expanded_independent,development_evaluation_person_weighted,3,3,True,0.6925362733607522,0.0008715044581418227,0.6925362733607522,0.0008715044581418227,3,True,False
log_loss,P_Iplus,audit,B,SEX,120,expanded_catchup,validation,3,3,True,0.691412195222654,1.5157193045796905e-05,0.691412195222654,1.5157193045796905e-05,3,True,False
log_loss,P_Iplus,audit,B,SEX,120,expanded_catchup,development_evaluation,3,3,True,0.6930231502239806,0.00048718508479587454,0.6930231502239806,0.00048718508479587454,3,True,False
log_loss,P_Iplus,audit,B,SEX,120,expanded_catchup,validation_person_weighted,3,3,True,0.6914691423623194,0.00040581311083775107,0.6914691423623194,0.00040581311083775107,3,True,False
log_loss,P_Iplus,audit,B,SEX,120,expanded_catchup,development_evaluation_person_weighted,3,3,True,0.6924328916499057,0.0006983615749020799,0.6924328916499057,0.0006983615749020799,3,True,False
log_loss,P_Iplus,audit,B,SEX,360,standard_independent,validation,3,3,True,0.6915200670587861,0.0002509251805454346,0.6915200670587861,0.0002509251805454346,3,True,False
log_loss,P_Iplus,audit,B,SEX,360,standard_independent,development_evaluation,3,3,True,0.6933259010391363,0.0005652350564976076,0.6933259010391363,0.0005652350564976076,3,True,False
log_loss,P_Iplus,audit,B,SEX,360,standard_independent,validation_person_weighted,3,3,True,0.6914854586359285,0.00025265305485305025,0.6914854586359285,0.00025265305485305025,3,True,False
log_loss,P_Iplus,audit,B,SEX,360,standard_independent,development_evaluation_person_weighted,3,3,True,0.6925805466713616,0.0008209274939270868,0.6925805466713616,0.0008209274939270868,3,True,False
log_loss,P_Iplus,audit,B,SEX,360,expanded_independent,validation,3,3,True,0.6915200670587861,0.0002509251805454346,0.6915200670587861,0.0002509251805454346,3,True,False
log_loss,P_Iplus,audit,B,SEX,360,expanded_independent,development_evaluation,3,3,True,0.6933259010391363,0.0005652350564976076,0.6933259010391363,0.0005652350564976076,3,True,False
log_loss,P_Iplus,audit,B,SEX,360,expanded_independent,validation_person_weighted,3,3,True,0.6914854586359285,0.00025265305485305025,0.6914854586359285,0.00025265305485305025,3,True,False
log_loss,P_Iplus,audit,B,SEX,360,expanded_independent,development_evaluation_person_weighted,3,3,True,0.6925805466713616,0.0008209274939270868,0.6925805466713616,0.0008209274939270868,3,True,False
log_loss,P_Iplus,audit,B,SEX,360,expanded_catchup,validation,3,3,True,0.6913909556095535,4.0672458363587076e-05,0.6913909556095535,4.0672458363587076e-05,3,True,False
log_loss,P_Iplus,audit,B,SEX,360,expanded_catchup,development_evaluation,3,3,True,0.6928170882114715,0.00014845660089190442,0.6928170882114715,0.00014845660089190442,3,True,False
log_loss,P_Iplus,audit,B,SEX,360,expanded_catchup,validation_person_weighted,3,3,True,0.6912206398747825,0.0004499225239493551,0.6912206398747825,0.0004499225239493551,3,True,False
log_loss,P_Iplus,audit,B,SEX,360,expanded_catchup,development_evaluation_person_weighted,3,3,True,0.6924032389128726,0.0006954672999357794,0.6924032389128726,0.0006954672999357794,3,True,False
log_loss,P_Iplus,audit,B,RAC1P,120,standard_independent,validation,3,3,True,1.268871583060344,0.005048000318241807,1.268871583060344,0.005048000318241807,3,True,False
log_loss,P_Iplus,audit,B,RAC1P,120,standard_independent,development_evaluation,3,3,True,1.271758511620194,0.02432022809260259,1.271758511620194,0.02432022809260259,3,True,False
log_loss,P_Iplus,audit,B,RAC1P,120,standard_independent,validation_person_weighted,3,3,True,1.272009817925965,0.0015007894011887693,1.272009817925965,0.0015007894011887693,3,True,False
log_loss,P_Iplus,audit,B,RAC1P,120,standard_independent,development_evaluation_person_weighted,3,3,True,1.2690517367710954,0.040582121498011714,1.2690517367710954,0.040582121498011714,3,True,False
log_loss,P_Iplus,audit,B,RAC1P,120,expanded_independent,validation,3,3,True,1.268871583060344,0.005048000318241807,1.268871583060344,0.005048000318241807,3,True,False
log_loss,P_Iplus,audit,B,RAC1P,120,expanded_independent,development_evaluation,3,3,True,1.271758511620194,0.02432022809260259,1.271758511620194,0.02432022809260259,3,True,False
log_loss,P_Iplus,audit,B,RAC1P,120,expanded_independent,validation_person_weighted,3,3,True,1.272009817925965,0.0015007894011887693,1.272009817925965,0.0015007894011887693,3,True,False
log_loss,P_Iplus,audit,B,RAC1P,120,expanded_independent,development_evaluation_person_weighted,3,3,True,1.2690517367710954,0.040582121498011714,1.2690517367710954,0.040582121498011714,3,True,False
log_loss,P_Iplus,audit,B,RAC1P,120,expanded_catchup,validation,3,3,True,1.2667074701239722,0.00361284639998527,1.2667074701239722,0.00361284639998527,3,True,False
log_loss,P_Iplus,audit,B,RAC1P,120,expanded_catchup,development_evaluation,3,3,True,1.2711472221249198,0.02411911621478825,1.2711472221249198,0.02411911621478825,3,True,False
log_loss,P_Iplus,audit,B,RAC1P,120,expanded_catchup,validation_person_weighted,3,3,True,1.2691742032396571,0.0006897601787628857,1.2691742032396571,0.0006897601787628857,3,True,False
log_loss,P_Iplus,audit,B,RAC1P,120,expanded_catchup,development_evaluation_person_weighted,3,3,True,1.2688163193346251,0.04131932061477246,1.2688163193346251,0.04131932061477246,3,True,False
log_loss,P_Iplus,audit,B,RAC1P,360,standard_independent,validation,3,3,True,1.2685726351246085,0.005407298570551458,1.2685726351246085,0.005407298570551458,3,True,False
log_loss,P_Iplus,audit,B,RAC1P,360,standard_independent,development_evaluation,3,3,True,1.2718730463543002,0.024314269044573466,1.2718730463543002,0.024314269044573466,3,True,False
log_loss,P_Iplus,audit,B,RAC1P,360,standard_independent,validation_person_weighted,3,3,True,1.2720845522678554,0.0014494237431786916,1.2720845522678554,0.0014494237431786916,3,True,False
log_loss,P_Iplus,audit,B,RAC1P,360,standard_independent,development_evaluation_person_weighted,3,3,True,1.269198515177866,0.0404281465794514,1.269198515177866,0.0404281465794514,3,True,False
log_loss,P_Iplus,audit,B,RAC1P,360,expanded_independent,validation,3,3,True,1.2685726351246085,0.005407298570551458,1.2685726351246085,0.005407298570551458,3,True,False
log_loss,P_Iplus,audit,B,RAC1P,360,expanded_independent,development_evaluation,3,3,True,1.2718730463543002,0.024314269044573466,1.2718730463543002,0.024314269044573466,3,True,False
log_loss,P_Iplus,audit,B,RAC1P,360,expanded_independent,validation_person_weighted,3,3,True,1.2720845522678554,0.0014494237431786916,1.2720845522678554,0.0014494237431786916,3,True,False
log_loss,P_Iplus,audit,B,RAC1P,360,expanded_independent,development_evaluation_person_weighted,3,3,True,1.269198515177866,0.0404281465794514,1.269198515177866,0.0404281465794514,3,True,False
log_loss,P_Iplus,audit,B,RAC1P,360,expanded_catchup,validation,3,3,True,1.2667074701239722,0.00361284639998527,1.2667074701239722,0.00361284639998527,3,True,False
log_loss,P_Iplus,audit,B,RAC1P,360,expanded_catchup,development_evaluation,3,3,True,1.2711472221249198,0.02411911621478825,1.2711472221249198,0.02411911621478825,3,True,False
log_loss,P_Iplus,audit,B,RAC1P,360,expanded_catchup,validation_person_weighted,3,3,True,1.2691742032396571,0.0006897601787628857,1.2691742032396571,0.0006897601787628857,3,True,False
log_loss,P_Iplus,audit,B,RAC1P,360,expanded_catchup,development_evaluation_person_weighted,3,3,True,1.2688163193346251,0.04131932061477246,1.2688163193346251,0.04131932061477246,3,True,False
log_loss,P_Iplus,audit,AB,SEX,120,standard_independent,validation,3,3,True,0.6880986229646624,0.0018726227007528704,0.6880986229646624,0.0018726227007528704,3,True,False
log_loss,P_Iplus,audit,AB,SEX,120,standard_independent,development_evaluation,3,3,True,0.6914279242452455,0.0019745169868590367,0.6914279242452455,0.0019745169868590367,3,True,False
log_loss,P_Iplus,audit,AB,SEX,120,standard_independent,validation_person_weighted,3,3,True,0.6874877691695315,0.0035622272047818246,0.6874877691695315,0.0035622272047818246,3,True,False
log_loss,P_Iplus,audit,AB,SEX,120,standard_independent,development_evaluation_person_weighted,3,3,True,0.6920687791659225,0.0030275069187844046,0.6920687791659225,0.0030275069187844046,3,True,False
log_loss,P_Iplus,audit,AB,SEX,120,expanded_independent,validation,3,3,True,0.6880986229646624,0.0018726227007528704,0.6880986229646624,0.0018726227007528704,3,True,False
log_loss,P_Iplus,audit,AB,SEX,120,expanded_independent,development_evaluation,3,3,True,0.6914279242452455,0.0019745169868590367,0.6914279242452455,0.0019745169868590367,3,True,False
log_loss,P_Iplus,audit,AB,SEX,120,expanded_independent,validation_person_weighted,3,3,True,0.6874877691695315,0.0035622272047818246,0.6874877691695315,0.0035622272047818246,3,True,False
log_loss,P_Iplus,audit,AB,SEX,120,expanded_independent,development_evaluation_person_weighted,3,3,True,0.6920687791659225,0.0030275069187844046,0.6920687791659225,0.0030275069187844046,3,True,False
log_loss,P_Iplus,audit,AB,SEX,120,expanded_catchup,validation,3,3,True,0.6870086398406168,0.0014311881163392509,0.6870086398406168,0.0014311881163392509,3,True,False
log_loss,P_Iplus,audit,AB,SEX,120,expanded_catchup,development_evaluation,3,3,True,0.6893168324005305,0.0020058287523663574,0.6893168324005305,0.0020058287523663574,3,True,False
log_loss,P_Iplus,audit,AB,SEX,120,expanded_catchup,validation_person_weighted,3,3,True,0.6860457801006042,0.002945361125702927,0.6860457801006042,0.002945361125702927,3,True,False
log_loss,P_Iplus,audit,AB,SEX,120,expanded_catchup,development_evaluation_person_weighted,3,3,True,0.6903478143614826,0.005027892555500723,0.6903478143614826,0.005027892555500723,3,True,False
log_loss,P_Iplus,audit,AB,SEX,360,standard_independent,validation,3,3,True,0.6880986229646624,0.0018726227007528704,0.6880986229646624,0.0018726227007528704,3,True,False
log_loss,P_Iplus,audit,AB,SEX,360,standard_independent,development_evaluation,3,3,True,0.6914279242452455,0.0019745169868590367,0.6914279242452455,0.0019745169868590367,3,True,False
log_loss,P_Iplus,audit,AB,SEX,360,standard_independent,validation_person_weighted,3,3,True,0.6874877691695315,0.0035622272047818246,0.6874877691695315,0.0035622272047818246,3,True,False
log_loss,P_Iplus,audit,AB,SEX,360,standard_independent,development_evaluation_person_weighted,3,3,True,0.6920687791659225,0.0030275069187844046,0.6920687791659225,0.0030275069187844046,3,True,False
log_loss,P_Iplus,audit,AB,SEX,360,expanded_independent,validation,3,3,True,0.6880986229646624,0.0018726227007528704,0.6880986229646624,0.0018726227007528704,3,True,False
log_loss,P_Iplus,audit,AB,SEX,360,expanded_independent,development_evaluation,3,3,True,0.6914279242452455,0.0019745169868590367,0.6914279242452455,0.0019745169868590367,3,True,False
log_loss,P_Iplus,audit,AB,SEX,360,expanded_independent,validation_person_weighted,3,3,True,0.6874877691695315,0.0035622272047818246,0.6874877691695315,0.0035622272047818246,3,True,False
log_loss,P_Iplus,audit,AB,SEX,360,expanded_independent,development_evaluation_person_weighted,3,3,True,0.6920687791659225,0.0030275069187844046,0.6920687791659225,0.0030275069187844046,3,True,False
log_loss,P_Iplus,audit,AB,SEX,360,expanded_catchup,validation,3,3,True,0.6870086398406168,0.0014311881163392509,0.6870086398406168,0.0014311881163392509,3,True,False
log_loss,P_Iplus,audit,AB,SEX,360,expanded_catchup,development_evaluation,3,3,True,0.6893168324005305,0.0020058287523663574,0.6893168324005305,0.0020058287523663574,3,True,False
log_loss,P_Iplus,audit,AB,SEX,360,expanded_catchup,validation_person_weighted,3,3,True,0.6860457801006042,0.002945361125702927,0.6860457801006042,0.002945361125702927,3,True,False
log_loss,P_Iplus,audit,AB,SEX,360,expanded_catchup,development_evaluation_person_weighted,3,3,True,0.6903478143614826,0.005027892555500723,0.6903478143614826,0.005027892555500723,3,True,False
log_loss,P_Iplus,audit,AB,RAC1P,120,standard_independent,validation,3,3,True,1.2644336881911515,0.002442063265625991,1.2644336881911515,0.002442063265625991,3,True,False
log_loss,P_Iplus,audit,AB,RAC1P,120,standard_independent,development_evaluation,3,3,True,1.270165914760923,0.025415595027612616,1.270165914760923,0.025415595027612616,3,True,False
log_loss,P_Iplus,audit,AB,RAC1P,120,standard_independent,validation_person_weighted,3,3,True,1.2661533361631554,0.0032478910043894052,1.2661533361631554,0.0032478910043894052,3,True,False
log_loss,P_Iplus,audit,AB,RAC1P,120,standard_independent,development_evaluation_person_weighted,3,3,True,1.2673668956238018,0.040181758091056625,1.2673668956238018,0.040181758091056625,3,True,False
log_loss,P_Iplus,audit,AB,RAC1P,120,expanded_independent,validation,3,3,True,1.2644336881911515,0.002442063265625991,1.2644336881911515,0.002442063265625991,3,True,False
log_loss,P_Iplus,audit,AB,RAC1P,120,expanded_independent,development_evaluation,3,3,True,1.270165914760923,0.025415595027612616,1.270165914760923,0.025415595027612616,3,True,False
log_loss,P_Iplus,audit,AB,RAC1P,120,expanded_independent,validation_person_weighted,3,3,True,1.2661533361631554,0.0032478910043894052,1.2661533361631554,0.0032478910043894052,3,True,False
log_loss,P_Iplus,audit,AB,RAC1P,120,expanded_independent,development_evaluation_person_weighted,3,3,True,1.2673668956238018,0.040181758091056625,1.2673668956238018,0.040181758091056625,3,True,False
log_loss,P_Iplus,audit,AB,RAC1P,120,expanded_catchup,validation,3,3,True,1.2585864768503945,0.006781827133165541,1.2585864768503945,0.006781827133165541,3,True,False
log_loss,P_Iplus,audit,AB,RAC1P,120,expanded_catchup,development_evaluation,3,3,True,1.2650349266700318,0.02478847137657642,1.2650349266700318,0.02478847137657642,3,True,False
log_loss,P_Iplus,audit,AB,RAC1P,120,expanded_catchup,validation_person_weighted,3,3,True,1.2605330732304931,0.0030972986182904363,1.2605330732304931,0.0030972986182904363,3,True,False
log_loss,P_Iplus,audit,AB,RAC1P,120,expanded_catchup,development_evaluation_person_weighted,3,3,True,1.2618802110651224,0.041997847472651804,1.2618802110651224,0.041997847472651804,3,True,False
log_loss,P_Iplus,audit,AB,RAC1P,360,standard_independent,validation,3,3,True,1.264351881203916,0.0025224764346158963,1.264351881203916,0.0025224764346158963,3,True,False
log_loss,P_Iplus,audit,AB,RAC1P,360,standard_independent,development_evaluation,3,3,True,1.271094429351877,0.026792337503775215,1.271094429351877,0.026792337503775215,3,True,False
log_loss,P_Iplus,audit,AB,RAC1P,360,standard_independent,validation_person_weighted,3,3,True,1.2658255988475722,0.003704036496262165,1.2658255988475722,0.003704036496262165,3,True,False
log_loss,P_Iplus,audit,AB,RAC1P,360,standard_independent,development_evaluation_person_weighted,3,3,True,1.267812876427271,0.04095364440099948,1.267812876427271,0.04095364440099948,3,True,False
log_loss,P_Iplus,audit,AB,RAC1P,360,expanded_independent,validation,3,3,True,1.264351881203916,0.0025224764346158963,1.264351881203916,0.0025224764346158963,3,True,False
log_loss,P_Iplus,audit,AB,RAC1P,360,expanded_independent,development_evaluation,3,3,True,1.271094429351877,0.026792337503775215,1.271094429351877,0.026792337503775215,3,True,False
log_loss,P_Iplus,audit,AB,RAC1P,360,expanded_independent,validation_person_weighted,3,3,True,1.2658255988475722,0.003704036496262165,1.2658255988475722,0.003704036496262165,3,True,False
log_loss,P_Iplus,audit,AB,RAC1P,360,expanded_independent,development_evaluation_person_weighted,3,3,True,1.267812876427271,0.04095364440099948,1.267812876427271,0.04095364440099948,3,True,False
log_loss,P_Iplus,audit,AB,RAC1P,360,expanded_catchup,validation,3,3,True,1.2585864768503945,0.006781827133165541,1.2585864768503945,0.006781827133165541,3,True,False
log_loss,P_Iplus,audit,AB,RAC1P,360,expanded_catchup,development_evaluation,3,3,True,1.2650349266700318,0.02478847137657642,1.2650349266700318,0.02478847137657642,3,True,False
log_loss,P_Iplus,audit,AB,RAC1P,360,expanded_catchup,validation_person_weighted,3,3,True,1.2605330732304931,0.0030972986182904363,1.2605330732304931,0.0030972986182904363,3,True,False
log_loss,P_Iplus,audit,AB,RAC1P,360,expanded_catchup,development_evaluation_person_weighted,3,3,True,1.2618802110651224,0.041997847472651804,1.2618802110651224,0.041997847472651804,3,True,False
log_loss,P_J,utility,A,same_residence,,utility,validation,3,3,True,0.5371024281558272,0.012125363002141053,0.5371024281558272,0.012125363002141053,3,True,False
log_loss,P_J,utility,A,same_residence,,utility,development_evaluation,3,3,True,0.5310761767234939,0.003332310795249638,0.5310761767234939,0.003332310795249638,3,True,False
log_loss,P_J,utility,A,same_residence,,utility,validation_person_weighted,3,3,True,0.5130839366049804,0.015552123416349534,0.5130839366049804,0.015552123416349534,3,True,False
log_loss,P_J,utility,A,same_residence,,utility,development_evaluation_person_weighted,3,3,True,0.5048406814523991,0.00591013107009795,0.5048406814523991,0.00591013107009795,3,True,False
log_loss,P_J,utility,B,commute_over20,,utility,validation,3,3,True,0.6912162028531668,0.0012435988452743755,0.6912162028531668,0.0012435988452743755,3,True,False
log_loss,P_J,utility,B,commute_over20,,utility,development_evaluation,3,3,True,0.6927363285301201,0.0006462791427994223,0.6927363285301201,0.0006462791427994223,3,True,False
log_loss,P_J,utility,B,commute_over20,,utility,validation_person_weighted,3,3,True,0.6914167148381588,0.0018143728413243993,0.6914167148381588,0.0018143728413243993,3,True,False
log_loss,P_J,utility,B,commute_over20,,utility,development_evaluation_person_weighted,3,3,True,0.6921449927311236,0.0009980633244404287,0.6921449927311236,0.0009980633244404287,3,True,False
log_loss,P_J,utility,A,income_binary,,utility,validation,3,3,True,0.30098988171216995,0.004846658577679123,0.30098988171216995,0.004846658577679123,3,True,False
log_loss,P_J,utility,A,income_binary,,utility,development_evaluation,3,3,True,0.2951924362285721,0.014148190971156188,0.2951924362285721,0.014148190971156188,3,True,False
log_loss,P_J,utility,A,income_binary,,utility,validation_person_weighted,3,3,True,0.2967823504811551,0.015624881180664749,0.2967823504811551,0.015624881180664749,3,True,False
log_loss,P_J,utility,A,income_binary,,utility,development_evaluation_person_weighted,3,3,True,0.3072591994171112,0.014126307187870243,0.3072591994171112,0.014126307187870243,3,True,False
log_loss,P_J,utility,A,civilian_at_work,,utility,validation,3,3,True,0.3054429791071982,0.011829097108032888,0.3054429791071982,0.011829097108032888,3,True,False
log_loss,P_J,utility,A,civilian_at_work,,utility,development_evaluation,3,3,True,0.2875796335188765,0.0036734270772838364,0.2875796335188765,0.0036734270772838364,3,True,False
log_loss,P_J,utility,A,civilian_at_work,,utility,validation_person_weighted,3,3,True,0.3028303326607364,0.009850015595860337,0.3028303326607364,0.009850015595860337,3,True,False
log_loss,P_J,utility,A,civilian_at_work,,utility,development_evaluation_person_weighted,3,3,True,0.2770912120383657,0.009185005693138695,0.2770912120383657,0.009185005693138695,3,True,False
log_loss,P_J,utility,B,public_coverage,,utility,validation,3,3,True,0.4959549518480881,0.0046044471612008055,0.4959549518480881,0.0046044471612008055,3,True,False
log_loss,P_J,utility,B,public_coverage,,utility,development_evaluation,3,3,True,0.5142487376977873,0.008354206086780796,0.5142487376977873,0.008354206086780796,3,True,False
log_loss,P_J,utility,B,public_coverage,,utility,validation_person_weighted,3,3,True,0.5086814488241629,0.008061964627934647,0.5086814488241629,0.008061964627934647,3,True,False
log_loss,P_J,utility,B,public_coverage,,utility,development_evaluation_person_weighted,3,3,True,0.5248969490641598,0.007330819188056206,0.5248969490641598,0.007330819188056206,3,True,False
log_loss,P_J,native,A,income_binary,,native,source_validation,3,3,True,0.305078054748375,0.007878601949374005,0.305078054748375,0.007878601949374005,3,True,False
log_loss,P_J,native,A,income_binary,,native,development_evaluation,3,3,True,0.2991173458005172,0.014386662115071308,0.2991173458005172,0.014386662115071308,3,True,False
log_loss,P_J,native,A,income_binary,,native,source_validation_person_weighted,3,3,True,0.29929541779701,0.006902378040763394,0.29929541779701,0.006902378040763394,3,True,False
log_loss,P_J,native,A,income_binary,,native,development_evaluation_person_weighted,3,3,True,0.3107661314538642,0.016066567380586053,0.3107661314538642,0.016066567380586053,3,True,False
log_loss,P_J,native,A,civilian_at_work,,native,source_validation,3,3,True,0.3209652358110216,0.023178357387712328,0.3209652358110216,0.023178357387712328,3,True,False
log_loss,P_J,native,A,civilian_at_work,,native,development_evaluation,3,3,True,0.3046094272045287,0.006339863132629506,0.3046094272045287,0.006339863132629506,3,True,False
log_loss,P_J,native,A,civilian_at_work,,native,source_validation_person_weighted,3,3,True,0.32298848814264625,0.02131241539666547,0.32298848814264625,0.02131241539666547,3,True,False
log_loss,P_J,native,A,civilian_at_work,,native,development_evaluation_person_weighted,3,3,True,0.29447027352745897,0.01393931131141671,0.29447027352745897,0.01393931131141671,3,True,False
log_loss,P_J,native,B,public_coverage,,native,source_validation,3,3,True,0.5369165833685595,0.009687231760020207,0.5369165833685595,0.009687231760020207,3,True,False
log_loss,P_J,native,B,public_coverage,,native,development_evaluation,3,3,True,0.5602860986519907,0.017339024621965436,0.5602860986519907,0.017339024621965436,3,True,False
log_loss,P_J,native,B,public_coverage,,native,source_validation_person_weighted,3,3,True,0.5442377196658645,0.01960538345074498,0.5442377196658645,0.01960538345074498,3,True,False
log_loss,P_J,native,B,public_coverage,,native,development_evaluation_person_weighted,3,3,True,0.5692940794802517,0.010331441327093056,0.5692940794802517,0.010331441327093056,3,True,False
log_loss,P_J,audit,A,public_coverage,120,standard_independent,validation,3,3,True,0.5050288410814283,0.0113570371922426,0.5050288410814283,0.0113570371922426,3,True,False
log_loss,P_J,audit,A,public_coverage,120,standard_independent,development_evaluation,3,3,True,0.5214453858897306,0.009676900200554842,0.5214453858897306,0.009676900200554842,3,True,False
log_loss,P_J,audit,A,public_coverage,120,standard_independent,validation_person_weighted,3,3,True,0.503852316469159,0.015072339589897352,0.503852316469159,0.015072339589897352,3,True,False
log_loss,P_J,audit,A,public_coverage,120,standard_independent,development_evaluation_person_weighted,3,3,True,0.5231191569429345,0.012215433410854704,0.5231191569429345,0.012215433410854704,3,True,False
log_loss,P_J,audit,A,public_coverage,120,expanded_independent,validation,3,3,True,0.5050288410814283,0.0113570371922426,0.5050288410814283,0.0113570371922426,3,True,False
log_loss,P_J,audit,A,public_coverage,120,expanded_independent,development_evaluation,3,3,True,0.5214453858897306,0.009676900200554842,0.5214453858897306,0.009676900200554842,3,True,False
log_loss,P_J,audit,A,public_coverage,120,expanded_independent,validation_person_weighted,3,3,True,0.503852316469159,0.015072339589897352,0.503852316469159,0.015072339589897352,3,True,False
log_loss,P_J,audit,A,public_coverage,120,expanded_independent,development_evaluation_person_weighted,3,3,True,0.5231191569429345,0.012215433410854704,0.5231191569429345,0.012215433410854704,3,True,False
log_loss,P_J,audit,A,public_coverage,120,expanded_catchup,validation,3,3,True,0.5030623562732797,0.011342088015631685,0.5030623562732797,0.011342088015631685,3,True,False
log_loss,P_J,audit,A,public_coverage,120,expanded_catchup,development_evaluation,3,3,True,0.5201060964243112,0.010748513331860759,0.5201060964243112,0.010748513331860759,3,True,False
log_loss,P_J,audit,A,public_coverage,120,expanded_catchup,validation_person_weighted,3,3,True,0.5030857233715615,0.01602826912545064,0.5030857233715615,0.01602826912545064,3,True,False
log_loss,P_J,audit,A,public_coverage,120,expanded_catchup,development_evaluation_person_weighted,3,3,True,0.5225364319419309,0.012964852522074643,0.5225364319419309,0.012964852522074643,3,True,False
log_loss,P_J,audit,A,public_coverage,360,standard_independent,validation,3,3,True,0.5050230702253015,0.011350066416962935,0.5050230702253015,0.011350066416962935,3,True,False
log_loss,P_J,audit,A,public_coverage,360,standard_independent,development_evaluation,3,3,True,0.5213761648501143,0.009721158274033661,0.5213761648501143,0.009721158274033661,3,True,False
log_loss,P_J,audit,A,public_coverage,360,standard_independent,validation_person_weighted,3,3,True,0.5039054809957171,0.015125381413464485,0.5039054809957171,0.015125381413464485,3,True,False
log_loss,P_J,audit,A,public_coverage,360,standard_independent,development_evaluation_person_weighted,3,3,True,0.5230730383528158,0.012244164028663494,0.5230730383528158,0.012244164028663494,3,True,False
log_loss,P_J,audit,A,public_coverage,360,expanded_independent,validation,3,3,True,0.5050230702253015,0.011350066416962935,0.5050230702253015,0.011350066416962935,3,True,False
log_loss,P_J,audit,A,public_coverage,360,expanded_independent,development_evaluation,3,3,True,0.5213761648501143,0.009721158274033661,0.5213761648501143,0.009721158274033661,3,True,False
log_loss,P_J,audit,A,public_coverage,360,expanded_independent,validation_person_weighted,3,3,True,0.5039054809957171,0.015125381413464485,0.5039054809957171,0.015125381413464485,3,True,False
log_loss,P_J,audit,A,public_coverage,360,expanded_independent,development_evaluation_person_weighted,3,3,True,0.5230730383528158,0.012244164028663494,0.5230730383528158,0.012244164028663494,3,True,False
log_loss,P_J,audit,A,public_coverage,360,expanded_catchup,validation,3,3,True,0.5029798609942273,0.011252733855568695,0.5029798609942273,0.011252733855568695,3,True,False
log_loss,P_J,audit,A,public_coverage,360,expanded_catchup,development_evaluation,3,3,True,0.5200497278499063,0.010787076741374038,0.5200497278499063,0.010787076741374038,3,True,False
log_loss,P_J,audit,A,public_coverage,360,expanded_catchup,validation_person_weighted,3,3,True,0.5029650473516909,0.015911408915635628,0.5029650473516909,0.015911408915635628,3,True,False
log_loss,P_J,audit,A,public_coverage,360,expanded_catchup,development_evaluation_person_weighted,3,3,True,0.522511967784672,0.012984893829512217,0.522511967784672,0.012984893829512217,3,True,False
log_loss,P_J,audit,A,commute_over20,120,standard_independent,validation,3,3,True,0.6832578868433749,0.004621876143521543,0.6832578868433749,0.004621876143521543,3,True,False
log_loss,P_J,audit,A,commute_over20,120,standard_independent,development_evaluation,3,3,True,0.6844842748554952,0.003119852858150282,0.6844842748554952,0.003119852858150282,3,True,False
log_loss,P_J,audit,A,commute_over20,120,standard_independent,validation_person_weighted,3,3,True,0.6876934375383555,0.00678092443499647,0.6876934375383555,0.00678092443499647,3,True,False
log_loss,P_J,audit,A,commute_over20,120,standard_independent,development_evaluation_person_weighted,3,3,True,0.6878011752380254,0.0015891698386148432,0.6878011752380254,0.0015891698386148432,3,True,False
log_loss,P_J,audit,A,commute_over20,120,expanded_independent,validation,3,3,True,0.6832578868433749,0.004621876143521543,0.6832578868433749,0.004621876143521543,3,True,False
log_loss,P_J,audit,A,commute_over20,120,expanded_independent,development_evaluation,3,3,True,0.6844842748554952,0.003119852858150282,0.6844842748554952,0.003119852858150282,3,True,False
log_loss,P_J,audit,A,commute_over20,120,expanded_independent,validation_person_weighted,3,3,True,0.6876934375383555,0.00678092443499647,0.6876934375383555,0.00678092443499647,3,True,False
log_loss,P_J,audit,A,commute_over20,120,expanded_independent,development_evaluation_person_weighted,3,3,True,0.6878011752380254,0.0015891698386148432,0.6878011752380254,0.0015891698386148432,3,True,False
log_loss,P_J,audit,A,commute_over20,120,expanded_catchup,validation,3,3,True,0.6832578868433749,0.004621876143521543,0.6832578868433749,0.004621876143521543,3,True,False
log_loss,P_J,audit,A,commute_over20,120,expanded_catchup,development_evaluation,3,3,True,0.6844842748554952,0.003119852858150282,0.6844842748554952,0.003119852858150282,3,True,False
log_loss,P_J,audit,A,commute_over20,120,expanded_catchup,validation_person_weighted,3,3,True,0.6876934375383555,0.00678092443499647,0.6876934375383555,0.00678092443499647,3,True,False
log_loss,P_J,audit,A,commute_over20,120,expanded_catchup,development_evaluation_person_weighted,3,3,True,0.6878011752380254,0.0015891698386148432,0.6878011752380254,0.0015891698386148432,3,True,False
log_loss,P_J,audit,A,commute_over20,360,standard_independent,validation,3,3,True,0.6832578868433749,0.004621876143521543,0.6832578868433749,0.004621876143521543,3,True,False
log_loss,P_J,audit,A,commute_over20,360,standard_independent,development_evaluation,3,3,True,0.6844842748554952,0.003119852858150282,0.6844842748554952,0.003119852858150282,3,True,False
log_loss,P_J,audit,A,commute_over20,360,standard_independent,validation_person_weighted,3,3,True,0.6876934375383555,0.00678092443499647,0.6876934375383555,0.00678092443499647,3,True,False
log_loss,P_J,audit,A,commute_over20,360,standard_independent,development_evaluation_person_weighted,3,3,True,0.6878011752380254,0.0015891698386148432,0.6878011752380254,0.0015891698386148432,3,True,False
log_loss,P_J,audit,A,commute_over20,360,expanded_independent,validation,3,3,True,0.6832578868433749,0.004621876143521543,0.6832578868433749,0.004621876143521543,3,True,False
log_loss,P_J,audit,A,commute_over20,360,expanded_independent,development_evaluation,3,3,True,0.6844842748554952,0.003119852858150282,0.6844842748554952,0.003119852858150282,3,True,False
log_loss,P_J,audit,A,commute_over20,360,expanded_independent,validation_person_weighted,3,3,True,0.6876934375383555,0.00678092443499647,0.6876934375383555,0.00678092443499647,3,True,False
log_loss,P_J,audit,A,commute_over20,360,expanded_independent,development_evaluation_person_weighted,3,3,True,0.6878011752380254,0.0015891698386148432,0.6878011752380254,0.0015891698386148432,3,True,False
log_loss,P_J,audit,A,commute_over20,360,expanded_catchup,validation,3,3,True,0.6832578868433749,0.004621876143521543,0.6832578868433749,0.004621876143521543,3,True,False
log_loss,P_J,audit,A,commute_over20,360,expanded_catchup,development_evaluation,3,3,True,0.6844842748554952,0.003119852858150282,0.6844842748554952,0.003119852858150282,3,True,False
log_loss,P_J,audit,A,commute_over20,360,expanded_catchup,validation_person_weighted,3,3,True,0.6876934375383555,0.00678092443499647,0.6876934375383555,0.00678092443499647,3,True,False
log_loss,P_J,audit,A,commute_over20,360,expanded_catchup,development_evaluation_person_weighted,3,3,True,0.6878011752380254,0.0015891698386148432,0.6878011752380254,0.0015891698386148432,3,True,False
log_loss,P_J,audit,A,SEX,120,standard_independent,validation,3,3,True,0.690359880420732,0.001482401554460901,0.690359880420732,0.001482401554460901,3,True,False
log_loss,P_J,audit,A,SEX,120,standard_independent,development_evaluation,3,3,True,0.6925240532131409,0.00105866997146289,0.6925240532131409,0.00105866997146289,3,True,False
log_loss,P_J,audit,A,SEX,120,standard_independent,validation_person_weighted,3,3,True,0.689740864925572,0.0020088969093206683,0.689740864925572,0.0020088969093206683,3,True,False
log_loss,P_J,audit,A,SEX,120,standard_independent,development_evaluation_person_weighted,3,3,True,0.6914637188992809,0.0006259919364256564,0.6914637188992809,0.0006259919364256564,3,True,False
log_loss,P_J,audit,A,SEX,120,expanded_independent,validation,3,3,True,0.690359880420732,0.001482401554460901,0.690359880420732,0.001482401554460901,3,True,False
log_loss,P_J,audit,A,SEX,120,expanded_independent,development_evaluation,3,3,True,0.6925240532131409,0.00105866997146289,0.6925240532131409,0.00105866997146289,3,True,False
log_loss,P_J,audit,A,SEX,120,expanded_independent,validation_person_weighted,3,3,True,0.689740864925572,0.0020088969093206683,0.689740864925572,0.0020088969093206683,3,True,False
log_loss,P_J,audit,A,SEX,120,expanded_independent,development_evaluation_person_weighted,3,3,True,0.6914637188992809,0.0006259919364256564,0.6914637188992809,0.0006259919364256564,3,True,False
log_loss,P_J,audit,A,SEX,120,expanded_catchup,validation,3,3,True,0.6898465779106457,0.0019433235166149022,0.6898465779106457,0.0019433235166149022,3,True,False
log_loss,P_J,audit,A,SEX,120,expanded_catchup,development_evaluation,3,3,True,0.6921527517845942,0.0004502783665313495,0.6921527517845942,0.0004502783665313495,3,True,False
log_loss,P_J,audit,A,SEX,120,expanded_catchup,validation_person_weighted,3,3,True,0.6890598411455214,0.002067340162000385,0.6890598411455214,0.002067340162000385,3,True,False
log_loss,P_J,audit,A,SEX,120,expanded_catchup,development_evaluation_person_weighted,3,3,True,0.6913497486352458,0.0007542357783430528,0.6913497486352458,0.0007542357783430528,3,True,False
log_loss,P_J,audit,A,SEX,360,standard_independent,validation,3,3,True,0.6902123218001318,0.0016660321812203042,0.6902123218001318,0.0016660321812203042,3,True,False
log_loss,P_J,audit,A,SEX,360,standard_independent,development_evaluation,3,3,True,0.6927158572796335,0.0008717282047443235,0.6927158572796335,0.0008717282047443235,3,True,False
log_loss,P_J,audit,A,SEX,360,standard_independent,validation_person_weighted,3,3,True,0.6895462197570043,0.002334937031897221,0.6895462197570043,0.002334937031897221,3,True,False
log_loss,P_J,audit,A,SEX,360,standard_independent,development_evaluation_person_weighted,3,3,True,0.691461685453317,0.0006275463948749965,0.691461685453317,0.0006275463948749965,3,True,False
log_loss,P_J,audit,A,SEX,360,expanded_independent,validation,3,3,True,0.6902123218001318,0.0016660321812203042,0.6902123218001318,0.0016660321812203042,3,True,False
log_loss,P_J,audit,A,SEX,360,expanded_independent,development_evaluation,3,3,True,0.6927158572796335,0.0008717282047443235,0.6927158572796335,0.0008717282047443235,3,True,False
log_loss,P_J,audit,A,SEX,360,expanded_independent,validation_person_weighted,3,3,True,0.6895462197570043,0.002334937031897221,0.6895462197570043,0.002334937031897221,3,True,False
log_loss,P_J,audit,A,SEX,360,expanded_independent,development_evaluation_person_weighted,3,3,True,0.691461685453317,0.0006275463948749965,0.691461685453317,0.0006275463948749965,3,True,False
log_loss,P_J,audit,A,SEX,360,expanded_catchup,validation,3,3,True,0.6896990192900455,0.002031607373338978,0.6896990192900455,0.002031607373338978,3,True,False
log_loss,P_J,audit,A,SEX,360,expanded_catchup,development_evaluation,3,3,True,0.6923445558510868,0.00023564790154984993,0.6923445558510868,0.00023564790154984993,3,True,False
log_loss,P_J,audit,A,SEX,360,expanded_catchup,validation_person_weighted,3,3,True,0.6888651959769537,0.002300540269299163,0.6888651959769537,0.002300540269299163,3,True,False
log_loss,P_J,audit,A,SEX,360,expanded_catchup,development_evaluation_person_weighted,3,3,True,0.6913477151892818,0.0007550661729035257,0.6913477151892818,0.0007550661729035257,3,True,False
log_loss,P_J,audit,A,RAC1P,120,standard_independent,validation,3,3,True,1.2710682714182948,0.0036803913300179378,1.2710682714182948,0.0036803913300179378,3,True,False
log_loss,P_J,audit,A,RAC1P,120,standard_independent,development_evaluation,3,3,True,1.2762684242153506,0.02555974336454221,1.2762684242153506,0.02555974336454221,3,True,False
log_loss,P_J,audit,A,RAC1P,120,standard_independent,validation_person_weighted,3,3,True,1.2711592977546826,0.003910142105231848,1.2711592977546826,0.003910142105231848,3,True,False
log_loss,P_J,audit,A,RAC1P,120,standard_independent,development_evaluation_person_weighted,3,3,True,1.272693146990288,0.039555245863708684,1.272693146990288,0.039555245863708684,3,True,False
log_loss,P_J,audit,A,RAC1P,120,expanded_independent,validation,3,3,True,1.2710682714182948,0.0036803913300179378,1.2710682714182948,0.0036803913300179378,3,True,False
log_loss,P_J,audit,A,RAC1P,120,expanded_independent,development_evaluation,3,3,True,1.2762684242153506,0.02555974336454221,1.2762684242153506,0.02555974336454221,3,True,False
log_loss,P_J,audit,A,RAC1P,120,expanded_independent,validation_person_weighted,3,3,True,1.2711592977546826,0.003910142105231848,1.2711592977546826,0.003910142105231848,3,True,False
log_loss,P_J,audit,A,RAC1P,120,expanded_independent,development_evaluation_person_weighted,3,3,True,1.272693146990288,0.039555245863708684,1.272693146990288,0.039555245863708684,3,True,False
log_loss,P_J,audit,A,RAC1P,120,expanded_catchup,validation,3,3,True,1.2666527990925398,0.00638553725567853,1.2666527990925398,0.00638553725567853,3,True,False
log_loss,P_J,audit,A,RAC1P,120,expanded_catchup,development_evaluation,3,3,True,1.2731511262966348,0.023982024884826147,1.2731511262966348,0.023982024884826147,3,True,False
log_loss,P_J,audit,A,RAC1P,120,expanded_catchup,validation_person_weighted,3,3,True,1.2685672216721,0.0015271176174862996,1.2685672216721,0.0015271176174862996,3,True,False
log_loss,P_J,audit,A,RAC1P,120,expanded_catchup,development_evaluation_person_weighted,3,3,True,1.270125151027106,0.041372294460194185,1.270125151027106,0.041372294460194185,3,True,False
log_loss,P_J,audit,A,RAC1P,360,standard_independent,validation,3,3,True,1.2710682714182948,0.0036803913300179378,1.2710682714182948,0.0036803913300179378,3,True,False
log_loss,P_J,audit,A,RAC1P,360,standard_independent,development_evaluation,3,3,True,1.2762684242153506,0.02555974336454221,1.2762684242153506,0.02555974336454221,3,True,False
log_loss,P_J,audit,A,RAC1P,360,standard_independent,validation_person_weighted,3,3,True,1.2711592977546826,0.003910142105231848,1.2711592977546826,0.003910142105231848,3,True,False
log_loss,P_J,audit,A,RAC1P,360,standard_independent,development_evaluation_person_weighted,3,3,True,1.272693146990288,0.039555245863708684,1.272693146990288,0.039555245863708684,3,True,False
log_loss,P_J,audit,A,RAC1P,360,expanded_independent,validation,3,3,True,1.2710682714182948,0.0036803913300179378,1.2710682714182948,0.0036803913300179378,3,True,False
log_loss,P_J,audit,A,RAC1P,360,expanded_independent,development_evaluation,3,3,True,1.2762684242153506,0.02555974336454221,1.2762684242153506,0.02555974336454221,3,True,False
log_loss,P_J,audit,A,RAC1P,360,expanded_independent,validation_person_weighted,3,3,True,1.2711592977546826,0.003910142105231848,1.2711592977546826,0.003910142105231848,3,True,False
log_loss,P_J,audit,A,RAC1P,360,expanded_independent,development_evaluation_person_weighted,3,3,True,1.272693146990288,0.039555245863708684,1.272693146990288,0.039555245863708684,3,True,False
log_loss,P_J,audit,A,RAC1P,360,expanded_catchup,validation,3,3,True,1.2666527990925398,0.00638553725567853,1.2666527990925398,0.00638553725567853,3,True,False
log_loss,P_J,audit,A,RAC1P,360,expanded_catchup,development_evaluation,3,3,True,1.2731511262966348,0.023982024884826147,1.2731511262966348,0.023982024884826147,3,True,False
log_loss,P_J,audit,A,RAC1P,360,expanded_catchup,validation_person_weighted,3,3,True,1.2685672216721,0.0015271176174862996,1.2685672216721,0.0015271176174862996,3,True,False
log_loss,P_J,audit,A,RAC1P,360,expanded_catchup,development_evaluation_person_weighted,3,3,True,1.270125151027106,0.041372294460194185,1.270125151027106,0.041372294460194185,3,True,False
log_loss,P_J,audit,B,income_binary,120,standard_independent,validation,3,3,True,0.39976442020271835,0.009565731721375767,0.39976442020271835,0.009565731721375767,3,True,False
log_loss,P_J,audit,B,income_binary,120,standard_independent,development_evaluation,3,3,True,0.40513553035321553,0.012141997045017386,0.40513553035321553,0.012141997045017386,3,True,False
log_loss,P_J,audit,B,income_binary,120,standard_independent,validation_person_weighted,3,3,True,0.40129548966055645,0.0037971073031622675,0.40129548966055645,0.0037971073031622675,3,True,False
log_loss,P_J,audit,B,income_binary,120,standard_independent,development_evaluation_person_weighted,3,3,True,0.40961884745917776,0.010441237327045348,0.40961884745917776,0.010441237327045348,3,True,False
log_loss,P_J,audit,B,income_binary,120,expanded_independent,validation,3,3,True,0.39976442020271835,0.009565731721375767,0.39976442020271835,0.009565731721375767,3,True,False
log_loss,P_J,audit,B,income_binary,120,expanded_independent,development_evaluation,3,3,True,0.40513553035321553,0.012141997045017386,0.40513553035321553,0.012141997045017386,3,True,False
log_loss,P_J,audit,B,income_binary,120,expanded_independent,validation_person_weighted,3,3,True,0.40129548966055645,0.0037971073031622675,0.40129548966055645,0.0037971073031622675,3,True,False
log_loss,P_J,audit,B,income_binary,120,expanded_independent,development_evaluation_person_weighted,3,3,True,0.40961884745917776,0.010441237327045348,0.40961884745917776,0.010441237327045348,3,True,False
log_loss,P_J,audit,B,income_binary,120,expanded_catchup,validation,3,3,True,0.39976442020271835,0.009565731721375767,0.39976442020271835,0.009565731721375767,3,True,False
log_loss,P_J,audit,B,income_binary,120,expanded_catchup,development_evaluation,3,3,True,0.40513553035321553,0.012141997045017386,0.40513553035321553,0.012141997045017386,3,True,False
log_loss,P_J,audit,B,income_binary,120,expanded_catchup,validation_person_weighted,3,3,True,0.40129548966055645,0.0037971073031622675,0.40129548966055645,0.0037971073031622675,3,True,False
log_loss,P_J,audit,B,income_binary,120,expanded_catchup,development_evaluation_person_weighted,3,3,True,0.40961884745917776,0.010441237327045348,0.40961884745917776,0.010441237327045348,3,True,False
log_loss,P_J,audit,B,income_binary,360,standard_independent,validation,3,3,True,0.39976442020271835,0.009565731721375767,0.39976442020271835,0.009565731721375767,3,True,False
log_loss,P_J,audit,B,income_binary,360,standard_independent,development_evaluation,3,3,True,0.40513553035321553,0.012141997045017386,0.40513553035321553,0.012141997045017386,3,True,False
log_loss,P_J,audit,B,income_binary,360,standard_independent,validation_person_weighted,3,3,True,0.40129548966055645,0.0037971073031622675,0.40129548966055645,0.0037971073031622675,3,True,False
log_loss,P_J,audit,B,income_binary,360,standard_independent,development_evaluation_person_weighted,3,3,True,0.40961884745917776,0.010441237327045348,0.40961884745917776,0.010441237327045348,3,True,False
log_loss,P_J,audit,B,income_binary,360,expanded_independent,validation,3,3,True,0.39976442020271835,0.009565731721375767,0.39976442020271835,0.009565731721375767,3,True,False
log_loss,P_J,audit,B,income_binary,360,expanded_independent,development_evaluation,3,3,True,0.40513553035321553,0.012141997045017386,0.40513553035321553,0.012141997045017386,3,True,False
log_loss,P_J,audit,B,income_binary,360,expanded_independent,validation_person_weighted,3,3,True,0.40129548966055645,0.0037971073031622675,0.40129548966055645,0.0037971073031622675,3,True,False
log_loss,P_J,audit,B,income_binary,360,expanded_independent,development_evaluation_person_weighted,3,3,True,0.40961884745917776,0.010441237327045348,0.40961884745917776,0.010441237327045348,3,True,False
log_loss,P_J,audit,B,income_binary,360,expanded_catchup,validation,3,3,True,0.39976442020271835,0.009565731721375767,0.39976442020271835,0.009565731721375767,3,True,False
log_loss,P_J,audit,B,income_binary,360,expanded_catchup,development_evaluation,3,3,True,0.40513553035321553,0.012141997045017386,0.40513553035321553,0.012141997045017386,3,True,False
log_loss,P_J,audit,B,income_binary,360,expanded_catchup,validation_person_weighted,3,3,True,0.40129548966055645,0.0037971073031622675,0.40129548966055645,0.0037971073031622675,3,True,False
log_loss,P_J,audit,B,income_binary,360,expanded_catchup,development_evaluation_person_weighted,3,3,True,0.40961884745917776,0.010441237327045348,0.40961884745917776,0.010441237327045348,3,True,False
log_loss,P_J,audit,B,civilian_at_work,120,standard_independent,validation,3,3,True,0.5662250065791903,0.007049892621908753,0.5662250065791903,0.007049892621908753,3,True,False
log_loss,P_J,audit,B,civilian_at_work,120,standard_independent,development_evaluation,3,3,True,0.5700312464488448,0.010808617750294338,0.5700312464488448,0.010808617750294338,3,True,False
log_loss,P_J,audit,B,civilian_at_work,120,standard_independent,validation_person_weighted,3,3,True,0.5460527623418461,0.015437734580575615,0.5460527623418461,0.015437734580575615,3,True,False
log_loss,P_J,audit,B,civilian_at_work,120,standard_independent,development_evaluation_person_weighted,3,3,True,0.5469483007294709,0.01064390302266753,0.5469483007294709,0.01064390302266753,3,True,False
log_loss,P_J,audit,B,civilian_at_work,120,expanded_independent,validation,3,3,True,0.5662250065791903,0.007049892621908753,0.5662250065791903,0.007049892621908753,3,True,False
log_loss,P_J,audit,B,civilian_at_work,120,expanded_independent,development_evaluation,3,3,True,0.5700312464488448,0.010808617750294338,0.5700312464488448,0.010808617750294338,3,True,False
log_loss,P_J,audit,B,civilian_at_work,120,expanded_independent,validation_person_weighted,3,3,True,0.5460527623418461,0.015437734580575615,0.5460527623418461,0.015437734580575615,3,True,False
log_loss,P_J,audit,B,civilian_at_work,120,expanded_independent,development_evaluation_person_weighted,3,3,True,0.5469483007294709,0.01064390302266753,0.5469483007294709,0.01064390302266753,3,True,False
log_loss,P_J,audit,B,civilian_at_work,120,expanded_catchup,validation,3,3,True,0.5660550543856203,0.0073398019716721516,0.5660550543856203,0.0073398019716721516,3,True,False
log_loss,P_J,audit,B,civilian_at_work,120,expanded_catchup,development_evaluation,3,3,True,0.5699362956779555,0.010972754752436099,0.5699362956779555,0.010972754752436099,3,True,False
log_loss,P_J,audit,B,civilian_at_work,120,expanded_catchup,validation_person_weighted,3,3,True,0.5459489454014691,0.015616024360365608,0.5459489454014691,0.015616024360365608,3,True,False
log_loss,P_J,audit,B,civilian_at_work,120,expanded_catchup,development_evaluation_person_weighted,3,3,True,0.5467801669551021,0.010848433047175737,0.5467801669551021,0.010848433047175737,3,True,False
log_loss,P_J,audit,B,civilian_at_work,360,standard_independent,validation,3,3,True,0.5662250065791903,0.007049892621908753,0.5662250065791903,0.007049892621908753,3,True,False
log_loss,P_J,audit,B,civilian_at_work,360,standard_independent,development_evaluation,3,3,True,0.5700312464488448,0.010808617750294338,0.5700312464488448,0.010808617750294338,3,True,False
log_loss,P_J,audit,B,civilian_at_work,360,standard_independent,validation_person_weighted,3,3,True,0.5460527623418461,0.015437734580575615,0.5460527623418461,0.015437734580575615,3,True,False
log_loss,P_J,audit,B,civilian_at_work,360,standard_independent,development_evaluation_person_weighted,3,3,True,0.5469483007294709,0.01064390302266753,0.5469483007294709,0.01064390302266753,3,True,False
log_loss,P_J,audit,B,civilian_at_work,360,expanded_independent,validation,3,3,True,0.5662250065791903,0.007049892621908753,0.5662250065791903,0.007049892621908753,3,True,False
log_loss,P_J,audit,B,civilian_at_work,360,expanded_independent,development_evaluation,3,3,True,0.5700312464488448,0.010808617750294338,0.5700312464488448,0.010808617750294338,3,True,False
log_loss,P_J,audit,B,civilian_at_work,360,expanded_independent,validation_person_weighted,3,3,True,0.5460527623418461,0.015437734580575615,0.5460527623418461,0.015437734580575615,3,True,False
log_loss,P_J,audit,B,civilian_at_work,360,expanded_independent,development_evaluation_person_weighted,3,3,True,0.5469483007294709,0.01064390302266753,0.5469483007294709,0.01064390302266753,3,True,False
log_loss,P_J,audit,B,civilian_at_work,360,expanded_catchup,validation,3,3,True,0.5660550543856203,0.0073398019716721516,0.5660550543856203,0.0073398019716721516,3,True,False
log_loss,P_J,audit,B,civilian_at_work,360,expanded_catchup,development_evaluation,3,3,True,0.5699362956779555,0.010972754752436099,0.5699362956779555,0.010972754752436099,3,True,False
log_loss,P_J,audit,B,civilian_at_work,360,expanded_catchup,validation_person_weighted,3,3,True,0.5459489454014691,0.015616024360365608,0.5459489454014691,0.015616024360365608,3,True,False
log_loss,P_J,audit,B,civilian_at_work,360,expanded_catchup,development_evaluation_person_weighted,3,3,True,0.5467801669551021,0.010848433047175737,0.5467801669551021,0.010848433047175737,3,True,False
log_loss,P_J,audit,B,same_residence,120,standard_independent,validation,3,3,True,0.5350300270752028,0.010242856389466948,0.5350300270752028,0.010242856389466948,3,True,False
log_loss,P_J,audit,B,same_residence,120,standard_independent,development_evaluation,3,3,True,0.5285399315437262,0.006884859805265374,0.5285399315437262,0.006884859805265374,3,True,False
log_loss,P_J,audit,B,same_residence,120,standard_independent,validation_person_weighted,3,3,True,0.5106520075987642,0.007561080408839225,0.5106520075987642,0.007561080408839225,3,True,False
log_loss,P_J,audit,B,same_residence,120,standard_independent,development_evaluation_person_weighted,3,3,True,0.5014442380093316,0.004189647507093096,0.5014442380093316,0.004189647507093096,3,True,False
log_loss,P_J,audit,B,same_residence,120,expanded_independent,validation,3,3,True,0.5350300270752028,0.010242856389466948,0.5350300270752028,0.010242856389466948,3,True,False
log_loss,P_J,audit,B,same_residence,120,expanded_independent,development_evaluation,3,3,True,0.5285399315437262,0.006884859805265374,0.5285399315437262,0.006884859805265374,3,True,False
log_loss,P_J,audit,B,same_residence,120,expanded_independent,validation_person_weighted,3,3,True,0.5106520075987642,0.007561080408839225,0.5106520075987642,0.007561080408839225,3,True,False
log_loss,P_J,audit,B,same_residence,120,expanded_independent,development_evaluation_person_weighted,3,3,True,0.5014442380093316,0.004189647507093096,0.5014442380093316,0.004189647507093096,3,True,False
log_loss,P_J,audit,B,same_residence,120,expanded_catchup,validation,3,3,True,0.5350300270752028,0.010242856389466948,0.5350300270752028,0.010242856389466948,3,True,False
log_loss,P_J,audit,B,same_residence,120,expanded_catchup,development_evaluation,3,3,True,0.5285399315437262,0.006884859805265374,0.5285399315437262,0.006884859805265374,3,True,False
log_loss,P_J,audit,B,same_residence,120,expanded_catchup,validation_person_weighted,3,3,True,0.5106520075987642,0.007561080408839225,0.5106520075987642,0.007561080408839225,3,True,False
log_loss,P_J,audit,B,same_residence,120,expanded_catchup,development_evaluation_person_weighted,3,3,True,0.5014442380093316,0.004189647507093096,0.5014442380093316,0.004189647507093096,3,True,False
log_loss,P_J,audit,B,same_residence,360,standard_independent,validation,3,3,True,0.5350033811049588,0.01023980464788949,0.5350033811049588,0.01023980464788949,3,True,False
log_loss,P_J,audit,B,same_residence,360,standard_independent,development_evaluation,3,3,True,0.52856296132909,0.006895007043760801,0.52856296132909,0.006895007043760801,3,True,False
log_loss,P_J,audit,B,same_residence,360,standard_independent,validation_person_weighted,3,3,True,0.5107583392866825,0.007484893720994198,0.5107583392866825,0.007484893720994198,3,True,False
log_loss,P_J,audit,B,same_residence,360,standard_independent,development_evaluation_person_weighted,3,3,True,0.5015747393004698,0.003972417476188908,0.5015747393004698,0.003972417476188908,3,True,False
log_loss,P_J,audit,B,same_residence,360,expanded_independent,validation,3,3,True,0.5350033811049588,0.01023980464788949,0.5350033811049588,0.01023980464788949,3,True,False
log_loss,P_J,audit,B,same_residence,360,expanded_independent,development_evaluation,3,3,True,0.52856296132909,0.006895007043760801,0.52856296132909,0.006895007043760801,3,True,False
log_loss,P_J,audit,B,same_residence,360,expanded_independent,validation_person_weighted,3,3,True,0.5107583392866825,0.007484893720994198,0.5107583392866825,0.007484893720994198,3,True,False
log_loss,P_J,audit,B,same_residence,360,expanded_independent,development_evaluation_person_weighted,3,3,True,0.5015747393004698,0.003972417476188908,0.5015747393004698,0.003972417476188908,3,True,False
log_loss,P_J,audit,B,same_residence,360,expanded_catchup,validation,3,3,True,0.5350033811049588,0.01023980464788949,0.5350033811049588,0.01023980464788949,3,True,False
log_loss,P_J,audit,B,same_residence,360,expanded_catchup,development_evaluation,3,3,True,0.52856296132909,0.006895007043760801,0.52856296132909,0.006895007043760801,3,True,False
log_loss,P_J,audit,B,same_residence,360,expanded_catchup,validation_person_weighted,3,3,True,0.5107583392866825,0.007484893720994198,0.5107583392866825,0.007484893720994198,3,True,False
log_loss,P_J,audit,B,same_residence,360,expanded_catchup,development_evaluation_person_weighted,3,3,True,0.5015747393004698,0.003972417476188908,0.5015747393004698,0.003972417476188908,3,True,False
log_loss,P_J,audit,B,SEX,120,standard_independent,validation,3,3,True,0.6915240253830721,0.00022980959024409173,0.6915240253830721,0.00022980959024409173,3,True,False
log_loss,P_J,audit,B,SEX,120,standard_independent,development_evaluation,3,3,True,0.6933021161643169,0.0006718859602213175,0.6933021161643169,0.0006718859602213175,3,True,False
log_loss,P_J,audit,B,SEX,120,standard_independent,validation_person_weighted,3,3,True,0.6916201766745568,0.0003144922544733262,0.6916201766745568,0.0003144922544733262,3,True,False
log_loss,P_J,audit,B,SEX,120,standard_independent,development_evaluation_person_weighted,3,3,True,0.6924369610209468,0.0009447323967374706,0.6924369610209468,0.0009447323967374706,3,True,False
log_loss,P_J,audit,B,SEX,120,expanded_independent,validation,3,3,True,0.6915240253830721,0.00022980959024409173,0.6915240253830721,0.00022980959024409173,3,True,False
log_loss,P_J,audit,B,SEX,120,expanded_independent,development_evaluation,3,3,True,0.6933021161643169,0.0006718859602213175,0.6933021161643169,0.0006718859602213175,3,True,False
log_loss,P_J,audit,B,SEX,120,expanded_independent,validation_person_weighted,3,3,True,0.6916201766745568,0.0003144922544733262,0.6916201766745568,0.0003144922544733262,3,True,False
log_loss,P_J,audit,B,SEX,120,expanded_independent,development_evaluation_person_weighted,3,3,True,0.6924369610209468,0.0009447323967374706,0.6924369610209468,0.0009447323967374706,3,True,False
log_loss,P_J,audit,B,SEX,120,expanded_catchup,validation,3,3,True,0.6914727401405422,0.0001466270447280586,0.6914727401405422,0.0001466270447280586,3,True,False
log_loss,P_J,audit,B,SEX,120,expanded_catchup,development_evaluation,3,3,True,0.6930907367812924,0.0006415465414720572,0.6930907367812924,0.0006415465414720572,3,True,False
log_loss,P_J,audit,B,SEX,120,expanded_catchup,validation_person_weighted,3,3,True,0.6915980116308914,0.00034648909108508024,0.6915980116308914,0.00034648909108508024,3,True,False
log_loss,P_J,audit,B,SEX,120,expanded_catchup,development_evaluation_person_weighted,3,3,True,0.6922799982640561,0.0006941050528412363,0.6922799982640561,0.0006941050528412363,3,True,False
log_loss,P_J,audit,B,SEX,360,standard_independent,validation,3,3,True,0.6915240253830721,0.00022980959024409173,0.6915240253830721,0.00022980959024409173,3,True,False
log_loss,P_J,audit,B,SEX,360,standard_independent,development_evaluation,3,3,True,0.6933021161643169,0.0006718859602213175,0.6933021161643169,0.0006718859602213175,3,True,False
log_loss,P_J,audit,B,SEX,360,standard_independent,validation_person_weighted,3,3,True,0.6916201766745568,0.0003144922544733262,0.6916201766745568,0.0003144922544733262,3,True,False
log_loss,P_J,audit,B,SEX,360,standard_independent,development_evaluation_person_weighted,3,3,True,0.6924369610209468,0.0009447323967374706,0.6924369610209468,0.0009447323967374706,3,True,False
log_loss,P_J,audit,B,SEX,360,expanded_independent,validation,3,3,True,0.6915240253830721,0.00022980959024409173,0.6915240253830721,0.00022980959024409173,3,True,False
log_loss,P_J,audit,B,SEX,360,expanded_independent,development_evaluation,3,3,True,0.6933021161643169,0.0006718859602213175,0.6933021161643169,0.0006718859602213175,3,True,False
log_loss,P_J,audit,B,SEX,360,expanded_independent,validation_person_weighted,3,3,True,0.6916201766745568,0.0003144922544733262,0.6916201766745568,0.0003144922544733262,3,True,False
log_loss,P_J,audit,B,SEX,360,expanded_independent,development_evaluation_person_weighted,3,3,True,0.6924369610209468,0.0009447323967374706,0.6924369610209468,0.0009447323967374706,3,True,False
log_loss,P_J,audit,B,SEX,360,expanded_catchup,validation,3,3,True,0.6914727401405422,0.0001466270447280586,0.6914727401405422,0.0001466270447280586,3,True,False
log_loss,P_J,audit,B,SEX,360,expanded_catchup,development_evaluation,3,3,True,0.6930907367812924,0.0006415465414720572,0.6930907367812924,0.0006415465414720572,3,True,False
log_loss,P_J,audit,B,SEX,360,expanded_catchup,validation_person_weighted,3,3,True,0.6915980116308914,0.00034648909108508024,0.6915980116308914,0.00034648909108508024,3,True,False
log_loss,P_J,audit,B,SEX,360,expanded_catchup,development_evaluation_person_weighted,3,3,True,0.6922799982640561,0.0006941050528412363,0.6922799982640561,0.0006941050528412363,3,True,False
log_loss,P_J,audit,B,RAC1P,120,standard_independent,validation,3,3,True,1.2677543697161024,0.0046166043170537945,1.2677543697161024,0.0046166043170537945,3,True,False
log_loss,P_J,audit,B,RAC1P,120,standard_independent,development_evaluation,3,3,True,1.2709255946751299,0.024865189685996946,1.2709255946751299,0.024865189685996946,3,True,False
log_loss,P_J,audit,B,RAC1P,120,standard_independent,validation_person_weighted,3,3,True,1.270965639987313,0.0012818136197315288,1.270965639987313,0.0012818136197315288,3,True,False
log_loss,P_J,audit,B,RAC1P,120,standard_independent,development_evaluation_person_weighted,3,3,True,1.2682956751488639,0.04043894045630827,1.2682956751488639,0.04043894045630827,3,True,False
log_loss,P_J,audit,B,RAC1P,120,expanded_independent,validation,3,3,True,1.2677543697161024,0.0046166043170537945,1.2677543697161024,0.0046166043170537945,3,True,False
log_loss,P_J,audit,B,RAC1P,120,expanded_independent,development_evaluation,3,3,True,1.2709255946751299,0.024865189685996946,1.2709255946751299,0.024865189685996946,3,True,False
log_loss,P_J,audit,B,RAC1P,120,expanded_independent,validation_person_weighted,3,3,True,1.270965639987313,0.0012818136197315288,1.270965639987313,0.0012818136197315288,3,True,False
log_loss,P_J,audit,B,RAC1P,120,expanded_independent,development_evaluation_person_weighted,3,3,True,1.2682956751488639,0.04043894045630827,1.2682956751488639,0.04043894045630827,3,True,False
log_loss,P_J,audit,B,RAC1P,120,expanded_catchup,validation,3,3,True,1.2656697000923176,0.0033536681820491906,1.2656697000923176,0.0033536681820491906,3,True,False
log_loss,P_J,audit,B,RAC1P,120,expanded_catchup,development_evaluation,3,3,True,1.2705014016998226,0.023956996385103672,1.2705014016998226,0.023956996385103672,3,True,False
log_loss,P_J,audit,B,RAC1P,120,expanded_catchup,validation_person_weighted,3,3,True,1.2679377433879522,0.0011807966808166114,1.2679377433879522,0.0011807966808166114,3,True,False
log_loss,P_J,audit,B,RAC1P,120,expanded_catchup,development_evaluation_person_weighted,3,3,True,1.267912389709741,0.04069031888115102,1.267912389709741,0.04069031888115102,3,True,False
log_loss,P_J,audit,B,RAC1P,360,standard_independent,validation,3,3,True,1.267513081071428,0.004865422302855343,1.267513081071428,0.004865422302855343,3,True,False
log_loss,P_J,audit,B,RAC1P,360,standard_independent,development_evaluation,3,3,True,1.27113453421536,0.024861320294053753,1.27113453421536,0.024861320294053753,3,True,False
log_loss,P_J,audit,B,RAC1P,360,standard_independent,validation_person_weighted,3,3,True,1.2711102760080608,0.0013510289257164158,1.2711102760080608,0.0013510289257164158,3,True,False
log_loss,P_J,audit,B,RAC1P,360,standard_independent,development_evaluation_person_weighted,3,3,True,1.2685204091532696,0.040206806556051536,1.2685204091532696,0.040206806556051536,3,True,False
log_loss,P_J,audit,B,RAC1P,360,expanded_independent,validation,3,3,True,1.267513081071428,0.004865422302855343,1.267513081071428,0.004865422302855343,3,True,False
log_loss,P_J,audit,B,RAC1P,360,expanded_independent,development_evaluation,3,3,True,1.27113453421536,0.024861320294053753,1.27113453421536,0.024861320294053753,3,True,False
log_loss,P_J,audit,B,RAC1P,360,expanded_independent,validation_person_weighted,3,3,True,1.2711102760080608,0.0013510289257164158,1.2711102760080608,0.0013510289257164158,3,True,False
log_loss,P_J,audit,B,RAC1P,360,expanded_independent,development_evaluation_person_weighted,3,3,True,1.2685204091532696,0.040206806556051536,1.2685204091532696,0.040206806556051536,3,True,False
log_loss,P_J,audit,B,RAC1P,360,expanded_catchup,validation,3,3,True,1.2656697000923176,0.0033536681820491906,1.2656697000923176,0.0033536681820491906,3,True,False
log_loss,P_J,audit,B,RAC1P,360,expanded_catchup,development_evaluation,3,3,True,1.2705014016998226,0.023956996385103672,1.2705014016998226,0.023956996385103672,3,True,False
log_loss,P_J,audit,B,RAC1P,360,expanded_catchup,validation_person_weighted,3,3,True,1.2679377433879522,0.0011807966808166114,1.2679377433879522,0.0011807966808166114,3,True,False
log_loss,P_J,audit,B,RAC1P,360,expanded_catchup,development_evaluation_person_weighted,3,3,True,1.267912389709741,0.04069031888115102,1.267912389709741,0.04069031888115102,3,True,False
log_loss,P_J,audit,AB,SEX,120,standard_independent,validation,3,3,True,0.6885261161436314,0.001881982662948018,0.6885261161436314,0.001881982662948018,3,True,False
log_loss,P_J,audit,AB,SEX,120,standard_independent,development_evaluation,3,3,True,0.6915792584544279,0.0020729677816166687,0.6915792584544279,0.0020729677816166687,3,True,False
log_loss,P_J,audit,AB,SEX,120,standard_independent,validation_person_weighted,3,3,True,0.6881201862134892,0.0034422271120848787,0.6881201862134892,0.0034422271120848787,3,True,False
log_loss,P_J,audit,AB,SEX,120,standard_independent,development_evaluation_person_weighted,3,3,True,0.6922456790827924,0.0030057676186352055,0.6922456790827924,0.0030057676186352055,3,True,False
log_loss,P_J,audit,AB,SEX,120,expanded_independent,validation,3,3,True,0.6885261161436314,0.001881982662948018,0.6885261161436314,0.001881982662948018,3,True,False
log_loss,P_J,audit,AB,SEX,120,expanded_independent,development_evaluation,3,3,True,0.6915792584544279,0.0020729677816166687,0.6915792584544279,0.0020729677816166687,3,True,False
log_loss,P_J,audit,AB,SEX,120,expanded_independent,validation_person_weighted,3,3,True,0.6881201862134892,0.0034422271120848787,0.6881201862134892,0.0034422271120848787,3,True,False
log_loss,P_J,audit,AB,SEX,120,expanded_independent,development_evaluation_person_weighted,3,3,True,0.6922456790827924,0.0030057676186352055,0.6922456790827924,0.0030057676186352055,3,True,False
log_loss,P_J,audit,AB,SEX,120,expanded_catchup,validation,3,3,True,0.6874976840249962,0.0016239101777019206,0.6874976840249962,0.0016239101777019206,3,True,False
log_loss,P_J,audit,AB,SEX,120,expanded_catchup,development_evaluation,3,3,True,0.689491788063512,0.0019916452333338945,0.689491788063512,0.0019916452333338945,3,True,False
log_loss,P_J,audit,AB,SEX,120,expanded_catchup,validation_person_weighted,3,3,True,0.6865355621543519,0.002999057309933439,0.6865355621543519,0.002999057309933439,3,True,False
log_loss,P_J,audit,AB,SEX,120,expanded_catchup,development_evaluation_person_weighted,3,3,True,0.6907504759072336,0.004589123962727587,0.6907504759072336,0.004589123962727587,3,True,False
log_loss,P_J,audit,AB,SEX,360,standard_independent,validation,3,3,True,0.6885261161436314,0.001881982662948018,0.6885261161436314,0.001881982662948018,3,True,False
log_loss,P_J,audit,AB,SEX,360,standard_independent,development_evaluation,3,3,True,0.6915792584544279,0.0020729677816166687,0.6915792584544279,0.0020729677816166687,3,True,False
log_loss,P_J,audit,AB,SEX,360,standard_independent,validation_person_weighted,3,3,True,0.6881201862134892,0.0034422271120848787,0.6881201862134892,0.0034422271120848787,3,True,False
log_loss,P_J,audit,AB,SEX,360,standard_independent,development_evaluation_person_weighted,3,3,True,0.6922456790827924,0.0030057676186352055,0.6922456790827924,0.0030057676186352055,3,True,False
log_loss,P_J,audit,AB,SEX,360,expanded_independent,validation,3,3,True,0.6885261161436314,0.001881982662948018,0.6885261161436314,0.001881982662948018,3,True,False
log_loss,P_J,audit,AB,SEX,360,expanded_independent,development_evaluation,3,3,True,0.6915792584544279,0.0020729677816166687,0.6915792584544279,0.0020729677816166687,3,True,False
log_loss,P_J,audit,AB,SEX,360,expanded_independent,validation_person_weighted,3,3,True,0.6881201862134892,0.0034422271120848787,0.6881201862134892,0.0034422271120848787,3,True,False
log_loss,P_J,audit,AB,SEX,360,expanded_independent,development_evaluation_person_weighted,3,3,True,0.6922456790827924,0.0030057676186352055,0.6922456790827924,0.0030057676186352055,3,True,False
log_loss,P_J,audit,AB,SEX,360,expanded_catchup,validation,3,3,True,0.6874976840249962,0.0016239101777019206,0.6874976840249962,0.0016239101777019206,3,True,False
log_loss,P_J,audit,AB,SEX,360,expanded_catchup,development_evaluation,3,3,True,0.689491788063512,0.0019916452333338945,0.689491788063512,0.0019916452333338945,3,True,False
log_loss,P_J,audit,AB,SEX,360,expanded_catchup,validation_person_weighted,3,3,True,0.6865355621543519,0.002999057309933439,0.6865355621543519,0.002999057309933439,3,True,False
log_loss,P_J,audit,AB,SEX,360,expanded_catchup,development_evaluation_person_weighted,3,3,True,0.6907504759072336,0.004589123962727587,0.6907504759072336,0.004589123962727587,3,True,False
log_loss,P_J,audit,AB,RAC1P,120,standard_independent,validation,3,3,True,1.2642694223504307,0.0025781555030148567,1.2642694223504307,0.0025781555030148567,3,True,False
log_loss,P_J,audit,AB,RAC1P,120,standard_independent,development_evaluation,3,3,True,1.2698792545195052,0.024924208995347252,1.2698792545195052,0.024924208995347252,3,True,False
log_loss,P_J,audit,AB,RAC1P,120,standard_independent,validation_person_weighted,3,3,True,1.2662036763308568,0.004609271715330107,1.2662036763308568,0.004609271715330107,3,True,False
log_loss,P_J,audit,AB,RAC1P,120,standard_independent,development_evaluation_person_weighted,3,3,True,1.2665814805739126,0.04004872584040452,1.2665814805739126,0.04004872584040452,3,True,False
log_loss,P_J,audit,AB,RAC1P,120,expanded_independent,validation,3,3,True,1.2642694223504307,0.0025781555030148567,1.2642694223504307,0.0025781555030148567,3,True,False
log_loss,P_J,audit,AB,RAC1P,120,expanded_independent,development_evaluation,3,3,True,1.2698792545195052,0.024924208995347252,1.2698792545195052,0.024924208995347252,3,True,False
log_loss,P_J,audit,AB,RAC1P,120,expanded_independent,validation_person_weighted,3,3,True,1.2662036763308568,0.004609271715330107,1.2662036763308568,0.004609271715330107,3,True,False
log_loss,P_J,audit,AB,RAC1P,120,expanded_independent,development_evaluation_person_weighted,3,3,True,1.2665814805739126,0.04004872584040452,1.2665814805739126,0.04004872584040452,3,True,False
log_loss,P_J,audit,AB,RAC1P,120,expanded_catchup,validation,3,3,True,1.2580234795067646,0.0059392479400478485,1.2580234795067646,0.0059392479400478485,3,True,False
log_loss,P_J,audit,AB,RAC1P,120,expanded_catchup,development_evaluation,3,3,True,1.264467756291837,0.02467579276407601,1.264467756291837,0.02467579276407601,3,True,False
log_loss,P_J,audit,AB,RAC1P,120,expanded_catchup,validation_person_weighted,3,3,True,1.2599779113996918,0.0033471500599417696,1.2599779113996918,0.0033471500599417696,3,True,False
log_loss,P_J,audit,AB,RAC1P,120,expanded_catchup,development_evaluation_person_weighted,3,3,True,1.260974960215739,0.04161514758947494,1.260974960215739,0.04161514758947494,3,True,False
log_loss,P_J,audit,AB,RAC1P,360,standard_independent,validation,3,3,True,1.2640281337057562,0.0025462815796242796,1.2640281337057562,0.0025462815796242796,3,True,False
log_loss,P_J,audit,AB,RAC1P,360,standard_independent,development_evaluation,3,3,True,1.2700881940597353,0.024933504530646907,1.2700881940597353,0.024933504530646907,3,True,False
log_loss,P_J,audit,AB,RAC1P,360,standard_independent,validation_person_weighted,3,3,True,1.2663483123516046,0.0048470478820392595,1.2663483123516046,0.0048470478820392595,3,True,False
log_loss,P_J,audit,AB,RAC1P,360,standard_independent,development_evaluation_person_weighted,3,3,True,1.2668062145783183,0.03982882804050686,1.2668062145783183,0.03982882804050686,3,True,False
log_loss,P_J,audit,AB,RAC1P,360,expanded_independent,validation,3,3,True,1.2640281337057562,0.0025462815796242796,1.2640281337057562,0.0025462815796242796,3,True,False
log_loss,P_J,audit,AB,RAC1P,360,expanded_independent,development_evaluation,3,3,True,1.2700881940597353,0.024933504530646907,1.2700881940597353,0.024933504530646907,3,True,False
log_loss,P_J,audit,AB,RAC1P,360,expanded_independent,validation_person_weighted,3,3,True,1.2663483123516046,0.0048470478820392595,1.2663483123516046,0.0048470478820392595,3,True,False
log_loss,P_J,audit,AB,RAC1P,360,expanded_independent,development_evaluation_person_weighted,3,3,True,1.2668062145783183,0.03982882804050686,1.2668062145783183,0.03982882804050686,3,True,False
log_loss,P_J,audit,AB,RAC1P,360,expanded_catchup,validation,3,3,True,1.2580234795067646,0.0059392479400478485,1.2580234795067646,0.0059392479400478485,3,True,False
log_loss,P_J,audit,AB,RAC1P,360,expanded_catchup,development_evaluation,3,3,True,1.264467756291837,0.02467579276407601,1.264467756291837,0.02467579276407601,3,True,False
log_loss,P_J,audit,AB,RAC1P,360,expanded_catchup,validation_person_weighted,3,3,True,1.2599779113996918,0.0033471500599417696,1.2599779113996918,0.0033471500599417696,3,True,False
log_loss,P_J,audit,AB,RAC1P,360,expanded_catchup,development_evaluation_person_weighted,3,3,True,1.260974960215739,0.04161514758947494,1.260974960215739,0.04161514758947494,3,True,False
log_loss,E,utility,A,same_residence,,utility,validation,3,3,True,0.5146820100823849,0.0072880273398363195,0.5146820100823849,0.0072880273398363195,3,True,False
log_loss,E,utility,A,same_residence,,utility,development_evaluation,3,3,True,0.5083849550055184,0.002038073107044545,0.5083849550055184,0.002038073107044545,3,True,False
log_loss,E,utility,A,same_residence,,utility,validation_person_weighted,3,3,True,0.49040800928339323,0.006573071574819265,0.49040800928339323,0.006573071574819265,3,True,False
log_loss,E,utility,A,same_residence,,utility,development_evaluation_person_weighted,3,3,True,0.48616307240417433,0.005844237267989659,0.48616307240417433,0.005844237267989659,3,True,False
log_loss,E,utility,B,commute_over20,,utility,validation,3,3,True,0.6859776477836755,0.003854652658958854,0.6859776477836755,0.003854652658958854,3,True,False
log_loss,E,utility,B,commute_over20,,utility,development_evaluation,3,3,True,0.6872428077387367,0.0040552737718322525,0.6872428077387367,0.0040552737718322525,3,True,False
log_loss,E,utility,B,commute_over20,,utility,validation_person_weighted,3,3,True,0.6851473379798582,0.005627891458184608,0.6851473379798582,0.005627891458184608,3,True,False
log_loss,E,utility,B,commute_over20,,utility,development_evaluation_person_weighted,3,3,True,0.689689320188384,0.002638355623690143,0.689689320188384,0.002638355623690143,3,True,False
log_loss,E,utility,A,income_binary,,utility,validation,3,3,True,0.36633754062427165,0.02232018350863711,0.36633754062427165,0.02232018350863711,3,True,False
log_loss,E,utility,A,income_binary,,utility,development_evaluation,3,3,True,0.3566618765366073,0.01755486564106508,0.3566618765366073,0.01755486564106508,3,True,False
log_loss,E,utility,A,income_binary,,utility,validation_person_weighted,3,3,True,0.3626020685341919,0.022063315879309455,0.3626020685341919,0.022063315879309455,3,True,False
log_loss,E,utility,A,income_binary,,utility,development_evaluation_person_weighted,3,3,True,0.36938255031302736,0.019375392202411468,0.36938255031302736,0.019375392202411468,3,True,False
log_loss,E,utility,A,civilian_at_work,,utility,validation,3,3,True,0.431769162898203,0.057574953660893505,0.431769162898203,0.057574953660893505,3,True,False
log_loss,E,utility,A,civilian_at_work,,utility,development_evaluation,3,3,True,0.41451290931194607,0.055286263157458104,0.41451290931194607,0.055286263157458104,3,True,False
log_loss,E,utility,A,civilian_at_work,,utility,validation_person_weighted,3,3,True,0.42863472123405727,0.06614381133811693,0.42863472123405727,0.06614381133811693,3,True,False
log_loss,E,utility,A,civilian_at_work,,utility,development_evaluation_person_weighted,3,3,True,0.3992054086580943,0.05714992336891335,0.3992054086580943,0.05714992336891335,3,True,False
log_loss,E,utility,B,public_coverage,,utility,validation,3,3,True,0.521860194744212,0.009304159185969978,0.521860194744212,0.009304159185969978,3,True,False
log_loss,E,utility,B,public_coverage,,utility,development_evaluation,3,3,True,0.529162333563383,0.02562683603107594,0.529162333563383,0.02562683603107594,3,True,False
log_loss,E,utility,B,public_coverage,,utility,validation_person_weighted,3,3,True,0.5330289663596648,0.007371242894927431,0.5330289663596648,0.007371242894927431,3,True,False
log_loss,E,utility,B,public_coverage,,utility,development_evaluation_person_weighted,3,3,True,0.5352770024571264,0.022231449933034775,0.5352770024571264,0.022231449933034775,3,True,False
log_loss,E,audit,A,public_coverage,120,standard_independent,validation,3,3,True,0.5088997633914695,0.01690399632982421,0.5088997633914695,0.01690399632982421,3,True,False
log_loss,E,audit,A,public_coverage,120,standard_independent,development_evaluation,3,3,True,0.5212893614854436,0.02275990300495244,0.5212893614854436,0.02275990300495244,3,True,False
log_loss,E,audit,A,public_coverage,120,standard_independent,validation_person_weighted,3,3,True,0.5107078299748349,0.023108865443453124,0.5107078299748349,0.023108865443453124,3,True,False
log_loss,E,audit,A,public_coverage,120,standard_independent,development_evaluation_person_weighted,3,3,True,0.5291645572980779,0.02033533148914633,0.5291645572980779,0.02033533148914633,3,True,False
log_loss,E,audit,A,public_coverage,120,expanded_independent,validation,3,3,True,0.5088997633914695,0.01690399632982421,0.5088997633914695,0.01690399632982421,3,True,False
log_loss,E,audit,A,public_coverage,120,expanded_independent,development_evaluation,3,3,True,0.5212893614854436,0.02275990300495244,0.5212893614854436,0.02275990300495244,3,True,False
log_loss,E,audit,A,public_coverage,120,expanded_independent,validation_person_weighted,3,3,True,0.5107078299748349,0.023108865443453124,0.5107078299748349,0.023108865443453124,3,True,False
log_loss,E,audit,A,public_coverage,120,expanded_independent,development_evaluation_person_weighted,3,3,True,0.5291645572980779,0.02033533148914633,0.5291645572980779,0.02033533148914633,3,True,False
log_loss,E,audit,A,public_coverage,120,expanded_catchup,validation,3,3,True,0.5088997633914695,0.01690399632982421,0.5088997633914695,0.01690399632982421,3,True,False
log_loss,E,audit,A,public_coverage,120,expanded_catchup,development_evaluation,3,3,True,0.5212893614854436,0.02275990300495244,0.5212893614854436,0.02275990300495244,3,True,False
log_loss,E,audit,A,public_coverage,120,expanded_catchup,validation_person_weighted,3,3,True,0.5107078299748349,0.023108865443453124,0.5107078299748349,0.023108865443453124,3,True,False
log_loss,E,audit,A,public_coverage,120,expanded_catchup,development_evaluation_person_weighted,3,3,True,0.5291645572980779,0.02033533148914633,0.5291645572980779,0.02033533148914633,3,True,False
log_loss,E,audit,A,public_coverage,360,standard_independent,validation,3,3,True,0.5088997633914695,0.01690399632982421,0.5088997633914695,0.01690399632982421,3,True,False
log_loss,E,audit,A,public_coverage,360,standard_independent,development_evaluation,3,3,True,0.5212893614854436,0.02275990300495244,0.5212893614854436,0.02275990300495244,3,True,False
log_loss,E,audit,A,public_coverage,360,standard_independent,validation_person_weighted,3,3,True,0.5107078299748349,0.023108865443453124,0.5107078299748349,0.023108865443453124,3,True,False
log_loss,E,audit,A,public_coverage,360,standard_independent,development_evaluation_person_weighted,3,3,True,0.5291645572980779,0.02033533148914633,0.5291645572980779,0.02033533148914633,3,True,False
log_loss,E,audit,A,public_coverage,360,expanded_independent,validation,3,3,True,0.5088997633914695,0.01690399632982421,0.5088997633914695,0.01690399632982421,3,True,False
log_loss,E,audit,A,public_coverage,360,expanded_independent,development_evaluation,3,3,True,0.5212893614854436,0.02275990300495244,0.5212893614854436,0.02275990300495244,3,True,False
log_loss,E,audit,A,public_coverage,360,expanded_independent,validation_person_weighted,3,3,True,0.5107078299748349,0.023108865443453124,0.5107078299748349,0.023108865443453124,3,True,False
log_loss,E,audit,A,public_coverage,360,expanded_independent,development_evaluation_person_weighted,3,3,True,0.5291645572980779,0.02033533148914633,0.5291645572980779,0.02033533148914633,3,True,False
log_loss,E,audit,A,public_coverage,360,expanded_catchup,validation,3,3,True,0.5088997633914695,0.01690399632982421,0.5088997633914695,0.01690399632982421,3,True,False
log_loss,E,audit,A,public_coverage,360,expanded_catchup,development_evaluation,3,3,True,0.5212893614854436,0.02275990300495244,0.5212893614854436,0.02275990300495244,3,True,False
log_loss,E,audit,A,public_coverage,360,expanded_catchup,validation_person_weighted,3,3,True,0.5107078299748349,0.023108865443453124,0.5107078299748349,0.023108865443453124,3,True,False
log_loss,E,audit,A,public_coverage,360,expanded_catchup,development_evaluation_person_weighted,3,3,True,0.5291645572980779,0.02033533148914633,0.5291645572980779,0.02033533148914633,3,True,False
log_loss,E,audit,A,commute_over20,120,standard_independent,validation,3,3,True,0.6843918249914971,0.004027152899171615,0.6843918249914971,0.004027152899171615,3,True,False
log_loss,E,audit,A,commute_over20,120,standard_independent,development_evaluation,3,3,True,0.6832951236983673,0.005019094720040358,0.6832951236983673,0.005019094720040358,3,True,False
log_loss,E,audit,A,commute_over20,120,standard_independent,validation_person_weighted,3,3,True,0.6865940453516887,0.004469375245514653,0.6865940453516887,0.004469375245514653,3,True,False
log_loss,E,audit,A,commute_over20,120,standard_independent,development_evaluation_person_weighted,3,3,True,0.6848316858396555,0.0022264740014282668,0.6848316858396555,0.0022264740014282668,3,True,False
log_loss,E,audit,A,commute_over20,120,expanded_independent,validation,3,3,True,0.6843918249914971,0.004027152899171615,0.6843918249914971,0.004027152899171615,3,True,False
log_loss,E,audit,A,commute_over20,120,expanded_independent,development_evaluation,3,3,True,0.6832951236983673,0.005019094720040358,0.6832951236983673,0.005019094720040358,3,True,False
log_loss,E,audit,A,commute_over20,120,expanded_independent,validation_person_weighted,3,3,True,0.6865940453516887,0.004469375245514653,0.6865940453516887,0.004469375245514653,3,True,False
log_loss,E,audit,A,commute_over20,120,expanded_independent,development_evaluation_person_weighted,3,3,True,0.6848316858396555,0.0022264740014282668,0.6848316858396555,0.0022264740014282668,3,True,False
log_loss,E,audit,A,commute_over20,120,expanded_catchup,validation,3,3,True,0.6843918249914971,0.004027152899171615,0.6843918249914971,0.004027152899171615,3,True,False
log_loss,E,audit,A,commute_over20,120,expanded_catchup,development_evaluation,3,3,True,0.6832951236983673,0.005019094720040358,0.6832951236983673,0.005019094720040358,3,True,False
log_loss,E,audit,A,commute_over20,120,expanded_catchup,validation_person_weighted,3,3,True,0.6865940453516887,0.004469375245514653,0.6865940453516887,0.004469375245514653,3,True,False
log_loss,E,audit,A,commute_over20,120,expanded_catchup,development_evaluation_person_weighted,3,3,True,0.6848316858396555,0.0022264740014282668,0.6848316858396555,0.0022264740014282668,3,True,False
log_loss,E,audit,A,commute_over20,360,standard_independent,validation,3,3,True,0.6843918249914971,0.004027152899171615,0.6843918249914971,0.004027152899171615,3,True,False
log_loss,E,audit,A,commute_over20,360,standard_independent,development_evaluation,3,3,True,0.6832951236983673,0.005019094720040358,0.6832951236983673,0.005019094720040358,3,True,False
log_loss,E,audit,A,commute_over20,360,standard_independent,validation_person_weighted,3,3,True,0.6865940453516887,0.004469375245514653,0.6865940453516887,0.004469375245514653,3,True,False
log_loss,E,audit,A,commute_over20,360,standard_independent,development_evaluation_person_weighted,3,3,True,0.6848316858396555,0.0022264740014282668,0.6848316858396555,0.0022264740014282668,3,True,False
log_loss,E,audit,A,commute_over20,360,expanded_independent,validation,3,3,True,0.6843918249914971,0.004027152899171615,0.6843918249914971,0.004027152899171615,3,True,False
log_loss,E,audit,A,commute_over20,360,expanded_independent,development_evaluation,3,3,True,0.6832951236983673,0.005019094720040358,0.6832951236983673,0.005019094720040358,3,True,False
log_loss,E,audit,A,commute_over20,360,expanded_independent,validation_person_weighted,3,3,True,0.6865940453516887,0.004469375245514653,0.6865940453516887,0.004469375245514653,3,True,False
log_loss,E,audit,A,commute_over20,360,expanded_independent,development_evaluation_person_weighted,3,3,True,0.6848316858396555,0.0022264740014282668,0.6848316858396555,0.0022264740014282668,3,True,False
log_loss,E,audit,A,commute_over20,360,expanded_catchup,validation,3,3,True,0.6843918249914971,0.004027152899171615,0.6843918249914971,0.004027152899171615,3,True,False
log_loss,E,audit,A,commute_over20,360,expanded_catchup,development_evaluation,3,3,True,0.6832951236983673,0.005019094720040358,0.6832951236983673,0.005019094720040358,3,True,False
log_loss,E,audit,A,commute_over20,360,expanded_catchup,validation_person_weighted,3,3,True,0.6865940453516887,0.004469375245514653,0.6865940453516887,0.004469375245514653,3,True,False
log_loss,E,audit,A,commute_over20,360,expanded_catchup,development_evaluation_person_weighted,3,3,True,0.6848316858396555,0.0022264740014282668,0.6848316858396555,0.0022264740014282668,3,True,False
log_loss,E,audit,A,SEX,120,standard_independent,validation,3,3,True,0.6830696589945582,0.004455227866557679,0.6830696589945582,0.004455227866557679,3,True,False
log_loss,E,audit,A,SEX,120,standard_independent,development_evaluation,3,3,True,0.6839502723909041,0.002899560423013285,0.6839502723909041,0.002899560423013285,3,True,False
log_loss,E,audit,A,SEX,120,standard_independent,validation_person_weighted,3,3,True,0.6846089520509313,0.0017215824818669258,0.6846089520509313,0.0017215824818669258,3,True,False
log_loss,E,audit,A,SEX,120,standard_independent,development_evaluation_person_weighted,3,3,True,0.6862394263816826,0.0031891374934515672,0.6862394263816826,0.0031891374934515672,3,True,False
log_loss,E,audit,A,SEX,120,expanded_independent,validation,3,3,True,0.6830696589945582,0.004455227866557679,0.6830696589945582,0.004455227866557679,3,True,False
log_loss,E,audit,A,SEX,120,expanded_independent,development_evaluation,3,3,True,0.6839502723909041,0.002899560423013285,0.6839502723909041,0.002899560423013285,3,True,False
log_loss,E,audit,A,SEX,120,expanded_independent,validation_person_weighted,3,3,True,0.6846089520509313,0.0017215824818669258,0.6846089520509313,0.0017215824818669258,3,True,False
log_loss,E,audit,A,SEX,120,expanded_independent,development_evaluation_person_weighted,3,3,True,0.6862394263816826,0.0031891374934515672,0.6862394263816826,0.0031891374934515672,3,True,False
log_loss,E,audit,A,SEX,120,expanded_catchup,validation,3,3,True,0.6830696589945582,0.004455227866557679,0.6830696589945582,0.004455227866557679,3,True,False
log_loss,E,audit,A,SEX,120,expanded_catchup,development_evaluation,3,3,True,0.6839502723909041,0.002899560423013285,0.6839502723909041,0.002899560423013285,3,True,False
log_loss,E,audit,A,SEX,120,expanded_catchup,validation_person_weighted,3,3,True,0.6846089520509313,0.0017215824818669258,0.6846089520509313,0.0017215824818669258,3,True,False
log_loss,E,audit,A,SEX,120,expanded_catchup,development_evaluation_person_weighted,3,3,True,0.6862394263816826,0.0031891374934515672,0.6862394263816826,0.0031891374934515672,3,True,False
log_loss,E,audit,A,SEX,360,standard_independent,validation,3,3,True,0.6830696589945582,0.004455227866557679,0.6830696589945582,0.004455227866557679,3,True,False
log_loss,E,audit,A,SEX,360,standard_independent,development_evaluation,3,3,True,0.6839502723909041,0.002899560423013285,0.6839502723909041,0.002899560423013285,3,True,False
log_loss,E,audit,A,SEX,360,standard_independent,validation_person_weighted,3,3,True,0.6846089520509313,0.0017215824818669258,0.6846089520509313,0.0017215824818669258,3,True,False
log_loss,E,audit,A,SEX,360,standard_independent,development_evaluation_person_weighted,3,3,True,0.6862394263816826,0.0031891374934515672,0.6862394263816826,0.0031891374934515672,3,True,False
log_loss,E,audit,A,SEX,360,expanded_independent,validation,3,3,True,0.6830696589945582,0.004455227866557679,0.6830696589945582,0.004455227866557679,3,True,False
log_loss,E,audit,A,SEX,360,expanded_independent,development_evaluation,3,3,True,0.6839502723909041,0.002899560423013285,0.6839502723909041,0.002899560423013285,3,True,False
log_loss,E,audit,A,SEX,360,expanded_independent,validation_person_weighted,3,3,True,0.6846089520509313,0.0017215824818669258,0.6846089520509313,0.0017215824818669258,3,True,False
log_loss,E,audit,A,SEX,360,expanded_independent,development_evaluation_person_weighted,3,3,True,0.6862394263816826,0.0031891374934515672,0.6862394263816826,0.0031891374934515672,3,True,False
log_loss,E,audit,A,SEX,360,expanded_catchup,validation,3,3,True,0.6830696589945582,0.004455227866557679,0.6830696589945582,0.004455227866557679,3,True,False
log_loss,E,audit,A,SEX,360,expanded_catchup,development_evaluation,3,3,True,0.6839502723909041,0.002899560423013285,0.6839502723909041,0.002899560423013285,3,True,False
log_loss,E,audit,A,SEX,360,expanded_catchup,validation_person_weighted,3,3,True,0.6846089520509313,0.0017215824818669258,0.6846089520509313,0.0017215824818669258,3,True,False
log_loss,E,audit,A,SEX,360,expanded_catchup,development_evaluation_person_weighted,3,3,True,0.6862394263816826,0.0031891374934515672,0.6862394263816826,0.0031891374934515672,3,True,False
log_loss,E,audit,A,RAC1P,120,standard_independent,validation,3,3,True,1.242726645998476,0.014961418727021312,1.242726645998476,0.014961418727021312,3,True,False
log_loss,E,audit,A,RAC1P,120,standard_independent,development_evaluation,3,3,True,1.241934667555566,0.02687209594044272,1.241934667555566,0.02687209594044272,3,True,False
log_loss,E,audit,A,RAC1P,120,standard_independent,validation_person_weighted,3,3,True,1.2456759351147155,0.017125494510531875,1.2456759351147155,0.017125494510531875,3,True,False
log_loss,E,audit,A,RAC1P,120,standard_independent,development_evaluation_person_weighted,3,3,True,1.2447890637929564,0.04037605758661082,1.2447890637929564,0.04037605758661082,3,True,False
log_loss,E,audit,A,RAC1P,120,expanded_independent,validation,3,3,True,1.242726645998476,0.014961418727021312,1.242726645998476,0.014961418727021312,3,True,False
log_loss,E,audit,A,RAC1P,120,expanded_independent,development_evaluation,3,3,True,1.241934667555566,0.02687209594044272,1.241934667555566,0.02687209594044272,3,True,False
log_loss,E,audit,A,RAC1P,120,expanded_independent,validation_person_weighted,3,3,True,1.2456759351147155,0.017125494510531875,1.2456759351147155,0.017125494510531875,3,True,False
log_loss,E,audit,A,RAC1P,120,expanded_independent,development_evaluation_person_weighted,3,3,True,1.2447890637929564,0.04037605758661082,1.2447890637929564,0.04037605758661082,3,True,False
log_loss,E,audit,A,RAC1P,120,expanded_catchup,validation,3,3,True,1.242726645998476,0.014961418727021312,1.242726645998476,0.014961418727021312,3,True,False
log_loss,E,audit,A,RAC1P,120,expanded_catchup,development_evaluation,3,3,True,1.241934667555566,0.02687209594044272,1.241934667555566,0.02687209594044272,3,True,False
log_loss,E,audit,A,RAC1P,120,expanded_catchup,validation_person_weighted,3,3,True,1.2456759351147155,0.017125494510531875,1.2456759351147155,0.017125494510531875,3,True,False
log_loss,E,audit,A,RAC1P,120,expanded_catchup,development_evaluation_person_weighted,3,3,True,1.2447890637929564,0.04037605758661082,1.2447890637929564,0.04037605758661082,3,True,False
log_loss,E,audit,A,RAC1P,360,standard_independent,validation,3,3,True,1.242726645998476,0.014961418727021312,1.242726645998476,0.014961418727021312,3,True,False
log_loss,E,audit,A,RAC1P,360,standard_independent,development_evaluation,3,3,True,1.241934667555566,0.02687209594044272,1.241934667555566,0.02687209594044272,3,True,False
log_loss,E,audit,A,RAC1P,360,standard_independent,validation_person_weighted,3,3,True,1.2456759351147155,0.017125494510531875,1.2456759351147155,0.017125494510531875,3,True,False
log_loss,E,audit,A,RAC1P,360,standard_independent,development_evaluation_person_weighted,3,3,True,1.2447890637929564,0.04037605758661082,1.2447890637929564,0.04037605758661082,3,True,False
log_loss,E,audit,A,RAC1P,360,expanded_independent,validation,3,3,True,1.242726645998476,0.014961418727021312,1.242726645998476,0.014961418727021312,3,True,False
log_loss,E,audit,A,RAC1P,360,expanded_independent,development_evaluation,3,3,True,1.241934667555566,0.02687209594044272,1.241934667555566,0.02687209594044272,3,True,False
log_loss,E,audit,A,RAC1P,360,expanded_independent,validation_person_weighted,3,3,True,1.2456759351147155,0.017125494510531875,1.2456759351147155,0.017125494510531875,3,True,False
log_loss,E,audit,A,RAC1P,360,expanded_independent,development_evaluation_person_weighted,3,3,True,1.2447890637929564,0.04037605758661082,1.2447890637929564,0.04037605758661082,3,True,False
log_loss,E,audit,A,RAC1P,360,expanded_catchup,validation,3,3,True,1.242726645998476,0.014961418727021312,1.242726645998476,0.014961418727021312,3,True,False
log_loss,E,audit,A,RAC1P,360,expanded_catchup,development_evaluation,3,3,True,1.241934667555566,0.02687209594044272,1.241934667555566,0.02687209594044272,3,True,False
log_loss,E,audit,A,RAC1P,360,expanded_catchup,validation_person_weighted,3,3,True,1.2456759351147155,0.017125494510531875,1.2456759351147155,0.017125494510531875,3,True,False
log_loss,E,audit,A,RAC1P,360,expanded_catchup,development_evaluation_person_weighted,3,3,True,1.2447890637929564,0.04037605758661082,1.2447890637929564,0.04037605758661082,3,True,False
log_loss,E,audit,B,income_binary,120,standard_independent,validation,3,3,True,0.34637265779623677,0.026548754539655318,0.34637265779623677,0.026548754539655318,3,True,False
log_loss,E,audit,B,income_binary,120,standard_independent,development_evaluation,3,3,True,0.34222498601213264,0.010370652178730302,0.34222498601213264,0.010370652178730302,3,True,False
log_loss,E,audit,B,income_binary,120,standard_independent,validation_person_weighted,3,3,True,0.3526804627958246,0.02533152096231036,0.3526804627958246,0.02533152096231036,3,True,False
log_loss,E,audit,B,income_binary,120,standard_independent,development_evaluation_person_weighted,3,3,True,0.35487390889597964,0.009466529128579083,0.35487390889597964,0.009466529128579083,3,True,False
log_loss,E,audit,B,income_binary,120,expanded_independent,validation,3,3,True,0.34637265779623677,0.026548754539655318,0.34637265779623677,0.026548754539655318,3,True,False
log_loss,E,audit,B,income_binary,120,expanded_independent,development_evaluation,3,3,True,0.34222498601213264,0.010370652178730302,0.34222498601213264,0.010370652178730302,3,True,False
log_loss,E,audit,B,income_binary,120,expanded_independent,validation_person_weighted,3,3,True,0.3526804627958246,0.02533152096231036,0.3526804627958246,0.02533152096231036,3,True,False
log_loss,E,audit,B,income_binary,120,expanded_independent,development_evaluation_person_weighted,3,3,True,0.35487390889597964,0.009466529128579083,0.35487390889597964,0.009466529128579083,3,True,False
log_loss,E,audit,B,income_binary,120,expanded_catchup,validation,3,3,True,0.34637265779623677,0.026548754539655318,0.34637265779623677,0.026548754539655318,3,True,False
log_loss,E,audit,B,income_binary,120,expanded_catchup,development_evaluation,3,3,True,0.34222498601213264,0.010370652178730302,0.34222498601213264,0.010370652178730302,3,True,False
log_loss,E,audit,B,income_binary,120,expanded_catchup,validation_person_weighted,3,3,True,0.3526804627958246,0.02533152096231036,0.3526804627958246,0.02533152096231036,3,True,False
log_loss,E,audit,B,income_binary,120,expanded_catchup,development_evaluation_person_weighted,3,3,True,0.35487390889597964,0.009466529128579083,0.35487390889597964,0.009466529128579083,3,True,False
log_loss,E,audit,B,income_binary,360,standard_independent,validation,3,3,True,0.34637265779623677,0.026548754539655318,0.34637265779623677,0.026548754539655318,3,True,False
log_loss,E,audit,B,income_binary,360,standard_independent,development_evaluation,3,3,True,0.34222498601213264,0.010370652178730302,0.34222498601213264,0.010370652178730302,3,True,False
log_loss,E,audit,B,income_binary,360,standard_independent,validation_person_weighted,3,3,True,0.3526804627958246,0.02533152096231036,0.3526804627958246,0.02533152096231036,3,True,False
log_loss,E,audit,B,income_binary,360,standard_independent,development_evaluation_person_weighted,3,3,True,0.35487390889597964,0.009466529128579083,0.35487390889597964,0.009466529128579083,3,True,False
log_loss,E,audit,B,income_binary,360,expanded_independent,validation,3,3,True,0.34637265779623677,0.026548754539655318,0.34637265779623677,0.026548754539655318,3,True,False
log_loss,E,audit,B,income_binary,360,expanded_independent,development_evaluation,3,3,True,0.34222498601213264,0.010370652178730302,0.34222498601213264,0.010370652178730302,3,True,False
log_loss,E,audit,B,income_binary,360,expanded_independent,validation_person_weighted,3,3,True,0.3526804627958246,0.02533152096231036,0.3526804627958246,0.02533152096231036,3,True,False
log_loss,E,audit,B,income_binary,360,expanded_independent,development_evaluation_person_weighted,3,3,True,0.35487390889597964,0.009466529128579083,0.35487390889597964,0.009466529128579083,3,True,False
log_loss,E,audit,B,income_binary,360,expanded_catchup,validation,3,3,True,0.34637265779623677,0.026548754539655318,0.34637265779623677,0.026548754539655318,3,True,False
log_loss,E,audit,B,income_binary,360,expanded_catchup,development_evaluation,3,3,True,0.34222498601213264,0.010370652178730302,0.34222498601213264,0.010370652178730302,3,True,False
log_loss,E,audit,B,income_binary,360,expanded_catchup,validation_person_weighted,3,3,True,0.3526804627958246,0.02533152096231036,0.3526804627958246,0.02533152096231036,3,True,False
log_loss,E,audit,B,income_binary,360,expanded_catchup,development_evaluation_person_weighted,3,3,True,0.35487390889597964,0.009466529128579083,0.35487390889597964,0.009466529128579083,3,True,False
log_loss,E,audit,B,civilian_at_work,120,standard_independent,validation,3,3,True,0.37186811740674974,0.0365035077531885,0.37186811740674974,0.0365035077531885,3,True,False
log_loss,E,audit,B,civilian_at_work,120,standard_independent,development_evaluation,3,3,True,0.3680592704921931,0.017133221800324828,0.3680592704921931,0.017133221800324828,3,True,False
log_loss,E,audit,B,civilian_at_work,120,standard_independent,validation_person_weighted,3,3,True,0.34817122354054697,0.0437537709808898,0.34817122354054697,0.0437537709808898,3,True,False
log_loss,E,audit,B,civilian_at_work,120,standard_independent,development_evaluation_person_weighted,3,3,True,0.3478773084231122,0.018664204980367916,0.3478773084231122,0.018664204980367916,3,True,False
log_loss,E,audit,B,civilian_at_work,120,expanded_independent,validation,3,3,True,0.37186811740674974,0.0365035077531885,0.37186811740674974,0.0365035077531885,3,True,False
log_loss,E,audit,B,civilian_at_work,120,expanded_independent,development_evaluation,3,3,True,0.3680592704921931,0.017133221800324828,0.3680592704921931,0.017133221800324828,3,True,False
log_loss,E,audit,B,civilian_at_work,120,expanded_independent,validation_person_weighted,3,3,True,0.34817122354054697,0.0437537709808898,0.34817122354054697,0.0437537709808898,3,True,False
log_loss,E,audit,B,civilian_at_work,120,expanded_independent,development_evaluation_person_weighted,3,3,True,0.3478773084231122,0.018664204980367916,0.3478773084231122,0.018664204980367916,3,True,False
log_loss,E,audit,B,civilian_at_work,120,expanded_catchup,validation,3,3,True,0.37186811740674974,0.0365035077531885,0.37186811740674974,0.0365035077531885,3,True,False
log_loss,E,audit,B,civilian_at_work,120,expanded_catchup,development_evaluation,3,3,True,0.3680592704921931,0.017133221800324828,0.3680592704921931,0.017133221800324828,3,True,False
log_loss,E,audit,B,civilian_at_work,120,expanded_catchup,validation_person_weighted,3,3,True,0.34817122354054697,0.0437537709808898,0.34817122354054697,0.0437537709808898,3,True,False
log_loss,E,audit,B,civilian_at_work,120,expanded_catchup,development_evaluation_person_weighted,3,3,True,0.3478773084231122,0.018664204980367916,0.3478773084231122,0.018664204980367916,3,True,False
log_loss,E,audit,B,civilian_at_work,360,standard_independent,validation,3,3,True,0.37092469642373305,0.034906417809889026,0.37092469642373305,0.034906417809889026,3,True,False
log_loss,E,audit,B,civilian_at_work,360,standard_independent,development_evaluation,3,3,True,0.36777096931639525,0.016635319248010295,0.36777096931639525,0.016635319248010295,3,True,False
log_loss,E,audit,B,civilian_at_work,360,standard_independent,validation_person_weighted,3,3,True,0.34703923314337476,0.041793112355983035,0.34703923314337476,0.041793112355983035,3,True,False
log_loss,E,audit,B,civilian_at_work,360,standard_independent,development_evaluation_person_weighted,3,3,True,0.3475247747852964,0.018057380516766468,0.3475247747852964,0.018057380516766468,3,True,False
log_loss,E,audit,B,civilian_at_work,360,expanded_independent,validation,3,3,True,0.37092469642373305,0.034906417809889026,0.37092469642373305,0.034906417809889026,3,True,False
log_loss,E,audit,B,civilian_at_work,360,expanded_independent,development_evaluation,3,3,True,0.36777096931639525,0.016635319248010295,0.36777096931639525,0.016635319248010295,3,True,False
log_loss,E,audit,B,civilian_at_work,360,expanded_independent,validation_person_weighted,3,3,True,0.34703923314337476,0.041793112355983035,0.34703923314337476,0.041793112355983035,3,True,False
log_loss,E,audit,B,civilian_at_work,360,expanded_independent,development_evaluation_person_weighted,3,3,True,0.3475247747852964,0.018057380516766468,0.3475247747852964,0.018057380516766468,3,True,False
log_loss,E,audit,B,civilian_at_work,360,expanded_catchup,validation,3,3,True,0.37092469642373305,0.034906417809889026,0.37092469642373305,0.034906417809889026,3,True,False
log_loss,E,audit,B,civilian_at_work,360,expanded_catchup,development_evaluation,3,3,True,0.36777096931639525,0.016635319248010295,0.36777096931639525,0.016635319248010295,3,True,False
log_loss,E,audit,B,civilian_at_work,360,expanded_catchup,validation_person_weighted,3,3,True,0.34703923314337476,0.041793112355983035,0.34703923314337476,0.041793112355983035,3,True,False
log_loss,E,audit,B,civilian_at_work,360,expanded_catchup,development_evaluation_person_weighted,3,3,True,0.3475247747852964,0.018057380516766468,0.3475247747852964,0.018057380516766468,3,True,False
log_loss,E,audit,B,same_residence,120,standard_independent,validation,3,3,True,0.5027017751087244,0.01330527835994343,0.5027017751087244,0.01330527835994343,3,True,False
log_loss,E,audit,B,same_residence,120,standard_independent,development_evaluation,3,3,True,0.4983985477771508,0.002795310465421074,0.4983985477771508,0.002795310465421074,3,True,False
log_loss,E,audit,B,same_residence,120,standard_independent,validation_person_weighted,3,3,True,0.48189943479105335,0.017030036640234076,0.48189943479105335,0.017030036640234076,3,True,False
log_loss,E,audit,B,same_residence,120,standard_independent,development_evaluation_person_weighted,3,3,True,0.4780584453624497,0.0059469469724296046,0.4780584453624497,0.0059469469724296046,3,True,False
log_loss,E,audit,B,same_residence,120,expanded_independent,validation,3,3,True,0.5027017751087244,0.01330527835994343,0.5027017751087244,0.01330527835994343,3,True,False
log_loss,E,audit,B,same_residence,120,expanded_independent,development_evaluation,3,3,True,0.4983985477771508,0.002795310465421074,0.4983985477771508,0.002795310465421074,3,True,False
log_loss,E,audit,B,same_residence,120,expanded_independent,validation_person_weighted,3,3,True,0.48189943479105335,0.017030036640234076,0.48189943479105335,0.017030036640234076,3,True,False
log_loss,E,audit,B,same_residence,120,expanded_independent,development_evaluation_person_weighted,3,3,True,0.4780584453624497,0.0059469469724296046,0.4780584453624497,0.0059469469724296046,3,True,False
log_loss,E,audit,B,same_residence,120,expanded_catchup,validation,3,3,True,0.5027017751087244,0.01330527835994343,0.5027017751087244,0.01330527835994343,3,True,False
log_loss,E,audit,B,same_residence,120,expanded_catchup,development_evaluation,3,3,True,0.4983985477771508,0.002795310465421074,0.4983985477771508,0.002795310465421074,3,True,False
log_loss,E,audit,B,same_residence,120,expanded_catchup,validation_person_weighted,3,3,True,0.48189943479105335,0.017030036640234076,0.48189943479105335,0.017030036640234076,3,True,False
log_loss,E,audit,B,same_residence,120,expanded_catchup,development_evaluation_person_weighted,3,3,True,0.4780584453624497,0.0059469469724296046,0.4780584453624497,0.0059469469724296046,3,True,False
log_loss,E,audit,B,same_residence,360,standard_independent,validation,3,3,True,0.5027017751087244,0.01330527835994343,0.5027017751087244,0.01330527835994343,3,True,False
log_loss,E,audit,B,same_residence,360,standard_independent,development_evaluation,3,3,True,0.4983985477771508,0.002795310465421074,0.4983985477771508,0.002795310465421074,3,True,False
log_loss,E,audit,B,same_residence,360,standard_independent,validation_person_weighted,3,3,True,0.48189943479105335,0.017030036640234076,0.48189943479105335,0.017030036640234076,3,True,False
log_loss,E,audit,B,same_residence,360,standard_independent,development_evaluation_person_weighted,3,3,True,0.4780584453624497,0.0059469469724296046,0.4780584453624497,0.0059469469724296046,3,True,False
log_loss,E,audit,B,same_residence,360,expanded_independent,validation,3,3,True,0.5027017751087244,0.01330527835994343,0.5027017751087244,0.01330527835994343,3,True,False
log_loss,E,audit,B,same_residence,360,expanded_independent,development_evaluation,3,3,True,0.4983985477771508,0.002795310465421074,0.4983985477771508,0.002795310465421074,3,True,False
log_loss,E,audit,B,same_residence,360,expanded_independent,validation_person_weighted,3,3,True,0.48189943479105335,0.017030036640234076,0.48189943479105335,0.017030036640234076,3,True,False
log_loss,E,audit,B,same_residence,360,expanded_independent,development_evaluation_person_weighted,3,3,True,0.4780584453624497,0.0059469469724296046,0.4780584453624497,0.0059469469724296046,3,True,False
log_loss,E,audit,B,same_residence,360,expanded_catchup,validation,3,3,True,0.5027017751087244,0.01330527835994343,0.5027017751087244,0.01330527835994343,3,True,False
log_loss,E,audit,B,same_residence,360,expanded_catchup,development_evaluation,3,3,True,0.4983985477771508,0.002795310465421074,0.4983985477771508,0.002795310465421074,3,True,False
log_loss,E,audit,B,same_residence,360,expanded_catchup,validation_person_weighted,3,3,True,0.48189943479105335,0.017030036640234076,0.48189943479105335,0.017030036640234076,3,True,False
log_loss,E,audit,B,same_residence,360,expanded_catchup,development_evaluation_person_weighted,3,3,True,0.4780584453624497,0.0059469469724296046,0.4780584453624497,0.0059469469724296046,3,True,False
log_loss,E,audit,B,SEX,120,standard_independent,validation,3,3,True,0.6824956774675464,0.0038908541730319234,0.6824956774675464,0.0038908541730319234,3,True,False
log_loss,E,audit,B,SEX,120,standard_independent,development_evaluation,3,3,True,0.6848374929949597,0.0023487362228989655,0.6848374929949597,0.0023487362228989655,3,True,False
log_loss,E,audit,B,SEX,120,standard_independent,validation_person_weighted,3,3,True,0.683527444447348,0.0016985567248957983,0.683527444447348,0.0016985567248957983,3,True,False
log_loss,E,audit,B,SEX,120,standard_independent,development_evaluation_person_weighted,3,3,True,0.6879228452820366,0.001997029258840837,0.6879228452820366,0.001997029258840837,3,True,False
log_loss,E,audit,B,SEX,120,expanded_independent,validation,3,3,True,0.6824956774675464,0.0038908541730319234,0.6824956774675464,0.0038908541730319234,3,True,False
log_loss,E,audit,B,SEX,120,expanded_independent,development_evaluation,3,3,True,0.6848374929949597,0.0023487362228989655,0.6848374929949597,0.0023487362228989655,3,True,False
log_loss,E,audit,B,SEX,120,expanded_independent,validation_person_weighted,3,3,True,0.683527444447348,0.0016985567248957983,0.683527444447348,0.0016985567248957983,3,True,False
log_loss,E,audit,B,SEX,120,expanded_independent,development_evaluation_person_weighted,3,3,True,0.6879228452820366,0.001997029258840837,0.6879228452820366,0.001997029258840837,3,True,False
log_loss,E,audit,B,SEX,120,expanded_catchup,validation,3,3,True,0.6824956774675464,0.0038908541730319234,0.6824956774675464,0.0038908541730319234,3,True,False
log_loss,E,audit,B,SEX,120,expanded_catchup,development_evaluation,3,3,True,0.6848374929949597,0.0023487362228989655,0.6848374929949597,0.0023487362228989655,3,True,False
log_loss,E,audit,B,SEX,120,expanded_catchup,validation_person_weighted,3,3,True,0.683527444447348,0.0016985567248957983,0.683527444447348,0.0016985567248957983,3,True,False
log_loss,E,audit,B,SEX,120,expanded_catchup,development_evaluation_person_weighted,3,3,True,0.6879228452820366,0.001997029258840837,0.6879228452820366,0.001997029258840837,3,True,False
log_loss,E,audit,B,SEX,360,standard_independent,validation,3,3,True,0.6824956774675464,0.0038908541730319234,0.6824956774675464,0.0038908541730319234,3,True,False
log_loss,E,audit,B,SEX,360,standard_independent,development_evaluation,3,3,True,0.6848374929949597,0.0023487362228989655,0.6848374929949597,0.0023487362228989655,3,True,False
log_loss,E,audit,B,SEX,360,standard_independent,validation_person_weighted,3,3,True,0.683527444447348,0.0016985567248957983,0.683527444447348,0.0016985567248957983,3,True,False
log_loss,E,audit,B,SEX,360,standard_independent,development_evaluation_person_weighted,3,3,True,0.6879228452820366,0.001997029258840837,0.6879228452820366,0.001997029258840837,3,True,False
log_loss,E,audit,B,SEX,360,expanded_independent,validation,3,3,True,0.6824956774675464,0.0038908541730319234,0.6824956774675464,0.0038908541730319234,3,True,False
log_loss,E,audit,B,SEX,360,expanded_independent,development_evaluation,3,3,True,0.6848374929949597,0.0023487362228989655,0.6848374929949597,0.0023487362228989655,3,True,False
log_loss,E,audit,B,SEX,360,expanded_independent,validation_person_weighted,3,3,True,0.683527444447348,0.0016985567248957983,0.683527444447348,0.0016985567248957983,3,True,False
log_loss,E,audit,B,SEX,360,expanded_independent,development_evaluation_person_weighted,3,3,True,0.6879228452820366,0.001997029258840837,0.6879228452820366,0.001997029258840837,3,True,False
log_loss,E,audit,B,SEX,360,expanded_catchup,validation,3,3,True,0.6824956774675464,0.0038908541730319234,0.6824956774675464,0.0038908541730319234,3,True,False
log_loss,E,audit,B,SEX,360,expanded_catchup,development_evaluation,3,3,True,0.6848374929949597,0.0023487362228989655,0.6848374929949597,0.0023487362228989655,3,True,False
log_loss,E,audit,B,SEX,360,expanded_catchup,validation_person_weighted,3,3,True,0.683527444447348,0.0016985567248957983,0.683527444447348,0.0016985567248957983,3,True,False
log_loss,E,audit,B,SEX,360,expanded_catchup,development_evaluation_person_weighted,3,3,True,0.6879228452820366,0.001997029258840837,0.6879228452820366,0.001997029258840837,3,True,False
log_loss,E,audit,B,RAC1P,120,standard_independent,validation,3,3,True,1.2391827986677504,0.01905670074827879,1.2391827986677504,0.01905670074827879,3,True,False
log_loss,E,audit,B,RAC1P,120,standard_independent,development_evaluation,3,3,True,1.23859435485124,0.02307485342071922,1.23859435485124,0.02307485342071922,3,True,False
log_loss,E,audit,B,RAC1P,120,standard_independent,validation_person_weighted,3,3,True,1.2415797151717438,0.016394023470008904,1.2415797151717438,0.016394023470008904,3,True,False
log_loss,E,audit,B,RAC1P,120,standard_independent,development_evaluation_person_weighted,3,3,True,1.2397666198958328,0.037157566471929304,1.2397666198958328,0.037157566471929304,3,True,False
log_loss,E,audit,B,RAC1P,120,expanded_independent,validation,3,3,True,1.2391827986677504,0.01905670074827879,1.2391827986677504,0.01905670074827879,3,True,False
log_loss,E,audit,B,RAC1P,120,expanded_independent,development_evaluation,3,3,True,1.23859435485124,0.02307485342071922,1.23859435485124,0.02307485342071922,3,True,False
log_loss,E,audit,B,RAC1P,120,expanded_independent,validation_person_weighted,3,3,True,1.2415797151717438,0.016394023470008904,1.2415797151717438,0.016394023470008904,3,True,False
log_loss,E,audit,B,RAC1P,120,expanded_independent,development_evaluation_person_weighted,3,3,True,1.2397666198958328,0.037157566471929304,1.2397666198958328,0.037157566471929304,3,True,False
log_loss,E,audit,B,RAC1P,120,expanded_catchup,validation,3,3,True,1.2391827986677504,0.01905670074827879,1.2391827986677504,0.01905670074827879,3,True,False
log_loss,E,audit,B,RAC1P,120,expanded_catchup,development_evaluation,3,3,True,1.23859435485124,0.02307485342071922,1.23859435485124,0.02307485342071922,3,True,False
log_loss,E,audit,B,RAC1P,120,expanded_catchup,validation_person_weighted,3,3,True,1.2415797151717438,0.016394023470008904,1.2415797151717438,0.016394023470008904,3,True,False
log_loss,E,audit,B,RAC1P,120,expanded_catchup,development_evaluation_person_weighted,3,3,True,1.2397666198958328,0.037157566471929304,1.2397666198958328,0.037157566471929304,3,True,False
log_loss,E,audit,B,RAC1P,360,standard_independent,validation,3,3,True,1.2391827986677504,0.01905670074827879,1.2391827986677504,0.01905670074827879,3,True,False
log_loss,E,audit,B,RAC1P,360,standard_independent,development_evaluation,3,3,True,1.23859435485124,0.02307485342071922,1.23859435485124,0.02307485342071922,3,True,False
log_loss,E,audit,B,RAC1P,360,standard_independent,validation_person_weighted,3,3,True,1.2415797151717438,0.016394023470008904,1.2415797151717438,0.016394023470008904,3,True,False
log_loss,E,audit,B,RAC1P,360,standard_independent,development_evaluation_person_weighted,3,3,True,1.2397666198958328,0.037157566471929304,1.2397666198958328,0.037157566471929304,3,True,False
log_loss,E,audit,B,RAC1P,360,expanded_independent,validation,3,3,True,1.2391827986677504,0.01905670074827879,1.2391827986677504,0.01905670074827879,3,True,False
log_loss,E,audit,B,RAC1P,360,expanded_independent,development_evaluation,3,3,True,1.23859435485124,0.02307485342071922,1.23859435485124,0.02307485342071922,3,True,False
log_loss,E,audit,B,RAC1P,360,expanded_independent,validation_person_weighted,3,3,True,1.2415797151717438,0.016394023470008904,1.2415797151717438,0.016394023470008904,3,True,False
log_loss,E,audit,B,RAC1P,360,expanded_independent,development_evaluation_person_weighted,3,3,True,1.2397666198958328,0.037157566471929304,1.2397666198958328,0.037157566471929304,3,True,False
log_loss,E,audit,B,RAC1P,360,expanded_catchup,validation,3,3,True,1.2391827986677504,0.01905670074827879,1.2391827986677504,0.01905670074827879,3,True,False
log_loss,E,audit,B,RAC1P,360,expanded_catchup,development_evaluation,3,3,True,1.23859435485124,0.02307485342071922,1.23859435485124,0.02307485342071922,3,True,False
log_loss,E,audit,B,RAC1P,360,expanded_catchup,validation_person_weighted,3,3,True,1.2415797151717438,0.016394023470008904,1.2415797151717438,0.016394023470008904,3,True,False
log_loss,E,audit,B,RAC1P,360,expanded_catchup,development_evaluation_person_weighted,3,3,True,1.2397666198958328,0.037157566471929304,1.2397666198958328,0.037157566471929304,3,True,False
log_loss,E,audit,AB,SEX,120,standard_independent,validation,3,3,True,0.6821817221186397,0.00433560482144256,0.6821817221186397,0.00433560482144256,3,True,False
log_loss,E,audit,AB,SEX,120,standard_independent,development_evaluation,3,3,True,0.684484914332057,0.003842125157597962,0.684484914332057,0.003842125157597962,3,True,False
log_loss,E,audit,AB,SEX,120,standard_independent,validation_person_weighted,3,3,True,0.6835251636847038,0.0009876398866842879,0.6835251636847038,0.0009876398866842879,3,True,False
log_loss,E,audit,AB,SEX,120,standard_independent,development_evaluation_person_weighted,3,3,True,0.6876191994569892,0.003348542893830536,0.6876191994569892,0.003348542893830536,3,True,False
log_loss,E,audit,AB,SEX,120,expanded_independent,validation,3,3,True,0.6821817221186397,0.00433560482144256,0.6821817221186397,0.00433560482144256,3,True,False
log_loss,E,audit,AB,SEX,120,expanded_independent,development_evaluation,3,3,True,0.684484914332057,0.003842125157597962,0.684484914332057,0.003842125157597962,3,True,False
log_loss,E,audit,AB,SEX,120,expanded_independent,validation_person_weighted,3,3,True,0.6835251636847038,0.0009876398866842879,0.6835251636847038,0.0009876398866842879,3,True,False
log_loss,E,audit,AB,SEX,120,expanded_independent,development_evaluation_person_weighted,3,3,True,0.6876191994569892,0.003348542893830536,0.6876191994569892,0.003348542893830536,3,True,False
log_loss,E,audit,AB,SEX,120,expanded_catchup,validation,3,3,True,0.6821817221186397,0.00433560482144256,0.6821817221186397,0.00433560482144256,3,True,False
log_loss,E,audit,AB,SEX,120,expanded_catchup,development_evaluation,3,3,True,0.684484914332057,0.003842125157597962,0.684484914332057,0.003842125157597962,3,True,False
log_loss,E,audit,AB,SEX,120,expanded_catchup,validation_person_weighted,3,3,True,0.6835251636847038,0.0009876398866842879,0.6835251636847038,0.0009876398866842879,3,True,False
log_loss,E,audit,AB,SEX,120,expanded_catchup,development_evaluation_person_weighted,3,3,True,0.6876191994569892,0.003348542893830536,0.6876191994569892,0.003348542893830536,3,True,False
log_loss,E,audit,AB,SEX,360,standard_independent,validation,3,3,True,0.6821817221186397,0.00433560482144256,0.6821817221186397,0.00433560482144256,3,True,False
log_loss,E,audit,AB,SEX,360,standard_independent,development_evaluation,3,3,True,0.684484914332057,0.003842125157597962,0.684484914332057,0.003842125157597962,3,True,False
log_loss,E,audit,AB,SEX,360,standard_independent,validation_person_weighted,3,3,True,0.6835251636847038,0.0009876398866842879,0.6835251636847038,0.0009876398866842879,3,True,False
log_loss,E,audit,AB,SEX,360,standard_independent,development_evaluation_person_weighted,3,3,True,0.6876191994569892,0.003348542893830536,0.6876191994569892,0.003348542893830536,3,True,False
log_loss,E,audit,AB,SEX,360,expanded_independent,validation,3,3,True,0.6821817221186397,0.00433560482144256,0.6821817221186397,0.00433560482144256,3,True,False
log_loss,E,audit,AB,SEX,360,expanded_independent,development_evaluation,3,3,True,0.684484914332057,0.003842125157597962,0.684484914332057,0.003842125157597962,3,True,False
log_loss,E,audit,AB,SEX,360,expanded_independent,validation_person_weighted,3,3,True,0.6835251636847038,0.0009876398866842879,0.6835251636847038,0.0009876398866842879,3,True,False
log_loss,E,audit,AB,SEX,360,expanded_independent,development_evaluation_person_weighted,3,3,True,0.6876191994569892,0.003348542893830536,0.6876191994569892,0.003348542893830536,3,True,False
log_loss,E,audit,AB,SEX,360,expanded_catchup,validation,3,3,True,0.6821817221186397,0.00433560482144256,0.6821817221186397,0.00433560482144256,3,True,False
log_loss,E,audit,AB,SEX,360,expanded_catchup,development_evaluation,3,3,True,0.684484914332057,0.003842125157597962,0.684484914332057,0.003842125157597962,3,True,False
log_loss,E,audit,AB,SEX,360,expanded_catchup,validation_person_weighted,3,3,True,0.6835251636847038,0.0009876398866842879,0.6835251636847038,0.0009876398866842879,3,True,False
log_loss,E,audit,AB,SEX,360,expanded_catchup,development_evaluation_person_weighted,3,3,True,0.6876191994569892,0.003348542893830536,0.6876191994569892,0.003348542893830536,3,True,False
log_loss,E,audit,AB,RAC1P,120,standard_independent,validation,3,3,True,1.2388745161321961,0.01858149182706079,1.2388745161321961,0.01858149182706079,3,True,False
log_loss,E,audit,AB,RAC1P,120,standard_independent,development_evaluation,3,3,True,1.2373300010086135,0.023114913006919948,1.2373300010086135,0.023114913006919948,3,True,False
log_loss,E,audit,AB,RAC1P,120,standard_independent,validation_person_weighted,3,3,True,1.2434238415301875,0.01948884836555066,1.2434238415301875,0.01948884836555066,3,True,False
log_loss,E,audit,AB,RAC1P,120,standard_independent,development_evaluation_person_weighted,3,3,True,1.2410103240643853,0.03600056918800288,1.2410103240643853,0.03600056918800288,3,True,False
log_loss,E,audit,AB,RAC1P,120,expanded_independent,validation,3,3,True,1.2388745161321961,0.01858149182706079,1.2388745161321961,0.01858149182706079,3,True,False
log_loss,E,audit,AB,RAC1P,120,expanded_independent,development_evaluation,3,3,True,1.2373300010086135,0.023114913006919948,1.2373300010086135,0.023114913006919948,3,True,False
log_loss,E,audit,AB,RAC1P,120,expanded_independent,validation_person_weighted,3,3,True,1.2434238415301875,0.01948884836555066,1.2434238415301875,0.01948884836555066,3,True,False
log_loss,E,audit,AB,RAC1P,120,expanded_independent,development_evaluation_person_weighted,3,3,True,1.2410103240643853,0.03600056918800288,1.2410103240643853,0.03600056918800288,3,True,False
log_loss,E,audit,AB,RAC1P,120,expanded_catchup,validation,3,3,True,1.2388745161321961,0.01858149182706079,1.2388745161321961,0.01858149182706079,3,True,False
log_loss,E,audit,AB,RAC1P,120,expanded_catchup,development_evaluation,3,3,True,1.2373300010086135,0.023114913006919948,1.2373300010086135,0.023114913006919948,3,True,False
log_loss,E,audit,AB,RAC1P,120,expanded_catchup,validation_person_weighted,3,3,True,1.2434238415301875,0.01948884836555066,1.2434238415301875,0.01948884836555066,3,True,False
log_loss,E,audit,AB,RAC1P,120,expanded_catchup,development_evaluation_person_weighted,3,3,True,1.2410103240643853,0.03600056918800288,1.2410103240643853,0.03600056918800288,3,True,False
log_loss,E,audit,AB,RAC1P,360,standard_independent,validation,3,3,True,1.2388745161321961,0.01858149182706079,1.2388745161321961,0.01858149182706079,3,True,False
log_loss,E,audit,AB,RAC1P,360,standard_independent,development_evaluation,3,3,True,1.2373300010086135,0.023114913006919948,1.2373300010086135,0.023114913006919948,3,True,False
log_loss,E,audit,AB,RAC1P,360,standard_independent,validation_person_weighted,3,3,True,1.2434238415301875,0.01948884836555066,1.2434238415301875,0.01948884836555066,3,True,False
log_loss,E,audit,AB,RAC1P,360,standard_independent,development_evaluation_person_weighted,3,3,True,1.2410103240643853,0.03600056918800288,1.2410103240643853,0.03600056918800288,3,True,False
log_loss,E,audit,AB,RAC1P,360,expanded_independent,validation,3,3,True,1.2388745161321961,0.01858149182706079,1.2388745161321961,0.01858149182706079,3,True,False
log_loss,E,audit,AB,RAC1P,360,expanded_independent,development_evaluation,3,3,True,1.2373300010086135,0.023114913006919948,1.2373300010086135,0.023114913006919948,3,True,False
log_loss,E,audit,AB,RAC1P,360,expanded_independent,validation_person_weighted,3,3,True,1.2434238415301875,0.01948884836555066,1.2434238415301875,0.01948884836555066,3,True,False
log_loss,E,audit,AB,RAC1P,360,expanded_independent,development_evaluation_person_weighted,3,3,True,1.2410103240643853,0.03600056918800288,1.2410103240643853,0.03600056918800288,3,True,False
log_loss,E,audit,AB,RAC1P,360,expanded_catchup,validation,3,3,True,1.2388745161321961,0.01858149182706079,1.2388745161321961,0.01858149182706079,3,True,False
log_loss,E,audit,AB,RAC1P,360,expanded_catchup,development_evaluation,3,3,True,1.2373300010086135,0.023114913006919948,1.2373300010086135,0.023114913006919948,3,True,False
log_loss,E,audit,AB,RAC1P,360,expanded_catchup,validation_person_weighted,3,3,True,1.2434238415301875,0.01948884836555066,1.2434238415301875,0.01948884836555066,3,True,False
log_loss,E,audit,AB,RAC1P,360,expanded_catchup,development_evaluation_person_weighted,3,3,True,1.2410103240643853,0.03600056918800288,1.2410103240643853,0.03600056918800288,3,True,False
signed_prior_relative_gain,F_I,audit,A,public_coverage,120,standard_independent,validation,3,3,True,0.048319444361241935,0.0011029871557676776,0.048319444361241935,0.0011029871557676776,3,True,False
signed_prior_relative_gain,F_I,audit,A,public_coverage,120,standard_independent,development_evaluation,3,3,True,0.049357776435547285,0.004210648265263637,0.049357776435547285,0.004210648265263637,3,True,False
signed_prior_relative_gain,F_I,audit,A,public_coverage,120,standard_independent,validation_person_weighted,3,3,True,0.04337893898352516,0.005840786243475352,0.04337893898352516,0.005840786243475352,3,True,False
signed_prior_relative_gain,F_I,audit,A,public_coverage,120,standard_independent,development_evaluation_person_weighted,3,3,True,0.051021107303675706,0.0005808699713720634,0.051021107303675706,0.0005808699713720634,3,True,False
signed_prior_relative_gain,F_I,audit,A,public_coverage,120,expanded_independent,validation,3,3,True,0.048319444361241935,0.0011029871557676776,0.048319444361241935,0.0011029871557676776,3,True,False
signed_prior_relative_gain,F_I,audit,A,public_coverage,120,expanded_independent,development_evaluation,3,3,True,0.049357776435547285,0.004210648265263637,0.049357776435547285,0.004210648265263637,3,True,False
signed_prior_relative_gain,F_I,audit,A,public_coverage,120,expanded_independent,validation_person_weighted,3,3,True,0.04337893898352516,0.005840786243475352,0.04337893898352516,0.005840786243475352,3,True,False
signed_prior_relative_gain,F_I,audit,A,public_coverage,120,expanded_independent,development_evaluation_person_weighted,3,3,True,0.051021107303675706,0.0005808699713720634,0.051021107303675706,0.0005808699713720634,3,True,False
signed_prior_relative_gain,F_I,audit,A,public_coverage,120,expanded_catchup,validation,3,3,True,0.05163869285491155,0.004674859899375287,0.05163869285491155,0.004674859899375287,3,True,False
signed_prior_relative_gain,F_I,audit,A,public_coverage,120,expanded_catchup,development_evaluation,3,3,True,0.04778542490676844,0.0013497928883260627,0.04778542490676844,0.0013497928883260627,3,True,False
signed_prior_relative_gain,F_I,audit,A,public_coverage,120,expanded_catchup,validation_person_weighted,3,3,True,0.04339634068045132,0.007097546334630766,0.04339634068045132,0.007097546334630766,3,True,False
signed_prior_relative_gain,F_I,audit,A,public_coverage,120,expanded_catchup,development_evaluation_person_weighted,3,3,True,0.04746546991820233,0.002163637872644204,0.04746546991820233,0.002163637872644204,3,True,False
signed_prior_relative_gain,F_I,audit,A,public_coverage,360,standard_independent,validation,3,3,True,0.048319444361241935,0.0011029871557676776,0.048319444361241935,0.0011029871557676776,3,True,False
signed_prior_relative_gain,F_I,audit,A,public_coverage,360,standard_independent,development_evaluation,3,3,True,0.049357776435547285,0.004210648265263637,0.049357776435547285,0.004210648265263637,3,True,False
signed_prior_relative_gain,F_I,audit,A,public_coverage,360,standard_independent,validation_person_weighted,3,3,True,0.04337893898352516,0.005840786243475352,0.04337893898352516,0.005840786243475352,3,True,False
signed_prior_relative_gain,F_I,audit,A,public_coverage,360,standard_independent,development_evaluation_person_weighted,3,3,True,0.051021107303675706,0.0005808699713720634,0.051021107303675706,0.0005808699713720634,3,True,False
signed_prior_relative_gain,F_I,audit,A,public_coverage,360,expanded_independent,validation,3,3,True,0.048319444361241935,0.0011029871557676776,0.048319444361241935,0.0011029871557676776,3,True,False
signed_prior_relative_gain,F_I,audit,A,public_coverage,360,expanded_independent,development_evaluation,3,3,True,0.049357776435547285,0.004210648265263637,0.049357776435547285,0.004210648265263637,3,True,False
signed_prior_relative_gain,F_I,audit,A,public_coverage,360,expanded_independent,validation_person_weighted,3,3,True,0.04337893898352516,0.005840786243475352,0.04337893898352516,0.005840786243475352,3,True,False
signed_prior_relative_gain,F_I,audit,A,public_coverage,360,expanded_independent,development_evaluation_person_weighted,3,3,True,0.051021107303675706,0.0005808699713720634,0.051021107303675706,0.0005808699713720634,3,True,False
signed_prior_relative_gain,F_I,audit,A,public_coverage,360,expanded_catchup,validation,3,3,True,0.05163869285491155,0.004674859899375287,0.05163869285491155,0.004674859899375287,3,True,False
signed_prior_relative_gain,F_I,audit,A,public_coverage,360,expanded_catchup,development_evaluation,3,3,True,0.04778542490676844,0.0013497928883260627,0.04778542490676844,0.0013497928883260627,3,True,False
signed_prior_relative_gain,F_I,audit,A,public_coverage,360,expanded_catchup,validation_person_weighted,3,3,True,0.04339634068045132,0.007097546334630766,0.04339634068045132,0.007097546334630766,3,True,False
signed_prior_relative_gain,F_I,audit,A,public_coverage,360,expanded_catchup,development_evaluation_person_weighted,3,3,True,0.04746546991820233,0.002163637872644204,0.04746546991820233,0.002163637872644204,3,True,False
signed_prior_relative_gain,F_I,audit,A,commute_over20,120,standard_independent,validation,3,3,True,0.012464189180413069,0.005241583112841729,0.012464189180413069,0.005241583112841729,3,True,False
signed_prior_relative_gain,F_I,audit,A,commute_over20,120,standard_independent,development_evaluation,3,3,True,0.0074487580361178125,0.005228475415394067,0.0074487580361178125,0.005228475415394067,3,True,False
signed_prior_relative_gain,F_I,audit,A,commute_over20,120,standard_independent,validation_person_weighted,3,3,True,0.007723831841995358,0.007784869380820099,0.007723831841995358,0.007784869380820099,3,True,False
signed_prior_relative_gain,F_I,audit,A,commute_over20,120,standard_independent,development_evaluation_person_weighted,3,3,True,0.005083048652263167,0.0037548439499316424,0.005083048652263167,0.0037548439499316424,3,True,False
signed_prior_relative_gain,F_I,audit,A,commute_over20,120,expanded_independent,validation,3,3,True,0.012560803440569979,0.005264464188251821,0.012560803440569979,0.005264464188251821,3,True,False
signed_prior_relative_gain,F_I,audit,A,commute_over20,120,expanded_independent,development_evaluation,3,3,True,0.008243939701348254,0.005229125733960049,0.008243939701348254,0.005229125733960049,3,True,False
signed_prior_relative_gain,F_I,audit,A,commute_over20,120,expanded_independent,validation_person_weighted,3,3,True,0.0077634605350905455,0.007796045678144796,0.0077634605350905455,0.007796045678144796,3,True,False
signed_prior_relative_gain,F_I,audit,A,commute_over20,120,expanded_independent,development_evaluation_person_weighted,3,3,True,0.005922039664618277,0.003289139029635311,0.005922039664618277,0.003289139029635311,3,True,False
signed_prior_relative_gain,F_I,audit,A,commute_over20,120,expanded_catchup,validation,3,3,True,0.012560803440569979,0.005264464188251821,0.012560803440569979,0.005264464188251821,3,True,False
signed_prior_relative_gain,F_I,audit,A,commute_over20,120,expanded_catchup,development_evaluation,3,3,True,0.008243939701348254,0.005229125733960049,0.008243939701348254,0.005229125733960049,3,True,False
signed_prior_relative_gain,F_I,audit,A,commute_over20,120,expanded_catchup,validation_person_weighted,3,3,True,0.0077634605350905455,0.007796045678144796,0.0077634605350905455,0.007796045678144796,3,True,False
signed_prior_relative_gain,F_I,audit,A,commute_over20,120,expanded_catchup,development_evaluation_person_weighted,3,3,True,0.005922039664618277,0.003289139029635311,0.005922039664618277,0.003289139029635311,3,True,False
signed_prior_relative_gain,F_I,audit,A,commute_over20,360,standard_independent,validation,3,3,True,0.012464189180413069,0.005241583112841729,0.012464189180413069,0.005241583112841729,3,True,False
signed_prior_relative_gain,F_I,audit,A,commute_over20,360,standard_independent,development_evaluation,3,3,True,0.0074487580361178125,0.005228475415394067,0.0074487580361178125,0.005228475415394067,3,True,False
signed_prior_relative_gain,F_I,audit,A,commute_over20,360,standard_independent,validation_person_weighted,3,3,True,0.007723831841995358,0.007784869380820099,0.007723831841995358,0.007784869380820099,3,True,False
signed_prior_relative_gain,F_I,audit,A,commute_over20,360,standard_independent,development_evaluation_person_weighted,3,3,True,0.005083048652263167,0.0037548439499316424,0.005083048652263167,0.0037548439499316424,3,True,False
signed_prior_relative_gain,F_I,audit,A,commute_over20,360,expanded_independent,validation,3,3,True,0.012560803440569979,0.005264464188251821,0.012560803440569979,0.005264464188251821,3,True,False
signed_prior_relative_gain,F_I,audit,A,commute_over20,360,expanded_independent,development_evaluation,3,3,True,0.008243939701348254,0.005229125733960049,0.008243939701348254,0.005229125733960049,3,True,False
signed_prior_relative_gain,F_I,audit,A,commute_over20,360,expanded_independent,validation_person_weighted,3,3,True,0.0077634605350905455,0.007796045678144796,0.0077634605350905455,0.007796045678144796,3,True,False
signed_prior_relative_gain,F_I,audit,A,commute_over20,360,expanded_independent,development_evaluation_person_weighted,3,3,True,0.005922039664618277,0.003289139029635311,0.005922039664618277,0.003289139029635311,3,True,False
signed_prior_relative_gain,F_I,audit,A,commute_over20,360,expanded_catchup,validation,3,3,True,0.012560803440569979,0.005264464188251821,0.012560803440569979,0.005264464188251821,3,True,False
signed_prior_relative_gain,F_I,audit,A,commute_over20,360,expanded_catchup,development_evaluation,3,3,True,0.008243939701348254,0.005229125733960049,0.008243939701348254,0.005229125733960049,3,True,False
signed_prior_relative_gain,F_I,audit,A,commute_over20,360,expanded_catchup,validation_person_weighted,3,3,True,0.0077634605350905455,0.007796045678144796,0.0077634605350905455,0.007796045678144796,3,True,False
signed_prior_relative_gain,F_I,audit,A,commute_over20,360,expanded_catchup,development_evaluation_person_weighted,3,3,True,0.005922039664618277,0.003289139029635311,0.005922039664618277,0.003289139029635311,3,True,False
signed_prior_relative_gain,F_I,audit,A,SEX,120,standard_independent,validation,3,3,True,0.007250634316354383,0.0038040918571046758,0.007250634316354383,0.0038040918571046758,3,True,False
signed_prior_relative_gain,F_I,audit,A,SEX,120,standard_independent,development_evaluation,3,3,True,0.005660529151958989,0.003334301859248063,0.005660529151958989,0.003334301859248063,3,True,False
signed_prior_relative_gain,F_I,audit,A,SEX,120,standard_independent,validation_person_weighted,3,3,True,0.00856148595383055,0.005012386998801049,0.00856148595383055,0.005012386998801049,3,True,False
signed_prior_relative_gain,F_I,audit,A,SEX,120,standard_independent,development_evaluation_person_weighted,3,3,True,0.004784415274769545,0.0024094723477246067,0.004784415274769545,0.0024094723477246067,3,True,False
signed_prior_relative_gain,F_I,audit,A,SEX,120,expanded_independent,validation,3,3,True,0.007250634316354383,0.0038040918571046758,0.007250634316354383,0.0038040918571046758,3,True,False
signed_prior_relative_gain,F_I,audit,A,SEX,120,expanded_independent,development_evaluation,3,3,True,0.005660529151958989,0.003334301859248063,0.005660529151958989,0.003334301859248063,3,True,False
signed_prior_relative_gain,F_I,audit,A,SEX,120,expanded_independent,validation_person_weighted,3,3,True,0.00856148595383055,0.005012386998801049,0.00856148595383055,0.005012386998801049,3,True,False
signed_prior_relative_gain,F_I,audit,A,SEX,120,expanded_independent,development_evaluation_person_weighted,3,3,True,0.004784415274769545,0.0024094723477246067,0.004784415274769545,0.0024094723477246067,3,True,False
signed_prior_relative_gain,F_I,audit,A,SEX,120,expanded_catchup,validation,3,3,True,0.00854678306363769,0.003238061745992804,0.00854678306363769,0.003238061745992804,3,True,False
signed_prior_relative_gain,F_I,audit,A,SEX,120,expanded_catchup,development_evaluation,3,3,True,0.010617240639748301,0.007247067454435713,0.010617240639748301,0.007247067454435713,3,True,False
signed_prior_relative_gain,F_I,audit,A,SEX,120,expanded_catchup,validation_person_weighted,3,3,True,0.008351419672510666,0.0052676315570111465,0.008351419672510666,0.0052676315570111465,3,True,False
signed_prior_relative_gain,F_I,audit,A,SEX,120,expanded_catchup,development_evaluation_person_weighted,3,3,True,0.009474041566886693,0.002308797650525085,0.009474041566886693,0.002308797650525085,3,True,False
signed_prior_relative_gain,F_I,audit,A,SEX,360,standard_independent,validation,3,3,True,0.007250634316354383,0.0038040918571046758,0.007250634316354383,0.0038040918571046758,3,True,False
signed_prior_relative_gain,F_I,audit,A,SEX,360,standard_independent,development_evaluation,3,3,True,0.005660529151958989,0.003334301859248063,0.005660529151958989,0.003334301859248063,3,True,False
signed_prior_relative_gain,F_I,audit,A,SEX,360,standard_independent,validation_person_weighted,3,3,True,0.00856148595383055,0.005012386998801049,0.00856148595383055,0.005012386998801049,3,True,False
signed_prior_relative_gain,F_I,audit,A,SEX,360,standard_independent,development_evaluation_person_weighted,3,3,True,0.004784415274769545,0.0024094723477246067,0.004784415274769545,0.0024094723477246067,3,True,False
signed_prior_relative_gain,F_I,audit,A,SEX,360,expanded_independent,validation,3,3,True,0.007250634316354383,0.0038040918571046758,0.007250634316354383,0.0038040918571046758,3,True,False
signed_prior_relative_gain,F_I,audit,A,SEX,360,expanded_independent,development_evaluation,3,3,True,0.005660529151958989,0.003334301859248063,0.005660529151958989,0.003334301859248063,3,True,False
signed_prior_relative_gain,F_I,audit,A,SEX,360,expanded_independent,validation_person_weighted,3,3,True,0.00856148595383055,0.005012386998801049,0.00856148595383055,0.005012386998801049,3,True,False
signed_prior_relative_gain,F_I,audit,A,SEX,360,expanded_independent,development_evaluation_person_weighted,3,3,True,0.004784415274769545,0.0024094723477246067,0.004784415274769545,0.0024094723477246067,3,True,False
signed_prior_relative_gain,F_I,audit,A,SEX,360,expanded_catchup,validation,3,3,True,0.00854678306363769,0.003238061745992804,0.00854678306363769,0.003238061745992804,3,True,False
signed_prior_relative_gain,F_I,audit,A,SEX,360,expanded_catchup,development_evaluation,3,3,True,0.010617240639748301,0.007247067454435713,0.010617240639748301,0.007247067454435713,3,True,False
signed_prior_relative_gain,F_I,audit,A,SEX,360,expanded_catchup,validation_person_weighted,3,3,True,0.008351419672510666,0.0052676315570111465,0.008351419672510666,0.0052676315570111465,3,True,False
signed_prior_relative_gain,F_I,audit,A,SEX,360,expanded_catchup,development_evaluation_person_weighted,3,3,True,0.009474041566886693,0.002308797650525085,0.009474041566886693,0.002308797650525085,3,True,False
signed_prior_relative_gain,F_I,audit,A,RAC1P,120,standard_independent,validation,3,3,True,0.014145426139804925,0.0027951621610422246,0.014145426139804925,0.0027951621610422246,3,True,False
signed_prior_relative_gain,F_I,audit,A,RAC1P,120,standard_independent,development_evaluation,3,3,True,0.015494586517362796,0.0016082282784498077,0.015494586517362796,0.0016082282784498077,3,True,False
signed_prior_relative_gain,F_I,audit,A,RAC1P,120,standard_independent,validation_person_weighted,3,3,True,0.017695121209054514,0.0013918704214680216,0.017695121209054514,0.0013918704214680216,3,True,False
signed_prior_relative_gain,F_I,audit,A,RAC1P,120,standard_independent,development_evaluation_person_weighted,3,3,True,0.01624456043223284,0.0029244279731182815,0.01624456043223284,0.0029244279731182815,3,True,False
signed_prior_relative_gain,F_I,audit,A,RAC1P,120,expanded_independent,validation,3,3,True,0.015423325691848492,0.0014782693907479413,0.015423325691848492,0.0014782693907479413,3,True,False
signed_prior_relative_gain,F_I,audit,A,RAC1P,120,expanded_independent,development_evaluation,3,3,True,0.015575464108375995,0.0016082795123204022,0.015575464108375995,0.0016082795123204022,3,True,False
signed_prior_relative_gain,F_I,audit,A,RAC1P,120,expanded_independent,validation_person_weighted,3,3,True,0.01795202936104127,0.0012795978896074946,0.01795202936104127,0.0012795978896074946,3,True,False
signed_prior_relative_gain,F_I,audit,A,RAC1P,120,expanded_independent,development_evaluation_person_weighted,3,3,True,0.017004319750548797,0.0016754829451438723,0.017004319750548797,0.0016754829451438723,3,True,False
signed_prior_relative_gain,F_I,audit,A,RAC1P,120,expanded_catchup,validation,3,3,True,0.031395126503145056,0.007622605805174887,0.031395126503145056,0.007622605805174887,3,True,False
signed_prior_relative_gain,F_I,audit,A,RAC1P,120,expanded_catchup,development_evaluation,3,3,True,0.026871565230514854,0.007506388675578826,0.026871565230514854,0.007506388675578826,3,True,False
signed_prior_relative_gain,F_I,audit,A,RAC1P,120,expanded_catchup,validation_person_weighted,3,3,True,0.028174586569276256,0.0013745806160275476,0.028174586569276256,0.0013745806160275476,3,True,False
signed_prior_relative_gain,F_I,audit,A,RAC1P,120,expanded_catchup,development_evaluation_person_weighted,3,3,True,0.028700084916041257,0.001228529317358419,0.028700084916041257,0.001228529317358419,3,True,False
signed_prior_relative_gain,F_I,audit,A,RAC1P,360,standard_independent,validation,3,3,True,0.014145426139804925,0.0027951621610422246,0.014145426139804925,0.0027951621610422246,3,True,False
signed_prior_relative_gain,F_I,audit,A,RAC1P,360,standard_independent,development_evaluation,3,3,True,0.015494586517362796,0.0016082282784498077,0.015494586517362796,0.0016082282784498077,3,True,False
signed_prior_relative_gain,F_I,audit,A,RAC1P,360,standard_independent,validation_person_weighted,3,3,True,0.017695121209054514,0.0013918704214680216,0.017695121209054514,0.0013918704214680216,3,True,False
signed_prior_relative_gain,F_I,audit,A,RAC1P,360,standard_independent,development_evaluation_person_weighted,3,3,True,0.01624456043223284,0.0029244279731182815,0.01624456043223284,0.0029244279731182815,3,True,False
signed_prior_relative_gain,F_I,audit,A,RAC1P,360,expanded_independent,validation,3,3,True,0.015423325691848492,0.0014782693907479413,0.015423325691848492,0.0014782693907479413,3,True,False
signed_prior_relative_gain,F_I,audit,A,RAC1P,360,expanded_independent,development_evaluation,3,3,True,0.015575464108375995,0.0016082795123204022,0.015575464108375995,0.0016082795123204022,3,True,False
signed_prior_relative_gain,F_I,audit,A,RAC1P,360,expanded_independent,validation_person_weighted,3,3,True,0.01795202936104127,0.0012795978896074946,0.01795202936104127,0.0012795978896074946,3,True,False
signed_prior_relative_gain,F_I,audit,A,RAC1P,360,expanded_independent,development_evaluation_person_weighted,3,3,True,0.017004319750548797,0.0016754829451438723,0.017004319750548797,0.0016754829451438723,3,True,False
signed_prior_relative_gain,F_I,audit,A,RAC1P,360,expanded_catchup,validation,3,3,True,0.031395126503145056,0.007622605805174887,0.031395126503145056,0.007622605805174887,3,True,False
signed_prior_relative_gain,F_I,audit,A,RAC1P,360,expanded_catchup,development_evaluation,3,3,True,0.026871565230514854,0.007506388675578826,0.026871565230514854,0.007506388675578826,3,True,False
signed_prior_relative_gain,F_I,audit,A,RAC1P,360,expanded_catchup,validation_person_weighted,3,3,True,0.028174586569276256,0.0013745806160275476,0.028174586569276256,0.0013745806160275476,3,True,False
signed_prior_relative_gain,F_I,audit,A,RAC1P,360,expanded_catchup,development_evaluation_person_weighted,3,3,True,0.028700084916041257,0.001228529317358419,0.028700084916041257,0.001228529317358419,3,True,False
signed_prior_relative_gain,F_I,audit,B,income_binary,120,standard_independent,validation,3,3,True,0.11803945721945847,0.011494215357042722,0.11803945721945847,0.011494215357042722,3,True,False
signed_prior_relative_gain,F_I,audit,B,income_binary,120,standard_independent,development_evaluation,3,3,True,0.1294773052578285,0.015505180410960261,0.1294773052578285,0.015505180410960261,3,True,False
signed_prior_relative_gain,F_I,audit,B,income_binary,120,standard_independent,validation_person_weighted,3,3,True,0.12063541260710865,0.029103175134637657,0.12063541260710865,0.029103175134637657,3,True,False
signed_prior_relative_gain,F_I,audit,B,income_binary,120,standard_independent,development_evaluation_person_weighted,3,3,True,0.12172466824377469,0.019073509630781298,0.12172466824377469,0.019073509630781298,3,True,False
signed_prior_relative_gain,F_I,audit,B,income_binary,120,expanded_independent,validation,3,3,True,0.11803945721945847,0.011494215357042722,0.11803945721945847,0.011494215357042722,3,True,False
signed_prior_relative_gain,F_I,audit,B,income_binary,120,expanded_independent,development_evaluation,3,3,True,0.1294773052578285,0.015505180410960261,0.1294773052578285,0.015505180410960261,3,True,False
signed_prior_relative_gain,F_I,audit,B,income_binary,120,expanded_independent,validation_person_weighted,3,3,True,0.12063541260710865,0.029103175134637657,0.12063541260710865,0.029103175134637657,3,True,False
signed_prior_relative_gain,F_I,audit,B,income_binary,120,expanded_independent,development_evaluation_person_weighted,3,3,True,0.12172466824377469,0.019073509630781298,0.12172466824377469,0.019073509630781298,3,True,False
signed_prior_relative_gain,F_I,audit,B,income_binary,120,expanded_catchup,validation,3,3,True,0.11906047547531762,0.010476379537812566,0.11906047547531762,0.010476379537812566,3,True,False
signed_prior_relative_gain,F_I,audit,B,income_binary,120,expanded_catchup,development_evaluation,3,3,True,0.13046270588639222,0.014989662930403951,0.13046270588639222,0.014989662930403951,3,True,False
signed_prior_relative_gain,F_I,audit,B,income_binary,120,expanded_catchup,validation_person_weighted,3,3,True,0.12248719004095278,0.027367265575494456,0.12248719004095278,0.027367265575494456,3,True,False
signed_prior_relative_gain,F_I,audit,B,income_binary,120,expanded_catchup,development_evaluation_person_weighted,3,3,True,0.12587801464716272,0.016013818177127822,0.12587801464716272,0.016013818177127822,3,True,False
signed_prior_relative_gain,F_I,audit,B,income_binary,360,standard_independent,validation,3,3,True,0.11803945721945847,0.011494215357042722,0.11803945721945847,0.011494215357042722,3,True,False
signed_prior_relative_gain,F_I,audit,B,income_binary,360,standard_independent,development_evaluation,3,3,True,0.1294773052578285,0.015505180410960261,0.1294773052578285,0.015505180410960261,3,True,False
signed_prior_relative_gain,F_I,audit,B,income_binary,360,standard_independent,validation_person_weighted,3,3,True,0.12063541260710865,0.029103175134637657,0.12063541260710865,0.029103175134637657,3,True,False
signed_prior_relative_gain,F_I,audit,B,income_binary,360,standard_independent,development_evaluation_person_weighted,3,3,True,0.12172466824377469,0.019073509630781298,0.12172466824377469,0.019073509630781298,3,True,False
signed_prior_relative_gain,F_I,audit,B,income_binary,360,expanded_independent,validation,3,3,True,0.11803945721945847,0.011494215357042722,0.11803945721945847,0.011494215357042722,3,True,False
signed_prior_relative_gain,F_I,audit,B,income_binary,360,expanded_independent,development_evaluation,3,3,True,0.1294773052578285,0.015505180410960261,0.1294773052578285,0.015505180410960261,3,True,False
signed_prior_relative_gain,F_I,audit,B,income_binary,360,expanded_independent,validation_person_weighted,3,3,True,0.12063541260710865,0.029103175134637657,0.12063541260710865,0.029103175134637657,3,True,False
signed_prior_relative_gain,F_I,audit,B,income_binary,360,expanded_independent,development_evaluation_person_weighted,3,3,True,0.12172466824377469,0.019073509630781298,0.12172466824377469,0.019073509630781298,3,True,False
signed_prior_relative_gain,F_I,audit,B,income_binary,360,expanded_catchup,validation,3,3,True,0.11906047547531762,0.010476379537812566,0.11906047547531762,0.010476379537812566,3,True,False
signed_prior_relative_gain,F_I,audit,B,income_binary,360,expanded_catchup,development_evaluation,3,3,True,0.13046270588639222,0.014989662930403951,0.13046270588639222,0.014989662930403951,3,True,False
signed_prior_relative_gain,F_I,audit,B,income_binary,360,expanded_catchup,validation_person_weighted,3,3,True,0.12248719004095278,0.027367265575494456,0.12248719004095278,0.027367265575494456,3,True,False
signed_prior_relative_gain,F_I,audit,B,income_binary,360,expanded_catchup,development_evaluation_person_weighted,3,3,True,0.12587801464716272,0.016013818177127822,0.12587801464716272,0.016013818177127822,3,True,False
signed_prior_relative_gain,F_I,audit,B,civilian_at_work,120,standard_independent,validation,3,3,True,0.15157923576165452,0.01025591192822444,0.15157923576165452,0.01025591192822444,3,True,False
signed_prior_relative_gain,F_I,audit,B,civilian_at_work,120,standard_independent,development_evaluation,3,3,True,0.1634867769609467,0.00914656607085225,0.1634867769609467,0.00914656607085225,3,True,False
signed_prior_relative_gain,F_I,audit,B,civilian_at_work,120,standard_independent,validation_person_weighted,3,3,True,0.1445426006628924,0.01651951668258291,0.1445426006628924,0.01651951668258291,3,True,False
signed_prior_relative_gain,F_I,audit,B,civilian_at_work,120,standard_independent,development_evaluation_person_weighted,3,3,True,0.16576530523162533,0.015539381476863472,0.16576530523162533,0.015539381476863472,3,True,False
signed_prior_relative_gain,F_I,audit,B,civilian_at_work,120,expanded_independent,validation,3,3,True,0.15157923576165452,0.01025591192822444,0.15157923576165452,0.01025591192822444,3,True,False
signed_prior_relative_gain,F_I,audit,B,civilian_at_work,120,expanded_independent,development_evaluation,3,3,True,0.1634867769609467,0.00914656607085225,0.1634867769609467,0.00914656607085225,3,True,False
signed_prior_relative_gain,F_I,audit,B,civilian_at_work,120,expanded_independent,validation_person_weighted,3,3,True,0.1445426006628924,0.01651951668258291,0.1445426006628924,0.01651951668258291,3,True,False
signed_prior_relative_gain,F_I,audit,B,civilian_at_work,120,expanded_independent,development_evaluation_person_weighted,3,3,True,0.16576530523162533,0.015539381476863472,0.16576530523162533,0.015539381476863472,3,True,False
signed_prior_relative_gain,F_I,audit,B,civilian_at_work,120,expanded_catchup,validation,3,3,True,0.15157923576165452,0.01025591192822444,0.15157923576165452,0.01025591192822444,3,True,False
signed_prior_relative_gain,F_I,audit,B,civilian_at_work,120,expanded_catchup,development_evaluation,3,3,True,0.1634867769609467,0.00914656607085225,0.1634867769609467,0.00914656607085225,3,True,False
signed_prior_relative_gain,F_I,audit,B,civilian_at_work,120,expanded_catchup,validation_person_weighted,3,3,True,0.1445426006628924,0.01651951668258291,0.1445426006628924,0.01651951668258291,3,True,False
signed_prior_relative_gain,F_I,audit,B,civilian_at_work,120,expanded_catchup,development_evaluation_person_weighted,3,3,True,0.16576530523162533,0.015539381476863472,0.16576530523162533,0.015539381476863472,3,True,False
signed_prior_relative_gain,F_I,audit,B,civilian_at_work,360,standard_independent,validation,3,3,True,0.15157923576165452,0.01025591192822444,0.15157923576165452,0.01025591192822444,3,True,False
signed_prior_relative_gain,F_I,audit,B,civilian_at_work,360,standard_independent,development_evaluation,3,3,True,0.1634867769609467,0.00914656607085225,0.1634867769609467,0.00914656607085225,3,True,False
signed_prior_relative_gain,F_I,audit,B,civilian_at_work,360,standard_independent,validation_person_weighted,3,3,True,0.1445426006628924,0.01651951668258291,0.1445426006628924,0.01651951668258291,3,True,False
signed_prior_relative_gain,F_I,audit,B,civilian_at_work,360,standard_independent,development_evaluation_person_weighted,3,3,True,0.16576530523162533,0.015539381476863472,0.16576530523162533,0.015539381476863472,3,True,False
signed_prior_relative_gain,F_I,audit,B,civilian_at_work,360,expanded_independent,validation,3,3,True,0.15157923576165452,0.01025591192822444,0.15157923576165452,0.01025591192822444,3,True,False
signed_prior_relative_gain,F_I,audit,B,civilian_at_work,360,expanded_independent,development_evaluation,3,3,True,0.1634867769609467,0.00914656607085225,0.1634867769609467,0.00914656607085225,3,True,False
signed_prior_relative_gain,F_I,audit,B,civilian_at_work,360,expanded_independent,validation_person_weighted,3,3,True,0.1445426006628924,0.01651951668258291,0.1445426006628924,0.01651951668258291,3,True,False
signed_prior_relative_gain,F_I,audit,B,civilian_at_work,360,expanded_independent,development_evaluation_person_weighted,3,3,True,0.16576530523162533,0.015539381476863472,0.16576530523162533,0.015539381476863472,3,True,False
signed_prior_relative_gain,F_I,audit,B,civilian_at_work,360,expanded_catchup,validation,3,3,True,0.15157923576165452,0.01025591192822444,0.15157923576165452,0.01025591192822444,3,True,False
signed_prior_relative_gain,F_I,audit,B,civilian_at_work,360,expanded_catchup,development_evaluation,3,3,True,0.1634867769609467,0.00914656607085225,0.1634867769609467,0.00914656607085225,3,True,False
signed_prior_relative_gain,F_I,audit,B,civilian_at_work,360,expanded_catchup,validation_person_weighted,3,3,True,0.1445426006628924,0.01651951668258291,0.1445426006628924,0.01651951668258291,3,True,False
signed_prior_relative_gain,F_I,audit,B,civilian_at_work,360,expanded_catchup,development_evaluation_person_weighted,3,3,True,0.16576530523162533,0.015539381476863472,0.16576530523162533,0.015539381476863472,3,True,False
signed_prior_relative_gain,F_I,audit,B,same_residence,120,standard_independent,validation,3,3,True,0.033683756179512414,0.009386156043121463,0.033683756179512414,0.009386156043121463,3,True,False
signed_prior_relative_gain,F_I,audit,B,same_residence,120,standard_independent,development_evaluation,3,3,True,0.030538623990347086,0.008568476252256006,0.030538623990347086,0.008568476252256006,3,True,False
signed_prior_relative_gain,F_I,audit,B,same_residence,120,standard_independent,validation_person_weighted,3,3,True,0.030624804400774103,0.012040017581508336,0.030624804400774103,0.012040017581508336,3,True,False
signed_prior_relative_gain,F_I,audit,B,same_residence,120,standard_independent,development_evaluation_person_weighted,3,3,True,0.02911318180116525,0.005471894018518112,0.02911318180116525,0.005471894018518112,3,True,False
signed_prior_relative_gain,F_I,audit,B,same_residence,120,expanded_independent,validation,3,3,True,0.033683756179512414,0.009386156043121463,0.033683756179512414,0.009386156043121463,3,True,False
signed_prior_relative_gain,F_I,audit,B,same_residence,120,expanded_independent,development_evaluation,3,3,True,0.030538623990347086,0.008568476252256006,0.030538623990347086,0.008568476252256006,3,True,False
signed_prior_relative_gain,F_I,audit,B,same_residence,120,expanded_independent,validation_person_weighted,3,3,True,0.030624804400774103,0.012040017581508336,0.030624804400774103,0.012040017581508336,3,True,False
signed_prior_relative_gain,F_I,audit,B,same_residence,120,expanded_independent,development_evaluation_person_weighted,3,3,True,0.02911318180116525,0.005471894018518112,0.02911318180116525,0.005471894018518112,3,True,False
signed_prior_relative_gain,F_I,audit,B,same_residence,120,expanded_catchup,validation,3,3,True,0.033683756179512414,0.009386156043121463,0.033683756179512414,0.009386156043121463,3,True,False
signed_prior_relative_gain,F_I,audit,B,same_residence,120,expanded_catchup,development_evaluation,3,3,True,0.030538623990347086,0.008568476252256006,0.030538623990347086,0.008568476252256006,3,True,False
signed_prior_relative_gain,F_I,audit,B,same_residence,120,expanded_catchup,validation_person_weighted,3,3,True,0.030624804400774103,0.012040017581508336,0.030624804400774103,0.012040017581508336,3,True,False
signed_prior_relative_gain,F_I,audit,B,same_residence,120,expanded_catchup,development_evaluation_person_weighted,3,3,True,0.02911318180116525,0.005471894018518112,0.02911318180116525,0.005471894018518112,3,True,False
signed_prior_relative_gain,F_I,audit,B,same_residence,360,standard_independent,validation,3,3,True,0.033683756179512414,0.009386156043121463,0.033683756179512414,0.009386156043121463,3,True,False
signed_prior_relative_gain,F_I,audit,B,same_residence,360,standard_independent,development_evaluation,3,3,True,0.030538623990347086,0.008568476252256006,0.030538623990347086,0.008568476252256006,3,True,False
signed_prior_relative_gain,F_I,audit,B,same_residence,360,standard_independent,validation_person_weighted,3,3,True,0.030624804400774103,0.012040017581508336,0.030624804400774103,0.012040017581508336,3,True,False
signed_prior_relative_gain,F_I,audit,B,same_residence,360,standard_independent,development_evaluation_person_weighted,3,3,True,0.02911318180116525,0.005471894018518112,0.02911318180116525,0.005471894018518112,3,True,False
signed_prior_relative_gain,F_I,audit,B,same_residence,360,expanded_independent,validation,3,3,True,0.033683756179512414,0.009386156043121463,0.033683756179512414,0.009386156043121463,3,True,False
signed_prior_relative_gain,F_I,audit,B,same_residence,360,expanded_independent,development_evaluation,3,3,True,0.030538623990347086,0.008568476252256006,0.030538623990347086,0.008568476252256006,3,True,False
signed_prior_relative_gain,F_I,audit,B,same_residence,360,expanded_independent,validation_person_weighted,3,3,True,0.030624804400774103,0.012040017581508336,0.030624804400774103,0.012040017581508336,3,True,False
signed_prior_relative_gain,F_I,audit,B,same_residence,360,expanded_independent,development_evaluation_person_weighted,3,3,True,0.02911318180116525,0.005471894018518112,0.02911318180116525,0.005471894018518112,3,True,False
signed_prior_relative_gain,F_I,audit,B,same_residence,360,expanded_catchup,validation,3,3,True,0.033683756179512414,0.009386156043121463,0.033683756179512414,0.009386156043121463,3,True,False
signed_prior_relative_gain,F_I,audit,B,same_residence,360,expanded_catchup,development_evaluation,3,3,True,0.030538623990347086,0.008568476252256006,0.030538623990347086,0.008568476252256006,3,True,False
signed_prior_relative_gain,F_I,audit,B,same_residence,360,expanded_catchup,validation_person_weighted,3,3,True,0.030624804400774103,0.012040017581508336,0.030624804400774103,0.012040017581508336,3,True,False
signed_prior_relative_gain,F_I,audit,B,same_residence,360,expanded_catchup,development_evaluation_person_weighted,3,3,True,0.02911318180116525,0.005471894018518112,0.02911318180116525,0.005471894018518112,3,True,False
signed_prior_relative_gain,F_I,audit,B,SEX,120,standard_independent,validation,3,3,True,0.012889209732024898,0.006557269183402563,0.012889209732024898,0.006557269183402563,3,True,False
signed_prior_relative_gain,F_I,audit,B,SEX,120,standard_independent,development_evaluation,3,3,True,0.007395566190067611,0.0035783603705524525,0.007395566190067611,0.0035783603705524525,3,True,False
signed_prior_relative_gain,F_I,audit,B,SEX,120,standard_independent,validation_person_weighted,3,3,True,0.012909602840583548,0.00881419814530322,0.012909602840583548,0.00881419814530322,3,True,False
signed_prior_relative_gain,F_I,audit,B,SEX,120,standard_independent,development_evaluation_person_weighted,3,3,True,0.004405089086417864,0.0023923818773024822,0.004405089086417864,0.0023923818773024822,3,True,False
signed_prior_relative_gain,F_I,audit,B,SEX,120,expanded_independent,validation,3,3,True,0.012889209732024898,0.006557269183402563,0.012889209732024898,0.006557269183402563,3,True,False
signed_prior_relative_gain,F_I,audit,B,SEX,120,expanded_independent,development_evaluation,3,3,True,0.007395566190067611,0.0035783603705524525,0.007395566190067611,0.0035783603705524525,3,True,False
signed_prior_relative_gain,F_I,audit,B,SEX,120,expanded_independent,validation_person_weighted,3,3,True,0.012909602840583548,0.00881419814530322,0.012909602840583548,0.00881419814530322,3,True,False
signed_prior_relative_gain,F_I,audit,B,SEX,120,expanded_independent,development_evaluation_person_weighted,3,3,True,0.004405089086417864,0.0023923818773024822,0.004405089086417864,0.0023923818773024822,3,True,False
signed_prior_relative_gain,F_I,audit,B,SEX,120,expanded_catchup,validation,3,3,True,0.01340130247385988,0.006006733056145582,0.01340130247385988,0.006006733056145582,3,True,False
signed_prior_relative_gain,F_I,audit,B,SEX,120,expanded_catchup,development_evaluation,3,3,True,0.008845103416122066,0.006071557814404505,0.008845103416122066,0.006071557814404505,3,True,False
signed_prior_relative_gain,F_I,audit,B,SEX,120,expanded_catchup,validation_person_weighted,3,3,True,0.012158987000458699,0.009530990093690706,0.012158987000458699,0.009530990093690706,3,True,False
signed_prior_relative_gain,F_I,audit,B,SEX,120,expanded_catchup,development_evaluation_person_weighted,3,3,True,0.006015566916792096,0.0050763889009324496,0.006015566916792096,0.0050763889009324496,3,True,False
signed_prior_relative_gain,F_I,audit,B,SEX,360,standard_independent,validation,3,3,True,0.012889209732024898,0.006557269183402563,0.012889209732024898,0.006557269183402563,3,True,False
signed_prior_relative_gain,F_I,audit,B,SEX,360,standard_independent,development_evaluation,3,3,True,0.007395566190067611,0.0035783603705524525,0.007395566190067611,0.0035783603705524525,3,True,False
signed_prior_relative_gain,F_I,audit,B,SEX,360,standard_independent,validation_person_weighted,3,3,True,0.012909602840583548,0.00881419814530322,0.012909602840583548,0.00881419814530322,3,True,False
signed_prior_relative_gain,F_I,audit,B,SEX,360,standard_independent,development_evaluation_person_weighted,3,3,True,0.004405089086417864,0.0023923818773024822,0.004405089086417864,0.0023923818773024822,3,True,False
signed_prior_relative_gain,F_I,audit,B,SEX,360,expanded_independent,validation,3,3,True,0.012889209732024898,0.006557269183402563,0.012889209732024898,0.006557269183402563,3,True,False
signed_prior_relative_gain,F_I,audit,B,SEX,360,expanded_independent,development_evaluation,3,3,True,0.007395566190067611,0.0035783603705524525,0.007395566190067611,0.0035783603705524525,3,True,False
signed_prior_relative_gain,F_I,audit,B,SEX,360,expanded_independent,validation_person_weighted,3,3,True,0.012909602840583548,0.00881419814530322,0.012909602840583548,0.00881419814530322,3,True,False
signed_prior_relative_gain,F_I,audit,B,SEX,360,expanded_independent,development_evaluation_person_weighted,3,3,True,0.004405089086417864,0.0023923818773024822,0.004405089086417864,0.0023923818773024822,3,True,False
signed_prior_relative_gain,F_I,audit,B,SEX,360,expanded_catchup,validation,3,3,True,0.01340130247385988,0.006006733056145582,0.01340130247385988,0.006006733056145582,3,True,False
signed_prior_relative_gain,F_I,audit,B,SEX,360,expanded_catchup,development_evaluation,3,3,True,0.008845103416122066,0.006071557814404505,0.008845103416122066,0.006071557814404505,3,True,False
signed_prior_relative_gain,F_I,audit,B,SEX,360,expanded_catchup,validation_person_weighted,3,3,True,0.012158987000458699,0.009530990093690706,0.012158987000458699,0.009530990093690706,3,True,False
signed_prior_relative_gain,F_I,audit,B,SEX,360,expanded_catchup,development_evaluation_person_weighted,3,3,True,0.006015566916792096,0.0050763889009324496,0.006015566916792096,0.0050763889009324496,3,True,False
signed_prior_relative_gain,F_I,audit,B,RAC1P,120,standard_independent,validation,3,3,True,0.024069599822509707,0.006925541460461672,0.024069599822509707,0.006925541460461672,3,True,False
signed_prior_relative_gain,F_I,audit,B,RAC1P,120,standard_independent,development_evaluation,3,3,True,0.03193574073681238,0.012403753423940109,0.03193574073681238,0.012403753423940109,3,True,False
signed_prior_relative_gain,F_I,audit,B,RAC1P,120,standard_independent,validation_person_weighted,3,3,True,0.02449209931071783,0.006537642754354121,0.02449209931071783,0.006537642754354121,3,True,False
signed_prior_relative_gain,F_I,audit,B,RAC1P,120,standard_independent,development_evaluation_person_weighted,3,3,True,0.03253659215634763,0.011333273603775562,0.03253659215634763,0.011333273603775562,3,True,False
signed_prior_relative_gain,F_I,audit,B,RAC1P,120,expanded_independent,validation,3,3,True,0.024069599822509707,0.006925541460461672,0.024069599822509707,0.006925541460461672,3,True,False
signed_prior_relative_gain,F_I,audit,B,RAC1P,120,expanded_independent,development_evaluation,3,3,True,0.03193574073681238,0.012403753423940109,0.03193574073681238,0.012403753423940109,3,True,False
signed_prior_relative_gain,F_I,audit,B,RAC1P,120,expanded_independent,validation_person_weighted,3,3,True,0.02449209931071783,0.006537642754354121,0.02449209931071783,0.006537642754354121,3,True,False
signed_prior_relative_gain,F_I,audit,B,RAC1P,120,expanded_independent,development_evaluation_person_weighted,3,3,True,0.03253659215634763,0.011333273603775562,0.03253659215634763,0.011333273603775562,3,True,False
signed_prior_relative_gain,F_I,audit,B,RAC1P,120,expanded_catchup,validation,3,3,True,0.03348209577912812,0.006144353014161915,0.03348209577912812,0.006144353014161915,3,True,False
signed_prior_relative_gain,F_I,audit,B,RAC1P,120,expanded_catchup,development_evaluation,3,3,True,0.047264599267579234,0.00463136912932247,0.047264599267579234,0.00463136912932247,3,True,False
signed_prior_relative_gain,F_I,audit,B,RAC1P,120,expanded_catchup,validation_person_weighted,3,3,True,0.03472309875540295,0.004385050731979472,0.03472309875540295,0.004385050731979472,3,True,False
signed_prior_relative_gain,F_I,audit,B,RAC1P,120,expanded_catchup,development_evaluation_person_weighted,3,3,True,0.046069146058722,0.0024291417495603466,0.046069146058722,0.0024291417495603466,3,True,False
signed_prior_relative_gain,F_I,audit,B,RAC1P,360,standard_independent,validation,3,3,True,0.024069599822509707,0.006925541460461672,0.024069599822509707,0.006925541460461672,3,True,False
signed_prior_relative_gain,F_I,audit,B,RAC1P,360,standard_independent,development_evaluation,3,3,True,0.03193574073681238,0.012403753423940109,0.03193574073681238,0.012403753423940109,3,True,False
signed_prior_relative_gain,F_I,audit,B,RAC1P,360,standard_independent,validation_person_weighted,3,3,True,0.02449209931071783,0.006537642754354121,0.02449209931071783,0.006537642754354121,3,True,False
signed_prior_relative_gain,F_I,audit,B,RAC1P,360,standard_independent,development_evaluation_person_weighted,3,3,True,0.03253659215634763,0.011333273603775562,0.03253659215634763,0.011333273603775562,3,True,False
signed_prior_relative_gain,F_I,audit,B,RAC1P,360,expanded_independent,validation,3,3,True,0.024069599822509707,0.006925541460461672,0.024069599822509707,0.006925541460461672,3,True,False
signed_prior_relative_gain,F_I,audit,B,RAC1P,360,expanded_independent,development_evaluation,3,3,True,0.03193574073681238,0.012403753423940109,0.03193574073681238,0.012403753423940109,3,True,False
signed_prior_relative_gain,F_I,audit,B,RAC1P,360,expanded_independent,validation_person_weighted,3,3,True,0.02449209931071783,0.006537642754354121,0.02449209931071783,0.006537642754354121,3,True,False
signed_prior_relative_gain,F_I,audit,B,RAC1P,360,expanded_independent,development_evaluation_person_weighted,3,3,True,0.03253659215634763,0.011333273603775562,0.03253659215634763,0.011333273603775562,3,True,False
signed_prior_relative_gain,F_I,audit,B,RAC1P,360,expanded_catchup,validation,3,3,True,0.03348209577912812,0.006144353014161915,0.03348209577912812,0.006144353014161915,3,True,False
signed_prior_relative_gain,F_I,audit,B,RAC1P,360,expanded_catchup,development_evaluation,3,3,True,0.047264599267579234,0.00463136912932247,0.047264599267579234,0.00463136912932247,3,True,False
signed_prior_relative_gain,F_I,audit,B,RAC1P,360,expanded_catchup,validation_person_weighted,3,3,True,0.03472309875540295,0.004385050731979472,0.03472309875540295,0.004385050731979472,3,True,False
signed_prior_relative_gain,F_I,audit,B,RAC1P,360,expanded_catchup,development_evaluation_person_weighted,3,3,True,0.046069146058722,0.0024291417495603466,0.046069146058722,0.0024291417495603466,3,True,False
signed_prior_relative_gain,F_I,audit,AB,SEX,120,standard_independent,validation,3,3,True,0.020954885587799604,0.005681970058253749,0.020954885587799604,0.005681970058253749,3,True,False
signed_prior_relative_gain,F_I,audit,AB,SEX,120,standard_independent,development_evaluation,3,3,True,0.017370078264396144,0.007317234761871707,0.017370078264396144,0.007317234761871707,3,True,False
signed_prior_relative_gain,F_I,audit,AB,SEX,120,standard_independent,validation_person_weighted,3,3,True,0.020377831473425756,0.008864029641123707,0.020377831473425756,0.008864029641123707,3,True,False
signed_prior_relative_gain,F_I,audit,AB,SEX,120,standard_independent,development_evaluation_person_weighted,3,3,True,0.013375593195776489,0.003394434693884506,0.013375593195776489,0.003394434693884506,3,True,False
signed_prior_relative_gain,F_I,audit,AB,SEX,120,expanded_independent,validation,3,3,True,0.020954885587799604,0.005681970058253749,0.020954885587799604,0.005681970058253749,3,True,False
signed_prior_relative_gain,F_I,audit,AB,SEX,120,expanded_independent,development_evaluation,3,3,True,0.017370078264396144,0.007317234761871707,0.017370078264396144,0.007317234761871707,3,True,False
signed_prior_relative_gain,F_I,audit,AB,SEX,120,expanded_independent,validation_person_weighted,3,3,True,0.020377831473425756,0.008864029641123707,0.020377831473425756,0.008864029641123707,3,True,False
signed_prior_relative_gain,F_I,audit,AB,SEX,120,expanded_independent,development_evaluation_person_weighted,3,3,True,0.013375593195776489,0.003394434693884506,0.013375593195776489,0.003394434693884506,3,True,False
signed_prior_relative_gain,F_I,audit,AB,SEX,120,expanded_catchup,validation,3,3,True,0.02200545503184037,0.0065571475412905394,0.02200545503184037,0.0065571475412905394,3,True,False
signed_prior_relative_gain,F_I,audit,AB,SEX,120,expanded_catchup,development_evaluation,3,3,True,0.018874653366174776,0.009221833223667012,0.018874653366174776,0.009221833223667012,3,True,False
signed_prior_relative_gain,F_I,audit,AB,SEX,120,expanded_catchup,validation_person_weighted,3,3,True,0.02197507007695887,0.007653528383916399,0.02197507007695887,0.007653528383916399,3,True,False
signed_prior_relative_gain,F_I,audit,AB,SEX,120,expanded_catchup,development_evaluation_person_weighted,3,3,True,0.01556595648235933,0.005530095355289427,0.01556595648235933,0.005530095355289427,3,True,False
signed_prior_relative_gain,F_I,audit,AB,SEX,360,standard_independent,validation,3,3,True,0.020954885587799604,0.005681970058253749,0.020954885587799604,0.005681970058253749,3,True,False
signed_prior_relative_gain,F_I,audit,AB,SEX,360,standard_independent,development_evaluation,3,3,True,0.017370078264396144,0.007317234761871707,0.017370078264396144,0.007317234761871707,3,True,False
signed_prior_relative_gain,F_I,audit,AB,SEX,360,standard_independent,validation_person_weighted,3,3,True,0.020377831473425756,0.008864029641123707,0.020377831473425756,0.008864029641123707,3,True,False
signed_prior_relative_gain,F_I,audit,AB,SEX,360,standard_independent,development_evaluation_person_weighted,3,3,True,0.013375593195776489,0.003394434693884506,0.013375593195776489,0.003394434693884506,3,True,False
signed_prior_relative_gain,F_I,audit,AB,SEX,360,expanded_independent,validation,3,3,True,0.020954885587799604,0.005681970058253749,0.020954885587799604,0.005681970058253749,3,True,False
signed_prior_relative_gain,F_I,audit,AB,SEX,360,expanded_independent,development_evaluation,3,3,True,0.017370078264396144,0.007317234761871707,0.017370078264396144,0.007317234761871707,3,True,False
signed_prior_relative_gain,F_I,audit,AB,SEX,360,expanded_independent,validation_person_weighted,3,3,True,0.020377831473425756,0.008864029641123707,0.020377831473425756,0.008864029641123707,3,True,False
signed_prior_relative_gain,F_I,audit,AB,SEX,360,expanded_independent,development_evaluation_person_weighted,3,3,True,0.013375593195776489,0.003394434693884506,0.013375593195776489,0.003394434693884506,3,True,False
signed_prior_relative_gain,F_I,audit,AB,SEX,360,expanded_catchup,validation,3,3,True,0.02200545503184037,0.0065571475412905394,0.02200545503184037,0.0065571475412905394,3,True,False
signed_prior_relative_gain,F_I,audit,AB,SEX,360,expanded_catchup,development_evaluation,3,3,True,0.018874653366174776,0.009221833223667012,0.018874653366174776,0.009221833223667012,3,True,False
signed_prior_relative_gain,F_I,audit,AB,SEX,360,expanded_catchup,validation_person_weighted,3,3,True,0.02197507007695887,0.007653528383916399,0.02197507007695887,0.007653528383916399,3,True,False
signed_prior_relative_gain,F_I,audit,AB,SEX,360,expanded_catchup,development_evaluation_person_weighted,3,3,True,0.01556595648235933,0.005530095355289427,0.01556595648235933,0.005530095355289427,3,True,False
signed_prior_relative_gain,F_I,audit,AB,RAC1P,120,standard_independent,validation,3,3,True,0.03207435812243268,0.009164959337059226,0.03207435812243268,0.009164959337059226,3,True,False
signed_prior_relative_gain,F_I,audit,AB,RAC1P,120,standard_independent,development_evaluation,3,3,True,0.033230179435805494,0.013591910958354705,0.033230179435805494,0.013591910958354705,3,True,False
signed_prior_relative_gain,F_I,audit,AB,RAC1P,120,standard_independent,validation_person_weighted,3,3,True,0.03512128028509095,0.014661877076349663,0.03512128028509095,0.014661877076349663,3,True,False
signed_prior_relative_gain,F_I,audit,AB,RAC1P,120,standard_independent,development_evaluation_person_weighted,3,3,True,0.03398282090133131,0.010207233919838065,0.03398282090133131,0.010207233919838065,3,True,False
signed_prior_relative_gain,F_I,audit,AB,RAC1P,120,expanded_independent,validation,3,3,True,0.03207435812243268,0.009164959337059226,0.03207435812243268,0.009164959337059226,3,True,False
signed_prior_relative_gain,F_I,audit,AB,RAC1P,120,expanded_independent,development_evaluation,3,3,True,0.033230179435805494,0.013591910958354705,0.033230179435805494,0.013591910958354705,3,True,False
signed_prior_relative_gain,F_I,audit,AB,RAC1P,120,expanded_independent,validation_person_weighted,3,3,True,0.03512128028509095,0.014661877076349663,0.03512128028509095,0.014661877076349663,3,True,False
signed_prior_relative_gain,F_I,audit,AB,RAC1P,120,expanded_independent,development_evaluation_person_weighted,3,3,True,0.03398282090133131,0.010207233919838065,0.03398282090133131,0.010207233919838065,3,True,False
signed_prior_relative_gain,F_I,audit,AB,RAC1P,120,expanded_catchup,validation,3,3,True,0.04352009236470048,0.005210855326998197,0.04352009236470048,0.005210855326998197,3,True,False
signed_prior_relative_gain,F_I,audit,AB,RAC1P,120,expanded_catchup,development_evaluation,3,3,True,0.04482860607533349,0.003882157237744438,0.04482860607533349,0.003882157237744438,3,True,False
signed_prior_relative_gain,F_I,audit,AB,RAC1P,120,expanded_catchup,validation_person_weighted,3,3,True,0.04584925763087969,0.0043535872519325685,0.04584925763087969,0.0043535872519325685,3,True,False
signed_prior_relative_gain,F_I,audit,AB,RAC1P,120,expanded_catchup,development_evaluation_person_weighted,3,3,True,0.04413935215073139,0.004670657997082939,0.04413935215073139,0.004670657997082939,3,True,False
signed_prior_relative_gain,F_I,audit,AB,RAC1P,360,standard_independent,validation,3,3,True,0.03207435812243268,0.009164959337059226,0.03207435812243268,0.009164959337059226,3,True,False
signed_prior_relative_gain,F_I,audit,AB,RAC1P,360,standard_independent,development_evaluation,3,3,True,0.033230179435805494,0.013591910958354705,0.033230179435805494,0.013591910958354705,3,True,False
signed_prior_relative_gain,F_I,audit,AB,RAC1P,360,standard_independent,validation_person_weighted,3,3,True,0.03512128028509095,0.014661877076349663,0.03512128028509095,0.014661877076349663,3,True,False
signed_prior_relative_gain,F_I,audit,AB,RAC1P,360,standard_independent,development_evaluation_person_weighted,3,3,True,0.03398282090133131,0.010207233919838065,0.03398282090133131,0.010207233919838065,3,True,False
signed_prior_relative_gain,F_I,audit,AB,RAC1P,360,expanded_independent,validation,3,3,True,0.03207435812243268,0.009164959337059226,0.03207435812243268,0.009164959337059226,3,True,False
signed_prior_relative_gain,F_I,audit,AB,RAC1P,360,expanded_independent,development_evaluation,3,3,True,0.033230179435805494,0.013591910958354705,0.033230179435805494,0.013591910958354705,3,True,False
signed_prior_relative_gain,F_I,audit,AB,RAC1P,360,expanded_independent,validation_person_weighted,3,3,True,0.03512128028509095,0.014661877076349663,0.03512128028509095,0.014661877076349663,3,True,False
signed_prior_relative_gain,F_I,audit,AB,RAC1P,360,expanded_independent,development_evaluation_person_weighted,3,3,True,0.03398282090133131,0.010207233919838065,0.03398282090133131,0.010207233919838065,3,True,False
signed_prior_relative_gain,F_I,audit,AB,RAC1P,360,expanded_catchup,validation,3,3,True,0.04352009236470048,0.005210855326998197,0.04352009236470048,0.005210855326998197,3,True,False
signed_prior_relative_gain,F_I,audit,AB,RAC1P,360,expanded_catchup,development_evaluation,3,3,True,0.04482860607533349,0.003882157237744438,0.04482860607533349,0.003882157237744438,3,True,False
signed_prior_relative_gain,F_I,audit,AB,RAC1P,360,expanded_catchup,validation_person_weighted,3,3,True,0.04584925763087969,0.0043535872519325685,0.04584925763087969,0.0043535872519325685,3,True,False
signed_prior_relative_gain,F_I,audit,AB,RAC1P,360,expanded_catchup,development_evaluation_person_weighted,3,3,True,0.04413935215073139,0.004670657997082939,0.04413935215073139,0.004670657997082939,3,True,False
signed_prior_relative_gain,F_Iplus,audit,A,public_coverage,120,standard_independent,validation,3,3,True,0.04804868718225852,0.0019625808100046517,0.04804868718225852,0.0019625808100046517,3,True,False
signed_prior_relative_gain,F_Iplus,audit,A,public_coverage,120,standard_independent,development_evaluation,3,3,True,0.04970744776597147,0.00151168473963583,0.04970744776597147,0.00151168473963583,3,True,False
signed_prior_relative_gain,F_Iplus,audit,A,public_coverage,120,standard_independent,validation_person_weighted,3,3,True,0.04170085160090797,0.005670088592453174,0.04170085160090797,0.005670088592453174,3,True,False
signed_prior_relative_gain,F_Iplus,audit,A,public_coverage,120,standard_independent,development_evaluation_person_weighted,3,3,True,0.0517958017395073,0.0028856836000982072,0.0517958017395073,0.0028856836000982072,3,True,False
signed_prior_relative_gain,F_Iplus,audit,A,public_coverage,120,expanded_independent,validation,3,3,True,0.04804868718225852,0.0019625808100046517,0.04804868718225852,0.0019625808100046517,3,True,False
signed_prior_relative_gain,F_Iplus,audit,A,public_coverage,120,expanded_independent,development_evaluation,3,3,True,0.04970744776597147,0.00151168473963583,0.04970744776597147,0.00151168473963583,3,True,False
signed_prior_relative_gain,F_Iplus,audit,A,public_coverage,120,expanded_independent,validation_person_weighted,3,3,True,0.04170085160090797,0.005670088592453174,0.04170085160090797,0.005670088592453174,3,True,False
signed_prior_relative_gain,F_Iplus,audit,A,public_coverage,120,expanded_independent,development_evaluation_person_weighted,3,3,True,0.0517958017395073,0.0028856836000982072,0.0517958017395073,0.0028856836000982072,3,True,False
signed_prior_relative_gain,F_Iplus,audit,A,public_coverage,120,expanded_catchup,validation,3,3,True,0.05118993074359457,0.0032066859700330824,0.05118993074359457,0.0032066859700330824,3,True,False
signed_prior_relative_gain,F_Iplus,audit,A,public_coverage,120,expanded_catchup,development_evaluation,3,3,True,0.05133820743040322,0.003720233975995989,0.05133820743040322,0.003720233975995989,3,True,False
signed_prior_relative_gain,F_Iplus,audit,A,public_coverage,120,expanded_catchup,validation_person_weighted,3,3,True,0.04492414958107471,0.007663611001683983,0.04492414958107471,0.007663611001683983,3,True,False
signed_prior_relative_gain,F_Iplus,audit,A,public_coverage,120,expanded_catchup,development_evaluation_person_weighted,3,3,True,0.053163279571266465,0.002277967024540912,0.053163279571266465,0.002277967024540912,3,True,False
signed_prior_relative_gain,F_Iplus,audit,A,public_coverage,360,standard_independent,validation,3,3,True,0.04804868718225852,0.0019625808100046517,0.04804868718225852,0.0019625808100046517,3,True,False
signed_prior_relative_gain,F_Iplus,audit,A,public_coverage,360,standard_independent,development_evaluation,3,3,True,0.04970744776597147,0.00151168473963583,0.04970744776597147,0.00151168473963583,3,True,False
signed_prior_relative_gain,F_Iplus,audit,A,public_coverage,360,standard_independent,validation_person_weighted,3,3,True,0.04170085160090797,0.005670088592453174,0.04170085160090797,0.005670088592453174,3,True,False
signed_prior_relative_gain,F_Iplus,audit,A,public_coverage,360,standard_independent,development_evaluation_person_weighted,3,3,True,0.0517958017395073,0.0028856836000982072,0.0517958017395073,0.0028856836000982072,3,True,False
signed_prior_relative_gain,F_Iplus,audit,A,public_coverage,360,expanded_independent,validation,3,3,True,0.04804868718225852,0.0019625808100046517,0.04804868718225852,0.0019625808100046517,3,True,False
signed_prior_relative_gain,F_Iplus,audit,A,public_coverage,360,expanded_independent,development_evaluation,3,3,True,0.04970744776597147,0.00151168473963583,0.04970744776597147,0.00151168473963583,3,True,False
signed_prior_relative_gain,F_Iplus,audit,A,public_coverage,360,expanded_independent,validation_person_weighted,3,3,True,0.04170085160090797,0.005670088592453174,0.04170085160090797,0.005670088592453174,3,True,False
signed_prior_relative_gain,F_Iplus,audit,A,public_coverage,360,expanded_independent,development_evaluation_person_weighted,3,3,True,0.0517958017395073,0.0028856836000982072,0.0517958017395073,0.0028856836000982072,3,True,False
signed_prior_relative_gain,F_Iplus,audit,A,public_coverage,360,expanded_catchup,validation,3,3,True,0.05118993074359457,0.0032066859700330824,0.05118993074359457,0.0032066859700330824,3,True,False
signed_prior_relative_gain,F_Iplus,audit,A,public_coverage,360,expanded_catchup,development_evaluation,3,3,True,0.05133820743040322,0.003720233975995989,0.05133820743040322,0.003720233975995989,3,True,False
signed_prior_relative_gain,F_Iplus,audit,A,public_coverage,360,expanded_catchup,validation_person_weighted,3,3,True,0.04492414958107471,0.007663611001683983,0.04492414958107471,0.007663611001683983,3,True,False
signed_prior_relative_gain,F_Iplus,audit,A,public_coverage,360,expanded_catchup,development_evaluation_person_weighted,3,3,True,0.053163279571266465,0.002277967024540912,0.053163279571266465,0.002277967024540912,3,True,False
signed_prior_relative_gain,F_Iplus,audit,A,commute_over20,120,standard_independent,validation,3,3,True,0.012268204940390973,0.004154190789943762,0.012268204940390973,0.004154190789943762,3,True,False
signed_prior_relative_gain,F_Iplus,audit,A,commute_over20,120,standard_independent,development_evaluation,3,3,True,0.00833545045505013,0.006435741029850426,0.00833545045505013,0.006435741029850426,3,True,False
signed_prior_relative_gain,F_Iplus,audit,A,commute_over20,120,standard_independent,validation_person_weighted,3,3,True,0.008143027706004355,0.005265102151307593,0.008143027706004355,0.005265102151307593,3,True,False
signed_prior_relative_gain,F_Iplus,audit,A,commute_over20,120,standard_independent,development_evaluation_person_weighted,3,3,True,0.005769454444050785,0.003401475495672108,0.005769454444050785,0.003401475495672108,3,True,False
signed_prior_relative_gain,F_Iplus,audit,A,commute_over20,120,expanded_independent,validation,3,3,True,0.012268204940390973,0.004154190789943762,0.012268204940390973,0.004154190789943762,3,True,False
signed_prior_relative_gain,F_Iplus,audit,A,commute_over20,120,expanded_independent,development_evaluation,3,3,True,0.00833545045505013,0.006435741029850426,0.00833545045505013,0.006435741029850426,3,True,False
signed_prior_relative_gain,F_Iplus,audit,A,commute_over20,120,expanded_independent,validation_person_weighted,3,3,True,0.008143027706004355,0.005265102151307593,0.008143027706004355,0.005265102151307593,3,True,False
signed_prior_relative_gain,F_Iplus,audit,A,commute_over20,120,expanded_independent,development_evaluation_person_weighted,3,3,True,0.005769454444050785,0.003401475495672108,0.005769454444050785,0.003401475495672108,3,True,False
signed_prior_relative_gain,F_Iplus,audit,A,commute_over20,120,expanded_catchup,validation,3,3,True,0.012268204940390973,0.004154190789943762,0.012268204940390973,0.004154190789943762,3,True,False
signed_prior_relative_gain,F_Iplus,audit,A,commute_over20,120,expanded_catchup,development_evaluation,3,3,True,0.00833545045505013,0.006435741029850426,0.00833545045505013,0.006435741029850426,3,True,False
signed_prior_relative_gain,F_Iplus,audit,A,commute_over20,120,expanded_catchup,validation_person_weighted,3,3,True,0.008143027706004355,0.005265102151307593,0.008143027706004355,0.005265102151307593,3,True,False
signed_prior_relative_gain,F_Iplus,audit,A,commute_over20,120,expanded_catchup,development_evaluation_person_weighted,3,3,True,0.005769454444050785,0.003401475495672108,0.005769454444050785,0.003401475495672108,3,True,False
signed_prior_relative_gain,F_Iplus,audit,A,commute_over20,360,standard_independent,validation,3,3,True,0.012268204940390973,0.004154190789943762,0.012268204940390973,0.004154190789943762,3,True,False
signed_prior_relative_gain,F_Iplus,audit,A,commute_over20,360,standard_independent,development_evaluation,3,3,True,0.00833545045505013,0.006435741029850426,0.00833545045505013,0.006435741029850426,3,True,False
signed_prior_relative_gain,F_Iplus,audit,A,commute_over20,360,standard_independent,validation_person_weighted,3,3,True,0.008143027706004355,0.005265102151307593,0.008143027706004355,0.005265102151307593,3,True,False
signed_prior_relative_gain,F_Iplus,audit,A,commute_over20,360,standard_independent,development_evaluation_person_weighted,3,3,True,0.005769454444050785,0.003401475495672108,0.005769454444050785,0.003401475495672108,3,True,False
signed_prior_relative_gain,F_Iplus,audit,A,commute_over20,360,expanded_independent,validation,3,3,True,0.012268204940390973,0.004154190789943762,0.012268204940390973,0.004154190789943762,3,True,False
signed_prior_relative_gain,F_Iplus,audit,A,commute_over20,360,expanded_independent,development_evaluation,3,3,True,0.00833545045505013,0.006435741029850426,0.00833545045505013,0.006435741029850426,3,True,False
signed_prior_relative_gain,F_Iplus,audit,A,commute_over20,360,expanded_independent,validation_person_weighted,3,3,True,0.008143027706004355,0.005265102151307593,0.008143027706004355,0.005265102151307593,3,True,False
signed_prior_relative_gain,F_Iplus,audit,A,commute_over20,360,expanded_independent,development_evaluation_person_weighted,3,3,True,0.005769454444050785,0.003401475495672108,0.005769454444050785,0.003401475495672108,3,True,False
signed_prior_relative_gain,F_Iplus,audit,A,commute_over20,360,expanded_catchup,validation,3,3,True,0.012268204940390973,0.004154190789943762,0.012268204940390973,0.004154190789943762,3,True,False
signed_prior_relative_gain,F_Iplus,audit,A,commute_over20,360,expanded_catchup,development_evaluation,3,3,True,0.00833545045505013,0.006435741029850426,0.00833545045505013,0.006435741029850426,3,True,False
signed_prior_relative_gain,F_Iplus,audit,A,commute_over20,360,expanded_catchup,validation_person_weighted,3,3,True,0.008143027706004355,0.005265102151307593,0.008143027706004355,0.005265102151307593,3,True,False
signed_prior_relative_gain,F_Iplus,audit,A,commute_over20,360,expanded_catchup,development_evaluation_person_weighted,3,3,True,0.005769454444050785,0.003401475495672108,0.005769454444050785,0.003401475495672108,3,True,False
signed_prior_relative_gain,F_Iplus,audit,A,SEX,120,standard_independent,validation,3,3,True,0.007330344662301462,0.002027213079423102,0.007330344662301462,0.002027213079423102,3,True,False
signed_prior_relative_gain,F_Iplus,audit,A,SEX,120,standard_independent,development_evaluation,3,3,True,0.006617468925623242,0.006248650735196519,0.006617468925623242,0.006248650735196519,3,True,False
signed_prior_relative_gain,F_Iplus,audit,A,SEX,120,standard_independent,validation_person_weighted,3,3,True,0.006023634778336673,0.0030148907775848144,0.006023634778336673,0.0030148907775848144,3,True,False
signed_prior_relative_gain,F_Iplus,audit,A,SEX,120,standard_independent,development_evaluation_person_weighted,3,3,True,0.005829977737080753,0.0038072355958571947,0.005829977737080753,0.0038072355958571947,3,True,False
signed_prior_relative_gain,F_Iplus,audit,A,SEX,120,expanded_independent,validation,3,3,True,0.007330344662301462,0.002027213079423102,0.007330344662301462,0.002027213079423102,3,True,False
signed_prior_relative_gain,F_Iplus,audit,A,SEX,120,expanded_independent,development_evaluation,3,3,True,0.006617468925623242,0.006248650735196519,0.006617468925623242,0.006248650735196519,3,True,False
signed_prior_relative_gain,F_Iplus,audit,A,SEX,120,expanded_independent,validation_person_weighted,3,3,True,0.006023634778336673,0.0030148907775848144,0.006023634778336673,0.0030148907775848144,3,True,False
signed_prior_relative_gain,F_Iplus,audit,A,SEX,120,expanded_independent,development_evaluation_person_weighted,3,3,True,0.005829977737080753,0.0038072355958571947,0.005829977737080753,0.0038072355958571947,3,True,False
signed_prior_relative_gain,F_Iplus,audit,A,SEX,120,expanded_catchup,validation,3,3,True,0.007519608514290492,0.002340940645872542,0.007519608514290492,0.002340940645872542,3,True,False
signed_prior_relative_gain,F_Iplus,audit,A,SEX,120,expanded_catchup,development_evaluation,3,3,True,0.007193240793958259,0.006032856181108253,0.007193240793958259,0.006032856181108253,3,True,False
signed_prior_relative_gain,F_Iplus,audit,A,SEX,120,expanded_catchup,validation_person_weighted,3,3,True,0.006506256471508524,0.0032022937019415645,0.006506256471508524,0.0032022937019415645,3,True,False
signed_prior_relative_gain,F_Iplus,audit,A,SEX,120,expanded_catchup,development_evaluation_person_weighted,3,3,True,0.007963297949872087,0.002915227668737882,0.007963297949872087,0.002915227668737882,3,True,False
signed_prior_relative_gain,F_Iplus,audit,A,SEX,360,standard_independent,validation,3,3,True,0.007330344662301462,0.002027213079423102,0.007330344662301462,0.002027213079423102,3,True,False
signed_prior_relative_gain,F_Iplus,audit,A,SEX,360,standard_independent,development_evaluation,3,3,True,0.006617468925623242,0.006248650735196519,0.006617468925623242,0.006248650735196519,3,True,False
signed_prior_relative_gain,F_Iplus,audit,A,SEX,360,standard_independent,validation_person_weighted,3,3,True,0.006023634778336673,0.0030148907775848144,0.006023634778336673,0.0030148907775848144,3,True,False
signed_prior_relative_gain,F_Iplus,audit,A,SEX,360,standard_independent,development_evaluation_person_weighted,3,3,True,0.005829977737080753,0.0038072355958571947,0.005829977737080753,0.0038072355958571947,3,True,False
signed_prior_relative_gain,F_Iplus,audit,A,SEX,360,expanded_independent,validation,3,3,True,0.007330344662301462,0.002027213079423102,0.007330344662301462,0.002027213079423102,3,True,False
signed_prior_relative_gain,F_Iplus,audit,A,SEX,360,expanded_independent,development_evaluation,3,3,True,0.006617468925623242,0.006248650735196519,0.006617468925623242,0.006248650735196519,3,True,False
signed_prior_relative_gain,F_Iplus,audit,A,SEX,360,expanded_independent,validation_person_weighted,3,3,True,0.006023634778336673,0.0030148907775848144,0.006023634778336673,0.0030148907775848144,3,True,False
signed_prior_relative_gain,F_Iplus,audit,A,SEX,360,expanded_independent,development_evaluation_person_weighted,3,3,True,0.005829977737080753,0.0038072355958571947,0.005829977737080753,0.0038072355958571947,3,True,False
signed_prior_relative_gain,F_Iplus,audit,A,SEX,360,expanded_catchup,validation,3,3,True,0.007519608514290492,0.002340940645872542,0.007519608514290492,0.002340940645872542,3,True,False
signed_prior_relative_gain,F_Iplus,audit,A,SEX,360,expanded_catchup,development_evaluation,3,3,True,0.007193240793958259,0.006032856181108253,0.007193240793958259,0.006032856181108253,3,True,False
signed_prior_relative_gain,F_Iplus,audit,A,SEX,360,expanded_catchup,validation_person_weighted,3,3,True,0.006506256471508524,0.0032022937019415645,0.006506256471508524,0.0032022937019415645,3,True,False
signed_prior_relative_gain,F_Iplus,audit,A,SEX,360,expanded_catchup,development_evaluation_person_weighted,3,3,True,0.007963297949872087,0.002915227668737882,0.007963297949872087,0.002915227668737882,3,True,False
signed_prior_relative_gain,F_Iplus,audit,A,RAC1P,120,standard_independent,validation,3,3,True,0.014612201659889893,0.0028472081540506502,0.014612201659889893,0.0028472081540506502,3,True,False
signed_prior_relative_gain,F_Iplus,audit,A,RAC1P,120,standard_independent,development_evaluation,3,3,True,0.017747741232725156,0.006521804733610137,0.017747741232725156,0.006521804733610137,3,True,False
signed_prior_relative_gain,F_Iplus,audit,A,RAC1P,120,standard_independent,validation_person_weighted,3,3,True,0.014546036415563846,0.0015659243141638586,0.014546036415563846,0.0015659243141638586,3,True,False
signed_prior_relative_gain,F_Iplus,audit,A,RAC1P,120,standard_independent,development_evaluation_person_weighted,3,3,True,0.016562478081119176,0.008094388059821515,0.016562478081119176,0.008094388059821515,3,True,False
signed_prior_relative_gain,F_Iplus,audit,A,RAC1P,120,expanded_independent,validation,3,3,True,0.015328573458844788,0.0019093691485768673,0.015328573458844788,0.0019093691485768673,3,True,False
signed_prior_relative_gain,F_Iplus,audit,A,RAC1P,120,expanded_independent,development_evaluation,3,3,True,0.017001871003681668,0.006763706411012448,0.017001871003681668,0.006763706411012448,3,True,False
signed_prior_relative_gain,F_Iplus,audit,A,RAC1P,120,expanded_independent,validation_person_weighted,3,3,True,0.015403866022820697,0.0023091214818524194,0.015403866022820697,0.0023091214818524194,3,True,False
signed_prior_relative_gain,F_Iplus,audit,A,RAC1P,120,expanded_independent,development_evaluation_person_weighted,3,3,True,0.017815057825249097,0.006666177160427412,0.017815057825249097,0.006666177160427412,3,True,False
signed_prior_relative_gain,F_Iplus,audit,A,RAC1P,120,expanded_catchup,validation,3,3,True,0.01840231937692279,0.003497636726707945,0.01840231937692279,0.003497636726707945,3,True,False
signed_prior_relative_gain,F_Iplus,audit,A,RAC1P,120,expanded_catchup,development_evaluation,3,3,True,0.019909003471529314,0.009483158657337594,0.019909003471529314,0.009483158657337594,3,True,False
signed_prior_relative_gain,F_Iplus,audit,A,RAC1P,120,expanded_catchup,validation_person_weighted,3,3,True,0.01728242000711148,0.002887530706290917,0.01728242000711148,0.002887530706290917,3,True,False
signed_prior_relative_gain,F_Iplus,audit,A,RAC1P,120,expanded_catchup,development_evaluation_person_weighted,3,3,True,0.02140518999310448,0.013458714948011798,0.02140518999310448,0.013458714948011798,3,True,False
signed_prior_relative_gain,F_Iplus,audit,A,RAC1P,360,standard_independent,validation,3,3,True,0.014612201659889893,0.0028472081540506502,0.014612201659889893,0.0028472081540506502,3,True,False
signed_prior_relative_gain,F_Iplus,audit,A,RAC1P,360,standard_independent,development_evaluation,3,3,True,0.017747741232725156,0.006521804733610137,0.017747741232725156,0.006521804733610137,3,True,False
signed_prior_relative_gain,F_Iplus,audit,A,RAC1P,360,standard_independent,validation_person_weighted,3,3,True,0.014546036415563846,0.0015659243141638586,0.014546036415563846,0.0015659243141638586,3,True,False
signed_prior_relative_gain,F_Iplus,audit,A,RAC1P,360,standard_independent,development_evaluation_person_weighted,3,3,True,0.016562478081119176,0.008094388059821515,0.016562478081119176,0.008094388059821515,3,True,False
signed_prior_relative_gain,F_Iplus,audit,A,RAC1P,360,expanded_independent,validation,3,3,True,0.015328573458844788,0.0019093691485768673,0.015328573458844788,0.0019093691485768673,3,True,False
signed_prior_relative_gain,F_Iplus,audit,A,RAC1P,360,expanded_independent,development_evaluation,3,3,True,0.017001871003681668,0.006763706411012448,0.017001871003681668,0.006763706411012448,3,True,False
signed_prior_relative_gain,F_Iplus,audit,A,RAC1P,360,expanded_independent,validation_person_weighted,3,3,True,0.015403866022820697,0.0023091214818524194,0.015403866022820697,0.0023091214818524194,3,True,False
signed_prior_relative_gain,F_Iplus,audit,A,RAC1P,360,expanded_independent,development_evaluation_person_weighted,3,3,True,0.017815057825249097,0.006666177160427412,0.017815057825249097,0.006666177160427412,3,True,False
signed_prior_relative_gain,F_Iplus,audit,A,RAC1P,360,expanded_catchup,validation,3,3,True,0.01840231937692279,0.003497636726707945,0.01840231937692279,0.003497636726707945,3,True,False
signed_prior_relative_gain,F_Iplus,audit,A,RAC1P,360,expanded_catchup,development_evaluation,3,3,True,0.019909003471529314,0.009483158657337594,0.019909003471529314,0.009483158657337594,3,True,False
signed_prior_relative_gain,F_Iplus,audit,A,RAC1P,360,expanded_catchup,validation_person_weighted,3,3,True,0.01728242000711148,0.002887530706290917,0.01728242000711148,0.002887530706290917,3,True,False
signed_prior_relative_gain,F_Iplus,audit,A,RAC1P,360,expanded_catchup,development_evaluation_person_weighted,3,3,True,0.02140518999310448,0.013458714948011798,0.02140518999310448,0.013458714948011798,3,True,False
signed_prior_relative_gain,F_Iplus,audit,B,income_binary,120,standard_independent,validation,3,3,True,0.10893216050308557,0.011018330933711547,0.10893216050308557,0.011018330933711547,3,True,False
signed_prior_relative_gain,F_Iplus,audit,B,income_binary,120,standard_independent,development_evaluation,3,3,True,0.12614191488505427,0.008196879670630954,0.12614191488505427,0.008196879670630954,3,True,False
signed_prior_relative_gain,F_Iplus,audit,B,income_binary,120,standard_independent,validation_person_weighted,3,3,True,0.11025997908403683,0.027059303159344596,0.11025997908403683,0.027059303159344596,3,True,False
signed_prior_relative_gain,F_Iplus,audit,B,income_binary,120,standard_independent,development_evaluation_person_weighted,3,3,True,0.11531180265124741,0.016260588033416404,0.11531180265124741,0.016260588033416404,3,True,False
signed_prior_relative_gain,F_Iplus,audit,B,income_binary,120,expanded_independent,validation,3,3,True,0.10893216050308557,0.011018330933711547,0.10893216050308557,0.011018330933711547,3,True,False
signed_prior_relative_gain,F_Iplus,audit,B,income_binary,120,expanded_independent,development_evaluation,3,3,True,0.12614191488505427,0.008196879670630954,0.12614191488505427,0.008196879670630954,3,True,False
signed_prior_relative_gain,F_Iplus,audit,B,income_binary,120,expanded_independent,validation_person_weighted,3,3,True,0.11025997908403683,0.027059303159344596,0.11025997908403683,0.027059303159344596,3,True,False
signed_prior_relative_gain,F_Iplus,audit,B,income_binary,120,expanded_independent,development_evaluation_person_weighted,3,3,True,0.11531180265124741,0.016260588033416404,0.11531180265124741,0.016260588033416404,3,True,False
signed_prior_relative_gain,F_Iplus,audit,B,income_binary,120,expanded_catchup,validation,3,3,True,0.11047747313545618,0.009367100101735483,0.11047747313545618,0.009367100101735483,3,True,False
signed_prior_relative_gain,F_Iplus,audit,B,income_binary,120,expanded_catchup,development_evaluation,3,3,True,0.11855666934622967,0.012657121253530556,0.11855666934622967,0.012657121253530556,3,True,False
signed_prior_relative_gain,F_Iplus,audit,B,income_binary,120,expanded_catchup,validation_person_weighted,3,3,True,0.11413089321560577,0.023196405603000153,0.11413089321560577,0.023196405603000153,3,True,False
signed_prior_relative_gain,F_Iplus,audit,B,income_binary,120,expanded_catchup,development_evaluation_person_weighted,3,3,True,0.11264831061351145,0.018788200897922127,0.11264831061351145,0.018788200897922127,3,True,False
signed_prior_relative_gain,F_Iplus,audit,B,income_binary,360,standard_independent,validation,3,3,True,0.10893216050308557,0.011018330933711547,0.10893216050308557,0.011018330933711547,3,True,False
signed_prior_relative_gain,F_Iplus,audit,B,income_binary,360,standard_independent,development_evaluation,3,3,True,0.12614191488505427,0.008196879670630954,0.12614191488505427,0.008196879670630954,3,True,False
signed_prior_relative_gain,F_Iplus,audit,B,income_binary,360,standard_independent,validation_person_weighted,3,3,True,0.11025997908403683,0.027059303159344596,0.11025997908403683,0.027059303159344596,3,True,False
signed_prior_relative_gain,F_Iplus,audit,B,income_binary,360,standard_independent,development_evaluation_person_weighted,3,3,True,0.11531180265124741,0.016260588033416404,0.11531180265124741,0.016260588033416404,3,True,False
signed_prior_relative_gain,F_Iplus,audit,B,income_binary,360,expanded_independent,validation,3,3,True,0.10893216050308557,0.011018330933711547,0.10893216050308557,0.011018330933711547,3,True,False
signed_prior_relative_gain,F_Iplus,audit,B,income_binary,360,expanded_independent,development_evaluation,3,3,True,0.12614191488505427,0.008196879670630954,0.12614191488505427,0.008196879670630954,3,True,False
signed_prior_relative_gain,F_Iplus,audit,B,income_binary,360,expanded_independent,validation_person_weighted,3,3,True,0.11025997908403683,0.027059303159344596,0.11025997908403683,0.027059303159344596,3,True,False
signed_prior_relative_gain,F_Iplus,audit,B,income_binary,360,expanded_independent,development_evaluation_person_weighted,3,3,True,0.11531180265124741,0.016260588033416404,0.11531180265124741,0.016260588033416404,3,True,False
signed_prior_relative_gain,F_Iplus,audit,B,income_binary,360,expanded_catchup,validation,3,3,True,0.11047747313545618,0.009367100101735483,0.11047747313545618,0.009367100101735483,3,True,False
signed_prior_relative_gain,F_Iplus,audit,B,income_binary,360,expanded_catchup,development_evaluation,3,3,True,0.11855666934622967,0.012657121253530556,0.11855666934622967,0.012657121253530556,3,True,False
signed_prior_relative_gain,F_Iplus,audit,B,income_binary,360,expanded_catchup,validation_person_weighted,3,3,True,0.11413089321560577,0.023196405603000153,0.11413089321560577,0.023196405603000153,3,True,False
signed_prior_relative_gain,F_Iplus,audit,B,income_binary,360,expanded_catchup,development_evaluation_person_weighted,3,3,True,0.11264831061351145,0.018788200897922127,0.11264831061351145,0.018788200897922127,3,True,False
signed_prior_relative_gain,F_Iplus,audit,B,civilian_at_work,120,standard_independent,validation,3,3,True,0.1463833237448192,0.0055623436881645115,0.1463833237448192,0.0055623436881645115,3,True,False
signed_prior_relative_gain,F_Iplus,audit,B,civilian_at_work,120,standard_independent,development_evaluation,3,3,True,0.16164090886436605,0.001848453669099847,0.16164090886436605,0.001848453669099847,3,True,False
signed_prior_relative_gain,F_Iplus,audit,B,civilian_at_work,120,standard_independent,validation_person_weighted,3,3,True,0.1437455007485318,0.00564954456736527,0.1437455007485318,0.00564954456736527,3,True,False
signed_prior_relative_gain,F_Iplus,audit,B,civilian_at_work,120,standard_independent,development_evaluation_person_weighted,3,3,True,0.16154478854697454,0.006821454005290314,0.16154478854697454,0.006821454005290314,3,True,False
signed_prior_relative_gain,F_Iplus,audit,B,civilian_at_work,120,expanded_independent,validation,3,3,True,0.1463833237448192,0.0055623436881645115,0.1463833237448192,0.0055623436881645115,3,True,False
signed_prior_relative_gain,F_Iplus,audit,B,civilian_at_work,120,expanded_independent,development_evaluation,3,3,True,0.16164090886436605,0.001848453669099847,0.16164090886436605,0.001848453669099847,3,True,False
signed_prior_relative_gain,F_Iplus,audit,B,civilian_at_work,120,expanded_independent,validation_person_weighted,3,3,True,0.1437455007485318,0.00564954456736527,0.1437455007485318,0.00564954456736527,3,True,False
signed_prior_relative_gain,F_Iplus,audit,B,civilian_at_work,120,expanded_independent,development_evaluation_person_weighted,3,3,True,0.16154478854697454,0.006821454005290314,0.16154478854697454,0.006821454005290314,3,True,False
signed_prior_relative_gain,F_Iplus,audit,B,civilian_at_work,120,expanded_catchup,validation,3,3,True,0.1463833237448192,0.0055623436881645115,0.1463833237448192,0.0055623436881645115,3,True,False
signed_prior_relative_gain,F_Iplus,audit,B,civilian_at_work,120,expanded_catchup,development_evaluation,3,3,True,0.16164090886436605,0.001848453669099847,0.16164090886436605,0.001848453669099847,3,True,False
signed_prior_relative_gain,F_Iplus,audit,B,civilian_at_work,120,expanded_catchup,validation_person_weighted,3,3,True,0.1437455007485318,0.00564954456736527,0.1437455007485318,0.00564954456736527,3,True,False
signed_prior_relative_gain,F_Iplus,audit,B,civilian_at_work,120,expanded_catchup,development_evaluation_person_weighted,3,3,True,0.16154478854697454,0.006821454005290314,0.16154478854697454,0.006821454005290314,3,True,False
signed_prior_relative_gain,F_Iplus,audit,B,civilian_at_work,360,standard_independent,validation,3,3,True,0.1463833237448192,0.0055623436881645115,0.1463833237448192,0.0055623436881645115,3,True,False
signed_prior_relative_gain,F_Iplus,audit,B,civilian_at_work,360,standard_independent,development_evaluation,3,3,True,0.16164090886436605,0.001848453669099847,0.16164090886436605,0.001848453669099847,3,True,False
signed_prior_relative_gain,F_Iplus,audit,B,civilian_at_work,360,standard_independent,validation_person_weighted,3,3,True,0.1437455007485318,0.00564954456736527,0.1437455007485318,0.00564954456736527,3,True,False
signed_prior_relative_gain,F_Iplus,audit,B,civilian_at_work,360,standard_independent,development_evaluation_person_weighted,3,3,True,0.16154478854697454,0.006821454005290314,0.16154478854697454,0.006821454005290314,3,True,False
signed_prior_relative_gain,F_Iplus,audit,B,civilian_at_work,360,expanded_independent,validation,3,3,True,0.1463833237448192,0.0055623436881645115,0.1463833237448192,0.0055623436881645115,3,True,False
signed_prior_relative_gain,F_Iplus,audit,B,civilian_at_work,360,expanded_independent,development_evaluation,3,3,True,0.16164090886436605,0.001848453669099847,0.16164090886436605,0.001848453669099847,3,True,False
signed_prior_relative_gain,F_Iplus,audit,B,civilian_at_work,360,expanded_independent,validation_person_weighted,3,3,True,0.1437455007485318,0.00564954456736527,0.1437455007485318,0.00564954456736527,3,True,False
signed_prior_relative_gain,F_Iplus,audit,B,civilian_at_work,360,expanded_independent,development_evaluation_person_weighted,3,3,True,0.16154478854697454,0.006821454005290314,0.16154478854697454,0.006821454005290314,3,True,False
signed_prior_relative_gain,F_Iplus,audit,B,civilian_at_work,360,expanded_catchup,validation,3,3,True,0.1463833237448192,0.0055623436881645115,0.1463833237448192,0.0055623436881645115,3,True,False
signed_prior_relative_gain,F_Iplus,audit,B,civilian_at_work,360,expanded_catchup,development_evaluation,3,3,True,0.16164090886436605,0.001848453669099847,0.16164090886436605,0.001848453669099847,3,True,False
signed_prior_relative_gain,F_Iplus,audit,B,civilian_at_work,360,expanded_catchup,validation_person_weighted,3,3,True,0.1437455007485318,0.00564954456736527,0.1437455007485318,0.00564954456736527,3,True,False
signed_prior_relative_gain,F_Iplus,audit,B,civilian_at_work,360,expanded_catchup,development_evaluation_person_weighted,3,3,True,0.16154478854697454,0.006821454005290314,0.16154478854697454,0.006821454005290314,3,True,False
signed_prior_relative_gain,F_Iplus,audit,B,same_residence,120,standard_independent,validation,3,3,True,0.03563649959820355,0.00585865769760055,0.03563649959820355,0.00585865769760055,3,True,False
signed_prior_relative_gain,F_Iplus,audit,B,same_residence,120,standard_independent,development_evaluation,3,3,True,0.031086719306795074,0.003246392385874219,0.031086719306795074,0.003246392385874219,3,True,False
signed_prior_relative_gain,F_Iplus,audit,B,same_residence,120,standard_independent,validation_person_weighted,3,3,True,0.033335758625761935,0.00032302898416625657,0.033335758625761935,0.00032302898416625657,3,True,False
signed_prior_relative_gain,F_Iplus,audit,B,same_residence,120,standard_independent,development_evaluation_person_weighted,3,3,True,0.03211937252357531,0.002197899240254688,0.03211937252357531,0.002197899240254688,3,True,False
signed_prior_relative_gain,F_Iplus,audit,B,same_residence,120,expanded_independent,validation,3,3,True,0.03563649959820355,0.00585865769760055,0.03563649959820355,0.00585865769760055,3,True,False
signed_prior_relative_gain,F_Iplus,audit,B,same_residence,120,expanded_independent,development_evaluation,3,3,True,0.031086719306795074,0.003246392385874219,0.031086719306795074,0.003246392385874219,3,True,False
signed_prior_relative_gain,F_Iplus,audit,B,same_residence,120,expanded_independent,validation_person_weighted,3,3,True,0.033335758625761935,0.00032302898416625657,0.033335758625761935,0.00032302898416625657,3,True,False
signed_prior_relative_gain,F_Iplus,audit,B,same_residence,120,expanded_independent,development_evaluation_person_weighted,3,3,True,0.03211937252357531,0.002197899240254688,0.03211937252357531,0.002197899240254688,3,True,False
signed_prior_relative_gain,F_Iplus,audit,B,same_residence,120,expanded_catchup,validation,3,3,True,0.03563649959820355,0.00585865769760055,0.03563649959820355,0.00585865769760055,3,True,False
signed_prior_relative_gain,F_Iplus,audit,B,same_residence,120,expanded_catchup,development_evaluation,3,3,True,0.031086719306795074,0.003246392385874219,0.031086719306795074,0.003246392385874219,3,True,False
signed_prior_relative_gain,F_Iplus,audit,B,same_residence,120,expanded_catchup,validation_person_weighted,3,3,True,0.033335758625761935,0.00032302898416625657,0.033335758625761935,0.00032302898416625657,3,True,False
signed_prior_relative_gain,F_Iplus,audit,B,same_residence,120,expanded_catchup,development_evaluation_person_weighted,3,3,True,0.03211937252357531,0.002197899240254688,0.03211937252357531,0.002197899240254688,3,True,False
signed_prior_relative_gain,F_Iplus,audit,B,same_residence,360,standard_independent,validation,3,3,True,0.03563649959820355,0.00585865769760055,0.03563649959820355,0.00585865769760055,3,True,False
signed_prior_relative_gain,F_Iplus,audit,B,same_residence,360,standard_independent,development_evaluation,3,3,True,0.031086719306795074,0.003246392385874219,0.031086719306795074,0.003246392385874219,3,True,False
signed_prior_relative_gain,F_Iplus,audit,B,same_residence,360,standard_independent,validation_person_weighted,3,3,True,0.033335758625761935,0.00032302898416625657,0.033335758625761935,0.00032302898416625657,3,True,False
signed_prior_relative_gain,F_Iplus,audit,B,same_residence,360,standard_independent,development_evaluation_person_weighted,3,3,True,0.03211937252357531,0.002197899240254688,0.03211937252357531,0.002197899240254688,3,True,False
signed_prior_relative_gain,F_Iplus,audit,B,same_residence,360,expanded_independent,validation,3,3,True,0.03563649959820355,0.00585865769760055,0.03563649959820355,0.00585865769760055,3,True,False
signed_prior_relative_gain,F_Iplus,audit,B,same_residence,360,expanded_independent,development_evaluation,3,3,True,0.031086719306795074,0.003246392385874219,0.031086719306795074,0.003246392385874219,3,True,False
signed_prior_relative_gain,F_Iplus,audit,B,same_residence,360,expanded_independent,validation_person_weighted,3,3,True,0.033335758625761935,0.00032302898416625657,0.033335758625761935,0.00032302898416625657,3,True,False
signed_prior_relative_gain,F_Iplus,audit,B,same_residence,360,expanded_independent,development_evaluation_person_weighted,3,3,True,0.03211937252357531,0.002197899240254688,0.03211937252357531,0.002197899240254688,3,True,False
signed_prior_relative_gain,F_Iplus,audit,B,same_residence,360,expanded_catchup,validation,3,3,True,0.03563649959820355,0.00585865769760055,0.03563649959820355,0.00585865769760055,3,True,False
signed_prior_relative_gain,F_Iplus,audit,B,same_residence,360,expanded_catchup,development_evaluation,3,3,True,0.031086719306795074,0.003246392385874219,0.031086719306795074,0.003246392385874219,3,True,False
signed_prior_relative_gain,F_Iplus,audit,B,same_residence,360,expanded_catchup,validation_person_weighted,3,3,True,0.033335758625761935,0.00032302898416625657,0.033335758625761935,0.00032302898416625657,3,True,False
signed_prior_relative_gain,F_Iplus,audit,B,same_residence,360,expanded_catchup,development_evaluation_person_weighted,3,3,True,0.03211937252357531,0.002197899240254688,0.03211937252357531,0.002197899240254688,3,True,False
signed_prior_relative_gain,F_Iplus,audit,B,SEX,120,standard_independent,validation,3,3,True,0.0095641609357953,0.0027784068074212494,0.0095641609357953,0.0027784068074212494,3,True,False
signed_prior_relative_gain,F_Iplus,audit,B,SEX,120,standard_independent,development_evaluation,3,3,True,0.0023279969473715876,0.0027898050706093463,0.0023279969473715876,0.0027898050706093463,3,True,False
signed_prior_relative_gain,F_Iplus,audit,B,SEX,120,standard_independent,validation_person_weighted,3,3,True,0.006134599078253126,0.0009125078430999034,0.006134599078253126,0.0009125078430999034,3,True,False
signed_prior_relative_gain,F_Iplus,audit,B,SEX,120,standard_independent,development_evaluation_person_weighted,3,3,True,-0.0016688535291182378,0.0017880375658250742,-0.0016688535291182378,0.0017880375658250742,3,True,False
signed_prior_relative_gain,F_Iplus,audit,B,SEX,120,expanded_independent,validation,3,3,True,0.0095641609357953,0.0027784068074212494,0.0095641609357953,0.0027784068074212494,3,True,False
signed_prior_relative_gain,F_Iplus,audit,B,SEX,120,expanded_independent,development_evaluation,3,3,True,0.0023279969473715876,0.0027898050706093463,0.0023279969473715876,0.0027898050706093463,3,True,False
signed_prior_relative_gain,F_Iplus,audit,B,SEX,120,expanded_independent,validation_person_weighted,3,3,True,0.006134599078253126,0.0009125078430999034,0.006134599078253126,0.0009125078430999034,3,True,False
signed_prior_relative_gain,F_Iplus,audit,B,SEX,120,expanded_independent,development_evaluation_person_weighted,3,3,True,-0.0016688535291182378,0.0017880375658250742,-0.0016688535291182378,0.0017880375658250742,3,True,False
signed_prior_relative_gain,F_Iplus,audit,B,SEX,120,expanded_catchup,validation,3,3,True,0.0095641609357953,0.0027784068074212494,0.0095641609357953,0.0027784068074212494,3,True,False
signed_prior_relative_gain,F_Iplus,audit,B,SEX,120,expanded_catchup,development_evaluation,3,3,True,0.0023279969473715876,0.0027898050706093463,0.0023279969473715876,0.0027898050706093463,3,True,False
signed_prior_relative_gain,F_Iplus,audit,B,SEX,120,expanded_catchup,validation_person_weighted,3,3,True,0.006134599078253126,0.0009125078430999034,0.006134599078253126,0.0009125078430999034,3,True,False
signed_prior_relative_gain,F_Iplus,audit,B,SEX,120,expanded_catchup,development_evaluation_person_weighted,3,3,True,-0.0016688535291182378,0.0017880375658250742,-0.0016688535291182378,0.0017880375658250742,3,True,False
signed_prior_relative_gain,F_Iplus,audit,B,SEX,360,standard_independent,validation,3,3,True,0.0095641609357953,0.0027784068074212494,0.0095641609357953,0.0027784068074212494,3,True,False
signed_prior_relative_gain,F_Iplus,audit,B,SEX,360,standard_independent,development_evaluation,3,3,True,0.0023279969473715876,0.0027898050706093463,0.0023279969473715876,0.0027898050706093463,3,True,False
signed_prior_relative_gain,F_Iplus,audit,B,SEX,360,standard_independent,validation_person_weighted,3,3,True,0.006134599078253126,0.0009125078430999034,0.006134599078253126,0.0009125078430999034,3,True,False
signed_prior_relative_gain,F_Iplus,audit,B,SEX,360,standard_independent,development_evaluation_person_weighted,3,3,True,-0.0016688535291182378,0.0017880375658250742,-0.0016688535291182378,0.0017880375658250742,3,True,False
signed_prior_relative_gain,F_Iplus,audit,B,SEX,360,expanded_independent,validation,3,3,True,0.0095641609357953,0.0027784068074212494,0.0095641609357953,0.0027784068074212494,3,True,False
signed_prior_relative_gain,F_Iplus,audit,B,SEX,360,expanded_independent,development_evaluation,3,3,True,0.0023279969473715876,0.0027898050706093463,0.0023279969473715876,0.0027898050706093463,3,True,False
signed_prior_relative_gain,F_Iplus,audit,B,SEX,360,expanded_independent,validation_person_weighted,3,3,True,0.006134599078253126,0.0009125078430999034,0.006134599078253126,0.0009125078430999034,3,True,False
signed_prior_relative_gain,F_Iplus,audit,B,SEX,360,expanded_independent,development_evaluation_person_weighted,3,3,True,-0.0016688535291182378,0.0017880375658250742,-0.0016688535291182378,0.0017880375658250742,3,True,False
signed_prior_relative_gain,F_Iplus,audit,B,SEX,360,expanded_catchup,validation,3,3,True,0.0095641609357953,0.0027784068074212494,0.0095641609357953,0.0027784068074212494,3,True,False
signed_prior_relative_gain,F_Iplus,audit,B,SEX,360,expanded_catchup,development_evaluation,3,3,True,0.0023279969473715876,0.0027898050706093463,0.0023279969473715876,0.0027898050706093463,3,True,False
signed_prior_relative_gain,F_Iplus,audit,B,SEX,360,expanded_catchup,validation_person_weighted,3,3,True,0.006134599078253126,0.0009125078430999034,0.006134599078253126,0.0009125078430999034,3,True,False
signed_prior_relative_gain,F_Iplus,audit,B,SEX,360,expanded_catchup,development_evaluation_person_weighted,3,3,True,-0.0016688535291182378,0.0017880375658250742,-0.0016688535291182378,0.0017880375658250742,3,True,False
signed_prior_relative_gain,F_Iplus,audit,B,RAC1P,120,standard_independent,validation,3,3,True,0.011859178563706996,0.009082888341257792,0.011859178563706996,0.009082888341257792,3,True,False
signed_prior_relative_gain,F_Iplus,audit,B,RAC1P,120,standard_independent,development_evaluation,3,3,True,0.018678472535347417,0.004223176287256205,0.018678472535347417,0.004223176287256205,3,True,False
signed_prior_relative_gain,F_Iplus,audit,B,RAC1P,120,standard_independent,validation_person_weighted,3,3,True,0.012447187315469602,0.011097427287036233,0.012447187315469602,0.011097427287036233,3,True,False
signed_prior_relative_gain,F_Iplus,audit,B,RAC1P,120,standard_independent,development_evaluation_person_weighted,3,3,True,0.017163573702470236,0.007076439692268124,0.017163573702470236,0.007076439692268124,3,True,False
signed_prior_relative_gain,F_Iplus,audit,B,RAC1P,120,expanded_independent,validation,3,3,True,0.016776400385646244,0.005831429002083815,0.016776400385646244,0.005831429002083815,3,True,False
signed_prior_relative_gain,F_Iplus,audit,B,RAC1P,120,expanded_independent,development_evaluation,3,3,True,0.020958718326001158,0.002413237662114502,0.020958718326001158,0.002413237662114502,3,True,False
signed_prior_relative_gain,F_Iplus,audit,B,RAC1P,120,expanded_independent,validation_person_weighted,3,3,True,0.01582681624066547,0.006547747118721029,0.01582681624066547,0.006547747118721029,3,True,False
signed_prior_relative_gain,F_Iplus,audit,B,RAC1P,120,expanded_independent,development_evaluation_person_weighted,3,3,True,0.020348572921663626,0.004220343622430716,0.020348572921663626,0.004220343622430716,3,True,False
signed_prior_relative_gain,F_Iplus,audit,B,RAC1P,120,expanded_catchup,validation,3,3,True,0.02039319518194353,0.007223788374713995,0.02039319518194353,0.007223788374713995,3,True,False
signed_prior_relative_gain,F_Iplus,audit,B,RAC1P,120,expanded_catchup,development_evaluation,3,3,True,0.0222521032330442,0.0037521619435930574,0.0222521032330442,0.0037521619435930574,3,True,False
signed_prior_relative_gain,F_Iplus,audit,B,RAC1P,120,expanded_catchup,validation_person_weighted,3,3,True,0.021932392539825374,0.01170976174646273,0.021932392539825374,0.01170976174646273,3,True,False
signed_prior_relative_gain,F_Iplus,audit,B,RAC1P,120,expanded_catchup,development_evaluation_person_weighted,3,3,True,0.02249531294226011,0.0067807605090977555,0.02249531294226011,0.0067807605090977555,3,True,False
signed_prior_relative_gain,F_Iplus,audit,B,RAC1P,360,standard_independent,validation,3,3,True,0.011859178563706996,0.009082888341257792,0.011859178563706996,0.009082888341257792,3,True,False
signed_prior_relative_gain,F_Iplus,audit,B,RAC1P,360,standard_independent,development_evaluation,3,3,True,0.018678472535347417,0.004223176287256205,0.018678472535347417,0.004223176287256205,3,True,False
signed_prior_relative_gain,F_Iplus,audit,B,RAC1P,360,standard_independent,validation_person_weighted,3,3,True,0.012447187315469602,0.011097427287036233,0.012447187315469602,0.011097427287036233,3,True,False
signed_prior_relative_gain,F_Iplus,audit,B,RAC1P,360,standard_independent,development_evaluation_person_weighted,3,3,True,0.017163573702470236,0.007076439692268124,0.017163573702470236,0.007076439692268124,3,True,False
signed_prior_relative_gain,F_Iplus,audit,B,RAC1P,360,expanded_independent,validation,3,3,True,0.016776400385646244,0.005831429002083815,0.016776400385646244,0.005831429002083815,3,True,False
signed_prior_relative_gain,F_Iplus,audit,B,RAC1P,360,expanded_independent,development_evaluation,3,3,True,0.020958718326001158,0.002413237662114502,0.020958718326001158,0.002413237662114502,3,True,False
signed_prior_relative_gain,F_Iplus,audit,B,RAC1P,360,expanded_independent,validation_person_weighted,3,3,True,0.01582681624066547,0.006547747118721029,0.01582681624066547,0.006547747118721029,3,True,False
signed_prior_relative_gain,F_Iplus,audit,B,RAC1P,360,expanded_independent,development_evaluation_person_weighted,3,3,True,0.020348572921663626,0.004220343622430716,0.020348572921663626,0.004220343622430716,3,True,False
signed_prior_relative_gain,F_Iplus,audit,B,RAC1P,360,expanded_catchup,validation,3,3,True,0.02039319518194353,0.007223788374713995,0.02039319518194353,0.007223788374713995,3,True,False
signed_prior_relative_gain,F_Iplus,audit,B,RAC1P,360,expanded_catchup,development_evaluation,3,3,True,0.0222521032330442,0.0037521619435930574,0.0222521032330442,0.0037521619435930574,3,True,False
signed_prior_relative_gain,F_Iplus,audit,B,RAC1P,360,expanded_catchup,validation_person_weighted,3,3,True,0.021932392539825374,0.01170976174646273,0.021932392539825374,0.01170976174646273,3,True,False
signed_prior_relative_gain,F_Iplus,audit,B,RAC1P,360,expanded_catchup,development_evaluation_person_weighted,3,3,True,0.02249531294226011,0.0067807605090977555,0.02249531294226011,0.0067807605090977555,3,True,False
signed_prior_relative_gain,F_Iplus,audit,AB,SEX,120,standard_independent,validation,3,3,True,0.014169935852257676,0.003286094172033159,0.014169935852257676,0.003286094172033159,3,True,False
signed_prior_relative_gain,F_Iplus,audit,AB,SEX,120,standard_independent,development_evaluation,3,3,True,0.009685552652028159,0.006072387136212878,0.009685552652028159,0.006072387136212878,3,True,False
signed_prior_relative_gain,F_Iplus,audit,AB,SEX,120,standard_independent,validation_person_weighted,3,3,True,0.013758834389643168,0.004576091576756591,0.013758834389643168,0.004576091576756591,3,True,False
signed_prior_relative_gain,F_Iplus,audit,AB,SEX,120,standard_independent,development_evaluation_person_weighted,3,3,True,0.0062934308708440705,0.003248334324745832,0.0062934308708440705,0.003248334324745832,3,True,False
signed_prior_relative_gain,F_Iplus,audit,AB,SEX,120,expanded_independent,validation,3,3,True,0.014169935852257676,0.003286094172033159,0.014169935852257676,0.003286094172033159,3,True,False
signed_prior_relative_gain,F_Iplus,audit,AB,SEX,120,expanded_independent,development_evaluation,3,3,True,0.009685552652028159,0.006072387136212878,0.009685552652028159,0.006072387136212878,3,True,False
signed_prior_relative_gain,F_Iplus,audit,AB,SEX,120,expanded_independent,validation_person_weighted,3,3,True,0.013758834389643168,0.004576091576756591,0.013758834389643168,0.004576091576756591,3,True,False
signed_prior_relative_gain,F_Iplus,audit,AB,SEX,120,expanded_independent,development_evaluation_person_weighted,3,3,True,0.0062934308708440705,0.003248334324745832,0.0062934308708440705,0.003248334324745832,3,True,False
signed_prior_relative_gain,F_Iplus,audit,AB,SEX,120,expanded_catchup,validation,3,3,True,0.015791779547716083,0.006076605780898375,0.015791779547716083,0.006076605780898375,3,True,False
signed_prior_relative_gain,F_Iplus,audit,AB,SEX,120,expanded_catchup,development_evaluation,3,3,True,0.011232582661084031,0.005456655370975578,0.011232582661084031,0.005456655370975578,3,True,False
signed_prior_relative_gain,F_Iplus,audit,AB,SEX,120,expanded_catchup,validation_person_weighted,3,3,True,0.015164259128787013,0.006991678695257146,0.015164259128787013,0.006991678695257146,3,True,False
signed_prior_relative_gain,F_Iplus,audit,AB,SEX,120,expanded_catchup,development_evaluation_person_weighted,3,3,True,0.006856565181112069,0.003578836916947824,0.006856565181112069,0.003578836916947824,3,True,False
signed_prior_relative_gain,F_Iplus,audit,AB,SEX,360,standard_independent,validation,3,3,True,0.014169935852257676,0.003286094172033159,0.014169935852257676,0.003286094172033159,3,True,False
signed_prior_relative_gain,F_Iplus,audit,AB,SEX,360,standard_independent,development_evaluation,3,3,True,0.009685552652028159,0.006072387136212878,0.009685552652028159,0.006072387136212878,3,True,False
signed_prior_relative_gain,F_Iplus,audit,AB,SEX,360,standard_independent,validation_person_weighted,3,3,True,0.013758834389643168,0.004576091576756591,0.013758834389643168,0.004576091576756591,3,True,False
signed_prior_relative_gain,F_Iplus,audit,AB,SEX,360,standard_independent,development_evaluation_person_weighted,3,3,True,0.0062934308708440705,0.003248334324745832,0.0062934308708440705,0.003248334324745832,3,True,False
signed_prior_relative_gain,F_Iplus,audit,AB,SEX,360,expanded_independent,validation,3,3,True,0.014169935852257676,0.003286094172033159,0.014169935852257676,0.003286094172033159,3,True,False
signed_prior_relative_gain,F_Iplus,audit,AB,SEX,360,expanded_independent,development_evaluation,3,3,True,0.009685552652028159,0.006072387136212878,0.009685552652028159,0.006072387136212878,3,True,False
signed_prior_relative_gain,F_Iplus,audit,AB,SEX,360,expanded_independent,validation_person_weighted,3,3,True,0.013758834389643168,0.004576091576756591,0.013758834389643168,0.004576091576756591,3,True,False
signed_prior_relative_gain,F_Iplus,audit,AB,SEX,360,expanded_independent,development_evaluation_person_weighted,3,3,True,0.0062934308708440705,0.003248334324745832,0.0062934308708440705,0.003248334324745832,3,True,False
signed_prior_relative_gain,F_Iplus,audit,AB,SEX,360,expanded_catchup,validation,3,3,True,0.015791779547716083,0.006076605780898375,0.015791779547716083,0.006076605780898375,3,True,False
signed_prior_relative_gain,F_Iplus,audit,AB,SEX,360,expanded_catchup,development_evaluation,3,3,True,0.011232582661084031,0.005456655370975578,0.011232582661084031,0.005456655370975578,3,True,False
signed_prior_relative_gain,F_Iplus,audit,AB,SEX,360,expanded_catchup,validation_person_weighted,3,3,True,0.015164259128787013,0.006991678695257146,0.015164259128787013,0.006991678695257146,3,True,False
signed_prior_relative_gain,F_Iplus,audit,AB,SEX,360,expanded_catchup,development_evaluation_person_weighted,3,3,True,0.006856565181112069,0.003578836916947824,0.006856565181112069,0.003578836916947824,3,True,False
signed_prior_relative_gain,F_Iplus,audit,AB,RAC1P,120,standard_independent,validation,3,3,True,0.0201513258171524,0.0026510276325413095,0.0201513258171524,0.0026510276325413095,3,True,False
signed_prior_relative_gain,F_Iplus,audit,AB,RAC1P,120,standard_independent,development_evaluation,3,3,True,0.02429655459456,0.004144422810001259,0.02429655459456,0.004144422810001259,3,True,False
signed_prior_relative_gain,F_Iplus,audit,AB,RAC1P,120,standard_independent,validation_person_weighted,3,3,True,0.02092136705059085,0.008735459860750283,0.02092136705059085,0.008735459860750283,3,True,False
signed_prior_relative_gain,F_Iplus,audit,AB,RAC1P,120,standard_independent,development_evaluation_person_weighted,3,3,True,0.023469864029558158,0.004547380624570413,0.023469864029558158,0.004547380624570413,3,True,False
signed_prior_relative_gain,F_Iplus,audit,AB,RAC1P,120,expanded_independent,validation,3,3,True,0.021556203465268913,0.0050555698321980685,0.021556203465268913,0.0050555698321980685,3,True,False
signed_prior_relative_gain,F_Iplus,audit,AB,RAC1P,120,expanded_independent,development_evaluation,3,3,True,0.022859602110205508,0.0031974745571907185,0.022859602110205508,0.0031974745571907185,3,True,False
signed_prior_relative_gain,F_Iplus,audit,AB,RAC1P,120,expanded_independent,validation_person_weighted,3,3,True,0.020237707983933245,0.007717911664757847,0.020237707983933245,0.007717911664757847,3,True,False
signed_prior_relative_gain,F_Iplus,audit,AB,RAC1P,120,expanded_independent,development_evaluation_person_weighted,3,3,True,0.023309475526132273,0.004712808508842829,0.023309475526132273,0.004712808508842829,3,True,False
signed_prior_relative_gain,F_Iplus,audit,AB,RAC1P,120,expanded_catchup,validation,3,3,True,0.03361917612560594,0.00529144925408764,0.03361917612560594,0.00529144925408764,3,True,False
signed_prior_relative_gain,F_Iplus,audit,AB,RAC1P,120,expanded_catchup,development_evaluation,3,3,True,0.041639109983230206,0.005430784964051549,0.041639109983230206,0.005430784964051549,3,True,False
signed_prior_relative_gain,F_Iplus,audit,AB,RAC1P,120,expanded_catchup,validation_person_weighted,3,3,True,0.028311966135832645,0.012558751965146187,0.028311966135832645,0.012558751965146187,3,True,False
signed_prior_relative_gain,F_Iplus,audit,AB,RAC1P,120,expanded_catchup,development_evaluation_person_weighted,3,3,True,0.04250888623792615,0.0006424273604309231,0.04250888623792615,0.0006424273604309231,3,True,False
signed_prior_relative_gain,F_Iplus,audit,AB,RAC1P,360,standard_independent,validation,3,3,True,0.0201513258171524,0.0026510276325413095,0.0201513258171524,0.0026510276325413095,3,True,False
signed_prior_relative_gain,F_Iplus,audit,AB,RAC1P,360,standard_independent,development_evaluation,3,3,True,0.02429655459456,0.004144422810001259,0.02429655459456,0.004144422810001259,3,True,False
signed_prior_relative_gain,F_Iplus,audit,AB,RAC1P,360,standard_independent,validation_person_weighted,3,3,True,0.02092136705059085,0.008735459860750283,0.02092136705059085,0.008735459860750283,3,True,False
signed_prior_relative_gain,F_Iplus,audit,AB,RAC1P,360,standard_independent,development_evaluation_person_weighted,3,3,True,0.023469864029558158,0.004547380624570413,0.023469864029558158,0.004547380624570413,3,True,False
signed_prior_relative_gain,F_Iplus,audit,AB,RAC1P,360,expanded_independent,validation,3,3,True,0.021556203465268913,0.0050555698321980685,0.021556203465268913,0.0050555698321980685,3,True,False
signed_prior_relative_gain,F_Iplus,audit,AB,RAC1P,360,expanded_independent,development_evaluation,3,3,True,0.022859602110205508,0.0031974745571907185,0.022859602110205508,0.0031974745571907185,3,True,False
signed_prior_relative_gain,F_Iplus,audit,AB,RAC1P,360,expanded_independent,validation_person_weighted,3,3,True,0.020237707983933245,0.007717911664757847,0.020237707983933245,0.007717911664757847,3,True,False
signed_prior_relative_gain,F_Iplus,audit,AB,RAC1P,360,expanded_independent,development_evaluation_person_weighted,3,3,True,0.023309475526132273,0.004712808508842829,0.023309475526132273,0.004712808508842829,3,True,False
signed_prior_relative_gain,F_Iplus,audit,AB,RAC1P,360,expanded_catchup,validation,3,3,True,0.03361917612560594,0.00529144925408764,0.03361917612560594,0.00529144925408764,3,True,False
signed_prior_relative_gain,F_Iplus,audit,AB,RAC1P,360,expanded_catchup,development_evaluation,3,3,True,0.041639109983230206,0.005430784964051549,0.041639109983230206,0.005430784964051549,3,True,False
signed_prior_relative_gain,F_Iplus,audit,AB,RAC1P,360,expanded_catchup,validation_person_weighted,3,3,True,0.028311966135832645,0.012558751965146187,0.028311966135832645,0.012558751965146187,3,True,False
signed_prior_relative_gain,F_Iplus,audit,AB,RAC1P,360,expanded_catchup,development_evaluation_person_weighted,3,3,True,0.04250888623792615,0.0006424273604309231,0.04250888623792615,0.0006424273604309231,3,True,False
signed_prior_relative_gain,F_J,audit,A,public_coverage,120,standard_independent,validation,3,3,True,0.051836588596449275,0.0034435628729044565,0.051836588596449275,0.0034435628729044565,3,True,False
signed_prior_relative_gain,F_J,audit,A,public_coverage,120,standard_independent,development_evaluation,3,3,True,0.05386037547934286,0.0038107650396134326,0.05386037547934286,0.0038107650396134326,3,True,False
signed_prior_relative_gain,F_J,audit,A,public_coverage,120,standard_independent,validation_person_weighted,3,3,True,0.044900683257766194,0.01037285514733564,0.044900683257766194,0.01037285514733564,3,True,False
signed_prior_relative_gain,F_J,audit,A,public_coverage,120,standard_independent,development_evaluation_person_weighted,3,3,True,0.0544367730691114,0.004864898697125242,0.0544367730691114,0.004864898697125242,3,True,False
signed_prior_relative_gain,F_J,audit,A,public_coverage,120,expanded_independent,validation,3,3,True,0.051836588596449275,0.0034435628729044565,0.051836588596449275,0.0034435628729044565,3,True,False
signed_prior_relative_gain,F_J,audit,A,public_coverage,120,expanded_independent,development_evaluation,3,3,True,0.05386037547934286,0.0038107650396134326,0.05386037547934286,0.0038107650396134326,3,True,False
signed_prior_relative_gain,F_J,audit,A,public_coverage,120,expanded_independent,validation_person_weighted,3,3,True,0.044900683257766194,0.01037285514733564,0.044900683257766194,0.01037285514733564,3,True,False
signed_prior_relative_gain,F_J,audit,A,public_coverage,120,expanded_independent,development_evaluation_person_weighted,3,3,True,0.0544367730691114,0.004864898697125242,0.0544367730691114,0.004864898697125242,3,True,False
signed_prior_relative_gain,F_J,audit,A,public_coverage,120,expanded_catchup,validation,3,3,True,0.05289273873459671,0.0039061320090263574,0.05289273873459671,0.0039061320090263574,3,True,False
signed_prior_relative_gain,F_J,audit,A,public_coverage,120,expanded_catchup,development_evaluation,3,3,True,0.05349333783356643,0.007476179938556103,0.05349333783356643,0.007476179938556103,3,True,False
signed_prior_relative_gain,F_J,audit,A,public_coverage,120,expanded_catchup,validation_person_weighted,3,3,True,0.04627724309669105,0.00946106293350955,0.04627724309669105,0.00946106293350955,3,True,False
signed_prior_relative_gain,F_J,audit,A,public_coverage,120,expanded_catchup,development_evaluation_person_weighted,3,3,True,0.05452579263816704,0.007975278821260699,0.05452579263816704,0.007975278821260699,3,True,False
signed_prior_relative_gain,F_J,audit,A,public_coverage,360,standard_independent,validation,3,3,True,0.051836588596449275,0.0034435628729044565,0.051836588596449275,0.0034435628729044565,3,True,False
signed_prior_relative_gain,F_J,audit,A,public_coverage,360,standard_independent,development_evaluation,3,3,True,0.05386037547934286,0.0038107650396134326,0.05386037547934286,0.0038107650396134326,3,True,False
signed_prior_relative_gain,F_J,audit,A,public_coverage,360,standard_independent,validation_person_weighted,3,3,True,0.044900683257766194,0.01037285514733564,0.044900683257766194,0.01037285514733564,3,True,False
signed_prior_relative_gain,F_J,audit,A,public_coverage,360,standard_independent,development_evaluation_person_weighted,3,3,True,0.0544367730691114,0.004864898697125242,0.0544367730691114,0.004864898697125242,3,True,False
signed_prior_relative_gain,F_J,audit,A,public_coverage,360,expanded_independent,validation,3,3,True,0.051836588596449275,0.0034435628729044565,0.051836588596449275,0.0034435628729044565,3,True,False
signed_prior_relative_gain,F_J,audit,A,public_coverage,360,expanded_independent,development_evaluation,3,3,True,0.05386037547934286,0.0038107650396134326,0.05386037547934286,0.0038107650396134326,3,True,False
signed_prior_relative_gain,F_J,audit,A,public_coverage,360,expanded_independent,validation_person_weighted,3,3,True,0.044900683257766194,0.01037285514733564,0.044900683257766194,0.01037285514733564,3,True,False
signed_prior_relative_gain,F_J,audit,A,public_coverage,360,expanded_independent,development_evaluation_person_weighted,3,3,True,0.0544367730691114,0.004864898697125242,0.0544367730691114,0.004864898697125242,3,True,False
signed_prior_relative_gain,F_J,audit,A,public_coverage,360,expanded_catchup,validation,3,3,True,0.05289273873459671,0.0039061320090263574,0.05289273873459671,0.0039061320090263574,3,True,False
signed_prior_relative_gain,F_J,audit,A,public_coverage,360,expanded_catchup,development_evaluation,3,3,True,0.05349333783356643,0.007476179938556103,0.05349333783356643,0.007476179938556103,3,True,False
signed_prior_relative_gain,F_J,audit,A,public_coverage,360,expanded_catchup,validation_person_weighted,3,3,True,0.04627724309669105,0.00946106293350955,0.04627724309669105,0.00946106293350955,3,True,False
signed_prior_relative_gain,F_J,audit,A,public_coverage,360,expanded_catchup,development_evaluation_person_weighted,3,3,True,0.05452579263816704,0.007975278821260699,0.05452579263816704,0.007975278821260699,3,True,False
signed_prior_relative_gain,F_J,audit,A,commute_over20,120,standard_independent,validation,3,3,True,0.01309254971682039,0.0034815516846062153,0.01309254971682039,0.0034815516846062153,3,True,False
signed_prior_relative_gain,F_J,audit,A,commute_over20,120,standard_independent,development_evaluation,3,3,True,0.008647647997554206,0.005423047683707847,0.008647647997554206,0.005423047683707847,3,True,False
signed_prior_relative_gain,F_J,audit,A,commute_over20,120,standard_independent,validation_person_weighted,3,3,True,0.008726521160030845,0.006389210289309343,0.008726521160030845,0.006389210289309343,3,True,False
signed_prior_relative_gain,F_J,audit,A,commute_over20,120,standard_independent,development_evaluation_person_weighted,3,3,True,0.005853995449067025,0.004211968098846326,0.005853995449067025,0.004211968098846326,3,True,False
signed_prior_relative_gain,F_J,audit,A,commute_over20,120,expanded_independent,validation,3,3,True,0.01309254971682039,0.0034815516846062153,0.01309254971682039,0.0034815516846062153,3,True,False
signed_prior_relative_gain,F_J,audit,A,commute_over20,120,expanded_independent,development_evaluation,3,3,True,0.008647647997554206,0.005423047683707847,0.008647647997554206,0.005423047683707847,3,True,False
signed_prior_relative_gain,F_J,audit,A,commute_over20,120,expanded_independent,validation_person_weighted,3,3,True,0.008726521160030845,0.006389210289309343,0.008726521160030845,0.006389210289309343,3,True,False
signed_prior_relative_gain,F_J,audit,A,commute_over20,120,expanded_independent,development_evaluation_person_weighted,3,3,True,0.005853995449067025,0.004211968098846326,0.005853995449067025,0.004211968098846326,3,True,False
signed_prior_relative_gain,F_J,audit,A,commute_over20,120,expanded_catchup,validation,3,3,True,0.01309254971682039,0.0034815516846062153,0.01309254971682039,0.0034815516846062153,3,True,False
signed_prior_relative_gain,F_J,audit,A,commute_over20,120,expanded_catchup,development_evaluation,3,3,True,0.008647647997554206,0.005423047683707847,0.008647647997554206,0.005423047683707847,3,True,False
signed_prior_relative_gain,F_J,audit,A,commute_over20,120,expanded_catchup,validation_person_weighted,3,3,True,0.008726521160030845,0.006389210289309343,0.008726521160030845,0.006389210289309343,3,True,False
signed_prior_relative_gain,F_J,audit,A,commute_over20,120,expanded_catchup,development_evaluation_person_weighted,3,3,True,0.005853995449067025,0.004211968098846326,0.005853995449067025,0.004211968098846326,3,True,False
signed_prior_relative_gain,F_J,audit,A,commute_over20,360,standard_independent,validation,3,3,True,0.01309254971682039,0.0034815516846062153,0.01309254971682039,0.0034815516846062153,3,True,False
signed_prior_relative_gain,F_J,audit,A,commute_over20,360,standard_independent,development_evaluation,3,3,True,0.008647647997554206,0.005423047683707847,0.008647647997554206,0.005423047683707847,3,True,False
signed_prior_relative_gain,F_J,audit,A,commute_over20,360,standard_independent,validation_person_weighted,3,3,True,0.008726521160030845,0.006389210289309343,0.008726521160030845,0.006389210289309343,3,True,False
signed_prior_relative_gain,F_J,audit,A,commute_over20,360,standard_independent,development_evaluation_person_weighted,3,3,True,0.005853995449067025,0.004211968098846326,0.005853995449067025,0.004211968098846326,3,True,False
signed_prior_relative_gain,F_J,audit,A,commute_over20,360,expanded_independent,validation,3,3,True,0.01309254971682039,0.0034815516846062153,0.01309254971682039,0.0034815516846062153,3,True,False
signed_prior_relative_gain,F_J,audit,A,commute_over20,360,expanded_independent,development_evaluation,3,3,True,0.008647647997554206,0.005423047683707847,0.008647647997554206,0.005423047683707847,3,True,False
signed_prior_relative_gain,F_J,audit,A,commute_over20,360,expanded_independent,validation_person_weighted,3,3,True,0.008726521160030845,0.006389210289309343,0.008726521160030845,0.006389210289309343,3,True,False
signed_prior_relative_gain,F_J,audit,A,commute_over20,360,expanded_independent,development_evaluation_person_weighted,3,3,True,0.005853995449067025,0.004211968098846326,0.005853995449067025,0.004211968098846326,3,True,False
signed_prior_relative_gain,F_J,audit,A,commute_over20,360,expanded_catchup,validation,3,3,True,0.01309254971682039,0.0034815516846062153,0.01309254971682039,0.0034815516846062153,3,True,False
signed_prior_relative_gain,F_J,audit,A,commute_over20,360,expanded_catchup,development_evaluation,3,3,True,0.008647647997554206,0.005423047683707847,0.008647647997554206,0.005423047683707847,3,True,False
signed_prior_relative_gain,F_J,audit,A,commute_over20,360,expanded_catchup,validation_person_weighted,3,3,True,0.008726521160030845,0.006389210289309343,0.008726521160030845,0.006389210289309343,3,True,False
signed_prior_relative_gain,F_J,audit,A,commute_over20,360,expanded_catchup,development_evaluation_person_weighted,3,3,True,0.005853995449067025,0.004211968098846326,0.005853995449067025,0.004211968098846326,3,True,False
signed_prior_relative_gain,F_J,audit,A,SEX,120,standard_independent,validation,3,3,True,0.007771411655152383,0.003509809633054439,0.007771411655152383,0.003509809633054439,3,True,False
signed_prior_relative_gain,F_J,audit,A,SEX,120,standard_independent,development_evaluation,3,3,True,0.0054814462930760826,0.001476489720057814,0.0054814462930760826,0.001476489720057814,3,True,False
signed_prior_relative_gain,F_J,audit,A,SEX,120,standard_independent,validation_person_weighted,3,3,True,0.00750614579468752,0.004778661165527465,0.00750614579468752,0.004778661165527465,3,True,False
signed_prior_relative_gain,F_J,audit,A,SEX,120,standard_independent,development_evaluation_person_weighted,3,3,True,0.004524646270927597,0.0018316501175148876,0.004524646270927597,0.0018316501175148876,3,True,False
signed_prior_relative_gain,F_J,audit,A,SEX,120,expanded_independent,validation,3,3,True,0.007771411655152383,0.003509809633054439,0.007771411655152383,0.003509809633054439,3,True,False
signed_prior_relative_gain,F_J,audit,A,SEX,120,expanded_independent,development_evaluation,3,3,True,0.0054814462930760826,0.001476489720057814,0.0054814462930760826,0.001476489720057814,3,True,False
signed_prior_relative_gain,F_J,audit,A,SEX,120,expanded_independent,validation_person_weighted,3,3,True,0.00750614579468752,0.004778661165527465,0.00750614579468752,0.004778661165527465,3,True,False
signed_prior_relative_gain,F_J,audit,A,SEX,120,expanded_independent,development_evaluation_person_weighted,3,3,True,0.004524646270927597,0.0018316501175148876,0.004524646270927597,0.0018316501175148876,3,True,False
signed_prior_relative_gain,F_J,audit,A,SEX,120,expanded_catchup,validation,3,3,True,0.008482309541832192,0.004720345518963531,0.008482309541832192,0.004720345518963531,3,True,False
signed_prior_relative_gain,F_J,audit,A,SEX,120,expanded_catchup,development_evaluation,3,3,True,0.004951585010668502,0.001947585102362843,0.004951585010668502,0.001947585102362843,3,True,False
signed_prior_relative_gain,F_J,audit,A,SEX,120,expanded_catchup,validation_person_weighted,3,3,True,0.009571936095611541,0.008355801910269639,0.009571936095611541,0.008355801910269639,3,True,False
signed_prior_relative_gain,F_J,audit,A,SEX,120,expanded_catchup,development_evaluation_person_weighted,3,3,True,0.0039866837438890705,0.0012802133757433452,0.0039866837438890705,0.0012802133757433452,3,True,False
signed_prior_relative_gain,F_J,audit,A,SEX,360,standard_independent,validation,3,3,True,0.007771411655152383,0.003509809633054439,0.007771411655152383,0.003509809633054439,3,True,False
signed_prior_relative_gain,F_J,audit,A,SEX,360,standard_independent,development_evaluation,3,3,True,0.0054814462930760826,0.001476489720057814,0.0054814462930760826,0.001476489720057814,3,True,False
signed_prior_relative_gain,F_J,audit,A,SEX,360,standard_independent,validation_person_weighted,3,3,True,0.00750614579468752,0.004778661165527465,0.00750614579468752,0.004778661165527465,3,True,False
signed_prior_relative_gain,F_J,audit,A,SEX,360,standard_independent,development_evaluation_person_weighted,3,3,True,0.004524646270927597,0.0018316501175148876,0.004524646270927597,0.0018316501175148876,3,True,False
signed_prior_relative_gain,F_J,audit,A,SEX,360,expanded_independent,validation,3,3,True,0.007771411655152383,0.003509809633054439,0.007771411655152383,0.003509809633054439,3,True,False
signed_prior_relative_gain,F_J,audit,A,SEX,360,expanded_independent,development_evaluation,3,3,True,0.0054814462930760826,0.001476489720057814,0.0054814462930760826,0.001476489720057814,3,True,False
signed_prior_relative_gain,F_J,audit,A,SEX,360,expanded_independent,validation_person_weighted,3,3,True,0.00750614579468752,0.004778661165527465,0.00750614579468752,0.004778661165527465,3,True,False
signed_prior_relative_gain,F_J,audit,A,SEX,360,expanded_independent,development_evaluation_person_weighted,3,3,True,0.004524646270927597,0.0018316501175148876,0.004524646270927597,0.0018316501175148876,3,True,False
signed_prior_relative_gain,F_J,audit,A,SEX,360,expanded_catchup,validation,3,3,True,0.008482309541832192,0.004720345518963531,0.008482309541832192,0.004720345518963531,3,True,False
signed_prior_relative_gain,F_J,audit,A,SEX,360,expanded_catchup,development_evaluation,3,3,True,0.004951585010668502,0.001947585102362843,0.004951585010668502,0.001947585102362843,3,True,False
signed_prior_relative_gain,F_J,audit,A,SEX,360,expanded_catchup,validation_person_weighted,3,3,True,0.009571936095611541,0.008355801910269639,0.009571936095611541,0.008355801910269639,3,True,False
signed_prior_relative_gain,F_J,audit,A,SEX,360,expanded_catchup,development_evaluation_person_weighted,3,3,True,0.0039866837438890705,0.0012802133757433452,0.0039866837438890705,0.0012802133757433452,3,True,False
signed_prior_relative_gain,F_J,audit,A,RAC1P,120,standard_independent,validation,3,3,True,0.012971648402368308,0.0027976874439411188,0.012971648402368308,0.0027976874439411188,3,True,False
signed_prior_relative_gain,F_J,audit,A,RAC1P,120,standard_independent,development_evaluation,3,3,True,0.015039313736356918,0.0009464505628470226,0.015039313736356918,0.0009464505628470226,3,True,False
signed_prior_relative_gain,F_J,audit,A,RAC1P,120,standard_independent,validation_person_weighted,3,3,True,0.014823580787505453,0.004058756445396757,0.014823580787505453,0.004058756445396757,3,True,False
signed_prior_relative_gain,F_J,audit,A,RAC1P,120,standard_independent,development_evaluation_person_weighted,3,3,True,0.012076504588293272,0.004218034338885041,0.012076504588293272,0.004218034338885041,3,True,False
signed_prior_relative_gain,F_J,audit,A,RAC1P,120,expanded_independent,validation,3,3,True,0.013402418592223686,0.0022082740044298598,0.013402418592223686,0.0022082740044298598,3,True,False
signed_prior_relative_gain,F_J,audit,A,RAC1P,120,expanded_independent,development_evaluation,3,3,True,0.014087883041839536,0.001441201129233785,0.014087883041839536,0.001441201129233785,3,True,False
signed_prior_relative_gain,F_J,audit,A,RAC1P,120,expanded_independent,validation_person_weighted,3,3,True,0.014521136793802514,0.003570796068989089,0.014521136793802514,0.003570796068989089,3,True,False
signed_prior_relative_gain,F_J,audit,A,RAC1P,120,expanded_independent,development_evaluation_person_weighted,3,3,True,0.012810346428916949,0.004841449419284013,0.012810346428916949,0.004841449419284013,3,True,False
signed_prior_relative_gain,F_J,audit,A,RAC1P,120,expanded_catchup,validation,3,3,True,0.026650756480588084,0.0016797394098854235,0.026650756480588084,0.0016797394098854235,3,True,False
signed_prior_relative_gain,F_J,audit,A,RAC1P,120,expanded_catchup,development_evaluation,3,3,True,0.023368251453536937,0.004594329788084912,0.023368251453536937,0.004594329788084912,3,True,False
signed_prior_relative_gain,F_J,audit,A,RAC1P,120,expanded_catchup,validation_person_weighted,3,3,True,0.026523157994604436,0.004373187452308949,0.026523157994604436,0.004373187452308949,3,True,False
signed_prior_relative_gain,F_J,audit,A,RAC1P,120,expanded_catchup,development_evaluation_person_weighted,3,3,True,0.024287474882010624,0.004394737631194649,0.024287474882010624,0.004394737631194649,3,True,False
signed_prior_relative_gain,F_J,audit,A,RAC1P,360,standard_independent,validation,3,3,True,0.013049682322811229,0.002828085916157659,0.013049682322811229,0.002828085916157659,3,True,False
signed_prior_relative_gain,F_J,audit,A,RAC1P,360,standard_independent,development_evaluation,3,3,True,0.014297292584153206,0.0011604034345946868,0.014297292584153206,0.0011604034345946868,3,True,False
signed_prior_relative_gain,F_J,audit,A,RAC1P,360,standard_independent,validation_person_weighted,3,3,True,0.014887602759899496,0.004074481126137278,0.014887602759899496,0.004074481126137278,3,True,False
signed_prior_relative_gain,F_J,audit,A,RAC1P,360,standard_independent,development_evaluation_person_weighted,3,3,True,0.011559786747853629,0.0037526301917077862,0.011559786747853629,0.0037526301917077862,3,True,False
signed_prior_relative_gain,F_J,audit,A,RAC1P,360,expanded_independent,validation,3,3,True,0.013431335441891198,0.0021988515227381253,0.013431335441891198,0.0021988515227381253,3,True,False
signed_prior_relative_gain,F_J,audit,A,RAC1P,360,expanded_independent,development_evaluation,3,3,True,0.013089094654690955,0.0010152367833597973,0.013089094654690955,0.0010152367833597973,3,True,False
signed_prior_relative_gain,F_J,audit,A,RAC1P,360,expanded_independent,validation_person_weighted,3,3,True,0.015220842323999006,0.0035419877559480853,0.015220842323999006,0.0035419877559480853,3,True,False
signed_prior_relative_gain,F_J,audit,A,RAC1P,360,expanded_independent,development_evaluation_person_weighted,3,3,True,0.011611500502032449,0.00380387765763243,0.011611500502032449,0.00380387765763243,3,True,False
signed_prior_relative_gain,F_J,audit,A,RAC1P,360,expanded_catchup,validation,3,3,True,0.026650756480588084,0.0016797394098854235,0.026650756480588084,0.0016797394098854235,3,True,False
signed_prior_relative_gain,F_J,audit,A,RAC1P,360,expanded_catchup,development_evaluation,3,3,True,0.023368251453536937,0.004594329788084912,0.023368251453536937,0.004594329788084912,3,True,False
signed_prior_relative_gain,F_J,audit,A,RAC1P,360,expanded_catchup,validation_person_weighted,3,3,True,0.026523157994604436,0.004373187452308949,0.026523157994604436,0.004373187452308949,3,True,False
signed_prior_relative_gain,F_J,audit,A,RAC1P,360,expanded_catchup,development_evaluation_person_weighted,3,3,True,0.024287474882010624,0.004394737631194649,0.024287474882010624,0.004394737631194649,3,True,False
signed_prior_relative_gain,F_J,audit,B,income_binary,120,standard_independent,validation,3,3,True,0.11475143398972493,0.01408501593138705,0.11475143398972493,0.01408501593138705,3,True,False
signed_prior_relative_gain,F_J,audit,B,income_binary,120,standard_independent,development_evaluation,3,3,True,0.12837515929963914,0.018428088507945126,0.12837515929963914,0.018428088507945126,3,True,False
signed_prior_relative_gain,F_J,audit,B,income_binary,120,standard_independent,validation_person_weighted,3,3,True,0.11882474839725214,0.029075324786215825,0.11882474839725214,0.029075324786215825,3,True,False
signed_prior_relative_gain,F_J,audit,B,income_binary,120,standard_independent,development_evaluation_person_weighted,3,3,True,0.11721291907356872,0.025330923538788803,0.11721291907356872,0.025330923538788803,3,True,False
signed_prior_relative_gain,F_J,audit,B,income_binary,120,expanded_independent,validation,3,3,True,0.11475143398972493,0.01408501593138705,0.11475143398972493,0.01408501593138705,3,True,False
signed_prior_relative_gain,F_J,audit,B,income_binary,120,expanded_independent,development_evaluation,3,3,True,0.12837515929963914,0.018428088507945126,0.12837515929963914,0.018428088507945126,3,True,False
signed_prior_relative_gain,F_J,audit,B,income_binary,120,expanded_independent,validation_person_weighted,3,3,True,0.11882474839725214,0.029075324786215825,0.11882474839725214,0.029075324786215825,3,True,False
signed_prior_relative_gain,F_J,audit,B,income_binary,120,expanded_independent,development_evaluation_person_weighted,3,3,True,0.11721291907356872,0.025330923538788803,0.11721291907356872,0.025330923538788803,3,True,False
signed_prior_relative_gain,F_J,audit,B,income_binary,120,expanded_catchup,validation,3,3,True,0.11831590761432036,0.010932326388429305,0.11831590761432036,0.010932326388429305,3,True,False
signed_prior_relative_gain,F_J,audit,B,income_binary,120,expanded_catchup,development_evaluation,3,3,True,0.13073923316522976,0.016248814766194504,0.13073923316522976,0.016248814766194504,3,True,False
signed_prior_relative_gain,F_J,audit,B,income_binary,120,expanded_catchup,validation_person_weighted,3,3,True,0.12373845516891945,0.023529217912745884,0.12373845516891945,0.023529217912745884,3,True,False
signed_prior_relative_gain,F_J,audit,B,income_binary,120,expanded_catchup,development_evaluation_person_weighted,3,3,True,0.12282821838332729,0.02084968018375659,0.12282821838332729,0.02084968018375659,3,True,False
signed_prior_relative_gain,F_J,audit,B,income_binary,360,standard_independent,validation,3,3,True,0.11475143398972493,0.01408501593138705,0.11475143398972493,0.01408501593138705,3,True,False
signed_prior_relative_gain,F_J,audit,B,income_binary,360,standard_independent,development_evaluation,3,3,True,0.12837515929963914,0.018428088507945126,0.12837515929963914,0.018428088507945126,3,True,False
signed_prior_relative_gain,F_J,audit,B,income_binary,360,standard_independent,validation_person_weighted,3,3,True,0.11882474839725214,0.029075324786215825,0.11882474839725214,0.029075324786215825,3,True,False
signed_prior_relative_gain,F_J,audit,B,income_binary,360,standard_independent,development_evaluation_person_weighted,3,3,True,0.11721291907356872,0.025330923538788803,0.11721291907356872,0.025330923538788803,3,True,False
signed_prior_relative_gain,F_J,audit,B,income_binary,360,expanded_independent,validation,3,3,True,0.11475143398972493,0.01408501593138705,0.11475143398972493,0.01408501593138705,3,True,False
signed_prior_relative_gain,F_J,audit,B,income_binary,360,expanded_independent,development_evaluation,3,3,True,0.12837515929963914,0.018428088507945126,0.12837515929963914,0.018428088507945126,3,True,False
signed_prior_relative_gain,F_J,audit,B,income_binary,360,expanded_independent,validation_person_weighted,3,3,True,0.11882474839725214,0.029075324786215825,0.11882474839725214,0.029075324786215825,3,True,False
signed_prior_relative_gain,F_J,audit,B,income_binary,360,expanded_independent,development_evaluation_person_weighted,3,3,True,0.11721291907356872,0.025330923538788803,0.11721291907356872,0.025330923538788803,3,True,False
signed_prior_relative_gain,F_J,audit,B,income_binary,360,expanded_catchup,validation,3,3,True,0.11831590761432036,0.010932326388429305,0.11831590761432036,0.010932326388429305,3,True,False
signed_prior_relative_gain,F_J,audit,B,income_binary,360,expanded_catchup,development_evaluation,3,3,True,0.13073923316522976,0.016248814766194504,0.13073923316522976,0.016248814766194504,3,True,False
signed_prior_relative_gain,F_J,audit,B,income_binary,360,expanded_catchup,validation_person_weighted,3,3,True,0.12373845516891945,0.023529217912745884,0.12373845516891945,0.023529217912745884,3,True,False
signed_prior_relative_gain,F_J,audit,B,income_binary,360,expanded_catchup,development_evaluation_person_weighted,3,3,True,0.12282821838332729,0.02084968018375659,0.12282821838332729,0.02084968018375659,3,True,False
signed_prior_relative_gain,F_J,audit,B,civilian_at_work,120,standard_independent,validation,3,3,True,0.14913988454867413,0.012161256003264658,0.14913988454867413,0.012161256003264658,3,True,False
signed_prior_relative_gain,F_J,audit,B,civilian_at_work,120,standard_independent,development_evaluation,3,3,True,0.15378479468533868,0.014954944648471311,0.15378479468533868,0.014954944648471311,3,True,False
signed_prior_relative_gain,F_J,audit,B,civilian_at_work,120,standard_independent,validation_person_weighted,3,3,True,0.14128287102871553,0.018273385018231787,0.14128287102871553,0.018273385018231787,3,True,False
signed_prior_relative_gain,F_J,audit,B,civilian_at_work,120,standard_independent,development_evaluation_person_weighted,3,3,True,0.15183546259192762,0.02152267270629548,0.15183546259192762,0.02152267270629548,3,True,False
signed_prior_relative_gain,F_J,audit,B,civilian_at_work,120,expanded_independent,validation,3,3,True,0.14913988454867413,0.012161256003264658,0.14913988454867413,0.012161256003264658,3,True,False
signed_prior_relative_gain,F_J,audit,B,civilian_at_work,120,expanded_independent,development_evaluation,3,3,True,0.15378479468533868,0.014954944648471311,0.15378479468533868,0.014954944648471311,3,True,False
signed_prior_relative_gain,F_J,audit,B,civilian_at_work,120,expanded_independent,validation_person_weighted,3,3,True,0.14128287102871553,0.018273385018231787,0.14128287102871553,0.018273385018231787,3,True,False
signed_prior_relative_gain,F_J,audit,B,civilian_at_work,120,expanded_independent,development_evaluation_person_weighted,3,3,True,0.15183546259192762,0.02152267270629548,0.15183546259192762,0.02152267270629548,3,True,False
signed_prior_relative_gain,F_J,audit,B,civilian_at_work,120,expanded_catchup,validation,3,3,True,0.14913988454867413,0.012161256003264658,0.14913988454867413,0.012161256003264658,3,True,False
signed_prior_relative_gain,F_J,audit,B,civilian_at_work,120,expanded_catchup,development_evaluation,3,3,True,0.15378479468533868,0.014954944648471311,0.15378479468533868,0.014954944648471311,3,True,False
signed_prior_relative_gain,F_J,audit,B,civilian_at_work,120,expanded_catchup,validation_person_weighted,3,3,True,0.14128287102871553,0.018273385018231787,0.14128287102871553,0.018273385018231787,3,True,False
signed_prior_relative_gain,F_J,audit,B,civilian_at_work,120,expanded_catchup,development_evaluation_person_weighted,3,3,True,0.15183546259192762,0.02152267270629548,0.15183546259192762,0.02152267270629548,3,True,False
signed_prior_relative_gain,F_J,audit,B,civilian_at_work,360,standard_independent,validation,3,3,True,0.14913988454867413,0.012161256003264658,0.14913988454867413,0.012161256003264658,3,True,False
signed_prior_relative_gain,F_J,audit,B,civilian_at_work,360,standard_independent,development_evaluation,3,3,True,0.15378479468533868,0.014954944648471311,0.15378479468533868,0.014954944648471311,3,True,False
signed_prior_relative_gain,F_J,audit,B,civilian_at_work,360,standard_independent,validation_person_weighted,3,3,True,0.14128287102871553,0.018273385018231787,0.14128287102871553,0.018273385018231787,3,True,False
signed_prior_relative_gain,F_J,audit,B,civilian_at_work,360,standard_independent,development_evaluation_person_weighted,3,3,True,0.15183546259192762,0.02152267270629548,0.15183546259192762,0.02152267270629548,3,True,False
signed_prior_relative_gain,F_J,audit,B,civilian_at_work,360,expanded_independent,validation,3,3,True,0.14913988454867413,0.012161256003264658,0.14913988454867413,0.012161256003264658,3,True,False
signed_prior_relative_gain,F_J,audit,B,civilian_at_work,360,expanded_independent,development_evaluation,3,3,True,0.15378479468533868,0.014954944648471311,0.15378479468533868,0.014954944648471311,3,True,False
signed_prior_relative_gain,F_J,audit,B,civilian_at_work,360,expanded_independent,validation_person_weighted,3,3,True,0.14128287102871553,0.018273385018231787,0.14128287102871553,0.018273385018231787,3,True,False
signed_prior_relative_gain,F_J,audit,B,civilian_at_work,360,expanded_independent,development_evaluation_person_weighted,3,3,True,0.15183546259192762,0.02152267270629548,0.15183546259192762,0.02152267270629548,3,True,False
signed_prior_relative_gain,F_J,audit,B,civilian_at_work,360,expanded_catchup,validation,3,3,True,0.14913988454867413,0.012161256003264658,0.14913988454867413,0.012161256003264658,3,True,False
signed_prior_relative_gain,F_J,audit,B,civilian_at_work,360,expanded_catchup,development_evaluation,3,3,True,0.15378479468533868,0.014954944648471311,0.15378479468533868,0.014954944648471311,3,True,False
signed_prior_relative_gain,F_J,audit,B,civilian_at_work,360,expanded_catchup,validation_person_weighted,3,3,True,0.14128287102871553,0.018273385018231787,0.14128287102871553,0.018273385018231787,3,True,False
signed_prior_relative_gain,F_J,audit,B,civilian_at_work,360,expanded_catchup,development_evaluation_person_weighted,3,3,True,0.15183546259192762,0.02152267270629548,0.15183546259192762,0.02152267270629548,3,True,False
signed_prior_relative_gain,F_J,audit,B,same_residence,120,standard_independent,validation,3,3,True,0.03381122883426069,0.0015466824541297804,0.03381122883426069,0.0015466824541297804,3,True,False
signed_prior_relative_gain,F_J,audit,B,same_residence,120,standard_independent,development_evaluation,3,3,True,0.02888054916013605,0.0026614931922739546,0.02888054916013605,0.0026614931922739546,3,True,False
signed_prior_relative_gain,F_J,audit,B,same_residence,120,standard_independent,validation_person_weighted,3,3,True,0.03164090665803221,0.0032758762711698874,0.03164090665803221,0.0032758762711698874,3,True,False
signed_prior_relative_gain,F_J,audit,B,same_residence,120,standard_independent,development_evaluation_person_weighted,3,3,True,0.028093838637534008,0.0022606725387584016,0.028093838637534008,0.0022606725387584016,3,True,False
signed_prior_relative_gain,F_J,audit,B,same_residence,120,expanded_independent,validation,3,3,True,0.03381122883426069,0.0015466824541297804,0.03381122883426069,0.0015466824541297804,3,True,False
signed_prior_relative_gain,F_J,audit,B,same_residence,120,expanded_independent,development_evaluation,3,3,True,0.02888054916013605,0.0026614931922739546,0.02888054916013605,0.0026614931922739546,3,True,False
signed_prior_relative_gain,F_J,audit,B,same_residence,120,expanded_independent,validation_person_weighted,3,3,True,0.03164090665803221,0.0032758762711698874,0.03164090665803221,0.0032758762711698874,3,True,False
signed_prior_relative_gain,F_J,audit,B,same_residence,120,expanded_independent,development_evaluation_person_weighted,3,3,True,0.028093838637534008,0.0022606725387584016,0.028093838637534008,0.0022606725387584016,3,True,False
signed_prior_relative_gain,F_J,audit,B,same_residence,120,expanded_catchup,validation,3,3,True,0.03381122883426069,0.0015466824541297804,0.03381122883426069,0.0015466824541297804,3,True,False
signed_prior_relative_gain,F_J,audit,B,same_residence,120,expanded_catchup,development_evaluation,3,3,True,0.02888054916013605,0.0026614931922739546,0.02888054916013605,0.0026614931922739546,3,True,False
signed_prior_relative_gain,F_J,audit,B,same_residence,120,expanded_catchup,validation_person_weighted,3,3,True,0.03164090665803221,0.0032758762711698874,0.03164090665803221,0.0032758762711698874,3,True,False
signed_prior_relative_gain,F_J,audit,B,same_residence,120,expanded_catchup,development_evaluation_person_weighted,3,3,True,0.028093838637534008,0.0022606725387584016,0.028093838637534008,0.0022606725387584016,3,True,False
signed_prior_relative_gain,F_J,audit,B,same_residence,360,standard_independent,validation,3,3,True,0.03381122883426069,0.0015466824541297804,0.03381122883426069,0.0015466824541297804,3,True,False
signed_prior_relative_gain,F_J,audit,B,same_residence,360,standard_independent,development_evaluation,3,3,True,0.02888054916013605,0.0026614931922739546,0.02888054916013605,0.0026614931922739546,3,True,False
signed_prior_relative_gain,F_J,audit,B,same_residence,360,standard_independent,validation_person_weighted,3,3,True,0.03164090665803221,0.0032758762711698874,0.03164090665803221,0.0032758762711698874,3,True,False
signed_prior_relative_gain,F_J,audit,B,same_residence,360,standard_independent,development_evaluation_person_weighted,3,3,True,0.028093838637534008,0.0022606725387584016,0.028093838637534008,0.0022606725387584016,3,True,False
signed_prior_relative_gain,F_J,audit,B,same_residence,360,expanded_independent,validation,3,3,True,0.03381122883426069,0.0015466824541297804,0.03381122883426069,0.0015466824541297804,3,True,False
signed_prior_relative_gain,F_J,audit,B,same_residence,360,expanded_independent,development_evaluation,3,3,True,0.02888054916013605,0.0026614931922739546,0.02888054916013605,0.0026614931922739546,3,True,False
signed_prior_relative_gain,F_J,audit,B,same_residence,360,expanded_independent,validation_person_weighted,3,3,True,0.03164090665803221,0.0032758762711698874,0.03164090665803221,0.0032758762711698874,3,True,False
signed_prior_relative_gain,F_J,audit,B,same_residence,360,expanded_independent,development_evaluation_person_weighted,3,3,True,0.028093838637534008,0.0022606725387584016,0.028093838637534008,0.0022606725387584016,3,True,False
signed_prior_relative_gain,F_J,audit,B,same_residence,360,expanded_catchup,validation,3,3,True,0.03381122883426069,0.0015466824541297804,0.03381122883426069,0.0015466824541297804,3,True,False
signed_prior_relative_gain,F_J,audit,B,same_residence,360,expanded_catchup,development_evaluation,3,3,True,0.02888054916013605,0.0026614931922739546,0.02888054916013605,0.0026614931922739546,3,True,False
signed_prior_relative_gain,F_J,audit,B,same_residence,360,expanded_catchup,validation_person_weighted,3,3,True,0.03164090665803221,0.0032758762711698874,0.03164090665803221,0.0032758762711698874,3,True,False
signed_prior_relative_gain,F_J,audit,B,same_residence,360,expanded_catchup,development_evaluation_person_weighted,3,3,True,0.028093838637534008,0.0022606725387584016,0.028093838637534008,0.0022606725387584016,3,True,False
signed_prior_relative_gain,F_J,audit,B,SEX,120,standard_independent,validation,3,3,True,0.004853642630878063,0.003344164663445242,0.004853642630878063,0.003344164663445242,3,True,False
signed_prior_relative_gain,F_J,audit,B,SEX,120,standard_independent,development_evaluation,3,3,True,0.0019112766765730556,0.004093659310580201,0.0019112766765730556,0.004093659310580201,3,True,False
signed_prior_relative_gain,F_J,audit,B,SEX,120,standard_independent,validation_person_weighted,3,3,True,0.0033999836926718783,0.004043716130643356,0.0033999836926718783,0.004043716130643356,3,True,False
signed_prior_relative_gain,F_J,audit,B,SEX,120,standard_independent,development_evaluation_person_weighted,3,3,True,-0.0005567022631371618,0.002031944293760443,-0.0005567022631371618,0.002031944293760443,3,True,False
signed_prior_relative_gain,F_J,audit,B,SEX,120,expanded_independent,validation,3,3,True,0.004853642630878063,0.003344164663445242,0.004853642630878063,0.003344164663445242,3,True,False
signed_prior_relative_gain,F_J,audit,B,SEX,120,expanded_independent,development_evaluation,3,3,True,0.0019112766765730556,0.004093659310580201,0.0019112766765730556,0.004093659310580201,3,True,False
signed_prior_relative_gain,F_J,audit,B,SEX,120,expanded_independent,validation_person_weighted,3,3,True,0.0033999836926718783,0.004043716130643356,0.0033999836926718783,0.004043716130643356,3,True,False
signed_prior_relative_gain,F_J,audit,B,SEX,120,expanded_independent,development_evaluation_person_weighted,3,3,True,-0.0005567022631371618,0.002031944293760443,-0.0005567022631371618,0.002031944293760443,3,True,False
signed_prior_relative_gain,F_J,audit,B,SEX,120,expanded_catchup,validation,3,3,True,0.005180135112830923,0.003324844021219284,0.005180135112830923,0.003324844021219284,3,True,False
signed_prior_relative_gain,F_J,audit,B,SEX,120,expanded_catchup,development_evaluation,3,3,True,0.0027206631724084143,0.005495548122801149,0.0027206631724084143,0.005495548122801149,3,True,False
signed_prior_relative_gain,F_J,audit,B,SEX,120,expanded_catchup,validation_person_weighted,3,3,True,0.004073013136835317,0.0036620822786655035,0.004073013136835317,0.0036620822786655035,3,True,False
signed_prior_relative_gain,F_J,audit,B,SEX,120,expanded_catchup,development_evaluation_person_weighted,3,3,True,0.0003608772528149358,0.003462301558172062,0.0003608772528149358,0.003462301558172062,3,True,False
signed_prior_relative_gain,F_J,audit,B,SEX,360,standard_independent,validation,3,3,True,0.004853642630878063,0.003344164663445242,0.004853642630878063,0.003344164663445242,3,True,False
signed_prior_relative_gain,F_J,audit,B,SEX,360,standard_independent,development_evaluation,3,3,True,0.0019112766765730556,0.004093659310580201,0.0019112766765730556,0.004093659310580201,3,True,False
signed_prior_relative_gain,F_J,audit,B,SEX,360,standard_independent,validation_person_weighted,3,3,True,0.0033999836926718783,0.004043716130643356,0.0033999836926718783,0.004043716130643356,3,True,False
signed_prior_relative_gain,F_J,audit,B,SEX,360,standard_independent,development_evaluation_person_weighted,3,3,True,-0.0005567022631371618,0.002031944293760443,-0.0005567022631371618,0.002031944293760443,3,True,False
signed_prior_relative_gain,F_J,audit,B,SEX,360,expanded_independent,validation,3,3,True,0.004853642630878063,0.003344164663445242,0.004853642630878063,0.003344164663445242,3,True,False
signed_prior_relative_gain,F_J,audit,B,SEX,360,expanded_independent,development_evaluation,3,3,True,0.0019112766765730556,0.004093659310580201,0.0019112766765730556,0.004093659310580201,3,True,False
signed_prior_relative_gain,F_J,audit,B,SEX,360,expanded_independent,validation_person_weighted,3,3,True,0.0033999836926718783,0.004043716130643356,0.0033999836926718783,0.004043716130643356,3,True,False
signed_prior_relative_gain,F_J,audit,B,SEX,360,expanded_independent,development_evaluation_person_weighted,3,3,True,-0.0005567022631371618,0.002031944293760443,-0.0005567022631371618,0.002031944293760443,3,True,False
signed_prior_relative_gain,F_J,audit,B,SEX,360,expanded_catchup,validation,3,3,True,0.005180135112830923,0.003324844021219284,0.005180135112830923,0.003324844021219284,3,True,False
signed_prior_relative_gain,F_J,audit,B,SEX,360,expanded_catchup,development_evaluation,3,3,True,0.0027206631724084143,0.005495548122801149,0.0027206631724084143,0.005495548122801149,3,True,False
signed_prior_relative_gain,F_J,audit,B,SEX,360,expanded_catchup,validation_person_weighted,3,3,True,0.004073013136835317,0.0036620822786655035,0.004073013136835317,0.0036620822786655035,3,True,False
signed_prior_relative_gain,F_J,audit,B,SEX,360,expanded_catchup,development_evaluation_person_weighted,3,3,True,0.0003608772528149358,0.003462301558172062,0.0003608772528149358,0.003462301558172062,3,True,False
signed_prior_relative_gain,F_J,audit,B,RAC1P,120,standard_independent,validation,3,3,True,0.020096027178113724,0.008121345580102439,0.020096027178113724,0.008121345580102439,3,True,False
signed_prior_relative_gain,F_J,audit,B,RAC1P,120,standard_independent,development_evaluation,3,3,True,0.03574274712967999,0.0020963739950389843,0.03574274712967999,0.0020963739950389843,3,True,False
signed_prior_relative_gain,F_J,audit,B,RAC1P,120,standard_independent,validation_person_weighted,3,3,True,0.024972791449457372,0.014691271866704738,0.024972791449457372,0.014691271866704738,3,True,False
signed_prior_relative_gain,F_J,audit,B,RAC1P,120,standard_independent,development_evaluation_person_weighted,3,3,True,0.03277889620111204,0.004854238440151106,0.03277889620111204,0.004854238440151106,3,True,False
signed_prior_relative_gain,F_J,audit,B,RAC1P,120,expanded_independent,validation,3,3,True,0.020096027178113724,0.008121345580102439,0.020096027178113724,0.008121345580102439,3,True,False
signed_prior_relative_gain,F_J,audit,B,RAC1P,120,expanded_independent,development_evaluation,3,3,True,0.03574274712967999,0.0020963739950389843,0.03574274712967999,0.0020963739950389843,3,True,False
signed_prior_relative_gain,F_J,audit,B,RAC1P,120,expanded_independent,validation_person_weighted,3,3,True,0.024972791449457372,0.014691271866704738,0.024972791449457372,0.014691271866704738,3,True,False
signed_prior_relative_gain,F_J,audit,B,RAC1P,120,expanded_independent,development_evaluation_person_weighted,3,3,True,0.03277889620111204,0.004854238440151106,0.03277889620111204,0.004854238440151106,3,True,False
signed_prior_relative_gain,F_J,audit,B,RAC1P,120,expanded_catchup,validation,3,3,True,0.030809802870848852,0.006502614774997238,0.030809802870848852,0.006502614774997238,3,True,False
signed_prior_relative_gain,F_J,audit,B,RAC1P,120,expanded_catchup,development_evaluation,3,3,True,0.040292981554262676,0.005586023380855668,0.040292981554262676,0.005586023380855668,3,True,False
signed_prior_relative_gain,F_J,audit,B,RAC1P,120,expanded_catchup,validation_person_weighted,3,3,True,0.035051938496502455,0.008232370121280717,0.035051938496502455,0.008232370121280717,3,True,False
signed_prior_relative_gain,F_J,audit,B,RAC1P,120,expanded_catchup,development_evaluation_person_weighted,3,3,True,0.03848890642927697,0.010469875660685532,0.03848890642927697,0.010469875660685532,3,True,False
signed_prior_relative_gain,F_J,audit,B,RAC1P,360,standard_independent,validation,3,3,True,0.020096027178113724,0.008121345580102439,0.020096027178113724,0.008121345580102439,3,True,False
signed_prior_relative_gain,F_J,audit,B,RAC1P,360,standard_independent,development_evaluation,3,3,True,0.03574274712967999,0.0020963739950389843,0.03574274712967999,0.0020963739950389843,3,True,False
signed_prior_relative_gain,F_J,audit,B,RAC1P,360,standard_independent,validation_person_weighted,3,3,True,0.024972791449457372,0.014691271866704738,0.024972791449457372,0.014691271866704738,3,True,False
signed_prior_relative_gain,F_J,audit,B,RAC1P,360,standard_independent,development_evaluation_person_weighted,3,3,True,0.03277889620111204,0.004854238440151106,0.03277889620111204,0.004854238440151106,3,True,False
signed_prior_relative_gain,F_J,audit,B,RAC1P,360,expanded_independent,validation,3,3,True,0.02016889536766649,0.00802241817938291,0.02016889536766649,0.00802241817938291,3,True,False
signed_prior_relative_gain,F_J,audit,B,RAC1P,360,expanded_independent,development_evaluation,3,3,True,0.028976488511889647,0.011985117056824118,0.028976488511889647,0.011985117056824118,3,True,False
signed_prior_relative_gain,F_J,audit,B,RAC1P,360,expanded_independent,validation_person_weighted,3,3,True,0.023247337581233058,0.01606064067762607,0.023247337581233058,0.01606064067762607,3,True,False
signed_prior_relative_gain,F_J,audit,B,RAC1P,360,expanded_independent,development_evaluation_person_weighted,3,3,True,0.027794733883188243,0.008474868132744022,0.027794733883188243,0.008474868132744022,3,True,False
signed_prior_relative_gain,F_J,audit,B,RAC1P,360,expanded_catchup,validation,3,3,True,0.030809802870848852,0.006502614774997238,0.030809802870848852,0.006502614774997238,3,True,False
signed_prior_relative_gain,F_J,audit,B,RAC1P,360,expanded_catchup,development_evaluation,3,3,True,0.040292981554262676,0.005586023380855668,0.040292981554262676,0.005586023380855668,3,True,False
signed_prior_relative_gain,F_J,audit,B,RAC1P,360,expanded_catchup,validation_person_weighted,3,3,True,0.035051938496502455,0.008232370121280717,0.035051938496502455,0.008232370121280717,3,True,False
signed_prior_relative_gain,F_J,audit,B,RAC1P,360,expanded_catchup,development_evaluation_person_weighted,3,3,True,0.03848890642927697,0.010469875660685532,0.03848890642927697,0.010469875660685532,3,True,False
signed_prior_relative_gain,F_J,audit,AB,SEX,120,standard_independent,validation,3,3,True,0.009023038397140692,0.003960144296610484,0.009023038397140692,0.003960144296610484,3,True,False
signed_prior_relative_gain,F_J,audit,AB,SEX,120,standard_independent,development_evaluation,3,3,True,0.0060350915585801745,0.002192138579134119,0.0060350915585801745,0.002192138579134119,3,True,False
signed_prior_relative_gain,F_J,audit,AB,SEX,120,standard_independent,validation_person_weighted,3,3,True,0.0088100000238908,0.00560955742481115,0.0088100000238908,0.00560955742481115,3,True,False
signed_prior_relative_gain,F_J,audit,AB,SEX,120,standard_independent,development_evaluation_person_weighted,3,3,True,0.004919116527879908,0.0018919250812554932,0.004919116527879908,0.0018919250812554932,3,True,False
signed_prior_relative_gain,F_J,audit,AB,SEX,120,expanded_independent,validation,3,3,True,0.009023038397140692,0.003960144296610484,0.009023038397140692,0.003960144296610484,3,True,False
signed_prior_relative_gain,F_J,audit,AB,SEX,120,expanded_independent,development_evaluation,3,3,True,0.0060350915585801745,0.002192138579134119,0.0060350915585801745,0.002192138579134119,3,True,False
signed_prior_relative_gain,F_J,audit,AB,SEX,120,expanded_independent,validation_person_weighted,3,3,True,0.0088100000238908,0.00560955742481115,0.0088100000238908,0.00560955742481115,3,True,False
signed_prior_relative_gain,F_J,audit,AB,SEX,120,expanded_independent,development_evaluation_person_weighted,3,3,True,0.004919116527879908,0.0018919250812554932,0.004919116527879908,0.0018919250812554932,3,True,False
signed_prior_relative_gain,F_J,audit,AB,SEX,120,expanded_catchup,validation,3,3,True,0.009322300322801569,0.004414995645060257,0.009322300322801569,0.004414995645060257,3,True,False
signed_prior_relative_gain,F_J,audit,AB,SEX,120,expanded_catchup,development_evaluation,3,3,True,0.005405568326494414,0.0027186578626563784,0.005405568326494414,0.0027186578626563784,3,True,False
signed_prior_relative_gain,F_J,audit,AB,SEX,120,expanded_catchup,validation_person_weighted,3,3,True,0.010156503818739485,0.00791428338003264,0.010156503818739485,0.00791428338003264,3,True,False
signed_prior_relative_gain,F_J,audit,AB,SEX,120,expanded_catchup,development_evaluation_person_weighted,3,3,True,0.004153027834462882,0.0009968524875847685,0.004153027834462882,0.0009968524875847685,3,True,False
signed_prior_relative_gain,F_J,audit,AB,SEX,360,standard_independent,validation,3,3,True,0.009023038397140692,0.003960144296610484,0.009023038397140692,0.003960144296610484,3,True,False
signed_prior_relative_gain,F_J,audit,AB,SEX,360,standard_independent,development_evaluation,3,3,True,0.0060350915585801745,0.002192138579134119,0.0060350915585801745,0.002192138579134119,3,True,False
signed_prior_relative_gain,F_J,audit,AB,SEX,360,standard_independent,validation_person_weighted,3,3,True,0.0088100000238908,0.00560955742481115,0.0088100000238908,0.00560955742481115,3,True,False
signed_prior_relative_gain,F_J,audit,AB,SEX,360,standard_independent,development_evaluation_person_weighted,3,3,True,0.004919116527879908,0.0018919250812554932,0.004919116527879908,0.0018919250812554932,3,True,False
signed_prior_relative_gain,F_J,audit,AB,SEX,360,expanded_independent,validation,3,3,True,0.009023038397140692,0.003960144296610484,0.009023038397140692,0.003960144296610484,3,True,False
signed_prior_relative_gain,F_J,audit,AB,SEX,360,expanded_independent,development_evaluation,3,3,True,0.0060350915585801745,0.002192138579134119,0.0060350915585801745,0.002192138579134119,3,True,False
signed_prior_relative_gain,F_J,audit,AB,SEX,360,expanded_independent,validation_person_weighted,3,3,True,0.0088100000238908,0.00560955742481115,0.0088100000238908,0.00560955742481115,3,True,False
signed_prior_relative_gain,F_J,audit,AB,SEX,360,expanded_independent,development_evaluation_person_weighted,3,3,True,0.004919116527879908,0.0018919250812554932,0.004919116527879908,0.0018919250812554932,3,True,False
signed_prior_relative_gain,F_J,audit,AB,SEX,360,expanded_catchup,validation,3,3,True,0.009322300322801569,0.004414995645060257,0.009322300322801569,0.004414995645060257,3,True,False
signed_prior_relative_gain,F_J,audit,AB,SEX,360,expanded_catchup,development_evaluation,3,3,True,0.005405568326494414,0.0027186578626563784,0.005405568326494414,0.0027186578626563784,3,True,False
signed_prior_relative_gain,F_J,audit,AB,SEX,360,expanded_catchup,validation_person_weighted,3,3,True,0.010156503818739485,0.00791428338003264,0.010156503818739485,0.00791428338003264,3,True,False
signed_prior_relative_gain,F_J,audit,AB,SEX,360,expanded_catchup,development_evaluation_person_weighted,3,3,True,0.004153027834462882,0.0009968524875847685,0.004153027834462882,0.0009968524875847685,3,True,False
signed_prior_relative_gain,F_J,audit,AB,RAC1P,120,standard_independent,validation,3,3,True,0.020415920628974682,0.008637942346646112,0.020415920628974682,0.008637942346646112,3,True,False
signed_prior_relative_gain,F_J,audit,AB,RAC1P,120,standard_independent,development_evaluation,3,3,True,0.03435602417696715,0.0011199094484492292,0.03435602417696715,0.0011199094484492292,3,True,False
signed_prior_relative_gain,F_J,audit,AB,RAC1P,120,standard_independent,validation_person_weighted,3,3,True,0.023032295540654408,0.01137048280310244,0.023032295540654408,0.01137048280310244,3,True,False
signed_prior_relative_gain,F_J,audit,AB,RAC1P,120,standard_independent,development_evaluation_person_weighted,3,3,True,0.03153560647228759,0.006976424889218574,0.03153560647228759,0.006976424889218574,3,True,False
signed_prior_relative_gain,F_J,audit,AB,RAC1P,120,expanded_independent,validation,3,3,True,0.020415920628974682,0.008637942346646112,0.020415920628974682,0.008637942346646112,3,True,False
signed_prior_relative_gain,F_J,audit,AB,RAC1P,120,expanded_independent,development_evaluation,3,3,True,0.03435602417696715,0.0011199094484492292,0.03435602417696715,0.0011199094484492292,3,True,False
signed_prior_relative_gain,F_J,audit,AB,RAC1P,120,expanded_independent,validation_person_weighted,3,3,True,0.023032295540654408,0.01137048280310244,0.023032295540654408,0.01137048280310244,3,True,False
signed_prior_relative_gain,F_J,audit,AB,RAC1P,120,expanded_independent,development_evaluation_person_weighted,3,3,True,0.03153560647228759,0.006976424889218574,0.03153560647228759,0.006976424889218574,3,True,False
signed_prior_relative_gain,F_J,audit,AB,RAC1P,120,expanded_catchup,validation,3,3,True,0.035081792854710026,0.008440752200682956,0.035081792854710026,0.008440752200682956,3,True,False
signed_prior_relative_gain,F_J,audit,AB,RAC1P,120,expanded_catchup,development_evaluation,3,3,True,0.038275046457202734,0.007615838673521127,0.038275046457202734,0.007615838673521127,3,True,False
signed_prior_relative_gain,F_J,audit,AB,RAC1P,120,expanded_catchup,validation_person_weighted,3,3,True,0.03531049317335603,0.008555178473561909,0.03531049317335603,0.008555178473561909,3,True,False
signed_prior_relative_gain,F_J,audit,AB,RAC1P,120,expanded_catchup,development_evaluation_person_weighted,3,3,True,0.037830053441683185,0.011534908258520502,0.037830053441683185,0.011534908258520502,3,True,False
signed_prior_relative_gain,F_J,audit,AB,RAC1P,360,standard_independent,validation,3,3,True,0.020415920628974682,0.008637942346646112,0.020415920628974682,0.008637942346646112,3,True,False
signed_prior_relative_gain,F_J,audit,AB,RAC1P,360,standard_independent,development_evaluation,3,3,True,0.03435602417696715,0.0011199094484492292,0.03435602417696715,0.0011199094484492292,3,True,False
signed_prior_relative_gain,F_J,audit,AB,RAC1P,360,standard_independent,validation_person_weighted,3,3,True,0.023032295540654408,0.01137048280310244,0.023032295540654408,0.01137048280310244,3,True,False
signed_prior_relative_gain,F_J,audit,AB,RAC1P,360,standard_independent,development_evaluation_person_weighted,3,3,True,0.03153560647228759,0.006976424889218574,0.03153560647228759,0.006976424889218574,3,True,False
signed_prior_relative_gain,F_J,audit,AB,RAC1P,360,expanded_independent,validation,3,3,True,0.020488788818527448,0.008540904941959256,0.020488788818527448,0.008540904941959256,3,True,False
signed_prior_relative_gain,F_J,audit,AB,RAC1P,360,expanded_independent,development_evaluation,3,3,True,0.027589765559176804,0.01059970120916546,0.027589765559176804,0.01059970120916546,3,True,False
signed_prior_relative_gain,F_J,audit,AB,RAC1P,360,expanded_independent,validation_person_weighted,3,3,True,0.021306841672430094,0.012702514734243879,0.021306841672430094,0.012702514734243879,3,True,False
signed_prior_relative_gain,F_J,audit,AB,RAC1P,360,expanded_independent,development_evaluation_person_weighted,3,3,True,0.026551444154363796,0.008850988070179647,0.026551444154363796,0.008850988070179647,3,True,False
signed_prior_relative_gain,F_J,audit,AB,RAC1P,360,expanded_catchup,validation,3,3,True,0.035081792854710026,0.008440752200682956,0.035081792854710026,0.008440752200682956,3,True,False
signed_prior_relative_gain,F_J,audit,AB,RAC1P,360,expanded_catchup,development_evaluation,3,3,True,0.038275046457202734,0.007615838673521127,0.038275046457202734,0.007615838673521127,3,True,False
signed_prior_relative_gain,F_J,audit,AB,RAC1P,360,expanded_catchup,validation_person_weighted,3,3,True,0.03531049317335603,0.008555178473561909,0.03531049317335603,0.008555178473561909,3,True,False
signed_prior_relative_gain,F_J,audit,AB,RAC1P,360,expanded_catchup,development_evaluation_person_weighted,3,3,True,0.037830053441683185,0.011534908258520502,0.037830053441683185,0.011534908258520502,3,True,False
signed_prior_relative_gain,P_I,audit,A,public_coverage,120,standard_independent,validation,3,3,True,0.04259071008804405,0.004574140677954658,0.04259071008804405,0.004574140677954658,3,True,False
signed_prior_relative_gain,P_I,audit,A,public_coverage,120,standard_independent,development_evaluation,3,3,True,0.04486072955626219,0.0016152869221788258,0.04486072955626219,0.0016152869221788258,3,True,False
signed_prior_relative_gain,P_I,audit,A,public_coverage,120,standard_independent,validation_person_weighted,3,3,True,0.03941713579728847,0.007817452852028882,0.03941713579728847,0.007817452852028882,3,True,False
signed_prior_relative_gain,P_I,audit,A,public_coverage,120,standard_independent,development_evaluation_person_weighted,3,3,True,0.04801975563118588,0.0007387496173233141,0.04801975563118588,0.0007387496173233141,3,True,False
signed_prior_relative_gain,P_I,audit,A,public_coverage,120,expanded_independent,validation,3,3,True,0.04259071008804405,0.004574140677954658,0.04259071008804405,0.004574140677954658,3,True,False
signed_prior_relative_gain,P_I,audit,A,public_coverage,120,expanded_independent,development_evaluation,3,3,True,0.04486072955626219,0.0016152869221788258,0.04486072955626219,0.0016152869221788258,3,True,False
signed_prior_relative_gain,P_I,audit,A,public_coverage,120,expanded_independent,validation_person_weighted,3,3,True,0.03941713579728847,0.007817452852028882,0.03941713579728847,0.007817452852028882,3,True,False
signed_prior_relative_gain,P_I,audit,A,public_coverage,120,expanded_independent,development_evaluation_person_weighted,3,3,True,0.04801975563118588,0.0007387496173233141,0.04801975563118588,0.0007387496173233141,3,True,False
signed_prior_relative_gain,P_I,audit,A,public_coverage,120,expanded_catchup,validation,3,3,True,0.04433607868425893,0.0034843773217539723,0.04433607868425893,0.0034843773217539723,3,True,False
signed_prior_relative_gain,P_I,audit,A,public_coverage,120,expanded_catchup,development_evaluation,3,3,True,0.046102201274276965,0.001477717546800821,0.046102201274276965,0.001477717546800821,3,True,False
signed_prior_relative_gain,P_I,audit,A,public_coverage,120,expanded_catchup,validation_person_weighted,3,3,True,0.040018720741055856,0.007831697626414197,0.040018720741055856,0.007831697626414197,3,True,False
signed_prior_relative_gain,P_I,audit,A,public_coverage,120,expanded_catchup,development_evaluation_person_weighted,3,3,True,0.048385340662393604,0.0018999962153977725,0.048385340662393604,0.0018999962153977725,3,True,False
signed_prior_relative_gain,P_I,audit,A,public_coverage,360,standard_independent,validation,3,3,True,0.04259071008804405,0.004574140677954658,0.04259071008804405,0.004574140677954658,3,True,False
signed_prior_relative_gain,P_I,audit,A,public_coverage,360,standard_independent,development_evaluation,3,3,True,0.04486072955626219,0.0016152869221788258,0.04486072955626219,0.0016152869221788258,3,True,False
signed_prior_relative_gain,P_I,audit,A,public_coverage,360,standard_independent,validation_person_weighted,3,3,True,0.03941713579728847,0.007817452852028882,0.03941713579728847,0.007817452852028882,3,True,False
signed_prior_relative_gain,P_I,audit,A,public_coverage,360,standard_independent,development_evaluation_person_weighted,3,3,True,0.04801975563118588,0.0007387496173233141,0.04801975563118588,0.0007387496173233141,3,True,False
signed_prior_relative_gain,P_I,audit,A,public_coverage,360,expanded_independent,validation,3,3,True,0.04259071008804405,0.004574140677954658,0.04259071008804405,0.004574140677954658,3,True,False
signed_prior_relative_gain,P_I,audit,A,public_coverage,360,expanded_independent,development_evaluation,3,3,True,0.04486072955626219,0.0016152869221788258,0.04486072955626219,0.0016152869221788258,3,True,False
signed_prior_relative_gain,P_I,audit,A,public_coverage,360,expanded_independent,validation_person_weighted,3,3,True,0.03941713579728847,0.007817452852028882,0.03941713579728847,0.007817452852028882,3,True,False
signed_prior_relative_gain,P_I,audit,A,public_coverage,360,expanded_independent,development_evaluation_person_weighted,3,3,True,0.04801975563118588,0.0007387496173233141,0.04801975563118588,0.0007387496173233141,3,True,False
signed_prior_relative_gain,P_I,audit,A,public_coverage,360,expanded_catchup,validation,3,3,True,0.044342628914492664,0.003473883376831578,0.044342628914492664,0.003473883376831578,3,True,False
signed_prior_relative_gain,P_I,audit,A,public_coverage,360,expanded_catchup,development_evaluation,3,3,True,0.04623555631192733,0.0017077494326890898,0.04623555631192733,0.0017077494326890898,3,True,False
signed_prior_relative_gain,P_I,audit,A,public_coverage,360,expanded_catchup,validation_person_weighted,3,3,True,0.04015251140624818,0.007606693625659836,0.04015251140624818,0.007606693625659836,3,True,False
signed_prior_relative_gain,P_I,audit,A,public_coverage,360,expanded_catchup,development_evaluation_person_weighted,3,3,True,0.04850798104856069,0.0021043047897105864,0.04850798104856069,0.0021043047897105864,3,True,False
signed_prior_relative_gain,P_I,audit,A,commute_over20,120,standard_independent,validation,3,3,True,0.01025372393275444,0.004543887857604321,0.01025372393275444,0.004543887857604321,3,True,False
signed_prior_relative_gain,P_I,audit,A,commute_over20,120,standard_independent,development_evaluation,3,3,True,0.009262853846629652,0.00269299087911441,0.009262853846629652,0.00269299087911441,3,True,False
signed_prior_relative_gain,P_I,audit,A,commute_over20,120,standard_independent,validation_person_weighted,3,3,True,0.005675423027171611,0.00726255179122058,0.005675423027171611,0.00726255179122058,3,True,False
signed_prior_relative_gain,P_I,audit,A,commute_over20,120,standard_independent,development_evaluation_person_weighted,3,3,True,0.006063287791403156,0.0009251038766498631,0.006063287791403156,0.0009251038766498631,3,True,False
signed_prior_relative_gain,P_I,audit,A,commute_over20,120,expanded_independent,validation,3,3,True,0.01025372393275444,0.004543887857604321,0.01025372393275444,0.004543887857604321,3,True,False
signed_prior_relative_gain,P_I,audit,A,commute_over20,120,expanded_independent,development_evaluation,3,3,True,0.009262853846629652,0.00269299087911441,0.009262853846629652,0.00269299087911441,3,True,False
signed_prior_relative_gain,P_I,audit,A,commute_over20,120,expanded_independent,validation_person_weighted,3,3,True,0.005675423027171611,0.00726255179122058,0.005675423027171611,0.00726255179122058,3,True,False
signed_prior_relative_gain,P_I,audit,A,commute_over20,120,expanded_independent,development_evaluation_person_weighted,3,3,True,0.006063287791403156,0.0009251038766498631,0.006063287791403156,0.0009251038766498631,3,True,False
signed_prior_relative_gain,P_I,audit,A,commute_over20,120,expanded_catchup,validation,3,3,True,0.01025372393275444,0.004543887857604321,0.01025372393275444,0.004543887857604321,3,True,False
signed_prior_relative_gain,P_I,audit,A,commute_over20,120,expanded_catchup,development_evaluation,3,3,True,0.009262853846629652,0.00269299087911441,0.009262853846629652,0.00269299087911441,3,True,False
signed_prior_relative_gain,P_I,audit,A,commute_over20,120,expanded_catchup,validation_person_weighted,3,3,True,0.005675423027171611,0.00726255179122058,0.005675423027171611,0.00726255179122058,3,True,False
signed_prior_relative_gain,P_I,audit,A,commute_over20,120,expanded_catchup,development_evaluation_person_weighted,3,3,True,0.006063287791403156,0.0009251038766498631,0.006063287791403156,0.0009251038766498631,3,True,False
signed_prior_relative_gain,P_I,audit,A,commute_over20,360,standard_independent,validation,3,3,True,0.01025372393275444,0.004543887857604321,0.01025372393275444,0.004543887857604321,3,True,False
signed_prior_relative_gain,P_I,audit,A,commute_over20,360,standard_independent,development_evaluation,3,3,True,0.009262853846629652,0.00269299087911441,0.009262853846629652,0.00269299087911441,3,True,False
signed_prior_relative_gain,P_I,audit,A,commute_over20,360,standard_independent,validation_person_weighted,3,3,True,0.005675423027171611,0.00726255179122058,0.005675423027171611,0.00726255179122058,3,True,False
signed_prior_relative_gain,P_I,audit,A,commute_over20,360,standard_independent,development_evaluation_person_weighted,3,3,True,0.006063287791403156,0.0009251038766498631,0.006063287791403156,0.0009251038766498631,3,True,False
signed_prior_relative_gain,P_I,audit,A,commute_over20,360,expanded_independent,validation,3,3,True,0.01025372393275444,0.004543887857604321,0.01025372393275444,0.004543887857604321,3,True,False
signed_prior_relative_gain,P_I,audit,A,commute_over20,360,expanded_independent,development_evaluation,3,3,True,0.009262853846629652,0.00269299087911441,0.009262853846629652,0.00269299087911441,3,True,False
signed_prior_relative_gain,P_I,audit,A,commute_over20,360,expanded_independent,validation_person_weighted,3,3,True,0.005675423027171611,0.00726255179122058,0.005675423027171611,0.00726255179122058,3,True,False
signed_prior_relative_gain,P_I,audit,A,commute_over20,360,expanded_independent,development_evaluation_person_weighted,3,3,True,0.006063287791403156,0.0009251038766498631,0.006063287791403156,0.0009251038766498631,3,True,False
signed_prior_relative_gain,P_I,audit,A,commute_over20,360,expanded_catchup,validation,3,3,True,0.01025372393275444,0.004543887857604321,0.01025372393275444,0.004543887857604321,3,True,False
signed_prior_relative_gain,P_I,audit,A,commute_over20,360,expanded_catchup,development_evaluation,3,3,True,0.009262853846629652,0.00269299087911441,0.009262853846629652,0.00269299087911441,3,True,False
signed_prior_relative_gain,P_I,audit,A,commute_over20,360,expanded_catchup,validation_person_weighted,3,3,True,0.005675423027171611,0.00726255179122058,0.005675423027171611,0.00726255179122058,3,True,False
signed_prior_relative_gain,P_I,audit,A,commute_over20,360,expanded_catchup,development_evaluation_person_weighted,3,3,True,0.006063287791403156,0.0009251038766498631,0.006063287791403156,0.0009251038766498631,3,True,False
signed_prior_relative_gain,P_I,audit,A,SEX,120,standard_independent,validation,3,3,True,0.0025224550017878267,0.0018470202537173572,0.0025224550017878267,0.0018470202537173572,3,True,False
signed_prior_relative_gain,P_I,audit,A,SEX,120,standard_independent,development_evaluation,3,3,True,0.001291284762665749,0.0012217863745356318,0.001291284762665749,0.0012217863745356318,3,True,False
signed_prior_relative_gain,P_I,audit,A,SEX,120,standard_independent,validation_person_weighted,3,3,True,0.0029412097006351243,0.002027171779336421,0.0029412097006351243,0.002027171779336421,3,True,False
signed_prior_relative_gain,P_I,audit,A,SEX,120,standard_independent,development_evaluation_person_weighted,3,3,True,0.0019452584436672193,0.001901997199570883,0.0019452584436672193,0.001901997199570883,3,True,False
signed_prior_relative_gain,P_I,audit,A,SEX,120,expanded_independent,validation,3,3,True,0.0025224550017878267,0.0018470202537173572,0.0025224550017878267,0.0018470202537173572,3,True,False
signed_prior_relative_gain,P_I,audit,A,SEX,120,expanded_independent,development_evaluation,3,3,True,0.001291284762665749,0.0012217863745356318,0.001291284762665749,0.0012217863745356318,3,True,False
signed_prior_relative_gain,P_I,audit,A,SEX,120,expanded_independent,validation_person_weighted,3,3,True,0.0029412097006351243,0.002027171779336421,0.0029412097006351243,0.002027171779336421,3,True,False
signed_prior_relative_gain,P_I,audit,A,SEX,120,expanded_independent,development_evaluation_person_weighted,3,3,True,0.0019452584436672193,0.001901997199570883,0.0019452584436672193,0.001901997199570883,3,True,False
signed_prior_relative_gain,P_I,audit,A,SEX,120,expanded_catchup,validation,3,3,True,0.003526292410730029,0.002788456476081026,0.003526292410730029,0.002788456476081026,3,True,False
signed_prior_relative_gain,P_I,audit,A,SEX,120,expanded_catchup,development_evaluation,3,3,True,0.0021332353344387656,0.0009112597504214115,0.0021332353344387656,0.0009112597504214115,3,True,False
signed_prior_relative_gain,P_I,audit,A,SEX,120,expanded_catchup,validation_person_weighted,3,3,True,0.003660876141238704,0.0023385185235728187,0.003660876141238704,0.0023385185235728187,3,True,False
signed_prior_relative_gain,P_I,audit,A,SEX,120,expanded_catchup,development_evaluation_person_weighted,3,3,True,0.0021249011523594152,0.001935124013607856,0.0021249011523594152,0.001935124013607856,3,True,False
signed_prior_relative_gain,P_I,audit,A,SEX,360,standard_independent,validation,3,3,True,0.0028770135917269846,0.002339475198993761,0.0028770135917269846,0.002339475198993761,3,True,False
signed_prior_relative_gain,P_I,audit,A,SEX,360,standard_independent,development_evaluation,3,3,True,0.0009553511500182132,0.0007130889895973137,0.0009553511500182132,0.0007130889895973137,3,True,False
signed_prior_relative_gain,P_I,audit,A,SEX,360,standard_independent,validation_person_weighted,3,3,True,0.0033388094521134373,0.0026558675079713105,0.0033388094521134373,0.0026558675079713105,3,True,False
signed_prior_relative_gain,P_I,audit,A,SEX,360,standard_independent,development_evaluation_person_weighted,3,3,True,0.00202933728862816,0.002027635830344419,0.00202933728862816,0.002027635830344419,3,True,False
signed_prior_relative_gain,P_I,audit,A,SEX,360,expanded_independent,validation,3,3,True,0.0028770135917269846,0.002339475198993761,0.0028770135917269846,0.002339475198993761,3,True,False
signed_prior_relative_gain,P_I,audit,A,SEX,360,expanded_independent,development_evaluation,3,3,True,0.0009553511500182132,0.0007130889895973137,0.0009553511500182132,0.0007130889895973137,3,True,False
signed_prior_relative_gain,P_I,audit,A,SEX,360,expanded_independent,validation_person_weighted,3,3,True,0.0033388094521134373,0.0026558675079713105,0.0033388094521134373,0.0026558675079713105,3,True,False
signed_prior_relative_gain,P_I,audit,A,SEX,360,expanded_independent,development_evaluation_person_weighted,3,3,True,0.00202933728862816,0.002027635830344419,0.00202933728862816,0.002027635830344419,3,True,False
signed_prior_relative_gain,P_I,audit,A,SEX,360,expanded_catchup,validation,3,3,True,0.0038808510006691868,0.002961315987755242,0.0038808510006691868,0.002961315987755242,3,True,False
signed_prior_relative_gain,P_I,audit,A,SEX,360,expanded_catchup,development_evaluation,3,3,True,0.0017973017217912297,0.0008334547297611257,0.0017973017217912297,0.0008334547297611257,3,True,False
signed_prior_relative_gain,P_I,audit,A,SEX,360,expanded_catchup,validation_person_weighted,3,3,True,0.004058475892717017,0.0027485374453078038,0.004058475892717017,0.0027485374453078038,3,True,False
signed_prior_relative_gain,P_I,audit,A,SEX,360,expanded_catchup,development_evaluation_person_weighted,3,3,True,0.002208979997320356,0.0020477075491889254,0.002208979997320356,0.0020477075491889254,3,True,False
signed_prior_relative_gain,P_I,audit,A,RAC1P,120,standard_independent,validation,3,3,True,0.013156722829102444,0.002204652385155335,0.013156722829102444,0.002204652385155335,3,True,False
signed_prior_relative_gain,P_I,audit,A,RAC1P,120,standard_independent,development_evaluation,3,3,True,0.013155328017597112,0.003170209217824122,0.013155328017597112,0.003170209217824122,3,True,False
signed_prior_relative_gain,P_I,audit,A,RAC1P,120,standard_independent,validation_person_weighted,3,3,True,0.01436327073860492,0.0038025417389084145,0.01436327073860492,0.0038025417389084145,3,True,False
signed_prior_relative_gain,P_I,audit,A,RAC1P,120,standard_independent,development_evaluation_person_weighted,3,3,True,0.01441732796027432,0.0017592643843439956,0.01441732796027432,0.0017592643843439956,3,True,False
signed_prior_relative_gain,P_I,audit,A,RAC1P,120,expanded_independent,validation,3,3,True,0.013156722829102444,0.002204652385155335,0.013156722829102444,0.002204652385155335,3,True,False
signed_prior_relative_gain,P_I,audit,A,RAC1P,120,expanded_independent,development_evaluation,3,3,True,0.013155328017597112,0.003170209217824122,0.013155328017597112,0.003170209217824122,3,True,False
signed_prior_relative_gain,P_I,audit,A,RAC1P,120,expanded_independent,validation_person_weighted,3,3,True,0.01436327073860492,0.0038025417389084145,0.01436327073860492,0.0038025417389084145,3,True,False
signed_prior_relative_gain,P_I,audit,A,RAC1P,120,expanded_independent,development_evaluation_person_weighted,3,3,True,0.01441732796027432,0.0017592643843439956,0.01441732796027432,0.0017592643843439956,3,True,False
signed_prior_relative_gain,P_I,audit,A,RAC1P,120,expanded_catchup,validation,3,3,True,0.017581752889419693,0.0020992520084076047,0.017581752889419693,0.0020992520084076047,3,True,False
signed_prior_relative_gain,P_I,audit,A,RAC1P,120,expanded_catchup,development_evaluation,3,3,True,0.01658189760104915,0.0016569047063724257,0.01658189760104915,0.0016569047063724257,3,True,False
signed_prior_relative_gain,P_I,audit,A,RAC1P,120,expanded_catchup,validation_person_weighted,3,3,True,0.01625213369444471,0.0050271305382313695,0.01625213369444471,0.0050271305382313695,3,True,False
signed_prior_relative_gain,P_I,audit,A,RAC1P,120,expanded_catchup,development_evaluation_person_weighted,3,3,True,0.015649487391270405,0.005559689148074808,0.015649487391270405,0.005559689148074808,3,True,False
signed_prior_relative_gain,P_I,audit,A,RAC1P,360,standard_independent,validation,3,3,True,0.013156722829102444,0.002204652385155335,0.013156722829102444,0.002204652385155335,3,True,False
signed_prior_relative_gain,P_I,audit,A,RAC1P,360,standard_independent,development_evaluation,3,3,True,0.013155328017597112,0.003170209217824122,0.013155328017597112,0.003170209217824122,3,True,False
signed_prior_relative_gain,P_I,audit,A,RAC1P,360,standard_independent,validation_person_weighted,3,3,True,0.01436327073860492,0.0038025417389084145,0.01436327073860492,0.0038025417389084145,3,True,False
signed_prior_relative_gain,P_I,audit,A,RAC1P,360,standard_independent,development_evaluation_person_weighted,3,3,True,0.01441732796027432,0.0017592643843439956,0.01441732796027432,0.0017592643843439956,3,True,False
signed_prior_relative_gain,P_I,audit,A,RAC1P,360,expanded_independent,validation,3,3,True,0.013156722829102444,0.002204652385155335,0.013156722829102444,0.002204652385155335,3,True,False
signed_prior_relative_gain,P_I,audit,A,RAC1P,360,expanded_independent,development_evaluation,3,3,True,0.013155328017597112,0.003170209217824122,0.013155328017597112,0.003170209217824122,3,True,False
signed_prior_relative_gain,P_I,audit,A,RAC1P,360,expanded_independent,validation_person_weighted,3,3,True,0.01436327073860492,0.0038025417389084145,0.01436327073860492,0.0038025417389084145,3,True,False
signed_prior_relative_gain,P_I,audit,A,RAC1P,360,expanded_independent,development_evaluation_person_weighted,3,3,True,0.01441732796027432,0.0017592643843439956,0.01441732796027432,0.0017592643843439956,3,True,False
signed_prior_relative_gain,P_I,audit,A,RAC1P,360,expanded_catchup,validation,3,3,True,0.017581752889419693,0.0020992520084076047,0.017581752889419693,0.0020992520084076047,3,True,False
signed_prior_relative_gain,P_I,audit,A,RAC1P,360,expanded_catchup,development_evaluation,3,3,True,0.01658189760104915,0.0016569047063724257,0.01658189760104915,0.0016569047063724257,3,True,False
signed_prior_relative_gain,P_I,audit,A,RAC1P,360,expanded_catchup,validation_person_weighted,3,3,True,0.01625213369444471,0.0050271305382313695,0.01625213369444471,0.0050271305382313695,3,True,False
signed_prior_relative_gain,P_I,audit,A,RAC1P,360,expanded_catchup,development_evaluation_person_weighted,3,3,True,0.015649487391270405,0.005559689148074808,0.015649487391270405,0.005559689148074808,3,True,False
signed_prior_relative_gain,P_I,audit,B,income_binary,120,standard_independent,validation,3,3,True,0.07326440470787683,0.01013373423974401,0.07326440470787683,0.01013373423974401,3,True,False
signed_prior_relative_gain,P_I,audit,B,income_binary,120,standard_independent,development_evaluation,3,3,True,0.07750089447681713,0.008193050476004687,0.07750089447681713,0.008193050476004687,3,True,False
signed_prior_relative_gain,P_I,audit,B,income_binary,120,standard_independent,validation_person_weighted,3,3,True,0.07757410235183483,0.013334171593803592,0.07757410235183483,0.013334171593803592,3,True,False
signed_prior_relative_gain,P_I,audit,B,income_binary,120,standard_independent,development_evaluation_person_weighted,3,3,True,0.07626946442243421,0.005282182727843127,0.07626946442243421,0.005282182727843127,3,True,False
signed_prior_relative_gain,P_I,audit,B,income_binary,120,expanded_independent,validation,3,3,True,0.07326440470787683,0.01013373423974401,0.07326440470787683,0.01013373423974401,3,True,False
signed_prior_relative_gain,P_I,audit,B,income_binary,120,expanded_independent,development_evaluation,3,3,True,0.07750089447681713,0.008193050476004687,0.07750089447681713,0.008193050476004687,3,True,False
signed_prior_relative_gain,P_I,audit,B,income_binary,120,expanded_independent,validation_person_weighted,3,3,True,0.07757410235183483,0.013334171593803592,0.07757410235183483,0.013334171593803592,3,True,False
signed_prior_relative_gain,P_I,audit,B,income_binary,120,expanded_independent,development_evaluation_person_weighted,3,3,True,0.07626946442243421,0.005282182727843127,0.07626946442243421,0.005282182727843127,3,True,False
signed_prior_relative_gain,P_I,audit,B,income_binary,120,expanded_catchup,validation,3,3,True,0.07332201323792849,0.010047901494925331,0.07332201323792849,0.010047901494925331,3,True,False
signed_prior_relative_gain,P_I,audit,B,income_binary,120,expanded_catchup,development_evaluation,3,3,True,0.07636105433724398,0.010167145370231999,0.07636105433724398,0.010167145370231999,3,True,False
signed_prior_relative_gain,P_I,audit,B,income_binary,120,expanded_catchup,validation_person_weighted,3,3,True,0.07765140735608066,0.013206328098713126,0.07765140735608066,0.013206328098713126,3,True,False
signed_prior_relative_gain,P_I,audit,B,income_binary,120,expanded_catchup,development_evaluation_person_weighted,3,3,True,0.07539476891228401,0.00667943922876782,0.07539476891228401,0.00667943922876782,3,True,False
signed_prior_relative_gain,P_I,audit,B,income_binary,360,standard_independent,validation,3,3,True,0.07331617597035382,0.010211886701639031,0.07331617597035382,0.010211886701639031,3,True,False
signed_prior_relative_gain,P_I,audit,B,income_binary,360,standard_independent,development_evaluation,3,3,True,0.0775566262826413,0.008242935510249733,0.0775566262826413,0.008242935510249733,3,True,False
signed_prior_relative_gain,P_I,audit,B,income_binary,360,standard_independent,validation_person_weighted,3,3,True,0.07742498612405119,0.013279372801056009,0.07742498612405119,0.013279372801056009,3,True,False
signed_prior_relative_gain,P_I,audit,B,income_binary,360,standard_independent,development_evaluation_person_weighted,3,3,True,0.07620977180090788,0.005275493702617555,0.07620977180090788,0.005275493702617555,3,True,False
signed_prior_relative_gain,P_I,audit,B,income_binary,360,expanded_independent,validation,3,3,True,0.07331617597035382,0.010211886701639031,0.07331617597035382,0.010211886701639031,3,True,False
signed_prior_relative_gain,P_I,audit,B,income_binary,360,expanded_independent,development_evaluation,3,3,True,0.0775566262826413,0.008242935510249733,0.0775566262826413,0.008242935510249733,3,True,False
signed_prior_relative_gain,P_I,audit,B,income_binary,360,expanded_independent,validation_person_weighted,3,3,True,0.07742498612405119,0.013279372801056009,0.07742498612405119,0.013279372801056009,3,True,False
signed_prior_relative_gain,P_I,audit,B,income_binary,360,expanded_independent,development_evaluation_person_weighted,3,3,True,0.07620977180090788,0.005275493702617555,0.07620977180090788,0.005275493702617555,3,True,False
signed_prior_relative_gain,P_I,audit,B,income_binary,360,expanded_catchup,validation,3,3,True,0.07337378450040548,0.010126274607084488,0.07337378450040548,0.010126274607084488,3,True,False
signed_prior_relative_gain,P_I,audit,B,income_binary,360,expanded_catchup,development_evaluation,3,3,True,0.07641678614306814,0.010216718198677754,0.07641678614306814,0.010216718198677754,3,True,False
signed_prior_relative_gain,P_I,audit,B,income_binary,360,expanded_catchup,validation_person_weighted,3,3,True,0.077502291128297,0.01315231135729204,0.077502291128297,0.01315231135729204,3,True,False
signed_prior_relative_gain,P_I,audit,B,income_binary,360,expanded_catchup,development_evaluation_person_weighted,3,3,True,0.07533507629075768,0.006662405664827169,0.07533507629075768,0.006662405664827169,3,True,False
signed_prior_relative_gain,P_I,audit,B,civilian_at_work,120,standard_independent,validation,3,3,True,0.060156705119440566,0.012919206574403663,0.060156705119440566,0.012919206574403663,3,True,False
signed_prior_relative_gain,P_I,audit,B,civilian_at_work,120,standard_independent,development_evaluation,3,3,True,0.06713831604631244,0.013081637121017684,0.06713831604631244,0.013081637121017684,3,True,False
signed_prior_relative_gain,P_I,audit,B,civilian_at_work,120,standard_independent,validation_person_weighted,3,3,True,0.06043993707738815,0.02002077881922753,0.06043993707738815,0.02002077881922753,3,True,False
signed_prior_relative_gain,P_I,audit,B,civilian_at_work,120,standard_independent,development_evaluation_person_weighted,3,3,True,0.06659323401914137,0.022435332608204732,0.06659323401914137,0.022435332608204732,3,True,False
signed_prior_relative_gain,P_I,audit,B,civilian_at_work,120,expanded_independent,validation,3,3,True,0.060156705119440566,0.012919206574403663,0.060156705119440566,0.012919206574403663,3,True,False
signed_prior_relative_gain,P_I,audit,B,civilian_at_work,120,expanded_independent,development_evaluation,3,3,True,0.06713831604631244,0.013081637121017684,0.06713831604631244,0.013081637121017684,3,True,False
signed_prior_relative_gain,P_I,audit,B,civilian_at_work,120,expanded_independent,validation_person_weighted,3,3,True,0.06043993707738815,0.02002077881922753,0.06043993707738815,0.02002077881922753,3,True,False
signed_prior_relative_gain,P_I,audit,B,civilian_at_work,120,expanded_independent,development_evaluation_person_weighted,3,3,True,0.06659323401914137,0.022435332608204732,0.06659323401914137,0.022435332608204732,3,True,False
signed_prior_relative_gain,P_I,audit,B,civilian_at_work,120,expanded_catchup,validation,3,3,True,0.060156705119440566,0.012919206574403663,0.060156705119440566,0.012919206574403663,3,True,False
signed_prior_relative_gain,P_I,audit,B,civilian_at_work,120,expanded_catchup,development_evaluation,3,3,True,0.06713831604631244,0.013081637121017684,0.06713831604631244,0.013081637121017684,3,True,False
signed_prior_relative_gain,P_I,audit,B,civilian_at_work,120,expanded_catchup,validation_person_weighted,3,3,True,0.06043993707738815,0.02002077881922753,0.06043993707738815,0.02002077881922753,3,True,False
signed_prior_relative_gain,P_I,audit,B,civilian_at_work,120,expanded_catchup,development_evaluation_person_weighted,3,3,True,0.06659323401914137,0.022435332608204732,0.06659323401914137,0.022435332608204732,3,True,False
signed_prior_relative_gain,P_I,audit,B,civilian_at_work,360,standard_independent,validation,3,3,True,0.060622206503387045,0.012464409246498368,0.060622206503387045,0.012464409246498368,3,True,False
signed_prior_relative_gain,P_I,audit,B,civilian_at_work,360,standard_independent,development_evaluation,3,3,True,0.06818063993881603,0.012848779818237562,0.06818063993881603,0.012848779818237562,3,True,False
signed_prior_relative_gain,P_I,audit,B,civilian_at_work,360,standard_independent,validation_person_weighted,3,3,True,0.0607445664134972,0.019793462750901807,0.0607445664134972,0.019793462750901807,3,True,False
signed_prior_relative_gain,P_I,audit,B,civilian_at_work,360,standard_independent,development_evaluation_person_weighted,3,3,True,0.0680190685474934,0.022875273819264998,0.0680190685474934,0.022875273819264998,3,True,False
signed_prior_relative_gain,P_I,audit,B,civilian_at_work,360,expanded_independent,validation,3,3,True,0.060622206503387045,0.012464409246498368,0.060622206503387045,0.012464409246498368,3,True,False
signed_prior_relative_gain,P_I,audit,B,civilian_at_work,360,expanded_independent,development_evaluation,3,3,True,0.06818063993881603,0.012848779818237562,0.06818063993881603,0.012848779818237562,3,True,False
signed_prior_relative_gain,P_I,audit,B,civilian_at_work,360,expanded_independent,validation_person_weighted,3,3,True,0.0607445664134972,0.019793462750901807,0.0607445664134972,0.019793462750901807,3,True,False
signed_prior_relative_gain,P_I,audit,B,civilian_at_work,360,expanded_independent,development_evaluation_person_weighted,3,3,True,0.0680190685474934,0.022875273819264998,0.0680190685474934,0.022875273819264998,3,True,False
signed_prior_relative_gain,P_I,audit,B,civilian_at_work,360,expanded_catchup,validation,3,3,True,0.060622206503387045,0.012464409246498368,0.060622206503387045,0.012464409246498368,3,True,False
signed_prior_relative_gain,P_I,audit,B,civilian_at_work,360,expanded_catchup,development_evaluation,3,3,True,0.06818063993881603,0.012848779818237562,0.06818063993881603,0.012848779818237562,3,True,False
signed_prior_relative_gain,P_I,audit,B,civilian_at_work,360,expanded_catchup,validation_person_weighted,3,3,True,0.0607445664134972,0.019793462750901807,0.0607445664134972,0.019793462750901807,3,True,False
signed_prior_relative_gain,P_I,audit,B,civilian_at_work,360,expanded_catchup,development_evaluation_person_weighted,3,3,True,0.0680190685474934,0.022875273819264998,0.0680190685474934,0.022875273819264998,3,True,False
signed_prior_relative_gain,P_I,audit,B,same_residence,120,standard_independent,validation,3,3,True,0.008755984878621836,0.0016449930415277556,0.008755984878621836,0.0016449930415277556,3,True,False
signed_prior_relative_gain,P_I,audit,B,same_residence,120,standard_independent,development_evaluation,3,3,True,0.008345246911072487,0.0013817139428255474,0.008345246911072487,0.0013817139428255474,3,True,False
signed_prior_relative_gain,P_I,audit,B,same_residence,120,standard_independent,validation_person_weighted,3,3,True,0.010077808317772238,0.0012531442555688136,0.010077808317772238,0.0012531442555688136,3,True,False
signed_prior_relative_gain,P_I,audit,B,same_residence,120,standard_independent,development_evaluation_person_weighted,3,3,True,0.010006754887745698,0.00037263554141762673,0.010006754887745698,0.00037263554141762673,3,True,False
signed_prior_relative_gain,P_I,audit,B,same_residence,120,expanded_independent,validation,3,3,True,0.008755984878621836,0.0016449930415277556,0.008755984878621836,0.0016449930415277556,3,True,False
signed_prior_relative_gain,P_I,audit,B,same_residence,120,expanded_independent,development_evaluation,3,3,True,0.008345246911072487,0.0013817139428255474,0.008345246911072487,0.0013817139428255474,3,True,False
signed_prior_relative_gain,P_I,audit,B,same_residence,120,expanded_independent,validation_person_weighted,3,3,True,0.010077808317772238,0.0012531442555688136,0.010077808317772238,0.0012531442555688136,3,True,False
signed_prior_relative_gain,P_I,audit,B,same_residence,120,expanded_independent,development_evaluation_person_weighted,3,3,True,0.010006754887745698,0.00037263554141762673,0.010006754887745698,0.00037263554141762673,3,True,False
signed_prior_relative_gain,P_I,audit,B,same_residence,120,expanded_catchup,validation,3,3,True,0.008755984878621836,0.0016449930415277556,0.008755984878621836,0.0016449930415277556,3,True,False
signed_prior_relative_gain,P_I,audit,B,same_residence,120,expanded_catchup,development_evaluation,3,3,True,0.008345246911072487,0.0013817139428255474,0.008345246911072487,0.0013817139428255474,3,True,False
signed_prior_relative_gain,P_I,audit,B,same_residence,120,expanded_catchup,validation_person_weighted,3,3,True,0.010077808317772238,0.0012531442555688136,0.010077808317772238,0.0012531442555688136,3,True,False
signed_prior_relative_gain,P_I,audit,B,same_residence,120,expanded_catchup,development_evaluation_person_weighted,3,3,True,0.010006754887745698,0.00037263554141762673,0.010006754887745698,0.00037263554141762673,3,True,False
signed_prior_relative_gain,P_I,audit,B,same_residence,360,standard_independent,validation,3,3,True,0.008775726130652398,0.0016420702130127782,0.008775726130652398,0.0016420702130127782,3,True,False
signed_prior_relative_gain,P_I,audit,B,same_residence,360,standard_independent,development_evaluation,3,3,True,0.008399790231598462,0.0014584026867947668,0.008399790231598462,0.0014584026867947668,3,True,False
signed_prior_relative_gain,P_I,audit,B,same_residence,360,standard_independent,validation_person_weighted,3,3,True,0.010000189240045643,0.0013386576182072831,0.010000189240045643,0.0013386576182072831,3,True,False
signed_prior_relative_gain,P_I,audit,B,same_residence,360,standard_independent,development_evaluation_person_weighted,3,3,True,0.00997424965330305,0.0003191755969692158,0.00997424965330305,0.0003191755969692158,3,True,False
signed_prior_relative_gain,P_I,audit,B,same_residence,360,expanded_independent,validation,3,3,True,0.008775726130652398,0.0016420702130127782,0.008775726130652398,0.0016420702130127782,3,True,False
signed_prior_relative_gain,P_I,audit,B,same_residence,360,expanded_independent,development_evaluation,3,3,True,0.008399790231598462,0.0014584026867947668,0.008399790231598462,0.0014584026867947668,3,True,False
signed_prior_relative_gain,P_I,audit,B,same_residence,360,expanded_independent,validation_person_weighted,3,3,True,0.010000189240045643,0.0013386576182072831,0.010000189240045643,0.0013386576182072831,3,True,False
signed_prior_relative_gain,P_I,audit,B,same_residence,360,expanded_independent,development_evaluation_person_weighted,3,3,True,0.00997424965330305,0.0003191755969692158,0.00997424965330305,0.0003191755969692158,3,True,False
signed_prior_relative_gain,P_I,audit,B,same_residence,360,expanded_catchup,validation,3,3,True,0.008775726130652398,0.0016420702130127782,0.008775726130652398,0.0016420702130127782,3,True,False
signed_prior_relative_gain,P_I,audit,B,same_residence,360,expanded_catchup,development_evaluation,3,3,True,0.008399790231598462,0.0014584026867947668,0.008399790231598462,0.0014584026867947668,3,True,False
signed_prior_relative_gain,P_I,audit,B,same_residence,360,expanded_catchup,validation_person_weighted,3,3,True,0.010000189240045643,0.0013386576182072831,0.010000189240045643,0.0013386576182072831,3,True,False
signed_prior_relative_gain,P_I,audit,B,same_residence,360,expanded_catchup,development_evaluation_person_weighted,3,3,True,0.00997424965330305,0.0003191755969692158,0.00997424965330305,0.0003191755969692158,3,True,False
signed_prior_relative_gain,P_I,audit,B,SEX,120,standard_independent,validation,3,3,True,0.0007877157671072332,0.0003016441555379732,0.0007877157671072332,0.0003016441555379732,3,True,False
signed_prior_relative_gain,P_I,audit,B,SEX,120,standard_independent,development_evaluation,3,3,True,-0.0009496825290452593,0.000457080125771421,-0.0009496825290452593,0.000457080125771421,3,True,False
signed_prior_relative_gain,P_I,audit,B,SEX,120,standard_independent,validation_person_weighted,3,3,True,0.0004686367789800879,0.0006682322137674477,0.0004686367789800879,0.0006682322137674477,3,True,False
signed_prior_relative_gain,P_I,audit,B,SEX,120,standard_independent,development_evaluation_person_weighted,3,3,True,-0.0005907139465054501,0.00076638324989515,-0.0005907139465054501,0.00076638324989515,3,True,False
signed_prior_relative_gain,P_I,audit,B,SEX,120,expanded_independent,validation,3,3,True,0.0007877157671072332,0.0003016441555379732,0.0007877157671072332,0.0003016441555379732,3,True,False
signed_prior_relative_gain,P_I,audit,B,SEX,120,expanded_independent,development_evaluation,3,3,True,-0.0009496825290452593,0.000457080125771421,-0.0009496825290452593,0.000457080125771421,3,True,False
signed_prior_relative_gain,P_I,audit,B,SEX,120,expanded_independent,validation_person_weighted,3,3,True,0.0004686367789800879,0.0006682322137674477,0.0004686367789800879,0.0006682322137674477,3,True,False
signed_prior_relative_gain,P_I,audit,B,SEX,120,expanded_independent,development_evaluation_person_weighted,3,3,True,-0.0005907139465054501,0.00076638324989515,-0.0005907139465054501,0.00076638324989515,3,True,False
signed_prior_relative_gain,P_I,audit,B,SEX,120,expanded_catchup,validation,3,3,True,0.000998460641557693,0.00034714060125375426,0.000998460641557693,0.00034714060125375426,3,True,False
signed_prior_relative_gain,P_I,audit,B,SEX,120,expanded_catchup,development_evaluation,3,3,True,-0.00037571517242877367,0.0009759551707233097,-0.00037571517242877367,0.0009759551707233097,3,True,False
signed_prior_relative_gain,P_I,audit,B,SEX,120,expanded_catchup,validation_person_weighted,3,3,True,0.0008181576821878108,0.0006659849882469772,0.0008181576821878108,0.0006659849882469772,3,True,False
signed_prior_relative_gain,P_I,audit,B,SEX,120,expanded_catchup,development_evaluation_person_weighted,3,3,True,-0.0004005548437998607,0.0008805111319305072,-0.0004005548437998607,0.0008805111319305072,3,True,False
signed_prior_relative_gain,P_I,audit,B,SEX,360,standard_independent,validation,3,3,True,0.0008572342841053718,0.0003617339194648398,0.0008572342841053718,0.0003617339194648398,3,True,False
signed_prior_relative_gain,P_I,audit,B,SEX,360,standard_independent,development_evaluation,3,3,True,-0.0009419763216745499,0.0003360295085555991,-0.0009419763216745499,0.0003360295085555991,3,True,False
signed_prior_relative_gain,P_I,audit,B,SEX,360,standard_independent,validation_person_weighted,3,3,True,0.0005924058689332767,0.0006195668910119304,0.0005924058689332767,0.0006195668910119304,3,True,False
signed_prior_relative_gain,P_I,audit,B,SEX,360,standard_independent,development_evaluation_person_weighted,3,3,True,-0.0006426344413917132,0.0008427396647712258,-0.0006426344413917132,0.0008427396647712258,3,True,False
signed_prior_relative_gain,P_I,audit,B,SEX,360,expanded_independent,validation,3,3,True,0.0008572342841053718,0.0003617339194648398,0.0008572342841053718,0.0003617339194648398,3,True,False
signed_prior_relative_gain,P_I,audit,B,SEX,360,expanded_independent,development_evaluation,3,3,True,-0.0009419763216745499,0.0003360295085555991,-0.0009419763216745499,0.0003360295085555991,3,True,False
signed_prior_relative_gain,P_I,audit,B,SEX,360,expanded_independent,validation_person_weighted,3,3,True,0.0005924058689332767,0.0006195668910119304,0.0005924058689332767,0.0006195668910119304,3,True,False
signed_prior_relative_gain,P_I,audit,B,SEX,360,expanded_independent,development_evaluation_person_weighted,3,3,True,-0.0006426344413917132,0.0008427396647712258,-0.0006426344413917132,0.0008427396647712258,3,True,False
signed_prior_relative_gain,P_I,audit,B,SEX,360,expanded_catchup,validation,3,3,True,0.0010375828292202849,0.0003453260363373558,0.0010375828292202849,0.0003453260363373558,3,True,False
signed_prior_relative_gain,P_I,audit,B,SEX,360,expanded_catchup,development_evaluation,3,3,True,-0.00028086745017408266,0.0008679838857879131,-0.00028086745017408266,0.0008679838857879131,3,True,False
signed_prior_relative_gain,P_I,audit,B,SEX,360,expanded_catchup,validation_person_weighted,3,3,True,0.000853098383345278,0.0004015767682311207,0.000853098383345278,0.0004015767682311207,3,True,False
signed_prior_relative_gain,P_I,audit,B,SEX,360,expanded_catchup,development_evaluation_person_weighted,3,3,True,-0.00027978169520059826,0.0007174761582071515,-0.00027978169520059826,0.0007174761582071515,3,True,False
signed_prior_relative_gain,P_I,audit,B,RAC1P,120,standard_independent,validation,3,3,True,0.01659765575947314,0.006889898307949777,0.01659765575947314,0.006889898307949777,3,True,False
signed_prior_relative_gain,P_I,audit,B,RAC1P,120,standard_independent,development_evaluation,3,3,True,0.02012588656098968,0.001966668925139836,0.02012588656098968,0.001966668925139836,3,True,False
signed_prior_relative_gain,P_I,audit,B,RAC1P,120,standard_independent,validation_person_weighted,3,3,True,0.014761882870201784,0.007033264876809936,0.014761882870201784,0.007033264876809936,3,True,False
signed_prior_relative_gain,P_I,audit,B,RAC1P,120,standard_independent,development_evaluation_person_weighted,3,3,True,0.020269256531267727,0.0025952181570540003,0.020269256531267727,0.0025952181570540003,3,True,False
signed_prior_relative_gain,P_I,audit,B,RAC1P,120,expanded_independent,validation,3,3,True,0.01659765575947314,0.006889898307949777,0.01659765575947314,0.006889898307949777,3,True,False
signed_prior_relative_gain,P_I,audit,B,RAC1P,120,expanded_independent,development_evaluation,3,3,True,0.02012588656098968,0.001966668925139836,0.02012588656098968,0.001966668925139836,3,True,False
signed_prior_relative_gain,P_I,audit,B,RAC1P,120,expanded_independent,validation_person_weighted,3,3,True,0.014761882870201784,0.007033264876809936,0.014761882870201784,0.007033264876809936,3,True,False
signed_prior_relative_gain,P_I,audit,B,RAC1P,120,expanded_independent,development_evaluation_person_weighted,3,3,True,0.020269256531267727,0.0025952181570540003,0.020269256531267727,0.0025952181570540003,3,True,False
signed_prior_relative_gain,P_I,audit,B,RAC1P,120,expanded_catchup,validation,3,3,True,0.01890577499561452,0.005311591868847916,0.01890577499561452,0.005311591868847916,3,True,False
signed_prior_relative_gain,P_I,audit,B,RAC1P,120,expanded_catchup,development_evaluation,3,3,True,0.020696554951035322,0.0018387886179271587,0.020696554951035322,0.0018387886179271587,3,True,False
signed_prior_relative_gain,P_I,audit,B,RAC1P,120,expanded_catchup,validation_person_weighted,3,3,True,0.01784598748209576,0.004753755542736727,0.01784598748209576,0.004753755542736727,3,True,False
signed_prior_relative_gain,P_I,audit,B,RAC1P,120,expanded_catchup,development_evaluation_person_weighted,3,3,True,0.020456291472123134,0.0032304356194625588,0.020456291472123134,0.0032304356194625588,3,True,False
signed_prior_relative_gain,P_I,audit,B,RAC1P,360,standard_independent,validation,3,3,True,0.01674020151340283,0.006825380339121208,0.01674020151340283,0.006825380339121208,3,True,False
signed_prior_relative_gain,P_I,audit,B,RAC1P,360,standard_independent,development_evaluation,3,3,True,0.019925365059462408,0.0021765221484998324,0.019925365059462408,0.0021765221484998324,3,True,False
signed_prior_relative_gain,P_I,audit,B,RAC1P,360,standard_independent,validation_person_weighted,3,3,True,0.014595508075804231,0.0069620196802032295,0.014595508075804231,0.0069620196802032295,3,True,False
signed_prior_relative_gain,P_I,audit,B,RAC1P,360,standard_independent,development_evaluation_person_weighted,3,3,True,0.02007727475550099,0.002272345460665873,0.02007727475550099,0.002272345460665873,3,True,False
signed_prior_relative_gain,P_I,audit,B,RAC1P,360,expanded_independent,validation,3,3,True,0.01674020151340283,0.006825380339121208,0.01674020151340283,0.006825380339121208,3,True,False
signed_prior_relative_gain,P_I,audit,B,RAC1P,360,expanded_independent,development_evaluation,3,3,True,0.019925365059462408,0.0021765221484998324,0.019925365059462408,0.0021765221484998324,3,True,False
signed_prior_relative_gain,P_I,audit,B,RAC1P,360,expanded_independent,validation_person_weighted,3,3,True,0.014595508075804231,0.0069620196802032295,0.014595508075804231,0.0069620196802032295,3,True,False
signed_prior_relative_gain,P_I,audit,B,RAC1P,360,expanded_independent,development_evaluation_person_weighted,3,3,True,0.02007727475550099,0.002272345460665873,0.02007727475550099,0.002272345460665873,3,True,False
signed_prior_relative_gain,P_I,audit,B,RAC1P,360,expanded_catchup,validation,3,3,True,0.01890577499561452,0.005311591868847916,0.01890577499561452,0.005311591868847916,3,True,False
signed_prior_relative_gain,P_I,audit,B,RAC1P,360,expanded_catchup,development_evaluation,3,3,True,0.020696554951035322,0.0018387886179271587,0.020696554951035322,0.0018387886179271587,3,True,False
signed_prior_relative_gain,P_I,audit,B,RAC1P,360,expanded_catchup,validation_person_weighted,3,3,True,0.01784598748209576,0.004753755542736727,0.01784598748209576,0.004753755542736727,3,True,False
signed_prior_relative_gain,P_I,audit,B,RAC1P,360,expanded_catchup,development_evaluation_person_weighted,3,3,True,0.020456291472123134,0.0032304356194625588,0.020456291472123134,0.0032304356194625588,3,True,False
signed_prior_relative_gain,P_I,audit,AB,SEX,120,standard_independent,validation,3,3,True,0.0044758459785853395,0.0022862977178842196,0.0044758459785853395,0.0022862977178842196,3,True,False
signed_prior_relative_gain,P_I,audit,AB,SEX,120,standard_independent,development_evaluation,3,3,True,0.0021535124559998176,0.0022475901312546415,0.0021535124559998176,0.0022475901312546415,3,True,False
signed_prior_relative_gain,P_I,audit,AB,SEX,120,standard_independent,validation_person_weighted,3,3,True,0.0045352133884485335,0.0033618347705668076,0.0045352133884485335,0.0033618347705668076,3,True,False
signed_prior_relative_gain,P_I,audit,AB,SEX,120,standard_independent,development_evaluation_person_weighted,3,3,True,0.0008056057921275913,0.004532178451674015,0.0008056057921275913,0.004532178451674015,3,True,False
signed_prior_relative_gain,P_I,audit,AB,SEX,120,expanded_independent,validation,3,3,True,0.0044758459785853395,0.0022862977178842196,0.0044758459785853395,0.0022862977178842196,3,True,False
signed_prior_relative_gain,P_I,audit,AB,SEX,120,expanded_independent,development_evaluation,3,3,True,0.0021535124559998176,0.0022475901312546415,0.0021535124559998176,0.0022475901312546415,3,True,False
signed_prior_relative_gain,P_I,audit,AB,SEX,120,expanded_independent,validation_person_weighted,3,3,True,0.0045352133884485335,0.0033618347705668076,0.0045352133884485335,0.0033618347705668076,3,True,False
signed_prior_relative_gain,P_I,audit,AB,SEX,120,expanded_independent,development_evaluation_person_weighted,3,3,True,0.0008056057921275913,0.004532178451674015,0.0008056057921275913,0.004532178451674015,3,True,False
signed_prior_relative_gain,P_I,audit,AB,SEX,120,expanded_catchup,validation,3,3,True,0.005721149875664855,0.002060411881407594,0.005721149875664855,0.002060411881407594,3,True,False
signed_prior_relative_gain,P_I,audit,AB,SEX,120,expanded_catchup,development_evaluation,3,3,True,0.004370440299864109,0.0025918675304798617,0.004370440299864109,0.0025918675304798617,3,True,False
signed_prior_relative_gain,P_I,audit,AB,SEX,120,expanded_catchup,validation_person_weighted,3,3,True,0.005949791609012174,0.0031871865340276717,0.005949791609012174,0.0031871865340276717,3,True,False
signed_prior_relative_gain,P_I,audit,AB,SEX,120,expanded_catchup,development_evaluation_person_weighted,3,3,True,0.0020495580025781113,0.005444787240130389,0.0020495580025781113,0.005444787240130389,3,True,False
signed_prior_relative_gain,P_I,audit,AB,SEX,360,standard_independent,validation,3,3,True,0.0044758459785853395,0.0022862977178842196,0.0044758459785853395,0.0022862977178842196,3,True,False
signed_prior_relative_gain,P_I,audit,AB,SEX,360,standard_independent,development_evaluation,3,3,True,0.0021535124559998176,0.0022475901312546415,0.0021535124559998176,0.0022475901312546415,3,True,False
signed_prior_relative_gain,P_I,audit,AB,SEX,360,standard_independent,validation_person_weighted,3,3,True,0.0045352133884485335,0.0033618347705668076,0.0045352133884485335,0.0033618347705668076,3,True,False
signed_prior_relative_gain,P_I,audit,AB,SEX,360,standard_independent,development_evaluation_person_weighted,3,3,True,0.0008056057921275913,0.004532178451674015,0.0008056057921275913,0.004532178451674015,3,True,False
signed_prior_relative_gain,P_I,audit,AB,SEX,360,expanded_independent,validation,3,3,True,0.0044758459785853395,0.0022862977178842196,0.0044758459785853395,0.0022862977178842196,3,True,False
signed_prior_relative_gain,P_I,audit,AB,SEX,360,expanded_independent,development_evaluation,3,3,True,0.0021535124559998176,0.0022475901312546415,0.0021535124559998176,0.0022475901312546415,3,True,False
signed_prior_relative_gain,P_I,audit,AB,SEX,360,expanded_independent,validation_person_weighted,3,3,True,0.0045352133884485335,0.0033618347705668076,0.0045352133884485335,0.0033618347705668076,3,True,False
signed_prior_relative_gain,P_I,audit,AB,SEX,360,expanded_independent,development_evaluation_person_weighted,3,3,True,0.0008056057921275913,0.004532178451674015,0.0008056057921275913,0.004532178451674015,3,True,False
signed_prior_relative_gain,P_I,audit,AB,SEX,360,expanded_catchup,validation,3,3,True,0.005721149875664855,0.002060411881407594,0.005721149875664855,0.002060411881407594,3,True,False
signed_prior_relative_gain,P_I,audit,AB,SEX,360,expanded_catchup,development_evaluation,3,3,True,0.004370440299864109,0.0025918675304798617,0.004370440299864109,0.0025918675304798617,3,True,False
signed_prior_relative_gain,P_I,audit,AB,SEX,360,expanded_catchup,validation_person_weighted,3,3,True,0.005949791609012174,0.0031871865340276717,0.005949791609012174,0.0031871865340276717,3,True,False
signed_prior_relative_gain,P_I,audit,AB,SEX,360,expanded_catchup,development_evaluation_person_weighted,3,3,True,0.0020495580025781113,0.005444787240130389,0.0020495580025781113,0.005444787240130389,3,True,False
signed_prior_relative_gain,P_I,audit,AB,RAC1P,120,standard_independent,validation,3,3,True,0.02087486860260272,0.007239348583640333,0.02087486860260272,0.007239348583640333,3,True,False
signed_prior_relative_gain,P_I,audit,AB,RAC1P,120,standard_independent,development_evaluation,3,3,True,0.021580539541924182,0.0025038146653978636,0.021580539541924182,0.0025038146653978636,3,True,False
signed_prior_relative_gain,P_I,audit,AB,RAC1P,120,standard_independent,validation_person_weighted,3,3,True,0.02062722042904393,0.007036471990178164,0.02062722042904393,0.007036471990178164,3,True,False
signed_prior_relative_gain,P_I,audit,AB,RAC1P,120,standard_independent,development_evaluation_person_weighted,3,3,True,0.022496554461431877,0.000751216196219902,0.022496554461431877,0.000751216196219902,3,True,False
signed_prior_relative_gain,P_I,audit,AB,RAC1P,120,expanded_independent,validation,3,3,True,0.02087486860260272,0.007239348583640333,0.02087486860260272,0.007239348583640333,3,True,False
signed_prior_relative_gain,P_I,audit,AB,RAC1P,120,expanded_independent,development_evaluation,3,3,True,0.021580539541924182,0.0025038146653978636,0.021580539541924182,0.0025038146653978636,3,True,False
signed_prior_relative_gain,P_I,audit,AB,RAC1P,120,expanded_independent,validation_person_weighted,3,3,True,0.02062722042904393,0.007036471990178164,0.02062722042904393,0.007036471990178164,3,True,False
signed_prior_relative_gain,P_I,audit,AB,RAC1P,120,expanded_independent,development_evaluation_person_weighted,3,3,True,0.022496554461431877,0.000751216196219902,0.022496554461431877,0.000751216196219902,3,True,False
signed_prior_relative_gain,P_I,audit,AB,RAC1P,120,expanded_catchup,validation,3,3,True,0.027151780113379154,0.0053479699085535425,0.027151780113379154,0.0053479699085535425,3,True,False
signed_prior_relative_gain,P_I,audit,AB,RAC1P,120,expanded_catchup,development_evaluation,3,3,True,0.025833653728395484,0.0022160465581139185,0.025833653728395484,0.0022160465581139185,3,True,False
signed_prior_relative_gain,P_I,audit,AB,RAC1P,120,expanded_catchup,validation_person_weighted,3,3,True,0.02627756261622327,0.0081083466924776,0.02627756261622327,0.0081083466924776,3,True,False
signed_prior_relative_gain,P_I,audit,AB,RAC1P,120,expanded_catchup,development_evaluation_person_weighted,3,3,True,0.02652339296740373,0.00558421527904319,0.02652339296740373,0.00558421527904319,3,True,False
signed_prior_relative_gain,P_I,audit,AB,RAC1P,360,standard_independent,validation,3,3,True,0.02101741435653241,0.007049410642522073,0.02101741435653241,0.007049410642522073,3,True,False
signed_prior_relative_gain,P_I,audit,AB,RAC1P,360,standard_independent,development_evaluation,3,3,True,0.02138001804039691,0.002830833354380896,0.02138001804039691,0.002830833354380896,3,True,False
signed_prior_relative_gain,P_I,audit,AB,RAC1P,360,standard_independent,validation_person_weighted,3,3,True,0.02046084563464638,0.007172333947886454,0.02046084563464638,0.007172333947886454,3,True,False
signed_prior_relative_gain,P_I,audit,AB,RAC1P,360,standard_independent,development_evaluation_person_weighted,3,3,True,0.02230457268566514,0.0005249040090841393,0.02230457268566514,0.0005249040090841393,3,True,False
signed_prior_relative_gain,P_I,audit,AB,RAC1P,360,expanded_independent,validation,3,3,True,0.02101741435653241,0.007049410642522073,0.02101741435653241,0.007049410642522073,3,True,False
signed_prior_relative_gain,P_I,audit,AB,RAC1P,360,expanded_independent,development_evaluation,3,3,True,0.02138001804039691,0.002830833354380896,0.02138001804039691,0.002830833354380896,3,True,False
signed_prior_relative_gain,P_I,audit,AB,RAC1P,360,expanded_independent,validation_person_weighted,3,3,True,0.02046084563464638,0.007172333947886454,0.02046084563464638,0.007172333947886454,3,True,False
signed_prior_relative_gain,P_I,audit,AB,RAC1P,360,expanded_independent,development_evaluation_person_weighted,3,3,True,0.02230457268566514,0.0005249040090841393,0.02230457268566514,0.0005249040090841393,3,True,False
signed_prior_relative_gain,P_I,audit,AB,RAC1P,360,expanded_catchup,validation,3,3,True,0.027151780113379154,0.0053479699085535425,0.027151780113379154,0.0053479699085535425,3,True,False
signed_prior_relative_gain,P_I,audit,AB,RAC1P,360,expanded_catchup,development_evaluation,3,3,True,0.025833653728395484,0.0022160465581139185,0.025833653728395484,0.0022160465581139185,3,True,False
signed_prior_relative_gain,P_I,audit,AB,RAC1P,360,expanded_catchup,validation_person_weighted,3,3,True,0.02627756261622327,0.0081083466924776,0.02627756261622327,0.0081083466924776,3,True,False
signed_prior_relative_gain,P_I,audit,AB,RAC1P,360,expanded_catchup,development_evaluation_person_weighted,3,3,True,0.02652339296740373,0.00558421527904319,0.02652339296740373,0.00558421527904319,3,True,False
signed_prior_relative_gain,P_Iplus,audit,A,public_coverage,120,standard_independent,validation,3,3,True,0.04228577205619375,0.004502039411100016,0.04228577205619375,0.004502039411100016,3,True,False
signed_prior_relative_gain,P_Iplus,audit,A,public_coverage,120,standard_independent,development_evaluation,3,3,True,0.04448217828404203,0.0017918327887164317,0.04448217828404203,0.0017918327887164317,3,True,False
signed_prior_relative_gain,P_Iplus,audit,A,public_coverage,120,standard_independent,validation_person_weighted,3,3,True,0.039068702628942596,0.007579571550215809,0.039068702628942596,0.007579571550215809,3,True,False
signed_prior_relative_gain,P_Iplus,audit,A,public_coverage,120,standard_independent,development_evaluation_person_weighted,3,3,True,0.04764420449441072,0.0009073360585391825,0.04764420449441072,0.0009073360585391825,3,True,False
signed_prior_relative_gain,P_Iplus,audit,A,public_coverage,120,expanded_independent,validation,3,3,True,0.04228577205619375,0.004502039411100016,0.04228577205619375,0.004502039411100016,3,True,False
signed_prior_relative_gain,P_Iplus,audit,A,public_coverage,120,expanded_independent,development_evaluation,3,3,True,0.04448217828404203,0.0017918327887164317,0.04448217828404203,0.0017918327887164317,3,True,False
signed_prior_relative_gain,P_Iplus,audit,A,public_coverage,120,expanded_independent,validation_person_weighted,3,3,True,0.039068702628942596,0.007579571550215809,0.039068702628942596,0.007579571550215809,3,True,False
signed_prior_relative_gain,P_Iplus,audit,A,public_coverage,120,expanded_independent,development_evaluation_person_weighted,3,3,True,0.04764420449441072,0.0009073360585391825,0.04764420449441072,0.0009073360585391825,3,True,False
signed_prior_relative_gain,P_Iplus,audit,A,public_coverage,120,expanded_catchup,validation,3,3,True,0.04412013000905629,0.003384139696313737,0.04412013000905629,0.003384139696313737,3,True,False
signed_prior_relative_gain,P_Iplus,audit,A,public_coverage,120,expanded_catchup,development_evaluation,3,3,True,0.045794859633834006,0.0017451630352093206,0.045794859633834006,0.0017451630352093206,3,True,False
signed_prior_relative_gain,P_Iplus,audit,A,public_coverage,120,expanded_catchup,validation_person_weighted,3,3,True,0.039659940055052266,0.007620393106899797,0.039659940055052266,0.007620393106899797,3,True,False
signed_prior_relative_gain,P_Iplus,audit,A,public_coverage,120,expanded_catchup,development_evaluation_person_weighted,3,3,True,0.048224187666050335,0.002447126084851262,0.048224187666050335,0.002447126084851262,3,True,False
signed_prior_relative_gain,P_Iplus,audit,A,public_coverage,360,standard_independent,validation,3,3,True,0.04228577205619375,0.004502039411100016,0.04228577205619375,0.004502039411100016,3,True,False
signed_prior_relative_gain,P_Iplus,audit,A,public_coverage,360,standard_independent,development_evaluation,3,3,True,0.04448217828404203,0.0017918327887164317,0.04448217828404203,0.0017918327887164317,3,True,False
signed_prior_relative_gain,P_Iplus,audit,A,public_coverage,360,standard_independent,validation_person_weighted,3,3,True,0.039068702628942596,0.007579571550215809,0.039068702628942596,0.007579571550215809,3,True,False
signed_prior_relative_gain,P_Iplus,audit,A,public_coverage,360,standard_independent,development_evaluation_person_weighted,3,3,True,0.04764420449441072,0.0009073360585391825,0.04764420449441072,0.0009073360585391825,3,True,False
signed_prior_relative_gain,P_Iplus,audit,A,public_coverage,360,expanded_independent,validation,3,3,True,0.04228577205619375,0.004502039411100016,0.04228577205619375,0.004502039411100016,3,True,False
signed_prior_relative_gain,P_Iplus,audit,A,public_coverage,360,expanded_independent,development_evaluation,3,3,True,0.04448217828404203,0.0017918327887164317,0.04448217828404203,0.0017918327887164317,3,True,False
signed_prior_relative_gain,P_Iplus,audit,A,public_coverage,360,expanded_independent,validation_person_weighted,3,3,True,0.039068702628942596,0.007579571550215809,0.039068702628942596,0.007579571550215809,3,True,False
signed_prior_relative_gain,P_Iplus,audit,A,public_coverage,360,expanded_independent,development_evaluation_person_weighted,3,3,True,0.04764420449441072,0.0009073360585391825,0.04764420449441072,0.0009073360585391825,3,True,False
signed_prior_relative_gain,P_Iplus,audit,A,public_coverage,360,expanded_catchup,validation,3,3,True,0.044181863581423085,0.003286270205646157,0.044181863581423085,0.003286270205646157,3,True,False
signed_prior_relative_gain,P_Iplus,audit,A,public_coverage,360,expanded_catchup,development_evaluation,3,3,True,0.04579318627622542,0.001742265017381853,0.04579318627622542,0.001742265017381853,3,True,False
signed_prior_relative_gain,P_Iplus,audit,A,public_coverage,360,expanded_catchup,validation_person_weighted,3,3,True,0.039778290206984736,0.007422966331239249,0.039778290206984736,0.007422966331239249,3,True,False
signed_prior_relative_gain,P_Iplus,audit,A,public_coverage,360,expanded_catchup,development_evaluation_person_weighted,3,3,True,0.04821084919348343,0.0024245465628667104,0.04821084919348343,0.0024245465628667104,3,True,False
signed_prior_relative_gain,P_Iplus,audit,A,commute_over20,120,standard_independent,validation,3,3,True,0.010274973539156296,0.004313363386099734,0.010274973539156296,0.004313363386099734,3,True,False
signed_prior_relative_gain,P_Iplus,audit,A,commute_over20,120,standard_independent,development_evaluation,3,3,True,0.00925911750199567,0.0025700204930003564,0.00925911750199567,0.0025700204930003564,3,True,False
signed_prior_relative_gain,P_Iplus,audit,A,commute_over20,120,standard_independent,validation_person_weighted,3,3,True,0.005444896402650556,0.007109514062634872,0.005444896402650556,0.007109514062634872,3,True,False
signed_prior_relative_gain,P_Iplus,audit,A,commute_over20,120,standard_independent,development_evaluation_person_weighted,3,3,True,0.005880585034019559,0.000758475190926785,0.005880585034019559,0.000758475190926785,3,True,False
signed_prior_relative_gain,P_Iplus,audit,A,commute_over20,120,expanded_independent,validation,3,3,True,0.010274973539156296,0.004313363386099734,0.010274973539156296,0.004313363386099734,3,True,False
signed_prior_relative_gain,P_Iplus,audit,A,commute_over20,120,expanded_independent,development_evaluation,3,3,True,0.00925911750199567,0.0025700204930003564,0.00925911750199567,0.0025700204930003564,3,True,False
signed_prior_relative_gain,P_Iplus,audit,A,commute_over20,120,expanded_independent,validation_person_weighted,3,3,True,0.005444896402650556,0.007109514062634872,0.005444896402650556,0.007109514062634872,3,True,False
signed_prior_relative_gain,P_Iplus,audit,A,commute_over20,120,expanded_independent,development_evaluation_person_weighted,3,3,True,0.005880585034019559,0.000758475190926785,0.005880585034019559,0.000758475190926785,3,True,False
signed_prior_relative_gain,P_Iplus,audit,A,commute_over20,120,expanded_catchup,validation,3,3,True,0.010274973539156296,0.004313363386099734,0.010274973539156296,0.004313363386099734,3,True,False
signed_prior_relative_gain,P_Iplus,audit,A,commute_over20,120,expanded_catchup,development_evaluation,3,3,True,0.00925911750199567,0.0025700204930003564,0.00925911750199567,0.0025700204930003564,3,True,False
signed_prior_relative_gain,P_Iplus,audit,A,commute_over20,120,expanded_catchup,validation_person_weighted,3,3,True,0.005444896402650556,0.007109514062634872,0.005444896402650556,0.007109514062634872,3,True,False
signed_prior_relative_gain,P_Iplus,audit,A,commute_over20,120,expanded_catchup,development_evaluation_person_weighted,3,3,True,0.005880585034019559,0.000758475190926785,0.005880585034019559,0.000758475190926785,3,True,False
signed_prior_relative_gain,P_Iplus,audit,A,commute_over20,360,standard_independent,validation,3,3,True,0.010274973539156296,0.004313363386099734,0.010274973539156296,0.004313363386099734,3,True,False
signed_prior_relative_gain,P_Iplus,audit,A,commute_over20,360,standard_independent,development_evaluation,3,3,True,0.00925911750199567,0.0025700204930003564,0.00925911750199567,0.0025700204930003564,3,True,False
signed_prior_relative_gain,P_Iplus,audit,A,commute_over20,360,standard_independent,validation_person_weighted,3,3,True,0.005444896402650556,0.007109514062634872,0.005444896402650556,0.007109514062634872,3,True,False
signed_prior_relative_gain,P_Iplus,audit,A,commute_over20,360,standard_independent,development_evaluation_person_weighted,3,3,True,0.005880585034019559,0.000758475190926785,0.005880585034019559,0.000758475190926785,3,True,False
signed_prior_relative_gain,P_Iplus,audit,A,commute_over20,360,expanded_independent,validation,3,3,True,0.010274973539156296,0.004313363386099734,0.010274973539156296,0.004313363386099734,3,True,False
signed_prior_relative_gain,P_Iplus,audit,A,commute_over20,360,expanded_independent,development_evaluation,3,3,True,0.00925911750199567,0.0025700204930003564,0.00925911750199567,0.0025700204930003564,3,True,False
signed_prior_relative_gain,P_Iplus,audit,A,commute_over20,360,expanded_independent,validation_person_weighted,3,3,True,0.005444896402650556,0.007109514062634872,0.005444896402650556,0.007109514062634872,3,True,False
signed_prior_relative_gain,P_Iplus,audit,A,commute_over20,360,expanded_independent,development_evaluation_person_weighted,3,3,True,0.005880585034019559,0.000758475190926785,0.005880585034019559,0.000758475190926785,3,True,False
signed_prior_relative_gain,P_Iplus,audit,A,commute_over20,360,expanded_catchup,validation,3,3,True,0.010274973539156296,0.004313363386099734,0.010274973539156296,0.004313363386099734,3,True,False
signed_prior_relative_gain,P_Iplus,audit,A,commute_over20,360,expanded_catchup,development_evaluation,3,3,True,0.00925911750199567,0.0025700204930003564,0.00925911750199567,0.0025700204930003564,3,True,False
signed_prior_relative_gain,P_Iplus,audit,A,commute_over20,360,expanded_catchup,validation_person_weighted,3,3,True,0.005444896402650556,0.007109514062634872,0.005444896402650556,0.007109514062634872,3,True,False
signed_prior_relative_gain,P_Iplus,audit,A,commute_over20,360,expanded_catchup,development_evaluation_person_weighted,3,3,True,0.005880585034019559,0.000758475190926785,0.005880585034019559,0.000758475190926785,3,True,False
signed_prior_relative_gain,P_Iplus,audit,A,SEX,120,standard_independent,validation,3,3,True,0.0023600826262726304,0.002185615054560603,0.0023600826262726304,0.002185615054560603,3,True,False
signed_prior_relative_gain,P_Iplus,audit,A,SEX,120,standard_independent,development_evaluation,3,3,True,0.00019506662276661904,0.0009382195652813465,0.00019506662276661904,0.0009382195652813465,3,True,False
signed_prior_relative_gain,P_Iplus,audit,A,SEX,120,standard_independent,validation_person_weighted,3,3,True,0.002960239820873493,0.0026230437341390315,0.002960239820873493,0.0026230437341390315,3,True,False
signed_prior_relative_gain,P_Iplus,audit,A,SEX,120,standard_independent,development_evaluation_person_weighted,3,3,True,0.0008958026395357773,0.001850040531210246,0.0008958026395357773,0.001850040531210246,3,True,False
signed_prior_relative_gain,P_Iplus,audit,A,SEX,120,expanded_independent,validation,3,3,True,0.0023600826262726304,0.002185615054560603,0.0023600826262726304,0.002185615054560603,3,True,False
signed_prior_relative_gain,P_Iplus,audit,A,SEX,120,expanded_independent,development_evaluation,3,3,True,0.00019506662276661904,0.0009382195652813465,0.00019506662276661904,0.0009382195652813465,3,True,False
signed_prior_relative_gain,P_Iplus,audit,A,SEX,120,expanded_independent,validation_person_weighted,3,3,True,0.002960239820873493,0.0026230437341390315,0.002960239820873493,0.0026230437341390315,3,True,False
signed_prior_relative_gain,P_Iplus,audit,A,SEX,120,expanded_independent,development_evaluation_person_weighted,3,3,True,0.0008958026395357773,0.001850040531210246,0.0008958026395357773,0.001850040531210246,3,True,False
signed_prior_relative_gain,P_Iplus,audit,A,SEX,120,expanded_catchup,validation,3,3,True,0.0027235169198560247,0.002309043996514055,0.0027235169198560247,0.002309043996514055,3,True,False
signed_prior_relative_gain,P_Iplus,audit,A,SEX,120,expanded_catchup,development_evaluation,3,3,True,0.0006896394355194365,0.0008566825460861473,0.0006896394355194365,0.0008566825460861473,3,True,False
signed_prior_relative_gain,P_Iplus,audit,A,SEX,120,expanded_catchup,validation_person_weighted,3,3,True,0.0031541002314372513,0.002602472556021117,0.0031541002314372513,0.002602472556021117,3,True,False
signed_prior_relative_gain,P_Iplus,audit,A,SEX,120,expanded_catchup,development_evaluation_person_weighted,3,3,True,0.0007889503814226817,0.0017968784266102688,0.0007889503814226817,0.0017968784266102688,3,True,False
signed_prior_relative_gain,P_Iplus,audit,A,SEX,360,standard_independent,validation,3,3,True,0.0025507322706772952,0.0024682710086337436,0.0025507322706772952,0.0024682710086337436,3,True,False
signed_prior_relative_gain,P_Iplus,audit,A,SEX,360,standard_independent,development_evaluation,3,3,True,4.759620926760485e-05,0.0006833403826801652,4.759620926760485e-05,0.0006833403826801652,3,True,False
signed_prior_relative_gain,P_Iplus,audit,A,SEX,360,standard_independent,validation_person_weighted,3,3,True,0.003327118247033689,0.003218216782088448,0.003327118247033689,0.003218216782088448,3,True,False
signed_prior_relative_gain,P_Iplus,audit,A,SEX,360,standard_independent,development_evaluation_person_weighted,3,3,True,0.0010045509306018108,0.0019776572954167708,0.0010045509306018108,0.0019776572954167708,3,True,False
signed_prior_relative_gain,P_Iplus,audit,A,SEX,360,expanded_independent,validation,3,3,True,0.0025507322706772952,0.0024682710086337436,0.0025507322706772952,0.0024682710086337436,3,True,False
signed_prior_relative_gain,P_Iplus,audit,A,SEX,360,expanded_independent,development_evaluation,3,3,True,4.759620926760485e-05,0.0006833403826801652,4.759620926760485e-05,0.0006833403826801652,3,True,False
signed_prior_relative_gain,P_Iplus,audit,A,SEX,360,expanded_independent,validation_person_weighted,3,3,True,0.003327118247033689,0.003218216782088448,0.003327118247033689,0.003218216782088448,3,True,False
signed_prior_relative_gain,P_Iplus,audit,A,SEX,360,expanded_independent,development_evaluation_person_weighted,3,3,True,0.0010045509306018108,0.0019776572954167708,0.0010045509306018108,0.0019776572954167708,3,True,False
signed_prior_relative_gain,P_Iplus,audit,A,SEX,360,expanded_catchup,validation,3,3,True,0.0029141665642606895,0.0025375710682991885,0.0029141665642606895,0.0025375710682991885,3,True,False
signed_prior_relative_gain,P_Iplus,audit,A,SEX,360,expanded_catchup,development_evaluation,3,3,True,0.0005421690220204223,0.0007344437911096296,0.0005421690220204223,0.0007344437911096296,3,True,False
signed_prior_relative_gain,P_Iplus,audit,A,SEX,360,expanded_catchup,validation_person_weighted,3,3,True,0.0035209786575974475,0.0031679732674354394,0.0035209786575974475,0.0031679732674354394,3,True,False
signed_prior_relative_gain,P_Iplus,audit,A,SEX,360,expanded_catchup,development_evaluation_person_weighted,3,3,True,0.0008976986724887152,0.0019370365232516706,0.0008976986724887152,0.0019370365232516706,3,True,False
signed_prior_relative_gain,P_Iplus,audit,A,RAC1P,120,standard_independent,validation,3,3,True,0.012155845394648201,0.0018734825557879112,0.012155845394648201,0.0018734825557879112,3,True,False
signed_prior_relative_gain,P_Iplus,audit,A,RAC1P,120,standard_independent,development_evaluation,3,3,True,0.01413797971659029,0.0011498092132437338,0.01413797971659029,0.0011498092132437338,3,True,False
signed_prior_relative_gain,P_Iplus,audit,A,RAC1P,120,standard_independent,validation_person_weighted,3,3,True,0.01292373426583282,0.002785933113719681,0.01292373426583282,0.002785933113719681,3,True,False
signed_prior_relative_gain,P_Iplus,audit,A,RAC1P,120,standard_independent,development_evaluation_person_weighted,3,3,True,0.014928165458593915,0.001541276843622953,0.014928165458593915,0.001541276843622953,3,True,False
signed_prior_relative_gain,P_Iplus,audit,A,RAC1P,120,expanded_independent,validation,3,3,True,0.012155845394648201,0.0018734825557879112,0.012155845394648201,0.0018734825557879112,3,True,False
signed_prior_relative_gain,P_Iplus,audit,A,RAC1P,120,expanded_independent,development_evaluation,3,3,True,0.01413797971659029,0.0011498092132437338,0.01413797971659029,0.0011498092132437338,3,True,False
signed_prior_relative_gain,P_Iplus,audit,A,RAC1P,120,expanded_independent,validation_person_weighted,3,3,True,0.01292373426583282,0.002785933113719681,0.01292373426583282,0.002785933113719681,3,True,False
signed_prior_relative_gain,P_Iplus,audit,A,RAC1P,120,expanded_independent,development_evaluation_person_weighted,3,3,True,0.014928165458593915,0.001541276843622953,0.014928165458593915,0.001541276843622953,3,True,False
signed_prior_relative_gain,P_Iplus,audit,A,RAC1P,120,expanded_catchup,validation,3,3,True,0.016482885625777117,0.002224505810686581,0.016482885625777117,0.002224505810686581,3,True,False
signed_prior_relative_gain,P_Iplus,audit,A,RAC1P,120,expanded_catchup,development_evaluation,3,3,True,0.0161614307019556,0.001970991175857037,0.0161614307019556,0.001970991175857037,3,True,False
signed_prior_relative_gain,P_Iplus,audit,A,RAC1P,120,expanded_catchup,validation_person_weighted,3,3,True,0.015857180740927124,0.005740959947496451,0.015857180740927124,0.005740959947496451,3,True,False
signed_prior_relative_gain,P_Iplus,audit,A,RAC1P,120,expanded_catchup,development_evaluation_person_weighted,3,3,True,0.016033696290839172,0.0033641054742022,0.016033696290839172,0.0033641054742022,3,True,False
signed_prior_relative_gain,P_Iplus,audit,A,RAC1P,360,standard_independent,validation,3,3,True,0.012205842259159772,0.0017952079203210605,0.012205842259159772,0.0017952079203210605,3,True,False
signed_prior_relative_gain,P_Iplus,audit,A,RAC1P,360,standard_independent,development_evaluation,3,3,True,0.013991665436476971,0.0013994092867981697,0.013991665436476971,0.0013994092867981697,3,True,False
signed_prior_relative_gain,P_Iplus,audit,A,RAC1P,360,standard_independent,validation_person_weighted,3,3,True,0.012803143479559317,0.0029597056324533557,0.012803143479559317,0.0029597056324533557,3,True,False
signed_prior_relative_gain,P_Iplus,audit,A,RAC1P,360,standard_independent,development_evaluation_person_weighted,3,3,True,0.014680360532864626,0.0016341062354012553,0.014680360532864626,0.0016341062354012553,3,True,False
signed_prior_relative_gain,P_Iplus,audit,A,RAC1P,360,expanded_independent,validation,3,3,True,0.012205842259159772,0.0017952079203210605,0.012205842259159772,0.0017952079203210605,3,True,False
signed_prior_relative_gain,P_Iplus,audit,A,RAC1P,360,expanded_independent,development_evaluation,3,3,True,0.013991665436476971,0.0013994092867981697,0.013991665436476971,0.0013994092867981697,3,True,False
signed_prior_relative_gain,P_Iplus,audit,A,RAC1P,360,expanded_independent,validation_person_weighted,3,3,True,0.012803143479559317,0.0029597056324533557,0.012803143479559317,0.0029597056324533557,3,True,False
signed_prior_relative_gain,P_Iplus,audit,A,RAC1P,360,expanded_independent,development_evaluation_person_weighted,3,3,True,0.014680360532864626,0.0016341062354012553,0.014680360532864626,0.0016341062354012553,3,True,False
signed_prior_relative_gain,P_Iplus,audit,A,RAC1P,360,expanded_catchup,validation,3,3,True,0.016482885625777117,0.002224505810686581,0.016482885625777117,0.002224505810686581,3,True,False
signed_prior_relative_gain,P_Iplus,audit,A,RAC1P,360,expanded_catchup,development_evaluation,3,3,True,0.0161614307019556,0.001970991175857037,0.0161614307019556,0.001970991175857037,3,True,False
signed_prior_relative_gain,P_Iplus,audit,A,RAC1P,360,expanded_catchup,validation_person_weighted,3,3,True,0.015857180740927124,0.005740959947496451,0.015857180740927124,0.005740959947496451,3,True,False
signed_prior_relative_gain,P_Iplus,audit,A,RAC1P,360,expanded_catchup,development_evaluation_person_weighted,3,3,True,0.016033696290839172,0.0033641054742022,0.016033696290839172,0.0033641054742022,3,True,False
signed_prior_relative_gain,P_Iplus,audit,B,income_binary,120,standard_independent,validation,3,3,True,0.07221959289669067,0.009122610043904371,0.07221959289669067,0.009122610043904371,3,True,False
signed_prior_relative_gain,P_Iplus,audit,B,income_binary,120,standard_independent,development_evaluation,3,3,True,0.07595098127008115,0.00733261994131429,0.07595098127008115,0.00733261994131429,3,True,False
signed_prior_relative_gain,P_Iplus,audit,B,income_binary,120,standard_independent,validation_person_weighted,3,3,True,0.07570360212461928,0.01258466212636421,0.07570360212461928,0.01258466212636421,3,True,False
signed_prior_relative_gain,P_Iplus,audit,B,income_binary,120,standard_independent,development_evaluation_person_weighted,3,3,True,0.07423017498707814,0.004743301747482856,0.07423017498707814,0.004743301747482856,3,True,False
signed_prior_relative_gain,P_Iplus,audit,B,income_binary,120,expanded_independent,validation,3,3,True,0.07221959289669067,0.009122610043904371,0.07221959289669067,0.009122610043904371,3,True,False
signed_prior_relative_gain,P_Iplus,audit,B,income_binary,120,expanded_independent,development_evaluation,3,3,True,0.07595098127008115,0.00733261994131429,0.07595098127008115,0.00733261994131429,3,True,False
signed_prior_relative_gain,P_Iplus,audit,B,income_binary,120,expanded_independent,validation_person_weighted,3,3,True,0.07570360212461928,0.01258466212636421,0.07570360212461928,0.01258466212636421,3,True,False
signed_prior_relative_gain,P_Iplus,audit,B,income_binary,120,expanded_independent,development_evaluation_person_weighted,3,3,True,0.07423017498707814,0.004743301747482856,0.07423017498707814,0.004743301747482856,3,True,False
signed_prior_relative_gain,P_Iplus,audit,B,income_binary,120,expanded_catchup,validation,3,3,True,0.07226025496342724,0.009182402212856171,0.07226025496342724,0.009182402212856171,3,True,False
signed_prior_relative_gain,P_Iplus,audit,B,income_binary,120,expanded_catchup,development_evaluation,3,3,True,0.07600495501391051,0.007373470867054976,0.07600495501391051,0.007373470867054976,3,True,False
signed_prior_relative_gain,P_Iplus,audit,B,income_binary,120,expanded_catchup,validation_person_weighted,3,3,True,0.07553502377937871,0.012539919933011597,0.07553502377937871,0.012539919933011597,3,True,False
signed_prior_relative_gain,P_Iplus,audit,B,income_binary,120,expanded_catchup,development_evaluation_person_weighted,3,3,True,0.07407270344860555,0.0047768726021946315,0.07407270344860555,0.0047768726021946315,3,True,False
signed_prior_relative_gain,P_Iplus,audit,B,income_binary,360,standard_independent,validation,3,3,True,0.07224224041153819,0.009155893770082238,0.07224224041153819,0.009155893770082238,3,True,False
signed_prior_relative_gain,P_Iplus,audit,B,income_binary,360,standard_independent,development_evaluation,3,3,True,0.07594438972695138,0.007327697139159446,0.07594438972695138,0.007327697139159446,3,True,False
signed_prior_relative_gain,P_Iplus,audit,B,income_binary,360,standard_independent,validation_person_weighted,3,3,True,0.07549140184368756,0.012529424490755323,0.07549140184368756,0.012529424490755323,3,True,False
signed_prior_relative_gain,P_Iplus,audit,B,income_binary,360,standard_independent,development_evaluation_person_weighted,3,3,True,0.07410421885112577,0.004768924437553654,0.07410421885112577,0.004768924437553654,3,True,False
signed_prior_relative_gain,P_Iplus,audit,B,income_binary,360,expanded_independent,validation,3,3,True,0.07224224041153819,0.009155893770082238,0.07224224041153819,0.009155893770082238,3,True,False
signed_prior_relative_gain,P_Iplus,audit,B,income_binary,360,expanded_independent,development_evaluation,3,3,True,0.07594438972695138,0.007327697139159446,0.07594438972695138,0.007327697139159446,3,True,False
signed_prior_relative_gain,P_Iplus,audit,B,income_binary,360,expanded_independent,validation_person_weighted,3,3,True,0.07549140184368756,0.012529424490755323,0.07549140184368756,0.012529424490755323,3,True,False
signed_prior_relative_gain,P_Iplus,audit,B,income_binary,360,expanded_independent,development_evaluation_person_weighted,3,3,True,0.07410421885112577,0.004768924437553654,0.07410421885112577,0.004768924437553654,3,True,False
signed_prior_relative_gain,P_Iplus,audit,B,income_binary,360,expanded_catchup,validation,3,3,True,0.07227677967193484,0.009206744220812942,0.07227677967193484,0.009206744220812942,3,True,False
signed_prior_relative_gain,P_Iplus,audit,B,income_binary,360,expanded_catchup,development_evaluation,3,3,True,0.07595994462684053,0.007339337296837251,0.07595994462684053,0.007339337296837251,3,True,False
signed_prior_relative_gain,P_Iplus,audit,B,income_binary,360,expanded_catchup,validation_person_weighted,3,3,True,0.0755257058909201,0.012537640544257184,0.0755257058909201,0.012537640544257184,3,True,False
signed_prior_relative_gain,P_Iplus,audit,B,income_binary,360,expanded_catchup,development_evaluation_person_weighted,3,3,True,0.07396164792765009,0.004809716381348319,0.07396164792765009,0.004809716381348319,3,True,False
signed_prior_relative_gain,P_Iplus,audit,B,civilian_at_work,120,standard_independent,validation,3,3,True,0.05777253856523734,0.012128014355984462,0.05777253856523734,0.012128014355984462,3,True,False
signed_prior_relative_gain,P_Iplus,audit,B,civilian_at_work,120,standard_independent,development_evaluation,3,3,True,0.06264849242779418,0.00890293561992548,0.06264849242779418,0.00890293561992548,3,True,False
signed_prior_relative_gain,P_Iplus,audit,B,civilian_at_work,120,standard_independent,validation_person_weighted,3,3,True,0.05581853078456959,0.019693811462566952,0.05581853078456959,0.019693811462566952,3,True,False
signed_prior_relative_gain,P_Iplus,audit,B,civilian_at_work,120,standard_independent,development_evaluation_person_weighted,3,3,True,0.06446516124314254,0.018376654239935345,0.06446516124314254,0.018376654239935345,3,True,False
signed_prior_relative_gain,P_Iplus,audit,B,civilian_at_work,120,expanded_independent,validation,3,3,True,0.05777253856523734,0.012128014355984462,0.05777253856523734,0.012128014355984462,3,True,False
signed_prior_relative_gain,P_Iplus,audit,B,civilian_at_work,120,expanded_independent,development_evaluation,3,3,True,0.06264849242779418,0.00890293561992548,0.06264849242779418,0.00890293561992548,3,True,False
signed_prior_relative_gain,P_Iplus,audit,B,civilian_at_work,120,expanded_independent,validation_person_weighted,3,3,True,0.05581853078456959,0.019693811462566952,0.05581853078456959,0.019693811462566952,3,True,False
signed_prior_relative_gain,P_Iplus,audit,B,civilian_at_work,120,expanded_independent,development_evaluation_person_weighted,3,3,True,0.06446516124314254,0.018376654239935345,0.06446516124314254,0.018376654239935345,3,True,False
signed_prior_relative_gain,P_Iplus,audit,B,civilian_at_work,120,expanded_catchup,validation,3,3,True,0.05790611772441445,0.012339417907992627,0.05790611772441445,0.012339417907992627,3,True,False
signed_prior_relative_gain,P_Iplus,audit,B,civilian_at_work,120,expanded_catchup,development_evaluation,3,3,True,0.06253069897261572,0.008783164579004016,0.06253069897261572,0.008783164579004016,3,True,False
signed_prior_relative_gain,P_Iplus,audit,B,civilian_at_work,120,expanded_catchup,validation_person_weighted,3,3,True,0.056043956869452516,0.020064211094181526,0.056043956869452516,0.020064211094181526,3,True,False
signed_prior_relative_gain,P_Iplus,audit,B,civilian_at_work,120,expanded_catchup,development_evaluation_person_weighted,3,3,True,0.06444730696476257,0.018357315952076892,0.06444730696476257,0.018357315952076892,3,True,False
signed_prior_relative_gain,P_Iplus,audit,B,civilian_at_work,360,standard_independent,validation,3,3,True,0.05777253856523734,0.012128014355984462,0.05777253856523734,0.012128014355984462,3,True,False
signed_prior_relative_gain,P_Iplus,audit,B,civilian_at_work,360,standard_independent,development_evaluation,3,3,True,0.06264849242779418,0.00890293561992548,0.06264849242779418,0.00890293561992548,3,True,False
signed_prior_relative_gain,P_Iplus,audit,B,civilian_at_work,360,standard_independent,validation_person_weighted,3,3,True,0.05581853078456959,0.019693811462566952,0.05581853078456959,0.019693811462566952,3,True,False
signed_prior_relative_gain,P_Iplus,audit,B,civilian_at_work,360,standard_independent,development_evaluation_person_weighted,3,3,True,0.06446516124314254,0.018376654239935345,0.06446516124314254,0.018376654239935345,3,True,False
signed_prior_relative_gain,P_Iplus,audit,B,civilian_at_work,360,expanded_independent,validation,3,3,True,0.05777253856523734,0.012128014355984462,0.05777253856523734,0.012128014355984462,3,True,False
signed_prior_relative_gain,P_Iplus,audit,B,civilian_at_work,360,expanded_independent,development_evaluation,3,3,True,0.06264849242779418,0.00890293561992548,0.06264849242779418,0.00890293561992548,3,True,False
signed_prior_relative_gain,P_Iplus,audit,B,civilian_at_work,360,expanded_independent,validation_person_weighted,3,3,True,0.05581853078456959,0.019693811462566952,0.05581853078456959,0.019693811462566952,3,True,False
signed_prior_relative_gain,P_Iplus,audit,B,civilian_at_work,360,expanded_independent,development_evaluation_person_weighted,3,3,True,0.06446516124314254,0.018376654239935345,0.06446516124314254,0.018376654239935345,3,True,False
signed_prior_relative_gain,P_Iplus,audit,B,civilian_at_work,360,expanded_catchup,validation,3,3,True,0.05790611772441445,0.012339417907992627,0.05790611772441445,0.012339417907992627,3,True,False
signed_prior_relative_gain,P_Iplus,audit,B,civilian_at_work,360,expanded_catchup,development_evaluation,3,3,True,0.06253069897261572,0.008783164579004016,0.06253069897261572,0.008783164579004016,3,True,False
signed_prior_relative_gain,P_Iplus,audit,B,civilian_at_work,360,expanded_catchup,validation_person_weighted,3,3,True,0.056043956869452516,0.020064211094181526,0.056043956869452516,0.020064211094181526,3,True,False
signed_prior_relative_gain,P_Iplus,audit,B,civilian_at_work,360,expanded_catchup,development_evaluation_person_weighted,3,3,True,0.06444730696476257,0.018357315952076892,0.06444730696476257,0.018357315952076892,3,True,False
signed_prior_relative_gain,P_Iplus,audit,B,same_residence,120,standard_independent,validation,3,3,True,0.00859233495885603,0.0015335932456600043,0.00859233495885603,0.0015335932456600043,3,True,False
signed_prior_relative_gain,P_Iplus,audit,B,same_residence,120,standard_independent,development_evaluation,3,3,True,0.00798946088334814,0.0015706078040283072,0.00798946088334814,0.0015706078040283072,3,True,False
signed_prior_relative_gain,P_Iplus,audit,B,same_residence,120,standard_independent,validation_person_weighted,3,3,True,0.009678622745019813,0.0011808562053894252,0.009678622745019813,0.0011808562053894252,3,True,False
signed_prior_relative_gain,P_Iplus,audit,B,same_residence,120,standard_independent,development_evaluation_person_weighted,3,3,True,0.009550643109920912,0.0007958720373706062,0.009550643109920912,0.0007958720373706062,3,True,False
signed_prior_relative_gain,P_Iplus,audit,B,same_residence,120,expanded_independent,validation,3,3,True,0.00859233495885603,0.0015335932456600043,0.00859233495885603,0.0015335932456600043,3,True,False
signed_prior_relative_gain,P_Iplus,audit,B,same_residence,120,expanded_independent,development_evaluation,3,3,True,0.00798946088334814,0.0015706078040283072,0.00798946088334814,0.0015706078040283072,3,True,False
signed_prior_relative_gain,P_Iplus,audit,B,same_residence,120,expanded_independent,validation_person_weighted,3,3,True,0.009678622745019813,0.0011808562053894252,0.009678622745019813,0.0011808562053894252,3,True,False
signed_prior_relative_gain,P_Iplus,audit,B,same_residence,120,expanded_independent,development_evaluation_person_weighted,3,3,True,0.009550643109920912,0.0007958720373706062,0.009550643109920912,0.0007958720373706062,3,True,False
signed_prior_relative_gain,P_Iplus,audit,B,same_residence,120,expanded_catchup,validation,3,3,True,0.00859233495885603,0.0015335932456600043,0.00859233495885603,0.0015335932456600043,3,True,False
signed_prior_relative_gain,P_Iplus,audit,B,same_residence,120,expanded_catchup,development_evaluation,3,3,True,0.00798946088334814,0.0015706078040283072,0.00798946088334814,0.0015706078040283072,3,True,False
signed_prior_relative_gain,P_Iplus,audit,B,same_residence,120,expanded_catchup,validation_person_weighted,3,3,True,0.009678622745019813,0.0011808562053894252,0.009678622745019813,0.0011808562053894252,3,True,False
signed_prior_relative_gain,P_Iplus,audit,B,same_residence,120,expanded_catchup,development_evaluation_person_weighted,3,3,True,0.009550643109920912,0.0007958720373706062,0.009550643109920912,0.0007958720373706062,3,True,False
signed_prior_relative_gain,P_Iplus,audit,B,same_residence,360,standard_independent,validation,3,3,True,0.008626949405545944,0.0015373674695777387,0.008626949405545944,0.0015373674695777387,3,True,False
signed_prior_relative_gain,P_Iplus,audit,B,same_residence,360,standard_independent,development_evaluation,3,3,True,0.007999948860329842,0.001584061089933814,0.007999948860329842,0.001584061089933814,3,True,False
signed_prior_relative_gain,P_Iplus,audit,B,same_residence,360,standard_independent,validation_person_weighted,3,3,True,0.009631081005478936,0.0012162741966411858,0.009631081005478936,0.0012162741966411858,3,True,False
signed_prior_relative_gain,P_Iplus,audit,B,same_residence,360,standard_independent,development_evaluation_person_weighted,3,3,True,0.009515040277917811,0.0007478990000248955,0.009515040277917811,0.0007478990000248955,3,True,False
signed_prior_relative_gain,P_Iplus,audit,B,same_residence,360,expanded_independent,validation,3,3,True,0.008626949405545944,0.0015373674695777387,0.008626949405545944,0.0015373674695777387,3,True,False
signed_prior_relative_gain,P_Iplus,audit,B,same_residence,360,expanded_independent,development_evaluation,3,3,True,0.007999948860329842,0.001584061089933814,0.007999948860329842,0.001584061089933814,3,True,False
signed_prior_relative_gain,P_Iplus,audit,B,same_residence,360,expanded_independent,validation_person_weighted,3,3,True,0.009631081005478936,0.0012162741966411858,0.009631081005478936,0.0012162741966411858,3,True,False
signed_prior_relative_gain,P_Iplus,audit,B,same_residence,360,expanded_independent,development_evaluation_person_weighted,3,3,True,0.009515040277917811,0.0007478990000248955,0.009515040277917811,0.0007478990000248955,3,True,False
signed_prior_relative_gain,P_Iplus,audit,B,same_residence,360,expanded_catchup,validation,3,3,True,0.008626949405545944,0.0015373674695777387,0.008626949405545944,0.0015373674695777387,3,True,False
signed_prior_relative_gain,P_Iplus,audit,B,same_residence,360,expanded_catchup,development_evaluation,3,3,True,0.007999948860329842,0.001584061089933814,0.007999948860329842,0.001584061089933814,3,True,False
signed_prior_relative_gain,P_Iplus,audit,B,same_residence,360,expanded_catchup,validation_person_weighted,3,3,True,0.009631081005478936,0.0012162741966411858,0.009631081005478936,0.0012162741966411858,3,True,False
signed_prior_relative_gain,P_Iplus,audit,B,same_residence,360,expanded_catchup,development_evaluation_person_weighted,3,3,True,0.009515040277917811,0.0007478990000248955,0.009515040277917811,0.0007478990000248955,3,True,False
signed_prior_relative_gain,P_Iplus,audit,B,SEX,120,standard_independent,validation,3,3,True,0.0008492994000410814,0.00017952271510998064,0.0008492994000410814,0.00017952271510998064,3,True,False
signed_prior_relative_gain,P_Iplus,audit,B,SEX,120,standard_independent,development_evaluation,3,3,True,-0.0005968589011739652,0.00023286365275976883,-0.0005968589011739652,0.00023286365275976883,3,True,False
signed_prior_relative_gain,P_Iplus,audit,B,SEX,120,standard_independent,validation_person_weighted,3,3,True,0.0007968435315803454,0.0005528174108987749,0.0007968435315803454,0.0005528174108987749,3,True,False
signed_prior_relative_gain,P_Iplus,audit,B,SEX,120,standard_independent,development_evaluation_person_weighted,3,3,True,-0.0004228505407642598,0.00040147771577301916,-0.0004228505407642598,0.00040147771577301916,3,True,False
signed_prior_relative_gain,P_Iplus,audit,B,SEX,120,expanded_independent,validation,3,3,True,0.0008492994000410814,0.00017952271510998064,0.0008492994000410814,0.00017952271510998064,3,True,False
signed_prior_relative_gain,P_Iplus,audit,B,SEX,120,expanded_independent,development_evaluation,3,3,True,-0.0005968589011739652,0.00023286365275976883,-0.0005968589011739652,0.00023286365275976883,3,True,False
signed_prior_relative_gain,P_Iplus,audit,B,SEX,120,expanded_independent,validation_person_weighted,3,3,True,0.0007968435315803454,0.0005528174108987749,0.0007968435315803454,0.0005528174108987749,3,True,False
signed_prior_relative_gain,P_Iplus,audit,B,SEX,120,expanded_independent,development_evaluation_person_weighted,3,3,True,-0.0004228505407642598,0.00040147771577301916,-0.0004228505407642598,0.00040147771577301916,3,True,False
signed_prior_relative_gain,P_Iplus,audit,B,SEX,120,expanded_catchup,validation,3,3,True,0.0009754233441677066,0.00039784502516688726,0.0009754233441677066,0.00039784502516688726,3,True,False
signed_prior_relative_gain,P_Iplus,audit,B,SEX,120,expanded_catchup,development_evaluation,3,3,True,-0.00033644646731401107,0.00023216865591272,-0.00033644646731401107,0.00023216865591272,3,True,False
signed_prior_relative_gain,P_Iplus,audit,B,SEX,120,expanded_catchup,validation_person_weighted,3,3,True,0.0008558709595321382,0.0006314678584073602,0.0008558709595321382,0.0006314678584073602,3,True,False
signed_prior_relative_gain,P_Iplus,audit,B,SEX,120,expanded_catchup,development_evaluation_person_weighted,3,3,True,-0.0003194688299178461,0.0003120119262682378,-0.0003194688299178461,0.0003120119262682378,3,True,False
signed_prior_relative_gain,P_Iplus,audit,B,SEX,360,standard_independent,validation,3,3,True,0.0008675515080355986,0.00016752972549584672,0.0008675515080355986,0.00016752972549584672,3,True,False
signed_prior_relative_gain,P_Iplus,audit,B,SEX,360,standard_independent,development_evaluation,3,3,True,-0.000639197282469639,0.0002241134563396713,-0.000639197282469639,0.0002241134563396713,3,True,False
signed_prior_relative_gain,P_Iplus,audit,B,SEX,360,standard_independent,validation_person_weighted,3,3,True,0.0008395546859229682,0.000482563650883509,0.0008395546859229682,0.000482563650883509,3,True,False
signed_prior_relative_gain,P_Iplus,audit,B,SEX,360,standard_independent,development_evaluation_person_weighted,3,3,True,-0.0004671238513737075,0.0004315808287396529,-0.0004671238513737075,0.0004315808287396529,3,True,False
signed_prior_relative_gain,P_Iplus,audit,B,SEX,360,expanded_independent,validation,3,3,True,0.0008675515080355986,0.00016752972549584672,0.0008675515080355986,0.00016752972549584672,3,True,False
signed_prior_relative_gain,P_Iplus,audit,B,SEX,360,expanded_independent,development_evaluation,3,3,True,-0.000639197282469639,0.0002241134563396713,-0.000639197282469639,0.0002241134563396713,3,True,False
signed_prior_relative_gain,P_Iplus,audit,B,SEX,360,expanded_independent,validation_person_weighted,3,3,True,0.0008395546859229682,0.000482563650883509,0.0008395546859229682,0.000482563650883509,3,True,False
signed_prior_relative_gain,P_Iplus,audit,B,SEX,360,expanded_independent,development_evaluation_person_weighted,3,3,True,-0.0004671238513737075,0.0004315808287396529,-0.0004671238513737075,0.0004315808287396529,3,True,False
signed_prior_relative_gain,P_Iplus,audit,B,SEX,360,expanded_catchup,validation,3,3,True,0.0009966629572681907,0.00038070279873535966,0.0009966629572681907,0.00038070279873535966,3,True,False
signed_prior_relative_gain,P_Iplus,audit,B,SEX,360,expanded_catchup,development_evaluation,3,3,True,-0.00013038445480484384,0.0004949104972624278,-0.00013038445480484384,0.0004949104972624278,3,True,False
signed_prior_relative_gain,P_Iplus,audit,B,SEX,360,expanded_catchup,validation_person_weighted,3,3,True,0.0011043734470689663,0.000686466783688778,0.0011043734470689663,0.000686466783688778,3,True,False
signed_prior_relative_gain,P_Iplus,audit,B,SEX,360,expanded_catchup,development_evaluation_person_weighted,3,3,True,-0.0002898160928846612,0.000489974270197065,-0.0002898160928846612,0.000489974270197065,3,True,False
signed_prior_relative_gain,P_Iplus,audit,B,RAC1P,120,standard_independent,validation,3,3,True,0.014625470264378363,0.006182412100216824,0.014625470264378363,0.006182412100216824,3,True,False
signed_prior_relative_gain,P_Iplus,audit,B,RAC1P,120,standard_independent,development_evaluation,3,3,True,0.018284137543871443,0.0019945715815211126,0.018284137543871443,0.0019945715815211126,3,True,False
signed_prior_relative_gain,P_Iplus,audit,B,RAC1P,120,standard_independent,validation_person_weighted,3,3,True,0.012694914197272015,0.005933191101035549,0.012694914197272015,0.005933191101035549,3,True,False
signed_prior_relative_gain,P_Iplus,audit,B,RAC1P,120,standard_independent,development_evaluation_person_weighted,3,3,True,0.01819018524778193,0.0019473656468151081,0.01819018524778193,0.0019473656468151081,3,True,False
signed_prior_relative_gain,P_Iplus,audit,B,RAC1P,120,expanded_independent,validation,3,3,True,0.014625470264378363,0.006182412100216824,0.014625470264378363,0.006182412100216824,3,True,False
signed_prior_relative_gain,P_Iplus,audit,B,RAC1P,120,expanded_independent,development_evaluation,3,3,True,0.018284137543871443,0.0019945715815211126,0.018284137543871443,0.0019945715815211126,3,True,False
signed_prior_relative_gain,P_Iplus,audit,B,RAC1P,120,expanded_independent,validation_person_weighted,3,3,True,0.012694914197272015,0.005933191101035549,0.012694914197272015,0.005933191101035549,3,True,False
signed_prior_relative_gain,P_Iplus,audit,B,RAC1P,120,expanded_independent,development_evaluation_person_weighted,3,3,True,0.01819018524778193,0.0019473656468151081,0.01819018524778193,0.0019473656468151081,3,True,False
signed_prior_relative_gain,P_Iplus,audit,B,RAC1P,120,expanded_catchup,validation,3,3,True,0.01678958320075023,0.004644596291774397,0.01678958320075023,0.004644596291774397,3,True,False
signed_prior_relative_gain,P_Iplus,audit,B,RAC1P,120,expanded_catchup,development_evaluation,3,3,True,0.018895427039145634,0.0018226218260122095,0.018895427039145634,0.0018226218260122095,3,True,False
signed_prior_relative_gain,P_Iplus,audit,B,RAC1P,120,expanded_catchup,validation_person_weighted,3,3,True,0.015530528883579642,0.0038585744185723764,0.015530528883579642,0.0038585744185723764,3,True,False
signed_prior_relative_gain,P_Iplus,audit,B,RAC1P,120,expanded_catchup,development_evaluation_person_weighted,3,3,True,0.018425602684252123,0.0030280101571557878,0.018425602684252123,0.0030280101571557878,3,True,False
signed_prior_relative_gain,P_Iplus,audit,B,RAC1P,360,standard_independent,validation,3,3,True,0.014924418200114106,0.006013369375857016,0.014924418200114106,0.006013369375857016,3,True,False
signed_prior_relative_gain,P_Iplus,audit,B,RAC1P,360,standard_independent,development_evaluation,3,3,True,0.018169602809765168,0.0021576649735697722,0.018169602809765168,0.0021576649735697722,3,True,False
signed_prior_relative_gain,P_Iplus,audit,B,RAC1P,360,standard_independent,validation_person_weighted,3,3,True,0.012620179855381478,0.005905298914569426,0.012620179855381478,0.005905298914569426,3,True,False
signed_prior_relative_gain,P_Iplus,audit,B,RAC1P,360,standard_independent,development_evaluation_person_weighted,3,3,True,0.018043406841011283,0.0017004337371386501,0.018043406841011283,0.0017004337371386501,3,True,False
signed_prior_relative_gain,P_Iplus,audit,B,RAC1P,360,expanded_independent,validation,3,3,True,0.014924418200114106,0.006013369375857016,0.014924418200114106,0.006013369375857016,3,True,False
signed_prior_relative_gain,P_Iplus,audit,B,RAC1P,360,expanded_independent,development_evaluation,3,3,True,0.018169602809765168,0.0021576649735697722,0.018169602809765168,0.0021576649735697722,3,True,False
signed_prior_relative_gain,P_Iplus,audit,B,RAC1P,360,expanded_independent,validation_person_weighted,3,3,True,0.012620179855381478,0.005905298914569426,0.012620179855381478,0.005905298914569426,3,True,False
signed_prior_relative_gain,P_Iplus,audit,B,RAC1P,360,expanded_independent,development_evaluation_person_weighted,3,3,True,0.018043406841011283,0.0017004337371386501,0.018043406841011283,0.0017004337371386501,3,True,False
signed_prior_relative_gain,P_Iplus,audit,B,RAC1P,360,expanded_catchup,validation,3,3,True,0.01678958320075023,0.004644596291774397,0.01678958320075023,0.004644596291774397,3,True,False
signed_prior_relative_gain,P_Iplus,audit,B,RAC1P,360,expanded_catchup,development_evaluation,3,3,True,0.018895427039145634,0.0018226218260122095,0.018895427039145634,0.0018226218260122095,3,True,False
signed_prior_relative_gain,P_Iplus,audit,B,RAC1P,360,expanded_catchup,validation_person_weighted,3,3,True,0.015530528883579642,0.0038585744185723764,0.015530528883579642,0.0038585744185723764,3,True,False
signed_prior_relative_gain,P_Iplus,audit,B,RAC1P,360,expanded_catchup,development_evaluation_person_weighted,3,3,True,0.018425602684252123,0.0030280101571557878,0.018425602684252123,0.0030280101571557878,3,True,False
signed_prior_relative_gain,P_Iplus,audit,AB,SEX,120,standard_independent,validation,3,3,True,0.004288995602159266,0.002275555011885281,0.004288995602159266,0.002275555011885281,3,True,False
signed_prior_relative_gain,P_Iplus,audit,AB,SEX,120,standard_independent,development_evaluation,3,3,True,0.001258779511421208,0.0018828432586214727,0.001258779511421208,0.0018828432586214727,3,True,False
signed_prior_relative_gain,P_Iplus,audit,AB,SEX,120,standard_independent,validation_person_weighted,3,3,True,0.004837244152320008,0.0036927736916356176,0.004837244152320008,0.0036927736916356176,3,True,False
signed_prior_relative_gain,P_Iplus,audit,AB,SEX,120,standard_independent,development_evaluation_person_weighted,3,3,True,4.4643654065460815e-05,0.003776845714946896,4.4643654065460815e-05,0.003776845714946896,3,True,False
signed_prior_relative_gain,P_Iplus,audit,AB,SEX,120,expanded_independent,validation,3,3,True,0.004288995602159266,0.002275555011885281,0.004288995602159266,0.002275555011885281,3,True,False
signed_prior_relative_gain,P_Iplus,audit,AB,SEX,120,expanded_independent,development_evaluation,3,3,True,0.001258779511421208,0.0018828432586214727,0.001258779511421208,0.0018828432586214727,3,True,False
signed_prior_relative_gain,P_Iplus,audit,AB,SEX,120,expanded_independent,validation_person_weighted,3,3,True,0.004837244152320008,0.0036927736916356176,0.004837244152320008,0.0036927736916356176,3,True,False
signed_prior_relative_gain,P_Iplus,audit,AB,SEX,120,expanded_independent,development_evaluation_person_weighted,3,3,True,4.4643654065460815e-05,0.003776845714946896,4.4643654065460815e-05,0.003776845714946896,3,True,False
signed_prior_relative_gain,P_Iplus,audit,AB,SEX,120,expanded_catchup,validation,3,3,True,0.0053789787262049265,0.0017059618004242353,0.0053789787262049265,0.0017059618004242353,3,True,False
signed_prior_relative_gain,P_Iplus,audit,AB,SEX,120,expanded_catchup,development_evaluation,3,3,True,0.0033698713561361635,0.0025340621433493876,0.0033698713561361635,0.0025340621433493876,3,True,False
signed_prior_relative_gain,P_Iplus,audit,AB,SEX,120,expanded_catchup,validation_person_weighted,3,3,True,0.006279233221247238,0.0031806451090099176,0.006279233221247238,0.0031806451090099176,3,True,False
signed_prior_relative_gain,P_Iplus,audit,AB,SEX,120,expanded_catchup,development_evaluation_person_weighted,3,3,True,0.0017656084585053005,0.005587346016954871,0.0017656084585053005,0.005587346016954871,3,True,False
signed_prior_relative_gain,P_Iplus,audit,AB,SEX,360,standard_independent,validation,3,3,True,0.004288995602159266,0.002275555011885281,0.004288995602159266,0.002275555011885281,3,True,False
signed_prior_relative_gain,P_Iplus,audit,AB,SEX,360,standard_independent,development_evaluation,3,3,True,0.001258779511421208,0.0018828432586214727,0.001258779511421208,0.0018828432586214727,3,True,False
signed_prior_relative_gain,P_Iplus,audit,AB,SEX,360,standard_independent,validation_person_weighted,3,3,True,0.004837244152320008,0.0036927736916356176,0.004837244152320008,0.0036927736916356176,3,True,False
signed_prior_relative_gain,P_Iplus,audit,AB,SEX,360,standard_independent,development_evaluation_person_weighted,3,3,True,4.4643654065460815e-05,0.003776845714946896,4.4643654065460815e-05,0.003776845714946896,3,True,False
signed_prior_relative_gain,P_Iplus,audit,AB,SEX,360,expanded_independent,validation,3,3,True,0.004288995602159266,0.002275555011885281,0.004288995602159266,0.002275555011885281,3,True,False
signed_prior_relative_gain,P_Iplus,audit,AB,SEX,360,expanded_independent,development_evaluation,3,3,True,0.001258779511421208,0.0018828432586214727,0.001258779511421208,0.0018828432586214727,3,True,False
signed_prior_relative_gain,P_Iplus,audit,AB,SEX,360,expanded_independent,validation_person_weighted,3,3,True,0.004837244152320008,0.0036927736916356176,0.004837244152320008,0.0036927736916356176,3,True,False
signed_prior_relative_gain,P_Iplus,audit,AB,SEX,360,expanded_independent,development_evaluation_person_weighted,3,3,True,4.4643654065460815e-05,0.003776845714946896,4.4643654065460815e-05,0.003776845714946896,3,True,False
signed_prior_relative_gain,P_Iplus,audit,AB,SEX,360,expanded_catchup,validation,3,3,True,0.0053789787262049265,0.0017059618004242353,0.0053789787262049265,0.0017059618004242353,3,True,False
signed_prior_relative_gain,P_Iplus,audit,AB,SEX,360,expanded_catchup,development_evaluation,3,3,True,0.0033698713561361635,0.0025340621433493876,0.0033698713561361635,0.0025340621433493876,3,True,False
signed_prior_relative_gain,P_Iplus,audit,AB,SEX,360,expanded_catchup,validation_person_weighted,3,3,True,0.006279233221247238,0.0031806451090099176,0.006279233221247238,0.0031806451090099176,3,True,False
signed_prior_relative_gain,P_Iplus,audit,AB,SEX,360,expanded_catchup,development_evaluation_person_weighted,3,3,True,0.0017656084585053005,0.005587346016954871,0.0017656084585053005,0.005587346016954871,3,True,False
signed_prior_relative_gain,P_Iplus,audit,AB,RAC1P,120,standard_independent,validation,3,3,True,0.019063365133570986,0.0061543529835764565,0.019063365133570986,0.0061543529835764565,3,True,False
signed_prior_relative_gain,P_Iplus,audit,AB,RAC1P,120,standard_independent,development_evaluation,3,3,True,0.019876734403142454,0.003346612950368463,0.019876734403142454,0.003346612950368463,3,True,False
signed_prior_relative_gain,P_Iplus,audit,AB,RAC1P,120,standard_independent,validation_person_weighted,3,3,True,0.018551395960081447,0.0060448830206894875,0.018551395960081447,0.0060448830206894875,3,True,False
signed_prior_relative_gain,P_Iplus,audit,AB,RAC1P,120,standard_independent,development_evaluation_person_weighted,3,3,True,0.019875026395075473,0.0025632938355953086,0.019875026395075473,0.0025632938355953086,3,True,False
signed_prior_relative_gain,P_Iplus,audit,AB,RAC1P,120,expanded_independent,validation,3,3,True,0.019063365133570986,0.0061543529835764565,0.019063365133570986,0.0061543529835764565,3,True,False
signed_prior_relative_gain,P_Iplus,audit,AB,RAC1P,120,expanded_independent,development_evaluation,3,3,True,0.019876734403142454,0.003346612950368463,0.019876734403142454,0.003346612950368463,3,True,False
signed_prior_relative_gain,P_Iplus,audit,AB,RAC1P,120,expanded_independent,validation_person_weighted,3,3,True,0.018551395960081447,0.0060448830206894875,0.018551395960081447,0.0060448830206894875,3,True,False
signed_prior_relative_gain,P_Iplus,audit,AB,RAC1P,120,expanded_independent,development_evaluation_person_weighted,3,3,True,0.019875026395075473,0.0025632938355953086,0.019875026395075473,0.0025632938355953086,3,True,False
signed_prior_relative_gain,P_Iplus,audit,AB,RAC1P,120,expanded_catchup,validation,3,3,True,0.02491057647432804,0.005028935113135707,0.02491057647432804,0.005028935113135707,3,True,False
signed_prior_relative_gain,P_Iplus,audit,AB,RAC1P,120,expanded_catchup,development_evaluation,3,3,True,0.025007722494033564,0.0008242275218367266,0.025007722494033564,0.0008242275218367266,3,True,False
signed_prior_relative_gain,P_Iplus,audit,AB,RAC1P,120,expanded_catchup,validation_person_weighted,3,3,True,0.02417165889274364,0.007554659971267608,0.02417165889274364,0.007554659971267608,3,True,False
signed_prior_relative_gain,P_Iplus,audit,AB,RAC1P,120,expanded_catchup,development_evaluation_person_weighted,3,3,True,0.025361710953754796,0.0034346774882708622,0.025361710953754796,0.0034346774882708622,3,True,False
signed_prior_relative_gain,P_Iplus,audit,AB,RAC1P,360,standard_independent,validation,3,3,True,0.01914517212080639,0.0062898272375105395,0.01914517212080639,0.0062898272375105395,3,True,False
signed_prior_relative_gain,P_Iplus,audit,AB,RAC1P,360,standard_independent,development_evaluation,3,3,True,0.018948219812188267,0.002857050724051387,0.018948219812188267,0.002857050724051387,3,True,False
signed_prior_relative_gain,P_Iplus,audit,AB,RAC1P,360,standard_independent,validation_person_weighted,3,3,True,0.018879133275664668,0.0066085389301956884,0.018879133275664668,0.0066085389301956884,3,True,False
signed_prior_relative_gain,P_Iplus,audit,AB,RAC1P,360,standard_independent,development_evaluation_person_weighted,3,3,True,0.019429045591606336,0.003011988587854166,0.019429045591606336,0.003011988587854166,3,True,False
signed_prior_relative_gain,P_Iplus,audit,AB,RAC1P,360,expanded_independent,validation,3,3,True,0.01914517212080639,0.0062898272375105395,0.01914517212080639,0.0062898272375105395,3,True,False
signed_prior_relative_gain,P_Iplus,audit,AB,RAC1P,360,expanded_independent,development_evaluation,3,3,True,0.018948219812188267,0.002857050724051387,0.018948219812188267,0.002857050724051387,3,True,False
signed_prior_relative_gain,P_Iplus,audit,AB,RAC1P,360,expanded_independent,validation_person_weighted,3,3,True,0.018879133275664668,0.0066085389301956884,0.018879133275664668,0.0066085389301956884,3,True,False
signed_prior_relative_gain,P_Iplus,audit,AB,RAC1P,360,expanded_independent,development_evaluation_person_weighted,3,3,True,0.019429045591606336,0.003011988587854166,0.019429045591606336,0.003011988587854166,3,True,False
signed_prior_relative_gain,P_Iplus,audit,AB,RAC1P,360,expanded_catchup,validation,3,3,True,0.02491057647432804,0.005028935113135707,0.02491057647432804,0.005028935113135707,3,True,False
signed_prior_relative_gain,P_Iplus,audit,AB,RAC1P,360,expanded_catchup,development_evaluation,3,3,True,0.025007722494033564,0.0008242275218367266,0.025007722494033564,0.0008242275218367266,3,True,False
signed_prior_relative_gain,P_Iplus,audit,AB,RAC1P,360,expanded_catchup,validation_person_weighted,3,3,True,0.02417165889274364,0.007554659971267608,0.02417165889274364,0.007554659971267608,3,True,False
signed_prior_relative_gain,P_Iplus,audit,AB,RAC1P,360,expanded_catchup,development_evaluation_person_weighted,3,3,True,0.025361710953754796,0.0034346774882708622,0.025361710953754796,0.0034346774882708622,3,True,False
signed_prior_relative_gain,P_J,audit,A,public_coverage,120,standard_independent,validation,3,3,True,0.042305233794934706,0.004469920299874584,0.042305233794934706,0.004469920299874584,3,True,False
signed_prior_relative_gain,P_J,audit,A,public_coverage,120,standard_independent,development_evaluation,3,3,True,0.0447125687666613,0.0017406184830623052,0.0447125687666613,0.0017406184830623052,3,True,False
signed_prior_relative_gain,P_J,audit,A,public_coverage,120,standard_independent,validation_person_weighted,3,3,True,0.039073063098140993,0.007644778101148973,0.039073063098140993,0.007644778101148973,3,True,False
signed_prior_relative_gain,P_J,audit,A,public_coverage,120,standard_independent,development_evaluation_person_weighted,3,3,True,0.047860769159192094,0.0008967649301614147,0.047860769159192094,0.0008967649301614147,3,True,False
signed_prior_relative_gain,P_J,audit,A,public_coverage,120,expanded_independent,validation,3,3,True,0.042305233794934706,0.004469920299874584,0.042305233794934706,0.004469920299874584,3,True,False
signed_prior_relative_gain,P_J,audit,A,public_coverage,120,expanded_independent,development_evaluation,3,3,True,0.0447125687666613,0.0017406184830623052,0.0447125687666613,0.0017406184830623052,3,True,False
signed_prior_relative_gain,P_J,audit,A,public_coverage,120,expanded_independent,validation_person_weighted,3,3,True,0.039073063098140993,0.007644778101148973,0.039073063098140993,0.007644778101148973,3,True,False
signed_prior_relative_gain,P_J,audit,A,public_coverage,120,expanded_independent,development_evaluation_person_weighted,3,3,True,0.047860769159192094,0.0008967649301614147,0.047860769159192094,0.0008967649301614147,3,True,False
signed_prior_relative_gain,P_J,audit,A,public_coverage,120,expanded_catchup,validation,3,3,True,0.044271718603083376,0.003465132893581645,0.044271718603083376,0.003465132893581645,3,True,False
signed_prior_relative_gain,P_J,audit,A,public_coverage,120,expanded_catchup,development_evaluation,3,3,True,0.046051858232080724,0.0020386333708122023,0.046051858232080724,0.0020386333708122023,3,True,False
signed_prior_relative_gain,P_J,audit,A,public_coverage,120,expanded_catchup,validation_person_weighted,3,3,True,0.03983965619573839,0.007745820604776452,0.03983965619573839,0.007745820604776452,3,True,False
signed_prior_relative_gain,P_J,audit,A,public_coverage,120,expanded_catchup,development_evaluation_person_weighted,3,3,True,0.04844349416019574,0.0025223214191330045,0.04844349416019574,0.0025223214191330045,3,True,False
signed_prior_relative_gain,P_J,audit,A,public_coverage,360,standard_independent,validation,3,3,True,0.04231100465106152,0.004461085218462779,0.04231100465106152,0.004461085218462779,3,True,False
signed_prior_relative_gain,P_J,audit,A,public_coverage,360,standard_independent,development_evaluation,3,3,True,0.04478178980627756,0.0018346223890800043,0.04478178980627756,0.0018346223890800043,3,True,False
signed_prior_relative_gain,P_J,audit,A,public_coverage,360,standard_independent,validation_person_weighted,3,3,True,0.03901989857158287,0.007730970373272141,0.03901989857158287,0.007730970373272141,3,True,False
signed_prior_relative_gain,P_J,audit,A,public_coverage,360,standard_independent,development_evaluation_person_weighted,3,3,True,0.04790688774931081,0.0009612285393318306,0.04790688774931081,0.0009612285393318306,3,True,False
signed_prior_relative_gain,P_J,audit,A,public_coverage,360,expanded_independent,validation,3,3,True,0.04231100465106152,0.004461085218462779,0.04231100465106152,0.004461085218462779,3,True,False
signed_prior_relative_gain,P_J,audit,A,public_coverage,360,expanded_independent,development_evaluation,3,3,True,0.04478178980627756,0.0018346223890800043,0.04478178980627756,0.0018346223890800043,3,True,False
signed_prior_relative_gain,P_J,audit,A,public_coverage,360,expanded_independent,validation_person_weighted,3,3,True,0.03901989857158287,0.007730970373272141,0.03901989857158287,0.007730970373272141,3,True,False
signed_prior_relative_gain,P_J,audit,A,public_coverage,360,expanded_independent,development_evaluation_person_weighted,3,3,True,0.04790688774931081,0.0009612285393318306,0.04790688774931081,0.0009612285393318306,3,True,False
signed_prior_relative_gain,P_J,audit,A,public_coverage,360,expanded_catchup,validation,3,3,True,0.04435421388213565,0.0033351091973893537,0.04435421388213565,0.0033351091973893537,3,True,False
signed_prior_relative_gain,P_J,audit,A,public_coverage,360,expanded_catchup,development_evaluation,3,3,True,0.046108226806485554,0.002135668400522034,0.046108226806485554,0.002135668400522034,3,True,False
signed_prior_relative_gain,P_J,audit,A,public_coverage,360,expanded_catchup,validation_person_weighted,3,3,True,0.03996033221560911,0.0075427323220931385,0.03996033221560911,0.0075427323220931385,3,True,False
signed_prior_relative_gain,P_J,audit,A,public_coverage,360,expanded_catchup,development_evaluation_person_weighted,3,3,True,0.04846795831745462,0.002563772747845378,0.04846795831745462,0.002563772747845378,3,True,False
signed_prior_relative_gain,P_J,audit,A,commute_over20,120,standard_independent,validation,3,3,True,0.010396912519951932,0.004603259309827927,0.010396912519951932,0.004603259309827927,3,True,False
signed_prior_relative_gain,P_J,audit,A,commute_over20,120,standard_independent,development_evaluation,3,3,True,0.009472755426203886,0.002652870222318109,0.009472755426203886,0.002652870222318109,3,True,False
signed_prior_relative_gain,P_J,audit,A,commute_over20,120,standard_independent,validation_person_weighted,3,3,True,0.005681340926014984,0.007273270259044284,0.005681340926014984,0.007273270259044284,3,True,False
signed_prior_relative_gain,P_J,audit,A,commute_over20,120,standard_independent,development_evaluation_person_weighted,3,3,True,0.0060861394462743785,0.0008932939932787096,0.0060861394462743785,0.0008932939932787096,3,True,False
signed_prior_relative_gain,P_J,audit,A,commute_over20,120,expanded_independent,validation,3,3,True,0.010396912519951932,0.004603259309827927,0.010396912519951932,0.004603259309827927,3,True,False
signed_prior_relative_gain,P_J,audit,A,commute_over20,120,expanded_independent,development_evaluation,3,3,True,0.009472755426203886,0.002652870222318109,0.009472755426203886,0.002652870222318109,3,True,False
signed_prior_relative_gain,P_J,audit,A,commute_over20,120,expanded_independent,validation_person_weighted,3,3,True,0.005681340926014984,0.007273270259044284,0.005681340926014984,0.007273270259044284,3,True,False
signed_prior_relative_gain,P_J,audit,A,commute_over20,120,expanded_independent,development_evaluation_person_weighted,3,3,True,0.0060861394462743785,0.0008932939932787096,0.0060861394462743785,0.0008932939932787096,3,True,False
signed_prior_relative_gain,P_J,audit,A,commute_over20,120,expanded_catchup,validation,3,3,True,0.010396912519951932,0.004603259309827927,0.010396912519951932,0.004603259309827927,3,True,False
signed_prior_relative_gain,P_J,audit,A,commute_over20,120,expanded_catchup,development_evaluation,3,3,True,0.009472755426203886,0.002652870222318109,0.009472755426203886,0.002652870222318109,3,True,False
signed_prior_relative_gain,P_J,audit,A,commute_over20,120,expanded_catchup,validation_person_weighted,3,3,True,0.005681340926014984,0.007273270259044284,0.005681340926014984,0.007273270259044284,3,True,False
signed_prior_relative_gain,P_J,audit,A,commute_over20,120,expanded_catchup,development_evaluation_person_weighted,3,3,True,0.0060861394462743785,0.0008932939932787096,0.0060861394462743785,0.0008932939932787096,3,True,False
signed_prior_relative_gain,P_J,audit,A,commute_over20,360,standard_independent,validation,3,3,True,0.010396912519951932,0.004603259309827927,0.010396912519951932,0.004603259309827927,3,True,False
signed_prior_relative_gain,P_J,audit,A,commute_over20,360,standard_independent,development_evaluation,3,3,True,0.009472755426203886,0.002652870222318109,0.009472755426203886,0.002652870222318109,3,True,False
signed_prior_relative_gain,P_J,audit,A,commute_over20,360,standard_independent,validation_person_weighted,3,3,True,0.005681340926014984,0.007273270259044284,0.005681340926014984,0.007273270259044284,3,True,False
signed_prior_relative_gain,P_J,audit,A,commute_over20,360,standard_independent,development_evaluation_person_weighted,3,3,True,0.0060861394462743785,0.0008932939932787096,0.0060861394462743785,0.0008932939932787096,3,True,False
signed_prior_relative_gain,P_J,audit,A,commute_over20,360,expanded_independent,validation,3,3,True,0.010396912519951932,0.004603259309827927,0.010396912519951932,0.004603259309827927,3,True,False
signed_prior_relative_gain,P_J,audit,A,commute_over20,360,expanded_independent,development_evaluation,3,3,True,0.009472755426203886,0.002652870222318109,0.009472755426203886,0.002652870222318109,3,True,False
signed_prior_relative_gain,P_J,audit,A,commute_over20,360,expanded_independent,validation_person_weighted,3,3,True,0.005681340926014984,0.007273270259044284,0.005681340926014984,0.007273270259044284,3,True,False
signed_prior_relative_gain,P_J,audit,A,commute_over20,360,expanded_independent,development_evaluation_person_weighted,3,3,True,0.0060861394462743785,0.0008932939932787096,0.0060861394462743785,0.0008932939932787096,3,True,False
signed_prior_relative_gain,P_J,audit,A,commute_over20,360,expanded_catchup,validation,3,3,True,0.010396912519951932,0.004603259309827927,0.010396912519951932,0.004603259309827927,3,True,False
signed_prior_relative_gain,P_J,audit,A,commute_over20,360,expanded_catchup,development_evaluation,3,3,True,0.009472755426203886,0.002652870222318109,0.009472755426203886,0.002652870222318109,3,True,False
signed_prior_relative_gain,P_J,audit,A,commute_over20,360,expanded_catchup,validation_person_weighted,3,3,True,0.005681340926014984,0.007273270259044284,0.005681340926014984,0.007273270259044284,3,True,False
signed_prior_relative_gain,P_J,audit,A,commute_over20,360,expanded_catchup,development_evaluation_person_weighted,3,3,True,0.0060861394462743785,0.0008932939932787096,0.0060861394462743785,0.0008932939932787096,3,True,False
signed_prior_relative_gain,P_J,audit,A,SEX,120,standard_independent,validation,3,3,True,0.002027738146089697,0.0017823003227189613,0.002027738146089697,0.0017823003227189613,3,True,False
signed_prior_relative_gain,P_J,audit,A,SEX,120,standard_independent,development_evaluation,3,3,True,0.00016265054352574784,0.0009284524088344554,0.00016265054352574784,0.0009284524088344554,3,True,False
signed_prior_relative_gain,P_J,audit,A,SEX,120,standard_independent,validation_person_weighted,3,3,True,0.0025841483962795544,0.002205487534171387,0.0025841483962795544,0.002205487534171387,3,True,False
signed_prior_relative_gain,P_J,audit,A,SEX,120,standard_independent,development_evaluation_person_weighted,3,3,True,0.0006497039207069936,0.0013625418253236413,0.0006497039207069936,0.0013625418253236413,3,True,False
signed_prior_relative_gain,P_J,audit,A,SEX,120,expanded_independent,validation,3,3,True,0.002027738146089697,0.0017823003227189613,0.002027738146089697,0.0017823003227189613,3,True,False
signed_prior_relative_gain,P_J,audit,A,SEX,120,expanded_independent,development_evaluation,3,3,True,0.00016265054352574784,0.0009284524088344554,0.00016265054352574784,0.0009284524088344554,3,True,False
signed_prior_relative_gain,P_J,audit,A,SEX,120,expanded_independent,validation_person_weighted,3,3,True,0.0025841483962795544,0.002205487534171387,0.0025841483962795544,0.002205487534171387,3,True,False
signed_prior_relative_gain,P_J,audit,A,SEX,120,expanded_independent,development_evaluation_person_weighted,3,3,True,0.0006497039207069936,0.0013625418253236413,0.0006497039207069936,0.0013625418253236413,3,True,False
signed_prior_relative_gain,P_J,audit,A,SEX,120,expanded_catchup,validation,3,3,True,0.002541040656175997,0.0020915077247610865,0.002541040656175997,0.0020915077247610865,3,True,False
signed_prior_relative_gain,P_J,audit,A,SEX,120,expanded_catchup,development_evaluation,3,3,True,0.0005339519720723995,0.0006541956022175165,0.0005339519720723995,0.0006541956022175165,3,True,False
signed_prior_relative_gain,P_J,audit,A,SEX,120,expanded_catchup,validation_person_weighted,3,3,True,0.0032651721763300814,0.0023099398535933987,0.0032651721763300814,0.0023099398535933987,3,True,False
signed_prior_relative_gain,P_J,audit,A,SEX,120,expanded_catchup,development_evaluation_person_weighted,3,3,True,0.0007636741847421025,0.001445390053925735,0.0007636741847421025,0.001445390053925735,3,True,False
signed_prior_relative_gain,P_J,audit,A,SEX,360,standard_independent,validation,3,3,True,0.002175296766689853,0.001991431056021015,0.002175296766689853,0.001991431056021015,3,True,False
signed_prior_relative_gain,P_J,audit,A,SEX,360,standard_independent,development_evaluation,3,3,True,-2.915352296676647e-05,0.0006141124443251422,-2.915352296676647e-05,0.0006141124443251422,3,True,False
signed_prior_relative_gain,P_J,audit,A,SEX,360,standard_independent,validation_person_weighted,3,3,True,0.002778793564847226,0.0025252431601578544,0.002778793564847226,0.0025252431601578544,3,True,False
signed_prior_relative_gain,P_J,audit,A,SEX,360,standard_independent,development_evaluation_person_weighted,3,3,True,0.0006517373666709384,0.0013647562365168742,0.0006517373666709384,0.0013647562365168742,3,True,False
signed_prior_relative_gain,P_J,audit,A,SEX,360,expanded_independent,validation,3,3,True,0.002175296766689853,0.001991431056021015,0.002175296766689853,0.001991431056021015,3,True,False
signed_prior_relative_gain,P_J,audit,A,SEX,360,expanded_independent,development_evaluation,3,3,True,-2.915352296676647e-05,0.0006141124443251422,-2.915352296676647e-05,0.0006141124443251422,3,True,False
signed_prior_relative_gain,P_J,audit,A,SEX,360,expanded_independent,validation_person_weighted,3,3,True,0.002778793564847226,0.0025252431601578544,0.002778793564847226,0.0025252431601578544,3,True,False
signed_prior_relative_gain,P_J,audit,A,SEX,360,expanded_independent,development_evaluation_person_weighted,3,3,True,0.0006517373666709384,0.0013647562365168742,0.0006517373666709384,0.0013647562365168742,3,True,False
signed_prior_relative_gain,P_J,audit,A,SEX,360,expanded_catchup,validation,3,3,True,0.0026885992767761526,0.0022217968273987978,0.0026885992767761526,0.0022217968273987978,3,True,False
signed_prior_relative_gain,P_J,audit,A,SEX,360,expanded_catchup,development_evaluation,3,3,True,0.0003421479055798852,0.00039589578986700514,0.0003421479055798852,0.00039589578986700514,3,True,False
signed_prior_relative_gain,P_J,audit,A,SEX,360,expanded_catchup,validation_person_weighted,3,3,True,0.003459817344897753,0.0025398476167593493,0.003459817344897753,0.0025398476167593493,3,True,False
signed_prior_relative_gain,P_J,audit,A,SEX,360,expanded_catchup,development_evaluation_person_weighted,3,3,True,0.0007657076307060473,0.0014472375445042274,0.0007657076307060473,0.0014472375445042274,3,True,False
signed_prior_relative_gain,P_J,audit,A,RAC1P,120,standard_independent,validation,3,3,True,0.01242878190642771,0.002360138058892429,0.01242878190642771,0.002360138058892429,3,True,False
signed_prior_relative_gain,P_J,audit,A,RAC1P,120,standard_independent,development_evaluation,3,3,True,0.013774224948714794,0.0028293948994892576,0.013774224948714794,0.0028293948994892576,3,True,False
signed_prior_relative_gain,P_J,audit,A,RAC1P,120,standard_independent,validation_person_weighted,3,3,True,0.013545434368554229,0.003753547258216497,0.013545434368554229,0.003753547258216497,3,True,False
signed_prior_relative_gain,P_J,audit,A,RAC1P,120,standard_independent,development_evaluation_person_weighted,3,3,True,0.014548775028589311,0.002205486286291202,0.014548775028589311,0.002205486286291202,3,True,False
signed_prior_relative_gain,P_J,audit,A,RAC1P,120,expanded_independent,validation,3,3,True,0.01242878190642771,0.002360138058892429,0.01242878190642771,0.002360138058892429,3,True,False
signed_prior_relative_gain,P_J,audit,A,RAC1P,120,expanded_independent,development_evaluation,3,3,True,0.013774224948714794,0.0028293948994892576,0.013774224948714794,0.0028293948994892576,3,True,False
signed_prior_relative_gain,P_J,audit,A,RAC1P,120,expanded_independent,validation_person_weighted,3,3,True,0.013545434368554229,0.003753547258216497,0.013545434368554229,0.003753547258216497,3,True,False
signed_prior_relative_gain,P_J,audit,A,RAC1P,120,expanded_independent,development_evaluation_person_weighted,3,3,True,0.014548775028589311,0.002205486286291202,0.014548775028589311,0.002205486286291202,3,True,False
signed_prior_relative_gain,P_J,audit,A,RAC1P,120,expanded_catchup,validation,3,3,True,0.016844254232182648,0.0023570027507408505,0.016844254232182648,0.0023570027507408505,3,True,False
signed_prior_relative_gain,P_J,audit,A,RAC1P,120,expanded_catchup,development_evaluation,3,3,True,0.016891522867430453,0.0021859116535145845,0.016891522867430453,0.0021859116535145845,3,True,False
signed_prior_relative_gain,P_J,audit,A,RAC1P,120,expanded_catchup,validation_person_weighted,3,3,True,0.01613751045113676,0.005917876742720834,0.01613751045113676,0.005917876742720834,3,True,False
signed_prior_relative_gain,P_J,audit,A,RAC1P,120,expanded_catchup,development_evaluation_person_weighted,3,3,True,0.017116770991771075,0.003741281913568475,0.017116770991771075,0.003741281913568475,3,True,False
signed_prior_relative_gain,P_J,audit,A,RAC1P,360,standard_independent,validation,3,3,True,0.01242878190642771,0.002360138058892429,0.01242878190642771,0.002360138058892429,3,True,False
signed_prior_relative_gain,P_J,audit,A,RAC1P,360,standard_independent,development_evaluation,3,3,True,0.013774224948714794,0.0028293948994892576,0.013774224948714794,0.0028293948994892576,3,True,False
signed_prior_relative_gain,P_J,audit,A,RAC1P,360,standard_independent,validation_person_weighted,3,3,True,0.013545434368554229,0.003753547258216497,0.013545434368554229,0.003753547258216497,3,True,False
signed_prior_relative_gain,P_J,audit,A,RAC1P,360,standard_independent,development_evaluation_person_weighted,3,3,True,0.014548775028589311,0.002205486286291202,0.014548775028589311,0.002205486286291202,3,True,False
signed_prior_relative_gain,P_J,audit,A,RAC1P,360,expanded_independent,validation,3,3,True,0.01242878190642771,0.002360138058892429,0.01242878190642771,0.002360138058892429,3,True,False
signed_prior_relative_gain,P_J,audit,A,RAC1P,360,expanded_independent,development_evaluation,3,3,True,0.013774224948714794,0.0028293948994892576,0.013774224948714794,0.0028293948994892576,3,True,False
signed_prior_relative_gain,P_J,audit,A,RAC1P,360,expanded_independent,validation_person_weighted,3,3,True,0.013545434368554229,0.003753547258216497,0.013545434368554229,0.003753547258216497,3,True,False
signed_prior_relative_gain,P_J,audit,A,RAC1P,360,expanded_independent,development_evaluation_person_weighted,3,3,True,0.014548775028589311,0.002205486286291202,0.014548775028589311,0.002205486286291202,3,True,False
signed_prior_relative_gain,P_J,audit,A,RAC1P,360,expanded_catchup,validation,3,3,True,0.016844254232182648,0.0023570027507408505,0.016844254232182648,0.0023570027507408505,3,True,False
signed_prior_relative_gain,P_J,audit,A,RAC1P,360,expanded_catchup,development_evaluation,3,3,True,0.016891522867430453,0.0021859116535145845,0.016891522867430453,0.0021859116535145845,3,True,False
signed_prior_relative_gain,P_J,audit,A,RAC1P,360,expanded_catchup,validation_person_weighted,3,3,True,0.01613751045113676,0.005917876742720834,0.01613751045113676,0.005917876742720834,3,True,False
signed_prior_relative_gain,P_J,audit,A,RAC1P,360,expanded_catchup,development_evaluation_person_weighted,3,3,True,0.017116770991771075,0.003741281913568475,0.017116770991771075,0.003741281913568475,3,True,False
signed_prior_relative_gain,P_J,audit,B,income_binary,120,standard_independent,validation,3,3,True,0.07285990628025718,0.008800131126422221,0.07285990628025718,0.008800131126422221,3,True,False
signed_prior_relative_gain,P_J,audit,B,income_binary,120,standard_independent,development_evaluation,3,3,True,0.07658104070375144,0.007293780302090976,0.07658104070375144,0.007293780302090976,3,True,False
signed_prior_relative_gain,P_J,audit,B,income_binary,120,standard_independent,validation_person_weighted,3,3,True,0.07723282061661442,0.012781562551049671,0.07723282061661442,0.012781562551049671,3,True,False
signed_prior_relative_gain,P_J,audit,B,income_binary,120,standard_independent,development_evaluation_person_weighted,3,3,True,0.0752306110184436,0.0053481827105606285,0.0752306110184436,0.0053481827105606285,3,True,False
signed_prior_relative_gain,P_J,audit,B,income_binary,120,expanded_independent,validation,3,3,True,0.07285990628025718,0.008800131126422221,0.07285990628025718,0.008800131126422221,3,True,False
signed_prior_relative_gain,P_J,audit,B,income_binary,120,expanded_independent,development_evaluation,3,3,True,0.07658104070375144,0.007293780302090976,0.07658104070375144,0.007293780302090976,3,True,False
signed_prior_relative_gain,P_J,audit,B,income_binary,120,expanded_independent,validation_person_weighted,3,3,True,0.07723282061661442,0.012781562551049671,0.07723282061661442,0.012781562551049671,3,True,False
signed_prior_relative_gain,P_J,audit,B,income_binary,120,expanded_independent,development_evaluation_person_weighted,3,3,True,0.0752306110184436,0.0053481827105606285,0.0752306110184436,0.0053481827105606285,3,True,False
signed_prior_relative_gain,P_J,audit,B,income_binary,120,expanded_catchup,validation,3,3,True,0.07285990628025718,0.008800131126422221,0.07285990628025718,0.008800131126422221,3,True,False
signed_prior_relative_gain,P_J,audit,B,income_binary,120,expanded_catchup,development_evaluation,3,3,True,0.07658104070375144,0.007293780302090976,0.07658104070375144,0.007293780302090976,3,True,False
signed_prior_relative_gain,P_J,audit,B,income_binary,120,expanded_catchup,validation_person_weighted,3,3,True,0.07723282061661442,0.012781562551049671,0.07723282061661442,0.012781562551049671,3,True,False
signed_prior_relative_gain,P_J,audit,B,income_binary,120,expanded_catchup,development_evaluation_person_weighted,3,3,True,0.0752306110184436,0.0053481827105606285,0.0752306110184436,0.0053481827105606285,3,True,False
signed_prior_relative_gain,P_J,audit,B,income_binary,360,standard_independent,validation,3,3,True,0.07285990628025718,0.008800131126422221,0.07285990628025718,0.008800131126422221,3,True,False
signed_prior_relative_gain,P_J,audit,B,income_binary,360,standard_independent,development_evaluation,3,3,True,0.07658104070375144,0.007293780302090976,0.07658104070375144,0.007293780302090976,3,True,False
signed_prior_relative_gain,P_J,audit,B,income_binary,360,standard_independent,validation_person_weighted,3,3,True,0.07723282061661442,0.012781562551049671,0.07723282061661442,0.012781562551049671,3,True,False
signed_prior_relative_gain,P_J,audit,B,income_binary,360,standard_independent,development_evaluation_person_weighted,3,3,True,0.0752306110184436,0.0053481827105606285,0.0752306110184436,0.0053481827105606285,3,True,False
signed_prior_relative_gain,P_J,audit,B,income_binary,360,expanded_independent,validation,3,3,True,0.07285990628025718,0.008800131126422221,0.07285990628025718,0.008800131126422221,3,True,False
signed_prior_relative_gain,P_J,audit,B,income_binary,360,expanded_independent,development_evaluation,3,3,True,0.07658104070375144,0.007293780302090976,0.07658104070375144,0.007293780302090976,3,True,False
signed_prior_relative_gain,P_J,audit,B,income_binary,360,expanded_independent,validation_person_weighted,3,3,True,0.07723282061661442,0.012781562551049671,0.07723282061661442,0.012781562551049671,3,True,False
signed_prior_relative_gain,P_J,audit,B,income_binary,360,expanded_independent,development_evaluation_person_weighted,3,3,True,0.0752306110184436,0.0053481827105606285,0.0752306110184436,0.0053481827105606285,3,True,False
signed_prior_relative_gain,P_J,audit,B,income_binary,360,expanded_catchup,validation,3,3,True,0.07285990628025718,0.008800131126422221,0.07285990628025718,0.008800131126422221,3,True,False
signed_prior_relative_gain,P_J,audit,B,income_binary,360,expanded_catchup,development_evaluation,3,3,True,0.07658104070375144,0.007293780302090976,0.07658104070375144,0.007293780302090976,3,True,False
signed_prior_relative_gain,P_J,audit,B,income_binary,360,expanded_catchup,validation_person_weighted,3,3,True,0.07723282061661442,0.012781562551049671,0.07723282061661442,0.012781562551049671,3,True,False
signed_prior_relative_gain,P_J,audit,B,income_binary,360,expanded_catchup,development_evaluation_person_weighted,3,3,True,0.0752306110184436,0.0053481827105606285,0.0752306110184436,0.0053481827105606285,3,True,False
signed_prior_relative_gain,P_J,audit,B,civilian_at_work,120,standard_independent,validation,3,3,True,0.06450136706487548,0.007425842190056277,0.06450136706487548,0.007425842190056277,3,True,False
signed_prior_relative_gain,P_J,audit,B,civilian_at_work,120,standard_independent,development_evaluation,3,3,True,0.06207705340255617,0.00646483706366094,0.06207705340255617,0.00646483706366094,3,True,False
signed_prior_relative_gain,P_J,audit,B,civilian_at_work,120,standard_independent,validation_person_weighted,3,3,True,0.06456596104670591,0.01189934894562559,0.06456596104670591,0.01189934894562559,3,True,False
signed_prior_relative_gain,P_J,audit,B,civilian_at_work,120,standard_independent,development_evaluation_person_weighted,3,3,True,0.06808303391523729,0.01025552173144853,0.06808303391523729,0.01025552173144853,3,True,False
signed_prior_relative_gain,P_J,audit,B,civilian_at_work,120,expanded_independent,validation,3,3,True,0.06450136706487548,0.007425842190056277,0.06450136706487548,0.007425842190056277,3,True,False
signed_prior_relative_gain,P_J,audit,B,civilian_at_work,120,expanded_independent,development_evaluation,3,3,True,0.06207705340255617,0.00646483706366094,0.06207705340255617,0.00646483706366094,3,True,False
signed_prior_relative_gain,P_J,audit,B,civilian_at_work,120,expanded_independent,validation_person_weighted,3,3,True,0.06456596104670591,0.01189934894562559,0.06456596104670591,0.01189934894562559,3,True,False
signed_prior_relative_gain,P_J,audit,B,civilian_at_work,120,expanded_independent,development_evaluation_person_weighted,3,3,True,0.06808303391523729,0.01025552173144853,0.06808303391523729,0.01025552173144853,3,True,False
signed_prior_relative_gain,P_J,audit,B,civilian_at_work,120,expanded_catchup,validation,3,3,True,0.06467131925844545,0.007662934528329502,0.06467131925844545,0.007662934528329502,3,True,False
signed_prior_relative_gain,P_J,audit,B,civilian_at_work,120,expanded_catchup,development_evaluation,3,3,True,0.06217200417344548,0.0066113973836680025,0.06217200417344548,0.0066113973836680025,3,True,False
signed_prior_relative_gain,P_J,audit,B,civilian_at_work,120,expanded_catchup,validation_person_weighted,3,3,True,0.06466977798708291,0.01206146904639731,0.06466977798708291,0.01206146904639731,3,True,False
signed_prior_relative_gain,P_J,audit,B,civilian_at_work,120,expanded_catchup,development_evaluation_person_weighted,3,3,True,0.06825116768960611,0.010492937987048367,0.06825116768960611,0.010492937987048367,3,True,False
signed_prior_relative_gain,P_J,audit,B,civilian_at_work,360,standard_independent,validation,3,3,True,0.06450136706487548,0.007425842190056277,0.06450136706487548,0.007425842190056277,3,True,False
signed_prior_relative_gain,P_J,audit,B,civilian_at_work,360,standard_independent,development_evaluation,3,3,True,0.06207705340255617,0.00646483706366094,0.06207705340255617,0.00646483706366094,3,True,False
signed_prior_relative_gain,P_J,audit,B,civilian_at_work,360,standard_independent,validation_person_weighted,3,3,True,0.06456596104670591,0.01189934894562559,0.06456596104670591,0.01189934894562559,3,True,False
signed_prior_relative_gain,P_J,audit,B,civilian_at_work,360,standard_independent,development_evaluation_person_weighted,3,3,True,0.06808303391523729,0.01025552173144853,0.06808303391523729,0.01025552173144853,3,True,False
signed_prior_relative_gain,P_J,audit,B,civilian_at_work,360,expanded_independent,validation,3,3,True,0.06450136706487548,0.007425842190056277,0.06450136706487548,0.007425842190056277,3,True,False
signed_prior_relative_gain,P_J,audit,B,civilian_at_work,360,expanded_independent,development_evaluation,3,3,True,0.06207705340255617,0.00646483706366094,0.06207705340255617,0.00646483706366094,3,True,False
signed_prior_relative_gain,P_J,audit,B,civilian_at_work,360,expanded_independent,validation_person_weighted,3,3,True,0.06456596104670591,0.01189934894562559,0.06456596104670591,0.01189934894562559,3,True,False
signed_prior_relative_gain,P_J,audit,B,civilian_at_work,360,expanded_independent,development_evaluation_person_weighted,3,3,True,0.06808303391523729,0.01025552173144853,0.06808303391523729,0.01025552173144853,3,True,False
signed_prior_relative_gain,P_J,audit,B,civilian_at_work,360,expanded_catchup,validation,3,3,True,0.06467131925844545,0.007662934528329502,0.06467131925844545,0.007662934528329502,3,True,False
signed_prior_relative_gain,P_J,audit,B,civilian_at_work,360,expanded_catchup,development_evaluation,3,3,True,0.06217200417344548,0.0066113973836680025,0.06217200417344548,0.0066113973836680025,3,True,False
signed_prior_relative_gain,P_J,audit,B,civilian_at_work,360,expanded_catchup,validation_person_weighted,3,3,True,0.06466977798708291,0.01206146904639731,0.06466977798708291,0.01206146904639731,3,True,False
signed_prior_relative_gain,P_J,audit,B,civilian_at_work,360,expanded_catchup,development_evaluation_person_weighted,3,3,True,0.06825116768960611,0.010492937987048367,0.06825116768960611,0.010492937987048367,3,True,False
signed_prior_relative_gain,P_J,audit,B,same_residence,120,standard_independent,validation,3,3,True,0.008409057705970483,0.0017956368898315114,0.008409057705970483,0.0017956368898315114,3,True,False
signed_prior_relative_gain,P_J,audit,B,same_residence,120,standard_independent,development_evaluation,3,3,True,0.007999038133688297,0.001428670726315008,0.007999038133688297,0.001428670726315008,3,True,False
signed_prior_relative_gain,P_J,audit,B,same_residence,120,standard_independent,validation_person_weighted,3,3,True,0.009686648347954666,0.0014626758571861438,0.009686648347954666,0.0014626758571861438,3,True,False
signed_prior_relative_gain,P_J,audit,B,same_residence,120,standard_independent,development_evaluation_person_weighted,3,3,True,0.009549627785143103,0.0005560675914116604,0.009549627785143103,0.0005560675914116604,3,True,False
signed_prior_relative_gain,P_J,audit,B,same_residence,120,expanded_independent,validation,3,3,True,0.008409057705970483,0.0017956368898315114,0.008409057705970483,0.0017956368898315114,3,True,False
signed_prior_relative_gain,P_J,audit,B,same_residence,120,expanded_independent,development_evaluation,3,3,True,0.007999038133688297,0.001428670726315008,0.007999038133688297,0.001428670726315008,3,True,False
signed_prior_relative_gain,P_J,audit,B,same_residence,120,expanded_independent,validation_person_weighted,3,3,True,0.009686648347954666,0.0014626758571861438,0.009686648347954666,0.0014626758571861438,3,True,False
signed_prior_relative_gain,P_J,audit,B,same_residence,120,expanded_independent,development_evaluation_person_weighted,3,3,True,0.009549627785143103,0.0005560675914116604,0.009549627785143103,0.0005560675914116604,3,True,False
signed_prior_relative_gain,P_J,audit,B,same_residence,120,expanded_catchup,validation,3,3,True,0.008409057705970483,0.0017956368898315114,0.008409057705970483,0.0017956368898315114,3,True,False
signed_prior_relative_gain,P_J,audit,B,same_residence,120,expanded_catchup,development_evaluation,3,3,True,0.007999038133688297,0.001428670726315008,0.007999038133688297,0.001428670726315008,3,True,False
signed_prior_relative_gain,P_J,audit,B,same_residence,120,expanded_catchup,validation_person_weighted,3,3,True,0.009686648347954666,0.0014626758571861438,0.009686648347954666,0.0014626758571861438,3,True,False
signed_prior_relative_gain,P_J,audit,B,same_residence,120,expanded_catchup,development_evaluation_person_weighted,3,3,True,0.009549627785143103,0.0005560675914116604,0.009549627785143103,0.0005560675914116604,3,True,False
signed_prior_relative_gain,P_J,audit,B,same_residence,360,standard_independent,validation,3,3,True,0.008435703676214415,0.0017992212961707153,0.008435703676214415,0.0017992212961707153,3,True,False
signed_prior_relative_gain,P_J,audit,B,same_residence,360,standard_independent,development_evaluation,3,3,True,0.007976008348324607,0.0013972255372273193,0.007976008348324607,0.0013972255372273193,3,True,False
signed_prior_relative_gain,P_J,audit,B,same_residence,360,standard_independent,validation_person_weighted,3,3,True,0.009580316660036337,0.0014872554954849903,0.009580316660036337,0.0014872554954849903,3,True,False
signed_prior_relative_gain,P_J,audit,B,same_residence,360,standard_independent,development_evaluation_person_weighted,3,3,True,0.009419126494004856,0.0003368910108725551,0.009419126494004856,0.0003368910108725551,3,True,False
signed_prior_relative_gain,P_J,audit,B,same_residence,360,expanded_independent,validation,3,3,True,0.008435703676214415,0.0017992212961707153,0.008435703676214415,0.0017992212961707153,3,True,False
signed_prior_relative_gain,P_J,audit,B,same_residence,360,expanded_independent,development_evaluation,3,3,True,0.007976008348324607,0.0013972255372273193,0.007976008348324607,0.0013972255372273193,3,True,False
signed_prior_relative_gain,P_J,audit,B,same_residence,360,expanded_independent,validation_person_weighted,3,3,True,0.009580316660036337,0.0014872554954849903,0.009580316660036337,0.0014872554954849903,3,True,False
signed_prior_relative_gain,P_J,audit,B,same_residence,360,expanded_independent,development_evaluation_person_weighted,3,3,True,0.009419126494004856,0.0003368910108725551,0.009419126494004856,0.0003368910108725551,3,True,False
signed_prior_relative_gain,P_J,audit,B,same_residence,360,expanded_catchup,validation,3,3,True,0.008435703676214415,0.0017992212961707153,0.008435703676214415,0.0017992212961707153,3,True,False
signed_prior_relative_gain,P_J,audit,B,same_residence,360,expanded_catchup,development_evaluation,3,3,True,0.007976008348324607,0.0013972255372273193,0.007976008348324607,0.0013972255372273193,3,True,False
signed_prior_relative_gain,P_J,audit,B,same_residence,360,expanded_catchup,validation_person_weighted,3,3,True,0.009580316660036337,0.0014872554954849903,0.009580316660036337,0.0014872554954849903,3,True,False
signed_prior_relative_gain,P_J,audit,B,same_residence,360,expanded_catchup,development_evaluation_person_weighted,3,3,True,0.009419126494004856,0.0003368910108725551,0.009419126494004856,0.0003368910108725551,3,True,False
signed_prior_relative_gain,P_J,audit,B,SEX,120,standard_independent,validation,3,3,True,0.0008635931837495484,0.00019994376187245695,0.0008635931837495484,0.00019994376187245695,3,True,False
signed_prior_relative_gain,P_J,audit,B,SEX,120,standard_independent,development_evaluation,3,3,True,-0.0006154124076502843,0.00010012396694806016,-0.0006154124076502843,0.00010012396694806016,3,True,False
signed_prior_relative_gain,P_J,audit,B,SEX,120,standard_independent,validation_person_weighted,3,3,True,0.0007048366472946673,0.0005505708516887254,0.0007048366472946673,0.0005505708516887254,3,True,False
signed_prior_relative_gain,P_J,audit,B,SEX,120,standard_independent,development_evaluation_person_weighted,3,3,True,-0.00032353820095883573,0.0003614452502084683,-0.00032353820095883573,0.0003614452502084683,3,True,False
signed_prior_relative_gain,P_J,audit,B,SEX,120,expanded_independent,validation,3,3,True,0.0008635931837495484,0.00019994376187245695,0.0008635931837495484,0.00019994376187245695,3,True,False
signed_prior_relative_gain,P_J,audit,B,SEX,120,expanded_independent,development_evaluation,3,3,True,-0.0006154124076502843,0.00010012396694806016,-0.0006154124076502843,0.00010012396694806016,3,True,False
signed_prior_relative_gain,P_J,audit,B,SEX,120,expanded_independent,validation_person_weighted,3,3,True,0.0007048366472946673,0.0005505708516887254,0.0007048366472946673,0.0005505708516887254,3,True,False
signed_prior_relative_gain,P_J,audit,B,SEX,120,expanded_independent,development_evaluation_person_weighted,3,3,True,-0.00032353820095883573,0.0003614452502084683,-0.00032353820095883573,0.0003614452502084683,3,True,False
signed_prior_relative_gain,P_J,audit,B,SEX,120,expanded_catchup,validation,3,3,True,0.000914878426279501,0.00028638831865837654,0.000914878426279501,0.00028638831865837654,3,True,False
signed_prior_relative_gain,P_J,audit,B,SEX,120,expanded_catchup,development_evaluation,3,3,True,-0.0004040330246257347,0.00032688053221397877,-0.0004040330246257347,0.00032688053221397877,3,True,False
signed_prior_relative_gain,P_J,audit,B,SEX,120,expanded_catchup,validation_person_weighted,3,3,True,0.0007270016909600718,0.0005790134604254463,0.0007270016909600718,0.0005790134604254463,3,True,False
signed_prior_relative_gain,P_J,audit,B,SEX,120,expanded_catchup,development_evaluation_person_weighted,3,3,True,-0.00016657544406821026,0.0001888785578530397,-0.00016657544406821026,0.0001888785578530397,3,True,False
signed_prior_relative_gain,P_J,audit,B,SEX,360,standard_independent,validation,3,3,True,0.0008635931837495484,0.00019994376187245695,0.0008635931837495484,0.00019994376187245695,3,True,False
signed_prior_relative_gain,P_J,audit,B,SEX,360,standard_independent,development_evaluation,3,3,True,-0.0006154124076502843,0.00010012396694806016,-0.0006154124076502843,0.00010012396694806016,3,True,False
signed_prior_relative_gain,P_J,audit,B,SEX,360,standard_independent,validation_person_weighted,3,3,True,0.0007048366472946673,0.0005505708516887254,0.0007048366472946673,0.0005505708516887254,3,True,False
signed_prior_relative_gain,P_J,audit,B,SEX,360,standard_independent,development_evaluation_person_weighted,3,3,True,-0.00032353820095883573,0.0003614452502084683,-0.00032353820095883573,0.0003614452502084683,3,True,False
signed_prior_relative_gain,P_J,audit,B,SEX,360,expanded_independent,validation,3,3,True,0.0008635931837495484,0.00019994376187245695,0.0008635931837495484,0.00019994376187245695,3,True,False
signed_prior_relative_gain,P_J,audit,B,SEX,360,expanded_independent,development_evaluation,3,3,True,-0.0006154124076502843,0.00010012396694806016,-0.0006154124076502843,0.00010012396694806016,3,True,False
signed_prior_relative_gain,P_J,audit,B,SEX,360,expanded_independent,validation_person_weighted,3,3,True,0.0007048366472946673,0.0005505708516887254,0.0007048366472946673,0.0005505708516887254,3,True,False
signed_prior_relative_gain,P_J,audit,B,SEX,360,expanded_independent,development_evaluation_person_weighted,3,3,True,-0.00032353820095883573,0.0003614452502084683,-0.00032353820095883573,0.0003614452502084683,3,True,False
signed_prior_relative_gain,P_J,audit,B,SEX,360,expanded_catchup,validation,3,3,True,0.000914878426279501,0.00028638831865837654,0.000914878426279501,0.00028638831865837654,3,True,False
signed_prior_relative_gain,P_J,audit,B,SEX,360,expanded_catchup,development_evaluation,3,3,True,-0.0004040330246257347,0.00032688053221397877,-0.0004040330246257347,0.00032688053221397877,3,True,False
signed_prior_relative_gain,P_J,audit,B,SEX,360,expanded_catchup,validation_person_weighted,3,3,True,0.0007270016909600718,0.0005790134604254463,0.0007270016909600718,0.0005790134604254463,3,True,False
signed_prior_relative_gain,P_J,audit,B,SEX,360,expanded_catchup,development_evaluation_person_weighted,3,3,True,-0.00016657544406821026,0.0001888785578530397,-0.00016657544406821026,0.0001888785578530397,3,True,False
signed_prior_relative_gain,P_J,audit,B,RAC1P,120,standard_independent,validation,3,3,True,0.01574268360862015,0.006535957738471124,0.01574268360862015,0.006535957738471124,3,True,False
signed_prior_relative_gain,P_J,audit,B,RAC1P,120,standard_independent,development_evaluation,3,3,True,0.019117054488935414,0.0020864638643281965,0.019117054488935414,0.0020864638643281965,3,True,False
signed_prior_relative_gain,P_J,audit,B,RAC1P,120,standard_independent,validation_person_weighted,3,3,True,0.0137390921359238,0.005704504138098875,0.0137390921359238,0.005704504138098875,3,True,False
signed_prior_relative_gain,P_J,audit,B,RAC1P,120,standard_independent,development_evaluation_person_weighted,3,3,True,0.0189462468700133,0.0015866208262634073,0.0189462468700133,0.0015866208262634073,3,True,False
signed_prior_relative_gain,P_J,audit,B,RAC1P,120,expanded_independent,validation,3,3,True,0.01574268360862015,0.006535957738471124,0.01574268360862015,0.006535957738471124,3,True,False
signed_prior_relative_gain,P_J,audit,B,RAC1P,120,expanded_independent,development_evaluation,3,3,True,0.019117054488935414,0.0020864638643281965,0.019117054488935414,0.0020864638643281965,3,True,False
signed_prior_relative_gain,P_J,audit,B,RAC1P,120,expanded_independent,validation_person_weighted,3,3,True,0.0137390921359238,0.005704504138098875,0.0137390921359238,0.005704504138098875,3,True,False
signed_prior_relative_gain,P_J,audit,B,RAC1P,120,expanded_independent,development_evaluation_person_weighted,3,3,True,0.0189462468700133,0.0015866208262634073,0.0189462468700133,0.0015866208262634073,3,True,False
signed_prior_relative_gain,P_J,audit,B,RAC1P,120,expanded_catchup,validation,3,3,True,0.017827353232404846,0.005397538035799648,0.017827353232404846,0.005397538035799648,3,True,False
signed_prior_relative_gain,P_J,audit,B,RAC1P,120,expanded_catchup,development_evaluation,3,3,True,0.019541247464242833,0.0020041620236568992,0.019541247464242833,0.0020041620236568992,3,True,False
signed_prior_relative_gain,P_J,audit,B,RAC1P,120,expanded_catchup,validation_person_weighted,3,3,True,0.016766988735284667,0.004426896851856177,0.016766988735284667,0.004426896851856177,3,True,False
signed_prior_relative_gain,P_J,audit,B,RAC1P,120,expanded_catchup,development_evaluation_person_weighted,3,3,True,0.019329532309136106,0.002753179840689616,0.019329532309136106,0.002753179840689616,3,True,False
signed_prior_relative_gain,P_J,audit,B,RAC1P,360,standard_independent,validation,3,3,True,0.01598397225329462,0.006354686390450371,0.01598397225329462,0.006354686390450371,3,True,False
signed_prior_relative_gain,P_J,audit,B,RAC1P,360,standard_independent,development_evaluation,3,3,True,0.018908114948705517,0.0024341319313617863,0.018908114948705517,0.0024341319313617863,3,True,False
signed_prior_relative_gain,P_J,audit,B,RAC1P,360,standard_independent,validation_person_weighted,3,3,True,0.013594456115176031,0.005690152026298994,0.013594456115176031,0.005690152026298994,3,True,False
signed_prior_relative_gain,P_J,audit,B,RAC1P,360,standard_independent,development_evaluation_person_weighted,3,3,True,0.018721512865607675,0.0012312512903971476,0.018721512865607675,0.0012312512903971476,3,True,False
signed_prior_relative_gain,P_J,audit,B,RAC1P,360,expanded_independent,validation,3,3,True,0.01598397225329462,0.006354686390450371,0.01598397225329462,0.006354686390450371,3,True,False
signed_prior_relative_gain,P_J,audit,B,RAC1P,360,expanded_independent,development_evaluation,3,3,True,0.018908114948705517,0.0024341319313617863,0.018908114948705517,0.0024341319313617863,3,True,False
signed_prior_relative_gain,P_J,audit,B,RAC1P,360,expanded_independent,validation_person_weighted,3,3,True,0.013594456115176031,0.005690152026298994,0.013594456115176031,0.005690152026298994,3,True,False
signed_prior_relative_gain,P_J,audit,B,RAC1P,360,expanded_independent,development_evaluation_person_weighted,3,3,True,0.018721512865607675,0.0012312512903971476,0.018721512865607675,0.0012312512903971476,3,True,False
signed_prior_relative_gain,P_J,audit,B,RAC1P,360,expanded_catchup,validation,3,3,True,0.017827353232404846,0.005397538035799648,0.017827353232404846,0.005397538035799648,3,True,False
signed_prior_relative_gain,P_J,audit,B,RAC1P,360,expanded_catchup,development_evaluation,3,3,True,0.019541247464242833,0.0020041620236568992,0.019541247464242833,0.0020041620236568992,3,True,False
signed_prior_relative_gain,P_J,audit,B,RAC1P,360,expanded_catchup,validation_person_weighted,3,3,True,0.016766988735284667,0.004426896851856177,0.016766988735284667,0.004426896851856177,3,True,False
signed_prior_relative_gain,P_J,audit,B,RAC1P,360,expanded_catchup,development_evaluation_person_weighted,3,3,True,0.019329532309136106,0.002753179840689616,0.019329532309136106,0.002753179840689616,3,True,False
signed_prior_relative_gain,P_J,audit,AB,SEX,120,standard_independent,validation,3,3,True,0.0038615024231903514,0.002293003457779749,0.0038615024231903514,0.002293003457779749,3,True,False
signed_prior_relative_gain,P_J,audit,AB,SEX,120,standard_independent,development_evaluation,3,3,True,0.0011074453022387927,0.002008645950457291,0.0011074453022387927,0.002008645950457291,3,True,False
signed_prior_relative_gain,P_J,audit,AB,SEX,120,standard_independent,validation_person_weighted,3,3,True,0.0042048271083622675,0.003579338497844758,0.0042048271083622675,0.003579338497844758,3,True,False
signed_prior_relative_gain,P_J,audit,AB,SEX,120,standard_independent,development_evaluation_person_weighted,3,3,True,-0.00013225626280455316,0.0037626517999502203,-0.00013225626280455316,0.0037626517999502203,3,True,False
signed_prior_relative_gain,P_J,audit,AB,SEX,120,expanded_independent,validation,3,3,True,0.0038615024231903514,0.002293003457779749,0.0038615024231903514,0.002293003457779749,3,True,False
signed_prior_relative_gain,P_J,audit,AB,SEX,120,expanded_independent,development_evaluation,3,3,True,0.0011074453022387927,0.002008645950457291,0.0011074453022387927,0.002008645950457291,3,True,False
signed_prior_relative_gain,P_J,audit,AB,SEX,120,expanded_independent,validation_person_weighted,3,3,True,0.0042048271083622675,0.003579338497844758,0.0042048271083622675,0.003579338497844758,3,True,False
signed_prior_relative_gain,P_J,audit,AB,SEX,120,expanded_independent,development_evaluation_person_weighted,3,3,True,-0.00013225626280455316,0.0037626517999502203,-0.00013225626280455316,0.0037626517999502203,3,True,False
signed_prior_relative_gain,P_J,audit,AB,SEX,120,expanded_catchup,validation,3,3,True,0.00488993454182544,0.0018945632650712218,0.00488993454182544,0.0018945632650712218,3,True,False
signed_prior_relative_gain,P_J,audit,AB,SEX,120,expanded_catchup,development_evaluation,3,3,True,0.0031949156931547393,0.0025347711170013777,0.0031949156931547393,0.0025347711170013777,3,True,False
signed_prior_relative_gain,P_J,audit,AB,SEX,120,expanded_catchup,validation_person_weighted,3,3,True,0.005789451167499626,0.0032404020135195044,0.005789451167499626,0.0032404020135195044,3,True,False
signed_prior_relative_gain,P_J,audit,AB,SEX,120,expanded_catchup,development_evaluation_person_weighted,3,3,True,0.0013629469127542555,0.005187749551387498,0.0013629469127542555,0.005187749551387498,3,True,False
signed_prior_relative_gain,P_J,audit,AB,SEX,360,standard_independent,validation,3,3,True,0.0038615024231903514,0.002293003457779749,0.0038615024231903514,0.002293003457779749,3,True,False
signed_prior_relative_gain,P_J,audit,AB,SEX,360,standard_independent,development_evaluation,3,3,True,0.0011074453022387927,0.002008645950457291,0.0011074453022387927,0.002008645950457291,3,True,False
signed_prior_relative_gain,P_J,audit,AB,SEX,360,standard_independent,validation_person_weighted,3,3,True,0.0042048271083622675,0.003579338497844758,0.0042048271083622675,0.003579338497844758,3,True,False
signed_prior_relative_gain,P_J,audit,AB,SEX,360,standard_independent,development_evaluation_person_weighted,3,3,True,-0.00013225626280455316,0.0037626517999502203,-0.00013225626280455316,0.0037626517999502203,3,True,False
signed_prior_relative_gain,P_J,audit,AB,SEX,360,expanded_independent,validation,3,3,True,0.0038615024231903514,0.002293003457779749,0.0038615024231903514,0.002293003457779749,3,True,False
signed_prior_relative_gain,P_J,audit,AB,SEX,360,expanded_independent,development_evaluation,3,3,True,0.0011074453022387927,0.002008645950457291,0.0011074453022387927,0.002008645950457291,3,True,False
signed_prior_relative_gain,P_J,audit,AB,SEX,360,expanded_independent,validation_person_weighted,3,3,True,0.0042048271083622675,0.003579338497844758,0.0042048271083622675,0.003579338497844758,3,True,False
signed_prior_relative_gain,P_J,audit,AB,SEX,360,expanded_independent,development_evaluation_person_weighted,3,3,True,-0.00013225626280455316,0.0037626517999502203,-0.00013225626280455316,0.0037626517999502203,3,True,False
signed_prior_relative_gain,P_J,audit,AB,SEX,360,expanded_catchup,validation,3,3,True,0.00488993454182544,0.0018945632650712218,0.00488993454182544,0.0018945632650712218,3,True,False
signed_prior_relative_gain,P_J,audit,AB,SEX,360,expanded_catchup,development_evaluation,3,3,True,0.0031949156931547393,0.0025347711170013777,0.0031949156931547393,0.0025347711170013777,3,True,False
signed_prior_relative_gain,P_J,audit,AB,SEX,360,expanded_catchup,validation_person_weighted,3,3,True,0.005789451167499626,0.0032404020135195044,0.005789451167499626,0.0032404020135195044,3,True,False
signed_prior_relative_gain,P_J,audit,AB,SEX,360,expanded_catchup,development_evaluation_person_weighted,3,3,True,0.0013629469127542555,0.005187749551387498,0.0013629469127542555,0.005187749551387498,3,True,False
signed_prior_relative_gain,P_J,audit,AB,RAC1P,120,standard_independent,validation,3,3,True,0.01922763097429181,0.007545240345660171,0.01922763097429181,0.007545240345660171,3,True,False
signed_prior_relative_gain,P_J,audit,AB,RAC1P,120,standard_independent,development_evaluation,3,3,True,0.020163394644560073,0.0029515696397101,0.020163394644560073,0.0029515696397101,3,True,False
signed_prior_relative_gain,P_J,audit,AB,RAC1P,120,standard_independent,validation_person_weighted,3,3,True,0.018501055792379928,0.006962512264046992,0.018501055792379928,0.006962512264046992,3,True,False
signed_prior_relative_gain,P_J,audit,AB,RAC1P,120,standard_independent,development_evaluation_person_weighted,3,3,True,0.020660441444964556,0.001156716087159223,0.020660441444964556,0.001156716087159223,3,True,False
signed_prior_relative_gain,P_J,audit,AB,RAC1P,120,expanded_independent,validation,3,3,True,0.01922763097429181,0.007545240345660171,0.01922763097429181,0.007545240345660171,3,True,False
signed_prior_relative_gain,P_J,audit,AB,RAC1P,120,expanded_independent,development_evaluation,3,3,True,0.020163394644560073,0.0029515696397101,0.020163394644560073,0.0029515696397101,3,True,False
signed_prior_relative_gain,P_J,audit,AB,RAC1P,120,expanded_independent,validation_person_weighted,3,3,True,0.018501055792379928,0.006962512264046992,0.018501055792379928,0.006962512264046992,3,True,False
signed_prior_relative_gain,P_J,audit,AB,RAC1P,120,expanded_independent,development_evaluation_person_weighted,3,3,True,0.020660441444964556,0.001156716087159223,0.020660441444964556,0.001156716087159223,3,True,False
signed_prior_relative_gain,P_J,audit,AB,RAC1P,120,expanded_catchup,validation,3,3,True,0.025473573817957895,0.005469541383539671,0.025473573817957895,0.005469541383539671,3,True,False
signed_prior_relative_gain,P_J,audit,AB,RAC1P,120,expanded_catchup,development_evaluation,3,3,True,0.02557489287222836,0.0009296719457021765,0.02557489287222836,0.0009296719457021765,3,True,False
signed_prior_relative_gain,P_J,audit,AB,RAC1P,120,expanded_catchup,validation_person_weighted,3,3,True,0.02472682072354493,0.007804128012964169,0.02472682072354493,0.007804128012964169,3,True,False
signed_prior_relative_gain,P_J,audit,AB,RAC1P,120,expanded_catchup,development_evaluation_person_weighted,3,3,True,0.026266961803138367,0.003440815871294548,0.026266961803138367,0.003440815871294548,3,True,False
signed_prior_relative_gain,P_J,audit,AB,RAC1P,360,standard_independent,validation,3,3,True,0.01946891961896628,0.0072160455067715795,0.01946891961896628,0.0072160455067715795,3,True,False
signed_prior_relative_gain,P_J,audit,AB,RAC1P,360,standard_independent,development_evaluation,3,3,True,0.019954455104330176,0.003307460601928163,0.019954455104330176,0.003307460601928163,3,True,False
signed_prior_relative_gain,P_J,audit,AB,RAC1P,360,standard_independent,validation_person_weighted,3,3,True,0.01835641977163216,0.00709783728120461,0.01835641977163216,0.00709783728120461,3,True,False
signed_prior_relative_gain,P_J,audit,AB,RAC1P,360,standard_independent,development_evaluation_person_weighted,3,3,True,0.02043570744055893,0.0012216053509797693,0.02043570744055893,0.0012216053509797693,3,True,False
signed_prior_relative_gain,P_J,audit,AB,RAC1P,360,expanded_independent,validation,3,3,True,0.01946891961896628,0.0072160455067715795,0.01946891961896628,0.0072160455067715795,3,True,False
signed_prior_relative_gain,P_J,audit,AB,RAC1P,360,expanded_independent,development_evaluation,3,3,True,0.019954455104330176,0.003307460601928163,0.019954455104330176,0.003307460601928163,3,True,False
signed_prior_relative_gain,P_J,audit,AB,RAC1P,360,expanded_independent,validation_person_weighted,3,3,True,0.01835641977163216,0.00709783728120461,0.01835641977163216,0.00709783728120461,3,True,False
signed_prior_relative_gain,P_J,audit,AB,RAC1P,360,expanded_independent,development_evaluation_person_weighted,3,3,True,0.02043570744055893,0.0012216053509797693,0.02043570744055893,0.0012216053509797693,3,True,False
signed_prior_relative_gain,P_J,audit,AB,RAC1P,360,expanded_catchup,validation,3,3,True,0.025473573817957895,0.005469541383539671,0.025473573817957895,0.005469541383539671,3,True,False
signed_prior_relative_gain,P_J,audit,AB,RAC1P,360,expanded_catchup,development_evaluation,3,3,True,0.02557489287222836,0.0009296719457021765,0.02557489287222836,0.0009296719457021765,3,True,False
signed_prior_relative_gain,P_J,audit,AB,RAC1P,360,expanded_catchup,validation_person_weighted,3,3,True,0.02472682072354493,0.007804128012964169,0.02472682072354493,0.007804128012964169,3,True,False
signed_prior_relative_gain,P_J,audit,AB,RAC1P,360,expanded_catchup,development_evaluation_person_weighted,3,3,True,0.026266961803138367,0.003440815871294548,0.026266961803138367,0.003440815871294548,3,True,False
signed_prior_relative_gain,E,audit,A,public_coverage,120,standard_independent,validation,3,3,True,0.03843431148489355,0.011509648033020773,0.03843431148489355,0.011509648033020773,3,True,False
signed_prior_relative_gain,E,audit,A,public_coverage,120,standard_independent,development_evaluation,3,3,True,0.04486859317094829,0.01918443555004942,0.04486859317094829,0.01918443555004942,3,True,False
signed_prior_relative_gain,E,audit,A,public_coverage,120,standard_independent,validation_person_weighted,3,3,True,0.03221754959246509,0.009487542896449796,0.03221754959246509,0.009487542896449796,3,True,False
signed_prior_relative_gain,E,audit,A,public_coverage,120,standard_independent,development_evaluation_person_weighted,3,3,True,0.04181536880404876,0.014812793339586967,0.04181536880404876,0.014812793339586967,3,True,False
signed_prior_relative_gain,E,audit,A,public_coverage,120,expanded_independent,validation,3,3,True,0.03843431148489355,0.011509648033020773,0.03843431148489355,0.011509648033020773,3,True,False
signed_prior_relative_gain,E,audit,A,public_coverage,120,expanded_independent,development_evaluation,3,3,True,0.04486859317094829,0.01918443555004942,0.04486859317094829,0.01918443555004942,3,True,False
signed_prior_relative_gain,E,audit,A,public_coverage,120,expanded_independent,validation_person_weighted,3,3,True,0.03221754959246509,0.009487542896449796,0.03221754959246509,0.009487542896449796,3,True,False
signed_prior_relative_gain,E,audit,A,public_coverage,120,expanded_independent,development_evaluation_person_weighted,3,3,True,0.04181536880404876,0.014812793339586967,0.04181536880404876,0.014812793339586967,3,True,False
signed_prior_relative_gain,E,audit,A,public_coverage,120,expanded_catchup,validation,3,3,True,0.03843431148489355,0.011509648033020773,0.03843431148489355,0.011509648033020773,3,True,False
signed_prior_relative_gain,E,audit,A,public_coverage,120,expanded_catchup,development_evaluation,3,3,True,0.04486859317094829,0.01918443555004942,0.04486859317094829,0.01918443555004942,3,True,False
signed_prior_relative_gain,E,audit,A,public_coverage,120,expanded_catchup,validation_person_weighted,3,3,True,0.03221754959246509,0.009487542896449796,0.03221754959246509,0.009487542896449796,3,True,False
signed_prior_relative_gain,E,audit,A,public_coverage,120,expanded_catchup,development_evaluation_person_weighted,3,3,True,0.04181536880404876,0.014812793339586967,0.04181536880404876,0.014812793339586967,3,True,False
signed_prior_relative_gain,E,audit,A,public_coverage,360,standard_independent,validation,3,3,True,0.03843431148489355,0.011509648033020773,0.03843431148489355,0.011509648033020773,3,True,False
signed_prior_relative_gain,E,audit,A,public_coverage,360,standard_independent,development_evaluation,3,3,True,0.04486859317094829,0.01918443555004942,0.04486859317094829,0.01918443555004942,3,True,False
signed_prior_relative_gain,E,audit,A,public_coverage,360,standard_independent,validation_person_weighted,3,3,True,0.03221754959246509,0.009487542896449796,0.03221754959246509,0.009487542896449796,3,True,False
signed_prior_relative_gain,E,audit,A,public_coverage,360,standard_independent,development_evaluation_person_weighted,3,3,True,0.04181536880404876,0.014812793339586967,0.04181536880404876,0.014812793339586967,3,True,False
signed_prior_relative_gain,E,audit,A,public_coverage,360,expanded_independent,validation,3,3,True,0.03843431148489355,0.011509648033020773,0.03843431148489355,0.011509648033020773,3,True,False
signed_prior_relative_gain,E,audit,A,public_coverage,360,expanded_independent,development_evaluation,3,3,True,0.04486859317094829,0.01918443555004942,0.04486859317094829,0.01918443555004942,3,True,False
signed_prior_relative_gain,E,audit,A,public_coverage,360,expanded_independent,validation_person_weighted,3,3,True,0.03221754959246509,0.009487542896449796,0.03221754959246509,0.009487542896449796,3,True,False
signed_prior_relative_gain,E,audit,A,public_coverage,360,expanded_independent,development_evaluation_person_weighted,3,3,True,0.04181536880404876,0.014812793339586967,0.04181536880404876,0.014812793339586967,3,True,False
signed_prior_relative_gain,E,audit,A,public_coverage,360,expanded_catchup,validation,3,3,True,0.03843431148489355,0.011509648033020773,0.03843431148489355,0.011509648033020773,3,True,False
signed_prior_relative_gain,E,audit,A,public_coverage,360,expanded_catchup,development_evaluation,3,3,True,0.04486859317094829,0.01918443555004942,0.04486859317094829,0.01918443555004942,3,True,False
signed_prior_relative_gain,E,audit,A,public_coverage,360,expanded_catchup,validation_person_weighted,3,3,True,0.03221754959246509,0.009487542896449796,0.03221754959246509,0.009487542896449796,3,True,False
signed_prior_relative_gain,E,audit,A,public_coverage,360,expanded_catchup,development_evaluation_person_weighted,3,3,True,0.04181536880404876,0.014812793339586967,0.04181536880404876,0.014812793339586967,3,True,False
signed_prior_relative_gain,E,audit,A,commute_over20,120,standard_independent,validation,3,3,True,0.009262974371829732,0.0039139051126391355,0.009262974371829732,0.0039139051126391355,3,True,False
signed_prior_relative_gain,E,audit,A,commute_over20,120,standard_independent,development_evaluation,3,3,True,0.010661906583331845,0.004483295791732109,0.010661906583331845,0.004483295791732109,3,True,False
signed_prior_relative_gain,E,audit,A,commute_over20,120,standard_independent,validation_person_weighted,3,3,True,0.006780733112681865,0.0051213384402584656,0.006780733112681865,0.0051213384402584656,3,True,False
signed_prior_relative_gain,E,audit,A,commute_over20,120,standard_independent,development_evaluation_person_weighted,3,3,True,0.009055628844644392,0.0014849986272489582,0.009055628844644392,0.0014849986272489582,3,True,False
signed_prior_relative_gain,E,audit,A,commute_over20,120,expanded_independent,validation,3,3,True,0.009262974371829732,0.0039139051126391355,0.009262974371829732,0.0039139051126391355,3,True,False
signed_prior_relative_gain,E,audit,A,commute_over20,120,expanded_independent,development_evaluation,3,3,True,0.010661906583331845,0.004483295791732109,0.010661906583331845,0.004483295791732109,3,True,False
signed_prior_relative_gain,E,audit,A,commute_over20,120,expanded_independent,validation_person_weighted,3,3,True,0.006780733112681865,0.0051213384402584656,0.006780733112681865,0.0051213384402584656,3,True,False
signed_prior_relative_gain,E,audit,A,commute_over20,120,expanded_independent,development_evaluation_person_weighted,3,3,True,0.009055628844644392,0.0014849986272489582,0.009055628844644392,0.0014849986272489582,3,True,False
signed_prior_relative_gain,E,audit,A,commute_over20,120,expanded_catchup,validation,3,3,True,0.009262974371829732,0.0039139051126391355,0.009262974371829732,0.0039139051126391355,3,True,False
signed_prior_relative_gain,E,audit,A,commute_over20,120,expanded_catchup,development_evaluation,3,3,True,0.010661906583331845,0.004483295791732109,0.010661906583331845,0.004483295791732109,3,True,False
signed_prior_relative_gain,E,audit,A,commute_over20,120,expanded_catchup,validation_person_weighted,3,3,True,0.006780733112681865,0.0051213384402584656,0.006780733112681865,0.0051213384402584656,3,True,False
signed_prior_relative_gain,E,audit,A,commute_over20,120,expanded_catchup,development_evaluation_person_weighted,3,3,True,0.009055628844644392,0.0014849986272489582,0.009055628844644392,0.0014849986272489582,3,True,False
signed_prior_relative_gain,E,audit,A,commute_over20,360,standard_independent,validation,3,3,True,0.009262974371829732,0.0039139051126391355,0.009262974371829732,0.0039139051126391355,3,True,False
signed_prior_relative_gain,E,audit,A,commute_over20,360,standard_independent,development_evaluation,3,3,True,0.010661906583331845,0.004483295791732109,0.010661906583331845,0.004483295791732109,3,True,False
signed_prior_relative_gain,E,audit,A,commute_over20,360,standard_independent,validation_person_weighted,3,3,True,0.006780733112681865,0.0051213384402584656,0.006780733112681865,0.0051213384402584656,3,True,False
signed_prior_relative_gain,E,audit,A,commute_over20,360,standard_independent,development_evaluation_person_weighted,3,3,True,0.009055628844644392,0.0014849986272489582,0.009055628844644392,0.0014849986272489582,3,True,False
signed_prior_relative_gain,E,audit,A,commute_over20,360,expanded_independent,validation,3,3,True,0.009262974371829732,0.0039139051126391355,0.009262974371829732,0.0039139051126391355,3,True,False
signed_prior_relative_gain,E,audit,A,commute_over20,360,expanded_independent,development_evaluation,3,3,True,0.010661906583331845,0.004483295791732109,0.010661906583331845,0.004483295791732109,3,True,False
signed_prior_relative_gain,E,audit,A,commute_over20,360,expanded_independent,validation_person_weighted,3,3,True,0.006780733112681865,0.0051213384402584656,0.006780733112681865,0.0051213384402584656,3,True,False
signed_prior_relative_gain,E,audit,A,commute_over20,360,expanded_independent,development_evaluation_person_weighted,3,3,True,0.009055628844644392,0.0014849986272489582,0.009055628844644392,0.0014849986272489582,3,True,False
signed_prior_relative_gain,E,audit,A,commute_over20,360,expanded_catchup,validation,3,3,True,0.009262974371829732,0.0039139051126391355,0.009262974371829732,0.0039139051126391355,3,True,False
signed_prior_relative_gain,E,audit,A,commute_over20,360,expanded_catchup,development_evaluation,3,3,True,0.010661906583331845,0.004483295791732109,0.010661906583331845,0.004483295791732109,3,True,False
signed_prior_relative_gain,E,audit,A,commute_over20,360,expanded_catchup,validation_person_weighted,3,3,True,0.006780733112681865,0.0051213384402584656,0.006780733112681865,0.0051213384402584656,3,True,False
signed_prior_relative_gain,E,audit,A,commute_over20,360,expanded_catchup,development_evaluation_person_weighted,3,3,True,0.009055628844644392,0.0014849986272489582,0.009055628844644392,0.0014849986272489582,3,True,False
signed_prior_relative_gain,E,audit,A,SEX,120,standard_independent,validation,3,3,True,0.00931795957226352,0.0043579621606908885,0.00931795957226352,0.0043579621606908885,3,True,False
signed_prior_relative_gain,E,audit,A,SEX,120,standard_independent,development_evaluation,3,3,True,0.008736431365762595,0.002941800625421509,0.008736431365762595,0.002941800625421509,3,True,False
signed_prior_relative_gain,E,audit,A,SEX,120,standard_independent,validation_person_weighted,3,3,True,0.007716061270920209,0.0019574280880562617,0.007716061270920209,0.0019574280880562617,3,True,False
signed_prior_relative_gain,E,audit,A,SEX,120,standard_independent,development_evaluation_person_weighted,3,3,True,0.005873996438305366,0.0028637321217196286,0.005873996438305366,0.0028637321217196286,3,True,False
signed_prior_relative_gain,E,audit,A,SEX,120,expanded_independent,validation,3,3,True,0.00931795957226352,0.0043579621606908885,0.00931795957226352,0.0043579621606908885,3,True,False
signed_prior_relative_gain,E,audit,A,SEX,120,expanded_independent,development_evaluation,3,3,True,0.008736431365762595,0.002941800625421509,0.008736431365762595,0.002941800625421509,3,True,False
signed_prior_relative_gain,E,audit,A,SEX,120,expanded_independent,validation_person_weighted,3,3,True,0.007716061270920209,0.0019574280880562617,0.007716061270920209,0.0019574280880562617,3,True,False
signed_prior_relative_gain,E,audit,A,SEX,120,expanded_independent,development_evaluation_person_weighted,3,3,True,0.005873996438305366,0.0028637321217196286,0.005873996438305366,0.0028637321217196286,3,True,False
signed_prior_relative_gain,E,audit,A,SEX,120,expanded_catchup,validation,3,3,True,0.00931795957226352,0.0043579621606908885,0.00931795957226352,0.0043579621606908885,3,True,False
signed_prior_relative_gain,E,audit,A,SEX,120,expanded_catchup,development_evaluation,3,3,True,0.008736431365762595,0.002941800625421509,0.008736431365762595,0.002941800625421509,3,True,False
signed_prior_relative_gain,E,audit,A,SEX,120,expanded_catchup,validation_person_weighted,3,3,True,0.007716061270920209,0.0019574280880562617,0.007716061270920209,0.0019574280880562617,3,True,False
signed_prior_relative_gain,E,audit,A,SEX,120,expanded_catchup,development_evaluation_person_weighted,3,3,True,0.005873996438305366,0.0028637321217196286,0.005873996438305366,0.0028637321217196286,3,True,False
signed_prior_relative_gain,E,audit,A,SEX,360,standard_independent,validation,3,3,True,0.00931795957226352,0.0043579621606908885,0.00931795957226352,0.0043579621606908885,3,True,False
signed_prior_relative_gain,E,audit,A,SEX,360,standard_independent,development_evaluation,3,3,True,0.008736431365762595,0.002941800625421509,0.008736431365762595,0.002941800625421509,3,True,False
signed_prior_relative_gain,E,audit,A,SEX,360,standard_independent,validation_person_weighted,3,3,True,0.007716061270920209,0.0019574280880562617,0.007716061270920209,0.0019574280880562617,3,True,False
signed_prior_relative_gain,E,audit,A,SEX,360,standard_independent,development_evaluation_person_weighted,3,3,True,0.005873996438305366,0.0028637321217196286,0.005873996438305366,0.0028637321217196286,3,True,False
signed_prior_relative_gain,E,audit,A,SEX,360,expanded_independent,validation,3,3,True,0.00931795957226352,0.0043579621606908885,0.00931795957226352,0.0043579621606908885,3,True,False
signed_prior_relative_gain,E,audit,A,SEX,360,expanded_independent,development_evaluation,3,3,True,0.008736431365762595,0.002941800625421509,0.008736431365762595,0.002941800625421509,3,True,False
signed_prior_relative_gain,E,audit,A,SEX,360,expanded_independent,validation_person_weighted,3,3,True,0.007716061270920209,0.0019574280880562617,0.007716061270920209,0.0019574280880562617,3,True,False
signed_prior_relative_gain,E,audit,A,SEX,360,expanded_independent,development_evaluation_person_weighted,3,3,True,0.005873996438305366,0.0028637321217196286,0.005873996438305366,0.0028637321217196286,3,True,False
signed_prior_relative_gain,E,audit,A,SEX,360,expanded_catchup,validation,3,3,True,0.00931795957226352,0.0043579621606908885,0.00931795957226352,0.0043579621606908885,3,True,False
signed_prior_relative_gain,E,audit,A,SEX,360,expanded_catchup,development_evaluation,3,3,True,0.008736431365762595,0.002941800625421509,0.008736431365762595,0.002941800625421509,3,True,False
signed_prior_relative_gain,E,audit,A,SEX,360,expanded_catchup,validation_person_weighted,3,3,True,0.007716061270920209,0.0019574280880562617,0.007716061270920209,0.0019574280880562617,3,True,False
signed_prior_relative_gain,E,audit,A,SEX,360,expanded_catchup,development_evaluation_person_weighted,3,3,True,0.005873996438305366,0.0028637321217196286,0.005873996438305366,0.0028637321217196286,3,True,False
signed_prior_relative_gain,E,audit,A,RAC1P,120,standard_independent,validation,3,3,True,0.04077040732624656,0.019456367686091967,0.04077040732624656,0.019456367686091967,3,True,False
signed_prior_relative_gain,E,audit,A,RAC1P,120,standard_independent,development_evaluation,3,3,True,0.04810798160849942,0.0031744307060613246,0.04810798160849942,0.0031744307060613246,3,True,False
signed_prior_relative_gain,E,audit,A,RAC1P,120,standard_independent,validation_person_weighted,3,3,True,0.03902879700852124,0.01654973034212505,0.03902879700852124,0.01654973034212505,3,True,False
signed_prior_relative_gain,E,audit,A,RAC1P,120,standard_independent,development_evaluation_person_weighted,3,3,True,0.042452858225920855,0.0023473071424028637,0.042452858225920855,0.0023473071424028637,3,True,False
signed_prior_relative_gain,E,audit,A,RAC1P,120,expanded_independent,validation,3,3,True,0.04077040732624656,0.019456367686091967,0.04077040732624656,0.019456367686091967,3,True,False
signed_prior_relative_gain,E,audit,A,RAC1P,120,expanded_independent,development_evaluation,3,3,True,0.04810798160849942,0.0031744307060613246,0.04810798160849942,0.0031744307060613246,3,True,False
signed_prior_relative_gain,E,audit,A,RAC1P,120,expanded_independent,validation_person_weighted,3,3,True,0.03902879700852124,0.01654973034212505,0.03902879700852124,0.01654973034212505,3,True,False
signed_prior_relative_gain,E,audit,A,RAC1P,120,expanded_independent,development_evaluation_person_weighted,3,3,True,0.042452858225920855,0.0023473071424028637,0.042452858225920855,0.0023473071424028637,3,True,False
signed_prior_relative_gain,E,audit,A,RAC1P,120,expanded_catchup,validation,3,3,True,0.04077040732624656,0.019456367686091967,0.04077040732624656,0.019456367686091967,3,True,False
signed_prior_relative_gain,E,audit,A,RAC1P,120,expanded_catchup,development_evaluation,3,3,True,0.04810798160849942,0.0031744307060613246,0.04810798160849942,0.0031744307060613246,3,True,False
signed_prior_relative_gain,E,audit,A,RAC1P,120,expanded_catchup,validation_person_weighted,3,3,True,0.03902879700852124,0.01654973034212505,0.03902879700852124,0.01654973034212505,3,True,False
signed_prior_relative_gain,E,audit,A,RAC1P,120,expanded_catchup,development_evaluation_person_weighted,3,3,True,0.042452858225920855,0.0023473071424028637,0.042452858225920855,0.0023473071424028637,3,True,False
signed_prior_relative_gain,E,audit,A,RAC1P,360,standard_independent,validation,3,3,True,0.04077040732624656,0.019456367686091967,0.04077040732624656,0.019456367686091967,3,True,False
signed_prior_relative_gain,E,audit,A,RAC1P,360,standard_independent,development_evaluation,3,3,True,0.04810798160849942,0.0031744307060613246,0.04810798160849942,0.0031744307060613246,3,True,False
signed_prior_relative_gain,E,audit,A,RAC1P,360,standard_independent,validation_person_weighted,3,3,True,0.03902879700852124,0.01654973034212505,0.03902879700852124,0.01654973034212505,3,True,False
signed_prior_relative_gain,E,audit,A,RAC1P,360,standard_independent,development_evaluation_person_weighted,3,3,True,0.042452858225920855,0.0023473071424028637,0.042452858225920855,0.0023473071424028637,3,True,False
signed_prior_relative_gain,E,audit,A,RAC1P,360,expanded_independent,validation,3,3,True,0.04077040732624656,0.019456367686091967,0.04077040732624656,0.019456367686091967,3,True,False
signed_prior_relative_gain,E,audit,A,RAC1P,360,expanded_independent,development_evaluation,3,3,True,0.04810798160849942,0.0031744307060613246,0.04810798160849942,0.0031744307060613246,3,True,False
signed_prior_relative_gain,E,audit,A,RAC1P,360,expanded_independent,validation_person_weighted,3,3,True,0.03902879700852124,0.01654973034212505,0.03902879700852124,0.01654973034212505,3,True,False
signed_prior_relative_gain,E,audit,A,RAC1P,360,expanded_independent,development_evaluation_person_weighted,3,3,True,0.042452858225920855,0.0023473071424028637,0.042452858225920855,0.0023473071424028637,3,True,False
signed_prior_relative_gain,E,audit,A,RAC1P,360,expanded_catchup,validation,3,3,True,0.04077040732624656,0.019456367686091967,0.04077040732624656,0.019456367686091967,3,True,False
signed_prior_relative_gain,E,audit,A,RAC1P,360,expanded_catchup,development_evaluation,3,3,True,0.04810798160849942,0.0031744307060613246,0.04810798160849942,0.0031744307060613246,3,True,False
signed_prior_relative_gain,E,audit,A,RAC1P,360,expanded_catchup,validation_person_weighted,3,3,True,0.03902879700852124,0.01654973034212505,0.03902879700852124,0.01654973034212505,3,True,False
signed_prior_relative_gain,E,audit,A,RAC1P,360,expanded_catchup,development_evaluation_person_weighted,3,3,True,0.042452858225920855,0.0023473071424028637,0.042452858225920855,0.0023473071424028637,3,True,False
signed_prior_relative_gain,E,audit,B,income_binary,120,standard_independent,validation,3,3,True,0.1262516686867388,0.014006067650037424,0.1262516686867388,0.014006067650037424,3,True,False
signed_prior_relative_gain,E,audit,B,income_binary,120,standard_independent,development_evaluation,3,3,True,0.13949158504483436,0.016331508501405186,0.13949158504483436,0.016331508501405186,3,True,False
signed_prior_relative_gain,E,audit,B,income_binary,120,standard_independent,validation_person_weighted,3,3,True,0.12584784748134628,0.010789851222705501,0.12584784748134628,0.010789851222705501,3,True,False
signed_prior_relative_gain,E,audit,B,income_binary,120,standard_independent,development_evaluation_person_weighted,3,3,True,0.12997554958164173,0.017649163846937585,0.12997554958164173,0.017649163846937585,3,True,False
signed_prior_relative_gain,E,audit,B,income_binary,120,expanded_independent,validation,3,3,True,0.1262516686867388,0.014006067650037424,0.1262516686867388,0.014006067650037424,3,True,False
signed_prior_relative_gain,E,audit,B,income_binary,120,expanded_independent,development_evaluation,3,3,True,0.13949158504483436,0.016331508501405186,0.13949158504483436,0.016331508501405186,3,True,False
signed_prior_relative_gain,E,audit,B,income_binary,120,expanded_independent,validation_person_weighted,3,3,True,0.12584784748134628,0.010789851222705501,0.12584784748134628,0.010789851222705501,3,True,False
signed_prior_relative_gain,E,audit,B,income_binary,120,expanded_independent,development_evaluation_person_weighted,3,3,True,0.12997554958164173,0.017649163846937585,0.12997554958164173,0.017649163846937585,3,True,False
signed_prior_relative_gain,E,audit,B,income_binary,120,expanded_catchup,validation,3,3,True,0.1262516686867388,0.014006067650037424,0.1262516686867388,0.014006067650037424,3,True,False
signed_prior_relative_gain,E,audit,B,income_binary,120,expanded_catchup,development_evaluation,3,3,True,0.13949158504483436,0.016331508501405186,0.13949158504483436,0.016331508501405186,3,True,False
signed_prior_relative_gain,E,audit,B,income_binary,120,expanded_catchup,validation_person_weighted,3,3,True,0.12584784748134628,0.010789851222705501,0.12584784748134628,0.010789851222705501,3,True,False
signed_prior_relative_gain,E,audit,B,income_binary,120,expanded_catchup,development_evaluation_person_weighted,3,3,True,0.12997554958164173,0.017649163846937585,0.12997554958164173,0.017649163846937585,3,True,False
signed_prior_relative_gain,E,audit,B,income_binary,360,standard_independent,validation,3,3,True,0.1262516686867388,0.014006067650037424,0.1262516686867388,0.014006067650037424,3,True,False
signed_prior_relative_gain,E,audit,B,income_binary,360,standard_independent,development_evaluation,3,3,True,0.13949158504483436,0.016331508501405186,0.13949158504483436,0.016331508501405186,3,True,False
signed_prior_relative_gain,E,audit,B,income_binary,360,standard_independent,validation_person_weighted,3,3,True,0.12584784748134628,0.010789851222705501,0.12584784748134628,0.010789851222705501,3,True,False
signed_prior_relative_gain,E,audit,B,income_binary,360,standard_independent,development_evaluation_person_weighted,3,3,True,0.12997554958164173,0.017649163846937585,0.12997554958164173,0.017649163846937585,3,True,False
signed_prior_relative_gain,E,audit,B,income_binary,360,expanded_independent,validation,3,3,True,0.1262516686867388,0.014006067650037424,0.1262516686867388,0.014006067650037424,3,True,False
signed_prior_relative_gain,E,audit,B,income_binary,360,expanded_independent,development_evaluation,3,3,True,0.13949158504483436,0.016331508501405186,0.13949158504483436,0.016331508501405186,3,True,False
signed_prior_relative_gain,E,audit,B,income_binary,360,expanded_independent,validation_person_weighted,3,3,True,0.12584784748134628,0.010789851222705501,0.12584784748134628,0.010789851222705501,3,True,False
signed_prior_relative_gain,E,audit,B,income_binary,360,expanded_independent,development_evaluation_person_weighted,3,3,True,0.12997554958164173,0.017649163846937585,0.12997554958164173,0.017649163846937585,3,True,False
signed_prior_relative_gain,E,audit,B,income_binary,360,expanded_catchup,validation,3,3,True,0.1262516686867388,0.014006067650037424,0.1262516686867388,0.014006067650037424,3,True,False
signed_prior_relative_gain,E,audit,B,income_binary,360,expanded_catchup,development_evaluation,3,3,True,0.13949158504483436,0.016331508501405186,0.13949158504483436,0.016331508501405186,3,True,False
signed_prior_relative_gain,E,audit,B,income_binary,360,expanded_catchup,validation_person_weighted,3,3,True,0.12584784748134628,0.010789851222705501,0.12584784748134628,0.010789851222705501,3,True,False
signed_prior_relative_gain,E,audit,B,income_binary,360,expanded_catchup,development_evaluation_person_weighted,3,3,True,0.12997554958164173,0.017649163846937585,0.12997554958164173,0.017649163846937585,3,True,False
signed_prior_relative_gain,E,audit,B,civilian_at_work,120,standard_independent,validation,3,3,True,0.258858256237316,0.03930411705305775,0.258858256237316,0.03930411705305775,3,True,False
signed_prior_relative_gain,E,audit,B,civilian_at_work,120,standard_independent,development_evaluation,3,3,True,0.2640490293592079,0.018388953634644763,0.2640490293592079,0.018388953634644763,3,True,False
signed_prior_relative_gain,E,audit,B,civilian_at_work,120,standard_independent,validation_person_weighted,3,3,True,0.26244749984800503,0.04453168416027992,0.26244749984800503,0.04453168416027992,3,True,False
signed_prior_relative_gain,E,audit,B,civilian_at_work,120,standard_independent,development_evaluation_person_weighted,3,3,True,0.267154026221596,0.020527819795270758,0.267154026221596,0.020527819795270758,3,True,False
signed_prior_relative_gain,E,audit,B,civilian_at_work,120,expanded_independent,validation,3,3,True,0.258858256237316,0.03930411705305775,0.258858256237316,0.03930411705305775,3,True,False
signed_prior_relative_gain,E,audit,B,civilian_at_work,120,expanded_independent,development_evaluation,3,3,True,0.2640490293592079,0.018388953634644763,0.2640490293592079,0.018388953634644763,3,True,False
signed_prior_relative_gain,E,audit,B,civilian_at_work,120,expanded_independent,validation_person_weighted,3,3,True,0.26244749984800503,0.04453168416027992,0.26244749984800503,0.04453168416027992,3,True,False
signed_prior_relative_gain,E,audit,B,civilian_at_work,120,expanded_independent,development_evaluation_person_weighted,3,3,True,0.267154026221596,0.020527819795270758,0.267154026221596,0.020527819795270758,3,True,False
signed_prior_relative_gain,E,audit,B,civilian_at_work,120,expanded_catchup,validation,3,3,True,0.258858256237316,0.03930411705305775,0.258858256237316,0.03930411705305775,3,True,False
signed_prior_relative_gain,E,audit,B,civilian_at_work,120,expanded_catchup,development_evaluation,3,3,True,0.2640490293592079,0.018388953634644763,0.2640490293592079,0.018388953634644763,3,True,False
signed_prior_relative_gain,E,audit,B,civilian_at_work,120,expanded_catchup,validation_person_weighted,3,3,True,0.26244749984800503,0.04453168416027992,0.26244749984800503,0.04453168416027992,3,True,False
signed_prior_relative_gain,E,audit,B,civilian_at_work,120,expanded_catchup,development_evaluation_person_weighted,3,3,True,0.267154026221596,0.020527819795270758,0.267154026221596,0.020527819795270758,3,True,False
signed_prior_relative_gain,E,audit,B,civilian_at_work,360,standard_independent,validation,3,3,True,0.25980167722033276,0.03772653187890586,0.25980167722033276,0.03772653187890586,3,True,False
signed_prior_relative_gain,E,audit,B,civilian_at_work,360,standard_independent,development_evaluation,3,3,True,0.2643373305350057,0.017908192679379674,0.2643373305350057,0.017908192679379674,3,True,False
signed_prior_relative_gain,E,audit,B,civilian_at_work,360,standard_independent,validation_person_weighted,3,3,True,0.26357949024517724,0.042586445987465964,0.26357949024517724,0.042586445987465964,3,True,False
signed_prior_relative_gain,E,audit,B,civilian_at_work,360,standard_independent,development_evaluation_person_weighted,3,3,True,0.26750655985941174,0.019920229809996696,0.26750655985941174,0.019920229809996696,3,True,False
signed_prior_relative_gain,E,audit,B,civilian_at_work,360,expanded_independent,validation,3,3,True,0.25980167722033276,0.03772653187890586,0.25980167722033276,0.03772653187890586,3,True,False
signed_prior_relative_gain,E,audit,B,civilian_at_work,360,expanded_independent,development_evaluation,3,3,True,0.2643373305350057,0.017908192679379674,0.2643373305350057,0.017908192679379674,3,True,False
signed_prior_relative_gain,E,audit,B,civilian_at_work,360,expanded_independent,validation_person_weighted,3,3,True,0.26357949024517724,0.042586445987465964,0.26357949024517724,0.042586445987465964,3,True,False
signed_prior_relative_gain,E,audit,B,civilian_at_work,360,expanded_independent,development_evaluation_person_weighted,3,3,True,0.26750655985941174,0.019920229809996696,0.26750655985941174,0.019920229809996696,3,True,False
signed_prior_relative_gain,E,audit,B,civilian_at_work,360,expanded_catchup,validation,3,3,True,0.25980167722033276,0.03772653187890586,0.25980167722033276,0.03772653187890586,3,True,False
signed_prior_relative_gain,E,audit,B,civilian_at_work,360,expanded_catchup,development_evaluation,3,3,True,0.2643373305350057,0.017908192679379674,0.2643373305350057,0.017908192679379674,3,True,False
signed_prior_relative_gain,E,audit,B,civilian_at_work,360,expanded_catchup,validation_person_weighted,3,3,True,0.26357949024517724,0.042586445987465964,0.26357949024517724,0.042586445987465964,3,True,False
signed_prior_relative_gain,E,audit,B,civilian_at_work,360,expanded_catchup,development_evaluation_person_weighted,3,3,True,0.26750655985941174,0.019920229809996696,0.26750655985941174,0.019920229809996696,3,True,False
signed_prior_relative_gain,E,audit,B,same_residence,120,standard_independent,validation,3,3,True,0.04073730967244891,0.0059248781572588645,0.04073730967244891,0.0059248781572588645,3,True,False
signed_prior_relative_gain,E,audit,B,same_residence,120,standard_independent,development_evaluation,3,3,True,0.03814042190026379,0.006577105953437296,0.03814042190026379,0.006577105953437296,3,True,False
signed_prior_relative_gain,E,audit,B,same_residence,120,standard_independent,validation_person_weighted,3,3,True,0.03843922115566548,0.010780565776143593,0.03843922115566548,0.010780565776143593,3,True,False
signed_prior_relative_gain,E,audit,B,same_residence,120,standard_independent,development_evaluation_person_weighted,3,3,True,0.032935420432024985,0.006209544354530792,0.032935420432024985,0.006209544354530792,3,True,False
signed_prior_relative_gain,E,audit,B,same_residence,120,expanded_independent,validation,3,3,True,0.04073730967244891,0.0059248781572588645,0.04073730967244891,0.0059248781572588645,3,True,False
signed_prior_relative_gain,E,audit,B,same_residence,120,expanded_independent,development_evaluation,3,3,True,0.03814042190026379,0.006577105953437296,0.03814042190026379,0.006577105953437296,3,True,False
signed_prior_relative_gain,E,audit,B,same_residence,120,expanded_independent,validation_person_weighted,3,3,True,0.03843922115566548,0.010780565776143593,0.03843922115566548,0.010780565776143593,3,True,False
signed_prior_relative_gain,E,audit,B,same_residence,120,expanded_independent,development_evaluation_person_weighted,3,3,True,0.032935420432024985,0.006209544354530792,0.032935420432024985,0.006209544354530792,3,True,False
signed_prior_relative_gain,E,audit,B,same_residence,120,expanded_catchup,validation,3,3,True,0.04073730967244891,0.0059248781572588645,0.04073730967244891,0.0059248781572588645,3,True,False
signed_prior_relative_gain,E,audit,B,same_residence,120,expanded_catchup,development_evaluation,3,3,True,0.03814042190026379,0.006577105953437296,0.03814042190026379,0.006577105953437296,3,True,False
signed_prior_relative_gain,E,audit,B,same_residence,120,expanded_catchup,validation_person_weighted,3,3,True,0.03843922115566548,0.010780565776143593,0.03843922115566548,0.010780565776143593,3,True,False
signed_prior_relative_gain,E,audit,B,same_residence,120,expanded_catchup,development_evaluation_person_weighted,3,3,True,0.032935420432024985,0.006209544354530792,0.032935420432024985,0.006209544354530792,3,True,False
signed_prior_relative_gain,E,audit,B,same_residence,360,standard_independent,validation,3,3,True,0.04073730967244891,0.0059248781572588645,0.04073730967244891,0.0059248781572588645,3,True,False
signed_prior_relative_gain,E,audit,B,same_residence,360,standard_independent,development_evaluation,3,3,True,0.03814042190026379,0.006577105953437296,0.03814042190026379,0.006577105953437296,3,True,False
signed_prior_relative_gain,E,audit,B,same_residence,360,standard_independent,validation_person_weighted,3,3,True,0.03843922115566548,0.010780565776143593,0.03843922115566548,0.010780565776143593,3,True,False
signed_prior_relative_gain,E,audit,B,same_residence,360,standard_independent,development_evaluation_person_weighted,3,3,True,0.032935420432024985,0.006209544354530792,0.032935420432024985,0.006209544354530792,3,True,False
signed_prior_relative_gain,E,audit,B,same_residence,360,expanded_independent,validation,3,3,True,0.04073730967244891,0.0059248781572588645,0.04073730967244891,0.0059248781572588645,3,True,False
signed_prior_relative_gain,E,audit,B,same_residence,360,expanded_independent,development_evaluation,3,3,True,0.03814042190026379,0.006577105953437296,0.03814042190026379,0.006577105953437296,3,True,False
signed_prior_relative_gain,E,audit,B,same_residence,360,expanded_independent,validation_person_weighted,3,3,True,0.03843922115566548,0.010780565776143593,0.03843922115566548,0.010780565776143593,3,True,False
signed_prior_relative_gain,E,audit,B,same_residence,360,expanded_independent,development_evaluation_person_weighted,3,3,True,0.032935420432024985,0.006209544354530792,0.032935420432024985,0.006209544354530792,3,True,False
signed_prior_relative_gain,E,audit,B,same_residence,360,expanded_catchup,validation,3,3,True,0.04073730967244891,0.0059248781572588645,0.04073730967244891,0.0059248781572588645,3,True,False
signed_prior_relative_gain,E,audit,B,same_residence,360,expanded_catchup,development_evaluation,3,3,True,0.03814042190026379,0.006577105953437296,0.03814042190026379,0.006577105953437296,3,True,False
signed_prior_relative_gain,E,audit,B,same_residence,360,expanded_catchup,validation_person_weighted,3,3,True,0.03843922115566548,0.010780565776143593,0.03843922115566548,0.010780565776143593,3,True,False
signed_prior_relative_gain,E,audit,B,same_residence,360,expanded_catchup,development_evaluation_person_weighted,3,3,True,0.032935420432024985,0.006209544354530792,0.032935420432024985,0.006209544354530792,3,True,False
signed_prior_relative_gain,E,audit,B,SEX,120,standard_independent,validation,3,3,True,0.009891941099275306,0.0037151208608924074,0.009891941099275306,0.0037151208608924074,3,True,False
signed_prior_relative_gain,E,audit,B,SEX,120,standard_independent,development_evaluation,3,3,True,0.007849210761707045,0.0027653570478777274,0.007849210761707045,0.0027653570478777274,3,True,False
signed_prior_relative_gain,E,audit,B,SEX,120,standard_independent,validation_person_weighted,3,3,True,0.008797568874503411,0.00186792811730405,0.008797568874503411,0.00186792811730405,3,True,False
signed_prior_relative_gain,E,audit,B,SEX,120,standard_independent,development_evaluation_person_weighted,3,3,True,0.004190577537951268,0.002359068043687225,0.004190577537951268,0.002359068043687225,3,True,False
signed_prior_relative_gain,E,audit,B,SEX,120,expanded_independent,validation,3,3,True,0.009891941099275306,0.0037151208608924074,0.009891941099275306,0.0037151208608924074,3,True,False
signed_prior_relative_gain,E,audit,B,SEX,120,expanded_independent,development_evaluation,3,3,True,0.007849210761707045,0.0027653570478777274,0.007849210761707045,0.0027653570478777274,3,True,False
signed_prior_relative_gain,E,audit,B,SEX,120,expanded_independent,validation_person_weighted,3,3,True,0.008797568874503411,0.00186792811730405,0.008797568874503411,0.00186792811730405,3,True,False
signed_prior_relative_gain,E,audit,B,SEX,120,expanded_independent,development_evaluation_person_weighted,3,3,True,0.004190577537951268,0.002359068043687225,0.004190577537951268,0.002359068043687225,3,True,False
signed_prior_relative_gain,E,audit,B,SEX,120,expanded_catchup,validation,3,3,True,0.009891941099275306,0.0037151208608924074,0.009891941099275306,0.0037151208608924074,3,True,False
signed_prior_relative_gain,E,audit,B,SEX,120,expanded_catchup,development_evaluation,3,3,True,0.007849210761707045,0.0027653570478777274,0.007849210761707045,0.0027653570478777274,3,True,False
signed_prior_relative_gain,E,audit,B,SEX,120,expanded_catchup,validation_person_weighted,3,3,True,0.008797568874503411,0.00186792811730405,0.008797568874503411,0.00186792811730405,3,True,False
signed_prior_relative_gain,E,audit,B,SEX,120,expanded_catchup,development_evaluation_person_weighted,3,3,True,0.004190577537951268,0.002359068043687225,0.004190577537951268,0.002359068043687225,3,True,False
signed_prior_relative_gain,E,audit,B,SEX,360,standard_independent,validation,3,3,True,0.009891941099275306,0.0037151208608924074,0.009891941099275306,0.0037151208608924074,3,True,False
signed_prior_relative_gain,E,audit,B,SEX,360,standard_independent,development_evaluation,3,3,True,0.007849210761707045,0.0027653570478777274,0.007849210761707045,0.0027653570478777274,3,True,False
signed_prior_relative_gain,E,audit,B,SEX,360,standard_independent,validation_person_weighted,3,3,True,0.008797568874503411,0.00186792811730405,0.008797568874503411,0.00186792811730405,3,True,False
signed_prior_relative_gain,E,audit,B,SEX,360,standard_independent,development_evaluation_person_weighted,3,3,True,0.004190577537951268,0.002359068043687225,0.004190577537951268,0.002359068043687225,3,True,False
signed_prior_relative_gain,E,audit,B,SEX,360,expanded_independent,validation,3,3,True,0.009891941099275306,0.0037151208608924074,0.009891941099275306,0.0037151208608924074,3,True,False
signed_prior_relative_gain,E,audit,B,SEX,360,expanded_independent,development_evaluation,3,3,True,0.007849210761707045,0.0027653570478777274,0.007849210761707045,0.0027653570478777274,3,True,False
signed_prior_relative_gain,E,audit,B,SEX,360,expanded_independent,validation_person_weighted,3,3,True,0.008797568874503411,0.00186792811730405,0.008797568874503411,0.00186792811730405,3,True,False
signed_prior_relative_gain,E,audit,B,SEX,360,expanded_independent,development_evaluation_person_weighted,3,3,True,0.004190577537951268,0.002359068043687225,0.004190577537951268,0.002359068043687225,3,True,False
signed_prior_relative_gain,E,audit,B,SEX,360,expanded_catchup,validation,3,3,True,0.009891941099275306,0.0037151208608924074,0.009891941099275306,0.0037151208608924074,3,True,False
signed_prior_relative_gain,E,audit,B,SEX,360,expanded_catchup,development_evaluation,3,3,True,0.007849210761707045,0.0027653570478777274,0.007849210761707045,0.0027653570478777274,3,True,False
signed_prior_relative_gain,E,audit,B,SEX,360,expanded_catchup,validation_person_weighted,3,3,True,0.008797568874503411,0.00186792811730405,0.008797568874503411,0.00186792811730405,3,True,False
signed_prior_relative_gain,E,audit,B,SEX,360,expanded_catchup,development_evaluation_person_weighted,3,3,True,0.004190577537951268,0.002359068043687225,0.004190577537951268,0.002359068043687225,3,True,False
signed_prior_relative_gain,E,audit,B,RAC1P,120,standard_independent,validation,3,3,True,0.04431425465697222,0.02357129415084028,0.04431425465697222,0.02357129415084028,3,True,False
signed_prior_relative_gain,E,audit,B,RAC1P,120,standard_independent,development_evaluation,3,3,True,0.05144829431282538,0.003941442486988503,0.05144829431282538,0.003941442486988503,3,True,False
signed_prior_relative_gain,E,audit,B,RAC1P,120,standard_independent,validation_person_weighted,3,3,True,0.043125016951492956,0.015096517494999158,0.043125016951492956,0.015096517494999158,3,True,False
signed_prior_relative_gain,E,audit,B,RAC1P,120,standard_independent,development_evaluation_person_weighted,3,3,True,0.04747530212304437,0.0022503121932576104,0.04747530212304437,0.0022503121932576104,3,True,False
signed_prior_relative_gain,E,audit,B,RAC1P,120,expanded_independent,validation,3,3,True,0.04431425465697222,0.02357129415084028,0.04431425465697222,0.02357129415084028,3,True,False
signed_prior_relative_gain,E,audit,B,RAC1P,120,expanded_independent,development_evaluation,3,3,True,0.05144829431282538,0.003941442486988503,0.05144829431282538,0.003941442486988503,3,True,False
signed_prior_relative_gain,E,audit,B,RAC1P,120,expanded_independent,validation_person_weighted,3,3,True,0.043125016951492956,0.015096517494999158,0.043125016951492956,0.015096517494999158,3,True,False
signed_prior_relative_gain,E,audit,B,RAC1P,120,expanded_independent,development_evaluation_person_weighted,3,3,True,0.04747530212304437,0.0022503121932576104,0.04747530212304437,0.0022503121932576104,3,True,False
signed_prior_relative_gain,E,audit,B,RAC1P,120,expanded_catchup,validation,3,3,True,0.04431425465697222,0.02357129415084028,0.04431425465697222,0.02357129415084028,3,True,False
signed_prior_relative_gain,E,audit,B,RAC1P,120,expanded_catchup,development_evaluation,3,3,True,0.05144829431282538,0.003941442486988503,0.05144829431282538,0.003941442486988503,3,True,False
signed_prior_relative_gain,E,audit,B,RAC1P,120,expanded_catchup,validation_person_weighted,3,3,True,0.043125016951492956,0.015096517494999158,0.043125016951492956,0.015096517494999158,3,True,False
signed_prior_relative_gain,E,audit,B,RAC1P,120,expanded_catchup,development_evaluation_person_weighted,3,3,True,0.04747530212304437,0.0022503121932576104,0.04747530212304437,0.0022503121932576104,3,True,False
signed_prior_relative_gain,E,audit,B,RAC1P,360,standard_independent,validation,3,3,True,0.04431425465697222,0.02357129415084028,0.04431425465697222,0.02357129415084028,3,True,False
signed_prior_relative_gain,E,audit,B,RAC1P,360,standard_independent,development_evaluation,3,3,True,0.05144829431282538,0.003941442486988503,0.05144829431282538,0.003941442486988503,3,True,False
signed_prior_relative_gain,E,audit,B,RAC1P,360,standard_independent,validation_person_weighted,3,3,True,0.043125016951492956,0.015096517494999158,0.043125016951492956,0.015096517494999158,3,True,False
signed_prior_relative_gain,E,audit,B,RAC1P,360,standard_independent,development_evaluation_person_weighted,3,3,True,0.04747530212304437,0.0022503121932576104,0.04747530212304437,0.0022503121932576104,3,True,False
signed_prior_relative_gain,E,audit,B,RAC1P,360,expanded_independent,validation,3,3,True,0.04431425465697222,0.02357129415084028,0.04431425465697222,0.02357129415084028,3,True,False
signed_prior_relative_gain,E,audit,B,RAC1P,360,expanded_independent,development_evaluation,3,3,True,0.05144829431282538,0.003941442486988503,0.05144829431282538,0.003941442486988503,3,True,False
signed_prior_relative_gain,E,audit,B,RAC1P,360,expanded_independent,validation_person_weighted,3,3,True,0.043125016951492956,0.015096517494999158,0.043125016951492956,0.015096517494999158,3,True,False
signed_prior_relative_gain,E,audit,B,RAC1P,360,expanded_independent,development_evaluation_person_weighted,3,3,True,0.04747530212304437,0.0022503121932576104,0.04747530212304437,0.0022503121932576104,3,True,False
signed_prior_relative_gain,E,audit,B,RAC1P,360,expanded_catchup,validation,3,3,True,0.04431425465697222,0.02357129415084028,0.04431425465697222,0.02357129415084028,3,True,False
signed_prior_relative_gain,E,audit,B,RAC1P,360,expanded_catchup,development_evaluation,3,3,True,0.05144829431282538,0.003941442486988503,0.05144829431282538,0.003941442486988503,3,True,False
signed_prior_relative_gain,E,audit,B,RAC1P,360,expanded_catchup,validation_person_weighted,3,3,True,0.043125016951492956,0.015096517494999158,0.043125016951492956,0.015096517494999158,3,True,False
signed_prior_relative_gain,E,audit,B,RAC1P,360,expanded_catchup,development_evaluation_person_weighted,3,3,True,0.04747530212304437,0.0022503121932576104,0.04747530212304437,0.0022503121932576104,3,True,False
signed_prior_relative_gain,E,audit,AB,SEX,120,standard_independent,validation,3,3,True,0.010205896448182039,0.004160871849043109,0.010205896448182039,0.004160871849043109,3,True,False
signed_prior_relative_gain,E,audit,AB,SEX,120,standard_independent,development_evaluation,3,3,True,0.008201789424609621,0.0041914893023672515,0.008201789424609621,0.0041914893023672515,3,True,False
signed_prior_relative_gain,E,audit,AB,SEX,120,standard_independent,validation_person_weighted,3,3,True,0.008799849637147675,0.001226649927939964,0.008799849637147675,0.001226649927939964,3,True,False
signed_prior_relative_gain,E,audit,AB,SEX,120,standard_independent,development_evaluation_person_weighted,3,3,True,0.004494223362998688,0.003527728618673656,0.004494223362998688,0.003527728618673656,3,True,False
signed_prior_relative_gain,E,audit,AB,SEX,120,expanded_independent,validation,3,3,True,0.010205896448182039,0.004160871849043109,0.010205896448182039,0.004160871849043109,3,True,False
signed_prior_relative_gain,E,audit,AB,SEX,120,expanded_independent,development_evaluation,3,3,True,0.008201789424609621,0.0041914893023672515,0.008201789424609621,0.0041914893023672515,3,True,False
signed_prior_relative_gain,E,audit,AB,SEX,120,expanded_independent,validation_person_weighted,3,3,True,0.008799849637147675,0.001226649927939964,0.008799849637147675,0.001226649927939964,3,True,False
signed_prior_relative_gain,E,audit,AB,SEX,120,expanded_independent,development_evaluation_person_weighted,3,3,True,0.004494223362998688,0.003527728618673656,0.004494223362998688,0.003527728618673656,3,True,False
signed_prior_relative_gain,E,audit,AB,SEX,120,expanded_catchup,validation,3,3,True,0.010205896448182039,0.004160871849043109,0.010205896448182039,0.004160871849043109,3,True,False
signed_prior_relative_gain,E,audit,AB,SEX,120,expanded_catchup,development_evaluation,3,3,True,0.008201789424609621,0.0041914893023672515,0.008201789424609621,0.0041914893023672515,3,True,False
signed_prior_relative_gain,E,audit,AB,SEX,120,expanded_catchup,validation_person_weighted,3,3,True,0.008799849637147675,0.001226649927939964,0.008799849637147675,0.001226649927939964,3,True,False
signed_prior_relative_gain,E,audit,AB,SEX,120,expanded_catchup,development_evaluation_person_weighted,3,3,True,0.004494223362998688,0.003527728618673656,0.004494223362998688,0.003527728618673656,3,True,False
signed_prior_relative_gain,E,audit,AB,SEX,360,standard_independent,validation,3,3,True,0.010205896448182039,0.004160871849043109,0.010205896448182039,0.004160871849043109,3,True,False
signed_prior_relative_gain,E,audit,AB,SEX,360,standard_independent,development_evaluation,3,3,True,0.008201789424609621,0.0041914893023672515,0.008201789424609621,0.0041914893023672515,3,True,False
signed_prior_relative_gain,E,audit,AB,SEX,360,standard_independent,validation_person_weighted,3,3,True,0.008799849637147675,0.001226649927939964,0.008799849637147675,0.001226649927939964,3,True,False
signed_prior_relative_gain,E,audit,AB,SEX,360,standard_independent,development_evaluation_person_weighted,3,3,True,0.004494223362998688,0.003527728618673656,0.004494223362998688,0.003527728618673656,3,True,False
signed_prior_relative_gain,E,audit,AB,SEX,360,expanded_independent,validation,3,3,True,0.010205896448182039,0.004160871849043109,0.010205896448182039,0.004160871849043109,3,True,False
signed_prior_relative_gain,E,audit,AB,SEX,360,expanded_independent,development_evaluation,3,3,True,0.008201789424609621,0.0041914893023672515,0.008201789424609621,0.0041914893023672515,3,True,False
signed_prior_relative_gain,E,audit,AB,SEX,360,expanded_independent,validation_person_weighted,3,3,True,0.008799849637147675,0.001226649927939964,0.008799849637147675,0.001226649927939964,3,True,False
signed_prior_relative_gain,E,audit,AB,SEX,360,expanded_independent,development_evaluation_person_weighted,3,3,True,0.004494223362998688,0.003527728618673656,0.004494223362998688,0.003527728618673656,3,True,False
signed_prior_relative_gain,E,audit,AB,SEX,360,expanded_catchup,validation,3,3,True,0.010205896448182039,0.004160871849043109,0.010205896448182039,0.004160871849043109,3,True,False
signed_prior_relative_gain,E,audit,AB,SEX,360,expanded_catchup,development_evaluation,3,3,True,0.008201789424609621,0.0041914893023672515,0.008201789424609621,0.0041914893023672515,3,True,False
signed_prior_relative_gain,E,audit,AB,SEX,360,expanded_catchup,validation_person_weighted,3,3,True,0.008799849637147675,0.001226649927939964,0.008799849637147675,0.001226649927939964,3,True,False
signed_prior_relative_gain,E,audit,AB,SEX,360,expanded_catchup,development_evaluation_person_weighted,3,3,True,0.004494223362998688,0.003527728618673656,0.004494223362998688,0.003527728618673656,3,True,False
signed_prior_relative_gain,E,audit,AB,RAC1P,120,standard_independent,validation,3,3,True,0.04462253719252648,0.02305905576215501,0.04462253719252648,0.02305905576215501,3,True,False
signed_prior_relative_gain,E,audit,AB,RAC1P,120,standard_independent,development_evaluation,3,3,True,0.05271264815545199,0.0025904367402654034,0.05271264815545199,0.0025904367402654034,3,True,False
signed_prior_relative_gain,E,audit,AB,RAC1P,120,standard_independent,validation_person_weighted,3,3,True,0.04128089059304929,0.018290637832692018,0.04128089059304929,0.018290637832692018,3,True,False
signed_prior_relative_gain,E,audit,AB,RAC1P,120,standard_independent,development_evaluation_person_weighted,3,3,True,0.046231597954492054,0.004298883760271047,0.046231597954492054,0.004298883760271047,3,True,False
signed_prior_relative_gain,E,audit,AB,RAC1P,120,expanded_independent,validation,3,3,True,0.04462253719252648,0.02305905576215501,0.04462253719252648,0.02305905576215501,3,True,False
signed_prior_relative_gain,E,audit,AB,RAC1P,120,expanded_independent,development_evaluation,3,3,True,0.05271264815545199,0.0025904367402654034,0.05271264815545199,0.0025904367402654034,3,True,False
signed_prior_relative_gain,E,audit,AB,RAC1P,120,expanded_independent,validation_person_weighted,3,3,True,0.04128089059304929,0.018290637832692018,0.04128089059304929,0.018290637832692018,3,True,False
signed_prior_relative_gain,E,audit,AB,RAC1P,120,expanded_independent,development_evaluation_person_weighted,3,3,True,0.046231597954492054,0.004298883760271047,0.046231597954492054,0.004298883760271047,3,True,False
signed_prior_relative_gain,E,audit,AB,RAC1P,120,expanded_catchup,validation,3,3,True,0.04462253719252648,0.02305905576215501,0.04462253719252648,0.02305905576215501,3,True,False
signed_prior_relative_gain,E,audit,AB,RAC1P,120,expanded_catchup,development_evaluation,3,3,True,0.05271264815545199,0.0025904367402654034,0.05271264815545199,0.0025904367402654034,3,True,False
signed_prior_relative_gain,E,audit,AB,RAC1P,120,expanded_catchup,validation_person_weighted,3,3,True,0.04128089059304929,0.018290637832692018,0.04128089059304929,0.018290637832692018,3,True,False
signed_prior_relative_gain,E,audit,AB,RAC1P,120,expanded_catchup,development_evaluation_person_weighted,3,3,True,0.046231597954492054,0.004298883760271047,0.046231597954492054,0.004298883760271047,3,True,False
signed_prior_relative_gain,E,audit,AB,RAC1P,360,standard_independent,validation,3,3,True,0.04462253719252648,0.02305905576215501,0.04462253719252648,0.02305905576215501,3,True,False
signed_prior_relative_gain,E,audit,AB,RAC1P,360,standard_independent,development_evaluation,3,3,True,0.05271264815545199,0.0025904367402654034,0.05271264815545199,0.0025904367402654034,3,True,False
signed_prior_relative_gain,E,audit,AB,RAC1P,360,standard_independent,validation_person_weighted,3,3,True,0.04128089059304929,0.018290637832692018,0.04128089059304929,0.018290637832692018,3,True,False
signed_prior_relative_gain,E,audit,AB,RAC1P,360,standard_independent,development_evaluation_person_weighted,3,3,True,0.046231597954492054,0.004298883760271047,0.046231597954492054,0.004298883760271047,3,True,False
signed_prior_relative_gain,E,audit,AB,RAC1P,360,expanded_independent,validation,3,3,True,0.04462253719252648,0.02305905576215501,0.04462253719252648,0.02305905576215501,3,True,False
signed_prior_relative_gain,E,audit,AB,RAC1P,360,expanded_independent,development_evaluation,3,3,True,0.05271264815545199,0.0025904367402654034,0.05271264815545199,0.0025904367402654034,3,True,False
signed_prior_relative_gain,E,audit,AB,RAC1P,360,expanded_independent,validation_person_weighted,3,3,True,0.04128089059304929,0.018290637832692018,0.04128089059304929,0.018290637832692018,3,True,False
signed_prior_relative_gain,E,audit,AB,RAC1P,360,expanded_independent,development_evaluation_person_weighted,3,3,True,0.046231597954492054,0.004298883760271047,0.046231597954492054,0.004298883760271047,3,True,False
signed_prior_relative_gain,E,audit,AB,RAC1P,360,expanded_catchup,validation,3,3,True,0.04462253719252648,0.02305905576215501,0.04462253719252648,0.02305905576215501,3,True,False
signed_prior_relative_gain,E,audit,AB,RAC1P,360,expanded_catchup,development_evaluation,3,3,True,0.05271264815545199,0.0025904367402654034,0.05271264815545199,0.0025904367402654034,3,True,False
signed_prior_relative_gain,E,audit,AB,RAC1P,360,expanded_catchup,validation_person_weighted,3,3,True,0.04128089059304929,0.018290637832692018,0.04128089059304929,0.018290637832692018,3,True,False
signed_prior_relative_gain,E,audit,AB,RAC1P,360,expanded_catchup,development_evaluation_person_weighted,3,3,True,0.046231597954492054,0.004298883760271047,0.046231597954492054,0.004298883760271047,3,True,False
