historical_release,role,target,report_audit_budget,actual_audit_budget,original_scope,split,causal_replacement,respects_new_individual_policy,n_seeds,n_defined,complete,mean,sample_sd,observed_mean,observed_sample_sd,n_present,present_scores_defined,partial_seed_summary
E_pca,transfer,same_residence,,,primary,validation,False,not established,3,3,True,0.50000368584492,0.007773119087393621,0.50000368584492,0.007773119087393621,3,True,False
E_pca,transfer,same_residence,,,primary,development_evaluation,False,not established,3,3,True,0.48741126333890444,0.0055948746360797484,0.48741126333890444,0.0055948746360797484,3,True,False
E_pca,transfer,same_residence,,,primary,validation_person_weighted,False,not established,3,3,True,0.4757201936999232,0.012149450751109705,0.4757201936999232,0.012149450751109705,3,True,False
E_pca,transfer,same_residence,,,primary,development_evaluation_person_weighted,False,not established,3,3,True,0.4645135609136985,0.011719954029920968,0.4645135609136985,0.011719954029920968,3,True,False
E_pca,transfer,commute_over20,,,primary,validation,False,not established,3,3,True,0.6782471806019297,0.0012136035566207104,0.6782471806019297,0.0012136035566207104,3,True,False
E_pca,transfer,commute_over20,,,primary,development_evaluation,False,not established,3,3,True,0.6875700235899669,0.008575073407366554,0.6875700235899669,0.008575073407366554,3,True,False
E_pca,transfer,commute_over20,,,primary,validation_person_weighted,False,not established,3,3,True,0.6771989625650585,0.0024337506443303,0.6771989625650585,0.0024337506443303,3,True,False
E_pca,transfer,commute_over20,,,primary,development_evaluation_person_weighted,False,not established,3,3,True,0.6906153768628257,0.007991439719974002,0.6906153768628257,0.007991439719974002,3,True,False
E_pca,transfer,income_binary,,,primary,validation,False,not established,3,3,True,0.3069787498327274,0.001134654982256861,0.3069787498327274,0.001134654982256861,3,True,False
E_pca,transfer,income_binary,,,primary,development_evaluation,False,not established,3,3,True,0.2985783851339483,0.008780763421131326,0.2985783851339483,0.008780763421131326,3,True,False
E_pca,transfer,income_binary,,,primary,validation_person_weighted,False,not established,3,3,True,0.30273781899515334,0.011409883464277341,0.30273781899515334,0.011409883464277341,3,True,False
E_pca,transfer,income_binary,,,primary,development_evaluation_person_weighted,False,not established,3,3,True,0.31056783599222526,0.008790613231753874,0.31056783599222526,0.008790613231753874,3,True,False
E_pca,transfer,civilian_at_work,,,primary,validation,False,not established,3,3,True,0.30470123730169146,0.008147211879364234,0.30470123730169146,0.008147211879364234,3,True,False
E_pca,transfer,civilian_at_work,,,primary,development_evaluation,False,not established,3,3,True,0.28840714026201003,0.005005340121502933,0.28840714026201003,0.005005340121502933,3,True,False
E_pca,transfer,civilian_at_work,,,primary,validation_person_weighted,False,not established,3,3,True,0.303016371903724,0.0028131777381385464,0.303016371903724,0.0028131777381385464,3,True,False
E_pca,transfer,civilian_at_work,,,primary,development_evaluation_person_weighted,False,not established,3,3,True,0.27725593206200944,0.012455349012080537,0.27725593206200944,0.012455349012080537,3,True,False
E_pca,transfer,public_coverage,,,primary,validation,False,not established,3,3,True,0.48678611368964353,0.0019494012229440926,0.48678611368964353,0.0019494012229440926,3,True,False
E_pca,transfer,public_coverage,,,primary,development_evaluation,False,not established,3,3,True,0.5046232959833368,0.011549505809896457,0.5046232959833368,0.011549505809896457,3,True,False
E_pca,transfer,public_coverage,,,primary,validation_person_weighted,False,not established,3,3,True,0.49945407424748056,0.002774713520871097,0.49945407424748056,0.002774713520871097,3,True,False
E_pca,transfer,public_coverage,,,primary,development_evaluation_person_weighted,False,not established,3,3,True,0.5141108163339847,0.01307955372391889,0.5141108163339847,0.01307955372391889,3,True,False
E_pca,audit,SEX,120,120,primary,validation,False,not established,3,3,True,0.6548028716175999,0.005947303231178002,0.6548028716175999,0.005947303231178002,3,True,False
E_pca,audit,SEX,120,120,primary,development_evaluation,False,not established,3,3,True,0.6552177940259082,0.011326075511597037,0.6552177940259082,0.011326075511597037,3,True,False
E_pca,audit,SEX,120,120,primary,validation_person_weighted,False,not established,3,3,True,0.6570872135028587,0.011125148417882204,0.6570872135028587,0.011125148417882204,3,True,False
E_pca,audit,SEX,120,120,primary,development_evaluation_person_weighted,False,not established,3,3,True,0.6605105767938839,0.009960336591991645,0.6605105767938839,0.009960336591991645,3,True,False
E_pca,audit,SEX,120,120,pooled,validation,False,not established,3,3,True,0.6548028716175999,0.005947303231178002,0.6548028716175999,0.005947303231178002,3,True,False
E_pca,audit,SEX,120,120,pooled,development_evaluation,False,not established,3,3,True,0.6552177940259082,0.011326075511597037,0.6552177940259082,0.011326075511597037,3,True,False
E_pca,audit,SEX,120,120,pooled,validation_person_weighted,False,not established,3,3,True,0.6570872135028587,0.011125148417882204,0.6570872135028587,0.011125148417882204,3,True,False
E_pca,audit,SEX,120,120,pooled,development_evaluation_person_weighted,False,not established,3,3,True,0.6605105767938839,0.009960336591991645,0.6605105767938839,0.009960336591991645,3,True,False
E_pca,audit,SEX,360,120,primary,validation,False,not established,3,3,True,0.6548028716175999,0.005947303231178002,0.6548028716175999,0.005947303231178002,3,True,False
E_pca,audit,SEX,360,120,primary,development_evaluation,False,not established,3,3,True,0.6552177940259082,0.011326075511597037,0.6552177940259082,0.011326075511597037,3,True,False
E_pca,audit,SEX,360,120,primary,validation_person_weighted,False,not established,3,3,True,0.6570872135028587,0.011125148417882204,0.6570872135028587,0.011125148417882204,3,True,False
E_pca,audit,SEX,360,120,primary,development_evaluation_person_weighted,False,not established,3,3,True,0.6605105767938839,0.009960336591991645,0.6605105767938839,0.009960336591991645,3,True,False
E_pca,audit,SEX,360,120,pooled,validation,False,not established,3,3,True,0.6548028716175999,0.005947303231178002,0.6548028716175999,0.005947303231178002,3,True,False
E_pca,audit,SEX,360,120,pooled,development_evaluation,False,not established,3,3,True,0.6552177940259082,0.011326075511597037,0.6552177940259082,0.011326075511597037,3,True,False
E_pca,audit,SEX,360,120,pooled,validation_person_weighted,False,not established,3,3,True,0.6570872135028587,0.011125148417882204,0.6570872135028587,0.011125148417882204,3,True,False
E_pca,audit,SEX,360,120,pooled,development_evaluation_person_weighted,False,not established,3,3,True,0.6605105767938839,0.009960336591991645,0.6605105767938839,0.009960336591991645,3,True,False
E_pca,audit,RAC1P,120,120,primary,validation,False,not established,3,3,True,1.2088317516186462,0.010692771900136925,1.2088317516186462,0.010692771900136925,3,True,False
E_pca,audit,RAC1P,120,120,primary,development_evaluation,False,not established,3,3,True,1.200398592500788,0.022577739593776548,1.200398592500788,0.022577739593776548,3,True,False
E_pca,audit,RAC1P,120,120,primary,validation_person_weighted,False,not established,3,3,True,1.2148205680943913,0.012640411959579875,1.2148205680943913,0.012640411959579875,3,True,False
E_pca,audit,RAC1P,120,120,primary,development_evaluation_person_weighted,False,not established,3,3,True,1.203587046841611,0.0398683513575199,1.203587046841611,0.0398683513575199,3,True,False
E_pca,audit,RAC1P,120,120,pooled,validation,False,not established,3,3,True,1.2088317516186462,0.010692771900136925,1.2088317516186462,0.010692771900136925,3,True,False
E_pca,audit,RAC1P,120,120,pooled,development_evaluation,False,not established,3,3,True,1.200398592500788,0.022577739593776548,1.200398592500788,0.022577739593776548,3,True,False
E_pca,audit,RAC1P,120,120,pooled,validation_person_weighted,False,not established,3,3,True,1.2148205680943913,0.012640411959579875,1.2148205680943913,0.012640411959579875,3,True,False
E_pca,audit,RAC1P,120,120,pooled,development_evaluation_person_weighted,False,not established,3,3,True,1.203587046841611,0.0398683513575199,1.203587046841611,0.0398683513575199,3,True,False
E_pca,audit,RAC1P,360,120,primary,validation,False,not established,3,3,True,1.2088317516186462,0.010692771900136925,1.2088317516186462,0.010692771900136925,3,True,False
E_pca,audit,RAC1P,360,120,primary,development_evaluation,False,not established,3,3,True,1.200398592500788,0.022577739593776548,1.200398592500788,0.022577739593776548,3,True,False
E_pca,audit,RAC1P,360,120,primary,validation_person_weighted,False,not established,3,3,True,1.2148205680943913,0.012640411959579875,1.2148205680943913,0.012640411959579875,3,True,False
E_pca,audit,RAC1P,360,120,primary,development_evaluation_person_weighted,False,not established,3,3,True,1.203587046841611,0.0398683513575199,1.203587046841611,0.0398683513575199,3,True,False
E_pca,audit,RAC1P,360,120,pooled,validation,False,not established,3,3,True,1.2088317516186462,0.010692771900136925,1.2088317516186462,0.010692771900136925,3,True,False
E_pca,audit,RAC1P,360,120,pooled,development_evaluation,False,not established,3,3,True,1.200398592500788,0.022577739593776548,1.200398592500788,0.022577739593776548,3,True,False
E_pca,audit,RAC1P,360,120,pooled,validation_person_weighted,False,not established,3,3,True,1.2148205680943913,0.012640411959579875,1.2148205680943913,0.012640411959579875,3,True,False
E_pca,audit,RAC1P,360,120,pooled,development_evaluation_person_weighted,False,not established,3,3,True,1.203587046841611,0.0398683513575199,1.203587046841611,0.0398683513575199,3,True,False
PCA16,transfer,same_residence,,,primary,validation,False,not established,3,3,True,0.5059077907737977,0.006330894495842102,0.5059077907737977,0.006330894495842102,3,True,False
PCA16,transfer,same_residence,,,primary,development_evaluation,False,not established,3,3,True,0.49506237885212184,0.0020953262000779813,0.49506237885212184,0.0020953262000779813,3,True,False
PCA16,transfer,same_residence,,,primary,validation_person_weighted,False,not established,3,3,True,0.4815755746217212,0.0034752928361455842,0.4815755746217212,0.0034752928361455842,3,True,False
PCA16,transfer,same_residence,,,primary,development_evaluation_person_weighted,False,not established,3,3,True,0.4745443868011035,0.009318421413443703,0.4745443868011035,0.009318421413443703,3,True,False
PCA16,transfer,commute_over20,,,primary,validation,False,not established,3,3,True,0.6786267231018039,0.0026081313763441387,0.6786267231018039,0.0026081313763441387,3,True,False
PCA16,transfer,commute_over20,,,primary,development_evaluation,False,not established,3,3,True,0.6855266797080752,0.003931382597762458,0.6855266797080752,0.003931382597762458,3,True,False
PCA16,transfer,commute_over20,,,primary,validation_person_weighted,False,not established,3,3,True,0.6762592226009861,0.002058949002551504,0.6762592226009861,0.002058949002551504,3,True,False
PCA16,transfer,commute_over20,,,primary,development_evaluation_person_weighted,False,not established,3,3,True,0.6876589713199487,0.003119115229340729,0.6876589713199487,0.003119115229340729,3,True,False
PCA16,transfer,income_binary,,,primary,validation,False,not established,3,3,True,0.3064421075417789,0.003364776191309949,0.3064421075417789,0.003364776191309949,3,True,False
PCA16,transfer,income_binary,,,primary,development_evaluation,False,not established,3,3,True,0.29440761922038344,0.007519978525509695,0.29440761922038344,0.007519978525509695,3,True,False
PCA16,transfer,income_binary,,,primary,validation_person_weighted,False,not established,3,3,True,0.3051158154761378,0.008915586768618176,0.3051158154761378,0.008915586768618176,3,True,False
PCA16,transfer,income_binary,,,primary,development_evaluation_person_weighted,False,not established,3,3,True,0.3043201806573294,0.00913897150704891,0.3043201806573294,0.00913897150704891,3,True,False
PCA16,transfer,civilian_at_work,,,primary,validation,False,not established,3,3,True,0.30248294917683866,0.007852726860177158,0.30248294917683866,0.007852726860177158,3,True,False
PCA16,transfer,civilian_at_work,,,primary,development_evaluation,False,not established,3,3,True,0.2900353401613533,0.007223483181237189,0.2900353401613533,0.007223483181237189,3,True,False
PCA16,transfer,civilian_at_work,,,primary,validation_person_weighted,False,not established,3,3,True,0.2995923871407246,0.0031263108874766774,0.2995923871407246,0.0031263108874766774,3,True,False
PCA16,transfer,civilian_at_work,,,primary,development_evaluation_person_weighted,False,not established,3,3,True,0.27803817865086095,0.010756574271592444,0.27803817865086095,0.010756574271592444,3,True,False
PCA16,transfer,public_coverage,,,primary,validation,False,not established,3,3,True,0.48993617457393,0.002588269752639406,0.48993617457393,0.002588269752639406,3,True,False
PCA16,transfer,public_coverage,,,primary,development_evaluation,False,not established,3,3,True,0.5057039848136515,0.008631274532600578,0.5057039848136515,0.008631274532600578,3,True,False
PCA16,transfer,public_coverage,,,primary,validation_person_weighted,False,not established,3,3,True,0.5014129968191453,0.0039693528620073654,0.5014129968191453,0.0039693528620073654,3,True,False
PCA16,transfer,public_coverage,,,primary,development_evaluation_person_weighted,False,not established,3,3,True,0.511917640476821,0.010255511328281968,0.511917640476821,0.010255511328281968,3,True,False
PCA16,audit,SEX,120,120,primary,validation,False,not established,3,3,True,0.6577369953735461,0.006500338165596501,0.6577369953735461,0.006500338165596501,3,True,False
PCA16,audit,SEX,120,120,primary,development_evaluation,False,not established,3,3,True,0.6599476337910737,0.004456523896122046,0.6599476337910737,0.004456523896122046,3,True,False
PCA16,audit,SEX,120,120,primary,validation_person_weighted,False,not established,3,3,True,0.657767349671729,0.011808406017971297,0.657767349671729,0.011808406017971297,3,True,False
PCA16,audit,SEX,120,120,primary,development_evaluation_person_weighted,False,not established,3,3,True,0.6617441325867733,0.001436289828010365,0.6617441325867733,0.001436289828010365,3,True,False
PCA16,audit,SEX,120,120,pooled,validation,False,not established,3,3,True,0.6577369953735461,0.006500338165596501,0.6577369953735461,0.006500338165596501,3,True,False
PCA16,audit,SEX,120,120,pooled,development_evaluation,False,not established,3,3,True,0.6599476337910737,0.004456523896122046,0.6599476337910737,0.004456523896122046,3,True,False
PCA16,audit,SEX,120,120,pooled,validation_person_weighted,False,not established,3,3,True,0.657767349671729,0.011808406017971297,0.657767349671729,0.011808406017971297,3,True,False
PCA16,audit,SEX,120,120,pooled,development_evaluation_person_weighted,False,not established,3,3,True,0.6617441325867733,0.001436289828010365,0.6617441325867733,0.001436289828010365,3,True,False
PCA16,audit,SEX,360,360,primary,validation,False,not established,3,3,True,0.6577369953735461,0.006500338165596501,0.6577369953735461,0.006500338165596501,3,True,False
PCA16,audit,SEX,360,360,primary,development_evaluation,False,not established,3,3,True,0.6599476337910737,0.004456523896122046,0.6599476337910737,0.004456523896122046,3,True,False
PCA16,audit,SEX,360,360,primary,validation_person_weighted,False,not established,3,3,True,0.657767349671729,0.011808406017971297,0.657767349671729,0.011808406017971297,3,True,False
PCA16,audit,SEX,360,360,primary,development_evaluation_person_weighted,False,not established,3,3,True,0.6617441325867733,0.001436289828010365,0.6617441325867733,0.001436289828010365,3,True,False
PCA16,audit,SEX,360,360,pooled,validation,False,not established,3,3,True,0.6577369953735461,0.006500338165596501,0.6577369953735461,0.006500338165596501,3,True,False
PCA16,audit,SEX,360,360,pooled,development_evaluation,False,not established,3,3,True,0.6599476337910737,0.004456523896122046,0.6599476337910737,0.004456523896122046,3,True,False
PCA16,audit,SEX,360,360,pooled,validation_person_weighted,False,not established,3,3,True,0.657767349671729,0.011808406017971297,0.657767349671729,0.011808406017971297,3,True,False
PCA16,audit,SEX,360,360,pooled,development_evaluation_person_weighted,False,not established,3,3,True,0.6617441325867733,0.001436289828010365,0.6617441325867733,0.001436289828010365,3,True,False
PCA16,audit,RAC1P,120,120,primary,validation,False,not established,3,3,True,1.2104691915033714,0.010443714364628608,1.2104691915033714,0.010443714364628608,3,True,False
PCA16,audit,RAC1P,120,120,primary,development_evaluation,False,not established,3,3,True,1.2120766226489073,0.02021779215643278,1.2120766226489073,0.02021779215643278,3,True,False
PCA16,audit,RAC1P,120,120,primary,validation_person_weighted,False,not established,3,3,True,1.2146830811458575,0.011943454116069454,1.2146830811458575,0.011943454116069454,3,True,False
PCA16,audit,RAC1P,120,120,primary,development_evaluation_person_weighted,False,not established,3,3,True,1.2124058317602302,0.03749739261835688,1.2124058317602302,0.03749739261835688,3,True,False
PCA16,audit,RAC1P,120,120,pooled,validation,False,not established,3,3,True,1.2104691915033714,0.010443714364628608,1.2104691915033714,0.010443714364628608,3,True,False
PCA16,audit,RAC1P,120,120,pooled,development_evaluation,False,not established,3,3,True,1.2120766226489073,0.02021779215643278,1.2120766226489073,0.02021779215643278,3,True,False
PCA16,audit,RAC1P,120,120,pooled,validation_person_weighted,False,not established,3,3,True,1.2146830811458575,0.011943454116069454,1.2146830811458575,0.011943454116069454,3,True,False
PCA16,audit,RAC1P,120,120,pooled,development_evaluation_person_weighted,False,not established,3,3,True,1.2124058317602302,0.03749739261835688,1.2124058317602302,0.03749739261835688,3,True,False
PCA16,audit,RAC1P,360,360,primary,validation,False,not established,3,3,True,1.2104691915033714,0.010443714364628608,1.2104691915033714,0.010443714364628608,3,True,False
PCA16,audit,RAC1P,360,360,primary,development_evaluation,False,not established,3,3,True,1.2120766226489073,0.02021779215643278,1.2120766226489073,0.02021779215643278,3,True,False
PCA16,audit,RAC1P,360,360,primary,validation_person_weighted,False,not established,3,3,True,1.2146830811458575,0.011943454116069454,1.2146830811458575,0.011943454116069454,3,True,False
PCA16,audit,RAC1P,360,360,primary,development_evaluation_person_weighted,False,not established,3,3,True,1.2124058317602302,0.03749739261835688,1.2124058317602302,0.03749739261835688,3,True,False
PCA16,audit,RAC1P,360,360,pooled,validation,False,not established,3,3,True,1.2104691915033714,0.010443714364628608,1.2104691915033714,0.010443714364628608,3,True,False
PCA16,audit,RAC1P,360,360,pooled,development_evaluation,False,not established,3,3,True,1.2120766226489073,0.02021779215643278,1.2120766226489073,0.02021779215643278,3,True,False
PCA16,audit,RAC1P,360,360,pooled,validation_person_weighted,False,not established,3,3,True,1.2146830811458575,0.011943454116069454,1.2146830811458575,0.011943454116069454,3,True,False
PCA16,audit,RAC1P,360,360,pooled,development_evaluation_person_weighted,False,not established,3,3,True,1.2124058317602302,0.03749739261835688,1.2124058317602302,0.03749739261835688,3,True,False
E_pca_leace,transfer,same_residence,,,primary,validation,False,not established,3,3,True,0.5103954787237777,0.006064823863294223,0.5103954787237777,0.006064823863294223,3,True,False
E_pca_leace,transfer,same_residence,,,primary,development_evaluation,False,not established,3,3,True,0.4962754089692548,0.004211103967503783,0.4962754089692548,0.004211103967503783,3,True,False
E_pca_leace,transfer,same_residence,,,primary,validation_person_weighted,False,not established,3,3,True,0.485120933016882,0.010197999396892088,0.485120933016882,0.010197999396892088,3,True,False
E_pca_leace,transfer,same_residence,,,primary,development_evaluation_person_weighted,False,not established,3,3,True,0.4727869902572634,0.00659822054275545,0.4727869902572634,0.00659822054275545,3,True,False
E_pca_leace,transfer,commute_over20,,,primary,validation,False,not established,3,3,True,0.6820462171106306,0.002753755979378062,0.6820462171106306,0.002753755979378062,3,True,False
E_pca_leace,transfer,commute_over20,,,primary,development_evaluation,False,not established,3,3,True,0.6910740244039613,0.007654508152339013,0.6910740244039613,0.007654508152339013,3,True,False
E_pca_leace,transfer,commute_over20,,,primary,validation_person_weighted,False,not established,3,3,True,0.681595843056638,0.0032997259992290848,0.681595843056638,0.0032997259992290848,3,True,False
E_pca_leace,transfer,commute_over20,,,primary,development_evaluation_person_weighted,False,not established,3,3,True,0.6921540164232465,0.007944047667242885,0.6921540164232465,0.007944047667242885,3,True,False
E_pca_leace,transfer,income_binary,,,primary,validation,False,not established,3,3,True,0.3216611855008329,0.007823622999344266,0.3216611855008329,0.007823622999344266,3,True,False
E_pca_leace,transfer,income_binary,,,primary,development_evaluation,False,not established,3,3,True,0.31271420799047017,0.009208519689181849,0.31271420799047017,0.009208519689181849,3,True,False
E_pca_leace,transfer,income_binary,,,primary,validation_person_weighted,False,not established,3,3,True,0.3175227022066513,0.01623998564263103,0.3175227022066513,0.01623998564263103,3,True,False
E_pca_leace,transfer,income_binary,,,primary,development_evaluation_person_weighted,False,not established,3,3,True,0.33000238560937856,0.0074929303862526055,0.33000238560937856,0.0074929303862526055,3,True,False
E_pca_leace,transfer,civilian_at_work,,,primary,validation,False,not established,3,3,True,0.3403764709102809,0.01817742300214072,0.3403764709102809,0.01817742300214072,3,True,False
E_pca_leace,transfer,civilian_at_work,,,primary,development_evaluation,False,not established,3,3,True,0.32201776076245714,0.00929169752028611,0.32201776076245714,0.00929169752028611,3,True,False
E_pca_leace,transfer,civilian_at_work,,,primary,validation_person_weighted,False,not established,3,3,True,0.3388743187586643,0.015495654276131768,0.3388743187586643,0.015495654276131768,3,True,False
E_pca_leace,transfer,civilian_at_work,,,primary,development_evaluation_person_weighted,False,not established,3,3,True,0.30962849337038434,0.007200039468739929,0.30962849337038434,0.007200039468739929,3,True,False
E_pca_leace,transfer,public_coverage,,,primary,validation,False,not established,3,3,True,0.507167874022493,0.005879302837759037,0.507167874022493,0.005879302837759037,3,True,False
E_pca_leace,transfer,public_coverage,,,primary,development_evaluation,False,not established,3,3,True,0.5213129791556232,0.01344502405064163,0.5213129791556232,0.01344502405064163,3,True,False
E_pca_leace,transfer,public_coverage,,,primary,validation_person_weighted,False,not established,3,3,True,0.5161504849795157,0.0011357246900549952,0.5161504849795157,0.0011357246900549952,3,True,False
E_pca_leace,transfer,public_coverage,,,primary,development_evaluation_person_weighted,False,not established,3,3,True,0.5301492203720289,0.012554387590507988,0.5301492203720289,0.012554387590507988,3,True,False
E_pca_leace,audit,SEX,120,120,primary,validation,False,not established,3,3,True,0.6736543031323606,0.007783478273975563,0.6736543031323606,0.007783478273975563,3,True,False
E_pca_leace,audit,SEX,120,120,primary,development_evaluation,False,not established,3,3,True,0.6781202328235308,0.008021444162734339,0.6781202328235308,0.008021444162734339,3,True,False
E_pca_leace,audit,SEX,120,120,primary,validation_person_weighted,False,not established,3,3,True,0.6781428945655225,0.012822008015807967,0.6781428945655225,0.012822008015807967,3,True,False
E_pca_leace,audit,SEX,120,120,primary,development_evaluation_person_weighted,False,not established,3,3,True,0.6853901426402559,0.005541280329290522,0.6853901426402559,0.005541280329290522,3,True,False
E_pca_leace,audit,SEX,120,120,pooled,validation,False,not established,3,3,True,0.6736543031323606,0.007783478273975563,0.6736543031323606,0.007783478273975563,3,True,False
E_pca_leace,audit,SEX,120,120,pooled,development_evaluation,False,not established,3,3,True,0.6781202328235308,0.008021444162734339,0.6781202328235308,0.008021444162734339,3,True,False
E_pca_leace,audit,SEX,120,120,pooled,validation_person_weighted,False,not established,3,3,True,0.6781428945655225,0.012822008015807967,0.6781428945655225,0.012822008015807967,3,True,False
E_pca_leace,audit,SEX,120,120,pooled,development_evaluation_person_weighted,False,not established,3,3,True,0.6853901426402559,0.005541280329290522,0.6853901426402559,0.005541280329290522,3,True,False
E_pca_leace,audit,SEX,360,120,primary,validation,False,not established,3,3,True,0.6736543031323606,0.007783478273975563,0.6736543031323606,0.007783478273975563,3,True,False
E_pca_leace,audit,SEX,360,120,primary,development_evaluation,False,not established,3,3,True,0.6781202328235308,0.008021444162734339,0.6781202328235308,0.008021444162734339,3,True,False
E_pca_leace,audit,SEX,360,120,primary,validation_person_weighted,False,not established,3,3,True,0.6781428945655225,0.012822008015807967,0.6781428945655225,0.012822008015807967,3,True,False
E_pca_leace,audit,SEX,360,120,primary,development_evaluation_person_weighted,False,not established,3,3,True,0.6853901426402559,0.005541280329290522,0.6853901426402559,0.005541280329290522,3,True,False
E_pca_leace,audit,SEX,360,120,pooled,validation,False,not established,3,3,True,0.6736543031323606,0.007783478273975563,0.6736543031323606,0.007783478273975563,3,True,False
E_pca_leace,audit,SEX,360,120,pooled,development_evaluation,False,not established,3,3,True,0.6781202328235308,0.008021444162734339,0.6781202328235308,0.008021444162734339,3,True,False
E_pca_leace,audit,SEX,360,120,pooled,validation_person_weighted,False,not established,3,3,True,0.6781428945655225,0.012822008015807967,0.6781428945655225,0.012822008015807967,3,True,False
E_pca_leace,audit,SEX,360,120,pooled,development_evaluation_person_weighted,False,not established,3,3,True,0.6853901426402559,0.005541280329290522,0.6853901426402559,0.005541280329290522,3,True,False
E_pca_leace,audit,RAC1P,120,120,primary,validation,False,not established,3,3,True,1.2405052915817651,0.014155442120562448,1.2405052915817651,0.014155442120562448,3,True,False
E_pca_leace,audit,RAC1P,120,120,primary,development_evaluation,False,not established,3,3,True,1.2350464844936397,0.027316321067903045,1.2350464844936397,0.027316321067903045,3,True,False
E_pca_leace,audit,RAC1P,120,120,primary,validation_person_weighted,False,not established,3,3,True,1.2401358534702476,0.01737860080809332,1.2401358534702476,0.01737860080809332,3,True,False
E_pca_leace,audit,RAC1P,120,120,primary,development_evaluation_person_weighted,False,not established,3,3,True,1.234764294679865,0.044637287351581345,1.234764294679865,0.044637287351581345,3,True,False
E_pca_leace,audit,RAC1P,120,120,pooled,validation,False,not established,3,3,True,1.2405052915817651,0.014155442120562448,1.2405052915817651,0.014155442120562448,3,True,False
E_pca_leace,audit,RAC1P,120,120,pooled,development_evaluation,False,not established,3,3,True,1.2350464844936397,0.027316321067903045,1.2350464844936397,0.027316321067903045,3,True,False
E_pca_leace,audit,RAC1P,120,120,pooled,validation_person_weighted,False,not established,3,3,True,1.2401358534702476,0.01737860080809332,1.2401358534702476,0.01737860080809332,3,True,False
E_pca_leace,audit,RAC1P,120,120,pooled,development_evaluation_person_weighted,False,not established,3,3,True,1.234764294679865,0.044637287351581345,1.234764294679865,0.044637287351581345,3,True,False
E_pca_leace,audit,RAC1P,360,120,primary,validation,False,not established,3,3,True,1.2405052915817651,0.014155442120562448,1.2405052915817651,0.014155442120562448,3,True,False
E_pca_leace,audit,RAC1P,360,120,primary,development_evaluation,False,not established,3,3,True,1.2350464844936397,0.027316321067903045,1.2350464844936397,0.027316321067903045,3,True,False
E_pca_leace,audit,RAC1P,360,120,primary,validation_person_weighted,False,not established,3,3,True,1.2401358534702476,0.01737860080809332,1.2401358534702476,0.01737860080809332,3,True,False
E_pca_leace,audit,RAC1P,360,120,primary,development_evaluation_person_weighted,False,not established,3,3,True,1.234764294679865,0.044637287351581345,1.234764294679865,0.044637287351581345,3,True,False
E_pca_leace,audit,RAC1P,360,120,pooled,validation,False,not established,3,3,True,1.2405052915817651,0.014155442120562448,1.2405052915817651,0.014155442120562448,3,True,False
E_pca_leace,audit,RAC1P,360,120,pooled,development_evaluation,False,not established,3,3,True,1.2350464844936397,0.027316321067903045,1.2350464844936397,0.027316321067903045,3,True,False
E_pca_leace,audit,RAC1P,360,120,pooled,validation_person_weighted,False,not established,3,3,True,1.2401358534702476,0.01737860080809332,1.2401358534702476,0.01737860080809332,3,True,False
E_pca_leace,audit,RAC1P,360,120,pooled,development_evaluation_person_weighted,False,not established,3,3,True,1.234764294679865,0.044637287351581345,1.234764294679865,0.044637287351581345,3,True,False
B_rich_bank,transfer,same_residence,,,primary,validation,False,not established,3,3,True,0.519075253334176,0.007070559592129076,0.519075253334176,0.007070559592129076,3,True,False
B_rich_bank,transfer,same_residence,,,primary,development_evaluation,False,not established,3,3,True,0.5105285206393606,0.003504361971064415,0.5105285206393606,0.003504361971064415,3,True,False
B_rich_bank,transfer,same_residence,,,primary,validation_person_weighted,False,not established,3,3,True,0.4921215371215014,0.014357003396381234,0.4921215371215014,0.014357003396381234,3,True,False
B_rich_bank,transfer,same_residence,,,primary,development_evaluation_person_weighted,False,not established,3,3,True,0.48531103515594426,0.004345810656015249,0.48531103515594426,0.004345810656015249,3,True,False
B_rich_bank,transfer,commute_over20,,,primary,validation,False,not established,3,3,True,0.6725893966193617,0.001273456335804816,0.6725893966193617,0.001273456335804816,3,True,False
B_rich_bank,transfer,commute_over20,,,primary,development_evaluation,False,not established,3,3,True,0.6814807668456577,0.002771387309119561,0.6814807668456577,0.002771387309119561,3,True,False
B_rich_bank,transfer,commute_over20,,,primary,validation_person_weighted,False,not established,3,3,True,0.6733475392272313,0.0023103301512757794,0.6733475392272313,0.0023103301512757794,3,True,False
B_rich_bank,transfer,commute_over20,,,primary,development_evaluation_person_weighted,False,not established,3,3,True,0.6847383592795433,0.0046326927968764154,0.6847383592795433,0.0046326927968764154,3,True,False
B_rich_bank,transfer,income_binary,,,primary,validation,False,not established,3,3,True,0.28779506867067167,0.003673111177989939,0.28779506867067167,0.003673111177989939,3,True,False
B_rich_bank,transfer,income_binary,,,primary,development_evaluation,False,not established,3,3,True,0.27842068605210946,0.007136622451927274,0.27842068605210946,0.007136622451927274,3,True,False
B_rich_bank,transfer,income_binary,,,primary,validation_person_weighted,False,not established,3,3,True,0.28587653482526915,0.014648194985474525,0.28587653482526915,0.014648194985474525,3,True,False
B_rich_bank,transfer,income_binary,,,primary,development_evaluation_person_weighted,False,not established,3,3,True,0.28941428905392047,0.009717658445812063,0.28941428905392047,0.009717658445812063,3,True,False
B_rich_bank,transfer,civilian_at_work,,,primary,validation,False,not established,3,3,True,0.2877391502108334,0.008515138674385437,0.2877391502108334,0.008515138674385437,3,True,False
B_rich_bank,transfer,civilian_at_work,,,primary,development_evaluation,False,not established,3,3,True,0.270940868689567,0.011699244286750253,0.270940868689567,0.011699244286750253,3,True,False
B_rich_bank,transfer,civilian_at_work,,,primary,validation_person_weighted,False,not established,3,3,True,0.28858946737378016,0.0047231998910603,0.28858946737378016,0.0047231998910603,3,True,False
B_rich_bank,transfer,civilian_at_work,,,primary,development_evaluation_person_weighted,False,not established,3,3,True,0.26200100286916467,0.016605820491549787,0.26200100286916467,0.016605820491549787,3,True,False
B_rich_bank,transfer,public_coverage,,,primary,validation,False,not established,3,3,True,0.47493947399977116,0.004183372487638858,0.47493947399977116,0.004183372487638858,3,True,False
B_rich_bank,transfer,public_coverage,,,primary,development_evaluation,False,not established,3,3,True,0.4870673538885682,0.012910041182812835,0.4870673538885682,0.012910041182812835,3,True,False
B_rich_bank,transfer,public_coverage,,,primary,validation_person_weighted,False,not established,3,3,True,0.48644993251440893,0.005845423670153696,0.48644993251440893,0.005845423670153696,3,True,False
B_rich_bank,transfer,public_coverage,,,primary,development_evaluation_person_weighted,False,not established,3,3,True,0.4928927570709848,0.015925137546039973,0.4928927570709848,0.015925137546039973,3,True,False
B_rich_bank,audit,SEX,120,120,primary,validation,False,not established,3,3,True,0.6604199826688947,0.0019917580993398685,0.6604199826688947,0.0019917580993398685,3,True,False
B_rich_bank,audit,SEX,120,120,primary,development_evaluation,False,not established,3,3,True,0.6647695106320399,0.008175405686020027,0.6647695106320399,0.008175405686020027,3,True,False
B_rich_bank,audit,SEX,120,120,primary,validation_person_weighted,False,not established,3,3,True,0.6614841671868099,0.010108343481779148,0.6614841671868099,0.010108343481779148,3,True,False
B_rich_bank,audit,SEX,120,120,primary,development_evaluation_person_weighted,False,not established,3,3,True,0.6671227481418543,0.006631540936840248,0.6671227481418543,0.006631540936840248,3,True,False
B_rich_bank,audit,SEX,120,120,pooled,validation,False,not established,3,3,True,0.6604199826688947,0.0019917580993398685,0.6604199826688947,0.0019917580993398685,3,True,False
B_rich_bank,audit,SEX,120,120,pooled,development_evaluation,False,not established,3,3,True,0.6647695106320399,0.008175405686020027,0.6647695106320399,0.008175405686020027,3,True,False
B_rich_bank,audit,SEX,120,120,pooled,validation_person_weighted,False,not established,3,3,True,0.6614841671868099,0.010108343481779148,0.6614841671868099,0.010108343481779148,3,True,False
B_rich_bank,audit,SEX,120,120,pooled,development_evaluation_person_weighted,False,not established,3,3,True,0.6671227481418543,0.006631540936840248,0.6671227481418543,0.006631540936840248,3,True,False
B_rich_bank,audit,SEX,360,360,primary,validation,False,not established,3,3,True,0.6604199826688947,0.0019917580993398685,0.6604199826688947,0.0019917580993398685,3,True,False
B_rich_bank,audit,SEX,360,360,primary,development_evaluation,False,not established,3,3,True,0.6647695106320399,0.008175405686020027,0.6647695106320399,0.008175405686020027,3,True,False
B_rich_bank,audit,SEX,360,360,primary,validation_person_weighted,False,not established,3,3,True,0.6614841671868099,0.010108343481779148,0.6614841671868099,0.010108343481779148,3,True,False
B_rich_bank,audit,SEX,360,360,primary,development_evaluation_person_weighted,False,not established,3,3,True,0.6671227481418543,0.006631540936840248,0.6671227481418543,0.006631540936840248,3,True,False
B_rich_bank,audit,SEX,360,360,pooled,validation,False,not established,3,3,True,0.6604199826688947,0.0019917580993398685,0.6604199826688947,0.0019917580993398685,3,True,False
B_rich_bank,audit,SEX,360,360,pooled,development_evaluation,False,not established,3,3,True,0.6647695106320399,0.008175405686020027,0.6647695106320399,0.008175405686020027,3,True,False
B_rich_bank,audit,SEX,360,360,pooled,validation_person_weighted,False,not established,3,3,True,0.6614841671868099,0.010108343481779148,0.6614841671868099,0.010108343481779148,3,True,False
B_rich_bank,audit,SEX,360,360,pooled,development_evaluation_person_weighted,False,not established,3,3,True,0.6671227481418543,0.006631540936840248,0.6671227481418543,0.006631540936840248,3,True,False
B_rich_bank,audit,RAC1P,120,120,primary,validation,False,not established,3,3,True,1.240366062972035,0.005522768105071966,1.240366062972035,0.005522768105071966,3,True,False
B_rich_bank,audit,RAC1P,120,120,primary,development_evaluation,False,not established,3,3,True,1.2431727057896385,0.032478868074651016,1.2431727057896385,0.032478868074651016,3,True,False
B_rich_bank,audit,RAC1P,120,120,primary,validation_person_weighted,False,not established,3,3,True,1.2438112368344623,0.0077609416399307424,1.2438112368344623,0.0077609416399307424,3,True,False
B_rich_bank,audit,RAC1P,120,120,primary,development_evaluation_person_weighted,False,not established,3,3,True,1.241851795257612,0.04367818282412431,1.241851795257612,0.04367818282412431,3,True,False
B_rich_bank,audit,RAC1P,120,120,pooled,validation,False,not established,3,3,True,1.240366062972035,0.005522768105071966,1.240366062972035,0.005522768105071966,3,True,False
B_rich_bank,audit,RAC1P,120,120,pooled,development_evaluation,False,not established,3,3,True,1.2431727057896385,0.032478868074651016,1.2431727057896385,0.032478868074651016,3,True,False
B_rich_bank,audit,RAC1P,120,120,pooled,validation_person_weighted,False,not established,3,3,True,1.2438112368344623,0.0077609416399307424,1.2438112368344623,0.0077609416399307424,3,True,False
B_rich_bank,audit,RAC1P,120,120,pooled,development_evaluation_person_weighted,False,not established,3,3,True,1.241851795257612,0.04367818282412431,1.241851795257612,0.04367818282412431,3,True,False
B_rich_bank,audit,RAC1P,360,360,primary,validation,False,not established,3,3,True,1.240366062972035,0.005522768105071966,1.240366062972035,0.005522768105071966,3,True,False
B_rich_bank,audit,RAC1P,360,360,primary,development_evaluation,False,not established,3,3,True,1.2431727057896385,0.032478868074651016,1.2431727057896385,0.032478868074651016,3,True,False
B_rich_bank,audit,RAC1P,360,360,primary,validation_person_weighted,False,not established,3,3,True,1.2438112368344623,0.0077609416399307424,1.2438112368344623,0.0077609416399307424,3,True,False
B_rich_bank,audit,RAC1P,360,360,primary,development_evaluation_person_weighted,False,not established,3,3,True,1.241851795257612,0.04367818282412431,1.241851795257612,0.04367818282412431,3,True,False
B_rich_bank,audit,RAC1P,360,360,pooled,validation,False,not established,3,3,True,1.240366062972035,0.005522768105071966,1.240366062972035,0.005522768105071966,3,True,False
B_rich_bank,audit,RAC1P,360,360,pooled,development_evaluation,False,not established,3,3,True,1.2431727057896385,0.032478868074651016,1.2431727057896385,0.032478868074651016,3,True,False
B_rich_bank,audit,RAC1P,360,360,pooled,validation_person_weighted,False,not established,3,3,True,1.2438112368344623,0.0077609416399307424,1.2438112368344623,0.0077609416399307424,3,True,False
B_rich_bank,audit,RAC1P,360,360,pooled,development_evaluation_person_weighted,False,not established,3,3,True,1.241851795257612,0.04367818282412431,1.241851795257612,0.04367818282412431,3,True,False
C_tree_bank,transfer,same_residence,,,primary,validation,False,not established,3,3,True,0.5273568798165438,0.011294446286829688,0.5273568798165438,0.011294446286829688,3,True,False
C_tree_bank,transfer,same_residence,,,primary,development_evaluation,False,not established,3,3,True,0.5173558112290905,0.002162276088138413,0.5173558112290905,0.002162276088138413,3,True,False
C_tree_bank,transfer,same_residence,,,primary,validation_person_weighted,False,not established,3,3,True,0.5007901110151884,0.017486465686623202,0.5007901110151884,0.017486465686623202,3,True,False
C_tree_bank,transfer,same_residence,,,primary,development_evaluation_person_weighted,False,not established,3,3,True,0.4908436884610886,0.006835023883822332,0.4908436884610886,0.006835023883822332,3,True,False
C_tree_bank,transfer,commute_over20,,,primary,validation,False,not established,3,3,True,0.6747154932418917,0.0003183856333834427,0.6747154932418917,0.0003183856333834427,3,True,False
C_tree_bank,transfer,commute_over20,,,primary,development_evaluation,False,not established,3,3,True,0.6818626563817183,0.004759653467122525,0.6818626563817183,0.004759653467122525,3,True,False
C_tree_bank,transfer,commute_over20,,,primary,validation_person_weighted,False,not established,3,3,True,0.6759335588624107,0.000926290473612278,0.6759335588624107,0.000926290473612278,3,True,False
C_tree_bank,transfer,commute_over20,,,primary,development_evaluation_person_weighted,False,not established,3,3,True,0.6852161613786923,0.0055073907298388465,0.6852161613786923,0.0055073907298388465,3,True,False
C_tree_bank,transfer,income_binary,,,primary,validation,False,not established,3,3,True,0.28752895996645017,0.0027552382553254033,0.28752895996645017,0.0027552382553254033,3,True,False
C_tree_bank,transfer,income_binary,,,primary,development_evaluation,False,not established,3,3,True,0.27999697467904,0.009591466685698349,0.27999697467904,0.009591466685698349,3,True,False
C_tree_bank,transfer,income_binary,,,primary,validation_person_weighted,False,not established,3,3,True,0.2839504528433969,0.007828173201904149,0.2839504528433969,0.007828173201904149,3,True,False
C_tree_bank,transfer,income_binary,,,primary,development_evaluation_person_weighted,False,not established,3,3,True,0.2907925482204425,0.012726698515743705,0.2907925482204425,0.012726698515743705,3,True,False
C_tree_bank,transfer,civilian_at_work,,,primary,validation,False,not established,3,3,True,0.291640256755205,0.012044952823695148,0.291640256755205,0.012044952823695148,3,True,False
C_tree_bank,transfer,civilian_at_work,,,primary,development_evaluation,False,not established,3,3,True,0.27499021887180736,0.006996460057162507,0.27499021887180736,0.006996460057162507,3,True,False
C_tree_bank,transfer,civilian_at_work,,,primary,validation_person_weighted,False,not established,3,3,True,0.291938506606436,0.006334077863592555,0.291938506606436,0.006334077863592555,3,True,False
C_tree_bank,transfer,civilian_at_work,,,primary,development_evaluation_person_weighted,False,not established,3,3,True,0.26564852966760655,0.011761128708821154,0.26564852966760655,0.011761128708821154,3,True,False
C_tree_bank,transfer,public_coverage,,,primary,validation,False,not established,3,3,True,0.47579279837858124,0.006441975402856802,0.47579279837858124,0.006441975402856802,3,True,False
C_tree_bank,transfer,public_coverage,,,primary,development_evaluation,False,not established,3,3,True,0.4881141041345013,0.014002565902401771,0.4881141041345013,0.014002565902401771,3,True,False
C_tree_bank,transfer,public_coverage,,,primary,validation_person_weighted,False,not established,3,3,True,0.48782740234464567,0.006838283727679876,0.48782740234464567,0.006838283727679876,3,True,False
C_tree_bank,transfer,public_coverage,,,primary,development_evaluation_person_weighted,False,not established,3,3,True,0.496850679546209,0.017326121896290715,0.496850679546209,0.017326121896290715,3,True,False
C_tree_bank,audit,SEX,120,120,primary,validation,False,not established,3,3,True,0.6768854568068134,0.005213707097417465,0.6768854568068134,0.005213707097417465,3,True,False
C_tree_bank,audit,SEX,120,120,primary,development_evaluation,False,not established,3,3,True,0.676693675813218,0.0028563069564391977,0.676693675813218,0.0028563069564391977,3,True,False
C_tree_bank,audit,SEX,120,120,primary,validation_person_weighted,False,not established,3,3,True,0.6770063855572107,0.010934147434510724,0.6770063855572107,0.010934147434510724,3,True,False
C_tree_bank,audit,SEX,120,120,primary,development_evaluation_person_weighted,False,not established,3,3,True,0.6795595798261369,0.002528388853458082,0.6795595798261369,0.002528388853458082,3,True,False
C_tree_bank,audit,SEX,120,120,pooled,validation,False,not established,3,3,True,0.6768854568068134,0.005213707097417465,0.6768854568068134,0.005213707097417465,3,True,False
C_tree_bank,audit,SEX,120,120,pooled,development_evaluation,False,not established,3,3,True,0.676693675813218,0.0028563069564391977,0.676693675813218,0.0028563069564391977,3,True,False
C_tree_bank,audit,SEX,120,120,pooled,validation_person_weighted,False,not established,3,3,True,0.6770063855572107,0.010934147434510724,0.6770063855572107,0.010934147434510724,3,True,False
C_tree_bank,audit,SEX,120,120,pooled,development_evaluation_person_weighted,False,not established,3,3,True,0.6795595798261369,0.002528388853458082,0.6795595798261369,0.002528388853458082,3,True,False
C_tree_bank,audit,SEX,360,360,primary,validation,False,not established,3,3,True,0.6768854568068134,0.005213707097417465,0.6768854568068134,0.005213707097417465,3,True,False
C_tree_bank,audit,SEX,360,360,primary,development_evaluation,False,not established,3,3,True,0.676693675813218,0.0028563069564391977,0.676693675813218,0.0028563069564391977,3,True,False
C_tree_bank,audit,SEX,360,360,primary,validation_person_weighted,False,not established,3,3,True,0.6770063855572107,0.010934147434510724,0.6770063855572107,0.010934147434510724,3,True,False
C_tree_bank,audit,SEX,360,360,primary,development_evaluation_person_weighted,False,not established,3,3,True,0.6795595798261369,0.002528388853458082,0.6795595798261369,0.002528388853458082,3,True,False
C_tree_bank,audit,SEX,360,360,pooled,validation,False,not established,3,3,True,0.6768854568068134,0.005213707097417465,0.6768854568068134,0.005213707097417465,3,True,False
C_tree_bank,audit,SEX,360,360,pooled,development_evaluation,False,not established,3,3,True,0.676693675813218,0.0028563069564391977,0.676693675813218,0.0028563069564391977,3,True,False
C_tree_bank,audit,SEX,360,360,pooled,validation_person_weighted,False,not established,3,3,True,0.6770063855572107,0.010934147434510724,0.6770063855572107,0.010934147434510724,3,True,False
C_tree_bank,audit,SEX,360,360,pooled,development_evaluation_person_weighted,False,not established,3,3,True,0.6795595798261369,0.002528388853458082,0.6795595798261369,0.002528388853458082,3,True,False
C_tree_bank,audit,RAC1P,120,120,primary,validation,False,not established,3,3,True,1.2524716403977156,0.008746205411203526,1.2524716403977156,0.008746205411203526,3,True,False
C_tree_bank,audit,RAC1P,120,120,primary,development_evaluation,False,not established,3,3,True,1.2593206441549976,0.01988882977738989,1.2593206441549976,0.01988882977738989,3,True,False
C_tree_bank,audit,RAC1P,120,120,primary,validation_person_weighted,False,not established,3,3,True,1.2545503843823553,0.009226944340538135,1.2545503843823553,0.009226944340538135,3,True,False
C_tree_bank,audit,RAC1P,120,120,primary,development_evaluation_person_weighted,False,not established,3,3,True,1.2556033721508861,0.037122317616107105,1.2556033721508861,0.037122317616107105,3,True,False
C_tree_bank,audit,RAC1P,120,120,pooled,validation,False,not established,3,3,True,1.2524716403977156,0.008746205411203526,1.2524716403977156,0.008746205411203526,3,True,False
C_tree_bank,audit,RAC1P,120,120,pooled,development_evaluation,False,not established,3,3,True,1.2593206441549976,0.01988882977738989,1.2593206441549976,0.01988882977738989,3,True,False
C_tree_bank,audit,RAC1P,120,120,pooled,validation_person_weighted,False,not established,3,3,True,1.2545503843823553,0.009226944340538135,1.2545503843823553,0.009226944340538135,3,True,False
C_tree_bank,audit,RAC1P,120,120,pooled,development_evaluation_person_weighted,False,not established,3,3,True,1.2556033721508861,0.037122317616107105,1.2556033721508861,0.037122317616107105,3,True,False
C_tree_bank,audit,RAC1P,360,360,primary,validation,False,not established,3,3,True,1.2524716403977156,0.008746205411203526,1.2524716403977156,0.008746205411203526,3,True,False
C_tree_bank,audit,RAC1P,360,360,primary,development_evaluation,False,not established,3,3,True,1.2593206441549976,0.01988882977738989,1.2593206441549976,0.01988882977738989,3,True,False
C_tree_bank,audit,RAC1P,360,360,primary,validation_person_weighted,False,not established,3,3,True,1.2545503843823553,0.009226944340538135,1.2545503843823553,0.009226944340538135,3,True,False
C_tree_bank,audit,RAC1P,360,360,primary,development_evaluation_person_weighted,False,not established,3,3,True,1.2556033721508861,0.037122317616107105,1.2556033721508861,0.037122317616107105,3,True,False
C_tree_bank,audit,RAC1P,360,360,pooled,validation,False,not established,3,3,True,1.2524716403977156,0.008746205411203526,1.2524716403977156,0.008746205411203526,3,True,False
C_tree_bank,audit,RAC1P,360,360,pooled,development_evaluation,False,not established,3,3,True,1.2593206441549976,0.01988882977738989,1.2593206441549976,0.01988882977738989,3,True,False
C_tree_bank,audit,RAC1P,360,360,pooled,validation_person_weighted,False,not established,3,3,True,1.2545503843823553,0.009226944340538135,1.2545503843823553,0.009226944340538135,3,True,False
C_tree_bank,audit,RAC1P,360,360,pooled,development_evaluation_person_weighted,False,not established,3,3,True,1.2556033721508861,0.037122317616107105,1.2556033721508861,0.037122317616107105,3,True,False
E_bank,transfer,same_residence,,,primary,validation,False,not established,3,3,True,0.5302249826464217,0.010655846549486753,0.5302249826464217,0.010655846549486753,3,True,False
E_bank,transfer,same_residence,,,primary,development_evaluation,False,not established,3,3,True,0.5219009814542905,0.002726154683732799,0.5219009814542905,0.002726154683732799,3,True,False
E_bank,transfer,same_residence,,,primary,validation_person_weighted,False,not established,3,3,True,0.5053281078145839,0.01690600098748425,0.5053281078145839,0.01690600098748425,3,True,False
E_bank,transfer,same_residence,,,primary,development_evaluation_person_weighted,False,not established,3,3,True,0.4975909216829315,0.0056942985162675664,0.4975909216829315,0.0056942985162675664,3,True,False
E_bank,transfer,commute_over20,,,primary,validation,False,not established,3,3,True,0.6801718862761263,0.003596477193201394,0.6801718862761263,0.003596477193201394,3,True,False
E_bank,transfer,commute_over20,,,primary,development_evaluation,False,not established,3,3,True,0.6868626136678386,0.003922523403426734,0.6868626136678386,0.003922523403426734,3,True,False
E_bank,transfer,commute_over20,,,primary,validation_person_weighted,False,not established,3,3,True,0.6812692045623835,0.004658869976673407,0.6812692045623835,0.004658869976673407,3,True,False
E_bank,transfer,commute_over20,,,primary,development_evaluation_person_weighted,False,not established,3,3,True,0.6901426438681786,0.006110724708856482,0.6901426438681786,0.006110724708856482,3,True,False
E_bank,transfer,income_binary,,,primary,validation,False,not established,3,3,True,0.33200718960156234,0.012933822897819627,0.33200718960156234,0.012933822897819627,3,True,False
E_bank,transfer,income_binary,,,primary,development_evaluation,False,not established,3,3,True,0.3203731085685482,0.01297321665000814,0.3203731085685482,0.01297321665000814,3,True,False
E_bank,transfer,income_binary,,,primary,validation_person_weighted,False,not established,3,3,True,0.32357829906108376,0.004549773886529946,0.32357829906108376,0.004549773886529946,3,True,False
E_bank,transfer,income_binary,,,primary,development_evaluation_person_weighted,False,not established,3,3,True,0.3300895002800876,0.008391184123172699,0.3300895002800876,0.008391184123172699,3,True,False
E_bank,transfer,civilian_at_work,,,primary,validation,False,not established,3,3,True,0.3637498911850406,0.034037795920758646,0.3637498911850406,0.034037795920758646,3,True,False
E_bank,transfer,civilian_at_work,,,primary,development_evaluation,False,not established,3,3,True,0.3505266032928156,0.02148066185221304,0.3505266032928156,0.02148066185221304,3,True,False
E_bank,transfer,civilian_at_work,,,primary,validation_person_weighted,False,not established,3,3,True,0.3554902633141042,0.034140569416222656,0.3554902633141042,0.034140569416222656,3,True,False
E_bank,transfer,civilian_at_work,,,primary,development_evaluation_person_weighted,False,not established,3,3,True,0.33276272584991495,0.015387113148489853,0.33276272584991495,0.015387113148489853,3,True,False
E_bank,transfer,public_coverage,,,primary,validation,False,not established,3,3,True,0.5004295317615425,0.009404748226917203,0.5004295317615425,0.009404748226917203,3,True,False
E_bank,transfer,public_coverage,,,primary,development_evaluation,False,not established,3,3,True,0.5041995751921424,0.016816206870827806,0.5041995751921424,0.016816206870827806,3,True,False
E_bank,transfer,public_coverage,,,primary,validation_person_weighted,False,not established,3,3,True,0.5135665863754052,0.009118621242016322,0.5135665863754052,0.009118621242016322,3,True,False
E_bank,transfer,public_coverage,,,primary,development_evaluation_person_weighted,False,not established,3,3,True,0.5106226027157521,0.01649226794984189,0.5106226027157521,0.01649226794984189,3,True,False
E_bank,audit,SEX,120,120,primary,validation,False,not established,3,3,True,0.6889195942358095,0.0015580249576151997,0.6889195942358095,0.0015580249576151997,3,True,False
E_bank,audit,SEX,120,120,primary,development_evaluation,False,not established,3,3,True,0.6864409436835088,0.0023077441075243037,0.6864409436835088,0.0023077441075243037,3,True,False
E_bank,audit,SEX,120,120,primary,validation_person_weighted,False,not established,3,3,True,0.6901170855281742,0.0015493432178956396,0.6901170855281742,0.0015493432178956396,3,True,False
E_bank,audit,SEX,120,120,primary,development_evaluation_person_weighted,False,not established,3,3,True,0.6861582180358798,0.0024967387435895906,0.6861582180358798,0.0024967387435895906,3,True,False
E_bank,audit,SEX,120,120,pooled,validation,False,not established,3,3,True,0.6889195942358095,0.0015580249576151997,0.6889195942358095,0.0015580249576151997,3,True,False
E_bank,audit,SEX,120,120,pooled,development_evaluation,False,not established,3,3,True,0.6864409436835088,0.0023077441075243037,0.6864409436835088,0.0023077441075243037,3,True,False
E_bank,audit,SEX,120,120,pooled,validation_person_weighted,False,not established,3,3,True,0.6901170855281742,0.0015493432178956396,0.6901170855281742,0.0015493432178956396,3,True,False
E_bank,audit,SEX,120,120,pooled,development_evaluation_person_weighted,False,not established,3,3,True,0.6861582180358798,0.0024967387435895906,0.6861582180358798,0.0024967387435895906,3,True,False
E_bank,audit,SEX,360,360,primary,validation,False,not established,3,3,True,0.6887821453145992,0.0015841473396551624,0.6887821453145992,0.0015841473396551624,3,True,False
E_bank,audit,SEX,360,360,primary,development_evaluation,False,not established,3,3,True,0.6863293774807732,0.0024789455865076495,0.6863293774807732,0.0024789455865076495,3,True,False
E_bank,audit,SEX,360,360,primary,validation_person_weighted,False,not established,3,3,True,0.6898877485556197,0.0017480629959691022,0.6898877485556197,0.0017480629959691022,3,True,False
E_bank,audit,SEX,360,360,primary,development_evaluation_person_weighted,False,not established,3,3,True,0.6860883641832395,0.002615946135577061,0.6860883641832395,0.002615946135577061,3,True,False
E_bank,audit,SEX,360,360,pooled,validation,False,not established,3,3,True,0.6887821453145992,0.0015841473396551624,0.6887821453145992,0.0015841473396551624,3,True,False
E_bank,audit,SEX,360,360,pooled,development_evaluation,False,not established,3,3,True,0.6863293774807732,0.0024789455865076495,0.6863293774807732,0.0024789455865076495,3,True,False
E_bank,audit,SEX,360,360,pooled,validation_person_weighted,False,not established,3,3,True,0.6898877485556197,0.0017480629959691022,0.6898877485556197,0.0017480629959691022,3,True,False
E_bank,audit,SEX,360,360,pooled,development_evaluation_person_weighted,False,not established,3,3,True,0.6860883641832395,0.002615946135577061,0.6860883641832395,0.002615946135577061,3,True,False
E_bank,audit,RAC1P,120,120,primary,validation,False,not established,3,3,True,1.2607923401035293,0.007000173856162658,1.2607923401035293,0.007000173856162658,3,True,False
E_bank,audit,RAC1P,120,120,primary,development_evaluation,False,not established,3,3,True,1.2648191450719453,0.032789382249727016,1.2648191450719453,0.032789382249727016,3,True,False
E_bank,audit,RAC1P,120,120,primary,validation_person_weighted,False,not established,3,3,True,1.2614327345785745,0.003817385615011702,1.2614327345785745,0.003817385615011702,3,True,False
E_bank,audit,RAC1P,120,120,primary,development_evaluation_person_weighted,False,not established,3,3,True,1.2629726667286068,0.04755804252913281,1.2629726667286068,0.04755804252913281,3,True,False
E_bank,audit,RAC1P,120,120,pooled,validation,False,not established,3,3,True,1.2607923401035293,0.007000173856162658,1.2607923401035293,0.007000173856162658,3,True,False
E_bank,audit,RAC1P,120,120,pooled,development_evaluation,False,not established,3,3,True,1.2648191450719453,0.032789382249727016,1.2648191450719453,0.032789382249727016,3,True,False
E_bank,audit,RAC1P,120,120,pooled,validation_person_weighted,False,not established,3,3,True,1.2614327345785745,0.003817385615011702,1.2614327345785745,0.003817385615011702,3,True,False
E_bank,audit,RAC1P,120,120,pooled,development_evaluation_person_weighted,False,not established,3,3,True,1.2629726667286068,0.04755804252913281,1.2629726667286068,0.04755804252913281,3,True,False
E_bank,audit,RAC1P,360,360,primary,validation,False,not established,3,3,True,1.2607923401035293,0.007000173856162658,1.2607923401035293,0.007000173856162658,3,True,False
E_bank,audit,RAC1P,360,360,primary,development_evaluation,False,not established,3,3,True,1.2648191450719453,0.032789382249727016,1.2648191450719453,0.032789382249727016,3,True,False
E_bank,audit,RAC1P,360,360,primary,validation_person_weighted,False,not established,3,3,True,1.2614327345785745,0.003817385615011702,1.2614327345785745,0.003817385615011702,3,True,False
E_bank,audit,RAC1P,360,360,primary,development_evaluation_person_weighted,False,not established,3,3,True,1.2629726667286068,0.04755804252913281,1.2629726667286068,0.04755804252913281,3,True,False
E_bank,audit,RAC1P,360,360,pooled,validation,False,not established,3,3,True,1.2607923401035293,0.007000173856162658,1.2607923401035293,0.007000173856162658,3,True,False
E_bank,audit,RAC1P,360,360,pooled,development_evaluation,False,not established,3,3,True,1.2648191450719453,0.032789382249727016,1.2648191450719453,0.032789382249727016,3,True,False
E_bank,audit,RAC1P,360,360,pooled,validation_person_weighted,False,not established,3,3,True,1.2614327345785745,0.003817385615011702,1.2614327345785745,0.003817385615011702,3,True,False
E_bank,audit,RAC1P,360,360,pooled,development_evaluation_person_weighted,False,not established,3,3,True,1.2629726667286068,0.04755804252913281,1.2629726667286068,0.04755804252913281,3,True,False
S_bank,transfer,same_residence,,,primary,validation,False,not established,3,3,True,0.5343788480685764,0.01247636824500341,0.5343788480685764,0.01247636824500341,3,True,False
S_bank,transfer,same_residence,,,primary,development_evaluation,False,not established,3,3,True,0.5266448340149137,0.004277568929944257,0.5266448340149137,0.004277568929944257,3,True,False
S_bank,transfer,same_residence,,,primary,validation_person_weighted,False,not established,3,3,True,0.5080287842734522,0.01711290843324595,0.5080287842734522,0.01711290843324595,3,True,False
S_bank,transfer,same_residence,,,primary,development_evaluation_person_weighted,False,not established,3,3,True,0.5001725521984034,0.007289137355483956,0.5001725521984034,0.007289137355483956,3,True,False
S_bank,transfer,commute_over20,,,primary,validation,False,not established,3,3,True,0.679520414489336,0.002313349986409171,0.679520414489336,0.002313349986409171,3,True,False
S_bank,transfer,commute_over20,,,primary,development_evaluation,False,not established,3,3,True,0.6848142693043324,0.0036608781520679552,0.6848142693043324,0.0036608781520679552,3,True,False
S_bank,transfer,commute_over20,,,primary,validation_person_weighted,False,not established,3,3,True,0.6796204854920515,0.0031548571241771803,0.6796204854920515,0.0031548571241771803,3,True,False
S_bank,transfer,commute_over20,,,primary,development_evaluation_person_weighted,False,not established,3,3,True,0.6862552331088241,0.0038852957390158433,0.6862552331088241,0.0038852957390158433,3,True,False
S_bank,transfer,income_binary,,,primary,validation,False,not established,3,3,True,0.3172528515393519,0.010294981436564012,0.3172528515393519,0.010294981436564012,3,True,False
S_bank,transfer,income_binary,,,primary,development_evaluation,False,not established,3,3,True,0.30797238184742526,0.004673984981434373,0.30797238184742526,0.004673984981434373,3,True,False
S_bank,transfer,income_binary,,,primary,validation_person_weighted,False,not established,3,3,True,0.31100141242962914,0.013437355885838895,0.31100141242962914,0.013437355885838895,3,True,False
S_bank,transfer,income_binary,,,primary,development_evaluation_person_weighted,False,not established,3,3,True,0.3219433170452407,0.004059311889228284,0.3219433170452407,0.004059311889228284,3,True,False
S_bank,transfer,civilian_at_work,,,primary,validation,False,not established,3,3,True,0.33600435883774454,0.010008813387963167,0.33600435883774454,0.010008813387963167,3,True,False
S_bank,transfer,civilian_at_work,,,primary,development_evaluation,False,not established,3,3,True,0.32611512414581084,0.007231099551433157,0.32611512414581084,0.007231099551433157,3,True,False
S_bank,transfer,civilian_at_work,,,primary,validation_person_weighted,False,not established,3,3,True,0.32694357021877113,0.006916264171832765,0.32694357021877113,0.006916264171832765,3,True,False
S_bank,transfer,civilian_at_work,,,primary,development_evaluation_person_weighted,False,not established,3,3,True,0.30799088241724737,0.008262805169566229,0.30799088241724737,0.008262805169566229,3,True,False
S_bank,transfer,public_coverage,,,primary,validation,False,not established,3,3,True,0.493781868649625,0.012783657381514775,0.493781868649625,0.012783657381514775,3,True,False
S_bank,transfer,public_coverage,,,primary,development_evaluation,False,not established,3,3,True,0.5056591233289852,0.011926864749362873,0.5056591233289852,0.011926864749362873,3,True,False
S_bank,transfer,public_coverage,,,primary,validation_person_weighted,False,not established,3,3,True,0.5048802939079597,0.011506822486163758,0.5048802939079597,0.011506822486163758,3,True,False
S_bank,transfer,public_coverage,,,primary,development_evaluation_person_weighted,False,not established,3,3,True,0.5118661378003525,0.012991791075505339,0.5118661378003525,0.012991791075505339,3,True,False
S_bank,audit,SEX,120,120,primary,validation,False,not established,3,3,True,0.6820689242010421,0.00041895297830781247,0.6820689242010421,0.00041895297830781247,3,True,False
S_bank,audit,SEX,120,120,primary,development_evaluation,False,not established,3,3,True,0.6821415010510571,0.005274261812316739,0.6821415010510571,0.005274261812316739,3,True,False
S_bank,audit,SEX,120,120,primary,validation_person_weighted,False,not established,3,3,True,0.6813725678475246,0.0016254751345406674,0.6813725678475246,0.0016254751345406674,3,True,False
S_bank,audit,SEX,120,120,primary,development_evaluation_person_weighted,False,not established,3,3,True,0.6817574179100836,0.004049433357149929,0.6817574179100836,0.004049433357149929,3,True,False
S_bank,audit,SEX,120,120,pooled,validation,False,not established,3,3,True,0.6820689242010421,0.00041895297830781247,0.6820689242010421,0.00041895297830781247,3,True,False
S_bank,audit,SEX,120,120,pooled,development_evaluation,False,not established,3,3,True,0.6821415010510571,0.005274261812316739,0.6821415010510571,0.005274261812316739,3,True,False
S_bank,audit,SEX,120,120,pooled,validation_person_weighted,False,not established,3,3,True,0.6813725678475246,0.0016254751345406674,0.6813725678475246,0.0016254751345406674,3,True,False
S_bank,audit,SEX,120,120,pooled,development_evaluation_person_weighted,False,not established,3,3,True,0.6817574179100836,0.004049433357149929,0.6817574179100836,0.004049433357149929,3,True,False
S_bank,audit,SEX,360,360,primary,validation,False,not established,3,3,True,0.6816302647840458,0.0011787175637850036,0.6816302647840458,0.0011787175637850036,3,True,False
S_bank,audit,SEX,360,360,primary,development_evaluation,False,not established,3,3,True,0.6827687621365873,0.006032440653249029,0.6827687621365873,0.006032440653249029,3,True,False
S_bank,audit,SEX,360,360,primary,validation_person_weighted,False,not established,3,3,True,0.6810419432152608,0.0019657243881700953,0.6810419432152608,0.0019657243881700953,3,True,False
S_bank,audit,SEX,360,360,primary,development_evaluation_person_weighted,False,not established,3,3,True,0.6821310541525463,0.004533357981771654,0.6821310541525463,0.004533357981771654,3,True,False
S_bank,audit,SEX,360,360,pooled,validation,False,not established,3,3,True,0.6816302647840458,0.0011787175637850036,0.6816302647840458,0.0011787175637850036,3,True,False
S_bank,audit,SEX,360,360,pooled,development_evaluation,False,not established,3,3,True,0.6827687621365873,0.006032440653249029,0.6827687621365873,0.006032440653249029,3,True,False
S_bank,audit,SEX,360,360,pooled,validation_person_weighted,False,not established,3,3,True,0.6810419432152608,0.0019657243881700953,0.6810419432152608,0.0019657243881700953,3,True,False
S_bank,audit,SEX,360,360,pooled,development_evaluation_person_weighted,False,not established,3,3,True,0.6821310541525463,0.004533357981771654,0.6821310541525463,0.004533357981771654,3,True,False
S_bank,audit,RAC1P,120,120,primary,validation,False,not established,3,3,True,1.2637829634490174,0.004008618642709193,1.2637829634490174,0.004008618642709193,3,True,False
S_bank,audit,RAC1P,120,120,primary,development_evaluation,False,not established,3,3,True,1.2710199918450629,0.030605332927827855,1.2710199918450629,0.030605332927827855,3,True,False
S_bank,audit,RAC1P,120,120,primary,validation_person_weighted,False,not established,3,3,True,1.2614083702090297,0.0021604052134540494,1.2614083702090297,0.0021604052134540494,3,True,False
S_bank,audit,RAC1P,120,120,primary,development_evaluation_person_weighted,False,not established,3,3,True,1.2672359715299875,0.04890423432216321,1.2672359715299875,0.04890423432216321,3,True,False
S_bank,audit,RAC1P,120,120,pooled,validation,False,not established,3,3,True,1.2637829634490174,0.004008618642709193,1.2637829634490174,0.004008618642709193,3,True,False
S_bank,audit,RAC1P,120,120,pooled,development_evaluation,False,not established,3,3,True,1.2710199918450629,0.030605332927827855,1.2710199918450629,0.030605332927827855,3,True,False
S_bank,audit,RAC1P,120,120,pooled,validation_person_weighted,False,not established,3,3,True,1.2614083702090297,0.0021604052134540494,1.2614083702090297,0.0021604052134540494,3,True,False
S_bank,audit,RAC1P,120,120,pooled,development_evaluation_person_weighted,False,not established,3,3,True,1.2672359715299875,0.04890423432216321,1.2672359715299875,0.04890423432216321,3,True,False
S_bank,audit,RAC1P,360,360,primary,validation,False,not established,3,3,True,1.2633557475651982,0.004744522510736579,1.2633557475651982,0.004744522510736579,3,True,False
S_bank,audit,RAC1P,360,360,primary,development_evaluation,False,not established,3,3,True,1.2701084975956827,0.030825334398905457,1.2701084975956827,0.030825334398905457,3,True,False
S_bank,audit,RAC1P,360,360,primary,validation_person_weighted,False,not established,3,3,True,1.2615374479964132,0.002383853903051072,1.2615374479964132,0.002383853903051072,3,True,False
S_bank,audit,RAC1P,360,360,primary,development_evaluation_person_weighted,False,not established,3,3,True,1.2672224330452664,0.04891791167161643,1.2672224330452664,0.04891791167161643,3,True,False
S_bank,audit,RAC1P,360,360,pooled,validation,False,not established,3,3,True,1.2633557475651982,0.004744522510736579,1.2633557475651982,0.004744522510736579,3,True,False
S_bank,audit,RAC1P,360,360,pooled,development_evaluation,False,not established,3,3,True,1.2701084975956827,0.030825334398905457,1.2701084975956827,0.030825334398905457,3,True,False
S_bank,audit,RAC1P,360,360,pooled,validation_person_weighted,False,not established,3,3,True,1.2615374479964132,0.002383853903051072,1.2615374479964132,0.002383853903051072,3,True,False
S_bank,audit,RAC1P,360,360,pooled,development_evaluation_person_weighted,False,not established,3,3,True,1.2672224330452664,0.04891791167161643,1.2672224330452664,0.04891791167161643,3,True,False
E_F_C,transfer,same_residence,,,primary,validation,False,not established,3,3,True,0.5123576850254742,0.004621188654878975,0.5123576850254742,0.004621188654878975,3,True,False
E_F_C,transfer,same_residence,,,primary,development_evaluation,False,not established,3,3,True,0.5038492875505165,0.0026117279158124488,0.5038492875505165,0.0026117279158124488,3,True,False
E_F_C,transfer,same_residence,,,primary,validation_person_weighted,False,not established,3,3,True,0.4884641251394876,0.0068972268790931605,0.4884641251394876,0.0068972268790931605,3,True,False
E_F_C,transfer,same_residence,,,primary,development_evaluation_person_weighted,False,not established,3,3,True,0.481239606591,0.009156147954218851,0.481239606591,0.009156147954218851,3,True,False
E_F_C,transfer,commute_over20,,,primary,validation,False,not established,3,3,True,0.6794536680971532,0.0030798766192111932,0.6794536680971532,0.0030798766192111932,3,True,False
E_F_C,transfer,commute_over20,,,primary,development_evaluation,False,not established,3,3,True,0.6850407446036861,0.003499143882225886,0.6850407446036861,0.003499143882225886,3,True,False
E_F_C,transfer,commute_over20,,,primary,validation_person_weighted,False,not established,3,3,True,0.6783740796177731,0.003772307264084999,0.6783740796177731,0.003772307264084999,3,True,False
E_F_C,transfer,commute_over20,,,primary,development_evaluation_person_weighted,False,not established,3,3,True,0.6867362649996631,0.003759166948547441,0.6867362649996631,0.003759166948547441,3,True,False
E_F_C,transfer,income_binary,,,primary,validation,False,not established,3,3,True,0.3062169691319505,0.002964776088873253,0.3062169691319505,0.002964776088873253,3,True,False
E_F_C,transfer,income_binary,,,primary,development_evaluation,False,not established,3,3,True,0.2949066786546283,0.012951245250252355,0.2949066786546283,0.012951245250252355,3,True,False
E_F_C,transfer,income_binary,,,primary,validation_person_weighted,False,not established,3,3,True,0.3021995881478949,0.01319182007878449,0.3021995881478949,0.01319182007878449,3,True,False
E_F_C,transfer,income_binary,,,primary,development_evaluation_person_weighted,False,not established,3,3,True,0.30442634733450485,0.012221631198506683,0.30442634733450485,0.012221631198506683,3,True,False
E_F_C,transfer,civilian_at_work,,,primary,validation,False,not established,3,3,True,0.30643591492670247,0.00913896733183699,0.30643591492670247,0.00913896733183699,3,True,False
E_F_C,transfer,civilian_at_work,,,primary,development_evaluation,False,not established,3,3,True,0.2920004768017494,0.011020396411954457,0.2920004768017494,0.011020396411954457,3,True,False
E_F_C,transfer,civilian_at_work,,,primary,validation_person_weighted,False,not established,3,3,True,0.30583425897028615,0.009093564445406844,0.30583425897028615,0.009093564445406844,3,True,False
E_F_C,transfer,civilian_at_work,,,primary,development_evaluation_person_weighted,False,not established,3,3,True,0.28180654180566383,0.015299253053070956,0.28180654180566383,0.015299253053070956,3,True,False
E_F_C,transfer,public_coverage,,,primary,validation,False,not established,3,3,True,0.48746655191877536,0.008020077622956995,0.48746655191877536,0.008020077622956995,3,True,False
E_F_C,transfer,public_coverage,,,primary,development_evaluation,False,not established,3,3,True,0.49858298373260185,0.013237001462762747,0.49858298373260185,0.013237001462762747,3,True,False
E_F_C,transfer,public_coverage,,,primary,validation_person_weighted,False,not established,3,3,True,0.4984166638651191,0.012075873393581802,0.4984166638651191,0.012075873393581802,3,True,False
E_F_C,transfer,public_coverage,,,primary,development_evaluation_person_weighted,False,not established,3,3,True,0.5066526997622416,0.01650105351181382,0.5066526997622416,0.01650105351181382,3,True,False
E_F_C,audit,SEX,120,120,primary,validation,False,not established,3,3,True,0.6759057382413312,0.003844324041646618,0.6759057382413312,0.003844324041646618,3,True,False
E_F_C,audit,SEX,120,120,primary,development_evaluation,False,not established,3,3,True,0.6760574330921744,0.004481794487409058,0.6760574330921744,0.004481794487409058,3,True,False
E_F_C,audit,SEX,120,120,primary,validation_person_weighted,False,not established,3,3,True,0.6765642600142385,0.0035885894695106097,0.6765642600142385,0.0035885894695106097,3,True,False
E_F_C,audit,SEX,120,120,primary,development_evaluation_person_weighted,False,not established,3,3,True,0.6777582857779992,0.006255040776972812,0.6777582857779992,0.006255040776972812,3,True,False
E_F_C,audit,SEX,120,120,pooled,validation,False,not established,3,3,True,0.6667917159011244,0.006988371260382548,0.6667917159011244,0.006988371260382548,3,True,False
E_F_C,audit,SEX,120,120,pooled,development_evaluation,False,not established,3,3,True,0.6687530209695154,0.005298351437680326,0.6687530209695154,0.005298351437680326,3,True,False
E_F_C,audit,SEX,120,120,pooled,validation_person_weighted,False,not established,3,3,True,0.6695391116341918,0.008842024056636597,0.6695391116341918,0.008842024056636597,3,True,False
E_F_C,audit,SEX,120,120,pooled,development_evaluation_person_weighted,False,not established,3,3,True,0.6687689741314448,0.005995815011747192,0.6687689741314448,0.005995815011747192,3,True,False
E_F_C,audit,SEX,360,360,primary,validation,False,not established,3,3,True,0.6759057382413312,0.003844324041646618,0.6759057382413312,0.003844324041646618,3,True,False
E_F_C,audit,SEX,360,360,primary,development_evaluation,False,not established,3,3,True,0.6760574330921744,0.004481794487409058,0.6760574330921744,0.004481794487409058,3,True,False
E_F_C,audit,SEX,360,360,primary,validation_person_weighted,False,not established,3,3,True,0.6765642600142385,0.0035885894695106097,0.6765642600142385,0.0035885894695106097,3,True,False
E_F_C,audit,SEX,360,360,primary,development_evaluation_person_weighted,False,not established,3,3,True,0.6777582857779992,0.006255040776972812,0.6777582857779992,0.006255040776972812,3,True,False
E_F_C,audit,SEX,360,360,pooled,validation,False,not established,3,3,True,0.6667917159011244,0.006988371260382548,0.6667917159011244,0.006988371260382548,3,True,False
E_F_C,audit,SEX,360,360,pooled,development_evaluation,False,not established,3,3,True,0.6687530209695154,0.005298351437680326,0.6687530209695154,0.005298351437680326,3,True,False
E_F_C,audit,SEX,360,360,pooled,validation_person_weighted,False,not established,3,3,True,0.6695391116341918,0.008842024056636597,0.6695391116341918,0.008842024056636597,3,True,False
E_F_C,audit,SEX,360,360,pooled,development_evaluation_person_weighted,False,not established,3,3,True,0.6687689741314448,0.005995815011747192,0.6687689741314448,0.005995815011747192,3,True,False
E_F_C,audit,RAC1P,120,120,primary,validation,False,not established,3,3,True,1.2371528219346337,0.009767224984231434,1.2371528219346337,0.009767224984231434,3,True,False
E_F_C,audit,RAC1P,120,120,primary,development_evaluation,False,not established,3,3,True,1.2339625759731834,0.02198778463790167,1.2339625759731834,0.02198778463790167,3,True,False
E_F_C,audit,RAC1P,120,120,primary,validation_person_weighted,False,not established,3,3,True,1.2400030455116928,0.013211387658729506,1.2400030455116928,0.013211387658729506,3,True,False
E_F_C,audit,RAC1P,120,120,primary,development_evaluation_person_weighted,False,not established,3,3,True,1.2370178945874324,0.035477579373155925,1.2370178945874324,0.035477579373155925,3,True,False
E_F_C,audit,RAC1P,120,120,pooled,validation,False,not established,3,3,True,1.2109434894026432,0.011311864959775873,1.2109434894026432,0.011311864959775873,3,True,False
E_F_C,audit,RAC1P,120,120,pooled,development_evaluation,False,not established,3,3,True,1.2155134601698696,0.024348023844743636,1.2155134601698696,0.024348023844743636,3,True,False
E_F_C,audit,RAC1P,120,120,pooled,validation_person_weighted,False,not established,3,3,True,1.2156101045553616,0.01318727933351756,1.2156101045553616,0.01318727933351756,3,True,False
E_F_C,audit,RAC1P,120,120,pooled,development_evaluation_person_weighted,False,not established,3,3,True,1.219550840103199,0.038255883857598955,1.219550840103199,0.038255883857598955,3,True,False
E_F_C,audit,RAC1P,360,360,primary,validation,False,not established,3,3,True,1.2371528219346337,0.009767224984231434,1.2371528219346337,0.009767224984231434,3,True,False
E_F_C,audit,RAC1P,360,360,primary,development_evaluation,False,not established,3,3,True,1.2339625759731834,0.02198778463790167,1.2339625759731834,0.02198778463790167,3,True,False
E_F_C,audit,RAC1P,360,360,primary,validation_person_weighted,False,not established,3,3,True,1.2400030455116928,0.013211387658729506,1.2400030455116928,0.013211387658729506,3,True,False
E_F_C,audit,RAC1P,360,360,primary,development_evaluation_person_weighted,False,not established,3,3,True,1.2370178945874324,0.035477579373155925,1.2370178945874324,0.035477579373155925,3,True,False
E_F_C,audit,RAC1P,360,360,pooled,validation,False,not established,3,3,True,1.2109434894026432,0.011311864959775873,1.2109434894026432,0.011311864959775873,3,True,False
E_F_C,audit,RAC1P,360,360,pooled,development_evaluation,False,not established,3,3,True,1.2155134601698696,0.024348023844743636,1.2155134601698696,0.024348023844743636,3,True,False
E_F_C,audit,RAC1P,360,360,pooled,validation_person_weighted,False,not established,3,3,True,1.2156101045553616,0.01318727933351756,1.2156101045553616,0.01318727933351756,3,True,False
E_F_C,audit,RAC1P,360,360,pooled,development_evaluation_person_weighted,False,not established,3,3,True,1.219550840103199,0.038255883857598955,1.219550840103199,0.038255883857598955,3,True,False
E_F_D,transfer,same_residence,,,primary,validation,False,not established,3,3,True,0.512342881940534,0.004897478573682338,0.512342881940534,0.004897478573682338,3,True,False
E_F_D,transfer,same_residence,,,primary,development_evaluation,False,not established,3,3,True,0.5043213254447837,0.003036931307714631,0.5043213254447837,0.003036931307714631,3,True,False
E_F_D,transfer,same_residence,,,primary,validation_person_weighted,False,not established,3,3,True,0.4890192729653877,0.007992324966689345,0.4890192729653877,0.007992324966689345,3,True,False
E_F_D,transfer,same_residence,,,primary,development_evaluation_person_weighted,False,not established,3,3,True,0.4819055987359274,0.007925400316138333,0.4819055987359274,0.007925400316138333,3,True,False
E_F_D,transfer,commute_over20,,,primary,validation,False,not established,3,3,True,0.6792202712826463,0.003228262404905408,0.6792202712826463,0.003228262404905408,3,True,False
E_F_D,transfer,commute_over20,,,primary,development_evaluation,False,not established,3,3,True,0.6858291850322241,0.0035360111228602263,0.6858291850322241,0.0035360111228602263,3,True,False
E_F_D,transfer,commute_over20,,,primary,validation_person_weighted,False,not established,3,3,True,0.6780095903340215,0.004256844698442198,0.6780095903340215,0.004256844698442198,3,True,False
E_F_D,transfer,commute_over20,,,primary,development_evaluation_person_weighted,False,not established,3,3,True,0.6869349834851656,0.005498045041682949,0.6869349834851656,0.005498045041682949,3,True,False
E_F_D,transfer,income_binary,,,primary,validation,False,not established,3,3,True,0.3069950948732675,0.0012704077772169933,0.3069950948732675,0.0012704077772169933,3,True,False
E_F_D,transfer,income_binary,,,primary,development_evaluation,False,not established,3,3,True,0.29467514743043405,0.01238318718821101,0.29467514743043405,0.01238318718821101,3,True,False
E_F_D,transfer,income_binary,,,primary,validation_person_weighted,False,not established,3,3,True,0.3014438435251772,0.013645274283039502,0.3014438435251772,0.013645274283039502,3,True,False
E_F_D,transfer,income_binary,,,primary,development_evaluation_person_weighted,False,not established,3,3,True,0.30647694615308535,0.01474404140877677,0.30647694615308535,0.01474404140877677,3,True,False
E_F_D,transfer,civilian_at_work,,,primary,validation,False,not established,3,3,True,0.30701144234947664,0.009390315601846354,0.30701144234947664,0.009390315601846354,3,True,False
E_F_D,transfer,civilian_at_work,,,primary,development_evaluation,False,not established,3,3,True,0.29239048144385943,0.008672801473479387,0.29239048144385943,0.008672801473479387,3,True,False
E_F_D,transfer,civilian_at_work,,,primary,validation_person_weighted,False,not established,3,3,True,0.30670942057209255,0.008590678199501019,0.30670942057209255,0.008590678199501019,3,True,False
E_F_D,transfer,civilian_at_work,,,primary,development_evaluation_person_weighted,False,not established,3,3,True,0.2820225186158598,0.013800386563923258,0.2820225186158598,0.013800386563923258,3,True,False
E_F_D,transfer,public_coverage,,,primary,validation,False,not established,3,3,True,0.4874007985427143,0.00615472164682235,0.4874007985427143,0.00615472164682235,3,True,False
E_F_D,transfer,public_coverage,,,primary,development_evaluation,False,not established,3,3,True,0.5007212401488175,0.01448155918195998,0.5007212401488175,0.01448155918195998,3,True,False
E_F_D,transfer,public_coverage,,,primary,validation_person_weighted,False,not established,3,3,True,0.4990432999425071,0.011009286468512422,0.4990432999425071,0.011009286468512422,3,True,False
E_F_D,transfer,public_coverage,,,primary,development_evaluation_person_weighted,False,not established,3,3,True,0.5089258361277932,0.016987549737914668,0.5089258361277932,0.016987549737914668,3,True,False
E_F_D,audit,SEX,120,120,primary,validation,False,not established,3,3,True,0.6775041148298193,0.003401410746848736,0.6775041148298193,0.003401410746848736,3,True,False
E_F_D,audit,SEX,120,120,primary,development_evaluation,False,not established,3,3,True,0.676589846843601,0.004464623829481693,0.676589846843601,0.004464623829481693,3,True,False
E_F_D,audit,SEX,120,120,primary,validation_person_weighted,False,not established,3,3,True,0.677880215436596,0.004183963731803048,0.677880215436596,0.004183963731803048,3,True,False
E_F_D,audit,SEX,120,120,primary,development_evaluation_person_weighted,False,not established,3,3,True,0.6778690844792873,0.004914573260662901,0.6778690844792873,0.004914573260662901,3,True,False
E_F_D,audit,SEX,120,120,pooled,validation,False,not established,3,3,True,0.6704032196257059,0.00700368033930319,0.6704032196257059,0.00700368033930319,3,True,False
E_F_D,audit,SEX,120,120,pooled,development_evaluation,False,not established,3,3,True,0.6696073967547453,0.006113809828375527,0.6696073967547453,0.006113809828375527,3,True,False
E_F_D,audit,SEX,120,120,pooled,validation_person_weighted,False,not established,3,3,True,0.6711163284124022,0.01065756407294685,0.6711163284124022,0.01065756407294685,3,True,False
E_F_D,audit,SEX,120,120,pooled,development_evaluation_person_weighted,False,not established,3,3,True,0.6692684779024692,0.006376414028906711,0.6692684779024692,0.006376414028906711,3,True,False
E_F_D,audit,SEX,360,360,primary,validation,False,not established,3,3,True,0.6775041148298193,0.003401410746848736,0.6775041148298193,0.003401410746848736,3,True,False
E_F_D,audit,SEX,360,360,primary,development_evaluation,False,not established,3,3,True,0.676589846843601,0.004464623829481693,0.676589846843601,0.004464623829481693,3,True,False
E_F_D,audit,SEX,360,360,primary,validation_person_weighted,False,not established,3,3,True,0.677880215436596,0.004183963731803048,0.677880215436596,0.004183963731803048,3,True,False
E_F_D,audit,SEX,360,360,primary,development_evaluation_person_weighted,False,not established,3,3,True,0.6778690844792873,0.004914573260662901,0.6778690844792873,0.004914573260662901,3,True,False
E_F_D,audit,SEX,360,360,pooled,validation,False,not established,3,3,True,0.6704032196257059,0.00700368033930319,0.6704032196257059,0.00700368033930319,3,True,False
E_F_D,audit,SEX,360,360,pooled,development_evaluation,False,not established,3,3,True,0.6696073967547453,0.006113809828375527,0.6696073967547453,0.006113809828375527,3,True,False
E_F_D,audit,SEX,360,360,pooled,validation_person_weighted,False,not established,3,3,True,0.6711163284124022,0.01065756407294685,0.6711163284124022,0.01065756407294685,3,True,False
E_F_D,audit,SEX,360,360,pooled,development_evaluation_person_weighted,False,not established,3,3,True,0.6692684779024692,0.006376414028906711,0.6692684779024692,0.006376414028906711,3,True,False
E_F_D,audit,RAC1P,120,120,primary,validation,False,not established,3,3,True,1.2373887253553784,0.011339217557695055,1.2373887253553784,0.011339217557695055,3,True,False
E_F_D,audit,RAC1P,120,120,primary,development_evaluation,False,not established,3,3,True,1.2350007661138946,0.02079500294931332,1.2350007661138946,0.02079500294931332,3,True,False
E_F_D,audit,RAC1P,120,120,primary,validation_person_weighted,False,not established,3,3,True,1.2410737760085049,0.014873697924933309,1.2410737760085049,0.014873697924933309,3,True,False
E_F_D,audit,RAC1P,120,120,primary,development_evaluation_person_weighted,False,not established,3,3,True,1.2379814399199753,0.03458963405184743,1.2379814399199753,0.03458963405184743,3,True,False
E_F_D,audit,RAC1P,120,120,pooled,validation,False,not established,3,3,True,1.2143905648287727,0.014728916717169383,1.2143905648287727,0.014728916717169383,3,True,False
E_F_D,audit,RAC1P,120,120,pooled,development_evaluation,False,not established,3,3,True,1.21488407059459,0.02241989498059032,1.21488407059459,0.02241989498059032,3,True,False
E_F_D,audit,RAC1P,120,120,pooled,validation_person_weighted,False,not established,3,3,True,1.2192421074126552,0.016406838033384642,1.2192421074126552,0.016406838033384642,3,True,False
E_F_D,audit,RAC1P,120,120,pooled,development_evaluation_person_weighted,False,not established,3,3,True,1.2185372620835806,0.03864235284775401,1.2185372620835806,0.03864235284775401,3,True,False
E_F_D,audit,RAC1P,360,360,primary,validation,False,not established,3,3,True,1.2373887253553784,0.011339217557695055,1.2373887253553784,0.011339217557695055,3,True,False
E_F_D,audit,RAC1P,360,360,primary,development_evaluation,False,not established,3,3,True,1.2350007661138946,0.02079500294931332,1.2350007661138946,0.02079500294931332,3,True,False
E_F_D,audit,RAC1P,360,360,primary,validation_person_weighted,False,not established,3,3,True,1.2410737760085049,0.014873697924933309,1.2410737760085049,0.014873697924933309,3,True,False
E_F_D,audit,RAC1P,360,360,primary,development_evaluation_person_weighted,False,not established,3,3,True,1.2379814399199753,0.03458963405184743,1.2379814399199753,0.03458963405184743,3,True,False
E_F_D,audit,RAC1P,360,360,pooled,validation,False,not established,3,3,True,1.2143905648287727,0.014728916717169383,1.2143905648287727,0.014728916717169383,3,True,False
E_F_D,audit,RAC1P,360,360,pooled,development_evaluation,False,not established,3,3,True,1.21488407059459,0.02241989498059032,1.21488407059459,0.02241989498059032,3,True,False
E_F_D,audit,RAC1P,360,360,pooled,validation_person_weighted,False,not established,3,3,True,1.2192421074126552,0.016406838033384642,1.2192421074126552,0.016406838033384642,3,True,False
E_F_D,audit,RAC1P,360,360,pooled,development_evaluation_person_weighted,False,not established,3,3,True,1.2185372620835806,0.03864235284775401,1.2185372620835806,0.03864235284775401,3,True,False
E_K_C,transfer,same_residence,,,primary,validation,False,not established,3,3,True,0.5134417565751253,0.006976293611377357,0.5134417565751253,0.006976293611377357,3,True,False
E_K_C,transfer,same_residence,,,primary,development_evaluation,False,not established,3,3,True,0.5054319805932119,0.0014339593334472855,0.5054319805932119,0.0014339593334472855,3,True,False
E_K_C,transfer,same_residence,,,primary,validation_person_weighted,False,not established,3,3,True,0.4891251490675962,0.008296175124478094,0.4891251490675962,0.008296175124478094,3,True,False
E_K_C,transfer,same_residence,,,primary,development_evaluation_person_weighted,False,not established,3,3,True,0.48286029953350407,0.008043583339710936,0.48286029953350407,0.008043583339710936,3,True,False
E_K_C,transfer,commute_over20,,,primary,validation,False,not established,3,3,True,0.6809342356347039,0.00445433525314757,0.6809342356347039,0.00445433525314757,3,True,False
E_K_C,transfer,commute_over20,,,primary,development_evaluation,False,not established,3,3,True,0.6871763104051237,0.004297324499416328,0.6871763104051237,0.004297324499416328,3,True,False
E_K_C,transfer,commute_over20,,,primary,validation_person_weighted,False,not established,3,3,True,0.6808481182540322,0.006101831365006398,0.6808481182540322,0.006101831365006398,3,True,False
E_K_C,transfer,commute_over20,,,primary,development_evaluation_person_weighted,False,not established,3,3,True,0.6888625768536147,0.003194374439460792,0.6888625768536147,0.003194374439460792,3,True,False
E_K_C,transfer,income_binary,,,primary,validation,False,not established,3,3,True,0.3345200855318534,0.011543383109344612,0.3345200855318534,0.011543383109344612,3,True,False
E_K_C,transfer,income_binary,,,primary,development_evaluation,False,not established,3,3,True,0.32419736925708703,0.012702124606860977,0.32419736925708703,0.012702124606860977,3,True,False
E_K_C,transfer,income_binary,,,primary,validation_person_weighted,False,not established,3,3,True,0.3268430354202113,0.003065107444425934,0.3268430354202113,0.003065107444425934,3,True,False
E_K_C,transfer,income_binary,,,primary,development_evaluation_person_weighted,False,not established,3,3,True,0.33355727835581855,0.008275043707853709,0.33355727835581855,0.008275043707853709,3,True,False
E_K_C,transfer,civilian_at_work,,,primary,validation,False,not established,3,3,True,0.37203455399766533,0.04027994394690707,0.37203455399766533,0.04027994394690707,3,True,False
E_K_C,transfer,civilian_at_work,,,primary,development_evaluation,False,not established,3,3,True,0.35622298486845466,0.028427160247023405,0.35622298486845466,0.028427160247023405,3,True,False
E_K_C,transfer,civilian_at_work,,,primary,validation_person_weighted,False,not established,3,3,True,0.3669251987975551,0.039094135668991954,0.3669251987975551,0.039094135668991954,3,True,False
E_K_C,transfer,civilian_at_work,,,primary,development_evaluation_person_weighted,False,not established,3,3,True,0.3439295941315252,0.022722468895682427,0.3439295941315252,0.022722468895682427,3,True,False
E_K_C,transfer,public_coverage,,,primary,validation,False,not established,3,3,True,0.5051517031506638,0.015210039364240981,0.5051517031506638,0.015210039364240981,3,True,False
E_K_C,transfer,public_coverage,,,primary,development_evaluation,False,not established,3,3,True,0.5129020281001206,0.01777180794637348,0.5129020281001206,0.01777180794637348,3,True,False
E_K_C,transfer,public_coverage,,,primary,validation_person_weighted,False,not established,3,3,True,0.5168150947518099,0.012225306001882824,0.5168150947518099,0.012225306001882824,3,True,False
E_K_C,transfer,public_coverage,,,primary,development_evaluation_person_weighted,False,not established,3,3,True,0.5183220495075587,0.01767487249153454,0.5183220495075587,0.01767487249153454,3,True,False
E_K_C,audit,SEX,120,120,primary,validation,False,not established,3,3,True,0.6812088192796296,0.006829598881644554,0.6812088192796296,0.006829598881644554,3,True,False
E_K_C,audit,SEX,120,120,primary,development_evaluation,False,not established,3,3,True,0.682586625884595,0.004003998409692744,0.682586625884595,0.004003998409692744,3,True,False
E_K_C,audit,SEX,120,120,primary,validation_person_weighted,False,not established,3,3,True,0.6834752129983029,0.0031268728058522614,0.6834752129983029,0.0031268728058522614,3,True,False
E_K_C,audit,SEX,120,120,primary,development_evaluation_person_weighted,False,not established,3,3,True,0.6850996589137167,0.005514837666179928,0.6850996589137167,0.005514837666179928,3,True,False
E_K_C,audit,SEX,120,120,pooled,validation,False,not established,3,3,True,0.6712879733443763,0.004914847469030127,0.6712879733443763,0.004914847469030127,3,True,False
E_K_C,audit,SEX,120,120,pooled,development_evaluation,False,not established,3,3,True,0.6742296641378037,0.008096020166093346,0.6742296641378037,0.008096020166093346,3,True,False
E_K_C,audit,SEX,120,120,pooled,validation_person_weighted,False,not established,3,3,True,0.6733653433921926,0.00812911440167972,0.6733653433921926,0.00812911440167972,3,True,False
E_K_C,audit,SEX,120,120,pooled,development_evaluation_person_weighted,False,not established,3,3,True,0.6771549461029767,0.007079707445355038,0.6771549461029767,0.007079707445355038,3,True,False
E_K_C,audit,SEX,360,360,primary,validation,False,not established,3,3,True,0.6812088192796296,0.006829598881644554,0.6812088192796296,0.006829598881644554,3,True,False
E_K_C,audit,SEX,360,360,primary,development_evaluation,False,not established,3,3,True,0.682586625884595,0.004003998409692744,0.682586625884595,0.004003998409692744,3,True,False
E_K_C,audit,SEX,360,360,primary,validation_person_weighted,False,not established,3,3,True,0.6834752129983029,0.0031268728058522614,0.6834752129983029,0.0031268728058522614,3,True,False
E_K_C,audit,SEX,360,360,primary,development_evaluation_person_weighted,False,not established,3,3,True,0.6850996589137167,0.005514837666179928,0.6850996589137167,0.005514837666179928,3,True,False
E_K_C,audit,SEX,360,360,pooled,validation,False,not established,3,3,True,0.6712879733443763,0.004914847469030127,0.6712879733443763,0.004914847469030127,3,True,False
E_K_C,audit,SEX,360,360,pooled,development_evaluation,False,not established,3,3,True,0.6742296641378037,0.008096020166093346,0.6742296641378037,0.008096020166093346,3,True,False
E_K_C,audit,SEX,360,360,pooled,validation_person_weighted,False,not established,3,3,True,0.6733653433921926,0.00812911440167972,0.6733653433921926,0.00812911440167972,3,True,False
E_K_C,audit,SEX,360,360,pooled,development_evaluation_person_weighted,False,not established,3,3,True,0.6771549461029767,0.007079707445355038,0.6771549461029767,0.007079707445355038,3,True,False
E_K_C,audit,RAC1P,120,120,primary,validation,False,not established,3,3,True,1.2404359654647745,0.014732876149799156,1.2404359654647745,0.014732876149799156,3,True,False
E_K_C,audit,RAC1P,120,120,primary,development_evaluation,False,not established,3,3,True,1.2388538988156308,0.027593753516560432,1.2388538988156308,0.027593753516560432,3,True,False
E_K_C,audit,RAC1P,120,120,primary,validation_person_weighted,False,not established,3,3,True,1.2440956037631403,0.015300788745870379,1.2440956037631403,0.015300788745870379,3,True,False
E_K_C,audit,RAC1P,120,120,primary,development_evaluation_person_weighted,False,not established,3,3,True,1.241944959950068,0.044102071356744856,1.241944959950068,0.044102071356744856,3,True,False
E_K_C,audit,RAC1P,120,120,pooled,validation,False,not established,3,3,True,1.215895389078949,0.01382333791948759,1.215895389078949,0.01382333791948759,3,True,False
E_K_C,audit,RAC1P,120,120,pooled,development_evaluation,False,not established,3,3,True,1.2123766437856767,0.029627682212101363,1.2123766437856767,0.029627682212101363,3,True,False
E_K_C,audit,RAC1P,120,120,pooled,validation_person_weighted,False,not established,3,3,True,1.2208181668391247,0.01600812269317113,1.2208181668391247,0.01600812269317113,3,True,False
E_K_C,audit,RAC1P,120,120,pooled,development_evaluation_person_weighted,False,not established,3,3,True,1.2176801358196807,0.05062064195036028,1.2176801358196807,0.05062064195036028,3,True,False
E_K_C,audit,RAC1P,360,360,primary,validation,False,not established,3,3,True,1.2404359654647745,0.014732876149799156,1.2404359654647745,0.014732876149799156,3,True,False
E_K_C,audit,RAC1P,360,360,primary,development_evaluation,False,not established,3,3,True,1.2388538988156308,0.027593753516560432,1.2388538988156308,0.027593753516560432,3,True,False
E_K_C,audit,RAC1P,360,360,primary,validation_person_weighted,False,not established,3,3,True,1.2440956037631403,0.015300788745870379,1.2440956037631403,0.015300788745870379,3,True,False
E_K_C,audit,RAC1P,360,360,primary,development_evaluation_person_weighted,False,not established,3,3,True,1.241944959950068,0.044102071356744856,1.241944959950068,0.044102071356744856,3,True,False
E_K_C,audit,RAC1P,360,360,pooled,validation,False,not established,3,3,True,1.215895389078949,0.01382333791948759,1.215895389078949,0.01382333791948759,3,True,False
E_K_C,audit,RAC1P,360,360,pooled,development_evaluation,False,not established,3,3,True,1.2123766437856767,0.029627682212101363,1.2123766437856767,0.029627682212101363,3,True,False
E_K_C,audit,RAC1P,360,360,pooled,validation_person_weighted,False,not established,3,3,True,1.2208181668391247,0.01600812269317113,1.2208181668391247,0.01600812269317113,3,True,False
E_K_C,audit,RAC1P,360,360,pooled,development_evaluation_person_weighted,False,not established,3,3,True,1.2176801358196807,0.05062064195036028,1.2176801358196807,0.05062064195036028,3,True,False
E_K_D,transfer,same_residence,,,primary,validation,False,not established,3,3,True,0.5136703902572137,0.006935915838501804,0.5136703902572137,0.006935915838501804,3,True,False
E_K_D,transfer,same_residence,,,primary,development_evaluation,False,not established,3,3,True,0.5055508201437973,0.001245276194722542,0.5055508201437973,0.001245276194722542,3,True,False
E_K_D,transfer,same_residence,,,primary,validation_person_weighted,False,not established,3,3,True,0.4893299505316067,0.007992778393854557,0.4893299505316067,0.007992778393854557,3,True,False
E_K_D,transfer,same_residence,,,primary,development_evaluation_person_weighted,False,not established,3,3,True,0.48303295003797914,0.0077974278726481985,0.48303295003797914,0.0077974278726481985,3,True,False
E_K_D,transfer,commute_over20,,,primary,validation,False,not established,3,3,True,0.6807180971362308,0.004375545920030517,0.6807180971362308,0.004375545920030517,3,True,False
E_K_D,transfer,commute_over20,,,primary,development_evaluation,False,not established,3,3,True,0.6872541379436429,0.0041938743406588225,0.6872541379436429,0.0041938743406588225,3,True,False
E_K_D,transfer,commute_over20,,,primary,validation_person_weighted,False,not established,3,3,True,0.680564005992307,0.005938037211088305,0.680564005992307,0.005938037211088305,3,True,False
E_K_D,transfer,commute_over20,,,primary,development_evaluation_person_weighted,False,not established,3,3,True,0.6889514038465043,0.0033684899223254175,0.6889514038465043,0.0033684899223254175,3,True,False
E_K_D,transfer,income_binary,,,primary,validation,False,not established,3,3,True,0.33486743081463277,0.012005941071136065,0.33486743081463277,0.012005941071136065,3,True,False
E_K_D,transfer,income_binary,,,primary,development_evaluation,False,not established,3,3,True,0.32410760480150264,0.012773672957662473,0.32410760480150264,0.012773672957662473,3,True,False
E_K_D,transfer,income_binary,,,primary,validation_person_weighted,False,not established,3,3,True,0.3271237480897182,0.0025929656858462787,0.3271237480897182,0.0025929656858462787,3,True,False
E_K_D,transfer,income_binary,,,primary,development_evaluation_person_weighted,False,not established,3,3,True,0.33361581391560946,0.008555646585406708,0.33361581391560946,0.008555646585406708,3,True,False
E_K_D,transfer,civilian_at_work,,,primary,validation,False,not established,3,3,True,0.37258263720630486,0.040991519398319895,0.37258263720630486,0.040991519398319895,3,True,False
E_K_D,transfer,civilian_at_work,,,primary,development_evaluation,False,not established,3,3,True,0.3565534089475105,0.028765199815208437,0.3565534089475105,0.028765199815208437,3,True,False
E_K_D,transfer,civilian_at_work,,,primary,validation_person_weighted,False,not established,3,3,True,0.3672326829886832,0.03951458943872505,0.3672326829886832,0.03951458943872505,3,True,False
E_K_D,transfer,civilian_at_work,,,primary,development_evaluation_person_weighted,False,not established,3,3,True,0.34417931706731775,0.022831348916185108,0.34417931706731775,0.022831348916185108,3,True,False
E_K_D,transfer,public_coverage,,,primary,validation,False,not established,3,3,True,0.5052069911871981,0.015218124438744976,0.5052069911871981,0.015218124438744976,3,True,False
E_K_D,transfer,public_coverage,,,primary,development_evaluation,False,not established,3,3,True,0.5127698155810004,0.017935240940689125,0.5127698155810004,0.017935240940689125,3,True,False
E_K_D,transfer,public_coverage,,,primary,validation_person_weighted,False,not established,3,3,True,0.5169548657892664,0.012215035605833669,0.5169548657892664,0.012215035605833669,3,True,False
E_K_D,transfer,public_coverage,,,primary,development_evaluation_person_weighted,False,not established,3,3,True,0.5181503335360255,0.017921741696106733,0.5181503335360255,0.017921741696106733,3,True,False
E_K_D,audit,SEX,120,120,primary,validation,False,not established,3,3,True,0.681331192612932,0.007325970244273866,0.681331192612932,0.007325970244273866,3,True,False
E_K_D,audit,SEX,120,120,primary,development_evaluation,False,not established,3,3,True,0.6823099140923092,0.004064029279275644,0.6823099140923092,0.004064029279275644,3,True,False
E_K_D,audit,SEX,120,120,primary,validation_person_weighted,False,not established,3,3,True,0.6835169256006021,0.003353309208532716,0.6835169256006021,0.003353309208532716,3,True,False
E_K_D,audit,SEX,120,120,primary,development_evaluation_person_weighted,False,not established,3,3,True,0.6846434789892885,0.005317685501500434,0.6846434789892885,0.005317685501500434,3,True,False
E_K_D,audit,SEX,120,120,pooled,validation,False,not established,3,3,True,0.6718938901012451,0.0032742657112662054,0.6718938901012451,0.0032742657112662054,3,True,False
E_K_D,audit,SEX,120,120,pooled,development_evaluation,False,not established,3,3,True,0.6741107661750952,0.007469396905312811,0.6741107661750952,0.007469396905312811,3,True,False
E_K_D,audit,SEX,120,120,pooled,validation_person_weighted,False,not established,3,3,True,0.6734533847333091,0.006625268638570412,0.6734533847333091,0.006625268638570412,3,True,False
E_K_D,audit,SEX,120,120,pooled,development_evaluation_person_weighted,False,not established,3,3,True,0.6766230276961323,0.0074684016829578365,0.6766230276961323,0.0074684016829578365,3,True,False
E_K_D,audit,SEX,360,360,primary,validation,False,not established,3,3,True,0.681331192612932,0.007325970244273866,0.681331192612932,0.007325970244273866,3,True,False
E_K_D,audit,SEX,360,360,primary,development_evaluation,False,not established,3,3,True,0.6823099140923092,0.004064029279275644,0.6823099140923092,0.004064029279275644,3,True,False
E_K_D,audit,SEX,360,360,primary,validation_person_weighted,False,not established,3,3,True,0.6835169256006021,0.003353309208532716,0.6835169256006021,0.003353309208532716,3,True,False
E_K_D,audit,SEX,360,360,primary,development_evaluation_person_weighted,False,not established,3,3,True,0.6846434789892885,0.005317685501500434,0.6846434789892885,0.005317685501500434,3,True,False
E_K_D,audit,SEX,360,360,pooled,validation,False,not established,3,3,True,0.6718938901012451,0.0032742657112662054,0.6718938901012451,0.0032742657112662054,3,True,False
E_K_D,audit,SEX,360,360,pooled,development_evaluation,False,not established,3,3,True,0.6741107661750952,0.007469396905312811,0.6741107661750952,0.007469396905312811,3,True,False
E_K_D,audit,SEX,360,360,pooled,validation_person_weighted,False,not established,3,3,True,0.6734533847333091,0.006625268638570412,0.6734533847333091,0.006625268638570412,3,True,False
E_K_D,audit,SEX,360,360,pooled,development_evaluation_person_weighted,False,not established,3,3,True,0.6766230276961323,0.0074684016829578365,0.6766230276961323,0.0074684016829578365,3,True,False
E_K_D,audit,RAC1P,120,120,primary,validation,False,not established,3,3,True,1.2407938174360353,0.01458771576690244,1.2407938174360353,0.01458771576690244,3,True,False
E_K_D,audit,RAC1P,120,120,primary,development_evaluation,False,not established,3,3,True,1.2381534926251374,0.02890357733959688,1.2381534926251374,0.02890357733959688,3,True,False
E_K_D,audit,RAC1P,120,120,primary,validation_person_weighted,False,not established,3,3,True,1.2443666931667825,0.016277552570829846,1.2443666931667825,0.016277552570829846,3,True,False
E_K_D,audit,RAC1P,120,120,primary,development_evaluation_person_weighted,False,not established,3,3,True,1.2414373705205632,0.045770024275856074,1.2414373705205632,0.045770024275856074,3,True,False
E_K_D,audit,RAC1P,120,120,pooled,validation,False,not established,3,3,True,1.2141969933936532,0.011524036241422996,1.2141969933936532,0.011524036241422996,3,True,False
E_K_D,audit,RAC1P,120,120,pooled,development_evaluation,False,not established,3,3,True,1.2147727471542746,0.02907505899841401,1.2147727471542746,0.02907505899841401,3,True,False
E_K_D,audit,RAC1P,120,120,pooled,validation_person_weighted,False,not established,3,3,True,1.2219898768205335,0.01833897077726339,1.2219898768205335,0.01833897077726339,3,True,False
E_K_D,audit,RAC1P,120,120,pooled,development_evaluation_person_weighted,False,not established,3,3,True,1.2199688338797938,0.04751139645400855,1.2199688338797938,0.04751139645400855,3,True,False
E_K_D,audit,RAC1P,360,360,primary,validation,False,not established,3,3,True,1.2407938174360353,0.01458771576690244,1.2407938174360353,0.01458771576690244,3,True,False
E_K_D,audit,RAC1P,360,360,primary,development_evaluation,False,not established,3,3,True,1.2381534926251374,0.02890357733959688,1.2381534926251374,0.02890357733959688,3,True,False
E_K_D,audit,RAC1P,360,360,primary,validation_person_weighted,False,not established,3,3,True,1.2443666931667825,0.016277552570829846,1.2443666931667825,0.016277552570829846,3,True,False
E_K_D,audit,RAC1P,360,360,primary,development_evaluation_person_weighted,False,not established,3,3,True,1.2414373705205632,0.045770024275856074,1.2414373705205632,0.045770024275856074,3,True,False
E_K_D,audit,RAC1P,360,360,pooled,validation,False,not established,3,3,True,1.2141969933936532,0.011524036241422996,1.2141969933936532,0.011524036241422996,3,True,False
E_K_D,audit,RAC1P,360,360,pooled,development_evaluation,False,not established,3,3,True,1.2147727471542746,0.02907505899841401,1.2147727471542746,0.02907505899841401,3,True,False
E_K_D,audit,RAC1P,360,360,pooled,validation_person_weighted,False,not established,3,3,True,1.2219898768205335,0.01833897077726339,1.2219898768205335,0.01833897077726339,3,True,False
E_K_D,audit,RAC1P,360,360,pooled,development_evaluation_person_weighted,False,not established,3,3,True,1.2199688338797938,0.04751139645400855,1.2199688338797938,0.04751139645400855,3,True,False
S_F_C,transfer,same_residence,,,primary,validation,False,not established,3,3,True,0.516742860957435,0.006684080345990448,0.516742860957435,0.006684080345990448,3,True,False
S_F_C,transfer,same_residence,,,primary,development_evaluation,False,not established,3,3,True,0.510308024395829,0.006321778245679457,0.510308024395829,0.006321778245679457,3,True,False
S_F_C,transfer,same_residence,,,primary,validation_person_weighted,False,not established,3,3,True,0.4920619932390635,0.00800380870427447,0.4920619932390635,0.00800380870427447,3,True,False
S_F_C,transfer,same_residence,,,primary,development_evaluation_person_weighted,False,not established,3,3,True,0.4860677493485767,0.011091750336140321,0.4860677493485767,0.011091750336140321,3,True,False
S_F_C,transfer,commute_over20,,,primary,validation,False,not established,3,3,True,0.6760223897713882,0.003104342175730195,0.6760223897713882,0.003104342175730195,3,True,False
S_F_C,transfer,commute_over20,,,primary,development_evaluation,False,not established,3,3,True,0.6843099351190548,0.00519416586017776,0.6843099351190548,0.00519416586017776,3,True,False
S_F_C,transfer,commute_over20,,,primary,validation_person_weighted,False,not established,3,3,True,0.6757859108307964,0.003348511406506097,0.6757859108307964,0.003348511406506097,3,True,False
S_F_C,transfer,commute_over20,,,primary,development_evaluation_person_weighted,False,not established,3,3,True,0.6864187193328767,0.0029180270915742075,0.6864187193328767,0.0029180270915742075,3,True,False
S_F_C,transfer,income_binary,,,primary,validation,False,not established,3,3,True,0.29985644377730203,0.0015646239539409028,0.29985644377730203,0.0015646239539409028,3,True,False
S_F_C,transfer,income_binary,,,primary,development_evaluation,False,not established,3,3,True,0.2931184368345526,0.007321101698753289,0.2931184368345526,0.007321101698753289,3,True,False
S_F_C,transfer,income_binary,,,primary,validation_person_weighted,False,not established,3,3,True,0.2955019124442,0.008136233211541298,0.2955019124442,0.008136233211541298,3,True,False
S_F_C,transfer,income_binary,,,primary,development_evaluation_person_weighted,False,not established,3,3,True,0.3063510108794909,0.00890383863070328,0.3063510108794909,0.00890383863070328,3,True,False
S_F_C,transfer,civilian_at_work,,,primary,validation,False,not established,3,3,True,0.2984412412562913,0.013760426048271926,0.2984412412562913,0.013760426048271926,3,True,False
S_F_C,transfer,civilian_at_work,,,primary,development_evaluation,False,not established,3,3,True,0.28787284821908876,0.005767391802565407,0.28787284821908876,0.005767391802565407,3,True,False
S_F_C,transfer,civilian_at_work,,,primary,validation_person_weighted,False,not established,3,3,True,0.2971142494834853,0.00992418462856986,0.2971142494834853,0.00992418462856986,3,True,False
S_F_C,transfer,civilian_at_work,,,primary,development_evaluation_person_weighted,False,not established,3,3,True,0.2775680785010389,0.010496441228267431,0.2775680785010389,0.010496441228267431,3,True,False
S_F_C,transfer,public_coverage,,,primary,validation,False,not established,3,3,True,0.4861314742950949,0.0011372576474892528,0.4861314742950949,0.0011372576474892528,3,True,False
S_F_C,transfer,public_coverage,,,primary,development_evaluation,False,not established,3,3,True,0.4978312833898055,0.010624897539166888,0.4978312833898055,0.010624897539166888,3,True,False
S_F_C,transfer,public_coverage,,,primary,validation_person_weighted,False,not established,3,3,True,0.4990274721455474,0.003635702552795401,0.4990274721455474,0.003635702552795401,3,True,False
S_F_C,transfer,public_coverage,,,primary,development_evaluation_person_weighted,False,not established,3,3,True,0.5055306546100254,0.010369478380495598,0.5055306546100254,0.010369478380495598,3,True,False
S_F_C,audit,SEX,120,120,primary,validation,False,not established,3,3,True,0.6658449491424094,0.0069523074389745846,0.6658449491424094,0.0069523074389745846,3,True,False
S_F_C,audit,SEX,120,120,primary,development_evaluation,False,not established,3,3,True,0.6702648653748203,0.005366031236839563,0.6702648653748203,0.005366031236839563,3,True,False
S_F_C,audit,SEX,120,120,primary,validation_person_weighted,False,not established,3,3,True,0.6656753410390038,0.009179785784745051,0.6656753410390038,0.009179785784745051,3,True,False
S_F_C,audit,SEX,120,120,primary,development_evaluation_person_weighted,False,not established,3,3,True,0.6724253877752119,0.003348605558779051,0.6724253877752119,0.003348605558779051,3,True,False
S_F_C,audit,SEX,120,120,pooled,validation,False,not established,3,3,True,0.6629394258464556,0.009481892419450104,0.6629394258464556,0.009481892419450104,3,True,False
S_F_C,audit,SEX,120,120,pooled,development_evaluation,False,not established,3,3,True,0.6715166759602201,0.0037158296694809164,0.6715166759602201,0.0037158296694809164,3,True,False
S_F_C,audit,SEX,120,120,pooled,validation_person_weighted,False,not established,3,3,True,0.666367399410583,0.011695981921857803,0.666367399410583,0.011695981921857803,3,True,False
S_F_C,audit,SEX,120,120,pooled,development_evaluation_person_weighted,False,not established,3,3,True,0.6736941554637452,0.002118742154219822,0.6736941554637452,0.002118742154219822,3,True,False
S_F_C,audit,SEX,360,360,primary,validation,False,not established,3,3,True,0.6658449491424094,0.0069523074389745846,0.6658449491424094,0.0069523074389745846,3,True,False
S_F_C,audit,SEX,360,360,primary,development_evaluation,False,not established,3,3,True,0.6702648653748203,0.005366031236839563,0.6702648653748203,0.005366031236839563,3,True,False
S_F_C,audit,SEX,360,360,primary,validation_person_weighted,False,not established,3,3,True,0.6656753410390038,0.009179785784745051,0.6656753410390038,0.009179785784745051,3,True,False
S_F_C,audit,SEX,360,360,primary,development_evaluation_person_weighted,False,not established,3,3,True,0.6724253877752119,0.003348605558779051,0.6724253877752119,0.003348605558779051,3,True,False
S_F_C,audit,SEX,360,360,pooled,validation,False,not established,3,3,True,0.6629394258464556,0.009481892419450104,0.6629394258464556,0.009481892419450104,3,True,False
S_F_C,audit,SEX,360,360,pooled,development_evaluation,False,not established,3,3,True,0.6715166759602201,0.0037158296694809164,0.6715166759602201,0.0037158296694809164,3,True,False
S_F_C,audit,SEX,360,360,pooled,validation_person_weighted,False,not established,3,3,True,0.666367399410583,0.011695981921857803,0.666367399410583,0.011695981921857803,3,True,False
S_F_C,audit,SEX,360,360,pooled,development_evaluation_person_weighted,False,not established,3,3,True,0.6736941554637452,0.002118742154219822,0.6736941554637452,0.002118742154219822,3,True,False
S_F_C,audit,RAC1P,120,120,primary,validation,False,not established,3,3,True,1.222462720220066,0.006255454920277963,1.222462720220066,0.006255454920277963,3,True,False
S_F_C,audit,RAC1P,120,120,primary,development_evaluation,False,not established,3,3,True,1.2270838720891293,0.02285238050299486,1.2270838720891293,0.02285238050299486,3,True,False
S_F_C,audit,RAC1P,120,120,primary,validation_person_weighted,False,not established,3,3,True,1.2275141897551105,0.009888597660964064,1.2275141897551105,0.009888597660964064,3,True,False
S_F_C,audit,RAC1P,120,120,primary,development_evaluation_person_weighted,False,not established,3,3,True,1.2313686758133073,0.04583653112943915,1.2313686758133073,0.04583653112943915,3,True,False
S_F_C,audit,RAC1P,120,120,pooled,validation,False,not established,3,3,True,1.2077332958934115,0.007383826304872796,1.2077332958934115,0.007383826304872796,3,True,False
S_F_C,audit,RAC1P,120,120,pooled,development_evaluation,False,not established,3,3,True,1.2169933482780728,0.03158555640139925,1.2169933482780728,0.03158555640139925,3,True,False
S_F_C,audit,RAC1P,120,120,pooled,validation_person_weighted,False,not established,3,3,True,1.216800106596142,0.004341812515628408,1.216800106596142,0.004341812515628408,3,True,False
S_F_C,audit,RAC1P,120,120,pooled,development_evaluation_person_weighted,False,not established,3,3,True,1.2212668476048463,0.054450100534293465,1.2212668476048463,0.054450100534293465,3,True,False
S_F_C,audit,RAC1P,360,360,primary,validation,False,not established,3,3,True,1.222462720220066,0.006255454920277963,1.222462720220066,0.006255454920277963,3,True,False
S_F_C,audit,RAC1P,360,360,primary,development_evaluation,False,not established,3,3,True,1.2270838720891293,0.02285238050299486,1.2270838720891293,0.02285238050299486,3,True,False
S_F_C,audit,RAC1P,360,360,primary,validation_person_weighted,False,not established,3,3,True,1.2275141897551105,0.009888597660964064,1.2275141897551105,0.009888597660964064,3,True,False
S_F_C,audit,RAC1P,360,360,primary,development_evaluation_person_weighted,False,not established,3,3,True,1.2313686758133073,0.04583653112943915,1.2313686758133073,0.04583653112943915,3,True,False
S_F_C,audit,RAC1P,360,360,pooled,validation,False,not established,3,3,True,1.2077332958934115,0.007383826304872796,1.2077332958934115,0.007383826304872796,3,True,False
S_F_C,audit,RAC1P,360,360,pooled,development_evaluation,False,not established,3,3,True,1.2169933482780728,0.03158555640139925,1.2169933482780728,0.03158555640139925,3,True,False
S_F_C,audit,RAC1P,360,360,pooled,validation_person_weighted,False,not established,3,3,True,1.216800106596142,0.004341812515628408,1.216800106596142,0.004341812515628408,3,True,False
S_F_C,audit,RAC1P,360,360,pooled,development_evaluation_person_weighted,False,not established,3,3,True,1.2212668476048463,0.054450100534293465,1.2212668476048463,0.054450100534293465,3,True,False
S_F_D,transfer,same_residence,,,primary,validation,False,not established,3,3,True,0.5172222547132982,0.007282193545932633,0.5172222547132982,0.007282193545932633,3,True,False
S_F_D,transfer,same_residence,,,primary,development_evaluation,False,not established,3,3,True,0.5104889211577763,0.00621197653653806,0.5104889211577763,0.00621197653653806,3,True,False
S_F_D,transfer,same_residence,,,primary,validation_person_weighted,False,not established,3,3,True,0.4927779866932127,0.00845367175238206,0.4927779866932127,0.00845367175238206,3,True,False
S_F_D,transfer,same_residence,,,primary,development_evaluation_person_weighted,False,not established,3,3,True,0.48633907681224525,0.011049195202327373,0.48633907681224525,0.011049195202327373,3,True,False
S_F_D,transfer,commute_over20,,,primary,validation,False,not established,3,3,True,0.6762485386332321,0.002893653888246817,0.6762485386332321,0.002893653888246817,3,True,False
S_F_D,transfer,commute_over20,,,primary,development_evaluation,False,not established,3,3,True,0.6849199119570605,0.004347306350861069,0.6849199119570605,0.004347306350861069,3,True,False
S_F_D,transfer,commute_over20,,,primary,validation_person_weighted,False,not established,3,3,True,0.6760410707378648,0.003446692988559913,0.6760410707378648,0.003446692988559913,3,True,False
S_F_D,transfer,commute_over20,,,primary,development_evaluation_person_weighted,False,not established,3,3,True,0.6871208111219519,0.0018200990550295256,0.6871208111219519,0.0018200990550295256,3,True,False
S_F_D,transfer,income_binary,,,primary,validation,False,not established,3,3,True,0.30029505789008093,0.0019398857112773121,0.30029505789008093,0.0019398857112773121,3,True,False
S_F_D,transfer,income_binary,,,primary,development_evaluation,False,not established,3,3,True,0.292912293113509,0.008133711333589906,0.292912293113509,0.008133711333589906,3,True,False
S_F_D,transfer,income_binary,,,primary,validation_person_weighted,False,not established,3,3,True,0.2961971353675221,0.007553440646990887,0.2961971353675221,0.007553440646990887,3,True,False
S_F_D,transfer,income_binary,,,primary,development_evaluation_person_weighted,False,not established,3,3,True,0.30569993806220974,0.009328705132417875,0.30569993806220974,0.009328705132417875,3,True,False
S_F_D,transfer,civilian_at_work,,,primary,validation,False,not established,3,3,True,0.30031935106092705,0.014434807303401536,0.30031935106092705,0.014434807303401536,3,True,False
S_F_D,transfer,civilian_at_work,,,primary,development_evaluation,False,not established,3,3,True,0.2875745380341715,0.007086241786026767,0.2875745380341715,0.007086241786026767,3,True,False
S_F_D,transfer,civilian_at_work,,,primary,validation_person_weighted,False,not established,3,3,True,0.2985205078049171,0.010400573449015264,0.2985205078049171,0.010400573449015264,3,True,False
S_F_D,transfer,civilian_at_work,,,primary,development_evaluation_person_weighted,False,not established,3,3,True,0.27705733135763877,0.010901121366081545,0.27705733135763877,0.010901121366081545,3,True,False
S_F_D,transfer,public_coverage,,,primary,validation,False,not established,3,3,True,0.48614679912412256,0.0011562062855589035,0.48614679912412256,0.0011562062855589035,3,True,False
S_F_D,transfer,public_coverage,,,primary,development_evaluation,False,not established,3,3,True,0.4982217981182928,0.010256545216788523,0.4982217981182928,0.010256545216788523,3,True,False
S_F_D,transfer,public_coverage,,,primary,validation_person_weighted,False,not established,3,3,True,0.4994256181002273,0.004608128988005741,0.4994256181002273,0.004608128988005741,3,True,False
S_F_D,transfer,public_coverage,,,primary,development_evaluation_person_weighted,False,not established,3,3,True,0.5061790938646278,0.01074287802856718,0.5061790938646278,0.01074287802856718,3,True,False
S_F_D,audit,SEX,120,120,primary,validation,False,not established,3,3,True,0.6666505071057558,0.007230017432677726,0.6666505071057558,0.007230017432677726,3,True,False
S_F_D,audit,SEX,120,120,primary,development_evaluation,False,not established,3,3,True,0.6712799070583223,0.005441952962692394,0.6712799070583223,0.005441952962692394,3,True,False
S_F_D,audit,SEX,120,120,primary,validation_person_weighted,False,not established,3,3,True,0.6664731475098714,0.009436161918500864,0.6664731475098714,0.009436161918500864,3,True,False
S_F_D,audit,SEX,120,120,primary,development_evaluation_person_weighted,False,not established,3,3,True,0.6737233244115517,0.004104931644945486,0.6737233244115517,0.004104931644945486,3,True,False
S_F_D,audit,SEX,120,120,pooled,validation,False,not established,3,3,True,0.6634984347883389,0.010115005936934922,0.6634984347883389,0.010115005936934922,3,True,False
S_F_D,audit,SEX,120,120,pooled,development_evaluation,False,not established,3,3,True,0.6708143780678469,0.0064042491565651965,0.6708143780678469,0.0064042491565651965,3,True,False
S_F_D,audit,SEX,120,120,pooled,validation_person_weighted,False,not established,3,3,True,0.6660372570623994,0.00984652947907697,0.6660372570623994,0.00984652947907697,3,True,False
S_F_D,audit,SEX,120,120,pooled,development_evaluation_person_weighted,False,not established,3,3,True,0.6729156843452178,0.0032579216766841224,0.6729156843452178,0.0032579216766841224,3,True,False
S_F_D,audit,SEX,360,360,primary,validation,False,not established,3,3,True,0.6666505071057558,0.007230017432677726,0.6666505071057558,0.007230017432677726,3,True,False
S_F_D,audit,SEX,360,360,primary,development_evaluation,False,not established,3,3,True,0.6712799070583223,0.005441952962692394,0.6712799070583223,0.005441952962692394,3,True,False
S_F_D,audit,SEX,360,360,primary,validation_person_weighted,False,not established,3,3,True,0.6664731475098714,0.009436161918500864,0.6664731475098714,0.009436161918500864,3,True,False
S_F_D,audit,SEX,360,360,primary,development_evaluation_person_weighted,False,not established,3,3,True,0.6737233244115517,0.004104931644945486,0.6737233244115517,0.004104931644945486,3,True,False
S_F_D,audit,SEX,360,360,pooled,validation,False,not established,3,3,True,0.6634984347883389,0.010115005936934922,0.6634984347883389,0.010115005936934922,3,True,False
S_F_D,audit,SEX,360,360,pooled,development_evaluation,False,not established,3,3,True,0.6708143780678469,0.0064042491565651965,0.6708143780678469,0.0064042491565651965,3,True,False
S_F_D,audit,SEX,360,360,pooled,validation_person_weighted,False,not established,3,3,True,0.6660372570623994,0.00984652947907697,0.6660372570623994,0.00984652947907697,3,True,False
S_F_D,audit,SEX,360,360,pooled,development_evaluation_person_weighted,False,not established,3,3,True,0.6729156843452178,0.0032579216766841224,0.6729156843452178,0.0032579216766841224,3,True,False
S_F_D,audit,RAC1P,120,120,primary,validation,False,not established,3,3,True,1.2250404642846922,0.00868375938498465,1.2250404642846922,0.00868375938498465,3,True,False
S_F_D,audit,RAC1P,120,120,primary,development_evaluation,False,not established,3,3,True,1.229146081553257,0.022366161650474482,1.229146081553257,0.022366161650474482,3,True,False
S_F_D,audit,RAC1P,120,120,primary,validation_person_weighted,False,not established,3,3,True,1.2304158594298744,0.012511104634312587,1.2304158594298744,0.012511104634312587,3,True,False
S_F_D,audit,RAC1P,120,120,primary,development_evaluation_person_weighted,False,not established,3,3,True,1.2339118476822883,0.045250421181270435,1.2339118476822883,0.045250421181270435,3,True,False
S_F_D,audit,RAC1P,120,120,pooled,validation,False,not established,3,3,True,1.2108550845170467,0.005524695684156634,1.2108550845170467,0.005524695684156634,3,True,False
S_F_D,audit,RAC1P,120,120,pooled,development_evaluation,False,not established,3,3,True,1.2215230608178134,0.029252677828463476,1.2215230608178134,0.029252677828463476,3,True,False
S_F_D,audit,RAC1P,120,120,pooled,validation_person_weighted,False,not established,3,3,True,1.2182959850072699,0.005552401756555489,1.2182959850072699,0.005552401756555489,3,True,False
S_F_D,audit,RAC1P,120,120,pooled,development_evaluation_person_weighted,False,not established,3,3,True,1.2252375955649657,0.052689549292818806,1.2252375955649657,0.052689549292818806,3,True,False
S_F_D,audit,RAC1P,360,360,primary,validation,False,not established,3,3,True,1.2250404642846922,0.00868375938498465,1.2250404642846922,0.00868375938498465,3,True,False
S_F_D,audit,RAC1P,360,360,primary,development_evaluation,False,not established,3,3,True,1.229146081553257,0.022366161650474482,1.229146081553257,0.022366161650474482,3,True,False
S_F_D,audit,RAC1P,360,360,primary,validation_person_weighted,False,not established,3,3,True,1.2304158594298744,0.012511104634312587,1.2304158594298744,0.012511104634312587,3,True,False
S_F_D,audit,RAC1P,360,360,primary,development_evaluation_person_weighted,False,not established,3,3,True,1.2339118476822883,0.045250421181270435,1.2339118476822883,0.045250421181270435,3,True,False
S_F_D,audit,RAC1P,360,360,pooled,validation,False,not established,3,3,True,1.2108550845170467,0.005524695684156634,1.2108550845170467,0.005524695684156634,3,True,False
S_F_D,audit,RAC1P,360,360,pooled,development_evaluation,False,not established,3,3,True,1.2215230608178134,0.029252677828463476,1.2215230608178134,0.029252677828463476,3,True,False
S_F_D,audit,RAC1P,360,360,pooled,validation_person_weighted,False,not established,3,3,True,1.2182959850072699,0.005552401756555489,1.2182959850072699,0.005552401756555489,3,True,False
S_F_D,audit,RAC1P,360,360,pooled,development_evaluation_person_weighted,False,not established,3,3,True,1.2252375955649657,0.052689549292818806,1.2252375955649657,0.052689549292818806,3,True,False
S_K_C,transfer,same_residence,,,primary,validation,False,not established,3,3,True,0.5164863305061363,0.009575648430802107,0.5164863305061363,0.009575648430802107,3,True,False
S_K_C,transfer,same_residence,,,primary,development_evaluation,False,not established,3,3,True,0.510574730542914,0.004510693515044259,0.510574730542914,0.004510693515044259,3,True,False
S_K_C,transfer,same_residence,,,primary,validation_person_weighted,False,not established,3,3,True,0.49216821338989025,0.007290489567063613,0.49216821338989025,0.007290489567063613,3,True,False
S_K_C,transfer,same_residence,,,primary,development_evaluation_person_weighted,False,not established,3,3,True,0.4854614857878802,0.013855368638275833,0.4854614857878802,0.013855368638275833,3,True,False
S_K_C,transfer,commute_over20,,,primary,validation,False,not established,3,3,True,0.6787328802370339,0.005405930459026479,0.6787328802370339,0.005405930459026479,3,True,False
S_K_C,transfer,commute_over20,,,primary,development_evaluation,False,not established,3,3,True,0.6867013596129538,0.004041962889037376,0.6867013596129538,0.004041962889037376,3,True,False
S_K_C,transfer,commute_over20,,,primary,validation_person_weighted,False,not established,3,3,True,0.6772791355633471,0.004999494019967502,0.6772791355633471,0.004999494019967502,3,True,False
S_K_C,transfer,commute_over20,,,primary,development_evaluation_person_weighted,False,not established,3,3,True,0.6887230824876427,0.0014943543712722844,0.6887230824876427,0.0014943543712722844,3,True,False
S_K_C,transfer,income_binary,,,primary,validation,False,not established,3,3,True,0.3178333142535577,0.013775727776678084,0.3178333142535577,0.013775727776678084,3,True,False
S_K_C,transfer,income_binary,,,primary,development_evaluation,False,not established,3,3,True,0.3133192994599108,0.006040980375144549,0.3133192994599108,0.006040980375144549,3,True,False
S_K_C,transfer,income_binary,,,primary,validation_person_weighted,False,not established,3,3,True,0.3124686715825564,0.017879358360490948,0.3124686715825564,0.017879358360490948,3,True,False
S_K_C,transfer,income_binary,,,primary,development_evaluation_person_weighted,False,not established,3,3,True,0.32550491151012023,0.0026696674327671326,0.32550491151012023,0.0026696674327671326,3,True,False
S_K_C,transfer,civilian_at_work,,,primary,validation,False,not established,3,3,True,0.3380321722142041,0.00871869036060642,0.3380321722142041,0.00871869036060642,3,True,False
S_K_C,transfer,civilian_at_work,,,primary,development_evaluation,False,not established,3,3,True,0.32899378376370764,0.006006989132227881,0.32899378376370764,0.006006989132227881,3,True,False
S_K_C,transfer,civilian_at_work,,,primary,validation_person_weighted,False,not established,3,3,True,0.33473282920544734,0.006466776535787638,0.33473282920544734,0.006466776535787638,3,True,False
S_K_C,transfer,civilian_at_work,,,primary,development_evaluation_person_weighted,False,not established,3,3,True,0.31295847791181025,0.005964641076778267,0.31295847791181025,0.005964641076778267,3,True,False
S_K_C,transfer,public_coverage,,,primary,validation,False,not established,3,3,True,0.5006365006866135,0.009336823488116945,0.5006365006866135,0.009336823488116945,3,True,False
S_K_C,transfer,public_coverage,,,primary,development_evaluation,False,not established,3,3,True,0.5109347333033636,0.012560665864956248,0.5109347333033636,0.012560665864956248,3,True,False
S_K_C,transfer,public_coverage,,,primary,validation_person_weighted,False,not established,3,3,True,0.5095101096803999,0.008933922854114476,0.5095101096803999,0.008933922854114476,3,True,False
S_K_C,transfer,public_coverage,,,primary,development_evaluation_person_weighted,False,not established,3,3,True,0.51805779396458,0.012729958232878234,0.51805779396458,0.012729958232878234,3,True,False
S_K_C,audit,SEX,120,120,primary,validation,False,not established,3,3,True,0.666922108951849,0.005904570998358529,0.666922108951849,0.005904570998358529,3,True,False
S_K_C,audit,SEX,120,120,primary,development_evaluation,False,not established,3,3,True,0.672266270751705,0.005759574151908582,0.672266270751705,0.005759574151908582,3,True,False
S_K_C,audit,SEX,120,120,primary,validation_person_weighted,False,not established,3,3,True,0.6685867032447234,0.006974369513721619,0.6685867032447234,0.006974369513721619,3,True,False
S_K_C,audit,SEX,120,120,primary,development_evaluation_person_weighted,False,not established,3,3,True,0.6733088211916525,0.002801897116921857,0.6733088211916525,0.002801897116921857,3,True,False
S_K_C,audit,SEX,120,120,pooled,validation,False,not established,3,3,True,0.6652273248311309,0.007796329583267852,0.6652273248311309,0.007796329583267852,3,True,False
S_K_C,audit,SEX,120,120,pooled,development_evaluation,False,not established,3,3,True,0.6715865902118439,0.005201712491375679,0.6715865902118439,0.005201712491375679,3,True,False
S_K_C,audit,SEX,120,120,pooled,validation_person_weighted,False,not established,3,3,True,0.6660978410433285,0.010373447686065983,0.6660978410433285,0.010373447686065983,3,True,False
S_K_C,audit,SEX,120,120,pooled,development_evaluation_person_weighted,False,not established,3,3,True,0.6757184487475782,0.006289535270256702,0.6757184487475782,0.006289535270256702,3,True,False
S_K_C,audit,SEX,360,360,primary,validation,False,not established,3,3,True,0.666922108951849,0.005904570998358529,0.666922108951849,0.005904570998358529,3,True,False
S_K_C,audit,SEX,360,360,primary,development_evaluation,False,not established,3,3,True,0.672266270751705,0.005759574151908582,0.672266270751705,0.005759574151908582,3,True,False
S_K_C,audit,SEX,360,360,primary,validation_person_weighted,False,not established,3,3,True,0.6685867032447234,0.006974369513721619,0.6685867032447234,0.006974369513721619,3,True,False
S_K_C,audit,SEX,360,360,primary,development_evaluation_person_weighted,False,not established,3,3,True,0.6733088211916525,0.002801897116921857,0.6733088211916525,0.002801897116921857,3,True,False
S_K_C,audit,SEX,360,360,pooled,validation,False,not established,3,3,True,0.6652273248311309,0.007796329583267852,0.6652273248311309,0.007796329583267852,3,True,False
S_K_C,audit,SEX,360,360,pooled,development_evaluation,False,not established,3,3,True,0.6715865902118439,0.005201712491375679,0.6715865902118439,0.005201712491375679,3,True,False
S_K_C,audit,SEX,360,360,pooled,validation_person_weighted,False,not established,3,3,True,0.6660978410433285,0.010373447686065983,0.6660978410433285,0.010373447686065983,3,True,False
S_K_C,audit,SEX,360,360,pooled,development_evaluation_person_weighted,False,not established,3,3,True,0.6757184487475782,0.006289535270256702,0.6757184487475782,0.006289535270256702,3,True,False
S_K_C,audit,RAC1P,120,120,primary,validation,False,not established,3,3,True,1.227463795036513,0.008233971347514845,1.227463795036513,0.008233971347514845,3,True,False
S_K_C,audit,RAC1P,120,120,primary,development_evaluation,False,not established,3,3,True,1.2336400868589934,0.023437923276002005,1.2336400868589934,0.023437923276002005,3,True,False
S_K_C,audit,RAC1P,120,120,primary,validation_person_weighted,False,not established,3,3,True,1.2322835155365441,0.016295244247781338,1.2322835155365441,0.016295244247781338,3,True,False
S_K_C,audit,RAC1P,120,120,primary,development_evaluation_person_weighted,False,not established,3,3,True,1.2388112810873229,0.04702338991106897,1.2388112810873229,0.04702338991106897,3,True,False
S_K_C,audit,RAC1P,120,120,pooled,validation,False,not established,3,3,True,1.2118874014049141,0.008398453423764066,1.2118874014049141,0.008398453423764066,3,True,False
S_K_C,audit,RAC1P,120,120,pooled,development_evaluation,False,not established,3,3,True,1.225188011133369,0.031908826454271,1.225188011133369,0.031908826454271,3,True,False
S_K_C,audit,RAC1P,120,120,pooled,validation_person_weighted,False,not established,3,3,True,1.2188383532420692,0.010419869961179043,1.2188383532420692,0.010419869961179043,3,True,False
S_K_C,audit,RAC1P,120,120,pooled,development_evaluation_person_weighted,False,not established,3,3,True,1.23193111377446,0.052450503944698273,1.23193111377446,0.052450503944698273,3,True,False
S_K_C,audit,RAC1P,360,360,primary,validation,False,not established,3,3,True,1.227463795036513,0.008233971347514845,1.227463795036513,0.008233971347514845,3,True,False
S_K_C,audit,RAC1P,360,360,primary,development_evaluation,False,not established,3,3,True,1.2336400868589934,0.023437923276002005,1.2336400868589934,0.023437923276002005,3,True,False
S_K_C,audit,RAC1P,360,360,primary,validation_person_weighted,False,not established,3,3,True,1.2322835155365441,0.016295244247781338,1.2322835155365441,0.016295244247781338,3,True,False
S_K_C,audit,RAC1P,360,360,primary,development_evaluation_person_weighted,False,not established,3,3,True,1.2388112810873229,0.04702338991106897,1.2388112810873229,0.04702338991106897,3,True,False
S_K_C,audit,RAC1P,360,360,pooled,validation,False,not established,3,3,True,1.2118874014049141,0.008398453423764066,1.2118874014049141,0.008398453423764066,3,True,False
S_K_C,audit,RAC1P,360,360,pooled,development_evaluation,False,not established,3,3,True,1.225188011133369,0.031908826454271,1.225188011133369,0.031908826454271,3,True,False
S_K_C,audit,RAC1P,360,360,pooled,validation_person_weighted,False,not established,3,3,True,1.2188383532420692,0.010419869961179043,1.2188383532420692,0.010419869961179043,3,True,False
S_K_C,audit,RAC1P,360,360,pooled,development_evaluation_person_weighted,False,not established,3,3,True,1.23193111377446,0.052450503944698273,1.23193111377446,0.052450503944698273,3,True,False
S_K_D,transfer,same_residence,,,primary,validation,False,not established,3,3,True,0.5171035621538962,0.009754763378419509,0.5171035621538962,0.009754763378419509,3,True,False
S_K_D,transfer,same_residence,,,primary,development_evaluation,False,not established,3,3,True,0.5107008465345001,0.004363786104470565,0.5107008465345001,0.004363786104470565,3,True,False
S_K_D,transfer,same_residence,,,primary,validation_person_weighted,False,not established,3,3,True,0.4927565232919075,0.0074585519749385916,0.4927565232919075,0.0074585519749385916,3,True,False
S_K_D,transfer,same_residence,,,primary,development_evaluation_person_weighted,False,not established,3,3,True,0.4854657778092502,0.013842155918665118,0.4854657778092502,0.013842155918665118,3,True,False
S_K_D,transfer,commute_over20,,,primary,validation,False,not established,3,3,True,0.6788481024500577,0.005384568064380082,0.6788481024500577,0.005384568064380082,3,True,False
S_K_D,transfer,commute_over20,,,primary,development_evaluation,False,not established,3,3,True,0.6865032244614615,0.003948166720244678,0.6865032244614615,0.003948166720244678,3,True,False
S_K_D,transfer,commute_over20,,,primary,validation_person_weighted,False,not established,3,3,True,0.6773653087592139,0.004841205379790492,0.6773653087592139,0.004841205379790492,3,True,False
S_K_D,transfer,commute_over20,,,primary,development_evaluation_person_weighted,False,not established,3,3,True,0.6884996200321072,0.001535603827327345,0.6884996200321072,0.001535603827327345,3,True,False
S_K_D,transfer,income_binary,,,primary,validation,False,not established,3,3,True,0.3182418349200264,0.014126756544590441,0.3182418349200264,0.014126756544590441,3,True,False
S_K_D,transfer,income_binary,,,primary,development_evaluation,False,not established,3,3,True,0.3128553261161601,0.006065438099593524,0.3128553261161601,0.006065438099593524,3,True,False
S_K_D,transfer,income_binary,,,primary,validation_person_weighted,False,not established,3,3,True,0.3127057815478676,0.017985192763096104,0.3127057815478676,0.017985192763096104,3,True,False
S_K_D,transfer,income_binary,,,primary,development_evaluation_person_weighted,False,not established,3,3,True,0.32545553229429375,0.0028633123786056666,0.32545553229429375,0.0028633123786056666,3,True,False
S_K_D,transfer,civilian_at_work,,,primary,validation,False,not established,3,3,True,0.3388275738222505,0.00888996855873967,0.3388275738222505,0.00888996855873967,3,True,False
S_K_D,transfer,civilian_at_work,,,primary,development_evaluation,False,not established,3,3,True,0.32989881433383844,0.005222390055206085,0.32989881433383844,0.005222390055206085,3,True,False
S_K_D,transfer,civilian_at_work,,,primary,validation_person_weighted,False,not established,3,3,True,0.33537982162402585,0.006319324120522178,0.33537982162402585,0.006319324120522178,3,True,False
S_K_D,transfer,civilian_at_work,,,primary,development_evaluation_person_weighted,False,not established,3,3,True,0.3140886912507003,0.005072902097092215,0.3140886912507003,0.005072902097092215,3,True,False
S_K_D,transfer,public_coverage,,,primary,validation,False,not established,3,3,True,0.5010488721227777,0.009456227102181615,0.5010488721227777,0.009456227102181615,3,True,False
S_K_D,transfer,public_coverage,,,primary,development_evaluation,False,not established,3,3,True,0.511076584434146,0.012699732687709107,0.511076584434146,0.012699732687709107,3,True,False
S_K_D,transfer,public_coverage,,,primary,validation_person_weighted,False,not established,3,3,True,0.5102648094530767,0.009147406591884321,0.5102648094530767,0.009147406591884321,3,True,False
S_K_D,transfer,public_coverage,,,primary,development_evaluation_person_weighted,False,not established,3,3,True,0.5180012251401487,0.012946921659718407,0.5180012251401487,0.012946921659718407,3,True,False
S_K_D,audit,SEX,120,120,primary,validation,False,not established,3,3,True,0.6668302327220503,0.005947761753157075,0.6668302327220503,0.005947761753157075,3,True,False
S_K_D,audit,SEX,120,120,primary,development_evaluation,False,not established,3,3,True,0.67266758268879,0.005979619163117746,0.67266758268879,0.005979619163117746,3,True,False
S_K_D,audit,SEX,120,120,primary,validation_person_weighted,False,not established,3,3,True,0.6678976441615762,0.007935844855251794,0.6678976441615762,0.007935844855251794,3,True,False
S_K_D,audit,SEX,120,120,primary,development_evaluation_person_weighted,False,not established,3,3,True,0.6741341086209226,0.0035164339949231007,0.6741341086209226,0.0035164339949231007,3,True,False
S_K_D,audit,SEX,120,120,pooled,validation,False,not established,3,3,True,0.6641662925682882,0.009168503241528073,0.6641662925682882,0.009168503241528073,3,True,False
S_K_D,audit,SEX,120,120,pooled,development_evaluation,False,not established,3,3,True,0.6717262208134577,0.005135476802995524,0.6717262208134577,0.005135476802995524,3,True,False
S_K_D,audit,SEX,120,120,pooled,validation_person_weighted,False,not established,3,3,True,0.6652255958172911,0.01191465924966808,0.6652255958172911,0.01191465924966808,3,True,False
S_K_D,audit,SEX,120,120,pooled,development_evaluation_person_weighted,False,not established,3,3,True,0.674492096616619,0.004004331006473778,0.674492096616619,0.004004331006473778,3,True,False
S_K_D,audit,SEX,360,360,primary,validation,False,not established,3,3,True,0.6668302327220503,0.005947761753157075,0.6668302327220503,0.005947761753157075,3,True,False
S_K_D,audit,SEX,360,360,primary,development_evaluation,False,not established,3,3,True,0.67266758268879,0.005979619163117746,0.67266758268879,0.005979619163117746,3,True,False
S_K_D,audit,SEX,360,360,primary,validation_person_weighted,False,not established,3,3,True,0.6678976441615762,0.007935844855251794,0.6678976441615762,0.007935844855251794,3,True,False
S_K_D,audit,SEX,360,360,primary,development_evaluation_person_weighted,False,not established,3,3,True,0.6741341086209226,0.0035164339949231007,0.6741341086209226,0.0035164339949231007,3,True,False
S_K_D,audit,SEX,360,360,pooled,validation,False,not established,3,3,True,0.6641662925682882,0.009168503241528073,0.6641662925682882,0.009168503241528073,3,True,False
S_K_D,audit,SEX,360,360,pooled,development_evaluation,False,not established,3,3,True,0.6717262208134577,0.005135476802995524,0.6717262208134577,0.005135476802995524,3,True,False
S_K_D,audit,SEX,360,360,pooled,validation_person_weighted,False,not established,3,3,True,0.6652255958172911,0.01191465924966808,0.6652255958172911,0.01191465924966808,3,True,False
S_K_D,audit,SEX,360,360,pooled,development_evaluation_person_weighted,False,not established,3,3,True,0.674492096616619,0.004004331006473778,0.674492096616619,0.004004331006473778,3,True,False
S_K_D,audit,RAC1P,120,120,primary,validation,False,not established,3,3,True,1.2281197045081615,0.008974299157581989,1.2281197045081615,0.008974299157581989,3,True,False
S_K_D,audit,RAC1P,120,120,primary,development_evaluation,False,not established,3,3,True,1.234161706501522,0.023193550442027547,1.234161706501522,0.023193550442027547,3,True,False
S_K_D,audit,RAC1P,120,120,primary,validation_person_weighted,False,not established,3,3,True,1.2324656050793008,0.016935130039276113,1.2324656050793008,0.016935130039276113,3,True,False
S_K_D,audit,RAC1P,120,120,primary,development_evaluation_person_weighted,False,not established,3,3,True,1.239505346346942,0.046087591331151874,1.239505346346942,0.046087591331151874,3,True,False
S_K_D,audit,RAC1P,120,120,pooled,validation,False,not established,3,3,True,1.2100477903519342,0.010233741736880107,1.2100477903519342,0.010233741736880107,3,True,False
S_K_D,audit,RAC1P,120,120,pooled,development_evaluation,False,not established,3,3,True,1.2252985722586862,0.03161947001669298,1.2252985722586862,0.03161947001669298,3,True,False
S_K_D,audit,RAC1P,120,120,pooled,validation_person_weighted,False,not established,3,3,True,1.2171798736604036,0.010483094135650304,1.2171798736604036,0.010483094135650304,3,True,False
S_K_D,audit,RAC1P,120,120,pooled,development_evaluation_person_weighted,False,not established,3,3,True,1.231764590447093,0.052441676484591485,1.231764590447093,0.052441676484591485,3,True,False
S_K_D,audit,RAC1P,360,360,primary,validation,False,not established,3,3,True,1.2281197045081615,0.008974299157581989,1.2281197045081615,0.008974299157581989,3,True,False
S_K_D,audit,RAC1P,360,360,primary,development_evaluation,False,not established,3,3,True,1.234161706501522,0.023193550442027547,1.234161706501522,0.023193550442027547,3,True,False
S_K_D,audit,RAC1P,360,360,primary,validation_person_weighted,False,not established,3,3,True,1.2324656050793008,0.016935130039276113,1.2324656050793008,0.016935130039276113,3,True,False
S_K_D,audit,RAC1P,360,360,primary,development_evaluation_person_weighted,False,not established,3,3,True,1.239505346346942,0.046087591331151874,1.239505346346942,0.046087591331151874,3,True,False
S_K_D,audit,RAC1P,360,360,pooled,validation,False,not established,3,3,True,1.2100477903519342,0.010233741736880107,1.2100477903519342,0.010233741736880107,3,True,False
S_K_D,audit,RAC1P,360,360,pooled,development_evaluation,False,not established,3,3,True,1.2252985722586862,0.03161947001669298,1.2252985722586862,0.03161947001669298,3,True,False
S_K_D,audit,RAC1P,360,360,pooled,validation_person_weighted,False,not established,3,3,True,1.2171798736604036,0.010483094135650304,1.2171798736604036,0.010483094135650304,3,True,False
S_K_D,audit,RAC1P,360,360,pooled,development_evaluation_person_weighted,False,not established,3,3,True,1.231764590447093,0.052441676484591485,1.231764590447093,0.052441676484591485,3,True,False
