seed,role,release,target,candidate_id,family,selected,independent_selected,selected_within_family,auc_selected,diagnostic_only,fit_rows,fit_support,fit_coverage_complete,split,n,n_classes,class_schema,weighted,weight_sum,support,weighted_support,prevalence,coverage_complete,raw_coverage_complete,valid_class_mask,log_loss,log_loss_probability_floor,accuracy,balanced_accuracy,observed_balanced_accuracy,auroc,macro_auroc,observed_macro_auroc
0,transfer,I,same_residence,logistic,logistic,True,True,True,True,False,2048,"[500,1548]",True,validation,2984,2,"[0,1]",False,2984.0,"[700,2284]","[700.0,2284.0]","[0.23458445040214476,0.7654155495978552]",True,True,"[true,true]",0.5130830975549535,1e-12,0.7657506702412868,0.5215198899174381,0.5215198899174381,0.6753799724793594,0.6753799724793594,0.6753799724793594
0,transfer,I,same_residence,logistic,logistic,True,True,True,True,False,2048,"[500,1548]",True,development_evaluation,2982,2,"[0,1]",False,2982.0,"[660,2322]","[660.0,2322.0]","[0.22132796780684105,0.778672032193159]",True,True,"[true,true]",0.4962003884374288,1e-12,0.7769953051643192,0.5206131078224101,0.5206131078224101,0.6812733275911571,0.6812733275911571,0.6812733275911571
0,transfer,I,same_residence,logistic,logistic,True,True,True,True,False,2048,"[500,1548]",True,validation_person_weighted,2984,2,"[0,1]",True,348390.0,"[700,2284]","[71960.0,276430.0]","[0.20655013060076352,0.7934498693992365]",True,True,"[true,true]",0.48001782688773353,1e-12,0.7966876201957577,0.5302357525093074,0.5302357525093074,0.6841067595102064,0.6841067595102064,0.6841067595102064
0,transfer,I,same_residence,logistic,logistic,True,True,True,True,False,2048,"[500,1548]",True,development_evaluation_person_weighted,2982,2,"[0,1]",True,334141.0,"[660,2322]","[69119.0,265022.0]","[0.20685578842464708,0.793144211575353]",True,True,"[true,true]",0.48496946857779744,1e-12,0.7913874681646371,0.5237787166707794,0.5237787166707794,0.6752784121282496,0.6752784121282496,0.6752784121282496
0,transfer,I,same_residence,mlp,mlp,False,False,True,False,False,2048,"[500,1548]",True,validation,2984,2,"[0,1]",False,2984.0,"[700,2284]","[700.0,2284.0]","[0.23458445040214476,0.7654155495978552]",True,True,"[true,true]",0.5152488683337947,1e-12,0.7644101876675603,0.5142044033024769,0.5142044033024769,0.6671100200150113,0.6671100200150113,0.6671100200150113
0,transfer,I,same_residence,mlp,mlp,False,False,True,False,False,2048,"[500,1548]",True,development_evaluation,2982,2,"[0,1]",False,2982.0,"[660,2322]","[660.0,2322.0]","[0.22132796780684105,0.778672032193159]",True,True,"[true,true]",0.4981399717590001,1e-12,0.7776659959758552,0.5145368412810273,0.5145368412810273,0.6752420849320073,0.6752420849320073,0.6752420849320073
0,transfer,I,same_residence,mlp,mlp,False,False,True,False,False,2048,"[500,1548]",True,validation_person_weighted,2984,2,"[0,1]",True,348390.0,"[700,2284]","[71960.0,276430.0]","[0.20655013060076352,0.7934498693992365]",True,True,"[true,true]",0.4823905035593601,1e-12,0.79571170240248,0.5244863797042081,0.5244863797042081,0.6762676334814988,0.6762676334814988,0.6762676334814988
0,transfer,I,same_residence,mlp,mlp,False,False,True,False,False,2048,"[500,1548]",True,development_evaluation_person_weighted,2982,2,"[0,1]",True,334141.0,"[660,2322]","[69119.0,265022.0]","[0.20685578842464708,0.793144211575353]",True,True,"[true,true]",0.4871744255592985,1e-12,0.7929017989411655,0.5190759478946353,0.5190759478946353,0.6704713475119879,0.6704713475119879,0.6704713475119879
0,transfer,I,commute_over20,logistic,logistic,False,False,True,False,False,2048,"[997,1051]",True,validation,1984,2,"[0,1]",False,1984.0,"[1009,975]","[1009.0,975.0]","[0.5085685483870968,0.49143145161290325]",True,True,"[true,true]",0.682406213293728,1e-12,0.5579637096774194,0.5590348402836014,0.5590348402836014,0.5893486823714772,0.5893486823714773,0.5893486823714773
0,transfer,I,commute_over20,logistic,logistic,False,False,True,False,False,2048,"[997,1051]",True,development_evaluation,1971,2,"[0,1]",False,1971.0,"[959,1012]","[959.0,1012.0]","[0.4865550481988838,0.5134449518011162]",True,True,"[true,true]",0.6895007677728834,1e-12,0.5545408422120751,0.552143310513669,0.552143310513669,0.5662096551496741,0.5662096551496743,0.5662096551496743
0,transfer,I,commute_over20,logistic,logistic,False,False,True,False,False,2048,"[997,1051]",True,validation_person_weighted,1984,2,"[0,1]",True,233729.0,"[1009,975]","[118499.0,115230.0]","[0.5069931416298362,0.4930068583701637]",True,True,"[true,true]",0.6810246502284791,1e-12,0.5566874457170484,0.5574142704388605,0.5574142704388605,0.5935605637364976,0.5935605637364976,0.5935605637364976
0,transfer,I,commute_over20,logistic,logistic,False,False,True,False,False,2048,"[997,1051]",True,development_evaluation_person_weighted,1971,2,"[0,1]",True,226551.0,"[959,1012]","[110010.0,116541.0]","[0.48558602698730086,0.5144139730126991]",True,True,"[true,true]",0.6905520863548475,1e-12,0.554210751662981,0.5516319258409491,0.5516319258409491,0.5597460845863502,0.5597460845863502,0.5597460845863502
0,transfer,I,commute_over20,mlp,mlp,True,True,True,True,False,2048,"[997,1051]",True,validation,1984,2,"[0,1]",False,1984.0,"[1009,975]","[1009.0,975.0]","[0.5085685483870968,0.49143145161290325]",True,True,"[true,true]",0.6808750842154714,1e-12,0.5680443548387096,0.5685827552031715,0.5685827552031715,0.5911793855302279,0.5911793855302279,0.5911793855302279
0,transfer,I,commute_over20,mlp,mlp,True,True,True,True,False,2048,"[997,1051]",True,development_evaluation,1971,2,"[0,1]",False,1971.0,"[959,1012]","[959.0,1012.0]","[0.4865550481988838,0.5134449518011162]",True,True,"[true,true]",0.6895052151132907,1e-12,0.5484525621511923,0.5471155312475529,0.5471155312475529,0.5731039826565056,0.5731039826565056,0.5731039826565056
0,transfer,I,commute_over20,mlp,mlp,True,True,True,True,False,2048,"[997,1051]",True,validation_person_weighted,1984,2,"[0,1]",True,233729.0,"[1009,975]","[118499.0,115230.0]","[0.5069931416298362,0.4930068583701637]",True,True,"[true,true]",0.6784161601652429,1e-12,0.570292946104249,0.570690736061798,0.570690736061798,0.59710751706634,0.59710751706634,0.59710751706634
0,transfer,I,commute_over20,mlp,mlp,True,True,True,True,False,2048,"[997,1051]",True,development_evaluation_person_weighted,1971,2,"[0,1]",True,226551.0,"[959,1012]","[110010.0,116541.0]","[0.48558602698730086,0.5144139730126991]",True,True,"[true,true]",0.688463961479279,1e-12,0.5486976442390455,0.5473975679569911,0.5473975679569911,0.5731507974040504,0.5731507974040504,0.5731507974040504
0,transfer,I,income_binary,logistic,logistic,False,False,True,False,False,2048,"[1652,396]",True,validation,2984,2,"[0,1]",False,2984.0,"[2434,550]","[2434.0,550.0]","[0.8156836461126006,0.18431635388739948]",True,True,"[true,true]",0.3108546997637713,1e-12,0.8619302949061662,0.7274863673713303,0.7274863673713303,0.8882834092776574,0.8882834092776574,0.8882834092776574
0,transfer,I,income_binary,logistic,logistic,False,False,True,False,False,2048,"[1652,396]",True,development_evaluation,2982,2,"[0,1]",False,2982.0,"[2439,543]","[2439.0,543.0]","[0.817907444668008,0.18209255533199195]",True,True,"[true,true]",0.3029319443276749,1e-12,0.8621730382293763,0.7181810768383927,0.7181810768383927,0.8919137073507015,0.8919137073507015,0.8919137073507015
0,transfer,I,income_binary,logistic,logistic,False,False,True,False,False,2048,"[1652,396]",True,validation_person_weighted,2984,2,"[0,1]",True,348390.0,"[2434,550]","[288007.0,60383.0]","[0.8266798702603404,0.17332012973965957]",True,True,"[true,true]",0.29682052501044953,1e-12,0.8697321966761388,0.7192629254915492,0.7192629254915492,0.8920225016214204,0.8920225016214204,0.8920225016214204
0,transfer,I,income_binary,logistic,logistic,False,False,True,False,False,2048,"[1652,396]",True,development_evaluation_person_weighted,2982,2,"[0,1]",True,334141.0,"[2439,543]","[273575.0,60566.0]","[0.8187411900963965,0.18125880990360357]",True,True,"[true,true]",0.31071905443288017,1e-12,0.859304904217082,0.7037220769903227,0.7037220769903227,0.8832637595848737,0.8832637595848736,0.8832637595848736
0,transfer,I,income_binary,mlp,mlp,True,True,True,True,False,2048,"[1652,396]",True,validation,2984,2,"[0,1]",False,2984.0,"[2434,550]","[2434.0,550.0]","[0.8156836461126006,0.18431635388739948]",True,True,"[true,true]",0.30781521527148725,1e-12,0.8565683646112601,0.7361619481586614,0.7361619481586614,0.892385149772167,0.8923851497721671,0.8923851497721671
0,transfer,I,income_binary,mlp,mlp,True,True,True,True,False,2048,"[1652,396]",True,development_evaluation,2982,2,"[0,1]",False,2982.0,"[2439,543]","[2439.0,543.0]","[0.817907444668008,0.18209255533199195]",True,True,"[true,true]",0.2996246808517992,1e-12,0.8655264922870557,0.748863427860798,0.748863427860798,0.8948728345478667,0.8948728345478667,0.8948728345478667
0,transfer,I,income_binary,mlp,mlp,True,True,True,True,False,2048,"[1652,396]",True,validation_person_weighted,2984,2,"[0,1]",True,348390.0,"[2434,550]","[288007.0,60383.0]","[0.8266798702603404,0.17332012973965957]",True,True,"[true,true]",0.29482124625693107,1e-12,0.8632021585005311,0.7267660816214514,0.7267660816214514,0.8950269288635024,0.8950269288635024,0.8950269288635024
0,transfer,I,income_binary,mlp,mlp,True,True,True,True,False,2048,"[1652,396]",True,development_evaluation_person_weighted,2982,2,"[0,1]",True,334141.0,"[2439,543]","[273575.0,60566.0]","[0.8187411900963965,0.18125880990360357]",True,True,"[true,true]",0.3078177959333806,1e-12,0.8615315091533216,0.7301759990375478,0.7301759990375478,0.8873349633234864,0.8873349633234864,0.8873349633234864
0,transfer,I,civilian_at_work,logistic,logistic,False,False,True,False,False,2048,"[665,1383]",True,validation,2984,2,"[0,1]",False,2984.0,"[981,2003]","[981.0,2003.0]","[0.32875335120643434,0.6712466487935657]",True,True,"[true,true]",0.3209863819368335,1e-12,0.8887399463806971,0.8404070754215263,0.8404070754215263,0.8663521028345351,0.8663521028345351,0.8663521028345351
0,transfer,I,civilian_at_work,logistic,logistic,False,False,True,False,False,2048,"[665,1383]",True,development_evaluation,2982,2,"[0,1]",False,2982.0,"[972,2010]","[972.0,2010.0]","[0.32595573440643866,0.6740442655935613]",True,True,"[true,true]",0.2911958060740804,1e-12,0.9014084507042254,0.8570004913703089,0.8570004913703089,0.8875847101938865,0.8875847101938865,0.8875847101938865
0,transfer,I,civilian_at_work,logistic,logistic,False,False,True,False,False,2048,"[665,1383]",True,validation_person_weighted,2984,2,"[0,1]",True,348390.0,"[981,2003]","[112512.0,235878.0]","[0.3229484198742788,0.6770515801257212]",True,True,"[true,true]",0.31167141136007526,1e-12,0.8973305778007405,0.8464451338244228,0.8464451338244228,0.8648275267177414,0.8648275267177414,0.8648275267177414
0,transfer,I,civilian_at_work,logistic,logistic,False,False,True,False,False,2048,"[665,1383]",True,development_evaluation_person_weighted,2982,2,"[0,1]",True,334141.0,"[972,2010]","[100734.0,233407.0]","[0.3014715344719744,0.6985284655280256]",True,True,"[true,true]",0.27231717949192363,1e-12,0.9160144968740741,0.8664207154715551,0.8664207154715551,0.885619654836662,0.885619654836662,0.885619654836662
0,transfer,I,civilian_at_work,mlp,mlp,True,True,True,True,False,2048,"[665,1383]",True,validation,2984,2,"[0,1]",False,2984.0,"[981,2003]","[981.0,2003.0]","[0.32875335120643434,0.6712466487935657]",True,True,"[true,true]",0.31112292937200947,1e-12,0.8857238605898123,0.8366000947610185,0.8366000947610185,0.8864590474125713,0.8864590474125713,0.8864590474125713
0,transfer,I,civilian_at_work,mlp,mlp,True,True,True,True,False,2048,"[665,1383]",True,development_evaluation,2982,2,"[0,1]",False,2982.0,"[972,2010]","[972.0,2010.0]","[0.32595573440643866,0.6740442655935613]",True,True,"[true,true]",0.28652439693889825,1e-12,0.9004024144869215,0.8565198697868681,0.8565198697868681,0.8990326147042565,0.8990326147042564,0.8990326147042564
0,transfer,I,civilian_at_work,mlp,mlp,True,True,True,True,False,2048,"[665,1383]",True,validation_person_weighted,2984,2,"[0,1]",True,348390.0,"[981,2003]","[112512.0,235878.0]","[0.3229484198742788,0.6770515801257212]",True,True,"[true,true]",0.3031995072936149,1e-12,0.8937455150836706,0.8423519073269192,0.8423519073269192,0.8837770464865151,0.883777046486515,0.883777046486515
0,transfer,I,civilian_at_work,mlp,mlp,True,True,True,True,False,2048,"[665,1383]",True,development_evaluation_person_weighted,2982,2,"[0,1]",True,334141.0,"[972,2010]","[100734.0,233407.0]","[0.3014715344719744,0.6985284655280256]",True,True,"[true,true]",0.27051575448373727,1e-12,0.9147725062174351,0.8660508455613118,0.8660508455613118,0.8958260823774542,0.8958260823774542,0.8958260823774542
0,transfer,I,public_coverage,logistic,logistic,False,False,True,False,False,2048,"[1531,517]",True,validation,2984,2,"[0,1]",False,2984.0,"[2275,709]","[2275.0,709.0]","[0.7623994638069705,0.23760053619302948]",True,True,"[true,true]",0.4999366397406053,1e-12,0.774798927613941,0.5828893814225267,0.5828893814225267,0.7005967234458066,0.7005967234458066,0.7005967234458066
0,transfer,I,public_coverage,logistic,logistic,False,False,True,False,False,2048,"[1531,517]",True,development_evaluation,2982,2,"[0,1]",False,2982.0,"[2199,783]","[2199.0,783.0]","[0.7374245472837022,0.2625754527162978]",True,True,"[true,true]",0.5206554718584375,1e-12,0.7464788732394366,0.5678181827685521,0.5678181827685521,0.708688844401002,0.708688844401002,0.708688844401002
0,transfer,I,public_coverage,logistic,logistic,False,False,True,False,False,2048,"[1531,517]",True,validation_person_weighted,2984,2,"[0,1]",True,348390.0,"[2275,709]","[263229.0,85161.0]","[0.7555584259020064,0.24444157409799364]",True,True,"[true,true]",0.5119351594813026,1e-12,0.7669192571543385,0.5776909659310896,0.5776909659310896,0.6881308687571843,0.6881308687571843,0.6881308687571843
0,transfer,I,public_coverage,logistic,logistic,False,False,True,False,False,2048,"[1531,517]",True,development_evaluation_person_weighted,2982,2,"[0,1]",True,334141.0,"[2199,783]","[244261.0,89880.0]","[0.7310117585091324,0.26898824149086764]",True,True,"[true,true]",0.5290315674104525,1e-12,0.7404149745167459,0.5640832038859948,0.5640832038859948,0.7068235047953069,0.7068235047953069,0.7068235047953069
0,transfer,I,public_coverage,mlp,mlp,True,True,True,True,False,2048,"[1531,517]",True,validation,2984,2,"[0,1]",False,2984.0,"[2275,709]","[2275.0,709.0]","[0.7623994638069705,0.23760053619302948]",True,True,"[true,true]",0.4924349287885092,1e-12,0.7751340482573726,0.5986431903780282,0.5986431903780282,0.719602597684403,0.7196025976844029,0.7196025976844029
0,transfer,I,public_coverage,mlp,mlp,True,True,True,True,False,2048,"[1531,517]",True,development_evaluation,2982,2,"[0,1]",False,2982.0,"[2199,783]","[2199.0,783.0]","[0.7374245472837022,0.2625754527162978]",True,True,"[true,true]",0.5153072572411478,1e-12,0.750167672702884,0.5921125764236269,0.5921125764236269,0.724356014605501,0.7243558694100476,0.7243558694100476
0,transfer,I,public_coverage,mlp,mlp,True,True,True,True,False,2048,"[1531,517]",True,validation_person_weighted,2984,2,"[0,1]",True,348390.0,"[2275,709]","[263229.0,85161.0]","[0.7555584259020064,0.24444157409799364]",True,True,"[true,true]",0.5050255239035807,1e-12,0.7664341686041505,0.591775473155236,0.591775473155236,0.7085058517964623,0.7085058517964622,0.7085058517964622
0,transfer,I,public_coverage,mlp,mlp,True,True,True,True,False,2048,"[1531,517]",True,development_evaluation_person_weighted,2982,2,"[0,1]",True,334141.0,"[2199,783]","[244261.0,89880.0]","[0.7310117585091324,0.26898824149086764]",True,True,"[true,true]",0.5227835939600485,1e-12,0.7408788505451291,0.5841567910569634,0.5841567910569634,0.7251877661906686,0.7251877428010438,0.7251877428010438
0,transfer,W,same_residence,logistic,logistic,False,False,True,False,False,2048,"[500,1548]",True,validation,2984,2,"[0,1]",False,2984.0,"[700,2284]","[700.0,2284.0]","[0.23458445040214476,0.7654155495978552]",True,True,"[true,true]",0.5207535338815036,1e-12,0.7546916890080428,0.528166124593445,0.528166124593445,0.6605938829121841,0.6605938829121842,0.6605938829121842
0,transfer,W,same_residence,logistic,logistic,False,False,True,False,False,2048,"[500,1548]",True,development_evaluation,2982,2,"[0,1]",False,2982.0,"[660,2322]","[660.0,2322.0]","[0.22132796780684105,0.778672032193159]",True,True,"[true,true]",0.5176594446552699,1e-12,0.7635814889336016,0.5217602380393078,0.5217602380393078,0.6303591470258137,0.6303591470258137,0.6303591470258137
0,transfer,W,same_residence,logistic,logistic,False,False,True,False,False,2048,"[500,1548]",True,validation_person_weighted,2984,2,"[0,1]",True,348390.0,"[700,2284]","[71960.0,276430.0]","[0.20655013060076352,0.7934498693992365]",True,True,"[true,true]",0.4842898183138943,1e-12,0.7821120009185109,0.5160551654213794,0.5160551654213794,0.6719784822194084,0.6719784822194084,0.6719784822194084
0,transfer,W,same_residence,logistic,logistic,False,False,True,False,False,2048,"[500,1548]",True,development_evaluation_person_weighted,2982,2,"[0,1]",True,334141.0,"[660,2322]","[69119.0,265022.0]","[0.20685578842464708,0.793144211575353]",True,True,"[true,true]",0.49933431249763943,1e-12,0.7850338629500719,0.5175008011322438,0.5175008011322438,0.6239977616274972,0.6239977616274972,0.6239977616274972
0,transfer,W,same_residence,mlp,mlp,True,True,True,True,False,2048,"[500,1548]",True,validation,2984,2,"[0,1]",False,2984.0,"[700,2284]","[700.0,2284.0]","[0.23458445040214476,0.7654155495978552]",True,True,"[true,true]",0.5113823930641552,1e-12,0.7623994638069705,0.5594558418814111,0.5594558418814111,0.6848114210657993,0.6848114210657994,0.6848114210657994
0,transfer,W,same_residence,mlp,mlp,True,True,True,True,False,2048,"[500,1548]",True,development_evaluation,2982,2,"[0,1]",False,2982.0,"[660,2322]","[660.0,2322.0]","[0.22132796780684105,0.778672032193159]",True,True,"[true,true]",0.49993977892189057,1e-12,0.7706237424547284,0.5458029911518284,0.5458029911518284,0.6762136872601989,0.6762136872601989,0.6762136872601989
0,transfer,W,same_residence,mlp,mlp,True,True,True,True,False,2048,"[500,1548]",True,validation_person_weighted,2984,2,"[0,1]",True,348390.0,"[700,2284]","[71960.0,276430.0]","[0.20655013060076352,0.7934498693992365]",True,True,"[true,true]",0.4708177517840232,1e-12,0.7935273687534086,0.5568611842402528,0.5568611842402528,0.7009755433753678,0.7009755433753678,0.7009755433753678
0,transfer,W,same_residence,mlp,mlp,True,True,True,True,False,2048,"[500,1548]",True,development_evaluation_person_weighted,2982,2,"[0,1]",True,334141.0,"[660,2322]","[69119.0,265022.0]","[0.20685578842464708,0.793144211575353]",True,True,"[true,true]",0.48107597592669976,1e-12,0.7898940866281001,0.542659597219048,0.542659597219048,0.6727922954273453,0.6727922954273453,0.6727922954273453
0,transfer,W,commute_over20,logistic,logistic,True,True,True,False,False,2048,"[997,1051]",True,validation,1984,2,"[0,1]",False,1984.0,"[1009,975]","[1009.0,975.0]","[0.5085685483870968,0.49143145161290325]",True,True,"[true,true]",0.6741174911895543,1e-12,0.5670362903225806,0.568472974003202,0.568472974003202,0.6012904373459378,0.6012904373459378,0.6012904373459378
0,transfer,W,commute_over20,logistic,logistic,True,True,True,False,False,2048,"[997,1051]",True,development_evaluation,1971,2,"[0,1]",False,1971.0,"[959,1012]","[959.0,1012.0]","[0.4865550481988838,0.5134449518011162]",True,True,"[true,true]",0.6890228210217564,1e-12,0.556570268899036,0.5531366047472045,0.5531366047472045,0.5659108425690463,0.5659108425690463,0.5659108425690463
0,transfer,W,commute_over20,logistic,logistic,True,True,True,False,False,2048,"[997,1051]",True,validation_person_weighted,1984,2,"[0,1]",True,233729.0,"[1009,975]","[118499.0,115230.0]","[0.5069931416298362,0.4930068583701637]",True,True,"[true,true]",0.6756655553129451,1e-12,0.5661599544771937,0.5673892300712082,0.5673892300712082,0.600612513229267,0.600612513229267,0.600612513229267
0,transfer,W,commute_over20,logistic,logistic,True,True,True,False,False,2048,"[997,1051]",True,development_evaluation_person_weighted,1971,2,"[0,1]",True,226551.0,"[959,1012]","[110010.0,116541.0]","[0.48558602698730086,0.5144139730126991]",True,True,"[true,true]",0.6881838362628848,1e-12,0.5610127520955547,0.5571027605479328,0.5571027605479328,0.5666748830434667,0.5666748830434667,0.5666748830434667
0,transfer,W,commute_over20,mlp,mlp,False,False,True,True,False,2048,"[997,1051]",True,validation,1984,2,"[0,1]",False,1984.0,"[1009,975]","[1009.0,975.0]","[0.5085685483870968,0.49143145161290325]",True,True,"[true,true]",0.6746667497361162,1e-12,0.5655241935483871,0.5669863535869482,0.5669863535869482,0.6033285049935199,0.6033285049935199,0.6033285049935199
0,transfer,W,commute_over20,mlp,mlp,False,False,True,True,False,2048,"[997,1051]",True,development_evaluation,1971,2,"[0,1]",False,1971.0,"[959,1012]","[959.0,1012.0]","[0.4865550481988838,0.5134449518011162]",True,True,"[true,true]",0.6889905853330042,1e-12,0.5555555555555556,0.5521757677422545,0.5521757677422545,0.5669556562130348,0.5669566866012439,0.5669566866012439
0,transfer,W,commute_over20,mlp,mlp,False,False,True,True,False,2048,"[997,1051]",True,validation_person_weighted,1984,2,"[0,1]",True,233729.0,"[1009,975]","[118499.0,115230.0]","[0.5069931416298362,0.4930068583701637]",True,True,"[true,true]",0.6735928418444908,1e-12,0.5732365260622345,0.5744224173333867,0.5744224173333867,0.6067241222797926,0.6067241222797926,0.6067241222797926
0,transfer,W,commute_over20,mlp,mlp,False,False,True,True,False,2048,"[997,1051]",True,development_evaluation_person_weighted,1971,2,"[0,1]",True,226551.0,"[959,1012]","[110010.0,116541.0]","[0.48558602698730086,0.5144139730126991]",True,True,"[true,true]",0.6883836144304759,1e-12,0.5582054371863289,0.5547936075155654,0.5547936075155654,0.567456086192264,0.5674572214678665,0.5674572214678665
0,transfer,W,income_binary,logistic,logistic,True,True,True,True,False,2048,"[1652,396]",True,validation,2984,2,"[0,1]",False,2984.0,"[2434,550]","[2434.0,550.0]","[0.8156836461126006,0.18431635388739948]",True,True,"[true,true]",0.2906022109827783,1e-12,0.8652815013404825,0.7485396279973109,0.7485396279973109,0.9042690670053037,0.9042690670053037,0.9042690670053037
0,transfer,W,income_binary,logistic,logistic,True,True,True,True,False,2048,"[1652,396]",True,development_evaluation,2982,2,"[0,1]",False,2982.0,"[2439,543]","[2439.0,543.0]","[0.817907444668008,0.18209255533199195]",True,True,"[true,true]",0.2935126019087595,1e-12,0.8682092555331992,0.7347556624737518,0.7347556624737518,0.899405531808541,0.8994055318085409,0.8994055318085409
0,transfer,W,income_binary,logistic,logistic,True,True,True,True,False,2048,"[1652,396]",True,validation_person_weighted,2984,2,"[0,1]",True,348390.0,"[2434,550]","[288007.0,60383.0]","[0.8266798702603404,0.17332012973965957]",True,True,"[true,true]",0.27559087387996756,1e-12,0.8713482017279486,0.7359599988126568,0.7359599988126568,0.908636453487829,0.9086364534878288,0.9086364534878288
0,transfer,W,income_binary,logistic,logistic,True,True,True,True,False,2048,"[1652,396]",True,development_evaluation_person_weighted,2982,2,"[0,1]",True,334141.0,"[2439,543]","[273575.0,60566.0]","[0.8187411900963965,0.18125880990360357]",True,True,"[true,true]",0.2999368851883348,1e-12,0.8633271582954501,0.7168357416117173,0.7168357416117173,0.8925173655266346,0.8925173655266346,0.8925173655266346
0,transfer,W,income_binary,mlp,mlp,False,False,True,False,False,2048,"[1652,396]",True,validation,2984,2,"[0,1]",False,2984.0,"[2434,550]","[2434.0,550.0]","[0.8156836461126006,0.18431635388739948]",True,True,"[true,true]",0.29603212643620597,1e-12,0.8652815013404825,0.7668349891685964,0.7668349891685964,0.9010853813401061,0.9010853813401061,0.9010853813401061
0,transfer,W,income_binary,mlp,mlp,False,False,True,False,False,2048,"[1652,396]",True,development_evaluation,2982,2,"[0,1]",False,2982.0,"[2439,543]","[2439.0,543.0]","[0.817907444668008,0.18209255533199195]",True,True,"[true,true]",0.29975411757127796,1e-12,0.8655264922870557,0.754589893965238,0.754589893965238,0.8962863293457981,0.8962863293457981,0.8962863293457981
0,transfer,W,income_binary,mlp,mlp,False,False,True,False,False,2048,"[1652,396]",True,validation_person_weighted,2984,2,"[0,1]",True,348390.0,"[2434,550]","[288007.0,60383.0]","[0.8266798702603404,0.17332012973965957]",True,True,"[true,true]",0.27912683205822236,1e-12,0.8721289359625707,0.7562944859497789,0.7562944859497789,0.9062720911035402,0.9062720911035402,0.9062720911035402
0,transfer,W,income_binary,mlp,mlp,False,False,True,False,False,2048,"[1652,396]",True,development_evaluation_person_weighted,2982,2,"[0,1]",True,334141.0,"[2439,543]","[273575.0,60566.0]","[0.8187411900963965,0.18125880990360357]",True,True,"[true,true]",0.3085087068376042,1e-12,0.8555190772757608,0.7304187783312561,0.7304187783312561,0.8881173984295678,0.8881173984295678,0.8881173984295678
0,transfer,W,civilian_at_work,logistic,logistic,False,False,True,True,False,2048,"[665,1383]",True,validation,2984,2,"[0,1]",False,2984.0,"[981,2003]","[981.0,2003.0]","[0.32875335120643434,0.6712466487935657]",True,True,"[true,true]",0.30092104846335427,1e-12,0.8930965147453083,0.846772908934254,0.846772908934254,0.8884489270172214,0.8884489270172214,0.8884489270172214
0,transfer,W,civilian_at_work,logistic,logistic,False,False,True,True,False,2048,"[665,1383]",True,development_evaluation,2982,2,"[0,1]",False,2982.0,"[972,2010]","[972.0,2010.0]","[0.32595573440643866,0.6740442655935613]",True,True,"[true,true]",0.27371996332193693,1e-12,0.9061032863849765,0.864202137460844,0.864202137460844,0.9026580062649714,0.9026580062649714,0.9026580062649714
0,transfer,W,civilian_at_work,logistic,logistic,False,False,True,True,False,2048,"[665,1383]",True,validation_person_weighted,2984,2,"[0,1]",True,348390.0,"[981,2003]","[112512.0,235878.0]","[0.3229484198742788,0.6770515801257212]",True,True,"[true,true]",0.29601573723069663,1e-12,0.8992307471511811,0.8496008714541781,0.8496008714541781,0.8841139921302884,0.8841139921302885,0.8841139921302885
0,transfer,W,civilian_at_work,logistic,logistic,False,False,True,True,False,2048,"[665,1383]",True,development_evaluation_person_weighted,2982,2,"[0,1]",True,334141.0,"[972,2010]","[100734.0,233407.0]","[0.3014715344719744,0.6985284655280256]",True,True,"[true,true]",0.2567099556339243,1e-12,0.9172744440221343,0.8686683750023494,0.8686683750023494,0.90396159280982,0.90396159280982,0.90396159280982
0,transfer,W,civilian_at_work,mlp,mlp,True,True,True,False,False,2048,"[665,1383]",True,validation,2984,2,"[0,1]",False,2984.0,"[981,2003]","[981.0,2003.0]","[0.32875335120643434,0.6712466487935657]",True,True,"[true,true]",0.3001006345980242,1e-12,0.8907506702412868,0.8434651793970613,0.8434651793970613,0.8871827325271013,0.8871827325271013,0.8871827325271013
0,transfer,W,civilian_at_work,mlp,mlp,True,True,True,False,False,2048,"[665,1383]",True,development_evaluation,2982,2,"[0,1]",False,2982.0,"[972,2010]","[972.0,2010.0]","[0.32595573440643866,0.6740442655935613]",True,True,"[true,true]",0.27193229279811426,1e-12,0.9081153588195842,0.8659603218475524,0.8659603218475524,0.9022787298077515,0.9022787298077514,0.9022787298077514
0,transfer,W,civilian_at_work,mlp,mlp,True,True,True,False,False,2048,"[665,1383]",True,validation_person_weighted,2984,2,"[0,1]",True,348390.0,"[981,2003]","[112512.0,235878.0]","[0.3229484198742788,0.6770515801257212]",True,True,"[true,true]",0.29514739470547213,1e-12,0.8968081747466919,0.8460244777105663,0.8460244777105663,0.8828256102007009,0.882825610200701,0.882825610200701
0,transfer,W,civilian_at_work,mlp,mlp,True,True,True,False,False,2048,"[665,1383]",True,development_evaluation_person_weighted,2982,2,"[0,1]",True,334141.0,"[972,2010]","[100734.0,233407.0]","[0.3014715344719744,0.6985284655280256]",True,True,"[true,true]",0.25623684217229686,1e-12,0.9196746283754463,0.8707447201214696,0.8707447201214696,0.9025534595247685,0.9025534595247684,0.9025534595247684
0,transfer,W,public_coverage,logistic,logistic,False,False,True,False,False,2048,"[1531,517]",True,validation,2984,2,"[0,1]",False,2984.0,"[2275,709]","[2275.0,709.0]","[0.7623994638069705,0.23760053619302948]",True,True,"[true,true]",0.47894017624314555,1e-12,0.785857908847185,0.5988800198391172,0.5988800198391172,0.7364881662766007,0.7364881662766007,0.7364881662766007
0,transfer,W,public_coverage,logistic,logistic,False,False,True,False,False,2048,"[1531,517]",True,development_evaluation,2982,2,"[0,1]",False,2982.0,"[2199,783]","[2199.0,783.0]","[0.7374245472837022,0.2625754527162978]",True,True,"[true,true]",0.504036410101404,1e-12,0.7608987256874581,0.5919871275518827,0.5919871275518827,0.7366174802548704,0.7366174802548704,0.7366174802548704
0,transfer,W,public_coverage,logistic,logistic,False,False,True,False,False,2048,"[1531,517]",True,validation_person_weighted,2984,2,"[0,1]",True,348390.0,"[2275,709]","[263229.0,85161.0]","[0.7555584259020064,0.24444157409799364]",True,True,"[true,true]",0.4973611926486236,1e-12,0.7740635494704211,0.5875741139742103,0.5875741139742103,0.7201566268509471,0.7201566268509471,0.7201566268509471
0,transfer,W,public_coverage,logistic,logistic,False,False,True,False,False,2048,"[1531,517]",True,development_evaluation_person_weighted,2982,2,"[0,1]",True,334141.0,"[2199,783]","[244261.0,89880.0]","[0.7310117585091324,0.26898824149086764]",True,True,"[true,true]",0.5109030019794505,1e-12,0.7485911636105715,0.5771786884035691,0.5771786884035691,0.737860241488205,0.737860241488205,0.737860241488205
0,transfer,W,public_coverage,mlp,mlp,True,True,True,True,False,2048,"[1531,517]",True,validation,2984,2,"[0,1]",False,2984.0,"[2275,709]","[2275.0,709.0]","[0.7623994638069705,0.23760053619302948]",True,True,"[true,true]",0.4784554503286502,1e-12,0.7825067024128687,0.6039637936111842,0.6039637936111842,0.7370027433779198,0.7370027433779198,0.7370027433779198
0,transfer,W,public_coverage,mlp,mlp,True,True,True,True,False,2048,"[1531,517]",True,development_evaluation,2982,2,"[0,1]",False,2982.0,"[2199,783]","[2199.0,783.0]","[0.7374245472837022,0.2625754527162978]",True,True,"[true,true]",0.507909959941632,1e-12,0.755533199195171,0.595750593704209,0.595750593704209,0.7336398118963863,0.7336398118963863,0.7336398118963863
0,transfer,W,public_coverage,mlp,mlp,True,True,True,True,False,2048,"[1531,517]",True,validation_person_weighted,2984,2,"[0,1]",True,348390.0,"[2275,709]","[263229.0,85161.0]","[0.7555584259020064,0.24444157409799364]",True,True,"[true,true]",0.4960832269535864,1e-12,0.7742501219897242,0.6028140435225671,0.6028140435225671,0.7206417631876418,0.7206417631876418,0.7206417631876418
0,transfer,W,public_coverage,mlp,mlp,True,True,True,True,False,2048,"[1531,517]",True,development_evaluation_person_weighted,2982,2,"[0,1]",True,334141.0,"[2199,783]","[244261.0,89880.0]","[0.7310117585091324,0.26898824149086764]",True,True,"[true,true]",0.5148578493020489,1e-12,0.7455565165603742,0.5839387029166695,0.5839387029166695,0.7328467978698259,0.7328467978698259,0.7328467978698259
0,transfer,C_init,same_residence,logistic,logistic,False,False,True,False,False,2048,"[500,1548]",True,validation,2984,2,"[0,1]",False,2984.0,"[700,2284]","[700.0,2284.0]","[0.23458445040214476,0.7654155495978552]",True,True,"[true,true]",0.5239598730265973,1e-12,0.7570375335120644,0.5277170377783338,0.5277170377783338,0.6541108956717538,0.6541108956717538,0.6541108956717538
0,transfer,C_init,same_residence,logistic,logistic,False,False,True,False,False,2048,"[500,1548]",True,development_evaluation,2982,2,"[0,1]",False,2982.0,"[660,2322]","[660.0,2322.0]","[0.22132796780684105,0.778672032193159]",True,True,"[true,true]",0.5165472449395543,1e-12,0.7696177062374245,0.5250939628846606,0.5250939628846606,0.6357483099731163,0.6357483099731163,0.6357483099731163
0,transfer,C_init,same_residence,logistic,logistic,False,False,True,False,False,2048,"[500,1548]",True,validation_person_weighted,2984,2,"[0,1]",True,348390.0,"[700,2284]","[71960.0,276430.0]","[0.20655013060076352,0.7934498693992365]",True,True,"[true,true]",0.4868636756596522,1e-12,0.7858319699187692,0.517546177633645,0.517546177633645,0.6638109118449945,0.6638109118449946,0.6638109118449946
0,transfer,C_init,same_residence,logistic,logistic,False,False,True,False,False,2048,"[500,1548]",True,development_evaluation_person_weighted,2982,2,"[0,1]",True,334141.0,"[660,2322]","[69119.0,265022.0]","[0.20685578842464708,0.793144211575353]",True,True,"[true,true]",0.49781248482723617,1e-12,0.7870479827378263,0.5158295112236185,0.5158295112236185,0.6292210093889017,0.6292210093889017,0.6292210093889017
0,transfer,C_init,same_residence,mlp,mlp,True,True,True,True,False,2048,"[500,1548]",True,validation,2984,2,"[0,1]",False,2984.0,"[700,2284]","[700.0,2284.0]","[0.23458445040214476,0.7654155495978552]",True,True,"[true,true]",0.5133582431895602,1e-12,0.7650804289544236,0.573591443582687,0.573591443582687,0.6819536527395547,0.6819536527395547,0.6819536527395547
0,transfer,C_init,same_residence,mlp,mlp,True,True,True,True,False,2048,"[500,1548]",True,development_evaluation,2982,2,"[0,1]",False,2982.0,"[660,2322]","[660.0,2322.0]","[0.22132796780684105,0.778672032193159]",True,True,"[true,true]",0.498125046290993,1e-12,0.7712944332662642,0.5619587346331533,0.5619587346331533,0.6797350116148566,0.6797351747448647,0.6797351747448647
0,transfer,C_init,same_residence,mlp,mlp,True,True,True,True,False,2048,"[500,1548]",True,validation_person_weighted,2984,2,"[0,1]",True,348390.0,"[700,2284]","[71960.0,276430.0]","[0.20655013060076352,0.7934498693992365]",True,True,"[true,true]",0.47376367693323596,1e-12,0.7959843853153076,0.5751540802823549,0.5751540802823549,0.6922773876614761,0.6922773876614761,0.6922773876614761
0,transfer,C_init,same_residence,mlp,mlp,True,True,True,True,False,2048,"[500,1548]",True,development_evaluation_person_weighted,2982,2,"[0,1]",True,334141.0,"[660,2322]","[69119.0,265022.0]","[0.20685578842464708,0.793144211575353]",True,True,"[true,true]",0.48097448401081827,1e-12,0.7936739280722809,0.5624584607864029,0.5624584607864029,0.6701802569011067,0.6701807568995886,0.6701807568995886
0,transfer,C_init,commute_over20,logistic,logistic,True,True,True,False,False,2048,"[997,1051]",True,validation,1984,2,"[0,1]",False,1984.0,"[1009,975]","[1009.0,975.0]","[0.5085685483870968,0.49143145161290325]",True,True,"[true,true]",0.6736888978594026,1e-12,0.5700604838709677,0.571549897080125,0.571549897080125,0.6039495819674214,0.6039495819674214,0.6039495819674214
0,transfer,C_init,commute_over20,logistic,logistic,True,True,True,False,False,2048,"[997,1051]",True,development_evaluation,1971,2,"[0,1]",False,1971.0,"[959,1012]","[959.0,1012.0]","[0.4865550481988838,0.5134449518011162]",True,True,"[true,true]",0.6878977068350739,1e-12,0.5550481988838153,0.5515178648707687,0.5515178648707687,0.5692503307546152,0.5692503307546152,0.5692503307546152
0,transfer,C_init,commute_over20,logistic,logistic,True,True,True,False,False,2048,"[997,1051]",True,validation_person_weighted,1984,2,"[0,1]",True,233729.0,"[1009,975]","[118499.0,115230.0]","[0.5069931416298362,0.4930068583701637]",True,True,"[true,true]",0.6755079454052891,1e-12,0.5738825734076645,0.5751773411668699,0.5751773411668699,0.602570556608686,0.602570556608686,0.602570556608686
0,transfer,C_init,commute_over20,logistic,logistic,True,True,True,False,False,2048,"[997,1051]",True,development_evaluation_person_weighted,1971,2,"[0,1]",True,226551.0,"[959,1012]","[110010.0,116541.0]","[0.48558602698730086,0.5144139730126991]",True,True,"[true,true]",0.6865519396625263,1e-12,0.5570931048638055,0.5531767967129276,0.5531767967129276,0.5725704555139346,0.5725704555139346,0.5725704555139346
0,transfer,C_init,commute_over20,mlp,mlp,False,False,True,True,False,2048,"[997,1051]",True,validation,1984,2,"[0,1]",False,1984.0,"[1009,975]","[1009.0,975.0]","[0.5085685483870968,0.49143145161290325]",True,True,"[true,true]",0.6745147456003432,1e-12,0.577116935483871,0.5779344870524257,0.5779344870524257,0.6050565424004473,0.6050565424004473,0.6050565424004473
0,transfer,C_init,commute_over20,mlp,mlp,False,False,True,True,False,2048,"[997,1051]",True,development_evaluation,1971,2,"[0,1]",False,1971.0,"[959,1012]","[959.0,1012.0]","[0.4865550481988838,0.5134449518011162]",True,True,"[true,true]",0.6891110621190462,1e-12,0.5494672754946728,0.54750295721416,0.54750295721416,0.5630875788762174,0.5630875788762173,0.5630875788762173
0,transfer,C_init,commute_over20,mlp,mlp,False,False,True,True,False,2048,"[997,1051]",True,validation_person_weighted,1984,2,"[0,1]",True,233729.0,"[1009,975]","[118499.0,115230.0]","[0.5069931416298362,0.4930068583701637]",True,True,"[true,true]",0.6744699979894034,1e-12,0.5830513115616804,0.5836106829056246,0.5836106829056246,0.606408866288239,0.606408866288239,0.606408866288239
0,transfer,C_init,commute_over20,mlp,mlp,False,False,True,True,False,2048,"[997,1051]",True,development_evaluation_person_weighted,1971,2,"[0,1]",True,226551.0,"[959,1012]","[110010.0,116541.0]","[0.48558602698730086,0.5144139730126991]",True,True,"[true,true]",0.6887002086281756,1e-12,0.5486844021875869,0.5464710673538532,0.5464710673538532,0.5634209696055319,0.5634209696055319,0.5634209696055319
0,transfer,C_init,income_binary,logistic,logistic,True,True,True,True,False,2048,"[1652,396]",True,validation,2984,2,"[0,1]",False,2984.0,"[2434,550]","[2434.0,550.0]","[0.8156836461126006,0.18431635388739948]",True,True,"[true,true]",0.29232335255696923,1e-12,0.8646112600536193,0.7446104429670576,0.7446104429670576,0.9038238589676552,0.9038238589676552,0.9038238589676552
0,transfer,C_init,income_binary,logistic,logistic,True,True,True,True,False,2048,"[1652,396]",True,development_evaluation,2982,2,"[0,1]",False,2982.0,"[2439,543]","[2439.0,543.0]","[0.817907444668008,0.18209255533199195]",True,True,"[true,true]",0.2979838583801506,1e-12,0.8668678739101274,0.7346514625367249,0.7346514625367249,0.8960235642872082,0.8960235642872083,0.8960235642872083
0,transfer,C_init,income_binary,logistic,logistic,True,True,True,True,False,2048,"[1652,396]",True,validation_person_weighted,2984,2,"[0,1]",True,348390.0,"[2434,550]","[288007.0,60383.0]","[0.8266798702603404,0.17332012973965957]",True,True,"[true,true]",0.2759709873164073,1e-12,0.872028473836792,0.7355861182601493,0.7355861182601493,0.9092836567477304,0.9092836567477303,0.9092836567477303
0,transfer,C_init,income_binary,logistic,logistic,True,True,True,True,False,2048,"[1652,396]",True,development_evaluation_person_weighted,2982,2,"[0,1]",True,334141.0,"[2439,543]","[273575.0,60566.0]","[0.8187411900963965,0.18125880990360357]",True,True,"[true,true]",0.3045896612802072,1e-12,0.8608850754621552,0.7167906332764199,0.7167906332764199,0.8888378149648409,0.8888378149648409,0.8888378149648409
0,transfer,C_init,income_binary,mlp,mlp,False,False,True,False,False,2048,"[1652,396]",True,validation,2984,2,"[0,1]",False,2984.0,"[2434,550]","[2434.0,550.0]","[0.8156836461126006,0.18431635388739948]",True,True,"[true,true]",0.2969121780098889,1e-12,0.8642761394101877,0.7676260551281093,0.7676260551281093,0.9007350414581311,0.9007352282064689,0.9007352282064689
0,transfer,C_init,income_binary,mlp,mlp,False,False,True,False,False,2048,"[1652,396]",True,development_evaluation,2982,2,"[0,1]",False,2982.0,"[2439,543]","[2439.0,543.0]","[0.817907444668008,0.18209255533199195]",True,True,"[true,true]",0.3043059456377125,1e-12,0.8651911468812877,0.7572481249674375,0.7572481249674375,0.8928590575040187,0.8928590575040187,0.8928590575040187
0,transfer,C_init,income_binary,mlp,mlp,False,False,True,False,False,2048,"[1652,396]",True,validation_person_weighted,2984,2,"[0,1]",True,348390.0,"[2434,550]","[288007.0,60383.0]","[0.8266798702603404,0.17332012973965957]",True,True,"[true,true]",0.27903650385027884,1e-12,0.873061798559086,0.7591623397442089,0.7591623397442089,0.9067408038922304,0.9067408408947094,0.9067408408947094
0,transfer,C_init,income_binary,mlp,mlp,False,False,True,False,False,2048,"[1652,396]",True,development_evaluation_person_weighted,2982,2,"[0,1]",True,334141.0,"[2439,543]","[273575.0,60566.0]","[0.8187411900963965,0.18125880990360357]",True,True,"[true,true]",0.31414641418644684,1e-12,0.8562493079268931,0.7367461666080679,0.7367461666080679,0.8834205657376243,0.8834205657376243,0.8834205657376243
0,transfer,C_init,civilian_at_work,logistic,logistic,False,False,True,True,False,2048,"[665,1383]",True,validation,2984,2,"[0,1]",False,2984.0,"[981,2003]","[981.0,2003.0]","[0.32875335120643434,0.6712466487935657]",True,True,"[true,true]",0.30293035438926075,1e-12,0.8920911528150134,0.8457639738150166,0.8457639738150166,0.8858534318807212,0.8858534318807212,0.8858534318807212
0,transfer,C_init,civilian_at_work,logistic,logistic,False,False,True,True,False,2048,"[665,1383]",True,development_evaluation,2982,2,"[0,1]",False,2982.0,"[972,2010]","[972.0,2010.0]","[0.32595573440643866,0.6740442655935613]",True,True,"[true,true]",0.2767020605252816,1e-12,0.903755868544601,0.8606013144155764,0.8606013144155764,0.9007636713551583,0.9007636713551583,0.9007636713551583
0,transfer,C_init,civilian_at_work,logistic,logistic,False,False,True,True,False,2048,"[665,1383]",True,validation_person_weighted,2984,2,"[0,1]",True,348390.0,"[981,2003]","[112512.0,235878.0]","[0.3229484198742788,0.6770515801257212]",True,True,"[true,true]",0.29786330596654936,1e-12,0.8984213094520509,0.8489310536648826,0.8489310536648826,0.8808707728408047,0.8808707728408047,0.8808707728408047
0,transfer,C_init,civilian_at_work,logistic,logistic,False,False,True,True,False,2048,"[665,1383]",True,development_evaluation_person_weighted,2982,2,"[0,1]",True,334141.0,"[972,2010]","[100734.0,233407.0]","[0.3014715344719744,0.6985284655280256]",True,True,"[true,true]",0.2598485977307529,1e-12,0.9158139827198698,0.8663336170880167,0.8663336170880167,0.9008433776288718,0.9008433776288718,0.9008433776288718
0,transfer,C_init,civilian_at_work,mlp,mlp,True,True,True,False,False,2048,"[665,1383]",True,validation,2984,2,"[0,1]",False,2984.0,"[981,2003]","[981.0,2003.0]","[0.32875335120643434,0.6712466487935657]",True,True,"[true,true]",0.3018480213699085,1e-12,0.892426273458445,0.8454934825081439,0.8454934825081439,0.884751109828631,0.8847511098286311,0.8847511098286311
0,transfer,C_init,civilian_at_work,mlp,mlp,True,True,True,False,False,2048,"[665,1383]",True,development_evaluation,2982,2,"[0,1]",False,2982.0,"[972,2010]","[972.0,2010.0]","[0.32595573440643866,0.6740442655935613]",True,True,"[true,true]",0.27259350661973436,1e-12,0.9081153588195842,0.8659603218475524,0.8659603218475524,0.9021476977253651,0.9021476977253651,0.9021476977253651
0,transfer,C_init,civilian_at_work,mlp,mlp,True,True,True,False,False,2048,"[665,1383]",True,validation_person_weighted,2984,2,"[0,1]",True,348390.0,"[981,2003]","[112512.0,235878.0]","[0.3229484198742788,0.6770515801257212]",True,True,"[true,true]",0.29670034709590826,1e-12,0.8977180745716008,0.8473960286451155,0.8473960286451155,0.8795486586515227,0.8795486586515227,0.8795486586515227
0,transfer,C_init,civilian_at_work,mlp,mlp,True,True,True,False,False,2048,"[665,1383]",True,development_evaluation_person_weighted,2982,2,"[0,1]",True,334141.0,"[972,2010]","[100734.0,233407.0]","[0.3014715344719744,0.6985284655280256]",True,True,"[true,true]",0.25699265365193863,1e-12,0.9197344833468506,0.8715944803025548,0.8715944803025548,0.9011687392422034,0.9011687392422034,0.9011687392422034
0,transfer,C_init,public_coverage,logistic,logistic,False,False,True,True,False,2048,"[1531,517]",True,validation,2984,2,"[0,1]",False,2984.0,"[2275,709]","[2275.0,709.0]","[0.7623994638069705,0.23760053619302948]",True,True,"[true,true]",0.482870786643784,1e-12,0.7831769436997319,0.594694586090919,0.594694586090919,0.7327906508160387,0.7327906508160387,0.7327906508160387
0,transfer,C_init,public_coverage,logistic,logistic,False,False,True,True,False,2048,"[1531,517]",True,development_evaluation,2982,2,"[0,1]",False,2982.0,"[2199,783]","[2199.0,783.0]","[0.7374245472837022,0.2625754527162978]",True,True,"[true,true]",0.5074277556652401,1e-12,0.7572099262240107,0.5853740554309779,0.5853740554309779,0.7327256613217317,0.7327256613217317,0.7327256613217317
0,transfer,C_init,public_coverage,logistic,logistic,False,False,True,True,False,2048,"[1531,517]",True,validation_person_weighted,2984,2,"[0,1]",True,348390.0,"[2275,709]","[263229.0,85161.0]","[0.7555584259020064,0.24444157409799364]",True,True,"[true,true]",0.5022932418095016,1e-12,0.7715003300898419,0.583208859404629,0.583208859404629,0.7163206673971296,0.7163206673971296,0.7163206673971296
0,transfer,C_init,public_coverage,logistic,logistic,False,False,True,True,False,2048,"[1531,517]",True,development_evaluation_person_weighted,2982,2,"[0,1]",True,334141.0,"[2199,783]","[244261.0,89880.0]","[0.7310117585091324,0.26898824149086764]",True,True,"[true,true]",0.515522162721642,1e-12,0.7466069713085195,0.5716093869606786,0.5716093869606786,0.7319804016234781,0.7319804016234781,0.7319804016234781
0,transfer,C_init,public_coverage,mlp,mlp,True,True,True,False,False,2048,"[1531,517]",True,validation,2984,2,"[0,1]",False,2984.0,"[2275,709]","[2275.0,709.0]","[0.7623994638069705,0.23760053619302948]",True,True,"[true,true]",0.4818725508153947,1e-12,0.7868632707774799,0.59662673011051,0.59662673011051,0.7319673274539282,0.7319673274539282,0.7319673274539282
0,transfer,C_init,public_coverage,mlp,mlp,True,True,True,False,False,2048,"[1531,517]",True,development_evaluation,2982,2,"[0,1]",False,2982.0,"[2199,783]","[2199.0,783.0]","[0.7374245472837022,0.2625754527162978]",True,True,"[true,true]",0.5078242297343979,1e-12,0.7572099262240107,0.5857852489550284,0.5857852489550284,0.7320356925271385,0.7320356925271385,0.7320356925271385
0,transfer,C_init,public_coverage,mlp,mlp,True,True,True,False,False,2048,"[1531,517]",True,validation_person_weighted,2984,2,"[0,1]",True,348390.0,"[2275,709]","[263229.0,85161.0]","[0.7555584259020064,0.24444157409799364]",True,True,"[true,true]",0.4979457263928351,1e-12,0.7772008381411636,0.5938046986669362,0.5938046986669362,0.7152422930700881,0.7152422930700881,0.7152422930700881
0,transfer,C_init,public_coverage,mlp,mlp,True,True,True,False,False,2048,"[1531,517]",True,development_evaluation_person_weighted,2982,2,"[0,1]",True,334141.0,"[2199,783]","[244261.0,89880.0]","[0.7310117585091324,0.26898824149086764]",True,True,"[true,true]",0.516215174230907,1e-12,0.7482230555364352,0.5774402419366662,0.5774402419366662,0.7288959023585755,0.7288959023585755,0.7288959023585755
0,audit,C_init,SEX,logistic,logistic,False,False,True,False,False,2993,"[1512,1481]",True,validation,2985,2,"[0,1]",False,2985.0,"[1541,1444]","[1541.0,1444.0]","[0.5162479061976549,0.4837520938023451]",True,True,"[true,true]",0.6675334893528732,1e-12,0.583249581239531,0.5832885434324224,0.5832885434324224,0.6265050305500081,0.626505030550008,0.626505030550008
0,audit,C_init,SEX,logistic,logistic,False,False,True,False,False,2993,"[1512,1481]",True,development_evaluation,2982,2,"[0,1]",False,2982.0,"[1534,1448]","[1534.0,1448.0]","[0.5144198524480215,0.48558014755197854]",True,True,"[true,true]",0.6739315828819632,1e-12,0.5838363514419852,0.5833834556678457,0.5833834556678457,0.6158361665958352,0.6158361665958352,0.6158361665958352
0,audit,C_init,SEX,logistic,logistic,False,False,True,False,False,2993,"[1512,1481]",True,validation_person_weighted,2985,2,"[0,1]",True,339532.0,"[1541,1444]","[181421.0,158111.0]","[0.5343266614045216,0.4656733385954785]",True,True,"[true,true]",0.6675616535823234,1e-12,0.5815504871411237,0.5816225962046216,0.5816225962046216,0.624221734571809,0.624221734571809,0.624221734571809
0,audit,C_init,SEX,logistic,logistic,False,False,True,False,False,2993,"[1512,1481]",True,development_evaluation_person_weighted,2982,2,"[0,1]",True,334141.0,"[1534,1448]","[173797.0,160344.0]","[0.520130723257547,0.47986927674245305]",True,True,"[true,true]",0.6769630241720952,1e-12,0.5801383248389153,0.5795062335104424,0.5795062335104424,0.6066874257086965,0.6066874257086965,0.6066874257086965
0,audit,C_init,SEX,mlp_0,mlp,False,False,False,False,False,2993,"[1512,1481]",True,validation,2985,2,"[0,1]",False,2985.0,"[1541,1444]","[1541.0,1444.0]","[0.5162479061976549,0.4837520938023451]",True,True,"[true,true]",0.6582533895197823,1e-12,0.6050251256281407,0.6046620894084318,0.6046620894084318,0.6475022065392655,0.6475022065392656,0.6475022065392656
0,audit,C_init,SEX,mlp_0,mlp,False,False,False,False,False,2993,"[1512,1481]",True,development_evaluation,2982,2,"[0,1]",False,2982.0,"[1534,1448]","[1534.0,1448.0]","[0.5144198524480215,0.48558014755197854]",True,True,"[true,true]",0.6601434291023457,1e-12,0.5975855130784709,0.5971731003335086,0.5971731003335086,0.6463291542711431,0.6463291542711431,0.6463291542711431
0,audit,C_init,SEX,mlp_0,mlp,False,False,False,False,False,2993,"[1512,1481]",True,validation_person_weighted,2985,2,"[0,1]",True,339532.0,"[1541,1444]","[181421.0,158111.0]","[0.5343266614045216,0.4656733385954785]",True,True,"[true,true]",0.6575777213510626,1e-12,0.6067734410894997,0.605750114711042,0.605750114711042,0.6465327208706042,0.6465327208706042,0.6465327208706042
0,audit,C_init,SEX,mlp_0,mlp,False,False,False,False,False,2993,"[1512,1481]",True,development_evaluation_person_weighted,2982,2,"[0,1]",True,334141.0,"[1534,1448]","[173797.0,160344.0]","[0.520130723257547,0.47986927674245305]",True,True,"[true,true]",0.663601312123641,1e-12,0.5948746187986509,0.5938372869532252,0.5938372869532252,0.6395378266581507,0.6395378266581507,0.6395378266581507
0,audit,C_init,SEX,mlp_1,mlp,True,True,True,False,False,2993,"[1512,1481]",True,validation,2985,2,"[0,1]",False,2985.0,"[1541,1444]","[1541.0,1444.0]","[0.5162479061976549,0.4837520938023451]",True,True,"[true,true]",0.6538122088125795,1e-12,0.6063651591289783,0.6062868842587017,0.6062868842587017,0.6537690476918072,0.6537690476918072,0.6537690476918072
0,audit,C_init,SEX,mlp_1,mlp,True,True,True,False,False,2993,"[1512,1481]",True,development_evaluation,2982,2,"[0,1]",False,2982.0,"[1534,1448]","[1534.0,1448.0]","[0.5144198524480215,0.48558014755197854]",True,True,"[true,true]",0.6582477031185273,1e-12,0.6032863849765259,0.6031400592103842,0.6031400592103842,0.6491928803474827,0.6491928803474827,0.6491928803474827
0,audit,C_init,SEX,mlp_1,mlp,True,True,True,False,False,2993,"[1512,1481]",True,validation_person_weighted,2985,2,"[0,1]",True,339532.0,"[1541,1444]","[181421.0,158111.0]","[0.5343266614045216,0.4656733385954785]",True,True,"[true,true]",0.651895819898491,1e-12,0.6104608696676602,0.6100279093323451,0.6100279093323451,0.6557629661795574,0.6557629661795574,0.6557629661795574
0,audit,C_init,SEX,mlp_1,mlp,True,True,True,False,False,2993,"[1512,1481]",True,development_evaluation_person_weighted,2982,2,"[0,1]",True,334141.0,"[1534,1448]","[173797.0,160344.0]","[0.520130723257547,0.47986927674245305]",True,True,"[true,true]",0.6596691311961996,1e-12,0.6091051382500202,0.6085243019819684,0.6085243019819684,0.6481114152770018,0.6481114152770018,0.6481114152770018
0,audit,C_init,SEX,hist_gb_20,histgb,False,False,False,False,False,2993,"[1512,1481]",True,validation,2985,2,"[0,1]",False,2985.0,"[1541,1444]","[1541.0,1444.0]","[0.5162479061976549,0.4837520938023451]",True,True,"[true,true]",0.6769785029619733,1e-12,0.5839195979899497,0.583959268453589,0.583959268453589,0.6389989412206701,0.63899894122067,0.63899894122067
0,audit,C_init,SEX,hist_gb_20,histgb,False,False,False,False,False,2993,"[1512,1481]",True,development_evaluation,2982,2,"[0,1]",False,2982.0,"[1534,1448]","[1534.0,1448.0]","[0.5144198524480215,0.48558014755197854]",True,True,"[true,true]",0.6803293957752002,1e-12,0.5918846411804158,0.592038562383398,0.592038562383398,0.6344096429368926,0.6344096429368926,0.6344096429368926
0,audit,C_init,SEX,hist_gb_20,histgb,False,False,False,False,False,2993,"[1512,1481]",True,validation_person_weighted,2985,2,"[0,1]",True,339532.0,"[1541,1444]","[181421.0,158111.0]","[0.5343266614045216,0.4656733385954785]",True,True,"[true,true]",0.6734736404187294,1e-12,0.5783755286688737,0.5783927835525606,0.5783927835525606,0.6365229457771664,0.6365229457771664,0.6365229457771664
0,audit,C_init,SEX,hist_gb_20,histgb,False,False,False,False,False,2993,"[1512,1481]",True,development_evaluation_person_weighted,2982,2,"[0,1]",True,334141.0,"[1534,1448]","[173797.0,160344.0]","[0.520130723257547,0.47986927674245305]",True,True,"[true,true]",0.6812707486048387,1e-12,0.5872760301788765,0.5871972962636164,0.5871972962636164,0.6276798760185065,0.6276798760185065,0.6276798760185065
0,audit,C_init,SEX,hist_gb_5,histgb,False,False,True,False,False,2993,"[1512,1481]",True,validation,2985,2,"[0,1]",False,2985.0,"[1541,1444]","[1541.0,1444.0]","[0.5162479061976549,0.4837520938023451]",True,True,"[true,true]",0.6762770183546264,1e-12,0.5855946398659967,0.5855380001114505,0.5855380001114505,0.638833563124999,0.6388335631249988,0.6388335631249988
0,audit,C_init,SEX,hist_gb_5,histgb,False,False,True,False,False,2993,"[1512,1481]",True,development_evaluation,2982,2,"[0,1]",False,2982.0,"[1534,1448]","[1534.0,1448.0]","[0.5144198524480215,0.48558014755197854]",True,True,"[true,true]",0.6872022267684053,1e-12,0.5828303152246814,0.5830444546089737,0.5830444546089737,0.624143943541242,0.6241439435412419,0.6241439435412419
0,audit,C_init,SEX,hist_gb_5,histgb,False,False,True,False,False,2993,"[1512,1481]",True,validation_person_weighted,2985,2,"[0,1]",True,339532.0,"[1541,1444]","[181421.0,158111.0]","[0.5343266614045216,0.4656733385954785]",True,True,"[true,true]",0.6754216240731978,1e-12,0.5846135268546117,0.5841682751796384,0.5841682751796384,0.6335596028039359,0.6335596028039359,0.6335596028039359
0,audit,C_init,SEX,hist_gb_5,histgb,False,False,True,False,False,2993,"[1512,1481]",True,development_evaluation_person_weighted,2982,2,"[0,1]",True,334141.0,"[1534,1448]","[173797.0,160344.0]","[0.520130723257547,0.47986927674245305]",True,True,"[true,true]",0.6917206977504378,1e-12,0.5751703622123594,0.5753738140793803,0.5753738140793803,0.6138834009598053,0.6138834009598053,0.6138834009598053
0,audit,C_init,SEX,catchup,catchup,False,False,True,True,False,2993,"[1512,1481]",True,validation,2985,2,"[0,1]",False,2985.0,"[1541,1444]","[1541.0,1444.0]","[0.5162479061976549,0.4837520938023451]",True,True,"[true,true]",0.6692463243188701,1e-12,0.6093802345058627,0.6095340022757464,0.6095340022757464,0.6568811219106203,0.6568811219106203,0.6568811219106203
0,audit,C_init,SEX,catchup,catchup,False,False,True,True,False,2993,"[1512,1481]",True,development_evaluation,2982,2,"[0,1]",False,2982.0,"[1534,1448]","[1534.0,1448.0]","[0.5144198524480215,0.48558014755197854]",True,True,"[true,true]",0.6803325699376076,1e-12,0.60261569416499,0.6026623963638198,0.6026623963638198,0.64653129434476,0.6465312943447601,0.6465312943447601
0,audit,C_init,SEX,catchup,catchup,False,False,True,True,False,2993,"[1512,1481]",True,validation_person_weighted,2985,2,"[0,1]",True,339532.0,"[1541,1444]","[181421.0,158111.0]","[0.5343266614045216,0.4656733385954785]",True,True,"[true,true]",0.6604983283778317,1e-12,0.6120601298257602,0.6122683908672357,0.6122683908672357,0.6623361921149911,0.6623361921149912,0.6623361921149912
0,audit,C_init,SEX,catchup,catchup,False,False,True,True,False,2993,"[1512,1481]",True,development_evaluation_person_weighted,2982,2,"[0,1]",True,334141.0,"[1534,1448]","[173797.0,160344.0]","[0.520130723257547,0.47986927674245305]",True,True,"[true,true]",0.6844762252601132,1e-12,0.589529569852248,0.5893822026960119,0.5893822026960119,0.6302838783057216,0.6302838783057216,0.6302838783057216
0,audit,C_init,SEX,saved_adversary,saved_adversary,False,False,True,False,True,0,,,validation,2985,2,"[0,1]",False,2985.0,"[1541,1444]","[1541.0,1444.0]","[0.5162479061976549,0.4837520938023451]",True,True,"[true,true]",0.6997237446048606,1e-12,0.5966499162479062,0.594152940584324,0.594152940584324,0.6391849915783002,0.6391849915783002,0.6391849915783002
0,audit,C_init,SEX,saved_adversary,saved_adversary,False,False,True,False,True,0,,,development_evaluation,2982,2,"[0,1]",False,2982.0,"[1534,1448]","[1534.0,1448.0]","[0.5144198524480215,0.48558014755197854]",True,True,"[true,true]",0.7203642962375214,1e-12,0.5855130784708249,0.5831353951320708,0.5831353951320708,0.6281464520590375,0.6281464520590375,0.6281464520590375
0,audit,C_init,SEX,saved_adversary,saved_adversary,False,False,True,False,True,0,,,validation_person_weighted,2985,2,"[0,1]",True,339532.0,"[1541,1444]","[181421.0,158111.0]","[0.5343266614045216,0.4656733385954785]",True,True,"[true,true]",0.6857970830971899,1e-12,0.6066143986428378,0.6005467335584248,0.6005467335584248,0.6474481195334378,0.6474481195334378,0.6474481195334378
0,audit,C_init,SEX,saved_adversary,saved_adversary,False,False,True,False,True,0,,,development_evaluation_person_weighted,2982,2,"[0,1]",True,334141.0,"[1534,1448]","[173797.0,160344.0]","[0.520130723257547,0.47986927674245305]",True,True,"[true,true]",0.7222594307780204,1e-12,0.5768103884288369,0.5729654889942285,0.5729654889942285,0.6136466395570266,0.6136466395570266,0.6136466395570266
0,audit,C_init,RAC1P,logistic,logistic,False,False,True,False,False,2993,"[1704,173,17,0,4,461,22,424,188]",False,validation,2985,9,"[0,1,2,3,4,5,6,7,8]",False,2985.0,"[1737,144,18,0,11,468,16,409,182]","[1737.0,144.0,18.0,0.0,11.0,468.0,16.0,409.0,182.0]","[0.5819095477386935,0.04824120603015075,0.006030150753768844,0.0,0.0036850921273031824,0.15678391959798996,0.005360134003350084,0.13701842546063653,0.060971524288107204]",False,False,"[true,true,true,false,true,true,true,true,true]",1.2430128335505968,1e-12,0.5876046901172529,,0.14628901679977618,,,0.5393502664237021
0,audit,C_init,RAC1P,logistic,logistic,False,False,True,False,False,2993,"[1704,173,17,0,4,461,22,424,188]",False,development_evaluation,2982,9,"[0,1,2,3,4,5,6,7,8]",False,2982.0,"[1685,130,22,0,9,486,7,465,178]","[1685.0,130.0,22.0,0.0,9.0,486.0,7.0,465.0,178.0]","[0.5650570087189806,0.043594902749832326,0.007377598926894702,0.0,0.0030181086519114686,0.16297786720321933,0.002347417840375587,0.15593561368209255,0.059691482226693494]",False,False,"[true,true,true,false,true,true,true,true,true]",1.2376902322878205,1e-12,0.5707578806170356,,0.14546447468618107,,,0.5870484684425019
0,audit,C_init,RAC1P,logistic,logistic,False,False,True,False,False,2993,"[1704,173,17,0,4,461,22,424,188]",False,validation_person_weighted,2985,9,"[0,1,2,3,4,5,6,7,8]",True,339532.0,"[1737,144,18,0,11,468,16,409,182]","[196465.0,19737.0,1880.0,0.0,982.0,48456.0,1692.0,49569.0,20751.0]","[0.5786347089523226,0.05813001425491559,0.005537033328228267,0.0,0.002892216344851148,0.14271408880458986,0.00498332999540544,0.14599213034412073,0.061116477975566366]",False,False,"[true,true,true,false,true,true,true,true,true]",1.2457700794822055,1e-12,0.5845457865532556,,0.1479358043776148,,,0.5320481015310111
0,audit,C_init,RAC1P,logistic,logistic,False,False,True,False,False,2993,"[1704,173,17,0,4,461,22,424,188]",False,development_evaluation_person_weighted,2982,9,"[0,1,2,3,4,5,6,7,8]",True,334141.0,"[1685,130,22,0,9,486,7,465,178]","[192470.0,16914.0,1406.0,0.0,1091.0,48866.0,581.0,56173.0,16640.0]","[0.5760143173091599,0.05061934931660586,0.004207804489721405,0.0,0.0032650886901038783,0.14624365163209543,0.0017387869192945493,0.16811166543465184,0.04979933620836713]",False,False,"[true,true,true,false,true,true,true,true,true]",1.2151387078655347,1e-12,0.5764452731032708,,0.14630485320780362,,,0.5924528597630727
0,audit,C_init,RAC1P,mlp_0,mlp,False,False,False,False,False,2993,"[1704,173,17,0,4,461,22,424,188]",False,validation,2985,9,"[0,1,2,3,4,5,6,7,8]",False,2985.0,"[1737,144,18,0,11,468,16,409,182]","[1737.0,144.0,18.0,0.0,11.0,468.0,16.0,409.0,182.0]","[0.5819095477386935,0.04824120603015075,0.006030150753768844,0.0,0.0036850921273031824,0.15678391959798996,0.005360134003350084,0.13701842546063653,0.060971524288107204]",False,False,"[true,true,true,false,true,true,true,true,true]",1.227677199199572,1e-12,0.5936348408710218,,0.14586101146981975,,,0.5467360709784952
0,audit,C_init,RAC1P,mlp_0,mlp,False,False,False,False,False,2993,"[1704,173,17,0,4,461,22,424,188]",False,development_evaluation,2982,9,"[0,1,2,3,4,5,6,7,8]",False,2982.0,"[1685,130,22,0,9,486,7,465,178]","[1685.0,130.0,22.0,0.0,9.0,486.0,7.0,465.0,178.0]","[0.5650570087189806,0.043594902749832326,0.007377598926894702,0.0,0.0030181086519114686,0.16297786720321933,0.002347417840375587,0.15593561368209255,0.059691482226693494]",False,False,"[true,true,true,false,true,true,true,true,true]",1.2210120702258094,1e-12,0.5757880617035547,,0.14439453053449097,,,0.5953640450422407
0,audit,C_init,RAC1P,mlp_0,mlp,False,False,False,False,False,2993,"[1704,173,17,0,4,461,22,424,188]",False,validation_person_weighted,2985,9,"[0,1,2,3,4,5,6,7,8]",True,339532.0,"[1737,144,18,0,11,468,16,409,182]","[196465.0,19737.0,1880.0,0.0,982.0,48456.0,1692.0,49569.0,20751.0]","[0.5786347089523226,0.05813001425491559,0.005537033328228267,0.0,0.002892216344851148,0.14271408880458986,0.00498332999540544,0.14599213034412073,0.061116477975566366]",False,False,"[true,true,true,false,true,true,true,true,true]",1.2352610880241723,1e-12,0.5908132370439311,,0.14893263938765947,,,0.5368003027068917
0,audit,C_init,RAC1P,mlp_0,mlp,False,False,False,False,False,2993,"[1704,173,17,0,4,461,22,424,188]",False,development_evaluation_person_weighted,2982,9,"[0,1,2,3,4,5,6,7,8]",True,334141.0,"[1685,130,22,0,9,486,7,465,178]","[192470.0,16914.0,1406.0,0.0,1091.0,48866.0,581.0,56173.0,16640.0]","[0.5760143173091599,0.05061934931660586,0.004207804489721405,0.0,0.0032650886901038783,0.14624365163209543,0.0017387869192945493,0.16811166543465184,0.04979933620836713]",False,False,"[true,true,true,false,true,true,true,true,true]",1.2000073587880389,1e-12,0.582311060300891,,0.14636247107306372,,,0.5868093618839144
0,audit,C_init,RAC1P,mlp_1,mlp,False,True,True,False,False,2993,"[1704,173,17,0,4,461,22,424,188]",False,validation,2985,9,"[0,1,2,3,4,5,6,7,8]",False,2985.0,"[1737,144,18,0,11,468,16,409,182]","[1737.0,144.0,18.0,0.0,11.0,468.0,16.0,409.0,182.0]","[0.5819095477386935,0.04824120603015075,0.006030150753768844,0.0,0.0036850921273031824,0.15678391959798996,0.005360134003350084,0.13701842546063653,0.060971524288107204]",False,False,"[true,true,true,false,true,true,true,true,true]",1.2267270900218095,1e-12,0.5966499162479062,,0.15360305826219306,,,0.5479529286320631
0,audit,C_init,RAC1P,mlp_1,mlp,False,True,True,False,False,2993,"[1704,173,17,0,4,461,22,424,188]",False,development_evaluation,2982,9,"[0,1,2,3,4,5,6,7,8]",False,2982.0,"[1685,130,22,0,9,486,7,465,178]","[1685.0,130.0,22.0,0.0,9.0,486.0,7.0,465.0,178.0]","[0.5650570087189806,0.043594902749832326,0.007377598926894702,0.0,0.0030181086519114686,0.16297786720321933,0.002347417840375587,0.15593561368209255,0.059691482226693494]",False,False,"[true,true,true,false,true,true,true,true,true]",1.2207094817256228,1e-12,0.5734406438631791,,0.15062627543124335,,,0.5956091595808695
0,audit,C_init,RAC1P,mlp_1,mlp,False,True,True,False,False,2993,"[1704,173,17,0,4,461,22,424,188]",False,validation_person_weighted,2985,9,"[0,1,2,3,4,5,6,7,8]",True,339532.0,"[1737,144,18,0,11,468,16,409,182]","[196465.0,19737.0,1880.0,0.0,982.0,48456.0,1692.0,49569.0,20751.0]","[0.5786347089523226,0.05813001425491559,0.005537033328228267,0.0,0.002892216344851148,0.14271408880458986,0.00498332999540544,0.14599213034412073,0.061116477975566366]",False,False,"[true,true,true,false,true,true,true,true,true]",1.231744663404218,1e-12,0.5925744848791866,,0.15500639768528304,,,0.5371648880228785
0,audit,C_init,RAC1P,mlp_1,mlp,False,True,True,False,False,2993,"[1704,173,17,0,4,461,22,424,188]",False,development_evaluation_person_weighted,2982,9,"[0,1,2,3,4,5,6,7,8]",True,334141.0,"[1685,130,22,0,9,486,7,465,178]","[192470.0,16914.0,1406.0,0.0,1091.0,48866.0,581.0,56173.0,16640.0]","[0.5760143173091599,0.05061934931660586,0.004207804489721405,0.0,0.0032650886901038783,0.14624365163209543,0.0017387869192945493,0.16811166543465184,0.04979933620836713]",False,False,"[true,true,true,false,true,true,true,true,true]",1.1981390264956389,1e-12,0.5793961231935022,,0.1513878282017812,,,0.5919428593775207
0,audit,C_init,RAC1P,hist_gb_20,histgb,False,False,False,False,False,2993,"[1704,173,17,0,4,461,22,424,188]",False,validation,2985,9,"[0,1,2,3,4,5,6,7,8]",False,2985.0,"[1737,144,18,0,11,468,16,409,182]","[1737.0,144.0,18.0,0.0,11.0,468.0,16.0,409.0,182.0]","[0.5819095477386935,0.04824120603015075,0.006030150753768844,0.0,0.0036850921273031824,0.15678391959798996,0.005360134003350084,0.13701842546063653,0.060971524288107204]",False,False,"[true,true,true,false,true,true,true,true,true]",1.481500764676198,1e-12,0.542713567839196,,0.1616652276452576,,,0.5615261867979873
0,audit,C_init,RAC1P,hist_gb_20,histgb,False,False,False,False,False,2993,"[1704,173,17,0,4,461,22,424,188]",False,development_evaluation,2982,9,"[0,1,2,3,4,5,6,7,8]",False,2982.0,"[1685,130,22,0,9,486,7,465,178]","[1685.0,130.0,22.0,0.0,9.0,486.0,7.0,465.0,178.0]","[0.5650570087189806,0.043594902749832326,0.007377598926894702,0.0,0.0030181086519114686,0.16297786720321933,0.002347417840375587,0.15593561368209255,0.059691482226693494]",False,False,"[true,true,true,false,true,true,true,true,true]",1.4391694357474756,1e-12,0.5405767940979208,,0.1664587593576012,,,0.5661801911498978
0,audit,C_init,RAC1P,hist_gb_20,histgb,False,False,False,False,False,2993,"[1704,173,17,0,4,461,22,424,188]",False,validation_person_weighted,2985,9,"[0,1,2,3,4,5,6,7,8]",True,339532.0,"[1737,144,18,0,11,468,16,409,182]","[196465.0,19737.0,1880.0,0.0,982.0,48456.0,1692.0,49569.0,20751.0]","[0.5786347089523226,0.05813001425491559,0.005537033328228267,0.0,0.002892216344851148,0.14271408880458986,0.00498332999540544,0.14599213034412073,0.061116477975566366]",False,False,"[true,true,true,false,true,true,true,true,true]",1.4875866280929846,1e-12,0.5382703250356373,,0.1670115894652158,,,0.5566069258825397
0,audit,C_init,RAC1P,hist_gb_20,histgb,False,False,False,False,False,2993,"[1704,173,17,0,4,461,22,424,188]",False,development_evaluation_person_weighted,2982,9,"[0,1,2,3,4,5,6,7,8]",True,334141.0,"[1685,130,22,0,9,486,7,465,178]","[192470.0,16914.0,1406.0,0.0,1091.0,48866.0,581.0,56173.0,16640.0]","[0.5760143173091599,0.05061934931660586,0.004207804489721405,0.0,0.0032650886901038783,0.14624365163209543,0.0017387869192945493,0.16811166543465184,0.04979933620836713]",False,False,"[true,true,true,false,true,true,true,true,true]",1.402644278134051,1e-12,0.5449076886703518,,0.16437611790986456,,,0.5822575739397648
0,audit,C_init,RAC1P,hist_gb_5,histgb,False,False,True,False,False,2993,"[1704,173,17,0,4,461,22,424,188]",False,validation,2985,9,"[0,1,2,3,4,5,6,7,8]",False,2985.0,"[1737,144,18,0,11,468,16,409,182]","[1737.0,144.0,18.0,0.0,11.0,468.0,16.0,409.0,182.0]","[0.5819095477386935,0.04824120603015075,0.006030150753768844,0.0,0.0036850921273031824,0.15678391959798996,0.005360134003350084,0.13701842546063653,0.060971524288107204]",False,False,"[true,true,true,false,true,true,true,true,true]",1.4686950165390837,1e-12,0.5463986599664992,,0.16377930096663074,,,0.5701626976115979
0,audit,C_init,RAC1P,hist_gb_5,histgb,False,False,True,False,False,2993,"[1704,173,17,0,4,461,22,424,188]",False,development_evaluation,2982,9,"[0,1,2,3,4,5,6,7,8]",False,2982.0,"[1685,130,22,0,9,486,7,465,178]","[1685.0,130.0,22.0,0.0,9.0,486.0,7.0,465.0,178.0]","[0.5650570087189806,0.043594902749832326,0.007377598926894702,0.0,0.0030181086519114686,0.16297786720321933,0.002347417840375587,0.15593561368209255,0.059691482226693494]",False,False,"[true,true,true,false,true,true,true,true,true]",1.4177256455884684,1e-12,0.539906103286385,,0.16200598302933233,,,0.577440874727859
0,audit,C_init,RAC1P,hist_gb_5,histgb,False,False,True,False,False,2993,"[1704,173,17,0,4,461,22,424,188]",False,validation_person_weighted,2985,9,"[0,1,2,3,4,5,6,7,8]",True,339532.0,"[1737,144,18,0,11,468,16,409,182]","[196465.0,19737.0,1880.0,0.0,982.0,48456.0,1692.0,49569.0,20751.0]","[0.5786347089523226,0.05813001425491559,0.005537033328228267,0.0,0.002892216344851148,0.14271408880458986,0.00498332999540544,0.14599213034412073,0.061116477975566366]",False,False,"[true,true,true,false,true,true,true,true,true]",1.470537289260244,1e-12,0.5396015692188071,,0.16791170581300924,,,0.5620699404727434
0,audit,C_init,RAC1P,hist_gb_5,histgb,False,False,True,False,False,2993,"[1704,173,17,0,4,461,22,424,188]",False,development_evaluation_person_weighted,2982,9,"[0,1,2,3,4,5,6,7,8]",True,334141.0,"[1685,130,22,0,9,486,7,465,178]","[192470.0,16914.0,1406.0,0.0,1091.0,48866.0,581.0,56173.0,16640.0]","[0.5760143173091599,0.05061934931660586,0.004207804489721405,0.0,0.0032650886901038783,0.14624365163209543,0.0017387869192945493,0.16811166543465184,0.04979933620836713]",False,False,"[true,true,true,false,true,true,true,true,true]",1.3842065236165935,1e-12,0.5466434828410761,,0.16228674822895145,,,0.5921463321079565
0,audit,C_init,RAC1P,catchup,catchup,True,False,True,False,False,2993,"[1704,173,17,0,4,461,22,424,188]",False,validation,2985,9,"[0,1,2,3,4,5,6,7,8]",False,2985.0,"[1737,144,18,0,11,468,16,409,182]","[1737.0,144.0,18.0,0.0,11.0,468.0,16.0,409.0,182.0]","[0.5819095477386935,0.04824120603015075,0.006030150753768844,0.0,0.0036850921273031824,0.15678391959798996,0.005360134003350084,0.13701842546063653,0.060971524288107204]",False,False,"[true,true,true,false,true,true,true,true,true]",1.2236662056300542,1e-12,0.5906197654941373,,0.16412608563647524,,,0.6064762764926495
0,audit,C_init,RAC1P,catchup,catchup,True,False,True,False,False,2993,"[1704,173,17,0,4,461,22,424,188]",False,development_evaluation,2982,9,"[0,1,2,3,4,5,6,7,8]",False,2982.0,"[1685,130,22,0,9,486,7,465,178]","[1685.0,130.0,22.0,0.0,9.0,486.0,7.0,465.0,178.0]","[0.5650570087189806,0.043594902749832326,0.007377598926894702,0.0,0.0030181086519114686,0.16297786720321933,0.002347417840375587,0.15593561368209255,0.059691482226693494]",False,False,"[true,true,true,false,true,true,true,true,true]",1.2321270222994178,1e-12,0.5690811535881959,,0.1675502892064325,,,0.6120681695377672
0,audit,C_init,RAC1P,catchup,catchup,True,False,True,False,False,2993,"[1704,173,17,0,4,461,22,424,188]",False,validation_person_weighted,2985,9,"[0,1,2,3,4,5,6,7,8]",True,339532.0,"[1737,144,18,0,11,468,16,409,182]","[196465.0,19737.0,1880.0,0.0,982.0,48456.0,1692.0,49569.0,20751.0]","[0.5786347089523226,0.05813001425491559,0.005537033328228267,0.0,0.002892216344851148,0.14271408880458986,0.00498332999540544,0.14599213034412073,0.061116477975566366]",False,False,"[true,true,true,false,true,true,true,true,true]",1.239678253241049,1e-12,0.5870345063204646,,0.16205140438477436,,,0.5886227490119912
0,audit,C_init,RAC1P,catchup,catchup,True,False,True,False,False,2993,"[1704,173,17,0,4,461,22,424,188]",False,development_evaluation_person_weighted,2982,9,"[0,1,2,3,4,5,6,7,8]",True,334141.0,"[1685,130,22,0,9,486,7,465,178]","[192470.0,16914.0,1406.0,0.0,1091.0,48866.0,581.0,56173.0,16640.0]","[0.5760143173091599,0.05061934931660586,0.004207804489721405,0.0,0.0032650886901038783,0.14624365163209543,0.0017387869192945493,0.16811166543465184,0.04979933620836713]",False,False,"[true,true,true,false,true,true,true,true,true]",1.2165484246983918,1e-12,0.5726863808990815,,0.1658411277158538,,,0.593399020952222
0,audit,C_init,RAC1P,saved_adversary,saved_adversary,False,False,True,False,True,0,,,validation,2985,9,"[0,1,2,3,4,5,6,7,8]",False,2985.0,"[1737,144,18,0,11,468,16,409,182]","[1737.0,144.0,18.0,0.0,11.0,468.0,16.0,409.0,182.0]","[0.5819095477386935,0.04824120603015075,0.006030150753768844,0.0,0.0036850921273031824,0.15678391959798996,0.005360134003350084,0.13701842546063653,0.060971524288107204]",False,False,"[true,true,true,false,true,true,true,true,true]",1.2448985495550715,1e-12,0.5899497487437186,,0.1652193597015892,,,0.6274758041128491
0,audit,C_init,RAC1P,saved_adversary,saved_adversary,False,False,True,False,True,0,,,development_evaluation,2982,9,"[0,1,2,3,4,5,6,7,8]",False,2982.0,"[1685,130,22,0,9,486,7,465,178]","[1685.0,130.0,22.0,0.0,9.0,486.0,7.0,465.0,178.0]","[0.5650570087189806,0.043594902749832326,0.007377598926894702,0.0,0.0030181086519114686,0.16297786720321933,0.002347417840375587,0.15593561368209255,0.059691482226693494]",False,False,"[true,true,true,false,true,true,true,true,true]",1.2731608469021234,1e-12,0.5647216633132126,,0.163567151953921,,,0.5964001219962992
0,audit,C_init,RAC1P,saved_adversary,saved_adversary,False,False,True,False,True,0,,,validation_person_weighted,2985,9,"[0,1,2,3,4,5,6,7,8]",True,339532.0,"[1737,144,18,0,11,468,16,409,182]","[196465.0,19737.0,1880.0,0.0,982.0,48456.0,1692.0,49569.0,20751.0]","[0.5786347089523226,0.05813001425491559,0.005537033328228267,0.0,0.002892216344851148,0.14271408880458986,0.00498332999540544,0.14599213034412073,0.061116477975566366]",False,False,"[true,true,true,false,true,true,true,true,true]",1.2716197703411423,1e-12,0.5868577924908404,,0.16779052813621637,,,0.5979595723080295
0,audit,C_init,RAC1P,saved_adversary,saved_adversary,False,False,True,False,True,0,,,development_evaluation_person_weighted,2982,9,"[0,1,2,3,4,5,6,7,8]",True,334141.0,"[1685,130,22,0,9,486,7,465,178]","[192470.0,16914.0,1406.0,0.0,1091.0,48866.0,581.0,56173.0,16640.0]","[0.5760143173091599,0.05061934931660586,0.004207804489721405,0.0,0.0032650886901038783,0.14624365163209543,0.0017387869192945493,0.16811166543465184,0.04979933620836713]",False,False,"[true,true,true,false,true,true,true,true,true]",1.2600866759006843,1e-12,0.5620890582119524,,0.16138286709168073,,,0.5770321127888746
0,transfer,D_init,same_residence,logistic,logistic,False,False,True,False,False,2048,"[500,1548]",True,validation,2984,2,"[0,1]",False,2984.0,"[700,2284]","[700.0,2284.0]","[0.23458445040214476,0.7654155495978552]",True,True,"[true,true]",0.5197901717565103,1e-12,0.7583780160857909,0.534041781336002,0.534041781336002,0.6682296097072804,0.6682296097072804,0.6682296097072804
0,transfer,D_init,same_residence,logistic,logistic,False,False,True,False,False,2048,"[500,1548]",True,development_evaluation,2982,2,"[0,1]",False,2982.0,"[660,2322]","[660.0,2322.0]","[0.22132796780684105,0.778672032193159]",True,True,"[true,true]",0.5044206651327255,1e-12,0.7743125419181757,0.5324465586093493,0.5324465586093493,0.6703801581708559,0.6703801581708559,0.6703801581708559
0,transfer,D_init,same_residence,logistic,logistic,False,False,True,False,False,2048,"[500,1548]",True,validation_person_weighted,2984,2,"[0,1]",True,348390.0,"[700,2284]","[71960.0,276430.0]","[0.20655013060076352,0.7934498693992365]",True,True,"[true,true]",0.4830758165590498,1e-12,0.78713510720744,0.5233475650705472,0.5233475650705472,0.6749161768978683,0.6749161768978682,0.6749161768978682
0,transfer,D_init,same_residence,logistic,logistic,False,False,True,False,False,2048,"[500,1548]",True,development_evaluation_person_weighted,2982,2,"[0,1]",True,334141.0,"[660,2322]","[69119.0,265022.0]","[0.20685578842464708,0.793144211575353]",True,True,"[true,true]",0.48495140916913015,1e-12,0.7918513441930203,0.528402429976725,0.528402429976725,0.6681621549927538,0.6681621549927537,0.6681621549927537
0,transfer,D_init,same_residence,mlp,mlp,True,True,True,True,False,2048,"[500,1548]",True,validation,2984,2,"[0,1]",False,2984.0,"[700,2284]","[700.0,2284.0]","[0.23458445040214476,0.7654155495978552]",True,True,"[true,true]",0.5139450127443472,1e-12,0.7580428954423593,0.5640405303977983,0.5640405303977983,0.6830563547660746,0.6830563547660746,0.6830563547660746
0,transfer,D_init,same_residence,mlp,mlp,True,True,True,True,False,2048,"[500,1548]",True,development_evaluation,2982,2,"[0,1]",False,2982.0,"[660,2322]","[660.0,2322.0]","[0.22132796780684105,0.778672032193159]",True,True,"[true,true]",0.49865363923084255,1e-12,0.7763246143527833,0.5657309529402552,0.5657309529402552,0.6807343460444235,0.6807343460444235,0.6807343460444235
0,transfer,D_init,same_residence,mlp,mlp,True,True,True,True,False,2048,"[500,1548]",True,validation_person_weighted,2984,2,"[0,1]",True,348390.0,"[700,2284]","[71960.0,276430.0]","[0.20655013060076352,0.7934498693992365]",True,True,"[true,true]",0.47524488126799364,1e-12,0.793159964407704,0.5693499937572588,0.5693499937572588,0.6915792561081688,0.6915792561081688,0.6915792561081688
0,transfer,D_init,same_residence,mlp,mlp,True,True,True,True,False,2048,"[500,1548]",True,development_evaluation_person_weighted,2982,2,"[0,1]",True,334141.0,"[660,2322]","[69119.0,265022.0]","[0.20685578842464708,0.793144211575353]",True,True,"[true,true]",0.4798288122293736,1e-12,0.79575688107715,0.5608412580320401,0.5608412580320401,0.6764606116723278,0.6764606116723277,0.6764606116723277
0,transfer,D_init,commute_over20,logistic,logistic,True,True,True,True,False,2048,"[997,1051]",True,validation,1984,2,"[0,1]",False,1984.0,"[1009,975]","[1009.0,975.0]","[0.5085685483870968,0.49143145161290325]",True,True,"[true,true]",0.6734371989915915,1e-12,0.5695564516129032,0.570881553200681,0.570881553200681,0.6050636578485934,0.6050636578485935,0.6050636578485935
0,transfer,D_init,commute_over20,logistic,logistic,True,True,True,True,False,2048,"[997,1051]",True,development_evaluation,1971,2,"[0,1]",False,1971.0,"[959,1012]","[959.0,1012.0]","[0.4865550481988838,0.5134449518011162]",True,True,"[true,true]",0.687739224494798,1e-12,0.5474378488077118,0.5442433241147935,0.5442433241147935,0.5701529508257531,0.570152950825753,0.570152950825753
0,transfer,D_init,commute_over20,logistic,logistic,True,True,True,True,False,2048,"[997,1051]",True,validation_person_weighted,1984,2,"[0,1]",True,233729.0,"[1009,975]","[118499.0,115230.0]","[0.5069931416298362,0.4930068583701637]",True,True,"[true,true]",0.6749541891343688,1e-12,0.5776518959992127,0.5787553379374137,0.5787553379374137,0.6033862671794235,0.6033862671794235,0.6033862671794235
0,transfer,D_init,commute_over20,logistic,logistic,True,True,True,True,False,2048,"[997,1051]",True,development_evaluation_person_weighted,1971,2,"[0,1]",True,226551.0,"[959,1012]","[110010.0,116541.0]","[0.48558602698730086,0.5144139730126991]",True,True,"[true,true]",0.6853937705813493,1e-12,0.5536678275531779,0.5501404079303495,0.5501404079303495,0.5778537104778008,0.5778537104778008,0.5778537104778008
0,transfer,D_init,commute_over20,mlp,mlp,False,False,True,False,False,2048,"[997,1051]",True,validation,1984,2,"[0,1]",False,1984.0,"[1009,975]","[1009.0,975.0]","[0.5085685483870968,0.49143145161290325]",True,True,"[true,true]",0.6755498150648551,1e-12,0.5665322580645161,0.5673899011460954,0.5673899011460954,0.6011969200274453,0.6011969200274453,0.6011969200274453
0,transfer,D_init,commute_over20,mlp,mlp,False,False,True,False,False,2048,"[997,1051]",True,development_evaluation,1971,2,"[0,1]",False,1971.0,"[959,1012]","[959.0,1012.0]","[0.4865550481988838,0.5134449518011162]",True,True,"[true,true]",0.6899041498453666,1e-12,0.5530187721968544,0.5509341499503353,0.5509341499503353,0.5633709356337093,0.5633709356337093,0.5633709356337093
0,transfer,D_init,commute_over20,mlp,mlp,False,False,True,False,False,2048,"[997,1051]",True,validation_person_weighted,1984,2,"[0,1]",True,233729.0,"[1009,975]","[118499.0,115230.0]","[0.5069931416298362,0.4930068583701637]",True,True,"[true,true]",0.6760280290877833,1e-12,0.5688810545546338,0.5695044476446118,0.5695044476446118,0.6006635352270446,0.6006635352270446,0.6006635352270446
0,transfer,D_init,commute_over20,mlp,mlp,False,False,True,False,False,2048,"[997,1051]",True,development_evaluation_person_weighted,1971,2,"[0,1]",True,226551.0,"[959,1012]","[110010.0,116541.0]","[0.48558602698730086,0.5144139730126991]",True,True,"[true,true]",0.6880536984193419,1e-12,0.5586998071074504,0.5562524499635546,0.5562524499635546,0.5682419782515966,0.5682419782515966,0.5682419782515966
0,transfer,D_init,income_binary,logistic,logistic,True,True,True,True,False,2048,"[1652,396]",True,validation,2984,2,"[0,1]",False,2984.0,"[2434,550]","[2434.0,550.0]","[0.8156836461126006,0.18431635388739948]",True,True,"[true,true]",0.29215104356968763,1e-12,0.8659517426273459,0.7433211324419213,0.7433211324419213,0.9039837155449316,0.9039837155449315,0.9039837155449315
0,transfer,D_init,income_binary,logistic,logistic,True,True,True,True,False,2048,"[1652,396]",True,development_evaluation,2982,2,"[0,1]",False,2982.0,"[2439,543]","[2439.0,543.0]","[0.817907444668008,0.18209255533199195]",True,True,"[true,true]",0.2982572802026588,1e-12,0.864185110663984,0.7287165965582307,0.7287165965582307,0.8963165322260956,0.8963165322260958,0.8963165322260958
0,transfer,D_init,income_binary,logistic,logistic,True,True,True,True,False,2048,"[1652,396]",True,validation_person_weighted,2984,2,"[0,1]",True,348390.0,"[2434,550]","[288007.0,60383.0]","[0.8266798702603404,0.17332012973965957]",True,True,"[true,true]",0.27566102371135803,1e-12,0.873328740779012,0.7334995626396965,0.7334995626396965,0.9096289159833068,0.9096289159833069,0.9096289159833069
0,transfer,D_init,income_binary,logistic,logistic,True,True,True,True,False,2048,"[1652,396]",True,development_evaluation_person_weighted,2982,2,"[0,1]",True,334141.0,"[2439,543]","[273575.0,60566.0]","[0.8187411900963965,0.18125880990360357]",True,True,"[true,true]",0.3056148933795628,1e-12,0.8573536321493023,0.7092153642937493,0.7092153642937493,0.8885593421325334,0.8885593421325334,0.8885593421325334
0,transfer,D_init,income_binary,mlp,mlp,False,False,True,False,False,2048,"[1652,396]",True,validation,2984,2,"[0,1]",False,2984.0,"[2434,550]","[2434.0,550.0]","[0.8156836461126006,0.18431635388739948]",True,True,"[true,true]",0.29513348283813345,1e-12,0.8652815013404825,0.7626129827444535,0.7626129827444535,0.9012131172032568,0.9012131172032569,0.9012131172032569
0,transfer,D_init,income_binary,mlp,mlp,False,False,True,False,False,2048,"[1652,396]",True,development_evaluation,2982,2,"[0,1]",False,2982.0,"[2439,543]","[2439.0,543.0]","[0.817907444668008,0.18209255533199195]",True,True,"[true,true]",0.3034710629859617,1e-12,0.8672032193158954,0.7548990959522854,0.7548990959522854,0.8925049287325286,0.8925049287325286,0.8925049287325286
0,transfer,D_init,income_binary,mlp,mlp,False,False,True,False,False,2048,"[1652,396]",True,validation_person_weighted,2984,2,"[0,1]",True,348390.0,"[2434,550]","[288007.0,60383.0]","[0.8266798702603404,0.17332012973965957]",True,True,"[true,true]",0.2781226027133078,1e-12,0.8713051465311863,0.7491602050898796,0.7491602050898796,0.9069718697972791,0.9069718697972791,0.9069718697972791
0,transfer,D_init,income_binary,mlp,mlp,False,False,True,False,False,2048,"[1652,396]",True,development_evaluation_person_weighted,2982,2,"[0,1]",True,334141.0,"[2439,543]","[273575.0,60566.0]","[0.8187411900963965,0.18125880990360357]",True,True,"[true,true]",0.3128380204496956,1e-12,0.8598406062111504,0.7353204955444388,0.7353204955444388,0.8838252611330836,0.8838252611330837,0.8838252611330837
0,transfer,D_init,civilian_at_work,logistic,logistic,False,False,True,True,False,2048,"[665,1383]",True,validation,2984,2,"[0,1]",False,2984.0,"[981,2003]","[981.0,2003.0]","[0.32875335120643434,0.6712466487935657]",True,True,"[true,true]",0.3030902776652787,1e-12,0.8900804289544236,0.8442662204450715,0.8442662204450715,0.8869323435845212,0.8869323435845212,0.8869323435845212
0,transfer,D_init,civilian_at_work,logistic,logistic,False,False,True,True,False,2048,"[665,1383]",True,development_evaluation,2982,2,"[0,1]",False,2982.0,"[972,2010]","[972.0,2010.0]","[0.32595573440643866,0.6740442655935613]",True,True,"[true,true]",0.27640741992076345,1e-12,0.9030851777330651,0.8614320373441435,0.8614320373441435,0.9027926212558606,0.9027926212558606,0.9027926212558606
0,transfer,D_init,civilian_at_work,logistic,logistic,False,False,True,True,False,2048,"[665,1383]",True,validation_person_weighted,2984,2,"[0,1]",True,348390.0,"[981,2003]","[112512.0,235878.0]","[0.3229484198742788,0.6770515801257212]",True,True,"[true,true]",0.2968320808279472,1e-12,0.8968483595970034,0.8478531085185703,0.8478531085185703,0.8835645925666815,0.8835645925666815,0.8835645925666815
0,transfer,D_init,civilian_at_work,logistic,logistic,False,False,True,True,False,2048,"[665,1383]",True,development_evaluation_person_weighted,2982,2,"[0,1]",True,334141.0,"[972,2010]","[100734.0,233407.0]","[0.3014715344719744,0.6985284655280256]",True,True,"[true,true]",0.25912061325912705,1e-12,0.9154638311371547,0.8675472815713029,0.8675472815713029,0.9029290029584186,0.9029290029584185,0.9029290029584185
0,transfer,D_init,civilian_at_work,mlp,mlp,True,True,True,False,False,2048,"[665,1383]",True,validation,2984,2,"[0,1]",False,2984.0,"[981,2003]","[981.0,2003.0]","[0.32875335120643434,0.6712466487935657]",True,True,"[true,true]",0.301161970944817,1e-12,0.8927613941018767,0.8452229912012714,0.8452229912012714,0.8852676642528563,0.8852676642528563,0.8852676642528563
0,transfer,D_init,civilian_at_work,mlp,mlp,True,True,True,False,False,2048,"[665,1383]",True,development_evaluation,2982,2,"[0,1]",False,2982.0,"[972,2010]","[972.0,2010.0]","[0.32595573440643866,0.6740442655935613]",True,True,"[true,true]",0.2720504346863416,1e-12,0.9084507042253521,0.865412136846631,0.865412136846631,0.9030086194541695,0.9030086194541695,0.9030086194541695
0,transfer,D_init,civilian_at_work,mlp,mlp,True,True,True,False,False,2048,"[665,1383]",True,validation_person_weighted,2984,2,"[0,1]",True,348390.0,"[981,2003]","[112512.0,235878.0]","[0.3229484198742788,0.6770515801257212]",True,True,"[true,true]",0.2955967651967204,1e-12,0.8990097304744683,0.8487496792401317,0.8487496792401317,0.8804004444801496,0.8804004444801496,0.8804004444801496
0,transfer,D_init,civilian_at_work,mlp,mlp,True,True,True,False,False,2048,"[665,1383]",True,development_evaluation_person_weighted,2982,2,"[0,1]",True,334141.0,"[972,2010]","[100734.0,233407.0]","[0.3014715344719744,0.6985284655280256]",True,True,"[true,true]",0.2558949835369615,1e-12,0.9191508973756588,0.8700905212046092,0.8700905212046092,0.9028295459178666,0.9028295459178666,0.9028295459178666
0,transfer,D_init,public_coverage,logistic,logistic,True,True,True,True,False,2048,"[1531,517]",True,validation,2984,2,"[0,1]",False,2984.0,"[2275,709]","[2275.0,709.0]","[0.7623994638069705,0.23760053619302948]",True,True,"[true,true]",0.483076638628753,1e-12,0.7861930294906166,0.5961871696709496,0.5961871696709496,0.7320057657434245,0.7320057657434245,0.7320057657434245
0,transfer,D_init,public_coverage,logistic,logistic,True,True,True,True,False,2048,"[1531,517]",True,development_evaluation,2982,2,"[0,1]",False,2982.0,"[2199,783]","[2199.0,783.0]","[0.7374245472837022,0.2625754527162978]",True,True,"[true,true]",0.5069324861738991,1e-12,0.7572099262240107,0.5861964424790788,0.5861964424790788,0.7337867496952348,0.7337867496952348,0.7337867496952348
0,transfer,D_init,public_coverage,logistic,logistic,True,True,True,True,False,2048,"[1531,517]",True,validation_person_weighted,2984,2,"[0,1]",True,348390.0,"[2275,709]","[263229.0,85161.0]","[0.7555584259020064,0.24444157409799364]",True,True,"[true,true]",0.5026076689369454,1e-12,0.7745888228709206,0.5841326749603426,0.5841326749603426,0.7145859592244476,0.7145859592244476,0.7145859592244476
0,transfer,D_init,public_coverage,logistic,logistic,True,True,True,True,False,2048,"[1531,517]",True,development_evaluation_person_weighted,2982,2,"[0,1]",True,334141.0,"[2199,783]","[244261.0,89880.0]","[0.7310117585091324,0.26898824149086764]",True,True,"[true,true]",0.5166082979704552,1e-12,0.7471755935368601,0.5736402788537385,0.5736402788537385,0.7308360954589809,0.7308360954589808,0.7308360954589808
0,transfer,D_init,public_coverage,mlp,mlp,False,False,True,False,False,2048,"[1531,517]",True,validation,2984,2,"[0,1]",False,2984.0,"[2275,709]","[2275.0,709.0]","[0.7623994638069705,0.23760053619302948]",True,True,"[true,true]",0.484247005716224,1e-12,0.7835120643431636,0.5900599823307863,0.5900599823307863,0.7277403555541778,0.7277403555541777,0.7277403555541777
0,transfer,D_init,public_coverage,mlp,mlp,False,False,True,False,False,2048,"[1531,517]",True,development_evaluation,2982,2,"[0,1]",False,2982.0,"[2199,783]","[2199.0,783.0]","[0.7374245472837022,0.2625754527162978]",True,True,"[true,true]",0.5072294752989787,1e-12,0.7585513078470825,0.5821716245106188,0.5821716245106188,0.7330967809006416,0.7330973616824552,0.7330973616824552
0,transfer,D_init,public_coverage,mlp,mlp,False,False,True,False,False,2048,"[1531,517]",True,validation_person_weighted,2984,2,"[0,1]",True,348390.0,"[2275,709]","[263229.0,85161.0]","[0.7555584259020064,0.24444157409799364]",True,True,"[true,true]",0.500956380684635,1e-12,0.7738396624472574,0.5881766138834942,0.5881766138834942,0.7101965019402035,0.7101965019402035,0.7101965019402035
0,transfer,D_init,public_coverage,mlp,mlp,False,False,True,False,False,2048,"[1531,517]",True,development_evaluation_person_weighted,2982,2,"[0,1]",True,334141.0,"[2199,783]","[244261.0,89880.0]","[0.7310117585091324,0.26898824149086764]",True,True,"[true,true]",0.5162398426918215,1e-12,0.7477382302680605,0.571634245257951,0.571634245257951,0.7285097096148805,0.7285103687946299,0.7285103687946299
0,audit,D_init,SEX,logistic,logistic,False,False,True,False,False,2993,"[1512,1481]",True,validation,2985,2,"[0,1]",False,2985.0,"[1541,1444]","[1541.0,1444.0]","[0.5162479061976549,0.4837520938023451]",True,True,"[true,true]",0.6820548121059419,1e-12,0.5644891122278057,0.5637453914337742,0.5637453914337742,0.5886887224721868,0.5886887224721868,0.5886887224721868
0,audit,D_init,SEX,logistic,logistic,False,False,True,False,False,2993,"[1512,1481]",True,development_evaluation,2982,2,"[0,1]",False,2982.0,"[1534,1448]","[1534.0,1448.0]","[0.5144198524480215,0.48558014755197854]",True,True,"[true,true]",0.6856411566802049,1e-12,0.5489604292421194,0.5475299293365123,0.5475299293365123,0.5790079559451691,0.5790079559451691,0.5790079559451691
0,audit,D_init,SEX,logistic,logistic,False,False,True,False,False,2993,"[1512,1481]",True,validation_person_weighted,2985,2,"[0,1]",True,339532.0,"[1541,1444]","[181421.0,158111.0]","[0.5343266614045216,0.4656733385954785]",True,True,"[true,true]",0.680957499042865,1e-12,0.5682468810009071,0.566398115123329,0.566398115123329,0.5910389110118479,0.5910389110118479,0.5910389110118479
0,audit,D_init,SEX,logistic,logistic,False,False,True,False,False,2993,"[1512,1481]",True,development_evaluation_person_weighted,2982,2,"[0,1]",True,334141.0,"[1534,1448]","[173797.0,160344.0]","[0.520130723257547,0.47986927674245305]",True,True,"[true,true]",0.6888772794388875,1e-12,0.5434981040937807,0.5413818010448466,0.5413818010448466,0.5688293190930144,0.5688293190930144,0.5688293190930144
0,audit,D_init,SEX,mlp_0,mlp,False,False,False,False,False,2993,"[1512,1481]",True,validation,2985,2,"[0,1]",False,2985.0,"[1541,1444]","[1541.0,1444.0]","[0.5162479061976549,0.4837520938023451]",True,True,"[true,true]",0.6686677115659542,1e-12,0.5872696817420435,0.5862449015910451,0.5862449015910451,0.6232594854224602,0.6232594854224602,0.6232594854224602
0,audit,D_init,SEX,mlp_0,mlp,False,False,False,False,False,2993,"[1512,1481]",True,development_evaluation,2982,2,"[0,1]",False,2982.0,"[1534,1448]","[1534.0,1448.0]","[0.5144198524480215,0.48558014755197854]",True,True,"[true,true]",0.6682118603645723,1e-12,0.5818242790073777,0.5809438185655529,0.5809438185655529,0.6242240792497138,0.6242240792497138,0.6242240792497138
0,audit,D_init,SEX,mlp_0,mlp,False,False,False,False,False,2993,"[1512,1481]",True,validation_person_weighted,2985,2,"[0,1]",True,339532.0,"[1541,1444]","[181421.0,158111.0]","[0.5343266614045216,0.4656733385954785]",True,True,"[true,true]",0.666222121174079,1e-12,0.5960469116313043,0.5938684250998376,0.5938684250998376,0.625671369191445,0.6256713691914451,0.6256713691914451
0,audit,D_init,SEX,mlp_0,mlp,False,False,False,False,False,2993,"[1512,1481]",True,development_evaluation_person_weighted,2982,2,"[0,1]",True,334141.0,"[1534,1448]","[173797.0,160344.0]","[0.520130723257547,0.47986927674245305]",True,True,"[true,true]",0.6723569126529159,1e-12,0.5816017788897502,0.5800255075088965,0.5800255075088965,0.6165454039195741,0.6165454039195741,0.6165454039195741
0,audit,D_init,SEX,mlp_1,mlp,True,True,True,False,False,2993,"[1512,1481]",True,validation,2985,2,"[0,1]",False,2985.0,"[1541,1444]","[1541.0,1444.0]","[0.5162479061976549,0.4837520938023451]",True,True,"[true,true]",0.6669094204915129,1e-12,0.5849246231155779,0.5862186118665974,0.5862186118665974,0.6274712340980871,0.6274713464473369,0.6274713464473369
0,audit,D_init,SEX,mlp_1,mlp,True,True,True,False,False,2993,"[1512,1481]",True,development_evaluation,2982,2,"[0,1]",False,2982.0,"[1534,1448]","[1534.0,1448.0]","[0.5144198524480215,0.48558014755197854]",True,True,"[true,true]",0.6670378997505024,1e-12,0.5898725687458082,0.590566856591297,0.590566856591297,0.6278218574196662,0.6278218574196662,0.6278218574196662
0,audit,D_init,SEX,mlp_1,mlp,True,True,True,False,False,2993,"[1512,1481]",True,validation_person_weighted,2985,2,"[0,1]",True,339532.0,"[1541,1444]","[181421.0,158111.0]","[0.5343266614045216,0.4656733385954785]",True,True,"[true,true]",0.6655090870287848,1e-12,0.5840097546033952,0.5869635143225418,0.5869635143225418,0.6292595451125793,0.6292596325286537,0.6292596325286537
0,audit,D_init,SEX,mlp_1,mlp,True,True,True,False,False,2993,"[1512,1481]",True,development_evaluation_person_weighted,2982,2,"[0,1]",True,334141.0,"[1534,1448]","[173797.0,160344.0]","[0.520130723257547,0.47986927674245305]",True,True,"[true,true]",0.6706339689337187,1e-12,0.5890357663381627,0.5896799142849967,0.5896799142849967,0.6231691942811973,0.6231691942811974,0.6231691942811974
0,audit,D_init,SEX,hist_gb_20,histgb,False,False,False,False,False,2993,"[1512,1481]",True,validation,2985,2,"[0,1]",False,2985.0,"[1541,1444]","[1541.0,1444.0]","[0.5162479061976549,0.4837520938023451]",True,True,"[true,true]",0.6841898872344854,1e-12,0.5859296482412061,0.5855355284279553,0.5855355284279553,0.6248049617023878,0.6248049617023878,0.6248049617023878
0,audit,D_init,SEX,hist_gb_20,histgb,False,False,False,False,False,2993,"[1512,1481]",True,development_evaluation,2982,2,"[0,1]",False,2982.0,"[1534,1448]","[1534.0,1448.0]","[0.5144198524480215,0.48558014755197854]",True,True,"[true,true]",0.6945795160332314,1e-12,0.5757880617035547,0.5755607698790581,0.5755607698790581,0.6119525110389189,0.611952511038919,0.611952511038919
0,audit,D_init,SEX,hist_gb_20,histgb,False,False,False,False,False,2993,"[1512,1481]",True,validation_person_weighted,2985,2,"[0,1]",True,339532.0,"[1541,1444]","[181421.0,158111.0]","[0.5343266614045216,0.4656733385954785]",True,True,"[true,true]",0.6796313013128912,1e-12,0.5829612525476244,0.5820289280640417,0.5820289280640417,0.6240414305253353,0.6240414305253354,0.6240414305253354
0,audit,D_init,SEX,hist_gb_20,histgb,False,False,False,False,False,2993,"[1512,1481]",True,development_evaluation_person_weighted,2982,2,"[0,1]",True,334141.0,"[1534,1448]","[173797.0,160344.0]","[0.520130723257547,0.47986927674245305]",True,True,"[true,true]",0.6986278368164375,1e-12,0.5721057876764599,0.571624548923641,0.571624548923641,0.602216364324117,0.602216364324117,0.602216364324117
0,audit,D_init,SEX,hist_gb_5,histgb,False,False,True,False,False,2993,"[1512,1481]",True,validation,2985,2,"[0,1]",False,2985.0,"[1541,1444]","[1541.0,1444.0]","[0.5162479061976549,0.4837520938023451]",True,True,"[true,true]",0.6816775171446663,1e-12,0.5819095477386935,0.5813804037742158,0.5813804037742158,0.6245106066679729,0.6245106066679729,0.6245106066679729
0,audit,D_init,SEX,hist_gb_5,histgb,False,False,True,False,False,2993,"[1512,1481]",True,development_evaluation,2982,2,"[0,1]",False,2982.0,"[1534,1448]","[1534.0,1448.0]","[0.5144198524480215,0.48558014755197854]",True,True,"[true,true]",0.690823026752811,1e-12,0.5784708249496981,0.5780134627990232,0.5780134627990232,0.6147480317229357,0.6147480317229357,0.6147480317229357
0,audit,D_init,SEX,hist_gb_5,histgb,False,False,True,False,False,2993,"[1512,1481]",True,validation_person_weighted,2985,2,"[0,1]",True,339532.0,"[1541,1444]","[181421.0,158111.0]","[0.5343266614045216,0.4656733385954785]",True,True,"[true,true]",0.6764615596965643,1e-12,0.586365938998386,0.5851210290755293,0.5851210290755293,0.627979267101074,0.627979267101074,0.627979267101074
0,audit,D_init,SEX,hist_gb_5,histgb,False,False,True,False,False,2993,"[1512,1481]",True,development_evaluation_person_weighted,2982,2,"[0,1]",True,334141.0,"[1534,1448]","[173797.0,160344.0]","[0.520130723257547,0.47986927674245305]",True,True,"[true,true]",0.6985575317933972,1e-12,0.56512669801072,0.5646054041480111,0.5646054041480111,0.5991522670810885,0.5991522670810885,0.5991522670810885
0,audit,D_init,SEX,catchup,catchup,False,False,True,True,False,2993,"[1512,1481]",True,validation,2985,2,"[0,1]",False,2985.0,"[1541,1444]","[1541.0,1444.0]","[0.5162479061976549,0.4837520938023451]",True,True,"[true,true]",0.6681356037049512,1e-12,0.6130653266331658,0.6121005085376442,0.6121005085376442,0.6550201689373198,0.6550201689373198,0.6550201689373198
0,audit,D_init,SEX,catchup,catchup,False,False,True,True,False,2993,"[1512,1481]",True,development_evaluation,2982,2,"[0,1]",False,2982.0,"[1534,1448]","[1534.0,1448.0]","[0.5144198524480215,0.48558014755197854]",True,True,"[true,true]",0.6619397649582298,1e-12,0.6126760563380281,0.6115889740468353,0.6115889740468353,0.6588136673701801,0.6588138924704848,0.6588138924704848
0,audit,D_init,SEX,catchup,catchup,False,False,True,True,False,2993,"[1512,1481]",True,validation_person_weighted,2985,2,"[0,1]",True,339532.0,"[1541,1444]","[181421.0,158111.0]","[0.5343266614045216,0.4656733385954785]",True,True,"[true,true]",0.6594841010418229,1e-12,0.6233168007728285,0.6209247269700132,0.6209247269700132,0.6632727026749199,0.6632727026749199,0.6632727026749199
0,audit,D_init,SEX,catchup,catchup,False,False,True,True,False,2993,"[1512,1481]",True,development_evaluation_person_weighted,2982,2,"[0,1]",True,334141.0,"[1534,1448]","[173797.0,160344.0]","[0.520130723257547,0.47986927674245305]",True,True,"[true,true]",0.6602646029571533,1e-12,0.6113137866948384,0.6095414836510221,0.6095414836510221,0.6564806209545786,0.6564808438501812,0.6564808438501812
0,audit,D_init,SEX,saved_adversary,saved_adversary,False,False,True,False,True,0,,,validation,2985,2,"[0,1]",False,2985.0,"[1541,1444]","[1541.0,1444.0]","[0.5162479061976549,0.4837520938023451]",True,True,"[true,true]",0.6854100466838309,1e-12,0.6040201005025125,0.6018796478884633,0.6018796478884633,0.6401959101277905,0.6401959101277905,0.6401959101277905
0,audit,D_init,SEX,saved_adversary,saved_adversary,False,False,True,False,True,0,,,development_evaluation,2982,2,"[0,1]",False,2982.0,"[1534,1448]","[1534.0,1448.0]","[0.5144198524480215,0.48558014755197854]",True,True,"[true,true]",0.6805420687635536,1e-12,0.607645875251509,0.6054608433517976,0.6054608433517976,0.6442163628112687,0.6442163628112687,0.6442163628112687
0,audit,D_init,SEX,saved_adversary,saved_adversary,False,False,True,False,True,0,,,validation_person_weighted,2985,2,"[0,1]",True,339532.0,"[1541,1444]","[181421.0,158111.0]","[0.5343266614045216,0.4656733385954785]",True,True,"[true,true]",0.6716328074800204,1e-12,0.6096538765123759,0.6044965292980877,0.6044965292980877,0.6502584162738265,0.6502584162738265,0.6502584162738265
0,audit,D_init,SEX,saved_adversary,saved_adversary,False,False,True,False,True,0,,,development_evaluation_person_weighted,2982,2,"[0,1]",True,334141.0,"[1534,1448]","[173797.0,160344.0]","[0.520130723257547,0.47986927674245305]",True,True,"[true,true]",0.6762718044230773,1e-12,0.6104189548723443,0.6068654127365813,0.6068654127365813,0.6430217848640388,0.6430217848640388,0.6430217848640388
0,audit,D_init,RAC1P,logistic,logistic,False,False,True,False,False,2993,"[1704,173,17,0,4,461,22,424,188]",False,validation,2985,9,"[0,1,2,3,4,5,6,7,8]",False,2985.0,"[1737,144,18,0,11,468,16,409,182]","[1737.0,144.0,18.0,0.0,11.0,468.0,16.0,409.0,182.0]","[0.5819095477386935,0.04824120603015075,0.006030150753768844,0.0,0.0036850921273031824,0.15678391959798996,0.005360134003350084,0.13701842546063653,0.060971524288107204]",False,False,"[true,true,true,false,true,true,true,true,true]",1.261698071077506,1e-12,0.5845896147403685,,0.13147633796111777,,,0.5167470162195611
0,audit,D_init,RAC1P,logistic,logistic,False,False,True,False,False,2993,"[1704,173,17,0,4,461,22,424,188]",False,development_evaluation,2982,9,"[0,1,2,3,4,5,6,7,8]",False,2982.0,"[1685,130,22,0,9,486,7,465,178]","[1685.0,130.0,22.0,0.0,9.0,486.0,7.0,465.0,178.0]","[0.5650570087189806,0.043594902749832326,0.007377598926894702,0.0,0.0030181086519114686,0.16297786720321933,0.002347417840375587,0.15593561368209255,0.059691482226693494]",False,False,"[true,true,true,false,true,true,true,true,true]",1.262990333208126,1e-12,0.5640509725016767,,0.12804403226427624,,,0.5573717511012892
0,audit,D_init,RAC1P,logistic,logistic,False,False,True,False,False,2993,"[1704,173,17,0,4,461,22,424,188]",False,validation_person_weighted,2985,9,"[0,1,2,3,4,5,6,7,8]",True,339532.0,"[1737,144,18,0,11,468,16,409,182]","[196465.0,19737.0,1880.0,0.0,982.0,48456.0,1692.0,49569.0,20751.0]","[0.5786347089523226,0.05813001425491559,0.005537033328228267,0.0,0.002892216344851148,0.14271408880458986,0.00498332999540544,0.14599213034412073,0.061116477975566366]",False,False,"[true,true,true,false,true,true,true,true,true]",1.2722875131963371,1e-12,0.5810085647302758,,0.13034822649972935,,,0.5099748050868986
0,audit,D_init,RAC1P,logistic,logistic,False,False,True,False,False,2993,"[1704,173,17,0,4,461,22,424,188]",False,development_evaluation_person_weighted,2982,9,"[0,1,2,3,4,5,6,7,8]",True,334141.0,"[1685,130,22,0,9,486,7,465,178]","[192470.0,16914.0,1406.0,0.0,1091.0,48866.0,581.0,56173.0,16640.0]","[0.5760143173091599,0.05061934931660586,0.004207804489721405,0.0,0.0032650886901038783,0.14624365163209543,0.0017387869192945493,0.16811166543465184,0.04979933620836713]",False,False,"[true,true,true,false,true,true,true,true,true]",1.2396398823057553,1e-12,0.5732101118988691,,0.12801233313563215,,,0.5609823192499598
0,audit,D_init,RAC1P,mlp_0,mlp,False,True,True,False,False,2993,"[1704,173,17,0,4,461,22,424,188]",False,validation,2985,9,"[0,1,2,3,4,5,6,7,8]",False,2985.0,"[1737,144,18,0,11,468,16,409,182]","[1737.0,144.0,18.0,0.0,11.0,468.0,16.0,409.0,182.0]","[0.5819095477386935,0.04824120603015075,0.006030150753768844,0.0,0.0036850921273031824,0.15678391959798996,0.005360134003350084,0.13701842546063653,0.060971524288107204]",False,False,"[true,true,true,false,true,true,true,true,true]",1.2377141303832635,1e-12,0.5899497487437186,,0.14376329294951107,,,0.5579337778336861
0,audit,D_init,RAC1P,mlp_0,mlp,False,True,True,False,False,2993,"[1704,173,17,0,4,461,22,424,188]",False,development_evaluation,2982,9,"[0,1,2,3,4,5,6,7,8]",False,2982.0,"[1685,130,22,0,9,486,7,465,178]","[1685.0,130.0,22.0,0.0,9.0,486.0,7.0,465.0,178.0]","[0.5650570087189806,0.043594902749832326,0.007377598926894702,0.0,0.0030181086519114686,0.16297786720321933,0.002347417840375587,0.15593561368209255,0.059691482226693494]",False,False,"[true,true,true,false,true,true,true,true,true]",1.2409870852388856,1e-12,0.5674044265593562,,0.1377608506592904,,,0.5759454573185931
0,audit,D_init,RAC1P,mlp_0,mlp,False,True,True,False,False,2993,"[1704,173,17,0,4,461,22,424,188]",False,validation_person_weighted,2985,9,"[0,1,2,3,4,5,6,7,8]",True,339532.0,"[1737,144,18,0,11,468,16,409,182]","[196465.0,19737.0,1880.0,0.0,982.0,48456.0,1692.0,49569.0,20751.0]","[0.5786347089523226,0.05813001425491559,0.005537033328228267,0.0,0.002892216344851148,0.14271408880458986,0.00498332999540544,0.14599213034412073,0.061116477975566366]",False,False,"[true,true,true,false,true,true,true,true,true]",1.2553416492543474,1e-12,0.5825842630444259,,0.14021596625140584,,,0.5549600584957579
0,audit,D_init,RAC1P,mlp_0,mlp,False,True,True,False,False,2993,"[1704,173,17,0,4,461,22,424,188]",False,development_evaluation_person_weighted,2982,9,"[0,1,2,3,4,5,6,7,8]",True,334141.0,"[1685,130,22,0,9,486,7,465,178]","[192470.0,16914.0,1406.0,0.0,1091.0,48866.0,581.0,56173.0,16640.0]","[0.5760143173091599,0.05061934931660586,0.004207804489721405,0.0,0.0032650886901038783,0.14624365163209543,0.0017387869192945493,0.16811166543465184,0.04979933620836713]",False,False,"[true,true,true,false,true,true,true,true,true]",1.2199058934798053,1e-12,0.577887777914114,,0.13889687481834334,,,0.5716412421588535
0,audit,D_init,RAC1P,mlp_1,mlp,False,False,False,False,False,2993,"[1704,173,17,0,4,461,22,424,188]",False,validation,2985,9,"[0,1,2,3,4,5,6,7,8]",False,2985.0,"[1737,144,18,0,11,468,16,409,182]","[1737.0,144.0,18.0,0.0,11.0,468.0,16.0,409.0,182.0]","[0.5819095477386935,0.04824120603015075,0.006030150753768844,0.0,0.0036850921273031824,0.15678391959798996,0.005360134003350084,0.13701842546063653,0.060971524288107204]",False,False,"[true,true,true,false,true,true,true,true,true]",1.2385427863575718,1e-12,0.5909547738693467,,0.13967321808157301,,,0.5469772565002701
0,audit,D_init,RAC1P,mlp_1,mlp,False,False,False,False,False,2993,"[1704,173,17,0,4,461,22,424,188]",False,development_evaluation,2982,9,"[0,1,2,3,4,5,6,7,8]",False,2982.0,"[1685,130,22,0,9,486,7,465,178]","[1685.0,130.0,22.0,0.0,9.0,486.0,7.0,465.0,178.0]","[0.5650570087189806,0.043594902749832326,0.007377598926894702,0.0,0.0030181086519114686,0.16297786720321933,0.002347417840375587,0.15593561368209255,0.059691482226693494]",False,False,"[true,true,true,false,true,true,true,true,true]",1.2375578122883575,1e-12,0.568075117370892,,0.13619947904484667,,,0.5696227861920634
0,audit,D_init,RAC1P,mlp_1,mlp,False,False,False,False,False,2993,"[1704,173,17,0,4,461,22,424,188]",False,validation_person_weighted,2985,9,"[0,1,2,3,4,5,6,7,8]",True,339532.0,"[1737,144,18,0,11,468,16,409,182]","[196465.0,19737.0,1880.0,0.0,982.0,48456.0,1692.0,49569.0,20751.0]","[0.5786347089523226,0.05813001425491559,0.005537033328228267,0.0,0.002892216344851148,0.14271408880458986,0.00498332999540544,0.14599213034412073,0.061116477975566366]",False,False,"[true,true,true,false,true,true,true,true,true]",1.2507806048142287,1e-12,0.5847283908438674,,0.1375324572266186,,,0.5540641979765667
0,audit,D_init,RAC1P,mlp_1,mlp,False,False,False,False,False,2993,"[1704,173,17,0,4,461,22,424,188]",False,development_evaluation_person_weighted,2982,9,"[0,1,2,3,4,5,6,7,8]",True,334141.0,"[1685,130,22,0,9,486,7,465,178]","[192470.0,16914.0,1406.0,0.0,1091.0,48866.0,581.0,56173.0,16640.0]","[0.5760143173091599,0.05061934931660586,0.004207804489721405,0.0,0.0032650886901038783,0.14624365163209543,0.0017387869192945493,0.16811166543465184,0.04979933620836713]",False,False,"[true,true,true,false,true,true,true,true,true]",1.213023010498231,1e-12,0.5769300983716455,,0.13574379025263594,,,0.5621577106624156
0,audit,D_init,RAC1P,hist_gb_20,histgb,False,False,False,False,False,2993,"[1704,173,17,0,4,461,22,424,188]",False,validation,2985,9,"[0,1,2,3,4,5,6,7,8]",False,2985.0,"[1737,144,18,0,11,468,16,409,182]","[1737.0,144.0,18.0,0.0,11.0,468.0,16.0,409.0,182.0]","[0.5819095477386935,0.04824120603015075,0.006030150753768844,0.0,0.0036850921273031824,0.15678391959798996,0.005360134003350084,0.13701842546063653,0.060971524288107204]",False,False,"[true,true,true,false,true,true,true,true,true]",1.4826727384747005,1e-12,0.5343383584589615,,0.15818212196019815,,,0.5551339653716435
0,audit,D_init,RAC1P,hist_gb_20,histgb,False,False,False,False,False,2993,"[1704,173,17,0,4,461,22,424,188]",False,development_evaluation,2982,9,"[0,1,2,3,4,5,6,7,8]",False,2982.0,"[1685,130,22,0,9,486,7,465,178]","[1685.0,130.0,22.0,0.0,9.0,486.0,7.0,465.0,178.0]","[0.5650570087189806,0.043594902749832326,0.007377598926894702,0.0,0.0030181086519114686,0.16297786720321933,0.002347417840375587,0.15593561368209255,0.059691482226693494]",False,False,"[true,true,true,false,true,true,true,true,true]",1.4600136541017854,1e-12,0.528504359490275,,0.15575094448603855,,,0.5601600226508358
0,audit,D_init,RAC1P,hist_gb_20,histgb,False,False,False,False,False,2993,"[1704,173,17,0,4,461,22,424,188]",False,validation_person_weighted,2985,9,"[0,1,2,3,4,5,6,7,8]",True,339532.0,"[1737,144,18,0,11,468,16,409,182]","[196465.0,19737.0,1880.0,0.0,982.0,48456.0,1692.0,49569.0,20751.0]","[0.5786347089523226,0.05813001425491559,0.005537033328228267,0.0,0.002892216344851148,0.14271408880458986,0.00498332999540544,0.14599213034412073,0.061116477975566366]",False,False,"[true,true,true,false,true,true,true,true,true]",1.4895887335487161,1e-12,0.5289663419059175,,0.16225715541584934,,,0.5507319368500563
0,audit,D_init,RAC1P,hist_gb_20,histgb,False,False,False,False,False,2993,"[1704,173,17,0,4,461,22,424,188]",False,development_evaluation_person_weighted,2982,9,"[0,1,2,3,4,5,6,7,8]",True,334141.0,"[1685,130,22,0,9,486,7,465,178]","[192470.0,16914.0,1406.0,0.0,1091.0,48866.0,581.0,56173.0,16640.0]","[0.5760143173091599,0.05061934931660586,0.004207804489721405,0.0,0.0032650886901038783,0.14624365163209543,0.0017387869192945493,0.16811166543465184,0.04979933620836713]",False,False,"[true,true,true,false,true,true,true,true,true]",1.4145636970760398,1e-12,0.5323680721611536,,0.15542202659793347,,,0.5842206609134998
0,audit,D_init,RAC1P,hist_gb_5,histgb,False,False,True,False,False,2993,"[1704,173,17,0,4,461,22,424,188]",False,validation,2985,9,"[0,1,2,3,4,5,6,7,8]",False,2985.0,"[1737,144,18,0,11,468,16,409,182]","[1737.0,144.0,18.0,0.0,11.0,468.0,16.0,409.0,182.0]","[0.5819095477386935,0.04824120603015075,0.006030150753768844,0.0,0.0036850921273031824,0.15678391959798996,0.005360134003350084,0.13701842546063653,0.060971524288107204]",False,False,"[true,true,true,false,true,true,true,true,true]",1.4779930145812483,1e-12,0.5329983249581239,,0.1578302957946495,,,0.5550830917696421
0,audit,D_init,RAC1P,hist_gb_5,histgb,False,False,True,False,False,2993,"[1704,173,17,0,4,461,22,424,188]",False,development_evaluation,2982,9,"[0,1,2,3,4,5,6,7,8]",False,2982.0,"[1685,130,22,0,9,486,7,465,178]","[1685.0,130.0,22.0,0.0,9.0,486.0,7.0,465.0,178.0]","[0.5650570087189806,0.043594902749832326,0.007377598926894702,0.0,0.0030181086519114686,0.16297786720321933,0.002347417840375587,0.15593561368209255,0.059691482226693494]",False,False,"[true,true,true,false,true,true,true,true,true]",1.448598700460472,1e-12,0.5328638497652582,,0.16122453855764715,,,0.5615254935368306
0,audit,D_init,RAC1P,hist_gb_5,histgb,False,False,True,False,False,2993,"[1704,173,17,0,4,461,22,424,188]",False,validation_person_weighted,2985,9,"[0,1,2,3,4,5,6,7,8]",True,339532.0,"[1737,144,18,0,11,468,16,409,182]","[196465.0,19737.0,1880.0,0.0,982.0,48456.0,1692.0,49569.0,20751.0]","[0.5786347089523226,0.05813001425491559,0.005537033328228267,0.0,0.002892216344851148,0.14271408880458986,0.00498332999540544,0.14599213034412073,0.061116477975566366]",False,False,"[true,true,true,false,true,true,true,true,true]",1.4906731421969126,1e-12,0.5295288809302215,,0.1640700577363259,,,0.5351249362020196
0,audit,D_init,RAC1P,hist_gb_5,histgb,False,False,True,False,False,2993,"[1704,173,17,0,4,461,22,424,188]",False,development_evaluation_person_weighted,2982,9,"[0,1,2,3,4,5,6,7,8]",True,334141.0,"[1685,130,22,0,9,486,7,465,178]","[192470.0,16914.0,1406.0,0.0,1091.0,48866.0,581.0,56173.0,16640.0]","[0.5760143173091599,0.05061934931660586,0.004207804489721405,0.0,0.0032650886901038783,0.14624365163209543,0.0017387869192945493,0.16811166543465184,0.04979933620836713]",False,False,"[true,true,true,false,true,true,true,true,true]",1.4047043011526865,1e-12,0.5367344923250963,,0.16143059897516374,,,0.5781179238428713
0,audit,D_init,RAC1P,catchup,catchup,True,False,True,False,False,2993,"[1704,173,17,0,4,461,22,424,188]",False,validation,2985,9,"[0,1,2,3,4,5,6,7,8]",False,2985.0,"[1737,144,18,0,11,468,16,409,182]","[1737.0,144.0,18.0,0.0,11.0,468.0,16.0,409.0,182.0]","[0.5819095477386935,0.04824120603015075,0.006030150753768844,0.0,0.0036850921273031824,0.15678391959798996,0.005360134003350084,0.13701842546063653,0.060971524288107204]",False,False,"[true,true,true,false,true,true,true,true,true]",1.2248357512157337,1e-12,0.5909547738693467,,0.1544375096066239,,,0.5928785826427445
0,audit,D_init,RAC1P,catchup,catchup,True,False,True,False,False,2993,"[1704,173,17,0,4,461,22,424,188]",False,development_evaluation,2982,9,"[0,1,2,3,4,5,6,7,8]",False,2982.0,"[1685,130,22,0,9,486,7,465,178]","[1685.0,130.0,22.0,0.0,9.0,486.0,7.0,465.0,178.0]","[0.5650570087189806,0.043594902749832326,0.007377598926894702,0.0,0.0030181086519114686,0.16297786720321933,0.002347417840375587,0.15593561368209255,0.059691482226693494]",False,False,"[true,true,true,false,true,true,true,true,true]",1.2214732639775736,1e-12,0.573775989268947,,0.1566481831648453,,,0.6088891587082204
0,audit,D_init,RAC1P,catchup,catchup,True,False,True,False,False,2993,"[1704,173,17,0,4,461,22,424,188]",False,validation_person_weighted,2985,9,"[0,1,2,3,4,5,6,7,8]",True,339532.0,"[1737,144,18,0,11,468,16,409,182]","[196465.0,19737.0,1880.0,0.0,982.0,48456.0,1692.0,49569.0,20751.0]","[0.5786347089523226,0.05813001425491559,0.005537033328228267,0.0,0.002892216344851148,0.14271408880458986,0.00498332999540544,0.14599213034412073,0.061116477975566366]",False,False,"[true,true,true,false,true,true,true,true,true]",1.2413080466679782,1e-12,0.5873614269052696,,0.15755850121622883,,,0.5824892940422326
0,audit,D_init,RAC1P,catchup,catchup,True,False,True,False,False,2993,"[1704,173,17,0,4,461,22,424,188]",False,development_evaluation_person_weighted,2982,9,"[0,1,2,3,4,5,6,7,8]",True,334141.0,"[1685,130,22,0,9,486,7,465,178]","[192470.0,16914.0,1406.0,0.0,1091.0,48866.0,581.0,56173.0,16640.0]","[0.5760143173091599,0.05061934931660586,0.004207804489721405,0.0,0.0032650886901038783,0.14624365163209543,0.0017387869192945493,0.16811166543465184,0.04979933620836713]",False,False,"[true,true,true,false,true,true,true,true,true]",1.205714957430203,1e-12,0.5771096632858583,,0.1564217926899414,,,0.5805789955624064
0,audit,D_init,RAC1P,saved_adversary,saved_adversary,False,False,True,False,True,0,,,validation,2985,9,"[0,1,2,3,4,5,6,7,8]",False,2985.0,"[1737,144,18,0,11,468,16,409,182]","[1737.0,144.0,18.0,0.0,11.0,468.0,16.0,409.0,182.0]","[0.5819095477386935,0.04824120603015075,0.006030150753768844,0.0,0.0036850921273031824,0.15678391959798996,0.005360134003350084,0.13701842546063653,0.060971524288107204]",False,False,"[true,true,true,false,true,true,true,true,true]",1.2475964207424426,1e-12,0.5822445561139028,,0.15687332652166952,,,0.6212336157058278
0,audit,D_init,RAC1P,saved_adversary,saved_adversary,False,False,True,False,True,0,,,development_evaluation,2982,9,"[0,1,2,3,4,5,6,7,8]",False,2982.0,"[1685,130,22,0,9,486,7,465,178]","[1685.0,130.0,22.0,0.0,9.0,486.0,7.0,465.0,178.0]","[0.5650570087189806,0.043594902749832326,0.007377598926894702,0.0,0.0030181086519114686,0.16297786720321933,0.002347417840375587,0.15593561368209255,0.059691482226693494]",False,False,"[true,true,true,false,true,true,true,true,true]",1.2574234944158307,1e-12,0.5663983903420523,,0.15914215568171713,,,0.5958090375368131
0,audit,D_init,RAC1P,saved_adversary,saved_adversary,False,False,True,False,True,0,,,validation_person_weighted,2985,9,"[0,1,2,3,4,5,6,7,8]",True,339532.0,"[1737,144,18,0,11,468,16,409,182]","[196465.0,19737.0,1880.0,0.0,982.0,48456.0,1692.0,49569.0,20751.0]","[0.5786347089523226,0.05813001425491559,0.005537033328228267,0.0,0.002892216344851148,0.14271408880458986,0.00498332999540544,0.14599213034412073,0.061116477975566366]",False,False,"[true,true,true,false,true,true,true,true,true]",1.28300810647397,1e-12,0.580431299553503,,0.16045301968922185,,,0.5916603516164517
0,audit,D_init,RAC1P,saved_adversary,saved_adversary,False,False,True,False,True,0,,,development_evaluation_person_weighted,2982,9,"[0,1,2,3,4,5,6,7,8]",True,334141.0,"[1685,130,22,0,9,486,7,465,178]","[192470.0,16914.0,1406.0,0.0,1091.0,48866.0,581.0,56173.0,16640.0]","[0.5760143173091599,0.05061934931660586,0.004207804489721405,0.0,0.0032650886901038783,0.14624365163209543,0.0017387869192945493,0.16811166543465184,0.04979933620836713]",False,False,"[true,true,true,false,true,true,true,true,true]",1.2431254011643045,1e-12,0.5703909427457271,,0.1597662979723588,,,0.5650921429182001
1,transfer,I,same_residence,logistic,logistic,True,True,True,True,False,2048,"[495,1553]",True,validation,3041,2,"[0,1]",False,3041.0,"[670,2371]","[670.0,2371.0]","[0.22032226241367972,0.7796777375863203]",True,True,"[true,true]",0.5011091657492793,1e-12,0.772114436040776,0.5251314074922729,0.5251314074922729,0.6746630617473577,0.6746630617473577,0.6746630617473577
1,transfer,I,same_residence,logistic,logistic,True,True,True,True,False,2048,"[495,1553]",True,development_evaluation,3015,2,"[0,1]",False,3015.0,"[694,2321]","[694.0,2321.0]","[0.23018242122719734,0.7698175787728027]",True,True,"[true,true]",0.49264429553259353,1e-12,0.7671641791044777,0.524538513782815,0.524538513782815,0.7068750799305178,0.7068750799305179,0.7068750799305179
1,transfer,I,same_residence,logistic,logistic,True,True,True,True,False,2048,"[495,1553]",True,validation_person_weighted,3041,2,"[0,1]",True,335995.0,"[670,2371]","[67120.0,268875.0]","[0.19976487745353352,0.8002351225464664]",True,True,"[true,true]",0.4791516792214358,1e-12,0.7962945877170792,0.5345364066883546,0.5345364066883546,0.674424981146336,0.674424981146336,0.674424981146336
1,transfer,I,same_residence,logistic,logistic,True,True,True,True,False,2048,"[495,1553]",True,development_evaluation_person_weighted,3015,2,"[0,1]",True,354273.0,"[694,2321]","[71369.0,282904.0]","[0.2014519875914902,0.7985480124085098]",True,True,"[true,true]",0.4670250675702349,1e-12,0.7914461446398682,0.5221908253092388,0.5221908253092388,0.6971010867927127,0.6971010867927127,0.6971010867927127
1,transfer,I,same_residence,mlp,mlp,False,False,True,False,False,2048,"[495,1553]",True,validation,3041,2,"[0,1]",False,3041.0,"[670,2371]","[670.0,2371.0]","[0.22032226241367972,0.7796777375863203]",True,True,"[true,true]",0.5018435652754952,1e-12,0.7796777375863203,0.5,0.5,0.6597093612494256,0.6597093612494256,0.6597093612494256
1,transfer,I,same_residence,mlp,mlp,False,False,True,False,False,2048,"[495,1553]",True,development_evaluation,3015,2,"[0,1]",False,3015.0,"[694,2321]","[694.0,2321.0]","[0.23018242122719734,0.7698175787728027]",True,True,"[true,true]",0.49856068851271546,1e-12,0.7698175787728027,0.5,0.5,0.6934864853790785,0.6934864853790785,0.6934864853790785
1,transfer,I,same_residence,mlp,mlp,False,False,True,False,False,2048,"[495,1553]",True,validation_person_weighted,3041,2,"[0,1]",True,335995.0,"[670,2371]","[67120.0,268875.0]","[0.19976487745353352,0.8002351225464664]",True,True,"[true,true]",0.47941941882507877,1e-12,0.8002351225464664,0.5,0.5,0.6595543928067384,0.6595543928067384,0.6595543928067384
1,transfer,I,same_residence,mlp,mlp,False,False,True,False,False,2048,"[495,1553]",True,development_evaluation_person_weighted,3015,2,"[0,1]",True,354273.0,"[694,2321]","[71369.0,282904.0]","[0.2014519875914902,0.7985480124085098]",True,True,"[true,true]",0.47106020667889886,1e-12,0.7985480124085098,0.5,0.5,0.6821394459587049,0.6821394459587049,0.6821394459587049
1,transfer,I,commute_over20,logistic,logistic,True,True,True,True,False,2048,"[990,1058]",True,validation,2018,2,"[0,1]",False,2018.0,"[995,1023]","[995.0,1023.0]","[0.4930624380574827,0.5069375619425174]",True,True,"[true,true]",0.679237767411338,1e-12,0.5723488602576808,0.571461903849649,0.571461903849649,0.5992003025882099,0.5992003025882099,0.5992003025882099
1,transfer,I,commute_over20,logistic,logistic,True,True,True,True,False,2048,"[990,1058]",True,development_evaluation,2022,2,"[0,1]",False,2022.0,"[997,1025]","[997.0,1025.0]","[0.4930761622156281,0.5069238377843719]",True,True,"[true,true]",0.6816442102047761,1e-12,0.566271018793274,0.5652631063923478,0.5652631063923478,0.5846510262494802,0.5846510262494802,0.5846510262494802
1,transfer,I,commute_over20,logistic,logistic,True,True,True,True,False,2048,"[990,1058]",True,validation_person_weighted,2018,2,"[0,1]",True,226159.0,"[995,1023]","[110348.0,115811.0]","[0.4879222140175717,0.5120777859824283]",True,True,"[true,true]",0.6743147355255775,1e-12,0.5858931105991803,0.58458328007478,0.58458328007478,0.6152779659126751,0.6152779659126751,0.6152779659126751
1,transfer,I,commute_over20,logistic,logistic,True,True,True,True,False,2048,"[990,1058]",True,development_evaluation_person_weighted,2022,2,"[0,1]",True,240295.0,"[997,1025]","[117360.0,122935.0]","[0.48839967539898876,0.5116003246010112]",True,True,"[true,true]",0.6842162669266866,1e-12,0.5606400466093759,0.5590430657820986,0.5590430657820986,0.5745283051816971,0.5745283051816971,0.5745283051816971
1,transfer,I,commute_over20,mlp,mlp,False,False,True,False,False,2048,"[990,1058]",True,validation,2018,2,"[0,1]",False,2018.0,"[995,1023]","[995.0,1023.0]","[0.4930624380574827,0.5069375619425174]",True,True,"[true,true]",0.6799872244401016,1e-12,0.5738354806739346,0.5725568212519095,0.5725568212519095,0.5950475741365675,0.5950475741365675,0.5950475741365675
1,transfer,I,commute_over20,mlp,mlp,False,False,True,False,False,2048,"[990,1058]",True,development_evaluation,2022,2,"[0,1]",False,2022.0,"[997,1025]","[997.0,1025.0]","[0.4930761622156281,0.5069238377843719]",True,True,"[true,true]",0.6797498121070469,1e-12,0.566271018793274,0.564811018421117,0.564811018421117,0.5905291484208723,0.5905291484208723,0.5905291484208723
1,transfer,I,commute_over20,mlp,mlp,False,False,True,False,False,2048,"[990,1058]",True,validation_person_weighted,2018,2,"[0,1]",True,226159.0,"[995,1023]","[110348.0,115811.0]","[0.4879222140175717,0.5120777859824283]",True,True,"[true,true]",0.6756409045498748,1e-12,0.5851502703849947,0.5831994257316344,0.5831994257316344,0.6090279904382592,0.6090279904382592,0.6090279904382592
1,transfer,I,commute_over20,mlp,mlp,False,False,True,False,False,2048,"[990,1058]",True,development_evaluation_person_weighted,2022,2,"[0,1]",True,240295.0,"[997,1025]","[117360.0,122935.0]","[0.48839967539898876,0.5116003246010112]",True,True,"[true,true]",0.6830363534760955,1e-12,0.5485798705757506,0.5459873762477048,0.5459873762477048,0.5769421338466477,0.5769421338466476,0.5769421338466476
1,transfer,I,income_binary,logistic,logistic,False,False,True,False,False,2048,"[1658,390]",True,validation,3041,2,"[0,1]",False,3041.0,"[2488,553]","[2488.0,553.0]","[0.8181519237093061,0.18184807629069386]",True,True,"[true,true]",0.314419311901228,1e-12,0.8569549490299244,0.728343426385166,0.728343426385166,0.8866123395917038,0.8866123395917038,0.8866123395917038
1,transfer,I,income_binary,logistic,logistic,False,False,True,False,False,2048,"[1658,390]",True,development_evaluation,3015,2,"[0,1]",False,3015.0,"[2449,566]","[2449.0,566.0]","[0.8122719734660033,0.18772802653399667]",True,True,"[true,true]",0.29041152201383963,1e-12,0.872636815920398,0.743643110983498,0.743643110983498,0.9064664743812647,0.9064664743812647,0.9064664743812647
1,transfer,I,income_binary,logistic,logistic,False,False,True,False,False,2048,"[1658,390]",True,validation_person_weighted,3041,2,"[0,1]",True,335995.0,"[2488,553]","[276042.0,59953.0]","[0.821565797110076,0.17843420288992395]",True,True,"[true,true]",0.3154078992836205,1e-12,0.8590425452759713,0.7190954373795824,0.7190954373795824,0.8833733765888376,0.8833733765888376,0.8833733765888376
1,transfer,I,income_binary,logistic,logistic,False,False,True,False,False,2048,"[1658,390]",True,development_evaluation_person_weighted,3015,2,"[0,1]",True,354273.0,"[2449,566]","[286491.0,67782.0]","[0.8086729725381274,0.19132702746187263]",True,True,"[true,true]",0.2991201049602365,1e-12,0.8721494440727913,0.7395425986125304,0.7395425986125304,0.9007208362955571,0.9007208362955572,0.9007208362955572
1,transfer,I,income_binary,mlp,mlp,True,True,True,True,False,2048,"[1658,390]",True,validation,3041,2,"[0,1]",False,3041.0,"[2488,553]","[2488.0,553.0]","[0.8181519237093061,0.18184807629069386]",True,True,"[true,true]",0.30890319588018883,1e-12,0.8536665570536008,0.7411008646203404,0.7411008646203404,0.8903925097247984,0.8903925097247984,0.8903925097247984
1,transfer,I,income_binary,mlp,mlp,True,True,True,True,False,2048,"[1658,390]",True,development_evaluation,3015,2,"[0,1]",False,3015.0,"[2449,566]","[2449.0,566.0]","[0.8122719734660033,0.18772802653399667]",True,True,"[true,true]",0.2857877001731348,1e-12,0.8719734660033167,0.7568193262700431,0.7568193262700431,0.909562134685391,0.909562134685391,0.909562134685391
1,transfer,I,income_binary,mlp,mlp,True,True,True,True,False,2048,"[1658,390]",True,validation_person_weighted,3041,2,"[0,1]",True,335995.0,"[2488,553]","[276042.0,59953.0]","[0.821565797110076,0.17843420288992395]",True,True,"[true,true]",0.31019939635396626,1e-12,0.8517210077530916,0.7264889077084826,0.7264889077084826,0.8867484996231642,0.8867484996231642,0.8867484996231642
1,transfer,I,income_binary,mlp,mlp,True,True,True,True,False,2048,"[1658,390]",True,development_evaluation_person_weighted,3015,2,"[0,1]",True,354273.0,"[2449,566]","[286491.0,67782.0]","[0.8086729725381274,0.19132702746187263]",True,True,"[true,true]",0.29394896975496915,1e-12,0.8685618153232112,0.7447014265561684,0.7447014265561684,0.9052121002167348,0.9052121002167348,0.9052121002167348
1,transfer,I,civilian_at_work,logistic,logistic,False,False,True,False,False,2048,"[671,1377]",True,validation,3041,2,"[0,1]",False,3041.0,"[993,2048]","[993.0,2048.0]","[0.32653732324893125,0.6734626767510687]",True,True,"[true,true]",0.3095906026134484,1e-12,0.8835909240381453,0.8279774830060422,0.8279774830060422,0.8843186485083082,0.8843186485083081,0.8843186485083081
1,transfer,I,civilian_at_work,logistic,logistic,False,False,True,False,False,2048,"[671,1377]",True,development_evaluation,3015,2,"[0,1]",False,3015.0,"[962,2053]","[962.0,2053.0]","[0.31907131011608625,0.6809286898839138]",True,True,"[true,true]",0.29180818642534245,1e-12,0.8898839137645108,0.8360051666189026,0.8360051666189026,0.895141788346854,0.8951417883468541,0.8951417883468541
1,transfer,I,civilian_at_work,logistic,logistic,False,False,True,False,False,2048,"[671,1377]",True,validation_person_weighted,3041,2,"[0,1]",True,335995.0,"[993,2048]","[104940.0,231055.0]","[0.31232607628089704,0.687673923719103]",True,True,"[true,true]",0.3057628719628918,1e-12,0.8930103126534621,0.8331318602525368,0.8331318602525368,0.8733894407261772,0.8733894407261772,0.8733894407261772
1,transfer,I,civilian_at_work,logistic,logistic,False,False,True,False,False,2048,"[671,1377]",True,development_evaluation_person_weighted,3015,2,"[0,1]",True,354273.0,"[962,2053]","[108469.0,245804.0]","[0.30617348767758196,0.693826512322418]",True,True,"[true,true]",0.2745613339635249,1e-12,0.9069559351121875,0.8525655859548502,0.8525655859548502,0.8913066901882082,0.8913066901882083,0.8913066901882083
1,transfer,I,civilian_at_work,mlp,mlp,True,True,True,True,False,2048,"[671,1377]",True,validation,3041,2,"[0,1]",False,3041.0,"[993,2048]","[993.0,2048.0]","[0.32653732324893125,0.6734626767510687]",True,True,"[true,true]",0.2957800222429192,1e-12,0.8927984215718514,0.8462263186052367,0.8462263186052367,0.8974692967963243,0.8974692967963243,0.8974692967963243
1,transfer,I,civilian_at_work,mlp,mlp,True,True,True,True,False,2048,"[671,1377]",True,development_evaluation,3015,2,"[0,1]",False,3015.0,"[962,2053]","[962.0,2053.0]","[0.31907131011608625,0.6809286898839138]",True,True,"[true,true]",0.2852384313205195,1e-12,0.900497512437811,0.8565040461046306,0.8565040461046306,0.9018438611716741,0.9018439877548499,0.9018439877548499
1,transfer,I,civilian_at_work,mlp,mlp,True,True,True,True,False,2048,"[671,1377]",True,validation_person_weighted,3041,2,"[0,1]",True,335995.0,"[993,2048]","[104940.0,231055.0]","[0.31232607628089704,0.687673923719103]",True,True,"[true,true]",0.29791268567418994,1e-12,0.8963615529993005,0.8436330956531672,0.8436330956531672,0.8851029248809448,0.8851029248809448,0.8851029248809448
1,transfer,I,civilian_at_work,mlp,mlp,True,True,True,True,False,2048,"[671,1377]",True,development_evaluation_person_weighted,3015,2,"[0,1]",True,354273.0,"[962,2053]","[108469.0,245804.0]","[0.30617348767758196,0.693826512322418]",True,True,"[true,true]",0.2732399653540738,1e-12,0.9089628619736757,0.8601904150070594,0.8601904150070594,0.8969592789915718,0.8969594781036896,0.8969594781036896
1,transfer,I,public_coverage,logistic,logistic,False,False,True,False,False,2048,"[1565,483]",True,validation,3041,2,"[0,1]",False,3041.0,"[2274,767]","[2274.0,767.0]","[0.7477803354159815,0.2522196645840184]",True,True,"[true,true]",0.5018970259683694,1e-12,0.7609339033212759,0.5450842182875634,0.5450842182875634,0.7277113082645036,0.7277113082645037,0.7277113082645037
1,transfer,I,public_coverage,logistic,logistic,False,False,True,False,False,2048,"[1565,483]",True,development_evaluation,3015,2,"[0,1]",False,3015.0,"[2275,740]","[2275.0,740.0]","[0.7545605306799337,0.24543946932006633]",True,True,"[true,true]",0.5065834583307077,1e-12,0.7658374792703151,0.5402970002970002,0.5402970002970002,0.7036931986931987,0.7036931986931987,0.7036931986931987
1,transfer,I,public_coverage,logistic,logistic,False,False,True,False,False,2048,"[1565,483]",True,validation_person_weighted,3041,2,"[0,1]",True,335995.0,"[2274,767]","[249374.0,86621.0]","[0.7421955683864343,0.2578044316135657]",True,True,"[true,true]",0.5122402433831015,1e-12,0.754424917037456,0.5422079384788075,0.5422079384788075,0.7201615216907056,0.7201615216907056,0.7201615216907056
1,transfer,I,public_coverage,logistic,logistic,False,False,True,False,False,2048,"[1565,483]",True,development_evaluation_person_weighted,3015,2,"[0,1]",True,354273.0,"[2275,740]","[266128.0,88145.0]","[0.7511947001323838,0.2488052998676162]",True,True,"[true,true]",0.5072062390728587,1e-12,0.7645375176770457,0.5429862149538551,0.5429862149538551,0.7086425103696703,0.7086425103696704,0.7086425103696704
1,transfer,I,public_coverage,mlp,mlp,True,True,True,True,False,2048,"[1565,483]",True,validation,3041,2,"[0,1]",False,3041.0,"[2274,767]","[2274.0,767.0]","[0.7477803354159815,0.2522196645840184]",True,True,"[true,true]",0.4901067705405703,1e-12,0.7724432752384084,0.577836698280775,0.577836698280775,0.7454258731147064,0.7454258731147063,0.7454258731147063
1,transfer,I,public_coverage,mlp,mlp,True,True,True,True,False,2048,"[1565,483]",True,development_evaluation,3015,2,"[0,1]",False,3015.0,"[2275,740]","[2275.0,740.0]","[0.7545605306799337,0.24543946932006633]",True,True,"[true,true]",0.49859328337947295,1e-12,0.7718076285240464,0.5624888624888624,0.5624888624888624,0.7175304425304425,0.7175304425304425,0.7175304425304425
1,transfer,I,public_coverage,mlp,mlp,True,True,True,True,False,2048,"[1565,483]",True,validation_person_weighted,3041,2,"[0,1]",True,335995.0,"[2274,767]","[249374.0,86621.0]","[0.7421955683864343,0.2578044316135657]",True,True,"[true,true]",0.5020496852701766,1e-12,0.7604666736112144,0.5624961489848735,0.5624961489848735,0.735260444596673,0.735260444596673,0.735260444596673
1,transfer,I,public_coverage,mlp,mlp,True,True,True,True,False,2048,"[1565,483]",True,development_evaluation_person_weighted,3015,2,"[0,1]",True,354273.0,"[2275,740]","[266128.0,88145.0]","[0.7511947001323838,0.2488052998676162]",True,True,"[true,true]",0.5024074327658344,1e-12,0.7689832417373043,0.5626412868672238,0.5626412868672238,0.7151625382199946,0.7151625382199946,0.7151625382199946
1,transfer,W,same_residence,logistic,logistic,False,False,True,False,False,2048,"[495,1553]",True,validation,3041,2,"[0,1]",False,3041.0,"[670,2371]","[670.0,2371.0]","[0.22032226241367972,0.7796777375863203]",True,True,"[true,true]",0.5117594584533014,1e-12,0.7750739888194673,0.522210856304727,0.522210856304727,0.6383171657528469,0.6383171657528469,0.6383171657528469
1,transfer,W,same_residence,logistic,logistic,False,False,True,False,False,2048,"[495,1553]",True,development_evaluation,3015,2,"[0,1]",False,3015.0,"[694,2321]","[694.0,2321.0]","[0.23018242122719734,0.7698175787728027]",True,True,"[true,true]",0.5097887305575362,1e-12,0.7684908789386401,0.5203498442363733,0.5203498442363733,0.6714610491602173,0.6714610491602173,0.6714610491602173
1,transfer,W,same_residence,logistic,logistic,False,False,True,False,False,2048,"[495,1553]",True,validation_person_weighted,3041,2,"[0,1]",True,335995.0,"[670,2371]","[67120.0,268875.0]","[0.19976487745353352,0.8002351225464664]",True,True,"[true,true]",0.4867559266042789,1e-12,0.7943451539457432,0.5226475467518226,0.5226475467518226,0.6406974381735578,0.640697438173558,0.640697438173558
1,transfer,W,same_residence,logistic,logistic,False,False,True,False,False,2048,"[495,1553]",True,development_evaluation_person_weighted,3015,2,"[0,1]",True,354273.0,"[694,2321]","[71369.0,282904.0]","[0.2014519875914902,0.7985480124085098]",True,True,"[true,true]",0.47687065752294544,1e-12,0.7937494531053736,0.5134337311969654,0.5134337311969654,0.6773964652229882,0.6773964652229882,0.6773964652229882
1,transfer,W,same_residence,mlp,mlp,True,True,True,True,False,2048,"[495,1553]",True,validation,3041,2,"[0,1]",False,3041.0,"[670,2371]","[670.0,2371.0]","[0.22032226241367972,0.7796777375863203]",True,True,"[true,true]",0.4926099305413068,1e-12,0.7793488983886879,0.5179922823671604,0.5179922823671604,0.6878302498473469,0.687830249847347,0.687830249847347
1,transfer,W,same_residence,mlp,mlp,True,True,True,True,False,2048,"[495,1553]",True,development_evaluation,3015,2,"[0,1]",False,3015.0,"[694,2321]","[694.0,2321.0]","[0.23018242122719734,0.7698175787728027]",True,True,"[true,true]",0.49295714277920766,1e-12,0.7737976782752902,0.5212714508677195,0.5212714508677195,0.7081980464050202,0.7081980464050202,0.7081980464050202
1,transfer,W,same_residence,mlp,mlp,True,True,True,True,False,2048,"[495,1553]",True,validation_person_weighted,3041,2,"[0,1]",True,335995.0,"[670,2371]","[67120.0,268875.0]","[0.19976487745353352,0.8002351225464664]",True,True,"[true,true]",0.47072195706327213,1e-12,0.7990862959270227,0.5156769142771968,0.5156769142771968,0.6855431104195793,0.6855431104195793,0.6855431104195793
1,transfer,W,same_residence,mlp,mlp,True,True,True,True,False,2048,"[495,1553]",True,development_evaluation_person_weighted,3015,2,"[0,1]",True,354273.0,"[694,2321]","[71369.0,282904.0]","[0.2014519875914902,0.7985480124085098]",True,True,"[true,true]",0.460673101644363,1e-12,0.7996940212773764,0.5113254371396826,0.5113254371396826,0.707769756251351,0.707769756251351,0.707769756251351
1,transfer,W,commute_over20,logistic,logistic,False,False,True,False,False,2048,"[990,1058]",True,validation,2018,2,"[0,1]",False,2018.0,"[995,1023]","[995.0,1023.0]","[0.4930624380574827,0.5069375619425174]",True,True,"[true,true]",0.6751092507277962,1e-12,0.5812685827552032,0.5794068092171513,0.5794068092171513,0.6024344596884716,0.6024344596884716,0.6024344596884716
1,transfer,W,commute_over20,logistic,logistic,False,False,True,False,False,2048,"[990,1058]",True,development_evaluation,2022,2,"[0,1]",False,2022.0,"[997,1025]","[997.0,1025.0]","[0.4930761622156281,0.5069238377843719]",True,True,"[true,true]",0.6818369507229943,1e-12,0.5652818991097923,0.5632052254323947,0.5632052254323947,0.5794989847591555,0.5794989847591555,0.5794989847591555
1,transfer,W,commute_over20,logistic,logistic,False,False,True,False,False,2048,"[990,1058]",True,validation_person_weighted,2018,2,"[0,1]",True,226159.0,"[995,1023]","[110348.0,115811.0]","[0.4879222140175717,0.5120777859824283]",True,True,"[true,true]",0.6741595271620477,1e-12,0.5894702399639192,0.5860540542064263,0.5860540542064263,0.6079662431854751,0.6079662431854751,0.6079662431854751
1,transfer,W,commute_over20,logistic,logistic,False,False,True,False,False,2048,"[990,1058]",True,development_evaluation_person_weighted,2022,2,"[0,1]",True,240295.0,"[997,1025]","[117360.0,122935.0]","[0.48839967539898876,0.5116003246010112]",True,True,"[true,true]",0.6865932396970497,1e-12,0.550810462140286,0.546808576594683,0.546808576594683,0.5625339865775523,0.5625339865775523,0.5625339865775523
1,transfer,W,commute_over20,mlp,mlp,True,True,True,True,False,2048,"[990,1058]",True,validation,2018,2,"[0,1]",False,2018.0,"[995,1023]","[995.0,1023.0]","[0.4930624380574827,0.5069375619425174]",True,True,"[true,true]",0.6743718345666706,1e-12,0.5718533201189296,0.5701066426953929,0.5701066426953929,0.6043010752688173,0.6043010752688172,0.6043010752688172
1,transfer,W,commute_over20,mlp,mlp,True,True,True,True,False,2048,"[990,1058]",True,development_evaluation,2022,2,"[0,1]",False,2022.0,"[997,1025]","[997.0,1025.0]","[0.4930761622156281,0.5069238377843719]",True,True,"[true,true]",0.679640685710442,1e-12,0.5642927794263106,0.5625584069281013,0.5625584069281013,0.5893137950436675,0.5893137950436675,0.5893137950436675
1,transfer,W,commute_over20,mlp,mlp,True,True,True,True,False,2048,"[990,1058]",True,validation_person_weighted,2018,2,"[0,1]",True,226159.0,"[995,1023]","[110348.0,115811.0]","[0.4879222140175717,0.5120777859824283]",True,True,"[true,true]",0.672565289758775,1e-12,0.5766960412806919,0.5736042297404029,0.5736042297404029,0.608610944708742,0.608610944708742,0.608610944708742
1,transfer,W,commute_over20,mlp,mlp,True,True,True,True,False,2048,"[990,1058]",True,development_evaluation_person_weighted,2022,2,"[0,1]",True,240295.0,"[997,1025]","[117360.0,122935.0]","[0.48839967539898876,0.5116003246010112]",True,True,"[true,true]",0.6834830971874847,1e-12,0.5537776483072889,0.5503667338002534,0.5503667338002534,0.5770005465407828,0.5770005465407828,0.5770005465407828
1,transfer,W,income_binary,logistic,logistic,False,False,True,False,False,2048,"[1658,390]",True,validation,3041,2,"[0,1]",False,3041.0,"[2488,553]","[2488.0,553.0]","[0.8181519237093061,0.18184807629069386]",True,True,"[true,true]",0.29193154552204276,1e-12,0.8592568234133509,0.7388917073199095,0.7388917073199095,0.9014132210741759,0.9014132210741759,0.9014132210741759
1,transfer,W,income_binary,logistic,logistic,False,False,True,False,False,2048,"[1658,390]",True,development_evaluation,3015,2,"[0,1]",False,3015.0,"[2449,566]","[2449.0,566.0]","[0.8122719734660033,0.18772802653399667]",True,True,"[true,true]",0.27675307019329215,1e-12,0.875290215588723,0.7642947940098144,0.7642947940098144,0.9154295327868734,0.9154295327868736,0.9154295327868736
1,transfer,W,income_binary,logistic,logistic,False,False,True,False,False,2048,"[1658,390]",True,validation_person_weighted,3041,2,"[0,1]",True,335995.0,"[2488,553]","[276042.0,59953.0]","[0.821565797110076,0.17843420288992395]",True,True,"[true,true]",0.28906101897302616,1e-12,0.8588907573029361,0.7305194182067891,0.7305194182067891,0.9019076626966324,0.9019076626966323,0.9019076626966323
1,transfer,W,income_binary,logistic,logistic,False,False,True,False,False,2048,"[1658,390]",True,development_evaluation_person_weighted,3015,2,"[0,1]",True,354273.0,"[2449,566]","[286491.0,67782.0]","[0.8086729725381274,0.19132702746187263]",True,True,"[true,true]",0.2859065822360162,1e-12,0.8753983509892089,0.7524592819334334,0.7524592819334334,0.910186123001046,0.910186123001046,0.910186123001046
1,transfer,W,income_binary,mlp,mlp,True,True,True,True,False,2048,"[1658,390]",True,validation,3041,2,"[0,1]",False,3041.0,"[2488,553]","[2488.0,553.0]","[0.8181519237093061,0.18184807629069386]",True,True,"[true,true]",0.29121484687428856,1e-12,0.8618875369944098,0.7468281748777494,0.7468281748777494,0.9021545734171401,0.9021545734171401,0.9021545734171401
1,transfer,W,income_binary,mlp,mlp,True,True,True,True,False,2048,"[1658,390]",True,development_evaluation,3015,2,"[0,1]",False,3015.0,"[2449,566]","[2449.0,566.0]","[0.8122719734660033,0.18772802653399667]",True,True,"[true,true]",0.27536857704038414,1e-12,0.876285240464345,0.768982652470829,0.768982652470829,0.9161920853250841,0.9161922656828272,0.9161922656828272
1,transfer,W,income_binary,mlp,mlp,True,True,True,True,False,2048,"[1658,390]",True,validation_person_weighted,3041,2,"[0,1]",True,335995.0,"[2488,553]","[276042.0,59953.0]","[0.821565797110076,0.17843420288992395]",True,True,"[true,true]",0.28854692288581524,1e-12,0.8599086295927023,0.7397500435218283,0.7397500435218283,0.9024205577927676,0.9024205577927675,0.9024205577927675
1,transfer,W,income_binary,mlp,mlp,True,True,True,True,False,2048,"[1658,390]",True,development_evaluation_person_weighted,3015,2,"[0,1]",True,354273.0,"[2449,566]","[286491.0,67782.0]","[0.8086729725381274,0.19132702746187263]",True,True,"[true,true]",0.2884232271803693,1e-12,0.8715651489105859,0.7503482663034696,0.7503482663034696,0.9095265609115603,0.9095267635874751,0.9095267635874751
1,transfer,W,civilian_at_work,logistic,logistic,True,True,True,True,False,2048,"[671,1377]",True,validation,3041,2,"[0,1]",False,3041.0,"[993,2048]","[993.0,2048.0]","[0.32653732324893125,0.6734626767510687]",True,True,"[true,true]",0.28532640545751375,1e-12,0.898059848733969,0.8527264090823263,0.8527264090823263,0.901484709371853,0.901484709371853,0.901484709371853
1,transfer,W,civilian_at_work,logistic,logistic,True,True,True,True,False,2048,"[671,1377]",True,development_evaluation,3015,2,"[0,1]",False,3015.0,"[962,2053]","[962.0,2053.0]","[0.31907131011608625,0.6809286898839138]",True,True,"[true,true]",0.27410556299560523,1e-12,0.9034825870646767,0.8600769828241821,0.8600769828241821,0.9062426265300109,0.9062426265300108,0.9062426265300108
1,transfer,W,civilian_at_work,logistic,logistic,True,True,True,True,False,2048,"[671,1377]",True,validation_person_weighted,3041,2,"[0,1]",True,335995.0,"[993,2048]","[104940.0,231055.0]","[0.31232607628089704,0.687673923719103]",True,True,"[true,true]",0.28904019367552775,1e-12,0.8976234765398294,0.8445610286731897,0.8445610286731897,0.8910139795659007,0.8910139795659007,0.8910139795659007
1,transfer,W,civilian_at_work,logistic,logistic,True,True,True,True,False,2048,"[671,1377]",True,development_evaluation_person_weighted,3015,2,"[0,1]",True,354273.0,"[962,2053]","[108469.0,245804.0]","[0.30617348767758196,0.693826512322418]",True,True,"[true,true]",0.26602911495895654,1e-12,0.9110883414767708,0.8625900569040833,0.8625900569040833,0.8996896632848987,0.8996896632848987,0.8996896632848987
1,transfer,W,civilian_at_work,mlp,mlp,False,False,True,False,False,2048,"[671,1377]",True,validation,3041,2,"[0,1]",False,3041.0,"[993,2048]","[993.0,2048.0]","[0.32653732324893125,0.6734626767510687]",True,True,"[true,true]",0.2854516095020141,1e-12,0.8983886879316014,0.8532299337550353,0.8532299337550353,0.9005445343970292,0.9005445343970291,0.9005445343970291
1,transfer,W,civilian_at_work,mlp,mlp,False,False,True,False,False,2048,"[671,1377]",True,development_evaluation,3015,2,"[0,1]",False,3015.0,"[962,2053]","[962.0,2053.0]","[0.31907131011608625,0.6809286898839138]",True,True,"[true,true]",0.27305026137604405,1e-12,0.9061359867330017,0.8625777600448814,0.8625777600448814,0.9062087022389019,0.906208702238902,0.906208702238902
1,transfer,W,civilian_at_work,mlp,mlp,False,False,True,False,False,2048,"[671,1377]",True,validation_person_weighted,3041,2,"[0,1]",True,335995.0,"[993,2048]","[104940.0,231055.0]","[0.31232607628089704,0.687673923719103]",True,True,"[true,true]",0.2902354619325748,1e-12,0.8983347966487597,0.8452394612588952,0.8452394612588952,0.8890075344316942,0.8890075344316942,0.8890075344316942
1,transfer,W,civilian_at_work,mlp,mlp,False,False,True,False,False,2048,"[671,1377]",True,development_evaluation_person_weighted,3015,2,"[0,1]",True,354273.0,"[962,2053]","[108469.0,245804.0]","[0.30617348767758196,0.693826512322418]",True,True,"[true,true]",0.26567782271687074,1e-12,0.9122738678928397,0.8634753017849927,0.8634753017849927,0.8992713024614395,0.8992713024614395,0.8992713024614395
1,transfer,W,public_coverage,logistic,logistic,True,True,True,True,False,2048,"[1565,483]",True,validation,3041,2,"[0,1]",False,3041.0,"[2274,767]","[2274.0,767.0]","[0.7477803354159815,0.2522196645840184]",True,True,"[true,true]",0.48167271125781685,1e-12,0.7747451496218349,0.5849920133382411,0.5849920133382411,0.7550167473359638,0.7550167473359637,0.7550167473359637
1,transfer,W,public_coverage,logistic,logistic,True,True,True,True,False,2048,"[1565,483]",True,development_evaluation,3015,2,"[0,1]",False,3015.0,"[2275,740]","[2275.0,740.0]","[0.7545605306799337,0.24543946932006633]",True,True,"[true,true]",0.48654821126759723,1e-12,0.7764510779436152,0.576963171963172,0.576963171963172,0.7361957231957232,0.7361957231957232,0.7361957231957232
1,transfer,W,public_coverage,logistic,logistic,True,True,True,True,False,2048,"[1565,483]",True,validation_person_weighted,3041,2,"[0,1]",True,335995.0,"[2274,767]","[249374.0,86621.0]","[0.7421955683864343,0.2578044316135657]",True,True,"[true,true]",0.49243000271228854,1e-12,0.7681721454188306,0.57840121119651,0.57840121119651,0.7452615149375355,0.7452615149375355,0.7452615149375355
1,transfer,W,public_coverage,logistic,logistic,True,True,True,True,False,2048,"[1565,483]",True,development_evaluation_person_weighted,3015,2,"[0,1]",True,354273.0,"[2275,740]","[266128.0,88145.0]","[0.7511947001323838,0.2488052998676162]",True,True,"[true,true]",0.4891247959238057,1e-12,0.7732257326976654,0.571470505631825,0.571470505631825,0.7328359282687895,0.7328359282687895,0.7328359282687895
1,transfer,W,public_coverage,mlp,mlp,False,False,True,False,False,2048,"[1565,483]",True,validation,3041,2,"[0,1]",False,3041.0,"[2274,767]","[2274.0,767.0]","[0.7477803354159815,0.2522196645840184]",True,True,"[true,true]",0.48439243611011806,1e-12,0.7800065767839527,0.6122707919810018,0.6122707919810018,0.7473093034002654,0.7473093034002654,0.7473093034002654
1,transfer,W,public_coverage,mlp,mlp,False,False,True,False,False,2048,"[1565,483]",True,development_evaluation,3015,2,"[0,1]",False,3015.0,"[2275,740]","[2275.0,740.0]","[0.7545605306799337,0.24543946932006633]",True,True,"[true,true]",0.4859872796695296,1e-12,0.7737976782752902,0.5884258984258984,0.5884258984258984,0.7398125928125927,0.7398125928125927,0.7398125928125927
1,transfer,W,public_coverage,mlp,mlp,False,False,True,False,False,2048,"[1565,483]",True,validation_person_weighted,3041,2,"[0,1]",True,335995.0,"[2274,767]","[249374.0,86621.0]","[0.7421955683864343,0.2578044316135657]",True,True,"[true,true]",0.4940027344990956,1e-12,0.7747972440066072,0.6061158647354267,0.6061158647354267,0.7383692968020822,0.7383692968020823,0.7383692968020823
1,transfer,W,public_coverage,mlp,mlp,False,False,True,False,False,2048,"[1565,483]",True,development_evaluation_person_weighted,3015,2,"[0,1]",True,354273.0,"[2275,740]","[266128.0,88145.0]","[0.7511947001323838,0.2488052998676162]",True,True,"[true,true]",0.4889407291037255,1e-12,0.775960911500453,0.5936517190088435,0.5936517190088435,0.7365073339006442,0.736507333900644,0.736507333900644
1,transfer,C_init,same_residence,logistic,logistic,False,False,True,False,False,2048,"[495,1553]",True,validation,3041,2,"[0,1]",False,3041.0,"[670,2371]","[670.0,2371.0]","[0.22032226241367972,0.7796777375863203]",True,True,"[true,true]",0.5191636028271527,1e-12,0.7747451496218349,0.5107568442057951,0.5107568442057951,0.6160008687058172,0.6160008687058172,0.6160008687058172
1,transfer,C_init,same_residence,logistic,logistic,False,False,True,False,False,2048,"[495,1553]",True,development_evaluation,3015,2,"[0,1]",False,3015.0,"[694,2321]","[694.0,2321.0]","[0.23018242122719734,0.7698175787728027]",True,True,"[true,true]",0.5198927935030432,1e-12,0.7681592039800995,0.5100336856691255,0.5100336856691255,0.6427673900870017,0.6427673900870017,0.6427673900870017
1,transfer,C_init,same_residence,logistic,logistic,False,False,True,False,False,2048,"[495,1553]",True,validation_person_weighted,3041,2,"[0,1]",True,335995.0,"[670,2371]","[67120.0,268875.0]","[0.19976487745353352,0.8002351225464664]",True,True,"[true,true]",0.4928929276318072,1e-12,0.795651721007753,0.5107751917366371,0.5107751917366371,0.622413727129716,0.622413727129716,0.622413727129716
1,transfer,C_init,same_residence,logistic,logistic,False,False,True,False,False,2048,"[495,1553]",True,development_evaluation_person_weighted,3015,2,"[0,1]",True,354273.0,"[694,2321]","[71369.0,282904.0]","[0.2014519875914902,0.7985480124085098]",True,True,"[true,true]",0.48545608504881516,1e-12,0.7958805779723547,0.5068161255226219,0.5068161255226219,0.6518518028106363,0.6518518028106363,0.6518518028106363
1,transfer,C_init,same_residence,mlp,mlp,True,True,True,True,False,2048,"[495,1553]",True,validation,3041,2,"[0,1]",False,3041.0,"[670,2371]","[670.0,2371.0]","[0.22032226241367972,0.7796777375863203]",True,True,"[true,true]",0.4997738575681692,1e-12,0.7770470240052614,0.5090206915653701,0.5090206915653701,0.6729851375765625,0.6729849802023203,0.6729849802023203
1,transfer,C_init,same_residence,mlp,mlp,True,True,True,True,False,2048,"[495,1553]",True,development_evaluation,3015,2,"[0,1]",False,3015.0,"[694,2321]","[694.0,2321.0]","[0.23018242122719734,0.7698175787728027]",True,True,"[true,true]",0.5002527552341919,1e-12,0.7711442786069652,0.5150027253978522,0.5150027253978522,0.692023834504406,0.692023834504406,0.692023834504406
1,transfer,C_init,same_residence,mlp,mlp,True,True,True,True,False,2048,"[495,1553]",True,validation_person_weighted,3041,2,"[0,1]",True,335995.0,"[670,2371]","[67120.0,268875.0]","[0.19976487745353352,0.8002351225464664]",True,True,"[true,true]",0.4786669347937916,1e-12,0.7993630857602048,0.5116799078677822,0.5116799078677822,0.668303005947285,0.6683029111110002,0.6683029111110002
1,transfer,C_init,same_residence,mlp,mlp,True,True,True,True,False,2048,"[495,1553]",True,development_evaluation_person_weighted,3015,2,"[0,1]",True,354273.0,"[694,2321]","[71369.0,282904.0]","[0.2014519875914902,0.7985480124085098]",True,True,"[true,true]",0.4665335789753579,1e-12,0.7985593031362819,0.5073356735147291,0.5073356735147291,0.6964747631422353,0.6964747631422352,0.6964747631422352
1,transfer,C_init,commute_over20,logistic,logistic,False,False,True,False,False,2048,"[990,1058]",True,validation,2018,2,"[0,1]",False,2018.0,"[995,1023]","[995.0,1023.0]","[0.4930624380574827,0.5069375619425174]",True,True,"[true,true]",0.6778244158427796,1e-12,0.570366699702676,0.5685578429783326,0.5685578429783326,0.5972845655452237,0.5972845655452237,0.5972845655452237
1,transfer,C_init,commute_over20,logistic,logistic,False,False,True,False,False,2048,"[990,1058]",True,development_evaluation,2022,2,"[0,1]",False,2022.0,"[997,1025]","[997.0,1025.0]","[0.4930761622156281,0.5069238377843719]",True,True,"[true,true]",0.6821922050361422,1e-12,0.566271018793274,0.5642356337304597,0.5642356337304597,0.5850307018616826,0.5850307018616826,0.5850307018616826
1,transfer,C_init,commute_over20,logistic,logistic,False,False,True,False,False,2048,"[990,1058]",True,validation_person_weighted,2018,2,"[0,1]",True,226159.0,"[995,1023]","[110348.0,115811.0]","[0.4879222140175717,0.5120777859824283]",True,True,"[true,true]",0.6759279347815403,1e-12,0.5789334052591318,0.5757099533407951,0.5757099533407951,0.6078266786255624,0.6078266786255624,0.6078266786255624
1,transfer,C_init,commute_over20,logistic,logistic,False,False,True,False,False,2048,"[990,1058]",True,development_evaluation_person_weighted,2022,2,"[0,1]",True,240295.0,"[997,1025]","[117360.0,122935.0]","[0.48839967539898876,0.5116003246010112]",True,True,"[true,true]",0.6874071147880297,1e-12,0.5558792317776067,0.5520545405324315,0.5520545405324315,0.5670928395235161,0.5670928395235161,0.5670928395235161
1,transfer,C_init,commute_over20,mlp,mlp,True,True,True,True,False,2048,"[990,1058]",True,validation,2018,2,"[0,1]",False,2018.0,"[995,1023]","[995.0,1023.0]","[0.4930624380574827,0.5069375619425174]",True,True,"[true,true]",0.6756622596207181,1e-12,0.570366699702676,0.5688054151500415,0.5688054151500415,0.602032646124071,0.602032646124071,0.602032646124071
1,transfer,C_init,commute_over20,mlp,mlp,True,True,True,True,False,2048,"[990,1058]",True,development_evaluation,2022,2,"[0,1]",False,2022.0,"[997,1025]","[997.0,1025.0]","[0.4930761622156281,0.5069238377843719]",True,True,"[true,true]",0.6820552949387043,1e-12,0.5628090999010881,0.5610127944810039,0.5610127944810039,0.5834787288695354,0.5834787288695354,0.5834787288695354
1,transfer,C_init,commute_over20,mlp,mlp,True,True,True,True,False,2048,"[990,1058]",True,validation_person_weighted,2018,2,"[0,1]",True,226159.0,"[995,1023]","[110348.0,115811.0]","[0.4879222140175717,0.5120777859824283]",True,True,"[true,true]",0.672915796988107,1e-12,0.5744984723137262,0.5716600496295562,0.5716600496295562,0.6086255620898022,0.6086255620898022,0.6086255620898022
1,transfer,C_init,commute_over20,mlp,mlp,True,True,True,True,False,2048,"[990,1058]",True,development_evaluation_person_weighted,2022,2,"[0,1]",True,240295.0,"[997,1025]","[117360.0,122935.0]","[0.48839967539898876,0.5116003246010112]",True,True,"[true,true]",0.6875325965794719,1e-12,0.5556378617948772,0.5523756546422288,0.5523756546422288,0.5678605590600759,0.567860559060076,0.567860559060076
1,transfer,C_init,income_binary,logistic,logistic,False,False,True,False,False,2048,"[1658,390]",True,validation,3041,2,"[0,1]",False,3041.0,"[2488,553]","[2488.0,553.0]","[0.8181519237093061,0.18184807629069386]",True,True,"[true,true]",0.2937343006753889,1e-12,0.8605721802038803,0.7389923713390276,0.7389923713390276,0.8997633487030695,0.8997633487030696,0.8997633487030696
1,transfer,C_init,income_binary,logistic,logistic,False,False,True,False,False,2048,"[1658,390]",True,development_evaluation,3015,2,"[0,1]",False,3015.0,"[2449,566]","[2449.0,566.0]","[0.8122719734660033,0.18772802653399667]",True,True,"[true,true]",0.27932841490163274,1e-12,0.8733001658374793,0.7603528951746368,0.7603528951746368,0.9135653551532537,0.9135653551532537,0.9135653551532537
1,transfer,C_init,income_binary,logistic,logistic,False,False,True,False,False,2048,"[1658,390]",True,validation_person_weighted,3041,2,"[0,1]",True,335995.0,"[2488,553]","[276042.0,59953.0]","[0.821565797110076,0.17843420288992395]",True,True,"[true,true]",0.29044577892067996,1e-12,0.8611765056027619,0.7296973332094953,0.7296973332094953,0.9004277893537911,0.9004277893537912,0.9004277893537912
1,transfer,C_init,income_binary,logistic,logistic,False,False,True,False,False,2048,"[1658,390]",True,development_evaluation_person_weighted,3015,2,"[0,1]",True,354273.0,"[2449,566]","[286491.0,67782.0]","[0.8086729725381274,0.19132702746187263]",True,True,"[true,true]",0.28835741163610284,1e-12,0.8703598637209158,0.7426483445419292,0.7426483445419292,0.908302873232814,0.908302873232814,0.908302873232814
1,transfer,C_init,income_binary,mlp,mlp,True,True,True,True,False,2048,"[1658,390]",True,validation,3041,2,"[0,1]",False,3041.0,"[2488,553]","[2488.0,553.0]","[0.8181519237093061,0.18184807629069386]",True,True,"[true,true]",0.2922778691819527,1e-12,0.862216376192042,0.7399971944901531,0.7399971944901531,0.9015556770145885,0.9015556770145886,0.9015556770145886
1,transfer,C_init,income_binary,mlp,mlp,True,True,True,True,False,2048,"[1658,390]",True,development_evaluation,3015,2,"[0,1]",False,3015.0,"[2449,566]","[2449.0,566.0]","[0.8122719734660033,0.18772802653399667]",True,True,"[true,true]",0.27676504876781727,1e-12,0.8742951907131011,0.7589277082879433,0.7589277082879433,0.9156012333583909,0.9156012333583909,0.9156012333583909
1,transfer,C_init,income_binary,mlp,mlp,True,True,True,True,False,2048,"[1658,390]",True,validation_person_weighted,3041,2,"[0,1]",True,335995.0,"[2488,553]","[276042.0,59953.0]","[0.821565797110076,0.17843420288992395]",True,True,"[true,true]",0.28880553129117403,1e-12,0.8646973913302282,0.7371217181326204,0.7371217181326204,0.9022430801752315,0.9022430801752315,0.9022430801752315
1,transfer,C_init,income_binary,mlp,mlp,True,True,True,True,False,2048,"[1658,390]",True,development_evaluation_person_weighted,3015,2,"[0,1]",True,354273.0,"[2449,566]","[286491.0,67782.0]","[0.8086729725381274,0.19132702746187263]",True,True,"[true,true]",0.2889903377957271,1e-12,0.8718191902854578,0.744536125120385,0.744536125120385,0.9095688059721723,0.9095688059721723,0.9095688059721723
1,transfer,C_init,civilian_at_work,logistic,logistic,False,False,True,True,False,2048,"[671,1377]",True,validation,3041,2,"[0,1]",False,3041.0,"[993,2048]","[993.0,2048.0]","[0.32653732324893125,0.6734626767510687]",True,True,"[true,true]",0.28874201540013406,1e-12,0.8964156527458073,0.8502087857187814,0.8502087857187814,0.8992513020833335,0.8992513020833334,0.8992513020833334
1,transfer,C_init,civilian_at_work,logistic,logistic,False,False,True,True,False,2048,"[671,1377]",True,development_evaluation,3015,2,"[0,1]",False,3015.0,"[962,2053]","[962.0,2053.0]","[0.31907131011608625,0.6809286898839138]",True,True,"[true,true]",0.2761713654251813,1e-12,0.9051409618573798,0.8588088725692233,0.8588088725692233,0.903460328326378,0.903460328326378,0.903460328326378
1,transfer,C_init,civilian_at_work,logistic,logistic,False,False,True,True,False,2048,"[671,1377]",True,validation_person_weighted,3041,2,"[0,1]",True,335995.0,"[993,2048]","[104940.0,231055.0]","[0.31232607628089704,0.687673923719103]",True,True,"[true,true]",0.2925868730659399,1e-12,0.8955133260911621,0.8424338159114919,0.8424338159114919,0.8888645481807895,0.8888645481807895,0.8888645481807895
1,transfer,C_init,civilian_at_work,logistic,logistic,False,False,True,True,False,2048,"[671,1377]",True,development_evaluation_person_weighted,3015,2,"[0,1]",True,354273.0,"[962,2053]","[108469.0,245804.0]","[0.30617348767758196,0.693826512322418]",True,True,"[true,true]",0.26922775882018096,1e-12,0.9130952683382589,0.8630988597492489,0.8630988597492489,0.8953964718420253,0.8953964718420253,0.8953964718420253
1,transfer,C_init,civilian_at_work,mlp,mlp,True,True,True,False,False,2048,"[671,1377]",True,validation,3041,2,"[0,1]",False,3041.0,"[993,2048]","[993.0,2048.0]","[0.32653732324893125,0.6734626767510687]",True,True,"[true,true]",0.28806177812403394,1e-12,0.898059848733969,0.8506513367006545,0.8506513367006545,0.8991849194360524,0.8991849194360524,0.8991849194360524
1,transfer,C_init,civilian_at_work,mlp,mlp,True,True,True,False,False,2048,"[671,1377]",True,development_evaluation,3015,2,"[0,1]",False,3015.0,"[962,2053]","[962.0,2053.0]","[0.31907131011608625,0.6809286898839138]",True,True,"[true,true]",0.2733464746354402,1e-12,0.9087893864013267,0.8623164923700725,0.8623164923700725,0.9060940178816457,0.9060941444648215,0.9060941444648215
1,transfer,C_init,civilian_at_work,mlp,mlp,True,True,True,False,False,2048,"[671,1377]",True,validation_person_weighted,3041,2,"[0,1]",True,335995.0,"[993,2048]","[104940.0,231055.0]","[0.31232607628089704,0.687673923719103]",True,True,"[true,true]",0.29232614416307107,1e-12,0.8987098022291998,0.8443158289927701,0.8443158289927701,0.8880385641029905,0.8880385641029905,0.8880385641029905
1,transfer,C_init,civilian_at_work,mlp,mlp,True,True,True,False,False,2048,"[671,1377]",True,development_evaluation_person_weighted,3015,2,"[0,1]",True,354273.0,"[962,2053]","[108469.0,245804.0]","[0.30617348767758196,0.693826512322418]",True,True,"[true,true]",0.2664926511248678,1e-12,0.9146703248624648,0.8644425235861781,0.8644425235861781,0.898901681621475,0.8989017852329138,0.8989017852329138
1,transfer,C_init,public_coverage,logistic,logistic,True,True,True,True,False,2048,"[1565,483]",True,validation,3041,2,"[0,1]",False,3041.0,"[2274,767]","[2274.0,767.0]","[0.7477803354159815,0.2522196645840184]",True,True,"[true,true]",0.48369333501646583,1e-12,0.7694837224597172,0.5728337111660755,0.5728337111660755,0.7518966171642707,0.7518966171642707,0.7518966171642707
1,transfer,C_init,public_coverage,logistic,logistic,True,True,True,True,False,2048,"[1565,483]",True,development_evaluation,3015,2,"[0,1]",False,3015.0,"[2275,740]","[2275.0,740.0]","[0.7545605306799337,0.24543946932006633]",True,True,"[true,true]",0.4901989415217651,1e-12,0.7671641791044777,0.5603237303237304,0.5603237303237304,0.7338559548559549,0.7338559548559549,0.7338559548559549
1,transfer,C_init,public_coverage,logistic,logistic,True,True,True,True,False,2048,"[1565,483]",True,validation_person_weighted,3041,2,"[0,1]",True,335995.0,"[2274,767]","[249374.0,86621.0]","[0.7421955683864343,0.2578044316135657]",True,True,"[true,true]",0.49576481713600673,1e-12,0.7591868926620932,0.5577009793213031,0.5577009793213031,0.7412544890217645,0.7412544890217645,0.7412544890217645
1,transfer,C_init,public_coverage,logistic,logistic,True,True,True,True,False,2048,"[1565,483]",True,development_evaluation_person_weighted,3015,2,"[0,1]",True,354273.0,"[2275,740]","[266128.0,88145.0]","[0.7511947001323838,0.2488052998676162]",True,True,"[true,true]",0.4933891893469488,1e-12,0.7650258416531883,0.5560731736903712,0.5560731736903712,0.729348356599953,0.729348356599953,0.729348356599953
1,transfer,C_init,public_coverage,mlp,mlp,False,False,True,False,False,2048,"[1565,483]",True,validation,3041,2,"[0,1]",False,3041.0,"[2274,767]","[2274.0,767.0]","[0.7477803354159815,0.2522196645840184]",True,True,"[true,true]",0.48556649162088134,1e-12,0.7740874712265702,0.5953525999364737,0.5953525999364737,0.7453152180020388,0.7453152180020388,0.7453152180020388
1,transfer,C_init,public_coverage,mlp,mlp,False,False,True,False,False,2048,"[1565,483]",True,development_evaluation,3015,2,"[0,1]",False,3015.0,"[2275,740]","[2275.0,740.0]","[0.7545605306799337,0.24543946932006633]",True,True,"[true,true]",0.489090820402357,1e-12,0.7694859038142621,0.5778185328185328,0.5778185328185328,0.7362574992574993,0.7362574992574993,0.7362574992574993
1,transfer,C_init,public_coverage,mlp,mlp,False,False,True,False,False,2048,"[1565,483]",True,validation_person_weighted,3041,2,"[0,1]",True,335995.0,"[2274,767]","[249374.0,86621.0]","[0.7421955683864343,0.2578044316135657]",True,True,"[true,true]",0.4947713443722299,1e-12,0.7714579085998303,0.5931823057161266,0.5931823057161266,0.7366494844059961,0.7366494844059961,0.7366494844059961
1,transfer,C_init,public_coverage,mlp,mlp,False,False,True,False,False,2048,"[1565,483]",True,development_evaluation_person_weighted,3015,2,"[0,1]",True,354273.0,"[2275,740]","[266128.0,88145.0]","[0.7511947001323838,0.2488052998676162]",True,True,"[true,true]",0.4915217712104625,1e-12,0.7714135708902456,0.5796005565822347,0.5796005565822347,0.732935519908477,0.732935519908477,0.732935519908477
1,audit,C_init,SEX,logistic,logistic,False,False,True,False,False,3021,"[1574,1447]",True,validation,2964,2,"[0,1]",False,2964.0,"[1548,1416]","[1548.0,1416.0]","[0.5222672064777328,0.4777327935222672]",True,True,"[true,true]",0.6624199750534819,1e-12,0.5978407557354926,0.5965899137213682,0.5965899137213682,0.6365400863516256,0.6365400863516256,0.6365400863516256
1,audit,C_init,SEX,logistic,logistic,False,False,True,False,False,3021,"[1574,1447]",True,development_evaluation,3015,2,"[0,1]",False,3015.0,"[1579,1436]","[1579.0,1436.0]","[0.523714759535655,0.47628524046434495]",True,True,"[true,true]",0.6599333225503603,1e-12,0.6033167495854063,0.601697109167856,0.601697109167856,0.6437115977285437,0.6437115977285437,0.6437115977285437
1,audit,C_init,SEX,logistic,logistic,False,False,True,False,False,3021,"[1574,1447]",True,validation_person_weighted,2964,2,"[0,1]",True,339693.0,"[1548,1416]","[177866.0,161827.0]","[0.5236080814146892,0.4763919185853109]",True,True,"[true,true]",0.6617213818669233,1e-12,0.5993558889938857,0.5965510886742349,0.5965510886742349,0.639324152529602,0.6393241525296021,0.6393241525296021
1,audit,C_init,SEX,logistic,logistic,False,False,True,False,False,3021,"[1574,1447]",True,development_evaluation_person_weighted,3015,2,"[0,1]",True,354273.0,"[1579,1436]","[188726.0,165547.0]","[0.5327134723786459,0.46728652762135414]",True,True,"[true,true]",0.6638684150242441,1e-12,0.5974799095612705,0.5936324467250446,0.5936324467250446,0.6330547948822788,0.6330547948822787,0.6330547948822787
1,audit,C_init,SEX,mlp_0,mlp,True,True,True,False,False,3021,"[1574,1447]",True,validation,2964,2,"[0,1]",False,2964.0,"[1548,1416]","[1548.0,1416.0]","[0.5222672064777328,0.4777327935222672]",True,True,"[true,true]",0.6546125487663867,1e-12,0.6056005398110661,0.6030854465028687,0.6030854465028687,0.6486433652316093,0.6486432511788494,0.6486432511788494
1,audit,C_init,SEX,mlp_0,mlp,True,True,True,False,False,3021,"[1574,1447]",True,development_evaluation,3015,2,"[0,1]",False,3015.0,"[1579,1436]","[1579.0,1436.0]","[0.523714759535655,0.47628524046434495]",True,True,"[true,true]",0.6472456354234405,1e-12,0.6122719734660034,0.6089224254270447,0.6089224254270447,0.6603098025794683,0.6603098025794683,0.6603098025794683
1,audit,C_init,SEX,mlp_0,mlp,True,True,True,False,False,3021,"[1574,1447]",True,validation_person_weighted,2964,2,"[0,1]",True,339693.0,"[1548,1416]","[177866.0,161827.0]","[0.5236080814146892,0.4763919185853109]",True,True,"[true,true]",0.6559241311614509,1e-12,0.6046547912379707,0.6007752348178288,0.6007752348178288,0.6443977234480665,0.6443978607835916,0.6443978607835916
1,audit,C_init,SEX,mlp_0,mlp,True,True,True,False,False,3021,"[1574,1447]",True,development_evaluation_person_weighted,3015,2,"[0,1]",True,354273.0,"[1579,1436]","[188726.0,165547.0]","[0.5327134723786459,0.46728652762135414]",True,True,"[true,true]",0.6538812021811323,1e-12,0.6072943746771557,0.6007921362540161,0.6007921362540161,0.6484335965310111,0.6484335965310111,0.6484335965310111
1,audit,C_init,SEX,mlp_1,mlp,False,False,False,False,False,3021,"[1574,1447]",True,validation,2964,2,"[0,1]",False,2964.0,"[1548,1416]","[1548.0,1416.0]","[0.5222672064777328,0.4777327935222672]",True,True,"[true,true]",0.6554772041088532,1e-12,0.6025641025641025,0.59999781018701,0.59999781018701,0.6440785175695996,0.6440785175695996,0.6440785175695996
1,audit,C_init,SEX,mlp_1,mlp,False,False,False,False,False,3021,"[1574,1447]",True,development_evaluation,3015,2,"[0,1]",False,3015.0,"[1579,1436]","[1579.0,1436.0]","[0.523714759535655,0.47628524046434495]",True,True,"[true,true]",0.6483515577329688,1e-12,0.6129353233830845,0.6099656705964954,0.6099656705964954,0.6599825618626083,0.6599824516063021,0.6599824516063021
1,audit,C_init,SEX,mlp_1,mlp,False,False,False,False,False,3021,"[1574,1447]",True,validation_person_weighted,2964,2,"[0,1]",True,339693.0,"[1548,1416]","[177866.0,161827.0]","[0.5236080814146892,0.4763919185853109]",True,True,"[true,true]",0.6577459905588962,1e-12,0.5968742364429058,0.5929506878982239,0.5929506878982239,0.6388982445622452,0.6388982445622452,0.6388982445622452
1,audit,C_init,SEX,mlp_1,mlp,False,False,False,False,False,3021,"[1574,1447]",True,development_evaluation_person_weighted,3015,2,"[0,1]",True,354273.0,"[1579,1436]","[188726.0,165547.0]","[0.5327134723786459,0.46728652762135414]",True,True,"[true,true]",0.6560815274800313,1e-12,0.6086944249208943,0.6027190147690984,0.6027190147690984,0.64496554158073,0.6449654589622846,0.6449654589622846
1,audit,C_init,SEX,hist_gb_20,histgb,False,False,False,False,False,3021,"[1574,1447]",True,validation,2964,2,"[0,1]",False,2964.0,"[1548,1416]","[1548.0,1416.0]","[0.5222672064777328,0.4777327935222672]",True,True,"[true,true]",0.6967696479620795,1e-12,0.5762483130904184,0.5755567599527001,0.5755567599527001,0.6184640925414969,0.6184640925414969,0.6184640925414969
1,audit,C_init,SEX,hist_gb_20,histgb,False,False,False,False,False,3021,"[1574,1447]",True,development_evaluation,3015,2,"[0,1]",False,3015.0,"[1579,1436]","[1579.0,1436.0]","[0.523714759535655,0.47628524046434495]",True,True,"[true,true]",0.6806292140518752,1e-12,0.588391376451078,0.5866907848661311,0.5866907848661311,0.6325728441363931,0.6325728441363931,0.6325728441363931
1,audit,C_init,SEX,hist_gb_20,histgb,False,False,False,False,False,3021,"[1574,1447]",True,validation_person_weighted,2964,2,"[0,1]",True,339693.0,"[1548,1416]","[177866.0,161827.0]","[0.5236080814146892,0.4763919185853109]",True,True,"[true,true]",0.7031544131779077,1e-12,0.5564848260046571,0.5554034487794794,0.5554034487794794,0.6014481150876727,0.6014481150876727,0.6014481150876727
1,audit,C_init,SEX,hist_gb_20,histgb,False,False,False,False,False,3021,"[1574,1447]",True,development_evaluation_person_weighted,3015,2,"[0,1]",True,354273.0,"[1579,1436]","[188726.0,165547.0]","[0.5327134723786459,0.46728652762135414]",True,True,"[true,true]",0.6935354885641662,1e-12,0.572538691912734,0.5694130707208328,0.5694130707208328,0.6095668367024806,0.6095668367024807,0.6095668367024807
1,audit,C_init,SEX,hist_gb_5,histgb,False,False,True,False,False,3021,"[1574,1447]",True,validation,2964,2,"[0,1]",False,2964.0,"[1548,1416]","[1548.0,1416.0]","[0.5222672064777328,0.4777327935222672]",True,True,"[true,true]",0.6895350978103572,1e-12,0.5907557354925776,0.5902586169141155,0.5902586169141155,0.6233165812639601,0.6233165812639601,0.6233165812639601
1,audit,C_init,SEX,hist_gb_5,histgb,False,False,True,False,False,3021,"[1574,1447]",True,development_evaluation,3015,2,"[0,1]",False,3015.0,"[1579,1436]","[1579.0,1436.0]","[0.523714759535655,0.47628524046434495]",True,True,"[true,true]",0.6732003462217125,1e-12,0.588391376451078,0.5870691845090772,0.5870691845090772,0.6387643972684661,0.6387643972684662,0.6387643972684662
1,audit,C_init,SEX,hist_gb_5,histgb,False,False,True,False,False,3021,"[1574,1447]",True,validation_person_weighted,2964,2,"[0,1]",True,339693.0,"[1548,1416]","[177866.0,161827.0]","[0.5236080814146892,0.4763919185853109]",True,True,"[true,true]",0.6959129964370965,1e-12,0.580450583320822,0.5792610183297067,0.5792610183297067,0.6100764176129144,0.6100764176129145,0.6100764176129145
1,audit,C_init,SEX,hist_gb_5,histgb,False,False,True,False,False,3021,"[1574,1447]",True,development_evaluation_person_weighted,3015,2,"[0,1]",True,354273.0,"[1579,1436]","[188726.0,165547.0]","[0.5327134723786459,0.46728652762135414]",True,True,"[true,true]",0.6852316956347732,1e-12,0.5741984288952305,0.5717153749574977,0.5717153749574977,0.6174815045959943,0.6174815045959943,0.6174815045959943
1,audit,C_init,SEX,catchup,catchup,False,False,True,True,False,3021,"[1574,1447]",True,validation,2964,2,"[0,1]",False,2964.0,"[1548,1416]","[1548.0,1416.0]","[0.5222672064777328,0.4777327935222672]",True,True,"[true,true]",0.6739310757225565,1e-12,0.606612685560054,0.605710484824596,0.605710484824596,0.6513395724755106,0.6513395724755107,0.6513395724755107
1,audit,C_init,SEX,catchup,catchup,False,False,True,True,False,3021,"[1574,1447]",True,development_evaluation,3015,2,"[0,1]",False,3015.0,"[1579,1436]","[1579.0,1436.0]","[0.523714759535655,0.47628524046434495]",True,True,"[true,true]",0.6797074114628715,1e-12,0.6029850746268657,0.6013173864492354,0.6013173864492354,0.6430200701759339,0.6430201804322401,0.6430201804322401
1,audit,C_init,SEX,catchup,catchup,False,False,True,True,False,3021,"[1574,1447]",True,validation_person_weighted,2964,2,"[0,1]",True,339693.0,"[1548,1416]","[177866.0,161827.0]","[0.5236080814146892,0.4763919185853109]",True,True,"[true,true]",0.6832463291528154,1e-12,0.6007718734268884,0.5989327099347661,0.5989327099347661,0.6379530943206196,0.6379530943206198,0.6379530943206198
1,audit,C_init,SEX,catchup,catchup,False,False,True,True,False,3021,"[1574,1447]",True,development_evaluation_person_weighted,3015,2,"[0,1]",True,354273.0,"[1579,1436]","[188726.0,165547.0]","[0.5327134723786459,0.46728652762135414]",True,True,"[true,true]",0.6855182087229031,1e-12,0.5944144769711494,0.5906788446475612,0.5906788446475612,0.6344736990269542,0.6344737039080439,0.6344737039080439
1,audit,C_init,SEX,saved_adversary,saved_adversary,False,False,True,False,True,0,,,validation,2964,2,"[0,1]",False,2964.0,"[1548,1416]","[1548.0,1416.0]","[0.5222672064777328,0.4777327935222672]",True,True,"[true,true]",0.6939812825844625,1e-12,0.5941295546558705,0.5908088074278457,0.5908088074278457,0.646766056803749,0.646766056803749,0.646766056803749
1,audit,C_init,SEX,saved_adversary,saved_adversary,False,False,True,False,True,0,,,development_evaluation,3015,2,"[0,1]",False,3015.0,"[1579,1436]","[1579.0,1436.0]","[0.523714759535655,0.47628524046434495]",True,True,"[true,true]",0.7079939263283964,1e-12,0.587396351575456,0.5839749515313278,0.5839749515313278,0.6323379982041454,0.6323379982041453,0.6323379982041453
1,audit,C_init,SEX,saved_adversary,saved_adversary,False,False,True,False,True,0,,,validation_person_weighted,2964,2,"[0,1]",True,339693.0,"[1548,1416]","[177866.0,161827.0]","[0.5236080814146892,0.4763919185853109]",True,True,"[true,true]",0.7083141919637875,1e-12,0.5834591822616304,0.5792597827268846,0.5792597827268846,0.6284237266221488,0.6284237266221488,0.6284237266221488
1,audit,C_init,SEX,saved_adversary,saved_adversary,False,False,True,False,True,0,,,development_evaluation_person_weighted,3015,2,"[0,1]",True,354273.0,"[1579,1436]","[188726.0,165547.0]","[0.5327134723786459,0.46728652762135414]",True,True,"[true,true]",0.7122058001366296,1e-12,0.5906038563480706,0.5851825811512453,0.5851825811512453,0.6273371293957333,0.6273371293957333,0.6273371293957333
1,audit,C_init,RAC1P,logistic,logistic,False,False,True,False,False,3021,"[1694,181,30,0,2,476,11,469,158]",False,validation,2964,9,"[0,1,2,3,4,5,6,7,8]",False,2964.0,"[1713,163,25,0,9,407,9,455,183]","[1713.0,163.0,25.0,0.0,9.0,407.0,9.0,455.0,183.0]","[0.5779352226720648,0.05499325236167341,0.008434547908232119,0.0,0.003036437246963563,0.13731443994601888,0.003036437246963563,0.15350877192982457,0.06174089068825911]",False,False,"[true,true,true,false,true,true,true,true,true]",1.2296553329106903,1e-12,0.5877192982456141,,0.16213843231023295,,,0.6106575090876056
1,audit,C_init,RAC1P,logistic,logistic,False,False,True,False,False,3021,"[1694,181,30,0,2,476,11,469,158]",False,development_evaluation,3015,9,"[0,1,2,3,4,5,6,7,8]",False,3015.0,"[1680,158,14,0,13,455,15,491,189]","[1680.0,158.0,14.0,0.0,13.0,455.0,15.0,491.0,189.0]","[0.5572139303482587,0.05240464344941957,0.004643449419568822,0.0,0.004311774461028192,0.15091210613598674,0.004975124378109453,0.1628524046434494,0.0626865671641791]",False,False,"[true,true,true,false,true,true,true,true,true]",1.2620704086044978,1e-12,0.5618573797678276,,0.15076942131950477,,,0.5731852261117467
1,audit,C_init,RAC1P,logistic,logistic,False,False,True,False,False,3021,"[1694,181,30,0,2,476,11,469,158]",False,validation_person_weighted,2964,9,"[0,1,2,3,4,5,6,7,8]",True,339693.0,"[1713,163,25,0,9,407,9,455,183]","[194640.0,23099.0,1464.0,0.0,526.0,44629.0,1139.0,53601.0,20595.0]","[0.5729879626604022,0.06799963496451207,0.004309773825189215,0.0,0.0015484569891048682,0.13138039347292996,0.0033530275866738494,0.15779247732511414,0.06062827317607369]",False,False,"[true,true,true,false,true,true,true,true,true]",1.2318933407447898,1e-12,0.581634004822001,,0.16239082828066523,,,0.617017572618098
1,audit,C_init,RAC1P,logistic,logistic,False,False,True,False,False,3021,"[1694,181,30,0,2,476,11,469,158]",False,development_evaluation_person_weighted,3015,9,"[0,1,2,3,4,5,6,7,8]",True,354273.0,"[1680,158,14,0,13,455,15,491,189]","[196490.0,24431.0,1034.0,0.0,1905.0,44817.0,1909.0,63555.0,20132.0]","[0.5546287749842636,0.06896094254995441,0.002918653129084068,0.0,0.005377209101455657,0.1265041366403875,0.005388499829227743,0.17939555088872142,0.056826232876905663]",False,False,"[true,true,true,false,true,true,true,true,true]",1.2924227802986892,1e-12,0.5579115540839974,,0.15144080292230958,,,0.5544498002025269
1,audit,C_init,RAC1P,mlp_0,mlp,True,True,True,False,False,3021,"[1694,181,30,0,2,476,11,469,158]",False,validation,2964,9,"[0,1,2,3,4,5,6,7,8]",False,2964.0,"[1713,163,25,0,9,407,9,455,183]","[1713.0,163.0,25.0,0.0,9.0,407.0,9.0,455.0,183.0]","[0.5779352226720648,0.05499325236167341,0.008434547908232119,0.0,0.003036437246963563,0.13731443994601888,0.003036437246963563,0.15350877192982457,0.06174089068825911]",False,False,"[true,true,true,false,true,true,true,true,true]",1.2197463549821388,1e-12,0.5904183535762483,,0.16624428239612019,,,0.5883472727547202
1,audit,C_init,RAC1P,mlp_0,mlp,True,True,True,False,False,3021,"[1694,181,30,0,2,476,11,469,158]",False,development_evaluation,3015,9,"[0,1,2,3,4,5,6,7,8]",False,3015.0,"[1680,158,14,0,13,455,15,491,189]","[1680.0,158.0,14.0,0.0,13.0,455.0,15.0,491.0,189.0]","[0.5572139303482587,0.05240464344941957,0.004643449419568822,0.0,0.004311774461028192,0.15091210613598674,0.004975124378109453,0.1628524046434494,0.0626865671641791]",False,False,"[true,true,true,false,true,true,true,true,true]",1.241876453538423,1e-12,0.5724709784411277,,0.1623057963073818,,,0.6074146921796879
1,audit,C_init,RAC1P,mlp_0,mlp,True,True,True,False,False,3021,"[1694,181,30,0,2,476,11,469,158]",False,validation_person_weighted,2964,9,"[0,1,2,3,4,5,6,7,8]",True,339693.0,"[1713,163,25,0,9,407,9,455,183]","[194640.0,23099.0,1464.0,0.0,526.0,44629.0,1139.0,53601.0,20595.0]","[0.5729879626604022,0.06799963496451207,0.004309773825189215,0.0,0.0015484569891048682,0.13138039347292996,0.0033530275866738494,0.15779247732511414,0.06062827317607369]",False,False,"[true,true,true,false,true,true,true,true,true]",1.2177315540520754,1e-12,0.586988839923107,,0.16967019633784947,,,0.5973438896748664
1,audit,C_init,RAC1P,mlp_0,mlp,True,True,True,False,False,3021,"[1694,181,30,0,2,476,11,469,158]",False,development_evaluation_person_weighted,3015,9,"[0,1,2,3,4,5,6,7,8]",True,354273.0,"[1680,158,14,0,13,455,15,491,189]","[196490.0,24431.0,1034.0,0.0,1905.0,44817.0,1909.0,63555.0,20132.0]","[0.5546287749842636,0.06896094254995441,0.002918653129084068,0.0,0.005377209101455657,0.1265041366403875,0.005388499829227743,0.17939555088872142,0.056826232876905663]",False,False,"[true,true,true,false,true,true,true,true,true]",1.2701960125662484,1e-12,0.5613269992350532,,0.16180586133051078,,,0.578112480555799
1,audit,C_init,RAC1P,mlp_1,mlp,False,False,False,False,False,3021,"[1694,181,30,0,2,476,11,469,158]",False,validation,2964,9,"[0,1,2,3,4,5,6,7,8]",False,2964.0,"[1713,163,25,0,9,407,9,455,183]","[1713.0,163.0,25.0,0.0,9.0,407.0,9.0,455.0,183.0]","[0.5779352226720648,0.05499325236167341,0.008434547908232119,0.0,0.003036437246963563,0.13731443994601888,0.003036437246963563,0.15350877192982457,0.06174089068825911]",False,False,"[true,true,true,false,true,true,true,true,true]",1.223684947189435,1e-12,0.5921052631578947,,0.16570371547674312,,,0.6119588982617921
1,audit,C_init,RAC1P,mlp_1,mlp,False,False,False,False,False,3021,"[1694,181,30,0,2,476,11,469,158]",False,development_evaluation,3015,9,"[0,1,2,3,4,5,6,7,8]",False,3015.0,"[1680,158,14,0,13,455,15,491,189]","[1680.0,158.0,14.0,0.0,13.0,455.0,15.0,491.0,189.0]","[0.5572139303482587,0.05240464344941957,0.004643449419568822,0.0,0.004311774461028192,0.15091210613598674,0.004975124378109453,0.1628524046434494,0.0626865671641791]",False,False,"[true,true,true,false,true,true,true,true,true]",1.2414535746707311,1e-12,0.5754560530679934,,0.16370723263326514,,,0.6237539335532756
1,audit,C_init,RAC1P,mlp_1,mlp,False,False,False,False,False,3021,"[1694,181,30,0,2,476,11,469,158]",False,validation_person_weighted,2964,9,"[0,1,2,3,4,5,6,7,8]",True,339693.0,"[1713,163,25,0,9,407,9,455,183]","[194640.0,23099.0,1464.0,0.0,526.0,44629.0,1139.0,53601.0,20595.0]","[0.5729879626604022,0.06799963496451207,0.004309773825189215,0.0,0.0015484569891048682,0.13138039347292996,0.0033530275866738494,0.15779247732511414,0.06062827317607369]",False,False,"[true,true,true,false,true,true,true,true,true]",1.2203525038369978,1e-12,0.5905626551032844,,0.16993384750885984,,,0.6243907585153217
1,audit,C_init,RAC1P,mlp_1,mlp,False,False,False,False,False,3021,"[1694,181,30,0,2,476,11,469,158]",False,development_evaluation_person_weighted,3015,9,"[0,1,2,3,4,5,6,7,8]",True,354273.0,"[1680,158,14,0,13,455,15,491,189]","[196490.0,24431.0,1034.0,0.0,1905.0,44817.0,1909.0,63555.0,20132.0]","[0.5546287749842636,0.06896094254995441,0.002918653129084068,0.0,0.005377209101455657,0.1265041366403875,0.005388499829227743,0.17939555088872142,0.056826232876905663]",False,False,"[true,true,true,false,true,true,true,true,true]",1.2710059547762373,1e-12,0.5680590956691591,,0.16356800953127787,,,0.5954128826118001
1,audit,C_init,RAC1P,hist_gb_20,histgb,False,False,False,False,False,3021,"[1694,181,30,0,2,476,11,469,158]",False,validation,2964,9,"[0,1,2,3,4,5,6,7,8]",False,2964.0,"[1713,163,25,0,9,407,9,455,183]","[1713.0,163.0,25.0,0.0,9.0,407.0,9.0,455.0,183.0]","[0.5779352226720648,0.05499325236167341,0.008434547908232119,0.0,0.003036437246963563,0.13731443994601888,0.003036437246963563,0.15350877192982457,0.06174089068825911]",False,False,"[true,true,true,false,true,true,true,true,true]",1.4795147708613539,1e-12,0.5401484480431848,,0.17519148265583773,,,0.5916960342464495
1,audit,C_init,RAC1P,hist_gb_20,histgb,False,False,False,False,False,3021,"[1694,181,30,0,2,476,11,469,158]",False,development_evaluation,3015,9,"[0,1,2,3,4,5,6,7,8]",False,3015.0,"[1680,158,14,0,13,455,15,491,189]","[1680.0,158.0,14.0,0.0,13.0,455.0,15.0,491.0,189.0]","[0.5572139303482587,0.05240464344941957,0.004643449419568822,0.0,0.004311774461028192,0.15091210613598674,0.004975124378109453,0.1628524046434494,0.0626865671641791]",False,False,"[true,true,true,false,true,true,true,true,true]",1.5146960808708507,1e-12,0.5164179104477612,,0.17059166431604494,,,0.5877971828402764
1,audit,C_init,RAC1P,hist_gb_20,histgb,False,False,False,False,False,3021,"[1694,181,30,0,2,476,11,469,158]",False,validation_person_weighted,2964,9,"[0,1,2,3,4,5,6,7,8]",True,339693.0,"[1713,163,25,0,9,407,9,455,183]","[194640.0,23099.0,1464.0,0.0,526.0,44629.0,1139.0,53601.0,20595.0]","[0.5729879626604022,0.06799963496451207,0.004309773825189215,0.0,0.0015484569891048682,0.13138039347292996,0.0033530275866738494,0.15779247732511414,0.06062827317607369]",False,False,"[true,true,true,false,true,true,true,true,true]",1.4850978459463815,1e-12,0.5386599076224708,,0.17375142982304553,,,0.586594158926971
1,audit,C_init,RAC1P,hist_gb_20,histgb,False,False,False,False,False,3021,"[1694,181,30,0,2,476,11,469,158]",False,development_evaluation_person_weighted,3015,9,"[0,1,2,3,4,5,6,7,8]",True,354273.0,"[1680,158,14,0,13,455,15,491,189]","[196490.0,24431.0,1034.0,0.0,1905.0,44817.0,1909.0,63555.0,20132.0]","[0.5546287749842636,0.06896094254995441,0.002918653129084068,0.0,0.005377209101455657,0.1265041366403875,0.005388499829227743,0.17939555088872142,0.056826232876905663]",False,False,"[true,true,true,false,true,true,true,true,true]",1.5535765722614698,1e-12,0.5081194446091009,,0.16526652470214945,,,0.5707412098240767
1,audit,C_init,RAC1P,hist_gb_5,histgb,False,False,True,False,False,3021,"[1694,181,30,0,2,476,11,469,158]",False,validation,2964,9,"[0,1,2,3,4,5,6,7,8]",False,2964.0,"[1713,163,25,0,9,407,9,455,183]","[1713.0,163.0,25.0,0.0,9.0,407.0,9.0,455.0,183.0]","[0.5779352226720648,0.05499325236167341,0.008434547908232119,0.0,0.003036437246963563,0.13731443994601888,0.003036437246963563,0.15350877192982457,0.06174089068825911]",False,False,"[true,true,true,false,true,true,true,true,true]",1.465574582809811,1e-12,0.5377867746288799,,0.17200164435619314,,,0.5835041572172501
1,audit,C_init,RAC1P,hist_gb_5,histgb,False,False,True,False,False,3021,"[1694,181,30,0,2,476,11,469,158]",False,development_evaluation,3015,9,"[0,1,2,3,4,5,6,7,8]",False,3015.0,"[1680,158,14,0,13,455,15,491,189]","[1680.0,158.0,14.0,0.0,13.0,455.0,15.0,491.0,189.0]","[0.5572139303482587,0.05240464344941957,0.004643449419568822,0.0,0.004311774461028192,0.15091210613598674,0.004975124378109453,0.1628524046434494,0.0626865671641791]",False,False,"[true,true,true,false,true,true,true,true,true]",1.5062662132994347,1e-12,0.5071310116086235,,0.16459155209884316,,,0.5790329341461372
1,audit,C_init,RAC1P,hist_gb_5,histgb,False,False,True,False,False,3021,"[1694,181,30,0,2,476,11,469,158]",False,validation_person_weighted,2964,9,"[0,1,2,3,4,5,6,7,8]",True,339693.0,"[1713,163,25,0,9,407,9,455,183]","[194640.0,23099.0,1464.0,0.0,526.0,44629.0,1139.0,53601.0,20595.0]","[0.5729879626604022,0.06799963496451207,0.004309773825189215,0.0,0.0015484569891048682,0.13138039347292996,0.0033530275866738494,0.15779247732511414,0.06062827317607369]",False,False,"[true,true,true,false,true,true,true,true,true]",1.4680240419087927,1e-12,0.5308410829778653,,0.16835662526949974,,,0.5870788708083299
1,audit,C_init,RAC1P,hist_gb_5,histgb,False,False,True,False,False,3021,"[1694,181,30,0,2,476,11,469,158]",False,development_evaluation_person_weighted,3015,9,"[0,1,2,3,4,5,6,7,8]",True,354273.0,"[1680,158,14,0,13,455,15,491,189]","[196490.0,24431.0,1034.0,0.0,1905.0,44817.0,1909.0,63555.0,20132.0]","[0.5546287749842636,0.06896094254995441,0.002918653129084068,0.0,0.005377209101455657,0.1265041366403875,0.005388499829227743,0.17939555088872142,0.056826232876905663]",False,False,"[true,true,true,false,true,true,true,true,true]",1.545425409050079,1e-12,0.49781101015318696,,0.15921174212882028,,,0.5632088970713164
1,audit,C_init,RAC1P,catchup,catchup,False,False,True,False,False,3021,"[1694,181,30,0,2,476,11,469,158]",False,validation,2964,9,"[0,1,2,3,4,5,6,7,8]",False,2964.0,"[1713,163,25,0,9,407,9,455,183]","[1713.0,163.0,25.0,0.0,9.0,407.0,9.0,455.0,183.0]","[0.5779352226720648,0.05499325236167341,0.008434547908232119,0.0,0.003036437246963563,0.13731443994601888,0.003036437246963563,0.15350877192982457,0.06174089068825911]",False,False,"[true,true,true,false,true,true,true,true,true]",1.2439338404039608,1e-12,0.5863697705802969,,0.1685972564573233,,,0.6103767280761958
1,audit,C_init,RAC1P,catchup,catchup,False,False,True,False,False,3021,"[1694,181,30,0,2,476,11,469,158]",False,development_evaluation,3015,9,"[0,1,2,3,4,5,6,7,8]",False,3015.0,"[1680,158,14,0,13,455,15,491,189]","[1680.0,158.0,14.0,0.0,13.0,455.0,15.0,491.0,189.0]","[0.5572139303482587,0.05240464344941957,0.004643449419568822,0.0,0.004311774461028192,0.15091210613598674,0.004975124378109453,0.1628524046434494,0.0626865671641791]",False,False,"[true,true,true,false,true,true,true,true,true]",1.265882816039431,1e-12,0.5704809286898839,,0.165956324342642,,,0.5879718637724931
1,audit,C_init,RAC1P,catchup,catchup,False,False,True,False,False,3021,"[1694,181,30,0,2,476,11,469,158]",False,validation_person_weighted,2964,9,"[0,1,2,3,4,5,6,7,8]",True,339693.0,"[1713,163,25,0,9,407,9,455,183]","[194640.0,23099.0,1464.0,0.0,526.0,44629.0,1139.0,53601.0,20595.0]","[0.5729879626604022,0.06799963496451207,0.004309773825189215,0.0,0.0015484569891048682,0.13138039347292996,0.0033530275866738494,0.15779247732511414,0.06062827317607369]",False,False,"[true,true,true,false,true,true,true,true,true]",1.234609257478278,1e-12,0.5800590533216757,,0.16885545559940135,,,0.613271351587675
1,audit,C_init,RAC1P,catchup,catchup,False,False,True,False,False,3021,"[1694,181,30,0,2,476,11,469,158]",False,development_evaluation_person_weighted,3015,9,"[0,1,2,3,4,5,6,7,8]",True,354273.0,"[1680,158,14,0,13,455,15,491,189]","[196490.0,24431.0,1034.0,0.0,1905.0,44817.0,1909.0,63555.0,20132.0]","[0.5546287749842636,0.06896094254995441,0.002918653129084068,0.0,0.005377209101455657,0.1265041366403875,0.005388499829227743,0.17939555088872142,0.056826232876905663]",False,False,"[true,true,true,false,true,true,true,true,true]",1.2987855197970155,1e-12,0.5611152980893266,,0.16460402497771878,,,0.5615637734529817
1,audit,C_init,RAC1P,saved_adversary,saved_adversary,False,False,True,False,True,0,,,validation,2964,9,"[0,1,2,3,4,5,6,7,8]",False,2964.0,"[1713,163,25,0,9,407,9,455,183]","[1713.0,163.0,25.0,0.0,9.0,407.0,9.0,455.0,183.0]","[0.5779352226720648,0.05499325236167341,0.008434547908232119,0.0,0.003036437246963563,0.13731443994601888,0.003036437246963563,0.15350877192982457,0.06174089068825911]",False,False,"[true,true,true,false,true,true,true,true,true]",1.2686156735200906,1e-12,0.5883940620782726,,0.16064571112229808,,,0.6077498230965337
1,audit,C_init,RAC1P,saved_adversary,saved_adversary,False,False,True,False,True,0,,,development_evaluation,3015,9,"[0,1,2,3,4,5,6,7,8]",False,3015.0,"[1680,158,14,0,13,455,15,491,189]","[1680.0,158.0,14.0,0.0,13.0,455.0,15.0,491.0,189.0]","[0.5572139303482587,0.05240464344941957,0.004643449419568822,0.0,0.004311774461028192,0.15091210613598674,0.004975124378109453,0.1628524046434494,0.0626865671641791]",False,False,"[true,true,true,false,true,true,true,true,true]",1.2928566564380968,1e-12,0.5771144278606966,,0.15862940203889797,,,0.5961759149046978
1,audit,C_init,RAC1P,saved_adversary,saved_adversary,False,False,True,False,True,0,,,validation_person_weighted,2964,9,"[0,1,2,3,4,5,6,7,8]",True,339693.0,"[1713,163,25,0,9,407,9,455,183]","[194640.0,23099.0,1464.0,0.0,526.0,44629.0,1139.0,53601.0,20595.0]","[0.5729879626604022,0.06799963496451207,0.004309773825189215,0.0,0.0015484569891048682,0.13138039347292996,0.0033530275866738494,0.15779247732511414,0.06062827317607369]",False,False,"[true,true,true,false,true,true,true,true,true]",1.2640712399521339,1e-12,0.5822728169258713,,0.16093130943849232,,,0.6124752921927992
1,audit,C_init,RAC1P,saved_adversary,saved_adversary,False,False,True,False,True,0,,,development_evaluation_person_weighted,3015,9,"[0,1,2,3,4,5,6,7,8]",True,354273.0,"[1680,158,14,0,13,455,15,491,189]","[196490.0,24431.0,1034.0,0.0,1905.0,44817.0,1909.0,63555.0,20132.0]","[0.5546287749842636,0.06896094254995441,0.002918653129084068,0.0,0.005377209101455657,0.1265041366403875,0.005388499829227743,0.17939555088872142,0.056826232876905663]",False,False,"[true,true,true,false,true,true,true,true,true]",1.3284390749779558,1e-12,0.5634637694659204,,0.1564672493227041,,,0.5758085079566394
1,transfer,D_init,same_residence,logistic,logistic,False,False,True,False,False,2048,"[495,1553]",True,validation,3041,2,"[0,1]",False,3041.0,"[670,2371]","[670.0,2371.0]","[0.22032226241367972,0.7796777375863203]",True,True,"[true,true]",0.5229137517730766,1e-12,0.7770470240052614,0.504737594188484,0.504737594188484,0.5940012086341804,0.5940012086341804,0.5940012086341804
1,transfer,D_init,same_residence,logistic,logistic,False,False,True,False,False,2048,"[495,1553]",True,development_evaluation,3015,2,"[0,1]",False,3015.0,"[694,2321]","[694.0,2321.0]","[0.23018242122719734,0.7698175787728027]",True,True,"[true,true]",0.5242528408082344,1e-12,0.7684908789386401,0.5041886695464416,0.5041886695464416,0.624632630027552,0.624632630027552,0.624632630027552
1,transfer,D_init,same_residence,logistic,logistic,False,False,True,False,False,2048,"[495,1553]",True,validation_person_weighted,3041,2,"[0,1]",True,335995.0,"[670,2371]","[67120.0,268875.0]","[0.19976487745353352,0.8002351225464664]",True,True,"[true,true]",0.4963990527813438,1e-12,0.7984493816872275,0.5062627023271046,0.5062627023271046,0.6013923534747538,0.6013923534747538,0.6013923534747538
1,transfer,D_init,same_residence,logistic,logistic,False,False,True,False,False,2048,"[495,1553]",True,development_evaluation_person_weighted,3015,2,"[0,1]",True,354273.0,"[694,2321]","[71369.0,282904.0]","[0.2014519875914902,0.7985480124085098]",True,True,"[true,true]",0.4897753594092197,1e-12,0.79658624845811,0.5025433585242136,0.5025433585242136,0.6341667040547373,0.6341667040547373,0.6341667040547373
1,transfer,D_init,same_residence,mlp,mlp,True,True,True,True,False,2048,"[495,1553]",True,validation,3041,2,"[0,1]",False,3041.0,"[670,2371]","[670.0,2371.0]","[0.22032226241367972,0.7796777375863203]",True,True,"[true,true]",0.5019306423415973,1e-12,0.7737586320289378,0.5133365227846428,0.5133365227846428,0.670011079146654,0.670011079146654,0.670011079146654
1,transfer,D_init,same_residence,mlp,mlp,True,True,True,True,False,2048,"[495,1553]",True,development_evaluation,3015,2,"[0,1]",False,3015.0,"[694,2321]","[694.0,2321.0]","[0.23018242122719734,0.7698175787728027]",True,True,"[true,true]",0.5015410911421001,1e-12,0.7724709784411277,0.5244500469960404,0.5244500469960404,0.6904246033273445,0.6904246033273445,0.6904246033273445
1,transfer,D_init,same_residence,mlp,mlp,True,True,True,True,False,2048,"[495,1553]",True,validation_person_weighted,3041,2,"[0,1]",True,335995.0,"[670,2371]","[67120.0,268875.0]","[0.19976487745353352,0.8002351225464664]",True,True,"[true,true]",0.4804236313804537,1e-12,0.7938719326180449,0.5078967916355671,0.5078967916355671,0.6651476819551735,0.6651476819551734,0.6651476819551734
1,transfer,D_init,same_residence,mlp,mlp,True,True,True,True,False,2048,"[495,1553]",True,development_evaluation_person_weighted,3015,2,"[0,1]",True,354273.0,"[694,2321]","[71369.0,282904.0]","[0.2014519875914902,0.7985480124085098]",True,True,"[true,true]",0.46841559929593596,1e-12,0.7985508350904529,0.5138470142145095,0.5138470142145095,0.6924031867926378,0.6924031867926379,0.6924031867926379
1,transfer,D_init,commute_over20,logistic,logistic,False,False,True,False,False,2048,"[990,1058]",True,validation,2018,2,"[0,1]",False,2018.0,"[995,1023]","[995.0,1023.0]","[0.4930624380574827,0.5069375619425174]",True,True,"[true,true]",0.6773167017750524,1e-12,0.5817641228939544,0.5801293859325956,0.5801293859325956,0.596782544197036,0.596782544197036,0.596782544197036
1,transfer,D_init,commute_over20,logistic,logistic,False,False,True,False,False,2048,"[990,1058]",True,development_evaluation,2022,2,"[0,1]",False,2022.0,"[997,1025]","[997.0,1025.0]","[0.4930761622156281,0.5069238377843719]",True,True,"[true,true]",0.6820166999066599,1e-12,0.5603363006923838,0.5583956748293661,0.5583956748293661,0.5810304082980648,0.5810304082980648,0.5810304082980648
1,transfer,D_init,commute_over20,logistic,logistic,False,False,True,False,False,2048,"[990,1058]",True,validation_person_weighted,2018,2,"[0,1]",True,226159.0,"[995,1023]","[110348.0,115811.0]","[0.4879222140175717,0.5120777859824283]",True,True,"[true,true]",0.6755798437031609,1e-12,0.5927555392445139,0.5900063252789745,0.5900063252789745,0.6089643022484849,0.6089643022484849,0.6089643022484849
1,transfer,D_init,commute_over20,logistic,logistic,False,False,True,False,False,2048,"[990,1058]",True,development_evaluation_person_weighted,2022,2,"[0,1]",True,240295.0,"[997,1025]","[117360.0,122935.0]","[0.48839967539898876,0.5116003246010112]",True,True,"[true,true]",0.6882859259058203,1e-12,0.5475020287563204,0.5438224634562149,0.5438224634562149,0.5608884706156891,0.5608884706156891,0.5608884706156891
1,transfer,D_init,commute_over20,mlp,mlp,True,True,True,True,False,2048,"[990,1058]",True,validation,2018,2,"[0,1]",False,2018.0,"[995,1023]","[995.0,1023.0]","[0.4930624380574827,0.5069375619425174]",True,True,"[true,true]",0.675105568388765,1e-12,0.5807730426164519,0.5792206388737431,0.5792206388737431,0.6055978818825309,0.6055978818825309,0.6055978818825309
1,transfer,D_init,commute_over20,mlp,mlp,True,True,True,True,False,2048,"[990,1058]",True,development_evaluation,2022,2,"[0,1]",False,2022.0,"[997,1025]","[997.0,1025.0]","[0.4930761622156281,0.5069238377843719]",True,True,"[true,true]",0.6816618744819462,1e-12,0.5623145400593472,0.5604701910609878,0.5604701910609878,0.5838270910291852,0.5838270910291852,0.5838270910291852
1,transfer,D_init,commute_over20,mlp,mlp,True,True,True,True,False,2048,"[990,1058]",True,validation_person_weighted,2018,2,"[0,1]",True,226159.0,"[995,1023]","[110348.0,115811.0]","[0.4879222140175717,0.5120777859824283]",True,True,"[true,true]",0.6713142672016524,1e-12,0.5877988494820016,0.585077413410023,0.585077413410023,0.6152586897466052,0.6152586897466052,0.6152586897466052
1,transfer,D_init,commute_over20,mlp,mlp,True,True,True,True,False,2048,"[990,1058]",True,development_evaluation_person_weighted,2022,2,"[0,1]",True,240295.0,"[997,1025]","[117360.0,122935.0]","[0.48839967539898876,0.5116003246010112]",True,True,"[true,true]",0.6860426023699466,1e-12,0.5510934476372792,0.5479082004586249,0.5479082004586249,0.572446208120246,0.5724462081202459,0.5724462081202459
1,transfer,D_init,income_binary,logistic,logistic,True,True,True,False,False,2048,"[1658,390]",True,validation,3041,2,"[0,1]",False,3041.0,"[2488,553]","[2488.0,553.0]","[0.8181519237093061,0.18184807629069386]",True,True,"[true,true]",0.2935916449212042,1e-12,0.8569549490299244,0.7339689823994232,0.7339689823994232,0.8997589878069344,0.8997589878069344,0.8997589878069344
1,transfer,D_init,income_binary,logistic,logistic,True,True,True,False,False,2048,"[1658,390]",True,development_evaluation,3015,2,"[0,1]",False,3015.0,"[2449,566]","[2449.0,566.0]","[0.8122719734660033,0.18772802653399667]",True,True,"[true,true]",0.27889725395150455,1e-12,0.872636815920398,0.75858611072234,0.75858611072234,0.9139866708413472,0.9139866708413473,0.9139866708413473
1,transfer,D_init,income_binary,logistic,logistic,True,True,True,False,False,2048,"[1658,390]",True,validation_person_weighted,3041,2,"[0,1]",True,335995.0,"[2488,553]","[276042.0,59953.0]","[0.821565797110076,0.17843420288992395]",True,True,"[true,true]",0.2896584297567287,1e-12,0.8611913867765889,0.7310904419064819,0.7310904419064819,0.9009413218087994,0.9009413218087994,0.9009413218087994
1,transfer,D_init,income_binary,logistic,logistic,True,True,True,False,False,2048,"[1658,390]",True,development_evaluation_person_weighted,3015,2,"[0,1]",True,354273.0,"[2449,566]","[286491.0,67782.0]","[0.8086729725381274,0.19132702746187263]",True,True,"[true,true]",0.28934051284581264,1e-12,0.8697021788281918,0.7394992402827164,0.7394992402827164,0.9080222163084266,0.9080222163084266,0.9080222163084266
1,transfer,D_init,income_binary,mlp,mlp,False,False,True,True,False,2048,"[1658,390]",True,validation,3041,2,"[0,1]",False,3041.0,"[2488,553]","[2488.0,553.0]","[0.8181519237093061,0.18184807629069386]",True,True,"[true,true]",0.2938698751322766,1e-12,0.8579414666228214,0.7303527092794055,0.7303527092794055,0.9002786612630318,0.9002786612630318,0.9002786612630318
1,transfer,D_init,income_binary,mlp,mlp,False,False,True,True,False,2048,"[1658,390]",True,development_evaluation,3015,2,"[0,1]",False,3015.0,"[2449,566]","[2449.0,566.0]","[0.8122719734660033,0.18772802653399667]",True,True,"[true,true]",0.27751229694891755,1e-12,0.8742951907131011,0.7596069355487998,0.7596069355487998,0.914904331038702,0.9149043310387018,0.9149043310387018
1,transfer,D_init,income_binary,mlp,mlp,False,False,True,True,False,2048,"[1658,390]",True,validation_person_weighted,3041,2,"[0,1]",True,335995.0,"[2488,553]","[276042.0,59953.0]","[0.821565797110076,0.17843420288992395]",True,True,"[true,true]",0.28864696063431033,1e-12,0.8612896025238471,0.7250656089990803,0.7250656089990803,0.9019921381256141,0.9019921381256141,0.9019921381256141
1,transfer,D_init,income_binary,mlp,mlp,False,False,True,True,False,2048,"[1658,390]",True,development_evaluation_person_weighted,3015,2,"[0,1]",True,354273.0,"[2449,566]","[286491.0,67782.0]","[0.8086729725381274,0.19132702746187263]",True,True,"[true,true]",0.2891430001601061,1e-12,0.8742749235758864,0.74594187074263,0.74594187074263,0.9092719597442525,0.9092719597442525,0.9092719597442525
1,transfer,D_init,civilian_at_work,logistic,logistic,False,False,True,False,False,2048,"[671,1377]",True,validation,3041,2,"[0,1]",False,3041.0,"[993,2048]","[993.0,2048.0]","[0.32653732324893125,0.6734626767510687]",True,True,"[true,true]",0.2888032659006085,1e-12,0.8974021703387044,0.8509412075937814,0.8509412075937814,0.898220158295569,0.8982201582955689,0.8982201582955689
1,transfer,D_init,civilian_at_work,logistic,logistic,False,False,True,False,False,2048,"[671,1377]",True,development_evaluation,3015,2,"[0,1]",False,3015.0,"[962,2053]","[962.0,2053.0]","[0.31907131011608625,0.6809286898839138]",True,True,"[true,true]",0.2748626014263155,1e-12,0.9067993366500829,0.8611314206784251,0.8611314206784251,0.9040091929765577,0.9040091929765577,0.9040091929765577
1,transfer,D_init,civilian_at_work,logistic,logistic,False,False,True,False,False,2048,"[671,1377]",True,validation_person_weighted,3041,2,"[0,1]",True,335995.0,"[993,2048]","[104940.0,231055.0]","[0.31232607628089704,0.687673923719103]",True,True,"[true,true]",0.2925194732668208,1e-12,0.897858599086296,0.8449764438454238,0.8449764438454238,0.8874137004012762,0.8874137004012763,0.8874137004012763
1,transfer,D_init,civilian_at_work,logistic,logistic,False,False,True,False,False,2048,"[671,1377]",True,development_evaluation_person_weighted,3015,2,"[0,1]",True,354273.0,"[962,2053]","[108469.0,245804.0]","[0.30617348767758196,0.693826512322418]",True,True,"[true,true]",0.26850050240120815,1e-12,0.9132815653464983,0.8636091318139929,0.8636091318139929,0.8962729433376233,0.8962729433376234,0.8962729433376234
1,transfer,D_init,civilian_at_work,mlp,mlp,True,True,True,True,False,2048,"[671,1377]",True,validation,3041,2,"[0,1]",False,3041.0,"[993,2048]","[993.0,2048.0]","[0.32653732324893125,0.6734626767510687]",True,True,"[true,true]",0.2875245202138812,1e-12,0.896086813548175,0.8486677248552367,0.8486677248552367,0.8986140286694361,0.8986140286694361,0.8986140286694361
1,transfer,D_init,civilian_at_work,mlp,mlp,True,True,True,True,False,2048,"[671,1377]",True,development_evaluation,3015,2,"[0,1]",False,3015.0,"[962,2053]","[962.0,2053.0]","[0.31907131011608625,0.6809286898839138]",True,True,"[true,true]",0.27243329471390115,1e-12,0.9081260364842454,0.8612769913305715,0.8612769913305715,0.9057140151879557,0.9057140151879557,0.9057140151879557
1,transfer,D_init,civilian_at_work,mlp,mlp,True,True,True,True,False,2048,"[671,1377]",True,validation_person_weighted,3041,2,"[0,1]",True,335995.0,"[993,2048]","[104940.0,231055.0]","[0.31232607628089704,0.687673923719103]",True,True,"[true,true]",0.2918099459492425,1e-12,0.8969240613699608,0.8427807785516866,0.8427807785516866,0.8868695252434973,0.8868695252434973,0.8868695252434973
1,transfer,D_init,civilian_at_work,mlp,mlp,True,True,True,True,False,2048,"[671,1377]",True,development_evaluation_person_weighted,3015,2,"[0,1]",True,354273.0,"[962,2053]","[108469.0,245804.0]","[0.30617348767758196,0.693826512322418]",True,True,"[true,true]",0.26636215938036406,1e-12,0.9144529783528522,0.864028347633419,0.864028347633419,0.8976812599434624,0.8976812599434623,0.8976812599434623
1,transfer,D_init,public_coverage,logistic,logistic,True,True,True,True,False,2048,"[1565,483]",True,validation,3041,2,"[0,1]",False,3041.0,"[2274,767]","[2274.0,767.0]","[0.7477803354159815,0.2522196645840184]",True,True,"[true,true]",0.4828616072193949,1e-12,0.7704702400526142,0.5760854234536091,0.5760854234536091,0.7541452666558879,0.7541452666558879,0.7541452666558879
1,transfer,D_init,public_coverage,logistic,logistic,True,True,True,True,False,2048,"[1565,483]",True,development_evaluation,3015,2,"[0,1]",False,3015.0,"[2275,740]","[2275.0,740.0]","[0.7545605306799337,0.24543946932006633]",True,True,"[true,true]",0.49021267180687966,1e-12,0.7678275290215588,0.5607632907632908,0.5607632907632908,0.7341642411642412,0.7341642411642412,0.7341642411642412
1,transfer,D_init,public_coverage,logistic,logistic,True,True,True,True,False,2048,"[1565,483]",True,validation_person_weighted,3041,2,"[0,1]",True,335995.0,"[2274,767]","[249374.0,86621.0]","[0.7421955683864343,0.2578044316135657]",True,True,"[true,true]",0.49501502491252775,1e-12,0.7622911055224036,0.5628738277016969,0.5628738277016969,0.7440230072886891,0.7440230072886891,0.7440230072886891
1,transfer,D_init,public_coverage,logistic,logistic,True,True,True,True,False,2048,"[1565,483]",True,development_evaluation_person_weighted,3015,2,"[0,1]",True,354273.0,"[2275,740]","[266128.0,88145.0]","[0.7511947001323838,0.2488052998676162]",True,True,"[true,true]",0.49256628587620005,1e-12,0.7658133699152914,0.5547422498165792,0.5547422498165792,0.73125660659366,0.7312566065936601,0.7312566065936601
1,transfer,D_init,public_coverage,mlp,mlp,False,False,True,False,False,2048,"[1565,483]",True,validation,3041,2,"[0,1]",False,3041.0,"[2274,767]","[2274.0,767.0]","[0.7477803354159815,0.2522196645840184]",True,True,"[true,true]",0.48470723140549143,1e-12,0.775731667214732,0.5951559434409038,0.5951559434409038,0.7460594166354195,0.7460594166354195,0.7460594166354195
1,transfer,D_init,public_coverage,mlp,mlp,False,False,True,False,False,2048,"[1565,483]",True,development_evaluation,3015,2,"[0,1]",False,3015.0,"[2275,740]","[2275.0,740.0]","[0.7545605306799337,0.24543946932006633]",True,True,"[true,true]",0.48861536676504436,1e-12,0.7678275290215588,0.5735283635283636,0.5735283635283636,0.7362574992574993,0.7362574992574993,0.7362574992574993
1,transfer,D_init,public_coverage,mlp,mlp,False,False,True,False,False,2048,"[1565,483]",True,validation_person_weighted,3041,2,"[0,1]",True,335995.0,"[2274,767]","[249374.0,86621.0]","[0.7421955683864343,0.2578044316135657]",True,True,"[true,true]",0.4941924693578454,1e-12,0.7718418428845667,0.5908566186753832,0.5908566186753832,0.7374776161631537,0.7374776161631537,0.7374776161631537
1,transfer,D_init,public_coverage,mlp,mlp,False,False,True,False,False,2048,"[1565,483]",True,development_evaluation_person_weighted,3015,2,"[0,1]",True,354273.0,"[2275,740]","[266128.0,88145.0]","[0.7511947001323838,0.2488052998676162]",True,True,"[true,true]",0.49175000096721216,1e-12,0.7683566063459536,0.5732827608410886,0.5732827608410886,0.7318999926820242,0.7318999926820242,0.7318999926820242
1,audit,D_init,SEX,logistic,logistic,False,False,True,False,False,3021,"[1574,1447]",True,validation,2964,2,"[0,1]",False,2964.0,"[1548,1416]","[1548.0,1416.0]","[0.5222672064777328,0.4777327935222672]",True,True,"[true,true]",0.6706992178015116,1e-12,0.5799595141700404,0.5778150045986072,0.5778150045986072,0.6135643859764376,0.6135643859764376,0.6135643859764376
1,audit,D_init,SEX,logistic,logistic,False,False,True,False,False,3021,"[1574,1447]",True,development_evaluation,3015,2,"[0,1]",False,3015.0,"[1579,1436]","[1579.0,1436.0]","[0.523714759535655,0.47628524046434495]",True,True,"[true,true]",0.6638268882922779,1e-12,0.6029850746268657,0.6009705201098683,0.6009705201098683,0.6374940241082029,0.637494024108203,0.637494024108203
1,audit,D_init,SEX,logistic,logistic,False,False,True,False,False,3021,"[1574,1447]",True,validation_person_weighted,2964,2,"[0,1]",True,339693.0,"[1548,1416]","[177866.0,161827.0]","[0.5236080814146892,0.4763919185853109]",True,True,"[true,true]",0.6709137212502974,1e-12,0.5818636239192447,0.5789762759784085,0.5789762759784085,0.6138930231909943,0.6138930231909943,0.6138930231909943
1,audit,D_init,SEX,logistic,logistic,False,False,True,False,False,3021,"[1574,1447]",True,development_evaluation_person_weighted,3015,2,"[0,1]",True,354273.0,"[1579,1436]","[188726.0,165547.0]","[0.5327134723786459,0.46728652762135414]",True,True,"[true,true]",0.6696498442461541,1e-12,0.5956225848427625,0.5916091138595547,0.5916091138595547,0.6219450303231767,0.6219450303231767,0.6219450303231767
1,audit,D_init,SEX,mlp_0,mlp,False,True,True,False,False,3021,"[1574,1447]",True,validation,2964,2,"[0,1]",False,2964.0,"[1548,1416]","[1548.0,1416.0]","[0.5222672064777328,0.4777327935222672]",True,True,"[true,true]",0.6639209265963598,1e-12,0.5944669365721997,0.5914027942013752,0.5914027942013752,0.6280139582329669,0.6280139582329669,0.6280139582329669
1,audit,D_init,SEX,mlp_0,mlp,False,True,True,False,False,3021,"[1574,1447]",True,development_evaluation,3015,2,"[0,1]",False,3015.0,"[1579,1436]","[1579.0,1436.0]","[0.523714759535655,0.47628524046434495]",True,True,"[true,true]",0.6560290021575358,1e-12,0.6049751243781094,0.6007577254388643,0.6007577254388643,0.6446346635242148,0.6446346635242148,0.6446346635242148
1,audit,D_init,SEX,mlp_0,mlp,False,True,True,False,False,3021,"[1574,1447]",True,validation_person_weighted,2964,2,"[0,1]",True,339693.0,"[1548,1416]","[177866.0,161827.0]","[0.5236080814146892,0.4763919185853109]",True,True,"[true,true]",0.6664912860852997,1e-12,0.5952580712584599,0.5910808553242421,0.5910808553242421,0.6224936462153521,0.6224936462153521,0.6224936462153521
1,audit,D_init,SEX,mlp_0,mlp,False,True,True,False,False,3021,"[1574,1447]",True,development_evaluation_person_weighted,3015,2,"[0,1]",True,354273.0,"[1579,1436]","[188726.0,165547.0]","[0.5327134723786459,0.46728652762135414]",True,True,"[true,true]",0.663027484433034,1e-12,0.5970311031323301,0.5901890973865407,0.5901890973865407,0.6297323697573263,0.6297323697573263,0.6297323697573263
1,audit,D_init,SEX,mlp_1,mlp,False,False,False,False,False,3021,"[1574,1447]",True,validation,2964,2,"[0,1]",False,2964.0,"[1548,1416]","[1548.0,1416.0]","[0.5222672064777328,0.4777327935222672]",True,True,"[true,true]",0.6645574090474168,1e-12,0.5985155195681512,0.5954293128366837,0.5954293128366837,0.6265315004598608,0.6265316145126206,0.6265316145126206
1,audit,D_init,SEX,mlp_1,mlp,False,False,False,False,False,3021,"[1574,1447]",True,development_evaluation,3015,2,"[0,1]",False,3015.0,"[1579,1436]","[1579.0,1436.0]","[0.523714759535655,0.47628524046434495]",True,True,"[true,true]",0.65212901123281,1e-12,0.6112769485903814,0.6075625241461311,0.6075625241461311,0.6507455090401351,0.6507455090401351,0.6507455090401351
1,audit,D_init,SEX,mlp_1,mlp,False,False,False,False,False,3021,"[1574,1447]",True,validation_person_weighted,2964,2,"[0,1]",True,339693.0,"[1548,1416]","[177866.0,161827.0]","[0.5236080814146892,0.4763919185853109]",True,True,"[true,true]",0.6665080608058404,1e-12,0.5966828871952027,0.5926021905779492,0.5926021905779492,0.6216743742836488,0.6216744832001354,0.6216744832001354
1,audit,D_init,SEX,mlp_1,mlp,False,False,False,False,False,3021,"[1574,1447]",True,development_evaluation_person_weighted,3015,2,"[0,1]",True,354273.0,"[1579,1436]","[188726.0,165547.0]","[0.5327134723786459,0.46728652762135414]",True,True,"[true,true]",0.6614857096357663,1e-12,0.5963282553285179,0.5898261683109605,0.5898261683109605,0.6290209350503454,0.6290209350503453,0.6290209350503453
1,audit,D_init,SEX,hist_gb_20,histgb,False,False,False,False,False,3021,"[1574,1447]",True,validation,2964,2,"[0,1]",False,2964.0,"[1548,1416]","[1548.0,1416.0]","[0.5222672064777328,0.4777327935222672]",True,True,"[true,true]",0.7011841648392111,1e-12,0.5745614035087719,0.5735804537292515,0.5735804537292515,0.6089144549555467,0.6089144549555467,0.6089144549555467
1,audit,D_init,SEX,hist_gb_20,histgb,False,False,False,False,False,3021,"[1574,1447]",True,development_evaluation,3015,2,"[0,1]",False,3015.0,"[1579,1436]","[1579.0,1436.0]","[0.523714759535655,0.47628524046434495]",True,True,"[true,true]",0.6777052538645125,1e-12,0.5897180762852404,0.5880835425262982,0.5880835425262982,0.6316797680560138,0.6316797680560138,0.6316797680560138
1,audit,D_init,SEX,hist_gb_20,histgb,False,False,False,False,False,3021,"[1574,1447]",True,validation_person_weighted,2964,2,"[0,1]",True,339693.0,"[1548,1416]","[177866.0,161827.0]","[0.5236080814146892,0.4763919185853109]",True,True,"[true,true]",0.7088890929985054,1e-12,0.5566761752523602,0.5559313736954034,0.5559313736954034,0.5933913146346057,0.5933913146346057,0.5933913146346057
1,audit,D_init,SEX,hist_gb_20,histgb,False,False,False,False,False,3021,"[1574,1447]",True,development_evaluation_person_weighted,3015,2,"[0,1]",True,354273.0,"[1579,1436]","[188726.0,165547.0]","[0.5327134723786459,0.46728652762135414]",True,True,"[true,true]",0.692186902268635,1e-12,0.571892297747782,0.5694718496518225,0.5694718496518225,0.6063455937354666,0.6063455937354666,0.6063455937354666
1,audit,D_init,SEX,hist_gb_5,histgb,False,False,True,False,False,3021,"[1574,1447]",True,validation,2964,2,"[0,1]",False,2964.0,"[1548,1416]","[1548.0,1416.0]","[0.5222672064777328,0.4777327935222672]",True,True,"[true,true]",0.7007910136840909,1e-12,0.5732118758434548,0.5721379144221084,0.5721379144221084,0.6012617428721587,0.6012617428721587,0.6012617428721587
1,audit,D_init,SEX,hist_gb_5,histgb,False,False,True,False,False,3021,"[1574,1447]",True,development_evaluation,3015,2,"[0,1]",False,3015.0,"[1579,1436]","[1579.0,1436.0]","[0.523714759535655,0.47628524046434495]",True,True,"[true,true]",0.6727151185666936,1e-12,0.5850746268656717,0.5827043578584521,0.5827043578584521,0.6337316379147622,0.6337316379147622,0.6337316379147622
1,audit,D_init,SEX,hist_gb_5,histgb,False,False,True,False,False,3021,"[1574,1447]",True,validation_person_weighted,2964,2,"[0,1]",True,339693.0,"[1548,1416]","[177866.0,161827.0]","[0.5236080814146892,0.4763919185853109]",True,True,"[true,true]",0.706875895782777,1e-12,0.5673829016199922,0.5663297750795666,0.5663297750795666,0.5907061944051764,0.5907061944051764,0.5907061944051764
1,audit,D_init,SEX,hist_gb_5,histgb,False,False,True,False,False,3021,"[1574,1447]",True,development_evaluation_person_weighted,3015,2,"[0,1]",True,354273.0,"[1579,1436]","[188726.0,165547.0]","[0.5327134723786459,0.46728652762135414]",True,True,"[true,true]",0.6888030605511744,1e-12,0.5637149881588492,0.5601007327033529,0.5601007327033529,0.605520819484288,0.605520819484288,0.605520819484288
1,audit,D_init,SEX,catchup,catchup,True,False,True,True,False,3021,"[1574,1447]",True,validation,2964,2,"[0,1]",False,2964.0,"[1548,1416]","[1548.0,1416.0]","[0.5222672064777328,0.4777327935222672]",True,True,"[true,true]",0.661627941992996,1e-12,0.6022267206477733,0.6013910787018788,0.6013910787018788,0.6533295650301464,0.6533295650301465,0.6533295650301465
1,audit,D_init,SEX,catchup,catchup,True,False,True,True,False,3021,"[1574,1447]",True,development_evaluation,3015,2,"[0,1]",False,3015.0,"[1579,1436]","[1579.0,1436.0]","[0.523714759535655,0.47628524046434495]",True,True,"[true,true]",0.6674637850554136,1e-12,0.6003316749585407,0.598910270771847,0.598910270771847,0.6441971665011351,0.6441971665011352,0.6441971665011352
1,audit,D_init,SEX,catchup,catchup,True,False,True,True,False,3021,"[1574,1447]",True,validation_person_weighted,2964,2,"[0,1]",True,339693.0,"[1548,1416]","[177866.0,161827.0]","[0.5236080814146892,0.4763919185853109]",True,True,"[true,true]",0.6734530428267698,1e-12,0.5907333975089272,0.5891442893409649,0.5891442893409649,0.6326306051772203,0.6326306051772204,0.6326306051772204
1,audit,D_init,SEX,catchup,catchup,True,False,True,True,False,3021,"[1574,1447]",True,development_evaluation_person_weighted,3015,2,"[0,1]",True,354273.0,"[1579,1436]","[188726.0,165547.0]","[0.5327134723786459,0.46728652762135414]",True,True,"[true,true]",0.6809704981423711,1e-12,0.5866746830833849,0.583765631426914,0.583765631426914,0.6241532984453297,0.6241532984453297,0.6241532984453297
1,audit,D_init,SEX,saved_adversary,saved_adversary,False,False,True,False,True,0,,,validation,2964,2,"[0,1]",False,2964.0,"[1548,1416]","[1548.0,1416.0]","[0.5222672064777328,0.4777327935222672]",True,True,"[true,true]",0.678554303726946,1e-12,0.5981781376518218,0.5958590636359655,0.5958590636359655,0.6467382279303349,0.6467382279303349,0.6467382279303349
1,audit,D_init,SEX,saved_adversary,saved_adversary,False,False,True,False,True,0,,,development_evaluation,3015,2,"[0,1]",False,3015.0,"[1579,1436]","[1579.0,1436.0]","[0.523714759535655,0.47628524046434495]",True,True,"[true,true]",0.6856110713642248,1e-12,0.5897180762852404,0.5873267432404063,0.5873267432404063,0.637617070145944,0.637617070145944,0.637617070145944
1,audit,D_init,SEX,saved_adversary,saved_adversary,False,False,True,False,True,0,,,validation_person_weighted,2964,2,"[0,1]",True,339693.0,"[1548,1416]","[177866.0,161827.0]","[0.5236080814146892,0.4763919185853109]",True,True,"[true,true]",0.6906053296465531,1e-12,0.5873450439072928,0.5843621196359574,0.5843621196359574,0.6303379460344165,0.6303379460344165,0.6303379460344165
1,audit,D_init,SEX,saved_adversary,saved_adversary,False,False,True,False,True,0,,,development_evaluation_person_weighted,3015,2,"[0,1]",True,354273.0,"[1579,1436]","[188726.0,165547.0]","[0.5327134723786459,0.46728652762135414]",True,True,"[true,true]",0.7011148074548105,1e-12,0.5817321670011545,0.5776791964888653,0.5776791964888653,0.620199820271413,0.620199820271413,0.620199820271413
1,audit,D_init,RAC1P,logistic,logistic,False,False,True,False,False,3021,"[1694,181,30,0,2,476,11,469,158]",False,validation,2964,9,"[0,1,2,3,4,5,6,7,8]",False,2964.0,"[1713,163,25,0,9,407,9,455,183]","[1713.0,163.0,25.0,0.0,9.0,407.0,9.0,455.0,183.0]","[0.5779352226720648,0.05499325236167341,0.008434547908232119,0.0,0.003036437246963563,0.13731443994601888,0.003036437246963563,0.15350877192982457,0.06174089068825911]",False,False,"[true,true,true,false,true,true,true,true,true]",1.250495634343123,1e-12,0.5755735492577598,,0.13851033249193834,,,0.5939998933426409
1,audit,D_init,RAC1P,logistic,logistic,False,False,True,False,False,3021,"[1694,181,30,0,2,476,11,469,158]",False,development_evaluation,3015,9,"[0,1,2,3,4,5,6,7,8]",False,3015.0,"[1680,158,14,0,13,455,15,491,189]","[1680.0,158.0,14.0,0.0,13.0,455.0,15.0,491.0,189.0]","[0.5572139303482587,0.05240464344941957,0.004643449419568822,0.0,0.004311774461028192,0.15091210613598674,0.004975124378109453,0.1628524046434494,0.0626865671641791]",False,False,"[true,true,true,false,true,true,true,true,true]",1.2823228007101333,1e-12,0.5582089552238806,,0.13809601024142357,,,0.5696203254987908
1,audit,D_init,RAC1P,logistic,logistic,False,False,True,False,False,3021,"[1694,181,30,0,2,476,11,469,158]",False,validation_person_weighted,2964,9,"[0,1,2,3,4,5,6,7,8]",True,339693.0,"[1713,163,25,0,9,407,9,455,183]","[194640.0,23099.0,1464.0,0.0,526.0,44629.0,1139.0,53601.0,20595.0]","[0.5729879626604022,0.06799963496451207,0.004309773825189215,0.0,0.0015484569891048682,0.13138039347292996,0.0033530275866738494,0.15779247732511414,0.06062827317607369]",False,False,"[true,true,true,false,true,true,true,true,true]",1.2483109845142784,1e-12,0.5691433146988605,,0.13519265119241802,,,0.604673485632048
1,audit,D_init,RAC1P,logistic,logistic,False,False,True,False,False,3021,"[1694,181,30,0,2,476,11,469,158]",False,development_evaluation_person_weighted,3015,9,"[0,1,2,3,4,5,6,7,8]",True,354273.0,"[1680,158,14,0,13,455,15,491,189]","[196490.0,24431.0,1034.0,0.0,1905.0,44817.0,1909.0,63555.0,20132.0]","[0.5546287749842636,0.06896094254995441,0.002918653129084068,0.0,0.005377209101455657,0.1265041366403875,0.005388499829227743,0.17939555088872142,0.056826232876905663]",False,False,"[true,true,true,false,true,true,true,true,true]",1.3086754457067271,1e-12,0.5552836371950445,,0.1339079240094187,,,0.5559472355793449
1,audit,D_init,RAC1P,mlp_0,mlp,False,True,True,False,False,3021,"[1694,181,30,0,2,476,11,469,158]",False,validation,2964,9,"[0,1,2,3,4,5,6,7,8]",False,2964.0,"[1713,163,25,0,9,407,9,455,183]","[1713.0,163.0,25.0,0.0,9.0,407.0,9.0,455.0,183.0]","[0.5779352226720648,0.05499325236167341,0.008434547908232119,0.0,0.003036437246963563,0.13731443994601888,0.003036437246963563,0.15350877192982457,0.06174089068825911]",False,False,"[true,true,true,false,true,true,true,true,true]",1.2417810187440328,1e-12,0.5813090418353576,,0.15170061813476124,,,0.5917826070237546
1,audit,D_init,RAC1P,mlp_0,mlp,False,True,True,False,False,3021,"[1694,181,30,0,2,476,11,469,158]",False,development_evaluation,3015,9,"[0,1,2,3,4,5,6,7,8]",False,3015.0,"[1680,158,14,0,13,455,15,491,189]","[1680.0,158.0,14.0,0.0,13.0,455.0,15.0,491.0,189.0]","[0.5572139303482587,0.05240464344941957,0.004643449419568822,0.0,0.004311774461028192,0.15091210613598674,0.004975124378109453,0.1628524046434494,0.0626865671641791]",False,False,"[true,true,true,false,true,true,true,true,true]",1.262349072673926,1e-12,0.5598673300165837,,0.1464053672036283,,,0.603457542110478
1,audit,D_init,RAC1P,mlp_0,mlp,False,True,True,False,False,3021,"[1694,181,30,0,2,476,11,469,158]",False,validation_person_weighted,2964,9,"[0,1,2,3,4,5,6,7,8]",True,339693.0,"[1713,163,25,0,9,407,9,455,183]","[194640.0,23099.0,1464.0,0.0,526.0,44629.0,1139.0,53601.0,20595.0]","[0.5729879626604022,0.06799963496451207,0.004309773825189215,0.0,0.0015484569891048682,0.13138039347292996,0.0033530275866738494,0.15779247732511414,0.06062827317607369]",False,False,"[true,true,true,false,true,true,true,true,true]",1.2359313054368737,1e-12,0.5794114097140654,,0.1528494101848764,,,0.5984597867468135
1,audit,D_init,RAC1P,mlp_0,mlp,False,True,True,False,False,3021,"[1694,181,30,0,2,476,11,469,158]",False,development_evaluation_person_weighted,3015,9,"[0,1,2,3,4,5,6,7,8]",True,354273.0,"[1680,158,14,0,13,455,15,491,189]","[196490.0,24431.0,1034.0,0.0,1905.0,44817.0,1909.0,63555.0,20132.0]","[0.5546287749842636,0.06896094254995441,0.002918653129084068,0.0,0.005377209101455657,0.1265041366403875,0.005388499829227743,0.17939555088872142,0.056826232876905663]",False,False,"[true,true,true,false,true,true,true,true,true]",1.285336235195768,1e-12,0.5554445300657967,,0.14608012459071373,,,0.576896357028357
1,audit,D_init,RAC1P,mlp_1,mlp,False,False,False,False,False,3021,"[1694,181,30,0,2,476,11,469,158]",False,validation,2964,9,"[0,1,2,3,4,5,6,7,8]",False,2964.0,"[1713,163,25,0,9,407,9,455,183]","[1713.0,163.0,25.0,0.0,9.0,407.0,9.0,455.0,183.0]","[0.5779352226720648,0.05499325236167341,0.008434547908232119,0.0,0.003036437246963563,0.13731443994601888,0.003036437246963563,0.15350877192982457,0.06174089068825911]",False,False,"[true,true,true,false,true,true,true,true,true]",1.246090082312095,1e-12,0.578272604588394,,0.15071923570521445,,,0.5959181473469641
1,audit,D_init,RAC1P,mlp_1,mlp,False,False,False,False,False,3021,"[1694,181,30,0,2,476,11,469,158]",False,development_evaluation,3015,9,"[0,1,2,3,4,5,6,7,8]",False,3015.0,"[1680,158,14,0,13,455,15,491,189]","[1680.0,158.0,14.0,0.0,13.0,455.0,15.0,491.0,189.0]","[0.5572139303482587,0.05240464344941957,0.004643449419568822,0.0,0.004311774461028192,0.15091210613598674,0.004975124378109453,0.1628524046434494,0.0626865671641791]",False,False,"[true,true,true,false,true,true,true,true,true]",1.2643053754516855,1e-12,0.5625207296849087,,0.14582990758940287,,,0.6201421657414974
1,audit,D_init,RAC1P,mlp_1,mlp,False,False,False,False,False,3021,"[1694,181,30,0,2,476,11,469,158]",False,validation_person_weighted,2964,9,"[0,1,2,3,4,5,6,7,8]",True,339693.0,"[1713,163,25,0,9,407,9,455,183]","[194640.0,23099.0,1464.0,0.0,526.0,44629.0,1139.0,53601.0,20595.0]","[0.5729879626604022,0.06799963496451207,0.004309773825189215,0.0,0.0015484569891048682,0.13138039347292996,0.0033530275866738494,0.15779247732511414,0.06062827317607369]",False,False,"[true,true,true,false,true,true,true,true,true]",1.238870775269244,1e-12,0.5737033144633537,,0.14766330111806328,,,0.6042089120288991
1,audit,D_init,RAC1P,mlp_1,mlp,False,False,False,False,False,3021,"[1694,181,30,0,2,476,11,469,158]",False,development_evaluation_person_weighted,3015,9,"[0,1,2,3,4,5,6,7,8]",True,354273.0,"[1680,158,14,0,13,455,15,491,189]","[196490.0,24431.0,1034.0,0.0,1905.0,44817.0,1909.0,63555.0,20132.0]","[0.5546287749842636,0.06896094254995441,0.002918653129084068,0.0,0.005377209101455657,0.1265041366403875,0.005388499829227743,0.17939555088872142,0.056826232876905663]",False,False,"[true,true,true,false,true,true,true,true,true]",1.2871600150282008,1e-12,0.5571635433690967,,0.1437615615906201,,,0.5951587674253225
1,audit,D_init,RAC1P,hist_gb_20,histgb,False,False,False,False,False,3021,"[1694,181,30,0,2,476,11,469,158]",False,validation,2964,9,"[0,1,2,3,4,5,6,7,8]",False,2964.0,"[1713,163,25,0,9,407,9,455,183]","[1713.0,163.0,25.0,0.0,9.0,407.0,9.0,455.0,183.0]","[0.5779352226720648,0.05499325236167341,0.008434547908232119,0.0,0.003036437246963563,0.13731443994601888,0.003036437246963563,0.15350877192982457,0.06174089068825911]",False,False,"[true,true,true,false,true,true,true,true,true]",1.490920611478313,1e-12,0.5226045883940621,,0.1612262146706069,,,0.5960044852766773
1,audit,D_init,RAC1P,hist_gb_20,histgb,False,False,False,False,False,3021,"[1694,181,30,0,2,476,11,469,158]",False,development_evaluation,3015,9,"[0,1,2,3,4,5,6,7,8]",False,3015.0,"[1680,158,14,0,13,455,15,491,189]","[1680.0,158.0,14.0,0.0,13.0,455.0,15.0,491.0,189.0]","[0.5572139303482587,0.05240464344941957,0.004643449419568822,0.0,0.004311774461028192,0.15091210613598674,0.004975124378109453,0.1628524046434494,0.0626865671641791]",False,False,"[true,true,true,false,true,true,true,true,true]",1.5234857644265982,1e-12,0.5150912106135986,,0.1645301197764928,,,0.5824985083294021
1,audit,D_init,RAC1P,hist_gb_20,histgb,False,False,False,False,False,3021,"[1694,181,30,0,2,476,11,469,158]",False,validation_person_weighted,2964,9,"[0,1,2,3,4,5,6,7,8]",True,339693.0,"[1713,163,25,0,9,407,9,455,183]","[194640.0,23099.0,1464.0,0.0,526.0,44629.0,1139.0,53601.0,20595.0]","[0.5729879626604022,0.06799963496451207,0.004309773825189215,0.0,0.0015484569891048682,0.13138039347292996,0.0033530275866738494,0.15779247732511414,0.06062827317607369]",False,False,"[true,true,true,false,true,true,true,true,true]",1.489590995544007,1e-12,0.5216504314189577,,0.15982619513637797,,,0.5814159952620541
1,audit,D_init,RAC1P,hist_gb_20,histgb,False,False,False,False,False,3021,"[1694,181,30,0,2,476,11,469,158]",False,development_evaluation_person_weighted,3015,9,"[0,1,2,3,4,5,6,7,8]",True,354273.0,"[1680,158,14,0,13,455,15,491,189]","[196490.0,24431.0,1034.0,0.0,1905.0,44817.0,1909.0,63555.0,20132.0]","[0.5546287749842636,0.06896094254995441,0.002918653129084068,0.0,0.005377209101455657,0.1265041366403875,0.005388499829227743,0.17939555088872142,0.056826232876905663]",False,False,"[true,true,true,false,true,true,true,true,true]",1.5676719375123818,1e-12,0.5021325362079526,,0.15843571396028772,,,0.5692548405184502
1,audit,D_init,RAC1P,hist_gb_5,histgb,False,False,True,False,False,3021,"[1694,181,30,0,2,476,11,469,158]",False,validation,2964,9,"[0,1,2,3,4,5,6,7,8]",False,2964.0,"[1713,163,25,0,9,407,9,455,183]","[1713.0,163.0,25.0,0.0,9.0,407.0,9.0,455.0,183.0]","[0.5779352226720648,0.05499325236167341,0.008434547908232119,0.0,0.003036437246963563,0.13731443994601888,0.003036437246963563,0.15350877192982457,0.06174089068825911]",False,False,"[true,true,true,false,true,true,true,true,true]",1.4846463341835754,1e-12,0.5300269905533064,,0.1634704553164248,,,0.5900317380140899
1,audit,D_init,RAC1P,hist_gb_5,histgb,False,False,True,False,False,3021,"[1694,181,30,0,2,476,11,469,158]",False,development_evaluation,3015,9,"[0,1,2,3,4,5,6,7,8]",False,3015.0,"[1680,158,14,0,13,455,15,491,189]","[1680.0,158.0,14.0,0.0,13.0,455.0,15.0,491.0,189.0]","[0.5572139303482587,0.05240464344941957,0.004643449419568822,0.0,0.004311774461028192,0.15091210613598674,0.004975124378109453,0.1628524046434494,0.0626865671641791]",False,False,"[true,true,true,false,true,true,true,true,true]",1.507663283700839,1e-12,0.5131011608623549,,0.16512160293648762,,,0.6017980547483365
1,audit,D_init,RAC1P,hist_gb_5,histgb,False,False,True,False,False,3021,"[1694,181,30,0,2,476,11,469,158]",False,validation_person_weighted,2964,9,"[0,1,2,3,4,5,6,7,8]",True,339693.0,"[1713,163,25,0,9,407,9,455,183]","[194640.0,23099.0,1464.0,0.0,526.0,44629.0,1139.0,53601.0,20595.0]","[0.5729879626604022,0.06799963496451207,0.004309773825189215,0.0,0.0015484569891048682,0.13138039347292996,0.0033530275866738494,0.15779247732511414,0.06062827317607369]",False,False,"[true,true,true,false,true,true,true,true,true]",1.4820931138354998,1e-12,0.5247296823896872,,0.16050311379818416,,,0.5847158978302569
1,audit,D_init,RAC1P,hist_gb_5,histgb,False,False,True,False,False,3021,"[1694,181,30,0,2,476,11,469,158]",False,development_evaluation_person_weighted,3015,9,"[0,1,2,3,4,5,6,7,8]",True,354273.0,"[1680,158,14,0,13,455,15,491,189]","[196490.0,24431.0,1034.0,0.0,1905.0,44817.0,1909.0,63555.0,20132.0]","[0.5546287749842636,0.06896094254995441,0.002918653129084068,0.0,0.005377209101455657,0.1265041366403875,0.005388499829227743,0.17939555088872142,0.056826232876905663]",False,False,"[true,true,true,false,true,true,true,true,true]",1.545271021278093,1e-12,0.5011587109376102,,0.15827697932233592,,,0.5894605049358597
1,audit,D_init,RAC1P,catchup,catchup,True,False,True,False,False,3021,"[1694,181,30,0,2,476,11,469,158]",False,validation,2964,9,"[0,1,2,3,4,5,6,7,8]",False,2964.0,"[1713,163,25,0,9,407,9,455,183]","[1713.0,163.0,25.0,0.0,9.0,407.0,9.0,455.0,183.0]","[0.5779352226720648,0.05499325236167341,0.008434547908232119,0.0,0.003036437246963563,0.13731443994601888,0.003036437246963563,0.15350877192982457,0.06174089068825911]",False,False,"[true,true,true,false,true,true,true,true,true]",1.240592768617673,1e-12,0.5873819163292847,,0.16914503727462374,,,0.6080851770184088
1,audit,D_init,RAC1P,catchup,catchup,True,False,True,False,False,3021,"[1694,181,30,0,2,476,11,469,158]",False,development_evaluation,3015,9,"[0,1,2,3,4,5,6,7,8]",False,3015.0,"[1680,158,14,0,13,455,15,491,189]","[1680.0,158.0,14.0,0.0,13.0,455.0,15.0,491.0,189.0]","[0.5572139303482587,0.05240464344941957,0.004643449419568822,0.0,0.004311774461028192,0.15091210613598674,0.004975124378109453,0.1628524046434494,0.0626865671641791]",False,False,"[true,true,true,false,true,true,true,true,true]",1.2604205318018937,1e-12,0.569485903814262,,0.16516665701143743,,,0.603600247922774
1,audit,D_init,RAC1P,catchup,catchup,True,False,True,False,False,3021,"[1694,181,30,0,2,476,11,469,158]",False,validation_person_weighted,2964,9,"[0,1,2,3,4,5,6,7,8]",True,339693.0,"[1713,163,25,0,9,407,9,455,183]","[194640.0,23099.0,1464.0,0.0,526.0,44629.0,1139.0,53601.0,20595.0]","[0.5729879626604022,0.06799963496451207,0.004309773825189215,0.0,0.0015484569891048682,0.13138039347292996,0.0033530275866738494,0.15779247732511414,0.06062827317607369]",False,False,"[true,true,true,false,true,true,true,true,true]",1.231140726652643,1e-12,0.5829175166989017,,0.16902666356628054,,,0.6034453695954579
1,audit,D_init,RAC1P,catchup,catchup,True,False,True,False,False,3021,"[1694,181,30,0,2,476,11,469,158]",False,development_evaluation_person_weighted,3015,9,"[0,1,2,3,4,5,6,7,8]",True,354273.0,"[1680,158,14,0,13,455,15,491,189]","[196490.0,24431.0,1034.0,0.0,1905.0,44817.0,1909.0,63555.0,20132.0]","[0.5546287749842636,0.06896094254995441,0.002918653129084068,0.0,0.005377209101455657,0.1265041366403875,0.005388499829227743,0.17939555088872142,0.056826232876905663]",False,False,"[true,true,true,false,true,true,true,true,true]",1.2874704587744954,1e-12,0.5612479641406486,,0.1623103131054437,,,0.5796156410305735
1,audit,D_init,RAC1P,saved_adversary,saved_adversary,False,False,True,False,True,0,,,validation,2964,9,"[0,1,2,3,4,5,6,7,8]",False,2964.0,"[1713,163,25,0,9,407,9,455,183]","[1713.0,163.0,25.0,0.0,9.0,407.0,9.0,455.0,183.0]","[0.5779352226720648,0.05499325236167341,0.008434547908232119,0.0,0.003036437246963563,0.13731443994601888,0.003036437246963563,0.15350877192982457,0.06174089068825911]",False,False,"[true,true,true,false,true,true,true,true,true]",1.2669945206571,1e-12,0.5890688259109311,,0.1561887679354878,,,0.5938937200694021
1,audit,D_init,RAC1P,saved_adversary,saved_adversary,False,False,True,False,True,0,,,development_evaluation,3015,9,"[0,1,2,3,4,5,6,7,8]",False,3015.0,"[1680,158,14,0,13,455,15,491,189]","[1680.0,158.0,14.0,0.0,13.0,455.0,15.0,491.0,189.0]","[0.5572139303482587,0.05240464344941957,0.004643449419568822,0.0,0.004311774461028192,0.15091210613598674,0.004975124378109453,0.1628524046434494,0.0626865671641791]",False,False,"[true,true,true,false,true,true,true,true,true]",1.2789639956319971,1e-12,0.5741293532338309,,0.15490178265763804,,,0.6043809904318918
1,audit,D_init,RAC1P,saved_adversary,saved_adversary,False,False,True,False,True,0,,,validation_person_weighted,2964,9,"[0,1,2,3,4,5,6,7,8]",True,339693.0,"[1713,163,25,0,9,407,9,455,183]","[194640.0,23099.0,1464.0,0.0,526.0,44629.0,1139.0,53601.0,20595.0]","[0.5729879626604022,0.06799963496451207,0.004309773825189215,0.0,0.0015484569891048682,0.13138039347292996,0.0033530275866738494,0.15779247732511414,0.06062827317607369]",False,False,"[true,true,true,false,true,true,true,true,true]",1.2633262419772362,1e-12,0.5868563673670049,,0.15899532222933804,,,0.5909564437074879
1,audit,D_init,RAC1P,saved_adversary,saved_adversary,False,False,True,False,True,0,,,development_evaluation_person_weighted,3015,9,"[0,1,2,3,4,5,6,7,8]",True,354273.0,"[1680,158,14,0,13,455,15,491,189]","[196490.0,24431.0,1034.0,0.0,1905.0,44817.0,1909.0,63555.0,20132.0]","[0.5546287749842636,0.06896094254995441,0.002918653129084068,0.0,0.005377209101455657,0.1265041366403875,0.005388499829227743,0.17939555088872142,0.056826232876905663]",False,False,"[true,true,true,false,true,true,true,true,true]",1.3223037930928598,1e-12,0.5647452670680521,,0.1549885932130271,,,0.579964363817588
2,transfer,I,same_residence,logistic,logistic,True,True,True,True,False,2048,"[481,1567]",True,validation,3024,2,"[0,1]",False,3024.0,"[737,2287]","[737.0,2287.0]","[0.24371693121693122,0.7562830687830688]",True,True,"[true,true]",0.5035311080731584,1e-12,0.7582671957671958,0.5279801058309044,0.5279801058309044,0.7111278484549862,0.7111278484549863,0.7111278484549863
2,transfer,I,same_residence,logistic,logistic,True,True,True,True,False,2048,"[481,1567]",True,development_evaluation,2979,2,"[0,1]",False,2979.0,"[686,2293]","[686.0,2293.0]","[0.23027861698556562,0.7697213830144344]",True,True,"[true,true]",0.49634245252812864,1e-12,0.7767707284323598,0.5382924835250903,0.5382924835250903,0.6988810538856375,0.6988810538856376,0.6988810538856376
2,transfer,I,same_residence,logistic,logistic,True,True,True,True,False,2048,"[481,1567]",True,validation_person_weighted,3024,2,"[0,1]",True,351282.0,"[737,2287]","[79711.0,271571.0]","[0.2269145586736582,0.7730854413263418]",True,True,"[true,true]",0.48555721725576456,1e-12,0.7726185799443183,0.5264600074994812,0.5264600074994812,0.712924771413608,0.712924771413608,0.712924771413608
2,transfer,I,same_residence,logistic,logistic,True,True,True,True,False,2048,"[481,1567]",True,development_evaluation_person_weighted,2979,2,"[0,1]",True,333421.0,"[686,2293]","[68689.0,264732.0]","[0.20601281862870066,0.7939871813712993]",True,True,"[true,true]",0.471638624347407,1e-12,0.8017641360322235,0.5442533246818466,0.5442533246818466,0.6953428745421668,0.6953428745421668,0.6953428745421668
2,transfer,I,same_residence,mlp,mlp,False,False,True,False,False,2048,"[481,1567]",True,validation,3024,2,"[0,1]",False,3024.0,"[737,2287]","[737.0,2287.0]","[0.24371693121693122,0.7562830687830688]",True,True,"[true,true]",0.5067874352944256,1e-12,0.753968253968254,0.5306555428921299,0.5306555428921299,0.7065963065382235,0.7065963065382235,0.7065963065382235
2,transfer,I,same_residence,mlp,mlp,False,False,True,False,False,2048,"[481,1567]",True,development_evaluation,2979,2,"[0,1]",False,2979.0,"[686,2293]","[686.0,2293.0]","[0.23027861698556562,0.7697213830144344]",True,True,"[true,true]",0.5018713060472771,1e-12,0.7754279959718026,0.5450823840844045,0.5450823840844045,0.6923839064003896,0.6923839064003896,0.6923839064003896
2,transfer,I,same_residence,mlp,mlp,False,False,True,False,False,2048,"[481,1567]",True,validation_person_weighted,3024,2,"[0,1]",True,351282.0,"[737,2287]","[79711.0,271571.0]","[0.2269145586736582,0.7730854413263418]",True,True,"[true,true]",0.4896890899275193,1e-12,0.7698060247892007,0.5296618751252391,0.5296618751252391,0.7065222420457561,0.706522242045756,0.706522242045756
2,transfer,I,same_residence,mlp,mlp,False,False,True,False,False,2048,"[481,1567]",True,development_evaluation_person_weighted,2979,2,"[0,1]",True,333421.0,"[686,2293]","[68689.0,264732.0]","[0.20601281862870066,0.7939871813712993]",True,True,"[true,true]",0.47676734368713936,1e-12,0.7941071498195974,0.5457221611850154,0.5457221611850154,0.6916527760897626,0.6916527760897626,0.6916527760897626
2,transfer,I,commute_over20,logistic,logistic,True,True,True,True,False,2048,"[1033,1015]",True,validation,2072,2,"[0,1]",False,2072.0,"[1030,1042]","[1030.0,1042.0]","[0.4971042471042471,0.502895752895753]",True,True,"[true,true]",0.6757673179208055,1e-12,0.5694980694980695,0.569450086651883,0.569450086651883,0.6007491195050594,0.6007491195050594,0.6007491195050594
2,transfer,I,commute_over20,logistic,logistic,True,True,True,True,False,2048,"[1033,1015]",True,development_evaluation,1955,2,"[0,1]",False,1955.0,"[938,1017]","[938.0,1017.0]","[0.47979539641943736,0.5202046035805626]",True,True,"[true,true]",0.685430614082863,1e-12,0.5442455242966752,0.5428582959622452,0.5428582959622452,0.5693272994488158,0.5693272994488158,0.5693272994488158
2,transfer,I,commute_over20,logistic,logistic,True,True,True,True,False,2048,"[1033,1015]",True,validation_person_weighted,2072,2,"[0,1]",True,242458.0,"[1030,1042]","[122348.0,120110.0]","[0.5046152323288982,0.4953847676711018]",True,True,"[true,true]",0.6760467728396657,1e-12,0.5721362050334491,0.5724024705674532,0.5724024705674532,0.6025157872306202,0.6025157872306202,0.6025157872306202
2,transfer,I,commute_over20,logistic,logistic,True,True,True,True,False,2048,"[1033,1015]",True,development_evaluation_person_weighted,1955,2,"[0,1]",True,225743.0,"[938,1017]","[106764.0,118979.0]","[0.47294489751620206,0.5270551024837979]",True,True,"[true,true]",0.690296686495453,1e-12,0.5354673234607497,0.5330173211524409,0.5330173211524409,0.5526099188103888,0.5526099188103888,0.5526099188103888
2,transfer,I,commute_over20,mlp,mlp,False,False,True,False,False,2048,"[1033,1015]",True,validation,2072,2,"[0,1]",False,2072.0,"[1030,1042]","[1030.0,1042.0]","[0.4971042471042471,0.502895752895753]",True,True,"[true,true]",0.679333536181127,1e-12,0.5603281853281853,0.5604280416674431,0.5604280416674431,0.5917345284460429,0.5917345284460429,0.5917345284460429
2,transfer,I,commute_over20,mlp,mlp,False,False,True,False,False,2048,"[1033,1015]",True,development_evaluation,1955,2,"[0,1]",False,1955.0,"[938,1017]","[938.0,1017.0]","[0.47979539641943736,0.5202046035805626]",True,True,"[true,true]",0.6867166038299641,1e-12,0.5539641943734015,0.5533588903355116,0.5533588903355116,0.569202554442285,0.569202554442285,0.569202554442285
2,transfer,I,commute_over20,mlp,mlp,False,False,True,False,False,2048,"[1033,1015]",True,validation_person_weighted,2072,2,"[0,1]",True,242458.0,"[1030,1042]","[122348.0,120110.0]","[0.5046152323288982,0.4953847676711018]",True,True,"[true,true]",0.6802414186852953,1e-12,0.5596309463907151,0.559608995205752,0.559608995205752,0.5884037940605534,0.5884037940605533,0.5884037940605533
2,transfer,I,commute_over20,mlp,mlp,False,False,True,False,False,2048,"[1033,1015]",True,development_evaluation_person_weighted,1955,2,"[0,1]",True,225743.0,"[938,1017]","[106764.0,118979.0]","[0.47294489751620206,0.5270551024837979]",True,True,"[true,true]",0.6898867223814289,1e-12,0.5427942394670046,0.5412523558280016,0.5412523558280016,0.5570404569943133,0.5570404569943133,0.5570404569943133
2,transfer,I,income_binary,logistic,logistic,False,False,True,False,False,2048,"[1679,369]",True,validation,3024,2,"[0,1]",False,3024.0,"[2447,577]","[2447.0,577.0]","[0.8091931216931217,0.1908068783068783]",True,True,"[true,true]",0.31183874754893076,1e-12,0.8604497354497355,0.7210661518118249,0.7210661518118249,0.894483323760074,0.894483323760074,0.894483323760074
2,transfer,I,income_binary,logistic,logistic,False,False,True,False,False,2048,"[1679,369]",True,development_evaluation,2979,2,"[0,1]",False,2979.0,"[2411,568]","[2411.0,568.0]","[0.8093319906008728,0.19066800939912723]",True,True,"[true,true]",0.3018947271864099,1e-12,0.8640483383685801,0.7255795765885233,0.7255795765885233,0.9003664250121216,0.9003664250121217,0.9003664250121217
2,transfer,I,income_binary,logistic,logistic,False,False,True,False,False,2048,"[1679,369]",True,validation_person_weighted,3024,2,"[0,1]",True,351282.0,"[2447,577]","[283992.0,67290.0]","[0.8084444975831383,0.19155550241686167]",True,True,"[true,true]",0.3204455989918188,1e-12,0.8574535558326359,0.7034017749138934,0.7034017749138934,0.8881068985202587,0.8881068985202587,0.8881068985202587
2,transfer,I,income_binary,logistic,logistic,False,False,True,False,False,2048,"[1679,369]",True,development_evaluation_person_weighted,2979,2,"[0,1]",True,333421.0,"[2411,568]","[268605.0,64816.0]","[0.8056031263777627,0.19439687362223734]",True,True,"[true,true]",0.3147668412459844,1e-12,0.8608785889311111,0.714358582064089,0.714358582064089,0.8901001189628774,0.8901001189628774,0.8901001189628774
2,transfer,I,income_binary,mlp,mlp,True,True,True,True,False,2048,"[1679,369]",True,validation,3024,2,"[0,1]",False,3024.0,"[2447,577]","[2447.0,577.0]","[0.8091931216931217,0.1908068783068783]",True,True,"[true,true]",0.30260791104651996,1e-12,0.8647486772486772,0.7416023865391712,0.7416023865391712,0.898650701633734,0.898650701633734,0.898650701633734
2,transfer,I,income_binary,mlp,mlp,True,True,True,True,False,2048,"[1679,369]",True,development_evaluation,2979,2,"[0,1]",False,2979.0,"[2411,568]","[2411.0,568.0]","[0.8093319906008728,0.19066800939912723]",True,True,"[true,true]",0.2978104764554389,1e-12,0.8657267539442766,0.7360370747921791,0.7360370747921791,0.9018195652554897,0.9018195652554898,0.9018195652554898
2,transfer,I,income_binary,mlp,mlp,True,True,True,True,False,2048,"[1679,369]",True,validation_person_weighted,3024,2,"[0,1]",True,351282.0,"[2447,577]","[283992.0,67290.0]","[0.8084444975831383,0.19155550241686167]",True,True,"[true,true]",0.31032680291440784,1e-12,0.8610518045331101,0.7254208511798106,0.7254208511798106,0.8929324088543771,0.8929324088543771,0.8929324088543771
2,transfer,I,income_binary,mlp,mlp,True,True,True,True,False,2048,"[1679,369]",True,development_evaluation_person_weighted,2979,2,"[0,1]",True,333421.0,"[2411,568]","[268605.0,64816.0]","[0.8056031263777627,0.19439687362223734]",True,True,"[true,true]",0.3111937762817491,1e-12,0.8610045558018241,0.7224666341711357,0.7224666341711357,0.891765095051358,0.891765095051358,0.891765095051358
2,transfer,I,civilian_at_work,logistic,logistic,False,False,True,False,False,2048,"[632,1416]",True,validation,3024,2,"[0,1]",False,3024.0,"[915,2109]","[915.0,2109.0]","[0.30257936507936506,0.6974206349206349]",True,True,"[true,true]",0.30854836333655156,1e-12,0.8845899470899471,0.8114551998072275,0.8114551998072275,0.874199048055821,0.874199048055821,0.874199048055821
2,transfer,I,civilian_at_work,logistic,logistic,False,False,True,False,False,2048,"[632,1416]",True,development_evaluation,2979,2,"[0,1]",False,2979.0,"[996,1983]","[996.0,1983.0]","[0.33434038267875127,0.6656596173212488]",True,True,"[true,true]",0.30191814566716807,1e-12,0.8815038603558241,0.824540218362102,0.824540218362102,0.8972341711779037,0.8972341711779037,0.8972341711779037
2,transfer,I,civilian_at_work,logistic,logistic,False,False,True,False,False,2048,"[632,1416]",True,validation_person_weighted,3024,2,"[0,1]",True,351282.0,"[915,2109]","[103971.0,247311.0]","[0.2959758826242164,0.7040241173757835]",True,True,"[true,true]",0.3060300528833078,1e-12,0.8907402030277669,0.8166174523709377,0.8166174523709377,0.8658308659643698,0.8658308659643699,0.8658308659643699
2,transfer,I,civilian_at_work,logistic,logistic,False,False,True,False,False,2048,"[632,1416]",True,development_evaluation_person_weighted,2979,2,"[0,1]",True,333421.0,"[996,1983]","[102135.0,231286.0]","[0.30632443667315495,0.693675563326845]",True,True,"[true,true]",0.2941795821369722,1e-12,0.8937559421872048,0.8276540574793971,0.8276540574793971,0.8850879820016697,0.8850879820016697,0.8850879820016697
2,transfer,I,civilian_at_work,mlp,mlp,True,True,True,True,False,2048,"[632,1416]",True,validation,3024,2,"[0,1]",False,3024.0,"[915,2109]","[915.0,2109.0]","[0.30257936507936506,0.6974206349206349]",True,True,"[true,true]",0.30054589719643227,1e-12,0.8928571428571429,0.8279007221198766,0.8279007221198766,0.8836099257151889,0.8836100552666558,0.8836100552666558
2,transfer,I,civilian_at_work,mlp,mlp,True,True,True,True,False,2048,"[632,1416]",True,development_evaluation,2979,2,"[0,1]",False,2979.0,"[996,1983]","[996.0,1983.0]","[0.33434038267875127,0.6656596173212488]",True,True,"[true,true]",0.29834319197524845,1e-12,0.8855320577374958,0.8333128277102357,0.8333128277102357,0.9022466568239675,0.9022466568239675,0.9022466568239675
2,transfer,I,civilian_at_work,mlp,mlp,True,True,True,True,False,2048,"[632,1416]",True,validation_person_weighted,3024,2,"[0,1]",True,351282.0,"[915,2109]","[103971.0,247311.0]","[0.2959758826242164,0.7040241173757835]",True,True,"[true,true]",0.29766497122206576,1e-12,0.8961148023525259,0.8283615539630377,0.8283615539630377,0.881242329252245,0.8812424415487754,0.8812424415487754
2,transfer,I,civilian_at_work,mlp,mlp,True,True,True,True,False,2048,"[632,1416]",True,development_evaluation_person_weighted,2979,2,"[0,1]",True,333421.0,"[996,1983]","[102135.0,231286.0]","[0.30632443667315495,0.693675563326845]",True,True,"[true,true]",0.2903588158823863,1e-12,0.8958403939763843,0.8335331093034726,0.8335331093034726,0.8953845948014754,0.8953845948014754,0.8953845948014754
2,transfer,I,public_coverage,logistic,logistic,True,True,True,True,False,2048,"[1541,507]",True,validation,3024,2,"[0,1]",False,3024.0,"[2313,711]","[2313.0,711.0]","[0.7648809523809523,0.23511904761904762]",True,True,"[true,true]",0.4872668263318352,1e-12,0.7800925925925926,0.5800812140515633,0.5800812140515633,0.7170073996240901,0.7170073996240901,0.7170073996240901
2,transfer,I,public_coverage,logistic,logistic,True,True,True,True,False,2048,"[1541,507]",True,development_evaluation,2979,2,"[0,1]",False,2979.0,"[2231,748]","[2231.0,748.0]","[0.7489090298757972,0.25109097012420273]",True,True,"[true,true]",0.5032114139831594,1e-12,0.7653575025176234,0.5762987869040286,0.5762987869040286,0.7192489399492326,0.7192489399492326,0.7192489399492326
2,transfer,I,public_coverage,logistic,logistic,True,True,True,True,False,2048,"[1541,507]",True,validation_person_weighted,3024,2,"[0,1]",True,351282.0,"[2313,711]","[267566.0,83716.0]","[0.7616843447714372,0.2383156552285628]",True,True,"[true,true]",0.49716378260591987,1e-12,0.7703298204861052,0.5681731647591959,0.5681731647591959,0.7060665503063326,0.7060665503063326,0.7060665503063326
2,transfer,I,public_coverage,logistic,logistic,True,True,True,True,False,2048,"[1541,507]",True,development_evaluation_person_weighted,2979,2,"[0,1]",True,333421.0,"[2231,748]","[248778.0,84643.0]","[0.7461377657676032,0.2538622342323969]",True,True,"[true,true]",0.5105618961684408,1e-12,0.7659175636807519,0.5743533730088983,0.5743533730088983,0.7098380840512213,0.7098380840512213,0.7098380840512213
2,transfer,I,public_coverage,mlp,mlp,False,False,True,False,False,2048,"[1541,507]",True,validation,3024,2,"[0,1]",False,3024.0,"[2313,711]","[2313.0,711.0]","[0.7648809523809523,0.23511904761904762]",True,True,"[true,true]",0.48797781841325666,1e-12,0.7847222222222222,0.5870041099563831,0.5870041099563831,0.7157748383593497,0.7157746863414336,0.7157746863414336
2,transfer,I,public_coverage,mlp,mlp,False,False,True,False,False,2048,"[1541,507]",True,development_evaluation,2979,2,"[0,1]",False,2979.0,"[2231,748]","[2231.0,748.0]","[0.7489090298757972,0.25109097012420273]",True,True,"[true,true]",0.49652023527545947,1e-12,0.7620006713662303,0.5727246360831932,0.5727246360831932,0.733884711539153,0.7338848613484756,0.7338848613484756
2,transfer,I,public_coverage,mlp,mlp,False,False,True,False,False,2048,"[1541,507]",True,validation_person_weighted,3024,2,"[0,1]",True,351282.0,"[2313,711]","[267566.0,83716.0]","[0.7616843447714372,0.2383156552285628]",True,True,"[true,true]",0.5014728951755599,1e-12,0.7762396023707449,0.5724055147731367,0.5724055147731367,0.6978914738413233,0.6978913923218476,0.6978913923218476
2,transfer,I,public_coverage,mlp,mlp,False,False,True,False,False,2048,"[1541,507]",True,development_evaluation_person_weighted,2979,2,"[0,1]",True,333421.0,"[2231,748]","[248778.0,84643.0]","[0.7461377657676032,0.2538622342323969]",True,True,"[true,true]",0.5037893495942087,1e-12,0.7586534741363021,0.5623534488518016,0.5623534488518016,0.7260192916130005,0.7260193194299356,0.7260193194299356
2,transfer,W,same_residence,logistic,logistic,False,False,True,False,False,2048,"[481,1567]",True,validation,3024,2,"[0,1]",False,3024.0,"[737,2287]","[737.0,2287.0]","[0.24371693121693122,0.7562830687830688]",True,True,"[true,true]",0.5271997352589632,1e-12,0.7529761904761905,0.5318388579422718,0.5318388579422718,0.6658610789911001,0.6658610789911001,0.6658610789911001
2,transfer,W,same_residence,logistic,logistic,False,False,True,False,False,2048,"[481,1567]",True,development_evaluation,2979,2,"[0,1]",False,2979.0,"[686,2293]","[686.0,2293.0]","[0.23027861698556562,0.7697213830144344]",True,True,"[true,true]",0.5082313757810449,1e-12,0.7633434038267876,0.5259946293638008,0.5259946293638008,0.6757284497500949,0.6757284497500949,0.6757284497500949
2,transfer,W,same_residence,logistic,logistic,False,False,True,False,False,2048,"[481,1567]",True,validation_person_weighted,3024,2,"[0,1]",True,351282.0,"[737,2287]","[79711.0,271571.0]","[0.2269145586736582,0.7730854413263418]",True,True,"[true,true]",0.5083908425647022,1e-12,0.7689890173706595,0.5197342124991593,0.5197342124991593,0.6662327630866567,0.6662327630866567,0.6662327630866567
2,transfer,W,same_residence,logistic,logistic,False,False,True,False,False,2048,"[481,1567]",True,development_evaluation_person_weighted,2979,2,"[0,1]",True,333421.0,"[686,2293]","[68689.0,264732.0]","[0.20601281862870066,0.7939871813712993]",True,True,"[true,true]",0.47702654131756184,1e-12,0.7900552154783292,0.517716661636722,0.517716661636722,0.6788057285507798,0.6788057285507798,0.6788057285507798
2,transfer,W,same_residence,mlp,mlp,True,True,True,True,False,2048,"[481,1567]",True,validation,3024,2,"[0,1]",False,3024.0,"[737,2287]","[737.0,2287.0]","[0.24371693121693122,0.7562830687830688]",True,True,"[true,true]",0.51899934686554,1e-12,0.751984126984127,0.5564719234846952,0.5564719234846952,0.688709827655458,0.688709827655458,0.688709827655458
2,transfer,W,same_residence,mlp,mlp,True,True,True,True,False,2048,"[481,1567]",True,development_evaluation,2979,2,"[0,1]",False,2979.0,"[686,2293]","[686.0,2293.0]","[0.23027861698556562,0.7697213830144344]",True,True,"[true,true]",0.5017931133295724,1e-12,0.7754279959718026,0.5736876334235644,0.5736876334235644,0.691449385186758,0.691449385186758,0.691449385186758
2,transfer,W,same_residence,mlp,mlp,True,True,True,True,False,2048,"[481,1567]",True,validation_person_weighted,3024,2,"[0,1]",True,351282.0,"[737,2287]","[79711.0,271571.0]","[0.2269145586736582,0.7730854413263418]",True,True,"[true,true]",0.502448832091134,1e-12,0.7625639799363474,0.5401072292578696,0.5401072292578696,0.6868705830792377,0.6868705830792377,0.6868705830792377
2,transfer,W,same_residence,mlp,mlp,True,True,True,True,False,2048,"[481,1567]",True,development_evaluation_person_weighted,2979,2,"[0,1]",True,333421.0,"[686,2293]","[68689.0,264732.0]","[0.20601281862870066,0.7939871813712993]",True,True,"[true,true]",0.47418698170003776,1e-12,0.796338562957942,0.561406746290316,0.561406746290316,0.6904434203521617,0.6904434203521617,0.6904434203521617
2,transfer,W,commute_over20,logistic,logistic,True,True,True,True,False,2048,"[1033,1015]",True,validation,2072,2,"[0,1]",False,2072.0,"[1030,1042]","[1030.0,1042.0]","[0.4971042471042471,0.502895752895753]",True,True,"[true,true]",0.6747784423058149,1e-12,0.5675675675675675,0.5673182639807688,0.5673182639807688,0.5974283957289008,0.5974283957289008,0.5974283957289008
2,transfer,W,commute_over20,logistic,logistic,True,True,True,True,False,2048,"[1033,1015]",True,development_evaluation,1955,2,"[0,1]",False,1955.0,"[938,1017]","[938.0,1017.0]","[0.47979539641943736,0.5202046035805626]",True,True,"[true,true]",0.6855658125799295,1e-12,0.5427109974424552,0.5404310097217243,0.5404310097217243,0.5680976700987268,0.5680976700987268,0.5680976700987268
2,transfer,W,commute_over20,logistic,logistic,True,True,True,True,False,2048,"[1033,1015]",True,validation_person_weighted,2072,2,"[0,1]",True,242458.0,"[1030,1042]","[122348.0,120110.0]","[0.5046152323288982,0.4953847676711018]",True,True,"[true,true]",0.6767487511346211,1e-12,0.566964175238598,0.5674742803480153,0.5674742803480153,0.5934693482824536,0.5934693482824537,0.5934693482824537
2,transfer,W,commute_over20,logistic,logistic,True,True,True,True,False,2048,"[1033,1015]",True,development_evaluation_person_weighted,1955,2,"[0,1]",True,225743.0,"[938,1017]","[106764.0,118979.0]","[0.47294489751620206,0.5270551024837979]",True,True,"[true,true]",0.6911261270149408,1e-12,0.532171540202797,0.5282535804070196,0.5282535804070196,0.5533899207244992,0.5533899207244992,0.5533899207244992
2,transfer,W,commute_over20,mlp,mlp,False,False,True,False,False,2048,"[1033,1015]",True,validation,2072,2,"[0,1]",False,2072.0,"[1030,1042]","[1030.0,1042.0]","[0.4971042471042471,0.502895752895753]",True,True,"[true,true]",0.6785536020836578,1e-12,0.5593629343629344,0.5592111883420607,0.5592111883420607,0.5915789277528278,0.5915789277528278,0.5915789277528278
2,transfer,W,commute_over20,mlp,mlp,False,False,True,False,False,2048,"[1033,1015]",True,development_evaluation,1955,2,"[0,1]",False,1955.0,"[938,1017]","[938.0,1017.0]","[0.47979539641943736,0.5202046035805626]",True,True,"[true,true]",0.6870874355335057,1e-12,0.550383631713555,0.5486751870650959,0.5486751870650959,0.5657683977919086,0.5657689219305915,0.5657689219305915
2,transfer,W,commute_over20,mlp,mlp,False,False,True,False,False,2048,"[1033,1015]",True,validation_person_weighted,2072,2,"[0,1]",True,242458.0,"[1030,1042]","[122348.0,120110.0]","[0.5046152323288982,0.4953847676711018]",True,True,"[true,true]",0.6784066855832552,1e-12,0.5687088072985836,0.5690872883039612,0.5690872883039612,0.5951191660352799,0.5951191660352799,0.5951191660352799
2,transfer,W,commute_over20,mlp,mlp,False,False,True,False,False,2048,"[1033,1015]",True,development_evaluation_person_weighted,1955,2,"[0,1]",True,225743.0,"[938,1017]","[106764.0,118979.0]","[0.47294489751620206,0.5270551024837979]",True,True,"[true,true]",0.6928858099801927,1e-12,0.5409957340869928,0.5378085457175061,0.5378085457175061,0.5501489553858151,0.5501491855735701,0.5501491855735701
2,transfer,W,income_binary,logistic,logistic,True,True,True,True,False,2048,"[1679,369]",True,validation,3024,2,"[0,1]",False,3024.0,"[2447,577]","[2447.0,577.0]","[0.8091931216931217,0.1908068783068783]",True,True,"[true,true]",0.30017757248002147,1e-12,0.8660714285714286,0.7463930296284702,0.7463930296284702,0.9005644091481169,0.9005644091481169,0.9005644091481169
2,transfer,W,income_binary,logistic,logistic,True,True,True,True,False,2048,"[1679,369]",True,development_evaluation,2979,2,"[0,1]",False,2979.0,"[2411,568]","[2411.0,568.0]","[0.8093319906008728,0.19066800939912723]",True,True,"[true,true]",0.2908386396368592,1e-12,0.869419268210809,0.7416827802150939,0.7416827802150939,0.9066937919512095,0.9066937919512095,0.9066937919512095
2,transfer,W,income_binary,logistic,logistic,True,True,True,True,False,2048,"[1679,369]",True,validation_person_weighted,3024,2,"[0,1]",True,351282.0,"[2447,577]","[283992.0,67290.0]","[0.8084444975831383,0.19155550241686167]",True,True,"[true,true]",0.3056826378711503,1e-12,0.8624296149532285,0.7256889869628549,0.7256889869628549,0.8966167795501898,0.8966167795501898,0.8966167795501898
2,transfer,W,income_binary,logistic,logistic,True,True,True,True,False,2048,"[1679,369]",True,development_evaluation_person_weighted,2979,2,"[0,1]",True,333421.0,"[2411,568]","[268605.0,64816.0]","[0.8056031263777627,0.19439687362223734]",True,True,"[true,true]",0.3047973425187758,1e-12,0.8665530965356112,0.7302413322991265,0.7302413322991265,0.8967324553839755,0.8967324553839755,0.8967324553839755
2,transfer,W,income_binary,mlp,mlp,False,False,True,False,False,2048,"[1679,369]",True,validation,3024,2,"[0,1]",False,3024.0,"[2447,577]","[2447.0,577.0]","[0.8091931216931217,0.1908068783068783]",True,True,"[true,true]",0.30697418214118993,1e-12,0.8667328042328042,0.7401795003821041,0.7401795003821041,0.8953502290145541,0.8953500519505724,0.8953500519505724
2,transfer,W,income_binary,mlp,mlp,False,False,True,False,False,2048,"[1679,369]",True,development_evaluation,2979,2,"[0,1]",False,2979.0,"[2411,568]","[2411.0,568.0]","[0.8093319906008728,0.19066800939912723]",True,True,"[true,true]",0.2945941283767312,1e-12,0.8633769721383014,0.727856406376876,0.727856406376876,0.9050347293215952,0.9050347293215952,0.9050347293215952
2,transfer,W,income_binary,mlp,mlp,False,False,True,False,False,2048,"[1679,369]",True,validation_person_weighted,3024,2,"[0,1]",True,351282.0,"[2447,577]","[283992.0,67290.0]","[0.8084444975831383,0.19155550241686167]",True,True,"[true,true]",0.3127015737620748,1e-12,0.8601095416218308,0.7156981907536042,0.7156981907536042,0.8910511243713499,0.8910509437835843,0.8910509437835843
2,transfer,W,income_binary,mlp,mlp,False,False,True,False,False,2048,"[1679,369]",True,development_evaluation_person_weighted,2979,2,"[0,1]",True,333421.0,"[2411,568]","[268605.0,64816.0]","[0.8056031263777627,0.19439687362223734]",True,True,"[true,true]",0.3103216439718079,1e-12,0.8565807192708318,0.7099528518130035,0.7099528518130035,0.8936660647758465,0.8936660647758465,0.8936660647758465
2,transfer,W,civilian_at_work,logistic,logistic,False,False,True,False,False,2048,"[632,1416]",True,validation,3024,2,"[0,1]",False,3024.0,"[915,2109]","[915.0,2109.0]","[0.30257936507936506,0.6974206349206349]",True,True,"[true,true]",0.28652692439222033,1e-12,0.8981481481481481,0.8350970470038632,0.8350970470038632,0.8954833176576057,0.8954833176576058,0.8954833176576058
2,transfer,W,civilian_at_work,logistic,logistic,False,False,True,False,False,2048,"[632,1416]",True,development_evaluation,2979,2,"[0,1]",False,2979.0,"[996,1983]","[996.0,1983.0]","[0.33434038267875127,0.6656596173212488]",True,True,"[true,true]",0.281861549698566,1e-12,0.8972809667673716,0.8496337847608285,0.8496337847608285,0.9101360054438631,0.9101360054438632,0.9101360054438632
2,transfer,W,civilian_at_work,logistic,logistic,False,False,True,False,False,2048,"[632,1416]",True,validation_person_weighted,3024,2,"[0,1]",True,351282.0,"[915,2109]","[103971.0,247311.0]","[0.2959758826242164,0.7040241173757835]",True,True,"[true,true]",0.28437290204431426,1e-12,0.898776481573209,0.8326210806593524,0.8326210806593524,0.894689067533134,0.894689067533134,0.894689067533134
2,transfer,W,civilian_at_work,logistic,logistic,False,False,True,False,False,2048,"[632,1416]",True,development_evaluation_person_weighted,2979,2,"[0,1]",True,333421.0,"[996,1983]","[102135.0,231286.0]","[0.30632443667315495,0.693675563326845]",True,True,"[true,true]",0.2766217797160919,1e-12,0.9020187690637362,0.842516137824516,0.842516137824516,0.9044191527914217,0.9044191527914217,0.9044191527914217
2,transfer,W,civilian_at_work,mlp,mlp,True,True,True,True,False,2048,"[632,1416]",True,validation,3024,2,"[0,1]",False,3024.0,"[915,2109]","[915.0,2109.0]","[0.30257936507936506,0.6974206349206349]",True,True,"[true,true]",0.2850110373816661,1e-12,0.8971560846560847,0.8350045472564886,0.8350045472564886,0.8991804574203193,0.8991803278688524,0.8991803278688524
2,transfer,W,civilian_at_work,mlp,mlp,True,True,True,True,False,2048,"[632,1416]",True,development_evaluation,2979,2,"[0,1]",False,2979.0,"[996,1983]","[996.0,1983.0]","[0.33434038267875127,0.6656596173212488]",True,True,"[true,true]",0.28262751805513636,1e-12,0.8956025511916751,0.8488727983036534,0.8488727983036534,0.9070054803176396,0.9070054803176397,0.9070054803176397
2,transfer,W,civilian_at_work,mlp,mlp,True,True,True,True,False,2048,"[632,1416]",True,validation_person_weighted,3024,2,"[0,1]",True,351282.0,"[915,2109]","[103971.0,247311.0]","[0.2959758826242164,0.7040241173757835]",True,True,"[true,true]",0.28404222330417694,1e-12,0.8975666273819894,0.8318315208370558,0.8318315208370558,0.8976063650394639,0.8976062567778305,0.8976062567778305
2,transfer,W,civilian_at_work,mlp,mlp,True,True,True,True,False,2048,"[632,1416]",True,development_evaluation_person_weighted,2979,2,"[0,1]",True,333421.0,"[996,1983]","[102135.0,231286.0]","[0.30632443667315495,0.693675563326845]",True,True,"[true,true]",0.2791913455533646,1e-12,0.9003362115763555,0.8421152494406133,0.8421152494406133,0.8992154171064618,0.8992154171064617,0.8992154171064617
2,transfer,W,public_coverage,logistic,logistic,True,True,True,True,False,2048,"[1541,507]",True,validation,3024,2,"[0,1]",False,3024.0,"[2313,711]","[2313.0,711.0]","[0.7648809523809523,0.23511904761904762]",True,True,"[true,true]",0.47183978269252896,1e-12,0.7933201058201058,0.6062623476552453,0.6062623476552453,0.7403208672561313,0.7403208672561313,0.7403208672561313
2,transfer,W,public_coverage,logistic,logistic,True,True,True,True,False,2048,"[1541,507]",True,development_evaluation,2979,2,"[0,1]",False,2979.0,"[2231,748]","[2231.0,748.0]","[0.7489090298757972,0.25109097012420273]",True,True,"[true,true]",0.48500573297415706,1e-12,0.770392749244713,0.596989551698598,0.596989551698598,0.7529608314537257,0.7529608314537257,0.7529608314537257
2,transfer,W,public_coverage,logistic,logistic,True,True,True,True,False,2048,"[1541,507]",True,validation_person_weighted,3024,2,"[0,1]",True,351282.0,"[2313,711]","[267566.0,83716.0]","[0.7616843447714372,0.2383156552285628]",True,True,"[true,true]",0.4862276897962229,1e-12,0.7857220125141624,0.5918117973100885,0.5918117973100885,0.7253482887187195,0.7253482887187195,0.7253482887187195
2,transfer,W,public_coverage,logistic,logistic,True,True,True,True,False,2048,"[1541,507]",True,development_evaluation_person_weighted,2979,2,"[0,1]",True,333421.0,"[2231,748]","[248778.0,84643.0]","[0.7461377657676032,0.2538622342323969]",True,True,"[true,true]",0.49458782344295354,1e-12,0.7672252197672013,0.5872529471152805,0.5872529471152805,0.7406832615736237,0.7406832615736237,0.7406832615736237
2,transfer,W,public_coverage,mlp,mlp,False,False,True,False,False,2048,"[1541,507]",True,validation,3024,2,"[0,1]",False,3024.0,"[2313,711]","[2313.0,711.0]","[0.7648809523809523,0.23511904761904762]",True,True,"[true,true]",0.47340366377698084,1e-12,0.7916666666666666,0.6115133505174386,0.6115133505174386,0.7388462934687631,0.7388462934687631,0.7388462934687631
2,transfer,W,public_coverage,mlp,mlp,False,False,True,False,False,2048,"[1541,507]",True,development_evaluation,2979,2,"[0,1]",False,2979.0,"[2231,748]","[2231.0,748.0]","[0.7489090298757972,0.25109097012420273]",True,True,"[true,true]",0.489613033544235,1e-12,0.7697213830144344,0.5960969877539868,0.5960969877539868,0.743204049885306,0.743204049885306,0.743204049885306
2,transfer,W,public_coverage,mlp,mlp,False,False,True,False,False,2048,"[1541,507]",True,validation_person_weighted,3024,2,"[0,1]",True,351282.0,"[2313,711]","[267566.0,83716.0]","[0.7616843447714372,0.2383156552285628]",True,True,"[true,true]",0.4884402570625441,1e-12,0.7818760995439561,0.5994073450812625,0.5994073450812625,0.7214553921409341,0.7214553921409341,0.7214553921409341
2,transfer,W,public_coverage,mlp,mlp,False,False,True,False,False,2048,"[1541,507]",True,development_evaluation_person_weighted,2979,2,"[0,1]",True,333421.0,"[2231,748]","[248778.0,84643.0]","[0.7461377657676032,0.2538622342323969]",True,True,"[true,true]",0.5023962905598219,1e-12,0.7646189052279251,0.5857597370774617,0.5857597370774617,0.729331723318857,0.729331723318857,0.729331723318857
2,transfer,C_init,same_residence,logistic,logistic,False,False,True,False,False,2048,"[481,1567]",True,validation,3024,2,"[0,1]",False,3024.0,"[737,2287]","[737.0,2287.0]","[0.24371693121693122,0.7562830687830688]",True,True,"[true,true]",0.5367613423241304,1e-12,0.7490079365079365,0.5172605589139013,0.5172605589139013,0.6452229254016122,0.6452229254016122,0.6452229254016122
2,transfer,C_init,same_residence,logistic,logistic,False,False,True,False,False,2048,"[481,1567]",True,development_evaluation,2979,2,"[0,1]",False,2979.0,"[686,2293]","[686.0,2293.0]","[0.23027861698556562,0.7697213830144344]",True,True,"[true,true]",0.5130980482197134,1e-12,0.7653575025176234,0.5211732627759221,0.5211732627759221,0.6671677268502566,0.6671677268502566,0.6671677268502566
2,transfer,C_init,same_residence,logistic,logistic,False,False,True,False,False,2048,"[481,1567]",True,validation_person_weighted,3024,2,"[0,1]",True,351282.0,"[737,2287]","[79711.0,271571.0]","[0.2269145586736582,0.7730854413263418]",True,True,"[true,true]",0.518285800139016,1e-12,0.7666632506077738,0.509163110186377,0.509163110186377,0.6439838918969317,0.6439838918969317,0.6439838918969317
2,transfer,C_init,same_residence,logistic,logistic,False,False,True,False,False,2048,"[481,1567]",True,development_evaluation_person_weighted,2979,2,"[0,1]",True,333421.0,"[686,2293]","[68689.0,264732.0]","[0.20601281862870066,0.7939871813712993]",True,True,"[true,true]",0.48235901680692,1e-12,0.7908949946164159,0.5145691886962556,0.5145691886962556,0.6693635063838747,0.6693635063838745,0.6693635063838745
2,transfer,C_init,same_residence,mlp,mlp,True,True,True,True,False,2048,"[481,1567]",True,validation,3024,2,"[0,1]",False,3024.0,"[737,2287]","[737.0,2287.0]","[0.24371693121693122,0.7562830687830688]",True,True,"[true,true]",0.5237472634584891,1e-12,0.7506613756613757,0.5551376163662349,0.5551376163662349,0.6838199391404072,0.6838200874626748,0.6838200874626748
2,transfer,C_init,same_residence,mlp,mlp,True,True,True,True,False,2048,"[481,1567]",True,development_evaluation,2979,2,"[0,1]",False,2979.0,"[686,2293]","[686.0,2293.0]","[0.23027861698556562,0.7697213830144344]",True,True,"[true,true]",0.5000905526298071,1e-12,0.7777777777777778,0.575214018072496,0.575214018072496,0.6941703040944744,0.6941703040944744,0.6941703040944744
2,transfer,C_init,same_residence,mlp,mlp,True,True,True,True,False,2048,"[481,1567]",True,validation_person_weighted,3024,2,"[0,1]",True,351282.0,"[737,2287]","[79711.0,271571.0]","[0.2269145586736582,0.7730854413263418]",True,True,"[true,true]",0.5089328778947451,1e-12,0.7608986512260805,0.536539648146312,0.536539648146312,0.678256711695449,0.678256833651198,0.678256833651198
2,transfer,C_init,same_residence,mlp,mlp,True,True,True,True,False,2048,"[481,1567]",True,development_evaluation_person_weighted,2979,2,"[0,1]",True,333421.0,"[686,2293]","[68689.0,264732.0]","[0.20601281862870066,0.7939871813712993]",True,True,"[true,true]",0.4702199339250229,1e-12,0.7997516653120229,0.5647527770829998,0.5647527770829998,0.6968638746947551,0.6968638746947551,0.6968638746947551
2,transfer,C_init,commute_over20,logistic,logistic,True,True,True,True,False,2048,"[1033,1015]",True,validation,2072,2,"[0,1]",False,2072.0,"[1030,1042]","[1030.0,1042.0]","[0.4971042471042471,0.502895752895753]",True,True,"[true,true]",0.6751547472517321,1e-12,0.5632239382239382,0.5630164172707453,0.5630164172707453,0.5983871568864954,0.5983871568864954,0.5983871568864954
2,transfer,C_init,commute_over20,logistic,logistic,True,True,True,True,False,2048,"[1033,1015]",True,development_evaluation,1955,2,"[0,1]",False,1955.0,"[938,1017]","[938.0,1017.0]","[0.47979539641943736,0.5202046035805626]",True,True,"[true,true]",0.6878919339352412,1e-12,0.5427109974424552,0.5406380445014707,0.5406380445014707,0.5649088103519486,0.5649088103519486,0.5649088103519486
2,transfer,C_init,commute_over20,logistic,logistic,True,True,True,True,False,2048,"[1033,1015]",True,validation_person_weighted,2072,2,"[0,1]",True,242458.0,"[1030,1042]","[122348.0,120110.0]","[0.5046152323288982,0.4953847676711018]",True,True,"[true,true]",0.6778869075248329,1e-12,0.5604310849714177,0.5608979148147775,0.5608979148147775,0.5916706525777445,0.5916706525777445,0.5916706525777445
2,transfer,C_init,commute_over20,logistic,logistic,True,True,True,True,False,2048,"[1033,1015]",True,development_evaluation_person_weighted,1955,2,"[0,1]",True,225743.0,"[938,1017]","[106764.0,118979.0]","[0.47294489751620206,0.5270551024837979]",True,True,"[true,true]",0.6930728229444312,1e-12,0.536694382550068,0.5332837305329952,0.5332837305329952,0.5512346537236432,0.5512346537236432,0.5512346537236432
2,transfer,C_init,commute_over20,mlp,mlp,False,False,True,False,False,2048,"[1033,1015]",True,validation,2072,2,"[0,1]",False,2072.0,"[1030,1042]","[1030.0,1042.0]","[0.4971042471042471,0.502895752895753]",True,True,"[true,true]",0.6797883455275444,1e-12,0.5641891891891891,0.5640655572740996,0.5640655572740996,0.5913217673257178,0.5913217673257178,0.5913217673257178
2,transfer,C_init,commute_over20,mlp,mlp,False,False,True,False,False,2048,"[1033,1015]",True,development_evaluation,1955,2,"[0,1]",False,1955.0,"[938,1017]","[938.0,1017.0]","[0.47979539641943736,0.5202046035805626]",True,True,"[true,true]",0.6898714739253136,1e-12,0.5560102301790282,0.5542488778190799,0.5542488778190799,0.5666877370417193,0.5666877370417194,0.5666877370417194
2,transfer,C_init,commute_over20,mlp,mlp,False,False,True,False,False,2048,"[1033,1015]",True,validation_person_weighted,2072,2,"[0,1]",True,242458.0,"[1030,1042]","[122348.0,120110.0]","[0.5046152323288982,0.4953847676711018]",True,True,"[true,true]",0.6805891663031847,1e-12,0.5686180699337617,0.5689419456517253,0.5689419456517253,0.5913392999630898,0.5913392999630898,0.5913392999630898
2,transfer,C_init,commute_over20,mlp,mlp,False,False,True,False,False,2048,"[1033,1015]",True,development_evaluation_person_weighted,1955,2,"[0,1]",True,225743.0,"[938,1017]","[106764.0,118979.0]","[0.47294489751620206,0.5270551024837979]",True,True,"[true,true]",0.6948190227920485,1e-12,0.5431043266014893,0.5402046006430616,0.5402046006430616,0.5528212700588975,0.5528212700588975,0.5528212700588975
2,transfer,C_init,income_binary,logistic,logistic,True,True,True,True,False,2048,"[1679,369]",True,validation,3024,2,"[0,1]",False,3024.0,"[2447,577]","[2447.0,577.0]","[0.8091931216931217,0.1908068783068783]",True,True,"[true,true]",0.3020044247669661,1e-12,0.8673941798941799,0.741912602635137,0.741912602635137,0.899686171798807,0.8996861717988072,0.8996861717988072
2,transfer,C_init,income_binary,logistic,logistic,True,True,True,True,False,2048,"[1679,369]",True,development_evaluation,2979,2,"[0,1]",False,2979.0,"[2411,568]","[2411.0,568.0]","[0.8093319906008728,0.19066800939912723]",True,True,"[true,true]",0.29411562102730143,1e-12,0.8680765357502518,0.7354700580087743,0.7354700580087743,0.9043001267664051,0.904300126766405,0.904300126766405
2,transfer,C_init,income_binary,logistic,logistic,True,True,True,True,False,2048,"[1679,369]",True,validation_person_weighted,3024,2,"[0,1]",True,351282.0,"[2447,577]","[283992.0,67290.0]","[0.8084444975831383,0.19155550241686167]",True,True,"[true,true]",0.30881183203852103,1e-12,0.8614901987576933,0.7164386898140852,0.7164386898140852,0.8945239939831819,0.8945239939831819,0.8945239939831819
2,transfer,C_init,income_binary,logistic,logistic,True,True,True,True,False,2048,"[1679,369]",True,development_evaluation_person_weighted,2979,2,"[0,1]",True,333421.0,"[2411,568]","[268605.0,64816.0]","[0.8056031263777627,0.19439687362223734]",True,True,"[true,true]",0.30872750220371054,1e-12,0.863442914513483,0.7215804119923095,0.7215804119923095,0.8934774426307961,0.8934774426307961,0.8934774426307961
2,transfer,C_init,income_binary,mlp,mlp,False,False,True,False,False,2048,"[1679,369]",True,validation,3024,2,"[0,1]",False,3024.0,"[2447,577]","[2447.0,577.0]","[0.8091931216931217,0.1908068783068783]",True,True,"[true,true]",0.30777894004044726,1e-12,0.8647486772486772,0.748224579455337,0.748224579455337,0.8942141865078661,0.8942141865078663,0.8942141865078663
2,transfer,C_init,income_binary,mlp,mlp,False,False,True,False,False,2048,"[1679,369]",True,development_evaluation,2979,2,"[0,1]",False,2979.0,"[2411,568]","[2411.0,568.0]","[0.8093319906008728,0.19066800939912723]",True,True,"[true,true]",0.2956645426302115,1e-12,0.8647197045988587,0.738779420613269,0.738779420613269,0.9033880804528541,0.903388080452854,0.903388080452854
2,transfer,C_init,income_binary,mlp,mlp,False,False,True,False,False,2048,"[1679,369]",True,validation_person_weighted,3024,2,"[0,1]",True,351282.0,"[2447,577]","[283992.0,67290.0]","[0.8084444975831383,0.19155550241686167]",True,True,"[true,true]",0.31374978797199365,1e-12,0.8636707830176326,0.7344058303112329,0.7344058303112329,0.8893042725399205,0.8893042725399205,0.8893042725399205
2,transfer,C_init,income_binary,mlp,mlp,False,False,True,False,False,2048,"[1679,369]",True,development_evaluation_person_weighted,2979,2,"[0,1]",True,333421.0,"[2411,568]","[268605.0,64816.0]","[0.8056031263777627,0.19439687362223734]",True,True,"[true,true]",0.31247600291152455,1e-12,0.8603747214482591,0.7240071084077484,0.7240071084077484,0.8910053475672471,0.8910053475672471,0.8910053475672471
2,transfer,C_init,civilian_at_work,logistic,logistic,False,False,True,False,False,2048,"[632,1416]",True,validation,3024,2,"[0,1]",False,3024.0,"[915,2109]","[915.0,2109.0]","[0.30257936507936506,0.6974206349206349]",True,True,"[true,true]",0.2901519491881701,1e-12,0.8968253968253969,0.8332206235571205,0.8332206235571205,0.8920999515477513,0.8920999515477513,0.8920999515477513
2,transfer,C_init,civilian_at_work,logistic,logistic,False,False,True,False,False,2048,"[632,1416]",True,development_evaluation,2979,2,"[0,1]",False,2979.0,"[996,1983]","[996.0,1983.0]","[0.33434038267875127,0.6656596173212488]",True,True,"[true,true]",0.28382876736509816,1e-12,0.8972809667673716,0.8493839199460474,0.8493839199460474,0.909410967116069,0.9094109671160688,0.9094109671160688
2,transfer,C_init,civilian_at_work,logistic,logistic,False,False,True,False,False,2048,"[632,1416]",True,validation_person_weighted,3024,2,"[0,1]",True,351282.0,"[915,2109]","[103971.0,247311.0]","[0.2959758826242164,0.7040241173757835]",True,True,"[true,true]",0.28703563354302475,1e-12,0.8987650947102328,0.8319245336906145,0.8319245336906145,0.8908155618811049,0.8908155618811049,0.8908155618811049
2,transfer,C_init,civilian_at_work,logistic,logistic,False,False,True,False,False,2048,"[632,1416]",True,development_evaluation_person_weighted,2979,2,"[0,1]",True,333421.0,"[996,1983]","[102135.0,231286.0]","[0.30632443667315495,0.693675563326845]",True,True,"[true,true]",0.2784547115097802,1e-12,0.901718847942991,0.8420511925801246,0.8420511925801246,0.9031004188021047,0.9031004188021048,0.9031004188021048
2,transfer,C_init,civilian_at_work,mlp,mlp,True,True,True,True,False,2048,"[632,1416]",True,validation,3024,2,"[0,1]",False,3024.0,"[915,2109]","[915.0,2109.0]","[0.30257936507936506,0.6974206349206349]",True,True,"[true,true]",0.28812426595009305,1e-12,0.894510582010582,0.8343453893928441,0.8343453893928441,0.896395619087595,0.896395619087595,0.896395619087595
2,transfer,C_init,civilian_at_work,mlp,mlp,True,True,True,True,False,2048,"[632,1416]",True,development_evaluation,2979,2,"[0,1]",False,2979.0,"[996,1983]","[996.0,1983.0]","[0.33434038267875127,0.6656596173212488]",True,True,"[true,true]",0.2851986703983734,1e-12,0.8939241356159785,0.8483616766612592,0.8483616766612592,0.9048496051781508,0.9048496051781509,0.9048496051781509
2,transfer,C_init,civilian_at_work,mlp,mlp,True,True,True,True,False,2048,"[632,1416]",True,validation_person_weighted,3024,2,"[0,1]",True,351282.0,"[915,2109]","[103971.0,247311.0]","[0.2959758826242164,0.7040241173757835]",True,True,"[true,true]",0.28552223927980735,1e-12,0.8957618096002642,0.8314890497873344,0.8314890497873344,0.8956767163155855,0.8956767163155855,0.8956767163155855
2,transfer,C_init,civilian_at_work,mlp,mlp,True,True,True,True,False,2048,"[632,1416]",True,development_evaluation_person_weighted,2979,2,"[0,1]",True,333421.0,"[996,1983]","[102135.0,231286.0]","[0.30632443667315495,0.693675563326845]",True,True,"[true,true]",0.28152804914042046,1e-12,0.8988126122829696,0.8419956908214696,0.8419956908214696,0.8971455899895497,0.8971455899895497,0.8971455899895497
2,transfer,C_init,public_coverage,logistic,logistic,True,True,True,True,False,2048,"[1541,507]",True,validation,3024,2,"[0,1]",False,3024.0,"[2313,711]","[2313.0,711.0]","[0.7648809523809523,0.23511904761904762]",True,True,"[true,true]",0.4747242891271636,1e-12,0.7876984126984127,0.5938202892840139,0.5938202892840139,0.7360886884684683,0.7360886884684683,0.7360886884684683
2,transfer,C_init,public_coverage,logistic,logistic,True,True,True,True,False,2048,"[1541,507]",True,development_evaluation,2979,2,"[0,1]",False,2979.0,"[2231,748]","[2231.0,748.0]","[0.7489090298757972,0.25109097012420273]",True,True,"[true,true]",0.4873171230065376,1e-12,0.7667002349781806,0.5896366105221275,0.5896366105221275,0.7513039403447292,0.7513039403447292,0.7513039403447292
2,transfer,C_init,public_coverage,logistic,logistic,True,True,True,True,False,2048,"[1541,507]",True,validation_person_weighted,3024,2,"[0,1]",True,351282.0,"[2313,711]","[267566.0,83716.0]","[0.7616843447714372,0.2383156552285628]",True,True,"[true,true]",0.48801160073666505,1e-12,0.7794535444457729,0.5772033134692163,0.5772033134692163,0.722515210638609,0.722515210638609,0.722515210638609
2,transfer,C_init,public_coverage,logistic,logistic,True,True,True,True,False,2048,"[1541,507]",True,development_evaluation_person_weighted,2979,2,"[0,1]",True,333421.0,"[2231,748]","[248778.0,84643.0]","[0.7461377657676032,0.2538622342323969]",True,True,"[true,true]",0.5005036925377725,1e-12,0.7592863077010746,0.5719986258083579,0.5719986258083579,0.7367775168430066,0.7367775168430066,0.7367775168430066
2,transfer,C_init,public_coverage,mlp,mlp,False,False,True,False,False,2048,"[1541,507]",True,validation,3024,2,"[0,1]",False,3024.0,"[2313,711]","[2313.0,711.0]","[0.7648809523809523,0.23511904761904762]",True,True,"[true,true]",0.47718122541181635,1e-12,0.7939814814814815,0.6154618638734286,0.6154618638734286,0.7337926098618278,0.7337926098618279,0.7337926098618279
2,transfer,C_init,public_coverage,mlp,mlp,False,False,True,False,False,2048,"[1541,507]",True,development_evaluation,2979,2,"[0,1]",False,2979.0,"[2231,748]","[2231.0,748.0]","[0.7489090298757972,0.25109097012420273]",True,True,"[true,true]",0.4910991379566393,1e-12,0.7683786505538771,0.5960891976692066,0.5960891976692066,0.7423375527628435,0.7423375527628435,0.7423375527628435
2,transfer,C_init,public_coverage,mlp,mlp,False,False,True,False,False,2048,"[1541,507]",True,validation_person_weighted,3024,2,"[0,1]",True,351282.0,"[2313,711]","[267566.0,83716.0]","[0.7616843447714372,0.2383156552285628]",True,True,"[true,true]",0.49187468164899567,1e-12,0.7823372674944916,0.5957252104112937,0.5957252104112937,0.7159688868244019,0.7159688868244019,0.7159688868244019
2,transfer,C_init,public_coverage,mlp,mlp,False,False,True,False,False,2048,"[1541,507]",True,development_evaluation_person_weighted,2979,2,"[0,1]",True,333421.0,"[2231,748]","[248778.0,84643.0]","[0.7461377657676032,0.2538622342323969]",True,True,"[true,true]",0.5060594853506067,1e-12,0.7632482657061193,0.5819650113139246,0.5819650113139246,0.7270198317932335,0.7270198317932335,0.7270198317932335
2,audit,C_init,SEX,logistic,logistic,False,False,True,False,False,2941,"[1508,1433]",True,validation,3062,2,"[0,1]",False,3062.0,"[1611,1451]","[1611.0,1451.0]","[0.5261267145656434,0.47387328543435664]",True,True,"[true,true]",0.6715360514744735,1e-12,0.5689092096668844,0.5676604803040434,0.5676604803040434,0.6100700687597029,0.6100700687597029,0.6100700687597029
2,audit,C_init,SEX,logistic,logistic,False,False,True,False,False,2941,"[1508,1433]",True,development_evaluation,2979,2,"[0,1]",False,2979.0,"[1510,1469]","[1510.0,1469.0]","[0.5068815038603558,0.4931184961396442]",True,True,"[true,true]",0.6670129388979679,1e-12,0.5867740852635113,0.5862660547563554,0.5862660547563554,0.6297605254734717,0.6297605254734717,0.6297605254734717
2,audit,C_init,SEX,logistic,logistic,False,False,True,False,False,2941,"[1508,1433]",True,validation_person_weighted,3062,2,"[0,1]",True,355685.0,"[1611,1451]","[185048.0,170637.0]","[0.5202580935378214,0.4797419064621786]",True,True,"[true,true]",0.6805092965336645,1e-12,0.5553396966416914,0.5540400108776466,0.5540400108776466,0.5924495322243299,0.5924495322243299,0.5924495322243299
2,audit,C_init,SEX,logistic,logistic,False,False,True,False,False,2941,"[1508,1433]",True,development_evaluation_person_weighted,2979,2,"[0,1]",True,333421.0,"[1510,1469]","[174532.0,158889.0]","[0.5234583304590893,0.47654166954091076]",True,True,"[true,true]",0.6699933730164741,1e-12,0.5776030903872281,0.5753885218127011,0.5753885218127011,0.6202069790216823,0.6202069790216824,0.6202069790216824
2,audit,C_init,SEX,mlp_0,mlp,True,True,True,False,False,2941,"[1508,1433]",True,validation,3062,2,"[0,1]",False,3062.0,"[1611,1451]","[1611.0,1451.0]","[0.5261267145656434,0.47387328543435664]",True,True,"[true,true]",0.6651612948462295,1e-12,0.5796864794252122,0.5766705125556082,0.5766705125556082,0.6276349579754281,0.6276349579754282,0.6276349579754282
2,audit,C_init,SEX,mlp_0,mlp,True,True,True,False,False,2941,"[1508,1433]",True,development_evaluation,2979,2,"[0,1]",False,2979.0,"[1510,1469]","[1510.0,1469.0]","[0.5068815038603558,0.4931184961396442]",True,True,"[true,true]",0.6620828171020404,1e-12,0.5911379657603223,0.5901455691351958,0.5901455691351958,0.6376922175287059,0.6376922175287059,0.6376922175287059
2,audit,C_init,SEX,mlp_0,mlp,True,True,True,False,False,2941,"[1508,1433]",True,validation_person_weighted,3062,2,"[0,1]",True,355685.0,"[1611,1451]","[185048.0,170637.0]","[0.5202580935378214,0.4797419064621786]",True,True,"[true,true]",0.6752823560015918,1e-12,0.5736564656929587,0.5706769166803272,0.5706769166803272,0.612242550524418,0.612242550524418,0.612242550524418
2,audit,C_init,SEX,mlp_0,mlp,True,True,True,False,False,2941,"[1508,1433]",True,development_evaluation_person_weighted,2979,2,"[0,1]",True,333421.0,"[1510,1469]","[174532.0,158889.0]","[0.5234583304590893,0.47654166954091076]",True,True,"[true,true]",0.6658638807528124,1e-12,0.5861028549491484,0.5820613229448183,0.5820613229448183,0.626771443699532,0.626771443699532,0.626771443699532
2,audit,C_init,SEX,mlp_1,mlp,False,False,False,False,False,2941,"[1508,1433]",True,validation,3062,2,"[0,1]",False,3062.0,"[1611,1451]","[1611.0,1451.0]","[0.5261267145656434,0.47387328543435664]",True,True,"[true,true]",0.6661973156761454,1e-12,0.5858915741345526,0.5813696412628376,0.5813696412628376,0.6263507134145376,0.6263498578218921,0.6263498578218921
2,audit,C_init,SEX,mlp_1,mlp,False,False,False,False,False,2941,"[1508,1433]",True,development_evaluation,2979,2,"[0,1]",False,2979.0,"[1510,1469]","[1510.0,1469.0]","[0.5068815038603558,0.4931184961396442]",True,True,"[true,true]",0.661610105585803,1e-12,0.5891238670694864,0.58776141809313,0.58776141809313,0.6354796027391703,0.6354796027391703,0.6354796027391703
2,audit,C_init,SEX,mlp_1,mlp,False,False,False,False,False,2941,"[1508,1433]",True,validation_person_weighted,3062,2,"[0,1]",True,355685.0,"[1611,1451]","[185048.0,170637.0]","[0.5202580935378214,0.4797419064621786]",True,True,"[true,true]",0.6778235482485909,1e-12,0.5796814597185712,0.5756145407093076,0.5756145407093076,0.6051761441523149,0.6051756447229308,0.6051756447229308
2,audit,C_init,SEX,mlp_1,mlp,False,False,False,False,False,2941,"[1508,1433]",True,development_evaluation_person_weighted,2979,2,"[0,1]",True,333421.0,"[1510,1469]","[174532.0,158889.0]","[0.5234583304590893,0.47654166954091076]",True,True,"[true,true]",0.6641637739458676,1e-12,0.5855120103412802,0.5802049002061631,0.5802049002061631,0.6253355163132033,0.6253355163132033,0.6253355163132033
2,audit,C_init,SEX,hist_gb_20,histgb,False,False,False,False,False,2941,"[1508,1433]",True,validation,3062,2,"[0,1]",False,3062.0,"[1611,1451]","[1611.0,1451.0]","[0.5261267145656434,0.47387328543435664]",True,True,"[true,true]",0.6990907350097377,1e-12,0.5757674722403657,0.5742808422967358,0.5742808422967358,0.6086964147673579,0.6086964147673579,0.6086964147673579
2,audit,C_init,SEX,hist_gb_20,histgb,False,False,False,False,False,2941,"[1508,1433]",True,development_evaluation,2979,2,"[0,1]",False,2979.0,"[1510,1469]","[1510.0,1469.0]","[0.5068815038603558,0.4931184961396442]",True,True,"[true,true]",0.6986459437975818,1e-12,0.5773749580396106,0.5768374215013141,0.5768374215013141,0.6133081476338818,0.6133081476338818,0.6133081476338818
2,audit,C_init,SEX,hist_gb_20,histgb,False,False,False,False,False,2941,"[1508,1433]",True,validation_person_weighted,3062,2,"[0,1]",True,355685.0,"[1611,1451]","[185048.0,170637.0]","[0.5202580935378214,0.4797419064621786]",True,True,"[true,true]",0.7093576454714448,1e-12,0.5768840406539494,0.5752198673035851,0.5752198673035851,0.5993161284750892,0.5993161284750892,0.5993161284750892
2,audit,C_init,SEX,hist_gb_20,histgb,False,False,False,False,False,2941,"[1508,1433]",True,development_evaluation_person_weighted,2979,2,"[0,1]",True,333421.0,"[1510,1469]","[174532.0,158889.0]","[0.5234583304590893,0.47654166954091076]",True,True,"[true,true]",0.7076626050868194,1e-12,0.5667189529153832,0.5646912035900318,0.5646912035900318,0.5981709148735419,0.5981709148735419,0.5981709148735419
2,audit,C_init,SEX,hist_gb_5,histgb,False,False,True,False,False,2941,"[1508,1433]",True,validation,3062,2,"[0,1]",False,3062.0,"[1611,1451]","[1611.0,1451.0]","[0.5261267145656434,0.47387328543435664]",True,True,"[true,true]",0.6953934060997226,1e-12,0.5760940561724364,0.5750703404103679,0.5750703404103679,0.6118719468711191,0.6118719468711191,0.6118719468711191
2,audit,C_init,SEX,hist_gb_5,histgb,False,False,True,False,False,2941,"[1508,1433]",True,development_evaluation,2979,2,"[0,1]",False,2979.0,"[1510,1469]","[1510.0,1469.0]","[0.5068815038603558,0.4931184961396442]",True,True,"[true,true]",0.6978808099653844,1e-12,0.5807317891910037,0.5803335151632638,0.5803335151632638,0.6126517566123731,0.6126517566123731,0.6126517566123731
2,audit,C_init,SEX,hist_gb_5,histgb,False,False,True,False,False,2941,"[1508,1433]",True,validation_person_weighted,3062,2,"[0,1]",True,355685.0,"[1611,1451]","[185048.0,170637.0]","[0.5202580935378214,0.4797419064621786]",True,True,"[true,true]",0.7088557896322868,1e-12,0.5736649001222992,0.57238621795946,0.57238621795946,0.5988651626004869,0.5988651626004869,0.5988651626004869
2,audit,C_init,SEX,hist_gb_5,histgb,False,False,True,False,False,2941,"[1508,1433]",True,development_evaluation_person_weighted,2979,2,"[0,1]",True,333421.0,"[1510,1469]","[174532.0,158889.0]","[0.5234583304590893,0.47654166954091076]",True,True,"[true,true]",0.7077330374485165,1e-12,0.5729093248475651,0.5711595094986027,0.5711595094986027,0.5958981371889658,0.5958981371889658,0.5958981371889658
2,audit,C_init,SEX,catchup,catchup,False,False,True,True,False,2941,"[1508,1433]",True,validation,3062,2,"[0,1]",False,3062.0,"[1611,1451]","[1611.0,1451.0]","[0.5261267145656434,0.47387328543435664]",True,True,"[true,true]",0.6868179571248894,1e-12,0.5858915741345526,0.5826359183781729,0.5826359183781729,0.6285038123069301,0.6285038123069302,0.6285038123069302
2,audit,C_init,SEX,catchup,catchup,False,False,True,True,False,2941,"[1508,1433]",True,development_evaluation,2979,2,"[0,1]",False,2979.0,"[1510,1469]","[1510.0,1469.0]","[0.5068815038603558,0.4931184961396442]",True,True,"[true,true]",0.6774679562487057,1e-12,0.5938234306814367,0.5929239605263752,0.5929239605263752,0.6412311389015368,0.6412311389015368,0.6412311389015368
2,audit,C_init,SEX,catchup,catchup,False,False,True,True,False,2941,"[1508,1433]",True,validation_person_weighted,3062,2,"[0,1]",True,355685.0,"[1611,1451]","[185048.0,170637.0]","[0.5202580935378214,0.4797419064621786]",True,True,"[true,true]",0.6877841709055228,1e-12,0.5816016981317739,0.5783177936174998,0.5783177936174998,0.6229712200619418,0.6229712200619419,0.6229712200619419
2,audit,C_init,SEX,catchup,catchup,False,False,True,True,False,2941,"[1508,1433]",True,development_evaluation_person_weighted,2979,2,"[0,1]",True,333421.0,"[1510,1469]","[174532.0,158889.0]","[0.5234583304590893,0.47654166954091076]",True,True,"[true,true]",0.6877028266659556,1e-12,0.5853650489921151,0.5815018352148686,0.5815018352148686,0.6221048603117264,0.6221048603117265,0.6221048603117265
2,audit,C_init,SEX,saved_adversary,saved_adversary,False,False,True,False,True,0,,,validation,3062,2,"[0,1]",False,3062.0,"[1611,1451]","[1611.0,1451.0]","[0.5261267145656434,0.47387328543435664]",True,True,"[true,true]",0.7145077652935984,1e-12,0.5751143043762247,0.5724622801287325,0.5724622801287325,0.6206811287491534,0.6206812356982341,0.6206812356982341
2,audit,C_init,SEX,saved_adversary,saved_adversary,False,False,True,False,True,0,,,development_evaluation,2979,2,"[0,1]",False,2979.0,"[1510,1469]","[1510.0,1469.0]","[0.5068815038603558,0.4931184961396442]",True,True,"[true,true]",0.6905535777833576,1e-12,0.6065793890567305,0.6059595886736483,0.6059595886736483,0.6537228551206163,0.6537228551206163,0.6537228551206163
2,audit,C_init,SEX,saved_adversary,saved_adversary,False,False,True,False,True,0,,,validation_person_weighted,3062,2,"[0,1]",True,355685.0,"[1611,1451]","[185048.0,170637.0]","[0.5202580935378214,0.4797419064621786]",True,True,"[true,true]",0.7099862713138204,1e-12,0.5694954805516117,0.5672997861902334,0.5672997861902334,0.6149245882614278,0.6149246043337432,0.6149246043337432
2,audit,C_init,SEX,saved_adversary,saved_adversary,False,False,True,False,True,0,,,development_evaluation_person_weighted,2979,2,"[0,1]",True,333421.0,"[1510,1469]","[174532.0,158889.0]","[0.5234583304590893,0.47654166954091076]",True,True,"[true,true]",0.7039078085213919,1e-12,0.5907546315319071,0.588522678941517,0.588522678941517,0.6339006436415726,0.6339006436415726,0.6339006436415726
2,audit,C_init,RAC1P,logistic,logistic,False,False,True,False,False,2941,"[1670,165,22,0,5,450,9,450,170]",False,validation,3062,9,"[0,1,2,3,4,5,6,7,8]",False,3062.0,"[1747,158,25,0,11,496,9,454,162]","[1747.0,158.0,25.0,0.0,11.0,496.0,9.0,454.0,162.0]","[0.5705421293272371,0.051600261267145654,0.008164598301763554,0.0,0.0035924232527759633,0.1619856303069889,0.002939255388634879,0.14826910516002612,0.052906596995427824]",False,False,"[true,true,true,false,true,true,true,true,true]",1.2298546298153241,1e-12,0.5898105813193991,,0.15047580132192753,,,0.6146268619301856
2,audit,C_init,RAC1P,logistic,logistic,False,False,True,False,False,2941,"[1670,165,22,0,5,450,9,450,170]",False,development_evaluation,2979,9,"[0,1,2,3,4,5,6,7,8]",False,2979.0,"[1723,139,20,1,9,479,6,430,172]","[1723.0,139.0,20.0,1.0,9.0,479.0,6.0,430.0,172.0]","[0.5783820073850285,0.04665995300436388,0.00671366230278617,0.0003356831151393085,0.0030211480362537764,0.16079221215172876,0.002014098690835851,0.14434373950990265,0.057737495803961064]",True,True,"[true,true,true,true,true,true,true,true,true]",1.2090133922755446,1e-12,0.5924806982208795,0.1297210716424774,0.1297210716424774,0.6089596303993524,0.6089596303993524,0.6089596303993524
2,audit,C_init,RAC1P,logistic,logistic,False,False,True,False,False,2941,"[1670,165,22,0,5,450,9,450,170]",False,validation_person_weighted,3062,9,"[0,1,2,3,4,5,6,7,8]",True,355685.0,"[1747,158,25,0,11,496,9,454,162]","[204106.0,18737.0,2592.0,0.0,1555.0,53396.0,831.0,55680.0,18788.0]","[0.5738392116620044,0.05267863418474212,0.007287346950250924,0.0,0.004371845874861184,0.15012159635632652,0.0023363369273373914,0.15654300856094577,0.052822019483531775]",False,False,"[true,true,true,false,true,true,true,true,true]",1.2328596732233201,1e-12,0.5906602752435441,,0.15105934569870264,,,0.6087334278153296
2,audit,C_init,RAC1P,logistic,logistic,False,False,True,False,False,2941,"[1670,165,22,0,5,450,9,450,170]",False,development_evaluation_person_weighted,2979,9,"[0,1,2,3,4,5,6,7,8]",True,333421.0,"[1723,139,20,1,9,479,6,430,172]","[191893.0,17857.0,1978.0,79.0,811.0,50812.0,639.0,50846.0,18506.0]","[0.575527636231671,0.05355691453147822,0.005932439768340927,0.00023693768538874275,0.002432360289243929,0.15239591987307338,0.001916495961562109,0.15249789305412675,0.055503402605114854]",True,True,"[true,true,true,true,true,true,true,true,true]",1.206390356101436,1e-12,0.5868526577510115,0.12914211088530816,0.12914211088530816,0.6151529540428124,0.6151529540428124,0.6151529540428124
2,audit,C_init,RAC1P,mlp_0,mlp,True,True,True,False,False,2941,"[1670,165,22,0,5,450,9,450,170]",False,validation,3062,9,"[0,1,2,3,4,5,6,7,8]",False,3062.0,"[1747,158,25,0,11,496,9,454,162]","[1747.0,158.0,25.0,0.0,11.0,496.0,9.0,454.0,162.0]","[0.5705421293272371,0.051600261267145654,0.008164598301763554,0.0,0.0035924232527759633,0.1619856303069889,0.002939255388634879,0.14826910516002612,0.052906596995427824]",False,False,"[true,true,true,false,true,true,true,true,true]",1.210045574908269,1e-12,0.5911169170476812,,0.15576839486359573,,,0.6348267359837694
2,audit,C_init,RAC1P,mlp_0,mlp,True,True,True,False,False,2941,"[1670,165,22,0,5,450,9,450,170]",False,development_evaluation,2979,9,"[0,1,2,3,4,5,6,7,8]",False,2979.0,"[1723,139,20,1,9,479,6,430,172]","[1723.0,139.0,20.0,1.0,9.0,479.0,6.0,430.0,172.0]","[0.5783820073850285,0.04665995300436388,0.00671366230278617,0.0003356831151393085,0.0030211480362537764,0.16079221215172876,0.002014098690835851,0.14434373950990265,0.057737495803961064]",True,True,"[true,true,true,true,true,true,true,true,true]",1.1915451054644857,1e-12,0.594159113796576,0.13632836104610513,0.13632836104610513,0.5790171020076764,0.5790171020076764,0.5790171020076764
2,audit,C_init,RAC1P,mlp_0,mlp,True,True,True,False,False,2941,"[1670,165,22,0,5,450,9,450,170]",False,validation_person_weighted,3062,9,"[0,1,2,3,4,5,6,7,8]",True,355685.0,"[1747,158,25,0,11,496,9,454,162]","[204106.0,18737.0,2592.0,0.0,1555.0,53396.0,831.0,55680.0,18788.0]","[0.5738392116620044,0.05267863418474212,0.007287346950250924,0.0,0.004371845874861184,0.15012159635632652,0.0023363369273373914,0.15654300856094577,0.052822019483531775]",False,False,"[true,true,true,false,true,true,true,true,true]",1.2181308237535766,1e-12,0.5844750270604608,,0.15504522780344449,,,0.6391043127378084
2,audit,C_init,RAC1P,mlp_0,mlp,True,True,True,False,False,2941,"[1670,165,22,0,5,450,9,450,170]",False,development_evaluation_person_weighted,2979,9,"[0,1,2,3,4,5,6,7,8]",True,333421.0,"[1723,139,20,1,9,479,6,430,172]","[191893.0,17857.0,1978.0,79.0,811.0,50812.0,639.0,50846.0,18506.0]","[0.575527636231671,0.05355691453147822,0.005932439768340927,0.00023693768538874275,0.002432360289243929,0.15239591987307338,0.001916495961562109,0.15249789305412675,0.055503402605114854]",True,True,"[true,true,true,true,true,true,true,true,true]",1.1935197137677165,1e-12,0.5865107476733619,0.13475793229372382,0.13475793229372382,0.5789247620124125,0.5789247620124125,0.5789247620124125
2,audit,C_init,RAC1P,mlp_1,mlp,False,False,False,False,False,2941,"[1670,165,22,0,5,450,9,450,170]",False,validation,3062,9,"[0,1,2,3,4,5,6,7,8]",False,3062.0,"[1747,158,25,0,11,496,9,454,162]","[1747.0,158.0,25.0,0.0,11.0,496.0,9.0,454.0,162.0]","[0.5705421293272371,0.051600261267145654,0.008164598301763554,0.0,0.0035924232527759633,0.1619856303069889,0.002939255388634879,0.14826910516002612,0.052906596995427824]",False,False,"[true,true,true,false,true,true,true,true,true]",1.213231937089014,1e-12,0.589157413455258,,0.1595295939257332,,,0.6230772469644282
2,audit,C_init,RAC1P,mlp_1,mlp,False,False,False,False,False,2941,"[1670,165,22,0,5,450,9,450,170]",False,development_evaluation,2979,9,"[0,1,2,3,4,5,6,7,8]",False,2979.0,"[1723,139,20,1,9,479,6,430,172]","[1723.0,139.0,20.0,1.0,9.0,479.0,6.0,430.0,172.0]","[0.5783820073850285,0.04665995300436388,0.00671366230278617,0.0003356831151393085,0.0030211480362537764,0.16079221215172876,0.002014098690835851,0.14434373950990265,0.057737495803961064]",True,True,"[true,true,true,true,true,true,true,true,true]",1.1973366450473788,1e-12,0.5871097683786506,0.1366377918612635,0.1366377918612635,0.5883257517550246,0.5883257517550246,0.5883257517550246
2,audit,C_init,RAC1P,mlp_1,mlp,False,False,False,False,False,2941,"[1670,165,22,0,5,450,9,450,170]",False,validation_person_weighted,3062,9,"[0,1,2,3,4,5,6,7,8]",True,355685.0,"[1747,158,25,0,11,496,9,454,162]","[204106.0,18737.0,2592.0,0.0,1555.0,53396.0,831.0,55680.0,18788.0]","[0.5738392116620044,0.05267863418474212,0.007287346950250924,0.0,0.004371845874861184,0.15012159635632652,0.0023363369273373914,0.15654300856094577,0.052822019483531775]",False,False,"[true,true,true,false,true,true,true,true,true]",1.2279848385948067,1e-12,0.5819306408760561,,0.15773956349023233,,,0.6196129684202555
2,audit,C_init,RAC1P,mlp_1,mlp,False,False,False,False,False,2941,"[1670,165,22,0,5,450,9,450,170]",False,development_evaluation_person_weighted,2979,9,"[0,1,2,3,4,5,6,7,8]",True,333421.0,"[1723,139,20,1,9,479,6,430,172]","[191893.0,17857.0,1978.0,79.0,811.0,50812.0,639.0,50846.0,18506.0]","[0.575527636231671,0.05355691453147822,0.005932439768340927,0.00023693768538874275,0.002432360289243929,0.15239591987307338,0.001916495961562109,0.15249789305412675,0.055503402605114854]",True,True,"[true,true,true,true,true,true,true,true,true]",1.1987711214119907,1e-12,0.582434819642434,0.13440939287892298,0.13440939287892298,0.5859755912298972,0.5859755912298972,0.5859755912298972
2,audit,C_init,RAC1P,hist_gb_20,histgb,False,False,False,False,False,2941,"[1670,165,22,0,5,450,9,450,170]",False,validation,3062,9,"[0,1,2,3,4,5,6,7,8]",False,3062.0,"[1747,158,25,0,11,496,9,454,162]","[1747.0,158.0,25.0,0.0,11.0,496.0,9.0,454.0,162.0]","[0.5705421293272371,0.051600261267145654,0.008164598301763554,0.0,0.0035924232527759633,0.1619856303069889,0.002939255388634879,0.14826910516002612,0.052906596995427824]",False,False,"[true,true,true,false,true,true,true,true,true]",1.4660282085867662,1e-12,0.5297191378184193,,0.18325904805397095,,,0.576287321702391
2,audit,C_init,RAC1P,hist_gb_20,histgb,False,False,False,False,False,2941,"[1670,165,22,0,5,450,9,450,170]",False,development_evaluation,2979,9,"[0,1,2,3,4,5,6,7,8]",False,2979.0,"[1723,139,20,1,9,479,6,430,172]","[1723.0,139.0,20.0,1.0,9.0,479.0,6.0,430.0,172.0]","[0.5783820073850285,0.04665995300436388,0.00671366230278617,0.0003356831151393085,0.0030211480362537764,0.16079221215172876,0.002014098690835851,0.14434373950990265,0.057737495803961064]",True,True,"[true,true,true,true,true,true,true,true,true]",1.410183998927032,1e-12,0.5431352802954011,0.14574395804791362,0.14574395804791362,0.6146341240987501,0.6146341240987501,0.6146341240987501
2,audit,C_init,RAC1P,hist_gb_20,histgb,False,False,False,False,False,2941,"[1670,165,22,0,5,450,9,450,170]",False,validation_person_weighted,3062,9,"[0,1,2,3,4,5,6,7,8]",True,355685.0,"[1747,158,25,0,11,496,9,454,162]","[204106.0,18737.0,2592.0,0.0,1555.0,53396.0,831.0,55680.0,18788.0]","[0.5738392116620044,0.05267863418474212,0.007287346950250924,0.0,0.004371845874861184,0.15012159635632652,0.0023363369273373914,0.15654300856094577,0.052822019483531775]",False,False,"[true,true,true,false,true,true,true,true,true]",1.474059638368624,1e-12,0.5231342339429551,,0.18522396839391198,,,0.5610281220498872
2,audit,C_init,RAC1P,hist_gb_20,histgb,False,False,False,False,False,2941,"[1670,165,22,0,5,450,9,450,170]",False,development_evaluation_person_weighted,2979,9,"[0,1,2,3,4,5,6,7,8]",True,333421.0,"[1723,139,20,1,9,479,6,430,172]","[191893.0,17857.0,1978.0,79.0,811.0,50812.0,639.0,50846.0,18506.0]","[0.575527636231671,0.05355691453147822,0.005932439768340927,0.00023693768538874275,0.002432360289243929,0.15239591987307338,0.001916495961562109,0.15249789305412675,0.055503402605114854]",True,True,"[true,true,true,true,true,true,true,true,true]",1.4113443284382983,1e-12,0.5380674882505901,0.14386484592289203,0.14386484592289203,0.6165054533555643,0.6165054533555643,0.6165054533555643
2,audit,C_init,RAC1P,hist_gb_5,histgb,False,False,True,False,False,2941,"[1670,165,22,0,5,450,9,450,170]",False,validation,3062,9,"[0,1,2,3,4,5,6,7,8]",False,3062.0,"[1747,158,25,0,11,496,9,454,162]","[1747.0,158.0,25.0,0.0,11.0,496.0,9.0,454.0,162.0]","[0.5705421293272371,0.051600261267145654,0.008164598301763554,0.0,0.0035924232527759633,0.1619856303069889,0.002939255388634879,0.14826910516002612,0.052906596995427824]",False,False,"[true,true,true,false,true,true,true,true,true]",1.445654762836143,1e-12,0.5447419986936642,,0.18802196557203665,,,0.5831511910948681
2,audit,C_init,RAC1P,hist_gb_5,histgb,False,False,True,False,False,2941,"[1670,165,22,0,5,450,9,450,170]",False,development_evaluation,2979,9,"[0,1,2,3,4,5,6,7,8]",False,2979.0,"[1723,139,20,1,9,479,6,430,172]","[1723.0,139.0,20.0,1.0,9.0,479.0,6.0,430.0,172.0]","[0.5783820073850285,0.04665995300436388,0.00671366230278617,0.0003356831151393085,0.0030211480362537764,0.16079221215172876,0.002014098690835851,0.14434373950990265,0.057737495803961064]",True,True,"[true,true,true,true,true,true,true,true,true]",1.395039587063329,1e-12,0.5444780127559584,0.14467096277420655,0.14467096277420655,0.6248170489322802,0.6248170489322802,0.6248170489322802
2,audit,C_init,RAC1P,hist_gb_5,histgb,False,False,True,False,False,2941,"[1670,165,22,0,5,450,9,450,170]",False,validation_person_weighted,3062,9,"[0,1,2,3,4,5,6,7,8]",True,355685.0,"[1747,158,25,0,11,496,9,454,162]","[204106.0,18737.0,2592.0,0.0,1555.0,53396.0,831.0,55680.0,18788.0]","[0.5738392116620044,0.05267863418474212,0.007287346950250924,0.0,0.004371845874861184,0.15012159635632652,0.0023363369273373914,0.15654300856094577,0.052822019483531775]",False,False,"[true,true,true,false,true,true,true,true,true]",1.4521287013401936,1e-12,0.5397922318905773,,0.1877388773343136,,,0.5677227479995663
2,audit,C_init,RAC1P,hist_gb_5,histgb,False,False,True,False,False,2941,"[1670,165,22,0,5,450,9,450,170]",False,development_evaluation_person_weighted,2979,9,"[0,1,2,3,4,5,6,7,8]",True,333421.0,"[1723,139,20,1,9,479,6,430,172]","[191893.0,17857.0,1978.0,79.0,811.0,50812.0,639.0,50846.0,18506.0]","[0.575527636231671,0.05355691453147822,0.005932439768340927,0.00023693768538874275,0.002432360289243929,0.15239591987307338,0.001916495961562109,0.15249789305412675,0.055503402605114854]",True,True,"[true,true,true,true,true,true,true,true,true]",1.3990617519559045,1e-12,0.5425093200488271,0.14455930170715298,0.14455930170715298,0.6281279650699643,0.6281279650699643,0.6281279650699643
2,audit,C_init,RAC1P,catchup,catchup,False,False,True,False,False,2941,"[1670,165,22,0,5,450,9,450,170]",False,validation,3062,9,"[0,1,2,3,4,5,6,7,8]",False,3062.0,"[1747,158,25,0,11,496,9,454,162]","[1747.0,158.0,25.0,0.0,11.0,496.0,9.0,454.0,162.0]","[0.5705421293272371,0.051600261267145654,0.008164598301763554,0.0,0.0035924232527759633,0.1619856303069889,0.002939255388634879,0.14826910516002612,0.052906596995427824]",False,False,"[true,true,true,false,true,true,true,true,true]",1.2298861634943643,1e-12,0.5871979098628347,,0.1663106857614905,,,0.628347766163116
2,audit,C_init,RAC1P,catchup,catchup,False,False,True,False,False,2941,"[1670,165,22,0,5,450,9,450,170]",False,development_evaluation,2979,9,"[0,1,2,3,4,5,6,7,8]",False,2979.0,"[1723,139,20,1,9,479,6,430,172]","[1723.0,139.0,20.0,1.0,9.0,479.0,6.0,430.0,172.0]","[0.5783820073850285,0.04665995300436388,0.00671366230278617,0.0003356831151393085,0.0030211480362537764,0.16079221215172876,0.002014098690835851,0.14434373950990265,0.057737495803961064]",True,True,"[true,true,true,true,true,true,true,true,true]",1.2106551812301178,1e-12,0.5840886203423967,0.13962066987969565,0.13962066987969565,0.7025351058414582,0.7025351058414582,0.7025351058414582
2,audit,C_init,RAC1P,catchup,catchup,False,False,True,False,False,2941,"[1670,165,22,0,5,450,9,450,170]",False,validation_person_weighted,3062,9,"[0,1,2,3,4,5,6,7,8]",True,355685.0,"[1747,158,25,0,11,496,9,454,162]","[204106.0,18737.0,2592.0,0.0,1555.0,53396.0,831.0,55680.0,18788.0]","[0.5738392116620044,0.05267863418474212,0.007287346950250924,0.0,0.004371845874861184,0.15012159635632652,0.0023363369273373914,0.15654300856094577,0.052822019483531775]",False,False,"[true,true,true,false,true,true,true,true,true]",1.241708864696534,1e-12,0.5813430422986632,,0.16328062063414533,,,0.6086101310284474
2,audit,C_init,RAC1P,catchup,catchup,False,False,True,False,False,2941,"[1670,165,22,0,5,450,9,450,170]",False,development_evaluation_person_weighted,2979,9,"[0,1,2,3,4,5,6,7,8]",True,333421.0,"[1723,139,20,1,9,479,6,430,172]","[191893.0,17857.0,1978.0,79.0,811.0,50812.0,639.0,50846.0,18506.0]","[0.575527636231671,0.05355691453147822,0.005932439768340927,0.00023693768538874275,0.002432360289243929,0.15239591987307338,0.001916495961562109,0.15249789305412675,0.055503402605114854]",True,True,"[true,true,true,true,true,true,true,true,true]",1.2118198818126067,1e-12,0.5773721511242543,0.13969373250875539,0.13969373250875539,0.6914048849256355,0.6914048849256355,0.6914048849256355
2,audit,C_init,RAC1P,saved_adversary,saved_adversary,False,False,True,False,True,0,,,validation,3062,9,"[0,1,2,3,4,5,6,7,8]",False,3062.0,"[1747,158,25,0,11,496,9,454,162]","[1747.0,158.0,25.0,0.0,11.0,496.0,9.0,454.0,162.0]","[0.5705421293272371,0.051600261267145654,0.008164598301763554,0.0,0.0035924232527759633,0.1619856303069889,0.002939255388634879,0.14826910516002612,0.052906596995427824]",False,False,"[true,true,true,false,true,true,true,true,true]",1.2476161697294577,1e-12,0.5819725669497061,,0.16672450377255102,,,0.5950414052656676
2,audit,C_init,RAC1P,saved_adversary,saved_adversary,False,False,True,False,True,0,,,development_evaluation,2979,9,"[0,1,2,3,4,5,6,7,8]",False,2979.0,"[1723,139,20,1,9,479,6,430,172]","[1723.0,139.0,20.0,1.0,9.0,479.0,6.0,430.0,172.0]","[0.5783820073850285,0.04665995300436388,0.00671366230278617,0.0003356831151393085,0.0030211480362537764,0.16079221215172876,0.002014098690835851,0.14434373950990265,0.057737495803961064]",True,True,"[true,true,true,true,true,true,true,true,true]",1.2366300107989343,1e-12,0.5783820073850285,0.1410385103409533,0.1410385103409533,0.6775873022825991,0.6775873022825991,0.6775873022825991
2,audit,C_init,RAC1P,saved_adversary,saved_adversary,False,False,True,False,True,0,,,validation_person_weighted,3062,9,"[0,1,2,3,4,5,6,7,8]",True,355685.0,"[1747,158,25,0,11,496,9,454,162]","[204106.0,18737.0,2592.0,0.0,1555.0,53396.0,831.0,55680.0,18788.0]","[0.5738392116620044,0.05267863418474212,0.007287346950250924,0.0,0.004371845874861184,0.15012159635632652,0.0023363369273373914,0.15654300856094577,0.052822019483531775]",False,False,"[true,true,true,false,true,true,true,true,true]",1.2551094790190587,1e-12,0.5791725824816902,,0.16312351455707896,,,0.5773299184412797
2,audit,C_init,RAC1P,saved_adversary,saved_adversary,False,False,True,False,True,0,,,development_evaluation_person_weighted,2979,9,"[0,1,2,3,4,5,6,7,8]",True,333421.0,"[1723,139,20,1,9,479,6,430,172]","[191893.0,17857.0,1978.0,79.0,811.0,50812.0,639.0,50846.0,18506.0]","[0.575527636231671,0.05355691453147822,0.005932439768340927,0.00023693768538874275,0.002432360289243929,0.15239591987307338,0.001916495961562109,0.15249789305412675,0.055503402605114854]",True,True,"[true,true,true,true,true,true,true,true,true]",1.2371657615194165,1e-12,0.573326215205401,0.13816222875303108,0.13816222875303108,0.6535184152403618,0.6535184152403618,0.6535184152403618
2,transfer,D_init,same_residence,logistic,logistic,False,False,True,False,False,2048,"[481,1567]",True,validation,3024,2,"[0,1]",False,3024.0,"[737,2287]","[737.0,2287.0]","[0.24371693121693122,0.7562830687830688]",True,True,"[true,true]",0.5385482385673239,1e-12,0.7533068783068783,0.5178037150574987,0.5178037150574987,0.6406581592969287,0.6406581592969287,0.6406581592969287
2,transfer,D_init,same_residence,logistic,logistic,False,False,True,False,False,2048,"[481,1567]",True,development_evaluation,2979,2,"[0,1]",False,2979.0,"[686,2293]","[686.0,2293.0]","[0.23027861698556562,0.7697213830144344]",True,True,"[true,true]",0.5143061389935196,1e-12,0.7687143336690164,0.5187565400591736,0.5187565400591736,0.6630329472764747,0.6630329472764747,0.6630329472764747
2,transfer,D_init,same_residence,logistic,logistic,False,False,True,False,False,2048,"[481,1567]",True,validation_person_weighted,3024,2,"[0,1]",True,351282.0,"[737,2287]","[79711.0,271571.0]","[0.2269145586736582,0.7730854413263418]",True,True,"[true,true]",0.5195862603253644,1e-12,0.7698458788096173,0.511717834089119,0.511717834089119,0.6403711036139299,0.6403711036139299,0.6403711036139299
2,transfer,D_init,same_residence,logistic,logistic,False,False,True,False,False,2048,"[481,1567]",True,development_evaluation_person_weighted,2979,2,"[0,1]",True,333421.0,"[686,2293]","[68689.0,264732.0]","[0.20601281862870066,0.7939871813712993]",True,True,"[true,true]",0.4848674483430525,1e-12,0.7926495331727755,0.5136041340705106,0.5136041340705106,0.6607235540432628,0.6607235540432628,0.6607235540432628
2,transfer,D_init,same_residence,mlp,mlp,True,True,True,True,False,2048,"[481,1567]",True,validation,3024,2,"[0,1]",False,3024.0,"[737,2287]","[737.0,2287.0]","[0.24371693121693122,0.7562830687830688]",True,True,"[true,true]",0.5248508683911035,1e-12,0.7450396825396826,0.5367073880508022,0.5367073880508022,0.6794752832806987,0.6794752832806987,0.6794752832806987
2,transfer,D_init,same_residence,mlp,mlp,True,True,True,True,False,2048,"[481,1567]",True,development_evaluation,2979,2,"[0,1]",False,2979.0,"[686,2293]","[686.0,2293.0]","[0.23027861698556562,0.7697213830144344]",True,True,"[true,true]",0.5044822239546248,1e-12,0.7744209466263847,0.5643497321674916,0.5643497321674916,0.6827221013631295,0.6827221013631295,0.6827221013631295
2,transfer,D_init,same_residence,mlp,mlp,True,True,True,True,False,2048,"[481,1567]",True,validation_person_weighted,3024,2,"[0,1]",True,351282.0,"[737,2287]","[79711.0,271571.0]","[0.2269145586736582,0.7730854413263418]",True,True,"[true,true]",0.5066946590074884,1e-12,0.7594183590391765,0.5240735961811127,0.5240735961811127,0.6804063606865167,0.6804063606865167,0.6804063606865167
2,transfer,D_init,same_residence,mlp,mlp,True,True,True,True,False,2048,"[481,1567]",True,development_evaluation_person_weighted,2979,2,"[0,1]",True,333421.0,"[686,2293]","[68689.0,264732.0]","[0.20601281862870066,0.7939871813712993]",True,True,"[true,true]",0.4743990466619654,1e-12,0.7965095179967668,0.5523290186912787,0.5523290186912787,0.6854459182788828,0.6854459182788828,0.6854459182788828
2,transfer,D_init,commute_over20,logistic,logistic,True,True,True,True,False,2048,"[1033,1015]",True,validation,2072,2,"[0,1]",False,2072.0,"[1030,1042]","[1030.0,1042.0]","[0.4971042471042471,0.502895752895753]",True,True,"[true,true]",0.6749772068146762,1e-12,0.5608108108108109,0.5606674990216722,0.5606674990216722,0.5990850306542683,0.5990850306542683,0.5990850306542683
2,transfer,D_init,commute_over20,logistic,logistic,True,True,True,True,False,2048,"[1033,1015]",True,development_evaluation,1955,2,"[0,1]",False,1955.0,"[938,1017]","[938.0,1017.0]","[0.47979539641943736,0.5202046035805626]",True,True,"[true,true]",0.6884597812730667,1e-12,0.5427109974424552,0.5409693001490651,0.5409693001490651,0.5619883096108166,0.5619883096108165,0.5619883096108165
2,transfer,D_init,commute_over20,logistic,logistic,True,True,True,True,False,2048,"[1033,1015]",True,validation_person_weighted,2072,2,"[0,1]",True,242458.0,"[1030,1042]","[122348.0,120110.0]","[0.5046152323288982,0.4953847676711018]",True,True,"[true,true]",0.6780854355564875,1e-12,0.5584802316277458,0.5587837498253208,0.5587837498253208,0.5916315700687911,0.5916315700687911,0.5916315700687911
2,transfer,D_init,commute_over20,logistic,logistic,True,True,True,True,False,2048,"[1033,1015]",True,development_evaluation_person_weighted,1955,2,"[0,1]",True,225743.0,"[938,1017]","[106764.0,118979.0]","[0.47294489751620206,0.5270551024837979]",True,True,"[true,true]",0.6933387198836976,1e-12,0.5391485007287048,0.5361196017932337,0.5361196017932337,0.549088357038832,0.549088357038832,0.549088357038832
2,transfer,D_init,commute_over20,mlp,mlp,False,False,True,False,False,2048,"[1033,1015]",True,validation,2072,2,"[0,1]",False,2072.0,"[1030,1042]","[1030.0,1042.0]","[0.4971042471042471,0.502895752895753]",True,True,"[true,true]",0.6790536341692822,1e-12,0.556949806949807,0.5566721949946891,0.5566721949946891,0.5899344054562735,0.5899344054562734,0.5899344054562734
2,transfer,D_init,commute_over20,mlp,mlp,False,False,True,False,False,2048,"[1033,1015]",True,development_evaluation,1955,2,"[0,1]",False,1955.0,"[938,1017]","[938.0,1017.0]","[0.47979539641943736,0.5202046035805626]",True,True,"[true,true]",0.6880883563484831,1e-12,0.5493606138107416,0.5467395429091374,0.5467395429091374,0.5667632130120572,0.5667632130120572,0.5667632130120572
2,transfer,D_init,commute_over20,mlp,mlp,False,False,True,False,False,2048,"[1033,1015]",True,validation_person_weighted,2072,2,"[0,1]",True,242458.0,"[1030,1042]","[122348.0,120110.0]","[0.5046152323288982,0.4953847676711018]",True,True,"[true,true]",0.6808240718648424,1e-12,0.5560715670342905,0.5566602036210108,0.5566602036210108,0.5869935261349517,0.5869935261349517,0.5869935261349517
2,transfer,D_init,commute_over20,mlp,mlp,False,False,True,False,False,2048,"[1033,1015]",True,development_evaluation_person_weighted,1955,2,"[0,1]",True,225743.0,"[938,1017]","[106764.0,118979.0]","[0.47294489751620206,0.5270551024837979]",True,True,"[true,true]",0.6941213149286558,1e-12,0.5429138445045915,0.5387536115785667,0.5387536115785667,0.5510037609989964,0.5510037609989964,0.5510037609989964
2,transfer,D_init,income_binary,logistic,logistic,True,True,True,True,False,2048,"[1679,369]",True,validation,3024,2,"[0,1]",False,3024.0,"[2447,577]","[2447.0,577.0]","[0.8091931216931217,0.1908068783068783]",True,True,"[true,true]",0.3023616331812665,1e-12,0.8647486772486772,0.7422646058307878,0.7422646058307878,0.8994326161769903,0.8994326161769903,0.8994326161769903
2,transfer,D_init,income_binary,logistic,logistic,True,True,True,True,False,2048,"[1679,369]",True,development_evaluation,2979,2,"[0,1]",False,2979.0,"[2411,568]","[2411.0,568.0]","[0.8093319906008728,0.19066800939912723]",True,True,"[true,true]",0.29530080712889906,1e-12,0.8633769721383014,0.7305480018226322,0.7305480018226322,0.9035757473084045,0.9035757473084045,0.9035757473084045
2,transfer,D_init,income_binary,logistic,logistic,True,True,True,True,False,2048,"[1679,369]",True,validation_person_weighted,3024,2,"[0,1]",True,351282.0,"[2447,577]","[283992.0,67290.0]","[0.8084444975831383,0.19155550241686167]",True,True,"[true,true]",0.3088736794826542,1e-12,0.8610831184062947,0.7192430045218506,0.7192430045218506,0.8946095283763005,0.8946095283763005,0.8946095283763005
2,transfer,D_init,income_binary,logistic,logistic,True,True,True,True,False,2048,"[1679,369]",True,development_evaluation_person_weighted,2979,2,"[0,1]",True,333421.0,"[2411,568]","[268605.0,64816.0]","[0.8056031263777627,0.19439687362223734]",True,True,"[true,true]",0.30964326044942114,1e-12,0.8616643822674637,0.7233443714657439,0.7233443714657439,0.8927580110550055,0.8927580110550055,0.8927580110550055
2,transfer,D_init,income_binary,mlp,mlp,False,False,True,False,False,2048,"[1679,369]",True,validation,3024,2,"[0,1]",False,3024.0,"[2447,577]","[2447.0,577.0]","[0.8091931216931217,0.1908068783068783]",True,True,"[true,true]",0.30708550802215234,1e-12,0.8611111111111112,0.7247859119397075,0.7247859119397075,0.8953948491379463,0.8953948491379464,0.8953948491379464
2,transfer,D_init,income_binary,mlp,mlp,False,False,True,False,False,2048,"[1679,369]",True,development_evaluation,2979,2,"[0,1]",False,2979.0,"[2411,568]","[2411.0,568.0]","[0.8093319906008728,0.19066800939912723]",True,True,"[true,true]",0.2965001886126378,1e-12,0.8630412890231621,0.715536844042271,0.715536844042271,0.9027695830728877,0.9027695830728877,0.9027695830728877
2,transfer,D_init,income_binary,mlp,mlp,False,False,True,False,False,2048,"[1679,369]",True,validation_person_weighted,3024,2,"[0,1]",True,351282.0,"[2447,577]","[283992.0,67290.0]","[0.8084444975831383,0.19155550241686167]",True,True,"[true,true]",0.31338068398099406,1e-12,0.8565881542464459,0.703286122029371,0.703286122029371,0.8907310709923904,0.8907310709923904,0.8907310709923904
2,transfer,D_init,income_binary,mlp,mlp,False,False,True,False,False,2048,"[1679,369]",True,development_evaluation_person_weighted,2979,2,"[0,1]",True,333421.0,"[2411,568]","[268605.0,64816.0]","[0.8056031263777627,0.19439687362223734]",True,True,"[true,true]",0.3138104705459322,1e-12,0.8549641444300149,0.6964306475049548,0.6964306475049548,0.8900028049153235,0.8900028049153235,0.8900028049153235
2,transfer,D_init,civilian_at_work,logistic,logistic,False,False,True,False,False,2048,"[632,1416]",True,validation,3024,2,"[0,1]",False,3024.0,"[915,2109]","[915.0,2109.0]","[0.30257936507936506,0.6974206349206349]",True,True,"[true,true]",0.29055870356205293,1e-12,0.8961640211640212,0.8330558340912094,0.8330558340912094,0.8930674419026448,0.8930674419026446,0.8930674419026446
2,transfer,D_init,civilian_at_work,logistic,logistic,False,False,True,False,False,2048,"[632,1416]",True,development_evaluation,2979,2,"[0,1]",False,2979.0,"[996,1983]","[996.0,1983.0]","[0.33434038267875127,0.6656596173212488]",True,True,"[true,true]",0.2853328343485973,1e-12,0.8969452836522323,0.8488819119139189,0.8488819119139189,0.9080879746925169,0.908087974692517,0.908087974692517
2,transfer,D_init,civilian_at_work,logistic,logistic,False,False,True,False,False,2048,"[632,1416]",True,validation_person_weighted,3024,2,"[0,1]",True,351282.0,"[915,2109]","[103971.0,247311.0]","[0.2959758826242164,0.7040241173757835]",True,True,"[true,true]",0.2875143555144085,1e-12,0.8974869193411561,0.8312564764974884,0.8312564764974884,0.8923620376340531,0.8923620376340531,0.8923620376340531
2,transfer,D_init,civilian_at_work,logistic,logistic,False,False,True,False,False,2048,"[632,1416]",True,development_evaluation_person_weighted,2979,2,"[0,1]",True,333421.0,"[996,1983]","[102135.0,231286.0]","[0.30632443667315495,0.693675563326845]",True,True,"[true,true]",0.27979009399245275,1e-12,0.902441657843987,0.8431353256597162,0.8431353256597162,0.9012568747044195,0.9012568747044196,0.9012568747044196
2,transfer,D_init,civilian_at_work,mlp,mlp,True,True,True,True,False,2048,"[632,1416]",True,validation,3024,2,"[0,1]",False,3024.0,"[915,2109]","[915.0,2109.0]","[0.30257936507936506,0.6974206349206349]",True,True,"[true,true]",0.288627507238388,1e-12,0.8955026455026455,0.8356753647521551,0.8356753647521551,0.8956626168878111,0.895662616887811,0.895662616887811
2,transfer,D_init,civilian_at_work,mlp,mlp,True,True,True,True,False,2048,"[632,1416]",True,development_evaluation,2979,2,"[0,1]",False,2979.0,"[996,1983]","[996.0,1983.0]","[0.33434038267875127,0.6656596173212488]",True,True,"[true,true]",0.28639816436622756,1e-12,0.8956025511916751,0.8498722575627775,0.8498722575627775,0.9041053270064627,0.9041053270064626,0.9041053270064626
2,transfer,D_init,civilian_at_work,mlp,mlp,True,True,True,True,False,2048,"[632,1416]",True,validation_person_weighted,3024,2,"[0,1]",True,351282.0,"[915,2109]","[103971.0,247311.0]","[0.2959758826242164,0.7040241173757835]",True,True,"[true,true]",0.28593354196662396,1e-12,0.8963937804954424,0.8321943078166977,0.8321943078166977,0.8953185395800662,0.8953185395800662,0.8953185395800662
2,transfer,D_init,civilian_at_work,mlp,mlp,True,True,True,True,False,2048,"[632,1416]",True,development_evaluation_person_weighted,2979,2,"[0,1]",True,333421.0,"[996,1983]","[102135.0,231286.0]","[0.30632443667315495,0.693675563326845]",True,True,"[true,true]",0.28218536638579295,1e-12,0.8998923283176524,0.8426509335307842,0.8426509335307842,0.8957385436192853,0.8957385436192853,0.8957385436192853
2,transfer,D_init,public_coverage,logistic,logistic,True,True,True,True,False,2048,"[1541,507]",True,validation,3024,2,"[0,1]",False,3024.0,"[2313,711]","[2313.0,711.0]","[0.7648809523809523,0.23511904761904762]",True,True,"[true,true]",0.471081978000758,1e-12,0.7873677248677249,0.593604119807144,0.593604119807144,0.7434335861087245,0.7434335861087245,0.7434335861087245
2,transfer,D_init,public_coverage,logistic,logistic,True,True,True,True,False,2048,"[1541,507]",True,development_evaluation,2979,2,"[0,1]",False,2979.0,"[2231,748]","[2231.0,748.0]","[0.7489090298757972,0.25109097012420273]",True,True,"[true,true]",0.48643663608616966,1e-12,0.771399798590131,0.5963288925855171,0.5963288925855171,0.7523316322984106,0.7523316322984106,0.7523316322984106
2,transfer,D_init,public_coverage,logistic,logistic,True,True,True,True,False,2048,"[1541,507]",True,validation_person_weighted,3024,2,"[0,1]",True,351282.0,"[2313,711]","[267566.0,83716.0]","[0.7616843447714372,0.2383156552285628]",True,True,"[true,true]",0.48421577711905067,1e-12,0.7779077777967559,0.5755771330123413,0.5755771330123413,0.7301732594721477,0.7301732594721477,0.7301732594721477
2,transfer,D_init,public_coverage,logistic,logistic,True,True,True,True,False,2048,"[1541,507]",True,development_evaluation_person_weighted,2979,2,"[0,1]",True,333421.0,"[2231,748]","[248778.0,84643.0]","[0.7461377657676032,0.2538622342323969]",True,True,"[true,true]",0.49961381964887086,1e-12,0.7652067506245858,0.5797737186323971,0.5797737186323971,0.7390947158351018,0.7390947158351018,0.7390947158351018
2,transfer,D_init,public_coverage,mlp,mlp,False,False,True,False,False,2048,"[1541,507]",True,validation,3024,2,"[0,1]",False,3024.0,"[2313,711]","[2313.0,711.0]","[0.7648809523809523,0.23511904761904762]",True,True,"[true,true]",0.4720172866538119,1e-12,0.7933201058201058,0.6072364784624057,0.6072364784624057,0.7420304607419811,0.7420304607419812,0.7420304607419812
2,transfer,D_init,public_coverage,mlp,mlp,False,False,True,False,False,2048,"[1541,507]",True,development_evaluation,2979,2,"[0,1]",False,2979.0,"[2231,748]","[2231.0,748.0]","[0.7489090298757972,0.25109097012420273]",True,True,"[true,true]",0.48727423205844433,1e-12,0.7646861362873447,0.5891805909438467,0.5891805909438467,0.7482771927890182,0.7482771927890182,0.7482771927890182
2,transfer,D_init,public_coverage,mlp,mlp,False,False,True,False,False,2048,"[1541,507]",True,validation_person_weighted,3024,2,"[0,1]",True,351282.0,"[2313,711]","[267566.0,83716.0]","[0.7616843447714372,0.2383156552285628]",True,True,"[true,true]",0.48583407487787256,1e-12,0.7848110634760677,0.592440872969804,0.592440872969804,0.7256245542708376,0.7256245809789572,0.7256245809789572
2,transfer,D_init,public_coverage,mlp,mlp,False,False,True,False,False,2048,"[1541,507]",True,development_evaluation_person_weighted,2979,2,"[0,1]",True,333421.0,"[2231,748]","[248778.0,84643.0]","[0.7461377657676032,0.2538622342323969]",True,True,"[true,true]",0.5000902884095042,1e-12,0.7578736792223645,0.5735852690489777,0.5735852690489777,0.7362112227409395,0.7362112227409395,0.7362112227409395
2,audit,D_init,SEX,logistic,logistic,False,False,True,False,False,2941,"[1508,1433]",True,validation,3062,2,"[0,1]",False,3062.0,"[1611,1451]","[1611.0,1451.0]","[0.5261267145656434,0.47387328543435664]",True,True,"[true,true]",0.6842685633255253,1e-12,0.5411495754408883,0.538507230399549,0.538507230399549,0.5765967176899341,0.576596717689934,0.576596717689934
2,audit,D_init,SEX,logistic,logistic,False,False,True,False,False,2941,"[1508,1433]",True,development_evaluation,2979,2,"[0,1]",False,2979.0,"[1510,1469]","[1510.0,1469.0]","[0.5068815038603558,0.4931184961396442]",True,True,"[true,true]",0.678160494813786,1e-12,0.5790533736153072,0.578114138103589,0.578114138103589,0.6031875087345989,0.6031875087345989,0.6031875087345989
2,audit,D_init,SEX,logistic,logistic,False,False,True,False,False,2941,"[1508,1433]",True,validation_person_weighted,3062,2,"[0,1]",True,355685.0,"[1611,1451]","[185048.0,170637.0]","[0.5202580935378214,0.4797419064621786]",True,True,"[true,true]",0.6945740823554956,1e-12,0.5211155938541124,0.5184211557559211,0.5184211557559211,0.5508442430854195,0.5508442430854195,0.5508442430854195
2,audit,D_init,SEX,logistic,logistic,False,False,True,False,False,2941,"[1508,1433]",True,development_evaluation_person_weighted,2979,2,"[0,1]",True,333421.0,"[1510,1469]","[174532.0,158889.0]","[0.5234583304590893,0.47654166954091076]",True,True,"[true,true]",0.6858277707345491,1e-12,0.5640226620398835,0.5606124352882428,0.5606124352882428,0.5811908868660074,0.5811908868660074,0.5811908868660074
2,audit,D_init,SEX,mlp_0,mlp,False,False,False,False,False,2941,"[1508,1433]",True,validation,3062,2,"[0,1]",False,3062.0,"[1611,1451]","[1611.0,1451.0]","[0.5261267145656434,0.47387328543435664]",True,True,"[true,true]",0.6750568607183691,1e-12,0.5839320705421294,0.5809106158085287,0.5809106158085287,0.6111485432893516,0.6111485432893515,0.6111485432893515
2,audit,D_init,SEX,mlp_0,mlp,False,False,False,False,False,2941,"[1508,1433]",True,development_evaluation,2979,2,"[0,1]",False,2979.0,"[1510,1469]","[1510.0,1469.0]","[0.5068815038603558,0.4931184961396442]",True,True,"[true,true]",0.6690791701715288,1e-12,0.590802282645183,0.5898698939225224,0.5898698939225224,0.6223752248454821,0.6223752248454821,0.6223752248454821
2,audit,D_init,SEX,mlp_0,mlp,False,False,False,False,False,2941,"[1508,1433]",True,validation_person_weighted,3062,2,"[0,1]",True,355685.0,"[1611,1451]","[185048.0,170637.0]","[0.5202580935378214,0.4797419064621786]",True,True,"[true,true]",0.6875810914839265,1e-12,0.5697991200078721,0.5668228127125543,0.5668228127125543,0.5883780032418342,0.5883780032418342,0.5883780032418342
2,audit,D_init,SEX,mlp_0,mlp,False,False,False,False,False,2941,"[1508,1433]",True,development_evaluation_person_weighted,2979,2,"[0,1]",True,333421.0,"[1510,1469]","[174532.0,158889.0]","[0.5234583304590893,0.47654166954091076]",True,True,"[true,true]",0.6734288872909956,1e-12,0.5814210862543151,0.5772588048167906,0.5772588048167906,0.6090244782700387,0.6090244782700387,0.6090244782700387
2,audit,D_init,SEX,mlp_1,mlp,True,True,True,False,False,2941,"[1508,1433]",True,validation,3062,2,"[0,1]",False,3062.0,"[1611,1451]","[1611.0,1451.0]","[0.5261267145656434,0.47387328543435664]",True,True,"[true,true]",0.6738951856180075,1e-12,0.5764206401045069,0.5723347968245535,0.5723347968245535,0.6129256092140483,0.6129256092140483,0.6129256092140483
2,audit,D_init,SEX,mlp_1,mlp,True,True,True,False,False,2941,"[1508,1433]",True,development_evaluation,2979,2,"[0,1]",False,2979.0,"[1510,1469]","[1510.0,1469.0]","[0.5068815038603558,0.4931184961396442]",True,True,"[true,true]",0.6672776459863977,1e-12,0.5867740852635113,0.5856560979898024,0.5856560979898024,0.6240639891082369,0.6240641018127392,0.6240641018127392
2,audit,D_init,SEX,mlp_1,mlp,True,True,True,False,False,2941,"[1508,1433]",True,validation_person_weighted,3062,2,"[0,1]",True,355685.0,"[1611,1451]","[185048.0,170637.0]","[0.5202580935378214,0.4797419064621786]",True,True,"[true,true]",0.6869623800667612,1e-12,0.5605915346444185,0.5567191400798034,0.5567191400798034,0.587055596161962,0.5870555961619619,0.5870555961619619
2,audit,D_init,SEX,mlp_1,mlp,True,True,True,False,False,2941,"[1508,1433]",True,development_evaluation_person_weighted,2979,2,"[0,1]",True,333421.0,"[1510,1469]","[174532.0,158889.0]","[0.5234583304590893,0.47654166954091076]",True,True,"[true,true]",0.672067562967632,1e-12,0.5782209278959634,0.5734484297683791,0.5734484297683791,0.6083169437809517,0.6083170032085679,0.6083170032085679
2,audit,D_init,SEX,hist_gb_20,histgb,False,False,False,False,False,2941,"[1508,1433]",True,validation,3062,2,"[0,1]",False,3062.0,"[1611,1451]","[1611.0,1451.0]","[0.5261267145656434,0.47387328543435664]",True,True,"[true,true]",0.6994213804618687,1e-12,0.5721750489875899,0.5711406033896014,0.5711406033896014,0.606301824850774,0.6063018248507739,0.6063018248507739
2,audit,D_init,SEX,hist_gb_20,histgb,False,False,False,False,False,2941,"[1508,1433]",True,development_evaluation,2979,2,"[0,1]",False,2979.0,"[1510,1469]","[1510.0,1469.0]","[0.5068815038603558,0.4931184961396442]",True,True,"[true,true]",0.7024520880571511,1e-12,0.5716683450822424,0.5713376671971292,0.5713376671971292,0.6032738403833756,0.6032738403833756,0.6032738403833756
2,audit,D_init,SEX,hist_gb_20,histgb,False,False,False,False,False,2941,"[1508,1433]",True,validation_person_weighted,3062,2,"[0,1]",True,355685.0,"[1611,1451]","[185048.0,170637.0]","[0.5202580935378214,0.4797419064621786]",True,True,"[true,true]",0.7086264542986558,1e-12,0.5733696950953794,0.5718779637024818,0.5718779637024818,0.5977364461593676,0.5977364461593676,0.5977364461593676
2,audit,D_init,SEX,hist_gb_20,histgb,False,False,False,False,False,2941,"[1508,1433]",True,development_evaluation_person_weighted,2979,2,"[0,1]",True,333421.0,"[1510,1469]","[174532.0,158889.0]","[0.5234583304590893,0.47654166954091076]",True,True,"[true,true]",0.7143638800089305,1e-12,0.5520438124773185,0.5506305636674336,0.5506305636674336,0.5803459098051775,0.5803459098051775,0.5803459098051775
2,audit,D_init,SEX,hist_gb_5,histgb,False,False,True,False,False,2941,"[1508,1433]",True,validation,3062,2,"[0,1]",False,3062.0,"[1611,1451]","[1611.0,1451.0]","[0.5261267145656434,0.47387328543435664]",True,True,"[true,true]",0.6973461338497206,1e-12,0.5767472240365774,0.575109269875738,0.575109269875738,0.6083462634771883,0.6083462634771883,0.6083462634771883
2,audit,D_init,SEX,hist_gb_5,histgb,False,False,True,False,False,2941,"[1508,1433]",True,development_evaluation,2979,2,"[0,1]",False,2979.0,"[1510,1469]","[1510.0,1469.0]","[0.5068815038603558,0.4931184961396442]",True,True,"[true,true]",0.6968293300805628,1e-12,0.5837529372272575,0.5832859223060243,0.5832859223060243,0.6103900026598262,0.6103900026598262,0.6103900026598262
2,audit,D_init,SEX,hist_gb_5,histgb,False,False,True,False,False,2941,"[1508,1433]",True,validation_person_weighted,3062,2,"[0,1]",True,355685.0,"[1611,1451]","[185048.0,170637.0]","[0.5202580935378214,0.4797419064621786]",True,True,"[true,true]",0.7080931517583604,1e-12,0.5766225733443918,0.5750377242987688,0.5750377242987688,0.5966749159549402,0.5966749159549402,0.5966749159549402
2,audit,D_init,SEX,hist_gb_5,histgb,False,False,True,False,False,2941,"[1508,1433]",True,development_evaluation_person_weighted,2979,2,"[0,1]",True,333421.0,"[1510,1469]","[174532.0,158889.0]","[0.5234583304590893,0.47654166954091076]",True,True,"[true,true]",0.7111869004605167,1e-12,0.5666499710576118,0.5646261592346589,0.5646261592346589,0.5880426948144255,0.5880426948144255,0.5880426948144255
2,audit,D_init,SEX,catchup,catchup,False,False,True,True,False,2941,"[1508,1433]",True,validation,3062,2,"[0,1]",False,3062.0,"[1611,1451]","[1611.0,1451.0]","[0.5261267145656434,0.47387328543435664]",True,True,"[true,true]",0.6763807264459829,1e-12,0.5979751796211626,0.5959333253763217,0.5959333253763217,0.6309854587751935,0.6309853518261128,0.6309853518261128
2,audit,D_init,SEX,catchup,catchup,False,False,True,True,False,2941,"[1508,1433]",True,development_evaluation,2979,2,"[0,1]",False,2979.0,"[1510,1469]","[1510.0,1469.0]","[0.5068815038603558,0.4931184961396442]",True,True,"[true,true]",0.6775277322770554,1e-12,0.5877811346089292,0.5873333663933207,0.5873333663933207,0.635613946505935,0.635613946505935,0.635613946505935
2,audit,D_init,SEX,catchup,catchup,False,False,True,True,False,2941,"[1508,1433]",True,validation_person_weighted,3062,2,"[0,1]",True,355685.0,"[1611,1451]","[185048.0,170637.0]","[0.5202580935378214,0.4797419064621786]",True,True,"[true,true]",0.6861623095128543,1e-12,0.5929460055948381,0.5904797795981556,0.5904797795981556,0.6131847218723188,0.613184565527486,0.613184565527486
2,audit,D_init,SEX,catchup,catchup,False,False,True,True,False,2941,"[1508,1433]",True,development_evaluation_person_weighted,2979,2,"[0,1]",True,333421.0,"[1510,1469]","[174532.0,158889.0]","[0.5234583304590893,0.47654166954091076]",True,True,"[true,true]",0.6827966438208544,1e-12,0.5825547880907321,0.5804483082217391,0.5804483082217391,0.6229159170952887,0.6229159170952887,0.6229159170952887
2,audit,D_init,SEX,saved_adversary,saved_adversary,False,False,True,False,True,0,,,validation,3062,2,"[0,1]",False,3062.0,"[1611,1451]","[1611.0,1451.0]","[0.5261267145656434,0.47387328543435664]",True,True,"[true,true]",0.6950921933540212,1e-12,0.5849118223383409,0.5804385425663758,0.5804385425663758,0.6224757343230829,0.6224757343230829,0.6224757343230829
2,audit,D_init,SEX,saved_adversary,saved_adversary,False,False,True,False,True,0,,,development_evaluation,2979,2,"[0,1]",False,2979.0,"[1510,1469]","[1510.0,1469.0]","[0.5068815038603558,0.4931184961396442]",True,True,"[true,true]",0.6853173318448418,1e-12,0.599530043638805,0.5983312971386581,0.5983312971386581,0.6392218430341855,0.6392218430341856,0.6392218430341856
2,audit,D_init,SEX,saved_adversary,saved_adversary,False,False,True,False,True,0,,,validation_person_weighted,3062,2,"[0,1]",True,355685.0,"[1611,1451]","[185048.0,170637.0]","[0.5202580935378214,0.4797419064621786]",True,True,"[true,true]",0.6988076563105999,1e-12,0.5737267526041301,0.5699706567717227,0.5699706567717227,0.6094629873715721,0.6094629873715721,0.6094629873715721
2,audit,D_init,SEX,saved_adversary,saved_adversary,False,False,True,False,True,0,,,development_evaluation_person_weighted,2979,2,"[0,1]",True,333421.0,"[1510,1469]","[174532.0,158889.0]","[0.5234583304590893,0.47654166954091076]",True,True,"[true,true]",0.6934343620693435,1e-12,0.5889071174281164,0.5844897393386286,0.5844897393386286,0.6189461098507656,0.6189461098507656,0.6189461098507656
2,audit,D_init,RAC1P,logistic,logistic,False,False,True,False,False,2941,"[1670,165,22,0,5,450,9,450,170]",False,validation,3062,9,"[0,1,2,3,4,5,6,7,8]",False,3062.0,"[1747,158,25,0,11,496,9,454,162]","[1747.0,158.0,25.0,0.0,11.0,496.0,9.0,454.0,162.0]","[0.5705421293272371,0.051600261267145654,0.008164598301763554,0.0,0.0035924232527759633,0.1619856303069889,0.002939255388634879,0.14826910516002612,0.052906596995427824]",False,False,"[true,true,true,false,true,true,true,true,true]",1.2618509579171104,1e-12,0.5695623775310255,,0.13122423832865923,,,0.5831141330179436
2,audit,D_init,RAC1P,logistic,logistic,False,False,True,False,False,2941,"[1670,165,22,0,5,450,9,450,170]",False,development_evaluation,2979,9,"[0,1,2,3,4,5,6,7,8]",False,2979.0,"[1723,139,20,1,9,479,6,430,172]","[1723.0,139.0,20.0,1.0,9.0,479.0,6.0,430.0,172.0]","[0.5783820073850285,0.04665995300436388,0.00671366230278617,0.0003356831151393085,0.0030211480362537764,0.16079221215172876,0.002014098690835851,0.14434373950990265,0.057737495803961064]",True,True,"[true,true,true,true,true,true,true,true,true]",1.239974301589599,1e-12,0.5756965424639141,0.11532857945407926,0.11532857945407926,0.5768873245132016,0.5768873245132016,0.5768873245132016
2,audit,D_init,RAC1P,logistic,logistic,False,False,True,False,False,2941,"[1670,165,22,0,5,450,9,450,170]",False,validation_person_weighted,3062,9,"[0,1,2,3,4,5,6,7,8]",True,355685.0,"[1747,158,25,0,11,496,9,454,162]","[204106.0,18737.0,2592.0,0.0,1555.0,53396.0,831.0,55680.0,18788.0]","[0.5738392116620044,0.05267863418474212,0.007287346950250924,0.0,0.004371845874861184,0.15012159635632652,0.0023363369273373914,0.15654300856094577,0.052822019483531775]",False,False,"[true,true,true,false,true,true,true,true,true]",1.2611526227772882,1e-12,0.5727202440361556,,0.1312490664362932,,,0.5708088987010758
2,audit,D_init,RAC1P,logistic,logistic,False,False,True,False,False,2941,"[1670,165,22,0,5,450,9,450,170]",False,development_evaluation_person_weighted,2979,9,"[0,1,2,3,4,5,6,7,8]",True,333421.0,"[1723,139,20,1,9,479,6,430,172]","[191893.0,17857.0,1978.0,79.0,811.0,50812.0,639.0,50846.0,18506.0]","[0.575527636231671,0.05355691453147822,0.005932439768340927,0.00023693768538874275,0.002432360289243929,0.15239591987307338,0.001916495961562109,0.15249789305412675,0.055503402605114854]",True,True,"[true,true,true,true,true,true,true,true,true]",1.2404445954171959,1e-12,0.5734161915416246,0.11539540440918213,0.11539540440918213,0.5806104746819046,0.5806104746819046,0.5806104746819046
2,audit,D_init,RAC1P,mlp_0,mlp,False,True,True,False,False,2941,"[1670,165,22,0,5,450,9,450,170]",False,validation,3062,9,"[0,1,2,3,4,5,6,7,8]",False,3062.0,"[1747,158,25,0,11,496,9,454,162]","[1747.0,158.0,25.0,0.0,11.0,496.0,9.0,454.0,162.0]","[0.5705421293272371,0.051600261267145654,0.008164598301763554,0.0,0.0035924232527759633,0.1619856303069889,0.002939255388634879,0.14826910516002612,0.052906596995427824]",False,False,"[true,true,true,false,true,true,true,true,true]",1.2380081774968557,1e-12,0.5783801436969301,,0.1434598857893094,,,0.5997355731072967
2,audit,D_init,RAC1P,mlp_0,mlp,False,True,True,False,False,2941,"[1670,165,22,0,5,450,9,450,170]",False,development_evaluation,2979,9,"[0,1,2,3,4,5,6,7,8]",False,2979.0,"[1723,139,20,1,9,479,6,430,172]","[1723.0,139.0,20.0,1.0,9.0,479.0,6.0,430.0,172.0]","[0.5783820073850285,0.04665995300436388,0.00671366230278617,0.0003356831151393085,0.0030211480362537764,0.16079221215172876,0.002014098690835851,0.14434373950990265,0.057737495803961064]",True,True,"[true,true,true,true,true,true,true,true,true]",1.2184197950603866,1e-12,0.5861027190332326,0.12665356344057843,0.12665356344057843,0.5560514206016611,0.5560514206016611,0.5560514206016611
2,audit,D_init,RAC1P,mlp_0,mlp,False,True,True,False,False,2941,"[1670,165,22,0,5,450,9,450,170]",False,validation_person_weighted,3062,9,"[0,1,2,3,4,5,6,7,8]",True,355685.0,"[1747,158,25,0,11,496,9,454,162]","[204106.0,18737.0,2592.0,0.0,1555.0,53396.0,831.0,55680.0,18788.0]","[0.5738392116620044,0.05267863418474212,0.007287346950250924,0.0,0.004371845874861184,0.15012159635632652,0.0023363369273373914,0.15654300856094577,0.052822019483531775]",False,False,"[true,true,true,false,true,true,true,true,true]",1.2434411745159502,1e-12,0.5727371128948368,,0.14318459250327314,,,0.593134231472893
2,audit,D_init,RAC1P,mlp_0,mlp,False,True,True,False,False,2941,"[1670,165,22,0,5,450,9,450,170]",False,development_evaluation_person_weighted,2979,9,"[0,1,2,3,4,5,6,7,8]",True,333421.0,"[1723,139,20,1,9,479,6,430,172]","[191893.0,17857.0,1978.0,79.0,811.0,50812.0,639.0,50846.0,18506.0]","[0.575527636231671,0.05355691453147822,0.005932439768340927,0.00023693768538874275,0.002432360289243929,0.15239591987307338,0.001916495961562109,0.15249789305412675,0.055503402605114854]",True,True,"[true,true,true,true,true,true,true,true,true]",1.2257805590328599,1e-12,0.5788507622495284,0.12599092345012314,0.12599092345012314,0.5476864577567012,0.5476864577567012,0.5476864577567012
2,audit,D_init,RAC1P,mlp_1,mlp,False,False,False,False,False,2941,"[1670,165,22,0,5,450,9,450,170]",False,validation,3062,9,"[0,1,2,3,4,5,6,7,8]",False,3062.0,"[1747,158,25,0,11,496,9,454,162]","[1747.0,158.0,25.0,0.0,11.0,496.0,9.0,454.0,162.0]","[0.5705421293272371,0.051600261267145654,0.008164598301763554,0.0,0.0035924232527759633,0.1619856303069889,0.002939255388634879,0.14826910516002612,0.052906596995427824]",False,False,"[true,true,true,false,true,true,true,true,true]",1.2380945494141258,1e-12,0.5780535597648596,,0.14598024277071564,,,0.5963054835303367
2,audit,D_init,RAC1P,mlp_1,mlp,False,False,False,False,False,2941,"[1670,165,22,0,5,450,9,450,170]",False,development_evaluation,2979,9,"[0,1,2,3,4,5,6,7,8]",False,2979.0,"[1723,139,20,1,9,479,6,430,172]","[1723.0,139.0,20.0,1.0,9.0,479.0,6.0,430.0,172.0]","[0.5783820073850285,0.04665995300436388,0.00671366230278617,0.0003356831151393085,0.0030211480362537764,0.16079221215172876,0.002014098690835851,0.14434373950990265,0.057737495803961064]",True,True,"[true,true,true,true,true,true,true,true,true]",1.2227725078213034,1e-12,0.5824102047667002,0.1281631639038074,0.1281631639038074,0.5697905811586272,0.5697905811586272,0.5697905811586272
2,audit,D_init,RAC1P,mlp_1,mlp,False,False,False,False,False,2941,"[1670,165,22,0,5,450,9,450,170]",False,validation_person_weighted,3062,9,"[0,1,2,3,4,5,6,7,8]",True,355685.0,"[1747,158,25,0,11,496,9,454,162]","[204106.0,18737.0,2592.0,0.0,1555.0,53396.0,831.0,55680.0,18788.0]","[0.5738392116620044,0.05267863418474212,0.007287346950250924,0.0,0.004371845874861184,0.15012159635632652,0.0023363369273373914,0.15654300856094577,0.052822019483531775]",False,False,"[true,true,true,false,true,true,true,true,true]",1.2451147091672754,1e-12,0.5743227856108636,,0.14549751201331676,,,0.5903221677570212
2,audit,D_init,RAC1P,mlp_1,mlp,False,False,False,False,False,2941,"[1670,165,22,0,5,450,9,450,170]",False,development_evaluation_person_weighted,2979,9,"[0,1,2,3,4,5,6,7,8]",True,333421.0,"[1723,139,20,1,9,479,6,430,172]","[191893.0,17857.0,1978.0,79.0,811.0,50812.0,639.0,50846.0,18506.0]","[0.575527636231671,0.05355691453147822,0.005932439768340927,0.00023693768538874275,0.002432360289243929,0.15239591987307338,0.001916495961562109,0.15249789305412675,0.055503402605114854]",True,True,"[true,true,true,true,true,true,true,true,true]",1.2266878928739398,1e-12,0.5799964609307752,0.12843161870800643,0.12843161870800643,0.5672695187721534,0.5672695187721534,0.5672695187721534
2,audit,D_init,RAC1P,hist_gb_20,histgb,False,False,False,False,False,2941,"[1670,165,22,0,5,450,9,450,170]",False,validation,3062,9,"[0,1,2,3,4,5,6,7,8]",False,3062.0,"[1747,158,25,0,11,496,9,454,162]","[1747.0,158.0,25.0,0.0,11.0,496.0,9.0,454.0,162.0]","[0.5705421293272371,0.051600261267145654,0.008164598301763554,0.0,0.0035924232527759633,0.1619856303069889,0.002939255388634879,0.14826910516002612,0.052906596995427824]",False,False,"[true,true,true,false,true,true,true,true,true]",1.4606655804909179,1e-12,0.527106466361855,,0.15819974188430355,,,0.5772298865500036
2,audit,D_init,RAC1P,hist_gb_20,histgb,False,False,False,False,False,2941,"[1670,165,22,0,5,450,9,450,170]",False,development_evaluation,2979,9,"[0,1,2,3,4,5,6,7,8]",False,2979.0,"[1723,139,20,1,9,479,6,430,172]","[1723.0,139.0,20.0,1.0,9.0,479.0,6.0,430.0,172.0]","[0.5783820073850285,0.04665995300436388,0.00671366230278617,0.0003356831151393085,0.0030211480362537764,0.16079221215172876,0.002014098690835851,0.14434373950990265,0.057737495803961064]",True,True,"[true,true,true,true,true,true,true,true,true]",1.400971819734029,1e-12,0.5451493789862369,0.1457394131116734,0.1457394131116734,0.5988980785135927,0.5988980785135927,0.5988980785135927
2,audit,D_init,RAC1P,hist_gb_20,histgb,False,False,False,False,False,2941,"[1670,165,22,0,5,450,9,450,170]",False,validation_person_weighted,3062,9,"[0,1,2,3,4,5,6,7,8]",True,355685.0,"[1747,158,25,0,11,496,9,454,162]","[204106.0,18737.0,2592.0,0.0,1555.0,53396.0,831.0,55680.0,18788.0]","[0.5738392116620044,0.05267863418474212,0.007287346950250924,0.0,0.004371845874861184,0.15012159635632652,0.0023363369273373914,0.15654300856094577,0.052822019483531775]",False,False,"[true,true,true,false,true,true,true,true,true]",1.4644348790070374,1e-12,0.5283635801341074,,0.1598182971173438,,,0.5550258629273938
2,audit,D_init,RAC1P,hist_gb_20,histgb,False,False,False,False,False,2941,"[1670,165,22,0,5,450,9,450,170]",False,development_evaluation_person_weighted,2979,9,"[0,1,2,3,4,5,6,7,8]",True,333421.0,"[1723,139,20,1,9,479,6,430,172]","[191893.0,17857.0,1978.0,79.0,811.0,50812.0,639.0,50846.0,18506.0]","[0.575527636231671,0.05355691453147822,0.005932439768340927,0.00023693768538874275,0.002432360289243929,0.15239591987307338,0.001916495961562109,0.15249789305412675,0.055503402605114854]",True,True,"[true,true,true,true,true,true,true,true,true]",1.4006069286497418,1e-12,0.5375486247117008,0.14304778744031302,0.14304778744031302,0.594552213535225,0.594552213535225,0.594552213535225
2,audit,D_init,RAC1P,hist_gb_5,histgb,False,False,True,False,False,2941,"[1670,165,22,0,5,450,9,450,170]",False,validation,3062,9,"[0,1,2,3,4,5,6,7,8]",False,3062.0,"[1747,158,25,0,11,496,9,454,162]","[1747.0,158.0,25.0,0.0,11.0,496.0,9.0,454.0,162.0]","[0.5705421293272371,0.051600261267145654,0.008164598301763554,0.0,0.0035924232527759633,0.1619856303069889,0.002939255388634879,0.14826910516002612,0.052906596995427824]",False,False,"[true,true,true,false,true,true,true,true,true]",1.4579900144587132,1e-12,0.5359242325277597,,0.15911045770014287,,,0.582727763852666
2,audit,D_init,RAC1P,hist_gb_5,histgb,False,False,True,False,False,2941,"[1670,165,22,0,5,450,9,450,170]",False,development_evaluation,2979,9,"[0,1,2,3,4,5,6,7,8]",False,2979.0,"[1723,139,20,1,9,479,6,430,172]","[1723.0,139.0,20.0,1.0,9.0,479.0,6.0,430.0,172.0]","[0.5783820073850285,0.04665995300436388,0.00671366230278617,0.0003356831151393085,0.0030211480362537764,0.16079221215172876,0.002014098690835851,0.14434373950990265,0.057737495803961064]",True,True,"[true,true,true,true,true,true,true,true,true]",1.3969236628582016,1e-12,0.5461564283316549,0.14430251209399256,0.14430251209399256,0.6032956692451594,0.6032956692451594,0.6032956692451594
2,audit,D_init,RAC1P,hist_gb_5,histgb,False,False,True,False,False,2941,"[1670,165,22,0,5,450,9,450,170]",False,validation_person_weighted,3062,9,"[0,1,2,3,4,5,6,7,8]",True,355685.0,"[1747,158,25,0,11,496,9,454,162]","[204106.0,18737.0,2592.0,0.0,1555.0,53396.0,831.0,55680.0,18788.0]","[0.5738392116620044,0.05267863418474212,0.007287346950250924,0.0,0.004371845874861184,0.15012159635632652,0.0023363369273373914,0.15654300856094577,0.052822019483531775]",False,False,"[true,true,true,false,true,true,true,true,true]",1.4666857715441104,1e-12,0.5404304370440136,,0.1605531566485011,,,0.5559463842644963
2,audit,D_init,RAC1P,hist_gb_5,histgb,False,False,True,False,False,2941,"[1670,165,22,0,5,450,9,450,170]",False,development_evaluation_person_weighted,2979,9,"[0,1,2,3,4,5,6,7,8]",True,333421.0,"[1723,139,20,1,9,479,6,430,172]","[191893.0,17857.0,1978.0,79.0,811.0,50812.0,639.0,50846.0,18506.0]","[0.575527636231671,0.05355691453147822,0.005932439768340927,0.00023693768538874275,0.002432360289243929,0.15239591987307338,0.001916495961562109,0.15249789305412675,0.055503402605114854]",True,True,"[true,true,true,true,true,true,true,true,true]",1.3941414506190306,1e-12,0.5399629897337,0.14305285683822605,0.14305285683822605,0.6023045841920449,0.6023045841920449,0.6023045841920449
2,audit,D_init,RAC1P,catchup,catchup,True,False,True,False,False,2941,"[1670,165,22,0,5,450,9,450,170]",False,validation,3062,9,"[0,1,2,3,4,5,6,7,8]",False,3062.0,"[1747,158,25,0,11,496,9,454,162]","[1747.0,158.0,25.0,0.0,11.0,496.0,9.0,454.0,162.0]","[0.5705421293272371,0.051600261267145654,0.008164598301763554,0.0,0.0035924232527759633,0.1619856303069889,0.002939255388634879,0.14826910516002612,0.052906596995427824]",False,False,"[true,true,true,false,true,true,true,true,true]",1.2164333221163304,1e-12,0.5858915741345526,,0.15879531051863643,,,0.6326130930859865
2,audit,D_init,RAC1P,catchup,catchup,True,False,True,False,False,2941,"[1670,165,22,0,5,450,9,450,170]",False,development_evaluation,2979,9,"[0,1,2,3,4,5,6,7,8]",False,2979.0,"[1723,139,20,1,9,479,6,430,172]","[1723.0,139.0,20.0,1.0,9.0,479.0,6.0,430.0,172.0]","[0.5783820073850285,0.04665995300436388,0.00671366230278617,0.0003356831151393085,0.0030211480362537764,0.16079221215172876,0.002014098690835851,0.14434373950990265,0.057737495803961064]",True,True,"[true,true,true,true,true,true,true,true,true]",1.2146352230429058,1e-12,0.584424303457536,0.13546632188296626,0.13546632188296626,0.6294007000987573,0.6294007000987573,0.6294007000987573
2,audit,D_init,RAC1P,catchup,catchup,True,False,True,False,False,2941,"[1670,165,22,0,5,450,9,450,170]",False,validation_person_weighted,3062,9,"[0,1,2,3,4,5,6,7,8]",True,355685.0,"[1747,158,25,0,11,496,9,454,162]","[204106.0,18737.0,2592.0,0.0,1555.0,53396.0,831.0,55680.0,18788.0]","[0.5738392116620044,0.05267863418474212,0.007287346950250924,0.0,0.004371845874861184,0.15012159635632652,0.0023363369273373914,0.15654300856094577,0.052822019483531775]",False,False,"[true,true,true,false,true,true,true,true,true]",1.225364344924541,1e-12,0.5810956323713398,,0.15783188947951982,,,0.6076729854207409
2,audit,D_init,RAC1P,catchup,catchup,True,False,True,False,False,2941,"[1670,165,22,0,5,450,9,450,170]",False,development_evaluation_person_weighted,2979,9,"[0,1,2,3,4,5,6,7,8]",True,333421.0,"[1723,139,20,1,9,479,6,430,172]","[191893.0,17857.0,1978.0,79.0,811.0,50812.0,639.0,50846.0,18506.0]","[0.575527636231671,0.05355691453147822,0.005932439768340927,0.00023693768538874275,0.002432360289243929,0.15239591987307338,0.001916495961562109,0.15249789305412675,0.055503402605114854]",True,True,"[true,true,true,true,true,true,true,true,true]",1.217600167088917,1e-12,0.5792226644392525,0.13458072741155674,0.13458072741155674,0.6021758786943785,0.6021758786943785,0.6021758786943785
2,audit,D_init,RAC1P,saved_adversary,saved_adversary,False,False,True,False,True,0,,,validation,3062,9,"[0,1,2,3,4,5,6,7,8]",False,3062.0,"[1747,158,25,0,11,496,9,454,162]","[1747.0,158.0,25.0,0.0,11.0,496.0,9.0,454.0,162.0]","[0.5705421293272371,0.051600261267145654,0.008164598301763554,0.0,0.0035924232527759633,0.1619856303069889,0.002939255388634879,0.14826910516002612,0.052906596995427824]",False,False,"[true,true,true,false,true,true,true,true,true]",1.2232901944537709,1e-12,0.5888308295231874,,0.1590309500612281,,,0.5970062264335521
2,audit,D_init,RAC1P,saved_adversary,saved_adversary,False,False,True,False,True,0,,,development_evaluation,2979,9,"[0,1,2,3,4,5,6,7,8]",False,2979.0,"[1723,139,20,1,9,479,6,430,172]","[1723.0,139.0,20.0,1.0,9.0,479.0,6.0,430.0,172.0]","[0.5783820073850285,0.04665995300436388,0.00671366230278617,0.0003356831151393085,0.0030211480362537764,0.16079221215172876,0.002014098690835851,0.14434373950990265,0.057737495803961064]",True,True,"[true,true,true,true,true,true,true,true,true]",1.2283734869123255,1e-12,0.5877811346089292,0.13705207255516402,0.13705207255516402,0.6318826686752517,0.6318826686752517,0.6318826686752517
2,audit,D_init,RAC1P,saved_adversary,saved_adversary,False,False,True,False,True,0,,,validation_person_weighted,3062,9,"[0,1,2,3,4,5,6,7,8]",True,355685.0,"[1747,158,25,0,11,496,9,454,162]","[204106.0,18737.0,2592.0,0.0,1555.0,53396.0,831.0,55680.0,18788.0]","[0.5738392116620044,0.05267863418474212,0.007287346950250924,0.0,0.004371845874861184,0.15012159635632652,0.0023363369273373914,0.15654300856094577,0.052822019483531775]",False,False,"[true,true,true,false,true,true,true,true,true]",1.2310491118773992,1e-12,0.5869294459985661,,0.15898932553832304,,,0.5760450130399952
2,audit,D_init,RAC1P,saved_adversary,saved_adversary,False,False,True,False,True,0,,,development_evaluation_person_weighted,2979,9,"[0,1,2,3,4,5,6,7,8]",True,333421.0,"[1723,139,20,1,9,479,6,430,172]","[191893.0,17857.0,1978.0,79.0,811.0,50812.0,639.0,50846.0,18506.0]","[0.575527636231671,0.05355691453147822,0.005932439768340927,0.00023693768538874275,0.002432360289243929,0.15239591987307338,0.001916495961562109,0.15249789305412675,0.055503402605114854]",True,True,"[true,true,true,true,true,true,true,true,true]",1.2346736344304623,1e-12,0.5817420018535125,0.1344378068075588,0.1344378068075588,0.5996613351067257,0.5996613351067257,0.5996613351067257
