/opt/pytorch/lib/python3.12/site-packages/torch/cuda/__init__.py:61: FutureWarning: The pynvml package is deprecated. Please install nvidia-ml-py instead. If you did not install pynvml directly, please report this to the maintainers of the package that installed pynvml for you.
  import pynvml  # type: ignore[import]
2026-04-24 17:15:40,394 [INFO] __main__: Device: cuda, states=['CA'], PCRL seeds=[0, 1, 2]
2026-04-24 17:15:40,395 [INFO] pcrl.data.folktables: Loading cached Folktables data from data/folktables/acs_2018_CA.parquet
2026-04-24 17:15:40,653 [INFO] pcrl.data.folktables: Loading cached Folktables data from data/folktables/acs_2018_CA.parquet
2026-04-24 17:15:40,681 [INFO] pcrl.data.folktables: Loading cached Folktables data from data/folktables/acs_2018_CA.parquet
2026-04-24 17:15:40,706 [INFO] __main__: Folktables sizes: train=156532, val=19566, test=19567, features=31
2026-04-24 17:15:40,706 [INFO] __main__: ═══ PCRL seed=0 ═══
2026-04-24 17:15:40,963 [INFO] pcrl.training.trainer: ============================================================
2026-04-24 17:15:40,963 [INFO] pcrl.training.trainer: Starting PCRL Training
2026-04-24 17:15:40,963 [INFO] pcrl.training.trainer: ============================================================
2026-04-24 17:15:40,963 [INFO] pcrl.training.trainer: Epochs: 200
2026-04-24 17:15:40,963 [INFO] pcrl.training.trainer: Batch size: 256
2026-04-24 17:15:40,963 [INFO] pcrl.training.trainer: Lambda adversarial: 50.0
2026-04-24 17:15:40,963 [INFO] pcrl.training.trainer: Auditor steps per encoder step: 20
2026-04-24 17:15:40,963 [INFO] pcrl.training.trainer: Purposes: ['income_prediction', 'employment_analysis', 'education_assessment']
2026-04-24 17:15:40,963 [INFO] pcrl.training.trainer: ============================================================
2026-04-24 17:15:53,185 [INFO] pcrl.training.trainer: Epoch 0 [50/612] Loss: -78.1930 Task: 3.3917 Adv: -4.0461 Verify: 2.4144
2026-04-24 17:16:04,489 [INFO] pcrl.training.trainer: Epoch 0 [100/612] Loss: -126.2437 Task: 3.1753 Adv: -4.6432 Verify: 2.0548
2026-04-24 17:16:15,605 [INFO] pcrl.training.trainer: Epoch 0 [150/612] Loss: -144.5712 Task: 3.0037 Adv: -5.1138 Verify: 2.1623
2026-04-24 17:16:26,849 [INFO] pcrl.training.trainer: Epoch 0 [200/612] Loss: -137.5263 Task: 2.8506 Adv: -4.9931 Verify: 2.1856
2026-04-24 17:16:37,974 [INFO] pcrl.training.trainer: Epoch 0 [250/612] Loss: -149.3897 Task: 2.7194 Adv: -5.2169 Verify: 2.1747
2026-04-24 17:16:49,071 [INFO] pcrl.training.trainer: Epoch 0 [300/612] Loss: -182.8936 Task: 2.5299 Adv: -5.9048 Verify: 2.1963
2026-04-24 17:17:00,036 [INFO] pcrl.training.trainer: Epoch 0 [350/612] Loss: -173.6529 Task: 2.7388 Adv: -5.5872 Verify: 2.0593
2026-04-24 17:17:11,211 [INFO] pcrl.training.trainer: Epoch 0 [400/612] Loss: -199.9893 Task: 2.4777 Adv: -6.0803 Verify: 2.0310
2026-04-24 17:17:22,563 [INFO] pcrl.training.trainer: Epoch 0 [450/612] Loss: -194.0844 Task: 2.4556 Adv: -6.0966 Verify: 2.1658
2026-04-24 17:17:33,824 [INFO] pcrl.training.trainer: Epoch 0 [500/612] Loss: -196.9684 Task: 2.4283 Adv: -6.1747 Verify: 2.1867
2026-04-24 17:17:45,238 [INFO] pcrl.training.trainer: Epoch 0 [550/612] Loss: -202.3757 Task: 2.5543 Adv: -6.3700 Verify: 2.2714
2026-04-24 17:17:57,671 [INFO] pcrl.training.trainer: Epoch 0 [600/612] Loss: -197.1040 Task: 2.4521 Adv: -5.9905 Verify: 1.9993
2026-04-24 17:18:00,573 [INFO] pcrl.training.trainer: [TRAIN] Epoch 0 - Loss: -155.4392, Task: 2.7617, Adv: -5.4119, Verify: 2.2479, Time: 139.6s
2026-04-24 17:18:00,573 [INFO] pcrl.training.trainer:   Task 'income' accuracy: 0.5886
2026-04-24 17:18:00,573 [INFO] pcrl.training.trainer:   Task 'hours_band' accuracy: 0.6028
2026-04-24 17:18:00,573 [INFO] pcrl.training.trainer:   Task 'education_level' accuracy: 0.5678
2026-04-24 17:18:00,573 [INFO] pcrl.training.trainer:   Auditor 'race' accuracy: 0.6149
2026-04-24 17:18:00,573 [INFO] pcrl.training.trainer:   Auditor 'sex' accuracy: 0.6438
2026-04-24 17:18:00,573 [INFO] pcrl.training.trainer:   Auditor 'age_group' accuracy: 0.5876
2026-04-24 17:18:00,573 [INFO] pcrl.training.trainer:   Auditor 'marital_status' accuracy: 0.6454
2026-04-24 17:18:00,573 [INFO] pcrl.training.trainer:   Auditor 'income' accuracy: 0.6110
2026-04-24 17:18:01,750 [INFO] pcrl.training.trainer: [VAL] Epoch 0 - Loss: 407.2881, Task: 2.3238, Adv: 8.0993, Verify: 0.0000, Time: 1.2s
2026-04-24 17:18:01,750 [INFO] pcrl.training.trainer:   Task 'income' accuracy: 0.5950
2026-04-24 17:18:01,750 [INFO] pcrl.training.trainer:   Task 'hours_band' accuracy: 0.6923
2026-04-24 17:18:01,750 [INFO] pcrl.training.trainer:   Task 'education_level' accuracy: 0.7373
2026-04-24 17:18:01,750 [INFO] pcrl.training.trainer:   Auditor 'race' accuracy: 0.6029
2026-04-24 17:18:01,750 [INFO] pcrl.training.trainer:   Auditor 'sex' accuracy: 0.5641
2026-04-24 17:18:01,750 [INFO] pcrl.training.trainer:   Auditor 'age_group' accuracy: 0.4104
2026-04-24 17:18:01,750 [INFO] pcrl.training.trainer:   Auditor 'marital_status' accuracy: 0.5665
2026-04-24 17:18:01,750 [INFO] pcrl.training.trainer:   Auditor 'income' accuracy: 0.5930
2026-04-24 17:18:01,796 [INFO] pcrl.training.trainer: Saved checkpoint to /home/ubuntu/PCRL/checkpoints/folktables_pcrl_s0/best.pt
2026-04-24 17:18:13,106 [INFO] pcrl.training.trainer: Epoch 1 [50/612] Loss: -194.7667 Task: 2.3264 Adv: -6.1861 Verify: 2.2442
2026-04-24 17:18:24,474 [INFO] pcrl.training.trainer: Epoch 1 [100/612] Loss: -194.3163 Task: 2.4361 Adv: -6.2260 Verify: 2.2910
2026-04-24 17:18:35,763 [INFO] pcrl.training.trainer: Epoch 1 [150/612] Loss: -212.0263 Task: 2.3596 Adv: -6.3827 Verify: 2.0950
2026-04-24 17:18:47,055 [INFO] pcrl.training.trainer: Epoch 1 [200/612] Loss: -223.4729 Task: 2.2700 Adv: -6.6513 Verify: 2.1364
2026-04-24 17:18:58,191 [INFO] pcrl.training.trainer: Epoch 1 [250/612] Loss: -223.8578 Task: 2.2188 Adv: -6.6106 Verify: 2.0891
2026-04-24 17:19:09,652 [INFO] pcrl.training.trainer: Epoch 1 [300/612] Loss: -232.3011 Task: 2.3635 Adv: -6.7092 Verify: 2.0159
2026-04-24 17:19:21,169 [INFO] pcrl.training.trainer: Epoch 1 [350/612] Loss: -228.5934 Task: 2.3195 Adv: -6.4892 Verify: 1.8710
2026-04-24 17:19:32,809 [INFO] pcrl.training.trainer: Epoch 1 [400/612] Loss: -224.9313 Task: 2.3643 Adv: -6.4710 Verify: 1.9250
2026-04-24 17:19:44,222 [INFO] pcrl.training.trainer: Epoch 1 [450/612] Loss: -223.6056 Task: 2.5601 Adv: -6.4796 Verify: 1.9563
2026-04-24 17:19:55,568 [INFO] pcrl.training.trainer: Epoch 1 [500/612] Loss: -237.6746 Task: 2.5061 Adv: -6.7487 Verify: 1.9451
2026-04-24 17:20:07,017 [INFO] pcrl.training.trainer: Epoch 1 [550/612] Loss: -232.0836 Task: 2.5374 Adv: -6.5814 Verify: 1.8890
2026-04-24 17:20:18,350 [INFO] pcrl.training.trainer: Epoch 1 [600/612] Loss: -224.3144 Task: 2.5422 Adv: -6.4905 Verify: 1.9533
2026-04-24 17:20:21,009 [INFO] pcrl.training.trainer: [TRAIN] Epoch 1 - Loss: -221.9631, Task: 2.3650, Adv: -6.5286, Verify: 2.0421, Time: 139.2s
2026-04-24 17:20:21,009 [INFO] pcrl.training.trainer:   Task 'income' accuracy: 0.6051
2026-04-24 17:20:21,009 [INFO] pcrl.training.trainer:   Task 'hours_band' accuracy: 0.7027
2026-04-24 17:20:21,009 [INFO] pcrl.training.trainer:   Task 'education_level' accuracy: 0.6131
2026-04-24 17:20:21,009 [INFO] pcrl.training.trainer:   Auditor 'race' accuracy: 0.6103
2026-04-24 17:20:21,009 [INFO] pcrl.training.trainer:   Auditor 'sex' accuracy: 0.5712
2026-04-24 17:20:21,009 [INFO] pcrl.training.trainer:   Auditor 'age_group' accuracy: 0.5332
2026-04-24 17:20:21,009 [INFO] pcrl.training.trainer:   Auditor 'marital_status' accuracy: 0.5789
2026-04-24 17:20:21,009 [INFO] pcrl.training.trainer:   Auditor 'income' accuracy: 0.5958
2026-04-24 17:20:22,199 [INFO] pcrl.training.trainer: [VAL] Epoch 1 - Loss: 385.2681, Task: 2.5468, Adv: 7.6544, Verify: 0.0000, Time: 1.2s
2026-04-24 17:20:22,199 [INFO] pcrl.training.trainer:   Task 'income' accuracy: 0.6071
2026-04-24 17:20:22,200 [INFO] pcrl.training.trainer:   Task 'hours_band' accuracy: 0.7110
2026-04-24 17:20:22,200 [INFO] pcrl.training.trainer:   Task 'education_level' accuracy: 0.4719
2026-04-24 17:20:22,200 [INFO] pcrl.training.trainer:   Auditor 'race' accuracy: 0.5826
2026-04-24 17:20:22,200 [INFO] pcrl.training.trainer:   Auditor 'sex' accuracy: 0.5018
2026-04-24 17:20:22,200 [INFO] pcrl.training.trainer:   Auditor 'age_group' accuracy: 0.4979
2026-04-24 17:20:22,200 [INFO] pcrl.training.trainer:   Auditor 'marital_status' accuracy: 0.5203
2026-04-24 17:20:22,200 [INFO] pcrl.training.trainer:   Auditor 'income' accuracy: 0.6190
2026-04-24 17:20:22,312 [INFO] pcrl.training.trainer: Saved checkpoint to /home/ubuntu/PCRL/checkpoints/folktables_pcrl_s0/best.pt
2026-04-24 17:20:33,418 [INFO] pcrl.training.trainer: Epoch 2 [50/612] Loss: -235.8976 Task: 2.6026 Adv: -6.6818 Verify: 1.9118
2026-04-24 17:20:44,497 [INFO] pcrl.training.trainer: Epoch 2 [100/612] Loss: -224.0435 Task: 2.6487 Adv: -6.4790 Verify: 1.9452
2026-04-24 17:20:55,619 [INFO] pcrl.training.trainer: Epoch 2 [150/612] Loss: -273.1297 Task: 2.7018 Adv: -7.3989 Verify: 1.8823
2026-04-24 17:21:06,777 [INFO] pcrl.training.trainer: Epoch 2 [200/612] Loss: -265.9807 Task: 2.7315 Adv: -7.3063 Verify: 1.9320
2026-04-24 17:21:18,089 [INFO] pcrl.training.trainer: Epoch 2 [250/612] Loss: -254.8184 Task: 2.7801 Adv: -7.1005 Verify: 1.9485
2026-04-24 17:21:29,075 [INFO] pcrl.training.trainer: Epoch 2 [300/612] Loss: -257.7077 Task: 2.8950 Adv: -6.9383 Verify: 1.7263
2026-04-24 17:21:40,167 [INFO] pcrl.training.trainer: Epoch 2 [350/612] Loss: -256.0038 Task: 2.9590 Adv: -7.0755 Verify: 1.8962
2026-04-24 17:21:51,245 [INFO] pcrl.training.trainer: Epoch 2 [400/612] Loss: -312.5038 Task: 2.9763 Adv: -7.5653 Verify: 1.2557
2026-04-24 17:22:02,053 [INFO] pcrl.training.trainer: Epoch 2 [450/612] Loss: -309.3154 Task: 3.0511 Adv: -7.2476 Verify: 1.0003
2026-04-24 17:22:12,987 [INFO] pcrl.training.trainer: Epoch 2 [500/612] Loss: -343.5938 Task: 3.1449 Adv: -7.5270 Verify: 0.5922
2026-04-24 17:22:23,766 [INFO] pcrl.training.trainer: Epoch 2 [550/612] Loss: -344.9710 Task: 3.1047 Adv: -7.4712 Verify: 0.5097
2026-04-24 17:22:34,719 [INFO] pcrl.training.trainer: Epoch 2 [600/612] Loss: -359.1525 Task: 3.1251 Adv: -7.4867 Verify: 0.2411
2026-04-24 17:22:37,307 [INFO] pcrl.training.trainer: [TRAIN] Epoch 2 - Loss: -282.8578, Task: 2.8836, Adv: -7.1512, Verify: 1.4364, Time: 135.0s
2026-04-24 17:22:37,307 [INFO] pcrl.training.trainer:   Task 'income' accuracy: 0.5940
2026-04-24 17:22:37,307 [INFO] pcrl.training.trainer:   Task 'hours_band' accuracy: 0.6482
2026-04-24 17:22:37,307 [INFO] pcrl.training.trainer:   Task 'education_level' accuracy: 0.3976
2026-04-24 17:22:37,307 [INFO] pcrl.training.trainer:   Auditor 'race' accuracy: 0.6168
2026-04-24 17:22:37,307 [INFO] pcrl.training.trainer:   Auditor 'sex' accuracy: 0.5392
2026-04-24 17:22:37,307 [INFO] pcrl.training.trainer:   Auditor 'age_group' accuracy: 0.4673
2026-04-24 17:22:37,307 [INFO] pcrl.training.trainer:   Auditor 'marital_status' accuracy: 0.5311
2026-04-24 17:22:37,307 [INFO] pcrl.training.trainer:   Auditor 'income' accuracy: 0.5939
2026-04-24 17:22:38,495 [INFO] pcrl.training.trainer: [VAL] Epoch 2 - Loss: 379.9076, Task: 3.1142, Adv: 7.5359, Verify: 0.0000, Time: 1.2s
2026-04-24 17:22:38,495 [INFO] pcrl.training.trainer:   Task 'income' accuracy: 0.5910
2026-04-24 17:22:38,495 [INFO] pcrl.training.trainer:   Task 'hours_band' accuracy: 0.5658
2026-04-24 17:22:38,495 [INFO] pcrl.training.trainer:   Task 'education_level' accuracy: 0.3818
2026-04-24 17:22:38,495 [INFO] pcrl.training.trainer:   Auditor 'race' accuracy: 0.6201
2026-04-24 17:22:38,495 [INFO] pcrl.training.trainer:   Auditor 'sex' accuracy: 0.5279
2026-04-24 17:22:38,495 [INFO] pcrl.training.trainer:   Auditor 'age_group' accuracy: 0.3786
2026-04-24 17:22:38,495 [INFO] pcrl.training.trainer:   Auditor 'marital_status' accuracy: 0.5249
2026-04-24 17:22:38,495 [INFO] pcrl.training.trainer:   Auditor 'income' accuracy: 0.5893
2026-04-24 17:22:38,572 [INFO] pcrl.training.trainer: Saved checkpoint to /home/ubuntu/PCRL/checkpoints/folktables_pcrl_s0/best.pt
2026-04-24 17:22:49,592 [INFO] pcrl.training.trainer: Epoch 3 [50/612] Loss: -356.5201 Task: 3.1392 Adv: -7.3643 Verify: 0.1711
2026-04-24 17:23:00,585 [INFO] pcrl.training.trainer: Epoch 3 [100/612] Loss: -367.8080 Task: 3.1460 Adv: -7.5881 Verify: 0.1690
2026-04-24 17:23:12,388 [INFO] pcrl.training.trainer: Epoch 3 [150/612] Loss: -361.9278 Task: 3.2239 Adv: -7.3489 Verify: 0.0459
2026-04-24 17:23:23,928 [INFO] pcrl.training.trainer: Epoch 3 [200/612] Loss: -370.2142 Task: 3.1412 Adv: -7.5133 Verify: 0.0462
2026-04-24 17:23:35,220 [INFO] pcrl.training.trainer: Epoch 3 [250/612] Loss: -368.7279 Task: 3.1960 Adv: -7.4406 Verify: 0.0021
2026-04-24 17:23:46,415 [INFO] pcrl.training.trainer: Epoch 3 [300/612] Loss: -372.9328 Task: 3.1771 Adv: -7.5261 Verify: 0.0039
2026-04-24 17:23:57,437 [INFO] pcrl.training.trainer: Epoch 3 [350/612] Loss: -355.4947 Task: 3.1804 Adv: -7.1805 Verify: 0.0070
2026-04-24 17:24:08,672 [INFO] pcrl.training.trainer: Epoch 3 [400/612] Loss: -373.6224 Task: 3.1664 Adv: -7.5358 Verify: 0.0000
2026-04-24 17:24:19,821 [INFO] pcrl.training.trainer: Epoch 3 [450/612] Loss: -374.2600 Task: 3.1155 Adv: -7.5532 Verify: 0.0056
2026-04-24 17:24:30,985 [INFO] pcrl.training.trainer: Epoch 3 [500/612] Loss: -369.1596 Task: 3.1319 Adv: -7.4458 Verify: 0.0000
2026-04-24 17:24:42,179 [INFO] pcrl.training.trainer: Epoch 3 [550/612] Loss: -368.5279 Task: 3.1340 Adv: -7.4539 Verify: 0.0207
2026-04-24 17:24:53,177 [INFO] pcrl.training.trainer: Epoch 3 [600/612] Loss: -376.3162 Task: 3.1789 Adv: -7.5899 Verify: 0.0000
2026-04-24 17:24:55,838 [INFO] pcrl.training.trainer: [TRAIN] Epoch 3 - Loss: -368.6755, Task: 3.1602, Adv: -7.4850, Verify: 0.0483, Time: 137.3s
2026-04-24 17:24:55,838 [INFO] pcrl.training.trainer:   Task 'income' accuracy: 0.5881
2026-04-24 17:24:55,838 [INFO] pcrl.training.trainer:   Task 'hours_band' accuracy: 0.5477
2026-04-24 17:24:55,838 [INFO] pcrl.training.trainer:   Task 'education_level' accuracy: 0.3834
2026-04-24 17:24:55,838 [INFO] pcrl.training.trainer:   Auditor 'race' accuracy: 0.6184
2026-04-24 17:24:55,838 [INFO] pcrl.training.trainer:   Auditor 'sex' accuracy: 0.5281
2026-04-24 17:24:55,838 [INFO] pcrl.training.trainer:   Auditor 'age_group' accuracy: 0.4181
2026-04-24 17:24:55,838 [INFO] pcrl.training.trainer:   Auditor 'marital_status' accuracy: 0.5247
2026-04-24 17:24:55,838 [INFO] pcrl.training.trainer:   Auditor 'income' accuracy: 0.5881
2026-04-24 17:24:57,041 [INFO] pcrl.training.trainer: [VAL] Epoch 3 - Loss: 377.1846, Task: 3.1607, Adv: 7.4805, Verify: 0.0000, Time: 1.2s
2026-04-24 17:24:57,041 [INFO] pcrl.training.trainer:   Task 'income' accuracy: 0.5910
2026-04-24 17:24:57,041 [INFO] pcrl.training.trainer:   Task 'hours_band' accuracy: 0.5423
2026-04-24 17:24:57,041 [INFO] pcrl.training.trainer:   Task 'education_level' accuracy: 0.3866
2026-04-24 17:24:57,041 [INFO] pcrl.training.trainer:   Auditor 'race' accuracy: 0.6201
2026-04-24 17:24:57,041 [INFO] pcrl.training.trainer:   Auditor 'sex' accuracy: 0.5278
2026-04-24 17:24:57,041 [INFO] pcrl.training.trainer:   Auditor 'age_group' accuracy: 0.4141
2026-04-24 17:24:57,041 [INFO] pcrl.training.trainer:   Auditor 'marital_status' accuracy: 0.5266
2026-04-24 17:24:57,041 [INFO] pcrl.training.trainer:   Auditor 'income' accuracy: 0.5910
2026-04-24 17:24:57,136 [INFO] pcrl.training.trainer: Saved checkpoint to /home/ubuntu/PCRL/checkpoints/folktables_pcrl_s0/best.pt
2026-04-24 17:25:08,249 [INFO] pcrl.training.trainer: Epoch 4 [50/612] Loss: -365.9691 Task: 3.1735 Adv: -7.3829 Verify: 0.0000
2026-04-24 17:25:19,213 [INFO] pcrl.training.trainer: Epoch 4 [100/612] Loss: -376.0008 Task: 3.0997 Adv: -7.5820 Verify: 0.0000
2026-04-24 17:25:30,206 [INFO] pcrl.training.trainer: Epoch 4 [150/612] Loss: -373.4678 Task: 3.0798 Adv: -7.5310 Verify: 0.0000
2026-04-24 17:25:41,099 [INFO] pcrl.training.trainer: Epoch 4 [200/612] Loss: -368.8257 Task: 3.1544 Adv: -7.4396 Verify: 0.0000
2026-04-24 17:25:52,220 [INFO] pcrl.training.trainer: Epoch 4 [250/612] Loss: -371.6400 Task: 3.1775 Adv: -7.4964 Verify: 0.0000
2026-04-24 17:26:03,530 [INFO] pcrl.training.trainer: Epoch 4 [300/612] Loss: -378.5366 Task: 3.2060 Adv: -7.6349 Verify: 0.0000
2026-04-24 17:26:14,935 [INFO] pcrl.training.trainer: Epoch 4 [350/612] Loss: -375.9771 Task: 3.1642 Adv: -7.5828 Verify: 0.0000
2026-04-24 17:26:26,270 [INFO] pcrl.training.trainer: Epoch 4 [400/612] Loss: -368.6425 Task: 3.1247 Adv: -7.4396 Verify: 0.0043
2026-04-24 17:26:38,090 [INFO] pcrl.training.trainer: Epoch 4 [450/612] Loss: -374.2985 Task: 3.0795 Adv: -7.5476 Verify: 0.0000
2026-04-24 17:26:49,974 [INFO] pcrl.training.trainer: Epoch 4 [500/612] Loss: -377.9938 Task: 3.0777 Adv: -7.6214 Verify: 0.0000
2026-04-24 17:27:01,011 [INFO] pcrl.training.trainer: Epoch 4 [550/612] Loss: -373.6706 Task: 3.1788 Adv: -7.5370 Verify: 0.0000
2026-04-24 17:27:12,325 [INFO] pcrl.training.trainer: Epoch 4 [600/612] Loss: -368.7919 Task: 3.1395 Adv: -7.4386 Verify: 0.0000
2026-04-24 17:27:14,999 [INFO] pcrl.training.trainer: [TRAIN] Epoch 4 - Loss: -371.4775, Task: 3.1549, Adv: -7.4931, Verify: 0.0004, Time: 137.9s
2026-04-24 17:27:14,999 [INFO] pcrl.training.trainer:   Task 'income' accuracy: 0.5882
2026-04-24 17:27:14,999 [INFO] pcrl.training.trainer:   Task 'hours_band' accuracy: 0.5466
2026-04-24 17:27:14,999 [INFO] pcrl.training.trainer:   Task 'education_level' accuracy: 0.3866
2026-04-24 17:27:14,999 [INFO] pcrl.training.trainer:   Auditor 'race' accuracy: 0.6184
2026-04-24 17:27:14,999 [INFO] pcrl.training.trainer:   Auditor 'sex' accuracy: 0.5282
2026-04-24 17:27:14,999 [INFO] pcrl.training.trainer:   Auditor 'age_group' accuracy: 0.4160
2026-04-24 17:27:14,999 [INFO] pcrl.training.trainer:   Auditor 'marital_status' accuracy: 0.5240
2026-04-24 17:27:14,999 [INFO] pcrl.training.trainer:   Auditor 'income' accuracy: 0.5882
2026-04-24 17:27:16,217 [INFO] pcrl.training.trainer: [VAL] Epoch 4 - Loss: 377.2861, Task: 3.1607, Adv: 7.4825, Verify: 0.0000, Time: 1.2s
2026-04-24 17:27:16,217 [INFO] pcrl.training.trainer:   Task 'income' accuracy: 0.5910
2026-04-24 17:27:16,217 [INFO] pcrl.training.trainer:   Task 'hours_band' accuracy: 0.5423
2026-04-24 17:27:16,217 [INFO] pcrl.training.trainer:   Task 'education_level' accuracy: 0.3866
2026-04-24 17:27:16,217 [INFO] pcrl.training.trainer:   Auditor 'race' accuracy: 0.6201
2026-04-24 17:27:16,217 [INFO] pcrl.training.trainer:   Auditor 'sex' accuracy: 0.5278
2026-04-24 17:27:16,217 [INFO] pcrl.training.trainer:   Auditor 'age_group' accuracy: 0.4141
2026-04-24 17:27:16,217 [INFO] pcrl.training.trainer:   Auditor 'marital_status' accuracy: 0.5266
2026-04-24 17:27:16,217 [INFO] pcrl.training.trainer:   Auditor 'income' accuracy: 0.5910
2026-04-24 17:27:27,432 [INFO] pcrl.training.trainer: Epoch 5 [50/612] Loss: -368.3604 Task: 3.1391 Adv: -7.4300 Verify: 0.0000
2026-04-24 17:27:38,610 [INFO] pcrl.training.trainer: Epoch 5 [100/612] Loss: -370.1502 Task: 3.1040 Adv: -7.4651 Verify: 0.0000
2026-04-24 17:27:49,645 [INFO] pcrl.training.trainer: Epoch 5 [150/612] Loss: -368.5403 Task: 3.1478 Adv: -7.4338 Verify: 0.0000
2026-04-24 17:28:01,000 [INFO] pcrl.training.trainer: Epoch 5 [200/612] Loss: -370.9109 Task: 3.1493 Adv: -7.4812 Verify: 0.0000
2026-04-24 17:28:12,107 [INFO] pcrl.training.trainer: Epoch 5 [250/612] Loss: -375.3992 Task: 3.1508 Adv: -7.5710 Verify: 0.0000
2026-04-24 17:28:23,427 [INFO] pcrl.training.trainer: Epoch 5 [300/612] Loss: -368.6560 Task: 3.1835 Adv: -7.4368 Verify: 0.0000
2026-04-24 17:28:34,456 [INFO] pcrl.training.trainer: Epoch 5 [350/612] Loss: -368.6763 Task: 3.1995 Adv: -7.4375 Verify: 0.0000
2026-04-24 17:28:45,379 [INFO] pcrl.training.trainer: Epoch 5 [400/612] Loss: -371.0881 Task: 3.1165 Adv: -7.4841 Verify: 0.0000
2026-04-24 17:28:56,947 [INFO] pcrl.training.trainer: Epoch 5 [450/612] Loss: -372.9117 Task: 3.1560 Adv: -7.5214 Verify: 0.0000
2026-04-24 17:29:08,771 [INFO] pcrl.training.trainer: Epoch 5 [500/612] Loss: -370.6275 Task: 3.0778 Adv: -7.4741 Verify: 0.0000
2026-04-24 17:29:19,864 [INFO] pcrl.training.trainer: Epoch 5 [550/612] Loss: -371.9077 Task: 3.1832 Adv: -7.5018 Verify: 0.0000
2026-04-24 17:29:31,019 [INFO] pcrl.training.trainer: Epoch 5 [600/612] Loss: -371.6991 Task: 3.1361 Adv: -7.4967 Verify: 0.0000
2026-04-24 17:29:33,704 [INFO] pcrl.training.trainer: [TRAIN] Epoch 5 - Loss: -371.3889, Task: 3.1543, Adv: -7.4910, Verify: 0.0002, Time: 137.5s
2026-04-24 17:29:33,704 [INFO] pcrl.training.trainer:   Task 'income' accuracy: 0.5882
2026-04-24 17:29:33,704 [INFO] pcrl.training.trainer:   Task 'hours_band' accuracy: 0.5466
2026-04-24 17:29:33,704 [INFO] pcrl.training.trainer:   Task 'education_level' accuracy: 0.3866
2026-04-24 17:29:33,704 [INFO] pcrl.training.trainer:   Auditor 'race' accuracy: 0.6184
2026-04-24 17:29:33,704 [INFO] pcrl.training.trainer:   Auditor 'sex' accuracy: 0.5282
2026-04-24 17:29:33,704 [INFO] pcrl.training.trainer:   Auditor 'age_group' accuracy: 0.4157
2026-04-24 17:29:33,704 [INFO] pcrl.training.trainer:   Auditor 'marital_status' accuracy: 0.5235
2026-04-24 17:29:33,704 [INFO] pcrl.training.trainer:   Auditor 'income' accuracy: 0.5882
2026-04-24 17:29:34,784 [INFO] pcrl.training.trainer: [VAL] Epoch 5 - Loss: 377.8645, Task: 3.1608, Adv: 7.4941, Verify: 0.0000, Time: 1.1s
2026-04-24 17:29:34,784 [INFO] pcrl.training.trainer:   Task 'income' accuracy: 0.5910
2026-04-24 17:29:34,784 [INFO] pcrl.training.trainer:   Task 'hours_band' accuracy: 0.5423
2026-04-24 17:29:34,784 [INFO] pcrl.training.trainer:   Task 'education_level' accuracy: 0.3866
2026-04-24 17:29:34,784 [INFO] pcrl.training.trainer:   Auditor 'race' accuracy: 0.6201
2026-04-24 17:29:34,784 [INFO] pcrl.training.trainer:   Auditor 'sex' accuracy: 0.5278
2026-04-24 17:29:34,784 [INFO] pcrl.training.trainer:   Auditor 'age_group' accuracy: 0.4141
2026-04-24 17:29:34,784 [INFO] pcrl.training.trainer:   Auditor 'marital_status' accuracy: 0.5266
2026-04-24 17:29:34,784 [INFO] pcrl.training.trainer:   Auditor 'income' accuracy: 0.5910
2026-04-24 17:29:45,821 [INFO] pcrl.training.trainer: Epoch 6 [50/612] Loss: -371.6121 Task: 3.0859 Adv: -7.4940 Verify: 0.0000
2026-04-24 17:29:56,981 [INFO] pcrl.training.trainer: Epoch 6 [100/612] Loss: -371.9269 Task: 3.1982 Adv: -7.5025 Verify: 0.0000
2026-04-24 17:30:07,854 [INFO] pcrl.training.trainer: Epoch 6 [150/612] Loss: -371.6236 Task: 3.1115 Adv: -7.4947 Verify: 0.0000
2026-04-24 17:30:18,902 [INFO] pcrl.training.trainer: Epoch 6 [200/612] Loss: -375.4809 Task: 3.2163 Adv: -7.5739 Verify: 0.0000
2026-04-24 17:30:30,223 [INFO] pcrl.training.trainer: Epoch 6 [250/612] Loss: -371.8606 Task: 3.0378 Adv: -7.4980 Verify: 0.0000
2026-04-24 17:30:41,683 [INFO] pcrl.training.trainer: Epoch 6 [300/612] Loss: -372.8892 Task: 3.1501 Adv: -7.5208 Verify: 0.0000
2026-04-24 17:30:53,060 [INFO] pcrl.training.trainer: Epoch 6 [350/612] Loss: -367.1970 Task: 3.2032 Adv: -7.4080 Verify: 0.0000
2026-04-24 17:31:04,604 [INFO] pcrl.training.trainer: Epoch 6 [400/612] Loss: -372.7430 Task: 3.0925 Adv: -7.5167 Verify: 0.0000
2026-04-24 17:31:16,352 [INFO] pcrl.training.trainer: Epoch 6 [450/612] Loss: -375.2026 Task: 3.1740 Adv: -7.5675 Verify: 0.0000
2026-04-24 17:31:27,504 [INFO] pcrl.training.trainer: Epoch 6 [500/612] Loss: -367.5731 Task: 3.1493 Adv: -7.4144 Verify: 0.0000
2026-04-24 17:31:38,620 [INFO] pcrl.training.trainer: Epoch 6 [550/612] Loss: -371.2062 Task: 3.1805 Adv: -7.4877 Verify: 0.0000
2026-04-24 17:31:49,496 [INFO] pcrl.training.trainer: Epoch 6 [600/612] Loss: -370.2071 Task: 3.1609 Adv: -7.4674 Verify: 0.0000
2026-04-24 17:31:52,106 [INFO] pcrl.training.trainer: [TRAIN] Epoch 6 - Loss: -371.2639, Task: 3.1543, Adv: -7.4884, Verify: 0.0000, Time: 137.3s
2026-04-24 17:31:52,107 [INFO] pcrl.training.trainer:   Task 'income' accuracy: 0.5882
2026-04-24 17:31:52,107 [INFO] pcrl.training.trainer:   Task 'hours_band' accuracy: 0.5466
2026-04-24 17:31:52,107 [INFO] pcrl.training.trainer:   Task 'education_level' accuracy: 0.3866
2026-04-24 17:31:52,107 [INFO] pcrl.training.trainer:   Auditor 'race' accuracy: 0.6184
2026-04-24 17:31:52,107 [INFO] pcrl.training.trainer:   Auditor 'sex' accuracy: 0.5288
2026-04-24 17:31:52,107 [INFO] pcrl.training.trainer:   Auditor 'age_group' accuracy: 0.4157
2026-04-24 17:31:52,107 [INFO] pcrl.training.trainer:   Auditor 'marital_status' accuracy: 0.5239
2026-04-24 17:31:52,107 [INFO] pcrl.training.trainer:   Auditor 'income' accuracy: 0.5882
2026-04-24 17:31:53,294 [INFO] pcrl.training.trainer: [VAL] Epoch 6 - Loss: 377.1403, Task: 3.1615, Adv: 7.4796, Verify: 0.0000, Time: 1.2s
2026-04-24 17:31:53,294 [INFO] pcrl.training.trainer:   Task 'income' accuracy: 0.5910
2026-04-24 17:31:53,294 [INFO] pcrl.training.trainer:   Task 'hours_band' accuracy: 0.5423
2026-04-24 17:31:53,294 [INFO] pcrl.training.trainer:   Task 'education_level' accuracy: 0.3866
2026-04-24 17:31:53,294 [INFO] pcrl.training.trainer:   Auditor 'race' accuracy: 0.6201
2026-04-24 17:31:53,294 [INFO] pcrl.training.trainer:   Auditor 'sex' accuracy: 0.5278
2026-04-24 17:31:53,294 [INFO] pcrl.training.trainer:   Auditor 'age_group' accuracy: 0.4141
2026-04-24 17:31:53,294 [INFO] pcrl.training.trainer:   Auditor 'marital_status' accuracy: 0.5266
2026-04-24 17:31:53,294 [INFO] pcrl.training.trainer:   Auditor 'income' accuracy: 0.5910
2026-04-24 17:31:53,385 [INFO] pcrl.training.trainer: Saved checkpoint to /home/ubuntu/PCRL/checkpoints/folktables_pcrl_s0/best.pt
2026-04-24 17:32:04,371 [INFO] pcrl.training.trainer: Epoch 7 [50/612] Loss: -373.7768 Task: 3.2171 Adv: -7.5399 Verify: 0.0000
2026-04-24 17:32:15,372 [INFO] pcrl.training.trainer: Epoch 7 [100/612] Loss: -370.7259 Task: 3.1953 Adv: -7.4784 Verify: 0.0000
2026-04-24 17:32:26,353 [INFO] pcrl.training.trainer: Epoch 7 [150/612] Loss: -370.5274 Task: 3.2480 Adv: -7.4755 Verify: 0.0000
2026-04-24 17:32:37,367 [INFO] pcrl.training.trainer: Epoch 7 [200/612] Loss: -374.6950 Task: 3.1434 Adv: -7.5568 Verify: 0.0000
2026-04-24 17:32:48,613 [INFO] pcrl.training.trainer: Epoch 7 [250/612] Loss: -371.2477 Task: 3.1739 Adv: -7.4884 Verify: 0.0000
2026-04-24 17:33:00,038 [INFO] pcrl.training.trainer: Epoch 7 [300/612] Loss: -371.0227 Task: 3.1887 Adv: -7.4842 Verify: 0.0000
2026-04-24 17:33:11,217 [INFO] pcrl.training.trainer: Epoch 7 [350/612] Loss: -371.7495 Task: 3.1449 Adv: -7.4979 Verify: 0.0000
2026-04-24 17:33:22,631 [INFO] pcrl.training.trainer: Epoch 7 [400/612] Loss: -374.4798 Task: 3.2132 Adv: -7.5539 Verify: 0.0000
2026-04-24 17:33:34,054 [INFO] pcrl.training.trainer: Epoch 7 [450/612] Loss: -372.3921 Task: 3.1922 Adv: -7.5117 Verify: 0.0000
2026-04-24 17:33:45,650 [INFO] pcrl.training.trainer: Epoch 7 [500/612] Loss: -373.1904 Task: 3.1667 Adv: -7.5271 Verify: 0.0000
2026-04-24 17:33:56,683 [INFO] pcrl.training.trainer: Epoch 7 [550/612] Loss: -373.7291 Task: 3.2352 Adv: -7.5393 Verify: 0.0000
2026-04-24 17:34:07,892 [INFO] pcrl.training.trainer: Epoch 7 [600/612] Loss: -374.6761 Task: 3.0962 Adv: -7.5554 Verify: 0.0000
2026-04-24 17:34:10,573 [INFO] pcrl.training.trainer: [TRAIN] Epoch 7 - Loss: -371.2712, Task: 3.1541, Adv: -7.4886, Verify: 0.0001, Time: 137.2s
2026-04-24 17:34:10,573 [INFO] pcrl.training.trainer:   Task 'income' accuracy: 0.5882
2026-04-24 17:34:10,573 [INFO] pcrl.training.trainer:   Task 'hours_band' accuracy: 0.5466
2026-04-24 17:34:10,573 [INFO] pcrl.training.trainer:   Task 'education_level' accuracy: 0.3866
2026-04-24 17:34:10,573 [INFO] pcrl.training.trainer:   Auditor 'race' accuracy: 0.6184
2026-04-24 17:34:10,573 [INFO] pcrl.training.trainer:   Auditor 'sex' accuracy: 0.5283
2026-04-24 17:34:10,573 [INFO] pcrl.training.trainer:   Auditor 'age_group' accuracy: 0.4159
2026-04-24 17:34:10,573 [INFO] pcrl.training.trainer:   Auditor 'marital_status' accuracy: 0.5235
2026-04-24 17:34:10,573 [INFO] pcrl.training.trainer:   Auditor 'income' accuracy: 0.5882
2026-04-24 17:34:11,744 [INFO] pcrl.training.trainer: [VAL] Epoch 7 - Loss: 377.9825, Task: 3.1611, Adv: 7.4964, Verify: 0.0000, Time: 1.2s
2026-04-24 17:34:11,744 [INFO] pcrl.training.trainer:   Task 'income' accuracy: 0.5910
2026-04-24 17:34:11,744 [INFO] pcrl.training.trainer:   Task 'hours_band' accuracy: 0.5423
2026-04-24 17:34:11,744 [INFO] pcrl.training.trainer:   Task 'education_level' accuracy: 0.3866
2026-04-24 17:34:11,744 [INFO] pcrl.training.trainer:   Auditor 'race' accuracy: 0.6201
2026-04-24 17:34:11,744 [INFO] pcrl.training.trainer:   Auditor 'sex' accuracy: 0.5278
2026-04-24 17:34:11,744 [INFO] pcrl.training.trainer:   Auditor 'age_group' accuracy: 0.4141
2026-04-24 17:34:11,744 [INFO] pcrl.training.trainer:   Auditor 'marital_status' accuracy: 0.5266
2026-04-24 17:34:11,744 [INFO] pcrl.training.trainer:   Auditor 'income' accuracy: 0.5910
2026-04-24 17:34:22,568 [INFO] pcrl.training.trainer: Epoch 8 [50/612] Loss: -374.4489 Task: 3.1451 Adv: -7.5519 Verify: 0.0000
2026-04-24 17:34:33,674 [INFO] pcrl.training.trainer: Epoch 8 [100/612] Loss: -371.4984 Task: 3.2144 Adv: -7.4943 Verify: 0.0000
2026-04-24 17:34:44,777 [INFO] pcrl.training.trainer: Epoch 8 [150/612] Loss: -372.0606 Task: 3.1110 Adv: -7.5034 Verify: 0.0000
2026-04-24 17:34:55,806 [INFO] pcrl.training.trainer: Epoch 8 [200/612] Loss: -370.6983 Task: 3.1140 Adv: -7.4762 Verify: 0.0000
2026-04-24 17:35:07,636 [INFO] pcrl.training.trainer: Epoch 8 [250/612] Loss: -374.1268 Task: 3.1492 Adv: -7.5455 Verify: 0.0000
2026-04-24 17:35:19,270 [INFO] pcrl.training.trainer: Epoch 8 [300/612] Loss: -370.1365 Task: 3.1228 Adv: -7.4652 Verify: 0.0000
2026-04-24 17:35:30,488 [INFO] pcrl.training.trainer: Epoch 8 [350/612] Loss: -367.7365 Task: 3.1725 Adv: -7.4182 Verify: 0.0000
2026-04-24 17:35:41,862 [INFO] pcrl.training.trainer: Epoch 8 [400/612] Loss: -375.2785 Task: 3.1289 Adv: -7.5681 Verify: 0.0000
2026-04-24 17:35:52,936 [INFO] pcrl.training.trainer: Epoch 8 [450/612] Loss: -373.4347 Task: 3.2318 Adv: -7.5333 Verify: 0.0000
2026-04-24 17:36:03,982 [INFO] pcrl.training.trainer: Epoch 8 [500/612] Loss: -373.1196 Task: 3.1614 Adv: -7.5256 Verify: 0.0000
2026-04-24 17:36:15,257 [INFO] pcrl.training.trainer: Epoch 8 [550/612] Loss: -372.9599 Task: 3.1524 Adv: -7.5222 Verify: 0.0000
2026-04-24 17:36:26,536 [INFO] pcrl.training.trainer: Epoch 8 [600/612] Loss: -369.3924 Task: 3.2650 Adv: -7.4531 Verify: 0.0000
2026-04-24 17:36:29,220 [INFO] pcrl.training.trainer: [TRAIN] Epoch 8 - Loss: -371.2210, Task: 3.1539, Adv: -7.4875, Verify: 0.0000, Time: 137.5s
2026-04-24 17:36:29,220 [INFO] pcrl.training.trainer:   Task 'income' accuracy: 0.5882
2026-04-24 17:36:29,221 [INFO] pcrl.training.trainer:   Task 'hours_band' accuracy: 0.5466
2026-04-24 17:36:29,221 [INFO] pcrl.training.trainer:   Task 'education_level' accuracy: 0.3866
2026-04-24 17:36:29,221 [INFO] pcrl.training.trainer:   Auditor 'race' accuracy: 0.6184
2026-04-24 17:36:29,221 [INFO] pcrl.training.trainer:   Auditor 'sex' accuracy: 0.5281
2026-04-24 17:36:29,221 [INFO] pcrl.training.trainer:   Auditor 'age_group' accuracy: 0.4156
2026-04-24 17:36:29,221 [INFO] pcrl.training.trainer:   Auditor 'marital_status' accuracy: 0.5239
2026-04-24 17:36:29,221 [INFO] pcrl.training.trainer:   Auditor 'income' accuracy: 0.5882
2026-04-24 17:36:30,442 [INFO] pcrl.training.trainer: [VAL] Epoch 8 - Loss: 377.1253, Task: 3.1607, Adv: 7.4793, Verify: 0.0000, Time: 1.2s
2026-04-24 17:36:30,443 [INFO] pcrl.training.trainer:   Task 'income' accuracy: 0.5910
2026-04-24 17:36:30,443 [INFO] pcrl.training.trainer:   Task 'hours_band' accuracy: 0.5423
2026-04-24 17:36:30,443 [INFO] pcrl.training.trainer:   Task 'education_level' accuracy: 0.3866
2026-04-24 17:36:30,443 [INFO] pcrl.training.trainer:   Auditor 'race' accuracy: 0.6201
2026-04-24 17:36:30,443 [INFO] pcrl.training.trainer:   Auditor 'sex' accuracy: 0.5278
2026-04-24 17:36:30,443 [INFO] pcrl.training.trainer:   Auditor 'age_group' accuracy: 0.4141
2026-04-24 17:36:30,443 [INFO] pcrl.training.trainer:   Auditor 'marital_status' accuracy: 0.5266
2026-04-24 17:36:30,443 [INFO] pcrl.training.trainer:   Auditor 'income' accuracy: 0.5910
2026-04-24 17:36:30,537 [INFO] pcrl.training.trainer: Saved checkpoint to /home/ubuntu/PCRL/checkpoints/folktables_pcrl_s0/best.pt
2026-04-24 17:36:41,684 [INFO] pcrl.training.trainer: Epoch 9 [50/612] Loss: -370.3577 Task: 3.1394 Adv: -7.4699 Verify: 0.0000
2026-04-24 17:36:53,163 [INFO] pcrl.training.trainer: Epoch 9 [100/612] Loss: -370.1054 Task: 3.1337 Adv: -7.4648 Verify: 0.0000
2026-04-24 17:37:04,573 [INFO] pcrl.training.trainer: Epoch 9 [150/612] Loss: -369.0113 Task: 3.2238 Adv: -7.4447 Verify: 0.0000
2026-04-24 17:37:15,753 [INFO] pcrl.training.trainer: Epoch 9 [200/612] Loss: -372.1884 Task: 3.1055 Adv: -7.5059 Verify: 0.0000
2026-04-24 17:37:27,099 [INFO] pcrl.training.trainer: Epoch 9 [250/612] Loss: -371.2532 Task: 3.1265 Adv: -7.4876 Verify: 0.0000
2026-04-24 17:37:38,239 [INFO] pcrl.training.trainer: Epoch 9 [300/612] Loss: -373.4944 Task: 3.1464 Adv: -7.5328 Verify: 0.0000
2026-04-24 17:37:49,290 [INFO] pcrl.training.trainer: Epoch 9 [350/612] Loss: -370.0935 Task: 3.2102 Adv: -7.4661 Verify: 0.0000
2026-04-24 17:38:00,328 [INFO] pcrl.training.trainer: Epoch 9 [400/612] Loss: -369.0223 Task: 3.1621 Adv: -7.4437 Verify: 0.0000
2026-04-24 17:38:11,570 [INFO] pcrl.training.trainer: Epoch 9 [450/612] Loss: -373.4265 Task: 3.1756 Adv: -7.5320 Verify: 0.0000
2026-04-24 17:38:22,648 [INFO] pcrl.training.trainer: Epoch 9 [500/612] Loss: -371.7310 Task: 3.1511 Adv: -7.4976 Verify: 0.0000
2026-04-24 17:38:33,727 [INFO] pcrl.training.trainer: Epoch 9 [550/612] Loss: -372.9447 Task: 3.1525 Adv: -7.5219 Verify: 0.0000
2026-04-24 17:38:44,876 [INFO] pcrl.training.trainer: Epoch 9 [600/612] Loss: -368.9513 Task: 3.1111 Adv: -7.4412 Verify: 0.0000
2026-04-24 17:38:47,504 [INFO] pcrl.training.trainer: [TRAIN] Epoch 9 - Loss: -371.1952, Task: 3.1539, Adv: -7.4870, Verify: 0.0001, Time: 137.0s
2026-04-24 17:38:47,505 [INFO] pcrl.training.trainer:   Task 'income' accuracy: 0.5882
2026-04-24 17:38:47,505 [INFO] pcrl.training.trainer:   Task 'hours_band' accuracy: 0.5466
2026-04-24 17:38:47,505 [INFO] pcrl.training.trainer:   Task 'education_level' accuracy: 0.3866
2026-04-24 17:38:47,505 [INFO] pcrl.training.trainer:   Auditor 'race' accuracy: 0.6184
2026-04-24 17:38:47,505 [INFO] pcrl.training.trainer:   Auditor 'sex' accuracy: 0.5280
2026-04-24 17:38:47,505 [INFO] pcrl.training.trainer:   Auditor 'age_group' accuracy: 0.4158
2026-04-24 17:38:47,505 [INFO] pcrl.training.trainer:   Auditor 'marital_status' accuracy: 0.5239
2026-04-24 17:38:47,505 [INFO] pcrl.training.trainer:   Auditor 'income' accuracy: 0.5882
2026-04-24 17:38:48,546 [INFO] pcrl.training.trainer: [VAL] Epoch 9 - Loss: 377.2476, Task: 3.1612, Adv: 7.4817, Verify: 0.0000, Time: 1.0s
2026-04-24 17:38:48,546 [INFO] pcrl.training.trainer:   Task 'income' accuracy: 0.5910
2026-04-24 17:38:48,546 [INFO] pcrl.training.trainer:   Task 'hours_band' accuracy: 0.5423
2026-04-24 17:38:48,546 [INFO] pcrl.training.trainer:   Task 'education_level' accuracy: 0.3866
2026-04-24 17:38:48,546 [INFO] pcrl.training.trainer:   Auditor 'race' accuracy: 0.6201
2026-04-24 17:38:48,546 [INFO] pcrl.training.trainer:   Auditor 'sex' accuracy: 0.5278
2026-04-24 17:38:48,546 [INFO] pcrl.training.trainer:   Auditor 'age_group' accuracy: 0.4141
2026-04-24 17:38:48,546 [INFO] pcrl.training.trainer:   Auditor 'marital_status' accuracy: 0.4734
2026-04-24 17:38:48,546 [INFO] pcrl.training.trainer:   Auditor 'income' accuracy: 0.5910
2026-04-24 17:38:48,594 [INFO] pcrl.training.trainer: Saved checkpoint to /home/ubuntu/PCRL/checkpoints/folktables_pcrl_s0/epoch_10.pt
2026-04-24 17:38:59,684 [INFO] pcrl.training.trainer: Epoch 10 [50/612] Loss: -371.0492 Task: 3.1797 Adv: -7.4846 Verify: 0.0000
2026-04-24 17:39:10,759 [INFO] pcrl.training.trainer: Epoch 10 [100/612] Loss: -369.0580 Task: 3.2179 Adv: -7.4455 Verify: 0.0000
2026-04-24 17:39:21,910 [INFO] pcrl.training.trainer: Epoch 10 [150/612] Loss: -368.5541 Task: 3.1747 Adv: -7.4346 Verify: 0.0000
2026-04-24 17:39:32,995 [INFO] pcrl.training.trainer: Epoch 10 [200/612] Loss: -371.6529 Task: 3.1639 Adv: -7.4963 Verify: 0.0000
2026-04-24 17:39:44,240 [INFO] pcrl.training.trainer: Epoch 10 [250/612] Loss: -370.9047 Task: 3.1076 Adv: -7.4802 Verify: 0.0000
2026-04-24 17:39:56,431 [INFO] pcrl.training.trainer: Epoch 10 [300/612] Loss: -376.1445 Task: 3.1117 Adv: -7.5851 Verify: 0.0000
2026-04-24 17:40:07,833 [INFO] pcrl.training.trainer: Epoch 10 [350/612] Loss: -370.8344 Task: 3.1521 Adv: -7.4797 Verify: 0.0000
2026-04-24 17:40:19,149 [INFO] pcrl.training.trainer: Epoch 10 [400/612] Loss: -371.6154 Task: 3.2148 Adv: -7.4966 Verify: 0.0000
2026-04-24 17:40:30,408 [INFO] pcrl.training.trainer: Epoch 10 [450/612] Loss: -371.7656 Task: 3.1358 Adv: -7.4980 Verify: 0.0000
2026-04-24 17:40:41,749 [INFO] pcrl.training.trainer: Epoch 10 [500/612] Loss: -376.7107 Task: 3.1490 Adv: -7.5972 Verify: 0.0000
2026-04-24 17:40:52,739 [INFO] pcrl.training.trainer: Epoch 10 [550/612] Loss: -374.5638 Task: 3.1288 Adv: -7.5539 Verify: 0.0000
2026-04-24 17:41:03,699 [INFO] pcrl.training.trainer: Epoch 10 [600/612] Loss: -373.5230 Task: 3.1611 Adv: -7.5337 Verify: 0.0000
2026-04-24 17:41:06,346 [INFO] pcrl.training.trainer: [TRAIN] Epoch 10 - Loss: -371.2868, Task: 3.1538, Adv: -7.4888, Verify: 0.0000, Time: 137.8s
2026-04-24 17:41:06,346 [INFO] pcrl.training.trainer:   Task 'income' accuracy: 0.5882
2026-04-24 17:41:06,347 [INFO] pcrl.training.trainer:   Task 'hours_band' accuracy: 0.5466
2026-04-24 17:41:06,347 [INFO] pcrl.training.trainer:   Task 'education_level' accuracy: 0.3866
2026-04-24 17:41:06,347 [INFO] pcrl.training.trainer:   Auditor 'race' accuracy: 0.6184
2026-04-24 17:41:06,347 [INFO] pcrl.training.trainer:   Auditor 'sex' accuracy: 0.5280
2026-04-24 17:41:06,347 [INFO] pcrl.training.trainer:   Auditor 'age_group' accuracy: 0.4158
2026-04-24 17:41:06,347 [INFO] pcrl.training.trainer:   Auditor 'marital_status' accuracy: 0.5240
2026-04-24 17:41:06,347 [INFO] pcrl.training.trainer:   Auditor 'income' accuracy: 0.5882
2026-04-24 17:41:07,551 [INFO] pcrl.training.trainer: [VAL] Epoch 10 - Loss: 377.1984, Task: 3.1607, Adv: 7.4808, Verify: 0.0000, Time: 1.2s
2026-04-24 17:41:07,551 [INFO] pcrl.training.trainer:   Task 'income' accuracy: 0.5910
2026-04-24 17:41:07,551 [INFO] pcrl.training.trainer:   Task 'hours_band' accuracy: 0.5423
2026-04-24 17:41:07,551 [INFO] pcrl.training.trainer:   Task 'education_level' accuracy: 0.3866
2026-04-24 17:41:07,551 [INFO] pcrl.training.trainer:   Auditor 'race' accuracy: 0.6201
2026-04-24 17:41:07,551 [INFO] pcrl.training.trainer:   Auditor 'sex' accuracy: 0.5278
2026-04-24 17:41:07,551 [INFO] pcrl.training.trainer:   Auditor 'age_group' accuracy: 0.4141
2026-04-24 17:41:07,551 [INFO] pcrl.training.trainer:   Auditor 'marital_status' accuracy: 0.5266
2026-04-24 17:41:07,551 [INFO] pcrl.training.trainer:   Auditor 'income' accuracy: 0.5910
2026-04-24 17:41:18,685 [INFO] pcrl.training.trainer: Epoch 11 [50/612] Loss: -369.0471 Task: 3.1789 Adv: -7.4445 Verify: 0.0000
2026-04-24 17:41:29,728 [INFO] pcrl.training.trainer: Epoch 11 [100/612] Loss: -375.2284 Task: 3.2023 Adv: -7.5686 Verify: 0.0000
2026-04-24 17:41:40,772 [INFO] pcrl.training.trainer: Epoch 11 [150/612] Loss: -368.6619 Task: 3.1134 Adv: -7.4355 Verify: 0.0000
2026-04-24 17:41:51,815 [INFO] pcrl.training.trainer: Epoch 11 [200/612] Loss: -372.5311 Task: 3.1173 Adv: -7.5130 Verify: 0.0000
2026-04-24 17:42:02,674 [INFO] pcrl.training.trainer: Epoch 11 [250/612] Loss: -372.6688 Task: 3.0748 Adv: -7.5149 Verify: 0.0000
2026-04-24 17:42:13,674 [INFO] pcrl.training.trainer: Epoch 11 [300/612] Loss: -375.6697 Task: 3.1118 Adv: -7.5756 Verify: 0.0000
2026-04-24 17:42:24,693 [INFO] pcrl.training.trainer: Epoch 11 [350/612] Loss: -368.5771 Task: 3.1545 Adv: -7.4346 Verify: 0.0000
2026-04-24 17:42:35,488 [INFO] pcrl.training.trainer: Epoch 11 [400/612] Loss: -370.2858 Task: 3.2070 Adv: -7.4699 Verify: 0.0000
2026-04-24 17:42:46,489 [INFO] pcrl.training.trainer: Epoch 11 [450/612] Loss: -370.4066 Task: 3.2371 Adv: -7.4729 Verify: 0.0000
2026-04-24 17:42:57,461 [INFO] pcrl.training.trainer: Epoch 11 [500/612] Loss: -370.9777 Task: 3.1472 Adv: -7.4825 Verify: 0.0000
2026-04-24 17:43:08,658 [INFO] pcrl.training.trainer: Epoch 11 [550/612] Loss: -371.9506 Task: 3.1841 Adv: -7.5027 Verify: 0.0000
2026-04-24 17:43:19,755 [INFO] pcrl.training.trainer: Epoch 11 [600/612] Loss: -375.0570 Task: 3.1939 Adv: -7.5650 Verify: 0.0000
2026-04-24 17:43:22,550 [INFO] pcrl.training.trainer: [TRAIN] Epoch 11 - Loss: -371.3004, Task: 3.1535, Adv: -7.4891, Verify: 0.0000, Time: 135.0s
2026-04-24 17:43:22,550 [INFO] pcrl.training.trainer:   Task 'income' accuracy: 0.5882
2026-04-24 17:43:22,550 [INFO] pcrl.training.trainer:   Task 'hours_band' accuracy: 0.5466
2026-04-24 17:43:22,550 [INFO] pcrl.training.trainer:   Task 'education_level' accuracy: 0.3866
2026-04-24 17:43:22,550 [INFO] pcrl.training.trainer:   Auditor 'race' accuracy: 0.6184
2026-04-24 17:43:22,550 [INFO] pcrl.training.trainer:   Auditor 'sex' accuracy: 0.5282
2026-04-24 17:43:22,550 [INFO] pcrl.training.trainer:   Auditor 'age_group' accuracy: 0.4157
2026-04-24 17:43:22,550 [INFO] pcrl.training.trainer:   Auditor 'marital_status' accuracy: 0.5242
2026-04-24 17:43:22,551 [INFO] pcrl.training.trainer:   Auditor 'income' accuracy: 0.5882
2026-04-24 17:43:23,642 [INFO] pcrl.training.trainer: [VAL] Epoch 11 - Loss: 377.0469, Task: 3.1607, Adv: 7.4777, Verify: 0.0000, Time: 1.1s
2026-04-24 17:43:23,642 [INFO] pcrl.training.trainer:   Task 'income' accuracy: 0.5910
2026-04-24 17:43:23,642 [INFO] pcrl.training.trainer:   Task 'hours_band' accuracy: 0.5423
2026-04-24 17:43:23,642 [INFO] pcrl.training.trainer:   Task 'education_level' accuracy: 0.3866
2026-04-24 17:43:23,642 [INFO] pcrl.training.trainer:   Auditor 'race' accuracy: 0.6201
2026-04-24 17:43:23,642 [INFO] pcrl.training.trainer:   Auditor 'sex' accuracy: 0.5278
2026-04-24 17:43:23,642 [INFO] pcrl.training.trainer:   Auditor 'age_group' accuracy: 0.4141
2026-04-24 17:43:23,642 [INFO] pcrl.training.trainer:   Auditor 'marital_status' accuracy: 0.5266
2026-04-24 17:43:23,642 [INFO] pcrl.training.trainer:   Auditor 'income' accuracy: 0.5910
2026-04-24 17:43:23,703 [INFO] pcrl.training.trainer: Saved checkpoint to /home/ubuntu/PCRL/checkpoints/folktables_pcrl_s0/best.pt
2026-04-24 17:43:34,952 [INFO] pcrl.training.trainer: Epoch 12 [50/612] Loss: -371.2870 Task: 3.1358 Adv: -7.4885 Verify: 0.0000
2026-04-24 17:43:46,080 [INFO] pcrl.training.trainer: Epoch 12 [100/612] Loss: -373.2271 Task: 3.1740 Adv: -7.5280 Verify: 0.0000
2026-04-24 17:43:57,207 [INFO] pcrl.training.trainer: Epoch 12 [150/612] Loss: -373.3309 Task: 3.1701 Adv: -7.5300 Verify: 0.0000
2026-04-24 17:44:08,274 [INFO] pcrl.training.trainer: Epoch 12 [200/612] Loss: -374.0923 Task: 3.1393 Adv: -7.5446 Verify: 0.0000
2026-04-24 17:44:19,292 [INFO] pcrl.training.trainer: Epoch 12 [250/612] Loss: -369.0052 Task: 3.1671 Adv: -7.4434 Verify: 0.0000
2026-04-24 17:44:30,554 [INFO] pcrl.training.trainer: Epoch 12 [300/612] Loss: -376.4994 Task: 3.1767 Adv: -7.5935 Verify: 0.0000
2026-04-24 17:44:41,654 [INFO] pcrl.training.trainer: Epoch 12 [350/612] Loss: -369.8351 Task: 3.2297 Adv: -7.4613 Verify: 0.0000
2026-04-24 17:44:52,804 [INFO] pcrl.training.trainer: Epoch 12 [400/612] Loss: -370.9585 Task: 3.1144 Adv: -7.4815 Verify: 0.0000
2026-04-24 17:45:04,306 [INFO] pcrl.training.trainer: Epoch 12 [450/612] Loss: -373.8405 Task: 3.0851 Adv: -7.5385 Verify: 0.0000
2026-04-24 17:45:16,140 [INFO] pcrl.training.trainer: Epoch 12 [500/612] Loss: -367.5909 Task: 3.0572 Adv: -7.4130 Verify: 0.0000
2026-04-24 17:45:27,439 [INFO] pcrl.training.trainer: Epoch 12 [550/612] Loss: -374.8299 Task: 3.1366 Adv: -7.5593 Verify: 0.0000
2026-04-24 17:45:38,547 [INFO] pcrl.training.trainer: Epoch 12 [600/612] Loss: -372.3994 Task: 3.1503 Adv: -7.5110 Verify: 0.0000
2026-04-24 17:45:41,206 [INFO] pcrl.training.trainer: [TRAIN] Epoch 12 - Loss: -371.2263, Task: 3.1533, Adv: -7.4876, Verify: 0.0000, Time: 137.5s
2026-04-24 17:45:41,206 [INFO] pcrl.training.trainer:   Task 'income' accuracy: 0.5882
2026-04-24 17:45:41,206 [INFO] pcrl.training.trainer:   Task 'hours_band' accuracy: 0.5466
2026-04-24 17:45:41,206 [INFO] pcrl.training.trainer:   Task 'education_level' accuracy: 0.3866
2026-04-24 17:45:41,206 [INFO] pcrl.training.trainer:   Auditor 'race' accuracy: 0.6184
2026-04-24 17:45:41,206 [INFO] pcrl.training.trainer:   Auditor 'sex' accuracy: 0.5283
2026-04-24 17:45:41,206 [INFO] pcrl.training.trainer:   Auditor 'age_group' accuracy: 0.4155
2026-04-24 17:45:41,206 [INFO] pcrl.training.trainer:   Auditor 'marital_status' accuracy: 0.5239
2026-04-24 17:45:41,206 [INFO] pcrl.training.trainer:   Auditor 'income' accuracy: 0.5882
2026-04-24 17:45:42,412 [INFO] pcrl.training.trainer: [VAL] Epoch 12 - Loss: 377.2887, Task: 3.1617, Adv: 7.4825, Verify: 0.0000, Time: 1.2s
2026-04-24 17:45:42,412 [INFO] pcrl.training.trainer:   Task 'income' accuracy: 0.5910
2026-04-24 17:45:42,412 [INFO] pcrl.training.trainer:   Task 'hours_band' accuracy: 0.5423
2026-04-24 17:45:42,412 [INFO] pcrl.training.trainer:   Task 'education_level' accuracy: 0.3866
2026-04-24 17:45:42,412 [INFO] pcrl.training.trainer:   Auditor 'race' accuracy: 0.6201
2026-04-24 17:45:42,412 [INFO] pcrl.training.trainer:   Auditor 'sex' accuracy: 0.5278
2026-04-24 17:45:42,412 [INFO] pcrl.training.trainer:   Auditor 'age_group' accuracy: 0.4141
2026-04-24 17:45:42,412 [INFO] pcrl.training.trainer:   Auditor 'marital_status' accuracy: 0.5266
2026-04-24 17:45:42,412 [INFO] pcrl.training.trainer:   Auditor 'income' accuracy: 0.5910
2026-04-24 17:45:53,573 [INFO] pcrl.training.trainer: Epoch 13 [50/612] Loss: -369.5869 Task: 3.2139 Adv: -7.4560 Verify: 0.0000
2026-04-24 17:46:04,591 [INFO] pcrl.training.trainer: Epoch 13 [100/612] Loss: -377.4252 Task: 3.1116 Adv: -7.6107 Verify: 0.0000
2026-04-24 17:46:15,599 [INFO] pcrl.training.trainer: Epoch 13 [150/612] Loss: -373.8987 Task: 3.1507 Adv: -7.5410 Verify: 0.0000
2026-04-24 17:46:26,628 [INFO] pcrl.training.trainer: Epoch 13 [200/612] Loss: -374.8672 Task: 3.1477 Adv: -7.5603 Verify: 0.0000
2026-04-24 17:46:37,882 [INFO] pcrl.training.trainer: Epoch 13 [250/612] Loss: -368.3024 Task: 3.0995 Adv: -7.4280 Verify: 0.0000
2026-04-24 17:46:49,027 [INFO] pcrl.training.trainer: Epoch 13 [300/612] Loss: -373.2092 Task: 3.1857 Adv: -7.5279 Verify: 0.0000
2026-04-24 17:47:00,310 [INFO] pcrl.training.trainer: Epoch 13 [350/612] Loss: -368.9039 Task: 3.1411 Adv: -7.4409 Verify: 0.0000
2026-04-24 17:47:11,533 [INFO] pcrl.training.trainer: Epoch 13 [400/612] Loss: -369.9950 Task: 3.1723 Adv: -7.4633 Verify: 0.0000
2026-04-24 17:47:22,807 [INFO] pcrl.training.trainer: Epoch 13 [450/612] Loss: -371.2823 Task: 3.1568 Adv: -7.4888 Verify: 0.0000
2026-04-24 17:47:33,947 [INFO] pcrl.training.trainer: Epoch 13 [500/612] Loss: -369.2256 Task: 3.2462 Adv: -7.4494 Verify: 0.0000
2026-04-24 17:47:45,125 [INFO] pcrl.training.trainer: Epoch 13 [550/612] Loss: -372.5007 Task: 3.1583 Adv: -7.5132 Verify: 0.0000
2026-04-24 17:47:56,203 [INFO] pcrl.training.trainer: Epoch 13 [600/612] Loss: -368.6411 Task: 3.1184 Adv: -7.4352 Verify: 0.0000
2026-04-24 17:47:58,837 [INFO] pcrl.training.trainer: [TRAIN] Epoch 13 - Loss: -371.3217, Task: 3.1533, Adv: -7.4895, Verify: 0.0000, Time: 136.4s
2026-04-24 17:47:58,838 [INFO] pcrl.training.trainer:   Task 'income' accuracy: 0.5882
2026-04-24 17:47:58,838 [INFO] pcrl.training.trainer:   Task 'hours_band' accuracy: 0.5466
2026-04-24 17:47:58,838 [INFO] pcrl.training.trainer:   Task 'education_level' accuracy: 0.3866
2026-04-24 17:47:58,838 [INFO] pcrl.training.trainer:   Auditor 'race' accuracy: 0.6184
2026-04-24 17:47:58,838 [INFO] pcrl.training.trainer:   Auditor 'sex' accuracy: 0.5280
2026-04-24 17:47:58,838 [INFO] pcrl.training.trainer:   Auditor 'age_group' accuracy: 0.4157
2026-04-24 17:47:58,838 [INFO] pcrl.training.trainer:   Auditor 'marital_status' accuracy: 0.5238
2026-04-24 17:47:58,838 [INFO] pcrl.training.trainer:   Auditor 'income' accuracy: 0.5882
2026-04-24 17:47:59,901 [INFO] pcrl.training.trainer: [VAL] Epoch 13 - Loss: 377.2526, Task: 3.1607, Adv: 7.4818, Verify: 0.0000, Time: 1.1s
2026-04-24 17:47:59,901 [INFO] pcrl.training.trainer:   Task 'income' accuracy: 0.5910
2026-04-24 17:47:59,901 [INFO] pcrl.training.trainer:   Task 'hours_band' accuracy: 0.5423
2026-04-24 17:47:59,901 [INFO] pcrl.training.trainer:   Task 'education_level' accuracy: 0.3866
2026-04-24 17:47:59,901 [INFO] pcrl.training.trainer:   Auditor 'race' accuracy: 0.6201
2026-04-24 17:47:59,901 [INFO] pcrl.training.trainer:   Auditor 'sex' accuracy: 0.5278
2026-04-24 17:47:59,901 [INFO] pcrl.training.trainer:   Auditor 'age_group' accuracy: 0.4141
2026-04-24 17:47:59,901 [INFO] pcrl.training.trainer:   Auditor 'marital_status' accuracy: 0.5266
2026-04-24 17:47:59,901 [INFO] pcrl.training.trainer:   Auditor 'income' accuracy: 0.5910
2026-04-24 17:48:11,047 [INFO] pcrl.training.trainer: Epoch 14 [50/612] Loss: -371.2593 Task: 3.2363 Adv: -7.4899 Verify: 0.0000
2026-04-24 17:48:22,128 [INFO] pcrl.training.trainer: Epoch 14 [100/612] Loss: -367.0533 Task: 3.0971 Adv: -7.4030 Verify: 0.0000
2026-04-24 17:48:33,005 [INFO] pcrl.training.trainer: Epoch 14 [150/612] Loss: -370.0765 Task: 3.0849 Adv: -7.4632 Verify: 0.0000
2026-04-24 17:48:43,904 [INFO] pcrl.training.trainer: Epoch 14 [200/612] Loss: -369.7404 Task: 3.0670 Adv: -7.4561 Verify: 0.0000
2026-04-24 17:48:54,673 [INFO] pcrl.training.trainer: Epoch 14 [250/612] Loss: -374.8507 Task: 3.1098 Adv: -7.5592 Verify: 0.0000
2026-04-24 17:49:05,685 [INFO] pcrl.training.trainer: Epoch 14 [300/612] Loss: -372.5763 Task: 3.1143 Adv: -7.5138 Verify: 0.0000
2026-04-24 17:49:16,404 [INFO] pcrl.training.trainer: Epoch 14 [350/612] Loss: -374.8620 Task: 3.2099 Adv: -7.5614 Verify: 0.0000
2026-04-24 17:49:27,271 [INFO] pcrl.training.trainer: Epoch 14 [400/612] Loss: -372.1266 Task: 3.2453 Adv: -7.5074 Verify: 0.0000
2026-04-24 17:49:38,340 [INFO] pcrl.training.trainer: Epoch 14 [450/612] Loss: -368.9053 Task: 3.1418 Adv: -7.4409 Verify: 0.0000
2026-04-24 17:49:49,686 [INFO] pcrl.training.trainer: Epoch 14 [500/612] Loss: -371.6622 Task: 3.1395 Adv: -7.4960 Verify: 0.0000
2026-04-24 17:50:00,734 [INFO] pcrl.training.trainer: Epoch 14 [550/612] Loss: -372.4566 Task: 3.1069 Adv: -7.5113 Verify: 0.0000
2026-04-24 17:50:12,029 [INFO] pcrl.training.trainer: Epoch 14 [600/612] Loss: -372.3877 Task: 3.1522 Adv: -7.5108 Verify: 0.0000
2026-04-24 17:50:14,815 [INFO] pcrl.training.trainer: [TRAIN] Epoch 14 - Loss: -371.2613, Task: 3.1533, Adv: -7.4883, Verify: 0.0000, Time: 134.9s
2026-04-24 17:50:14,816 [INFO] pcrl.training.trainer:   Task 'income' accuracy: 0.5882
2026-04-24 17:50:14,816 [INFO] pcrl.training.trainer:   Task 'hours_band' accuracy: 0.5466
2026-04-24 17:50:14,816 [INFO] pcrl.training.trainer:   Task 'education_level' accuracy: 0.3866
2026-04-24 17:50:14,816 [INFO] pcrl.training.trainer:   Auditor 'race' accuracy: 0.6184
2026-04-24 17:50:14,816 [INFO] pcrl.training.trainer:   Auditor 'sex' accuracy: 0.5281
2026-04-24 17:50:14,816 [INFO] pcrl.training.trainer:   Auditor 'age_group' accuracy: 0.4156
2026-04-24 17:50:14,816 [INFO] pcrl.training.trainer:   Auditor 'marital_status' accuracy: 0.5241
2026-04-24 17:50:14,816 [INFO] pcrl.training.trainer:   Auditor 'income' accuracy: 0.5882
2026-04-24 17:50:16,101 [INFO] pcrl.training.trainer: [VAL] Epoch 14 - Loss: 377.3351, Task: 3.1609, Adv: 7.4835, Verify: 0.0000, Time: 1.3s
2026-04-24 17:50:16,101 [INFO] pcrl.training.trainer:   Task 'income' accuracy: 0.5910
2026-04-24 17:50:16,101 [INFO] pcrl.training.trainer:   Task 'hours_band' accuracy: 0.5423
2026-04-24 17:50:16,101 [INFO] pcrl.training.trainer:   Task 'education_level' accuracy: 0.3866
2026-04-24 17:50:16,101 [INFO] pcrl.training.trainer:   Auditor 'race' accuracy: 0.6201
2026-04-24 17:50:16,101 [INFO] pcrl.training.trainer:   Auditor 'sex' accuracy: 0.5278
2026-04-24 17:50:16,101 [INFO] pcrl.training.trainer:   Auditor 'age_group' accuracy: 0.4141
2026-04-24 17:50:16,101 [INFO] pcrl.training.trainer:   Auditor 'marital_status' accuracy: 0.5266
2026-04-24 17:50:16,101 [INFO] pcrl.training.trainer:   Auditor 'income' accuracy: 0.5910
2026-04-24 17:50:27,025 [INFO] pcrl.training.trainer: Epoch 15 [50/612] Loss: -376.0014 Task: 3.1341 Adv: -7.5827 Verify: 0.0000
2026-04-24 17:50:38,074 [INFO] pcrl.training.trainer: Epoch 15 [100/612] Loss: -368.7342 Task: 3.0746 Adv: -7.4362 Verify: 0.0000
2026-04-24 17:50:48,874 [INFO] pcrl.training.trainer: Epoch 15 [150/612] Loss: -373.8641 Task: 3.1747 Adv: -7.5408 Verify: 0.0000
2026-04-24 17:50:59,609 [INFO] pcrl.training.trainer: Epoch 15 [200/612] Loss: -368.2800 Task: 3.1584 Adv: -7.4288 Verify: 0.0000
2026-04-24 17:51:10,860 [INFO] pcrl.training.trainer: Epoch 15 [250/612] Loss: -371.8914 Task: 3.2019 Adv: -7.5019 Verify: 0.0000
2026-04-24 17:51:23,027 [INFO] pcrl.training.trainer: Epoch 15 [300/612] Loss: -374.7630 Task: 3.0923 Adv: -7.5571 Verify: 0.0000
2026-04-24 17:51:34,296 [INFO] pcrl.training.trainer: Epoch 15 [350/612] Loss: -368.2418 Task: 3.1599 Adv: -7.4280 Verify: 0.0000
2026-04-24 17:51:45,400 [INFO] pcrl.training.trainer: Epoch 15 [400/612] Loss: -372.2780 Task: 3.1619 Adv: -7.5088 Verify: 0.0000
2026-04-24 17:51:56,423 [INFO] pcrl.training.trainer: Epoch 15 [450/612] Loss: -369.9144 Task: 3.1860 Adv: -7.4620 Verify: 0.0000
2026-04-24 17:52:07,597 [INFO] pcrl.training.trainer: Epoch 15 [500/612] Loss: -366.9816 Task: 3.1844 Adv: -7.4033 Verify: 0.0000
2026-04-24 17:52:18,701 [INFO] pcrl.training.trainer: Epoch 15 [550/612] Loss: -373.8413 Task: 3.1083 Adv: -7.5390 Verify: 0.0000
2026-04-24 17:52:29,746 [INFO] pcrl.training.trainer: Epoch 15 [600/612] Loss: -371.4853 Task: 3.1844 Adv: -7.4934 Verify: 0.0000
2026-04-24 17:52:32,482 [INFO] pcrl.training.trainer: [TRAIN] Epoch 15 - Loss: -371.2602, Task: 3.1533, Adv: -7.4883, Verify: 0.0000, Time: 136.4s
2026-04-24 17:52:32,483 [INFO] pcrl.training.trainer:   Task 'income' accuracy: 0.5882
2026-04-24 17:52:32,483 [INFO] pcrl.training.trainer:   Task 'hours_band' accuracy: 0.5466
2026-04-24 17:52:32,483 [INFO] pcrl.training.trainer:   Task 'education_level' accuracy: 0.3866
2026-04-24 17:52:32,483 [INFO] pcrl.training.trainer:   Auditor 'race' accuracy: 0.6184
2026-04-24 17:52:32,483 [INFO] pcrl.training.trainer:   Auditor 'sex' accuracy: 0.5279
2026-04-24 17:52:32,483 [INFO] pcrl.training.trainer:   Auditor 'age_group' accuracy: 0.4160
2026-04-24 17:52:32,483 [INFO] pcrl.training.trainer:   Auditor 'marital_status' accuracy: 0.5237
2026-04-24 17:52:32,483 [INFO] pcrl.training.trainer:   Auditor 'income' accuracy: 0.5882
2026-04-24 17:52:33,545 [INFO] pcrl.training.trainer: [VAL] Epoch 15 - Loss: 377.1674, Task: 3.1613, Adv: 7.4801, Verify: 0.0000, Time: 1.1s
2026-04-24 17:52:33,546 [INFO] pcrl.training.trainer:   Task 'income' accuracy: 0.5910
2026-04-24 17:52:33,546 [INFO] pcrl.training.trainer:   Task 'hours_band' accuracy: 0.5423
2026-04-24 17:52:33,546 [INFO] pcrl.training.trainer:   Task 'education_level' accuracy: 0.3866
2026-04-24 17:52:33,546 [INFO] pcrl.training.trainer:   Auditor 'race' accuracy: 0.6201
2026-04-24 17:52:33,546 [INFO] pcrl.training.trainer:   Auditor 'sex' accuracy: 0.5278
2026-04-24 17:52:33,546 [INFO] pcrl.training.trainer:   Auditor 'age_group' accuracy: 0.4141
2026-04-24 17:52:33,546 [INFO] pcrl.training.trainer:   Auditor 'marital_status' accuracy: 0.5266
2026-04-24 17:52:33,546 [INFO] pcrl.training.trainer:   Auditor 'income' accuracy: 0.5910
2026-04-24 17:52:44,628 [INFO] pcrl.training.trainer: Epoch 16 [50/612] Loss: -372.0652 Task: 3.0834 Adv: -7.5030 Verify: 0.0000
2026-04-24 17:52:55,359 [INFO] pcrl.training.trainer: Epoch 16 [100/612] Loss: -369.5633 Task: 3.1631 Adv: -7.4545 Verify: 0.0000
2026-04-24 17:53:06,452 [INFO] pcrl.training.trainer: Epoch 16 [150/612] Loss: -371.7632 Task: 3.1801 Adv: -7.4989 Verify: 0.0000
2026-04-24 17:53:17,290 [INFO] pcrl.training.trainer: Epoch 16 [200/612] Loss: -372.8489 Task: 3.2247 Adv: -7.5215 Verify: 0.0000
2026-04-24 17:53:28,059 [INFO] pcrl.training.trainer: Epoch 16 [250/612] Loss: -371.9910 Task: 3.1494 Adv: -7.5028 Verify: 0.0000
2026-04-24 17:53:38,775 [INFO] pcrl.training.trainer: Epoch 16 [300/612] Loss: -371.4316 Task: 3.1466 Adv: -7.4916 Verify: 0.0000
2026-04-24 17:53:49,727 [INFO] pcrl.training.trainer: Epoch 16 [350/612] Loss: -371.3135 Task: 3.1569 Adv: -7.4894 Verify: 0.0000
2026-04-24 17:54:00,661 [INFO] pcrl.training.trainer: Epoch 16 [400/612] Loss: -373.5764 Task: 3.1256 Adv: -7.5340 Verify: 0.0000
2026-04-24 17:54:12,057 [INFO] pcrl.training.trainer: Epoch 16 [450/612] Loss: -371.8096 Task: 3.1526 Adv: -7.4992 Verify: 0.0000
2026-04-24 17:54:23,008 [INFO] pcrl.training.trainer: Epoch 16 [500/612] Loss: -366.0563 Task: 3.1650 Adv: -7.3844 Verify: 0.0000
2026-04-24 17:54:33,885 [INFO] pcrl.training.trainer: Epoch 16 [550/612] Loss: -378.0029 Task: 3.1048 Adv: -7.6222 Verify: 0.0000
2026-04-24 17:54:44,873 [INFO] pcrl.training.trainer: Epoch 16 [600/612] Loss: -370.2143 Task: 3.0838 Adv: -7.4660 Verify: 0.0000
2026-04-24 17:54:47,542 [INFO] pcrl.training.trainer: [TRAIN] Epoch 16 - Loss: -371.3035, Task: 3.1534, Adv: -7.4891, Verify: 0.0000, Time: 134.0s
2026-04-24 17:54:47,543 [INFO] pcrl.training.trainer:   Task 'income' accuracy: 0.5882
2026-04-24 17:54:47,543 [INFO] pcrl.training.trainer:   Task 'hours_band' accuracy: 0.5466
2026-04-24 17:54:47,543 [INFO] pcrl.training.trainer:   Task 'education_level' accuracy: 0.3866
2026-04-24 17:54:47,543 [INFO] pcrl.training.trainer:   Auditor 'race' accuracy: 0.6184
2026-04-24 17:54:47,543 [INFO] pcrl.training.trainer:   Auditor 'sex' accuracy: 0.5281
2026-04-24 17:54:47,543 [INFO] pcrl.training.trainer:   Auditor 'age_group' accuracy: 0.4158
2026-04-24 17:54:47,543 [INFO] pcrl.training.trainer:   Auditor 'marital_status' accuracy: 0.5241
2026-04-24 17:54:47,543 [INFO] pcrl.training.trainer:   Auditor 'income' accuracy: 0.5882
2026-04-24 17:54:48,619 [INFO] pcrl.training.trainer: [VAL] Epoch 16 - Loss: 377.1766, Task: 3.1607, Adv: 7.4803, Verify: 0.0000, Time: 1.1s
2026-04-24 17:54:48,619 [INFO] pcrl.training.trainer:   Task 'income' accuracy: 0.5910
2026-04-24 17:54:48,620 [INFO] pcrl.training.trainer:   Task 'hours_band' accuracy: 0.5423
2026-04-24 17:54:48,620 [INFO] pcrl.training.trainer:   Task 'education_level' accuracy: 0.3866
2026-04-24 17:54:48,620 [INFO] pcrl.training.trainer:   Auditor 'race' accuracy: 0.6201
2026-04-24 17:54:48,620 [INFO] pcrl.training.trainer:   Auditor 'sex' accuracy: 0.5278
2026-04-24 17:54:48,620 [INFO] pcrl.training.trainer:   Auditor 'age_group' accuracy: 0.4141
2026-04-24 17:54:48,620 [INFO] pcrl.training.trainer:   Auditor 'marital_status' accuracy: 0.5266
2026-04-24 17:54:48,620 [INFO] pcrl.training.trainer:   Auditor 'income' accuracy: 0.5910
2026-04-24 17:54:59,766 [INFO] pcrl.training.trainer: Epoch 17 [50/612] Loss: -367.5731 Task: 3.1422 Adv: -7.4143 Verify: 0.0000
2026-04-24 17:55:10,620 [INFO] pcrl.training.trainer: Epoch 17 [100/612] Loss: -373.0525 Task: 3.0837 Adv: -7.5227 Verify: 0.0000
2026-04-24 17:55:21,650 [INFO] pcrl.training.trainer: Epoch 17 [150/612] Loss: -371.6812 Task: 3.1866 Adv: -7.4974 Verify: 0.0000
2026-04-24 17:55:32,555 [INFO] pcrl.training.trainer: Epoch 17 [200/612] Loss: -374.3492 Task: 3.2054 Adv: -7.5511 Verify: 0.0000
2026-04-24 17:55:43,599 [INFO] pcrl.training.trainer: Epoch 17 [250/612] Loss: -374.3139 Task: 3.1735 Adv: -7.5497 Verify: 0.0000
2026-04-24 17:55:54,677 [INFO] pcrl.training.trainer: Epoch 17 [300/612] Loss: -374.9265 Task: 3.1173 Adv: -7.5609 Verify: 0.0000
2026-04-24 17:56:05,688 [INFO] pcrl.training.trainer: Epoch 17 [350/612] Loss: -370.7668 Task: 3.1598 Adv: -7.4785 Verify: 0.0000
2026-04-24 17:56:16,796 [INFO] pcrl.training.trainer: Epoch 17 [400/612] Loss: -373.7429 Task: 3.1081 Adv: -7.5370 Verify: 0.0000
2026-04-24 17:56:28,974 [INFO] pcrl.training.trainer: Epoch 17 [450/612] Loss: -370.9793 Task: 3.1777 Adv: -7.4831 Verify: 0.0000
2026-04-24 17:56:40,452 [INFO] pcrl.training.trainer: Epoch 17 [500/612] Loss: -371.5412 Task: 3.2464 Adv: -7.4958 Verify: 0.0000
2026-04-24 17:56:51,462 [INFO] pcrl.training.trainer: Epoch 17 [550/612] Loss: -374.3268 Task: 3.0076 Adv: -7.5467 Verify: 0.0000
2026-04-24 17:57:02,322 [INFO] pcrl.training.trainer: Epoch 17 [600/612] Loss: -370.3443 Task: 3.0932 Adv: -7.4687 Verify: 0.0000
2026-04-24 17:57:04,948 [INFO] pcrl.training.trainer: [TRAIN] Epoch 17 - Loss: -371.2896, Task: 3.1533, Adv: -7.4889, Verify: 0.0000, Time: 136.3s
2026-04-24 17:57:04,948 [INFO] pcrl.training.trainer:   Task 'income' accuracy: 0.5882
2026-04-24 17:57:04,948 [INFO] pcrl.training.trainer:   Task 'hours_band' accuracy: 0.5466
2026-04-24 17:57:04,948 [INFO] pcrl.training.trainer:   Task 'education_level' accuracy: 0.3866
2026-04-24 17:57:04,948 [INFO] pcrl.training.trainer:   Auditor 'race' accuracy: 0.6184
2026-04-24 17:57:04,948 [INFO] pcrl.training.trainer:   Auditor 'sex' accuracy: 0.5282
2026-04-24 17:57:04,948 [INFO] pcrl.training.trainer:   Auditor 'age_group' accuracy: 0.4157
2026-04-24 17:57:04,948 [INFO] pcrl.training.trainer:   Auditor 'marital_status' accuracy: 0.5241
2026-04-24 17:57:04,948 [INFO] pcrl.training.trainer:   Auditor 'income' accuracy: 0.5882
2026-04-24 17:57:06,139 [INFO] pcrl.training.trainer: [VAL] Epoch 17 - Loss: 377.2376, Task: 3.1608, Adv: 7.4815, Verify: 0.0000, Time: 1.2s
2026-04-24 17:57:06,139 [INFO] pcrl.training.trainer:   Task 'income' accuracy: 0.5910
2026-04-24 17:57:06,139 [INFO] pcrl.training.trainer:   Task 'hours_band' accuracy: 0.5423
2026-04-24 17:57:06,140 [INFO] pcrl.training.trainer:   Task 'education_level' accuracy: 0.3866
2026-04-24 17:57:06,140 [INFO] pcrl.training.trainer:   Auditor 'race' accuracy: 0.6201
2026-04-24 17:57:06,140 [INFO] pcrl.training.trainer:   Auditor 'sex' accuracy: 0.4722
2026-04-24 17:57:06,140 [INFO] pcrl.training.trainer:   Auditor 'age_group' accuracy: 0.4141
2026-04-24 17:57:06,140 [INFO] pcrl.training.trainer:   Auditor 'marital_status' accuracy: 0.5266
2026-04-24 17:57:06,140 [INFO] pcrl.training.trainer:   Auditor 'income' accuracy: 0.5910
2026-04-24 17:57:17,070 [INFO] pcrl.training.trainer: Epoch 18 [50/612] Loss: -368.9287 Task: 3.1758 Adv: -7.4421 Verify: 0.0000
2026-04-24 17:57:27,890 [INFO] pcrl.training.trainer: Epoch 18 [100/612] Loss: -371.6684 Task: 3.2272 Adv: -7.4979 Verify: 0.0000
2026-04-24 17:57:38,817 [INFO] pcrl.training.trainer: Epoch 18 [150/612] Loss: -367.9043 Task: 3.1059 Adv: -7.4202 Verify: 0.0000
2026-04-24 17:57:49,591 [INFO] pcrl.training.trainer: Epoch 18 [200/612] Loss: -374.5339 Task: 3.0948 Adv: -7.5526 Verify: 0.0000
2026-04-24 17:58:00,425 [INFO] pcrl.training.trainer: Epoch 18 [250/612] Loss: -367.2516 Task: 3.1404 Adv: -7.4078 Verify: 0.0000
2026-04-24 17:58:11,236 [INFO] pcrl.training.trainer: Epoch 18 [300/612] Loss: -374.2870 Task: 3.1805 Adv: -7.5493 Verify: 0.0000
2026-04-24 17:58:22,158 [INFO] pcrl.training.trainer: Epoch 18 [350/612] Loss: -366.8651 Task: 3.1813 Adv: -7.4009 Verify: 0.0000
2026-04-24 17:58:33,132 [INFO] pcrl.training.trainer: Epoch 18 [400/612] Loss: -372.5657 Task: 3.1547 Adv: -7.5144 Verify: 0.0000
2026-04-24 17:58:44,206 [INFO] pcrl.training.trainer: Epoch 18 [450/612] Loss: -375.3696 Task: 3.1034 Adv: -7.5695 Verify: 0.0000
2026-04-24 17:58:55,100 [INFO] pcrl.training.trainer: Epoch 18 [500/612] Loss: -372.8717 Task: 3.1977 Adv: -7.5214 Verify: 0.0000
2026-04-24 17:59:06,086 [INFO] pcrl.training.trainer: Epoch 18 [550/612] Loss: -371.8503 Task: 3.1422 Adv: -7.4998 Verify: 0.0000
2026-04-24 17:59:17,118 [INFO] pcrl.training.trainer: Epoch 18 [600/612] Loss: -372.0406 Task: 3.1215 Adv: -7.5032 Verify: 0.0000
2026-04-24 17:59:19,722 [INFO] pcrl.training.trainer: [TRAIN] Epoch 18 - Loss: -371.2734, Task: 3.1533, Adv: -7.4885, Verify: 0.0000, Time: 133.6s
2026-04-24 17:59:19,722 [INFO] pcrl.training.trainer:   Task 'income' accuracy: 0.5882
2026-04-24 17:59:19,722 [INFO] pcrl.training.trainer:   Task 'hours_band' accuracy: 0.5466
2026-04-24 17:59:19,722 [INFO] pcrl.training.trainer:   Task 'education_level' accuracy: 0.3866
2026-04-24 17:59:19,722 [INFO] pcrl.training.trainer:   Auditor 'race' accuracy: 0.6184
2026-04-24 17:59:19,722 [INFO] pcrl.training.trainer:   Auditor 'sex' accuracy: 0.5278
2026-04-24 17:59:19,722 [INFO] pcrl.training.trainer:   Auditor 'age_group' accuracy: 0.4158
2026-04-24 17:59:19,722 [INFO] pcrl.training.trainer:   Auditor 'marital_status' accuracy: 0.5237
2026-04-24 17:59:19,722 [INFO] pcrl.training.trainer:   Auditor 'income' accuracy: 0.5882
2026-04-24 17:59:20,786 [INFO] pcrl.training.trainer: [VAL] Epoch 18 - Loss: 377.1116, Task: 3.1609, Adv: 7.4790, Verify: 0.0000, Time: 1.1s
2026-04-24 17:59:20,786 [INFO] pcrl.training.trainer:   Task 'income' accuracy: 0.5910
2026-04-24 17:59:20,786 [INFO] pcrl.training.trainer:   Task 'hours_band' accuracy: 0.5423
2026-04-24 17:59:20,786 [INFO] pcrl.training.trainer:   Task 'education_level' accuracy: 0.3866
2026-04-24 17:59:20,786 [INFO] pcrl.training.trainer:   Auditor 'race' accuracy: 0.6201
2026-04-24 17:59:20,786 [INFO] pcrl.training.trainer:   Auditor 'sex' accuracy: 0.5278
2026-04-24 17:59:20,786 [INFO] pcrl.training.trainer:   Auditor 'age_group' accuracy: 0.4141
2026-04-24 17:59:20,786 [INFO] pcrl.training.trainer:   Auditor 'marital_status' accuracy: 0.5266
2026-04-24 17:59:20,786 [INFO] pcrl.training.trainer:   Auditor 'income' accuracy: 0.5910
2026-04-24 17:59:31,789 [INFO] pcrl.training.trainer: Epoch 19 [50/612] Loss: -368.3454 Task: 3.1723 Adv: -7.4304 Verify: 0.0000
2026-04-24 17:59:42,630 [INFO] pcrl.training.trainer: Epoch 19 [100/612] Loss: -369.5725 Task: 3.1304 Adv: -7.4541 Verify: 0.0000
2026-04-24 17:59:53,448 [INFO] pcrl.training.trainer: Epoch 19 [150/612] Loss: -370.1394 Task: 3.1871 Adv: -7.4665 Verify: 0.0000
2026-04-24 18:00:04,433 [INFO] pcrl.training.trainer: Epoch 19 [200/612] Loss: -372.0355 Task: 3.2358 Adv: -7.5054 Verify: 0.0000
2026-04-24 18:00:15,203 [INFO] pcrl.training.trainer: Epoch 19 [250/612] Loss: -371.6793 Task: 3.1247 Adv: -7.4961 Verify: 0.0000
2026-04-24 18:00:26,113 [INFO] pcrl.training.trainer: Epoch 19 [300/612] Loss: -365.5766 Task: 3.1445 Adv: -7.3744 Verify: 0.0000
2026-04-24 18:00:37,041 [INFO] pcrl.training.trainer: Epoch 19 [350/612] Loss: -371.1924 Task: 3.2539 Adv: -7.4889 Verify: 0.0000
2026-04-24 18:00:48,399 [INFO] pcrl.training.trainer: Epoch 19 [400/612] Loss: -368.1521 Task: 3.1082 Adv: -7.4252 Verify: 0.0000
2026-04-24 18:00:59,374 [INFO] pcrl.training.trainer: Epoch 19 [450/612] Loss: -372.9846 Task: 3.1427 Adv: -7.5225 Verify: 0.0000
2026-04-24 18:01:10,487 [INFO] pcrl.training.trainer: Epoch 19 [500/612] Loss: -371.1667 Task: 3.1674 Adv: -7.4867 Verify: 0.0000
2026-04-24 18:01:21,882 [INFO] pcrl.training.trainer: Epoch 19 [550/612] Loss: -369.5890 Task: 3.0527 Adv: -7.4528 Verify: 0.0000
2026-04-24 18:01:32,698 [INFO] pcrl.training.trainer: Epoch 19 [600/612] Loss: -370.6980 Task: 3.1999 Adv: -7.4780 Verify: 0.0000
2026-04-24 18:01:35,341 [INFO] pcrl.training.trainer: [TRAIN] Epoch 19 - Loss: -371.2932, Task: 3.1533, Adv: -7.4889, Verify: 0.0000, Time: 134.6s
2026-04-24 18:01:35,341 [INFO] pcrl.training.trainer:   Task 'income' accuracy: 0.5882
2026-04-24 18:01:35,341 [INFO] pcrl.training.trainer:   Task 'hours_band' accuracy: 0.5466
2026-04-24 18:01:35,341 [INFO] pcrl.training.trainer:   Task 'education_level' accuracy: 0.3866
2026-04-24 18:01:35,341 [INFO] pcrl.training.trainer:   Auditor 'race' accuracy: 0.6184
2026-04-24 18:01:35,341 [INFO] pcrl.training.trainer:   Auditor 'sex' accuracy: 0.5282
2026-04-24 18:01:35,341 [INFO] pcrl.training.trainer:   Auditor 'age_group' accuracy: 0.4157
2026-04-24 18:01:35,341 [INFO] pcrl.training.trainer:   Auditor 'marital_status' accuracy: 0.5238
2026-04-24 18:01:35,341 [INFO] pcrl.training.trainer:   Auditor 'income' accuracy: 0.5882
2026-04-24 18:01:36,546 [INFO] pcrl.training.trainer: [VAL] Epoch 19 - Loss: 377.1307, Task: 3.1608, Adv: 7.4794, Verify: 0.0000, Time: 1.2s
2026-04-24 18:01:36,546 [INFO] pcrl.training.trainer:   Task 'income' accuracy: 0.5910
2026-04-24 18:01:36,546 [INFO] pcrl.training.trainer:   Task 'hours_band' accuracy: 0.5423
2026-04-24 18:01:36,546 [INFO] pcrl.training.trainer:   Task 'education_level' accuracy: 0.3866
2026-04-24 18:01:36,547 [INFO] pcrl.training.trainer:   Auditor 'race' accuracy: 0.6201
2026-04-24 18:01:36,547 [INFO] pcrl.training.trainer:   Auditor 'sex' accuracy: 0.5278
2026-04-24 18:01:36,547 [INFO] pcrl.training.trainer:   Auditor 'age_group' accuracy: 0.4141
2026-04-24 18:01:36,547 [INFO] pcrl.training.trainer:   Auditor 'marital_status' accuracy: 0.5266
2026-04-24 18:01:36,547 [INFO] pcrl.training.trainer:   Auditor 'income' accuracy: 0.5910
2026-04-24 18:01:36,588 [INFO] pcrl.training.trainer: Saved checkpoint to /home/ubuntu/PCRL/checkpoints/folktables_pcrl_s0/epoch_20.pt
2026-04-24 18:01:47,636 [INFO] pcrl.training.trainer: Epoch 20 [50/612] Loss: -369.6257 Task: 3.1430 Adv: -7.4554 Verify: 0.0000
2026-04-24 18:01:58,532 [INFO] pcrl.training.trainer: Epoch 20 [100/612] Loss: -369.7578 Task: 3.2657 Adv: -7.4605 Verify: 0.0000
2026-04-24 18:02:09,565 [INFO] pcrl.training.trainer: Epoch 20 [150/612] Loss: -369.9531 Task: 3.2134 Adv: -7.4633 Verify: 0.0000
2026-04-24 18:02:20,673 [INFO] pcrl.training.trainer: Epoch 20 [200/612] Loss: -372.2245 Task: 3.1549 Adv: -7.5076 Verify: 0.0000
2026-04-24 18:02:31,766 [INFO] pcrl.training.trainer: Epoch 20 [250/612] Loss: -369.0944 Task: 3.1200 Adv: -7.4443 Verify: 0.0000
2026-04-24 18:02:42,586 [INFO] pcrl.training.trainer: Epoch 20 [300/612] Loss: -373.0933 Task: 3.1282 Adv: -7.5244 Verify: 0.0000
2026-04-24 18:02:53,511 [INFO] pcrl.training.trainer: Epoch 20 [350/612] Loss: -369.1792 Task: 3.1142 Adv: -7.4459 Verify: 0.0000
2026-04-24 18:03:04,662 [INFO] pcrl.training.trainer: Epoch 20 [400/612] Loss: -369.3804 Task: 3.1509 Adv: -7.4506 Verify: 0.0000
2026-04-24 18:03:15,624 [INFO] pcrl.training.trainer: Epoch 20 [450/612] Loss: -372.8901 Task: 3.1559 Adv: -7.5209 Verify: 0.0000
2026-04-24 18:03:26,909 [INFO] pcrl.training.trainer: Epoch 20 [500/612] Loss: -367.6636 Task: 3.1123 Adv: -7.4155 Verify: 0.0000
2026-04-24 18:03:38,072 [INFO] pcrl.training.trainer: Epoch 20 [550/612] Loss: -368.3009 Task: 3.1409 Adv: -7.4288 Verify: 0.0000
2026-04-24 18:03:49,058 [INFO] pcrl.training.trainer: Epoch 20 [600/612] Loss: -372.4673 Task: 3.0989 Adv: -7.5113 Verify: 0.0000
2026-04-24 18:03:51,672 [INFO] pcrl.training.trainer: [TRAIN] Epoch 20 - Loss: -371.2716, Task: 3.1532, Adv: -7.4885, Verify: 0.0000, Time: 135.1s
2026-04-24 18:03:51,672 [INFO] pcrl.training.trainer:   Task 'income' accuracy: 0.5882
2026-04-24 18:03:51,672 [INFO] pcrl.training.trainer:   Task 'hours_band' accuracy: 0.5466
2026-04-24 18:03:51,672 [INFO] pcrl.training.trainer:   Task 'education_level' accuracy: 0.3866
2026-04-24 18:03:51,672 [INFO] pcrl.training.trainer:   Auditor 'race' accuracy: 0.6184
2026-04-24 18:03:51,672 [INFO] pcrl.training.trainer:   Auditor 'sex' accuracy: 0.5279
2026-04-24 18:03:51,672 [INFO] pcrl.training.trainer:   Auditor 'age_group' accuracy: 0.4159
2026-04-24 18:03:51,672 [INFO] pcrl.training.trainer:   Auditor 'marital_status' accuracy: 0.5235
2026-04-24 18:03:51,672 [INFO] pcrl.training.trainer:   Auditor 'income' accuracy: 0.5882
2026-04-24 18:03:52,860 [INFO] pcrl.training.trainer: [VAL] Epoch 20 - Loss: 377.0856, Task: 3.1606, Adv: 7.4785, Verify: 0.0000, Time: 1.2s
2026-04-24 18:03:52,860 [INFO] pcrl.training.trainer:   Task 'income' accuracy: 0.5910
2026-04-24 18:03:52,860 [INFO] pcrl.training.trainer:   Task 'hours_band' accuracy: 0.5423
2026-04-24 18:03:52,860 [INFO] pcrl.training.trainer:   Task 'education_level' accuracy: 0.3866
2026-04-24 18:03:52,860 [INFO] pcrl.training.trainer:   Auditor 'race' accuracy: 0.6201
2026-04-24 18:03:52,860 [INFO] pcrl.training.trainer:   Auditor 'sex' accuracy: 0.5278
2026-04-24 18:03:52,860 [INFO] pcrl.training.trainer:   Auditor 'age_group' accuracy: 0.4141
2026-04-24 18:03:52,860 [INFO] pcrl.training.trainer:   Auditor 'marital_status' accuracy: 0.5266
2026-04-24 18:03:52,860 [INFO] pcrl.training.trainer:   Auditor 'income' accuracy: 0.5910
2026-04-24 18:04:03,716 [INFO] pcrl.training.trainer: Epoch 21 [50/612] Loss: -370.6731 Task: 3.1949 Adv: -7.4774 Verify: 0.0000
2026-04-24 18:04:14,820 [INFO] pcrl.training.trainer: Epoch 21 [100/612] Loss: -373.6761 Task: 3.1338 Adv: -7.5362 Verify: 0.0000
2026-04-24 18:04:25,974 [INFO] pcrl.training.trainer: Epoch 21 [150/612] Loss: -368.3240 Task: 3.1066 Adv: -7.4286 Verify: 0.0000
2026-04-24 18:04:37,004 [INFO] pcrl.training.trainer: Epoch 21 [200/612] Loss: -371.2424 Task: 3.1042 Adv: -7.4869 Verify: 0.0000
2026-04-24 18:04:47,886 [INFO] pcrl.training.trainer: Epoch 21 [250/612] Loss: -363.9575 Task: 3.2055 Adv: -7.3433 Verify: 0.0000
2026-04-24 18:04:58,891 [INFO] pcrl.training.trainer: Epoch 21 [300/612] Loss: -371.7664 Task: 3.1874 Adv: -7.4991 Verify: 0.0000
2026-04-24 18:05:09,974 [INFO] pcrl.training.trainer: Epoch 21 [350/612] Loss: -370.2082 Task: 3.1524 Adv: -7.4672 Verify: 0.0000
2026-04-24 18:05:21,143 [INFO] pcrl.training.trainer: Epoch 21 [400/612] Loss: -373.9523 Task: 3.1545 Adv: -7.5421 Verify: 0.0000
2026-04-24 18:05:32,398 [INFO] pcrl.training.trainer: Epoch 21 [450/612] Loss: -371.4262 Task: 3.1360 Adv: -7.4912 Verify: 0.0000
2026-04-24 18:05:43,680 [INFO] pcrl.training.trainer: Epoch 21 [500/612] Loss: -370.6045 Task: 3.1419 Adv: -7.4749 Verify: 0.0000
2026-04-24 18:05:54,768 [INFO] pcrl.training.trainer: Epoch 21 [550/612] Loss: -370.0124 Task: 3.1254 Adv: -7.4628 Verify: 0.0000
2026-04-24 18:06:05,643 [INFO] pcrl.training.trainer: Epoch 21 [600/612] Loss: -374.4005 Task: 3.1808 Adv: -7.5516 Verify: 0.0000
2026-04-24 18:06:08,255 [INFO] pcrl.training.trainer: [TRAIN] Epoch 21 - Loss: -371.2798, Task: 3.1531, Adv: -7.4887, Verify: 0.0000, Time: 135.4s
2026-04-24 18:06:08,255 [INFO] pcrl.training.trainer:   Task 'income' accuracy: 0.5882
2026-04-24 18:06:08,255 [INFO] pcrl.training.trainer:   Task 'hours_band' accuracy: 0.5466
2026-04-24 18:06:08,256 [INFO] pcrl.training.trainer:   Task 'education_level' accuracy: 0.3866
2026-04-24 18:06:08,256 [INFO] pcrl.training.trainer:   Auditor 'race' accuracy: 0.6184
2026-04-24 18:06:08,256 [INFO] pcrl.training.trainer:   Auditor 'sex' accuracy: 0.5281
2026-04-24 18:06:08,256 [INFO] pcrl.training.trainer:   Auditor 'age_group' accuracy: 0.4159
2026-04-24 18:06:08,256 [INFO] pcrl.training.trainer:   Auditor 'marital_status' accuracy: 0.5237
2026-04-24 18:06:08,256 [INFO] pcrl.training.trainer:   Auditor 'income' accuracy: 0.5882
2026-04-24 18:06:09,435 [INFO] pcrl.training.trainer: [VAL] Epoch 21 - Loss: 377.2462, Task: 3.1608, Adv: 7.4817, Verify: 0.0000, Time: 1.2s
2026-04-24 18:06:09,435 [INFO] pcrl.training.trainer:   Task 'income' accuracy: 0.5910
2026-04-24 18:06:09,435 [INFO] pcrl.training.trainer:   Task 'hours_band' accuracy: 0.5423
2026-04-24 18:06:09,436 [INFO] pcrl.training.trainer:   Task 'education_level' accuracy: 0.3866
2026-04-24 18:06:09,436 [INFO] pcrl.training.trainer:   Auditor 'race' accuracy: 0.6201
2026-04-24 18:06:09,436 [INFO] pcrl.training.trainer:   Auditor 'sex' accuracy: 0.5278
2026-04-24 18:06:09,436 [INFO] pcrl.training.trainer:   Auditor 'age_group' accuracy: 0.4141
2026-04-24 18:06:09,436 [INFO] pcrl.training.trainer:   Auditor 'marital_status' accuracy: 0.5266
2026-04-24 18:06:09,436 [INFO] pcrl.training.trainer:   Auditor 'income' accuracy: 0.5910
2026-04-24 18:06:20,318 [INFO] pcrl.training.trainer: Epoch 22 [50/612] Loss: -369.5237 Task: 3.1518 Adv: -7.4535 Verify: 0.0000
2026-04-24 18:06:31,363 [INFO] pcrl.training.trainer: Epoch 22 [100/612] Loss: -367.0146 Task: 3.1731 Adv: -7.4038 Verify: 0.0000
2026-04-24 18:06:42,223 [INFO] pcrl.training.trainer: Epoch 22 [150/612] Loss: -370.7257 Task: 3.1294 Adv: -7.4771 Verify: 0.0000
2026-04-24 18:06:53,150 [INFO] pcrl.training.trainer: Epoch 22 [200/612] Loss: -370.5229 Task: 3.1315 Adv: -7.4731 Verify: 0.0000
2026-04-24 18:07:04,010 [INFO] pcrl.training.trainer: Epoch 22 [250/612] Loss: -370.1280 Task: 3.1957 Adv: -7.4665 Verify: 0.0000
2026-04-24 18:07:15,007 [INFO] pcrl.training.trainer: Epoch 22 [300/612] Loss: -370.4471 Task: 3.1350 Adv: -7.4850 Verify: 0.0134
2026-04-24 18:07:25,910 [INFO] pcrl.training.trainer: Epoch 22 [350/612] Loss: -368.2742 Task: 3.1364 Adv: -7.4282 Verify: 0.0000
2026-04-24 18:07:36,751 [INFO] pcrl.training.trainer: Epoch 22 [400/612] Loss: -374.5543 Task: 3.2096 Adv: -7.5553 Verify: 0.0000
2026-04-24 18:07:47,514 [INFO] pcrl.training.trainer: Epoch 22 [450/612] Loss: -370.2845 Task: 3.1765 Adv: -7.4692 Verify: 0.0000
2026-04-24 18:07:58,344 [INFO] pcrl.training.trainer: Epoch 22 [500/612] Loss: -365.2943 Task: 3.1275 Adv: -7.3684 Verify: 0.0000
2026-04-24 18:08:09,349 [INFO] pcrl.training.trainer: Epoch 22 [550/612] Loss: -370.3350 Task: 3.1782 Adv: -7.4703 Verify: 0.0000
2026-04-24 18:08:20,300 [INFO] pcrl.training.trainer: Epoch 22 [600/612] Loss: -374.7337 Task: 3.1705 Adv: -7.5581 Verify: 0.0000
2026-04-24 18:08:22,909 [INFO] pcrl.training.trainer: [TRAIN] Epoch 22 - Loss: -371.2179, Task: 3.1530, Adv: -7.4875, Verify: 0.0000, Time: 133.5s
2026-04-24 18:08:22,909 [INFO] pcrl.training.trainer:   Task 'income' accuracy: 0.5882
2026-04-24 18:08:22,909 [INFO] pcrl.training.trainer:   Task 'hours_band' accuracy: 0.5466
2026-04-24 18:08:22,909 [INFO] pcrl.training.trainer:   Task 'education_level' accuracy: 0.3866
2026-04-24 18:08:22,909 [INFO] pcrl.training.trainer:   Auditor 'race' accuracy: 0.6184
2026-04-24 18:08:22,909 [INFO] pcrl.training.trainer:   Auditor 'sex' accuracy: 0.5284
2026-04-24 18:08:22,909 [INFO] pcrl.training.trainer:   Auditor 'age_group' accuracy: 0.4158
2026-04-24 18:08:22,909 [INFO] pcrl.training.trainer:   Auditor 'marital_status' accuracy: 0.5238
2026-04-24 18:08:22,909 [INFO] pcrl.training.trainer:   Auditor 'income' accuracy: 0.5882
2026-04-24 18:08:23,962 [INFO] pcrl.training.trainer: [VAL] Epoch 22 - Loss: 377.1457, Task: 3.1607, Adv: 7.4797, Verify: 0.0000, Time: 1.1s
2026-04-24 18:08:23,962 [INFO] pcrl.training.trainer:   Task 'income' accuracy: 0.5910
2026-04-24 18:08:23,962 [INFO] pcrl.training.trainer:   Task 'hours_band' accuracy: 0.5423
2026-04-24 18:08:23,962 [INFO] pcrl.training.trainer:   Task 'education_level' accuracy: 0.3866
2026-04-24 18:08:23,962 [INFO] pcrl.training.trainer:   Auditor 'race' accuracy: 0.6201
2026-04-24 18:08:23,962 [INFO] pcrl.training.trainer:   Auditor 'sex' accuracy: 0.5278
2026-04-24 18:08:23,962 [INFO] pcrl.training.trainer:   Auditor 'age_group' accuracy: 0.4141
2026-04-24 18:08:23,962 [INFO] pcrl.training.trainer:   Auditor 'marital_status' accuracy: 0.5266
2026-04-24 18:08:23,962 [INFO] pcrl.training.trainer:   Auditor 'income' accuracy: 0.5910
2026-04-24 18:08:34,907 [INFO] pcrl.training.trainer: Epoch 23 [50/612] Loss: -372.1096 Task: 3.1060 Adv: -7.5043 Verify: 0.0000
2026-04-24 18:08:45,673 [INFO] pcrl.training.trainer: Epoch 23 [100/612] Loss: -371.9388 Task: 3.0915 Adv: -7.5006 Verify: 0.0000
2026-04-24 18:08:56,321 [INFO] pcrl.training.trainer: Epoch 23 [150/612] Loss: -369.6570 Task: 3.1631 Adv: -7.4564 Verify: 0.0000
2026-04-24 18:09:07,121 [INFO] pcrl.training.trainer: Epoch 23 [200/612] Loss: -369.1406 Task: 3.1002 Adv: -7.4448 Verify: 0.0000
2026-04-24 18:09:18,007 [INFO] pcrl.training.trainer: Epoch 23 [250/612] Loss: -372.1282 Task: 3.2483 Adv: -7.5075 Verify: 0.0000
2026-04-24 18:09:28,955 [INFO] pcrl.training.trainer: Epoch 23 [300/612] Loss: -375.2553 Task: 3.1678 Adv: -7.5685 Verify: 0.0000
2026-04-24 18:09:40,090 [INFO] pcrl.training.trainer: Epoch 23 [350/612] Loss: -371.4091 Task: 3.1937 Adv: -7.4921 Verify: 0.0000
2026-04-24 18:09:51,027 [INFO] pcrl.training.trainer: Epoch 23 [400/612] Loss: -370.1619 Task: 3.1503 Adv: -7.4662 Verify: 0.0000
2026-04-24 18:10:02,218 [INFO] pcrl.training.trainer: Epoch 23 [450/612] Loss: -368.9218 Task: 3.1821 Adv: -7.4421 Verify: 0.0000
2026-04-24 18:10:13,341 [INFO] pcrl.training.trainer: Epoch 23 [500/612] Loss: -367.7840 Task: 3.1591 Adv: -7.4189 Verify: 0.0000
2026-04-24 18:10:24,335 [INFO] pcrl.training.trainer: Epoch 23 [550/612] Loss: -373.1006 Task: 3.1599 Adv: -7.5252 Verify: 0.0000
2026-04-24 18:10:35,632 [INFO] pcrl.training.trainer: Epoch 23 [600/612] Loss: -374.2032 Task: 3.1367 Adv: -7.5468 Verify: 0.0000
2026-04-24 18:10:38,334 [INFO] pcrl.training.trainer: [TRAIN] Epoch 23 - Loss: -371.3462, Task: 3.1532, Adv: -7.4900, Verify: 0.0000, Time: 134.4s
2026-04-24 18:10:38,334 [INFO] pcrl.training.trainer:   Task 'income' accuracy: 0.5882
2026-04-24 18:10:38,334 [INFO] pcrl.training.trainer:   Task 'hours_band' accuracy: 0.5466
2026-04-24 18:10:38,334 [INFO] pcrl.training.trainer:   Task 'education_level' accuracy: 0.3866
2026-04-24 18:10:38,334 [INFO] pcrl.training.trainer:   Auditor 'race' accuracy: 0.6184
2026-04-24 18:10:38,334 [INFO] pcrl.training.trainer:   Auditor 'sex' accuracy: 0.5282
2026-04-24 18:10:38,334 [INFO] pcrl.training.trainer:   Auditor 'age_group' accuracy: 0.4156
2026-04-24 18:10:38,334 [INFO] pcrl.training.trainer:   Auditor 'marital_status' accuracy: 0.5239
2026-04-24 18:10:38,334 [INFO] pcrl.training.trainer:   Auditor 'income' accuracy: 0.5882
2026-04-24 18:10:39,576 [INFO] pcrl.training.trainer: [VAL] Epoch 23 - Loss: 377.1098, Task: 3.1605, Adv: 7.4790, Verify: 0.0000, Time: 1.2s
2026-04-24 18:10:39,576 [INFO] pcrl.training.trainer:   Task 'income' accuracy: 0.5910
2026-04-24 18:10:39,576 [INFO] pcrl.training.trainer:   Task 'hours_band' accuracy: 0.5423
2026-04-24 18:10:39,576 [INFO] pcrl.training.trainer:   Task 'education_level' accuracy: 0.3866
2026-04-24 18:10:39,576 [INFO] pcrl.training.trainer:   Auditor 'race' accuracy: 0.6201
2026-04-24 18:10:39,576 [INFO] pcrl.training.trainer:   Auditor 'sex' accuracy: 0.5278
2026-04-24 18:10:39,576 [INFO] pcrl.training.trainer:   Auditor 'age_group' accuracy: 0.4141
2026-04-24 18:10:39,576 [INFO] pcrl.training.trainer:   Auditor 'marital_status' accuracy: 0.5266
2026-04-24 18:10:39,576 [INFO] pcrl.training.trainer:   Auditor 'income' accuracy: 0.5910
2026-04-24 18:10:50,742 [INFO] pcrl.training.trainer: Epoch 24 [50/612] Loss: -367.6998 Task: 3.0954 Adv: -7.4159 Verify: 0.0000
2026-04-24 18:11:01,655 [INFO] pcrl.training.trainer: Epoch 24 [100/612] Loss: -365.7433 Task: 3.0814 Adv: -7.3765 Verify: 0.0000
2026-04-24 18:11:12,568 [INFO] pcrl.training.trainer: Epoch 24 [150/612] Loss: -375.5138 Task: 3.1362 Adv: -7.5730 Verify: 0.0000
2026-04-24 18:11:23,642 [INFO] pcrl.training.trainer: Epoch 24 [200/612] Loss: -373.6049 Task: 3.1752 Adv: -7.5356 Verify: 0.0000
2026-04-24 18:11:34,704 [INFO] pcrl.training.trainer: Epoch 24 [250/612] Loss: -375.3208 Task: 3.1396 Adv: -7.5692 Verify: 0.0000
2026-04-24 18:11:45,869 [INFO] pcrl.training.trainer: Epoch 24 [300/612] Loss: -369.3375 Task: 3.1726 Adv: -7.4502 Verify: 0.0000
2026-04-24 18:11:56,941 [INFO] pcrl.training.trainer: Epoch 24 [350/612] Loss: -377.0443 Task: 3.1097 Adv: -7.6031 Verify: 0.0000
2026-04-24 18:12:07,770 [INFO] pcrl.training.trainer: Epoch 24 [400/612] Loss: -370.6208 Task: 3.1499 Adv: -7.4754 Verify: 0.0000
2026-04-24 18:12:18,952 [INFO] pcrl.training.trainer: Epoch 24 [450/612] Loss: -372.0596 Task: 3.1898 Adv: -7.5050 Verify: 0.0000
2026-04-24 18:12:30,138 [INFO] pcrl.training.trainer: Epoch 24 [500/612] Loss: -374.2413 Task: 3.2001 Adv: -7.5488 Verify: 0.0000
2026-04-24 18:12:41,227 [INFO] pcrl.training.trainer: Epoch 24 [550/612] Loss: -370.6060 Task: 3.0630 Adv: -7.4734 Verify: 0.0000
2026-04-24 18:12:52,589 [INFO] pcrl.training.trainer: Epoch 24 [600/612] Loss: -372.8289 Task: 3.1984 Adv: -7.5205 Verify: 0.0000
2026-04-24 18:12:55,253 [INFO] pcrl.training.trainer: [TRAIN] Epoch 24 - Loss: -371.2638, Task: 3.1532, Adv: -7.4883, Verify: 0.0000, Time: 135.7s
2026-04-24 18:12:55,253 [INFO] pcrl.training.trainer:   Task 'income' accuracy: 0.5882
2026-04-24 18:12:55,253 [INFO] pcrl.training.trainer:   Task 'hours_band' accuracy: 0.5466
2026-04-24 18:12:55,253 [INFO] pcrl.training.trainer:   Task 'education_level' accuracy: 0.3866
2026-04-24 18:12:55,253 [INFO] pcrl.training.trainer:   Auditor 'race' accuracy: 0.6184
2026-04-24 18:12:55,253 [INFO] pcrl.training.trainer:   Auditor 'sex' accuracy: 0.5280
2026-04-24 18:12:55,253 [INFO] pcrl.training.trainer:   Auditor 'age_group' accuracy: 0.4156
2026-04-24 18:12:55,253 [INFO] pcrl.training.trainer:   Auditor 'marital_status' accuracy: 0.5237
2026-04-24 18:12:55,253 [INFO] pcrl.training.trainer:   Auditor 'income' accuracy: 0.5882
2026-04-24 18:12:56,348 [INFO] pcrl.training.trainer: [VAL] Epoch 24 - Loss: 377.0933, Task: 3.1608, Adv: 7.4787, Verify: 0.0000, Time: 1.1s
2026-04-24 18:12:56,348 [INFO] pcrl.training.trainer:   Task 'income' accuracy: 0.5910
2026-04-24 18:12:56,349 [INFO] pcrl.training.trainer:   Task 'hours_band' accuracy: 0.5423
2026-04-24 18:12:56,349 [INFO] pcrl.training.trainer:   Task 'education_level' accuracy: 0.3866
2026-04-24 18:12:56,349 [INFO] pcrl.training.trainer:   Auditor 'race' accuracy: 0.6201
2026-04-24 18:12:56,349 [INFO] pcrl.training.trainer:   Auditor 'sex' accuracy: 0.5278
2026-04-24 18:12:56,349 [INFO] pcrl.training.trainer:   Auditor 'age_group' accuracy: 0.4141
2026-04-24 18:12:56,349 [INFO] pcrl.training.trainer:   Auditor 'marital_status' accuracy: 0.5266
2026-04-24 18:12:56,349 [INFO] pcrl.training.trainer:   Auditor 'income' accuracy: 0.5910
2026-04-24 18:13:07,385 [INFO] pcrl.training.trainer: Epoch 25 [50/612] Loss: -370.3802 Task: 3.1413 Adv: -7.4704 Verify: 0.0000
2026-04-24 18:13:18,508 [INFO] pcrl.training.trainer: Epoch 25 [100/612] Loss: -371.3330 Task: 3.1393 Adv: -7.4894 Verify: 0.0000
2026-04-24 18:13:29,920 [INFO] pcrl.training.trainer: Epoch 25 [150/612] Loss: -373.0677 Task: 3.1813 Adv: -7.5250 Verify: 0.0000
2026-04-24 18:13:41,495 [INFO] pcrl.training.trainer: Epoch 25 [200/612] Loss: -371.8392 Task: 3.1742 Adv: -7.5003 Verify: 0.0000
2026-04-24 18:13:52,951 [INFO] pcrl.training.trainer: Epoch 25 [250/612] Loss: -373.3923 Task: 3.0465 Adv: -7.5288 Verify: 0.0000
2026-04-24 18:14:04,384 [INFO] pcrl.training.trainer: Epoch 25 [300/612] Loss: -370.7276 Task: 3.1505 Adv: -7.4776 Verify: 0.0000
2026-04-24 18:14:15,740 [INFO] pcrl.training.trainer: Epoch 25 [350/612] Loss: -372.1208 Task: 3.1588 Adv: -7.5056 Verify: 0.0000
2026-04-24 18:14:27,046 [INFO] pcrl.training.trainer: Epoch 25 [400/612] Loss: -372.2551 Task: 3.1171 Adv: -7.5074 Verify: 0.0000
2026-04-24 18:14:38,354 [INFO] pcrl.training.trainer: Epoch 25 [450/612] Loss: -368.1534 Task: 3.1459 Adv: -7.4260 Verify: 0.0000
2026-04-24 18:14:49,421 [INFO] pcrl.training.trainer: Epoch 25 [500/612] Loss: -369.7812 Task: 3.1147 Adv: -7.4579 Verify: 0.0000
2026-04-24 18:15:00,588 [INFO] pcrl.training.trainer: Epoch 25 [550/612] Loss: -371.5559 Task: 3.0702 Adv: -7.4925 Verify: 0.0000
2026-04-24 18:15:11,595 [INFO] pcrl.training.trainer: Epoch 25 [600/612] Loss: -371.8735 Task: 3.1586 Adv: -7.5006 Verify: 0.0000
2026-04-24 18:15:14,227 [INFO] pcrl.training.trainer: [TRAIN] Epoch 25 - Loss: -371.2756, Task: 3.1533, Adv: -7.4886, Verify: 0.0000, Time: 137.9s
2026-04-24 18:15:14,228 [INFO] pcrl.training.trainer:   Task 'income' accuracy: 0.5882
2026-04-24 18:15:14,228 [INFO] pcrl.training.trainer:   Task 'hours_band' accuracy: 0.5466
2026-04-24 18:15:14,228 [INFO] pcrl.training.trainer:   Task 'education_level' accuracy: 0.3866
2026-04-24 18:15:14,228 [INFO] pcrl.training.trainer:   Auditor 'race' accuracy: 0.6184
2026-04-24 18:15:14,228 [INFO] pcrl.training.trainer:   Auditor 'sex' accuracy: 0.5280
2026-04-24 18:15:14,228 [INFO] pcrl.training.trainer:   Auditor 'age_group' accuracy: 0.4158
2026-04-24 18:15:14,228 [INFO] pcrl.training.trainer:   Auditor 'marital_status' accuracy: 0.5238
2026-04-24 18:15:14,228 [INFO] pcrl.training.trainer:   Auditor 'income' accuracy: 0.5882
2026-04-24 18:15:15,437 [INFO] pcrl.training.trainer: [VAL] Epoch 25 - Loss: 377.1541, Task: 3.1607, Adv: 7.4799, Verify: 0.0000, Time: 1.2s
2026-04-24 18:15:15,437 [INFO] pcrl.training.trainer:   Task 'income' accuracy: 0.5910
2026-04-24 18:15:15,437 [INFO] pcrl.training.trainer:   Task 'hours_band' accuracy: 0.5423
2026-04-24 18:15:15,437 [INFO] pcrl.training.trainer:   Task 'education_level' accuracy: 0.3866
2026-04-24 18:15:15,437 [INFO] pcrl.training.trainer:   Auditor 'race' accuracy: 0.6201
2026-04-24 18:15:15,437 [INFO] pcrl.training.trainer:   Auditor 'sex' accuracy: 0.5278
2026-04-24 18:15:15,437 [INFO] pcrl.training.trainer:   Auditor 'age_group' accuracy: 0.4141
2026-04-24 18:15:15,437 [INFO] pcrl.training.trainer:   Auditor 'marital_status' accuracy: 0.5266
2026-04-24 18:15:15,437 [INFO] pcrl.training.trainer:   Auditor 'income' accuracy: 0.5910
2026-04-24 18:15:26,393 [INFO] pcrl.training.trainer: Epoch 26 [50/612] Loss: -370.9535 Task: 3.1032 Adv: -7.4811 Verify: 0.0000
2026-04-24 18:15:37,632 [INFO] pcrl.training.trainer: Epoch 26 [100/612] Loss: -372.8023 Task: 3.1410 Adv: -7.5189 Verify: 0.0000
2026-04-24 18:15:48,728 [INFO] pcrl.training.trainer: Epoch 26 [150/612] Loss: -368.7931 Task: 3.1835 Adv: -7.4395 Verify: 0.0000
2026-04-24 18:15:59,747 [INFO] pcrl.training.trainer: Epoch 26 [200/612] Loss: -368.3005 Task: 3.0947 Adv: -7.4279 Verify: 0.0000
2026-04-24 18:16:10,533 [INFO] pcrl.training.trainer: Epoch 26 [250/612] Loss: -368.8655 Task: 3.1655 Adv: -7.4406 Verify: 0.0000
2026-04-24 18:16:21,395 [INFO] pcrl.training.trainer: Epoch 26 [300/612] Loss: -374.7599 Task: 3.2236 Adv: -7.5597 Verify: 0.0000
2026-04-24 18:16:32,302 [INFO] pcrl.training.trainer: Epoch 26 [350/612] Loss: -374.2122 Task: 3.2086 Adv: -7.5484 Verify: 0.0000
2026-04-24 18:16:42,923 [INFO] pcrl.training.trainer: Epoch 26 [400/612] Loss: -377.1418 Task: 3.1765 Adv: -7.6064 Verify: 0.0000
2026-04-24 18:16:53,736 [INFO] pcrl.training.trainer: Epoch 26 [450/612] Loss: -375.9881 Task: 3.1847 Adv: -7.5835 Verify: 0.0000
2026-04-24 18:17:04,581 [INFO] pcrl.training.trainer: Epoch 26 [500/612] Loss: -366.6035 Task: 3.0986 Adv: -7.3940 Verify: 0.0000
2026-04-24 18:17:16,831 [INFO] pcrl.training.trainer: Epoch 26 [550/612] Loss: -373.3381 Task: 3.1278 Adv: -7.5293 Verify: 0.0000
2026-04-24 18:17:28,162 [INFO] pcrl.training.trainer: Epoch 26 [600/612] Loss: -367.9398 Task: 3.1540 Adv: -7.4219 Verify: 0.0000
2026-04-24 18:17:30,853 [INFO] pcrl.training.trainer: [TRAIN] Epoch 26 - Loss: -371.2686, Task: 3.1531, Adv: -7.4884, Verify: 0.0000, Time: 135.4s
2026-04-24 18:17:30,854 [INFO] pcrl.training.trainer:   Task 'income' accuracy: 0.5882
2026-04-24 18:17:30,854 [INFO] pcrl.training.trainer:   Task 'hours_band' accuracy: 0.5466
2026-04-24 18:17:30,854 [INFO] pcrl.training.trainer:   Task 'education_level' accuracy: 0.3866
2026-04-24 18:17:30,854 [INFO] pcrl.training.trainer:   Auditor 'race' accuracy: 0.6184
2026-04-24 18:17:30,854 [INFO] pcrl.training.trainer:   Auditor 'sex' accuracy: 0.5280
2026-04-24 18:17:30,854 [INFO] pcrl.training.trainer:   Auditor 'age_group' accuracy: 0.4159
2026-04-24 18:17:30,854 [INFO] pcrl.training.trainer:   Auditor 'marital_status' accuracy: 0.5237
2026-04-24 18:17:30,854 [INFO] pcrl.training.trainer:   Auditor 'income' accuracy: 0.5882
2026-04-24 18:17:32,104 [INFO] pcrl.training.trainer: [VAL] Epoch 26 - Loss: 377.1538, Task: 3.1608, Adv: 7.4799, Verify: 0.0000, Time: 1.2s
2026-04-24 18:17:32,104 [INFO] pcrl.training.trainer:   Task 'income' accuracy: 0.5910
2026-04-24 18:17:32,104 [INFO] pcrl.training.trainer:   Task 'hours_band' accuracy: 0.5423
2026-04-24 18:17:32,104 [INFO] pcrl.training.trainer:   Task 'education_level' accuracy: 0.3866
2026-04-24 18:17:32,104 [INFO] pcrl.training.trainer:   Auditor 'race' accuracy: 0.6201
2026-04-24 18:17:32,104 [INFO] pcrl.training.trainer:   Auditor 'sex' accuracy: 0.5278
2026-04-24 18:17:32,104 [INFO] pcrl.training.trainer:   Auditor 'age_group' accuracy: 0.4141
2026-04-24 18:17:32,104 [INFO] pcrl.training.trainer:   Auditor 'marital_status' accuracy: 0.5266
2026-04-24 18:17:32,104 [INFO] pcrl.training.trainer:   Auditor 'income' accuracy: 0.5910
2026-04-24 18:17:43,288 [INFO] pcrl.training.trainer: Epoch 27 [50/612] Loss: -370.9728 Task: 3.1713 Adv: -7.4829 Verify: 0.0000
2026-04-24 18:17:54,719 [INFO] pcrl.training.trainer: Epoch 27 [100/612] Loss: -367.3916 Task: 3.1203 Adv: -7.4102 Verify: 0.0000
2026-04-24 18:18:06,240 [INFO] pcrl.training.trainer: Epoch 27 [150/612] Loss: -373.1873 Task: 3.1611 Adv: -7.5270 Verify: 0.0000
2026-04-24 18:18:17,515 [INFO] pcrl.training.trainer: Epoch 27 [200/612] Loss: -373.7531 Task: 3.2311 Adv: -7.5397 Verify: 0.0000
2026-04-24 18:18:28,856 [INFO] pcrl.training.trainer: Epoch 27 [250/612] Loss: -367.5345 Task: 3.1595 Adv: -7.4139 Verify: 0.0000
2026-04-24 18:18:39,976 [INFO] pcrl.training.trainer: Epoch 27 [300/612] Loss: -367.0684 Task: 3.1240 Adv: -7.4038 Verify: 0.0000
2026-04-24 18:18:51,128 [INFO] pcrl.training.trainer: Epoch 27 [350/612] Loss: -374.5410 Task: 3.1499 Adv: -7.5538 Verify: 0.0000
2026-04-24 18:19:02,442 [INFO] pcrl.training.trainer: Epoch 27 [400/612] Loss: -370.3178 Task: 3.1262 Adv: -7.4689 Verify: 0.0000
2026-04-24 18:19:13,637 [INFO] pcrl.training.trainer: Epoch 27 [450/612] Loss: -371.5732 Task: 3.0973 Adv: -7.4934 Verify: 0.0000
2026-04-24 18:19:24,719 [INFO] pcrl.training.trainer: Epoch 27 [500/612] Loss: -371.6552 Task: 3.1900 Adv: -7.4969 Verify: 0.0000
2026-04-24 18:19:35,654 [INFO] pcrl.training.trainer: Epoch 27 [550/612] Loss: -371.1812 Task: 3.1236 Adv: -7.4861 Verify: 0.0000
2026-04-24 18:19:46,901 [INFO] pcrl.training.trainer: Epoch 27 [600/612] Loss: -375.0247 Task: 3.1428 Adv: -7.5633 Verify: 0.0000
2026-04-24 18:19:49,611 [INFO] pcrl.training.trainer: [TRAIN] Epoch 27 - Loss: -371.3389, Task: 3.1531, Adv: -7.4898, Verify: 0.0000, Time: 137.5s
2026-04-24 18:19:49,612 [INFO] pcrl.training.trainer:   Task 'income' accuracy: 0.5882
2026-04-24 18:19:49,612 [INFO] pcrl.training.trainer:   Task 'hours_band' accuracy: 0.5466
2026-04-24 18:19:49,612 [INFO] pcrl.training.trainer:   Task 'education_level' accuracy: 0.3866
2026-04-24 18:19:49,612 [INFO] pcrl.training.trainer:   Auditor 'race' accuracy: 0.6184
2026-04-24 18:19:49,612 [INFO] pcrl.training.trainer:   Auditor 'sex' accuracy: 0.5280
2026-04-24 18:19:49,612 [INFO] pcrl.training.trainer:   Auditor 'age_group' accuracy: 0.4157
2026-04-24 18:19:49,612 [INFO] pcrl.training.trainer:   Auditor 'marital_status' accuracy: 0.5238
2026-04-24 18:19:49,612 [INFO] pcrl.training.trainer:   Auditor 'income' accuracy: 0.5882
2026-04-24 18:19:50,730 [INFO] pcrl.training.trainer: [VAL] Epoch 27 - Loss: 377.1582, Task: 3.1606, Adv: 7.4800, Verify: 0.0000, Time: 1.1s
2026-04-24 18:19:50,730 [INFO] pcrl.training.trainer:   Task 'income' accuracy: 0.5910
2026-04-24 18:19:50,730 [INFO] pcrl.training.trainer:   Task 'hours_band' accuracy: 0.5423
2026-04-24 18:19:50,730 [INFO] pcrl.training.trainer:   Task 'education_level' accuracy: 0.3866
2026-04-24 18:19:50,730 [INFO] pcrl.training.trainer:   Auditor 'race' accuracy: 0.6201
2026-04-24 18:19:50,730 [INFO] pcrl.training.trainer:   Auditor 'sex' accuracy: 0.5278
2026-04-24 18:19:50,730 [INFO] pcrl.training.trainer:   Auditor 'age_group' accuracy: 0.4141
2026-04-24 18:19:50,730 [INFO] pcrl.training.trainer:   Auditor 'marital_status' accuracy: 0.5266
2026-04-24 18:19:50,730 [INFO] pcrl.training.trainer:   Auditor 'income' accuracy: 0.5910
2026-04-24 18:20:01,994 [INFO] pcrl.training.trainer: Epoch 28 [50/612] Loss: -362.8127 Task: 3.1529 Adv: -7.3193 Verify: 0.0000
2026-04-24 18:20:12,994 [INFO] pcrl.training.trainer: Epoch 28 [100/612] Loss: -368.1245 Task: 3.1595 Adv: -7.4257 Verify: 0.0000
2026-04-24 18:20:24,219 [INFO] pcrl.training.trainer: Epoch 28 [150/612] Loss: -372.1825 Task: 3.1060 Adv: -7.5058 Verify: 0.0000
2026-04-24 18:20:35,260 [INFO] pcrl.training.trainer: Epoch 28 [200/612] Loss: -373.2445 Task: 3.2075 Adv: -7.5290 Verify: 0.0000
2026-04-24 18:20:46,465 [INFO] pcrl.training.trainer: Epoch 28 [250/612] Loss: -373.3846 Task: 3.1557 Adv: -7.5308 Verify: 0.0000
2026-04-24 18:20:57,694 [INFO] pcrl.training.trainer: Epoch 28 [300/612] Loss: -373.4926 Task: 3.2378 Adv: -7.5346 Verify: 0.0000
2026-04-24 18:21:08,723 [INFO] pcrl.training.trainer: Epoch 28 [350/612] Loss: -370.0898 Task: 3.1452 Adv: -7.4647 Verify: 0.0000
2026-04-24 18:21:19,723 [INFO] pcrl.training.trainer: Epoch 28 [400/612] Loss: -376.2851 Task: 3.0952 Adv: -7.5876 Verify: 0.0000
2026-04-24 18:21:30,848 [INFO] pcrl.training.trainer: Epoch 28 [450/612] Loss: -369.1062 Task: 3.1236 Adv: -7.4446 Verify: 0.0000
2026-04-24 18:21:41,975 [INFO] pcrl.training.trainer: Epoch 28 [500/612] Loss: -371.1083 Task: 3.2063 Adv: -7.4863 Verify: 0.0000
2026-04-24 18:21:53,155 [INFO] pcrl.training.trainer: Epoch 28 [550/612] Loss: -373.2202 Task: 3.1514 Adv: -7.5274 Verify: 0.0000
2026-04-24 18:22:04,322 [INFO] pcrl.training.trainer: Epoch 28 [600/612] Loss: -369.4334 Task: 3.2091 Adv: -7.4528 Verify: 0.0000
2026-04-24 18:22:06,975 [INFO] pcrl.training.trainer: [TRAIN] Epoch 28 - Loss: -371.2913, Task: 3.1530, Adv: -7.4889, Verify: 0.0001, Time: 136.2s
2026-04-24 18:22:06,975 [INFO] pcrl.training.trainer:   Task 'income' accuracy: 0.5882
2026-04-24 18:22:06,975 [INFO] pcrl.training.trainer:   Task 'hours_band' accuracy: 0.5466
2026-04-24 18:22:06,975 [INFO] pcrl.training.trainer:   Task 'education_level' accuracy: 0.3866
2026-04-24 18:22:06,975 [INFO] pcrl.training.trainer:   Auditor 'race' accuracy: 0.6184
2026-04-24 18:22:06,975 [INFO] pcrl.training.trainer:   Auditor 'sex' accuracy: 0.5282
2026-04-24 18:22:06,975 [INFO] pcrl.training.trainer:   Auditor 'age_group' accuracy: 0.4158
2026-04-24 18:22:06,975 [INFO] pcrl.training.trainer:   Auditor 'marital_status' accuracy: 0.5235
2026-04-24 18:22:06,975 [INFO] pcrl.training.trainer:   Auditor 'income' accuracy: 0.5882
2026-04-24 18:22:08,176 [INFO] pcrl.training.trainer: [VAL] Epoch 28 - Loss: 377.2045, Task: 3.1607, Adv: 7.4809, Verify: 0.0000, Time: 1.2s
2026-04-24 18:22:08,176 [INFO] pcrl.training.trainer:   Task 'income' accuracy: 0.5910
2026-04-24 18:22:08,176 [INFO] pcrl.training.trainer:   Task 'hours_band' accuracy: 0.5423
2026-04-24 18:22:08,176 [INFO] pcrl.training.trainer:   Task 'education_level' accuracy: 0.3866
2026-04-24 18:22:08,176 [INFO] pcrl.training.trainer:   Auditor 'race' accuracy: 0.6201
2026-04-24 18:22:08,176 [INFO] pcrl.training.trainer:   Auditor 'sex' accuracy: 0.5278
2026-04-24 18:22:08,176 [INFO] pcrl.training.trainer:   Auditor 'age_group' accuracy: 0.4141
2026-04-24 18:22:08,176 [INFO] pcrl.training.trainer:   Auditor 'marital_status' accuracy: 0.5266
2026-04-24 18:22:08,176 [INFO] pcrl.training.trainer:   Auditor 'income' accuracy: 0.5910
2026-04-24 18:22:19,084 [INFO] pcrl.training.trainer: Epoch 29 [50/612] Loss: -375.5664 Task: 3.1438 Adv: -7.5742 Verify: 0.0000
2026-04-24 18:22:30,069 [INFO] pcrl.training.trainer: Epoch 29 [100/612] Loss: -373.3206 Task: 3.1785 Adv: -7.5300 Verify: 0.0000
2026-04-24 18:22:41,192 [INFO] pcrl.training.trainer: Epoch 29 [150/612] Loss: -370.2789 Task: 3.1211 Adv: -7.4680 Verify: 0.0000
2026-04-24 18:22:52,929 [INFO] pcrl.training.trainer: Epoch 29 [200/612] Loss: -365.4317 Task: 3.2517 Adv: -7.3737 Verify: 0.0000
2026-04-24 18:23:04,691 [INFO] pcrl.training.trainer: Epoch 29 [250/612] Loss: -366.4431 Task: 3.0951 Adv: -7.3908 Verify: 0.0000
2026-04-24 18:23:15,641 [INFO] pcrl.training.trainer: Epoch 29 [300/612] Loss: -368.6673 Task: 3.1282 Adv: -7.4359 Verify: 0.0000
2026-04-24 18:23:26,860 [INFO] pcrl.training.trainer: Epoch 29 [350/612] Loss: -368.7671 Task: 3.1638 Adv: -7.4386 Verify: 0.0000
2026-04-24 18:23:38,176 [INFO] pcrl.training.trainer: Epoch 29 [400/612] Loss: -371.0589 Task: 3.0721 Adv: -7.4826 Verify: 0.0000
2026-04-24 18:23:49,407 [INFO] pcrl.training.trainer: Epoch 29 [450/612] Loss: -372.6758 Task: 3.1924 Adv: -7.5174 Verify: 0.0000
2026-04-24 18:24:00,720 [INFO] pcrl.training.trainer: Epoch 29 [500/612] Loss: -370.4505 Task: 3.1346 Adv: -7.4717 Verify: 0.0000
2026-04-24 18:24:12,064 [INFO] pcrl.training.trainer: Epoch 29 [550/612] Loss: -368.4351 Task: 3.1007 Adv: -7.4307 Verify: 0.0000
2026-04-24 18:24:23,229 [INFO] pcrl.training.trainer: Epoch 29 [600/612] Loss: -373.1921 Task: 3.1024 Adv: -7.5259 Verify: 0.0000
2026-04-24 18:24:25,888 [INFO] pcrl.training.trainer: [TRAIN] Epoch 29 - Loss: -371.2063, Task: 3.1529, Adv: -7.4872, Verify: 0.0000, Time: 137.7s
2026-04-24 18:24:25,888 [INFO] pcrl.training.trainer:   Task 'income' accuracy: 0.5882
2026-04-24 18:24:25,888 [INFO] pcrl.training.trainer:   Task 'hours_band' accuracy: 0.5466
2026-04-24 18:24:25,888 [INFO] pcrl.training.trainer:   Task 'education_level' accuracy: 0.3866
2026-04-24 18:24:25,888 [INFO] pcrl.training.trainer:   Auditor 'race' accuracy: 0.6184
2026-04-24 18:24:25,888 [INFO] pcrl.training.trainer:   Auditor 'sex' accuracy: 0.5279
2026-04-24 18:24:25,888 [INFO] pcrl.training.trainer:   Auditor 'age_group' accuracy: 0.4158
2026-04-24 18:24:25,888 [INFO] pcrl.training.trainer:   Auditor 'marital_status' accuracy: 0.5239
2026-04-24 18:24:25,888 [INFO] pcrl.training.trainer:   Auditor 'income' accuracy: 0.5882
2026-04-24 18:24:26,982 [INFO] pcrl.training.trainer: [VAL] Epoch 29 - Loss: 377.1986, Task: 3.1607, Adv: 7.4808, Verify: 0.0000, Time: 1.1s
2026-04-24 18:24:26,982 [INFO] pcrl.training.trainer:   Task 'income' accuracy: 0.5910
2026-04-24 18:24:26,982 [INFO] pcrl.training.trainer:   Task 'hours_band' accuracy: 0.5423
2026-04-24 18:24:26,982 [INFO] pcrl.training.trainer:   Task 'education_level' accuracy: 0.3866
2026-04-24 18:24:26,982 [INFO] pcrl.training.trainer:   Auditor 'race' accuracy: 0.6201
2026-04-24 18:24:26,982 [INFO] pcrl.training.trainer:   Auditor 'sex' accuracy: 0.5278
2026-04-24 18:24:26,982 [INFO] pcrl.training.trainer:   Auditor 'age_group' accuracy: 0.4141
2026-04-24 18:24:26,982 [INFO] pcrl.training.trainer:   Auditor 'marital_status' accuracy: 0.5266
2026-04-24 18:24:26,983 [INFO] pcrl.training.trainer:   Auditor 'income' accuracy: 0.5910
2026-04-24 18:24:27,024 [INFO] pcrl.training.trainer: Saved checkpoint to /home/ubuntu/PCRL/checkpoints/folktables_pcrl_s0/epoch_30.pt
2026-04-24 18:24:38,367 [INFO] pcrl.training.trainer: Epoch 30 [50/612] Loss: -369.8416 Task: 3.2077 Adv: -7.4610 Verify: 0.0000
2026-04-24 18:24:49,656 [INFO] pcrl.training.trainer: Epoch 30 [100/612] Loss: -365.2681 Task: 3.0834 Adv: -7.3670 Verify: 0.0000
2026-04-24 18:25:00,943 [INFO] pcrl.training.trainer: Epoch 30 [150/612] Loss: -365.2018 Task: 3.1432 Adv: -7.3669 Verify: 0.0000
2026-04-24 18:25:12,120 [INFO] pcrl.training.trainer: Epoch 30 [200/612] Loss: -370.5399 Task: 3.1447 Adv: -7.4737 Verify: 0.0000
2026-04-24 18:25:23,366 [INFO] pcrl.training.trainer: Epoch 30 [250/612] Loss: -375.8815 Task: 3.0946 Adv: -7.5795 Verify: 0.0000
2026-04-24 18:25:34,391 [INFO] pcrl.training.trainer: Epoch 30 [300/612] Loss: -370.3091 Task: 3.1684 Adv: -7.4695 Verify: 0.0000
2026-04-24 18:25:45,591 [INFO] pcrl.training.trainer: Epoch 30 [350/612] Loss: -368.1716 Task: 3.0653 Adv: -7.4247 Verify: 0.0000
2026-04-24 18:25:57,121 [INFO] pcrl.training.trainer: Epoch 30 [400/612] Loss: -371.5737 Task: 3.1261 Adv: -7.4940 Verify: 0.0000
2026-04-24 18:26:08,399 [INFO] pcrl.training.trainer: Epoch 30 [450/612] Loss: -369.2417 Task: 3.1939 Adv: -7.4487 Verify: 0.0000
2026-04-24 18:26:19,505 [INFO] pcrl.training.trainer: Epoch 30 [500/612] Loss: -369.2209 Task: 3.1367 Adv: -7.4472 Verify: 0.0000
2026-04-24 18:26:30,690 [INFO] pcrl.training.trainer: Epoch 30 [550/612] Loss: -374.1472 Task: 3.1473 Adv: -7.5459 Verify: 0.0000
2026-04-24 18:26:41,716 [INFO] pcrl.training.trainer: Epoch 30 [600/612] Loss: -373.2529 Task: 3.1799 Adv: -7.5287 Verify: 0.0000
2026-04-24 18:26:44,395 [INFO] pcrl.training.trainer: [TRAIN] Epoch 30 - Loss: -371.3589, Task: 3.1531, Adv: -7.4902, Verify: 0.0000, Time: 137.4s
2026-04-24 18:26:44,395 [INFO] pcrl.training.trainer:   Task 'income' accuracy: 0.5882
2026-04-24 18:26:44,395 [INFO] pcrl.training.trainer:   Task 'hours_band' accuracy: 0.5466
2026-04-24 18:26:44,395 [INFO] pcrl.training.trainer:   Task 'education_level' accuracy: 0.3866
2026-04-24 18:26:44,395 [INFO] pcrl.training.trainer:   Auditor 'race' accuracy: 0.6184
2026-04-24 18:26:44,395 [INFO] pcrl.training.trainer:   Auditor 'sex' accuracy: 0.5280
2026-04-24 18:26:44,395 [INFO] pcrl.training.trainer:   Auditor 'age_group' accuracy: 0.4158
2026-04-24 18:26:44,395 [INFO] pcrl.training.trainer:   Auditor 'marital_status' accuracy: 0.5240
2026-04-24 18:26:44,395 [INFO] pcrl.training.trainer:   Auditor 'income' accuracy: 0.5882
2026-04-24 18:26:45,484 [INFO] pcrl.training.trainer: [VAL] Epoch 30 - Loss: 377.1655, Task: 3.1609, Adv: 7.4801, Verify: 0.0000, Time: 1.1s
2026-04-24 18:26:45,484 [INFO] pcrl.training.trainer:   Task 'income' accuracy: 0.5910
2026-04-24 18:26:45,484 [INFO] pcrl.training.trainer:   Task 'hours_band' accuracy: 0.5423
2026-04-24 18:26:45,484 [INFO] pcrl.training.trainer:   Task 'education_level' accuracy: 0.3866
2026-04-24 18:26:45,484 [INFO] pcrl.training.trainer:   Auditor 'race' accuracy: 0.6201
2026-04-24 18:26:45,484 [INFO] pcrl.training.trainer:   Auditor 'sex' accuracy: 0.5278
2026-04-24 18:26:45,484 [INFO] pcrl.training.trainer:   Auditor 'age_group' accuracy: 0.4141
2026-04-24 18:26:45,484 [INFO] pcrl.training.trainer:   Auditor 'marital_status' accuracy: 0.5266
2026-04-24 18:26:45,484 [INFO] pcrl.training.trainer:   Auditor 'income' accuracy: 0.5910
2026-04-24 18:26:56,836 [INFO] pcrl.training.trainer: Epoch 31 [50/612] Loss: -374.5386 Task: 3.0911 Adv: -7.5526 Verify: 0.0000
2026-04-24 18:27:08,235 [INFO] pcrl.training.trainer: Epoch 31 [100/612] Loss: -368.6692 Task: 3.1831 Adv: -7.4370 Verify: 0.0000
2026-04-24 18:27:19,694 [INFO] pcrl.training.trainer: Epoch 31 [150/612] Loss: -367.2635 Task: 3.1705 Adv: -7.4087 Verify: 0.0000
2026-04-24 18:27:30,825 [INFO] pcrl.training.trainer: Epoch 31 [200/612] Loss: -370.6237 Task: 3.1808 Adv: -7.4761 Verify: 0.0000
2026-04-24 18:27:41,846 [INFO] pcrl.training.trainer: Epoch 31 [250/612] Loss: -369.3233 Task: 3.1884 Adv: -7.4502 Verify: 0.0000
2026-04-24 18:27:54,033 [INFO] pcrl.training.trainer: Epoch 31 [300/612] Loss: -371.5115 Task: 3.1015 Adv: -7.4923 Verify: 0.0000
2026-04-24 18:28:05,947 [INFO] pcrl.training.trainer: Epoch 31 [350/612] Loss: -365.6858 Task: 3.2270 Adv: -7.3783 Verify: 0.0000
2026-04-24 18:28:17,142 [INFO] pcrl.training.trainer: Epoch 31 [400/612] Loss: -373.6312 Task: 3.1535 Adv: -7.5357 Verify: 0.0000
2026-04-24 18:28:28,391 [INFO] pcrl.training.trainer: Epoch 31 [450/612] Loss: -379.0119 Task: 3.1514 Adv: -7.6433 Verify: 0.0000
2026-04-24 18:28:39,742 [INFO] pcrl.training.trainer: Epoch 31 [500/612] Loss: -370.1206 Task: 3.0709 Adv: -7.4638 Verify: 0.0000
2026-04-24 18:28:51,236 [INFO] pcrl.training.trainer: Epoch 31 [550/612] Loss: -376.2474 Task: 3.1452 Adv: -7.5879 Verify: 0.0000
2026-04-24 18:29:02,485 [INFO] pcrl.training.trainer: Epoch 31 [600/612] Loss: -371.2166 Task: 3.1308 Adv: -7.4869 Verify: 0.0000
2026-04-24 18:29:05,155 [INFO] pcrl.training.trainer: [TRAIN] Epoch 31 - Loss: -371.2307, Task: 3.1529, Adv: -7.4877, Verify: 0.0000, Time: 139.7s
2026-04-24 18:29:05,155 [INFO] pcrl.training.trainer:   Task 'income' accuracy: 0.5882
2026-04-24 18:29:05,155 [INFO] pcrl.training.trainer:   Task 'hours_band' accuracy: 0.5466
2026-04-24 18:29:05,155 [INFO] pcrl.training.trainer:   Task 'education_level' accuracy: 0.3866
2026-04-24 18:29:05,156 [INFO] pcrl.training.trainer:   Auditor 'race' accuracy: 0.6184
2026-04-24 18:29:05,156 [INFO] pcrl.training.trainer:   Auditor 'sex' accuracy: 0.5281
2026-04-24 18:29:05,156 [INFO] pcrl.training.trainer:   Auditor 'age_group' accuracy: 0.4156
2026-04-24 18:29:05,156 [INFO] pcrl.training.trainer:   Auditor 'marital_status' accuracy: 0.5235
2026-04-24 18:29:05,156 [INFO] pcrl.training.trainer:   Auditor 'income' accuracy: 0.5882
2026-04-24 18:29:06,403 [INFO] pcrl.training.trainer: [VAL] Epoch 31 - Loss: 377.1357, Task: 3.1607, Adv: 7.4795, Verify: 0.0000, Time: 1.2s
2026-04-24 18:29:06,404 [INFO] pcrl.training.trainer:   Task 'income' accuracy: 0.5910
2026-04-24 18:29:06,404 [INFO] pcrl.training.trainer:   Task 'hours_band' accuracy: 0.5423
2026-04-24 18:29:06,404 [INFO] pcrl.training.trainer:   Task 'education_level' accuracy: 0.3866
2026-04-24 18:29:06,404 [INFO] pcrl.training.trainer:   Auditor 'race' accuracy: 0.6201
2026-04-24 18:29:06,404 [INFO] pcrl.training.trainer:   Auditor 'sex' accuracy: 0.5278
2026-04-24 18:29:06,404 [INFO] pcrl.training.trainer:   Auditor 'age_group' accuracy: 0.4141
2026-04-24 18:29:06,404 [INFO] pcrl.training.trainer:   Auditor 'marital_status' accuracy: 0.5266
2026-04-24 18:29:06,404 [INFO] pcrl.training.trainer:   Auditor 'income' accuracy: 0.5910
2026-04-24 18:29:06,404 [INFO] pcrl.training.trainer: Early stopping at epoch 31
2026-04-24 18:29:06,445 [INFO] pcrl.training.trainer: Saved checkpoint to /home/ubuntu/PCRL/checkpoints/folktables_pcrl_s0/final.pt
2026-04-24 18:29:06,445 [INFO] pcrl.training.trainer: Training complete!
2026-04-24 18:47:37,068 [INFO] __main__:   seed=0: income_acc=0.5976 ep=32 4405s
2026-04-24 18:47:37,069 [INFO] __main__: Saved /home/ubuntu/PCRL/results/folktables/pcrl_seeds.csv (8 rows)
2026-04-24 18:47:37,069 [INFO] __main__: ═══ PCRL seed=1 ═══
2026-04-24 18:47:37,128 [INFO] pcrl.training.trainer: ============================================================
2026-04-24 18:47:37,128 [INFO] pcrl.training.trainer: Starting PCRL Training
2026-04-24 18:47:37,128 [INFO] pcrl.training.trainer: ============================================================
2026-04-24 18:47:37,129 [INFO] pcrl.training.trainer: Epochs: 200
2026-04-24 18:47:37,129 [INFO] pcrl.training.trainer: Batch size: 256
2026-04-24 18:47:37,129 [INFO] pcrl.training.trainer: Lambda adversarial: 50.0
2026-04-24 18:47:37,129 [INFO] pcrl.training.trainer: Auditor steps per encoder step: 20
2026-04-24 18:47:37,129 [INFO] pcrl.training.trainer: Purposes: ['income_prediction', 'employment_analysis', 'education_assessment']
2026-04-24 18:47:37,129 [INFO] pcrl.training.trainer: ============================================================
2026-04-24 18:47:49,264 [INFO] pcrl.training.trainer: Epoch 0 [50/612] Loss: -86.0263 Task: 3.3047 Adv: -4.0414 Verify: 2.2548
2026-04-24 18:48:01,304 [INFO] pcrl.training.trainer: Epoch 0 [100/612] Loss: -118.8604 Task: 3.0664 Adv: -4.5764 Verify: 2.1379
2026-04-24 18:48:13,401 [INFO] pcrl.training.trainer: Epoch 0 [150/612] Loss: -120.4553 Task: 2.8813 Adv: -4.7198 Verify: 2.2531
2026-04-24 18:48:25,088 [INFO] pcrl.training.trainer: Epoch 0 [200/612] Loss: -146.6781 Task: 2.6734 Adv: -5.4562 Verify: 2.4692
2026-04-24 18:48:36,792 [INFO] pcrl.training.trainer: Epoch 0 [250/612] Loss: -147.4104 Task: 2.5633 Adv: -5.2594 Verify: 2.2599
2026-04-24 18:48:48,592 [INFO] pcrl.training.trainer: Epoch 0 [300/612] Loss: -161.0767 Task: 2.4066 Adv: -5.5514 Verify: 2.2817
2026-04-24 18:49:00,332 [INFO] pcrl.training.trainer: Epoch 0 [350/612] Loss: -158.9730 Task: 2.2063 Adv: -5.6022 Verify: 2.3786
2026-04-24 18:49:12,698 [INFO] pcrl.training.trainer: Epoch 0 [400/612] Loss: -174.6308 Task: 2.2610 Adv: -5.5439 Verify: 2.0061
2026-04-24 18:49:25,858 [INFO] pcrl.training.trainer: Epoch 0 [450/612] Loss: -191.1550 Task: 2.1549 Adv: -5.8657 Verify: 1.9995
2026-04-24 18:49:37,826 [INFO] pcrl.training.trainer: Epoch 0 [500/612] Loss: -155.2513 Task: 2.0876 Adv: -5.2910 Verify: 2.1442
2026-04-24 18:49:49,846 [INFO] pcrl.training.trainer: Epoch 0 [550/612] Loss: -174.2310 Task: 2.0658 Adv: -5.7067 Verify: 2.1808
2026-04-24 18:50:02,066 [INFO] pcrl.training.trainer: Epoch 0 [600/612] Loss: -196.1019 Task: 1.9924 Adv: -6.1122 Verify: 2.1503
2026-04-24 18:50:04,953 [INFO] pcrl.training.trainer: [TRAIN] Epoch 0 - Loss: -141.0986, Task: 2.5624, Adv: -5.1448, Verify: 2.2715, Time: 147.8s
2026-04-24 18:50:04,953 [INFO] pcrl.training.trainer:   Task 'income' accuracy: 0.6110
2026-04-24 18:50:04,953 [INFO] pcrl.training.trainer:   Task 'hours_band' accuracy: 0.6360
2026-04-24 18:50:04,953 [INFO] pcrl.training.trainer:   Task 'education_level' accuracy: 0.5990
2026-04-24 18:50:04,953 [INFO] pcrl.training.trainer:   Auditor 'race' accuracy: 0.6251
2026-04-24 18:50:04,953 [INFO] pcrl.training.trainer:   Auditor 'sex' accuracy: 0.6717
2026-04-24 18:50:04,953 [INFO] pcrl.training.trainer:   Auditor 'age_group' accuracy: 0.5294
2026-04-24 18:50:04,953 [INFO] pcrl.training.trainer:   Auditor 'marital_status' accuracy: 0.6685
2026-04-24 18:50:04,953 [INFO] pcrl.training.trainer:   Auditor 'income' accuracy: 0.6283
2026-04-24 18:50:06,068 [INFO] pcrl.training.trainer: [VAL] Epoch 0 - Loss: 396.7608, Task: 1.7967, Adv: 7.8993, Verify: 0.0000, Time: 1.1s
2026-04-24 18:50:06,068 [INFO] pcrl.training.trainer:   Task 'income' accuracy: 0.6417
2026-04-24 18:50:06,068 [INFO] pcrl.training.trainer:   Task 'hours_band' accuracy: 0.7848
2026-04-24 18:50:06,068 [INFO] pcrl.training.trainer:   Task 'education_level' accuracy: 0.8183
2026-04-24 18:50:06,068 [INFO] pcrl.training.trainer:   Auditor 'race' accuracy: 0.5848
2026-04-24 18:50:06,068 [INFO] pcrl.training.trainer:   Auditor 'sex' accuracy: 0.5897
2026-04-24 18:50:06,068 [INFO] pcrl.training.trainer:   Auditor 'age_group' accuracy: 0.4167
2026-04-24 18:50:06,068 [INFO] pcrl.training.trainer:   Auditor 'marital_status' accuracy: 0.6193
2026-04-24 18:50:06,069 [INFO] pcrl.training.trainer:   Auditor 'income' accuracy: 0.6372
2026-04-24 18:50:06,110 [INFO] pcrl.training.trainer: Saved checkpoint to /home/ubuntu/PCRL/checkpoints/folktables_pcrl_s1/best.pt
2026-04-24 18:50:18,187 [INFO] pcrl.training.trainer: Epoch 1 [50/612] Loss: -213.2863 Task: 1.9822 Adv: -6.4262 Verify: 2.1208
2026-04-24 18:50:30,380 [INFO] pcrl.training.trainer: Epoch 1 [100/612] Loss: -202.1463 Task: 1.9172 Adv: -6.2900 Verify: 2.2087
2026-04-24 18:50:42,233 [INFO] pcrl.training.trainer: Epoch 1 [150/612] Loss: -202.6964 Task: 2.0030 Adv: -6.3134 Verify: 2.2194
2026-04-24 18:50:54,080 [INFO] pcrl.training.trainer: Epoch 1 [200/612] Loss: -203.7371 Task: 1.9870 Adv: -6.2966 Verify: 2.1821
2026-04-24 18:51:06,156 [INFO] pcrl.training.trainer: Epoch 1 [250/612] Loss: -202.5549 Task: 2.0004 Adv: -6.2434 Verify: 2.1523
2026-04-24 18:51:18,122 [INFO] pcrl.training.trainer: Epoch 1 [300/612] Loss: -194.3301 Task: 2.0242 Adv: -5.9442 Verify: 2.0172
2026-04-24 18:51:30,345 [INFO] pcrl.training.trainer: Epoch 1 [350/612] Loss: -223.3674 Task: 1.9473 Adv: -6.5384 Verify: 2.0321
2026-04-24 18:51:42,244 [INFO] pcrl.training.trainer: Epoch 1 [400/612] Loss: -226.6140 Task: 1.9212 Adv: -6.7098 Verify: 2.1391
2026-04-24 18:51:54,179 [INFO] pcrl.training.trainer: Epoch 1 [450/612] Loss: -236.3857 Task: 2.1027 Adv: -6.9135 Verify: 2.1437
2026-04-24 18:52:06,265 [INFO] pcrl.training.trainer: Epoch 1 [500/612] Loss: -232.5432 Task: 2.2009 Adv: -6.7892 Verify: 2.0944
2026-04-24 18:52:18,168 [INFO] pcrl.training.trainer: Epoch 1 [550/612] Loss: -227.9806 Task: 2.2008 Adv: -6.4586 Verify: 1.8550
2026-04-24 18:52:30,160 [INFO] pcrl.training.trainer: Epoch 1 [600/612] Loss: -246.5681 Task: 2.2678 Adv: -6.9611 Verify: 1.9844
2026-04-24 18:52:32,985 [INFO] pcrl.training.trainer: [TRAIN] Epoch 1 - Loss: -214.1277, Task: 2.0583, Adv: -6.3908, Verify: 2.0671, Time: 146.9s
2026-04-24 18:52:32,985 [INFO] pcrl.training.trainer:   Task 'income' accuracy: 0.6329
2026-04-24 18:52:32,985 [INFO] pcrl.training.trainer:   Task 'hours_band' accuracy: 0.7401
2026-04-24 18:52:32,985 [INFO] pcrl.training.trainer:   Task 'education_level' accuracy: 0.6884
2026-04-24 18:52:32,985 [INFO] pcrl.training.trainer:   Auditor 'race' accuracy: 0.6120
2026-04-24 18:52:32,985 [INFO] pcrl.training.trainer:   Auditor 'sex' accuracy: 0.5961
2026-04-24 18:52:32,985 [INFO] pcrl.training.trainer:   Auditor 'age_group' accuracy: 0.4773
2026-04-24 18:52:32,985 [INFO] pcrl.training.trainer:   Auditor 'marital_status' accuracy: 0.5908
2026-04-24 18:52:32,985 [INFO] pcrl.training.trainer:   Auditor 'income' accuracy: 0.6235
2026-04-24 18:52:34,209 [INFO] pcrl.training.trainer: [VAL] Epoch 1 - Loss: 402.5702, Task: 2.2503, Adv: 8.0064, Verify: 0.0000, Time: 1.2s
2026-04-24 18:52:34,209 [INFO] pcrl.training.trainer:   Task 'income' accuracy: 0.6178
2026-04-24 18:52:34,209 [INFO] pcrl.training.trainer:   Task 'hours_band' accuracy: 0.7642
2026-04-24 18:52:34,209 [INFO] pcrl.training.trainer:   Task 'education_level' accuracy: 0.5660
2026-04-24 18:52:34,209 [INFO] pcrl.training.trainer:   Auditor 'race' accuracy: 0.6196
2026-04-24 18:52:34,209 [INFO] pcrl.training.trainer:   Auditor 'sex' accuracy: 0.5450
2026-04-24 18:52:34,209 [INFO] pcrl.training.trainer:   Auditor 'age_group' accuracy: 0.3475
2026-04-24 18:52:34,209 [INFO] pcrl.training.trainer:   Auditor 'marital_status' accuracy: 0.5561
2026-04-24 18:52:34,209 [INFO] pcrl.training.trainer:   Auditor 'income' accuracy: 0.5839
2026-04-24 18:52:46,118 [INFO] pcrl.training.trainer: Epoch 2 [50/612] Loss: -223.8192 Task: 2.1624 Adv: -6.5475 Verify: 2.0279
2026-04-24 18:52:58,321 [INFO] pcrl.training.trainer: Epoch 2 [100/612] Loss: -224.0230 Task: 2.1920 Adv: -6.6178 Verify: 2.0935
2026-04-24 18:53:10,267 [INFO] pcrl.training.trainer: Epoch 2 [150/612] Loss: -230.4670 Task: 2.4584 Adv: -6.7709 Verify: 2.1124
2026-04-24 18:53:22,082 [INFO] pcrl.training.trainer: Epoch 2 [200/612] Loss: -240.3457 Task: 2.2392 Adv: -6.6741 Verify: 1.8224
2026-04-24 18:53:33,879 [INFO] pcrl.training.trainer: Epoch 2 [250/612] Loss: -258.3808 Task: 2.3230 Adv: -7.1508 Verify: 1.9367
2026-04-24 18:53:45,809 [INFO] pcrl.training.trainer: Epoch 2 [300/612] Loss: -235.0936 Task: 2.4405 Adv: -6.7887 Verify: 2.0380
2026-04-24 18:53:57,585 [INFO] pcrl.training.trainer: Epoch 2 [350/612] Loss: -250.7519 Task: 2.3557 Adv: -7.0782 Verify: 2.0160
2026-04-24 18:54:10,597 [INFO] pcrl.training.trainer: Epoch 2 [400/612] Loss: -262.9800 Task: 2.5413 Adv: -7.2479 Verify: 1.9374
2026-04-24 18:54:23,074 [INFO] pcrl.training.trainer: Epoch 2 [450/612] Loss: -263.0421 Task: 2.6160 Adv: -7.1995 Verify: 1.8864
2026-04-24 18:54:34,870 [INFO] pcrl.training.trainer: Epoch 2 [500/612] Loss: -268.7622 Task: 2.6166 Adv: -7.3693 Verify: 1.9417
2026-04-24 18:54:46,783 [INFO] pcrl.training.trainer: Epoch 2 [550/612] Loss: -267.6157 Task: 2.6965 Adv: -7.2200 Verify: 1.8138
2026-04-24 18:54:58,798 [INFO] pcrl.training.trainer: Epoch 2 [600/612] Loss: -263.9673 Task: 2.6411 Adv: -7.1959 Verify: 1.8638
2026-04-24 18:55:01,643 [INFO] pcrl.training.trainer: [TRAIN] Epoch 2 - Loss: -249.6912, Task: 2.4336, Adv: -6.9849, Verify: 1.9424, Time: 147.4s
2026-04-24 18:55:01,643 [INFO] pcrl.training.trainer:   Task 'income' accuracy: 0.6160
2026-04-24 18:55:01,643 [INFO] pcrl.training.trainer:   Task 'hours_band' accuracy: 0.7575
2026-04-24 18:55:01,643 [INFO] pcrl.training.trainer:   Task 'education_level' accuracy: 0.4780
2026-04-24 18:55:01,643 [INFO] pcrl.training.trainer:   Auditor 'race' accuracy: 0.6149
2026-04-24 18:55:01,643 [INFO] pcrl.training.trainer:   Auditor 'sex' accuracy: 0.5565
2026-04-24 18:55:01,643 [INFO] pcrl.training.trainer:   Auditor 'age_group' accuracy: 0.4442
2026-04-24 18:55:01,643 [INFO] pcrl.training.trainer:   Auditor 'marital_status' accuracy: 0.5447
2026-04-24 18:55:01,643 [INFO] pcrl.training.trainer:   Auditor 'income' accuracy: 0.6149
2026-04-24 18:55:02,741 [INFO] pcrl.training.trainer: [VAL] Epoch 2 - Loss: 386.7599, Task: 2.9106, Adv: 7.6770, Verify: 0.0000, Time: 1.1s
2026-04-24 18:55:02,741 [INFO] pcrl.training.trainer:   Task 'income' accuracy: 0.5981
2026-04-24 18:55:02,741 [INFO] pcrl.training.trainer:   Task 'hours_band' accuracy: 0.7007
2026-04-24 18:55:02,741 [INFO] pcrl.training.trainer:   Task 'education_level' accuracy: 0.3762
2026-04-24 18:55:02,741 [INFO] pcrl.training.trainer:   Auditor 'race' accuracy: 0.6169
2026-04-24 18:55:02,741 [INFO] pcrl.training.trainer:   Auditor 'sex' accuracy: 0.5264
2026-04-24 18:55:02,741 [INFO] pcrl.training.trainer:   Auditor 'age_group' accuracy: 0.4109
2026-04-24 18:55:02,741 [INFO] pcrl.training.trainer:   Auditor 'marital_status' accuracy: 0.5133
2026-04-24 18:55:02,741 [INFO] pcrl.training.trainer:   Auditor 'income' accuracy: 0.5911
2026-04-24 18:55:02,802 [INFO] pcrl.training.trainer: Saved checkpoint to /home/ubuntu/PCRL/checkpoints/folktables_pcrl_s1/best.pt
2026-04-24 18:55:14,790 [INFO] pcrl.training.trainer: Epoch 3 [50/612] Loss: -268.2427 Task: 2.9119 Adv: -7.1629 Verify: 1.7398
2026-04-24 18:55:26,980 [INFO] pcrl.training.trainer: Epoch 3 [100/612] Loss: -289.3535 Task: 2.8649 Adv: -7.4305 Verify: 1.5861
2026-04-24 18:55:39,116 [INFO] pcrl.training.trainer: Epoch 3 [150/612] Loss: -312.0688 Task: 3.0009 Adv: -7.4766 Verify: 1.1753
2026-04-24 18:55:50,942 [INFO] pcrl.training.trainer: Epoch 3 [200/612] Loss: -348.8890 Task: 3.1470 Adv: -7.6758 Verify: 0.6351
2026-04-24 18:56:02,860 [INFO] pcrl.training.trainer: Epoch 3 [250/612] Loss: -346.5867 Task: 3.0947 Adv: -7.4309 Verify: 0.4373
2026-04-24 18:56:14,803 [INFO] pcrl.training.trainer: Epoch 3 [300/612] Loss: -359.0833 Task: 3.1842 Adv: -7.4919 Verify: 0.2465
2026-04-24 18:56:26,675 [INFO] pcrl.training.trainer: Epoch 3 [350/612] Loss: -361.8156 Task: 3.0949 Adv: -7.4473 Verify: 0.1491
2026-04-24 18:56:38,679 [INFO] pcrl.training.trainer: Epoch 3 [400/612] Loss: -365.4247 Task: 3.1600 Adv: -7.4914 Verify: 0.1197
2026-04-24 18:56:50,481 [INFO] pcrl.training.trainer: Epoch 3 [450/612] Loss: -370.9243 Task: 3.1536 Adv: -7.5087 Verify: 0.0271
2026-04-24 18:57:02,210 [INFO] pcrl.training.trainer: Epoch 3 [500/612] Loss: -371.0807 Task: 3.1565 Adv: -7.5013 Verify: 0.0165
2026-04-24 18:57:13,959 [INFO] pcrl.training.trainer: Epoch 3 [550/612] Loss: -372.1614 Task: 3.0944 Adv: -7.5190 Verify: 0.0139
2026-04-24 18:57:25,692 [INFO] pcrl.training.trainer: Epoch 3 [600/612] Loss: -370.2072 Task: 3.1506 Adv: -7.4970 Verify: 0.0299
2026-04-24 18:57:28,495 [INFO] pcrl.training.trainer: [TRAIN] Epoch 3 - Loss: -338.9768, Task: 3.0688, Adv: -7.4205, Verify: 0.5796, Time: 145.7s
2026-04-24 18:57:28,495 [INFO] pcrl.training.trainer:   Task 'income' accuracy: 0.5915
2026-04-24 18:57:28,495 [INFO] pcrl.training.trainer:   Task 'hours_band' accuracy: 0.5815
2026-04-24 18:57:28,495 [INFO] pcrl.training.trainer:   Task 'education_level' accuracy: 0.3799
2026-04-24 18:57:28,495 [INFO] pcrl.training.trainer:   Auditor 'race' accuracy: 0.6182
2026-04-24 18:57:28,495 [INFO] pcrl.training.trainer:   Auditor 'sex' accuracy: 0.5290
2026-04-24 18:57:28,495 [INFO] pcrl.training.trainer:   Auditor 'age_group' accuracy: 0.4208
2026-04-24 18:57:28,495 [INFO] pcrl.training.trainer:   Auditor 'marital_status' accuracy: 0.5245
2026-04-24 18:57:28,495 [INFO] pcrl.training.trainer:   Auditor 'income' accuracy: 0.5913
2026-04-24 18:57:29,722 [INFO] pcrl.training.trainer: [VAL] Epoch 3 - Loss: 377.1564, Task: 3.1622, Adv: 7.4799, Verify: 0.0000, Time: 1.2s
2026-04-24 18:57:29,722 [INFO] pcrl.training.trainer:   Task 'income' accuracy: 0.5910
2026-04-24 18:57:29,722 [INFO] pcrl.training.trainer:   Task 'hours_band' accuracy: 0.5423
2026-04-24 18:57:29,722 [INFO] pcrl.training.trainer:   Task 'education_level' accuracy: 0.3866
2026-04-24 18:57:29,722 [INFO] pcrl.training.trainer:   Auditor 'race' accuracy: 0.6201
2026-04-24 18:57:29,722 [INFO] pcrl.training.trainer:   Auditor 'sex' accuracy: 0.5278
2026-04-24 18:57:29,722 [INFO] pcrl.training.trainer:   Auditor 'age_group' accuracy: 0.4141
2026-04-24 18:57:29,722 [INFO] pcrl.training.trainer:   Auditor 'marital_status' accuracy: 0.5266
2026-04-24 18:57:29,722 [INFO] pcrl.training.trainer:   Auditor 'income' accuracy: 0.5910
2026-04-24 18:57:29,782 [INFO] pcrl.training.trainer: Saved checkpoint to /home/ubuntu/PCRL/checkpoints/folktables_pcrl_s1/best.pt
2026-04-24 18:57:41,508 [INFO] pcrl.training.trainer: Epoch 4 [50/612] Loss: -374.2071 Task: 3.1507 Adv: -7.5472 Verify: 0.0000
2026-04-24 18:57:53,234 [INFO] pcrl.training.trainer: Epoch 4 [100/612] Loss: -370.3977 Task: 3.1971 Adv: -7.4719 Verify: 0.0000
2026-04-24 18:58:04,963 [INFO] pcrl.training.trainer: Epoch 4 [150/612] Loss: -364.8174 Task: 3.1427 Adv: -7.3592 Verify: 0.0000
2026-04-24 18:58:17,196 [INFO] pcrl.training.trainer: Epoch 4 [200/612] Loss: -368.8722 Task: 3.1356 Adv: -7.4402 Verify: 0.0000
2026-04-24 18:58:29,536 [INFO] pcrl.training.trainer: Epoch 4 [250/612] Loss: -372.3929 Task: 3.1581 Adv: -7.5110 Verify: 0.0000
2026-04-24 18:58:41,337 [INFO] pcrl.training.trainer: Epoch 4 [300/612] Loss: -373.3590 Task: 3.1892 Adv: -7.5310 Verify: 0.0000
2026-04-24 18:58:52,973 [INFO] pcrl.training.trainer: Epoch 4 [350/612] Loss: -371.0303 Task: 3.0900 Adv: -7.4824 Verify: 0.0000
2026-04-24 18:59:04,533 [INFO] pcrl.training.trainer: Epoch 4 [400/612] Loss: -370.3320 Task: 3.2168 Adv: -7.4710 Verify: 0.0000
2026-04-24 18:59:16,337 [INFO] pcrl.training.trainer: Epoch 4 [450/612] Loss: -370.3156 Task: 3.1386 Adv: -7.4691 Verify: 0.0000
2026-04-24 18:59:28,080 [INFO] pcrl.training.trainer: Epoch 4 [500/612] Loss: -372.0592 Task: 3.1213 Adv: -7.5036 Verify: 0.0000
2026-04-24 18:59:39,978 [INFO] pcrl.training.trainer: Epoch 4 [550/612] Loss: -367.7104 Task: 3.1285 Adv: -7.4168 Verify: 0.0000
2026-04-24 18:59:51,939 [INFO] pcrl.training.trainer: Epoch 4 [600/612] Loss: -371.6061 Task: 3.0685 Adv: -7.5103 Verify: 0.0168
2026-04-24 18:59:54,793 [INFO] pcrl.training.trainer: [TRAIN] Epoch 4 - Loss: -371.1122, Task: 3.1557, Adv: -7.4870, Verify: 0.0017, Time: 145.0s
2026-04-24 18:59:54,793 [INFO] pcrl.training.trainer:   Task 'income' accuracy: 0.5882
2026-04-24 18:59:54,793 [INFO] pcrl.training.trainer:   Task 'hours_band' accuracy: 0.5466
2026-04-24 18:59:54,793 [INFO] pcrl.training.trainer:   Task 'education_level' accuracy: 0.3866
2026-04-24 18:59:54,793 [INFO] pcrl.training.trainer:   Auditor 'race' accuracy: 0.6184
2026-04-24 18:59:54,793 [INFO] pcrl.training.trainer:   Auditor 'sex' accuracy: 0.5282
2026-04-24 18:59:54,794 [INFO] pcrl.training.trainer:   Auditor 'age_group' accuracy: 0.4160
2026-04-24 18:59:54,794 [INFO] pcrl.training.trainer:   Auditor 'marital_status' accuracy: 0.5240
2026-04-24 18:59:54,794 [INFO] pcrl.training.trainer:   Auditor 'income' accuracy: 0.5882
2026-04-24 18:59:56,066 [INFO] pcrl.training.trainer: [VAL] Epoch 4 - Loss: 377.3780, Task: 3.1613, Adv: 7.4843, Verify: 0.0000, Time: 1.3s
2026-04-24 18:59:56,066 [INFO] pcrl.training.trainer:   Task 'income' accuracy: 0.5910
2026-04-24 18:59:56,066 [INFO] pcrl.training.trainer:   Task 'hours_band' accuracy: 0.5423
2026-04-24 18:59:56,067 [INFO] pcrl.training.trainer:   Task 'education_level' accuracy: 0.3866
2026-04-24 18:59:56,067 [INFO] pcrl.training.trainer:   Auditor 'race' accuracy: 0.6201
2026-04-24 18:59:56,067 [INFO] pcrl.training.trainer:   Auditor 'sex' accuracy: 0.5278
2026-04-24 18:59:56,067 [INFO] pcrl.training.trainer:   Auditor 'age_group' accuracy: 0.4141
2026-04-24 18:59:56,067 [INFO] pcrl.training.trainer:   Auditor 'marital_status' accuracy: 0.5266
2026-04-24 18:59:56,067 [INFO] pcrl.training.trainer:   Auditor 'income' accuracy: 0.5910
2026-04-24 19:00:08,107 [INFO] pcrl.training.trainer: Epoch 5 [50/612] Loss: -374.7420 Task: 3.1385 Adv: -7.5576 Verify: 0.0000
2026-04-24 19:00:19,862 [INFO] pcrl.training.trainer: Epoch 5 [100/612] Loss: -369.8822 Task: 3.1625 Adv: -7.4609 Verify: 0.0000
2026-04-24 19:00:31,732 [INFO] pcrl.training.trainer: Epoch 5 [150/612] Loss: -367.9515 Task: 3.0998 Adv: -7.4210 Verify: 0.0000
2026-04-24 19:00:43,381 [INFO] pcrl.training.trainer: Epoch 5 [200/612] Loss: -371.2424 Task: 3.1719 Adv: -7.4883 Verify: 0.0000
2026-04-24 19:00:55,193 [INFO] pcrl.training.trainer: Epoch 5 [250/612] Loss: -373.9924 Task: 3.1395 Adv: -7.5426 Verify: 0.0000
2026-04-24 19:01:07,062 [INFO] pcrl.training.trainer: Epoch 5 [300/612] Loss: -373.0226 Task: 3.1648 Adv: -7.5237 Verify: 0.0000
2026-04-24 19:01:19,097 [INFO] pcrl.training.trainer: Epoch 5 [350/612] Loss: -370.2422 Task: 3.2161 Adv: -7.4692 Verify: 0.0000
2026-04-24 19:01:30,839 [INFO] pcrl.training.trainer: Epoch 5 [400/612] Loss: -371.7845 Task: 3.0637 Adv: -7.4970 Verify: 0.0000
2026-04-24 19:01:42,804 [INFO] pcrl.training.trainer: Epoch 5 [450/612] Loss: -368.1342 Task: 3.1298 Adv: -7.4253 Verify: 0.0000
2026-04-24 19:01:54,871 [INFO] pcrl.training.trainer: Epoch 5 [500/612] Loss: -365.7833 Task: 3.1275 Adv: -7.3782 Verify: 0.0000
2026-04-24 19:02:06,956 [INFO] pcrl.training.trainer: Epoch 5 [550/612] Loss: -374.4240 Task: 3.1266 Adv: -7.5510 Verify: 0.0000
2026-04-24 19:02:19,066 [INFO] pcrl.training.trainer: Epoch 5 [600/612] Loss: -375.9697 Task: 3.0891 Adv: -7.5812 Verify: 0.0000
2026-04-24 19:02:21,899 [INFO] pcrl.training.trainer: [TRAIN] Epoch 5 - Loss: -371.3675, Task: 3.1544, Adv: -7.4906, Verify: 0.0002, Time: 145.8s
2026-04-24 19:02:21,899 [INFO] pcrl.training.trainer:   Task 'income' accuracy: 0.5882
2026-04-24 19:02:21,899 [INFO] pcrl.training.trainer:   Task 'hours_band' accuracy: 0.5466
2026-04-24 19:02:21,899 [INFO] pcrl.training.trainer:   Task 'education_level' accuracy: 0.3866
2026-04-24 19:02:21,899 [INFO] pcrl.training.trainer:   Auditor 'race' accuracy: 0.6184
2026-04-24 19:02:21,900 [INFO] pcrl.training.trainer:   Auditor 'sex' accuracy: 0.5283
2026-04-24 19:02:21,900 [INFO] pcrl.training.trainer:   Auditor 'age_group' accuracy: 0.4156
2026-04-24 19:02:21,900 [INFO] pcrl.training.trainer:   Auditor 'marital_status' accuracy: 0.5240
2026-04-24 19:02:21,900 [INFO] pcrl.training.trainer:   Auditor 'income' accuracy: 0.5882
2026-04-24 19:02:22,983 [INFO] pcrl.training.trainer: [VAL] Epoch 5 - Loss: 377.0728, Task: 3.1618, Adv: 7.4782, Verify: 0.0000, Time: 1.1s
2026-04-24 19:02:22,983 [INFO] pcrl.training.trainer:   Task 'income' accuracy: 0.5910
2026-04-24 19:02:22,983 [INFO] pcrl.training.trainer:   Task 'hours_band' accuracy: 0.5423
2026-04-24 19:02:22,983 [INFO] pcrl.training.trainer:   Task 'education_level' accuracy: 0.3866
2026-04-24 19:02:22,983 [INFO] pcrl.training.trainer:   Auditor 'race' accuracy: 0.6201
2026-04-24 19:02:22,984 [INFO] pcrl.training.trainer:   Auditor 'sex' accuracy: 0.5278
2026-04-24 19:02:22,984 [INFO] pcrl.training.trainer:   Auditor 'age_group' accuracy: 0.4141
2026-04-24 19:02:22,984 [INFO] pcrl.training.trainer:   Auditor 'marital_status' accuracy: 0.5266
2026-04-24 19:02:22,984 [INFO] pcrl.training.trainer:   Auditor 'income' accuracy: 0.5910
2026-04-24 19:02:23,055 [INFO] pcrl.training.trainer: Saved checkpoint to /home/ubuntu/PCRL/checkpoints/folktables_pcrl_s1/best.pt
2026-04-24 19:02:34,903 [INFO] pcrl.training.trainer: Epoch 6 [50/612] Loss: -372.5722 Task: 3.1389 Adv: -7.5142 Verify: 0.0000
2026-04-24 19:02:46,820 [INFO] pcrl.training.trainer: Epoch 6 [100/612] Loss: -369.8017 Task: 3.1409 Adv: -7.4589 Verify: 0.0000
2026-04-24 19:02:58,729 [INFO] pcrl.training.trainer: Epoch 6 [150/612] Loss: -370.4249 Task: 3.2154 Adv: -7.4728 Verify: 0.0000
2026-04-24 19:03:10,486 [INFO] pcrl.training.trainer: Epoch 6 [200/612] Loss: -372.8669 Task: 3.1453 Adv: -7.5202 Verify: 0.0000
2026-04-24 19:03:22,325 [INFO] pcrl.training.trainer: Epoch 6 [250/612] Loss: -372.1357 Task: 3.1738 Adv: -7.5062 Verify: 0.0000
2026-04-24 19:03:34,202 [INFO] pcrl.training.trainer: Epoch 6 [300/612] Loss: -373.4670 Task: 3.1814 Adv: -7.5330 Verify: 0.0000
2026-04-24 19:03:46,152 [INFO] pcrl.training.trainer: Epoch 6 [350/612] Loss: -370.4720 Task: 3.1781 Adv: -7.4730 Verify: 0.0000
2026-04-24 19:03:58,162 [INFO] pcrl.training.trainer: Epoch 6 [400/612] Loss: -367.3318 Task: 3.1904 Adv: -7.4104 Verify: 0.0000
2026-04-24 19:04:10,346 [INFO] pcrl.training.trainer: Epoch 6 [450/612] Loss: -367.6626 Task: 3.1785 Adv: -7.4168 Verify: 0.0000
2026-04-24 19:04:22,348 [INFO] pcrl.training.trainer: Epoch 6 [500/612] Loss: -370.1652 Task: 3.2145 Adv: -7.4676 Verify: 0.0000
2026-04-24 19:04:34,415 [INFO] pcrl.training.trainer: Epoch 6 [550/612] Loss: -375.7235 Task: 3.1496 Adv: -7.5775 Verify: 0.0000
2026-04-24 19:04:46,364 [INFO] pcrl.training.trainer: Epoch 6 [600/612] Loss: -367.4540 Task: 3.1693 Adv: -7.4125 Verify: 0.0000
2026-04-24 19:04:49,224 [INFO] pcrl.training.trainer: [TRAIN] Epoch 6 - Loss: -371.2289, Task: 3.1540, Adv: -7.4877, Verify: 0.0001, Time: 146.2s
2026-04-24 19:04:49,224 [INFO] pcrl.training.trainer:   Task 'income' accuracy: 0.5882
2026-04-24 19:04:49,224 [INFO] pcrl.training.trainer:   Task 'hours_band' accuracy: 0.5466
2026-04-24 19:04:49,224 [INFO] pcrl.training.trainer:   Task 'education_level' accuracy: 0.3866
2026-04-24 19:04:49,224 [INFO] pcrl.training.trainer:   Auditor 'race' accuracy: 0.6184
2026-04-24 19:04:49,224 [INFO] pcrl.training.trainer:   Auditor 'sex' accuracy: 0.5282
2026-04-24 19:04:49,224 [INFO] pcrl.training.trainer:   Auditor 'age_group' accuracy: 0.4160
2026-04-24 19:04:49,224 [INFO] pcrl.training.trainer:   Auditor 'marital_status' accuracy: 0.5239
2026-04-24 19:04:49,224 [INFO] pcrl.training.trainer:   Auditor 'income' accuracy: 0.5882
2026-04-24 19:04:50,457 [INFO] pcrl.training.trainer: [VAL] Epoch 6 - Loss: 377.4121, Task: 3.1609, Adv: 7.4850, Verify: 0.0000, Time: 1.2s
2026-04-24 19:04:50,457 [INFO] pcrl.training.trainer:   Task 'income' accuracy: 0.5910
2026-04-24 19:04:50,457 [INFO] pcrl.training.trainer:   Task 'hours_band' accuracy: 0.5423
2026-04-24 19:04:50,457 [INFO] pcrl.training.trainer:   Task 'education_level' accuracy: 0.3866
2026-04-24 19:04:50,457 [INFO] pcrl.training.trainer:   Auditor 'race' accuracy: 0.6201
2026-04-24 19:04:50,457 [INFO] pcrl.training.trainer:   Auditor 'sex' accuracy: 0.5278
2026-04-24 19:04:50,457 [INFO] pcrl.training.trainer:   Auditor 'age_group' accuracy: 0.4141
2026-04-24 19:04:50,457 [INFO] pcrl.training.trainer:   Auditor 'marital_status' accuracy: 0.5266
2026-04-24 19:04:50,457 [INFO] pcrl.training.trainer:   Auditor 'income' accuracy: 0.5910
2026-04-24 19:05:02,203 [INFO] pcrl.training.trainer: Epoch 7 [50/612] Loss: -366.0217 Task: 3.1912 Adv: -7.3843 Verify: 0.0000
2026-04-24 19:05:14,303 [INFO] pcrl.training.trainer: Epoch 7 [100/612] Loss: -371.7013 Task: 3.1531 Adv: -7.4971 Verify: 0.0000
2026-04-24 19:05:26,294 [INFO] pcrl.training.trainer: Epoch 7 [150/612] Loss: -370.4272 Task: 3.2399 Adv: -7.4733 Verify: 0.0000
2026-04-24 19:05:38,081 [INFO] pcrl.training.trainer: Epoch 7 [200/612] Loss: -365.8710 Task: 3.1301 Adv: -7.3800 Verify: 0.0000
2026-04-24 19:05:49,896 [INFO] pcrl.training.trainer: Epoch 7 [250/612] Loss: -372.0450 Task: 3.0912 Adv: -7.5027 Verify: 0.0000
2026-04-24 19:06:01,823 [INFO] pcrl.training.trainer: Epoch 7 [300/612] Loss: -369.3742 Task: 3.1851 Adv: -7.4512 Verify: 0.0000
2026-04-24 19:06:13,669 [INFO] pcrl.training.trainer: Epoch 7 [350/612] Loss: -369.1960 Task: 3.1550 Adv: -7.4470 Verify: 0.0000
2026-04-24 19:06:25,413 [INFO] pcrl.training.trainer: Epoch 7 [400/612] Loss: -375.0160 Task: 3.1718 Adv: -7.5638 Verify: 0.0000
2026-04-24 19:06:37,421 [INFO] pcrl.training.trainer: Epoch 7 [450/612] Loss: -369.7120 Task: 3.2101 Adv: -7.4584 Verify: 0.0000
2026-04-24 19:06:49,096 [INFO] pcrl.training.trainer: Epoch 7 [500/612] Loss: -368.9569 Task: 3.1329 Adv: -7.4418 Verify: 0.0000
2026-04-24 19:07:00,831 [INFO] pcrl.training.trainer: Epoch 7 [550/612] Loss: -371.8395 Task: 3.1758 Adv: -7.5003 Verify: 0.0000
2026-04-24 19:07:12,704 [INFO] pcrl.training.trainer: Epoch 7 [600/612] Loss: -371.4014 Task: 3.1757 Adv: -7.4915 Verify: 0.0000
2026-04-24 19:07:15,690 [INFO] pcrl.training.trainer: [TRAIN] Epoch 7 - Loss: -371.2758, Task: 3.1539, Adv: -7.4887, Verify: 0.0001, Time: 145.2s
2026-04-24 19:07:15,690 [INFO] pcrl.training.trainer:   Task 'income' accuracy: 0.5882
2026-04-24 19:07:15,690 [INFO] pcrl.training.trainer:   Task 'hours_band' accuracy: 0.5466
2026-04-24 19:07:15,690 [INFO] pcrl.training.trainer:   Task 'education_level' accuracy: 0.3866
2026-04-24 19:07:15,690 [INFO] pcrl.training.trainer:   Auditor 'race' accuracy: 0.6184
2026-04-24 19:07:15,690 [INFO] pcrl.training.trainer:   Auditor 'sex' accuracy: 0.5283
2026-04-24 19:07:15,690 [INFO] pcrl.training.trainer:   Auditor 'age_group' accuracy: 0.4156
2026-04-24 19:07:15,690 [INFO] pcrl.training.trainer:   Auditor 'marital_status' accuracy: 0.5237
2026-04-24 19:07:15,690 [INFO] pcrl.training.trainer:   Auditor 'income' accuracy: 0.5882
2026-04-24 19:07:16,774 [INFO] pcrl.training.trainer: [VAL] Epoch 7 - Loss: 377.1455, Task: 3.1609, Adv: 7.4797, Verify: 0.0000, Time: 1.1s
2026-04-24 19:07:16,774 [INFO] pcrl.training.trainer:   Task 'income' accuracy: 0.5910
2026-04-24 19:07:16,774 [INFO] pcrl.training.trainer:   Task 'hours_band' accuracy: 0.5423
2026-04-24 19:07:16,774 [INFO] pcrl.training.trainer:   Task 'education_level' accuracy: 0.3866
2026-04-24 19:07:16,774 [INFO] pcrl.training.trainer:   Auditor 'race' accuracy: 0.6201
2026-04-24 19:07:16,774 [INFO] pcrl.training.trainer:   Auditor 'sex' accuracy: 0.5278
2026-04-24 19:07:16,774 [INFO] pcrl.training.trainer:   Auditor 'age_group' accuracy: 0.4141
2026-04-24 19:07:16,774 [INFO] pcrl.training.trainer:   Auditor 'marital_status' accuracy: 0.5266
2026-04-24 19:07:16,774 [INFO] pcrl.training.trainer:   Auditor 'income' accuracy: 0.5910
2026-04-24 19:07:28,575 [INFO] pcrl.training.trainer: Epoch 8 [50/612] Loss: -371.1989 Task: 3.1922 Adv: -7.4878 Verify: 0.0000
2026-04-24 19:07:40,269 [INFO] pcrl.training.trainer: Epoch 8 [100/612] Loss: -369.6916 Task: 3.1986 Adv: -7.4578 Verify: 0.0000
2026-04-24 19:07:51,938 [INFO] pcrl.training.trainer: Epoch 8 [150/612] Loss: -370.2542 Task: 3.1722 Adv: -7.4685 Verify: 0.0000
2026-04-24 19:08:03,748 [INFO] pcrl.training.trainer: Epoch 8 [200/612] Loss: -365.7279 Task: 3.2195 Adv: -7.3789 Verify: 0.0000
2026-04-24 19:08:15,439 [INFO] pcrl.training.trainer: Epoch 8 [250/612] Loss: -373.0807 Task: 3.1388 Adv: -7.5297 Verify: 0.0053
2026-04-24 19:08:27,173 [INFO] pcrl.training.trainer: Epoch 8 [300/612] Loss: -374.2276 Task: 3.1488 Adv: -7.5475 Verify: 0.0000
2026-04-24 19:08:38,951 [INFO] pcrl.training.trainer: Epoch 8 [350/612] Loss: -373.8446 Task: 3.0679 Adv: -7.5382 Verify: 0.0000
2026-04-24 19:08:50,837 [INFO] pcrl.training.trainer: Epoch 8 [400/612] Loss: -371.1000 Task: 3.1254 Adv: -7.4845 Verify: 0.0000
2026-04-24 19:09:02,481 [INFO] pcrl.training.trainer: Epoch 8 [450/612] Loss: -370.0036 Task: 3.1244 Adv: -7.4626 Verify: 0.0000
2026-04-24 19:09:14,175 [INFO] pcrl.training.trainer: Epoch 8 [500/612] Loss: -367.1823 Task: 3.1852 Adv: -7.4074 Verify: 0.0000
2026-04-24 19:09:25,703 [INFO] pcrl.training.trainer: Epoch 8 [550/612] Loss: -371.2651 Task: 3.1186 Adv: -7.4877 Verify: 0.0000
2026-04-24 19:09:37,463 [INFO] pcrl.training.trainer: Epoch 8 [600/612] Loss: -367.4133 Task: 3.1765 Adv: -7.4118 Verify: 0.0000
2026-04-24 19:09:40,246 [INFO] pcrl.training.trainer: [TRAIN] Epoch 8 - Loss: -371.3332, Task: 3.1537, Adv: -7.4898, Verify: 0.0000, Time: 143.5s
2026-04-24 19:09:40,247 [INFO] pcrl.training.trainer:   Task 'income' accuracy: 0.5882
2026-04-24 19:09:40,247 [INFO] pcrl.training.trainer:   Task 'hours_band' accuracy: 0.5466
2026-04-24 19:09:40,247 [INFO] pcrl.training.trainer:   Task 'education_level' accuracy: 0.3866
2026-04-24 19:09:40,247 [INFO] pcrl.training.trainer:   Auditor 'race' accuracy: 0.6184
2026-04-24 19:09:40,247 [INFO] pcrl.training.trainer:   Auditor 'sex' accuracy: 0.5282
2026-04-24 19:09:40,247 [INFO] pcrl.training.trainer:   Auditor 'age_group' accuracy: 0.4157
2026-04-24 19:09:40,247 [INFO] pcrl.training.trainer:   Auditor 'marital_status' accuracy: 0.5240
2026-04-24 19:09:40,247 [INFO] pcrl.training.trainer:   Auditor 'income' accuracy: 0.5882
2026-04-24 19:09:41,329 [INFO] pcrl.training.trainer: [VAL] Epoch 8 - Loss: 377.1295, Task: 3.1628, Adv: 7.4793, Verify: 0.0000, Time: 1.1s
2026-04-24 19:09:41,329 [INFO] pcrl.training.trainer:   Task 'income' accuracy: 0.5910
2026-04-24 19:09:41,329 [INFO] pcrl.training.trainer:   Task 'hours_band' accuracy: 0.5423
2026-04-24 19:09:41,329 [INFO] pcrl.training.trainer:   Task 'education_level' accuracy: 0.3866
2026-04-24 19:09:41,329 [INFO] pcrl.training.trainer:   Auditor 'race' accuracy: 0.6201
2026-04-24 19:09:41,329 [INFO] pcrl.training.trainer:   Auditor 'sex' accuracy: 0.5278
2026-04-24 19:09:41,329 [INFO] pcrl.training.trainer:   Auditor 'age_group' accuracy: 0.4141
2026-04-24 19:09:41,329 [INFO] pcrl.training.trainer:   Auditor 'marital_status' accuracy: 0.5266
2026-04-24 19:09:41,329 [INFO] pcrl.training.trainer:   Auditor 'income' accuracy: 0.5910
2026-04-24 19:09:53,243 [INFO] pcrl.training.trainer: Epoch 9 [50/612] Loss: -375.0032 Task: 3.2076 Adv: -7.5642 Verify: 0.0000
2026-04-24 19:10:04,989 [INFO] pcrl.training.trainer: Epoch 9 [100/612] Loss: -370.2921 Task: 3.1581 Adv: -7.4690 Verify: 0.0000
2026-04-24 19:10:16,915 [INFO] pcrl.training.trainer: Epoch 9 [150/612] Loss: -373.9482 Task: 3.0763 Adv: -7.5405 Verify: 0.0000
2026-04-24 19:10:28,889 [INFO] pcrl.training.trainer: Epoch 9 [200/612] Loss: -367.3535 Task: 3.1481 Adv: -7.4100 Verify: 0.0000
2026-04-24 19:10:40,920 [INFO] pcrl.training.trainer: Epoch 9 [250/612] Loss: -368.6532 Task: 3.1863 Adv: -7.4368 Verify: 0.0000
2026-04-24 19:10:52,916 [INFO] pcrl.training.trainer: Epoch 9 [300/612] Loss: -372.9544 Task: 3.2246 Adv: -7.5236 Verify: 0.0000
2026-04-24 19:11:04,904 [INFO] pcrl.training.trainer: Epoch 9 [350/612] Loss: -380.7881 Task: 3.1422 Adv: -7.6786 Verify: 0.0000
2026-04-24 19:11:17,134 [INFO] pcrl.training.trainer: Epoch 9 [400/612] Loss: -371.0467 Task: 3.1243 Adv: -7.4834 Verify: 0.0000
2026-04-24 19:11:29,245 [INFO] pcrl.training.trainer: Epoch 9 [450/612] Loss: -369.5167 Task: 3.2389 Adv: -7.4551 Verify: 0.0000
2026-04-24 19:11:40,859 [INFO] pcrl.training.trainer: Epoch 9 [500/612] Loss: -368.0413 Task: 3.1394 Adv: -7.4236 Verify: 0.0000
2026-04-24 19:11:52,580 [INFO] pcrl.training.trainer: Epoch 9 [550/612] Loss: -373.4869 Task: 3.1397 Adv: -7.5325 Verify: 0.0000
2026-04-24 19:12:04,142 [INFO] pcrl.training.trainer: Epoch 9 [600/612] Loss: -370.5638 Task: 3.1902 Adv: -7.4751 Verify: 0.0000
2026-04-24 19:12:06,906 [INFO] pcrl.training.trainer: [TRAIN] Epoch 9 - Loss: -371.1335, Task: 3.1536, Adv: -7.4858, Verify: 0.0000, Time: 145.6s
2026-04-24 19:12:06,906 [INFO] pcrl.training.trainer:   Task 'income' accuracy: 0.5882
2026-04-24 19:12:06,906 [INFO] pcrl.training.trainer:   Task 'hours_band' accuracy: 0.5466
2026-04-24 19:12:06,906 [INFO] pcrl.training.trainer:   Task 'education_level' accuracy: 0.3866
2026-04-24 19:12:06,906 [INFO] pcrl.training.trainer:   Auditor 'race' accuracy: 0.6184
2026-04-24 19:12:06,906 [INFO] pcrl.training.trainer:   Auditor 'sex' accuracy: 0.5286
2026-04-24 19:12:06,906 [INFO] pcrl.training.trainer:   Auditor 'age_group' accuracy: 0.4157
2026-04-24 19:12:06,906 [INFO] pcrl.training.trainer:   Auditor 'marital_status' accuracy: 0.5238
2026-04-24 19:12:06,906 [INFO] pcrl.training.trainer:   Auditor 'income' accuracy: 0.5882
2026-04-24 19:12:08,113 [INFO] pcrl.training.trainer: [VAL] Epoch 9 - Loss: 377.4469, Task: 3.1610, Adv: 7.4857, Verify: 0.0000, Time: 1.2s
2026-04-24 19:12:08,114 [INFO] pcrl.training.trainer:   Task 'income' accuracy: 0.5910
2026-04-24 19:12:08,114 [INFO] pcrl.training.trainer:   Task 'hours_band' accuracy: 0.5423
2026-04-24 19:12:08,114 [INFO] pcrl.training.trainer:   Task 'education_level' accuracy: 0.3866
2026-04-24 19:12:08,114 [INFO] pcrl.training.trainer:   Auditor 'race' accuracy: 0.6201
2026-04-24 19:12:08,114 [INFO] pcrl.training.trainer:   Auditor 'sex' accuracy: 0.5278
2026-04-24 19:12:08,114 [INFO] pcrl.training.trainer:   Auditor 'age_group' accuracy: 0.4141
2026-04-24 19:12:08,114 [INFO] pcrl.training.trainer:   Auditor 'marital_status' accuracy: 0.5266
2026-04-24 19:12:08,114 [INFO] pcrl.training.trainer:   Auditor 'income' accuracy: 0.5910
2026-04-24 19:12:08,155 [INFO] pcrl.training.trainer: Saved checkpoint to /home/ubuntu/PCRL/checkpoints/folktables_pcrl_s1/epoch_10.pt
2026-04-24 19:12:19,581 [INFO] pcrl.training.trainer: Epoch 10 [50/612] Loss: -371.7108 Task: 3.1329 Adv: -7.4969 Verify: 0.0000
2026-04-24 19:12:31,128 [INFO] pcrl.training.trainer: Epoch 10 [100/612] Loss: -370.6950 Task: 3.1703 Adv: -7.4773 Verify: 0.0000
2026-04-24 19:12:42,868 [INFO] pcrl.training.trainer: Epoch 10 [150/612] Loss: -371.4972 Task: 3.2562 Adv: -7.4951 Verify: 0.0000
2026-04-24 19:12:54,414 [INFO] pcrl.training.trainer: Epoch 10 [200/612] Loss: -368.9915 Task: 3.0897 Adv: -7.4416 Verify: 0.0000
2026-04-24 19:13:06,205 [INFO] pcrl.training.trainer: Epoch 10 [250/612] Loss: -367.2635 Task: 3.1208 Adv: -7.4077 Verify: 0.0000
2026-04-24 19:13:18,110 [INFO] pcrl.training.trainer: Epoch 10 [300/612] Loss: -371.9108 Task: 3.1434 Adv: -7.5011 Verify: 0.0000
2026-04-24 19:13:29,840 [INFO] pcrl.training.trainer: Epoch 10 [350/612] Loss: -365.3387 Task: 3.2234 Adv: -7.3712 Verify: 0.0000
2026-04-24 19:13:41,440 [INFO] pcrl.training.trainer: Epoch 10 [400/612] Loss: -375.1876 Task: 3.1255 Adv: -7.5663 Verify: 0.0000
2026-04-24 19:13:53,145 [INFO] pcrl.training.trainer: Epoch 10 [450/612] Loss: -370.2962 Task: 3.1192 Adv: -7.4683 Verify: 0.0000
2026-04-24 19:14:04,768 [INFO] pcrl.training.trainer: Epoch 10 [500/612] Loss: -374.6311 Task: 3.1464 Adv: -7.5555 Verify: 0.0000
2026-04-24 19:14:16,276 [INFO] pcrl.training.trainer: Epoch 10 [550/612] Loss: -370.7693 Task: 3.1848 Adv: -7.4791 Verify: 0.0000
2026-04-24 19:14:27,789 [INFO] pcrl.training.trainer: Epoch 10 [600/612] Loss: -369.5005 Task: 3.1365 Adv: -7.4527 Verify: 0.0000
2026-04-24 19:14:30,558 [INFO] pcrl.training.trainer: [TRAIN] Epoch 10 - Loss: -371.3273, Task: 3.1536, Adv: -7.4896, Verify: 0.0000, Time: 142.4s
2026-04-24 19:14:30,558 [INFO] pcrl.training.trainer:   Task 'income' accuracy: 0.5882
2026-04-24 19:14:30,558 [INFO] pcrl.training.trainer:   Task 'hours_band' accuracy: 0.5466
2026-04-24 19:14:30,558 [INFO] pcrl.training.trainer:   Task 'education_level' accuracy: 0.3866
2026-04-24 19:14:30,559 [INFO] pcrl.training.trainer:   Auditor 'race' accuracy: 0.6184
2026-04-24 19:14:30,559 [INFO] pcrl.training.trainer:   Auditor 'sex' accuracy: 0.5279
2026-04-24 19:14:30,559 [INFO] pcrl.training.trainer:   Auditor 'age_group' accuracy: 0.4160
2026-04-24 19:14:30,559 [INFO] pcrl.training.trainer:   Auditor 'marital_status' accuracy: 0.5239
2026-04-24 19:14:30,559 [INFO] pcrl.training.trainer:   Auditor 'income' accuracy: 0.5882
2026-04-24 19:14:31,776 [INFO] pcrl.training.trainer: [VAL] Epoch 10 - Loss: 377.3041, Task: 3.1612, Adv: 7.4829, Verify: 0.0000, Time: 1.2s
2026-04-24 19:14:31,777 [INFO] pcrl.training.trainer:   Task 'income' accuracy: 0.5910
2026-04-24 19:14:31,777 [INFO] pcrl.training.trainer:   Task 'hours_band' accuracy: 0.5423
2026-04-24 19:14:31,777 [INFO] pcrl.training.trainer:   Task 'education_level' accuracy: 0.3866
2026-04-24 19:14:31,777 [INFO] pcrl.training.trainer:   Auditor 'race' accuracy: 0.6201
2026-04-24 19:14:31,777 [INFO] pcrl.training.trainer:   Auditor 'sex' accuracy: 0.5278
2026-04-24 19:14:31,777 [INFO] pcrl.training.trainer:   Auditor 'age_group' accuracy: 0.4141
2026-04-24 19:14:31,777 [INFO] pcrl.training.trainer:   Auditor 'marital_status' accuracy: 0.5266
2026-04-24 19:14:31,777 [INFO] pcrl.training.trainer:   Auditor 'income' accuracy: 0.5910
2026-04-24 19:14:43,534 [INFO] pcrl.training.trainer: Epoch 11 [50/612] Loss: -371.2318 Task: 3.1750 Adv: -7.4881 Verify: 0.0000
2026-04-24 19:14:55,313 [INFO] pcrl.training.trainer: Epoch 11 [100/612] Loss: -371.4609 Task: 3.1669 Adv: -7.4926 Verify: 0.0000
2026-04-24 19:15:06,693 [INFO] pcrl.training.trainer: Epoch 11 [150/612] Loss: -366.0045 Task: 3.1623 Adv: -7.3833 Verify: 0.0000
2026-04-24 19:15:18,273 [INFO] pcrl.training.trainer: Epoch 11 [200/612] Loss: -371.1677 Task: 3.2529 Adv: -7.4884 Verify: 0.0000
2026-04-24 19:15:29,899 [INFO] pcrl.training.trainer: Epoch 11 [250/612] Loss: -373.0268 Task: 3.1886 Adv: -7.5243 Verify: 0.0000
2026-04-24 19:15:41,544 [INFO] pcrl.training.trainer: Epoch 11 [300/612] Loss: -370.0927 Task: 3.1704 Adv: -7.4653 Verify: 0.0000
2026-04-24 19:15:53,304 [INFO] pcrl.training.trainer: Epoch 11 [350/612] Loss: -370.4829 Task: 3.0990 Adv: -7.4716 Verify: 0.0000
2026-04-24 19:16:05,087 [INFO] pcrl.training.trainer: Epoch 11 [400/612] Loss: -369.1786 Task: 3.1459 Adv: -7.4465 Verify: 0.0000
2026-04-24 19:16:18,203 [INFO] pcrl.training.trainer: Epoch 11 [450/612] Loss: -370.0813 Task: 3.1326 Adv: -7.4643 Verify: 0.0000
2026-04-24 19:16:30,418 [INFO] pcrl.training.trainer: Epoch 11 [500/612] Loss: -375.1407 Task: 3.0975 Adv: -7.5648 Verify: 0.0000
2026-04-24 19:16:42,440 [INFO] pcrl.training.trainer: Epoch 11 [550/612] Loss: -365.9431 Task: 3.1168 Adv: -7.3812 Verify: 0.0000
2026-04-24 19:16:54,219 [INFO] pcrl.training.trainer: Epoch 11 [600/612] Loss: -367.2720 Task: 3.1059 Adv: -7.4076 Verify: 0.0000
2026-04-24 19:16:57,045 [INFO] pcrl.training.trainer: [TRAIN] Epoch 11 - Loss: -371.2462, Task: 3.1534, Adv: -7.4880, Verify: 0.0000, Time: 145.3s
2026-04-24 19:16:57,045 [INFO] pcrl.training.trainer:   Task 'income' accuracy: 0.5882
2026-04-24 19:16:57,045 [INFO] pcrl.training.trainer:   Task 'hours_band' accuracy: 0.5466
2026-04-24 19:16:57,045 [INFO] pcrl.training.trainer:   Task 'education_level' accuracy: 0.3866
2026-04-24 19:16:57,045 [INFO] pcrl.training.trainer:   Auditor 'race' accuracy: 0.6184
2026-04-24 19:16:57,045 [INFO] pcrl.training.trainer:   Auditor 'sex' accuracy: 0.5280
2026-04-24 19:16:57,045 [INFO] pcrl.training.trainer:   Auditor 'age_group' accuracy: 0.4158
2026-04-24 19:16:57,045 [INFO] pcrl.training.trainer:   Auditor 'marital_status' accuracy: 0.5233
2026-04-24 19:16:57,045 [INFO] pcrl.training.trainer:   Auditor 'income' accuracy: 0.5882
2026-04-24 19:16:58,146 [INFO] pcrl.training.trainer: [VAL] Epoch 11 - Loss: 377.1924, Task: 3.1607, Adv: 7.4806, Verify: 0.0000, Time: 1.1s
2026-04-24 19:16:58,146 [INFO] pcrl.training.trainer:   Task 'income' accuracy: 0.5910
2026-04-24 19:16:58,146 [INFO] pcrl.training.trainer:   Task 'hours_band' accuracy: 0.5423
2026-04-24 19:16:58,146 [INFO] pcrl.training.trainer:   Task 'education_level' accuracy: 0.3866
2026-04-24 19:16:58,146 [INFO] pcrl.training.trainer:   Auditor 'race' accuracy: 0.6201
2026-04-24 19:16:58,146 [INFO] pcrl.training.trainer:   Auditor 'sex' accuracy: 0.5278
2026-04-24 19:16:58,146 [INFO] pcrl.training.trainer:   Auditor 'age_group' accuracy: 0.4141
2026-04-24 19:16:58,146 [INFO] pcrl.training.trainer:   Auditor 'marital_status' accuracy: 0.5266
2026-04-24 19:16:58,146 [INFO] pcrl.training.trainer:   Auditor 'income' accuracy: 0.5910
2026-04-24 19:17:09,816 [INFO] pcrl.training.trainer: Epoch 12 [50/612] Loss: -370.4201 Task: 3.2149 Adv: -7.4727 Verify: 0.0000
2026-04-24 19:17:21,554 [INFO] pcrl.training.trainer: Epoch 12 [100/612] Loss: -370.6755 Task: 3.1158 Adv: -7.4758 Verify: 0.0000
2026-04-24 19:17:33,384 [INFO] pcrl.training.trainer: Epoch 12 [150/612] Loss: -375.5249 Task: 3.1742 Adv: -7.5740 Verify: 0.0000
2026-04-24 19:17:45,058 [INFO] pcrl.training.trainer: Epoch 12 [200/612] Loss: -372.9318 Task: 3.2886 Adv: -7.5244 Verify: 0.0000
2026-04-24 19:17:56,707 [INFO] pcrl.training.trainer: Epoch 12 [250/612] Loss: -373.5587 Task: 3.1207 Adv: -7.5336 Verify: 0.0000
2026-04-24 19:18:08,439 [INFO] pcrl.training.trainer: Epoch 12 [300/612] Loss: -368.9982 Task: 3.1331 Adv: -7.4426 Verify: 0.0000
2026-04-24 19:18:20,279 [INFO] pcrl.training.trainer: Epoch 12 [350/612] Loss: -371.7282 Task: 3.1761 Adv: -7.4981 Verify: 0.0000
2026-04-24 19:18:32,059 [INFO] pcrl.training.trainer: Epoch 12 [400/612] Loss: -375.9201 Task: 3.1945 Adv: -7.5823 Verify: 0.0000
2026-04-24 19:18:43,954 [INFO] pcrl.training.trainer: Epoch 12 [450/612] Loss: -370.2844 Task: 3.1178 Adv: -7.4680 Verify: 0.0000
2026-04-24 19:18:55,668 [INFO] pcrl.training.trainer: Epoch 12 [500/612] Loss: -370.0619 Task: 3.1688 Adv: -7.4646 Verify: 0.0000
2026-04-24 19:19:07,760 [INFO] pcrl.training.trainer: Epoch 12 [550/612] Loss: -371.2468 Task: 3.1583 Adv: -7.4881 Verify: 0.0000
2026-04-24 19:19:19,391 [INFO] pcrl.training.trainer: Epoch 12 [600/612] Loss: -371.4661 Task: 3.1333 Adv: -7.4920 Verify: 0.0000
2026-04-24 19:19:22,136 [INFO] pcrl.training.trainer: [TRAIN] Epoch 12 - Loss: -371.3202, Task: 3.1536, Adv: -7.4895, Verify: 0.0000, Time: 144.0s
2026-04-24 19:19:22,136 [INFO] pcrl.training.trainer:   Task 'income' accuracy: 0.5882
2026-04-24 19:19:22,136 [INFO] pcrl.training.trainer:   Task 'hours_band' accuracy: 0.5466
2026-04-24 19:19:22,136 [INFO] pcrl.training.trainer:   Task 'education_level' accuracy: 0.3866
2026-04-24 19:19:22,136 [INFO] pcrl.training.trainer:   Auditor 'race' accuracy: 0.6184
2026-04-24 19:19:22,136 [INFO] pcrl.training.trainer:   Auditor 'sex' accuracy: 0.5282
2026-04-24 19:19:22,136 [INFO] pcrl.training.trainer:   Auditor 'age_group' accuracy: 0.4157
2026-04-24 19:19:22,136 [INFO] pcrl.training.trainer:   Auditor 'marital_status' accuracy: 0.5236
2026-04-24 19:19:22,136 [INFO] pcrl.training.trainer:   Auditor 'income' accuracy: 0.5882
2026-04-24 19:19:23,195 [INFO] pcrl.training.trainer: [VAL] Epoch 12 - Loss: 377.0368, Task: 3.1608, Adv: 7.4775, Verify: 0.0000, Time: 1.1s
2026-04-24 19:19:23,195 [INFO] pcrl.training.trainer:   Task 'income' accuracy: 0.5910
2026-04-24 19:19:23,195 [INFO] pcrl.training.trainer:   Task 'hours_band' accuracy: 0.5423
2026-04-24 19:19:23,195 [INFO] pcrl.training.trainer:   Task 'education_level' accuracy: 0.3866
2026-04-24 19:19:23,195 [INFO] pcrl.training.trainer:   Auditor 'race' accuracy: 0.6201
2026-04-24 19:19:23,195 [INFO] pcrl.training.trainer:   Auditor 'sex' accuracy: 0.5278
2026-04-24 19:19:23,195 [INFO] pcrl.training.trainer:   Auditor 'age_group' accuracy: 0.4141
2026-04-24 19:19:23,195 [INFO] pcrl.training.trainer:   Auditor 'marital_status' accuracy: 0.5266
2026-04-24 19:19:23,195 [INFO] pcrl.training.trainer:   Auditor 'income' accuracy: 0.5910
2026-04-24 19:19:23,253 [INFO] pcrl.training.trainer: Saved checkpoint to /home/ubuntu/PCRL/checkpoints/folktables_pcrl_s1/best.pt
2026-04-24 19:19:35,057 [INFO] pcrl.training.trainer: Epoch 13 [50/612] Loss: -368.0481 Task: 3.1309 Adv: -7.4236 Verify: 0.0000
2026-04-24 19:19:47,052 [INFO] pcrl.training.trainer: Epoch 13 [100/612] Loss: -372.2370 Task: 3.1945 Adv: -7.5086 Verify: 0.0000
2026-04-24 19:19:58,844 [INFO] pcrl.training.trainer: Epoch 13 [150/612] Loss: -369.8141 Task: 3.1867 Adv: -7.4600 Verify: 0.0000
2026-04-24 19:20:10,787 [INFO] pcrl.training.trainer: Epoch 13 [200/612] Loss: -376.9725 Task: 3.1824 Adv: -7.6031 Verify: 0.0000
2026-04-24 19:20:22,739 [INFO] pcrl.training.trainer: Epoch 13 [250/612] Loss: -371.3030 Task: 3.1470 Adv: -7.4890 Verify: 0.0000
2026-04-24 19:20:34,830 [INFO] pcrl.training.trainer: Epoch 13 [300/612] Loss: -377.6330 Task: 3.1821 Adv: -7.6163 Verify: 0.0000
2026-04-24 19:20:46,816 [INFO] pcrl.training.trainer: Epoch 13 [350/612] Loss: -372.2238 Task: 3.1161 Adv: -7.5068 Verify: 0.0000
2026-04-24 19:20:58,833 [INFO] pcrl.training.trainer: Epoch 13 [400/612] Loss: -373.5692 Task: 3.1687 Adv: -7.5348 Verify: 0.0000
2026-04-24 19:21:10,450 [INFO] pcrl.training.trainer: Epoch 13 [450/612] Loss: -374.3269 Task: 3.1398 Adv: -7.5493 Verify: 0.0000
2026-04-24 19:21:22,093 [INFO] pcrl.training.trainer: Epoch 13 [500/612] Loss: -370.0091 Task: 3.2111 Adv: -7.4644 Verify: 0.0000
2026-04-24 19:21:33,865 [INFO] pcrl.training.trainer: Epoch 13 [550/612] Loss: -371.9904 Task: 3.0893 Adv: -7.5016 Verify: 0.0000
2026-04-24 19:21:45,495 [INFO] pcrl.training.trainer: Epoch 13 [600/612] Loss: -370.7252 Task: 3.1907 Adv: -7.4783 Verify: 0.0000
2026-04-24 19:21:48,272 [INFO] pcrl.training.trainer: [TRAIN] Epoch 13 - Loss: -371.2097, Task: 3.1535, Adv: -7.4873, Verify: 0.0000, Time: 145.0s
2026-04-24 19:21:48,272 [INFO] pcrl.training.trainer:   Task 'income' accuracy: 0.5882
2026-04-24 19:21:48,272 [INFO] pcrl.training.trainer:   Task 'hours_band' accuracy: 0.5466
2026-04-24 19:21:48,272 [INFO] pcrl.training.trainer:   Task 'education_level' accuracy: 0.3866
2026-04-24 19:21:48,272 [INFO] pcrl.training.trainer:   Auditor 'race' accuracy: 0.6184
2026-04-24 19:21:48,272 [INFO] pcrl.training.trainer:   Auditor 'sex' accuracy: 0.5283
2026-04-24 19:21:48,272 [INFO] pcrl.training.trainer:   Auditor 'age_group' accuracy: 0.4157
2026-04-24 19:21:48,272 [INFO] pcrl.training.trainer:   Auditor 'marital_status' accuracy: 0.5239
2026-04-24 19:21:48,272 [INFO] pcrl.training.trainer:   Auditor 'income' accuracy: 0.5882
2026-04-24 19:21:49,497 [INFO] pcrl.training.trainer: [VAL] Epoch 13 - Loss: 377.2535, Task: 3.1609, Adv: 7.4819, Verify: 0.0000, Time: 1.2s
2026-04-24 19:21:49,497 [INFO] pcrl.training.trainer:   Task 'income' accuracy: 0.5910
2026-04-24 19:21:49,497 [INFO] pcrl.training.trainer:   Task 'hours_band' accuracy: 0.5423
2026-04-24 19:21:49,497 [INFO] pcrl.training.trainer:   Task 'education_level' accuracy: 0.3866
2026-04-24 19:21:49,497 [INFO] pcrl.training.trainer:   Auditor 'race' accuracy: 0.6201
2026-04-24 19:21:49,497 [INFO] pcrl.training.trainer:   Auditor 'sex' accuracy: 0.5278
2026-04-24 19:21:49,497 [INFO] pcrl.training.trainer:   Auditor 'age_group' accuracy: 0.4141
2026-04-24 19:21:49,497 [INFO] pcrl.training.trainer:   Auditor 'marital_status' accuracy: 0.5266
2026-04-24 19:21:49,497 [INFO] pcrl.training.trainer:   Auditor 'income' accuracy: 0.5910
2026-04-24 19:22:01,080 [INFO] pcrl.training.trainer: Epoch 14 [50/612] Loss: -367.9723 Task: 3.0492 Adv: -7.4204 Verify: 0.0000
2026-04-24 19:22:12,602 [INFO] pcrl.training.trainer: Epoch 14 [100/612] Loss: -376.5096 Task: 3.1460 Adv: -7.5931 Verify: 0.0000
2026-04-24 19:22:24,246 [INFO] pcrl.training.trainer: Epoch 14 [150/612] Loss: -370.3276 Task: 3.2341 Adv: -7.4712 Verify: 0.0000
2026-04-24 19:22:36,464 [INFO] pcrl.training.trainer: Epoch 14 [200/612] Loss: -373.4020 Task: 3.1244 Adv: -7.5305 Verify: 0.0000
2026-04-24 19:22:49,547 [INFO] pcrl.training.trainer: Epoch 14 [250/612] Loss: -375.1264 Task: 3.1454 Adv: -7.5654 Verify: 0.0000
2026-04-24 19:23:01,406 [INFO] pcrl.training.trainer: Epoch 14 [300/612] Loss: -372.8147 Task: 3.1338 Adv: -7.5190 Verify: 0.0000
2026-04-24 19:23:13,154 [INFO] pcrl.training.trainer: Epoch 14 [350/612] Loss: -370.8429 Task: 3.1559 Adv: -7.4800 Verify: 0.0000
2026-04-24 19:23:24,675 [INFO] pcrl.training.trainer: Epoch 14 [400/612] Loss: -370.3274 Task: 3.1643 Adv: -7.4698 Verify: 0.0000
2026-04-24 19:23:36,257 [INFO] pcrl.training.trainer: Epoch 14 [450/612] Loss: -371.7329 Task: 3.1046 Adv: -7.4967 Verify: 0.0000
2026-04-24 19:23:47,851 [INFO] pcrl.training.trainer: Epoch 14 [500/612] Loss: -369.0799 Task: 3.1180 Adv: -7.4440 Verify: 0.0000
2026-04-24 19:23:59,539 [INFO] pcrl.training.trainer: Epoch 14 [550/612] Loss: -369.2774 Task: 3.2363 Adv: -7.4503 Verify: 0.0000
2026-04-24 19:24:11,506 [INFO] pcrl.training.trainer: Epoch 14 [600/612] Loss: -368.2579 Task: 3.2146 Adv: -7.4294 Verify: 0.0000
2026-04-24 19:24:14,363 [INFO] pcrl.training.trainer: [TRAIN] Epoch 14 - Loss: -371.2493, Task: 3.1532, Adv: -7.4880, Verify: 0.0000, Time: 144.9s
2026-04-24 19:24:14,364 [INFO] pcrl.training.trainer:   Task 'income' accuracy: 0.5882
2026-04-24 19:24:14,364 [INFO] pcrl.training.trainer:   Task 'hours_band' accuracy: 0.5466
2026-04-24 19:24:14,364 [INFO] pcrl.training.trainer:   Task 'education_level' accuracy: 0.3866
2026-04-24 19:24:14,364 [INFO] pcrl.training.trainer:   Auditor 'race' accuracy: 0.6184
2026-04-24 19:24:14,364 [INFO] pcrl.training.trainer:   Auditor 'sex' accuracy: 0.5282
2026-04-24 19:24:14,364 [INFO] pcrl.training.trainer:   Auditor 'age_group' accuracy: 0.4156
2026-04-24 19:24:14,364 [INFO] pcrl.training.trainer:   Auditor 'marital_status' accuracy: 0.5237
2026-04-24 19:24:14,364 [INFO] pcrl.training.trainer:   Auditor 'income' accuracy: 0.5882
2026-04-24 19:24:15,651 [INFO] pcrl.training.trainer: [VAL] Epoch 14 - Loss: 377.1418, Task: 3.1607, Adv: 7.4796, Verify: 0.0000, Time: 1.3s
2026-04-24 19:24:15,651 [INFO] pcrl.training.trainer:   Task 'income' accuracy: 0.5910
2026-04-24 19:24:15,651 [INFO] pcrl.training.trainer:   Task 'hours_band' accuracy: 0.5423
2026-04-24 19:24:15,651 [INFO] pcrl.training.trainer:   Task 'education_level' accuracy: 0.3866
2026-04-24 19:24:15,651 [INFO] pcrl.training.trainer:   Auditor 'race' accuracy: 0.6201
2026-04-24 19:24:15,651 [INFO] pcrl.training.trainer:   Auditor 'sex' accuracy: 0.5278
2026-04-24 19:24:15,651 [INFO] pcrl.training.trainer:   Auditor 'age_group' accuracy: 0.4141
2026-04-24 19:24:15,651 [INFO] pcrl.training.trainer:   Auditor 'marital_status' accuracy: 0.5266
2026-04-24 19:24:15,651 [INFO] pcrl.training.trainer:   Auditor 'income' accuracy: 0.5910
2026-04-24 19:24:27,651 [INFO] pcrl.training.trainer: Epoch 15 [50/612] Loss: -367.9626 Task: 3.0967 Adv: -7.4212 Verify: 0.0000
2026-04-24 19:24:39,656 [INFO] pcrl.training.trainer: Epoch 15 [100/612] Loss: -372.4254 Task: 3.1704 Adv: -7.5119 Verify: 0.0000
2026-04-24 19:24:51,538 [INFO] pcrl.training.trainer: Epoch 15 [150/612] Loss: -371.3978 Task: 3.1449 Adv: -7.4909 Verify: 0.0000
2026-04-24 19:25:03,395 [INFO] pcrl.training.trainer: Epoch 15 [200/612] Loss: -368.8286 Task: 3.0925 Adv: -7.4384 Verify: 0.0000
2026-04-24 19:25:15,539 [INFO] pcrl.training.trainer: Epoch 15 [250/612] Loss: -368.0101 Task: 3.1187 Adv: -7.4226 Verify: 0.0000
2026-04-24 19:25:27,362 [INFO] pcrl.training.trainer: Epoch 15 [300/612] Loss: -369.5721 Task: 3.1758 Adv: -7.4550 Verify: 0.0000
2026-04-24 19:25:39,058 [INFO] pcrl.training.trainer: Epoch 15 [350/612] Loss: -373.7757 Task: 3.1217 Adv: -7.5379 Verify: 0.0000
2026-04-24 19:25:50,706 [INFO] pcrl.training.trainer: Epoch 15 [400/612] Loss: -368.7628 Task: 3.1292 Adv: -7.4378 Verify: 0.0000
2026-04-24 19:26:02,595 [INFO] pcrl.training.trainer: Epoch 15 [450/612] Loss: -374.4350 Task: 3.0733 Adv: -7.5502 Verify: 0.0000
2026-04-24 19:26:14,233 [INFO] pcrl.training.trainer: Epoch 15 [500/612] Loss: -369.8540 Task: 3.1399 Adv: -7.4599 Verify: 0.0000
2026-04-24 19:26:25,865 [INFO] pcrl.training.trainer: Epoch 15 [550/612] Loss: -372.5135 Task: 3.1475 Adv: -7.5132 Verify: 0.0000
2026-04-24 19:26:37,844 [INFO] pcrl.training.trainer: Epoch 15 [600/612] Loss: -364.5290 Task: 3.0497 Adv: -7.3516 Verify: 0.0000
2026-04-24 19:26:40,688 [INFO] pcrl.training.trainer: [TRAIN] Epoch 15 - Loss: -371.3523, Task: 3.1533, Adv: -7.4901, Verify: 0.0000, Time: 145.0s
2026-04-24 19:26:40,688 [INFO] pcrl.training.trainer:   Task 'income' accuracy: 0.5882
2026-04-24 19:26:40,688 [INFO] pcrl.training.trainer:   Task 'hours_band' accuracy: 0.5466
2026-04-24 19:26:40,688 [INFO] pcrl.training.trainer:   Task 'education_level' accuracy: 0.3866
2026-04-24 19:26:40,688 [INFO] pcrl.training.trainer:   Auditor 'race' accuracy: 0.6184
2026-04-24 19:26:40,688 [INFO] pcrl.training.trainer:   Auditor 'sex' accuracy: 0.5279
2026-04-24 19:26:40,688 [INFO] pcrl.training.trainer:   Auditor 'age_group' accuracy: 0.4157
2026-04-24 19:26:40,688 [INFO] pcrl.training.trainer:   Auditor 'marital_status' accuracy: 0.5243
2026-04-24 19:26:40,688 [INFO] pcrl.training.trainer:   Auditor 'income' accuracy: 0.5882
2026-04-24 19:26:41,797 [INFO] pcrl.training.trainer: [VAL] Epoch 15 - Loss: 377.1272, Task: 3.1608, Adv: 7.4793, Verify: 0.0000, Time: 1.1s
2026-04-24 19:26:41,797 [INFO] pcrl.training.trainer:   Task 'income' accuracy: 0.5910
2026-04-24 19:26:41,797 [INFO] pcrl.training.trainer:   Task 'hours_band' accuracy: 0.5423
2026-04-24 19:26:41,797 [INFO] pcrl.training.trainer:   Task 'education_level' accuracy: 0.3866
2026-04-24 19:26:41,797 [INFO] pcrl.training.trainer:   Auditor 'race' accuracy: 0.6201
2026-04-24 19:26:41,797 [INFO] pcrl.training.trainer:   Auditor 'sex' accuracy: 0.5278
2026-04-24 19:26:41,797 [INFO] pcrl.training.trainer:   Auditor 'age_group' accuracy: 0.4141
2026-04-24 19:26:41,797 [INFO] pcrl.training.trainer:   Auditor 'marital_status' accuracy: 0.5266
2026-04-24 19:26:41,797 [INFO] pcrl.training.trainer:   Auditor 'income' accuracy: 0.5910
2026-04-24 19:26:53,434 [INFO] pcrl.training.trainer: Epoch 16 [50/612] Loss: -373.6790 Task: 3.1805 Adv: -7.5372 Verify: 0.0000
2026-04-24 19:27:06,401 [INFO] pcrl.training.trainer: Epoch 16 [100/612] Loss: -370.9418 Task: 3.1256 Adv: -7.4813 Verify: 0.0000
2026-04-24 19:27:18,660 [INFO] pcrl.training.trainer: Epoch 16 [150/612] Loss: -372.1396 Task: 3.2131 Adv: -7.5071 Verify: 0.0000
2026-04-24 19:27:30,245 [INFO] pcrl.training.trainer: Epoch 16 [200/612] Loss: -370.7070 Task: 3.1816 Adv: -7.4778 Verify: 0.0000
2026-04-24 19:27:41,916 [INFO] pcrl.training.trainer: Epoch 16 [250/612] Loss: -370.6780 Task: 3.1502 Adv: -7.4766 Verify: 0.0000
2026-04-24 19:27:53,551 [INFO] pcrl.training.trainer: Epoch 16 [300/612] Loss: -368.0951 Task: 3.1396 Adv: -7.4247 Verify: 0.0000
2026-04-24 19:28:05,468 [INFO] pcrl.training.trainer: Epoch 16 [350/612] Loss: -369.0735 Task: 3.1469 Adv: -7.4444 Verify: 0.0000
2026-04-24 19:28:17,301 [INFO] pcrl.training.trainer: Epoch 16 [400/612] Loss: -373.2782 Task: 3.1178 Adv: -7.5279 Verify: 0.0000
2026-04-24 19:28:29,086 [INFO] pcrl.training.trainer: Epoch 16 [450/612] Loss: -370.6392 Task: 3.2095 Adv: -7.4770 Verify: 0.0000
2026-04-24 19:28:40,659 [INFO] pcrl.training.trainer: Epoch 16 [500/612] Loss: -375.3000 Task: 3.1467 Adv: -7.5689 Verify: 0.0000
2026-04-24 19:28:52,361 [INFO] pcrl.training.trainer: Epoch 16 [550/612] Loss: -371.7226 Task: 3.2003 Adv: -7.4985 Verify: 0.0000
2026-04-24 19:29:03,992 [INFO] pcrl.training.trainer: Epoch 16 [600/612] Loss: -368.5885 Task: 3.1147 Adv: -7.4341 Verify: 0.0000
2026-04-24 19:29:06,770 [INFO] pcrl.training.trainer: [TRAIN] Epoch 16 - Loss: -371.3390, Task: 3.1533, Adv: -7.4898, Verify: 0.0000, Time: 145.0s
2026-04-24 19:29:06,770 [INFO] pcrl.training.trainer:   Task 'income' accuracy: 0.5882
2026-04-24 19:29:06,770 [INFO] pcrl.training.trainer:   Task 'hours_band' accuracy: 0.5466
2026-04-24 19:29:06,770 [INFO] pcrl.training.trainer:   Task 'education_level' accuracy: 0.3866
2026-04-24 19:29:06,770 [INFO] pcrl.training.trainer:   Auditor 'race' accuracy: 0.6184
2026-04-24 19:29:06,770 [INFO] pcrl.training.trainer:   Auditor 'sex' accuracy: 0.5279
2026-04-24 19:29:06,770 [INFO] pcrl.training.trainer:   Auditor 'age_group' accuracy: 0.4162
2026-04-24 19:29:06,770 [INFO] pcrl.training.trainer:   Auditor 'marital_status' accuracy: 0.5238
2026-04-24 19:29:06,770 [INFO] pcrl.training.trainer:   Auditor 'income' accuracy: 0.5882
2026-04-24 19:29:07,992 [INFO] pcrl.training.trainer: [VAL] Epoch 16 - Loss: 377.1292, Task: 3.1608, Adv: 7.4794, Verify: 0.0000, Time: 1.2s
2026-04-24 19:29:07,992 [INFO] pcrl.training.trainer:   Task 'income' accuracy: 0.5910
2026-04-24 19:29:07,992 [INFO] pcrl.training.trainer:   Task 'hours_band' accuracy: 0.5423
2026-04-24 19:29:07,992 [INFO] pcrl.training.trainer:   Task 'education_level' accuracy: 0.3866
2026-04-24 19:29:07,992 [INFO] pcrl.training.trainer:   Auditor 'race' accuracy: 0.6201
2026-04-24 19:29:07,992 [INFO] pcrl.training.trainer:   Auditor 'sex' accuracy: 0.5278
2026-04-24 19:29:07,993 [INFO] pcrl.training.trainer:   Auditor 'age_group' accuracy: 0.4141
2026-04-24 19:29:07,993 [INFO] pcrl.training.trainer:   Auditor 'marital_status' accuracy: 0.5266
2026-04-24 19:29:07,993 [INFO] pcrl.training.trainer:   Auditor 'income' accuracy: 0.5910
2026-04-24 19:29:19,567 [INFO] pcrl.training.trainer: Epoch 17 [50/612] Loss: -373.7636 Task: 3.1139 Adv: -7.5376 Verify: 0.0000
2026-04-24 19:29:31,314 [INFO] pcrl.training.trainer: Epoch 17 [100/612] Loss: -373.8949 Task: 3.1988 Adv: -7.5419 Verify: 0.0000
2026-04-24 19:29:42,820 [INFO] pcrl.training.trainer: Epoch 17 [150/612] Loss: -373.9356 Task: 3.2302 Adv: -7.5433 Verify: 0.0000
2026-04-24 19:29:54,299 [INFO] pcrl.training.trainer: Epoch 17 [200/612] Loss: -369.3426 Task: 3.1952 Adv: -7.4508 Verify: 0.0000
2026-04-24 19:30:05,908 [INFO] pcrl.training.trainer: Epoch 17 [250/612] Loss: -371.6824 Task: 3.1436 Adv: -7.4965 Verify: 0.0000
2026-04-24 19:30:17,597 [INFO] pcrl.training.trainer: Epoch 17 [300/612] Loss: -367.3997 Task: 3.1381 Adv: -7.4108 Verify: 0.0000
2026-04-24 19:30:29,135 [INFO] pcrl.training.trainer: Epoch 17 [350/612] Loss: -371.6956 Task: 3.0992 Adv: -7.4959 Verify: 0.0000
2026-04-24 19:30:40,578 [INFO] pcrl.training.trainer: Epoch 17 [400/612] Loss: -372.8948 Task: 3.2241 Adv: -7.5224 Verify: 0.0000
2026-04-24 19:30:52,357 [INFO] pcrl.training.trainer: Epoch 17 [450/612] Loss: -372.9828 Task: 3.1096 Adv: -7.5218 Verify: 0.0000
2026-04-24 19:31:04,234 [INFO] pcrl.training.trainer: Epoch 17 [500/612] Loss: -373.8448 Task: 3.1666 Adv: -7.5402 Verify: 0.0000
2026-04-24 19:31:16,231 [INFO] pcrl.training.trainer: Epoch 17 [550/612] Loss: -368.8960 Task: 3.1127 Adv: -7.4402 Verify: 0.0000
2026-04-24 19:31:28,385 [INFO] pcrl.training.trainer: Epoch 17 [600/612] Loss: -373.2804 Task: 3.1863 Adv: -7.5293 Verify: 0.0000
2026-04-24 19:31:31,431 [INFO] pcrl.training.trainer: [TRAIN] Epoch 17 - Loss: -371.2591, Task: 3.1532, Adv: -7.4883, Verify: 0.0000, Time: 143.4s
2026-04-24 19:31:31,432 [INFO] pcrl.training.trainer:   Task 'income' accuracy: 0.5882
2026-04-24 19:31:31,432 [INFO] pcrl.training.trainer:   Task 'hours_band' accuracy: 0.5466
2026-04-24 19:31:31,432 [INFO] pcrl.training.trainer:   Task 'education_level' accuracy: 0.3866
2026-04-24 19:31:31,432 [INFO] pcrl.training.trainer:   Auditor 'race' accuracy: 0.6184
2026-04-24 19:31:31,432 [INFO] pcrl.training.trainer:   Auditor 'sex' accuracy: 0.5282
2026-04-24 19:31:31,432 [INFO] pcrl.training.trainer:   Auditor 'age_group' accuracy: 0.4156
2026-04-24 19:31:31,432 [INFO] pcrl.training.trainer:   Auditor 'marital_status' accuracy: 0.5234
2026-04-24 19:31:31,432 [INFO] pcrl.training.trainer:   Auditor 'income' accuracy: 0.5882
2026-04-24 19:31:32,555 [INFO] pcrl.training.trainer: [VAL] Epoch 17 - Loss: 377.1149, Task: 3.1608, Adv: 7.4791, Verify: 0.0000, Time: 1.1s
2026-04-24 19:31:32,555 [INFO] pcrl.training.trainer:   Task 'income' accuracy: 0.5910
2026-04-24 19:31:32,555 [INFO] pcrl.training.trainer:   Task 'hours_band' accuracy: 0.5423
2026-04-24 19:31:32,555 [INFO] pcrl.training.trainer:   Task 'education_level' accuracy: 0.3866
2026-04-24 19:31:32,555 [INFO] pcrl.training.trainer:   Auditor 'race' accuracy: 0.6201
2026-04-24 19:31:32,555 [INFO] pcrl.training.trainer:   Auditor 'sex' accuracy: 0.5278
2026-04-24 19:31:32,555 [INFO] pcrl.training.trainer:   Auditor 'age_group' accuracy: 0.4141
2026-04-24 19:31:32,555 [INFO] pcrl.training.trainer:   Auditor 'marital_status' accuracy: 0.5266
2026-04-24 19:31:32,555 [INFO] pcrl.training.trainer:   Auditor 'income' accuracy: 0.5910
2026-04-24 19:31:44,934 [INFO] pcrl.training.trainer: Epoch 18 [50/612] Loss: -369.1396 Task: 3.2398 Adv: -7.4476 Verify: 0.0000
2026-04-24 19:31:57,343 [INFO] pcrl.training.trainer: Epoch 18 [100/612] Loss: -366.9747 Task: 3.1598 Adv: -7.4027 Verify: 0.0000
2026-04-24 19:32:09,285 [INFO] pcrl.training.trainer: Epoch 18 [150/612] Loss: -372.6588 Task: 3.1156 Adv: -7.5155 Verify: 0.0000
2026-04-24 19:32:21,105 [INFO] pcrl.training.trainer: Epoch 18 [200/612] Loss: -375.6251 Task: 3.1486 Adv: -7.5755 Verify: 0.0000
2026-04-24 19:32:32,818 [INFO] pcrl.training.trainer: Epoch 18 [250/612] Loss: -370.9502 Task: 3.1410 Adv: -7.4818 Verify: 0.0000
2026-04-24 19:32:44,721 [INFO] pcrl.training.trainer: Epoch 18 [300/612] Loss: -371.7814 Task: 3.1069 Adv: -7.4978 Verify: 0.0000
2026-04-24 19:32:56,513 [INFO] pcrl.training.trainer: Epoch 18 [350/612] Loss: -371.6842 Task: 3.0616 Adv: -7.4949 Verify: 0.0000
2026-04-24 19:33:08,389 [INFO] pcrl.training.trainer: Epoch 18 [400/612] Loss: -372.7716 Task: 3.1448 Adv: -7.5183 Verify: 0.0000
2026-04-24 19:33:20,035 [INFO] pcrl.training.trainer: Epoch 18 [450/612] Loss: -366.3271 Task: 3.1519 Adv: -7.3896 Verify: 0.0000
2026-04-24 19:33:32,010 [INFO] pcrl.training.trainer: Epoch 18 [500/612] Loss: -365.5959 Task: 3.1818 Adv: -7.3756 Verify: 0.0000
2026-04-24 19:33:44,052 [INFO] pcrl.training.trainer: Epoch 18 [550/612] Loss: -374.6192 Task: 3.1519 Adv: -7.5554 Verify: 0.0000
2026-04-24 19:33:56,019 [INFO] pcrl.training.trainer: Epoch 18 [600/612] Loss: -373.0092 Task: 3.1706 Adv: -7.5236 Verify: 0.0000
2026-04-24 19:33:58,956 [INFO] pcrl.training.trainer: [TRAIN] Epoch 18 - Loss: -371.2283, Task: 3.1532, Adv: -7.4877, Verify: 0.0000, Time: 146.4s
2026-04-24 19:33:58,956 [INFO] pcrl.training.trainer:   Task 'income' accuracy: 0.5882
2026-04-24 19:33:58,956 [INFO] pcrl.training.trainer:   Task 'hours_band' accuracy: 0.5466
2026-04-24 19:33:58,956 [INFO] pcrl.training.trainer:   Task 'education_level' accuracy: 0.3866
2026-04-24 19:33:58,956 [INFO] pcrl.training.trainer:   Auditor 'race' accuracy: 0.6184
2026-04-24 19:33:58,956 [INFO] pcrl.training.trainer:   Auditor 'sex' accuracy: 0.5285
2026-04-24 19:33:58,956 [INFO] pcrl.training.trainer:   Auditor 'age_group' accuracy: 0.4156
2026-04-24 19:33:58,956 [INFO] pcrl.training.trainer:   Auditor 'marital_status' accuracy: 0.5240
2026-04-24 19:33:58,956 [INFO] pcrl.training.trainer:   Auditor 'income' accuracy: 0.5882
2026-04-24 19:34:00,180 [INFO] pcrl.training.trainer: [VAL] Epoch 18 - Loss: 377.1849, Task: 3.1607, Adv: 7.4805, Verify: 0.0000, Time: 1.2s
2026-04-24 19:34:00,180 [INFO] pcrl.training.trainer:   Task 'income' accuracy: 0.5910
2026-04-24 19:34:00,180 [INFO] pcrl.training.trainer:   Task 'hours_band' accuracy: 0.5423
2026-04-24 19:34:00,180 [INFO] pcrl.training.trainer:   Task 'education_level' accuracy: 0.3866
2026-04-24 19:34:00,180 [INFO] pcrl.training.trainer:   Auditor 'race' accuracy: 0.6201
2026-04-24 19:34:00,180 [INFO] pcrl.training.trainer:   Auditor 'sex' accuracy: 0.5278
2026-04-24 19:34:00,180 [INFO] pcrl.training.trainer:   Auditor 'age_group' accuracy: 0.3749
2026-04-24 19:34:00,180 [INFO] pcrl.training.trainer:   Auditor 'marital_status' accuracy: 0.5266
2026-04-24 19:34:00,180 [INFO] pcrl.training.trainer:   Auditor 'income' accuracy: 0.5910
2026-04-24 19:34:13,617 [INFO] pcrl.training.trainer: Epoch 19 [50/612] Loss: -365.7485 Task: 3.1111 Adv: -7.3772 Verify: 0.0000
2026-04-24 19:34:25,569 [INFO] pcrl.training.trainer: Epoch 19 [100/612] Loss: -372.6467 Task: 3.1335 Adv: -7.5156 Verify: 0.0000
2026-04-24 19:34:37,337 [INFO] pcrl.training.trainer: Epoch 19 [150/612] Loss: -374.3929 Task: 3.1148 Adv: -7.5502 Verify: 0.0000
2026-04-24 19:34:49,353 [INFO] pcrl.training.trainer: Epoch 19 [200/612] Loss: -372.0860 Task: 3.1010 Adv: -7.5037 Verify: 0.0000
2026-04-24 19:35:01,194 [INFO] pcrl.training.trainer: Epoch 19 [250/612] Loss: -366.5409 Task: 3.1105 Adv: -7.3930 Verify: 0.0000
2026-04-24 19:35:12,812 [INFO] pcrl.training.trainer: Epoch 19 [300/612] Loss: -373.0444 Task: 3.1452 Adv: -7.5238 Verify: 0.0000
2026-04-24 19:35:24,162 [INFO] pcrl.training.trainer: Epoch 19 [350/612] Loss: -374.8521 Task: 3.1546 Adv: -7.5601 Verify: 0.0000
2026-04-24 19:35:35,856 [INFO] pcrl.training.trainer: Epoch 19 [400/612] Loss: -370.2331 Task: 3.1091 Adv: -7.4668 Verify: 0.0000
2026-04-24 19:35:47,991 [INFO] pcrl.training.trainer: Epoch 19 [450/612] Loss: -370.1613 Task: 3.1344 Adv: -7.4659 Verify: 0.0000
2026-04-24 19:35:59,886 [INFO] pcrl.training.trainer: Epoch 19 [500/612] Loss: -370.9556 Task: 3.1710 Adv: -7.4825 Verify: 0.0000
2026-04-24 19:36:12,030 [INFO] pcrl.training.trainer: Epoch 19 [550/612] Loss: -371.6822 Task: 3.2152 Adv: -7.4979 Verify: 0.0000
2026-04-24 19:36:24,156 [INFO] pcrl.training.trainer: Epoch 19 [600/612] Loss: -371.5338 Task: 3.1234 Adv: -7.4931 Verify: 0.0000
2026-04-24 19:36:27,085 [INFO] pcrl.training.trainer: [TRAIN] Epoch 19 - Loss: -371.2993, Task: 3.1532, Adv: -7.4891, Verify: 0.0000, Time: 146.9s
2026-04-24 19:36:27,085 [INFO] pcrl.training.trainer:   Task 'income' accuracy: 0.5882
2026-04-24 19:36:27,085 [INFO] pcrl.training.trainer:   Task 'hours_band' accuracy: 0.5466
2026-04-24 19:36:27,085 [INFO] pcrl.training.trainer:   Task 'education_level' accuracy: 0.3866
2026-04-24 19:36:27,085 [INFO] pcrl.training.trainer:   Auditor 'race' accuracy: 0.6184
2026-04-24 19:36:27,085 [INFO] pcrl.training.trainer:   Auditor 'sex' accuracy: 0.5280
2026-04-24 19:36:27,085 [INFO] pcrl.training.trainer:   Auditor 'age_group' accuracy: 0.4159
2026-04-24 19:36:27,085 [INFO] pcrl.training.trainer:   Auditor 'marital_status' accuracy: 0.5235
2026-04-24 19:36:27,085 [INFO] pcrl.training.trainer:   Auditor 'income' accuracy: 0.5882
2026-04-24 19:36:28,403 [INFO] pcrl.training.trainer: [VAL] Epoch 19 - Loss: 377.1595, Task: 3.1607, Adv: 7.4800, Verify: 0.0000, Time: 1.3s
2026-04-24 19:36:28,403 [INFO] pcrl.training.trainer:   Task 'income' accuracy: 0.5910
2026-04-24 19:36:28,403 [INFO] pcrl.training.trainer:   Task 'hours_band' accuracy: 0.5423
2026-04-24 19:36:28,403 [INFO] pcrl.training.trainer:   Task 'education_level' accuracy: 0.3866
2026-04-24 19:36:28,404 [INFO] pcrl.training.trainer:   Auditor 'race' accuracy: 0.6201
2026-04-24 19:36:28,404 [INFO] pcrl.training.trainer:   Auditor 'sex' accuracy: 0.5278
2026-04-24 19:36:28,404 [INFO] pcrl.training.trainer:   Auditor 'age_group' accuracy: 0.4141
2026-04-24 19:36:28,404 [INFO] pcrl.training.trainer:   Auditor 'marital_status' accuracy: 0.5266
2026-04-24 19:36:28,404 [INFO] pcrl.training.trainer:   Auditor 'income' accuracy: 0.5910
2026-04-24 19:36:28,446 [INFO] pcrl.training.trainer: Saved checkpoint to /home/ubuntu/PCRL/checkpoints/folktables_pcrl_s1/epoch_20.pt
2026-04-24 19:36:40,430 [INFO] pcrl.training.trainer: Epoch 20 [50/612] Loss: -371.2594 Task: 3.0861 Adv: -7.4869 Verify: 0.0000
2026-04-24 19:36:52,357 [INFO] pcrl.training.trainer: Epoch 20 [100/612] Loss: -373.3076 Task: 3.2090 Adv: -7.5303 Verify: 0.0000
2026-04-24 19:37:04,537 [INFO] pcrl.training.trainer: Epoch 20 [150/612] Loss: -371.6342 Task: 3.1778 Adv: -7.4962 Verify: 0.0000
2026-04-24 19:37:16,383 [INFO] pcrl.training.trainer: Epoch 20 [200/612] Loss: -369.3241 Task: 3.1210 Adv: -7.4489 Verify: 0.0000
2026-04-24 19:37:28,161 [INFO] pcrl.training.trainer: Epoch 20 [250/612] Loss: -370.3943 Task: 3.1904 Adv: -7.4717 Verify: 0.0000
2026-04-24 19:37:39,935 [INFO] pcrl.training.trainer: Epoch 20 [300/612] Loss: -374.6314 Task: 3.0986 Adv: -7.5546 Verify: 0.0000
2026-04-24 19:37:51,824 [INFO] pcrl.training.trainer: Epoch 20 [350/612] Loss: -366.7627 Task: 3.1227 Adv: -7.3977 Verify: 0.0000
2026-04-24 19:38:03,489 [INFO] pcrl.training.trainer: Epoch 20 [400/612] Loss: -369.4020 Task: 3.1608 Adv: -7.4513 Verify: 0.0000
2026-04-24 19:38:15,278 [INFO] pcrl.training.trainer: Epoch 20 [450/612] Loss: -370.5670 Task: 3.2027 Adv: -7.4754 Verify: 0.0000
2026-04-24 19:38:27,139 [INFO] pcrl.training.trainer: Epoch 20 [500/612] Loss: -372.3243 Task: 3.0979 Adv: -7.5084 Verify: 0.0000
2026-04-24 19:38:38,863 [INFO] pcrl.training.trainer: Epoch 20 [550/612] Loss: -372.9648 Task: 3.1385 Adv: -7.5221 Verify: 0.0000
2026-04-24 19:38:50,722 [INFO] pcrl.training.trainer: Epoch 20 [600/612] Loss: -370.4129 Task: 3.1020 Adv: -7.4703 Verify: 0.0000
2026-04-24 19:38:53,578 [INFO] pcrl.training.trainer: [TRAIN] Epoch 20 - Loss: -371.2736, Task: 3.1532, Adv: -7.4885, Verify: 0.0000, Time: 145.1s
2026-04-24 19:38:53,578 [INFO] pcrl.training.trainer:   Task 'income' accuracy: 0.5882
2026-04-24 19:38:53,579 [INFO] pcrl.training.trainer:   Task 'hours_band' accuracy: 0.5466
2026-04-24 19:38:53,579 [INFO] pcrl.training.trainer:   Task 'education_level' accuracy: 0.3866
2026-04-24 19:38:53,579 [INFO] pcrl.training.trainer:   Auditor 'race' accuracy: 0.6184
2026-04-24 19:38:53,579 [INFO] pcrl.training.trainer:   Auditor 'sex' accuracy: 0.5281
2026-04-24 19:38:53,579 [INFO] pcrl.training.trainer:   Auditor 'age_group' accuracy: 0.4159
2026-04-24 19:38:53,579 [INFO] pcrl.training.trainer:   Auditor 'marital_status' accuracy: 0.5239
2026-04-24 19:38:53,579 [INFO] pcrl.training.trainer:   Auditor 'income' accuracy: 0.5882
2026-04-24 19:38:54,843 [INFO] pcrl.training.trainer: [VAL] Epoch 20 - Loss: 377.0747, Task: 3.1612, Adv: 7.4783, Verify: 0.0000, Time: 1.3s
2026-04-24 19:38:54,844 [INFO] pcrl.training.trainer:   Task 'income' accuracy: 0.5910
2026-04-24 19:38:54,844 [INFO] pcrl.training.trainer:   Task 'hours_band' accuracy: 0.5423
2026-04-24 19:38:54,844 [INFO] pcrl.training.trainer:   Task 'education_level' accuracy: 0.3866
2026-04-24 19:38:54,844 [INFO] pcrl.training.trainer:   Auditor 'race' accuracy: 0.6201
2026-04-24 19:38:54,844 [INFO] pcrl.training.trainer:   Auditor 'sex' accuracy: 0.5278
2026-04-24 19:38:54,844 [INFO] pcrl.training.trainer:   Auditor 'age_group' accuracy: 0.4141
2026-04-24 19:38:54,844 [INFO] pcrl.training.trainer:   Auditor 'marital_status' accuracy: 0.5266
2026-04-24 19:38:54,844 [INFO] pcrl.training.trainer:   Auditor 'income' accuracy: 0.5910
2026-04-24 19:39:06,576 [INFO] pcrl.training.trainer: Epoch 21 [50/612] Loss: -373.7158 Task: 3.2162 Adv: -7.5386 Verify: 0.0000
2026-04-24 19:39:18,572 [INFO] pcrl.training.trainer: Epoch 21 [100/612] Loss: -368.6252 Task: 3.1208 Adv: -7.4349 Verify: 0.0000
2026-04-24 19:39:30,632 [INFO] pcrl.training.trainer: Epoch 21 [150/612] Loss: -374.6147 Task: 3.1710 Adv: -7.5557 Verify: 0.0000
2026-04-24 19:39:42,314 [INFO] pcrl.training.trainer: Epoch 21 [200/612] Loss: -374.1073 Task: 3.1435 Adv: -7.5450 Verify: 0.0000
2026-04-24 19:39:54,141 [INFO] pcrl.training.trainer: Epoch 21 [250/612] Loss: -370.2421 Task: 3.1635 Adv: -7.4681 Verify: 0.0000
2026-04-24 19:40:05,930 [INFO] pcrl.training.trainer: Epoch 21 [300/612] Loss: -370.3404 Task: 3.1499 Adv: -7.4698 Verify: 0.0000
2026-04-24 19:40:17,806 [INFO] pcrl.training.trainer: Epoch 21 [350/612] Loss: -367.4586 Task: 3.1034 Adv: -7.4112 Verify: 0.0000
2026-04-24 19:40:29,930 [INFO] pcrl.training.trainer: Epoch 21 [400/612] Loss: -370.3148 Task: 3.1877 Adv: -7.4701 Verify: 0.0000
2026-04-24 19:40:43,022 [INFO] pcrl.training.trainer: Epoch 21 [450/612] Loss: -372.3729 Task: 3.1336 Adv: -7.5101 Verify: 0.0000
2026-04-24 19:40:54,898 [INFO] pcrl.training.trainer: Epoch 21 [500/612] Loss: -370.7515 Task: 3.2077 Adv: -7.4792 Verify: 0.0000
2026-04-24 19:41:06,611 [INFO] pcrl.training.trainer: Epoch 21 [550/612] Loss: -369.0222 Task: 3.0999 Adv: -7.4424 Verify: 0.0000
2026-04-24 19:41:18,507 [INFO] pcrl.training.trainer: Epoch 21 [600/612] Loss: -374.7166 Task: 3.1144 Adv: -7.5566 Verify: 0.0000
2026-04-24 19:41:21,307 [INFO] pcrl.training.trainer: [TRAIN] Epoch 21 - Loss: -371.2375, Task: 3.1531, Adv: -7.4878, Verify: 0.0000, Time: 146.5s
2026-04-24 19:41:21,307 [INFO] pcrl.training.trainer:   Task 'income' accuracy: 0.5882
2026-04-24 19:41:21,307 [INFO] pcrl.training.trainer:   Task 'hours_band' accuracy: 0.5466
2026-04-24 19:41:21,307 [INFO] pcrl.training.trainer:   Task 'education_level' accuracy: 0.3866
2026-04-24 19:41:21,307 [INFO] pcrl.training.trainer:   Auditor 'race' accuracy: 0.6184
2026-04-24 19:41:21,307 [INFO] pcrl.training.trainer:   Auditor 'sex' accuracy: 0.5284
2026-04-24 19:41:21,307 [INFO] pcrl.training.trainer:   Auditor 'age_group' accuracy: 0.4157
2026-04-24 19:41:21,307 [INFO] pcrl.training.trainer:   Auditor 'marital_status' accuracy: 0.5235
2026-04-24 19:41:21,307 [INFO] pcrl.training.trainer:   Auditor 'income' accuracy: 0.5882
2026-04-24 19:41:22,390 [INFO] pcrl.training.trainer: [VAL] Epoch 21 - Loss: 377.1629, Task: 3.1609, Adv: 7.4800, Verify: 0.0000, Time: 1.1s
2026-04-24 19:41:22,390 [INFO] pcrl.training.trainer:   Task 'income' accuracy: 0.5910
2026-04-24 19:41:22,390 [INFO] pcrl.training.trainer:   Task 'hours_band' accuracy: 0.5423
2026-04-24 19:41:22,390 [INFO] pcrl.training.trainer:   Task 'education_level' accuracy: 0.3866
2026-04-24 19:41:22,390 [INFO] pcrl.training.trainer:   Auditor 'race' accuracy: 0.6201
2026-04-24 19:41:22,390 [INFO] pcrl.training.trainer:   Auditor 'sex' accuracy: 0.5278
2026-04-24 19:41:22,390 [INFO] pcrl.training.trainer:   Auditor 'age_group' accuracy: 0.4141
2026-04-24 19:41:22,390 [INFO] pcrl.training.trainer:   Auditor 'marital_status' accuracy: 0.5266
2026-04-24 19:41:22,390 [INFO] pcrl.training.trainer:   Auditor 'income' accuracy: 0.5910
2026-04-24 19:41:34,126 [INFO] pcrl.training.trainer: Epoch 22 [50/612] Loss: -374.7515 Task: 3.0943 Adv: -7.5569 Verify: 0.0000
2026-04-24 19:41:45,891 [INFO] pcrl.training.trainer: Epoch 22 [100/612] Loss: -372.0957 Task: 3.1531 Adv: -7.5050 Verify: 0.0000
2026-04-24 19:41:57,688 [INFO] pcrl.training.trainer: Epoch 22 [150/612] Loss: -371.8083 Task: 3.1121 Adv: -7.4984 Verify: 0.0000
2026-04-24 19:42:09,501 [INFO] pcrl.training.trainer: Epoch 22 [200/612] Loss: -371.5093 Task: 3.1443 Adv: -7.4931 Verify: 0.0000
2026-04-24 19:42:21,427 [INFO] pcrl.training.trainer: Epoch 22 [250/612] Loss: -373.5046 Task: 3.1485 Adv: -7.5331 Verify: 0.0000
2026-04-24 19:42:33,417 [INFO] pcrl.training.trainer: Epoch 22 [300/612] Loss: -371.8213 Task: 3.1369 Adv: -7.4992 Verify: 0.0000
2026-04-24 19:42:45,219 [INFO] pcrl.training.trainer: Epoch 22 [350/612] Loss: -368.6465 Task: 3.2209 Adv: -7.4373 Verify: 0.0000
2026-04-24 19:42:57,166 [INFO] pcrl.training.trainer: Epoch 22 [400/612] Loss: -367.2696 Task: 3.2142 Adv: -7.4097 Verify: 0.0000
2026-04-24 19:43:09,250 [INFO] pcrl.training.trainer: Epoch 22 [450/612] Loss: -369.2748 Task: 3.1711 Adv: -7.4489 Verify: 0.0000
2026-04-24 19:43:20,781 [INFO] pcrl.training.trainer: Epoch 22 [500/612] Loss: -369.2347 Task: 3.2035 Adv: -7.4488 Verify: 0.0000
2026-04-24 19:43:32,310 [INFO] pcrl.training.trainer: Epoch 22 [550/612] Loss: -366.2104 Task: 3.1722 Adv: -7.3877 Verify: 0.0000
2026-04-24 19:43:44,126 [INFO] pcrl.training.trainer: Epoch 22 [600/612] Loss: -371.7779 Task: 3.1463 Adv: -7.4985 Verify: 0.0000
2026-04-24 19:43:46,946 [INFO] pcrl.training.trainer: [TRAIN] Epoch 22 - Loss: -371.2899, Task: 3.1531, Adv: -7.4889, Verify: 0.0000, Time: 144.6s
2026-04-24 19:43:46,946 [INFO] pcrl.training.trainer:   Task 'income' accuracy: 0.5882
2026-04-24 19:43:46,946 [INFO] pcrl.training.trainer:   Task 'hours_band' accuracy: 0.5466
2026-04-24 19:43:46,946 [INFO] pcrl.training.trainer:   Task 'education_level' accuracy: 0.3866
2026-04-24 19:43:46,946 [INFO] pcrl.training.trainer:   Auditor 'race' accuracy: 0.6184
2026-04-24 19:43:46,946 [INFO] pcrl.training.trainer:   Auditor 'sex' accuracy: 0.5280
2026-04-24 19:43:46,946 [INFO] pcrl.training.trainer:   Auditor 'age_group' accuracy: 0.4157
2026-04-24 19:43:46,946 [INFO] pcrl.training.trainer:   Auditor 'marital_status' accuracy: 0.5237
2026-04-24 19:43:46,946 [INFO] pcrl.training.trainer:   Auditor 'income' accuracy: 0.5882
2026-04-24 19:43:48,015 [INFO] pcrl.training.trainer: [VAL] Epoch 22 - Loss: 377.1063, Task: 3.1607, Adv: 7.4789, Verify: 0.0000, Time: 1.1s
2026-04-24 19:43:48,015 [INFO] pcrl.training.trainer:   Task 'income' accuracy: 0.5910
2026-04-24 19:43:48,015 [INFO] pcrl.training.trainer:   Task 'hours_band' accuracy: 0.5423
2026-04-24 19:43:48,015 [INFO] pcrl.training.trainer:   Task 'education_level' accuracy: 0.3866
2026-04-24 19:43:48,015 [INFO] pcrl.training.trainer:   Auditor 'race' accuracy: 0.6201
2026-04-24 19:43:48,015 [INFO] pcrl.training.trainer:   Auditor 'sex' accuracy: 0.5278
2026-04-24 19:43:48,015 [INFO] pcrl.training.trainer:   Auditor 'age_group' accuracy: 0.4141
2026-04-24 19:43:48,015 [INFO] pcrl.training.trainer:   Auditor 'marital_status' accuracy: 0.5266
2026-04-24 19:43:48,015 [INFO] pcrl.training.trainer:   Auditor 'income' accuracy: 0.5910
2026-04-24 19:43:59,631 [INFO] pcrl.training.trainer: Epoch 23 [50/612] Loss: -361.6052 Task: 3.2040 Adv: -7.2962 Verify: 0.0000
2026-04-24 19:44:11,515 [INFO] pcrl.training.trainer: Epoch 23 [100/612] Loss: -367.2480 Task: 3.1470 Adv: -7.4079 Verify: 0.0000
2026-04-24 19:44:23,361 [INFO] pcrl.training.trainer: Epoch 23 [150/612] Loss: -370.5704 Task: 3.1123 Adv: -7.4737 Verify: 0.0000
2026-04-24 19:44:35,113 [INFO] pcrl.training.trainer: Epoch 23 [200/612] Loss: -371.5093 Task: 3.1790 Adv: -7.4938 Verify: 0.0000
2026-04-24 19:44:46,702 [INFO] pcrl.training.trainer: Epoch 23 [250/612] Loss: -376.7442 Task: 3.1318 Adv: -7.5975 Verify: 0.0000
2026-04-24 19:44:58,110 [INFO] pcrl.training.trainer: Epoch 23 [300/612] Loss: -376.6441 Task: 3.1799 Adv: -7.5965 Verify: 0.0000
2026-04-24 19:45:09,725 [INFO] pcrl.training.trainer: Epoch 23 [350/612] Loss: -376.8985 Task: 3.0960 Adv: -7.5999 Verify: 0.0000
2026-04-24 19:45:21,548 [INFO] pcrl.training.trainer: Epoch 23 [400/612] Loss: -370.2289 Task: 3.1048 Adv: -7.4667 Verify: 0.0000
2026-04-24 19:45:33,667 [INFO] pcrl.training.trainer: Epoch 23 [450/612] Loss: -370.1635 Task: 3.1416 Adv: -7.4661 Verify: 0.0000
2026-04-24 19:45:46,686 [INFO] pcrl.training.trainer: Epoch 23 [500/612] Loss: -367.9415 Task: 3.1586 Adv: -7.4220 Verify: 0.0000
2026-04-24 19:45:58,591 [INFO] pcrl.training.trainer: Epoch 23 [550/612] Loss: -369.7671 Task: 3.2150 Adv: -7.4596 Verify: 0.0000
2026-04-24 19:46:10,263 [INFO] pcrl.training.trainer: Epoch 23 [600/612] Loss: -371.3330 Task: 3.1723 Adv: -7.4901 Verify: 0.0000
2026-04-24 19:46:13,213 [INFO] pcrl.training.trainer: [TRAIN] Epoch 23 - Loss: -371.3183, Task: 3.1532, Adv: -7.4894, Verify: 0.0000, Time: 145.2s
2026-04-24 19:46:13,213 [INFO] pcrl.training.trainer:   Task 'income' accuracy: 0.5882
2026-04-24 19:46:13,213 [INFO] pcrl.training.trainer:   Task 'hours_band' accuracy: 0.5466
2026-04-24 19:46:13,213 [INFO] pcrl.training.trainer:   Task 'education_level' accuracy: 0.3866
2026-04-24 19:46:13,213 [INFO] pcrl.training.trainer:   Auditor 'race' accuracy: 0.6184
2026-04-24 19:46:13,213 [INFO] pcrl.training.trainer:   Auditor 'sex' accuracy: 0.5280
2026-04-24 19:46:13,213 [INFO] pcrl.training.trainer:   Auditor 'age_group' accuracy: 0.4157
2026-04-24 19:46:13,213 [INFO] pcrl.training.trainer:   Auditor 'marital_status' accuracy: 0.5236
2026-04-24 19:46:13,213 [INFO] pcrl.training.trainer:   Auditor 'income' accuracy: 0.5882
2026-04-24 19:46:14,309 [INFO] pcrl.training.trainer: [VAL] Epoch 23 - Loss: 377.1691, Task: 3.1606, Adv: 7.4802, Verify: 0.0000, Time: 1.1s
2026-04-24 19:46:14,309 [INFO] pcrl.training.trainer:   Task 'income' accuracy: 0.5910
2026-04-24 19:46:14,309 [INFO] pcrl.training.trainer:   Task 'hours_band' accuracy: 0.5423
2026-04-24 19:46:14,309 [INFO] pcrl.training.trainer:   Task 'education_level' accuracy: 0.3866
2026-04-24 19:46:14,309 [INFO] pcrl.training.trainer:   Auditor 'race' accuracy: 0.6201
2026-04-24 19:46:14,309 [INFO] pcrl.training.trainer:   Auditor 'sex' accuracy: 0.5278
2026-04-24 19:46:14,309 [INFO] pcrl.training.trainer:   Auditor 'age_group' accuracy: 0.4141
2026-04-24 19:46:14,309 [INFO] pcrl.training.trainer:   Auditor 'marital_status' accuracy: 0.5266
2026-04-24 19:46:14,309 [INFO] pcrl.training.trainer:   Auditor 'income' accuracy: 0.5910
2026-04-24 19:46:26,169 [INFO] pcrl.training.trainer: Epoch 24 [50/612] Loss: -370.9086 Task: 3.0565 Adv: -7.4793 Verify: 0.0000
2026-04-24 19:46:37,901 [INFO] pcrl.training.trainer: Epoch 24 [100/612] Loss: -370.4990 Task: 3.1565 Adv: -7.4731 Verify: 0.0000
2026-04-24 19:46:49,570 [INFO] pcrl.training.trainer: Epoch 24 [150/612] Loss: -371.3014 Task: 3.1380 Adv: -7.4888 Verify: 0.0000
2026-04-24 19:47:01,492 [INFO] pcrl.training.trainer: Epoch 24 [200/612] Loss: -372.1813 Task: 3.0737 Adv: -7.5051 Verify: 0.0000
2026-04-24 19:47:13,171 [INFO] pcrl.training.trainer: Epoch 24 [250/612] Loss: -371.4360 Task: 3.1865 Adv: -7.4925 Verify: 0.0000
2026-04-24 19:47:24,875 [INFO] pcrl.training.trainer: Epoch 24 [300/612] Loss: -373.7508 Task: 3.1012 Adv: -7.5370 Verify: 0.0000
2026-04-24 19:47:36,591 [INFO] pcrl.training.trainer: Epoch 24 [350/612] Loss: -378.1621 Task: 3.1909 Adv: -7.6271 Verify: 0.0000
2026-04-24 19:47:48,597 [INFO] pcrl.training.trainer: Epoch 24 [400/612] Loss: -370.3690 Task: 3.0995 Adv: -7.4694 Verify: 0.0000
2026-04-24 19:48:00,393 [INFO] pcrl.training.trainer: Epoch 24 [450/612] Loss: -368.5763 Task: 3.0976 Adv: -7.4335 Verify: 0.0000
2026-04-24 19:48:12,405 [INFO] pcrl.training.trainer: Epoch 24 [500/612] Loss: -369.9769 Task: 3.1559 Adv: -7.4627 Verify: 0.0000
2026-04-24 19:48:24,212 [INFO] pcrl.training.trainer: Epoch 24 [550/612] Loss: -368.5660 Task: 3.1538 Adv: -7.4344 Verify: 0.0000
2026-04-24 19:48:36,028 [INFO] pcrl.training.trainer: Epoch 24 [600/612] Loss: -368.3614 Task: 3.1494 Adv: -7.4302 Verify: 0.0000
2026-04-24 19:48:38,853 [INFO] pcrl.training.trainer: [TRAIN] Epoch 24 - Loss: -371.3557, Task: 3.1531, Adv: -7.4902, Verify: 0.0000, Time: 144.5s
2026-04-24 19:48:38,853 [INFO] pcrl.training.trainer:   Task 'income' accuracy: 0.5882
2026-04-24 19:48:38,853 [INFO] pcrl.training.trainer:   Task 'hours_band' accuracy: 0.5466
2026-04-24 19:48:38,853 [INFO] pcrl.training.trainer:   Task 'education_level' accuracy: 0.3866
2026-04-24 19:48:38,853 [INFO] pcrl.training.trainer:   Auditor 'race' accuracy: 0.6184
2026-04-24 19:48:38,853 [INFO] pcrl.training.trainer:   Auditor 'sex' accuracy: 0.5282
2026-04-24 19:48:38,853 [INFO] pcrl.training.trainer:   Auditor 'age_group' accuracy: 0.4158
2026-04-24 19:48:38,853 [INFO] pcrl.training.trainer:   Auditor 'marital_status' accuracy: 0.5238
2026-04-24 19:48:38,853 [INFO] pcrl.training.trainer:   Auditor 'income' accuracy: 0.5882
2026-04-24 19:48:39,962 [INFO] pcrl.training.trainer: [VAL] Epoch 24 - Loss: 377.4516, Task: 3.1609, Adv: 7.4858, Verify: 0.0000, Time: 1.1s
2026-04-24 19:48:39,962 [INFO] pcrl.training.trainer:   Task 'income' accuracy: 0.5910
2026-04-24 19:48:39,962 [INFO] pcrl.training.trainer:   Task 'hours_band' accuracy: 0.5423
2026-04-24 19:48:39,962 [INFO] pcrl.training.trainer:   Task 'education_level' accuracy: 0.3866
2026-04-24 19:48:39,962 [INFO] pcrl.training.trainer:   Auditor 'race' accuracy: 0.6201
2026-04-24 19:48:39,962 [INFO] pcrl.training.trainer:   Auditor 'sex' accuracy: 0.5278
2026-04-24 19:48:39,962 [INFO] pcrl.training.trainer:   Auditor 'age_group' accuracy: 0.4141
2026-04-24 19:48:39,962 [INFO] pcrl.training.trainer:   Auditor 'marital_status' accuracy: 0.5266
2026-04-24 19:48:39,962 [INFO] pcrl.training.trainer:   Auditor 'income' accuracy: 0.5910
2026-04-24 19:48:51,924 [INFO] pcrl.training.trainer: Epoch 25 [50/612] Loss: -373.3364 Task: 3.1535 Adv: -7.5298 Verify: 0.0000
2026-04-24 19:49:03,532 [INFO] pcrl.training.trainer: Epoch 25 [100/612] Loss: -372.4932 Task: 3.1816 Adv: -7.5135 Verify: 0.0000
2026-04-24 19:49:15,428 [INFO] pcrl.training.trainer: Epoch 25 [150/612] Loss: -369.4040 Task: 3.2142 Adv: -7.4524 Verify: 0.0000
2026-04-24 19:49:27,104 [INFO] pcrl.training.trainer: Epoch 25 [200/612] Loss: -371.0186 Task: 3.1522 Adv: -7.4834 Verify: 0.0000
2026-04-24 19:49:38,796 [INFO] pcrl.training.trainer: Epoch 25 [250/612] Loss: -375.0524 Task: 3.1781 Adv: -7.5646 Verify: 0.0000
2026-04-24 19:49:50,237 [INFO] pcrl.training.trainer: Epoch 25 [300/612] Loss: -372.3245 Task: 3.2235 Adv: -7.5110 Verify: 0.0000
2026-04-24 19:50:01,546 [INFO] pcrl.training.trainer: Epoch 25 [350/612] Loss: -374.1300 Task: 3.1005 Adv: -7.5446 Verify: 0.0000
2026-04-24 19:50:12,973 [INFO] pcrl.training.trainer: Epoch 25 [400/612] Loss: -368.4238 Task: 3.1318 Adv: -7.4311 Verify: 0.0000
2026-04-24 19:50:24,644 [INFO] pcrl.training.trainer: Epoch 25 [450/612] Loss: -372.6685 Task: 3.1564 Adv: -7.5165 Verify: 0.0000
2026-04-24 19:50:36,124 [INFO] pcrl.training.trainer: Epoch 25 [500/612] Loss: -378.0612 Task: 3.1415 Adv: -7.6241 Verify: 0.0000
2026-04-24 19:50:47,540 [INFO] pcrl.training.trainer: Epoch 25 [550/612] Loss: -376.3058 Task: 3.1662 Adv: -7.5894 Verify: 0.0000
2026-04-24 19:50:59,488 [INFO] pcrl.training.trainer: Epoch 25 [600/612] Loss: -371.3233 Task: 3.2045 Adv: -7.4906 Verify: 0.0000
2026-04-24 19:51:02,603 [INFO] pcrl.training.trainer: [TRAIN] Epoch 25 - Loss: -371.1851, Task: 3.1531, Adv: -7.4868, Verify: 0.0000, Time: 142.6s
2026-04-24 19:51:02,604 [INFO] pcrl.training.trainer:   Task 'income' accuracy: 0.5882
2026-04-24 19:51:02,604 [INFO] pcrl.training.trainer:   Task 'hours_band' accuracy: 0.5466
2026-04-24 19:51:02,604 [INFO] pcrl.training.trainer:   Task 'education_level' accuracy: 0.3866
2026-04-24 19:51:02,604 [INFO] pcrl.training.trainer:   Auditor 'race' accuracy: 0.6184
2026-04-24 19:51:02,604 [INFO] pcrl.training.trainer:   Auditor 'sex' accuracy: 0.5283
2026-04-24 19:51:02,604 [INFO] pcrl.training.trainer:   Auditor 'age_group' accuracy: 0.4157
2026-04-24 19:51:02,604 [INFO] pcrl.training.trainer:   Auditor 'marital_status' accuracy: 0.5236
2026-04-24 19:51:02,604 [INFO] pcrl.training.trainer:   Auditor 'income' accuracy: 0.5882
2026-04-24 19:51:03,975 [INFO] pcrl.training.trainer: [VAL] Epoch 25 - Loss: 377.1615, Task: 3.1606, Adv: 7.4800, Verify: 0.0000, Time: 1.4s
2026-04-24 19:51:03,976 [INFO] pcrl.training.trainer:   Task 'income' accuracy: 0.5910
2026-04-24 19:51:03,976 [INFO] pcrl.training.trainer:   Task 'hours_band' accuracy: 0.5423
2026-04-24 19:51:03,976 [INFO] pcrl.training.trainer:   Task 'education_level' accuracy: 0.3866
2026-04-24 19:51:03,976 [INFO] pcrl.training.trainer:   Auditor 'race' accuracy: 0.6201
2026-04-24 19:51:03,976 [INFO] pcrl.training.trainer:   Auditor 'sex' accuracy: 0.5278
2026-04-24 19:51:03,976 [INFO] pcrl.training.trainer:   Auditor 'age_group' accuracy: 0.4141
2026-04-24 19:51:03,976 [INFO] pcrl.training.trainer:   Auditor 'marital_status' accuracy: 0.5266
2026-04-24 19:51:03,976 [INFO] pcrl.training.trainer:   Auditor 'income' accuracy: 0.5910
2026-04-24 19:51:16,146 [INFO] pcrl.training.trainer: Epoch 26 [50/612] Loss: -372.3524 Task: 3.1125 Adv: -7.5093 Verify: 0.0000
2026-04-24 19:51:27,694 [INFO] pcrl.training.trainer: Epoch 26 [100/612] Loss: -368.9248 Task: 3.1560 Adv: -7.4416 Verify: 0.0000
2026-04-24 19:51:39,262 [INFO] pcrl.training.trainer: Epoch 26 [150/612] Loss: -368.0442 Task: 3.1854 Adv: -7.4246 Verify: 0.0000
2026-04-24 19:51:50,811 [INFO] pcrl.training.trainer: Epoch 26 [200/612] Loss: -372.4591 Task: 3.1714 Adv: -7.5126 Verify: 0.0000
2026-04-24 19:52:02,451 [INFO] pcrl.training.trainer: Epoch 26 [250/612] Loss: -370.3885 Task: 3.1547 Adv: -7.4709 Verify: 0.0000
2026-04-24 19:52:13,961 [INFO] pcrl.training.trainer: Epoch 26 [300/612] Loss: -371.1989 Task: 3.1297 Adv: -7.4866 Verify: 0.0000
2026-04-24 19:52:25,500 [INFO] pcrl.training.trainer: Epoch 26 [350/612] Loss: -372.9191 Task: 3.1663 Adv: -7.5217 Verify: 0.0000
2026-04-24 19:52:36,918 [INFO] pcrl.training.trainer: Epoch 26 [400/612] Loss: -375.4402 Task: 3.0939 Adv: -7.5707 Verify: 0.0000
2026-04-24 19:52:48,759 [INFO] pcrl.training.trainer: Epoch 26 [450/612] Loss: -375.2056 Task: 3.1224 Adv: -7.5666 Verify: 0.0000
2026-04-24 19:53:00,311 [INFO] pcrl.training.trainer: Epoch 26 [500/612] Loss: -368.5044 Task: 3.2431 Adv: -7.4349 Verify: 0.0000
2026-04-24 19:53:11,842 [INFO] pcrl.training.trainer: Epoch 26 [550/612] Loss: -371.6367 Task: 3.2038 Adv: -7.4968 Verify: 0.0000
2026-04-24 19:53:23,374 [INFO] pcrl.training.trainer: Epoch 26 [600/612] Loss: -370.9160 Task: 3.1102 Adv: -7.4805 Verify: 0.0000
2026-04-24 19:53:26,160 [INFO] pcrl.training.trainer: [TRAIN] Epoch 26 - Loss: -371.3014, Task: 3.1531, Adv: -7.4891, Verify: 0.0000, Time: 142.2s
2026-04-24 19:53:26,160 [INFO] pcrl.training.trainer:   Task 'income' accuracy: 0.5882
2026-04-24 19:53:26,160 [INFO] pcrl.training.trainer:   Task 'hours_band' accuracy: 0.5466
2026-04-24 19:53:26,161 [INFO] pcrl.training.trainer:   Task 'education_level' accuracy: 0.3866
2026-04-24 19:53:26,161 [INFO] pcrl.training.trainer:   Auditor 'race' accuracy: 0.6184
2026-04-24 19:53:26,161 [INFO] pcrl.training.trainer:   Auditor 'sex' accuracy: 0.5281
2026-04-24 19:53:26,161 [INFO] pcrl.training.trainer:   Auditor 'age_group' accuracy: 0.4157
2026-04-24 19:53:26,161 [INFO] pcrl.training.trainer:   Auditor 'marital_status' accuracy: 0.5236
2026-04-24 19:53:26,161 [INFO] pcrl.training.trainer:   Auditor 'income' accuracy: 0.5882
2026-04-24 19:53:27,474 [INFO] pcrl.training.trainer: [VAL] Epoch 26 - Loss: 377.1603, Task: 3.1606, Adv: 7.4800, Verify: 0.0000, Time: 1.3s
2026-04-24 19:53:27,474 [INFO] pcrl.training.trainer:   Task 'income' accuracy: 0.5910
2026-04-24 19:53:27,474 [INFO] pcrl.training.trainer:   Task 'hours_band' accuracy: 0.5423
2026-04-24 19:53:27,474 [INFO] pcrl.training.trainer:   Task 'education_level' accuracy: 0.3866
2026-04-24 19:53:27,474 [INFO] pcrl.training.trainer:   Auditor 'race' accuracy: 0.6201
2026-04-24 19:53:27,474 [INFO] pcrl.training.trainer:   Auditor 'sex' accuracy: 0.5278
2026-04-24 19:53:27,474 [INFO] pcrl.training.trainer:   Auditor 'age_group' accuracy: 0.4141
2026-04-24 19:53:27,474 [INFO] pcrl.training.trainer:   Auditor 'marital_status' accuracy: 0.5266
2026-04-24 19:53:27,474 [INFO] pcrl.training.trainer:   Auditor 'income' accuracy: 0.5910
2026-04-24 19:53:39,103 [INFO] pcrl.training.trainer: Epoch 27 [50/612] Loss: -369.9627 Task: 3.1188 Adv: -7.4616 Verify: 0.0000
2026-04-24 19:53:50,588 [INFO] pcrl.training.trainer: Epoch 27 [100/612] Loss: -375.6492 Task: 3.2184 Adv: -7.5774 Verify: 0.0000
2026-04-24 19:54:01,982 [INFO] pcrl.training.trainer: Epoch 27 [150/612] Loss: -367.3320 Task: 3.1843 Adv: -7.4103 Verify: 0.0000
2026-04-24 19:54:13,847 [INFO] pcrl.training.trainer: Epoch 27 [200/612] Loss: -371.4808 Task: 3.1977 Adv: -7.4936 Verify: 0.0000
2026-04-24 19:54:25,679 [INFO] pcrl.training.trainer: Epoch 27 [250/612] Loss: -371.1287 Task: 3.1409 Adv: -7.4854 Verify: 0.0000
2026-04-24 19:54:37,375 [INFO] pcrl.training.trainer: Epoch 27 [300/612] Loss: -369.4204 Task: 3.1827 Adv: -7.4521 Verify: 0.0000
2026-04-24 19:54:48,925 [INFO] pcrl.training.trainer: Epoch 27 [350/612] Loss: -371.4870 Task: 3.1269 Adv: -7.4923 Verify: 0.0000
2026-04-24 19:55:00,437 [INFO] pcrl.training.trainer: Epoch 27 [400/612] Loss: -371.4294 Task: 3.1750 Adv: -7.4921 Verify: 0.0000
2026-04-24 19:55:11,836 [INFO] pcrl.training.trainer: Epoch 27 [450/612] Loss: -373.0608 Task: 3.1984 Adv: -7.5252 Verify: 0.0000
2026-04-24 19:55:23,646 [INFO] pcrl.training.trainer: Epoch 27 [500/612] Loss: -373.0202 Task: 3.1783 Adv: -7.5240 Verify: 0.0000
2026-04-24 19:55:35,477 [INFO] pcrl.training.trainer: Epoch 27 [550/612] Loss: -369.3248 Task: 3.1190 Adv: -7.4489 Verify: 0.0000
2026-04-24 19:55:47,087 [INFO] pcrl.training.trainer: Epoch 27 [600/612] Loss: -370.6028 Task: 3.1565 Adv: -7.4752 Verify: 0.0000
2026-04-24 19:55:49,915 [INFO] pcrl.training.trainer: [TRAIN] Epoch 27 - Loss: -371.2656, Task: 3.1529, Adv: -7.4884, Verify: 0.0000, Time: 142.4s
2026-04-24 19:55:49,915 [INFO] pcrl.training.trainer:   Task 'income' accuracy: 0.5882
2026-04-24 19:55:49,915 [INFO] pcrl.training.trainer:   Task 'hours_band' accuracy: 0.5466
2026-04-24 19:55:49,915 [INFO] pcrl.training.trainer:   Task 'education_level' accuracy: 0.3866
2026-04-24 19:55:49,915 [INFO] pcrl.training.trainer:   Auditor 'race' accuracy: 0.6184
2026-04-24 19:55:49,915 [INFO] pcrl.training.trainer:   Auditor 'sex' accuracy: 0.5281
2026-04-24 19:55:49,916 [INFO] pcrl.training.trainer:   Auditor 'age_group' accuracy: 0.4159
2026-04-24 19:55:49,916 [INFO] pcrl.training.trainer:   Auditor 'marital_status' accuracy: 0.5241
2026-04-24 19:55:49,916 [INFO] pcrl.training.trainer:   Auditor 'income' accuracy: 0.5882
2026-04-24 19:55:51,041 [INFO] pcrl.training.trainer: [VAL] Epoch 27 - Loss: 377.0896, Task: 3.1608, Adv: 7.4786, Verify: 0.0000, Time: 1.1s
2026-04-24 19:55:51,041 [INFO] pcrl.training.trainer:   Task 'income' accuracy: 0.5910
2026-04-24 19:55:51,041 [INFO] pcrl.training.trainer:   Task 'hours_band' accuracy: 0.5423
2026-04-24 19:55:51,041 [INFO] pcrl.training.trainer:   Task 'education_level' accuracy: 0.3866
2026-04-24 19:55:51,041 [INFO] pcrl.training.trainer:   Auditor 'race' accuracy: 0.6201
2026-04-24 19:55:51,041 [INFO] pcrl.training.trainer:   Auditor 'sex' accuracy: 0.5278
2026-04-24 19:55:51,042 [INFO] pcrl.training.trainer:   Auditor 'age_group' accuracy: 0.4141
2026-04-24 19:55:51,042 [INFO] pcrl.training.trainer:   Auditor 'marital_status' accuracy: 0.5266
2026-04-24 19:55:51,042 [INFO] pcrl.training.trainer:   Auditor 'income' accuracy: 0.5910
2026-04-24 19:56:04,225 [INFO] pcrl.training.trainer: Epoch 28 [50/612] Loss: -373.4233 Task: 3.2312 Adv: -7.5331 Verify: 0.0000
2026-04-24 19:56:16,045 [INFO] pcrl.training.trainer: Epoch 28 [100/612] Loss: -371.0896 Task: 3.1750 Adv: -7.4853 Verify: 0.0000
2026-04-24 19:56:27,743 [INFO] pcrl.training.trainer: Epoch 28 [150/612] Loss: -371.7400 Task: 3.1673 Adv: -7.4981 Verify: 0.0000
2026-04-24 19:56:39,352 [INFO] pcrl.training.trainer: Epoch 28 [200/612] Loss: -378.7077 Task: 3.0621 Adv: -7.6354 Verify: 0.0000
2026-04-24 19:56:51,097 [INFO] pcrl.training.trainer: Epoch 28 [250/612] Loss: -372.1964 Task: 3.2039 Adv: -7.5080 Verify: 0.0000
2026-04-24 19:57:02,835 [INFO] pcrl.training.trainer: Epoch 28 [300/612] Loss: -374.0911 Task: 3.1744 Adv: -7.5453 Verify: 0.0000
2026-04-24 19:57:14,681 [INFO] pcrl.training.trainer: Epoch 28 [350/612] Loss: -373.3368 Task: 3.0741 Adv: -7.5282 Verify: 0.0000
2026-04-24 19:57:26,384 [INFO] pcrl.training.trainer: Epoch 28 [400/612] Loss: -371.8039 Task: 3.1155 Adv: -7.4984 Verify: 0.0000
2026-04-24 19:57:38,091 [INFO] pcrl.training.trainer: Epoch 28 [450/612] Loss: -367.6434 Task: 3.1991 Adv: -7.4169 Verify: 0.0000
2026-04-24 19:57:49,788 [INFO] pcrl.training.trainer: Epoch 28 [500/612] Loss: -374.8914 Task: 3.1854 Adv: -7.5615 Verify: 0.0000
2026-04-24 19:58:01,709 [INFO] pcrl.training.trainer: Epoch 28 [550/612] Loss: -373.7174 Task: 3.1193 Adv: -7.5367 Verify: 0.0000
2026-04-24 19:58:13,307 [INFO] pcrl.training.trainer: Epoch 28 [600/612] Loss: -370.1457 Task: 3.2766 Adv: -7.4684 Verify: 0.0000
2026-04-24 19:58:16,031 [INFO] pcrl.training.trainer: [TRAIN] Epoch 28 - Loss: -371.3215, Task: 3.1529, Adv: -7.4895, Verify: 0.0000, Time: 145.0s
2026-04-24 19:58:16,031 [INFO] pcrl.training.trainer:   Task 'income' accuracy: 0.5882
2026-04-24 19:58:16,031 [INFO] pcrl.training.trainer:   Task 'hours_band' accuracy: 0.5466
2026-04-24 19:58:16,031 [INFO] pcrl.training.trainer:   Task 'education_level' accuracy: 0.3866
2026-04-24 19:58:16,031 [INFO] pcrl.training.trainer:   Auditor 'race' accuracy: 0.6184
2026-04-24 19:58:16,031 [INFO] pcrl.training.trainer:   Auditor 'sex' accuracy: 0.5281
2026-04-24 19:58:16,031 [INFO] pcrl.training.trainer:   Auditor 'age_group' accuracy: 0.4158
2026-04-24 19:58:16,031 [INFO] pcrl.training.trainer:   Auditor 'marital_status' accuracy: 0.5236
2026-04-24 19:58:16,032 [INFO] pcrl.training.trainer:   Auditor 'income' accuracy: 0.5882
2026-04-24 19:58:17,220 [INFO] pcrl.training.trainer: [VAL] Epoch 28 - Loss: 377.1454, Task: 3.1608, Adv: 7.4797, Verify: 0.0000, Time: 1.2s
2026-04-24 19:58:17,220 [INFO] pcrl.training.trainer:   Task 'income' accuracy: 0.5910
2026-04-24 19:58:17,220 [INFO] pcrl.training.trainer:   Task 'hours_band' accuracy: 0.5423
2026-04-24 19:58:17,220 [INFO] pcrl.training.trainer:   Task 'education_level' accuracy: 0.3866
2026-04-24 19:58:17,220 [INFO] pcrl.training.trainer:   Auditor 'race' accuracy: 0.6201
2026-04-24 19:58:17,220 [INFO] pcrl.training.trainer:   Auditor 'sex' accuracy: 0.5278
2026-04-24 19:58:17,220 [INFO] pcrl.training.trainer:   Auditor 'age_group' accuracy: 0.4141
2026-04-24 19:58:17,220 [INFO] pcrl.training.trainer:   Auditor 'marital_status' accuracy: 0.5266
2026-04-24 19:58:17,220 [INFO] pcrl.training.trainer:   Auditor 'income' accuracy: 0.5910
2026-04-24 19:58:28,991 [INFO] pcrl.training.trainer: Epoch 29 [50/612] Loss: -373.4710 Task: 3.2271 Adv: -7.5340 Verify: 0.0000
2026-04-24 19:58:40,600 [INFO] pcrl.training.trainer: Epoch 29 [100/612] Loss: -369.0711 Task: 3.1359 Adv: -7.4441 Verify: 0.0000
2026-04-24 19:58:52,280 [INFO] pcrl.training.trainer: Epoch 29 [150/612] Loss: -371.7049 Task: 3.1710 Adv: -7.4975 Verify: 0.0000
2026-04-24 19:59:03,879 [INFO] pcrl.training.trainer: Epoch 29 [200/612] Loss: -373.3357 Task: 3.2185 Adv: -7.5311 Verify: 0.0000
2026-04-24 19:59:15,419 [INFO] pcrl.training.trainer: Epoch 29 [250/612] Loss: -372.8053 Task: 3.1347 Adv: -7.5188 Verify: 0.0000
2026-04-24 19:59:27,282 [INFO] pcrl.training.trainer: Epoch 29 [300/612] Loss: -370.3557 Task: 3.1964 Adv: -7.4710 Verify: 0.0000
2026-04-24 19:59:39,081 [INFO] pcrl.training.trainer: Epoch 29 [350/612] Loss: -369.8122 Task: 3.1726 Adv: -7.4597 Verify: 0.0000
2026-04-24 19:59:50,911 [INFO] pcrl.training.trainer: Epoch 29 [400/612] Loss: -373.1308 Task: 3.0595 Adv: -7.5238 Verify: 0.0000
2026-04-24 20:00:02,550 [INFO] pcrl.training.trainer: Epoch 29 [450/612] Loss: -374.1079 Task: 3.1241 Adv: -7.5446 Verify: 0.0000
2026-04-24 20:00:14,240 [INFO] pcrl.training.trainer: Epoch 29 [500/612] Loss: -366.7593 Task: 3.2091 Adv: -7.3994 Verify: 0.0000
2026-04-24 20:00:25,632 [INFO] pcrl.training.trainer: Epoch 29 [550/612] Loss: -371.7496 Task: 3.1795 Adv: -7.4986 Verify: 0.0000
2026-04-24 20:00:37,269 [INFO] pcrl.training.trainer: Epoch 29 [600/612] Loss: -372.6594 Task: 3.1550 Adv: -7.5163 Verify: 0.0000
2026-04-24 20:00:40,061 [INFO] pcrl.training.trainer: [TRAIN] Epoch 29 - Loss: -371.2822, Task: 3.1529, Adv: -7.4887, Verify: 0.0000, Time: 142.8s
2026-04-24 20:00:40,061 [INFO] pcrl.training.trainer:   Task 'income' accuracy: 0.5882
2026-04-24 20:00:40,061 [INFO] pcrl.training.trainer:   Task 'hours_band' accuracy: 0.5466
2026-04-24 20:00:40,061 [INFO] pcrl.training.trainer:   Task 'education_level' accuracy: 0.3866
2026-04-24 20:00:40,061 [INFO] pcrl.training.trainer:   Auditor 'race' accuracy: 0.6184
2026-04-24 20:00:40,061 [INFO] pcrl.training.trainer:   Auditor 'sex' accuracy: 0.5282
2026-04-24 20:00:40,061 [INFO] pcrl.training.trainer:   Auditor 'age_group' accuracy: 0.4156
2026-04-24 20:00:40,061 [INFO] pcrl.training.trainer:   Auditor 'marital_status' accuracy: 0.5239
2026-04-24 20:00:40,061 [INFO] pcrl.training.trainer:   Auditor 'income' accuracy: 0.5882
2026-04-24 20:00:41,292 [INFO] pcrl.training.trainer: [VAL] Epoch 29 - Loss: 377.0804, Task: 3.1609, Adv: 7.4784, Verify: 0.0000, Time: 1.2s
2026-04-24 20:00:41,292 [INFO] pcrl.training.trainer:   Task 'income' accuracy: 0.5910
2026-04-24 20:00:41,292 [INFO] pcrl.training.trainer:   Task 'hours_band' accuracy: 0.5423
2026-04-24 20:00:41,292 [INFO] pcrl.training.trainer:   Task 'education_level' accuracy: 0.3866
2026-04-24 20:00:41,292 [INFO] pcrl.training.trainer:   Auditor 'race' accuracy: 0.6201
2026-04-24 20:00:41,292 [INFO] pcrl.training.trainer:   Auditor 'sex' accuracy: 0.5278
2026-04-24 20:00:41,292 [INFO] pcrl.training.trainer:   Auditor 'age_group' accuracy: 0.4141
2026-04-24 20:00:41,292 [INFO] pcrl.training.trainer:   Auditor 'marital_status' accuracy: 0.5266
2026-04-24 20:00:41,292 [INFO] pcrl.training.trainer:   Auditor 'income' accuracy: 0.5910
2026-04-24 20:00:41,333 [INFO] pcrl.training.trainer: Saved checkpoint to /home/ubuntu/PCRL/checkpoints/folktables_pcrl_s1/epoch_30.pt
2026-04-24 20:00:52,976 [INFO] pcrl.training.trainer: Epoch 30 [50/612] Loss: -376.4857 Task: 3.0521 Adv: -7.5908 Verify: 0.0000
2026-04-24 20:01:04,698 [INFO] pcrl.training.trainer: Epoch 30 [100/612] Loss: -366.4318 Task: 3.1004 Adv: -7.3906 Verify: 0.0000
2026-04-24 20:01:16,565 [INFO] pcrl.training.trainer: Epoch 30 [150/612] Loss: -371.0677 Task: 3.2026 Adv: -7.4854 Verify: 0.0000
2026-04-24 20:01:29,124 [INFO] pcrl.training.trainer: Epoch 30 [200/612] Loss: -370.3039 Task: 3.1772 Adv: -7.4696 Verify: 0.0000
2026-04-24 20:01:41,647 [INFO] pcrl.training.trainer: Epoch 30 [250/612] Loss: -367.6905 Task: 3.1605 Adv: -7.4170 Verify: 0.0000
2026-04-24 20:01:53,654 [INFO] pcrl.training.trainer: Epoch 30 [300/612] Loss: -370.5287 Task: 3.1320 Adv: -7.4732 Verify: 0.0000
2026-04-24 20:02:05,402 [INFO] pcrl.training.trainer: Epoch 30 [350/612] Loss: -370.3432 Task: 3.1689 Adv: -7.4702 Verify: 0.0000
2026-04-24 20:02:17,333 [INFO] pcrl.training.trainer: Epoch 30 [400/612] Loss: -374.6344 Task: 3.1056 Adv: -7.5548 Verify: 0.0000
2026-04-24 20:02:29,161 [INFO] pcrl.training.trainer: Epoch 30 [450/612] Loss: -375.4067 Task: 3.2122 Adv: -7.5724 Verify: 0.0000
2026-04-24 20:02:41,205 [INFO] pcrl.training.trainer: Epoch 30 [500/612] Loss: -371.9434 Task: 3.1182 Adv: -7.5012 Verify: 0.0000
2026-04-24 20:02:52,842 [INFO] pcrl.training.trainer: Epoch 30 [550/612] Loss: -374.4452 Task: 3.2324 Adv: -7.5536 Verify: 0.0000
2026-04-24 20:03:04,664 [INFO] pcrl.training.trainer: Epoch 30 [600/612] Loss: -372.0901 Task: 3.1401 Adv: -7.5046 Verify: 0.0000
2026-04-24 20:03:07,524 [INFO] pcrl.training.trainer: [TRAIN] Epoch 30 - Loss: -371.2241, Task: 3.1529, Adv: -7.4875, Verify: 0.0000, Time: 146.2s
2026-04-24 20:03:07,525 [INFO] pcrl.training.trainer:   Task 'income' accuracy: 0.5882
2026-04-24 20:03:07,525 [INFO] pcrl.training.trainer:   Task 'hours_band' accuracy: 0.5466
2026-04-24 20:03:07,525 [INFO] pcrl.training.trainer:   Task 'education_level' accuracy: 0.3866
2026-04-24 20:03:07,525 [INFO] pcrl.training.trainer:   Auditor 'race' accuracy: 0.6184
2026-04-24 20:03:07,525 [INFO] pcrl.training.trainer:   Auditor 'sex' accuracy: 0.5281
2026-04-24 20:03:07,525 [INFO] pcrl.training.trainer:   Auditor 'age_group' accuracy: 0.4157
2026-04-24 20:03:07,525 [INFO] pcrl.training.trainer:   Auditor 'marital_status' accuracy: 0.5239
2026-04-24 20:03:07,525 [INFO] pcrl.training.trainer:   Auditor 'income' accuracy: 0.5882
2026-04-24 20:03:08,627 [INFO] pcrl.training.trainer: [VAL] Epoch 30 - Loss: 377.1657, Task: 3.1606, Adv: 7.4801, Verify: 0.0000, Time: 1.1s
2026-04-24 20:03:08,627 [INFO] pcrl.training.trainer:   Task 'income' accuracy: 0.5910
2026-04-24 20:03:08,627 [INFO] pcrl.training.trainer:   Task 'hours_band' accuracy: 0.5423
2026-04-24 20:03:08,627 [INFO] pcrl.training.trainer:   Task 'education_level' accuracy: 0.3866
2026-04-24 20:03:08,627 [INFO] pcrl.training.trainer:   Auditor 'race' accuracy: 0.6201
2026-04-24 20:03:08,627 [INFO] pcrl.training.trainer:   Auditor 'sex' accuracy: 0.5278
2026-04-24 20:03:08,627 [INFO] pcrl.training.trainer:   Auditor 'age_group' accuracy: 0.4141
2026-04-24 20:03:08,627 [INFO] pcrl.training.trainer:   Auditor 'marital_status' accuracy: 0.5266
2026-04-24 20:03:08,627 [INFO] pcrl.training.trainer:   Auditor 'income' accuracy: 0.5910
2026-04-24 20:03:20,595 [INFO] pcrl.training.trainer: Epoch 31 [50/612] Loss: -367.3256 Task: 3.1838 Adv: -7.4102 Verify: 0.0000
2026-04-24 20:03:32,476 [INFO] pcrl.training.trainer: Epoch 31 [100/612] Loss: -372.2799 Task: 3.1687 Adv: -7.5090 Verify: 0.0000
2026-04-24 20:03:44,111 [INFO] pcrl.training.trainer: Epoch 31 [150/612] Loss: -372.6424 Task: 3.1096 Adv: -7.5150 Verify: 0.0000
2026-04-24 20:03:55,769 [INFO] pcrl.training.trainer: Epoch 31 [200/612] Loss: -366.7023 Task: 3.1328 Adv: -7.3967 Verify: 0.0000
2026-04-24 20:04:07,593 [INFO] pcrl.training.trainer: Epoch 31 [250/612] Loss: -369.8400 Task: 3.2035 Adv: -7.4609 Verify: 0.0000
2026-04-24 20:04:19,275 [INFO] pcrl.training.trainer: Epoch 31 [300/612] Loss: -378.0046 Task: 3.2132 Adv: -7.6244 Verify: 0.0000
2026-04-24 20:04:30,981 [INFO] pcrl.training.trainer: Epoch 31 [350/612] Loss: -371.9803 Task: 3.1009 Adv: -7.5016 Verify: 0.0000
2026-04-24 20:04:42,730 [INFO] pcrl.training.trainer: Epoch 31 [400/612] Loss: -371.3861 Task: 3.0716 Adv: -7.4892 Verify: 0.0000
2026-04-24 20:04:54,524 [INFO] pcrl.training.trainer: Epoch 31 [450/612] Loss: -372.4650 Task: 3.1865 Adv: -7.5130 Verify: 0.0000
2026-04-24 20:05:06,344 [INFO] pcrl.training.trainer: Epoch 31 [500/612] Loss: -369.9490 Task: 3.1961 Adv: -7.4629 Verify: 0.0000
2026-04-24 20:05:18,190 [INFO] pcrl.training.trainer: Epoch 31 [550/612] Loss: -373.9240 Task: 3.2034 Adv: -7.5425 Verify: 0.0000
2026-04-24 20:05:30,129 [INFO] pcrl.training.trainer: Epoch 31 [600/612] Loss: -368.1745 Task: 3.1203 Adv: -7.4259 Verify: 0.0000
2026-04-24 20:05:32,979 [INFO] pcrl.training.trainer: [TRAIN] Epoch 31 - Loss: -371.3010, Task: 3.1529, Adv: -7.4891, Verify: 0.0000, Time: 144.4s
2026-04-24 20:05:32,979 [INFO] pcrl.training.trainer:   Task 'income' accuracy: 0.5882
2026-04-24 20:05:32,979 [INFO] pcrl.training.trainer:   Task 'hours_band' accuracy: 0.5466
2026-04-24 20:05:32,979 [INFO] pcrl.training.trainer:   Task 'education_level' accuracy: 0.3866
2026-04-24 20:05:32,979 [INFO] pcrl.training.trainer:   Auditor 'race' accuracy: 0.6184
2026-04-24 20:05:32,979 [INFO] pcrl.training.trainer:   Auditor 'sex' accuracy: 0.5282
2026-04-24 20:05:32,979 [INFO] pcrl.training.trainer:   Auditor 'age_group' accuracy: 0.4156
2026-04-24 20:05:32,979 [INFO] pcrl.training.trainer:   Auditor 'marital_status' accuracy: 0.5240
2026-04-24 20:05:32,979 [INFO] pcrl.training.trainer:   Auditor 'income' accuracy: 0.5882
2026-04-24 20:05:34,068 [INFO] pcrl.training.trainer: [VAL] Epoch 31 - Loss: 377.2259, Task: 3.1608, Adv: 7.4813, Verify: 0.0000, Time: 1.1s
2026-04-24 20:05:34,068 [INFO] pcrl.training.trainer:   Task 'income' accuracy: 0.5910
2026-04-24 20:05:34,068 [INFO] pcrl.training.trainer:   Task 'hours_band' accuracy: 0.5423
2026-04-24 20:05:34,068 [INFO] pcrl.training.trainer:   Task 'education_level' accuracy: 0.3866
2026-04-24 20:05:34,068 [INFO] pcrl.training.trainer:   Auditor 'race' accuracy: 0.6201
2026-04-24 20:05:34,068 [INFO] pcrl.training.trainer:   Auditor 'sex' accuracy: 0.5278
2026-04-24 20:05:34,068 [INFO] pcrl.training.trainer:   Auditor 'age_group' accuracy: 0.4141
2026-04-24 20:05:34,069 [INFO] pcrl.training.trainer:   Auditor 'marital_status' accuracy: 0.5266
2026-04-24 20:05:34,069 [INFO] pcrl.training.trainer:   Auditor 'income' accuracy: 0.5910
2026-04-24 20:05:45,944 [INFO] pcrl.training.trainer: Epoch 32 [50/612] Loss: -365.6591 Task: 3.1628 Adv: -7.3764 Verify: 0.0000
2026-04-24 20:05:57,876 [INFO] pcrl.training.trainer: Epoch 32 [100/612] Loss: -368.6837 Task: 3.1565 Adv: -7.4368 Verify: 0.0000
2026-04-24 20:06:09,682 [INFO] pcrl.training.trainer: Epoch 32 [150/612] Loss: -368.6819 Task: 3.1392 Adv: -7.4364 Verify: 0.0000
2026-04-24 20:06:21,481 [INFO] pcrl.training.trainer: Epoch 32 [200/612] Loss: -377.1399 Task: 3.1055 Adv: -7.6049 Verify: 0.0000
2026-04-24 20:06:33,199 [INFO] pcrl.training.trainer: Epoch 32 [250/612] Loss: -373.0191 Task: 3.1988 Adv: -7.5244 Verify: 0.0000
2026-04-24 20:06:44,725 [INFO] pcrl.training.trainer: Epoch 32 [300/612] Loss: -370.9665 Task: 3.1811 Adv: -7.5038 Verify: 0.0208
2026-04-24 20:06:56,353 [INFO] pcrl.training.trainer: Epoch 32 [350/612] Loss: -369.8756 Task: 3.1694 Adv: -7.4609 Verify: 0.0000
2026-04-24 20:07:07,990 [INFO] pcrl.training.trainer: Epoch 32 [400/612] Loss: -373.0180 Task: 3.1859 Adv: -7.5241 Verify: 0.0000
2026-04-24 20:07:19,732 [INFO] pcrl.training.trainer: Epoch 32 [450/612] Loss: -368.0755 Task: 3.1327 Adv: -7.4242 Verify: 0.0000
2026-04-24 20:07:31,452 [INFO] pcrl.training.trainer: Epoch 32 [500/612] Loss: -370.6148 Task: 3.2419 Adv: -7.4771 Verify: 0.0000
2026-04-24 20:07:43,162 [INFO] pcrl.training.trainer: Epoch 32 [550/612] Loss: -371.8002 Task: 3.1811 Adv: -7.4996 Verify: 0.0000
2026-04-24 20:07:54,785 [INFO] pcrl.training.trainer: Epoch 32 [600/612] Loss: -370.1465 Task: 3.1801 Adv: -7.4665 Verify: 0.0000
2026-04-24 20:07:57,568 [INFO] pcrl.training.trainer: [TRAIN] Epoch 32 - Loss: -371.3557, Task: 3.1529, Adv: -7.4902, Verify: 0.0001, Time: 143.5s
2026-04-24 20:07:57,568 [INFO] pcrl.training.trainer:   Task 'income' accuracy: 0.5882
2026-04-24 20:07:57,568 [INFO] pcrl.training.trainer:   Task 'hours_band' accuracy: 0.5466
2026-04-24 20:07:57,568 [INFO] pcrl.training.trainer:   Task 'education_level' accuracy: 0.3866
2026-04-24 20:07:57,568 [INFO] pcrl.training.trainer:   Auditor 'race' accuracy: 0.6184
2026-04-24 20:07:57,568 [INFO] pcrl.training.trainer:   Auditor 'sex' accuracy: 0.5286
2026-04-24 20:07:57,568 [INFO] pcrl.training.trainer:   Auditor 'age_group' accuracy: 0.4157
2026-04-24 20:07:57,568 [INFO] pcrl.training.trainer:   Auditor 'marital_status' accuracy: 0.5239
2026-04-24 20:07:57,568 [INFO] pcrl.training.trainer:   Auditor 'income' accuracy: 0.5882
2026-04-24 20:07:58,650 [INFO] pcrl.training.trainer: [VAL] Epoch 32 - Loss: 377.2979, Task: 3.1605, Adv: 7.4827, Verify: 0.0000, Time: 1.1s
2026-04-24 20:07:58,650 [INFO] pcrl.training.trainer:   Task 'income' accuracy: 0.5910
2026-04-24 20:07:58,650 [INFO] pcrl.training.trainer:   Task 'hours_band' accuracy: 0.5423
2026-04-24 20:07:58,650 [INFO] pcrl.training.trainer:   Task 'education_level' accuracy: 0.3866
2026-04-24 20:07:58,650 [INFO] pcrl.training.trainer:   Auditor 'race' accuracy: 0.6201
2026-04-24 20:07:58,650 [INFO] pcrl.training.trainer:   Auditor 'sex' accuracy: 0.5278
2026-04-24 20:07:58,650 [INFO] pcrl.training.trainer:   Auditor 'age_group' accuracy: 0.4141
2026-04-24 20:07:58,650 [INFO] pcrl.training.trainer:   Auditor 'marital_status' accuracy: 0.5266
2026-04-24 20:07:58,650 [INFO] pcrl.training.trainer:   Auditor 'income' accuracy: 0.5910
2026-04-24 20:07:58,650 [INFO] pcrl.training.trainer: Early stopping at epoch 32
2026-04-24 20:07:58,692 [INFO] pcrl.training.trainer: Saved checkpoint to /home/ubuntu/PCRL/checkpoints/folktables_pcrl_s1/final.pt
2026-04-24 20:07:58,692 [INFO] pcrl.training.trainer: Training complete!
2026-04-24 20:25:56,397 [INFO] __main__:   seed=1: income_acc=0.5976 ep=33 4822s
2026-04-24 20:25:56,398 [INFO] __main__: Saved /home/ubuntu/PCRL/results/folktables/pcrl_seeds.csv (16 rows)
2026-04-24 20:25:56,398 [INFO] __main__: ═══ PCRL seed=2 ═══
2026-04-24 20:25:56,457 [INFO] pcrl.training.trainer: ============================================================
2026-04-24 20:25:56,457 [INFO] pcrl.training.trainer: Starting PCRL Training
2026-04-24 20:25:56,457 [INFO] pcrl.training.trainer: ============================================================
2026-04-24 20:25:56,457 [INFO] pcrl.training.trainer: Epochs: 200
2026-04-24 20:25:56,457 [INFO] pcrl.training.trainer: Batch size: 256
2026-04-24 20:25:56,457 [INFO] pcrl.training.trainer: Lambda adversarial: 50.0
2026-04-24 20:25:56,457 [INFO] pcrl.training.trainer: Auditor steps per encoder step: 20
2026-04-24 20:25:56,457 [INFO] pcrl.training.trainer: Purposes: ['income_prediction', 'employment_analysis', 'education_assessment']
2026-04-24 20:25:56,457 [INFO] pcrl.training.trainer: ============================================================
2026-04-24 20:26:07,983 [INFO] pcrl.training.trainer: Epoch 0 [50/612] Loss: -77.1744 Task: 3.1881 Adv: -4.0747 Verify: 2.4675
2026-04-24 20:26:19,687 [INFO] pcrl.training.trainer: Epoch 0 [100/612] Loss: -99.2692 Task: 3.0962 Adv: -4.5301 Verify: 2.4828
2026-04-24 20:26:31,425 [INFO] pcrl.training.trainer: Epoch 0 [150/612] Loss: -95.1956 Task: 2.7066 Adv: -4.3958 Verify: 2.4378
2026-04-24 20:26:43,173 [INFO] pcrl.training.trainer: Epoch 0 [200/612] Loss: -137.2566 Task: 2.7580 Adv: -5.0867 Verify: 2.2864
2026-04-24 20:26:54,847 [INFO] pcrl.training.trainer: Epoch 0 [250/612] Loss: -159.4253 Task: 2.4381 Adv: -5.4678 Verify: 2.2305
2026-04-24 20:27:06,839 [INFO] pcrl.training.trainer: Epoch 0 [300/612] Loss: -174.1543 Task: 2.4688 Adv: -5.5236 Verify: 1.9912
2026-04-24 20:27:18,425 [INFO] pcrl.training.trainer: Epoch 0 [350/612] Loss: -161.6939 Task: 2.3499 Adv: -5.3673 Verify: 2.0864
2026-04-24 20:27:30,082 [INFO] pcrl.training.trainer: Epoch 0 [400/612] Loss: -166.6676 Task: 2.5026 Adv: -5.4373 Verify: 2.0539
2026-04-24 20:27:43,250 [INFO] pcrl.training.trainer: Epoch 0 [450/612] Loss: -179.3726 Task: 2.3353 Adv: -5.6819 Verify: 2.0477
2026-04-24 20:27:55,222 [INFO] pcrl.training.trainer: Epoch 0 [500/612] Loss: -179.4026 Task: 2.4376 Adv: -5.8401 Verify: 2.2033
2026-04-24 20:28:07,179 [INFO] pcrl.training.trainer: Epoch 0 [550/612] Loss: -191.5155 Task: 2.2699 Adv: -5.8875 Verify: 2.0118
2026-04-24 20:28:18,983 [INFO] pcrl.training.trainer: Epoch 0 [600/612] Loss: -176.6720 Task: 2.3325 Adv: -5.7532 Verify: 2.1731
2026-04-24 20:28:21,989 [INFO] pcrl.training.trainer: [TRAIN] Epoch 0 - Loss: -142.2680, Task: 2.6580, Adv: -5.1591, Verify: 2.2606, Time: 145.5s
2026-04-24 20:28:21,989 [INFO] pcrl.training.trainer:   Task 'income' accuracy: 0.6028
2026-04-24 20:28:21,989 [INFO] pcrl.training.trainer:   Task 'hours_band' accuracy: 0.6083
2026-04-24 20:28:21,989 [INFO] pcrl.training.trainer:   Task 'education_level' accuracy: 0.5961
2026-04-24 20:28:21,989 [INFO] pcrl.training.trainer:   Auditor 'race' accuracy: 0.6254
2026-04-24 20:28:21,989 [INFO] pcrl.training.trainer:   Auditor 'sex' accuracy: 0.6512
2026-04-24 20:28:21,989 [INFO] pcrl.training.trainer:   Auditor 'age_group' accuracy: 0.5530
2026-04-24 20:28:21,989 [INFO] pcrl.training.trainer:   Auditor 'marital_status' accuracy: 0.6854
2026-04-24 20:28:21,989 [INFO] pcrl.training.trainer:   Auditor 'income' accuracy: 0.6128
2026-04-24 20:28:23,066 [INFO] pcrl.training.trainer: [VAL] Epoch 0 - Loss: 384.1909, Task: 2.1819, Adv: 7.6402, Verify: 0.0000, Time: 1.1s
2026-04-24 20:28:23,066 [INFO] pcrl.training.trainer:   Task 'income' accuracy: 0.6624
2026-04-24 20:28:23,066 [INFO] pcrl.training.trainer:   Task 'hours_band' accuracy: 0.6908
2026-04-24 20:28:23,066 [INFO] pcrl.training.trainer:   Task 'education_level' accuracy: 0.6756
2026-04-24 20:28:23,066 [INFO] pcrl.training.trainer:   Auditor 'race' accuracy: 0.5930
2026-04-24 20:28:23,066 [INFO] pcrl.training.trainer:   Auditor 'sex' accuracy: 0.5762
2026-04-24 20:28:23,066 [INFO] pcrl.training.trainer:   Auditor 'age_group' accuracy: 0.5285
2026-04-24 20:28:23,066 [INFO] pcrl.training.trainer:   Auditor 'marital_status' accuracy: 0.6426
2026-04-24 20:28:23,066 [INFO] pcrl.training.trainer:   Auditor 'income' accuracy: 0.5711
2026-04-24 20:28:23,108 [INFO] pcrl.training.trainer: Saved checkpoint to /home/ubuntu/PCRL/checkpoints/folktables_pcrl_s2/best.pt
2026-04-24 20:28:34,870 [INFO] pcrl.training.trainer: Epoch 1 [50/612] Loss: -208.1193 Task: 2.3313 Adv: -6.2301 Verify: 2.0211
2026-04-24 20:28:46,600 [INFO] pcrl.training.trainer: Epoch 1 [100/612] Loss: -193.4146 Task: 2.3274 Adv: -5.9114 Verify: 1.9966
2026-04-24 20:28:58,245 [INFO] pcrl.training.trainer: Epoch 1 [150/612] Loss: -207.6494 Task: 2.3386 Adv: -6.1585 Verify: 1.9587
2026-04-24 20:29:09,790 [INFO] pcrl.training.trainer: Epoch 1 [200/612] Loss: -217.9214 Task: 2.2346 Adv: -6.4897 Verify: 2.0866
2026-04-24 20:29:21,500 [INFO] pcrl.training.trainer: Epoch 1 [250/612] Loss: -206.8701 Task: 2.1794 Adv: -6.3529 Verify: 2.1719
2026-04-24 20:29:33,389 [INFO] pcrl.training.trainer: Epoch 1 [300/612] Loss: -219.1854 Task: 2.2463 Adv: -6.4125 Verify: 1.9839
2026-04-24 20:29:45,056 [INFO] pcrl.training.trainer: Epoch 1 [350/612] Loss: -209.9465 Task: 2.1566 Adv: -6.1907 Verify: 1.9487
2026-04-24 20:29:57,226 [INFO] pcrl.training.trainer: Epoch 1 [400/612] Loss: -212.8562 Task: 2.2352 Adv: -6.3300 Verify: 2.0282
2026-04-24 20:30:09,560 [INFO] pcrl.training.trainer: Epoch 1 [450/612] Loss: -229.0833 Task: 2.1743 Adv: -6.5978 Verify: 1.9727
2026-04-24 20:30:21,347 [INFO] pcrl.training.trainer: Epoch 1 [500/612] Loss: -210.5232 Task: 2.2318 Adv: -6.3345 Verify: 2.0794
2026-04-24 20:30:33,628 [INFO] pcrl.training.trainer: Epoch 1 [550/612] Loss: -213.3078 Task: 2.2319 Adv: -6.3718 Verify: 2.0610
2026-04-24 20:30:46,001 [INFO] pcrl.training.trainer: Epoch 1 [600/612] Loss: -233.0193 Task: 2.2410 Adv: -6.7453 Verify: 2.0401
2026-04-24 20:30:48,876 [INFO] pcrl.training.trainer: [TRAIN] Epoch 1 - Loss: -213.9323, Task: 2.2725, Adv: -6.3838, Verify: 2.0597, Time: 145.8s
2026-04-24 20:30:48,876 [INFO] pcrl.training.trainer:   Task 'income' accuracy: 0.6332
2026-04-24 20:30:48,876 [INFO] pcrl.training.trainer:   Task 'hours_band' accuracy: 0.7187
2026-04-24 20:30:48,876 [INFO] pcrl.training.trainer:   Task 'education_level' accuracy: 0.6372
2026-04-24 20:30:48,876 [INFO] pcrl.training.trainer:   Auditor 'race' accuracy: 0.6107
2026-04-24 20:30:48,876 [INFO] pcrl.training.trainer:   Auditor 'sex' accuracy: 0.5878
2026-04-24 20:30:48,876 [INFO] pcrl.training.trainer:   Auditor 'age_group' accuracy: 0.4957
2026-04-24 20:30:48,876 [INFO] pcrl.training.trainer:   Auditor 'marital_status' accuracy: 0.6028
2026-04-24 20:30:48,876 [INFO] pcrl.training.trainer:   Auditor 'income' accuracy: 0.6050
2026-04-24 20:30:50,098 [INFO] pcrl.training.trainer: [VAL] Epoch 1 - Loss: 383.3195, Task: 2.2930, Adv: 7.6205, Verify: 0.0000, Time: 1.2s
2026-04-24 20:30:50,098 [INFO] pcrl.training.trainer:   Task 'income' accuracy: 0.6704
2026-04-24 20:30:50,098 [INFO] pcrl.training.trainer:   Task 'hours_band' accuracy: 0.7190
2026-04-24 20:30:50,098 [INFO] pcrl.training.trainer:   Task 'education_level' accuracy: 0.5189
2026-04-24 20:30:50,098 [INFO] pcrl.training.trainer:   Auditor 'race' accuracy: 0.6039
2026-04-24 20:30:50,098 [INFO] pcrl.training.trainer:   Auditor 'sex' accuracy: 0.5198
2026-04-24 20:30:50,098 [INFO] pcrl.training.trainer:   Auditor 'age_group' accuracy: 0.4405
2026-04-24 20:30:50,098 [INFO] pcrl.training.trainer:   Auditor 'marital_status' accuracy: 0.5891
2026-04-24 20:30:50,098 [INFO] pcrl.training.trainer:   Auditor 'income' accuracy: 0.6088
2026-04-24 20:30:50,165 [INFO] pcrl.training.trainer: Saved checkpoint to /home/ubuntu/PCRL/checkpoints/folktables_pcrl_s2/best.pt
2026-04-24 20:31:01,937 [INFO] pcrl.training.trainer: Epoch 2 [50/612] Loss: -232.0630 Task: 2.1886 Adv: -6.7257 Verify: 2.0407
2026-04-24 20:31:13,910 [INFO] pcrl.training.trainer: Epoch 2 [100/612] Loss: -235.6221 Task: 2.3346 Adv: -6.7367 Verify: 1.9776
2026-04-24 20:31:25,792 [INFO] pcrl.training.trainer: Epoch 2 [150/612] Loss: -232.3381 Task: 2.3765 Adv: -6.7156 Verify: 2.0213
2026-04-24 20:31:37,421 [INFO] pcrl.training.trainer: Epoch 2 [200/612] Loss: -233.5356 Task: 2.4283 Adv: -6.6496 Verify: 1.9303
2026-04-24 20:31:50,267 [INFO] pcrl.training.trainer: Epoch 2 [250/612] Loss: -264.1488 Task: 2.3327 Adv: -7.2758 Verify: 1.9462
2026-04-24 20:32:02,426 [INFO] pcrl.training.trainer: Epoch 2 [300/612] Loss: -240.8168 Task: 2.3984 Adv: -6.8116 Verify: 1.9473
2026-04-24 20:32:14,365 [INFO] pcrl.training.trainer: Epoch 2 [350/612] Loss: -251.7629 Task: 2.6341 Adv: -7.1369 Verify: 2.0490
2026-04-24 20:32:26,299 [INFO] pcrl.training.trainer: Epoch 2 [400/612] Loss: -271.2316 Task: 2.5766 Adv: -7.4103 Verify: 1.9341
2026-04-24 20:32:38,270 [INFO] pcrl.training.trainer: Epoch 2 [450/612] Loss: -269.5500 Task: 2.8199 Adv: -7.2706 Verify: 1.8232
2026-04-24 20:32:50,266 [INFO] pcrl.training.trainer: Epoch 2 [500/612] Loss: -265.5659 Task: 2.7602 Adv: -7.2389 Verify: 1.8723
2026-04-24 20:33:02,323 [INFO] pcrl.training.trainer: Epoch 2 [550/612] Loss: -281.6404 Task: 2.9080 Adv: -7.4529 Verify: 1.7619
2026-04-24 20:33:14,482 [INFO] pcrl.training.trainer: Epoch 2 [600/612] Loss: -301.0383 Task: 2.8979 Adv: -7.2103 Verify: 1.1316
2026-04-24 20:33:17,318 [INFO] pcrl.training.trainer: [TRAIN] Epoch 2 - Loss: -251.9798, Task: 2.5349, Adv: -6.9797, Verify: 1.8894, Time: 147.2s
2026-04-24 20:33:17,319 [INFO] pcrl.training.trainer:   Task 'income' accuracy: 0.6195
2026-04-24 20:33:17,319 [INFO] pcrl.training.trainer:   Task 'hours_band' accuracy: 0.7285
2026-04-24 20:33:17,319 [INFO] pcrl.training.trainer:   Task 'education_level' accuracy: 0.4770
2026-04-24 20:33:17,319 [INFO] pcrl.training.trainer:   Auditor 'race' accuracy: 0.6152
2026-04-24 20:33:17,319 [INFO] pcrl.training.trainer:   Auditor 'sex' accuracy: 0.5456
2026-04-24 20:33:17,319 [INFO] pcrl.training.trainer:   Auditor 'age_group' accuracy: 0.4499
2026-04-24 20:33:17,319 [INFO] pcrl.training.trainer:   Auditor 'marital_status' accuracy: 0.5474
2026-04-24 20:33:17,319 [INFO] pcrl.training.trainer:   Auditor 'income' accuracy: 0.6101
2026-04-24 20:33:18,397 [INFO] pcrl.training.trainer: [VAL] Epoch 2 - Loss: 398.1673, Task: 2.8594, Adv: 7.9062, Verify: 0.0000, Time: 1.1s
2026-04-24 20:33:18,397 [INFO] pcrl.training.trainer:   Task 'income' accuracy: 0.6218
2026-04-24 20:33:18,397 [INFO] pcrl.training.trainer:   Task 'hours_band' accuracy: 0.6598
2026-04-24 20:33:18,397 [INFO] pcrl.training.trainer:   Task 'education_level' accuracy: 0.3878
2026-04-24 20:33:18,397 [INFO] pcrl.training.trainer:   Auditor 'race' accuracy: 0.6201
2026-04-24 20:33:18,397 [INFO] pcrl.training.trainer:   Auditor 'sex' accuracy: 0.5277
2026-04-24 20:33:18,397 [INFO] pcrl.training.trainer:   Auditor 'age_group' accuracy: 0.4262
2026-04-24 20:33:18,397 [INFO] pcrl.training.trainer:   Auditor 'marital_status' accuracy: 0.4923
2026-04-24 20:33:18,397 [INFO] pcrl.training.trainer:   Auditor 'income' accuracy: 0.5906
2026-04-24 20:33:30,484 [INFO] pcrl.training.trainer: Epoch 3 [50/612] Loss: -306.5912 Task: 3.0579 Adv: -7.0435 Verify: 0.8505
2026-04-24 20:33:42,458 [INFO] pcrl.training.trainer: Epoch 3 [100/612] Loss: -344.4446 Task: 2.9929 Adv: -7.6501 Verify: 0.7013
2026-04-24 20:33:54,374 [INFO] pcrl.training.trainer: Epoch 3 [150/612] Loss: -344.9877 Task: 3.0385 Adv: -7.4531 Verify: 0.4925
2026-04-24 20:34:06,540 [INFO] pcrl.training.trainer: Epoch 3 [200/612] Loss: -355.0741 Task: 3.0515 Adv: -7.5489 Verify: 0.3864
2026-04-24 20:34:18,836 [INFO] pcrl.training.trainer: Epoch 3 [250/612] Loss: -356.0667 Task: 3.1795 Adv: -7.5843 Verify: 0.3994
2026-04-24 20:34:30,711 [INFO] pcrl.training.trainer: Epoch 3 [300/612] Loss: -354.7253 Task: 3.1527 Adv: -7.3865 Verify: 0.2290
2026-04-24 20:34:42,809 [INFO] pcrl.training.trainer: Epoch 3 [350/612] Loss: -353.0033 Task: 3.0587 Adv: -7.3065 Verify: 0.1853
2026-04-24 20:34:54,669 [INFO] pcrl.training.trainer: Epoch 3 [400/612] Loss: -367.3426 Task: 3.1578 Adv: -7.5616 Verify: 0.1516
2026-04-24 20:35:06,532 [INFO] pcrl.training.trainer: Epoch 3 [450/612] Loss: -360.4368 Task: 3.1338 Adv: -7.4522 Verify: 0.1808
2026-04-24 20:35:18,620 [INFO] pcrl.training.trainer: Epoch 3 [500/612] Loss: -368.6255 Task: 3.1765 Adv: -7.6015 Verify: 0.1654
2026-04-24 20:35:30,645 [INFO] pcrl.training.trainer: Epoch 3 [550/612] Loss: -361.6752 Task: 3.1594 Adv: -7.4139 Verify: 0.1172
2026-04-24 20:35:42,376 [INFO] pcrl.training.trainer: Epoch 3 [600/612] Loss: -369.6010 Task: 3.1141 Adv: -7.4840 Verify: 0.0297
2026-04-24 20:35:45,188 [INFO] pcrl.training.trainer: [TRAIN] Epoch 3 - Loss: -350.4323, Task: 3.1034, Adv: -7.4418, Verify: 0.3711, Time: 146.8s
2026-04-24 20:35:45,188 [INFO] pcrl.training.trainer:   Task 'income' accuracy: 0.5924
2026-04-24 20:35:45,188 [INFO] pcrl.training.trainer:   Task 'hours_band' accuracy: 0.5764
2026-04-24 20:35:45,188 [INFO] pcrl.training.trainer:   Task 'education_level' accuracy: 0.3838
2026-04-24 20:35:45,188 [INFO] pcrl.training.trainer:   Auditor 'race' accuracy: 0.6181
2026-04-24 20:35:45,188 [INFO] pcrl.training.trainer:   Auditor 'sex' accuracy: 0.5286
2026-04-24 20:35:45,188 [INFO] pcrl.training.trainer:   Auditor 'age_group' accuracy: 0.4171
2026-04-24 20:35:45,188 [INFO] pcrl.training.trainer:   Auditor 'marital_status' accuracy: 0.5241
2026-04-24 20:35:45,188 [INFO] pcrl.training.trainer:   Auditor 'income' accuracy: 0.5933
2026-04-24 20:35:46,268 [INFO] pcrl.training.trainer: [VAL] Epoch 3 - Loss: 379.5991, Task: 3.1454, Adv: 7.5291, Verify: 0.0000, Time: 1.1s
2026-04-24 20:35:46,268 [INFO] pcrl.training.trainer:   Task 'income' accuracy: 0.5910
2026-04-24 20:35:46,268 [INFO] pcrl.training.trainer:   Task 'hours_band' accuracy: 0.5519
2026-04-24 20:35:46,268 [INFO] pcrl.training.trainer:   Task 'education_level' accuracy: 0.3877
2026-04-24 20:35:46,268 [INFO] pcrl.training.trainer:   Auditor 'race' accuracy: 0.6197
2026-04-24 20:35:46,268 [INFO] pcrl.training.trainer:   Auditor 'sex' accuracy: 0.5267
2026-04-24 20:35:46,269 [INFO] pcrl.training.trainer:   Auditor 'age_group' accuracy: 0.4141
2026-04-24 20:35:46,269 [INFO] pcrl.training.trainer:   Auditor 'marital_status' accuracy: 0.5275
2026-04-24 20:35:46,269 [INFO] pcrl.training.trainer:   Auditor 'income' accuracy: 0.5909
2026-04-24 20:35:46,333 [INFO] pcrl.training.trainer: Saved checkpoint to /home/ubuntu/PCRL/checkpoints/folktables_pcrl_s2/best.pt
2026-04-24 20:35:58,373 [INFO] pcrl.training.trainer: Epoch 4 [50/612] Loss: -369.4976 Task: 3.2207 Adv: -7.4781 Verify: 0.0237
2026-04-24 20:36:10,298 [INFO] pcrl.training.trainer: Epoch 4 [100/612] Loss: -371.3676 Task: 3.0882 Adv: -7.5085 Verify: 0.0194
2026-04-24 20:36:22,344 [INFO] pcrl.training.trainer: Epoch 4 [150/612] Loss: -372.9619 Task: 3.1353 Adv: -7.5219 Verify: 0.0000
2026-04-24 20:36:34,151 [INFO] pcrl.training.trainer: Epoch 4 [200/612] Loss: -364.5488 Task: 3.1527 Adv: -7.3861 Verify: 0.0320
2026-04-24 20:36:46,211 [INFO] pcrl.training.trainer: Epoch 4 [250/612] Loss: -363.7533 Task: 3.1887 Adv: -7.3516 Verify: 0.0128
2026-04-24 20:36:58,236 [INFO] pcrl.training.trainer: Epoch 4 [300/612] Loss: -369.5642 Task: 3.1636 Adv: -7.4621 Verify: 0.0075
2026-04-24 20:37:10,273 [INFO] pcrl.training.trainer: Epoch 4 [350/612] Loss: -369.7988 Task: 3.1676 Adv: -7.4593 Verify: 0.0000
2026-04-24 20:37:23,335 [INFO] pcrl.training.trainer: Epoch 4 [400/612] Loss: -370.1250 Task: 3.2031 Adv: -7.4860 Verify: 0.0194
2026-04-24 20:37:35,829 [INFO] pcrl.training.trainer: Epoch 4 [450/612] Loss: -371.5127 Task: 3.2007 Adv: -7.4943 Verify: 0.0000
2026-04-24 20:37:47,878 [INFO] pcrl.training.trainer: Epoch 4 [500/612] Loss: -372.2944 Task: 3.1378 Adv: -7.5086 Verify: 0.0000
2026-04-24 20:38:00,183 [INFO] pcrl.training.trainer: Epoch 4 [550/612] Loss: -369.6824 Task: 3.2032 Adv: -7.4671 Verify: 0.0093
2026-04-24 20:38:12,110 [INFO] pcrl.training.trainer: Epoch 4 [600/612] Loss: -372.5104 Task: 3.2361 Adv: -7.5149 Verify: 0.0000
2026-04-24 20:38:14,941 [INFO] pcrl.training.trainer: [TRAIN] Epoch 4 - Loss: -371.0176, Task: 3.1597, Adv: -7.4936, Verify: 0.0101, Time: 148.6s
2026-04-24 20:38:14,941 [INFO] pcrl.training.trainer:   Task 'income' accuracy: 0.5882
2026-04-24 20:38:14,941 [INFO] pcrl.training.trainer:   Task 'hours_band' accuracy: 0.5468
2026-04-24 20:38:14,941 [INFO] pcrl.training.trainer:   Task 'education_level' accuracy: 0.3863
2026-04-24 20:38:14,941 [INFO] pcrl.training.trainer:   Auditor 'race' accuracy: 0.6184
2026-04-24 20:38:14,941 [INFO] pcrl.training.trainer:   Auditor 'sex' accuracy: 0.5282
2026-04-24 20:38:14,941 [INFO] pcrl.training.trainer:   Auditor 'age_group' accuracy: 0.4157
2026-04-24 20:38:14,941 [INFO] pcrl.training.trainer:   Auditor 'marital_status' accuracy: 0.5242
2026-04-24 20:38:14,942 [INFO] pcrl.training.trainer:   Auditor 'income' accuracy: 0.5881
2026-04-24 20:38:16,191 [INFO] pcrl.training.trainer: [VAL] Epoch 4 - Loss: 377.0810, Task: 3.1589, Adv: 7.4784, Verify: 0.0000, Time: 1.2s
2026-04-24 20:38:16,191 [INFO] pcrl.training.trainer:   Task 'income' accuracy: 0.5910
2026-04-24 20:38:16,191 [INFO] pcrl.training.trainer:   Task 'hours_band' accuracy: 0.5431
2026-04-24 20:38:16,191 [INFO] pcrl.training.trainer:   Task 'education_level' accuracy: 0.3867
2026-04-24 20:38:16,191 [INFO] pcrl.training.trainer:   Auditor 'race' accuracy: 0.6201
2026-04-24 20:38:16,191 [INFO] pcrl.training.trainer:   Auditor 'sex' accuracy: 0.5278
2026-04-24 20:38:16,191 [INFO] pcrl.training.trainer:   Auditor 'age_group' accuracy: 0.4141
2026-04-24 20:38:16,191 [INFO] pcrl.training.trainer:   Auditor 'marital_status' accuracy: 0.5270
2026-04-24 20:38:16,191 [INFO] pcrl.training.trainer:   Auditor 'income' accuracy: 0.5910
2026-04-24 20:38:16,255 [INFO] pcrl.training.trainer: Saved checkpoint to /home/ubuntu/PCRL/checkpoints/folktables_pcrl_s2/best.pt
2026-04-24 20:38:28,165 [INFO] pcrl.training.trainer: Epoch 5 [50/612] Loss: -365.3668 Task: 3.1447 Adv: -7.3900 Verify: 0.0198
2026-04-24 20:38:40,143 [INFO] pcrl.training.trainer: Epoch 5 [100/612] Loss: -372.8756 Task: 3.1771 Adv: -7.5211 Verify: 0.0000
2026-04-24 20:38:52,097 [INFO] pcrl.training.trainer: Epoch 5 [150/612] Loss: -368.6351 Task: 3.2274 Adv: -7.4373 Verify: 0.0000
2026-04-24 20:39:04,143 [INFO] pcrl.training.trainer: Epoch 5 [200/612] Loss: -372.3763 Task: 3.1220 Adv: -7.5100 Verify: 0.0000
2026-04-24 20:39:16,088 [INFO] pcrl.training.trainer: Epoch 5 [250/612] Loss: -374.1349 Task: 3.0958 Adv: -7.5446 Verify: 0.0000
2026-04-24 20:39:28,039 [INFO] pcrl.training.trainer: Epoch 5 [300/612] Loss: -371.1558 Task: 3.1630 Adv: -7.4864 Verify: 0.0000
2026-04-24 20:39:39,893 [INFO] pcrl.training.trainer: Epoch 5 [350/612] Loss: -373.5351 Task: 3.1326 Adv: -7.5334 Verify: 0.0000
2026-04-24 20:39:51,797 [INFO] pcrl.training.trainer: Epoch 5 [400/612] Loss: -369.2438 Task: 3.1400 Adv: -7.4477 Verify: 0.0000
2026-04-24 20:40:03,835 [INFO] pcrl.training.trainer: Epoch 5 [450/612] Loss: -376.1527 Task: 3.1989 Adv: -7.5870 Verify: 0.0000
2026-04-24 20:40:15,668 [INFO] pcrl.training.trainer: Epoch 5 [500/612] Loss: -367.2702 Task: 3.0878 Adv: -7.4072 Verify: 0.0000
2026-04-24 20:40:27,753 [INFO] pcrl.training.trainer: Epoch 5 [550/612] Loss: -368.2196 Task: 3.2062 Adv: -7.4285 Verify: 0.0000
2026-04-24 20:40:39,286 [INFO] pcrl.training.trainer: Epoch 5 [600/612] Loss: -373.3332 Task: 3.1466 Adv: -7.5296 Verify: 0.0000
2026-04-24 20:40:42,154 [INFO] pcrl.training.trainer: [TRAIN] Epoch 5 - Loss: -371.2639, Task: 3.1545, Adv: -7.4888, Verify: 0.0005, Time: 145.9s
2026-04-24 20:40:42,154 [INFO] pcrl.training.trainer:   Task 'income' accuracy: 0.5882
2026-04-24 20:40:42,154 [INFO] pcrl.training.trainer:   Task 'hours_band' accuracy: 0.5466
2026-04-24 20:40:42,154 [INFO] pcrl.training.trainer:   Task 'education_level' accuracy: 0.3866
2026-04-24 20:40:42,154 [INFO] pcrl.training.trainer:   Auditor 'race' accuracy: 0.6184
2026-04-24 20:40:42,154 [INFO] pcrl.training.trainer:   Auditor 'sex' accuracy: 0.5281
2026-04-24 20:40:42,154 [INFO] pcrl.training.trainer:   Auditor 'age_group' accuracy: 0.4155
2026-04-24 20:40:42,154 [INFO] pcrl.training.trainer:   Auditor 'marital_status' accuracy: 0.5240
2026-04-24 20:40:42,154 [INFO] pcrl.training.trainer:   Auditor 'income' accuracy: 0.5882
2026-04-24 20:40:43,243 [INFO] pcrl.training.trainer: [VAL] Epoch 5 - Loss: 377.1917, Task: 3.1607, Adv: 7.4806, Verify: 0.0000, Time: 1.1s
2026-04-24 20:40:43,243 [INFO] pcrl.training.trainer:   Task 'income' accuracy: 0.5910
2026-04-24 20:40:43,243 [INFO] pcrl.training.trainer:   Task 'hours_band' accuracy: 0.5423
2026-04-24 20:40:43,243 [INFO] pcrl.training.trainer:   Task 'education_level' accuracy: 0.3866
2026-04-24 20:40:43,243 [INFO] pcrl.training.trainer:   Auditor 'race' accuracy: 0.6201
2026-04-24 20:40:43,243 [INFO] pcrl.training.trainer:   Auditor 'sex' accuracy: 0.5278
2026-04-24 20:40:43,243 [INFO] pcrl.training.trainer:   Auditor 'age_group' accuracy: 0.4141
2026-04-24 20:40:43,244 [INFO] pcrl.training.trainer:   Auditor 'marital_status' accuracy: 0.5266
2026-04-24 20:40:43,244 [INFO] pcrl.training.trainer:   Auditor 'income' accuracy: 0.5910
2026-04-24 20:40:55,216 [INFO] pcrl.training.trainer: Epoch 6 [50/612] Loss: -372.1609 Task: 3.2110 Adv: -7.5074 Verify: 0.0000
2026-04-24 20:41:06,715 [INFO] pcrl.training.trainer: Epoch 6 [100/612] Loss: -372.0430 Task: 3.1644 Adv: -7.5041 Verify: 0.0000
2026-04-24 20:41:18,576 [INFO] pcrl.training.trainer: Epoch 6 [150/612] Loss: -374.4802 Task: 3.2372 Adv: -7.5543 Verify: 0.0000
2026-04-24 20:41:30,465 [INFO] pcrl.training.trainer: Epoch 6 [200/612] Loss: -374.4204 Task: 3.1260 Adv: -7.5509 Verify: 0.0000
2026-04-24 20:41:42,328 [INFO] pcrl.training.trainer: Epoch 6 [250/612] Loss: -369.0026 Task: 3.1524 Adv: -7.4431 Verify: 0.0000
2026-04-24 20:41:54,249 [INFO] pcrl.training.trainer: Epoch 6 [300/612] Loss: -371.1444 Task: 3.2084 Adv: -7.4871 Verify: 0.0000
2026-04-24 20:42:06,108 [INFO] pcrl.training.trainer: Epoch 6 [350/612] Loss: -371.7194 Task: 3.0439 Adv: -7.4953 Verify: 0.0000
2026-04-24 20:42:18,207 [INFO] pcrl.training.trainer: Epoch 6 [400/612] Loss: -367.4229 Task: 3.1889 Adv: -7.4122 Verify: 0.0000
2026-04-24 20:42:31,060 [INFO] pcrl.training.trainer: Epoch 6 [450/612] Loss: -368.6453 Task: 3.0316 Adv: -7.4335 Verify: 0.0000
2026-04-24 20:42:42,898 [INFO] pcrl.training.trainer: Epoch 6 [500/612] Loss: -371.7127 Task: 3.0883 Adv: -7.4960 Verify: 0.0000
2026-04-24 20:42:54,739 [INFO] pcrl.training.trainer: Epoch 6 [550/612] Loss: -372.9734 Task: 3.1470 Adv: -7.5224 Verify: 0.0000
2026-04-24 20:43:06,472 [INFO] pcrl.training.trainer: Epoch 6 [600/612] Loss: -367.0850 Task: 3.1627 Adv: -7.4050 Verify: 0.0000
2026-04-24 20:43:09,292 [INFO] pcrl.training.trainer: [TRAIN] Epoch 6 - Loss: -371.1490, Task: 3.1544, Adv: -7.4862, Verify: 0.0001, Time: 146.0s
2026-04-24 20:43:09,292 [INFO] pcrl.training.trainer:   Task 'income' accuracy: 0.5882
2026-04-24 20:43:09,292 [INFO] pcrl.training.trainer:   Task 'hours_band' accuracy: 0.5466
2026-04-24 20:43:09,292 [INFO] pcrl.training.trainer:   Task 'education_level' accuracy: 0.3866
2026-04-24 20:43:09,292 [INFO] pcrl.training.trainer:   Auditor 'race' accuracy: 0.6184
2026-04-24 20:43:09,292 [INFO] pcrl.training.trainer:   Auditor 'sex' accuracy: 0.5287
2026-04-24 20:43:09,292 [INFO] pcrl.training.trainer:   Auditor 'age_group' accuracy: 0.4156
2026-04-24 20:43:09,292 [INFO] pcrl.training.trainer:   Auditor 'marital_status' accuracy: 0.5242
2026-04-24 20:43:09,292 [INFO] pcrl.training.trainer:   Auditor 'income' accuracy: 0.5882
2026-04-24 20:43:10,523 [INFO] pcrl.training.trainer: [VAL] Epoch 6 - Loss: 377.2079, Task: 3.1604, Adv: 7.4810, Verify: 0.0000, Time: 1.2s
2026-04-24 20:43:10,523 [INFO] pcrl.training.trainer:   Task 'income' accuracy: 0.5910
2026-04-24 20:43:10,523 [INFO] pcrl.training.trainer:   Task 'hours_band' accuracy: 0.5423
2026-04-24 20:43:10,523 [INFO] pcrl.training.trainer:   Task 'education_level' accuracy: 0.3866
2026-04-24 20:43:10,523 [INFO] pcrl.training.trainer:   Auditor 'race' accuracy: 0.6201
2026-04-24 20:43:10,523 [INFO] pcrl.training.trainer:   Auditor 'sex' accuracy: 0.5278
2026-04-24 20:43:10,523 [INFO] pcrl.training.trainer:   Auditor 'age_group' accuracy: 0.4141
2026-04-24 20:43:10,524 [INFO] pcrl.training.trainer:   Auditor 'marital_status' accuracy: 0.5266
2026-04-24 20:43:10,524 [INFO] pcrl.training.trainer:   Auditor 'income' accuracy: 0.5910
2026-04-24 20:43:22,332 [INFO] pcrl.training.trainer: Epoch 7 [50/612] Loss: -372.8332 Task: 3.1937 Adv: -7.5205 Verify: 0.0000
2026-04-24 20:43:34,219 [INFO] pcrl.training.trainer: Epoch 7 [100/612] Loss: -364.9900 Task: 3.1279 Adv: -7.3624 Verify: 0.0000
2026-04-24 20:43:46,167 [INFO] pcrl.training.trainer: Epoch 7 [150/612] Loss: -374.7121 Task: 3.1205 Adv: -7.5567 Verify: 0.0000
2026-04-24 20:43:58,232 [INFO] pcrl.training.trainer: Epoch 7 [200/612] Loss: -371.0626 Task: 3.1653 Adv: -7.4846 Verify: 0.0000
2026-04-24 20:44:10,195 [INFO] pcrl.training.trainer: Epoch 7 [250/612] Loss: -371.6510 Task: 3.1778 Adv: -7.4966 Verify: 0.0000
2026-04-24 20:44:22,375 [INFO] pcrl.training.trainer: Epoch 7 [300/612] Loss: -374.8568 Task: 3.1816 Adv: -7.5608 Verify: 0.0000
2026-04-24 20:44:34,362 [INFO] pcrl.training.trainer: Epoch 7 [350/612] Loss: -370.9446 Task: 3.2174 Adv: -7.4832 Verify: 0.0000
2026-04-24 20:44:46,451 [INFO] pcrl.training.trainer: Epoch 7 [400/612] Loss: -373.1192 Task: 3.1996 Adv: -7.5264 Verify: 0.0000
2026-04-24 20:44:58,376 [INFO] pcrl.training.trainer: Epoch 7 [450/612] Loss: -370.6476 Task: 3.1725 Adv: -7.4764 Verify: 0.0000
2026-04-24 20:45:10,496 [INFO] pcrl.training.trainer: Epoch 7 [500/612] Loss: -374.9738 Task: 3.1427 Adv: -7.5623 Verify: 0.0000
2026-04-24 20:45:22,548 [INFO] pcrl.training.trainer: Epoch 7 [550/612] Loss: -374.2629 Task: 3.1076 Adv: -7.5474 Verify: 0.0000
2026-04-24 20:45:34,351 [INFO] pcrl.training.trainer: Epoch 7 [600/612] Loss: -372.0407 Task: 3.1831 Adv: -7.5045 Verify: 0.0000
2026-04-24 20:45:37,178 [INFO] pcrl.training.trainer: [TRAIN] Epoch 7 - Loss: -371.2832, Task: 3.1539, Adv: -7.4888, Verify: 0.0001, Time: 146.7s
2026-04-24 20:45:37,178 [INFO] pcrl.training.trainer:   Task 'income' accuracy: 0.5882
2026-04-24 20:45:37,178 [INFO] pcrl.training.trainer:   Task 'hours_band' accuracy: 0.5466
2026-04-24 20:45:37,178 [INFO] pcrl.training.trainer:   Task 'education_level' accuracy: 0.3866
2026-04-24 20:45:37,178 [INFO] pcrl.training.trainer:   Auditor 'race' accuracy: 0.6184
2026-04-24 20:45:37,178 [INFO] pcrl.training.trainer:   Auditor 'sex' accuracy: 0.5279
2026-04-24 20:45:37,178 [INFO] pcrl.training.trainer:   Auditor 'age_group' accuracy: 0.4161
2026-04-24 20:45:37,178 [INFO] pcrl.training.trainer:   Auditor 'marital_status' accuracy: 0.5238
2026-04-24 20:45:37,178 [INFO] pcrl.training.trainer:   Auditor 'income' accuracy: 0.5882
2026-04-24 20:45:38,407 [INFO] pcrl.training.trainer: [VAL] Epoch 7 - Loss: 377.4296, Task: 3.1610, Adv: 7.4854, Verify: 0.0000, Time: 1.2s
2026-04-24 20:45:38,407 [INFO] pcrl.training.trainer:   Task 'income' accuracy: 0.5910
2026-04-24 20:45:38,407 [INFO] pcrl.training.trainer:   Task 'hours_band' accuracy: 0.5423
2026-04-24 20:45:38,407 [INFO] pcrl.training.trainer:   Task 'education_level' accuracy: 0.3866
2026-04-24 20:45:38,407 [INFO] pcrl.training.trainer:   Auditor 'race' accuracy: 0.6201
2026-04-24 20:45:38,407 [INFO] pcrl.training.trainer:   Auditor 'sex' accuracy: 0.5278
2026-04-24 20:45:38,407 [INFO] pcrl.training.trainer:   Auditor 'age_group' accuracy: 0.4141
2026-04-24 20:45:38,407 [INFO] pcrl.training.trainer:   Auditor 'marital_status' accuracy: 0.5266
2026-04-24 20:45:38,407 [INFO] pcrl.training.trainer:   Auditor 'income' accuracy: 0.5910
2026-04-24 20:45:50,093 [INFO] pcrl.training.trainer: Epoch 8 [50/612] Loss: -367.6151 Task: 3.1748 Adv: -7.4158 Verify: 0.0000
2026-04-24 20:46:02,043 [INFO] pcrl.training.trainer: Epoch 8 [100/612] Loss: -375.0991 Task: 3.1689 Adv: -7.5654 Verify: 0.0000
2026-04-24 20:46:13,981 [INFO] pcrl.training.trainer: Epoch 8 [150/612] Loss: -370.3138 Task: 3.0843 Adv: -7.4680 Verify: 0.0000
2026-04-24 20:46:25,870 [INFO] pcrl.training.trainer: Epoch 8 [200/612] Loss: -372.9807 Task: 3.1815 Adv: -7.5232 Verify: 0.0000
2026-04-24 20:46:37,718 [INFO] pcrl.training.trainer: Epoch 8 [250/612] Loss: -373.4471 Task: 3.2067 Adv: -7.5331 Verify: 0.0000
2026-04-24 20:46:49,430 [INFO] pcrl.training.trainer: Epoch 8 [300/612] Loss: -368.7643 Task: 3.1929 Adv: -7.4391 Verify: 0.0000
2026-04-24 20:47:01,327 [INFO] pcrl.training.trainer: Epoch 8 [350/612] Loss: -370.7726 Task: 3.1594 Adv: -7.4786 Verify: 0.0000
2026-04-24 20:47:14,537 [INFO] pcrl.training.trainer: Epoch 8 [400/612] Loss: -374.0301 Task: 3.1755 Adv: -7.5441 Verify: 0.0000
2026-04-24 20:47:26,605 [INFO] pcrl.training.trainer: Epoch 8 [450/612] Loss: -371.0005 Task: 3.1243 Adv: -7.4825 Verify: 0.0000
2026-04-24 20:47:38,377 [INFO] pcrl.training.trainer: Epoch 8 [500/612] Loss: -369.6237 Task: 3.1726 Adv: -7.4559 Verify: 0.0000
2026-04-24 20:47:50,235 [INFO] pcrl.training.trainer: Epoch 8 [550/612] Loss: -376.7682 Task: 3.1486 Adv: -7.5983 Verify: 0.0000
2026-04-24 20:48:02,459 [INFO] pcrl.training.trainer: Epoch 8 [600/612] Loss: -374.9078 Task: 3.0894 Adv: -7.5599 Verify: 0.0000
2026-04-24 20:48:05,319 [INFO] pcrl.training.trainer: [TRAIN] Epoch 8 - Loss: -371.3368, Task: 3.1536, Adv: -7.4899, Verify: 0.0001, Time: 146.9s
2026-04-24 20:48:05,320 [INFO] pcrl.training.trainer:   Task 'income' accuracy: 0.5882
2026-04-24 20:48:05,320 [INFO] pcrl.training.trainer:   Task 'hours_band' accuracy: 0.5466
2026-04-24 20:48:05,320 [INFO] pcrl.training.trainer:   Task 'education_level' accuracy: 0.3866
2026-04-24 20:48:05,320 [INFO] pcrl.training.trainer:   Auditor 'race' accuracy: 0.6184
2026-04-24 20:48:05,320 [INFO] pcrl.training.trainer:   Auditor 'sex' accuracy: 0.5281
2026-04-24 20:48:05,320 [INFO] pcrl.training.trainer:   Auditor 'age_group' accuracy: 0.4157
2026-04-24 20:48:05,320 [INFO] pcrl.training.trainer:   Auditor 'marital_status' accuracy: 0.5242
2026-04-24 20:48:05,320 [INFO] pcrl.training.trainer:   Auditor 'income' accuracy: 0.5882
2026-04-24 20:48:06,433 [INFO] pcrl.training.trainer: [VAL] Epoch 8 - Loss: 377.1815, Task: 3.1610, Adv: 7.4804, Verify: 0.0000, Time: 1.1s
2026-04-24 20:48:06,433 [INFO] pcrl.training.trainer:   Task 'income' accuracy: 0.5910
2026-04-24 20:48:06,433 [INFO] pcrl.training.trainer:   Task 'hours_band' accuracy: 0.5423
2026-04-24 20:48:06,433 [INFO] pcrl.training.trainer:   Task 'education_level' accuracy: 0.3866
2026-04-24 20:48:06,433 [INFO] pcrl.training.trainer:   Auditor 'race' accuracy: 0.6201
2026-04-24 20:48:06,433 [INFO] pcrl.training.trainer:   Auditor 'sex' accuracy: 0.5278
2026-04-24 20:48:06,433 [INFO] pcrl.training.trainer:   Auditor 'age_group' accuracy: 0.4141
2026-04-24 20:48:06,433 [INFO] pcrl.training.trainer:   Auditor 'marital_status' accuracy: 0.5266
2026-04-24 20:48:06,433 [INFO] pcrl.training.trainer:   Auditor 'income' accuracy: 0.5910
2026-04-24 20:48:18,352 [INFO] pcrl.training.trainer: Epoch 9 [50/612] Loss: -375.3498 Task: 3.1768 Adv: -7.5705 Verify: 0.0000
2026-04-24 20:48:30,179 [INFO] pcrl.training.trainer: Epoch 9 [100/612] Loss: -377.3895 Task: 3.1032 Adv: -7.6099 Verify: 0.0000
2026-04-24 20:48:42,098 [INFO] pcrl.training.trainer: Epoch 9 [150/612] Loss: -371.3755 Task: 3.2247 Adv: -7.4920 Verify: 0.0000
2026-04-24 20:48:53,926 [INFO] pcrl.training.trainer: Epoch 9 [200/612] Loss: -371.0184 Task: 3.0685 Adv: -7.4817 Verify: 0.0000
2026-04-24 20:49:05,762 [INFO] pcrl.training.trainer: Epoch 9 [250/612] Loss: -371.8855 Task: 3.1728 Adv: -7.5012 Verify: 0.0000
2026-04-24 20:49:17,537 [INFO] pcrl.training.trainer: Epoch 9 [300/612] Loss: -374.6005 Task: 3.0703 Adv: -7.5534 Verify: 0.0000
2026-04-24 20:49:29,627 [INFO] pcrl.training.trainer: Epoch 9 [350/612] Loss: -373.5655 Task: 3.1600 Adv: -7.5345 Verify: 0.0000
2026-04-24 20:49:41,554 [INFO] pcrl.training.trainer: Epoch 9 [400/612] Loss: -368.3637 Task: 3.1987 Adv: -7.4312 Verify: 0.0000
2026-04-24 20:49:53,790 [INFO] pcrl.training.trainer: Epoch 9 [450/612] Loss: -373.1491 Task: 3.1490 Adv: -7.5260 Verify: 0.0000
2026-04-24 20:50:05,680 [INFO] pcrl.training.trainer: Epoch 9 [500/612] Loss: -370.6297 Task: 3.0806 Adv: -7.4742 Verify: 0.0000
2026-04-24 20:50:17,493 [INFO] pcrl.training.trainer: Epoch 9 [550/612] Loss: -373.8879 Task: 3.1753 Adv: -7.5413 Verify: 0.0000
2026-04-24 20:50:29,487 [INFO] pcrl.training.trainer: Epoch 9 [600/612] Loss: -375.5497 Task: 3.1585 Adv: -7.5742 Verify: 0.0000
2026-04-24 20:50:32,294 [INFO] pcrl.training.trainer: [TRAIN] Epoch 9 - Loss: -371.2432, Task: 3.1535, Adv: -7.4880, Verify: 0.0000, Time: 145.9s
2026-04-24 20:50:32,295 [INFO] pcrl.training.trainer:   Task 'income' accuracy: 0.5882
2026-04-24 20:50:32,295 [INFO] pcrl.training.trainer:   Task 'hours_band' accuracy: 0.5466
2026-04-24 20:50:32,295 [INFO] pcrl.training.trainer:   Task 'education_level' accuracy: 0.3866
2026-04-24 20:50:32,295 [INFO] pcrl.training.trainer:   Auditor 'race' accuracy: 0.6184
2026-04-24 20:50:32,295 [INFO] pcrl.training.trainer:   Auditor 'sex' accuracy: 0.5280
2026-04-24 20:50:32,295 [INFO] pcrl.training.trainer:   Auditor 'age_group' accuracy: 0.4162
2026-04-24 20:50:32,295 [INFO] pcrl.training.trainer:   Auditor 'marital_status' accuracy: 0.5236
2026-04-24 20:50:32,295 [INFO] pcrl.training.trainer:   Auditor 'income' accuracy: 0.5882
2026-04-24 20:50:33,380 [INFO] pcrl.training.trainer: [VAL] Epoch 9 - Loss: 377.1190, Task: 3.1613, Adv: 7.4792, Verify: 0.0000, Time: 1.1s
2026-04-24 20:50:33,380 [INFO] pcrl.training.trainer:   Task 'income' accuracy: 0.5910
2026-04-24 20:50:33,380 [INFO] pcrl.training.trainer:   Task 'hours_band' accuracy: 0.5423
2026-04-24 20:50:33,381 [INFO] pcrl.training.trainer:   Task 'education_level' accuracy: 0.3866
2026-04-24 20:50:33,381 [INFO] pcrl.training.trainer:   Auditor 'race' accuracy: 0.6201
2026-04-24 20:50:33,381 [INFO] pcrl.training.trainer:   Auditor 'sex' accuracy: 0.5278
2026-04-24 20:50:33,381 [INFO] pcrl.training.trainer:   Auditor 'age_group' accuracy: 0.4141
2026-04-24 20:50:33,381 [INFO] pcrl.training.trainer:   Auditor 'marital_status' accuracy: 0.5266
2026-04-24 20:50:33,381 [INFO] pcrl.training.trainer:   Auditor 'income' accuracy: 0.5910
2026-04-24 20:50:33,422 [INFO] pcrl.training.trainer: Saved checkpoint to /home/ubuntu/PCRL/checkpoints/folktables_pcrl_s2/epoch_10.pt
2026-04-24 20:50:45,296 [INFO] pcrl.training.trainer: Epoch 10 [50/612] Loss: -375.1480 Task: 3.0874 Adv: -7.5647 Verify: 0.0000
2026-04-24 20:50:57,033 [INFO] pcrl.training.trainer: Epoch 10 [100/612] Loss: -370.7580 Task: 3.1709 Adv: -7.4786 Verify: 0.0000
2026-04-24 20:51:08,826 [INFO] pcrl.training.trainer: Epoch 10 [150/612] Loss: -369.8969 Task: 3.1610 Adv: -7.4612 Verify: 0.0000
2026-04-24 20:51:20,618 [INFO] pcrl.training.trainer: Epoch 10 [200/612] Loss: -368.2156 Task: 3.1281 Adv: -7.4269 Verify: 0.0000
2026-04-24 20:51:32,556 [INFO] pcrl.training.trainer: Epoch 10 [250/612] Loss: -370.0583 Task: 3.1512 Adv: -7.4642 Verify: 0.0000
2026-04-24 20:51:44,413 [INFO] pcrl.training.trainer: Epoch 10 [300/612] Loss: -372.4055 Task: 3.1897 Adv: -7.5119 Verify: 0.0000
2026-04-24 20:51:57,647 [INFO] pcrl.training.trainer: Epoch 10 [350/612] Loss: -367.8929 Task: 3.1695 Adv: -7.4212 Verify: 0.0000
2026-04-24 20:52:09,607 [INFO] pcrl.training.trainer: Epoch 10 [400/612] Loss: -376.9485 Task: 3.1542 Adv: -7.6021 Verify: 0.0000
2026-04-24 20:52:21,344 [INFO] pcrl.training.trainer: Epoch 10 [450/612] Loss: -373.8651 Task: 3.1721 Adv: -7.5407 Verify: 0.0000
2026-04-24 20:52:32,833 [INFO] pcrl.training.trainer: Epoch 10 [500/612] Loss: -373.4227 Task: 3.1101 Adv: -7.5307 Verify: 0.0000
2026-04-24 20:52:44,721 [INFO] pcrl.training.trainer: Epoch 10 [550/612] Loss: -368.7815 Task: 3.1929 Adv: -7.4395 Verify: 0.0000
2026-04-24 20:52:56,285 [INFO] pcrl.training.trainer: Epoch 10 [600/612] Loss: -371.0410 Task: 3.1881 Adv: -7.4846 Verify: 0.0000
2026-04-24 20:52:59,015 [INFO] pcrl.training.trainer: [TRAIN] Epoch 10 - Loss: -371.2211, Task: 3.1536, Adv: -7.4875, Verify: 0.0000, Time: 145.6s
2026-04-24 20:52:59,015 [INFO] pcrl.training.trainer:   Task 'income' accuracy: 0.5882
2026-04-24 20:52:59,015 [INFO] pcrl.training.trainer:   Task 'hours_band' accuracy: 0.5466
2026-04-24 20:52:59,015 [INFO] pcrl.training.trainer:   Task 'education_level' accuracy: 0.3866
2026-04-24 20:52:59,015 [INFO] pcrl.training.trainer:   Auditor 'race' accuracy: 0.6184
2026-04-24 20:52:59,016 [INFO] pcrl.training.trainer:   Auditor 'sex' accuracy: 0.5282
2026-04-24 20:52:59,016 [INFO] pcrl.training.trainer:   Auditor 'age_group' accuracy: 0.4159
2026-04-24 20:52:59,016 [INFO] pcrl.training.trainer:   Auditor 'marital_status' accuracy: 0.5244
2026-04-24 20:52:59,016 [INFO] pcrl.training.trainer:   Auditor 'income' accuracy: 0.5882
2026-04-24 20:53:00,247 [INFO] pcrl.training.trainer: [VAL] Epoch 10 - Loss: 377.0639, Task: 3.1608, Adv: 7.4781, Verify: 0.0000, Time: 1.2s
2026-04-24 20:53:00,247 [INFO] pcrl.training.trainer:   Task 'income' accuracy: 0.5910
2026-04-24 20:53:00,247 [INFO] pcrl.training.trainer:   Task 'hours_band' accuracy: 0.5423
2026-04-24 20:53:00,247 [INFO] pcrl.training.trainer:   Task 'education_level' accuracy: 0.3866
2026-04-24 20:53:00,247 [INFO] pcrl.training.trainer:   Auditor 'race' accuracy: 0.6201
2026-04-24 20:53:00,247 [INFO] pcrl.training.trainer:   Auditor 'sex' accuracy: 0.5278
2026-04-24 20:53:00,247 [INFO] pcrl.training.trainer:   Auditor 'age_group' accuracy: 0.4141
2026-04-24 20:53:00,247 [INFO] pcrl.training.trainer:   Auditor 'marital_status' accuracy: 0.5266
2026-04-24 20:53:00,247 [INFO] pcrl.training.trainer:   Auditor 'income' accuracy: 0.5910
2026-04-24 20:53:00,316 [INFO] pcrl.training.trainer: Saved checkpoint to /home/ubuntu/PCRL/checkpoints/folktables_pcrl_s2/best.pt
2026-04-24 20:53:11,777 [INFO] pcrl.training.trainer: Epoch 11 [50/612] Loss: -373.6613 Task: 3.2488 Adv: -7.5382 Verify: 0.0000
2026-04-24 20:53:23,552 [INFO] pcrl.training.trainer: Epoch 11 [100/612] Loss: -376.1562 Task: 3.1099 Adv: -7.5853 Verify: 0.0000
2026-04-24 20:53:35,206 [INFO] pcrl.training.trainer: Epoch 11 [150/612] Loss: -372.7647 Task: 3.1932 Adv: -7.5192 Verify: 0.0000
2026-04-24 20:53:47,093 [INFO] pcrl.training.trainer: Epoch 11 [200/612] Loss: -377.8292 Task: 3.1293 Adv: -7.6192 Verify: 0.0000
2026-04-24 20:53:58,680 [INFO] pcrl.training.trainer: Epoch 11 [250/612] Loss: -371.0763 Task: 3.1334 Adv: -7.4842 Verify: 0.0000
2026-04-24 20:54:10,144 [INFO] pcrl.training.trainer: Epoch 11 [300/612] Loss: -373.6394 Task: 3.2001 Adv: -7.5368 Verify: 0.0000
2026-04-24 20:54:21,632 [INFO] pcrl.training.trainer: Epoch 11 [350/612] Loss: -372.7685 Task: 3.2194 Adv: -7.5198 Verify: 0.0000
2026-04-24 20:54:33,341 [INFO] pcrl.training.trainer: Epoch 11 [400/612] Loss: -372.3857 Task: 3.0566 Adv: -7.5088 Verify: 0.0000
2026-04-24 20:54:44,809 [INFO] pcrl.training.trainer: Epoch 11 [450/612] Loss: -368.2006 Task: 3.1144 Adv: -7.4263 Verify: 0.0000
2026-04-24 20:54:56,333 [INFO] pcrl.training.trainer: Epoch 11 [500/612] Loss: -366.8035 Task: 3.1716 Adv: -7.3995 Verify: 0.0000
2026-04-24 20:55:08,017 [INFO] pcrl.training.trainer: Epoch 11 [550/612] Loss: -375.6188 Task: 3.0802 Adv: -7.5740 Verify: 0.0000
2026-04-24 20:55:19,541 [INFO] pcrl.training.trainer: Epoch 11 [600/612] Loss: -376.9800 Task: 3.2208 Adv: -7.6040 Verify: 0.0000
2026-04-24 20:55:22,280 [INFO] pcrl.training.trainer: [TRAIN] Epoch 11 - Loss: -371.2667, Task: 3.1534, Adv: -7.4885, Verify: 0.0001, Time: 142.0s
2026-04-24 20:55:22,281 [INFO] pcrl.training.trainer:   Task 'income' accuracy: 0.5882
2026-04-24 20:55:22,281 [INFO] pcrl.training.trainer:   Task 'hours_band' accuracy: 0.5466
2026-04-24 20:55:22,281 [INFO] pcrl.training.trainer:   Task 'education_level' accuracy: 0.3866
2026-04-24 20:55:22,281 [INFO] pcrl.training.trainer:   Auditor 'race' accuracy: 0.6184
2026-04-24 20:55:22,281 [INFO] pcrl.training.trainer:   Auditor 'sex' accuracy: 0.5285
2026-04-24 20:55:22,281 [INFO] pcrl.training.trainer:   Auditor 'age_group' accuracy: 0.4159
2026-04-24 20:55:22,281 [INFO] pcrl.training.trainer:   Auditor 'marital_status' accuracy: 0.5240
2026-04-24 20:55:22,281 [INFO] pcrl.training.trainer:   Auditor 'income' accuracy: 0.5882
2026-04-24 20:55:23,328 [INFO] pcrl.training.trainer: [VAL] Epoch 11 - Loss: 377.1669, Task: 3.1608, Adv: 7.4801, Verify: 0.0000, Time: 1.0s
2026-04-24 20:55:23,328 [INFO] pcrl.training.trainer:   Task 'income' accuracy: 0.5910
2026-04-24 20:55:23,328 [INFO] pcrl.training.trainer:   Task 'hours_band' accuracy: 0.5423
2026-04-24 20:55:23,328 [INFO] pcrl.training.trainer:   Task 'education_level' accuracy: 0.3866
2026-04-24 20:55:23,328 [INFO] pcrl.training.trainer:   Auditor 'race' accuracy: 0.6201
2026-04-24 20:55:23,328 [INFO] pcrl.training.trainer:   Auditor 'sex' accuracy: 0.5278
2026-04-24 20:55:23,328 [INFO] pcrl.training.trainer:   Auditor 'age_group' accuracy: 0.4141
2026-04-24 20:55:23,328 [INFO] pcrl.training.trainer:   Auditor 'marital_status' accuracy: 0.5266
2026-04-24 20:55:23,328 [INFO] pcrl.training.trainer:   Auditor 'income' accuracy: 0.5910
2026-04-24 20:55:34,858 [INFO] pcrl.training.trainer: Epoch 12 [50/612] Loss: -377.2803 Task: 3.1162 Adv: -7.6079 Verify: 0.0000
2026-04-24 20:55:46,350 [INFO] pcrl.training.trainer: Epoch 12 [100/612] Loss: -373.2179 Task: 3.1721 Adv: -7.5278 Verify: 0.0000
2026-04-24 20:55:58,020 [INFO] pcrl.training.trainer: Epoch 12 [150/612] Loss: -373.5896 Task: 3.2204 Adv: -7.5362 Verify: 0.0000
2026-04-24 20:56:10,026 [INFO] pcrl.training.trainer: Epoch 12 [200/612] Loss: -369.0761 Task: 3.2058 Adv: -7.4456 Verify: 0.0000
2026-04-24 20:56:21,714 [INFO] pcrl.training.trainer: Epoch 12 [250/612] Loss: -372.0970 Task: 3.1154 Adv: -7.5042 Verify: 0.0000
2026-04-24 20:56:33,588 [INFO] pcrl.training.trainer: Epoch 12 [300/612] Loss: -368.5426 Task: 3.0942 Adv: -7.4327 Verify: 0.0000
2026-04-24 20:56:46,258 [INFO] pcrl.training.trainer: Epoch 12 [350/612] Loss: -373.5096 Task: 3.2046 Adv: -7.5343 Verify: 0.0000
2026-04-24 20:56:58,826 [INFO] pcrl.training.trainer: Epoch 12 [400/612] Loss: -369.2625 Task: 3.0849 Adv: -7.4469 Verify: 0.0000
2026-04-24 20:57:10,359 [INFO] pcrl.training.trainer: Epoch 12 [450/612] Loss: -368.7464 Task: 3.1748 Adv: -7.4384 Verify: 0.0000
2026-04-24 20:57:22,025 [INFO] pcrl.training.trainer: Epoch 12 [500/612] Loss: -371.2988 Task: 3.1989 Adv: -7.4900 Verify: 0.0000
2026-04-24 20:57:33,830 [INFO] pcrl.training.trainer: Epoch 12 [550/612] Loss: -370.9480 Task: 3.1650 Adv: -7.4823 Verify: 0.0000
2026-04-24 20:57:45,607 [INFO] pcrl.training.trainer: Epoch 12 [600/612] Loss: -373.8415 Task: 3.1434 Adv: -7.5397 Verify: 0.0000
2026-04-24 20:57:48,492 [INFO] pcrl.training.trainer: [TRAIN] Epoch 12 - Loss: -371.2546, Task: 3.1536, Adv: -7.4882, Verify: 0.0000, Time: 145.2s
2026-04-24 20:57:48,492 [INFO] pcrl.training.trainer:   Task 'income' accuracy: 0.5882
2026-04-24 20:57:48,492 [INFO] pcrl.training.trainer:   Task 'hours_band' accuracy: 0.5466
2026-04-24 20:57:48,492 [INFO] pcrl.training.trainer:   Task 'education_level' accuracy: 0.3866
2026-04-24 20:57:48,492 [INFO] pcrl.training.trainer:   Auditor 'race' accuracy: 0.6184
2026-04-24 20:57:48,492 [INFO] pcrl.training.trainer:   Auditor 'sex' accuracy: 0.5282
2026-04-24 20:57:48,492 [INFO] pcrl.training.trainer:   Auditor 'age_group' accuracy: 0.4161
2026-04-24 20:57:48,492 [INFO] pcrl.training.trainer:   Auditor 'marital_status' accuracy: 0.5238
2026-04-24 20:57:48,493 [INFO] pcrl.training.trainer:   Auditor 'income' accuracy: 0.5882
2026-04-24 20:57:49,585 [INFO] pcrl.training.trainer: [VAL] Epoch 12 - Loss: 377.1957, Task: 3.1611, Adv: 7.4807, Verify: 0.0000, Time: 1.1s
2026-04-24 20:57:49,585 [INFO] pcrl.training.trainer:   Task 'income' accuracy: 0.5910
2026-04-24 20:57:49,585 [INFO] pcrl.training.trainer:   Task 'hours_band' accuracy: 0.5423
2026-04-24 20:57:49,585 [INFO] pcrl.training.trainer:   Task 'education_level' accuracy: 0.3866
2026-04-24 20:57:49,585 [INFO] pcrl.training.trainer:   Auditor 'race' accuracy: 0.6201
2026-04-24 20:57:49,585 [INFO] pcrl.training.trainer:   Auditor 'sex' accuracy: 0.5278
2026-04-24 20:57:49,585 [INFO] pcrl.training.trainer:   Auditor 'age_group' accuracy: 0.4141
2026-04-24 20:57:49,585 [INFO] pcrl.training.trainer:   Auditor 'marital_status' accuracy: 0.5266
2026-04-24 20:57:49,585 [INFO] pcrl.training.trainer:   Auditor 'income' accuracy: 0.5910
2026-04-24 20:58:01,515 [INFO] pcrl.training.trainer: Epoch 13 [50/612] Loss: -371.2509 Task: 3.1253 Adv: -7.4875 Verify: 0.0000
2026-04-24 20:58:12,994 [INFO] pcrl.training.trainer: Epoch 13 [100/612] Loss: -370.6392 Task: 3.1526 Adv: -7.4758 Verify: 0.0000
2026-04-24 20:58:24,378 [INFO] pcrl.training.trainer: Epoch 13 [150/612] Loss: -372.1163 Task: 3.1290 Adv: -7.5049 Verify: 0.0000
2026-04-24 20:58:36,125 [INFO] pcrl.training.trainer: Epoch 13 [200/612] Loss: -367.9177 Task: 3.1916 Adv: -7.4222 Verify: 0.0000
2026-04-24 20:58:47,764 [INFO] pcrl.training.trainer: Epoch 13 [250/612] Loss: -374.6893 Task: 3.1952 Adv: -7.5577 Verify: 0.0000
2026-04-24 20:58:59,408 [INFO] pcrl.training.trainer: Epoch 13 [300/612] Loss: -371.9770 Task: 3.1378 Adv: -7.5023 Verify: 0.0000
2026-04-24 20:59:11,002 [INFO] pcrl.training.trainer: Epoch 13 [350/612] Loss: -372.3880 Task: 3.1379 Adv: -7.5105 Verify: 0.0000
2026-04-24 20:59:22,423 [INFO] pcrl.training.trainer: Epoch 13 [400/612] Loss: -370.1403 Task: 3.1806 Adv: -7.4664 Verify: 0.0000
2026-04-24 20:59:34,234 [INFO] pcrl.training.trainer: Epoch 13 [450/612] Loss: -369.1741 Task: 3.2293 Adv: -7.4481 Verify: 0.0000
2026-04-24 20:59:45,664 [INFO] pcrl.training.trainer: Epoch 13 [500/612] Loss: -370.4637 Task: 3.1418 Adv: -7.4721 Verify: 0.0000
2026-04-24 20:59:57,308 [INFO] pcrl.training.trainer: Epoch 13 [550/612] Loss: -371.3868 Task: 3.1566 Adv: -7.4909 Verify: 0.0000
2026-04-24 21:00:08,800 [INFO] pcrl.training.trainer: Epoch 13 [600/612] Loss: -367.4986 Task: 3.1040 Adv: -7.4121 Verify: 0.0000
2026-04-24 21:00:11,710 [INFO] pcrl.training.trainer: [TRAIN] Epoch 13 - Loss: -371.2788, Task: 3.1533, Adv: -7.4887, Verify: 0.0000, Time: 142.1s
2026-04-24 21:00:11,710 [INFO] pcrl.training.trainer:   Task 'income' accuracy: 0.5882
2026-04-24 21:00:11,710 [INFO] pcrl.training.trainer:   Task 'hours_band' accuracy: 0.5466
2026-04-24 21:00:11,710 [INFO] pcrl.training.trainer:   Task 'education_level' accuracy: 0.3866
2026-04-24 21:00:11,710 [INFO] pcrl.training.trainer:   Auditor 'race' accuracy: 0.6184
2026-04-24 21:00:11,710 [INFO] pcrl.training.trainer:   Auditor 'sex' accuracy: 0.5280
2026-04-24 21:00:11,710 [INFO] pcrl.training.trainer:   Auditor 'age_group' accuracy: 0.4157
2026-04-24 21:00:11,710 [INFO] pcrl.training.trainer:   Auditor 'marital_status' accuracy: 0.5235
2026-04-24 21:00:11,710 [INFO] pcrl.training.trainer:   Auditor 'income' accuracy: 0.5882
2026-04-24 21:00:12,986 [INFO] pcrl.training.trainer: [VAL] Epoch 13 - Loss: 377.1164, Task: 3.1606, Adv: 7.4791, Verify: 0.0000, Time: 1.3s
2026-04-24 21:00:12,986 [INFO] pcrl.training.trainer:   Task 'income' accuracy: 0.5910
2026-04-24 21:00:12,986 [INFO] pcrl.training.trainer:   Task 'hours_band' accuracy: 0.5423
2026-04-24 21:00:12,986 [INFO] pcrl.training.trainer:   Task 'education_level' accuracy: 0.3866
2026-04-24 21:00:12,986 [INFO] pcrl.training.trainer:   Auditor 'race' accuracy: 0.6201
2026-04-24 21:00:12,986 [INFO] pcrl.training.trainer:   Auditor 'sex' accuracy: 0.5278
2026-04-24 21:00:12,986 [INFO] pcrl.training.trainer:   Auditor 'age_group' accuracy: 0.4141
2026-04-24 21:00:12,986 [INFO] pcrl.training.trainer:   Auditor 'marital_status' accuracy: 0.5266
2026-04-24 21:00:12,986 [INFO] pcrl.training.trainer:   Auditor 'income' accuracy: 0.5910
2026-04-24 21:00:24,710 [INFO] pcrl.training.trainer: Epoch 14 [50/612] Loss: -367.2722 Task: 3.1606 Adv: -7.4087 Verify: 0.0000
2026-04-24 21:00:36,601 [INFO] pcrl.training.trainer: Epoch 14 [100/612] Loss: -372.3812 Task: 3.1141 Adv: -7.5099 Verify: 0.0000
2026-04-24 21:00:48,442 [INFO] pcrl.training.trainer: Epoch 14 [150/612] Loss: -372.1833 Task: 3.1940 Adv: -7.5075 Verify: 0.0000
2026-04-24 21:00:59,773 [INFO] pcrl.training.trainer: Epoch 14 [200/612] Loss: -374.7590 Task: 3.1843 Adv: -7.5589 Verify: 0.0000
2026-04-24 21:01:11,006 [INFO] pcrl.training.trainer: Epoch 14 [250/612] Loss: -370.5885 Task: 3.1099 Adv: -7.4740 Verify: 0.0000
2026-04-24 21:01:22,474 [INFO] pcrl.training.trainer: Epoch 14 [300/612] Loss: -370.2649 Task: 3.1770 Adv: -7.4688 Verify: 0.0000
2026-04-24 21:01:33,939 [INFO] pcrl.training.trainer: Epoch 14 [350/612] Loss: -367.0985 Task: 3.1126 Adv: -7.4042 Verify: 0.0000
2026-04-24 21:01:45,579 [INFO] pcrl.training.trainer: Epoch 14 [400/612] Loss: -371.2820 Task: 3.1102 Adv: -7.4878 Verify: 0.0000
2026-04-24 21:01:57,120 [INFO] pcrl.training.trainer: Epoch 14 [450/612] Loss: -368.9388 Task: 3.2069 Adv: -7.4429 Verify: 0.0000
2026-04-24 21:02:08,422 [INFO] pcrl.training.trainer: Epoch 14 [500/612] Loss: -367.9648 Task: 3.0936 Adv: -7.4212 Verify: 0.0000
2026-04-24 21:02:19,881 [INFO] pcrl.training.trainer: Epoch 14 [550/612] Loss: -373.7641 Task: 3.2282 Adv: -7.5398 Verify: 0.0000
2026-04-24 21:02:31,664 [INFO] pcrl.training.trainer: Epoch 14 [600/612] Loss: -376.9583 Task: 3.1686 Adv: -7.6025 Verify: 0.0000
2026-04-24 21:02:34,474 [INFO] pcrl.training.trainer: [TRAIN] Epoch 14 - Loss: -371.2168, Task: 3.1534, Adv: -7.4874, Verify: 0.0000, Time: 141.5s
2026-04-24 21:02:34,475 [INFO] pcrl.training.trainer:   Task 'income' accuracy: 0.5882
2026-04-24 21:02:34,475 [INFO] pcrl.training.trainer:   Task 'hours_band' accuracy: 0.5466
2026-04-24 21:02:34,475 [INFO] pcrl.training.trainer:   Task 'education_level' accuracy: 0.3866
2026-04-24 21:02:34,475 [INFO] pcrl.training.trainer:   Auditor 'race' accuracy: 0.6184
2026-04-24 21:02:34,475 [INFO] pcrl.training.trainer:   Auditor 'sex' accuracy: 0.5283
2026-04-24 21:02:34,475 [INFO] pcrl.training.trainer:   Auditor 'age_group' accuracy: 0.4157
2026-04-24 21:02:34,475 [INFO] pcrl.training.trainer:   Auditor 'marital_status' accuracy: 0.5242
2026-04-24 21:02:34,475 [INFO] pcrl.training.trainer:   Auditor 'income' accuracy: 0.5882
2026-04-24 21:02:35,543 [INFO] pcrl.training.trainer: [VAL] Epoch 14 - Loss: 377.2497, Task: 3.1611, Adv: 7.4818, Verify: 0.0000, Time: 1.1s
2026-04-24 21:02:35,543 [INFO] pcrl.training.trainer:   Task 'income' accuracy: 0.5910
2026-04-24 21:02:35,543 [INFO] pcrl.training.trainer:   Task 'hours_band' accuracy: 0.5423
2026-04-24 21:02:35,543 [INFO] pcrl.training.trainer:   Task 'education_level' accuracy: 0.3866
2026-04-24 21:02:35,543 [INFO] pcrl.training.trainer:   Auditor 'race' accuracy: 0.6201
2026-04-24 21:02:35,543 [INFO] pcrl.training.trainer:   Auditor 'sex' accuracy: 0.5278
2026-04-24 21:02:35,543 [INFO] pcrl.training.trainer:   Auditor 'age_group' accuracy: 0.4141
2026-04-24 21:02:35,543 [INFO] pcrl.training.trainer:   Auditor 'marital_status' accuracy: 0.5266
2026-04-24 21:02:35,543 [INFO] pcrl.training.trainer:   Auditor 'income' accuracy: 0.5910
2026-04-24 21:02:47,383 [INFO] pcrl.training.trainer: Epoch 15 [50/612] Loss: -373.2964 Task: 3.1856 Adv: -7.5296 Verify: 0.0000
2026-04-24 21:02:58,888 [INFO] pcrl.training.trainer: Epoch 15 [100/612] Loss: -375.7816 Task: 3.1705 Adv: -7.5790 Verify: 0.0000
2026-04-24 21:03:10,661 [INFO] pcrl.training.trainer: Epoch 15 [150/612] Loss: -369.4164 Task: 3.1180 Adv: -7.4507 Verify: 0.0000
2026-04-24 21:03:22,355 [INFO] pcrl.training.trainer: Epoch 15 [200/612] Loss: -372.1288 Task: 3.2413 Adv: -7.5074 Verify: 0.0000
2026-04-24 21:03:34,048 [INFO] pcrl.training.trainer: Epoch 15 [250/612] Loss: -371.5237 Task: 3.2190 Adv: -7.4949 Verify: 0.0000
2026-04-24 21:03:45,856 [INFO] pcrl.training.trainer: Epoch 15 [300/612] Loss: -369.9854 Task: 3.1120 Adv: -7.4619 Verify: 0.0000
2026-04-24 21:03:57,867 [INFO] pcrl.training.trainer: Epoch 15 [350/612] Loss: -373.9409 Task: 3.1252 Adv: -7.5413 Verify: 0.0000
2026-04-24 21:04:10,060 [INFO] pcrl.training.trainer: Epoch 15 [400/612] Loss: -369.5228 Task: 3.2374 Adv: -7.4552 Verify: 0.0000
2026-04-24 21:04:22,071 [INFO] pcrl.training.trainer: Epoch 15 [450/612] Loss: -376.1632 Task: 3.0789 Adv: -7.5848 Verify: 0.0000
2026-04-24 21:04:33,741 [INFO] pcrl.training.trainer: Epoch 15 [500/612] Loss: -372.0822 Task: 3.1405 Adv: -7.5045 Verify: 0.0000
2026-04-24 21:04:45,503 [INFO] pcrl.training.trainer: Epoch 15 [550/612] Loss: -372.4072 Task: 3.1053 Adv: -7.5103 Verify: 0.0000
2026-04-24 21:04:57,458 [INFO] pcrl.training.trainer: Epoch 15 [600/612] Loss: -375.9722 Task: 3.2057 Adv: -7.5836 Verify: 0.0000
2026-04-24 21:05:00,309 [INFO] pcrl.training.trainer: [TRAIN] Epoch 15 - Loss: -371.2964, Task: 3.1532, Adv: -7.4890, Verify: 0.0000, Time: 144.8s
2026-04-24 21:05:00,309 [INFO] pcrl.training.trainer:   Task 'income' accuracy: 0.5882
2026-04-24 21:05:00,309 [INFO] pcrl.training.trainer:   Task 'hours_band' accuracy: 0.5466
2026-04-24 21:05:00,309 [INFO] pcrl.training.trainer:   Task 'education_level' accuracy: 0.3866
2026-04-24 21:05:00,309 [INFO] pcrl.training.trainer:   Auditor 'race' accuracy: 0.6184
2026-04-24 21:05:00,309 [INFO] pcrl.training.trainer:   Auditor 'sex' accuracy: 0.5278
2026-04-24 21:05:00,309 [INFO] pcrl.training.trainer:   Auditor 'age_group' accuracy: 0.4155
2026-04-24 21:05:00,309 [INFO] pcrl.training.trainer:   Auditor 'marital_status' accuracy: 0.5238
2026-04-24 21:05:00,309 [INFO] pcrl.training.trainer:   Auditor 'income' accuracy: 0.5882
2026-04-24 21:05:01,420 [INFO] pcrl.training.trainer: [VAL] Epoch 15 - Loss: 377.2401, Task: 3.1618, Adv: 7.4816, Verify: 0.0000, Time: 1.1s
2026-04-24 21:05:01,420 [INFO] pcrl.training.trainer:   Task 'income' accuracy: 0.5910
2026-04-24 21:05:01,420 [INFO] pcrl.training.trainer:   Task 'hours_band' accuracy: 0.5423
2026-04-24 21:05:01,420 [INFO] pcrl.training.trainer:   Task 'education_level' accuracy: 0.3866
2026-04-24 21:05:01,420 [INFO] pcrl.training.trainer:   Auditor 'race' accuracy: 0.6201
2026-04-24 21:05:01,420 [INFO] pcrl.training.trainer:   Auditor 'sex' accuracy: 0.5278
2026-04-24 21:05:01,420 [INFO] pcrl.training.trainer:   Auditor 'age_group' accuracy: 0.4141
2026-04-24 21:05:01,420 [INFO] pcrl.training.trainer:   Auditor 'marital_status' accuracy: 0.5266
2026-04-24 21:05:01,420 [INFO] pcrl.training.trainer:   Auditor 'income' accuracy: 0.5910
2026-04-24 21:05:13,352 [INFO] pcrl.training.trainer: Epoch 16 [50/612] Loss: -368.4668 Task: 3.1420 Adv: -7.4322 Verify: 0.0000
2026-04-24 21:05:25,203 [INFO] pcrl.training.trainer: Epoch 16 [100/612] Loss: -364.5425 Task: 3.1257 Adv: -7.3534 Verify: 0.0000
2026-04-24 21:05:37,257 [INFO] pcrl.training.trainer: Epoch 16 [150/612] Loss: -368.2888 Task: 3.1080 Adv: -7.4279 Verify: 0.0000
2026-04-24 21:05:49,276 [INFO] pcrl.training.trainer: Epoch 16 [200/612] Loss: -370.7634 Task: 3.1688 Adv: -7.4786 Verify: 0.0000
2026-04-24 21:06:00,874 [INFO] pcrl.training.trainer: Epoch 16 [250/612] Loss: -371.9158 Task: 3.0935 Adv: -7.5002 Verify: 0.0000
2026-04-24 21:06:12,321 [INFO] pcrl.training.trainer: Epoch 16 [300/612] Loss: -368.6293 Task: 3.1563 Adv: -7.4357 Verify: 0.0000
2026-04-24 21:06:24,044 [INFO] pcrl.training.trainer: Epoch 16 [350/612] Loss: -373.9197 Task: 3.1914 Adv: -7.5422 Verify: 0.0000
2026-04-24 21:06:35,728 [INFO] pcrl.training.trainer: Epoch 16 [400/612] Loss: -373.8195 Task: 3.1905 Adv: -7.5402 Verify: 0.0000
2026-04-24 21:06:47,506 [INFO] pcrl.training.trainer: Epoch 16 [450/612] Loss: -367.5851 Task: 3.1275 Adv: -7.4143 Verify: 0.0000
2026-04-24 21:06:59,379 [INFO] pcrl.training.trainer: Epoch 16 [500/612] Loss: -372.3032 Task: 3.0925 Adv: -7.5079 Verify: 0.0000
2026-04-24 21:07:11,130 [INFO] pcrl.training.trainer: Epoch 16 [550/612] Loss: -369.5285 Task: 3.1988 Adv: -7.4545 Verify: 0.0000
2026-04-24 21:07:23,069 [INFO] pcrl.training.trainer: Epoch 16 [600/612] Loss: -369.4320 Task: 3.1677 Adv: -7.4520 Verify: 0.0000
2026-04-24 21:07:25,903 [INFO] pcrl.training.trainer: [TRAIN] Epoch 16 - Loss: -371.3251, Task: 3.1532, Adv: -7.4896, Verify: 0.0000, Time: 144.5s
2026-04-24 21:07:25,904 [INFO] pcrl.training.trainer:   Task 'income' accuracy: 0.5882
2026-04-24 21:07:25,904 [INFO] pcrl.training.trainer:   Task 'hours_band' accuracy: 0.5466
2026-04-24 21:07:25,904 [INFO] pcrl.training.trainer:   Task 'education_level' accuracy: 0.3866
2026-04-24 21:07:25,904 [INFO] pcrl.training.trainer:   Auditor 'race' accuracy: 0.6184
2026-04-24 21:07:25,904 [INFO] pcrl.training.trainer:   Auditor 'sex' accuracy: 0.5279
2026-04-24 21:07:25,904 [INFO] pcrl.training.trainer:   Auditor 'age_group' accuracy: 0.4157
2026-04-24 21:07:25,904 [INFO] pcrl.training.trainer:   Auditor 'marital_status' accuracy: 0.5241
2026-04-24 21:07:25,904 [INFO] pcrl.training.trainer:   Auditor 'income' accuracy: 0.5882
2026-04-24 21:07:27,142 [INFO] pcrl.training.trainer: [VAL] Epoch 16 - Loss: 377.1957, Task: 3.1616, Adv: 7.4807, Verify: 0.0000, Time: 1.2s
2026-04-24 21:07:27,142 [INFO] pcrl.training.trainer:   Task 'income' accuracy: 0.5910
2026-04-24 21:07:27,143 [INFO] pcrl.training.trainer:   Task 'hours_band' accuracy: 0.5423
2026-04-24 21:07:27,143 [INFO] pcrl.training.trainer:   Task 'education_level' accuracy: 0.3866
2026-04-24 21:07:27,143 [INFO] pcrl.training.trainer:   Auditor 'race' accuracy: 0.6201
2026-04-24 21:07:27,143 [INFO] pcrl.training.trainer:   Auditor 'sex' accuracy: 0.5278
2026-04-24 21:07:27,143 [INFO] pcrl.training.trainer:   Auditor 'age_group' accuracy: 0.4141
2026-04-24 21:07:27,143 [INFO] pcrl.training.trainer:   Auditor 'marital_status' accuracy: 0.5266
2026-04-24 21:07:27,143 [INFO] pcrl.training.trainer:   Auditor 'income' accuracy: 0.5910
2026-04-24 21:07:39,068 [INFO] pcrl.training.trainer: Epoch 17 [50/612] Loss: -369.7877 Task: 3.2104 Adv: -7.4600 Verify: 0.0000
2026-04-24 21:07:50,879 [INFO] pcrl.training.trainer: Epoch 17 [100/612] Loss: -369.3170 Task: 3.1610 Adv: -7.4496 Verify: 0.0000
2026-04-24 21:08:02,356 [INFO] pcrl.training.trainer: Epoch 17 [150/612] Loss: -371.7491 Task: 3.1687 Adv: -7.4984 Verify: 0.0000
2026-04-24 21:08:13,918 [INFO] pcrl.training.trainer: Epoch 17 [200/612] Loss: -367.6700 Task: 3.1862 Adv: -7.4171 Verify: 0.0000
2026-04-24 21:08:25,429 [INFO] pcrl.training.trainer: Epoch 17 [250/612] Loss: -372.8513 Task: 3.1122 Adv: -7.5193 Verify: 0.0000
2026-04-24 21:08:37,030 [INFO] pcrl.training.trainer: Epoch 17 [300/612] Loss: -370.7245 Task: 3.1586 Adv: -7.4777 Verify: 0.0000
2026-04-24 21:08:48,597 [INFO] pcrl.training.trainer: Epoch 17 [350/612] Loss: -371.3281 Task: 3.1569 Adv: -7.4897 Verify: 0.0000
2026-04-24 21:09:00,303 [INFO] pcrl.training.trainer: Epoch 17 [400/612] Loss: -369.8195 Task: 3.1429 Adv: -7.4592 Verify: 0.0000
2026-04-24 21:09:11,978 [INFO] pcrl.training.trainer: Epoch 17 [450/612] Loss: -363.6181 Task: 3.1449 Adv: -7.3353 Verify: 0.0000
2026-04-24 21:09:23,684 [INFO] pcrl.training.trainer: Epoch 17 [500/612] Loss: -376.5748 Task: 3.2645 Adv: -7.5968 Verify: 0.0000
2026-04-24 21:09:35,501 [INFO] pcrl.training.trainer: Epoch 17 [550/612] Loss: -369.3802 Task: 3.1246 Adv: -7.4501 Verify: 0.0000
2026-04-24 21:09:47,381 [INFO] pcrl.training.trainer: Epoch 17 [600/612] Loss: -373.3574 Task: 3.1781 Adv: -7.5307 Verify: 0.0000
2026-04-24 21:09:50,325 [INFO] pcrl.training.trainer: [TRAIN] Epoch 17 - Loss: -371.2272, Task: 3.1532, Adv: -7.4876, Verify: 0.0000, Time: 143.2s
2026-04-24 21:09:50,326 [INFO] pcrl.training.trainer:   Task 'income' accuracy: 0.5882
2026-04-24 21:09:50,326 [INFO] pcrl.training.trainer:   Task 'hours_band' accuracy: 0.5466
2026-04-24 21:09:50,326 [INFO] pcrl.training.trainer:   Task 'education_level' accuracy: 0.3866
2026-04-24 21:09:50,326 [INFO] pcrl.training.trainer:   Auditor 'race' accuracy: 0.6184
2026-04-24 21:09:50,326 [INFO] pcrl.training.trainer:   Auditor 'sex' accuracy: 0.5284
2026-04-24 21:09:50,326 [INFO] pcrl.training.trainer:   Auditor 'age_group' accuracy: 0.4159
2026-04-24 21:09:50,326 [INFO] pcrl.training.trainer:   Auditor 'marital_status' accuracy: 0.5241
2026-04-24 21:09:50,326 [INFO] pcrl.training.trainer:   Auditor 'income' accuracy: 0.5882
2026-04-24 21:09:51,427 [INFO] pcrl.training.trainer: [VAL] Epoch 17 - Loss: 377.2431, Task: 3.1609, Adv: 7.4816, Verify: 0.0000, Time: 1.1s
2026-04-24 21:09:51,427 [INFO] pcrl.training.trainer:   Task 'income' accuracy: 0.5910
2026-04-24 21:09:51,427 [INFO] pcrl.training.trainer:   Task 'hours_band' accuracy: 0.5423
2026-04-24 21:09:51,427 [INFO] pcrl.training.trainer:   Task 'education_level' accuracy: 0.3866
2026-04-24 21:09:51,427 [INFO] pcrl.training.trainer:   Auditor 'race' accuracy: 0.6201
2026-04-24 21:09:51,427 [INFO] pcrl.training.trainer:   Auditor 'sex' accuracy: 0.5278
2026-04-24 21:09:51,427 [INFO] pcrl.training.trainer:   Auditor 'age_group' accuracy: 0.4141
2026-04-24 21:09:51,427 [INFO] pcrl.training.trainer:   Auditor 'marital_status' accuracy: 0.5266
2026-04-24 21:09:51,427 [INFO] pcrl.training.trainer:   Auditor 'income' accuracy: 0.5910
2026-04-24 21:10:03,250 [INFO] pcrl.training.trainer: Epoch 18 [50/612] Loss: -370.9650 Task: 3.1075 Adv: -7.4814 Verify: 0.0000
2026-04-24 21:10:14,517 [INFO] pcrl.training.trainer: Epoch 18 [100/612] Loss: -369.8965 Task: 3.0815 Adv: -7.4596 Verify: 0.0000
2026-04-24 21:10:26,330 [INFO] pcrl.training.trainer: Epoch 18 [150/612] Loss: -371.6724 Task: 3.1404 Adv: -7.4963 Verify: 0.0000
2026-04-24 21:10:38,020 [INFO] pcrl.training.trainer: Epoch 18 [200/612] Loss: -374.0360 Task: 3.1316 Adv: -7.5434 Verify: 0.0000
2026-04-24 21:10:49,490 [INFO] pcrl.training.trainer: Epoch 18 [250/612] Loss: -370.8038 Task: 3.1649 Adv: -7.4794 Verify: 0.0000
2026-04-24 21:11:00,936 [INFO] pcrl.training.trainer: Epoch 18 [300/612] Loss: -369.4439 Task: 3.1912 Adv: -7.4527 Verify: 0.0000
2026-04-24 21:11:12,377 [INFO] pcrl.training.trainer: Epoch 18 [350/612] Loss: -371.9887 Task: 3.0761 Adv: -7.5013 Verify: 0.0000
2026-04-24 21:11:23,884 [INFO] pcrl.training.trainer: Epoch 18 [400/612] Loss: -372.5252 Task: 3.1109 Adv: -7.5127 Verify: 0.0000
2026-04-24 21:11:35,440 [INFO] pcrl.training.trainer: Epoch 18 [450/612] Loss: -373.5026 Task: 3.1873 Adv: -7.5338 Verify: 0.0000
2026-04-24 21:11:47,163 [INFO] pcrl.training.trainer: Epoch 18 [500/612] Loss: -366.4738 Task: 3.1903 Adv: -7.3933 Verify: 0.0000
2026-04-24 21:11:59,101 [INFO] pcrl.training.trainer: Epoch 18 [550/612] Loss: -369.7032 Task: 3.1393 Adv: -7.4568 Verify: 0.0000
2026-04-24 21:12:11,305 [INFO] pcrl.training.trainer: Epoch 18 [600/612] Loss: -369.6528 Task: 3.0483 Adv: -7.4540 Verify: 0.0000
2026-04-24 21:12:14,221 [INFO] pcrl.training.trainer: [TRAIN] Epoch 18 - Loss: -371.3304, Task: 3.1532, Adv: -7.4897, Verify: 0.0000, Time: 142.8s
2026-04-24 21:12:14,222 [INFO] pcrl.training.trainer:   Task 'income' accuracy: 0.5882
2026-04-24 21:12:14,222 [INFO] pcrl.training.trainer:   Task 'hours_band' accuracy: 0.5466
2026-04-24 21:12:14,222 [INFO] pcrl.training.trainer:   Task 'education_level' accuracy: 0.3866
2026-04-24 21:12:14,222 [INFO] pcrl.training.trainer:   Auditor 'race' accuracy: 0.6184
2026-04-24 21:12:14,222 [INFO] pcrl.training.trainer:   Auditor 'sex' accuracy: 0.5279
2026-04-24 21:12:14,222 [INFO] pcrl.training.trainer:   Auditor 'age_group' accuracy: 0.4156
2026-04-24 21:12:14,222 [INFO] pcrl.training.trainer:   Auditor 'marital_status' accuracy: 0.5235
2026-04-24 21:12:14,222 [INFO] pcrl.training.trainer:   Auditor 'income' accuracy: 0.5882
2026-04-24 21:12:15,498 [INFO] pcrl.training.trainer: [VAL] Epoch 18 - Loss: 377.2653, Task: 3.1608, Adv: 7.4821, Verify: 0.0000, Time: 1.3s
2026-04-24 21:12:15,499 [INFO] pcrl.training.trainer:   Task 'income' accuracy: 0.5910
2026-04-24 21:12:15,499 [INFO] pcrl.training.trainer:   Task 'hours_band' accuracy: 0.5423
2026-04-24 21:12:15,499 [INFO] pcrl.training.trainer:   Task 'education_level' accuracy: 0.3866
2026-04-24 21:12:15,499 [INFO] pcrl.training.trainer:   Auditor 'race' accuracy: 0.6201
2026-04-24 21:12:15,499 [INFO] pcrl.training.trainer:   Auditor 'sex' accuracy: 0.5278
2026-04-24 21:12:15,499 [INFO] pcrl.training.trainer:   Auditor 'age_group' accuracy: 0.4141
2026-04-24 21:12:15,499 [INFO] pcrl.training.trainer:   Auditor 'marital_status' accuracy: 0.5266
2026-04-24 21:12:15,499 [INFO] pcrl.training.trainer:   Auditor 'income' accuracy: 0.5910
2026-04-24 21:12:27,356 [INFO] pcrl.training.trainer: Epoch 19 [50/612] Loss: -369.5160 Task: 3.1701 Adv: -7.4537 Verify: 0.0000
2026-04-24 21:12:39,670 [INFO] pcrl.training.trainer: Epoch 19 [100/612] Loss: -371.1150 Task: 3.2027 Adv: -7.4864 Verify: 0.0000
2026-04-24 21:12:51,681 [INFO] pcrl.training.trainer: Epoch 19 [150/612] Loss: -374.1116 Task: 3.1228 Adv: -7.5447 Verify: 0.0000
2026-04-24 21:13:03,501 [INFO] pcrl.training.trainer: Epoch 19 [200/612] Loss: -368.6085 Task: 3.1984 Adv: -7.4361 Verify: 0.0000
2026-04-24 21:13:15,615 [INFO] pcrl.training.trainer: Epoch 19 [250/612] Loss: -372.3476 Task: 3.0634 Adv: -7.5082 Verify: 0.0000
2026-04-24 21:13:27,472 [INFO] pcrl.training.trainer: Epoch 19 [300/612] Loss: -369.6431 Task: 3.1428 Adv: -7.4557 Verify: 0.0000
2026-04-24 21:13:39,354 [INFO] pcrl.training.trainer: Epoch 19 [350/612] Loss: -371.9885 Task: 3.0787 Adv: -7.5013 Verify: 0.0000
2026-04-24 21:13:51,246 [INFO] pcrl.training.trainer: Epoch 19 [400/612] Loss: -368.9359 Task: 3.1173 Adv: -7.4411 Verify: 0.0000
2026-04-24 21:14:02,953 [INFO] pcrl.training.trainer: Epoch 19 [450/612] Loss: -370.1462 Task: 3.1808 Adv: -7.4665 Verify: 0.0000
2026-04-24 21:14:14,739 [INFO] pcrl.training.trainer: Epoch 19 [500/612] Loss: -370.3056 Task: 3.1147 Adv: -7.4684 Verify: 0.0000
2026-04-24 21:14:26,896 [INFO] pcrl.training.trainer: Epoch 19 [550/612] Loss: -369.5713 Task: 3.1322 Adv: -7.4541 Verify: 0.0000
2026-04-24 21:14:38,755 [INFO] pcrl.training.trainer: Epoch 19 [600/612] Loss: -369.4385 Task: 3.2015 Adv: -7.4528 Verify: 0.0000
2026-04-24 21:14:41,570 [INFO] pcrl.training.trainer: [TRAIN] Epoch 19 - Loss: -371.2410, Task: 3.1530, Adv: -7.4879, Verify: 0.0000, Time: 146.1s
2026-04-24 21:14:41,570 [INFO] pcrl.training.trainer:   Task 'income' accuracy: 0.5882
2026-04-24 21:14:41,570 [INFO] pcrl.training.trainer:   Task 'hours_band' accuracy: 0.5466
2026-04-24 21:14:41,570 [INFO] pcrl.training.trainer:   Task 'education_level' accuracy: 0.3866
2026-04-24 21:14:41,570 [INFO] pcrl.training.trainer:   Auditor 'race' accuracy: 0.6184
2026-04-24 21:14:41,570 [INFO] pcrl.training.trainer:   Auditor 'sex' accuracy: 0.5283
2026-04-24 21:14:41,570 [INFO] pcrl.training.trainer:   Auditor 'age_group' accuracy: 0.4157
2026-04-24 21:14:41,570 [INFO] pcrl.training.trainer:   Auditor 'marital_status' accuracy: 0.5237
2026-04-24 21:14:41,570 [INFO] pcrl.training.trainer:   Auditor 'income' accuracy: 0.5882
2026-04-24 21:14:42,820 [INFO] pcrl.training.trainer: [VAL] Epoch 19 - Loss: 377.2069, Task: 3.1611, Adv: 7.4809, Verify: 0.0000, Time: 1.2s
2026-04-24 21:14:42,820 [INFO] pcrl.training.trainer:   Task 'income' accuracy: 0.5910
2026-04-24 21:14:42,820 [INFO] pcrl.training.trainer:   Task 'hours_band' accuracy: 0.5423
2026-04-24 21:14:42,820 [INFO] pcrl.training.trainer:   Task 'education_level' accuracy: 0.3866
2026-04-24 21:14:42,820 [INFO] pcrl.training.trainer:   Auditor 'race' accuracy: 0.6201
2026-04-24 21:14:42,820 [INFO] pcrl.training.trainer:   Auditor 'sex' accuracy: 0.5278
2026-04-24 21:14:42,820 [INFO] pcrl.training.trainer:   Auditor 'age_group' accuracy: 0.4141
2026-04-24 21:14:42,820 [INFO] pcrl.training.trainer:   Auditor 'marital_status' accuracy: 0.5266
2026-04-24 21:14:42,820 [INFO] pcrl.training.trainer:   Auditor 'income' accuracy: 0.5910
2026-04-24 21:14:42,862 [INFO] pcrl.training.trainer: Saved checkpoint to /home/ubuntu/PCRL/checkpoints/folktables_pcrl_s2/epoch_20.pt
2026-04-24 21:14:54,858 [INFO] pcrl.training.trainer: Epoch 20 [50/612] Loss: -374.5080 Task: 3.1550 Adv: -7.5533 Verify: 0.0000
2026-04-24 21:15:06,847 [INFO] pcrl.training.trainer: Epoch 20 [100/612] Loss: -369.1575 Task: 3.1299 Adv: -7.4457 Verify: 0.0000
2026-04-24 21:15:18,687 [INFO] pcrl.training.trainer: Epoch 20 [150/612] Loss: -368.0923 Task: 3.1144 Adv: -7.4241 Verify: 0.0000
2026-04-24 21:15:30,328 [INFO] pcrl.training.trainer: Epoch 20 [200/612] Loss: -369.6133 Task: 3.1402 Adv: -7.4551 Verify: 0.0000
2026-04-24 21:15:42,145 [INFO] pcrl.training.trainer: Epoch 20 [250/612] Loss: -370.8142 Task: 3.1935 Adv: -7.4802 Verify: 0.0000
2026-04-24 21:15:54,069 [INFO] pcrl.training.trainer: Epoch 20 [300/612] Loss: -370.5155 Task: 3.1145 Adv: -7.4726 Verify: 0.0000
2026-04-24 21:16:06,560 [INFO] pcrl.training.trainer: Epoch 20 [350/612] Loss: -371.9059 Task: 3.1496 Adv: -7.5011 Verify: 0.0000
2026-04-24 21:16:18,992 [INFO] pcrl.training.trainer: Epoch 20 [400/612] Loss: -374.3752 Task: 3.1118 Adv: -7.5497 Verify: 0.0000
2026-04-24 21:16:30,776 [INFO] pcrl.training.trainer: Epoch 20 [450/612] Loss: -369.7652 Task: 3.1121 Adv: -7.4575 Verify: 0.0000
2026-04-24 21:16:42,479 [INFO] pcrl.training.trainer: Epoch 20 [500/612] Loss: -370.4770 Task: 3.1416 Adv: -7.4724 Verify: 0.0000
2026-04-24 21:16:54,229 [INFO] pcrl.training.trainer: Epoch 20 [550/612] Loss: -372.7864 Task: 3.1594 Adv: -7.5189 Verify: 0.0000
2026-04-24 21:17:05,891 [INFO] pcrl.training.trainer: Epoch 20 [600/612] Loss: -371.3860 Task: 3.1226 Adv: -7.4902 Verify: 0.0000
2026-04-24 21:17:08,627 [INFO] pcrl.training.trainer: [TRAIN] Epoch 20 - Loss: -371.3566, Task: 3.1531, Adv: -7.4902, Verify: 0.0000, Time: 145.8s
2026-04-24 21:17:08,627 [INFO] pcrl.training.trainer:   Task 'income' accuracy: 0.5882
2026-04-24 21:17:08,627 [INFO] pcrl.training.trainer:   Task 'hours_band' accuracy: 0.5466
2026-04-24 21:17:08,627 [INFO] pcrl.training.trainer:   Task 'education_level' accuracy: 0.3866
2026-04-24 21:17:08,627 [INFO] pcrl.training.trainer:   Auditor 'race' accuracy: 0.6184
2026-04-24 21:17:08,627 [INFO] pcrl.training.trainer:   Auditor 'sex' accuracy: 0.5283
2026-04-24 21:17:08,627 [INFO] pcrl.training.trainer:   Auditor 'age_group' accuracy: 0.4156
2026-04-24 21:17:08,627 [INFO] pcrl.training.trainer:   Auditor 'marital_status' accuracy: 0.5237
2026-04-24 21:17:08,627 [INFO] pcrl.training.trainer:   Auditor 'income' accuracy: 0.5882
2026-04-24 21:17:09,698 [INFO] pcrl.training.trainer: [VAL] Epoch 20 - Loss: 377.2148, Task: 3.1611, Adv: 7.4811, Verify: 0.0000, Time: 1.1s
2026-04-24 21:17:09,698 [INFO] pcrl.training.trainer:   Task 'income' accuracy: 0.5910
2026-04-24 21:17:09,698 [INFO] pcrl.training.trainer:   Task 'hours_band' accuracy: 0.5423
2026-04-24 21:17:09,698 [INFO] pcrl.training.trainer:   Task 'education_level' accuracy: 0.3866
2026-04-24 21:17:09,698 [INFO] pcrl.training.trainer:   Auditor 'race' accuracy: 0.6201
2026-04-24 21:17:09,698 [INFO] pcrl.training.trainer:   Auditor 'sex' accuracy: 0.5278
2026-04-24 21:17:09,698 [INFO] pcrl.training.trainer:   Auditor 'age_group' accuracy: 0.4141
2026-04-24 21:17:09,699 [INFO] pcrl.training.trainer:   Auditor 'marital_status' accuracy: 0.5266
2026-04-24 21:17:09,699 [INFO] pcrl.training.trainer:   Auditor 'income' accuracy: 0.5910
2026-04-24 21:17:21,579 [INFO] pcrl.training.trainer: Epoch 21 [50/612] Loss: -373.5299 Task: 3.1614 Adv: -7.5338 Verify: 0.0000
2026-04-24 21:17:33,339 [INFO] pcrl.training.trainer: Epoch 21 [100/612] Loss: -370.3990 Task: 3.1688 Adv: -7.4714 Verify: 0.0000
2026-04-24 21:17:45,076 [INFO] pcrl.training.trainer: Epoch 21 [150/612] Loss: -368.1758 Task: 3.1718 Adv: -7.4270 Verify: 0.0000
2026-04-24 21:17:57,041 [INFO] pcrl.training.trainer: Epoch 21 [200/612] Loss: -371.3244 Task: 3.1182 Adv: -7.4889 Verify: 0.0000
2026-04-24 21:18:08,983 [INFO] pcrl.training.trainer: Epoch 21 [250/612] Loss: -366.8434 Task: 3.1449 Adv: -7.3998 Verify: 0.0000
2026-04-24 21:18:20,919 [INFO] pcrl.training.trainer: Epoch 21 [300/612] Loss: -365.9702 Task: 3.2031 Adv: -7.3835 Verify: 0.0000
2026-04-24 21:18:33,357 [INFO] pcrl.training.trainer: Epoch 21 [350/612] Loss: -373.4182 Task: 3.1997 Adv: -7.5324 Verify: 0.0000
2026-04-24 21:18:45,205 [INFO] pcrl.training.trainer: Epoch 21 [400/612] Loss: -372.8981 Task: 3.1547 Adv: -7.5211 Verify: 0.0000
2026-04-24 21:18:57,013 [INFO] pcrl.training.trainer: Epoch 21 [450/612] Loss: -374.8986 Task: 3.1624 Adv: -7.5612 Verify: 0.0000
2026-04-24 21:19:08,731 [INFO] pcrl.training.trainer: Epoch 21 [500/612] Loss: -367.0551 Task: 3.1774 Adv: -7.4046 Verify: 0.0000
2026-04-24 21:19:20,550 [INFO] pcrl.training.trainer: Epoch 21 [550/612] Loss: -375.4579 Task: 3.1521 Adv: -7.5722 Verify: 0.0000
2026-04-24 21:19:32,217 [INFO] pcrl.training.trainer: Epoch 21 [600/612] Loss: -372.1126 Task: 3.0793 Adv: -7.5038 Verify: 0.0000
2026-04-24 21:19:35,023 [INFO] pcrl.training.trainer: [TRAIN] Epoch 21 - Loss: -371.2590, Task: 3.1531, Adv: -7.4882, Verify: 0.0000, Time: 145.3s
2026-04-24 21:19:35,023 [INFO] pcrl.training.trainer:   Task 'income' accuracy: 0.5882
2026-04-24 21:19:35,023 [INFO] pcrl.training.trainer:   Task 'hours_band' accuracy: 0.5466
2026-04-24 21:19:35,023 [INFO] pcrl.training.trainer:   Task 'education_level' accuracy: 0.3866
2026-04-24 21:19:35,023 [INFO] pcrl.training.trainer:   Auditor 'race' accuracy: 0.6184
2026-04-24 21:19:35,023 [INFO] pcrl.training.trainer:   Auditor 'sex' accuracy: 0.5282
2026-04-24 21:19:35,023 [INFO] pcrl.training.trainer:   Auditor 'age_group' accuracy: 0.4156
2026-04-24 21:19:35,023 [INFO] pcrl.training.trainer:   Auditor 'marital_status' accuracy: 0.5236
2026-04-24 21:19:35,023 [INFO] pcrl.training.trainer:   Auditor 'income' accuracy: 0.5882
2026-04-24 21:19:36,108 [INFO] pcrl.training.trainer: [VAL] Epoch 21 - Loss: 377.1213, Task: 3.1607, Adv: 7.4792, Verify: 0.0000, Time: 1.1s
2026-04-24 21:19:36,108 [INFO] pcrl.training.trainer:   Task 'income' accuracy: 0.5910
2026-04-24 21:19:36,108 [INFO] pcrl.training.trainer:   Task 'hours_band' accuracy: 0.5423
2026-04-24 21:19:36,108 [INFO] pcrl.training.trainer:   Task 'education_level' accuracy: 0.3866
2026-04-24 21:19:36,108 [INFO] pcrl.training.trainer:   Auditor 'race' accuracy: 0.6201
2026-04-24 21:19:36,108 [INFO] pcrl.training.trainer:   Auditor 'sex' accuracy: 0.5278
2026-04-24 21:19:36,108 [INFO] pcrl.training.trainer:   Auditor 'age_group' accuracy: 0.4141
2026-04-24 21:19:36,108 [INFO] pcrl.training.trainer:   Auditor 'marital_status' accuracy: 0.5266
2026-04-24 21:19:36,108 [INFO] pcrl.training.trainer:   Auditor 'income' accuracy: 0.5910
2026-04-24 21:19:47,920 [INFO] pcrl.training.trainer: Epoch 22 [50/612] Loss: -369.7277 Task: 3.1599 Adv: -7.4578 Verify: 0.0000
2026-04-24 21:20:00,392 [INFO] pcrl.training.trainer: Epoch 22 [100/612] Loss: -371.5988 Task: 3.1473 Adv: -7.4949 Verify: 0.0000
2026-04-24 21:20:12,854 [INFO] pcrl.training.trainer: Epoch 22 [150/612] Loss: -368.4323 Task: 3.2299 Adv: -7.4332 Verify: 0.0000
2026-04-24 21:20:24,680 [INFO] pcrl.training.trainer: Epoch 22 [200/612] Loss: -380.0883 Task: 3.1043 Adv: -7.6639 Verify: 0.0000
2026-04-24 21:20:36,443 [INFO] pcrl.training.trainer: Epoch 22 [250/612] Loss: -371.4886 Task: 3.2053 Adv: -7.4939 Verify: 0.0000
2026-04-24 21:20:48,250 [INFO] pcrl.training.trainer: Epoch 22 [300/612] Loss: -366.9966 Task: 3.2043 Adv: -7.4040 Verify: 0.0000
2026-04-24 21:21:00,039 [INFO] pcrl.training.trainer: Epoch 22 [350/612] Loss: -372.5400 Task: 3.1717 Adv: -7.5142 Verify: 0.0000
2026-04-24 21:21:11,545 [INFO] pcrl.training.trainer: Epoch 22 [400/612] Loss: -371.4408 Task: 3.1285 Adv: -7.4914 Verify: 0.0000
2026-04-24 21:21:23,582 [INFO] pcrl.training.trainer: Epoch 22 [450/612] Loss: -373.0656 Task: 3.1655 Adv: -7.5246 Verify: 0.0000
2026-04-24 21:21:35,760 [INFO] pcrl.training.trainer: Epoch 22 [500/612] Loss: -373.4231 Task: 3.1794 Adv: -7.5320 Verify: 0.0000
2026-04-24 21:21:47,557 [INFO] pcrl.training.trainer: Epoch 22 [550/612] Loss: -370.8457 Task: 3.1857 Adv: -7.4806 Verify: 0.0000
2026-04-24 21:21:59,373 [INFO] pcrl.training.trainer: Epoch 22 [600/612] Loss: -372.5568 Task: 3.2052 Adv: -7.5152 Verify: 0.0000
2026-04-24 21:22:02,378 [INFO] pcrl.training.trainer: [TRAIN] Epoch 22 - Loss: -371.2321, Task: 3.1531, Adv: -7.4877, Verify: 0.0000, Time: 146.3s
2026-04-24 21:22:02,378 [INFO] pcrl.training.trainer:   Task 'income' accuracy: 0.5882
2026-04-24 21:22:02,378 [INFO] pcrl.training.trainer:   Task 'hours_band' accuracy: 0.5466
2026-04-24 21:22:02,378 [INFO] pcrl.training.trainer:   Task 'education_level' accuracy: 0.3866
2026-04-24 21:22:02,378 [INFO] pcrl.training.trainer:   Auditor 'race' accuracy: 0.6184
2026-04-24 21:22:02,378 [INFO] pcrl.training.trainer:   Auditor 'sex' accuracy: 0.5282
2026-04-24 21:22:02,378 [INFO] pcrl.training.trainer:   Auditor 'age_group' accuracy: 0.4160
2026-04-24 21:22:02,379 [INFO] pcrl.training.trainer:   Auditor 'marital_status' accuracy: 0.5235
2026-04-24 21:22:02,379 [INFO] pcrl.training.trainer:   Auditor 'income' accuracy: 0.5882
2026-04-24 21:22:03,489 [INFO] pcrl.training.trainer: [VAL] Epoch 22 - Loss: 377.1913, Task: 3.1607, Adv: 7.4806, Verify: 0.0000, Time: 1.1s
2026-04-24 21:22:03,489 [INFO] pcrl.training.trainer:   Task 'income' accuracy: 0.5910
2026-04-24 21:22:03,489 [INFO] pcrl.training.trainer:   Task 'hours_band' accuracy: 0.5423
2026-04-24 21:22:03,489 [INFO] pcrl.training.trainer:   Task 'education_level' accuracy: 0.3866
2026-04-24 21:22:03,489 [INFO] pcrl.training.trainer:   Auditor 'race' accuracy: 0.6201
2026-04-24 21:22:03,489 [INFO] pcrl.training.trainer:   Auditor 'sex' accuracy: 0.5278
2026-04-24 21:22:03,489 [INFO] pcrl.training.trainer:   Auditor 'age_group' accuracy: 0.4141
2026-04-24 21:22:03,489 [INFO] pcrl.training.trainer:   Auditor 'marital_status' accuracy: 0.5266
2026-04-24 21:22:03,489 [INFO] pcrl.training.trainer:   Auditor 'income' accuracy: 0.5910
2026-04-24 21:22:15,327 [INFO] pcrl.training.trainer: Epoch 23 [50/612] Loss: -370.4194 Task: 3.1393 Adv: -7.4712 Verify: 0.0000
2026-04-24 21:22:27,249 [INFO] pcrl.training.trainer: Epoch 23 [100/612] Loss: -368.3330 Task: 3.1058 Adv: -7.4288 Verify: 0.0000
2026-04-24 21:22:39,252 [INFO] pcrl.training.trainer: Epoch 23 [150/612] Loss: -371.9218 Task: 3.1982 Adv: -7.5024 Verify: 0.0000
2026-04-24 21:22:51,155 [INFO] pcrl.training.trainer: Epoch 23 [200/612] Loss: -368.3453 Task: 3.1127 Adv: -7.4292 Verify: 0.0000
2026-04-24 21:23:02,840 [INFO] pcrl.training.trainer: Epoch 23 [250/612] Loss: -372.4465 Task: 3.1192 Adv: -7.5113 Verify: 0.0000
2026-04-24 21:23:14,587 [INFO] pcrl.training.trainer: Epoch 23 [300/612] Loss: -371.4469 Task: 3.2003 Adv: -7.4929 Verify: 0.0000
2026-04-24 21:23:26,170 [INFO] pcrl.training.trainer: Epoch 23 [350/612] Loss: -371.2384 Task: 3.1625 Adv: -7.4880 Verify: 0.0000
2026-04-24 21:23:37,911 [INFO] pcrl.training.trainer: Epoch 23 [400/612] Loss: -373.6045 Task: 3.1274 Adv: -7.5346 Verify: 0.0000
2026-04-24 21:23:49,591 [INFO] pcrl.training.trainer: Epoch 23 [450/612] Loss: -372.8988 Task: 3.0865 Adv: -7.5197 Verify: 0.0000
2026-04-24 21:24:01,290 [INFO] pcrl.training.trainer: Epoch 23 [500/612] Loss: -372.5991 Task: 3.1726 Adv: -7.5154 Verify: 0.0000
2026-04-24 21:24:12,896 [INFO] pcrl.training.trainer: Epoch 23 [550/612] Loss: -368.7083 Task: 3.1114 Adv: -7.4364 Verify: 0.0000
2026-04-24 21:24:24,760 [INFO] pcrl.training.trainer: Epoch 23 [600/612] Loss: -369.7111 Task: 3.1069 Adv: -7.4564 Verify: 0.0000
2026-04-24 21:24:27,641 [INFO] pcrl.training.trainer: [TRAIN] Epoch 23 - Loss: -371.3634, Task: 3.1531, Adv: -7.4903, Verify: 0.0000, Time: 144.2s
2026-04-24 21:24:27,641 [INFO] pcrl.training.trainer:   Task 'income' accuracy: 0.5882
2026-04-24 21:24:27,641 [INFO] pcrl.training.trainer:   Task 'hours_band' accuracy: 0.5466
2026-04-24 21:24:27,641 [INFO] pcrl.training.trainer:   Task 'education_level' accuracy: 0.3866
2026-04-24 21:24:27,641 [INFO] pcrl.training.trainer:   Auditor 'race' accuracy: 0.6184
2026-04-24 21:24:27,641 [INFO] pcrl.training.trainer:   Auditor 'sex' accuracy: 0.5281
2026-04-24 21:24:27,641 [INFO] pcrl.training.trainer:   Auditor 'age_group' accuracy: 0.4156
2026-04-24 21:24:27,641 [INFO] pcrl.training.trainer:   Auditor 'marital_status' accuracy: 0.5238
2026-04-24 21:24:27,641 [INFO] pcrl.training.trainer:   Auditor 'income' accuracy: 0.5882
2026-04-24 21:24:28,746 [INFO] pcrl.training.trainer: [VAL] Epoch 23 - Loss: 377.1334, Task: 3.1605, Adv: 7.4795, Verify: 0.0000, Time: 1.1s
2026-04-24 21:24:28,746 [INFO] pcrl.training.trainer:   Task 'income' accuracy: 0.5910
2026-04-24 21:24:28,746 [INFO] pcrl.training.trainer:   Task 'hours_band' accuracy: 0.5423
2026-04-24 21:24:28,746 [INFO] pcrl.training.trainer:   Task 'education_level' accuracy: 0.3866
2026-04-24 21:24:28,746 [INFO] pcrl.training.trainer:   Auditor 'race' accuracy: 0.6201
2026-04-24 21:24:28,746 [INFO] pcrl.training.trainer:   Auditor 'sex' accuracy: 0.5278
2026-04-24 21:24:28,746 [INFO] pcrl.training.trainer:   Auditor 'age_group' accuracy: 0.4141
2026-04-24 21:24:28,746 [INFO] pcrl.training.trainer:   Auditor 'marital_status' accuracy: 0.5266
2026-04-24 21:24:28,746 [INFO] pcrl.training.trainer:   Auditor 'income' accuracy: 0.5910
2026-04-24 21:24:40,618 [INFO] pcrl.training.trainer: Epoch 24 [50/612] Loss: -371.4371 Task: 3.1704 Adv: -7.4921 Verify: 0.0000
2026-04-24 21:24:52,285 [INFO] pcrl.training.trainer: Epoch 24 [100/612] Loss: -370.7870 Task: 3.1468 Adv: -7.4787 Verify: 0.0000
2026-04-24 21:25:04,062 [INFO] pcrl.training.trainer: Epoch 24 [150/612] Loss: -370.7816 Task: 3.1476 Adv: -7.4786 Verify: 0.0000
2026-04-24 21:25:15,752 [INFO] pcrl.training.trainer: Epoch 24 [200/612] Loss: -369.1512 Task: 3.1600 Adv: -7.4462 Verify: 0.0000
2026-04-24 21:25:27,384 [INFO] pcrl.training.trainer: Epoch 24 [250/612] Loss: -370.5868 Task: 3.1390 Adv: -7.4745 Verify: 0.0000
2026-04-24 21:25:39,089 [INFO] pcrl.training.trainer: Epoch 24 [300/612] Loss: -372.1693 Task: 3.1672 Adv: -7.5067 Verify: 0.0000
2026-04-24 21:25:52,118 [INFO] pcrl.training.trainer: Epoch 24 [350/612] Loss: -372.0394 Task: 3.1839 Adv: -7.5045 Verify: 0.0000
2026-04-24 21:26:04,365 [INFO] pcrl.training.trainer: Epoch 24 [400/612] Loss: -371.9792 Task: 3.1642 Adv: -7.5029 Verify: 0.0000
2026-04-24 21:26:16,259 [INFO] pcrl.training.trainer: Epoch 24 [450/612] Loss: -369.2016 Task: 3.2113 Adv: -7.4483 Verify: 0.0000
2026-04-24 21:26:28,022 [INFO] pcrl.training.trainer: Epoch 24 [500/612] Loss: -373.4729 Task: 3.1121 Adv: -7.5317 Verify: 0.0000
2026-04-24 21:26:39,710 [INFO] pcrl.training.trainer: Epoch 24 [550/612] Loss: -373.5271 Task: 3.1412 Adv: -7.5334 Verify: 0.0000
2026-04-24 21:26:51,415 [INFO] pcrl.training.trainer: Epoch 24 [600/612] Loss: -371.6667 Task: 3.1414 Adv: -7.4962 Verify: 0.0000
2026-04-24 21:26:54,246 [INFO] pcrl.training.trainer: [TRAIN] Epoch 24 - Loss: -371.2714, Task: 3.1529, Adv: -7.4885, Verify: 0.0000, Time: 145.5s
2026-04-24 21:26:54,246 [INFO] pcrl.training.trainer:   Task 'income' accuracy: 0.5882
2026-04-24 21:26:54,246 [INFO] pcrl.training.trainer:   Task 'hours_band' accuracy: 0.5466
2026-04-24 21:26:54,246 [INFO] pcrl.training.trainer:   Task 'education_level' accuracy: 0.3866
2026-04-24 21:26:54,246 [INFO] pcrl.training.trainer:   Auditor 'race' accuracy: 0.6184
2026-04-24 21:26:54,246 [INFO] pcrl.training.trainer:   Auditor 'sex' accuracy: 0.5279
2026-04-24 21:26:54,246 [INFO] pcrl.training.trainer:   Auditor 'age_group' accuracy: 0.4159
2026-04-24 21:26:54,246 [INFO] pcrl.training.trainer:   Auditor 'marital_status' accuracy: 0.5241
2026-04-24 21:26:54,246 [INFO] pcrl.training.trainer:   Auditor 'income' accuracy: 0.5882
2026-04-24 21:26:55,491 [INFO] pcrl.training.trainer: [VAL] Epoch 24 - Loss: 377.2408, Task: 3.1606, Adv: 7.4816, Verify: 0.0000, Time: 1.2s
2026-04-24 21:26:55,491 [INFO] pcrl.training.trainer:   Task 'income' accuracy: 0.5910
2026-04-24 21:26:55,491 [INFO] pcrl.training.trainer:   Task 'hours_band' accuracy: 0.5423
2026-04-24 21:26:55,491 [INFO] pcrl.training.trainer:   Task 'education_level' accuracy: 0.3866
2026-04-24 21:26:55,491 [INFO] pcrl.training.trainer:   Auditor 'race' accuracy: 0.6201
2026-04-24 21:26:55,491 [INFO] pcrl.training.trainer:   Auditor 'sex' accuracy: 0.4722
2026-04-24 21:26:55,491 [INFO] pcrl.training.trainer:   Auditor 'age_group' accuracy: 0.4141
2026-04-24 21:26:55,491 [INFO] pcrl.training.trainer:   Auditor 'marital_status' accuracy: 0.5266
2026-04-24 21:26:55,491 [INFO] pcrl.training.trainer:   Auditor 'income' accuracy: 0.5910
2026-04-24 21:27:07,228 [INFO] pcrl.training.trainer: Epoch 25 [50/612] Loss: -370.7331 Task: 3.2915 Adv: -7.4805 Verify: 0.0000
2026-04-24 21:27:18,834 [INFO] pcrl.training.trainer: Epoch 25 [100/612] Loss: -373.2483 Task: 3.0603 Adv: -7.5262 Verify: 0.0000
2026-04-24 21:27:30,676 [INFO] pcrl.training.trainer: Epoch 25 [150/612] Loss: -373.1447 Task: 3.1932 Adv: -7.5268 Verify: 0.0000
2026-04-24 21:27:42,460 [INFO] pcrl.training.trainer: Epoch 25 [200/612] Loss: -374.9388 Task: 3.1214 Adv: -7.5612 Verify: 0.0000
2026-04-24 21:27:54,239 [INFO] pcrl.training.trainer: Epoch 25 [250/612] Loss: -370.5147 Task: 3.1611 Adv: -7.4735 Verify: 0.0000
2026-04-24 21:28:05,698 [INFO] pcrl.training.trainer: Epoch 25 [300/612] Loss: -369.5551 Task: 3.2120 Adv: -7.4553 Verify: 0.0000
2026-04-24 21:28:17,410 [INFO] pcrl.training.trainer: Epoch 25 [350/612] Loss: -375.7022 Task: 3.1632 Adv: -7.5773 Verify: 0.0000
2026-04-24 21:28:29,105 [INFO] pcrl.training.trainer: Epoch 25 [400/612] Loss: -372.3304 Task: 3.1201 Adv: -7.5090 Verify: 0.0000
2026-04-24 21:28:40,848 [INFO] pcrl.training.trainer: Epoch 25 [450/612] Loss: -371.6371 Task: 3.1799 Adv: -7.4963 Verify: 0.0000
2026-04-24 21:28:52,453 [INFO] pcrl.training.trainer: Epoch 25 [500/612] Loss: -371.5094 Task: 3.0981 Adv: -7.4922 Verify: 0.0000
2026-04-24 21:29:04,170 [INFO] pcrl.training.trainer: Epoch 25 [550/612] Loss: -372.5157 Task: 3.2047 Adv: -7.5144 Verify: 0.0000
2026-04-24 21:29:15,446 [INFO] pcrl.training.trainer: Epoch 25 [600/612] Loss: -368.7596 Task: 3.1949 Adv: -7.4391 Verify: 0.0000
2026-04-24 21:29:18,214 [INFO] pcrl.training.trainer: [TRAIN] Epoch 25 - Loss: -371.2977, Task: 3.1530, Adv: -7.4890, Verify: 0.0000, Time: 142.7s
2026-04-24 21:29:18,214 [INFO] pcrl.training.trainer:   Task 'income' accuracy: 0.5882
2026-04-24 21:29:18,214 [INFO] pcrl.training.trainer:   Task 'hours_band' accuracy: 0.5466
2026-04-24 21:29:18,214 [INFO] pcrl.training.trainer:   Task 'education_level' accuracy: 0.3866
2026-04-24 21:29:18,214 [INFO] pcrl.training.trainer:   Auditor 'race' accuracy: 0.6184
2026-04-24 21:29:18,214 [INFO] pcrl.training.trainer:   Auditor 'sex' accuracy: 0.5284
2026-04-24 21:29:18,214 [INFO] pcrl.training.trainer:   Auditor 'age_group' accuracy: 0.4158
2026-04-24 21:29:18,214 [INFO] pcrl.training.trainer:   Auditor 'marital_status' accuracy: 0.5236
2026-04-24 21:29:18,214 [INFO] pcrl.training.trainer:   Auditor 'income' accuracy: 0.5882
2026-04-24 21:29:19,427 [INFO] pcrl.training.trainer: [VAL] Epoch 25 - Loss: 377.1407, Task: 3.1606, Adv: 7.4796, Verify: 0.0000, Time: 1.2s
2026-04-24 21:29:19,427 [INFO] pcrl.training.trainer:   Task 'income' accuracy: 0.5910
2026-04-24 21:29:19,427 [INFO] pcrl.training.trainer:   Task 'hours_band' accuracy: 0.5423
2026-04-24 21:29:19,427 [INFO] pcrl.training.trainer:   Task 'education_level' accuracy: 0.3866
2026-04-24 21:29:19,427 [INFO] pcrl.training.trainer:   Auditor 'race' accuracy: 0.6201
2026-04-24 21:29:19,427 [INFO] pcrl.training.trainer:   Auditor 'sex' accuracy: 0.5278
2026-04-24 21:29:19,427 [INFO] pcrl.training.trainer:   Auditor 'age_group' accuracy: 0.4141
2026-04-24 21:29:19,427 [INFO] pcrl.training.trainer:   Auditor 'marital_status' accuracy: 0.5266
2026-04-24 21:29:19,428 [INFO] pcrl.training.trainer:   Auditor 'income' accuracy: 0.5910
2026-04-24 21:29:31,053 [INFO] pcrl.training.trainer: Epoch 26 [50/612] Loss: -370.7430 Task: 3.1609 Adv: -7.4781 Verify: 0.0000
2026-04-24 21:29:42,727 [INFO] pcrl.training.trainer: Epoch 26 [100/612] Loss: -370.9579 Task: 3.0422 Adv: -7.4800 Verify: 0.0000
2026-04-24 21:29:54,155 [INFO] pcrl.training.trainer: Epoch 26 [150/612] Loss: -371.6357 Task: 3.1920 Adv: -7.4966 Verify: 0.0000
2026-04-24 21:30:05,787 [INFO] pcrl.training.trainer: Epoch 26 [200/612] Loss: -370.1012 Task: 3.1308 Adv: -7.4646 Verify: 0.0000
2026-04-24 21:30:17,243 [INFO] pcrl.training.trainer: Epoch 26 [250/612] Loss: -370.1594 Task: 3.1318 Adv: -7.4658 Verify: 0.0000
2026-04-24 21:30:28,762 [INFO] pcrl.training.trainer: Epoch 26 [300/612] Loss: -370.4877 Task: 3.1759 Adv: -7.4733 Verify: 0.0000
2026-04-24 21:30:41,153 [INFO] pcrl.training.trainer: Epoch 26 [350/612] Loss: -371.2779 Task: 3.1572 Adv: -7.4887 Verify: 0.0000
2026-04-24 21:30:53,604 [INFO] pcrl.training.trainer: Epoch 26 [400/612] Loss: -368.2948 Task: 3.1282 Adv: -7.4285 Verify: 0.0000
2026-04-24 21:31:05,327 [INFO] pcrl.training.trainer: Epoch 26 [450/612] Loss: -378.4657 Task: 3.2169 Adv: -7.6337 Verify: 0.0000
2026-04-24 21:31:16,959 [INFO] pcrl.training.trainer: Epoch 26 [500/612] Loss: -369.7188 Task: 3.2226 Adv: -7.4588 Verify: 0.0000
2026-04-24 21:31:28,972 [INFO] pcrl.training.trainer: Epoch 26 [550/612] Loss: -368.5450 Task: 3.1887 Adv: -7.4347 Verify: 0.0000
2026-04-24 21:31:40,560 [INFO] pcrl.training.trainer: Epoch 26 [600/612] Loss: -369.6114 Task: 3.1275 Adv: -7.4548 Verify: 0.0000
2026-04-24 21:31:43,366 [INFO] pcrl.training.trainer: [TRAIN] Epoch 26 - Loss: -371.2556, Task: 3.1530, Adv: -7.4882, Verify: 0.0000, Time: 143.9s
2026-04-24 21:31:43,366 [INFO] pcrl.training.trainer:   Task 'income' accuracy: 0.5882
2026-04-24 21:31:43,366 [INFO] pcrl.training.trainer:   Task 'hours_band' accuracy: 0.5466
2026-04-24 21:31:43,366 [INFO] pcrl.training.trainer:   Task 'education_level' accuracy: 0.3866
2026-04-24 21:31:43,366 [INFO] pcrl.training.trainer:   Auditor 'race' accuracy: 0.6184
2026-04-24 21:31:43,366 [INFO] pcrl.training.trainer:   Auditor 'sex' accuracy: 0.5281
2026-04-24 21:31:43,366 [INFO] pcrl.training.trainer:   Auditor 'age_group' accuracy: 0.4159
2026-04-24 21:31:43,366 [INFO] pcrl.training.trainer:   Auditor 'marital_status' accuracy: 0.5234
2026-04-24 21:31:43,366 [INFO] pcrl.training.trainer:   Auditor 'income' accuracy: 0.5882
2026-04-24 21:31:44,422 [INFO] pcrl.training.trainer: [VAL] Epoch 26 - Loss: 377.0536, Task: 3.1607, Adv: 7.4779, Verify: 0.0000, Time: 1.1s
2026-04-24 21:31:44,423 [INFO] pcrl.training.trainer:   Task 'income' accuracy: 0.5910
2026-04-24 21:31:44,423 [INFO] pcrl.training.trainer:   Task 'hours_band' accuracy: 0.5423
2026-04-24 21:31:44,423 [INFO] pcrl.training.trainer:   Task 'education_level' accuracy: 0.3866
2026-04-24 21:31:44,423 [INFO] pcrl.training.trainer:   Auditor 'race' accuracy: 0.6201
2026-04-24 21:31:44,423 [INFO] pcrl.training.trainer:   Auditor 'sex' accuracy: 0.5278
2026-04-24 21:31:44,423 [INFO] pcrl.training.trainer:   Auditor 'age_group' accuracy: 0.4141
2026-04-24 21:31:44,423 [INFO] pcrl.training.trainer:   Auditor 'marital_status' accuracy: 0.5266
2026-04-24 21:31:44,423 [INFO] pcrl.training.trainer:   Auditor 'income' accuracy: 0.5910
2026-04-24 21:31:44,487 [INFO] pcrl.training.trainer: Saved checkpoint to /home/ubuntu/PCRL/checkpoints/folktables_pcrl_s2/best.pt
2026-04-24 21:31:56,022 [INFO] pcrl.training.trainer: Epoch 27 [50/612] Loss: -371.1724 Task: 3.1340 Adv: -7.4861 Verify: 0.0000
2026-04-24 21:32:07,543 [INFO] pcrl.training.trainer: Epoch 27 [100/612] Loss: -372.9970 Task: 3.2362 Adv: -7.5247 Verify: 0.0000
2026-04-24 21:32:19,090 [INFO] pcrl.training.trainer: Epoch 27 [150/612] Loss: -373.9693 Task: 3.1251 Adv: -7.5419 Verify: 0.0000
2026-04-24 21:32:30,697 [INFO] pcrl.training.trainer: Epoch 27 [200/612] Loss: -371.9623 Task: 3.1923 Adv: -7.5031 Verify: 0.0000
2026-04-24 21:32:42,433 [INFO] pcrl.training.trainer: Epoch 27 [250/612] Loss: -370.7782 Task: 3.1420 Adv: -7.4784 Verify: 0.0000
2026-04-24 21:32:54,192 [INFO] pcrl.training.trainer: Epoch 27 [300/612] Loss: -368.5969 Task: 3.1942 Adv: -7.4358 Verify: 0.0000
2026-04-24 21:33:05,660 [INFO] pcrl.training.trainer: Epoch 27 [350/612] Loss: -370.8100 Task: 3.2773 Adv: -7.4817 Verify: 0.0000
2026-04-24 21:33:17,720 [INFO] pcrl.training.trainer: Epoch 27 [400/612] Loss: -374.4215 Task: 3.1584 Adv: -7.5516 Verify: 0.0000
2026-04-24 21:33:29,651 [INFO] pcrl.training.trainer: Epoch 27 [450/612] Loss: -369.8701 Task: 3.1088 Adv: -7.4596 Verify: 0.0000
2026-04-24 21:33:41,629 [INFO] pcrl.training.trainer: Epoch 27 [500/612] Loss: -374.0076 Task: 3.0894 Adv: -7.5419 Verify: 0.0000
2026-04-24 21:33:53,350 [INFO] pcrl.training.trainer: Epoch 27 [550/612] Loss: -369.0108 Task: 3.0819 Adv: -7.4419 Verify: 0.0000
2026-04-24 21:34:04,862 [INFO] pcrl.training.trainer: Epoch 27 [600/612] Loss: -367.9909 Task: 3.1579 Adv: -7.4230 Verify: 0.0000
2026-04-24 21:34:07,654 [INFO] pcrl.training.trainer: [TRAIN] Epoch 27 - Loss: -371.3908, Task: 3.1530, Adv: -7.4909, Verify: 0.0000, Time: 143.2s
2026-04-24 21:34:07,654 [INFO] pcrl.training.trainer:   Task 'income' accuracy: 0.5882
2026-04-24 21:34:07,654 [INFO] pcrl.training.trainer:   Task 'hours_band' accuracy: 0.5466
2026-04-24 21:34:07,654 [INFO] pcrl.training.trainer:   Task 'education_level' accuracy: 0.3866
2026-04-24 21:34:07,654 [INFO] pcrl.training.trainer:   Auditor 'race' accuracy: 0.6184
2026-04-24 21:34:07,654 [INFO] pcrl.training.trainer:   Auditor 'sex' accuracy: 0.5282
2026-04-24 21:34:07,654 [INFO] pcrl.training.trainer:   Auditor 'age_group' accuracy: 0.4156
2026-04-24 21:34:07,654 [INFO] pcrl.training.trainer:   Auditor 'marital_status' accuracy: 0.5233
2026-04-24 21:34:07,654 [INFO] pcrl.training.trainer:   Auditor 'income' accuracy: 0.5882
2026-04-24 21:34:08,884 [INFO] pcrl.training.trainer: [VAL] Epoch 27 - Loss: 377.1713, Task: 3.1607, Adv: 7.4802, Verify: 0.0000, Time: 1.2s
2026-04-24 21:34:08,884 [INFO] pcrl.training.trainer:   Task 'income' accuracy: 0.5910
2026-04-24 21:34:08,884 [INFO] pcrl.training.trainer:   Task 'hours_band' accuracy: 0.5423
2026-04-24 21:34:08,884 [INFO] pcrl.training.trainer:   Task 'education_level' accuracy: 0.3866
2026-04-24 21:34:08,884 [INFO] pcrl.training.trainer:   Auditor 'race' accuracy: 0.6201
2026-04-24 21:34:08,884 [INFO] pcrl.training.trainer:   Auditor 'sex' accuracy: 0.5278
2026-04-24 21:34:08,884 [INFO] pcrl.training.trainer:   Auditor 'age_group' accuracy: 0.4141
2026-04-24 21:34:08,884 [INFO] pcrl.training.trainer:   Auditor 'marital_status' accuracy: 0.5266
2026-04-24 21:34:08,884 [INFO] pcrl.training.trainer:   Auditor 'income' accuracy: 0.5910
2026-04-24 21:34:20,839 [INFO] pcrl.training.trainer: Epoch 28 [50/612] Loss: -376.6231 Task: 3.0909 Adv: -7.5943 Verify: 0.0000
2026-04-24 21:34:32,775 [INFO] pcrl.training.trainer: Epoch 28 [100/612] Loss: -369.8505 Task: 3.2160 Adv: -7.4613 Verify: 0.0000
2026-04-24 21:34:44,591 [INFO] pcrl.training.trainer: Epoch 28 [150/612] Loss: -371.9024 Task: 3.2298 Adv: -7.5026 Verify: 0.0000
2026-04-24 21:34:56,426 [INFO] pcrl.training.trainer: Epoch 28 [200/612] Loss: -369.3067 Task: 3.1415 Adv: -7.4490 Verify: 0.0000
2026-04-24 21:35:07,970 [INFO] pcrl.training.trainer: Epoch 28 [250/612] Loss: -371.6395 Task: 3.1765 Adv: -7.4963 Verify: 0.0000
2026-04-24 21:35:19,410 [INFO] pcrl.training.trainer: Epoch 28 [300/612] Loss: -372.0656 Task: 3.0486 Adv: -7.5023 Verify: 0.0000
2026-04-24 21:35:32,433 [INFO] pcrl.training.trainer: Epoch 28 [350/612] Loss: -374.1795 Task: 3.0809 Adv: -7.5452 Verify: 0.0000
2026-04-24 21:35:44,182 [INFO] pcrl.training.trainer: Epoch 28 [400/612] Loss: -369.3814 Task: 3.0730 Adv: -7.4491 Verify: 0.0000
2026-04-24 21:35:56,165 [INFO] pcrl.training.trainer: Epoch 28 [450/612] Loss: -371.9868 Task: 3.1298 Adv: -7.5023 Verify: 0.0000
2026-04-24 21:36:07,632 [INFO] pcrl.training.trainer: Epoch 28 [500/612] Loss: -373.2793 Task: 3.1414 Adv: -7.5284 Verify: 0.0000
2026-04-24 21:36:19,321 [INFO] pcrl.training.trainer: Epoch 28 [550/612] Loss: -369.1664 Task: 3.1030 Adv: -7.4454 Verify: 0.0000
2026-04-24 21:36:31,332 [INFO] pcrl.training.trainer: Epoch 28 [600/612] Loss: -366.1779 Task: 3.1575 Adv: -7.3867 Verify: 0.0000
2026-04-24 21:36:34,113 [INFO] pcrl.training.trainer: [TRAIN] Epoch 28 - Loss: -371.2117, Task: 3.1530, Adv: -7.4873, Verify: 0.0000, Time: 145.2s
2026-04-24 21:36:34,113 [INFO] pcrl.training.trainer:   Task 'income' accuracy: 0.5882
2026-04-24 21:36:34,113 [INFO] pcrl.training.trainer:   Task 'hours_band' accuracy: 0.5466
2026-04-24 21:36:34,113 [INFO] pcrl.training.trainer:   Task 'education_level' accuracy: 0.3866
2026-04-24 21:36:34,113 [INFO] pcrl.training.trainer:   Auditor 'race' accuracy: 0.6184
2026-04-24 21:36:34,113 [INFO] pcrl.training.trainer:   Auditor 'sex' accuracy: 0.5281
2026-04-24 21:36:34,113 [INFO] pcrl.training.trainer:   Auditor 'age_group' accuracy: 0.4159
2026-04-24 21:36:34,113 [INFO] pcrl.training.trainer:   Auditor 'marital_status' accuracy: 0.5235
2026-04-24 21:36:34,113 [INFO] pcrl.training.trainer:   Auditor 'income' accuracy: 0.5882
2026-04-24 21:36:35,216 [INFO] pcrl.training.trainer: [VAL] Epoch 28 - Loss: 377.1609, Task: 3.1607, Adv: 7.4800, Verify: 0.0000, Time: 1.1s
2026-04-24 21:36:35,216 [INFO] pcrl.training.trainer:   Task 'income' accuracy: 0.5910
2026-04-24 21:36:35,216 [INFO] pcrl.training.trainer:   Task 'hours_band' accuracy: 0.5423
2026-04-24 21:36:35,216 [INFO] pcrl.training.trainer:   Task 'education_level' accuracy: 0.3866
2026-04-24 21:36:35,216 [INFO] pcrl.training.trainer:   Auditor 'race' accuracy: 0.6201
2026-04-24 21:36:35,216 [INFO] pcrl.training.trainer:   Auditor 'sex' accuracy: 0.5278
2026-04-24 21:36:35,216 [INFO] pcrl.training.trainer:   Auditor 'age_group' accuracy: 0.4141
2026-04-24 21:36:35,216 [INFO] pcrl.training.trainer:   Auditor 'marital_status' accuracy: 0.5266
2026-04-24 21:36:35,216 [INFO] pcrl.training.trainer:   Auditor 'income' accuracy: 0.5910
2026-04-24 21:36:47,025 [INFO] pcrl.training.trainer: Epoch 29 [50/612] Loss: -372.3035 Task: 3.1142 Adv: -7.5084 Verify: 0.0000
2026-04-24 21:36:58,844 [INFO] pcrl.training.trainer: Epoch 29 [100/612] Loss: -369.1088 Task: 3.1074 Adv: -7.4443 Verify: 0.0000
2026-04-24 21:37:10,790 [INFO] pcrl.training.trainer: Epoch 29 [150/612] Loss: -371.6442 Task: 3.1291 Adv: -7.4955 Verify: 0.0000
2026-04-24 21:37:22,745 [INFO] pcrl.training.trainer: Epoch 29 [200/612] Loss: -375.8994 Task: 3.2382 Adv: -7.5828 Verify: 0.0000
2026-04-24 21:37:34,421 [INFO] pcrl.training.trainer: Epoch 29 [250/612] Loss: -369.0688 Task: 3.1878 Adv: -7.4451 Verify: 0.0000
2026-04-24 21:37:46,298 [INFO] pcrl.training.trainer: Epoch 29 [300/612] Loss: -372.2617 Task: 3.1292 Adv: -7.5078 Verify: 0.0000
2026-04-24 21:37:58,589 [INFO] pcrl.training.trainer: Epoch 29 [350/612] Loss: -365.7699 Task: 3.1817 Adv: -7.3790 Verify: 0.0000
2026-04-24 21:38:10,695 [INFO] pcrl.training.trainer: Epoch 29 [400/612] Loss: -370.0523 Task: 3.1103 Adv: -7.4633 Verify: 0.0000
2026-04-24 21:38:22,755 [INFO] pcrl.training.trainer: Epoch 29 [450/612] Loss: -369.9084 Task: 3.1451 Adv: -7.4611 Verify: 0.0000
2026-04-24 21:38:34,800 [INFO] pcrl.training.trainer: Epoch 29 [500/612] Loss: -373.7855 Task: 3.2593 Adv: -7.5409 Verify: 0.0000
2026-04-24 21:38:46,645 [INFO] pcrl.training.trainer: Epoch 29 [550/612] Loss: -370.9620 Task: 3.2159 Adv: -7.4836 Verify: 0.0000
2026-04-24 21:38:58,532 [INFO] pcrl.training.trainer: Epoch 29 [600/612] Loss: -369.6717 Task: 3.1884 Adv: -7.4572 Verify: 0.0000
2026-04-24 21:39:01,322 [INFO] pcrl.training.trainer: [TRAIN] Epoch 29 - Loss: -371.2633, Task: 3.1529, Adv: -7.4883, Verify: 0.0000, Time: 146.1s
2026-04-24 21:39:01,322 [INFO] pcrl.training.trainer:   Task 'income' accuracy: 0.5882
2026-04-24 21:39:01,322 [INFO] pcrl.training.trainer:   Task 'hours_band' accuracy: 0.5466
2026-04-24 21:39:01,322 [INFO] pcrl.training.trainer:   Task 'education_level' accuracy: 0.3866
2026-04-24 21:39:01,322 [INFO] pcrl.training.trainer:   Auditor 'race' accuracy: 0.6184
2026-04-24 21:39:01,322 [INFO] pcrl.training.trainer:   Auditor 'sex' accuracy: 0.5280
2026-04-24 21:39:01,322 [INFO] pcrl.training.trainer:   Auditor 'age_group' accuracy: 0.4156
2026-04-24 21:39:01,322 [INFO] pcrl.training.trainer:   Auditor 'marital_status' accuracy: 0.5238
2026-04-24 21:39:01,322 [INFO] pcrl.training.trainer:   Auditor 'income' accuracy: 0.5882
2026-04-24 21:39:02,395 [INFO] pcrl.training.trainer: [VAL] Epoch 29 - Loss: 377.0667, Task: 3.1607, Adv: 7.4781, Verify: 0.0000, Time: 1.1s
2026-04-24 21:39:02,396 [INFO] pcrl.training.trainer:   Task 'income' accuracy: 0.5910
2026-04-24 21:39:02,396 [INFO] pcrl.training.trainer:   Task 'hours_band' accuracy: 0.5423
2026-04-24 21:39:02,396 [INFO] pcrl.training.trainer:   Task 'education_level' accuracy: 0.3866
2026-04-24 21:39:02,396 [INFO] pcrl.training.trainer:   Auditor 'race' accuracy: 0.6201
2026-04-24 21:39:02,396 [INFO] pcrl.training.trainer:   Auditor 'sex' accuracy: 0.5278
2026-04-24 21:39:02,396 [INFO] pcrl.training.trainer:   Auditor 'age_group' accuracy: 0.4141
2026-04-24 21:39:02,396 [INFO] pcrl.training.trainer:   Auditor 'marital_status' accuracy: 0.5266
2026-04-24 21:39:02,396 [INFO] pcrl.training.trainer:   Auditor 'income' accuracy: 0.5910
2026-04-24 21:39:02,437 [INFO] pcrl.training.trainer: Saved checkpoint to /home/ubuntu/PCRL/checkpoints/folktables_pcrl_s2/epoch_30.pt
2026-04-24 21:39:14,125 [INFO] pcrl.training.trainer: Epoch 30 [50/612] Loss: -372.8395 Task: 3.1104 Adv: -7.5190 Verify: 0.0000
2026-04-24 21:39:25,587 [INFO] pcrl.training.trainer: Epoch 30 [100/612] Loss: -371.4692 Task: 3.1557 Adv: -7.4925 Verify: 0.0000
2026-04-24 21:39:37,149 [INFO] pcrl.training.trainer: Epoch 30 [150/612] Loss: -370.3894 Task: 3.1445 Adv: -7.4707 Verify: 0.0000
2026-04-24 21:39:48,772 [INFO] pcrl.training.trainer: Epoch 30 [200/612] Loss: -367.0986 Task: 3.0869 Adv: -7.4037 Verify: 0.0000
2026-04-24 21:40:01,257 [INFO] pcrl.training.trainer: Epoch 30 [250/612] Loss: -368.7029 Task: 3.0746 Adv: -7.4355 Verify: 0.0000
2026-04-24 21:40:13,433 [INFO] pcrl.training.trainer: Epoch 30 [300/612] Loss: -370.1033 Task: 3.1634 Adv: -7.4653 Verify: 0.0000
2026-04-24 21:40:25,223 [INFO] pcrl.training.trainer: Epoch 30 [350/612] Loss: -374.8447 Task: 3.0918 Adv: -7.5587 Verify: 0.0000
2026-04-24 21:40:36,930 [INFO] pcrl.training.trainer: Epoch 30 [400/612] Loss: -366.0327 Task: 3.0689 Adv: -7.3820 Verify: 0.0000
2026-04-24 21:40:48,681 [INFO] pcrl.training.trainer: Epoch 30 [450/612] Loss: -369.1347 Task: 3.0739 Adv: -7.4442 Verify: 0.0000
2026-04-24 21:41:00,261 [INFO] pcrl.training.trainer: Epoch 30 [500/612] Loss: -369.4492 Task: 3.0617 Adv: -7.4502 Verify: 0.0000
2026-04-24 21:41:11,998 [INFO] pcrl.training.trainer: Epoch 30 [550/612] Loss: -368.9807 Task: 3.1878 Adv: -7.4434 Verify: 0.0000
2026-04-24 21:41:23,727 [INFO] pcrl.training.trainer: Epoch 30 [600/612] Loss: -369.0150 Task: 3.2393 Adv: -7.4451 Verify: 0.0000
2026-04-24 21:41:26,541 [INFO] pcrl.training.trainer: [TRAIN] Epoch 30 - Loss: -371.3341, Task: 3.1530, Adv: -7.4897, Verify: 0.0000, Time: 144.1s
2026-04-24 21:41:26,541 [INFO] pcrl.training.trainer:   Task 'income' accuracy: 0.5882
2026-04-24 21:41:26,541 [INFO] pcrl.training.trainer:   Task 'hours_band' accuracy: 0.5466
2026-04-24 21:41:26,541 [INFO] pcrl.training.trainer:   Task 'education_level' accuracy: 0.3866
2026-04-24 21:41:26,541 [INFO] pcrl.training.trainer:   Auditor 'race' accuracy: 0.6184
2026-04-24 21:41:26,541 [INFO] pcrl.training.trainer:   Auditor 'sex' accuracy: 0.5281
2026-04-24 21:41:26,541 [INFO] pcrl.training.trainer:   Auditor 'age_group' accuracy: 0.4156
2026-04-24 21:41:26,541 [INFO] pcrl.training.trainer:   Auditor 'marital_status' accuracy: 0.5239
2026-04-24 21:41:26,541 [INFO] pcrl.training.trainer:   Auditor 'income' accuracy: 0.5882
2026-04-24 21:41:27,798 [INFO] pcrl.training.trainer: [VAL] Epoch 30 - Loss: 377.1048, Task: 3.1606, Adv: 7.4789, Verify: 0.0000, Time: 1.3s
2026-04-24 21:41:27,798 [INFO] pcrl.training.trainer:   Task 'income' accuracy: 0.5910
2026-04-24 21:41:27,798 [INFO] pcrl.training.trainer:   Task 'hours_band' accuracy: 0.5423
2026-04-24 21:41:27,798 [INFO] pcrl.training.trainer:   Task 'education_level' accuracy: 0.3866
2026-04-24 21:41:27,798 [INFO] pcrl.training.trainer:   Auditor 'race' accuracy: 0.6201
2026-04-24 21:41:27,798 [INFO] pcrl.training.trainer:   Auditor 'sex' accuracy: 0.5278
2026-04-24 21:41:27,798 [INFO] pcrl.training.trainer:   Auditor 'age_group' accuracy: 0.4141
2026-04-24 21:41:27,798 [INFO] pcrl.training.trainer:   Auditor 'marital_status' accuracy: 0.5266
2026-04-24 21:41:27,798 [INFO] pcrl.training.trainer:   Auditor 'income' accuracy: 0.5910
2026-04-24 21:41:39,506 [INFO] pcrl.training.trainer: Epoch 31 [50/612] Loss: -369.5011 Task: 3.1059 Adv: -7.4521 Verify: 0.0000
2026-04-24 21:41:51,371 [INFO] pcrl.training.trainer: Epoch 31 [100/612] Loss: -373.4931 Task: 3.2168 Adv: -7.5342 Verify: 0.0000
2026-04-24 21:42:03,314 [INFO] pcrl.training.trainer: Epoch 31 [150/612] Loss: -366.6072 Task: 3.1018 Adv: -7.3942 Verify: 0.0000
2026-04-24 21:42:15,021 [INFO] pcrl.training.trainer: Epoch 31 [200/612] Loss: -373.4275 Task: 3.1070 Adv: -7.5307 Verify: 0.0000
2026-04-24 21:42:26,648 [INFO] pcrl.training.trainer: Epoch 31 [250/612] Loss: -372.7127 Task: 3.1880 Adv: -7.5180 Verify: 0.0000
2026-04-24 21:42:38,747 [INFO] pcrl.training.trainer: Epoch 31 [300/612] Loss: -374.1853 Task: 3.1114 Adv: -7.5459 Verify: 0.0000
2026-04-24 21:42:50,431 [INFO] pcrl.training.trainer: Epoch 31 [350/612] Loss: -370.7591 Task: 3.1221 Adv: -7.4776 Verify: 0.0000
2026-04-24 21:43:02,221 [INFO] pcrl.training.trainer: Epoch 31 [400/612] Loss: -369.5889 Task: 3.1622 Adv: -7.4550 Verify: 0.0000
2026-04-24 21:43:13,801 [INFO] pcrl.training.trainer: Epoch 31 [450/612] Loss: -367.8818 Task: 3.1415 Adv: -7.4205 Verify: 0.0000
2026-04-24 21:43:25,538 [INFO] pcrl.training.trainer: Epoch 31 [500/612] Loss: -370.9604 Task: 3.2129 Adv: -7.4835 Verify: 0.0000
2026-04-24 21:43:37,036 [INFO] pcrl.training.trainer: Epoch 31 [550/612] Loss: -371.9464 Task: 3.1896 Adv: -7.5027 Verify: 0.0000
2026-04-24 21:43:48,646 [INFO] pcrl.training.trainer: Epoch 31 [600/612] Loss: -372.1760 Task: 3.2267 Adv: -7.5081 Verify: 0.0000
2026-04-24 21:43:51,527 [INFO] pcrl.training.trainer: [TRAIN] Epoch 31 - Loss: -371.2104, Task: 3.1530, Adv: -7.4873, Verify: 0.0000, Time: 143.7s
2026-04-24 21:43:51,527 [INFO] pcrl.training.trainer:   Task 'income' accuracy: 0.5882
2026-04-24 21:43:51,527 [INFO] pcrl.training.trainer:   Task 'hours_band' accuracy: 0.5466
2026-04-24 21:43:51,527 [INFO] pcrl.training.trainer:   Task 'education_level' accuracy: 0.3866
2026-04-24 21:43:51,527 [INFO] pcrl.training.trainer:   Auditor 'race' accuracy: 0.6184
2026-04-24 21:43:51,527 [INFO] pcrl.training.trainer:   Auditor 'sex' accuracy: 0.5280
2026-04-24 21:43:51,527 [INFO] pcrl.training.trainer:   Auditor 'age_group' accuracy: 0.4158
2026-04-24 21:43:51,527 [INFO] pcrl.training.trainer:   Auditor 'marital_status' accuracy: 0.5239
2026-04-24 21:43:51,527 [INFO] pcrl.training.trainer:   Auditor 'income' accuracy: 0.5882
2026-04-24 21:43:52,775 [INFO] pcrl.training.trainer: [VAL] Epoch 31 - Loss: 377.3624, Task: 3.1606, Adv: 7.4840, Verify: 0.0000, Time: 1.2s
2026-04-24 21:43:52,775 [INFO] pcrl.training.trainer:   Task 'income' accuracy: 0.5910
2026-04-24 21:43:52,775 [INFO] pcrl.training.trainer:   Task 'hours_band' accuracy: 0.5423
2026-04-24 21:43:52,775 [INFO] pcrl.training.trainer:   Task 'education_level' accuracy: 0.3866
2026-04-24 21:43:52,775 [INFO] pcrl.training.trainer:   Auditor 'race' accuracy: 0.6201
2026-04-24 21:43:52,775 [INFO] pcrl.training.trainer:   Auditor 'sex' accuracy: 0.4722
2026-04-24 21:43:52,775 [INFO] pcrl.training.trainer:   Auditor 'age_group' accuracy: 0.4141
2026-04-24 21:43:52,775 [INFO] pcrl.training.trainer:   Auditor 'marital_status' accuracy: 0.5266
2026-04-24 21:43:52,775 [INFO] pcrl.training.trainer:   Auditor 'income' accuracy: 0.5910
2026-04-24 21:44:04,431 [INFO] pcrl.training.trainer: Epoch 32 [50/612] Loss: -373.1268 Task: 3.0659 Adv: -7.5239 Verify: 0.0000
2026-04-24 21:44:16,028 [INFO] pcrl.training.trainer: Epoch 32 [100/612] Loss: -369.7339 Task: 3.1371 Adv: -7.4574 Verify: 0.0000
2026-04-24 21:44:28,100 [INFO] pcrl.training.trainer: Epoch 32 [150/612] Loss: -371.2604 Task: 3.1375 Adv: -7.4880 Verify: 0.0000
2026-04-24 21:44:40,512 [INFO] pcrl.training.trainer: Epoch 32 [200/612] Loss: -370.7769 Task: 3.1863 Adv: -7.4793 Verify: 0.0000
2026-04-24 21:44:52,063 [INFO] pcrl.training.trainer: Epoch 32 [250/612] Loss: -371.2280 Task: 3.1516 Adv: -7.4876 Verify: 0.0000
2026-04-24 21:45:03,733 [INFO] pcrl.training.trainer: Epoch 32 [300/612] Loss: -371.1708 Task: 3.2582 Adv: -7.4886 Verify: 0.0000
2026-04-24 21:45:15,520 [INFO] pcrl.training.trainer: Epoch 32 [350/612] Loss: -373.6078 Task: 3.1889 Adv: -7.5359 Verify: 0.0000
2026-04-24 21:45:27,195 [INFO] pcrl.training.trainer: Epoch 32 [400/612] Loss: -370.9398 Task: 3.1858 Adv: -7.4825 Verify: 0.0000
2026-04-24 21:45:39,169 [INFO] pcrl.training.trainer: Epoch 32 [450/612] Loss: -370.6271 Task: 3.1983 Adv: -7.4765 Verify: 0.0000
2026-04-24 21:45:50,972 [INFO] pcrl.training.trainer: Epoch 32 [500/612] Loss: -372.3797 Task: 3.1440 Adv: -7.5105 Verify: 0.0000
2026-04-24 21:46:02,828 [INFO] pcrl.training.trainer: Epoch 32 [550/612] Loss: -374.7575 Task: 3.1202 Adv: -7.5576 Verify: 0.0000
2026-04-24 21:46:14,945 [INFO] pcrl.training.trainer: Epoch 32 [600/612] Loss: -371.4498 Task: 3.1484 Adv: -7.4920 Verify: 0.0000
2026-04-24 21:46:17,821 [INFO] pcrl.training.trainer: [TRAIN] Epoch 32 - Loss: -371.2824, Task: 3.1529, Adv: -7.4887, Verify: 0.0000, Time: 145.0s
2026-04-24 21:46:17,821 [INFO] pcrl.training.trainer:   Task 'income' accuracy: 0.5882
2026-04-24 21:46:17,821 [INFO] pcrl.training.trainer:   Task 'hours_band' accuracy: 0.5466
2026-04-24 21:46:17,821 [INFO] pcrl.training.trainer:   Task 'education_level' accuracy: 0.3866
2026-04-24 21:46:17,821 [INFO] pcrl.training.trainer:   Auditor 'race' accuracy: 0.6184
2026-04-24 21:46:17,821 [INFO] pcrl.training.trainer:   Auditor 'sex' accuracy: 0.5280
2026-04-24 21:46:17,821 [INFO] pcrl.training.trainer:   Auditor 'age_group' accuracy: 0.4157
2026-04-24 21:46:17,821 [INFO] pcrl.training.trainer:   Auditor 'marital_status' accuracy: 0.5240
2026-04-24 21:46:17,821 [INFO] pcrl.training.trainer:   Auditor 'income' accuracy: 0.5882
2026-04-24 21:46:18,940 [INFO] pcrl.training.trainer: [VAL] Epoch 32 - Loss: 377.0966, Task: 3.1607, Adv: 7.4787, Verify: 0.0000, Time: 1.1s
2026-04-24 21:46:18,940 [INFO] pcrl.training.trainer:   Task 'income' accuracy: 0.5910
2026-04-24 21:46:18,940 [INFO] pcrl.training.trainer:   Task 'hours_band' accuracy: 0.5423
2026-04-24 21:46:18,940 [INFO] pcrl.training.trainer:   Task 'education_level' accuracy: 0.3866
2026-04-24 21:46:18,940 [INFO] pcrl.training.trainer:   Auditor 'race' accuracy: 0.6201
2026-04-24 21:46:18,940 [INFO] pcrl.training.trainer:   Auditor 'sex' accuracy: 0.5278
2026-04-24 21:46:18,940 [INFO] pcrl.training.trainer:   Auditor 'age_group' accuracy: 0.4141
2026-04-24 21:46:18,940 [INFO] pcrl.training.trainer:   Auditor 'marital_status' accuracy: 0.5266
2026-04-24 21:46:18,940 [INFO] pcrl.training.trainer:   Auditor 'income' accuracy: 0.5910
2026-04-24 21:46:30,930 [INFO] pcrl.training.trainer: Epoch 33 [50/612] Loss: -367.1932 Task: 3.0967 Adv: -7.4058 Verify: 0.0000
2026-04-24 21:46:42,930 [INFO] pcrl.training.trainer: Epoch 33 [100/612] Loss: -371.3983 Task: 3.0891 Adv: -7.4897 Verify: 0.0000
2026-04-24 21:46:54,797 [INFO] pcrl.training.trainer: Epoch 33 [150/612] Loss: -372.7143 Task: 3.1321 Adv: -7.5169 Verify: 0.0000
2026-04-24 21:47:06,793 [INFO] pcrl.training.trainer: Epoch 33 [200/612] Loss: -372.1922 Task: 3.1461 Adv: -7.5068 Verify: 0.0000
2026-04-24 21:47:18,417 [INFO] pcrl.training.trainer: Epoch 33 [250/612] Loss: -370.2560 Task: 3.0916 Adv: -7.4670 Verify: 0.0000
2026-04-24 21:47:30,020 [INFO] pcrl.training.trainer: Epoch 33 [300/612] Loss: -376.2619 Task: 3.1396 Adv: -7.5880 Verify: 0.0000
2026-04-24 21:47:41,592 [INFO] pcrl.training.trainer: Epoch 33 [350/612] Loss: -371.4595 Task: 3.1716 Adv: -7.4926 Verify: 0.0000
2026-04-24 21:47:53,200 [INFO] pcrl.training.trainer: Epoch 33 [400/612] Loss: -370.5566 Task: 3.1243 Adv: -7.4736 Verify: 0.0000
2026-04-24 21:48:04,852 [INFO] pcrl.training.trainer: Epoch 33 [450/612] Loss: -370.9564 Task: 3.0959 Adv: -7.4810 Verify: 0.0000
2026-04-24 21:48:16,182 [INFO] pcrl.training.trainer: Epoch 33 [500/612] Loss: -374.5542 Task: 3.2052 Adv: -7.5552 Verify: 0.0000
2026-04-24 21:48:27,929 [INFO] pcrl.training.trainer: Epoch 33 [550/612] Loss: -374.5032 Task: 3.1499 Adv: -7.5531 Verify: 0.0000
2026-04-24 21:48:39,534 [INFO] pcrl.training.trainer: Epoch 33 [600/612] Loss: -367.5857 Task: 3.1419 Adv: -7.4146 Verify: 0.0000
2026-04-24 21:48:42,307 [INFO] pcrl.training.trainer: [TRAIN] Epoch 33 - Loss: -371.2813, Task: 3.1528, Adv: -7.4887, Verify: 0.0000, Time: 143.4s
2026-04-24 21:48:42,307 [INFO] pcrl.training.trainer:   Task 'income' accuracy: 0.5882
2026-04-24 21:48:42,307 [INFO] pcrl.training.trainer:   Task 'hours_band' accuracy: 0.5466
2026-04-24 21:48:42,307 [INFO] pcrl.training.trainer:   Task 'education_level' accuracy: 0.3866
2026-04-24 21:48:42,307 [INFO] pcrl.training.trainer:   Auditor 'race' accuracy: 0.6184
2026-04-24 21:48:42,307 [INFO] pcrl.training.trainer:   Auditor 'sex' accuracy: 0.5280
2026-04-24 21:48:42,307 [INFO] pcrl.training.trainer:   Auditor 'age_group' accuracy: 0.4156
2026-04-24 21:48:42,307 [INFO] pcrl.training.trainer:   Auditor 'marital_status' accuracy: 0.5234
2026-04-24 21:48:42,307 [INFO] pcrl.training.trainer:   Auditor 'income' accuracy: 0.5882
2026-04-24 21:48:43,468 [INFO] pcrl.training.trainer: [VAL] Epoch 33 - Loss: 377.1223, Task: 3.1607, Adv: 7.4792, Verify: 0.0000, Time: 1.2s
2026-04-24 21:48:43,468 [INFO] pcrl.training.trainer:   Task 'income' accuracy: 0.5910
2026-04-24 21:48:43,468 [INFO] pcrl.training.trainer:   Task 'hours_band' accuracy: 0.5423
2026-04-24 21:48:43,468 [INFO] pcrl.training.trainer:   Task 'education_level' accuracy: 0.3866
2026-04-24 21:48:43,468 [INFO] pcrl.training.trainer:   Auditor 'race' accuracy: 0.6201
2026-04-24 21:48:43,468 [INFO] pcrl.training.trainer:   Auditor 'sex' accuracy: 0.5278
2026-04-24 21:48:43,468 [INFO] pcrl.training.trainer:   Auditor 'age_group' accuracy: 0.4141
2026-04-24 21:48:43,468 [INFO] pcrl.training.trainer:   Auditor 'marital_status' accuracy: 0.5266
2026-04-24 21:48:43,468 [INFO] pcrl.training.trainer:   Auditor 'income' accuracy: 0.5910
2026-04-24 21:48:56,222 [INFO] pcrl.training.trainer: Epoch 34 [50/612] Loss: -370.2685 Task: 3.1079 Adv: -7.4675 Verify: 0.0000
2026-04-24 21:49:07,741 [INFO] pcrl.training.trainer: Epoch 34 [100/612] Loss: -370.3510 Task: 3.1444 Adv: -7.4699 Verify: 0.0000
2026-04-24 21:49:19,592 [INFO] pcrl.training.trainer: Epoch 34 [150/612] Loss: -372.0771 Task: 3.0693 Adv: -7.5029 Verify: 0.0000
2026-04-24 21:49:31,308 [INFO] pcrl.training.trainer: Epoch 34 [200/612] Loss: -368.6021 Task: 3.1445 Adv: -7.4349 Verify: 0.0000
2026-04-24 21:49:42,950 [INFO] pcrl.training.trainer: Epoch 34 [250/612] Loss: -371.8325 Task: 3.1395 Adv: -7.4994 Verify: 0.0000
2026-04-24 21:49:54,704 [INFO] pcrl.training.trainer: Epoch 34 [300/612] Loss: -370.3664 Task: 3.1006 Adv: -7.4693 Verify: 0.0000
2026-04-24 21:50:06,411 [INFO] pcrl.training.trainer: Epoch 34 [350/612] Loss: -371.1008 Task: 3.1637 Adv: -7.4853 Verify: 0.0000
2026-04-24 21:50:18,124 [INFO] pcrl.training.trainer: Epoch 34 [400/612] Loss: -370.7472 Task: 3.1093 Adv: -7.4771 Verify: 0.0000
2026-04-24 21:50:30,053 [INFO] pcrl.training.trainer: Epoch 34 [450/612] Loss: -370.9305 Task: 3.1332 Adv: -7.4813 Verify: 0.0000
2026-04-24 21:50:41,880 [INFO] pcrl.training.trainer: Epoch 34 [500/612] Loss: -375.8265 Task: 3.1075 Adv: -7.5787 Verify: 0.0000
2026-04-24 21:50:53,717 [INFO] pcrl.training.trainer: Epoch 34 [550/612] Loss: -371.8753 Task: 3.2170 Adv: -7.5018 Verify: 0.0000
2026-04-24 21:51:05,682 [INFO] pcrl.training.trainer: Epoch 34 [600/612] Loss: -373.6011 Task: 3.1901 Adv: -7.5358 Verify: 0.0000
2026-04-24 21:51:08,727 [INFO] pcrl.training.trainer: [TRAIN] Epoch 34 - Loss: -371.2956, Task: 3.1529, Adv: -7.4890, Verify: 0.0000, Time: 145.3s
2026-04-24 21:51:08,727 [INFO] pcrl.training.trainer:   Task 'income' accuracy: 0.5882
2026-04-24 21:51:08,727 [INFO] pcrl.training.trainer:   Task 'hours_band' accuracy: 0.5466
2026-04-24 21:51:08,727 [INFO] pcrl.training.trainer:   Task 'education_level' accuracy: 0.3866
2026-04-24 21:51:08,727 [INFO] pcrl.training.trainer:   Auditor 'race' accuracy: 0.6184
2026-04-24 21:51:08,727 [INFO] pcrl.training.trainer:   Auditor 'sex' accuracy: 0.5281
2026-04-24 21:51:08,727 [INFO] pcrl.training.trainer:   Auditor 'age_group' accuracy: 0.4159
2026-04-24 21:51:08,727 [INFO] pcrl.training.trainer:   Auditor 'marital_status' accuracy: 0.5238
2026-04-24 21:51:08,727 [INFO] pcrl.training.trainer:   Auditor 'income' accuracy: 0.5882
2026-04-24 21:51:09,819 [INFO] pcrl.training.trainer: [VAL] Epoch 34 - Loss: 377.3549, Task: 3.1608, Adv: 7.4839, Verify: 0.0000, Time: 1.1s
2026-04-24 21:51:09,819 [INFO] pcrl.training.trainer:   Task 'income' accuracy: 0.5910
2026-04-24 21:51:09,819 [INFO] pcrl.training.trainer:   Task 'hours_band' accuracy: 0.5423
2026-04-24 21:51:09,819 [INFO] pcrl.training.trainer:   Task 'education_level' accuracy: 0.3866
2026-04-24 21:51:09,819 [INFO] pcrl.training.trainer:   Auditor 'race' accuracy: 0.6201
2026-04-24 21:51:09,819 [INFO] pcrl.training.trainer:   Auditor 'sex' accuracy: 0.5278
2026-04-24 21:51:09,819 [INFO] pcrl.training.trainer:   Auditor 'age_group' accuracy: 0.4141
2026-04-24 21:51:09,819 [INFO] pcrl.training.trainer:   Auditor 'marital_status' accuracy: 0.5266
2026-04-24 21:51:09,819 [INFO] pcrl.training.trainer:   Auditor 'income' accuracy: 0.5910
2026-04-24 21:51:21,707 [INFO] pcrl.training.trainer: Epoch 35 [50/612] Loss: -374.8153 Task: 3.2029 Adv: -7.5604 Verify: 0.0000
2026-04-24 21:51:33,320 [INFO] pcrl.training.trainer: Epoch 35 [100/612] Loss: -365.9926 Task: 3.1000 Adv: -7.3819 Verify: 0.0000
2026-04-24 21:51:45,351 [INFO] pcrl.training.trainer: Epoch 35 [150/612] Loss: -373.6148 Task: 3.1730 Adv: -7.5358 Verify: 0.0000
2026-04-24 21:51:57,092 [INFO] pcrl.training.trainer: Epoch 35 [200/612] Loss: -368.1641 Task: 3.1560 Adv: -7.4264 Verify: 0.0000
2026-04-24 21:52:08,780 [INFO] pcrl.training.trainer: Epoch 35 [250/612] Loss: -369.9442 Task: 3.1246 Adv: -7.4614 Verify: 0.0000
2026-04-24 21:52:20,334 [INFO] pcrl.training.trainer: Epoch 35 [300/612] Loss: -372.3438 Task: 3.1876 Adv: -7.5106 Verify: 0.0000
2026-04-24 21:52:32,013 [INFO] pcrl.training.trainer: Epoch 35 [350/612] Loss: -374.5461 Task: 3.1855 Adv: -7.5546 Verify: 0.0000
2026-04-24 21:52:43,727 [INFO] pcrl.training.trainer: Epoch 35 [400/612] Loss: -369.5548 Task: 3.1782 Adv: -7.4547 Verify: 0.0000
2026-04-24 21:52:55,501 [INFO] pcrl.training.trainer: Epoch 35 [450/612] Loss: -371.1190 Task: 3.2027 Adv: -7.4864 Verify: 0.0000
2026-04-24 21:53:07,242 [INFO] pcrl.training.trainer: Epoch 35 [500/612] Loss: -374.3854 Task: 3.1185 Adv: -7.5501 Verify: 0.0000
2026-04-24 21:53:19,141 [INFO] pcrl.training.trainer: Epoch 35 [550/612] Loss: -370.9115 Task: 3.1212 Adv: -7.4807 Verify: 0.0000
2026-04-24 21:53:31,043 [INFO] pcrl.training.trainer: Epoch 35 [600/612] Loss: -375.8928 Task: 3.1906 Adv: -7.5817 Verify: 0.0000
2026-04-24 21:53:33,859 [INFO] pcrl.training.trainer: [TRAIN] Epoch 35 - Loss: -371.3228, Task: 3.1528, Adv: -7.4895, Verify: 0.0000, Time: 144.0s
2026-04-24 21:53:33,859 [INFO] pcrl.training.trainer:   Task 'income' accuracy: 0.5882
2026-04-24 21:53:33,859 [INFO] pcrl.training.trainer:   Task 'hours_band' accuracy: 0.5466
2026-04-24 21:53:33,859 [INFO] pcrl.training.trainer:   Task 'education_level' accuracy: 0.3866
2026-04-24 21:53:33,859 [INFO] pcrl.training.trainer:   Auditor 'race' accuracy: 0.6184
2026-04-24 21:53:33,859 [INFO] pcrl.training.trainer:   Auditor 'sex' accuracy: 0.5279
2026-04-24 21:53:33,859 [INFO] pcrl.training.trainer:   Auditor 'age_group' accuracy: 0.4162
2026-04-24 21:53:33,860 [INFO] pcrl.training.trainer:   Auditor 'marital_status' accuracy: 0.5238
2026-04-24 21:53:33,860 [INFO] pcrl.training.trainer:   Auditor 'income' accuracy: 0.5882
2026-04-24 21:53:34,947 [INFO] pcrl.training.trainer: [VAL] Epoch 35 - Loss: 377.0718, Task: 3.1607, Adv: 7.4782, Verify: 0.0000, Time: 1.1s
2026-04-24 21:53:34,947 [INFO] pcrl.training.trainer:   Task 'income' accuracy: 0.5910
2026-04-24 21:53:34,947 [INFO] pcrl.training.trainer:   Task 'hours_band' accuracy: 0.5423
2026-04-24 21:53:34,947 [INFO] pcrl.training.trainer:   Task 'education_level' accuracy: 0.3866
2026-04-24 21:53:34,947 [INFO] pcrl.training.trainer:   Auditor 'race' accuracy: 0.6201
2026-04-24 21:53:34,947 [INFO] pcrl.training.trainer:   Auditor 'sex' accuracy: 0.5278
2026-04-24 21:53:34,947 [INFO] pcrl.training.trainer:   Auditor 'age_group' accuracy: 0.4141
2026-04-24 21:53:34,947 [INFO] pcrl.training.trainer:   Auditor 'marital_status' accuracy: 0.5266
2026-04-24 21:53:34,947 [INFO] pcrl.training.trainer:   Auditor 'income' accuracy: 0.5910
2026-04-24 21:53:46,814 [INFO] pcrl.training.trainer: Epoch 36 [50/612] Loss: -371.3077 Task: 3.1350 Adv: -7.4889 Verify: 0.0000
2026-04-24 21:53:58,264 [INFO] pcrl.training.trainer: Epoch 36 [100/612] Loss: -372.7726 Task: 3.1711 Adv: -7.5189 Verify: 0.0000
2026-04-24 21:54:10,138 [INFO] pcrl.training.trainer: Epoch 36 [150/612] Loss: -376.5127 Task: 3.1865 Adv: -7.5940 Verify: 0.0000
2026-04-24 21:54:21,779 [INFO] pcrl.training.trainer: Epoch 36 [200/612] Loss: -370.3001 Task: 3.2212 Adv: -7.4704 Verify: 0.0000
2026-04-24 21:54:33,487 [INFO] pcrl.training.trainer: Epoch 36 [250/612] Loss: -368.1185 Task: 3.1194 Adv: -7.4248 Verify: 0.0000
2026-04-24 21:54:45,110 [INFO] pcrl.training.trainer: Epoch 36 [300/612] Loss: -373.5560 Task: 3.2417 Adv: -7.5360 Verify: 0.0000
2026-04-24 21:54:56,889 [INFO] pcrl.training.trainer: Epoch 36 [350/612] Loss: -372.2943 Task: 3.1431 Adv: -7.5087 Verify: 0.0000
2026-04-24 21:55:08,574 [INFO] pcrl.training.trainer: Epoch 36 [400/612] Loss: -368.7631 Task: 3.1562 Adv: -7.4384 Verify: 0.0000
2026-04-24 21:55:20,323 [INFO] pcrl.training.trainer: Epoch 36 [450/612] Loss: -367.0659 Task: 3.2072 Adv: -7.4055 Verify: 0.0000
2026-04-24 21:55:33,216 [INFO] pcrl.training.trainer: Epoch 36 [500/612] Loss: -367.3990 Task: 3.1090 Adv: -7.4102 Verify: 0.0000
2026-04-24 21:55:45,298 [INFO] pcrl.training.trainer: Epoch 36 [550/612] Loss: -375.0891 Task: 3.1192 Adv: -7.5642 Verify: 0.0000
2026-04-24 21:55:57,125 [INFO] pcrl.training.trainer: Epoch 36 [600/612] Loss: -376.9377 Task: 3.1436 Adv: -7.6016 Verify: 0.0000
2026-04-24 21:55:59,906 [INFO] pcrl.training.trainer: [TRAIN] Epoch 36 - Loss: -371.2448, Task: 3.1529, Adv: -7.4880, Verify: 0.0000, Time: 145.0s
2026-04-24 21:55:59,907 [INFO] pcrl.training.trainer:   Task 'income' accuracy: 0.5882
2026-04-24 21:55:59,907 [INFO] pcrl.training.trainer:   Task 'hours_band' accuracy: 0.5466
2026-04-24 21:55:59,907 [INFO] pcrl.training.trainer:   Task 'education_level' accuracy: 0.3866
2026-04-24 21:55:59,907 [INFO] pcrl.training.trainer:   Auditor 'race' accuracy: 0.6184
2026-04-24 21:55:59,907 [INFO] pcrl.training.trainer:   Auditor 'sex' accuracy: 0.5283
2026-04-24 21:55:59,907 [INFO] pcrl.training.trainer:   Auditor 'age_group' accuracy: 0.4156
2026-04-24 21:55:59,907 [INFO] pcrl.training.trainer:   Auditor 'marital_status' accuracy: 0.5237
2026-04-24 21:55:59,907 [INFO] pcrl.training.trainer:   Auditor 'income' accuracy: 0.5882
2026-04-24 21:56:01,130 [INFO] pcrl.training.trainer: [VAL] Epoch 36 - Loss: 377.2527, Task: 3.1607, Adv: 7.4818, Verify: 0.0000, Time: 1.2s
2026-04-24 21:56:01,130 [INFO] pcrl.training.trainer:   Task 'income' accuracy: 0.5910
2026-04-24 21:56:01,130 [INFO] pcrl.training.trainer:   Task 'hours_band' accuracy: 0.5423
2026-04-24 21:56:01,130 [INFO] pcrl.training.trainer:   Task 'education_level' accuracy: 0.3866
2026-04-24 21:56:01,130 [INFO] pcrl.training.trainer:   Auditor 'race' accuracy: 0.6201
2026-04-24 21:56:01,130 [INFO] pcrl.training.trainer:   Auditor 'sex' accuracy: 0.5278
2026-04-24 21:56:01,130 [INFO] pcrl.training.trainer:   Auditor 'age_group' accuracy: 0.4141
2026-04-24 21:56:01,130 [INFO] pcrl.training.trainer:   Auditor 'marital_status' accuracy: 0.5266
2026-04-24 21:56:01,130 [INFO] pcrl.training.trainer:   Auditor 'income' accuracy: 0.5910
2026-04-24 21:56:12,752 [INFO] pcrl.training.trainer: Epoch 37 [50/612] Loss: -371.3228 Task: 3.0939 Adv: -7.4883 Verify: 0.0000
2026-04-24 21:56:24,167 [INFO] pcrl.training.trainer: Epoch 37 [100/612] Loss: -373.0251 Task: 3.2309 Adv: -7.5251 Verify: 0.0000
2026-04-24 21:56:35,620 [INFO] pcrl.training.trainer: Epoch 37 [150/612] Loss: -372.3357 Task: 3.0976 Adv: -7.5087 Verify: 0.0000
2026-04-24 21:56:47,211 [INFO] pcrl.training.trainer: Epoch 37 [200/612] Loss: -370.9802 Task: 3.1598 Adv: -7.4828 Verify: 0.0000
2026-04-24 21:56:58,951 [INFO] pcrl.training.trainer: Epoch 37 [250/612] Loss: -371.1597 Task: 3.2026 Adv: -7.4872 Verify: 0.0000
2026-04-24 21:57:10,633 [INFO] pcrl.training.trainer: Epoch 37 [300/612] Loss: -370.2855 Task: 3.1098 Adv: -7.4679 Verify: 0.0000
2026-04-24 21:57:22,404 [INFO] pcrl.training.trainer: Epoch 37 [350/612] Loss: -368.5393 Task: 3.1357 Adv: -7.4335 Verify: 0.0000
2026-04-24 21:57:34,478 [INFO] pcrl.training.trainer: Epoch 37 [400/612] Loss: -372.4046 Task: 3.1546 Adv: -7.5112 Verify: 0.0000
2026-04-24 21:57:46,665 [INFO] pcrl.training.trainer: Epoch 37 [450/612] Loss: -370.9903 Task: 3.1199 Adv: -7.4822 Verify: 0.0000
2026-04-24 21:57:58,723 [INFO] pcrl.training.trainer: Epoch 37 [500/612] Loss: -372.7050 Task: 3.1669 Adv: -7.5174 Verify: 0.0000
2026-04-24 21:58:10,551 [INFO] pcrl.training.trainer: Epoch 37 [550/612] Loss: -373.4079 Task: 3.1626 Adv: -7.5314 Verify: 0.0000
2026-04-24 21:58:22,046 [INFO] pcrl.training.trainer: Epoch 37 [600/612] Loss: -373.3849 Task: 3.1629 Adv: -7.5310 Verify: 0.0000
2026-04-24 21:58:24,804 [INFO] pcrl.training.trainer: [TRAIN] Epoch 37 - Loss: -371.3564, Task: 3.1529, Adv: -7.4902, Verify: 0.0000, Time: 143.7s
2026-04-24 21:58:24,804 [INFO] pcrl.training.trainer:   Task 'income' accuracy: 0.5882
2026-04-24 21:58:24,804 [INFO] pcrl.training.trainer:   Task 'hours_band' accuracy: 0.5466
2026-04-24 21:58:24,804 [INFO] pcrl.training.trainer:   Task 'education_level' accuracy: 0.3866
2026-04-24 21:58:24,804 [INFO] pcrl.training.trainer:   Auditor 'race' accuracy: 0.6184
2026-04-24 21:58:24,804 [INFO] pcrl.training.trainer:   Auditor 'sex' accuracy: 0.5281
2026-04-24 21:58:24,804 [INFO] pcrl.training.trainer:   Auditor 'age_group' accuracy: 0.4157
2026-04-24 21:58:24,804 [INFO] pcrl.training.trainer:   Auditor 'marital_status' accuracy: 0.5235
2026-04-24 21:58:24,804 [INFO] pcrl.training.trainer:   Auditor 'income' accuracy: 0.5882
2026-04-24 21:58:26,020 [INFO] pcrl.training.trainer: [VAL] Epoch 37 - Loss: 377.0761, Task: 3.1607, Adv: 7.4783, Verify: 0.0000, Time: 1.2s
2026-04-24 21:58:26,020 [INFO] pcrl.training.trainer:   Task 'income' accuracy: 0.5910
2026-04-24 21:58:26,021 [INFO] pcrl.training.trainer:   Task 'hours_band' accuracy: 0.5423
2026-04-24 21:58:26,021 [INFO] pcrl.training.trainer:   Task 'education_level' accuracy: 0.3866
2026-04-24 21:58:26,021 [INFO] pcrl.training.trainer:   Auditor 'race' accuracy: 0.6201
2026-04-24 21:58:26,021 [INFO] pcrl.training.trainer:   Auditor 'sex' accuracy: 0.5278
2026-04-24 21:58:26,021 [INFO] pcrl.training.trainer:   Auditor 'age_group' accuracy: 0.4141
2026-04-24 21:58:26,021 [INFO] pcrl.training.trainer:   Auditor 'marital_status' accuracy: 0.5266
2026-04-24 21:58:26,021 [INFO] pcrl.training.trainer:   Auditor 'income' accuracy: 0.5910
2026-04-24 21:58:37,625 [INFO] pcrl.training.trainer: Epoch 38 [50/612] Loss: -373.2776 Task: 3.1865 Adv: -7.5293 Verify: 0.0000
2026-04-24 21:58:49,421 [INFO] pcrl.training.trainer: Epoch 38 [100/612] Loss: -371.3817 Task: 3.0569 Adv: -7.4888 Verify: 0.0000
2026-04-24 21:59:01,071 [INFO] pcrl.training.trainer: Epoch 38 [150/612] Loss: -372.1981 Task: 3.2020 Adv: -7.5080 Verify: 0.0000
2026-04-24 21:59:12,898 [INFO] pcrl.training.trainer: Epoch 38 [200/612] Loss: -373.3691 Task: 3.1802 Adv: -7.5310 Verify: 0.0000
2026-04-24 21:59:24,610 [INFO] pcrl.training.trainer: Epoch 38 [250/612] Loss: -374.5944 Task: 3.0113 Adv: -7.5521 Verify: 0.0000
2026-04-24 21:59:36,186 [INFO] pcrl.training.trainer: Epoch 38 [300/612] Loss: -369.4240 Task: 3.1144 Adv: -7.4508 Verify: 0.0000
2026-04-24 21:59:47,836 [INFO] pcrl.training.trainer: Epoch 38 [350/612] Loss: -368.9288 Task: 3.2587 Adv: -7.4438 Verify: 0.0000
2026-04-24 21:59:59,473 [INFO] pcrl.training.trainer: Epoch 38 [400/612] Loss: -371.5997 Task: 3.1488 Adv: -7.4950 Verify: 0.0000
2026-04-24 22:00:11,227 [INFO] pcrl.training.trainer: Epoch 38 [450/612] Loss: -369.5823 Task: 3.1053 Adv: -7.4538 Verify: 0.0000
2026-04-24 22:00:23,036 [INFO] pcrl.training.trainer: Epoch 38 [500/612] Loss: -376.1421 Task: 3.1318 Adv: -7.5855 Verify: 0.0000
2026-04-24 22:00:34,795 [INFO] pcrl.training.trainer: Epoch 38 [550/612] Loss: -372.4962 Task: 3.0773 Adv: -7.5115 Verify: 0.0000
2026-04-24 22:00:46,168 [INFO] pcrl.training.trainer: Epoch 38 [600/612] Loss: -368.7535 Task: 3.1558 Adv: -7.4382 Verify: 0.0000
2026-04-24 22:00:48,898 [INFO] pcrl.training.trainer: [TRAIN] Epoch 38 - Loss: -371.2161, Task: 3.1529, Adv: -7.4874, Verify: 0.0000, Time: 142.9s
2026-04-24 22:00:48,898 [INFO] pcrl.training.trainer:   Task 'income' accuracy: 0.5882
2026-04-24 22:00:48,898 [INFO] pcrl.training.trainer:   Task 'hours_band' accuracy: 0.5466
2026-04-24 22:00:48,898 [INFO] pcrl.training.trainer:   Task 'education_level' accuracy: 0.3866
2026-04-24 22:00:48,898 [INFO] pcrl.training.trainer:   Auditor 'race' accuracy: 0.6184
2026-04-24 22:00:48,898 [INFO] pcrl.training.trainer:   Auditor 'sex' accuracy: 0.5279
2026-04-24 22:00:48,898 [INFO] pcrl.training.trainer:   Auditor 'age_group' accuracy: 0.4159
2026-04-24 22:00:48,899 [INFO] pcrl.training.trainer:   Auditor 'marital_status' accuracy: 0.5239
2026-04-24 22:00:48,899 [INFO] pcrl.training.trainer:   Auditor 'income' accuracy: 0.5882
2026-04-24 22:00:49,962 [INFO] pcrl.training.trainer: [VAL] Epoch 38 - Loss: 377.1976, Task: 3.1606, Adv: 7.4807, Verify: 0.0000, Time: 1.1s
2026-04-24 22:00:49,962 [INFO] pcrl.training.trainer:   Task 'income' accuracy: 0.5910
2026-04-24 22:00:49,962 [INFO] pcrl.training.trainer:   Task 'hours_band' accuracy: 0.5423
2026-04-24 22:00:49,962 [INFO] pcrl.training.trainer:   Task 'education_level' accuracy: 0.3866
2026-04-24 22:00:49,962 [INFO] pcrl.training.trainer:   Auditor 'race' accuracy: 0.6201
2026-04-24 22:00:49,962 [INFO] pcrl.training.trainer:   Auditor 'sex' accuracy: 0.5278
2026-04-24 22:00:49,962 [INFO] pcrl.training.trainer:   Auditor 'age_group' accuracy: 0.4141
2026-04-24 22:00:49,962 [INFO] pcrl.training.trainer:   Auditor 'marital_status' accuracy: 0.5266
2026-04-24 22:00:49,962 [INFO] pcrl.training.trainer:   Auditor 'income' accuracy: 0.5910
2026-04-24 22:01:01,586 [INFO] pcrl.training.trainer: Epoch 39 [50/612] Loss: -371.5348 Task: 3.2128 Adv: -7.4950 Verify: 0.0000
2026-04-24 22:01:13,216 [INFO] pcrl.training.trainer: Epoch 39 [100/612] Loss: -371.8890 Task: 3.1457 Adv: -7.5007 Verify: 0.0000
2026-04-24 22:01:24,873 [INFO] pcrl.training.trainer: Epoch 39 [150/612] Loss: -374.4252 Task: 3.1519 Adv: -7.5515 Verify: 0.0000
2026-04-24 22:01:36,494 [INFO] pcrl.training.trainer: Epoch 39 [200/612] Loss: -370.7861 Task: 3.1369 Adv: -7.4785 Verify: 0.0000
2026-04-24 22:01:48,038 [INFO] pcrl.training.trainer: Epoch 39 [250/612] Loss: -374.9427 Task: 3.1593 Adv: -7.5620 Verify: 0.0000
2026-04-24 22:01:59,627 [INFO] pcrl.training.trainer: Epoch 39 [300/612] Loss: -368.1867 Task: 3.1442 Adv: -7.4266 Verify: 0.0000
2026-04-24 22:02:11,490 [INFO] pcrl.training.trainer: Epoch 39 [350/612] Loss: -372.2314 Task: 3.1189 Adv: -7.5070 Verify: 0.0000
2026-04-24 22:02:23,296 [INFO] pcrl.training.trainer: Epoch 39 [400/612] Loss: -369.2341 Task: 3.1636 Adv: -7.4480 Verify: 0.0000
2026-04-24 22:02:35,092 [INFO] pcrl.training.trainer: Epoch 39 [450/612] Loss: -377.4378 Task: 3.1689 Adv: -7.6121 Verify: 0.0000
2026-04-24 22:02:47,215 [INFO] pcrl.training.trainer: Epoch 39 [500/612] Loss: -368.6439 Task: 3.0800 Adv: -7.4345 Verify: 0.0000
2026-04-24 22:02:59,390 [INFO] pcrl.training.trainer: Epoch 39 [550/612] Loss: -370.7943 Task: 3.1549 Adv: -7.4790 Verify: 0.0000
2026-04-24 22:03:11,266 [INFO] pcrl.training.trainer: Epoch 39 [600/612] Loss: -366.1466 Task: 3.1592 Adv: -7.3861 Verify: 0.0000
2026-04-24 22:03:14,088 [INFO] pcrl.training.trainer: [TRAIN] Epoch 39 - Loss: -371.3796, Task: 3.1529, Adv: -7.4907, Verify: 0.0000, Time: 144.1s
2026-04-24 22:03:14,088 [INFO] pcrl.training.trainer:   Task 'income' accuracy: 0.5882
2026-04-24 22:03:14,088 [INFO] pcrl.training.trainer:   Task 'hours_band' accuracy: 0.5466
2026-04-24 22:03:14,088 [INFO] pcrl.training.trainer:   Task 'education_level' accuracy: 0.3866
2026-04-24 22:03:14,088 [INFO] pcrl.training.trainer:   Auditor 'race' accuracy: 0.6184
2026-04-24 22:03:14,088 [INFO] pcrl.training.trainer:   Auditor 'sex' accuracy: 0.5279
2026-04-24 22:03:14,088 [INFO] pcrl.training.trainer:   Auditor 'age_group' accuracy: 0.4159
2026-04-24 22:03:14,088 [INFO] pcrl.training.trainer:   Auditor 'marital_status' accuracy: 0.5240
2026-04-24 22:03:14,088 [INFO] pcrl.training.trainer:   Auditor 'income' accuracy: 0.5882
2026-04-24 22:03:15,327 [INFO] pcrl.training.trainer: [VAL] Epoch 39 - Loss: 377.1125, Task: 3.1607, Adv: 7.4790, Verify: 0.0000, Time: 1.2s
2026-04-24 22:03:15,327 [INFO] pcrl.training.trainer:   Task 'income' accuracy: 0.5910
2026-04-24 22:03:15,327 [INFO] pcrl.training.trainer:   Task 'hours_band' accuracy: 0.5423
2026-04-24 22:03:15,327 [INFO] pcrl.training.trainer:   Task 'education_level' accuracy: 0.3866
2026-04-24 22:03:15,327 [INFO] pcrl.training.trainer:   Auditor 'race' accuracy: 0.6201
2026-04-24 22:03:15,327 [INFO] pcrl.training.trainer:   Auditor 'sex' accuracy: 0.5278
2026-04-24 22:03:15,327 [INFO] pcrl.training.trainer:   Auditor 'age_group' accuracy: 0.4141
2026-04-24 22:03:15,327 [INFO] pcrl.training.trainer:   Auditor 'marital_status' accuracy: 0.5266
2026-04-24 22:03:15,327 [INFO] pcrl.training.trainer:   Auditor 'income' accuracy: 0.5910
2026-04-24 22:03:15,369 [INFO] pcrl.training.trainer: Saved checkpoint to /home/ubuntu/PCRL/checkpoints/folktables_pcrl_s2/epoch_40.pt
2026-04-24 22:03:27,149 [INFO] pcrl.training.trainer: Epoch 40 [50/612] Loss: -371.5734 Task: 3.1723 Adv: -7.4949 Verify: 0.0000
2026-04-24 22:03:39,288 [INFO] pcrl.training.trainer: Epoch 40 [100/612] Loss: -373.1935 Task: 3.1437 Adv: -7.5267 Verify: 0.0000
2026-04-24 22:03:51,475 [INFO] pcrl.training.trainer: Epoch 40 [150/612] Loss: -374.5737 Task: 3.1711 Adv: -7.5549 Verify: 0.0000
2026-04-24 22:04:03,429 [INFO] pcrl.training.trainer: Epoch 40 [200/612] Loss: -372.0149 Task: 3.1234 Adv: -7.5028 Verify: 0.0000
2026-04-24 22:04:15,621 [INFO] pcrl.training.trainer: Epoch 40 [250/612] Loss: -374.5244 Task: 3.1335 Adv: -7.5532 Verify: 0.0000
2026-04-24 22:04:27,737 [INFO] pcrl.training.trainer: Epoch 40 [300/612] Loss: -371.5361 Task: 3.2478 Adv: -7.4957 Verify: 0.0000
2026-04-24 22:04:39,890 [INFO] pcrl.training.trainer: Epoch 40 [350/612] Loss: -374.6904 Task: 3.2017 Adv: -7.5578 Verify: 0.0000
2026-04-24 22:04:51,789 [INFO] pcrl.training.trainer: Epoch 40 [400/612] Loss: -369.6124 Task: 3.1259 Adv: -7.4548 Verify: 0.0000
2026-04-24 22:05:03,692 [INFO] pcrl.training.trainer: Epoch 40 [450/612] Loss: -369.3326 Task: 3.2268 Adv: -7.4512 Verify: 0.0000
2026-04-24 22:05:15,467 [INFO] pcrl.training.trainer: Epoch 40 [500/612] Loss: -371.7486 Task: 3.2051 Adv: -7.4991 Verify: 0.0000
2026-04-24 22:05:27,377 [INFO] pcrl.training.trainer: Epoch 40 [550/612] Loss: -367.0722 Task: 3.2035 Adv: -7.4055 Verify: 0.0000
2026-04-24 22:05:38,976 [INFO] pcrl.training.trainer: Epoch 40 [600/612] Loss: -370.2276 Task: 3.1362 Adv: -7.4673 Verify: 0.0000
2026-04-24 22:05:41,784 [INFO] pcrl.training.trainer: [TRAIN] Epoch 40 - Loss: -371.2158, Task: 3.1530, Adv: -7.4874, Verify: 0.0000, Time: 146.4s
2026-04-24 22:05:41,785 [INFO] pcrl.training.trainer:   Task 'income' accuracy: 0.5882
2026-04-24 22:05:41,785 [INFO] pcrl.training.trainer:   Task 'hours_band' accuracy: 0.5466
2026-04-24 22:05:41,785 [INFO] pcrl.training.trainer:   Task 'education_level' accuracy: 0.3866
2026-04-24 22:05:41,785 [INFO] pcrl.training.trainer:   Auditor 'race' accuracy: 0.6184
2026-04-24 22:05:41,785 [INFO] pcrl.training.trainer:   Auditor 'sex' accuracy: 0.5283
2026-04-24 22:05:41,785 [INFO] pcrl.training.trainer:   Auditor 'age_group' accuracy: 0.4159
2026-04-24 22:05:41,785 [INFO] pcrl.training.trainer:   Auditor 'marital_status' accuracy: 0.5238
2026-04-24 22:05:41,785 [INFO] pcrl.training.trainer:   Auditor 'income' accuracy: 0.5882
2026-04-24 22:05:42,859 [INFO] pcrl.training.trainer: [VAL] Epoch 40 - Loss: 377.1764, Task: 3.1606, Adv: 7.4803, Verify: 0.0000, Time: 1.1s
2026-04-24 22:05:42,859 [INFO] pcrl.training.trainer:   Task 'income' accuracy: 0.5910
2026-04-24 22:05:42,859 [INFO] pcrl.training.trainer:   Task 'hours_band' accuracy: 0.5423
2026-04-24 22:05:42,859 [INFO] pcrl.training.trainer:   Task 'education_level' accuracy: 0.3866
2026-04-24 22:05:42,859 [INFO] pcrl.training.trainer:   Auditor 'race' accuracy: 0.6201
2026-04-24 22:05:42,859 [INFO] pcrl.training.trainer:   Auditor 'sex' accuracy: 0.5278
2026-04-24 22:05:42,859 [INFO] pcrl.training.trainer:   Auditor 'age_group' accuracy: 0.4141
2026-04-24 22:05:42,859 [INFO] pcrl.training.trainer:   Auditor 'marital_status' accuracy: 0.5266
2026-04-24 22:05:42,859 [INFO] pcrl.training.trainer:   Auditor 'income' accuracy: 0.5910
2026-04-24 22:05:54,694 [INFO] pcrl.training.trainer: Epoch 41 [50/612] Loss: -371.0336 Task: 3.1338 Adv: -7.4833 Verify: 0.0000
2026-04-24 22:06:06,451 [INFO] pcrl.training.trainer: Epoch 41 [100/612] Loss: -371.3715 Task: 3.1507 Adv: -7.4904 Verify: 0.0000
2026-04-24 22:06:18,128 [INFO] pcrl.training.trainer: Epoch 41 [150/612] Loss: -372.6625 Task: 3.1552 Adv: -7.5164 Verify: 0.0000
2026-04-24 22:06:29,663 [INFO] pcrl.training.trainer: Epoch 41 [200/612] Loss: -370.3865 Task: 3.0367 Adv: -7.4685 Verify: 0.0000
2026-04-24 22:06:41,212 [INFO] pcrl.training.trainer: Epoch 41 [250/612] Loss: -366.8266 Task: 3.1406 Adv: -7.3993 Verify: 0.0000
2026-04-24 22:06:52,990 [INFO] pcrl.training.trainer: Epoch 41 [300/612] Loss: -373.2453 Task: 3.2150 Adv: -7.5292 Verify: 0.0000
2026-04-24 22:07:04,791 [INFO] pcrl.training.trainer: Epoch 41 [350/612] Loss: -371.3015 Task: 3.1162 Adv: -7.4884 Verify: 0.0000
2026-04-24 22:07:16,719 [INFO] pcrl.training.trainer: Epoch 41 [400/612] Loss: -372.7900 Task: 3.1748 Adv: -7.5193 Verify: 0.0000
2026-04-24 22:07:28,699 [INFO] pcrl.training.trainer: Epoch 41 [450/612] Loss: -371.9007 Task: 3.1317 Adv: -7.5006 Verify: 0.0000
2026-04-24 22:07:40,627 [INFO] pcrl.training.trainer: Epoch 41 [500/612] Loss: -373.0851 Task: 3.0879 Adv: -7.5235 Verify: 0.0000
2026-04-24 22:07:52,587 [INFO] pcrl.training.trainer: Epoch 41 [550/612] Loss: -372.2199 Task: 3.0781 Adv: -7.5060 Verify: 0.0000
2026-04-24 22:08:04,418 [INFO] pcrl.training.trainer: Epoch 41 [600/612] Loss: -372.0738 Task: 3.1902 Adv: -7.5053 Verify: 0.0000
2026-04-24 22:08:07,286 [INFO] pcrl.training.trainer: [TRAIN] Epoch 41 - Loss: -371.2097, Task: 3.1530, Adv: -7.4873, Verify: 0.0000, Time: 144.4s
2026-04-24 22:08:07,286 [INFO] pcrl.training.trainer:   Task 'income' accuracy: 0.5882
2026-04-24 22:08:07,286 [INFO] pcrl.training.trainer:   Task 'hours_band' accuracy: 0.5466
2026-04-24 22:08:07,286 [INFO] pcrl.training.trainer:   Task 'education_level' accuracy: 0.3866
2026-04-24 22:08:07,286 [INFO] pcrl.training.trainer:   Auditor 'race' accuracy: 0.6184
2026-04-24 22:08:07,286 [INFO] pcrl.training.trainer:   Auditor 'sex' accuracy: 0.5281
2026-04-24 22:08:07,286 [INFO] pcrl.training.trainer:   Auditor 'age_group' accuracy: 0.4160
2026-04-24 22:08:07,286 [INFO] pcrl.training.trainer:   Auditor 'marital_status' accuracy: 0.5236
2026-04-24 22:08:07,286 [INFO] pcrl.training.trainer:   Auditor 'income' accuracy: 0.5882
2026-04-24 22:08:08,401 [INFO] pcrl.training.trainer: [VAL] Epoch 41 - Loss: 377.1505, Task: 3.1606, Adv: 7.4798, Verify: 0.0000, Time: 1.1s
2026-04-24 22:08:08,401 [INFO] pcrl.training.trainer:   Task 'income' accuracy: 0.5910
2026-04-24 22:08:08,401 [INFO] pcrl.training.trainer:   Task 'hours_band' accuracy: 0.5423
2026-04-24 22:08:08,402 [INFO] pcrl.training.trainer:   Task 'education_level' accuracy: 0.3866
2026-04-24 22:08:08,402 [INFO] pcrl.training.trainer:   Auditor 'race' accuracy: 0.6201
2026-04-24 22:08:08,402 [INFO] pcrl.training.trainer:   Auditor 'sex' accuracy: 0.5278
2026-04-24 22:08:08,402 [INFO] pcrl.training.trainer:   Auditor 'age_group' accuracy: 0.4141
2026-04-24 22:08:08,402 [INFO] pcrl.training.trainer:   Auditor 'marital_status' accuracy: 0.5266
2026-04-24 22:08:08,402 [INFO] pcrl.training.trainer:   Auditor 'income' accuracy: 0.5910
2026-04-24 22:08:20,516 [INFO] pcrl.training.trainer: Epoch 42 [50/612] Loss: -369.6652 Task: 3.2451 Adv: -7.4582 Verify: 0.0000
2026-04-24 22:08:32,390 [INFO] pcrl.training.trainer: Epoch 42 [100/612] Loss: -372.0091 Task: 3.0848 Adv: -7.5019 Verify: 0.0000
2026-04-24 22:08:44,253 [INFO] pcrl.training.trainer: Epoch 42 [150/612] Loss: -369.2452 Task: 3.2212 Adv: -7.4493 Verify: 0.0000
2026-04-24 22:08:56,235 [INFO] pcrl.training.trainer: Epoch 42 [200/612] Loss: -372.4359 Task: 3.1086 Adv: -7.5109 Verify: 0.0000
2026-04-24 22:09:08,010 [INFO] pcrl.training.trainer: Epoch 42 [250/612] Loss: -370.3461 Task: 3.1585 Adv: -7.4701 Verify: 0.0000
2026-04-24 22:09:19,674 [INFO] pcrl.training.trainer: Epoch 42 [300/612] Loss: -369.9940 Task: 3.2041 Adv: -7.4640 Verify: 0.0000
2026-04-24 22:09:31,625 [INFO] pcrl.training.trainer: Epoch 42 [350/612] Loss: -372.2969 Task: 3.1784 Adv: -7.5095 Verify: 0.0000
2026-04-24 22:09:43,322 [INFO] pcrl.training.trainer: Epoch 42 [400/612] Loss: -371.7145 Task: 3.2293 Adv: -7.4989 Verify: 0.0000
2026-04-24 22:09:55,211 [INFO] pcrl.training.trainer: Epoch 42 [450/612] Loss: -371.4337 Task: 3.1814 Adv: -7.4923 Verify: 0.0000
2026-04-24 22:10:07,063 [INFO] pcrl.training.trainer: Epoch 42 [500/612] Loss: -374.7826 Task: 3.1409 Adv: -7.5585 Verify: 0.0000
2026-04-24 22:10:18,720 [INFO] pcrl.training.trainer: Epoch 42 [550/612] Loss: -370.7613 Task: 3.2195 Adv: -7.4796 Verify: 0.0000
2026-04-24 22:10:30,608 [INFO] pcrl.training.trainer: Epoch 42 [600/612] Loss: -372.1795 Task: 3.1854 Adv: -7.5073 Verify: 0.0000
2026-04-24 22:10:33,448 [INFO] pcrl.training.trainer: [TRAIN] Epoch 42 - Loss: -371.2813, Task: 3.1530, Adv: -7.4887, Verify: 0.0000, Time: 145.0s
2026-04-24 22:10:33,448 [INFO] pcrl.training.trainer:   Task 'income' accuracy: 0.5882
2026-04-24 22:10:33,448 [INFO] pcrl.training.trainer:   Task 'hours_band' accuracy: 0.5466
2026-04-24 22:10:33,448 [INFO] pcrl.training.trainer:   Task 'education_level' accuracy: 0.3866
2026-04-24 22:10:33,448 [INFO] pcrl.training.trainer:   Auditor 'race' accuracy: 0.6184
2026-04-24 22:10:33,448 [INFO] pcrl.training.trainer:   Auditor 'sex' accuracy: 0.5279
2026-04-24 22:10:33,448 [INFO] pcrl.training.trainer:   Auditor 'age_group' accuracy: 0.4160
2026-04-24 22:10:33,448 [INFO] pcrl.training.trainer:   Auditor 'marital_status' accuracy: 0.5238
2026-04-24 22:10:33,448 [INFO] pcrl.training.trainer:   Auditor 'income' accuracy: 0.5882
2026-04-24 22:10:34,663 [INFO] pcrl.training.trainer: [VAL] Epoch 42 - Loss: 377.3106, Task: 3.1606, Adv: 7.4830, Verify: 0.0000, Time: 1.2s
2026-04-24 22:10:34,663 [INFO] pcrl.training.trainer:   Task 'income' accuracy: 0.5910
2026-04-24 22:10:34,663 [INFO] pcrl.training.trainer:   Task 'hours_band' accuracy: 0.5423
2026-04-24 22:10:34,663 [INFO] pcrl.training.trainer:   Task 'education_level' accuracy: 0.3866
2026-04-24 22:10:34,663 [INFO] pcrl.training.trainer:   Auditor 'race' accuracy: 0.6201
2026-04-24 22:10:34,663 [INFO] pcrl.training.trainer:   Auditor 'sex' accuracy: 0.5278
2026-04-24 22:10:34,663 [INFO] pcrl.training.trainer:   Auditor 'age_group' accuracy: 0.4141
2026-04-24 22:10:34,663 [INFO] pcrl.training.trainer:   Auditor 'marital_status' accuracy: 0.5266
2026-04-24 22:10:34,663 [INFO] pcrl.training.trainer:   Auditor 'income' accuracy: 0.5910
2026-04-24 22:10:46,581 [INFO] pcrl.training.trainer: Epoch 43 [50/612] Loss: -372.3328 Task: 3.1068 Adv: -7.5088 Verify: 0.0000
2026-04-24 22:10:58,466 [INFO] pcrl.training.trainer: Epoch 43 [100/612] Loss: -374.0851 Task: 3.1598 Adv: -7.5449 Verify: 0.0000
2026-04-24 22:11:10,432 [INFO] pcrl.training.trainer: Epoch 43 [150/612] Loss: -376.6084 Task: 3.1173 Adv: -7.5945 Verify: 0.0000
2026-04-24 22:11:22,105 [INFO] pcrl.training.trainer: Epoch 43 [200/612] Loss: -369.8423 Task: 3.1559 Adv: -7.4600 Verify: 0.0000
2026-04-24 22:11:33,875 [INFO] pcrl.training.trainer: Epoch 43 [250/612] Loss: -367.1461 Task: 3.0192 Adv: -7.4033 Verify: 0.0000
2026-04-24 22:11:45,868 [INFO] pcrl.training.trainer: Epoch 43 [300/612] Loss: -374.5074 Task: 3.0609 Adv: -7.5514 Verify: 0.0000
2026-04-24 22:11:57,503 [INFO] pcrl.training.trainer: Epoch 43 [350/612] Loss: -373.2203 Task: 3.1728 Adv: -7.5279 Verify: 0.0000
2026-04-24 22:12:09,253 [INFO] pcrl.training.trainer: Epoch 43 [400/612] Loss: -369.9102 Task: 3.1824 Adv: -7.4619 Verify: 0.0000
2026-04-24 22:12:21,272 [INFO] pcrl.training.trainer: Epoch 43 [450/612] Loss: -367.5851 Task: 3.1024 Adv: -7.4138 Verify: 0.0000
2026-04-24 22:12:32,917 [INFO] pcrl.training.trainer: Epoch 43 [500/612] Loss: -370.9903 Task: 3.1873 Adv: -7.4836 Verify: 0.0000
2026-04-24 22:12:44,709 [INFO] pcrl.training.trainer: Epoch 43 [550/612] Loss: -370.5234 Task: 3.1280 Adv: -7.4730 Verify: 0.0000
2026-04-24 22:12:56,727 [INFO] pcrl.training.trainer: Epoch 43 [600/612] Loss: -378.8084 Task: 3.1990 Adv: -7.6401 Verify: 0.0000
2026-04-24 22:12:59,560 [INFO] pcrl.training.trainer: [TRAIN] Epoch 43 - Loss: -371.3186, Task: 3.1529, Adv: -7.4894, Verify: 0.0000, Time: 144.9s
2026-04-24 22:12:59,560 [INFO] pcrl.training.trainer:   Task 'income' accuracy: 0.5882
2026-04-24 22:12:59,560 [INFO] pcrl.training.trainer:   Task 'hours_band' accuracy: 0.5466
2026-04-24 22:12:59,560 [INFO] pcrl.training.trainer:   Task 'education_level' accuracy: 0.3866
2026-04-24 22:12:59,560 [INFO] pcrl.training.trainer:   Auditor 'race' accuracy: 0.6184
2026-04-24 22:12:59,560 [INFO] pcrl.training.trainer:   Auditor 'sex' accuracy: 0.5281
2026-04-24 22:12:59,560 [INFO] pcrl.training.trainer:   Auditor 'age_group' accuracy: 0.4158
2026-04-24 22:12:59,561 [INFO] pcrl.training.trainer:   Auditor 'marital_status' accuracy: 0.5237
2026-04-24 22:12:59,561 [INFO] pcrl.training.trainer:   Auditor 'income' accuracy: 0.5882
2026-04-24 22:13:00,655 [INFO] pcrl.training.trainer: [VAL] Epoch 43 - Loss: 377.2448, Task: 3.1607, Adv: 7.4817, Verify: 0.0000, Time: 1.1s
2026-04-24 22:13:00,656 [INFO] pcrl.training.trainer:   Task 'income' accuracy: 0.5910
2026-04-24 22:13:00,656 [INFO] pcrl.training.trainer:   Task 'hours_band' accuracy: 0.5423
2026-04-24 22:13:00,656 [INFO] pcrl.training.trainer:   Task 'education_level' accuracy: 0.3866
2026-04-24 22:13:00,656 [INFO] pcrl.training.trainer:   Auditor 'race' accuracy: 0.6201
2026-04-24 22:13:00,656 [INFO] pcrl.training.trainer:   Auditor 'sex' accuracy: 0.5278
2026-04-24 22:13:00,656 [INFO] pcrl.training.trainer:   Auditor 'age_group' accuracy: 0.4141
2026-04-24 22:13:00,656 [INFO] pcrl.training.trainer:   Auditor 'marital_status' accuracy: 0.5266
2026-04-24 22:13:00,656 [INFO] pcrl.training.trainer:   Auditor 'income' accuracy: 0.5910
2026-04-24 22:13:12,674 [INFO] pcrl.training.trainer: Epoch 44 [50/612] Loss: -373.2601 Task: 3.1316 Adv: -7.5278 Verify: 0.0000
2026-04-24 22:13:24,773 [INFO] pcrl.training.trainer: Epoch 44 [100/612] Loss: -372.2620 Task: 3.1318 Adv: -7.5079 Verify: 0.0000
2026-04-24 22:13:36,761 [INFO] pcrl.training.trainer: Epoch 44 [150/612] Loss: -374.5977 Task: 3.1972 Adv: -7.5559 Verify: 0.0000
2026-04-24 22:13:48,668 [INFO] pcrl.training.trainer: Epoch 44 [200/612] Loss: -369.7798 Task: 3.1516 Adv: -7.4586 Verify: 0.0000
2026-04-24 22:14:00,438 [INFO] pcrl.training.trainer: Epoch 44 [250/612] Loss: -372.9081 Task: 3.0921 Adv: -7.5200 Verify: 0.0000
2026-04-24 22:14:12,276 [INFO] pcrl.training.trainer: Epoch 44 [300/612] Loss: -367.2279 Task: 3.2017 Adv: -7.4086 Verify: 0.0000
2026-04-24 22:14:24,004 [INFO] pcrl.training.trainer: Epoch 44 [350/612] Loss: -369.2806 Task: 3.1125 Adv: -7.4479 Verify: 0.0000
2026-04-24 22:14:35,984 [INFO] pcrl.training.trainer: Epoch 44 [400/612] Loss: -369.6736 Task: 3.1753 Adv: -7.4570 Verify: 0.0000
2026-04-24 22:14:47,726 [INFO] pcrl.training.trainer: Epoch 44 [450/612] Loss: -366.5877 Task: 3.2261 Adv: -7.3963 Verify: 0.0000
2026-04-24 22:14:59,609 [INFO] pcrl.training.trainer: Epoch 44 [500/612] Loss: -373.9918 Task: 3.0803 Adv: -7.5414 Verify: 0.0000
2026-04-24 22:15:11,232 [INFO] pcrl.training.trainer: Epoch 44 [550/612] Loss: -369.9648 Task: 3.1860 Adv: -7.4630 Verify: 0.0000
2026-04-24 22:15:23,058 [INFO] pcrl.training.trainer: Epoch 44 [600/612] Loss: -374.5199 Task: 3.1672 Adv: -7.5537 Verify: 0.0000
2026-04-24 22:15:25,851 [INFO] pcrl.training.trainer: [TRAIN] Epoch 44 - Loss: -371.3626, Task: 3.1530, Adv: -7.4903, Verify: 0.0000, Time: 145.2s
2026-04-24 22:15:25,851 [INFO] pcrl.training.trainer:   Task 'income' accuracy: 0.5882
2026-04-24 22:15:25,851 [INFO] pcrl.training.trainer:   Task 'hours_band' accuracy: 0.5466
2026-04-24 22:15:25,851 [INFO] pcrl.training.trainer:   Task 'education_level' accuracy: 0.3866
2026-04-24 22:15:25,851 [INFO] pcrl.training.trainer:   Auditor 'race' accuracy: 0.6184
2026-04-24 22:15:25,852 [INFO] pcrl.training.trainer:   Auditor 'sex' accuracy: 0.5280
2026-04-24 22:15:25,852 [INFO] pcrl.training.trainer:   Auditor 'age_group' accuracy: 0.4157
2026-04-24 22:15:25,852 [INFO] pcrl.training.trainer:   Auditor 'marital_status' accuracy: 0.5239
2026-04-24 22:15:25,852 [INFO] pcrl.training.trainer:   Auditor 'income' accuracy: 0.5882
2026-04-24 22:15:26,944 [INFO] pcrl.training.trainer: [VAL] Epoch 44 - Loss: 377.1663, Task: 3.1607, Adv: 7.4801, Verify: 0.0000, Time: 1.1s
2026-04-24 22:15:26,944 [INFO] pcrl.training.trainer:   Task 'income' accuracy: 0.5910
2026-04-24 22:15:26,944 [INFO] pcrl.training.trainer:   Task 'hours_band' accuracy: 0.5423
2026-04-24 22:15:26,944 [INFO] pcrl.training.trainer:   Task 'education_level' accuracy: 0.3866
2026-04-24 22:15:26,944 [INFO] pcrl.training.trainer:   Auditor 'race' accuracy: 0.6201
2026-04-24 22:15:26,945 [INFO] pcrl.training.trainer:   Auditor 'sex' accuracy: 0.5278
2026-04-24 22:15:26,945 [INFO] pcrl.training.trainer:   Auditor 'age_group' accuracy: 0.4141
2026-04-24 22:15:26,945 [INFO] pcrl.training.trainer:   Auditor 'marital_status' accuracy: 0.5266
2026-04-24 22:15:26,945 [INFO] pcrl.training.trainer:   Auditor 'income' accuracy: 0.5910
2026-04-24 22:15:38,788 [INFO] pcrl.training.trainer: Epoch 45 [50/612] Loss: -373.7667 Task: 3.1271 Adv: -7.5379 Verify: 0.0000
2026-04-24 22:15:50,677 [INFO] pcrl.training.trainer: Epoch 45 [100/612] Loss: -368.3450 Task: 3.1440 Adv: -7.4298 Verify: 0.0000
2026-04-24 22:16:03,506 [INFO] pcrl.training.trainer: Epoch 45 [150/612] Loss: -373.2837 Task: 3.1377 Adv: -7.5284 Verify: 0.0000
2026-04-24 22:16:15,688 [INFO] pcrl.training.trainer: Epoch 45 [200/612] Loss: -364.8918 Task: 3.1229 Adv: -7.3603 Verify: 0.0000
2026-04-24 22:16:27,352 [INFO] pcrl.training.trainer: Epoch 45 [250/612] Loss: -367.9871 Task: 3.1108 Adv: -7.4220 Verify: 0.0000
2026-04-24 22:16:39,288 [INFO] pcrl.training.trainer: Epoch 45 [300/612] Loss: -372.8960 Task: 3.1388 Adv: -7.5207 Verify: 0.0000
2026-04-24 22:16:51,264 [INFO] pcrl.training.trainer: Epoch 45 [350/612] Loss: -373.8746 Task: 3.1883 Adv: -7.5413 Verify: 0.0000
2026-04-24 22:17:03,434 [INFO] pcrl.training.trainer: Epoch 45 [400/612] Loss: -370.0668 Task: 3.1600 Adv: -7.4645 Verify: 0.0000
2026-04-24 22:17:15,507 [INFO] pcrl.training.trainer: Epoch 45 [450/612] Loss: -369.3330 Task: 3.0881 Adv: -7.4484 Verify: 0.0000
2026-04-24 22:17:27,309 [INFO] pcrl.training.trainer: Epoch 45 [500/612] Loss: -372.6731 Task: 3.1479 Adv: -7.5164 Verify: 0.0000
2026-04-24 22:17:39,240 [INFO] pcrl.training.trainer: Epoch 45 [550/612] Loss: -374.7184 Task: 3.0557 Adv: -7.5555 Verify: 0.0000
2026-04-24 22:17:50,969 [INFO] pcrl.training.trainer: Epoch 45 [600/612] Loss: -370.9785 Task: 3.1390 Adv: -7.4823 Verify: 0.0000
2026-04-24 22:17:53,972 [INFO] pcrl.training.trainer: [TRAIN] Epoch 45 - Loss: -371.3526, Task: 3.1529, Adv: -7.4901, Verify: 0.0000, Time: 147.0s
2026-04-24 22:17:53,972 [INFO] pcrl.training.trainer:   Task 'income' accuracy: 0.5882
2026-04-24 22:17:53,972 [INFO] pcrl.training.trainer:   Task 'hours_band' accuracy: 0.5466
2026-04-24 22:17:53,972 [INFO] pcrl.training.trainer:   Task 'education_level' accuracy: 0.3866
2026-04-24 22:17:53,972 [INFO] pcrl.training.trainer:   Auditor 'race' accuracy: 0.6184
2026-04-24 22:17:53,972 [INFO] pcrl.training.trainer:   Auditor 'sex' accuracy: 0.5282
2026-04-24 22:17:53,972 [INFO] pcrl.training.trainer:   Auditor 'age_group' accuracy: 0.4156
2026-04-24 22:17:53,972 [INFO] pcrl.training.trainer:   Auditor 'marital_status' accuracy: 0.5238
2026-04-24 22:17:53,972 [INFO] pcrl.training.trainer:   Auditor 'income' accuracy: 0.5882
2026-04-24 22:17:55,094 [INFO] pcrl.training.trainer: [VAL] Epoch 45 - Loss: 377.2731, Task: 3.1607, Adv: 7.4822, Verify: 0.0000, Time: 1.1s
2026-04-24 22:17:55,095 [INFO] pcrl.training.trainer:   Task 'income' accuracy: 0.5910
2026-04-24 22:17:55,095 [INFO] pcrl.training.trainer:   Task 'hours_band' accuracy: 0.5423
2026-04-24 22:17:55,095 [INFO] pcrl.training.trainer:   Task 'education_level' accuracy: 0.3866
2026-04-24 22:17:55,095 [INFO] pcrl.training.trainer:   Auditor 'race' accuracy: 0.6201
2026-04-24 22:17:55,095 [INFO] pcrl.training.trainer:   Auditor 'sex' accuracy: 0.5278
2026-04-24 22:17:55,095 [INFO] pcrl.training.trainer:   Auditor 'age_group' accuracy: 0.4141
2026-04-24 22:17:55,095 [INFO] pcrl.training.trainer:   Auditor 'marital_status' accuracy: 0.5266
2026-04-24 22:17:55,095 [INFO] pcrl.training.trainer:   Auditor 'income' accuracy: 0.5910
2026-04-24 22:18:07,010 [INFO] pcrl.training.trainer: Epoch 46 [50/612] Loss: -369.0491 Task: 3.1882 Adv: -7.4447 Verify: 0.0000
2026-04-24 22:18:19,021 [INFO] pcrl.training.trainer: Epoch 46 [100/612] Loss: -371.4801 Task: 3.1587 Adv: -7.4928 Verify: 0.0000
2026-04-24 22:18:31,041 [INFO] pcrl.training.trainer: Epoch 46 [150/612] Loss: -372.3076 Task: 3.0873 Adv: -7.5079 Verify: 0.0000
2026-04-24 22:18:43,134 [INFO] pcrl.training.trainer: Epoch 46 [200/612] Loss: -373.8520 Task: 3.1416 Adv: -7.5399 Verify: 0.0000
2026-04-24 22:18:55,046 [INFO] pcrl.training.trainer: Epoch 46 [250/612] Loss: -369.5617 Task: 3.1931 Adv: -7.4551 Verify: 0.0000
2026-04-24 22:19:07,049 [INFO] pcrl.training.trainer: Epoch 46 [300/612] Loss: -371.6342 Task: 3.1206 Adv: -7.4951 Verify: 0.0000
2026-04-24 22:19:19,083 [INFO] pcrl.training.trainer: Epoch 46 [350/612] Loss: -375.4574 Task: 3.2754 Adv: -7.5747 Verify: 0.0000
2026-04-24 22:19:31,251 [INFO] pcrl.training.trainer: Epoch 46 [400/612] Loss: -371.7079 Task: 3.1218 Adv: -7.4966 Verify: 0.0000
2026-04-24 22:19:42,906 [INFO] pcrl.training.trainer: Epoch 46 [450/612] Loss: -373.8574 Task: 3.1072 Adv: -7.5393 Verify: 0.0000
2026-04-24 22:19:54,756 [INFO] pcrl.training.trainer: Epoch 46 [500/612] Loss: -373.7010 Task: 3.1290 Adv: -7.5366 Verify: 0.0000
2026-04-24 22:20:06,907 [INFO] pcrl.training.trainer: Epoch 46 [550/612] Loss: -377.5171 Task: 3.2180 Adv: -7.6147 Verify: 0.0000
2026-04-24 22:20:18,867 [INFO] pcrl.training.trainer: Epoch 46 [600/612] Loss: -371.4030 Task: 3.1057 Adv: -7.4902 Verify: 0.0000
2026-04-24 22:20:21,858 [INFO] pcrl.training.trainer: [TRAIN] Epoch 46 - Loss: -371.2099, Task: 3.1528, Adv: -7.4873, Verify: 0.0000, Time: 146.8s
2026-04-24 22:20:21,858 [INFO] pcrl.training.trainer:   Task 'income' accuracy: 0.5882
2026-04-24 22:20:21,858 [INFO] pcrl.training.trainer:   Task 'hours_band' accuracy: 0.5466
2026-04-24 22:20:21,858 [INFO] pcrl.training.trainer:   Task 'education_level' accuracy: 0.3866
2026-04-24 22:20:21,858 [INFO] pcrl.training.trainer:   Auditor 'race' accuracy: 0.6184
2026-04-24 22:20:21,858 [INFO] pcrl.training.trainer:   Auditor 'sex' accuracy: 0.5282
2026-04-24 22:20:21,858 [INFO] pcrl.training.trainer:   Auditor 'age_group' accuracy: 0.4157
2026-04-24 22:20:21,858 [INFO] pcrl.training.trainer:   Auditor 'marital_status' accuracy: 0.5238
2026-04-24 22:20:21,858 [INFO] pcrl.training.trainer:   Auditor 'income' accuracy: 0.5882
2026-04-24 22:20:22,963 [INFO] pcrl.training.trainer: [VAL] Epoch 46 - Loss: 377.3684, Task: 3.1606, Adv: 7.4842, Verify: 0.0000, Time: 1.1s
2026-04-24 22:20:22,963 [INFO] pcrl.training.trainer:   Task 'income' accuracy: 0.5910
2026-04-24 22:20:22,963 [INFO] pcrl.training.trainer:   Task 'hours_band' accuracy: 0.5423
2026-04-24 22:20:22,963 [INFO] pcrl.training.trainer:   Task 'education_level' accuracy: 0.3866
2026-04-24 22:20:22,963 [INFO] pcrl.training.trainer:   Auditor 'race' accuracy: 0.6201
2026-04-24 22:20:22,963 [INFO] pcrl.training.trainer:   Auditor 'sex' accuracy: 0.5278
2026-04-24 22:20:22,963 [INFO] pcrl.training.trainer:   Auditor 'age_group' accuracy: 0.4141
2026-04-24 22:20:22,963 [INFO] pcrl.training.trainer:   Auditor 'marital_status' accuracy: 0.5266
2026-04-24 22:20:22,963 [INFO] pcrl.training.trainer:   Auditor 'income' accuracy: 0.5910
2026-04-24 22:20:22,964 [INFO] pcrl.training.trainer: Early stopping at epoch 46
2026-04-24 22:20:23,005 [INFO] pcrl.training.trainer: Saved checkpoint to /home/ubuntu/PCRL/checkpoints/folktables_pcrl_s2/final.pt
2026-04-24 22:20:23,005 [INFO] pcrl.training.trainer: Training complete!
2026-04-24 22:38:14,338 [INFO] __main__:   seed=2: income_acc=0.5976 ep=47 6867s
2026-04-24 22:38:14,340 [INFO] __main__: Saved /home/ubuntu/PCRL/results/folktables/pcrl_seeds.csv (24 rows)
2026-04-24 22:38:14,340 [INFO] __main__: ═══ Standard (no privacy) seed=0 ═══
2026-04-24 22:38:14,397 [INFO] pcrl.training.trainer: ============================================================
2026-04-24 22:38:14,397 [INFO] pcrl.training.trainer: Starting PCRL Training
2026-04-24 22:38:14,397 [INFO] pcrl.training.trainer: ============================================================
2026-04-24 22:38:14,397 [INFO] pcrl.training.trainer: Epochs: 200
2026-04-24 22:38:14,397 [INFO] pcrl.training.trainer: Batch size: 256
2026-04-24 22:38:14,397 [INFO] pcrl.training.trainer: Lambda adversarial: 0.0
2026-04-24 22:38:14,397 [INFO] pcrl.training.trainer: Auditor steps per encoder step: 1
2026-04-24 22:38:14,397 [INFO] pcrl.training.trainer: Purposes: ['income_prediction', 'employment_analysis', 'education_assessment']
2026-04-24 22:38:14,397 [INFO] pcrl.training.trainer: ============================================================
2026-04-24 22:38:16,241 [INFO] pcrl.training.trainer: Epoch 0 [50/612] Loss: 1.1186 Task: 1.1186 Adv: -4.5135 Verify: 0.0000
2026-04-24 22:38:18,061 [INFO] pcrl.training.trainer: Epoch 0 [100/612] Loss: 0.8327 Task: 0.8327 Adv: -4.3051 Verify: 0.0000
2026-04-24 22:38:19,882 [INFO] pcrl.training.trainer: Epoch 0 [150/612] Loss: 0.8205 Task: 0.8205 Adv: -4.1780 Verify: 0.0000
2026-04-24 22:38:21,686 [INFO] pcrl.training.trainer: Epoch 0 [200/612] Loss: 0.7773 Task: 0.7773 Adv: -4.4637 Verify: 0.0000
2026-04-24 22:38:23,501 [INFO] pcrl.training.trainer: Epoch 0 [250/612] Loss: 0.7404 Task: 0.7404 Adv: -4.2850 Verify: 0.0000
2026-04-24 22:38:25,493 [INFO] pcrl.training.trainer: Epoch 0 [300/612] Loss: 0.6792 Task: 0.6792 Adv: -4.5205 Verify: 0.0000
2026-04-24 22:38:27,317 [INFO] pcrl.training.trainer: Epoch 0 [350/612] Loss: 0.7298 Task: 0.7298 Adv: -4.1729 Verify: 0.0000
2026-04-24 22:38:29,060 [INFO] pcrl.training.trainer: Epoch 0 [400/612] Loss: 0.6256 Task: 0.6256 Adv: -4.5716 Verify: 0.0000
2026-04-24 22:38:30,911 [INFO] pcrl.training.trainer: Epoch 0 [450/612] Loss: 0.6257 Task: 0.6257 Adv: -4.7114 Verify: 0.0000
2026-04-24 22:38:32,671 [INFO] pcrl.training.trainer: Epoch 0 [500/612] Loss: 0.7998 Task: 0.7998 Adv: -4.5788 Verify: 0.0000
2026-04-24 22:38:34,404 [INFO] pcrl.training.trainer: Epoch 0 [550/612] Loss: 0.6907 Task: 0.6907 Adv: -4.5975 Verify: 0.0000
2026-04-24 22:38:36,249 [INFO] pcrl.training.trainer: Epoch 0 [600/612] Loss: 0.6824 Task: 0.6824 Adv: -4.4544 Verify: 0.0000
2026-04-24 22:38:36,676 [INFO] pcrl.training.trainer: [TRAIN] Epoch 0 - Loss: 0.8653, Task: 0.8653, Adv: -4.5026, Verify: 0.0000, Time: 22.3s
2026-04-24 22:38:36,676 [INFO] pcrl.training.trainer:   Task 'income' accuracy: 0.7592
2026-04-24 22:38:36,676 [INFO] pcrl.training.trainer:   Task 'hours_band' accuracy: 0.8875
2026-04-24 22:38:36,676 [INFO] pcrl.training.trainer:   Task 'education_level' accuracy: 0.9704
2026-04-24 22:38:36,676 [INFO] pcrl.training.trainer:   Auditor 'race' accuracy: 0.7548
2026-04-24 22:38:36,676 [INFO] pcrl.training.trainer:   Auditor 'sex' accuracy: 0.8209
2026-04-24 22:38:36,676 [INFO] pcrl.training.trainer:   Auditor 'age_group' accuracy: 0.6714
2026-04-24 22:38:36,676 [INFO] pcrl.training.trainer:   Auditor 'marital_status' accuracy: 0.7920
2026-04-24 22:38:36,676 [INFO] pcrl.training.trainer:   Auditor 'income' accuracy: 0.7594
2026-04-24 22:38:37,695 [INFO] pcrl.training.trainer: [VAL] Epoch 0 - Loss: 0.5494, Task: 0.5494, Adv: 3.1374, Verify: 0.0000, Time: 1.0s
2026-04-24 22:38:37,695 [INFO] pcrl.training.trainer:   Task 'income' accuracy: 0.7838
2026-04-24 22:38:37,695 [INFO] pcrl.training.trainer:   Task 'hours_band' accuracy: 0.9512
2026-04-24 22:38:37,695 [INFO] pcrl.training.trainer:   Task 'education_level' accuracy: 1.0000
2026-04-24 22:38:37,695 [INFO] pcrl.training.trainer:   Auditor 'race' accuracy: 0.8390
2026-04-24 22:38:37,695 [INFO] pcrl.training.trainer:   Auditor 'sex' accuracy: 0.9184
2026-04-24 22:38:37,695 [INFO] pcrl.training.trainer:   Auditor 'age_group' accuracy: 0.7898
2026-04-24 22:38:37,695 [INFO] pcrl.training.trainer:   Auditor 'marital_status' accuracy: 0.8619
2026-04-24 22:38:37,695 [INFO] pcrl.training.trainer:   Auditor 'income' accuracy: 0.7783
2026-04-24 22:38:37,734 [INFO] pcrl.training.trainer: Saved checkpoint to /home/ubuntu/PCRL/checkpoints/folktables_std_s0/best.pt
2026-04-24 22:38:39,685 [INFO] pcrl.training.trainer: Epoch 1 [50/612] Loss: 0.5415 Task: 0.5415 Adv: -4.6401 Verify: 0.0000
2026-04-24 22:38:41,471 [INFO] pcrl.training.trainer: Epoch 1 [100/612] Loss: 0.6162 Task: 0.6162 Adv: -4.5185 Verify: 0.0000
2026-04-24 22:38:43,405 [INFO] pcrl.training.trainer: Epoch 1 [150/612] Loss: 0.5814 Task: 0.5814 Adv: -4.7385 Verify: 0.0000
2026-04-24 22:38:45,162 [INFO] pcrl.training.trainer: Epoch 1 [200/612] Loss: 0.6330 Task: 0.6330 Adv: -4.8720 Verify: 0.0000
2026-04-24 22:38:46,955 [INFO] pcrl.training.trainer: Epoch 1 [250/612] Loss: 0.6517 Task: 0.6517 Adv: -4.9245 Verify: 0.0000
2026-04-24 22:38:48,771 [INFO] pcrl.training.trainer: Epoch 1 [300/612] Loss: 0.6700 Task: 0.6700 Adv: -4.9112 Verify: 0.0000
2026-04-24 22:38:50,618 [INFO] pcrl.training.trainer: Epoch 1 [350/612] Loss: 0.5525 Task: 0.5525 Adv: -4.8440 Verify: 0.0000
2026-04-24 22:38:52,449 [INFO] pcrl.training.trainer: Epoch 1 [400/612] Loss: 0.6215 Task: 0.6215 Adv: -4.8671 Verify: 0.0000
2026-04-24 22:38:54,439 [INFO] pcrl.training.trainer: Epoch 1 [450/612] Loss: 0.5486 Task: 0.5486 Adv: -5.0858 Verify: 0.0000
2026-04-24 22:38:56,259 [INFO] pcrl.training.trainer: Epoch 1 [500/612] Loss: 0.6923 Task: 0.6923 Adv: -4.6599 Verify: 0.0000
2026-04-24 22:38:58,075 [INFO] pcrl.training.trainer: Epoch 1 [550/612] Loss: 0.6450 Task: 0.6450 Adv: -5.0272 Verify: 0.0000
2026-04-24 22:38:59,880 [INFO] pcrl.training.trainer: Epoch 1 [600/612] Loss: 0.6344 Task: 0.6344 Adv: -5.2731 Verify: 0.0000
2026-04-24 22:39:00,317 [INFO] pcrl.training.trainer: [TRAIN] Epoch 1 - Loss: 0.6209, Task: 0.6209, Adv: -4.8177, Verify: 0.0000, Time: 22.6s
2026-04-24 22:39:00,318 [INFO] pcrl.training.trainer:   Task 'income' accuracy: 0.7748
2026-04-24 22:39:00,318 [INFO] pcrl.training.trainer:   Task 'hours_band' accuracy: 0.9432
2026-04-24 22:39:00,318 [INFO] pcrl.training.trainer:   Task 'education_level' accuracy: 0.9975
2026-04-24 22:39:00,318 [INFO] pcrl.training.trainer:   Auditor 'race' accuracy: 0.7313
2026-04-24 22:39:00,318 [INFO] pcrl.training.trainer:   Auditor 'sex' accuracy: 0.7800
2026-04-24 22:39:00,318 [INFO] pcrl.training.trainer:   Auditor 'age_group' accuracy: 0.6990
2026-04-24 22:39:00,318 [INFO] pcrl.training.trainer:   Auditor 'marital_status' accuracy: 0.7994
2026-04-24 22:39:00,318 [INFO] pcrl.training.trainer:   Auditor 'income' accuracy: 0.7755
2026-04-24 22:39:01,505 [INFO] pcrl.training.trainer: [VAL] Epoch 1 - Loss: 0.5271, Task: 0.5271, Adv: 3.7277, Verify: 0.0000, Time: 1.2s
2026-04-24 22:39:01,505 [INFO] pcrl.training.trainer:   Task 'income' accuracy: 0.7843
2026-04-24 22:39:01,505 [INFO] pcrl.training.trainer:   Task 'hours_band' accuracy: 0.9678
2026-04-24 22:39:01,505 [INFO] pcrl.training.trainer:   Task 'education_level' accuracy: 1.0000
2026-04-24 22:39:01,505 [INFO] pcrl.training.trainer:   Auditor 'race' accuracy: 0.7976
2026-04-24 22:39:01,505 [INFO] pcrl.training.trainer:   Auditor 'sex' accuracy: 0.8763
2026-04-24 22:39:01,505 [INFO] pcrl.training.trainer:   Auditor 'age_group' accuracy: 0.7898
2026-04-24 22:39:01,505 [INFO] pcrl.training.trainer:   Auditor 'marital_status' accuracy: 0.8854
2026-04-24 22:39:01,505 [INFO] pcrl.training.trainer:   Auditor 'income' accuracy: 0.7805
2026-04-24 22:39:01,568 [INFO] pcrl.training.trainer: Saved checkpoint to /home/ubuntu/PCRL/checkpoints/folktables_std_s0/best.pt
2026-04-24 22:39:03,385 [INFO] pcrl.training.trainer: Epoch 2 [50/612] Loss: 0.5239 Task: 0.5239 Adv: -4.7188 Verify: 0.0000
2026-04-24 22:39:05,188 [INFO] pcrl.training.trainer: Epoch 2 [100/612] Loss: 0.6424 Task: 0.6424 Adv: -4.9977 Verify: 0.0000
2026-04-24 22:39:07,141 [INFO] pcrl.training.trainer: Epoch 2 [150/612] Loss: 0.5868 Task: 0.5868 Adv: -4.9424 Verify: 0.0000
2026-04-24 22:39:08,947 [INFO] pcrl.training.trainer: Epoch 2 [200/612] Loss: 0.5876 Task: 0.5876 Adv: -4.9610 Verify: 0.0000
2026-04-24 22:39:10,747 [INFO] pcrl.training.trainer: Epoch 2 [250/612] Loss: 0.6397 Task: 0.6397 Adv: -5.1010 Verify: 0.0000
2026-04-24 22:39:12,705 [INFO] pcrl.training.trainer: Epoch 2 [300/612] Loss: 0.5592 Task: 0.5592 Adv: -5.3493 Verify: 0.0000
2026-04-24 22:39:14,509 [INFO] pcrl.training.trainer: Epoch 2 [350/612] Loss: 0.5333 Task: 0.5333 Adv: -5.0917 Verify: 0.0000
2026-04-24 22:39:16,455 [INFO] pcrl.training.trainer: Epoch 2 [400/612] Loss: 0.4549 Task: 0.4549 Adv: -5.0283 Verify: 0.0000
2026-04-24 22:39:18,216 [INFO] pcrl.training.trainer: Epoch 2 [450/612] Loss: 0.5801 Task: 0.5801 Adv: -5.3072 Verify: 0.0000
2026-04-24 22:39:19,965 [INFO] pcrl.training.trainer: Epoch 2 [500/612] Loss: 0.6213 Task: 0.6213 Adv: -5.0527 Verify: 0.0000
2026-04-24 22:39:21,676 [INFO] pcrl.training.trainer: Epoch 2 [550/612] Loss: 0.5524 Task: 0.5524 Adv: -5.2199 Verify: 0.0000
2026-04-24 22:39:23,496 [INFO] pcrl.training.trainer: Epoch 2 [600/612] Loss: 0.5531 Task: 0.5531 Adv: -5.2347 Verify: 0.0000
2026-04-24 22:39:23,918 [INFO] pcrl.training.trainer: [TRAIN] Epoch 2 - Loss: 0.5855, Task: 0.5855, Adv: -5.0718, Verify: 0.0000, Time: 22.3s
2026-04-24 22:39:23,918 [INFO] pcrl.training.trainer:   Task 'income' accuracy: 0.7768
2026-04-24 22:39:23,918 [INFO] pcrl.training.trainer:   Task 'hours_band' accuracy: 0.9534
2026-04-24 22:39:23,918 [INFO] pcrl.training.trainer:   Task 'education_level' accuracy: 0.9984
2026-04-24 22:39:23,918 [INFO] pcrl.training.trainer:   Auditor 'race' accuracy: 0.7123
2026-04-24 22:39:23,918 [INFO] pcrl.training.trainer:   Auditor 'sex' accuracy: 0.7591
2026-04-24 22:39:23,918 [INFO] pcrl.training.trainer:   Auditor 'age_group' accuracy: 0.7013
2026-04-24 22:39:23,918 [INFO] pcrl.training.trainer:   Auditor 'marital_status' accuracy: 0.7903
2026-04-24 22:39:23,918 [INFO] pcrl.training.trainer:   Auditor 'income' accuracy: 0.7776
2026-04-24 22:39:25,088 [INFO] pcrl.training.trainer: [VAL] Epoch 2 - Loss: 0.4881, Task: 0.4881, Adv: 4.0538, Verify: 0.0000, Time: 1.2s
2026-04-24 22:39:25,088 [INFO] pcrl.training.trainer:   Task 'income' accuracy: 0.7846
2026-04-24 22:39:25,088 [INFO] pcrl.training.trainer:   Task 'hours_band' accuracy: 0.9919
2026-04-24 22:39:25,088 [INFO] pcrl.training.trainer:   Task 'education_level' accuracy: 1.0000
2026-04-24 22:39:25,088 [INFO] pcrl.training.trainer:   Auditor 'race' accuracy: 0.7687
2026-04-24 22:39:25,088 [INFO] pcrl.training.trainer:   Auditor 'sex' accuracy: 0.8417
2026-04-24 22:39:25,088 [INFO] pcrl.training.trainer:   Auditor 'age_group' accuracy: 0.7885
2026-04-24 22:39:25,088 [INFO] pcrl.training.trainer:   Auditor 'marital_status' accuracy: 0.8466
2026-04-24 22:39:25,088 [INFO] pcrl.training.trainer:   Auditor 'income' accuracy: 0.7855
2026-04-24 22:39:25,150 [INFO] pcrl.training.trainer: Saved checkpoint to /home/ubuntu/PCRL/checkpoints/folktables_std_s0/best.pt
2026-04-24 22:39:26,879 [INFO] pcrl.training.trainer: Epoch 3 [50/612] Loss: 0.6587 Task: 0.6587 Adv: -5.2465 Verify: 0.0000
2026-04-24 22:39:28,600 [INFO] pcrl.training.trainer: Epoch 3 [100/612] Loss: 0.5655 Task: 0.5655 Adv: -5.0724 Verify: 0.0000
2026-04-24 22:39:30,329 [INFO] pcrl.training.trainer: Epoch 3 [150/612] Loss: 0.6221 Task: 0.6221 Adv: -5.1675 Verify: 0.0000
2026-04-24 22:39:32,105 [INFO] pcrl.training.trainer: Epoch 3 [200/612] Loss: 0.5633 Task: 0.5633 Adv: -5.2564 Verify: 0.0000
2026-04-24 22:39:33,850 [INFO] pcrl.training.trainer: Epoch 3 [250/612] Loss: 0.5711 Task: 0.5711 Adv: -5.3682 Verify: 0.0000
2026-04-24 22:39:35,742 [INFO] pcrl.training.trainer: Epoch 3 [300/612] Loss: 0.5283 Task: 0.5283 Adv: -5.4010 Verify: 0.0000
2026-04-24 22:39:37,515 [INFO] pcrl.training.trainer: Epoch 3 [350/612] Loss: 0.5096 Task: 0.5096 Adv: -5.1272 Verify: 0.0000
2026-04-24 22:39:39,325 [INFO] pcrl.training.trainer: Epoch 3 [400/612] Loss: 0.5105 Task: 0.5105 Adv: -5.1641 Verify: 0.0000
2026-04-24 22:39:41,107 [INFO] pcrl.training.trainer: Epoch 3 [450/612] Loss: 0.5699 Task: 0.5699 Adv: -5.3400 Verify: 0.0000
2026-04-24 22:39:43,050 [INFO] pcrl.training.trainer: Epoch 3 [500/612] Loss: 0.4975 Task: 0.4975 Adv: -5.2381 Verify: 0.0000
2026-04-24 22:39:44,835 [INFO] pcrl.training.trainer: Epoch 3 [550/612] Loss: 0.5786 Task: 0.5786 Adv: -5.5566 Verify: 0.0000
2026-04-24 22:39:46,625 [INFO] pcrl.training.trainer: Epoch 3 [600/612] Loss: 0.5876 Task: 0.5876 Adv: -5.4024 Verify: 0.0000
2026-04-24 22:39:47,211 [INFO] pcrl.training.trainer: [TRAIN] Epoch 3 - Loss: 0.5707, Task: 0.5707, Adv: -5.2579, Verify: 0.0000, Time: 22.1s
2026-04-24 22:39:47,211 [INFO] pcrl.training.trainer:   Task 'income' accuracy: 0.7775
2026-04-24 22:39:47,211 [INFO] pcrl.training.trainer:   Task 'hours_band' accuracy: 0.9586
2026-04-24 22:39:47,211 [INFO] pcrl.training.trainer:   Task 'education_level' accuracy: 0.9988
2026-04-24 22:39:47,211 [INFO] pcrl.training.trainer:   Auditor 'race' accuracy: 0.6988
2026-04-24 22:39:47,211 [INFO] pcrl.training.trainer:   Auditor 'sex' accuracy: 0.7391
2026-04-24 22:39:47,211 [INFO] pcrl.training.trainer:   Auditor 'age_group' accuracy: 0.7005
2026-04-24 22:39:47,211 [INFO] pcrl.training.trainer:   Auditor 'marital_status' accuracy: 0.7808
2026-04-24 22:39:47,211 [INFO] pcrl.training.trainer:   Auditor 'income' accuracy: 0.7797
2026-04-24 22:39:48,244 [INFO] pcrl.training.trainer: [VAL] Epoch 3 - Loss: 0.4814, Task: 0.4814, Adv: 4.3856, Verify: 0.0000, Time: 1.0s
2026-04-24 22:39:48,245 [INFO] pcrl.training.trainer:   Task 'income' accuracy: 0.7854
2026-04-24 22:39:48,245 [INFO] pcrl.training.trainer:   Task 'hours_band' accuracy: 0.9849
2026-04-24 22:39:48,245 [INFO] pcrl.training.trainer:   Task 'education_level' accuracy: 1.0000
2026-04-24 22:39:48,245 [INFO] pcrl.training.trainer:   Auditor 'race' accuracy: 0.7481
2026-04-24 22:39:48,245 [INFO] pcrl.training.trainer:   Auditor 'sex' accuracy: 0.8600
2026-04-24 22:39:48,245 [INFO] pcrl.training.trainer:   Auditor 'age_group' accuracy: 0.7847
2026-04-24 22:39:48,245 [INFO] pcrl.training.trainer:   Auditor 'marital_status' accuracy: 0.8113
2026-04-24 22:39:48,245 [INFO] pcrl.training.trainer:   Auditor 'income' accuracy: 0.7842
2026-04-24 22:39:48,308 [INFO] pcrl.training.trainer: Saved checkpoint to /home/ubuntu/PCRL/checkpoints/folktables_std_s0/best.pt
2026-04-24 22:39:50,269 [INFO] pcrl.training.trainer: Epoch 4 [50/612] Loss: 0.5293 Task: 0.5293 Adv: -5.4572 Verify: 0.0000
2026-04-24 22:39:52,089 [INFO] pcrl.training.trainer: Epoch 4 [100/612] Loss: 0.5899 Task: 0.5899 Adv: -5.0551 Verify: 0.0000
2026-04-24 22:39:54,014 [INFO] pcrl.training.trainer: Epoch 4 [150/612] Loss: 0.5422 Task: 0.5422 Adv: -5.6385 Verify: 0.0000
2026-04-24 22:39:55,757 [INFO] pcrl.training.trainer: Epoch 4 [200/612] Loss: 0.5320 Task: 0.5320 Adv: -5.1688 Verify: 0.0000
2026-04-24 22:39:57,549 [INFO] pcrl.training.trainer: Epoch 4 [250/612] Loss: 0.5820 Task: 0.5820 Adv: -5.5548 Verify: 0.0000
2026-04-24 22:39:59,360 [INFO] pcrl.training.trainer: Epoch 4 [300/612] Loss: 0.6283 Task: 0.6283 Adv: -5.4979 Verify: 0.0000
2026-04-24 22:40:01,141 [INFO] pcrl.training.trainer: Epoch 4 [350/612] Loss: 0.5402 Task: 0.5402 Adv: -5.3330 Verify: 0.0000
2026-04-24 22:40:03,016 [INFO] pcrl.training.trainer: Epoch 4 [400/612] Loss: 0.5163 Task: 0.5163 Adv: -5.3143 Verify: 0.0000
2026-04-24 22:40:04,782 [INFO] pcrl.training.trainer: Epoch 4 [450/612] Loss: 0.4612 Task: 0.4612 Adv: -5.1847 Verify: 0.0000
2026-04-24 22:40:06,629 [INFO] pcrl.training.trainer: Epoch 4 [500/612] Loss: 0.5260 Task: 0.5260 Adv: -5.4124 Verify: 0.0000
2026-04-24 22:40:08,321 [INFO] pcrl.training.trainer: Epoch 4 [550/612] Loss: 0.5344 Task: 0.5344 Adv: -5.3927 Verify: 0.0000
2026-04-24 22:40:10,014 [INFO] pcrl.training.trainer: Epoch 4 [600/612] Loss: 0.5353 Task: 0.5353 Adv: -5.3686 Verify: 0.0000
2026-04-24 22:40:10,432 [INFO] pcrl.training.trainer: [TRAIN] Epoch 4 - Loss: 0.5550, Task: 0.5550, Adv: -5.3869, Verify: 0.0000, Time: 22.1s
2026-04-24 22:40:10,433 [INFO] pcrl.training.trainer:   Task 'income' accuracy: 0.7801
2026-04-24 22:40:10,433 [INFO] pcrl.training.trainer:   Task 'hours_band' accuracy: 0.9643
2026-04-24 22:40:10,433 [INFO] pcrl.training.trainer:   Task 'education_level' accuracy: 0.9989
2026-04-24 22:40:10,433 [INFO] pcrl.training.trainer:   Auditor 'race' accuracy: 0.6864
2026-04-24 22:40:10,433 [INFO] pcrl.training.trainer:   Auditor 'sex' accuracy: 0.7337
2026-04-24 22:40:10,433 [INFO] pcrl.training.trainer:   Auditor 'age_group' accuracy: 0.6991
2026-04-24 22:40:10,433 [INFO] pcrl.training.trainer:   Auditor 'marital_status' accuracy: 0.7709
2026-04-24 22:40:10,433 [INFO] pcrl.training.trainer:   Auditor 'income' accuracy: 0.7809
2026-04-24 22:40:11,441 [INFO] pcrl.training.trainer: [VAL] Epoch 4 - Loss: 0.4767, Task: 0.4767, Adv: 4.5844, Verify: 0.0000, Time: 1.0s
2026-04-24 22:40:11,441 [INFO] pcrl.training.trainer:   Task 'income' accuracy: 0.7842
2026-04-24 22:40:11,441 [INFO] pcrl.training.trainer:   Task 'hours_band' accuracy: 0.9902
2026-04-24 22:40:11,441 [INFO] pcrl.training.trainer:   Task 'education_level' accuracy: 1.0000
2026-04-24 22:40:11,441 [INFO] pcrl.training.trainer:   Auditor 'race' accuracy: 0.7346
2026-04-24 22:40:11,441 [INFO] pcrl.training.trainer:   Auditor 'sex' accuracy: 0.8262
2026-04-24 22:40:11,441 [INFO] pcrl.training.trainer:   Auditor 'age_group' accuracy: 0.7625
2026-04-24 22:40:11,441 [INFO] pcrl.training.trainer:   Auditor 'marital_status' accuracy: 0.8095
2026-04-24 22:40:11,441 [INFO] pcrl.training.trainer:   Auditor 'income' accuracy: 0.7836
2026-04-24 22:40:11,504 [INFO] pcrl.training.trainer: Saved checkpoint to /home/ubuntu/PCRL/checkpoints/folktables_std_s0/best.pt
2026-04-24 22:40:13,400 [INFO] pcrl.training.trainer: Epoch 5 [50/612] Loss: 0.5356 Task: 0.5356 Adv: -5.2954 Verify: 0.0000
2026-04-24 22:40:15,149 [INFO] pcrl.training.trainer: Epoch 5 [100/612] Loss: 0.5279 Task: 0.5279 Adv: -5.4599 Verify: 0.0000
2026-04-24 22:40:16,909 [INFO] pcrl.training.trainer: Epoch 5 [150/612] Loss: 0.4666 Task: 0.4666 Adv: -5.3014 Verify: 0.0000
2026-04-24 22:40:18,681 [INFO] pcrl.training.trainer: Epoch 5 [200/612] Loss: 0.5384 Task: 0.5384 Adv: -5.4506 Verify: 0.0000
2026-04-24 22:40:20,593 [INFO] pcrl.training.trainer: Epoch 5 [250/612] Loss: 0.5540 Task: 0.5540 Adv: -5.3957 Verify: 0.0000
2026-04-24 22:40:22,366 [INFO] pcrl.training.trainer: Epoch 5 [300/612] Loss: 0.5146 Task: 0.5146 Adv: -5.5321 Verify: 0.0000
2026-04-24 22:40:24,293 [INFO] pcrl.training.trainer: Epoch 5 [350/612] Loss: 0.5563 Task: 0.5563 Adv: -5.4973 Verify: 0.0000
2026-04-24 22:40:26,071 [INFO] pcrl.training.trainer: Epoch 5 [400/612] Loss: 0.5256 Task: 0.5256 Adv: -5.3312 Verify: 0.0000
2026-04-24 22:40:28,010 [INFO] pcrl.training.trainer: Epoch 5 [450/612] Loss: 0.5391 Task: 0.5391 Adv: -5.5604 Verify: 0.0000
2026-04-24 22:40:29,804 [INFO] pcrl.training.trainer: Epoch 5 [500/612] Loss: 0.4625 Task: 0.4625 Adv: -5.5075 Verify: 0.0000
2026-04-24 22:40:31,583 [INFO] pcrl.training.trainer: Epoch 5 [550/612] Loss: 0.5439 Task: 0.5439 Adv: -5.5574 Verify: 0.0000
2026-04-24 22:40:33,353 [INFO] pcrl.training.trainer: Epoch 5 [600/612] Loss: 0.4794 Task: 0.4794 Adv: -5.4031 Verify: 0.0000
2026-04-24 22:40:33,783 [INFO] pcrl.training.trainer: [TRAIN] Epoch 5 - Loss: 0.5466, Task: 0.5466, Adv: -5.5019, Verify: 0.0000, Time: 22.3s
2026-04-24 22:40:33,783 [INFO] pcrl.training.trainer:   Task 'income' accuracy: 0.7810
2026-04-24 22:40:33,783 [INFO] pcrl.training.trainer:   Task 'hours_band' accuracy: 0.9671
2026-04-24 22:40:33,783 [INFO] pcrl.training.trainer:   Task 'education_level' accuracy: 0.9990
2026-04-24 22:40:33,783 [INFO] pcrl.training.trainer:   Auditor 'race' accuracy: 0.6771
2026-04-24 22:40:33,783 [INFO] pcrl.training.trainer:   Auditor 'sex' accuracy: 0.7224
2026-04-24 22:40:33,783 [INFO] pcrl.training.trainer:   Auditor 'age_group' accuracy: 0.6975
2026-04-24 22:40:33,783 [INFO] pcrl.training.trainer:   Auditor 'marital_status' accuracy: 0.7615
2026-04-24 22:40:33,783 [INFO] pcrl.training.trainer:   Auditor 'income' accuracy: 0.7807
2026-04-24 22:40:34,947 [INFO] pcrl.training.trainer: [VAL] Epoch 5 - Loss: 0.5225, Task: 0.5225, Adv: 4.8604, Verify: 0.0000, Time: 1.2s
2026-04-24 22:40:34,947 [INFO] pcrl.training.trainer:   Task 'income' accuracy: 0.7868
2026-04-24 22:40:34,947 [INFO] pcrl.training.trainer:   Task 'hours_band' accuracy: 0.9703
2026-04-24 22:40:34,947 [INFO] pcrl.training.trainer:   Task 'education_level' accuracy: 1.0000
2026-04-24 22:40:34,947 [INFO] pcrl.training.trainer:   Auditor 'race' accuracy: 0.7059
2026-04-24 22:40:34,947 [INFO] pcrl.training.trainer:   Auditor 'sex' accuracy: 0.7852
2026-04-24 22:40:34,947 [INFO] pcrl.training.trainer:   Auditor 'age_group' accuracy: 0.7473
2026-04-24 22:40:34,947 [INFO] pcrl.training.trainer:   Auditor 'marital_status' accuracy: 0.7996
2026-04-24 22:40:34,947 [INFO] pcrl.training.trainer:   Auditor 'income' accuracy: 0.7860
2026-04-24 22:40:36,703 [INFO] pcrl.training.trainer: Epoch 6 [50/612] Loss: 0.5227 Task: 0.5227 Adv: -5.3200 Verify: 0.0000
2026-04-24 22:40:38,559 [INFO] pcrl.training.trainer: Epoch 6 [100/612] Loss: 0.5594 Task: 0.5594 Adv: -5.5933 Verify: 0.0000
2026-04-24 22:40:40,306 [INFO] pcrl.training.trainer: Epoch 6 [150/612] Loss: 0.5618 Task: 0.5618 Adv: -5.7208 Verify: 0.0000
2026-04-24 22:40:42,006 [INFO] pcrl.training.trainer: Epoch 6 [200/612] Loss: 0.5207 Task: 0.5207 Adv: -5.9324 Verify: 0.0000
2026-04-24 22:40:43,700 [INFO] pcrl.training.trainer: Epoch 6 [250/612] Loss: 0.5403 Task: 0.5403 Adv: -5.6399 Verify: 0.0000
2026-04-24 22:40:45,448 [INFO] pcrl.training.trainer: Epoch 6 [300/612] Loss: 0.5213 Task: 0.5213 Adv: -5.4707 Verify: 0.0000
2026-04-24 22:40:47,168 [INFO] pcrl.training.trainer: Epoch 6 [350/612] Loss: 0.5477 Task: 0.5477 Adv: -5.6303 Verify: 0.0000
2026-04-24 22:40:48,955 [INFO] pcrl.training.trainer: Epoch 6 [400/612] Loss: 0.4850 Task: 0.4850 Adv: -5.3787 Verify: 0.0000
2026-04-24 22:40:50,872 [INFO] pcrl.training.trainer: Epoch 6 [450/612] Loss: 0.5053 Task: 0.5053 Adv: -5.4600 Verify: 0.0000
2026-04-24 22:40:52,633 [INFO] pcrl.training.trainer: Epoch 6 [500/612] Loss: 0.5341 Task: 0.5341 Adv: -5.5751 Verify: 0.0000
2026-04-24 22:40:54,394 [INFO] pcrl.training.trainer: Epoch 6 [550/612] Loss: 0.5971 Task: 0.5971 Adv: -5.5693 Verify: 0.0000
2026-04-24 22:40:56,224 [INFO] pcrl.training.trainer: Epoch 6 [600/612] Loss: 0.4594 Task: 0.4594 Adv: -5.5436 Verify: 0.0000
2026-04-24 22:40:56,667 [INFO] pcrl.training.trainer: [TRAIN] Epoch 6 - Loss: 0.5394, Task: 0.5394, Adv: -5.5773, Verify: 0.0000, Time: 21.7s
2026-04-24 22:40:56,668 [INFO] pcrl.training.trainer:   Task 'income' accuracy: 0.7816
2026-04-24 22:40:56,668 [INFO] pcrl.training.trainer:   Task 'hours_band' accuracy: 0.9695
2026-04-24 22:40:56,668 [INFO] pcrl.training.trainer:   Task 'education_level' accuracy: 0.9993
2026-04-24 22:40:56,668 [INFO] pcrl.training.trainer:   Auditor 'race' accuracy: 0.6698
2026-04-24 22:40:56,668 [INFO] pcrl.training.trainer:   Auditor 'sex' accuracy: 0.7174
2026-04-24 22:40:56,668 [INFO] pcrl.training.trainer:   Auditor 'age_group' accuracy: 0.6962
2026-04-24 22:40:56,668 [INFO] pcrl.training.trainer:   Auditor 'marital_status' accuracy: 0.7555
2026-04-24 22:40:56,668 [INFO] pcrl.training.trainer:   Auditor 'income' accuracy: 0.7815
2026-04-24 22:40:57,847 [INFO] pcrl.training.trainer: [VAL] Epoch 6 - Loss: 0.4771, Task: 0.4771, Adv: 4.8675, Verify: 0.0000, Time: 1.2s
2026-04-24 22:40:57,847 [INFO] pcrl.training.trainer:   Task 'income' accuracy: 0.7859
2026-04-24 22:40:57,847 [INFO] pcrl.training.trainer:   Task 'hours_band' accuracy: 0.9868
2026-04-24 22:40:57,847 [INFO] pcrl.training.trainer:   Task 'education_level' accuracy: 1.0000
2026-04-24 22:40:57,847 [INFO] pcrl.training.trainer:   Auditor 'race' accuracy: 0.6990
2026-04-24 22:40:57,847 [INFO] pcrl.training.trainer:   Auditor 'sex' accuracy: 0.7964
2026-04-24 22:40:57,847 [INFO] pcrl.training.trainer:   Auditor 'age_group' accuracy: 0.7729
2026-04-24 22:40:57,847 [INFO] pcrl.training.trainer:   Auditor 'marital_status' accuracy: 0.7812
2026-04-24 22:40:57,847 [INFO] pcrl.training.trainer:   Auditor 'income' accuracy: 0.7862
2026-04-24 22:40:59,640 [INFO] pcrl.training.trainer: Epoch 7 [50/612] Loss: 0.6297 Task: 0.6297 Adv: -5.6490 Verify: 0.0000
2026-04-24 22:41:01,423 [INFO] pcrl.training.trainer: Epoch 7 [100/612] Loss: 0.4904 Task: 0.4904 Adv: -5.6193 Verify: 0.0000
2026-04-24 22:41:03,225 [INFO] pcrl.training.trainer: Epoch 7 [150/612] Loss: 0.4984 Task: 0.4984 Adv: -5.4903 Verify: 0.0000
2026-04-24 22:41:05,012 [INFO] pcrl.training.trainer: Epoch 7 [200/612] Loss: 0.4630 Task: 0.4630 Adv: -5.8035 Verify: 0.0000
2026-04-24 22:41:06,968 [INFO] pcrl.training.trainer: Epoch 7 [250/612] Loss: 0.5912 Task: 0.5912 Adv: -5.8515 Verify: 0.0000
2026-04-24 22:41:08,755 [INFO] pcrl.training.trainer: Epoch 7 [300/612] Loss: 0.5245 Task: 0.5245 Adv: -5.5313 Verify: 0.0000
2026-04-24 22:41:10,536 [INFO] pcrl.training.trainer: Epoch 7 [350/612] Loss: 0.5508 Task: 0.5508 Adv: -5.6551 Verify: 0.0000
2026-04-24 22:41:12,415 [INFO] pcrl.training.trainer: Epoch 7 [400/612] Loss: 0.5601 Task: 0.5601 Adv: -5.7566 Verify: 0.0000
2026-04-24 22:41:14,159 [INFO] pcrl.training.trainer: Epoch 7 [450/612] Loss: 0.4675 Task: 0.4675 Adv: -5.6219 Verify: 0.0000
2026-04-24 22:41:15,857 [INFO] pcrl.training.trainer: Epoch 7 [500/612] Loss: 0.5074 Task: 0.5074 Adv: -5.4635 Verify: 0.0000
2026-04-24 22:41:17,730 [INFO] pcrl.training.trainer: Epoch 7 [550/612] Loss: 0.5402 Task: 0.5402 Adv: -5.6942 Verify: 0.0000
2026-04-24 22:41:19,491 [INFO] pcrl.training.trainer: Epoch 7 [600/612] Loss: 0.5538 Task: 0.5538 Adv: -5.7809 Verify: 0.0000
2026-04-24 22:41:19,916 [INFO] pcrl.training.trainer: [TRAIN] Epoch 7 - Loss: 0.5327, Task: 0.5327, Adv: -5.6063, Verify: 0.0000, Time: 22.1s
2026-04-24 22:41:19,917 [INFO] pcrl.training.trainer:   Task 'income' accuracy: 0.7824
2026-04-24 22:41:19,917 [INFO] pcrl.training.trainer:   Task 'hours_band' accuracy: 0.9723
2026-04-24 22:41:19,917 [INFO] pcrl.training.trainer:   Task 'education_level' accuracy: 0.9993
2026-04-24 22:41:19,917 [INFO] pcrl.training.trainer:   Auditor 'race' accuracy: 0.6657
2026-04-24 22:41:19,917 [INFO] pcrl.training.trainer:   Auditor 'sex' accuracy: 0.7157
2026-04-24 22:41:19,917 [INFO] pcrl.training.trainer:   Auditor 'age_group' accuracy: 0.6995
2026-04-24 22:41:19,917 [INFO] pcrl.training.trainer:   Auditor 'marital_status' accuracy: 0.7506
2026-04-24 22:41:19,917 [INFO] pcrl.training.trainer:   Auditor 'income' accuracy: 0.7822
2026-04-24 22:41:21,079 [INFO] pcrl.training.trainer: [VAL] Epoch 7 - Loss: 0.4967, Task: 0.4967, Adv: 5.1270, Verify: 0.0000, Time: 1.2s
2026-04-24 22:41:21,079 [INFO] pcrl.training.trainer:   Task 'income' accuracy: 0.7841
2026-04-24 22:41:21,079 [INFO] pcrl.training.trainer:   Task 'hours_band' accuracy: 0.9870
2026-04-24 22:41:21,079 [INFO] pcrl.training.trainer:   Task 'education_level' accuracy: 1.0000
2026-04-24 22:41:21,079 [INFO] pcrl.training.trainer:   Auditor 'race' accuracy: 0.6630
2026-04-24 22:41:21,079 [INFO] pcrl.training.trainer:   Auditor 'sex' accuracy: 0.7685
2026-04-24 22:41:21,079 [INFO] pcrl.training.trainer:   Auditor 'age_group' accuracy: 0.7714
2026-04-24 22:41:21,079 [INFO] pcrl.training.trainer:   Auditor 'marital_status' accuracy: 0.7677
2026-04-24 22:41:21,079 [INFO] pcrl.training.trainer:   Auditor 'income' accuracy: 0.7859
2026-04-24 22:41:22,971 [INFO] pcrl.training.trainer: Epoch 8 [50/612] Loss: 0.7165 Task: 0.7165 Adv: -5.6514 Verify: 0.0000
2026-04-24 22:41:24,683 [INFO] pcrl.training.trainer: Epoch 8 [100/612] Loss: 0.4922 Task: 0.4922 Adv: -5.3619 Verify: 0.0000
2026-04-24 22:41:26,563 [INFO] pcrl.training.trainer: Epoch 8 [150/612] Loss: 0.5291 Task: 0.5291 Adv: -5.7650 Verify: 0.0000
2026-04-24 22:41:28,334 [INFO] pcrl.training.trainer: Epoch 8 [200/612] Loss: 0.5371 Task: 0.5371 Adv: -5.7437 Verify: 0.0000
2026-04-24 22:41:30,107 [INFO] pcrl.training.trainer: Epoch 8 [250/612] Loss: 0.5919 Task: 0.5919 Adv: -5.7514 Verify: 0.0000
2026-04-24 22:41:31,889 [INFO] pcrl.training.trainer: Epoch 8 [300/612] Loss: 0.5636 Task: 0.5636 Adv: -5.6949 Verify: 0.0000
2026-04-24 22:41:33,668 [INFO] pcrl.training.trainer: Epoch 8 [350/612] Loss: 0.5327 Task: 0.5327 Adv: -5.6409 Verify: 0.0000
2026-04-24 22:41:35,431 [INFO] pcrl.training.trainer: Epoch 8 [400/612] Loss: 0.5424 Task: 0.5424 Adv: -5.6660 Verify: 0.0000
2026-04-24 22:41:37,213 [INFO] pcrl.training.trainer: Epoch 8 [450/612] Loss: 0.4998 Task: 0.4998 Adv: -5.8040 Verify: 0.0000
2026-04-24 22:41:39,163 [INFO] pcrl.training.trainer: Epoch 8 [500/612] Loss: 0.5524 Task: 0.5524 Adv: -5.7005 Verify: 0.0000
2026-04-24 22:41:40,955 [INFO] pcrl.training.trainer: Epoch 8 [550/612] Loss: 0.4514 Task: 0.4514 Adv: -5.7835 Verify: 0.0000
2026-04-24 22:41:42,717 [INFO] pcrl.training.trainer: Epoch 8 [600/612] Loss: 0.5789 Task: 0.5789 Adv: -5.6723 Verify: 0.0000
2026-04-24 22:41:43,145 [INFO] pcrl.training.trainer: [TRAIN] Epoch 8 - Loss: 0.5271, Task: 0.5271, Adv: -5.6531, Verify: 0.0000, Time: 22.1s
2026-04-24 22:41:43,145 [INFO] pcrl.training.trainer:   Task 'income' accuracy: 0.7831
2026-04-24 22:41:43,145 [INFO] pcrl.training.trainer:   Task 'hours_band' accuracy: 0.9740
2026-04-24 22:41:43,145 [INFO] pcrl.training.trainer:   Task 'education_level' accuracy: 0.9994
2026-04-24 22:41:43,145 [INFO] pcrl.training.trainer:   Auditor 'race' accuracy: 0.6628
2026-04-24 22:41:43,145 [INFO] pcrl.training.trainer:   Auditor 'sex' accuracy: 0.7140
2026-04-24 22:41:43,145 [INFO] pcrl.training.trainer:   Auditor 'age_group' accuracy: 0.6953
2026-04-24 22:41:43,145 [INFO] pcrl.training.trainer:   Auditor 'marital_status' accuracy: 0.7460
2026-04-24 22:41:43,145 [INFO] pcrl.training.trainer:   Auditor 'income' accuracy: 0.7833
2026-04-24 22:41:44,148 [INFO] pcrl.training.trainer: [VAL] Epoch 8 - Loss: 0.4787, Task: 0.4787, Adv: 5.0323, Verify: 0.0000, Time: 1.0s
2026-04-24 22:41:44,148 [INFO] pcrl.training.trainer:   Task 'income' accuracy: 0.7874
2026-04-24 22:41:44,148 [INFO] pcrl.training.trainer:   Task 'hours_band' accuracy: 0.9924
2026-04-24 22:41:44,148 [INFO] pcrl.training.trainer:   Task 'education_level' accuracy: 1.0000
2026-04-24 22:41:44,148 [INFO] pcrl.training.trainer:   Auditor 'race' accuracy: 0.6896
2026-04-24 22:41:44,148 [INFO] pcrl.training.trainer:   Auditor 'sex' accuracy: 0.7959
2026-04-24 22:41:44,148 [INFO] pcrl.training.trainer:   Auditor 'age_group' accuracy: 0.7804
2026-04-24 22:41:44,148 [INFO] pcrl.training.trainer:   Auditor 'marital_status' accuracy: 0.7847
2026-04-24 22:41:44,148 [INFO] pcrl.training.trainer:   Auditor 'income' accuracy: 0.7865
2026-04-24 22:41:46,014 [INFO] pcrl.training.trainer: Epoch 9 [50/612] Loss: 0.4834 Task: 0.4834 Adv: -5.6294 Verify: 0.0000
2026-04-24 22:41:47,696 [INFO] pcrl.training.trainer: Epoch 9 [100/612] Loss: 0.4889 Task: 0.4889 Adv: -5.5838 Verify: 0.0000
2026-04-24 22:41:49,387 [INFO] pcrl.training.trainer: Epoch 9 [150/612] Loss: 0.6034 Task: 0.6034 Adv: -5.6276 Verify: 0.0000
2026-04-24 22:41:51,073 [INFO] pcrl.training.trainer: Epoch 9 [200/612] Loss: 0.5173 Task: 0.5173 Adv: -5.4087 Verify: 0.0000
2026-04-24 22:41:52,754 [INFO] pcrl.training.trainer: Epoch 9 [250/612] Loss: 0.5295 Task: 0.5295 Adv: -5.3396 Verify: 0.0000
2026-04-24 22:41:54,435 [INFO] pcrl.training.trainer: Epoch 9 [300/612] Loss: 0.4979 Task: 0.4979 Adv: -5.4861 Verify: 0.0000
2026-04-24 22:41:56,267 [INFO] pcrl.training.trainer: Epoch 9 [350/612] Loss: 0.5065 Task: 0.5065 Adv: -5.6436 Verify: 0.0000
2026-04-24 22:41:58,031 [INFO] pcrl.training.trainer: Epoch 9 [400/612] Loss: 0.5938 Task: 0.5938 Adv: -5.5664 Verify: 0.0000
2026-04-24 22:41:59,823 [INFO] pcrl.training.trainer: Epoch 9 [450/612] Loss: 0.4788 Task: 0.4788 Adv: -5.8124 Verify: 0.0000
2026-04-24 22:42:01,612 [INFO] pcrl.training.trainer: Epoch 9 [500/612] Loss: 0.4635 Task: 0.4635 Adv: -5.5523 Verify: 0.0000
2026-04-24 22:42:03,552 [INFO] pcrl.training.trainer: Epoch 9 [550/612] Loss: 0.5305 Task: 0.5305 Adv: -5.7172 Verify: 0.0000
2026-04-24 22:42:05,337 [INFO] pcrl.training.trainer: Epoch 9 [600/612] Loss: 0.6590 Task: 0.6590 Adv: -5.5905 Verify: 0.0000
2026-04-24 22:42:05,772 [INFO] pcrl.training.trainer: [TRAIN] Epoch 9 - Loss: 0.5215, Task: 0.5215, Adv: -5.6650, Verify: 0.0000, Time: 21.6s
2026-04-24 22:42:05,773 [INFO] pcrl.training.trainer:   Task 'income' accuracy: 0.7818
2026-04-24 22:42:05,773 [INFO] pcrl.training.trainer:   Task 'hours_band' accuracy: 0.9760
2026-04-24 22:42:05,773 [INFO] pcrl.training.trainer:   Task 'education_level' accuracy: 0.9994
2026-04-24 22:42:05,773 [INFO] pcrl.training.trainer:   Auditor 'race' accuracy: 0.6604
2026-04-24 22:42:05,773 [INFO] pcrl.training.trainer:   Auditor 'sex' accuracy: 0.7126
2026-04-24 22:42:05,773 [INFO] pcrl.training.trainer:   Auditor 'age_group' accuracy: 0.6971
2026-04-24 22:42:05,773 [INFO] pcrl.training.trainer:   Auditor 'marital_status' accuracy: 0.7444
2026-04-24 22:42:05,773 [INFO] pcrl.training.trainer:   Auditor 'income' accuracy: 0.7828
2026-04-24 22:42:06,953 [INFO] pcrl.training.trainer: [VAL] Epoch 9 - Loss: 0.4789, Task: 0.4789, Adv: 5.0545, Verify: 0.0000, Time: 1.2s
2026-04-24 22:42:06,953 [INFO] pcrl.training.trainer:   Task 'income' accuracy: 0.7868
2026-04-24 22:42:06,953 [INFO] pcrl.training.trainer:   Task 'hours_band' accuracy: 0.9877
2026-04-24 22:42:06,953 [INFO] pcrl.training.trainer:   Task 'education_level' accuracy: 1.0000
2026-04-24 22:42:06,953 [INFO] pcrl.training.trainer:   Auditor 'race' accuracy: 0.7018
2026-04-24 22:42:06,953 [INFO] pcrl.training.trainer:   Auditor 'sex' accuracy: 0.7680
2026-04-24 22:42:06,953 [INFO] pcrl.training.trainer:   Auditor 'age_group' accuracy: 0.7688
2026-04-24 22:42:06,953 [INFO] pcrl.training.trainer:   Auditor 'marital_status' accuracy: 0.7703
2026-04-24 22:42:06,953 [INFO] pcrl.training.trainer:   Auditor 'income' accuracy: 0.7883
2026-04-24 22:42:06,992 [INFO] pcrl.training.trainer: Saved checkpoint to /home/ubuntu/PCRL/checkpoints/folktables_std_s0/epoch_10.pt
2026-04-24 22:42:08,800 [INFO] pcrl.training.trainer: Epoch 10 [50/612] Loss: 0.5075 Task: 0.5075 Adv: -5.6614 Verify: 0.0000
2026-04-24 22:42:10,578 [INFO] pcrl.training.trainer: Epoch 10 [100/612] Loss: 0.5072 Task: 0.5072 Adv: -5.6388 Verify: 0.0000
2026-04-24 22:42:12,512 [INFO] pcrl.training.trainer: Epoch 10 [150/612] Loss: 0.7370 Task: 0.7370 Adv: -5.6562 Verify: 0.0000
2026-04-24 22:42:14,295 [INFO] pcrl.training.trainer: Epoch 10 [200/612] Loss: 0.6104 Task: 0.6104 Adv: -5.8039 Verify: 0.0000
2026-04-24 22:42:16,219 [INFO] pcrl.training.trainer: Epoch 10 [250/612] Loss: 0.4922 Task: 0.4922 Adv: -5.6684 Verify: 0.0000
2026-04-24 22:42:17,987 [INFO] pcrl.training.trainer: Epoch 10 [300/612] Loss: 0.5026 Task: 0.5026 Adv: -5.5972 Verify: 0.0000
2026-04-24 22:42:19,763 [INFO] pcrl.training.trainer: Epoch 10 [350/612] Loss: 0.5244 Task: 0.5244 Adv: -5.6085 Verify: 0.0000
2026-04-24 22:42:21,523 [INFO] pcrl.training.trainer: Epoch 10 [400/612] Loss: 0.5104 Task: 0.5104 Adv: -5.5535 Verify: 0.0000
2026-04-24 22:42:23,261 [INFO] pcrl.training.trainer: Epoch 10 [450/612] Loss: 0.5816 Task: 0.5816 Adv: -5.5705 Verify: 0.0000
2026-04-24 22:42:24,929 [INFO] pcrl.training.trainer: Epoch 10 [500/612] Loss: 0.4609 Task: 0.4609 Adv: -5.5344 Verify: 0.0000
2026-04-24 22:42:26,617 [INFO] pcrl.training.trainer: Epoch 10 [550/612] Loss: 0.5076 Task: 0.5076 Adv: -5.5711 Verify: 0.0000
2026-04-24 22:42:28,515 [INFO] pcrl.training.trainer: Epoch 10 [600/612] Loss: 0.5040 Task: 0.5040 Adv: -5.5245 Verify: 0.0000
2026-04-24 22:42:28,930 [INFO] pcrl.training.trainer: [TRAIN] Epoch 10 - Loss: 0.5227, Task: 0.5227, Adv: -5.6680, Verify: 0.0000, Time: 21.9s
2026-04-24 22:42:28,930 [INFO] pcrl.training.trainer:   Task 'income' accuracy: 0.7832
2026-04-24 22:42:28,930 [INFO] pcrl.training.trainer:   Task 'hours_band' accuracy: 0.9755
2026-04-24 22:42:28,930 [INFO] pcrl.training.trainer:   Task 'education_level' accuracy: 0.9995
2026-04-24 22:42:28,930 [INFO] pcrl.training.trainer:   Auditor 'race' accuracy: 0.6596
2026-04-24 22:42:28,930 [INFO] pcrl.training.trainer:   Auditor 'sex' accuracy: 0.7115
2026-04-24 22:42:28,930 [INFO] pcrl.training.trainer:   Auditor 'age_group' accuracy: 0.6978
2026-04-24 22:42:28,930 [INFO] pcrl.training.trainer:   Auditor 'marital_status' accuracy: 0.7438
2026-04-24 22:42:28,930 [INFO] pcrl.training.trainer:   Auditor 'income' accuracy: 0.7837
2026-04-24 22:42:29,942 [INFO] pcrl.training.trainer: [VAL] Epoch 10 - Loss: 0.4777, Task: 0.4777, Adv: 5.0253, Verify: 0.0000, Time: 1.0s
2026-04-24 22:42:29,942 [INFO] pcrl.training.trainer:   Task 'income' accuracy: 0.7868
2026-04-24 22:42:29,942 [INFO] pcrl.training.trainer:   Task 'hours_band' accuracy: 0.9854
2026-04-24 22:42:29,942 [INFO] pcrl.training.trainer:   Task 'education_level' accuracy: 1.0000
2026-04-24 22:42:29,942 [INFO] pcrl.training.trainer:   Auditor 'race' accuracy: 0.7100
2026-04-24 22:42:29,942 [INFO] pcrl.training.trainer:   Auditor 'sex' accuracy: 0.7906
2026-04-24 22:42:29,942 [INFO] pcrl.training.trainer:   Auditor 'age_group' accuracy: 0.7695
2026-04-24 22:42:29,942 [INFO] pcrl.training.trainer:   Auditor 'marital_status' accuracy: 0.7728
2026-04-24 22:42:29,942 [INFO] pcrl.training.trainer:   Auditor 'income' accuracy: 0.7872
2026-04-24 22:42:31,884 [INFO] pcrl.training.trainer: Epoch 11 [50/612] Loss: 0.5766 Task: 0.5766 Adv: -5.4781 Verify: 0.0000
2026-04-24 22:42:33,693 [INFO] pcrl.training.trainer: Epoch 11 [100/612] Loss: 0.4833 Task: 0.4833 Adv: -5.5186 Verify: 0.0000
2026-04-24 22:42:35,457 [INFO] pcrl.training.trainer: Epoch 11 [150/612] Loss: 0.5590 Task: 0.5590 Adv: -5.8440 Verify: 0.0000
2026-04-24 22:42:37,190 [INFO] pcrl.training.trainer: Epoch 11 [200/612] Loss: 0.5226 Task: 0.5226 Adv: -5.7400 Verify: 0.0000
2026-04-24 22:42:38,962 [INFO] pcrl.training.trainer: Epoch 11 [250/612] Loss: 0.5096 Task: 0.5096 Adv: -5.6377 Verify: 0.0000
2026-04-24 22:42:40,726 [INFO] pcrl.training.trainer: Epoch 11 [300/612] Loss: 0.4476 Task: 0.4476 Adv: -5.6453 Verify: 0.0000
2026-04-24 22:42:42,495 [INFO] pcrl.training.trainer: Epoch 11 [350/612] Loss: 0.4578 Task: 0.4578 Adv: -5.5818 Verify: 0.0000
2026-04-24 22:42:44,407 [INFO] pcrl.training.trainer: Epoch 11 [400/612] Loss: 0.5274 Task: 0.5274 Adv: -5.7437 Verify: 0.0000
2026-04-24 22:42:46,173 [INFO] pcrl.training.trainer: Epoch 11 [450/612] Loss: 0.5044 Task: 0.5044 Adv: -5.8985 Verify: 0.0000
2026-04-24 22:42:47,936 [INFO] pcrl.training.trainer: Epoch 11 [500/612] Loss: 0.4947 Task: 0.4947 Adv: -5.7589 Verify: 0.0000
2026-04-24 22:42:49,704 [INFO] pcrl.training.trainer: Epoch 11 [550/612] Loss: 0.4178 Task: 0.4178 Adv: -5.6557 Verify: 0.0000
2026-04-24 22:42:51,612 [INFO] pcrl.training.trainer: Epoch 11 [600/612] Loss: 0.4873 Task: 0.4873 Adv: -5.6647 Verify: 0.0000
2026-04-24 22:42:52,039 [INFO] pcrl.training.trainer: [TRAIN] Epoch 11 - Loss: 0.5182, Task: 0.5182, Adv: -5.6725, Verify: 0.0000, Time: 22.1s
2026-04-24 22:42:52,039 [INFO] pcrl.training.trainer:   Task 'income' accuracy: 0.7829
2026-04-24 22:42:52,039 [INFO] pcrl.training.trainer:   Task 'hours_band' accuracy: 0.9772
2026-04-24 22:42:52,039 [INFO] pcrl.training.trainer:   Task 'education_level' accuracy: 0.9996
2026-04-24 22:42:52,039 [INFO] pcrl.training.trainer:   Auditor 'race' accuracy: 0.6602
2026-04-24 22:42:52,039 [INFO] pcrl.training.trainer:   Auditor 'sex' accuracy: 0.7129
2026-04-24 22:42:52,039 [INFO] pcrl.training.trainer:   Auditor 'age_group' accuracy: 0.6955
2026-04-24 22:42:52,039 [INFO] pcrl.training.trainer:   Auditor 'marital_status' accuracy: 0.7417
2026-04-24 22:42:52,039 [INFO] pcrl.training.trainer:   Auditor 'income' accuracy: 0.7830
2026-04-24 22:42:53,060 [INFO] pcrl.training.trainer: [VAL] Epoch 11 - Loss: 0.4698, Task: 0.4698, Adv: 5.1691, Verify: 0.0000, Time: 1.0s
2026-04-24 22:42:53,060 [INFO] pcrl.training.trainer:   Task 'income' accuracy: 0.7888
2026-04-24 22:42:53,060 [INFO] pcrl.training.trainer:   Task 'hours_band' accuracy: 0.9893
2026-04-24 22:42:53,060 [INFO] pcrl.training.trainer:   Task 'education_level' accuracy: 1.0000
2026-04-24 22:42:53,060 [INFO] pcrl.training.trainer:   Auditor 'race' accuracy: 0.6927
2026-04-24 22:42:53,060 [INFO] pcrl.training.trainer:   Auditor 'sex' accuracy: 0.7878
2026-04-24 22:42:53,060 [INFO] pcrl.training.trainer:   Auditor 'age_group' accuracy: 0.7663
2026-04-24 22:42:53,060 [INFO] pcrl.training.trainer:   Auditor 'marital_status' accuracy: 0.7732
2026-04-24 22:42:53,060 [INFO] pcrl.training.trainer:   Auditor 'income' accuracy: 0.7888
2026-04-24 22:42:53,124 [INFO] pcrl.training.trainer: Saved checkpoint to /home/ubuntu/PCRL/checkpoints/folktables_std_s0/best.pt
2026-04-24 22:42:54,893 [INFO] pcrl.training.trainer: Epoch 12 [50/612] Loss: 0.4597 Task: 0.4597 Adv: -5.8493 Verify: 0.0000
2026-04-24 22:42:56,813 [INFO] pcrl.training.trainer: Epoch 12 [100/612] Loss: 0.4789 Task: 0.4789 Adv: -5.8197 Verify: 0.0000
2026-04-24 22:42:58,618 [INFO] pcrl.training.trainer: Epoch 12 [150/612] Loss: 0.4842 Task: 0.4842 Adv: -5.7953 Verify: 0.0000
2026-04-24 22:43:00,541 [INFO] pcrl.training.trainer: Epoch 12 [200/612] Loss: 0.4450 Task: 0.4450 Adv: -5.9074 Verify: 0.0000
2026-04-24 22:43:02,332 [INFO] pcrl.training.trainer: Epoch 12 [250/612] Loss: 0.4735 Task: 0.4735 Adv: -5.7948 Verify: 0.0000
2026-04-24 22:43:04,256 [INFO] pcrl.training.trainer: Epoch 12 [300/612] Loss: 0.5791 Task: 0.5791 Adv: -5.6746 Verify: 0.0000
2026-04-24 22:43:06,044 [INFO] pcrl.training.trainer: Epoch 12 [350/612] Loss: 0.6209 Task: 0.6209 Adv: -5.6021 Verify: 0.0000
2026-04-24 22:43:07,828 [INFO] pcrl.training.trainer: Epoch 12 [400/612] Loss: 0.4830 Task: 0.4830 Adv: -5.6450 Verify: 0.0000
2026-04-24 22:43:09,612 [INFO] pcrl.training.trainer: Epoch 12 [450/612] Loss: 0.5419 Task: 0.5419 Adv: -5.6612 Verify: 0.0000
2026-04-24 22:43:11,393 [INFO] pcrl.training.trainer: Epoch 12 [500/612] Loss: 0.5270 Task: 0.5270 Adv: -5.6841 Verify: 0.0000
2026-04-24 22:43:13,171 [INFO] pcrl.training.trainer: Epoch 12 [550/612] Loss: 0.4723 Task: 0.4723 Adv: -5.7255 Verify: 0.0000
2026-04-24 22:43:14,946 [INFO] pcrl.training.trainer: Epoch 12 [600/612] Loss: 0.4904 Task: 0.4904 Adv: -5.5558 Verify: 0.0000
2026-04-24 22:43:15,378 [INFO] pcrl.training.trainer: [TRAIN] Epoch 12 - Loss: 0.5136, Task: 0.5136, Adv: -5.6788, Verify: 0.0000, Time: 22.3s
2026-04-24 22:43:15,378 [INFO] pcrl.training.trainer:   Task 'income' accuracy: 0.7838
2026-04-24 22:43:15,378 [INFO] pcrl.training.trainer:   Task 'hours_band' accuracy: 0.9780
2026-04-24 22:43:15,378 [INFO] pcrl.training.trainer:   Task 'education_level' accuracy: 0.9996
2026-04-24 22:43:15,378 [INFO] pcrl.training.trainer:   Auditor 'race' accuracy: 0.6584
2026-04-24 22:43:15,378 [INFO] pcrl.training.trainer:   Auditor 'sex' accuracy: 0.7123
2026-04-24 22:43:15,378 [INFO] pcrl.training.trainer:   Auditor 'age_group' accuracy: 0.6966
2026-04-24 22:43:15,378 [INFO] pcrl.training.trainer:   Auditor 'marital_status' accuracy: 0.7442
2026-04-24 22:43:15,378 [INFO] pcrl.training.trainer:   Auditor 'income' accuracy: 0.7831
2026-04-24 22:43:16,548 [INFO] pcrl.training.trainer: [VAL] Epoch 12 - Loss: 0.4754, Task: 0.4754, Adv: 5.1852, Verify: 0.0000, Time: 1.2s
2026-04-24 22:43:16,548 [INFO] pcrl.training.trainer:   Task 'income' accuracy: 0.7884
2026-04-24 22:43:16,548 [INFO] pcrl.training.trainer:   Task 'hours_band' accuracy: 0.9843
2026-04-24 22:43:16,548 [INFO] pcrl.training.trainer:   Task 'education_level' accuracy: 1.0000
2026-04-24 22:43:16,548 [INFO] pcrl.training.trainer:   Auditor 'race' accuracy: 0.7012
2026-04-24 22:43:16,548 [INFO] pcrl.training.trainer:   Auditor 'sex' accuracy: 0.7565
2026-04-24 22:43:16,548 [INFO] pcrl.training.trainer:   Auditor 'age_group' accuracy: 0.7774
2026-04-24 22:43:16,548 [INFO] pcrl.training.trainer:   Auditor 'marital_status' accuracy: 0.7653
2026-04-24 22:43:16,548 [INFO] pcrl.training.trainer:   Auditor 'income' accuracy: 0.7876
2026-04-24 22:43:18,335 [INFO] pcrl.training.trainer: Epoch 13 [50/612] Loss: 0.4676 Task: 0.4676 Adv: -5.6920 Verify: 0.0000
2026-04-24 22:43:20,256 [INFO] pcrl.training.trainer: Epoch 13 [100/612] Loss: 0.5631 Task: 0.5631 Adv: -5.6922 Verify: 0.0000
2026-04-24 22:43:22,032 [INFO] pcrl.training.trainer: Epoch 13 [150/612] Loss: 0.3909 Task: 0.3909 Adv: -5.8105 Verify: 0.0000
2026-04-24 22:43:23,798 [INFO] pcrl.training.trainer: Epoch 13 [200/612] Loss: 0.5307 Task: 0.5307 Adv: -5.5365 Verify: 0.0000
2026-04-24 22:43:25,569 [INFO] pcrl.training.trainer: Epoch 13 [250/612] Loss: 0.5194 Task: 0.5194 Adv: -5.6932 Verify: 0.0000
2026-04-24 22:43:27,343 [INFO] pcrl.training.trainer: Epoch 13 [300/612] Loss: 0.4702 Task: 0.4702 Adv: -5.8283 Verify: 0.0000
2026-04-24 22:43:29,111 [INFO] pcrl.training.trainer: Epoch 13 [350/612] Loss: 0.5176 Task: 0.5176 Adv: -5.8387 Verify: 0.0000
2026-04-24 22:43:30,874 [INFO] pcrl.training.trainer: Epoch 13 [400/612] Loss: 0.5348 Task: 0.5348 Adv: -5.8079 Verify: 0.0000
2026-04-24 22:43:32,787 [INFO] pcrl.training.trainer: Epoch 13 [450/612] Loss: 0.5241 Task: 0.5241 Adv: -5.6713 Verify: 0.0000
2026-04-24 22:43:34,542 [INFO] pcrl.training.trainer: Epoch 13 [500/612] Loss: 0.5083 Task: 0.5083 Adv: -5.5074 Verify: 0.0000
2026-04-24 22:43:36,303 [INFO] pcrl.training.trainer: Epoch 13 [550/612] Loss: 0.5233 Task: 0.5233 Adv: -5.7496 Verify: 0.0000
2026-04-24 22:43:38,224 [INFO] pcrl.training.trainer: Epoch 13 [600/612] Loss: 0.5431 Task: 0.5431 Adv: -5.6946 Verify: 0.0000
2026-04-24 22:43:38,658 [INFO] pcrl.training.trainer: [TRAIN] Epoch 13 - Loss: 0.5130, Task: 0.5130, Adv: -5.6982, Verify: 0.0000, Time: 22.1s
2026-04-24 22:43:38,658 [INFO] pcrl.training.trainer:   Task 'income' accuracy: 0.7832
2026-04-24 22:43:38,658 [INFO] pcrl.training.trainer:   Task 'hours_band' accuracy: 0.9787
2026-04-24 22:43:38,658 [INFO] pcrl.training.trainer:   Task 'education_level' accuracy: 0.9995
2026-04-24 22:43:38,658 [INFO] pcrl.training.trainer:   Auditor 'race' accuracy: 0.6558
2026-04-24 22:43:38,658 [INFO] pcrl.training.trainer:   Auditor 'sex' accuracy: 0.7090
2026-04-24 22:43:38,658 [INFO] pcrl.training.trainer:   Auditor 'age_group' accuracy: 0.6985
2026-04-24 22:43:38,658 [INFO] pcrl.training.trainer:   Auditor 'marital_status' accuracy: 0.7447
2026-04-24 22:43:38,659 [INFO] pcrl.training.trainer:   Auditor 'income' accuracy: 0.7823
2026-04-24 22:43:39,674 [INFO] pcrl.training.trainer: [VAL] Epoch 13 - Loss: 0.4689, Task: 0.4689, Adv: 5.1201, Verify: 0.0000, Time: 1.0s
2026-04-24 22:43:39,675 [INFO] pcrl.training.trainer:   Task 'income' accuracy: 0.7883
2026-04-24 22:43:39,675 [INFO] pcrl.training.trainer:   Task 'hours_band' accuracy: 0.9904
2026-04-24 22:43:39,675 [INFO] pcrl.training.trainer:   Task 'education_level' accuracy: 1.0000
2026-04-24 22:43:39,675 [INFO] pcrl.training.trainer:   Auditor 'race' accuracy: 0.6907
2026-04-24 22:43:39,675 [INFO] pcrl.training.trainer:   Auditor 'sex' accuracy: 0.7808
2026-04-24 22:43:39,675 [INFO] pcrl.training.trainer:   Auditor 'age_group' accuracy: 0.7712
2026-04-24 22:43:39,675 [INFO] pcrl.training.trainer:   Auditor 'marital_status' accuracy: 0.7629
2026-04-24 22:43:39,675 [INFO] pcrl.training.trainer:   Auditor 'income' accuracy: 0.7896
2026-04-24 22:43:39,738 [INFO] pcrl.training.trainer: Saved checkpoint to /home/ubuntu/PCRL/checkpoints/folktables_std_s0/best.pt
2026-04-24 22:43:41,522 [INFO] pcrl.training.trainer: Epoch 14 [50/612] Loss: 0.5031 Task: 0.5031 Adv: -5.8728 Verify: 0.0000
2026-04-24 22:43:43,490 [INFO] pcrl.training.trainer: Epoch 14 [100/612] Loss: 0.5243 Task: 0.5243 Adv: -5.7210 Verify: 0.0000
2026-04-24 22:43:45,421 [INFO] pcrl.training.trainer: Epoch 14 [150/612] Loss: 0.5063 Task: 0.5063 Adv: -5.7295 Verify: 0.0000
2026-04-24 22:43:47,395 [INFO] pcrl.training.trainer: Epoch 14 [200/612] Loss: 0.6788 Task: 0.6788 Adv: -5.4948 Verify: 0.0000
2026-04-24 22:43:49,566 [INFO] pcrl.training.trainer: Epoch 14 [250/612] Loss: 0.5300 Task: 0.5300 Adv: -5.8091 Verify: 0.0000
2026-04-24 22:43:51,511 [INFO] pcrl.training.trainer: Epoch 14 [300/612] Loss: 0.4763 Task: 0.4763 Adv: -5.7267 Verify: 0.0000
2026-04-24 22:43:53,646 [INFO] pcrl.training.trainer: Epoch 14 [350/612] Loss: 0.4630 Task: 0.4630 Adv: -5.6026 Verify: 0.0000
2026-04-24 22:43:55,603 [INFO] pcrl.training.trainer: Epoch 14 [400/612] Loss: 0.5150 Task: 0.5150 Adv: -5.6598 Verify: 0.0000
2026-04-24 22:43:57,553 [INFO] pcrl.training.trainer: Epoch 14 [450/612] Loss: 0.4767 Task: 0.4767 Adv: -5.8724 Verify: 0.0000
2026-04-24 22:43:59,510 [INFO] pcrl.training.trainer: Epoch 14 [500/612] Loss: 0.5340 Task: 0.5340 Adv: -5.6952 Verify: 0.0000
2026-04-24 22:44:01,350 [INFO] pcrl.training.trainer: Epoch 14 [550/612] Loss: 0.5726 Task: 0.5726 Adv: -5.4567 Verify: 0.0000
2026-04-24 22:44:03,141 [INFO] pcrl.training.trainer: Epoch 14 [600/612] Loss: 0.4695 Task: 0.4695 Adv: -5.7689 Verify: 0.0000
2026-04-24 22:44:03,571 [INFO] pcrl.training.trainer: [TRAIN] Epoch 14 - Loss: 0.5131, Task: 0.5131, Adv: -5.6918, Verify: 0.0000, Time: 23.8s
2026-04-24 22:44:03,571 [INFO] pcrl.training.trainer:   Task 'income' accuracy: 0.7837
2026-04-24 22:44:03,571 [INFO] pcrl.training.trainer:   Task 'hours_band' accuracy: 0.9788
2026-04-24 22:44:03,571 [INFO] pcrl.training.trainer:   Task 'education_level' accuracy: 0.9995
2026-04-24 22:44:03,571 [INFO] pcrl.training.trainer:   Auditor 'race' accuracy: 0.6534
2026-04-24 22:44:03,571 [INFO] pcrl.training.trainer:   Auditor 'sex' accuracy: 0.7148
2026-04-24 22:44:03,571 [INFO] pcrl.training.trainer:   Auditor 'age_group' accuracy: 0.6951
2026-04-24 22:44:03,571 [INFO] pcrl.training.trainer:   Auditor 'marital_status' accuracy: 0.7444
2026-04-24 22:44:03,571 [INFO] pcrl.training.trainer:   Auditor 'income' accuracy: 0.7837
2026-04-24 22:44:04,744 [INFO] pcrl.training.trainer: [VAL] Epoch 14 - Loss: 0.4957, Task: 0.4957, Adv: 5.2577, Verify: 0.0000, Time: 1.2s
2026-04-24 22:44:04,744 [INFO] pcrl.training.trainer:   Task 'income' accuracy: 0.7878
2026-04-24 22:44:04,744 [INFO] pcrl.training.trainer:   Task 'hours_band' accuracy: 0.9770
2026-04-24 22:44:04,744 [INFO] pcrl.training.trainer:   Task 'education_level' accuracy: 1.0000
2026-04-24 22:44:04,744 [INFO] pcrl.training.trainer:   Auditor 'race' accuracy: 0.6599
2026-04-24 22:44:04,744 [INFO] pcrl.training.trainer:   Auditor 'sex' accuracy: 0.7728
2026-04-24 22:44:04,744 [INFO] pcrl.training.trainer:   Auditor 'age_group' accuracy: 0.7598
2026-04-24 22:44:04,744 [INFO] pcrl.training.trainer:   Auditor 'marital_status' accuracy: 0.7628
2026-04-24 22:44:04,744 [INFO] pcrl.training.trainer:   Auditor 'income' accuracy: 0.7873
2026-04-24 22:44:06,540 [INFO] pcrl.training.trainer: Epoch 15 [50/612] Loss: 0.5414 Task: 0.5414 Adv: -5.7149 Verify: 0.0000
2026-04-24 22:44:08,495 [INFO] pcrl.training.trainer: Epoch 15 [100/612] Loss: 0.5761 Task: 0.5761 Adv: -5.5548 Verify: 0.0000
2026-04-24 22:44:10,301 [INFO] pcrl.training.trainer: Epoch 15 [150/612] Loss: 0.4909 Task: 0.4909 Adv: -5.7777 Verify: 0.0000
2026-04-24 22:44:12,097 [INFO] pcrl.training.trainer: Epoch 15 [200/612] Loss: 0.4714 Task: 0.4714 Adv: -5.9111 Verify: 0.0000
2026-04-24 22:44:13,883 [INFO] pcrl.training.trainer: Epoch 15 [250/612] Loss: 0.5401 Task: 0.5401 Adv: -5.7240 Verify: 0.0000
2026-04-24 22:44:15,668 [INFO] pcrl.training.trainer: Epoch 15 [300/612] Loss: 0.4956 Task: 0.4956 Adv: -5.7317 Verify: 0.0000
2026-04-24 22:44:17,451 [INFO] pcrl.training.trainer: Epoch 15 [350/612] Loss: 0.4758 Task: 0.4758 Adv: -5.7051 Verify: 0.0000
2026-04-24 22:44:19,242 [INFO] pcrl.training.trainer: Epoch 15 [400/612] Loss: 0.4731 Task: 0.4731 Adv: -5.5425 Verify: 0.0000
2026-04-24 22:44:21,190 [INFO] pcrl.training.trainer: Epoch 15 [450/612] Loss: 0.5056 Task: 0.5056 Adv: -5.7448 Verify: 0.0000
2026-04-24 22:44:22,992 [INFO] pcrl.training.trainer: Epoch 15 [500/612] Loss: 0.4703 Task: 0.4703 Adv: -5.6880 Verify: 0.0000
2026-04-24 22:44:24,778 [INFO] pcrl.training.trainer: Epoch 15 [550/612] Loss: 0.6675 Task: 0.6675 Adv: -5.6168 Verify: 0.0000
2026-04-24 22:44:26,567 [INFO] pcrl.training.trainer: Epoch 15 [600/612] Loss: 0.5181 Task: 0.5181 Adv: -5.5919 Verify: 0.0000
2026-04-24 22:44:27,150 [INFO] pcrl.training.trainer: [TRAIN] Epoch 15 - Loss: 0.5090, Task: 0.5090, Adv: -5.7043, Verify: 0.0000, Time: 22.4s
2026-04-24 22:44:27,150 [INFO] pcrl.training.trainer:   Task 'income' accuracy: 0.7837
2026-04-24 22:44:27,150 [INFO] pcrl.training.trainer:   Task 'hours_band' accuracy: 0.9802
2026-04-24 22:44:27,150 [INFO] pcrl.training.trainer:   Task 'education_level' accuracy: 0.9996
2026-04-24 22:44:27,150 [INFO] pcrl.training.trainer:   Auditor 'race' accuracy: 0.6505
2026-04-24 22:44:27,150 [INFO] pcrl.training.trainer:   Auditor 'sex' accuracy: 0.7175
2026-04-24 22:44:27,150 [INFO] pcrl.training.trainer:   Auditor 'age_group' accuracy: 0.6945
2026-04-24 22:44:27,150 [INFO] pcrl.training.trainer:   Auditor 'marital_status' accuracy: 0.7401
2026-04-24 22:44:27,150 [INFO] pcrl.training.trainer:   Auditor 'income' accuracy: 0.7835
2026-04-24 22:44:28,178 [INFO] pcrl.training.trainer: [VAL] Epoch 15 - Loss: 0.4700, Task: 0.4700, Adv: 5.2723, Verify: 0.0000, Time: 1.0s
2026-04-24 22:44:28,179 [INFO] pcrl.training.trainer:   Task 'income' accuracy: 0.7870
2026-04-24 22:44:28,179 [INFO] pcrl.training.trainer:   Task 'hours_band' accuracy: 0.9919
2026-04-24 22:44:28,179 [INFO] pcrl.training.trainer:   Task 'education_level' accuracy: 1.0000
2026-04-24 22:44:28,179 [INFO] pcrl.training.trainer:   Auditor 'race' accuracy: 0.6994
2026-04-24 22:44:28,179 [INFO] pcrl.training.trainer:   Auditor 'sex' accuracy: 0.7811
2026-04-24 22:44:28,179 [INFO] pcrl.training.trainer:   Auditor 'age_group' accuracy: 0.7452
2026-04-24 22:44:28,179 [INFO] pcrl.training.trainer:   Auditor 'marital_status' accuracy: 0.7617
2026-04-24 22:44:28,179 [INFO] pcrl.training.trainer:   Auditor 'income' accuracy: 0.7883
2026-04-24 22:44:29,968 [INFO] pcrl.training.trainer: Epoch 16 [50/612] Loss: 0.5328 Task: 0.5328 Adv: -5.7579 Verify: 0.0000
2026-04-24 22:44:31,736 [INFO] pcrl.training.trainer: Epoch 16 [100/612] Loss: 0.4974 Task: 0.4974 Adv: -5.5447 Verify: 0.0000
2026-04-24 22:44:33,528 [INFO] pcrl.training.trainer: Epoch 16 [150/612] Loss: 0.4969 Task: 0.4969 Adv: -5.6707 Verify: 0.0000
2026-04-24 22:44:35,500 [INFO] pcrl.training.trainer: Epoch 16 [200/612] Loss: 0.4869 Task: 0.4869 Adv: -5.6562 Verify: 0.0000
2026-04-24 22:44:37,314 [INFO] pcrl.training.trainer: Epoch 16 [250/612] Loss: 0.4589 Task: 0.4589 Adv: -5.7411 Verify: 0.0000
2026-04-24 22:44:39,145 [INFO] pcrl.training.trainer: Epoch 16 [300/612] Loss: 0.4982 Task: 0.4982 Adv: -5.6363 Verify: 0.0000
2026-04-24 22:44:40,967 [INFO] pcrl.training.trainer: Epoch 16 [350/612] Loss: 0.4216 Task: 0.4216 Adv: -5.5851 Verify: 0.0000
2026-04-24 22:44:42,939 [INFO] pcrl.training.trainer: Epoch 16 [400/612] Loss: 0.4958 Task: 0.4958 Adv: -5.4088 Verify: 0.0000
2026-04-24 22:44:44,746 [INFO] pcrl.training.trainer: Epoch 16 [450/612] Loss: 0.6137 Task: 0.6137 Adv: -5.6841 Verify: 0.0000
2026-04-24 22:44:46,721 [INFO] pcrl.training.trainer: Epoch 16 [500/612] Loss: 0.4758 Task: 0.4758 Adv: -5.6326 Verify: 0.0000
2026-04-24 22:44:48,540 [INFO] pcrl.training.trainer: Epoch 16 [550/612] Loss: 0.4563 Task: 0.4563 Adv: -5.6535 Verify: 0.0000
2026-04-24 22:44:50,507 [INFO] pcrl.training.trainer: Epoch 16 [600/612] Loss: 0.4595 Task: 0.4595 Adv: -5.7852 Verify: 0.0000
2026-04-24 22:44:50,945 [INFO] pcrl.training.trainer: [TRAIN] Epoch 16 - Loss: 0.5098, Task: 0.5098, Adv: -5.6826, Verify: 0.0000, Time: 22.8s
2026-04-24 22:44:50,946 [INFO] pcrl.training.trainer:   Task 'income' accuracy: 0.7845
2026-04-24 22:44:50,946 [INFO] pcrl.training.trainer:   Task 'hours_band' accuracy: 0.9802
2026-04-24 22:44:50,946 [INFO] pcrl.training.trainer:   Task 'education_level' accuracy: 0.9996
2026-04-24 22:44:50,946 [INFO] pcrl.training.trainer:   Auditor 'race' accuracy: 0.6551
2026-04-24 22:44:50,946 [INFO] pcrl.training.trainer:   Auditor 'sex' accuracy: 0.7129
2026-04-24 22:44:50,946 [INFO] pcrl.training.trainer:   Auditor 'age_group' accuracy: 0.6944
2026-04-24 22:44:50,946 [INFO] pcrl.training.trainer:   Auditor 'marital_status' accuracy: 0.7444
2026-04-24 22:44:50,946 [INFO] pcrl.training.trainer:   Auditor 'income' accuracy: 0.7845
2026-04-24 22:44:51,988 [INFO] pcrl.training.trainer: [VAL] Epoch 16 - Loss: 0.5216, Task: 0.5216, Adv: 5.2591, Verify: 0.0000, Time: 1.0s
2026-04-24 22:44:51,988 [INFO] pcrl.training.trainer:   Task 'income' accuracy: 0.7889
2026-04-24 22:44:51,988 [INFO] pcrl.training.trainer:   Task 'hours_band' accuracy: 0.9668
2026-04-24 22:44:51,988 [INFO] pcrl.training.trainer:   Task 'education_level' accuracy: 1.0000
2026-04-24 22:44:51,988 [INFO] pcrl.training.trainer:   Auditor 'race' accuracy: 0.6685
2026-04-24 22:44:51,988 [INFO] pcrl.training.trainer:   Auditor 'sex' accuracy: 0.7903
2026-04-24 22:44:51,988 [INFO] pcrl.training.trainer:   Auditor 'age_group' accuracy: 0.7190
2026-04-24 22:44:51,988 [INFO] pcrl.training.trainer:   Auditor 'marital_status' accuracy: 0.7721
2026-04-24 22:44:51,988 [INFO] pcrl.training.trainer:   Auditor 'income' accuracy: 0.7885
2026-04-24 22:44:53,966 [INFO] pcrl.training.trainer: Epoch 17 [50/612] Loss: 0.4829 Task: 0.4829 Adv: -5.8812 Verify: 0.0000
2026-04-24 22:44:55,777 [INFO] pcrl.training.trainer: Epoch 17 [100/612] Loss: 0.4959 Task: 0.4959 Adv: -5.6608 Verify: 0.0000
2026-04-24 22:44:57,736 [INFO] pcrl.training.trainer: Epoch 17 [150/612] Loss: 0.5831 Task: 0.5831 Adv: -5.4574 Verify: 0.0000
2026-04-24 22:44:59,518 [INFO] pcrl.training.trainer: Epoch 17 [200/612] Loss: 0.4991 Task: 0.4991 Adv: -5.4789 Verify: 0.0000
2026-04-24 22:45:01,287 [INFO] pcrl.training.trainer: Epoch 17 [250/612] Loss: 0.4311 Task: 0.4311 Adv: -5.4152 Verify: 0.0000
2026-04-24 22:45:03,047 [INFO] pcrl.training.trainer: Epoch 17 [300/612] Loss: 0.4259 Task: 0.4259 Adv: -5.7808 Verify: 0.0000
2026-04-24 22:45:04,799 [INFO] pcrl.training.trainer: Epoch 17 [350/612] Loss: 0.4948 Task: 0.4948 Adv: -5.6830 Verify: 0.0000
2026-04-24 22:45:06,560 [INFO] pcrl.training.trainer: Epoch 17 [400/612] Loss: 0.4973 Task: 0.4973 Adv: -5.4238 Verify: 0.0000
2026-04-24 22:45:08,326 [INFO] pcrl.training.trainer: Epoch 17 [450/612] Loss: 0.5160 Task: 0.5160 Adv: -5.6495 Verify: 0.0000
2026-04-24 22:45:10,267 [INFO] pcrl.training.trainer: Epoch 17 [500/612] Loss: 0.5856 Task: 0.5856 Adv: -5.7534 Verify: 0.0000
2026-04-24 22:45:12,031 [INFO] pcrl.training.trainer: Epoch 17 [550/612] Loss: 0.4617 Task: 0.4617 Adv: -5.6683 Verify: 0.0000
2026-04-24 22:45:13,799 [INFO] pcrl.training.trainer: Epoch 17 [600/612] Loss: 0.4997 Task: 0.4997 Adv: -5.6180 Verify: 0.0000
2026-04-24 22:45:14,227 [INFO] pcrl.training.trainer: [TRAIN] Epoch 17 - Loss: 0.5074, Task: 0.5074, Adv: -5.6781, Verify: 0.0000, Time: 22.2s
2026-04-24 22:45:14,228 [INFO] pcrl.training.trainer:   Task 'income' accuracy: 0.7850
2026-04-24 22:45:14,228 [INFO] pcrl.training.trainer:   Task 'hours_band' accuracy: 0.9804
2026-04-24 22:45:14,228 [INFO] pcrl.training.trainer:   Task 'education_level' accuracy: 0.9997
2026-04-24 22:45:14,228 [INFO] pcrl.training.trainer:   Auditor 'race' accuracy: 0.6565
2026-04-24 22:45:14,228 [INFO] pcrl.training.trainer:   Auditor 'sex' accuracy: 0.7161
2026-04-24 22:45:14,228 [INFO] pcrl.training.trainer:   Auditor 'age_group' accuracy: 0.6929
2026-04-24 22:45:14,228 [INFO] pcrl.training.trainer:   Auditor 'marital_status' accuracy: 0.7468
2026-04-24 22:45:14,228 [INFO] pcrl.training.trainer:   Auditor 'income' accuracy: 0.7840
2026-04-24 22:45:15,391 [INFO] pcrl.training.trainer: [VAL] Epoch 17 - Loss: 0.4707, Task: 0.4707, Adv: 5.1428, Verify: 0.0000, Time: 1.2s
2026-04-24 22:45:15,391 [INFO] pcrl.training.trainer:   Task 'income' accuracy: 0.7886
2026-04-24 22:45:15,391 [INFO] pcrl.training.trainer:   Task 'hours_band' accuracy: 0.9864
2026-04-24 22:45:15,392 [INFO] pcrl.training.trainer:   Task 'education_level' accuracy: 1.0000
2026-04-24 22:45:15,392 [INFO] pcrl.training.trainer:   Auditor 'race' accuracy: 0.6986
2026-04-24 22:45:15,392 [INFO] pcrl.training.trainer:   Auditor 'sex' accuracy: 0.7794
2026-04-24 22:45:15,392 [INFO] pcrl.training.trainer:   Auditor 'age_group' accuracy: 0.7544
2026-04-24 22:45:15,392 [INFO] pcrl.training.trainer:   Auditor 'marital_status' accuracy: 0.7707
2026-04-24 22:45:15,392 [INFO] pcrl.training.trainer:   Auditor 'income' accuracy: 0.7886
2026-04-24 22:45:17,170 [INFO] pcrl.training.trainer: Epoch 18 [50/612] Loss: 0.4800 Task: 0.4800 Adv: -5.7131 Verify: 0.0000
2026-04-24 22:45:18,943 [INFO] pcrl.training.trainer: Epoch 18 [100/612] Loss: 0.5527 Task: 0.5527 Adv: -5.7649 Verify: 0.0000
2026-04-24 22:45:20,711 [INFO] pcrl.training.trainer: Epoch 18 [150/612] Loss: 0.5116 Task: 0.5116 Adv: -5.5890 Verify: 0.0000
2026-04-24 22:45:22,500 [INFO] pcrl.training.trainer: Epoch 18 [200/612] Loss: 0.5213 Task: 0.5213 Adv: -5.7094 Verify: 0.0000
2026-04-24 22:45:24,284 [INFO] pcrl.training.trainer: Epoch 18 [250/612] Loss: 0.5016 Task: 0.5016 Adv: -5.8165 Verify: 0.0000
2026-04-24 22:45:26,063 [INFO] pcrl.training.trainer: Epoch 18 [300/612] Loss: 0.4213 Task: 0.4213 Adv: -5.7930 Verify: 0.0000
2026-04-24 22:45:28,009 [INFO] pcrl.training.trainer: Epoch 18 [350/612] Loss: 0.4610 Task: 0.4610 Adv: -5.6625 Verify: 0.0000
2026-04-24 22:45:29,792 [INFO] pcrl.training.trainer: Epoch 18 [400/612] Loss: 0.4721 Task: 0.4721 Adv: -5.6002 Verify: 0.0000
2026-04-24 22:45:31,570 [INFO] pcrl.training.trainer: Epoch 18 [450/612] Loss: 0.4530 Task: 0.4530 Adv: -5.5520 Verify: 0.0000
2026-04-24 22:45:33,355 [INFO] pcrl.training.trainer: Epoch 18 [500/612] Loss: 0.4710 Task: 0.4710 Adv: -5.6458 Verify: 0.0000
2026-04-24 22:45:35,287 [INFO] pcrl.training.trainer: Epoch 18 [550/612] Loss: 0.5378 Task: 0.5378 Adv: -5.7181 Verify: 0.0000
2026-04-24 22:45:37,069 [INFO] pcrl.training.trainer: Epoch 18 [600/612] Loss: 0.5451 Task: 0.5451 Adv: -5.7187 Verify: 0.0000
2026-04-24 22:45:37,504 [INFO] pcrl.training.trainer: [TRAIN] Epoch 18 - Loss: 0.5085, Task: 0.5085, Adv: -5.6741, Verify: 0.0000, Time: 22.1s
2026-04-24 22:45:37,504 [INFO] pcrl.training.trainer:   Task 'income' accuracy: 0.7843
2026-04-24 22:45:37,504 [INFO] pcrl.training.trainer:   Task 'hours_band' accuracy: 0.9806
2026-04-24 22:45:37,504 [INFO] pcrl.training.trainer:   Task 'education_level' accuracy: 0.9996
2026-04-24 22:45:37,504 [INFO] pcrl.training.trainer:   Auditor 'race' accuracy: 0.6537
2026-04-24 22:45:37,504 [INFO] pcrl.training.trainer:   Auditor 'sex' accuracy: 0.7136
2026-04-24 22:45:37,504 [INFO] pcrl.training.trainer:   Auditor 'age_group' accuracy: 0.6967
2026-04-24 22:45:37,504 [INFO] pcrl.training.trainer:   Auditor 'marital_status' accuracy: 0.7479
2026-04-24 22:45:37,504 [INFO] pcrl.training.trainer:   Auditor 'income' accuracy: 0.7848
2026-04-24 22:45:38,691 [INFO] pcrl.training.trainer: [VAL] Epoch 18 - Loss: 0.4738, Task: 0.4738, Adv: 5.2794, Verify: 0.0000, Time: 1.2s
2026-04-24 22:45:38,691 [INFO] pcrl.training.trainer:   Task 'income' accuracy: 0.7877
2026-04-24 22:45:38,691 [INFO] pcrl.training.trainer:   Task 'hours_band' accuracy: 0.9858
2026-04-24 22:45:38,691 [INFO] pcrl.training.trainer:   Task 'education_level' accuracy: 1.0000
2026-04-24 22:45:38,691 [INFO] pcrl.training.trainer:   Auditor 'race' accuracy: 0.6926
2026-04-24 22:45:38,691 [INFO] pcrl.training.trainer:   Auditor 'sex' accuracy: 0.7724
2026-04-24 22:45:38,691 [INFO] pcrl.training.trainer:   Auditor 'age_group' accuracy: 0.7466
2026-04-24 22:45:38,691 [INFO] pcrl.training.trainer:   Auditor 'marital_status' accuracy: 0.7676
2026-04-24 22:45:38,692 [INFO] pcrl.training.trainer:   Auditor 'income' accuracy: 0.7881
2026-04-24 22:45:40,499 [INFO] pcrl.training.trainer: Epoch 19 [50/612] Loss: 0.5134 Task: 0.5134 Adv: -5.6502 Verify: 0.0000
2026-04-24 22:45:42,287 [INFO] pcrl.training.trainer: Epoch 19 [100/612] Loss: 0.5199 Task: 0.5199 Adv: -5.7322 Verify: 0.0000
2026-04-24 22:45:44,216 [INFO] pcrl.training.trainer: Epoch 19 [150/612] Loss: 0.5129 Task: 0.5129 Adv: -5.6041 Verify: 0.0000
2026-04-24 22:45:45,988 [INFO] pcrl.training.trainer: Epoch 19 [200/612] Loss: 0.4667 Task: 0.4667 Adv: -5.5751 Verify: 0.0000
2026-04-24 22:45:47,920 [INFO] pcrl.training.trainer: Epoch 19 [250/612] Loss: 0.4873 Task: 0.4873 Adv: -5.5864 Verify: 0.0000
2026-04-24 22:45:49,701 [INFO] pcrl.training.trainer: Epoch 19 [300/612] Loss: 0.5129 Task: 0.5129 Adv: -5.7114 Verify: 0.0000
2026-04-24 22:45:51,628 [INFO] pcrl.training.trainer: Epoch 19 [350/612] Loss: 0.5358 Task: 0.5358 Adv: -5.8400 Verify: 0.0000
2026-04-24 22:45:53,409 [INFO] pcrl.training.trainer: Epoch 19 [400/612] Loss: 0.4239 Task: 0.4239 Adv: -5.6589 Verify: 0.0000
2026-04-24 22:45:55,165 [INFO] pcrl.training.trainer: Epoch 19 [450/612] Loss: 0.4729 Task: 0.4729 Adv: -5.6160 Verify: 0.0000
2026-04-24 22:45:56,916 [INFO] pcrl.training.trainer: Epoch 19 [500/612] Loss: 0.6071 Task: 0.6071 Adv: -5.8847 Verify: 0.0000
2026-04-24 22:45:58,623 [INFO] pcrl.training.trainer: Epoch 19 [550/612] Loss: 0.5383 Task: 0.5383 Adv: -5.9315 Verify: 0.0000
2026-04-24 22:46:00,300 [INFO] pcrl.training.trainer: Epoch 19 [600/612] Loss: 0.4371 Task: 0.4371 Adv: -5.5613 Verify: 0.0000
2026-04-24 22:46:00,720 [INFO] pcrl.training.trainer: [TRAIN] Epoch 19 - Loss: 0.5033, Task: 0.5033, Adv: -5.6755, Verify: 0.0000, Time: 22.0s
2026-04-24 22:46:00,720 [INFO] pcrl.training.trainer:   Task 'income' accuracy: 0.7846
2026-04-24 22:46:00,720 [INFO] pcrl.training.trainer:   Task 'hours_band' accuracy: 0.9816
2026-04-24 22:46:00,720 [INFO] pcrl.training.trainer:   Task 'education_level' accuracy: 0.9997
2026-04-24 22:46:00,720 [INFO] pcrl.training.trainer:   Auditor 'race' accuracy: 0.6543
2026-04-24 22:46:00,720 [INFO] pcrl.training.trainer:   Auditor 'sex' accuracy: 0.7112
2026-04-24 22:46:00,720 [INFO] pcrl.training.trainer:   Auditor 'age_group' accuracy: 0.7002
2026-04-24 22:46:00,720 [INFO] pcrl.training.trainer:   Auditor 'marital_status' accuracy: 0.7480
2026-04-24 22:46:00,720 [INFO] pcrl.training.trainer:   Auditor 'income' accuracy: 0.7843
2026-04-24 22:46:01,865 [INFO] pcrl.training.trainer: [VAL] Epoch 19 - Loss: 0.4687, Task: 0.4687, Adv: 5.2900, Verify: 0.0000, Time: 1.1s
2026-04-24 22:46:01,865 [INFO] pcrl.training.trainer:   Task 'income' accuracy: 0.7896
2026-04-24 22:46:01,865 [INFO] pcrl.training.trainer:   Task 'hours_band' accuracy: 0.9892
2026-04-24 22:46:01,865 [INFO] pcrl.training.trainer:   Task 'education_level' accuracy: 1.0000
2026-04-24 22:46:01,865 [INFO] pcrl.training.trainer:   Auditor 'race' accuracy: 0.6896
2026-04-24 22:46:01,865 [INFO] pcrl.training.trainer:   Auditor 'sex' accuracy: 0.7326
2026-04-24 22:46:01,865 [INFO] pcrl.training.trainer:   Auditor 'age_group' accuracy: 0.7274
2026-04-24 22:46:01,865 [INFO] pcrl.training.trainer:   Auditor 'marital_status' accuracy: 0.7904
2026-04-24 22:46:01,865 [INFO] pcrl.training.trainer:   Auditor 'income' accuracy: 0.7888
2026-04-24 22:46:01,928 [INFO] pcrl.training.trainer: Saved checkpoint to /home/ubuntu/PCRL/checkpoints/folktables_std_s0/best.pt
2026-04-24 22:46:01,967 [INFO] pcrl.training.trainer: Saved checkpoint to /home/ubuntu/PCRL/checkpoints/folktables_std_s0/epoch_20.pt
2026-04-24 22:46:03,684 [INFO] pcrl.training.trainer: Epoch 20 [50/612] Loss: 0.4353 Task: 0.4353 Adv: -5.5282 Verify: 0.0000
2026-04-24 22:46:05,521 [INFO] pcrl.training.trainer: Epoch 20 [100/612] Loss: 0.5051 Task: 0.5051 Adv: -5.7681 Verify: 0.0000
2026-04-24 22:46:07,229 [INFO] pcrl.training.trainer: Epoch 20 [150/612] Loss: 0.4592 Task: 0.4592 Adv: -5.6507 Verify: 0.0000
2026-04-24 22:46:08,956 [INFO] pcrl.training.trainer: Epoch 20 [200/612] Loss: 0.4432 Task: 0.4432 Adv: -5.5571 Verify: 0.0000
2026-04-24 22:46:10,660 [INFO] pcrl.training.trainer: Epoch 20 [250/612] Loss: 0.5140 Task: 0.5140 Adv: -5.6296 Verify: 0.0000
2026-04-24 22:46:12,518 [INFO] pcrl.training.trainer: Epoch 20 [300/612] Loss: 0.5103 Task: 0.5103 Adv: -5.7666 Verify: 0.0000
2026-04-24 22:46:14,391 [INFO] pcrl.training.trainer: Epoch 20 [350/612] Loss: 0.4676 Task: 0.4676 Adv: -5.6312 Verify: 0.0000
2026-04-24 22:46:16,318 [INFO] pcrl.training.trainer: Epoch 20 [400/612] Loss: 0.5116 Task: 0.5116 Adv: -5.7033 Verify: 0.0000
2026-04-24 22:46:18,277 [INFO] pcrl.training.trainer: Epoch 20 [450/612] Loss: 0.5411 Task: 0.5411 Adv: -5.6947 Verify: 0.0000
2026-04-24 22:46:20,078 [INFO] pcrl.training.trainer: Epoch 20 [500/612] Loss: 0.4911 Task: 0.4911 Adv: -5.6572 Verify: 0.0000
2026-04-24 22:46:21,874 [INFO] pcrl.training.trainer: Epoch 20 [550/612] Loss: 0.5441 Task: 0.5441 Adv: -5.4574 Verify: 0.0000
2026-04-24 22:46:23,672 [INFO] pcrl.training.trainer: Epoch 20 [600/612] Loss: 0.4635 Task: 0.4635 Adv: -5.8060 Verify: 0.0000
2026-04-24 22:46:24,261 [INFO] pcrl.training.trainer: [TRAIN] Epoch 20 - Loss: 0.5020, Task: 0.5020, Adv: -5.6737, Verify: 0.0000, Time: 22.3s
2026-04-24 22:46:24,261 [INFO] pcrl.training.trainer:   Task 'income' accuracy: 0.7846
2026-04-24 22:46:24,261 [INFO] pcrl.training.trainer:   Task 'hours_band' accuracy: 0.9822
2026-04-24 22:46:24,261 [INFO] pcrl.training.trainer:   Task 'education_level' accuracy: 0.9997
2026-04-24 22:46:24,261 [INFO] pcrl.training.trainer:   Auditor 'race' accuracy: 0.6542
2026-04-24 22:46:24,261 [INFO] pcrl.training.trainer:   Auditor 'sex' accuracy: 0.7100
2026-04-24 22:46:24,261 [INFO] pcrl.training.trainer:   Auditor 'age_group' accuracy: 0.7005
2026-04-24 22:46:24,261 [INFO] pcrl.training.trainer:   Auditor 'marital_status' accuracy: 0.7490
2026-04-24 22:46:24,261 [INFO] pcrl.training.trainer:   Auditor 'income' accuracy: 0.7848
2026-04-24 22:46:25,286 [INFO] pcrl.training.trainer: [VAL] Epoch 20 - Loss: 0.4664, Task: 0.4664, Adv: 5.2979, Verify: 0.0000, Time: 1.0s
2026-04-24 22:46:25,286 [INFO] pcrl.training.trainer:   Task 'income' accuracy: 0.7889
2026-04-24 22:46:25,286 [INFO] pcrl.training.trainer:   Task 'hours_band' accuracy: 0.9897
2026-04-24 22:46:25,286 [INFO] pcrl.training.trainer:   Task 'education_level' accuracy: 1.0000
2026-04-24 22:46:25,286 [INFO] pcrl.training.trainer:   Auditor 'race' accuracy: 0.6532
2026-04-24 22:46:25,286 [INFO] pcrl.training.trainer:   Auditor 'sex' accuracy: 0.7448
2026-04-24 22:46:25,286 [INFO] pcrl.training.trainer:   Auditor 'age_group' accuracy: 0.7594
2026-04-24 22:46:25,286 [INFO] pcrl.training.trainer:   Auditor 'marital_status' accuracy: 0.7989
2026-04-24 22:46:25,286 [INFO] pcrl.training.trainer:   Auditor 'income' accuracy: 0.7888
2026-04-24 22:46:25,349 [INFO] pcrl.training.trainer: Saved checkpoint to /home/ubuntu/PCRL/checkpoints/folktables_std_s0/best.pt
2026-04-24 22:46:27,133 [INFO] pcrl.training.trainer: Epoch 21 [50/612] Loss: 0.5246 Task: 0.5246 Adv: -5.6382 Verify: 0.0000
2026-04-24 22:46:29,067 [INFO] pcrl.training.trainer: Epoch 21 [100/612] Loss: 0.5112 Task: 0.5112 Adv: -5.8288 Verify: 0.0000
2026-04-24 22:46:30,830 [INFO] pcrl.training.trainer: Epoch 21 [150/612] Loss: 0.5109 Task: 0.5109 Adv: -5.5886 Verify: 0.0000
2026-04-24 22:46:32,610 [INFO] pcrl.training.trainer: Epoch 21 [200/612] Loss: 0.4942 Task: 0.4942 Adv: -5.6251 Verify: 0.0000
2026-04-24 22:46:34,554 [INFO] pcrl.training.trainer: Epoch 21 [250/612] Loss: 0.4488 Task: 0.4488 Adv: -5.5362 Verify: 0.0000
2026-04-24 22:46:36,350 [INFO] pcrl.training.trainer: Epoch 21 [300/612] Loss: 0.5106 Task: 0.5106 Adv: -5.6522 Verify: 0.0000
2026-04-24 22:46:38,298 [INFO] pcrl.training.trainer: Epoch 21 [350/612] Loss: 0.4884 Task: 0.4884 Adv: -5.4458 Verify: 0.0000
2026-04-24 22:46:40,094 [INFO] pcrl.training.trainer: Epoch 21 [400/612] Loss: 0.4798 Task: 0.4798 Adv: -5.5700 Verify: 0.0000
2026-04-24 22:46:41,889 [INFO] pcrl.training.trainer: Epoch 21 [450/612] Loss: 0.4059 Task: 0.4059 Adv: -5.5110 Verify: 0.0000
2026-04-24 22:46:43,684 [INFO] pcrl.training.trainer: Epoch 21 [500/612] Loss: 0.4411 Task: 0.4411 Adv: -5.7246 Verify: 0.0000
2026-04-24 22:46:45,489 [INFO] pcrl.training.trainer: Epoch 21 [550/612] Loss: 0.5361 Task: 0.5361 Adv: -5.6588 Verify: 0.0000
2026-04-24 22:46:47,290 [INFO] pcrl.training.trainer: Epoch 21 [600/612] Loss: 0.4715 Task: 0.4715 Adv: -5.6946 Verify: 0.0000
2026-04-24 22:46:47,726 [INFO] pcrl.training.trainer: [TRAIN] Epoch 21 - Loss: 0.5034, Task: 0.5034, Adv: -5.6422, Verify: 0.0000, Time: 22.4s
2026-04-24 22:46:47,726 [INFO] pcrl.training.trainer:   Task 'income' accuracy: 0.7850
2026-04-24 22:46:47,726 [INFO] pcrl.training.trainer:   Task 'hours_band' accuracy: 0.9817
2026-04-24 22:46:47,726 [INFO] pcrl.training.trainer:   Task 'education_level' accuracy: 0.9997
2026-04-24 22:46:47,726 [INFO] pcrl.training.trainer:   Auditor 'race' accuracy: 0.6580
2026-04-24 22:46:47,726 [INFO] pcrl.training.trainer:   Auditor 'sex' accuracy: 0.7151
2026-04-24 22:46:47,726 [INFO] pcrl.training.trainer:   Auditor 'age_group' accuracy: 0.7009
2026-04-24 22:46:47,726 [INFO] pcrl.training.trainer:   Auditor 'marital_status' accuracy: 0.7528
2026-04-24 22:46:47,726 [INFO] pcrl.training.trainer:   Auditor 'income' accuracy: 0.7838
2026-04-24 22:46:48,916 [INFO] pcrl.training.trainer: [VAL] Epoch 21 - Loss: 0.4626, Task: 0.4626, Adv: 5.1901, Verify: 0.0000, Time: 1.2s
2026-04-24 22:46:48,916 [INFO] pcrl.training.trainer:   Task 'income' accuracy: 0.7889
2026-04-24 22:46:48,916 [INFO] pcrl.training.trainer:   Task 'hours_band' accuracy: 0.9920
2026-04-24 22:46:48,916 [INFO] pcrl.training.trainer:   Task 'education_level' accuracy: 1.0000
2026-04-24 22:46:48,916 [INFO] pcrl.training.trainer:   Auditor 'race' accuracy: 0.6948
2026-04-24 22:46:48,916 [INFO] pcrl.training.trainer:   Auditor 'sex' accuracy: 0.7687
2026-04-24 22:46:48,916 [INFO] pcrl.training.trainer:   Auditor 'age_group' accuracy: 0.7532
2026-04-24 22:46:48,917 [INFO] pcrl.training.trainer:   Auditor 'marital_status' accuracy: 0.7720
2026-04-24 22:46:48,917 [INFO] pcrl.training.trainer:   Auditor 'income' accuracy: 0.7888
2026-04-24 22:46:48,980 [INFO] pcrl.training.trainer: Saved checkpoint to /home/ubuntu/PCRL/checkpoints/folktables_std_s0/best.pt
2026-04-24 22:46:50,793 [INFO] pcrl.training.trainer: Epoch 22 [50/612] Loss: 0.4456 Task: 0.4456 Adv: -5.3957 Verify: 0.0000
2026-04-24 22:46:52,576 [INFO] pcrl.training.trainer: Epoch 22 [100/612] Loss: 0.4942 Task: 0.4942 Adv: -5.5648 Verify: 0.0000
2026-04-24 22:46:54,356 [INFO] pcrl.training.trainer: Epoch 22 [150/612] Loss: 0.4828 Task: 0.4828 Adv: -5.5813 Verify: 0.0000
2026-04-24 22:46:56,131 [INFO] pcrl.training.trainer: Epoch 22 [200/612] Loss: 0.5332 Task: 0.5332 Adv: -5.6095 Verify: 0.0000
2026-04-24 22:46:57,908 [INFO] pcrl.training.trainer: Epoch 22 [250/612] Loss: 0.5507 Task: 0.5507 Adv: -5.6540 Verify: 0.0000
2026-04-24 22:46:59,844 [INFO] pcrl.training.trainer: Epoch 22 [300/612] Loss: 0.4936 Task: 0.4936 Adv: -5.8048 Verify: 0.0000
2026-04-24 22:47:01,623 [INFO] pcrl.training.trainer: Epoch 22 [350/612] Loss: 0.4722 Task: 0.4722 Adv: -5.8331 Verify: 0.0000
2026-04-24 22:47:03,407 [INFO] pcrl.training.trainer: Epoch 22 [400/612] Loss: 0.5048 Task: 0.5048 Adv: -5.7630 Verify: 0.0000
2026-04-24 22:47:05,191 [INFO] pcrl.training.trainer: Epoch 22 [450/612] Loss: 0.4651 Task: 0.4651 Adv: -5.6975 Verify: 0.0000
2026-04-24 22:47:07,077 [INFO] pcrl.training.trainer: Epoch 22 [500/612] Loss: 0.4853 Task: 0.4853 Adv: -5.6601 Verify: 0.0000
2026-04-24 22:47:08,804 [INFO] pcrl.training.trainer: Epoch 22 [550/612] Loss: 0.5030 Task: 0.5030 Adv: -5.5180 Verify: 0.0000
2026-04-24 22:47:10,634 [INFO] pcrl.training.trainer: Epoch 22 [600/612] Loss: 0.4696 Task: 0.4696 Adv: -5.8233 Verify: 0.0000
2026-04-24 22:47:11,047 [INFO] pcrl.training.trainer: [TRAIN] Epoch 22 - Loss: 0.4986, Task: 0.4986, Adv: -5.6499, Verify: 0.0000, Time: 22.1s
2026-04-24 22:47:11,047 [INFO] pcrl.training.trainer:   Task 'income' accuracy: 0.7854
2026-04-24 22:47:11,048 [INFO] pcrl.training.trainer:   Task 'hours_band' accuracy: 0.9835
2026-04-24 22:47:11,048 [INFO] pcrl.training.trainer:   Task 'education_level' accuracy: 0.9997
2026-04-24 22:47:11,048 [INFO] pcrl.training.trainer:   Auditor 'race' accuracy: 0.6559
2026-04-24 22:47:11,048 [INFO] pcrl.training.trainer:   Auditor 'sex' accuracy: 0.7168
2026-04-24 22:47:11,048 [INFO] pcrl.training.trainer:   Auditor 'age_group' accuracy: 0.7007
2026-04-24 22:47:11,048 [INFO] pcrl.training.trainer:   Auditor 'marital_status' accuracy: 0.7487
2026-04-24 22:47:11,048 [INFO] pcrl.training.trainer:   Auditor 'income' accuracy: 0.7846
2026-04-24 22:47:12,054 [INFO] pcrl.training.trainer: [VAL] Epoch 22 - Loss: 0.4817, Task: 0.4817, Adv: 5.2137, Verify: 0.0000, Time: 1.0s
2026-04-24 22:47:12,054 [INFO] pcrl.training.trainer:   Task 'income' accuracy: 0.7889
2026-04-24 22:47:12,054 [INFO] pcrl.training.trainer:   Task 'hours_band' accuracy: 0.9825
2026-04-24 22:47:12,054 [INFO] pcrl.training.trainer:   Task 'education_level' accuracy: 1.0000
2026-04-24 22:47:12,054 [INFO] pcrl.training.trainer:   Auditor 'race' accuracy: 0.6705
2026-04-24 22:47:12,054 [INFO] pcrl.training.trainer:   Auditor 'sex' accuracy: 0.7868
2026-04-24 22:47:12,054 [INFO] pcrl.training.trainer:   Auditor 'age_group' accuracy: 0.7601
2026-04-24 22:47:12,054 [INFO] pcrl.training.trainer:   Auditor 'marital_status' accuracy: 0.7745
2026-04-24 22:47:12,054 [INFO] pcrl.training.trainer:   Auditor 'income' accuracy: 0.7897
2026-04-24 22:47:13,916 [INFO] pcrl.training.trainer: Epoch 23 [50/612] Loss: 0.9681 Task: 0.9681 Adv: -5.5153 Verify: 0.0000
2026-04-24 22:47:15,657 [INFO] pcrl.training.trainer: Epoch 23 [100/612] Loss: 0.6174 Task: 0.6174 Adv: -5.5958 Verify: 0.0000
2026-04-24 22:47:17,344 [INFO] pcrl.training.trainer: Epoch 23 [150/612] Loss: 0.4710 Task: 0.4710 Adv: -5.6403 Verify: 0.0000
2026-04-24 22:47:19,198 [INFO] pcrl.training.trainer: Epoch 23 [200/612] Loss: 0.4826 Task: 0.4826 Adv: -5.6852 Verify: 0.0000
2026-04-24 22:47:20,977 [INFO] pcrl.training.trainer: Epoch 23 [250/612] Loss: 0.5516 Task: 0.5516 Adv: -5.6112 Verify: 0.0000
2026-04-24 22:47:22,891 [INFO] pcrl.training.trainer: Epoch 23 [300/612] Loss: 0.4851 Task: 0.4851 Adv: -5.3901 Verify: 0.0000
2026-04-24 22:47:24,624 [INFO] pcrl.training.trainer: Epoch 23 [350/612] Loss: 0.4462 Task: 0.4462 Adv: -5.6560 Verify: 0.0000
2026-04-24 22:47:26,368 [INFO] pcrl.training.trainer: Epoch 23 [400/612] Loss: 0.5417 Task: 0.5417 Adv: -5.6760 Verify: 0.0000
2026-04-24 22:47:28,144 [INFO] pcrl.training.trainer: Epoch 23 [450/612] Loss: 0.4324 Task: 0.4324 Adv: -5.6192 Verify: 0.0000
2026-04-24 22:47:29,934 [INFO] pcrl.training.trainer: Epoch 23 [500/612] Loss: 0.5222 Task: 0.5222 Adv: -5.4909 Verify: 0.0000
2026-04-24 22:47:31,716 [INFO] pcrl.training.trainer: Epoch 23 [550/612] Loss: 0.5310 Task: 0.5310 Adv: -5.3005 Verify: 0.0000
2026-04-24 22:47:33,498 [INFO] pcrl.training.trainer: Epoch 23 [600/612] Loss: 0.4897 Task: 0.4897 Adv: -5.4841 Verify: 0.0000
2026-04-24 22:47:34,083 [INFO] pcrl.training.trainer: [TRAIN] Epoch 23 - Loss: 0.5030, Task: 0.5030, Adv: -5.6299, Verify: 0.0000, Time: 22.0s
2026-04-24 22:47:34,083 [INFO] pcrl.training.trainer:   Task 'income' accuracy: 0.7855
2026-04-24 22:47:34,083 [INFO] pcrl.training.trainer:   Task 'hours_band' accuracy: 0.9815
2026-04-24 22:47:34,083 [INFO] pcrl.training.trainer:   Task 'education_level' accuracy: 0.9998
2026-04-24 22:47:34,083 [INFO] pcrl.training.trainer:   Auditor 'race' accuracy: 0.6575
2026-04-24 22:47:34,083 [INFO] pcrl.training.trainer:   Auditor 'sex' accuracy: 0.7145
2026-04-24 22:47:34,083 [INFO] pcrl.training.trainer:   Auditor 'age_group' accuracy: 0.7050
2026-04-24 22:47:34,083 [INFO] pcrl.training.trainer:   Auditor 'marital_status' accuracy: 0.7516
2026-04-24 22:47:34,083 [INFO] pcrl.training.trainer:   Auditor 'income' accuracy: 0.7849
2026-04-24 22:47:35,115 [INFO] pcrl.training.trainer: [VAL] Epoch 23 - Loss: 0.4624, Task: 0.4624, Adv: 5.1613, Verify: 0.0000, Time: 1.0s
2026-04-24 22:47:35,115 [INFO] pcrl.training.trainer:   Task 'income' accuracy: 0.7891
2026-04-24 22:47:35,115 [INFO] pcrl.training.trainer:   Task 'hours_band' accuracy: 0.9944
2026-04-24 22:47:35,115 [INFO] pcrl.training.trainer:   Task 'education_level' accuracy: 1.0000
2026-04-24 22:47:35,115 [INFO] pcrl.training.trainer:   Auditor 'race' accuracy: 0.6651
2026-04-24 22:47:35,115 [INFO] pcrl.training.trainer:   Auditor 'sex' accuracy: 0.7695
2026-04-24 22:47:35,115 [INFO] pcrl.training.trainer:   Auditor 'age_group' accuracy: 0.7450
2026-04-24 22:47:35,115 [INFO] pcrl.training.trainer:   Auditor 'marital_status' accuracy: 0.7869
2026-04-24 22:47:35,115 [INFO] pcrl.training.trainer:   Auditor 'income' accuracy: 0.7887
2026-04-24 22:47:35,178 [INFO] pcrl.training.trainer: Saved checkpoint to /home/ubuntu/PCRL/checkpoints/folktables_std_s0/best.pt
2026-04-24 22:47:37,124 [INFO] pcrl.training.trainer: Epoch 24 [50/612] Loss: 0.5519 Task: 0.5519 Adv: -5.6732 Verify: 0.0000
2026-04-24 22:47:38,902 [INFO] pcrl.training.trainer: Epoch 24 [100/612] Loss: 0.6379 Task: 0.6379 Adv: -5.5797 Verify: 0.0000
2026-04-24 22:47:40,688 [INFO] pcrl.training.trainer: Epoch 24 [150/612] Loss: 0.5175 Task: 0.5175 Adv: -5.5828 Verify: 0.0000
2026-04-24 22:47:42,482 [INFO] pcrl.training.trainer: Epoch 24 [200/612] Loss: 0.4661 Task: 0.4661 Adv: -5.7670 Verify: 0.0000
2026-04-24 22:47:44,247 [INFO] pcrl.training.trainer: Epoch 24 [250/612] Loss: 0.4504 Task: 0.4504 Adv: -5.6875 Verify: 0.0000
2026-04-24 22:47:46,008 [INFO] pcrl.training.trainer: Epoch 24 [300/612] Loss: 0.4697 Task: 0.4697 Adv: -5.8249 Verify: 0.0000
2026-04-24 22:47:47,776 [INFO] pcrl.training.trainer: Epoch 24 [350/612] Loss: 0.4512 Task: 0.4512 Adv: -5.6907 Verify: 0.0000
2026-04-24 22:47:49,719 [INFO] pcrl.training.trainer: Epoch 24 [400/612] Loss: 0.5358 Task: 0.5358 Adv: -5.5331 Verify: 0.0000
2026-04-24 22:47:51,496 [INFO] pcrl.training.trainer: Epoch 24 [450/612] Loss: 0.4573 Task: 0.4573 Adv: -5.5029 Verify: 0.0000
2026-04-24 22:47:53,271 [INFO] pcrl.training.trainer: Epoch 24 [500/612] Loss: 0.4708 Task: 0.4708 Adv: -5.5061 Verify: 0.0000
2026-04-24 22:47:55,193 [INFO] pcrl.training.trainer: Epoch 24 [550/612] Loss: 0.5204 Task: 0.5204 Adv: -5.6535 Verify: 0.0000
2026-04-24 22:47:56,965 [INFO] pcrl.training.trainer: Epoch 24 [600/612] Loss: 0.5359 Task: 0.5359 Adv: -5.6363 Verify: 0.0000
2026-04-24 22:47:57,395 [INFO] pcrl.training.trainer: [TRAIN] Epoch 24 - Loss: 0.5006, Task: 0.5006, Adv: -5.6375, Verify: 0.0000, Time: 22.2s
2026-04-24 22:47:57,395 [INFO] pcrl.training.trainer:   Task 'income' accuracy: 0.7852
2026-04-24 22:47:57,395 [INFO] pcrl.training.trainer:   Task 'hours_band' accuracy: 0.9822
2026-04-24 22:47:57,395 [INFO] pcrl.training.trainer:   Task 'education_level' accuracy: 0.9997
2026-04-24 22:47:57,395 [INFO] pcrl.training.trainer:   Auditor 'race' accuracy: 0.6561
2026-04-24 22:47:57,395 [INFO] pcrl.training.trainer:   Auditor 'sex' accuracy: 0.7172
2026-04-24 22:47:57,395 [INFO] pcrl.training.trainer:   Auditor 'age_group' accuracy: 0.7042
2026-04-24 22:47:57,395 [INFO] pcrl.training.trainer:   Auditor 'marital_status' accuracy: 0.7500
2026-04-24 22:47:57,395 [INFO] pcrl.training.trainer:   Auditor 'income' accuracy: 0.7850
2026-04-24 22:47:58,421 [INFO] pcrl.training.trainer: [VAL] Epoch 24 - Loss: 0.4622, Task: 0.4622, Adv: 5.1935, Verify: 0.0000, Time: 1.0s
2026-04-24 22:47:58,421 [INFO] pcrl.training.trainer:   Task 'income' accuracy: 0.7889
2026-04-24 22:47:58,421 [INFO] pcrl.training.trainer:   Task 'hours_band' accuracy: 0.9927
2026-04-24 22:47:58,421 [INFO] pcrl.training.trainer:   Task 'education_level' accuracy: 1.0000
2026-04-24 22:47:58,421 [INFO] pcrl.training.trainer:   Auditor 'race' accuracy: 0.6781
2026-04-24 22:47:58,421 [INFO] pcrl.training.trainer:   Auditor 'sex' accuracy: 0.7433
2026-04-24 22:47:58,421 [INFO] pcrl.training.trainer:   Auditor 'age_group' accuracy: 0.7653
2026-04-24 22:47:58,421 [INFO] pcrl.training.trainer:   Auditor 'marital_status' accuracy: 0.7843
2026-04-24 22:47:58,421 [INFO] pcrl.training.trainer:   Auditor 'income' accuracy: 0.7894
2026-04-24 22:47:58,484 [INFO] pcrl.training.trainer: Saved checkpoint to /home/ubuntu/PCRL/checkpoints/folktables_std_s0/best.pt
2026-04-24 22:48:00,442 [INFO] pcrl.training.trainer: Epoch 25 [50/612] Loss: 0.4837 Task: 0.4837 Adv: -5.5939 Verify: 0.0000
2026-04-24 22:48:02,236 [INFO] pcrl.training.trainer: Epoch 25 [100/612] Loss: 0.5604 Task: 0.5604 Adv: -5.6262 Verify: 0.0000
2026-04-24 22:48:04,186 [INFO] pcrl.training.trainer: Epoch 25 [150/612] Loss: 0.4055 Task: 0.4055 Adv: -5.5784 Verify: 0.0000
2026-04-24 22:48:05,959 [INFO] pcrl.training.trainer: Epoch 25 [200/612] Loss: 0.5142 Task: 0.5142 Adv: -5.7656 Verify: 0.0000
2026-04-24 22:48:07,891 [INFO] pcrl.training.trainer: Epoch 25 [250/612] Loss: 0.7351 Task: 0.7351 Adv: -5.5025 Verify: 0.0000
2026-04-24 22:48:09,693 [INFO] pcrl.training.trainer: Epoch 25 [300/612] Loss: 0.4855 Task: 0.4855 Adv: -5.6829 Verify: 0.0000
2026-04-24 22:48:11,481 [INFO] pcrl.training.trainer: Epoch 25 [350/612] Loss: 0.4884 Task: 0.4884 Adv: -5.5089 Verify: 0.0000
2026-04-24 22:48:13,259 [INFO] pcrl.training.trainer: Epoch 25 [400/612] Loss: 0.5198 Task: 0.5198 Adv: -5.6000 Verify: 0.0000
2026-04-24 22:48:15,023 [INFO] pcrl.training.trainer: Epoch 25 [450/612] Loss: 0.4715 Task: 0.4715 Adv: -5.4833 Verify: 0.0000
2026-04-24 22:48:16,796 [INFO] pcrl.training.trainer: Epoch 25 [500/612] Loss: 0.4854 Task: 0.4854 Adv: -5.7561 Verify: 0.0000
2026-04-24 22:48:18,562 [INFO] pcrl.training.trainer: Epoch 25 [550/612] Loss: 0.4881 Task: 0.4881 Adv: -5.5738 Verify: 0.0000
2026-04-24 22:48:20,468 [INFO] pcrl.training.trainer: Epoch 25 [600/612] Loss: 0.4969 Task: 0.4969 Adv: -5.9343 Verify: 0.0000
2026-04-24 22:48:20,895 [INFO] pcrl.training.trainer: [TRAIN] Epoch 25 - Loss: 0.5015, Task: 0.5015, Adv: -5.6472, Verify: 0.0000, Time: 22.4s
2026-04-24 22:48:20,895 [INFO] pcrl.training.trainer:   Task 'income' accuracy: 0.7852
2026-04-24 22:48:20,895 [INFO] pcrl.training.trainer:   Task 'hours_band' accuracy: 0.9815
2026-04-24 22:48:20,895 [INFO] pcrl.training.trainer:   Task 'education_level' accuracy: 0.9998
2026-04-24 22:48:20,895 [INFO] pcrl.training.trainer:   Auditor 'race' accuracy: 0.6544
2026-04-24 22:48:20,895 [INFO] pcrl.training.trainer:   Auditor 'sex' accuracy: 0.7166
2026-04-24 22:48:20,895 [INFO] pcrl.training.trainer:   Auditor 'age_group' accuracy: 0.7070
2026-04-24 22:48:20,895 [INFO] pcrl.training.trainer:   Auditor 'marital_status' accuracy: 0.7540
2026-04-24 22:48:20,895 [INFO] pcrl.training.trainer:   Auditor 'income' accuracy: 0.7849
2026-04-24 22:48:21,919 [INFO] pcrl.training.trainer: [VAL] Epoch 25 - Loss: 0.4663, Task: 0.4663, Adv: 5.1401, Verify: 0.0000, Time: 1.0s
2026-04-24 22:48:21,919 [INFO] pcrl.training.trainer:   Task 'income' accuracy: 0.7896
2026-04-24 22:48:21,919 [INFO] pcrl.training.trainer:   Task 'hours_band' accuracy: 0.9945
2026-04-24 22:48:21,919 [INFO] pcrl.training.trainer:   Task 'education_level' accuracy: 1.0000
2026-04-24 22:48:21,919 [INFO] pcrl.training.trainer:   Auditor 'race' accuracy: 0.6881
2026-04-24 22:48:21,919 [INFO] pcrl.training.trainer:   Auditor 'sex' accuracy: 0.7761
2026-04-24 22:48:21,919 [INFO] pcrl.training.trainer:   Auditor 'age_group' accuracy: 0.7307
2026-04-24 22:48:21,919 [INFO] pcrl.training.trainer:   Auditor 'marital_status' accuracy: 0.7879
2026-04-24 22:48:21,919 [INFO] pcrl.training.trainer:   Auditor 'income' accuracy: 0.7892
2026-04-24 22:48:23,700 [INFO] pcrl.training.trainer: Epoch 26 [50/612] Loss: 0.5290 Task: 0.5290 Adv: -5.5538 Verify: 0.0000
2026-04-24 22:48:25,608 [INFO] pcrl.training.trainer: Epoch 26 [100/612] Loss: 0.5282 Task: 0.5282 Adv: -5.7358 Verify: 0.0000
2026-04-24 22:48:27,309 [INFO] pcrl.training.trainer: Epoch 26 [150/612] Loss: 0.4816 Task: 0.4816 Adv: -5.7618 Verify: 0.0000
2026-04-24 22:48:28,985 [INFO] pcrl.training.trainer: Epoch 26 [200/612] Loss: 0.7809 Task: 0.7809 Adv: -5.6804 Verify: 0.0000
2026-04-24 22:48:30,652 [INFO] pcrl.training.trainer: Epoch 26 [250/612] Loss: 0.5171 Task: 0.5171 Adv: -5.6846 Verify: 0.0000
2026-04-24 22:48:32,320 [INFO] pcrl.training.trainer: Epoch 26 [300/612] Loss: 0.4800 Task: 0.4800 Adv: -5.5568 Verify: 0.0000
2026-04-24 22:48:34,053 [INFO] pcrl.training.trainer: Epoch 26 [350/612] Loss: 0.5216 Task: 0.5216 Adv: -5.5922 Verify: 0.0000
2026-04-24 22:48:35,954 [INFO] pcrl.training.trainer: Epoch 26 [400/612] Loss: 0.4805 Task: 0.4805 Adv: -5.6898 Verify: 0.0000
2026-04-24 22:48:37,668 [INFO] pcrl.training.trainer: Epoch 26 [450/612] Loss: 0.4951 Task: 0.4951 Adv: -5.5528 Verify: 0.0000
2026-04-24 22:48:39,390 [INFO] pcrl.training.trainer: Epoch 26 [500/612] Loss: 0.5354 Task: 0.5354 Adv: -5.6128 Verify: 0.0000
2026-04-24 22:48:41,140 [INFO] pcrl.training.trainer: Epoch 26 [550/612] Loss: 0.5228 Task: 0.5228 Adv: -5.6481 Verify: 0.0000
2026-04-24 22:48:43,064 [INFO] pcrl.training.trainer: Epoch 26 [600/612] Loss: 0.4796 Task: 0.4796 Adv: -5.5537 Verify: 0.0000
2026-04-24 22:48:43,497 [INFO] pcrl.training.trainer: [TRAIN] Epoch 26 - Loss: 0.5012, Task: 0.5012, Adv: -5.6152, Verify: 0.0000, Time: 21.6s
2026-04-24 22:48:43,497 [INFO] pcrl.training.trainer:   Task 'income' accuracy: 0.7844
2026-04-24 22:48:43,497 [INFO] pcrl.training.trainer:   Task 'hours_band' accuracy: 0.9827
2026-04-24 22:48:43,497 [INFO] pcrl.training.trainer:   Task 'education_level' accuracy: 0.9997
2026-04-24 22:48:43,497 [INFO] pcrl.training.trainer:   Auditor 'race' accuracy: 0.6552
2026-04-24 22:48:43,497 [INFO] pcrl.training.trainer:   Auditor 'sex' accuracy: 0.7184
2026-04-24 22:48:43,497 [INFO] pcrl.training.trainer:   Auditor 'age_group' accuracy: 0.7057
2026-04-24 22:48:43,497 [INFO] pcrl.training.trainer:   Auditor 'marital_status' accuracy: 0.7521
2026-04-24 22:48:43,497 [INFO] pcrl.training.trainer:   Auditor 'income' accuracy: 0.7848
2026-04-24 22:48:44,516 [INFO] pcrl.training.trainer: [VAL] Epoch 26 - Loss: 0.4683, Task: 0.4683, Adv: 5.1289, Verify: 0.0000, Time: 1.0s
2026-04-24 22:48:44,517 [INFO] pcrl.training.trainer:   Task 'income' accuracy: 0.7894
2026-04-24 22:48:44,518 [INFO] pcrl.training.trainer:   Task 'hours_band' accuracy: 0.9882
2026-04-24 22:48:44,518 [INFO] pcrl.training.trainer:   Task 'education_level' accuracy: 1.0000
2026-04-24 22:48:44,518 [INFO] pcrl.training.trainer:   Auditor 'race' accuracy: 0.6840
2026-04-24 22:48:44,518 [INFO] pcrl.training.trainer:   Auditor 'sex' accuracy: 0.7758
2026-04-24 22:48:44,518 [INFO] pcrl.training.trainer:   Auditor 'age_group' accuracy: 0.7573
2026-04-24 22:48:44,518 [INFO] pcrl.training.trainer:   Auditor 'marital_status' accuracy: 0.7840
2026-04-24 22:48:44,518 [INFO] pcrl.training.trainer:   Auditor 'income' accuracy: 0.7889
2026-04-24 22:48:46,299 [INFO] pcrl.training.trainer: Epoch 27 [50/612] Loss: 0.4699 Task: 0.4699 Adv: -5.7176 Verify: 0.0000
2026-04-24 22:48:48,066 [INFO] pcrl.training.trainer: Epoch 27 [100/612] Loss: 0.4805 Task: 0.4805 Adv: -5.6106 Verify: 0.0000
2026-04-24 22:48:49,978 [INFO] pcrl.training.trainer: Epoch 27 [150/612] Loss: 0.5667 Task: 0.5667 Adv: -5.7657 Verify: 0.0000
2026-04-24 22:48:51,741 [INFO] pcrl.training.trainer: Epoch 27 [200/612] Loss: 0.4456 Task: 0.4456 Adv: -5.6404 Verify: 0.0000
2026-04-24 22:48:53,506 [INFO] pcrl.training.trainer: Epoch 27 [250/612] Loss: 0.4334 Task: 0.4334 Adv: -5.4516 Verify: 0.0000
2026-04-24 22:48:55,248 [INFO] pcrl.training.trainer: Epoch 27 [300/612] Loss: 0.4534 Task: 0.4534 Adv: -5.4944 Verify: 0.0000
2026-04-24 22:48:57,204 [INFO] pcrl.training.trainer: Epoch 27 [350/612] Loss: 0.5348 Task: 0.5348 Adv: -5.6295 Verify: 0.0000
2026-04-24 22:48:59,153 [INFO] pcrl.training.trainer: Epoch 27 [400/612] Loss: 0.4226 Task: 0.4226 Adv: -5.7048 Verify: 0.0000
2026-04-24 22:49:01,291 [INFO] pcrl.training.trainer: Epoch 27 [450/612] Loss: 0.5023 Task: 0.5023 Adv: -5.7083 Verify: 0.0000
2026-04-24 22:49:03,238 [INFO] pcrl.training.trainer: Epoch 27 [500/612] Loss: 0.4689 Task: 0.4689 Adv: -5.6495 Verify: 0.0000
2026-04-24 22:49:05,369 [INFO] pcrl.training.trainer: Epoch 27 [550/612] Loss: 0.5000 Task: 0.5000 Adv: -5.5841 Verify: 0.0000
2026-04-24 22:49:07,303 [INFO] pcrl.training.trainer: Epoch 27 [600/612] Loss: 0.5038 Task: 0.5038 Adv: -5.5933 Verify: 0.0000
2026-04-24 22:49:07,770 [INFO] pcrl.training.trainer: [TRAIN] Epoch 27 - Loss: 0.5018, Task: 0.5018, Adv: -5.6379, Verify: 0.0000, Time: 23.3s
2026-04-24 22:49:07,770 [INFO] pcrl.training.trainer:   Task 'income' accuracy: 0.7849
2026-04-24 22:49:07,770 [INFO] pcrl.training.trainer:   Task 'hours_band' accuracy: 0.9824
2026-04-24 22:49:07,771 [INFO] pcrl.training.trainer:   Task 'education_level' accuracy: 0.9996
2026-04-24 22:49:07,771 [INFO] pcrl.training.trainer:   Auditor 'race' accuracy: 0.6554
2026-04-24 22:49:07,771 [INFO] pcrl.training.trainer:   Auditor 'sex' accuracy: 0.7110
2026-04-24 22:49:07,771 [INFO] pcrl.training.trainer:   Auditor 'age_group' accuracy: 0.7065
2026-04-24 22:49:07,771 [INFO] pcrl.training.trainer:   Auditor 'marital_status' accuracy: 0.7542
2026-04-24 22:49:07,771 [INFO] pcrl.training.trainer:   Auditor 'income' accuracy: 0.7848
2026-04-24 22:49:09,069 [INFO] pcrl.training.trainer: [VAL] Epoch 27 - Loss: 0.4673, Task: 0.4673, Adv: 5.1890, Verify: 0.0000, Time: 1.3s
2026-04-24 22:49:09,069 [INFO] pcrl.training.trainer:   Task 'income' accuracy: 0.7896
2026-04-24 22:49:09,069 [INFO] pcrl.training.trainer:   Task 'hours_band' accuracy: 0.9898
2026-04-24 22:49:09,069 [INFO] pcrl.training.trainer:   Task 'education_level' accuracy: 1.0000
2026-04-24 22:49:09,069 [INFO] pcrl.training.trainer:   Auditor 'race' accuracy: 0.7163
2026-04-24 22:49:09,069 [INFO] pcrl.training.trainer:   Auditor 'sex' accuracy: 0.7491
2026-04-24 22:49:09,069 [INFO] pcrl.training.trainer:   Auditor 'age_group' accuracy: 0.7514
2026-04-24 22:49:09,069 [INFO] pcrl.training.trainer:   Auditor 'marital_status' accuracy: 0.7647
2026-04-24 22:49:09,069 [INFO] pcrl.training.trainer:   Auditor 'income' accuracy: 0.7885
2026-04-24 22:49:10,965 [INFO] pcrl.training.trainer: Epoch 28 [50/612] Loss: 0.5371 Task: 0.5371 Adv: -5.6266 Verify: 0.0000
2026-04-24 22:49:12,911 [INFO] pcrl.training.trainer: Epoch 28 [100/612] Loss: 0.5416 Task: 0.5416 Adv: -5.7356 Verify: 0.0000
2026-04-24 22:49:14,691 [INFO] pcrl.training.trainer: Epoch 28 [150/612] Loss: 0.4424 Task: 0.4424 Adv: -5.6292 Verify: 0.0000
2026-04-24 22:49:16,472 [INFO] pcrl.training.trainer: Epoch 28 [200/612] Loss: 0.4695 Task: 0.4695 Adv: -5.5238 Verify: 0.0000
2026-04-24 22:49:18,255 [INFO] pcrl.training.trainer: Epoch 28 [250/612] Loss: 0.4405 Task: 0.4405 Adv: -5.5435 Verify: 0.0000
2026-04-24 22:49:20,037 [INFO] pcrl.training.trainer: Epoch 28 [300/612] Loss: 0.4464 Task: 0.4464 Adv: -5.6044 Verify: 0.0000
2026-04-24 22:49:21,830 [INFO] pcrl.training.trainer: Epoch 28 [350/612] Loss: 0.5328 Task: 0.5328 Adv: -5.6734 Verify: 0.0000
2026-04-24 22:49:23,621 [INFO] pcrl.training.trainer: Epoch 28 [400/612] Loss: 0.5796 Task: 0.5796 Adv: -5.6981 Verify: 0.0000
2026-04-24 22:49:25,556 [INFO] pcrl.training.trainer: Epoch 28 [450/612] Loss: 0.5316 Task: 0.5316 Adv: -5.6138 Verify: 0.0000
2026-04-24 22:49:27,334 [INFO] pcrl.training.trainer: Epoch 28 [500/612] Loss: 0.4474 Task: 0.4474 Adv: -5.5698 Verify: 0.0000
2026-04-24 22:49:29,107 [INFO] pcrl.training.trainer: Epoch 28 [550/612] Loss: 0.5414 Task: 0.5414 Adv: -5.6623 Verify: 0.0000
2026-04-24 22:49:30,888 [INFO] pcrl.training.trainer: Epoch 28 [600/612] Loss: 0.4843 Task: 0.4843 Adv: -5.7155 Verify: 0.0000
2026-04-24 22:49:31,322 [INFO] pcrl.training.trainer: [TRAIN] Epoch 28 - Loss: 0.4983, Task: 0.4983, Adv: -5.6261, Verify: 0.0000, Time: 22.3s
2026-04-24 22:49:31,322 [INFO] pcrl.training.trainer:   Task 'income' accuracy: 0.7856
2026-04-24 22:49:31,322 [INFO] pcrl.training.trainer:   Task 'hours_band' accuracy: 0.9824
2026-04-24 22:49:31,322 [INFO] pcrl.training.trainer:   Task 'education_level' accuracy: 0.9997
2026-04-24 22:49:31,322 [INFO] pcrl.training.trainer:   Auditor 'race' accuracy: 0.6560
2026-04-24 22:49:31,322 [INFO] pcrl.training.trainer:   Auditor 'sex' accuracy: 0.7109
2026-04-24 22:49:31,322 [INFO] pcrl.training.trainer:   Auditor 'age_group' accuracy: 0.7025
2026-04-24 22:49:31,322 [INFO] pcrl.training.trainer:   Auditor 'marital_status' accuracy: 0.7526
2026-04-24 22:49:31,322 [INFO] pcrl.training.trainer:   Auditor 'income' accuracy: 0.7850
2026-04-24 22:49:32,494 [INFO] pcrl.training.trainer: [VAL] Epoch 28 - Loss: 0.4695, Task: 0.4695, Adv: 5.2298, Verify: 0.0000, Time: 1.2s
2026-04-24 22:49:32,494 [INFO] pcrl.training.trainer:   Task 'income' accuracy: 0.7896
2026-04-24 22:49:32,494 [INFO] pcrl.training.trainer:   Task 'hours_band' accuracy: 0.9896
2026-04-24 22:49:32,494 [INFO] pcrl.training.trainer:   Task 'education_level' accuracy: 1.0000
2026-04-24 22:49:32,494 [INFO] pcrl.training.trainer:   Auditor 'race' accuracy: 0.6920
2026-04-24 22:49:32,494 [INFO] pcrl.training.trainer:   Auditor 'sex' accuracy: 0.7440
2026-04-24 22:49:32,494 [INFO] pcrl.training.trainer:   Auditor 'age_group' accuracy: 0.7489
2026-04-24 22:49:32,494 [INFO] pcrl.training.trainer:   Auditor 'marital_status' accuracy: 0.7913
2026-04-24 22:49:32,494 [INFO] pcrl.training.trainer:   Auditor 'income' accuracy: 0.7892
2026-04-24 22:49:34,277 [INFO] pcrl.training.trainer: Epoch 29 [50/612] Loss: 0.5158 Task: 0.5158 Adv: -5.7680 Verify: 0.0000
2026-04-24 22:49:36,043 [INFO] pcrl.training.trainer: Epoch 29 [100/612] Loss: 0.4869 Task: 0.4869 Adv: -5.8213 Verify: 0.0000
2026-04-24 22:49:37,792 [INFO] pcrl.training.trainer: Epoch 29 [150/612] Loss: 0.5111 Task: 0.5111 Adv: -5.6075 Verify: 0.0000
2026-04-24 22:49:39,508 [INFO] pcrl.training.trainer: Epoch 29 [200/612] Loss: 0.4003 Task: 0.4003 Adv: -5.6527 Verify: 0.0000
2026-04-24 22:49:41,387 [INFO] pcrl.training.trainer: Epoch 29 [250/612] Loss: 0.4982 Task: 0.4982 Adv: -5.7224 Verify: 0.0000
2026-04-24 22:49:43,134 [INFO] pcrl.training.trainer: Epoch 29 [300/612] Loss: 0.4906 Task: 0.4906 Adv: -5.5643 Verify: 0.0000
2026-04-24 22:49:44,908 [INFO] pcrl.training.trainer: Epoch 29 [350/612] Loss: 0.4885 Task: 0.4885 Adv: -5.6963 Verify: 0.0000
2026-04-24 22:49:46,682 [INFO] pcrl.training.trainer: Epoch 29 [400/612] Loss: 0.5574 Task: 0.5574 Adv: -5.5744 Verify: 0.0000
2026-04-24 22:49:48,613 [INFO] pcrl.training.trainer: Epoch 29 [450/612] Loss: 0.4820 Task: 0.4820 Adv: -5.5254 Verify: 0.0000
2026-04-24 22:49:50,379 [INFO] pcrl.training.trainer: Epoch 29 [500/612] Loss: 0.4882 Task: 0.4882 Adv: -5.5215 Verify: 0.0000
2026-04-24 22:49:52,298 [INFO] pcrl.training.trainer: Epoch 29 [550/612] Loss: 0.4662 Task: 0.4662 Adv: -5.6278 Verify: 0.0000
2026-04-24 22:49:54,067 [INFO] pcrl.training.trainer: Epoch 29 [600/612] Loss: 0.5589 Task: 0.5589 Adv: -5.6231 Verify: 0.0000
2026-04-24 22:49:54,501 [INFO] pcrl.training.trainer: [TRAIN] Epoch 29 - Loss: 0.4970, Task: 0.4970, Adv: -5.6230, Verify: 0.0000, Time: 22.0s
2026-04-24 22:49:54,501 [INFO] pcrl.training.trainer:   Task 'income' accuracy: 0.7854
2026-04-24 22:49:54,501 [INFO] pcrl.training.trainer:   Task 'hours_band' accuracy: 0.9834
2026-04-24 22:49:54,501 [INFO] pcrl.training.trainer:   Task 'education_level' accuracy: 0.9996
2026-04-24 22:49:54,501 [INFO] pcrl.training.trainer:   Auditor 'race' accuracy: 0.6554
2026-04-24 22:49:54,501 [INFO] pcrl.training.trainer:   Auditor 'sex' accuracy: 0.7125
2026-04-24 22:49:54,501 [INFO] pcrl.training.trainer:   Auditor 'age_group' accuracy: 0.7067
2026-04-24 22:49:54,501 [INFO] pcrl.training.trainer:   Auditor 'marital_status' accuracy: 0.7521
2026-04-24 22:49:54,501 [INFO] pcrl.training.trainer:   Auditor 'income' accuracy: 0.7853
2026-04-24 22:49:55,671 [INFO] pcrl.training.trainer: [VAL] Epoch 29 - Loss: 0.4689, Task: 0.4689, Adv: 5.0597, Verify: 0.0000, Time: 1.2s
2026-04-24 22:49:55,671 [INFO] pcrl.training.trainer:   Task 'income' accuracy: 0.7887
2026-04-24 22:49:55,671 [INFO] pcrl.training.trainer:   Task 'hours_band' accuracy: 0.9907
2026-04-24 22:49:55,671 [INFO] pcrl.training.trainer:   Task 'education_level' accuracy: 1.0000
2026-04-24 22:49:55,671 [INFO] pcrl.training.trainer:   Auditor 'race' accuracy: 0.7012
2026-04-24 22:49:55,671 [INFO] pcrl.training.trainer:   Auditor 'sex' accuracy: 0.7608
2026-04-24 22:49:55,671 [INFO] pcrl.training.trainer:   Auditor 'age_group' accuracy: 0.7413
2026-04-24 22:49:55,671 [INFO] pcrl.training.trainer:   Auditor 'marital_status' accuracy: 0.7886
2026-04-24 22:49:55,671 [INFO] pcrl.training.trainer:   Auditor 'income' accuracy: 0.7886
2026-04-24 22:49:55,710 [INFO] pcrl.training.trainer: Saved checkpoint to /home/ubuntu/PCRL/checkpoints/folktables_std_s0/epoch_30.pt
2026-04-24 22:49:57,466 [INFO] pcrl.training.trainer: Epoch 30 [50/612] Loss: 0.4702 Task: 0.4702 Adv: -5.7085 Verify: 0.0000
2026-04-24 22:49:59,353 [INFO] pcrl.training.trainer: Epoch 30 [100/612] Loss: 0.4907 Task: 0.4907 Adv: -5.6997 Verify: 0.0000
2026-04-24 22:50:01,090 [INFO] pcrl.training.trainer: Epoch 30 [150/612] Loss: 0.4379 Task: 0.4379 Adv: -5.5506 Verify: 0.0000
2026-04-24 22:50:02,851 [INFO] pcrl.training.trainer: Epoch 30 [200/612] Loss: 0.4591 Task: 0.4591 Adv: -5.7121 Verify: 0.0000
2026-04-24 22:50:04,619 [INFO] pcrl.training.trainer: Epoch 30 [250/612] Loss: 0.4645 Task: 0.4645 Adv: -5.6496 Verify: 0.0000
2026-04-24 22:50:06,376 [INFO] pcrl.training.trainer: Epoch 30 [300/612] Loss: 0.5249 Task: 0.5249 Adv: -5.6494 Verify: 0.0000
2026-04-24 22:50:08,116 [INFO] pcrl.training.trainer: Epoch 30 [350/612] Loss: 0.4784 Task: 0.4784 Adv: -5.5535 Verify: 0.0000
2026-04-24 22:50:09,854 [INFO] pcrl.training.trainer: Epoch 30 [400/612] Loss: 0.4402 Task: 0.4402 Adv: -5.3839 Verify: 0.0000
2026-04-24 22:50:11,749 [INFO] pcrl.training.trainer: Epoch 30 [450/612] Loss: 0.5259 Task: 0.5259 Adv: -5.5726 Verify: 0.0000
2026-04-24 22:50:13,520 [INFO] pcrl.training.trainer: Epoch 30 [500/612] Loss: 0.5219 Task: 0.5219 Adv: -5.4097 Verify: 0.0000
2026-04-24 22:50:15,294 [INFO] pcrl.training.trainer: Epoch 30 [550/612] Loss: 0.4743 Task: 0.4743 Adv: -5.6220 Verify: 0.0000
2026-04-24 22:50:17,213 [INFO] pcrl.training.trainer: Epoch 30 [600/612] Loss: 0.4612 Task: 0.4612 Adv: -5.4329 Verify: 0.0000
2026-04-24 22:50:17,640 [INFO] pcrl.training.trainer: [TRAIN] Epoch 30 - Loss: 0.4962, Task: 0.4962, Adv: -5.5869, Verify: 0.0000, Time: 21.9s
2026-04-24 22:50:17,641 [INFO] pcrl.training.trainer:   Task 'income' accuracy: 0.7851
2026-04-24 22:50:17,641 [INFO] pcrl.training.trainer:   Task 'hours_band' accuracy: 0.9835
2026-04-24 22:50:17,641 [INFO] pcrl.training.trainer:   Task 'education_level' accuracy: 0.9997
2026-04-24 22:50:17,641 [INFO] pcrl.training.trainer:   Auditor 'race' accuracy: 0.6574
2026-04-24 22:50:17,641 [INFO] pcrl.training.trainer:   Auditor 'sex' accuracy: 0.7160
2026-04-24 22:50:17,641 [INFO] pcrl.training.trainer:   Auditor 'age_group' accuracy: 0.7066
2026-04-24 22:50:17,641 [INFO] pcrl.training.trainer:   Auditor 'marital_status' accuracy: 0.7531
2026-04-24 22:50:17,641 [INFO] pcrl.training.trainer:   Auditor 'income' accuracy: 0.7846
2026-04-24 22:50:18,673 [INFO] pcrl.training.trainer: [VAL] Epoch 30 - Loss: 0.4656, Task: 0.4656, Adv: 5.0900, Verify: 0.0000, Time: 1.0s
2026-04-24 22:50:18,673 [INFO] pcrl.training.trainer:   Task 'income' accuracy: 0.7898
2026-04-24 22:50:18,673 [INFO] pcrl.training.trainer:   Task 'hours_band' accuracy: 0.9902
2026-04-24 22:50:18,673 [INFO] pcrl.training.trainer:   Task 'education_level' accuracy: 1.0000
2026-04-24 22:50:18,673 [INFO] pcrl.training.trainer:   Auditor 'race' accuracy: 0.6943
2026-04-24 22:50:18,673 [INFO] pcrl.training.trainer:   Auditor 'sex' accuracy: 0.7799
2026-04-24 22:50:18,673 [INFO] pcrl.training.trainer:   Auditor 'age_group' accuracy: 0.7717
2026-04-24 22:50:18,673 [INFO] pcrl.training.trainer:   Auditor 'marital_status' accuracy: 0.7902
2026-04-24 22:50:18,673 [INFO] pcrl.training.trainer:   Auditor 'income' accuracy: 0.7867
2026-04-24 22:50:20,462 [INFO] pcrl.training.trainer: Epoch 31 [50/612] Loss: 0.4328 Task: 0.4328 Adv: -5.5399 Verify: 0.0000
2026-04-24 22:50:22,257 [INFO] pcrl.training.trainer: Epoch 31 [100/612] Loss: 0.5015 Task: 0.5015 Adv: -5.5340 Verify: 0.0000
2026-04-24 22:50:24,200 [INFO] pcrl.training.trainer: Epoch 31 [150/612] Loss: 0.6204 Task: 0.6204 Adv: -5.5119 Verify: 0.0000
2026-04-24 22:50:25,996 [INFO] pcrl.training.trainer: Epoch 31 [200/612] Loss: 0.5885 Task: 0.5885 Adv: -5.6264 Verify: 0.0000
2026-04-24 22:50:27,792 [INFO] pcrl.training.trainer: Epoch 31 [250/612] Loss: 0.4563 Task: 0.4563 Adv: -5.3871 Verify: 0.0000
2026-04-24 22:50:29,594 [INFO] pcrl.training.trainer: Epoch 31 [300/612] Loss: 0.5386 Task: 0.5386 Adv: -5.6772 Verify: 0.0000
2026-04-24 22:50:31,527 [INFO] pcrl.training.trainer: Epoch 31 [350/612] Loss: 0.4752 Task: 0.4752 Adv: -5.4862 Verify: 0.0000
2026-04-24 22:50:33,323 [INFO] pcrl.training.trainer: Epoch 31 [400/612] Loss: 0.5106 Task: 0.5106 Adv: -5.5975 Verify: 0.0000
2026-04-24 22:50:35,126 [INFO] pcrl.training.trainer: Epoch 31 [450/612] Loss: 0.5055 Task: 0.5055 Adv: -5.6437 Verify: 0.0000
2026-04-24 22:50:37,079 [INFO] pcrl.training.trainer: Epoch 31 [500/612] Loss: 0.5024 Task: 0.5024 Adv: -5.5830 Verify: 0.0000
2026-04-24 22:50:38,890 [INFO] pcrl.training.trainer: Epoch 31 [550/612] Loss: 0.4695 Task: 0.4695 Adv: -5.5398 Verify: 0.0000
2026-04-24 22:50:40,854 [INFO] pcrl.training.trainer: Epoch 31 [600/612] Loss: 0.4948 Task: 0.4948 Adv: -5.5295 Verify: 0.0000
2026-04-24 22:50:41,295 [INFO] pcrl.training.trainer: [TRAIN] Epoch 31 - Loss: 0.4986, Task: 0.4986, Adv: -5.5928, Verify: 0.0000, Time: 22.6s
2026-04-24 22:50:41,295 [INFO] pcrl.training.trainer:   Task 'income' accuracy: 0.7863
2026-04-24 22:50:41,295 [INFO] pcrl.training.trainer:   Task 'hours_band' accuracy: 0.9826
2026-04-24 22:50:41,295 [INFO] pcrl.training.trainer:   Task 'education_level' accuracy: 0.9997
2026-04-24 22:50:41,296 [INFO] pcrl.training.trainer:   Auditor 'race' accuracy: 0.6592
2026-04-24 22:50:41,296 [INFO] pcrl.training.trainer:   Auditor 'sex' accuracy: 0.7159
2026-04-24 22:50:41,296 [INFO] pcrl.training.trainer:   Auditor 'age_group' accuracy: 0.7087
2026-04-24 22:50:41,296 [INFO] pcrl.training.trainer:   Auditor 'marital_status' accuracy: 0.7498
2026-04-24 22:50:41,296 [INFO] pcrl.training.trainer:   Auditor 'income' accuracy: 0.7862
2026-04-24 22:50:42,338 [INFO] pcrl.training.trainer: [VAL] Epoch 31 - Loss: 0.4638, Task: 0.4638, Adv: 5.1529, Verify: 0.0000, Time: 1.0s
2026-04-24 22:50:42,338 [INFO] pcrl.training.trainer:   Task 'income' accuracy: 0.7892
2026-04-24 22:50:42,338 [INFO] pcrl.training.trainer:   Task 'hours_band' accuracy: 0.9899
2026-04-24 22:50:42,338 [INFO] pcrl.training.trainer:   Task 'education_level' accuracy: 1.0000
2026-04-24 22:50:42,338 [INFO] pcrl.training.trainer:   Auditor 'race' accuracy: 0.6913
2026-04-24 22:50:42,338 [INFO] pcrl.training.trainer:   Auditor 'sex' accuracy: 0.7333
2026-04-24 22:50:42,338 [INFO] pcrl.training.trainer:   Auditor 'age_group' accuracy: 0.7472
2026-04-24 22:50:42,338 [INFO] pcrl.training.trainer:   Auditor 'marital_status' accuracy: 0.7960
2026-04-24 22:50:42,338 [INFO] pcrl.training.trainer:   Auditor 'income' accuracy: 0.7884
2026-04-24 22:50:44,313 [INFO] pcrl.training.trainer: Epoch 32 [50/612] Loss: 0.5545 Task: 0.5545 Adv: -5.6879 Verify: 0.0000
2026-04-24 22:50:46,125 [INFO] pcrl.training.trainer: Epoch 32 [100/612] Loss: 0.4744 Task: 0.4744 Adv: -5.4673 Verify: 0.0000
2026-04-24 22:50:48,087 [INFO] pcrl.training.trainer: Epoch 32 [150/612] Loss: 0.5613 Task: 0.5613 Adv: -5.7634 Verify: 0.0000
2026-04-24 22:50:49,887 [INFO] pcrl.training.trainer: Epoch 32 [200/612] Loss: 0.5241 Task: 0.5241 Adv: -5.6006 Verify: 0.0000
2026-04-24 22:50:51,680 [INFO] pcrl.training.trainer: Epoch 32 [250/612] Loss: 0.4707 Task: 0.4707 Adv: -5.6055 Verify: 0.0000
2026-04-24 22:50:53,480 [INFO] pcrl.training.trainer: Epoch 32 [300/612] Loss: 0.5389 Task: 0.5389 Adv: -5.6478 Verify: 0.0000
2026-04-24 22:50:55,280 [INFO] pcrl.training.trainer: Epoch 32 [350/612] Loss: 0.5341 Task: 0.5341 Adv: -5.4876 Verify: 0.0000
2026-04-24 22:50:57,069 [INFO] pcrl.training.trainer: Epoch 32 [400/612] Loss: 0.5245 Task: 0.5245 Adv: -5.5723 Verify: 0.0000
2026-04-24 22:50:59,029 [INFO] pcrl.training.trainer: Epoch 32 [450/612] Loss: 0.4535 Task: 0.4535 Adv: -5.6162 Verify: 0.0000
2026-04-24 22:51:00,818 [INFO] pcrl.training.trainer: Epoch 32 [500/612] Loss: 0.3989 Task: 0.3989 Adv: -5.5411 Verify: 0.0000
2026-04-24 22:51:02,610 [INFO] pcrl.training.trainer: Epoch 32 [550/612] Loss: 0.5386 Task: 0.5386 Adv: -5.6173 Verify: 0.0000
2026-04-24 22:51:04,403 [INFO] pcrl.training.trainer: Epoch 32 [600/612] Loss: 0.4952 Task: 0.4952 Adv: -5.4751 Verify: 0.0000
2026-04-24 22:51:04,838 [INFO] pcrl.training.trainer: [TRAIN] Epoch 32 - Loss: 0.4956, Task: 0.4956, Adv: -5.5970, Verify: 0.0000, Time: 22.5s
2026-04-24 22:51:04,838 [INFO] pcrl.training.trainer:   Task 'income' accuracy: 0.7853
2026-04-24 22:51:04,838 [INFO] pcrl.training.trainer:   Task 'hours_band' accuracy: 0.9838
2026-04-24 22:51:04,838 [INFO] pcrl.training.trainer:   Task 'education_level' accuracy: 0.9997
2026-04-24 22:51:04,838 [INFO] pcrl.training.trainer:   Auditor 'race' accuracy: 0.6582
2026-04-24 22:51:04,838 [INFO] pcrl.training.trainer:   Auditor 'sex' accuracy: 0.7176
2026-04-24 22:51:04,838 [INFO] pcrl.training.trainer:   Auditor 'age_group' accuracy: 0.7079
2026-04-24 22:51:04,838 [INFO] pcrl.training.trainer:   Auditor 'marital_status' accuracy: 0.7534
2026-04-24 22:51:04,838 [INFO] pcrl.training.trainer:   Auditor 'income' accuracy: 0.7848
2026-04-24 22:51:06,018 [INFO] pcrl.training.trainer: [VAL] Epoch 32 - Loss: 0.4613, Task: 0.4613, Adv: 5.0147, Verify: 0.0000, Time: 1.2s
2026-04-24 22:51:06,018 [INFO] pcrl.training.trainer:   Task 'income' accuracy: 0.7884
2026-04-24 22:51:06,018 [INFO] pcrl.training.trainer:   Task 'hours_band' accuracy: 0.9947
2026-04-24 22:51:06,018 [INFO] pcrl.training.trainer:   Task 'education_level' accuracy: 1.0000
2026-04-24 22:51:06,018 [INFO] pcrl.training.trainer:   Auditor 'race' accuracy: 0.7080
2026-04-24 22:51:06,018 [INFO] pcrl.training.trainer:   Auditor 'sex' accuracy: 0.7685
2026-04-24 22:51:06,018 [INFO] pcrl.training.trainer:   Auditor 'age_group' accuracy: 0.7753
2026-04-24 22:51:06,018 [INFO] pcrl.training.trainer:   Auditor 'marital_status' accuracy: 0.7795
2026-04-24 22:51:06,018 [INFO] pcrl.training.trainer:   Auditor 'income' accuracy: 0.7897
2026-04-24 22:51:06,082 [INFO] pcrl.training.trainer: Saved checkpoint to /home/ubuntu/PCRL/checkpoints/folktables_std_s0/best.pt
2026-04-24 22:51:07,866 [INFO] pcrl.training.trainer: Epoch 33 [50/612] Loss: 0.4697 Task: 0.4697 Adv: -5.3628 Verify: 0.0000
2026-04-24 22:51:09,646 [INFO] pcrl.training.trainer: Epoch 33 [100/612] Loss: 0.5065 Task: 0.5065 Adv: -5.5335 Verify: 0.0000
2026-04-24 22:51:11,596 [INFO] pcrl.training.trainer: Epoch 33 [150/612] Loss: 0.4743 Task: 0.4743 Adv: -5.6612 Verify: 0.0000
2026-04-24 22:51:13,370 [INFO] pcrl.training.trainer: Epoch 33 [200/612] Loss: 0.5020 Task: 0.5020 Adv: -5.6381 Verify: 0.0000
2026-04-24 22:51:15,149 [INFO] pcrl.training.trainer: Epoch 33 [250/612] Loss: 0.4908 Task: 0.4908 Adv: -5.7196 Verify: 0.0000
2026-04-24 22:51:17,078 [INFO] pcrl.training.trainer: Epoch 33 [300/612] Loss: 0.4854 Task: 0.4854 Adv: -5.6210 Verify: 0.0000
2026-04-24 22:51:18,864 [INFO] pcrl.training.trainer: Epoch 33 [350/612] Loss: 0.5586 Task: 0.5586 Adv: -5.6822 Verify: 0.0000
2026-04-24 22:51:20,792 [INFO] pcrl.training.trainer: Epoch 33 [400/612] Loss: 0.4749 Task: 0.4749 Adv: -5.6482 Verify: 0.0000
2026-04-24 22:51:22,581 [INFO] pcrl.training.trainer: Epoch 33 [450/612] Loss: 0.5618 Task: 0.5618 Adv: -5.5616 Verify: 0.0000
2026-04-24 22:51:24,359 [INFO] pcrl.training.trainer: Epoch 33 [500/612] Loss: 0.5011 Task: 0.5011 Adv: -5.8245 Verify: 0.0000
2026-04-24 22:51:26,141 [INFO] pcrl.training.trainer: Epoch 33 [550/612] Loss: 0.4955 Task: 0.4955 Adv: -5.7592 Verify: 0.0000
2026-04-24 22:51:27,938 [INFO] pcrl.training.trainer: Epoch 33 [600/612] Loss: 0.5243 Task: 0.5243 Adv: -5.5923 Verify: 0.0000
2026-04-24 22:51:28,375 [INFO] pcrl.training.trainer: [TRAIN] Epoch 33 - Loss: 0.4968, Task: 0.4968, Adv: -5.5795, Verify: 0.0000, Time: 22.3s
2026-04-24 22:51:28,376 [INFO] pcrl.training.trainer:   Task 'income' accuracy: 0.7859
2026-04-24 22:51:28,376 [INFO] pcrl.training.trainer:   Task 'hours_band' accuracy: 0.9833
2026-04-24 22:51:28,376 [INFO] pcrl.training.trainer:   Task 'education_level' accuracy: 0.9998
2026-04-24 22:51:28,376 [INFO] pcrl.training.trainer:   Auditor 'race' accuracy: 0.6569
2026-04-24 22:51:28,376 [INFO] pcrl.training.trainer:   Auditor 'sex' accuracy: 0.7257
2026-04-24 22:51:28,376 [INFO] pcrl.training.trainer:   Auditor 'age_group' accuracy: 0.7084
2026-04-24 22:51:28,376 [INFO] pcrl.training.trainer:   Auditor 'marital_status' accuracy: 0.7492
2026-04-24 22:51:28,376 [INFO] pcrl.training.trainer:   Auditor 'income' accuracy: 0.7850
2026-04-24 22:51:29,548 [INFO] pcrl.training.trainer: [VAL] Epoch 33 - Loss: 0.4674, Task: 0.4674, Adv: 5.1508, Verify: 0.0000, Time: 1.2s
2026-04-24 22:51:29,548 [INFO] pcrl.training.trainer:   Task 'income' accuracy: 0.7890
2026-04-24 22:51:29,548 [INFO] pcrl.training.trainer:   Task 'hours_band' accuracy: 0.9949
2026-04-24 22:51:29,548 [INFO] pcrl.training.trainer:   Task 'education_level' accuracy: 1.0000
2026-04-24 22:51:29,548 [INFO] pcrl.training.trainer:   Auditor 'race' accuracy: 0.6967
2026-04-24 22:51:29,548 [INFO] pcrl.training.trainer:   Auditor 'sex' accuracy: 0.7816
2026-04-24 22:51:29,548 [INFO] pcrl.training.trainer:   Auditor 'age_group' accuracy: 0.7338
2026-04-24 22:51:29,548 [INFO] pcrl.training.trainer:   Auditor 'marital_status' accuracy: 0.7862
2026-04-24 22:51:29,548 [INFO] pcrl.training.trainer:   Auditor 'income' accuracy: 0.7866
2026-04-24 22:51:31,342 [INFO] pcrl.training.trainer: Epoch 34 [50/612] Loss: 0.4625 Task: 0.4625 Adv: -5.6216 Verify: 0.0000
2026-04-24 22:51:33,304 [INFO] pcrl.training.trainer: Epoch 34 [100/612] Loss: 0.4320 Task: 0.4320 Adv: -5.4971 Verify: 0.0000
2026-04-24 22:51:35,139 [INFO] pcrl.training.trainer: Epoch 34 [150/612] Loss: 0.4913 Task: 0.4913 Adv: -5.5902 Verify: 0.0000
2026-04-24 22:51:37,021 [INFO] pcrl.training.trainer: Epoch 34 [200/612] Loss: 0.4655 Task: 0.4655 Adv: -5.7353 Verify: 0.0000
2026-04-24 22:51:38,833 [INFO] pcrl.training.trainer: Epoch 34 [250/612] Loss: 0.5146 Task: 0.5146 Adv: -5.5990 Verify: 0.0000
2026-04-24 22:51:40,615 [INFO] pcrl.training.trainer: Epoch 34 [300/612] Loss: 0.4885 Task: 0.4885 Adv: -5.7794 Verify: 0.0000
2026-04-24 22:51:42,395 [INFO] pcrl.training.trainer: Epoch 34 [350/612] Loss: 0.4142 Task: 0.4142 Adv: -5.5106 Verify: 0.0000
2026-04-24 22:51:44,172 [INFO] pcrl.training.trainer: Epoch 34 [400/612] Loss: 0.5141 Task: 0.5141 Adv: -5.5391 Verify: 0.0000
2026-04-24 22:51:46,094 [INFO] pcrl.training.trainer: Epoch 34 [450/612] Loss: 0.5034 Task: 0.5034 Adv: -5.7790 Verify: 0.0000
2026-04-24 22:51:47,866 [INFO] pcrl.training.trainer: Epoch 34 [500/612] Loss: 0.5301 Task: 0.5301 Adv: -5.5956 Verify: 0.0000
2026-04-24 22:51:49,647 [INFO] pcrl.training.trainer: Epoch 34 [550/612] Loss: 0.4940 Task: 0.4940 Adv: -5.6219 Verify: 0.0000
2026-04-24 22:51:51,419 [INFO] pcrl.training.trainer: Epoch 34 [600/612] Loss: 0.6701 Task: 0.6701 Adv: -5.5795 Verify: 0.0000
2026-04-24 22:51:52,003 [INFO] pcrl.training.trainer: [TRAIN] Epoch 34 - Loss: 0.4970, Task: 0.4970, Adv: -5.6060, Verify: 0.0000, Time: 22.5s
2026-04-24 22:51:52,003 [INFO] pcrl.training.trainer:   Task 'income' accuracy: 0.7853
2026-04-24 22:51:52,003 [INFO] pcrl.training.trainer:   Task 'hours_band' accuracy: 0.9833
2026-04-24 22:51:52,003 [INFO] pcrl.training.trainer:   Task 'education_level' accuracy: 0.9998
2026-04-24 22:51:52,003 [INFO] pcrl.training.trainer:   Auditor 'race' accuracy: 0.6542
2026-04-24 22:51:52,003 [INFO] pcrl.training.trainer:   Auditor 'sex' accuracy: 0.7195
2026-04-24 22:51:52,003 [INFO] pcrl.training.trainer:   Auditor 'age_group' accuracy: 0.7099
2026-04-24 22:51:52,003 [INFO] pcrl.training.trainer:   Auditor 'marital_status' accuracy: 0.7550
2026-04-24 22:51:52,003 [INFO] pcrl.training.trainer:   Auditor 'income' accuracy: 0.7854
2026-04-24 22:51:53,022 [INFO] pcrl.training.trainer: [VAL] Epoch 34 - Loss: 0.4622, Task: 0.4622, Adv: 5.1222, Verify: 0.0000, Time: 1.0s
2026-04-24 22:51:53,022 [INFO] pcrl.training.trainer:   Task 'income' accuracy: 0.7892
2026-04-24 22:51:53,022 [INFO] pcrl.training.trainer:   Task 'hours_band' accuracy: 0.9941
2026-04-24 22:51:53,022 [INFO] pcrl.training.trainer:   Task 'education_level' accuracy: 1.0000
2026-04-24 22:51:53,022 [INFO] pcrl.training.trainer:   Auditor 'race' accuracy: 0.6858
2026-04-24 22:51:53,022 [INFO] pcrl.training.trainer:   Auditor 'sex' accuracy: 0.7787
2026-04-24 22:51:53,022 [INFO] pcrl.training.trainer:   Auditor 'age_group' accuracy: 0.7434
2026-04-24 22:51:53,022 [INFO] pcrl.training.trainer:   Auditor 'marital_status' accuracy: 0.7907
2026-04-24 22:51:53,022 [INFO] pcrl.training.trainer:   Auditor 'income' accuracy: 0.7896
2026-04-24 22:51:54,804 [INFO] pcrl.training.trainer: Epoch 35 [50/612] Loss: 0.5264 Task: 0.5264 Adv: -5.5394 Verify: 0.0000
2026-04-24 22:51:56,580 [INFO] pcrl.training.trainer: Epoch 35 [100/612] Loss: 0.4165 Task: 0.4165 Adv: -5.7249 Verify: 0.0000
2026-04-24 22:51:58,357 [INFO] pcrl.training.trainer: Epoch 35 [150/612] Loss: 0.5037 Task: 0.5037 Adv: -5.6116 Verify: 0.0000
2026-04-24 22:52:00,289 [INFO] pcrl.training.trainer: Epoch 35 [200/612] Loss: 0.5285 Task: 0.5285 Adv: -5.6352 Verify: 0.0000
2026-04-24 22:52:02,064 [INFO] pcrl.training.trainer: Epoch 35 [250/612] Loss: 0.4557 Task: 0.4557 Adv: -5.7098 Verify: 0.0000
2026-04-24 22:52:03,843 [INFO] pcrl.training.trainer: Epoch 35 [300/612] Loss: 0.4523 Task: 0.4523 Adv: -5.7677 Verify: 0.0000
2026-04-24 22:52:05,639 [INFO] pcrl.training.trainer: Epoch 35 [350/612] Loss: 0.4468 Task: 0.4468 Adv: -5.5612 Verify: 0.0000
2026-04-24 22:52:07,585 [INFO] pcrl.training.trainer: Epoch 35 [400/612] Loss: 0.5056 Task: 0.5056 Adv: -5.5126 Verify: 0.0000
2026-04-24 22:52:09,387 [INFO] pcrl.training.trainer: Epoch 35 [450/612] Loss: 0.4746 Task: 0.4746 Adv: -5.6617 Verify: 0.0000
2026-04-24 22:52:11,187 [INFO] pcrl.training.trainer: Epoch 35 [500/612] Loss: 0.4700 Task: 0.4700 Adv: -5.5088 Verify: 0.0000
2026-04-24 22:52:13,136 [INFO] pcrl.training.trainer: Epoch 35 [550/612] Loss: 0.6426 Task: 0.6426 Adv: -5.4071 Verify: 0.0000
2026-04-24 22:52:14,931 [INFO] pcrl.training.trainer: Epoch 35 [600/612] Loss: 0.4353 Task: 0.4353 Adv: -5.5915 Verify: 0.0000
2026-04-24 22:52:15,520 [INFO] pcrl.training.trainer: [TRAIN] Epoch 35 - Loss: 0.4950, Task: 0.4950, Adv: -5.6091, Verify: 0.0000, Time: 22.5s
2026-04-24 22:52:15,520 [INFO] pcrl.training.trainer:   Task 'income' accuracy: 0.7858
2026-04-24 22:52:15,520 [INFO] pcrl.training.trainer:   Task 'hours_band' accuracy: 0.9843
2026-04-24 22:52:15,520 [INFO] pcrl.training.trainer:   Task 'education_level' accuracy: 0.9998
2026-04-24 22:52:15,520 [INFO] pcrl.training.trainer:   Auditor 'race' accuracy: 0.6520
2026-04-24 22:52:15,520 [INFO] pcrl.training.trainer:   Auditor 'sex' accuracy: 0.7180
2026-04-24 22:52:15,520 [INFO] pcrl.training.trainer:   Auditor 'age_group' accuracy: 0.7096
2026-04-24 22:52:15,520 [INFO] pcrl.training.trainer:   Auditor 'marital_status' accuracy: 0.7536
2026-04-24 22:52:15,521 [INFO] pcrl.training.trainer:   Auditor 'income' accuracy: 0.7857
2026-04-24 22:52:16,566 [INFO] pcrl.training.trainer: [VAL] Epoch 35 - Loss: 0.4794, Task: 0.4794, Adv: 5.2700, Verify: 0.0000, Time: 1.0s
2026-04-24 22:52:16,567 [INFO] pcrl.training.trainer:   Task 'income' accuracy: 0.7897
2026-04-24 22:52:16,567 [INFO] pcrl.training.trainer:   Task 'hours_band' accuracy: 0.9851
2026-04-24 22:52:16,567 [INFO] pcrl.training.trainer:   Task 'education_level' accuracy: 1.0000
2026-04-24 22:52:16,567 [INFO] pcrl.training.trainer:   Auditor 'race' accuracy: 0.6681
2026-04-24 22:52:16,567 [INFO] pcrl.training.trainer:   Auditor 'sex' accuracy: 0.7415
2026-04-24 22:52:16,567 [INFO] pcrl.training.trainer:   Auditor 'age_group' accuracy: 0.7475
2026-04-24 22:52:16,567 [INFO] pcrl.training.trainer:   Auditor 'marital_status' accuracy: 0.8028
2026-04-24 22:52:16,567 [INFO] pcrl.training.trainer:   Auditor 'income' accuracy: 0.7879
2026-04-24 22:52:18,532 [INFO] pcrl.training.trainer: Epoch 36 [50/612] Loss: 0.5334 Task: 0.5334 Adv: -5.6366 Verify: 0.0000
2026-04-24 22:52:20,331 [INFO] pcrl.training.trainer: Epoch 36 [100/612] Loss: 0.4203 Task: 0.4203 Adv: -5.4415 Verify: 0.0000
2026-04-24 22:52:22,329 [INFO] pcrl.training.trainer: Epoch 36 [150/612] Loss: 0.5431 Task: 0.5431 Adv: -5.7649 Verify: 0.0000
2026-04-24 22:52:24,132 [INFO] pcrl.training.trainer: Epoch 36 [200/612] Loss: 0.4788 Task: 0.4788 Adv: -5.5548 Verify: 0.0000
2026-04-24 22:52:25,903 [INFO] pcrl.training.trainer: Epoch 36 [250/612] Loss: 0.4991 Task: 0.4991 Adv: -5.6069 Verify: 0.0000
2026-04-24 22:52:27,679 [INFO] pcrl.training.trainer: Epoch 36 [300/612] Loss: 0.4578 Task: 0.4578 Adv: -5.4810 Verify: 0.0000
2026-04-24 22:52:29,461 [INFO] pcrl.training.trainer: Epoch 36 [350/612] Loss: 0.5394 Task: 0.5394 Adv: -5.4832 Verify: 0.0000
2026-04-24 22:52:31,218 [INFO] pcrl.training.trainer: Epoch 36 [400/612] Loss: 0.4805 Task: 0.4805 Adv: -5.5592 Verify: 0.0000
2026-04-24 22:52:32,999 [INFO] pcrl.training.trainer: Epoch 36 [450/612] Loss: 0.4752 Task: 0.4752 Adv: -5.5437 Verify: 0.0000
2026-04-24 22:52:34,920 [INFO] pcrl.training.trainer: Epoch 36 [500/612] Loss: 0.4318 Task: 0.4318 Adv: -5.6379 Verify: 0.0000
2026-04-24 22:52:36,682 [INFO] pcrl.training.trainer: Epoch 36 [550/612] Loss: 0.4907 Task: 0.4907 Adv: -5.5420 Verify: 0.0000
2026-04-24 22:52:38,427 [INFO] pcrl.training.trainer: Epoch 36 [600/612] Loss: 0.4679 Task: 0.4679 Adv: -5.5022 Verify: 0.0000
2026-04-24 22:52:38,855 [INFO] pcrl.training.trainer: [TRAIN] Epoch 36 - Loss: 0.4955, Task: 0.4955, Adv: -5.6010, Verify: 0.0000, Time: 22.3s
2026-04-24 22:52:38,855 [INFO] pcrl.training.trainer:   Task 'income' accuracy: 0.7853
2026-04-24 22:52:38,855 [INFO] pcrl.training.trainer:   Task 'hours_band' accuracy: 0.9835
2026-04-24 22:52:38,855 [INFO] pcrl.training.trainer:   Task 'education_level' accuracy: 0.9998
2026-04-24 22:52:38,855 [INFO] pcrl.training.trainer:   Auditor 'race' accuracy: 0.6517
2026-04-24 22:52:38,855 [INFO] pcrl.training.trainer:   Auditor 'sex' accuracy: 0.7203
2026-04-24 22:52:38,855 [INFO] pcrl.training.trainer:   Auditor 'age_group' accuracy: 0.7104
2026-04-24 22:52:38,855 [INFO] pcrl.training.trainer:   Auditor 'marital_status' accuracy: 0.7565
2026-04-24 22:52:38,855 [INFO] pcrl.training.trainer:   Auditor 'income' accuracy: 0.7848
2026-04-24 22:52:40,016 [INFO] pcrl.training.trainer: [VAL] Epoch 36 - Loss: 0.4671, Task: 0.4671, Adv: 5.1893, Verify: 0.0000, Time: 1.2s
2026-04-24 22:52:40,016 [INFO] pcrl.training.trainer:   Task 'income' accuracy: 0.7893
2026-04-24 22:52:40,016 [INFO] pcrl.training.trainer:   Task 'hours_band' accuracy: 0.9924
2026-04-24 22:52:40,016 [INFO] pcrl.training.trainer:   Task 'education_level' accuracy: 1.0000
2026-04-24 22:52:40,016 [INFO] pcrl.training.trainer:   Auditor 'race' accuracy: 0.6962
2026-04-24 22:52:40,016 [INFO] pcrl.training.trainer:   Auditor 'sex' accuracy: 0.7567
2026-04-24 22:52:40,016 [INFO] pcrl.training.trainer:   Auditor 'age_group' accuracy: 0.7522
2026-04-24 22:52:40,016 [INFO] pcrl.training.trainer:   Auditor 'marital_status' accuracy: 0.7817
2026-04-24 22:52:40,016 [INFO] pcrl.training.trainer:   Auditor 'income' accuracy: 0.7889
2026-04-24 22:52:41,740 [INFO] pcrl.training.trainer: Epoch 37 [50/612] Loss: 0.4249 Task: 0.4249 Adv: -5.5466 Verify: 0.0000
2026-04-24 22:52:43,430 [INFO] pcrl.training.trainer: Epoch 37 [100/612] Loss: 0.4919 Task: 0.4919 Adv: -5.5578 Verify: 0.0000
2026-04-24 22:52:45,115 [INFO] pcrl.training.trainer: Epoch 37 [150/612] Loss: 0.4963 Task: 0.4963 Adv: -5.7261 Verify: 0.0000
2026-04-24 22:52:46,831 [INFO] pcrl.training.trainer: Epoch 37 [200/612] Loss: 0.5303 Task: 0.5303 Adv: -5.7615 Verify: 0.0000
2026-04-24 22:52:48,601 [INFO] pcrl.training.trainer: Epoch 37 [250/612] Loss: 0.4801 Task: 0.4801 Adv: -5.4412 Verify: 0.0000
2026-04-24 22:52:50,355 [INFO] pcrl.training.trainer: Epoch 37 [300/612] Loss: 0.4841 Task: 0.4841 Adv: -5.3491 Verify: 0.0000
2026-04-24 22:52:52,226 [INFO] pcrl.training.trainer: Epoch 37 [350/612] Loss: 0.5635 Task: 0.5635 Adv: -5.5691 Verify: 0.0000
2026-04-24 22:52:53,992 [INFO] pcrl.training.trainer: Epoch 37 [400/612] Loss: 0.4699 Task: 0.4699 Adv: -5.5894 Verify: 0.0000
2026-04-24 22:52:55,697 [INFO] pcrl.training.trainer: Epoch 37 [450/612] Loss: 0.4929 Task: 0.4929 Adv: -5.6166 Verify: 0.0000
2026-04-24 22:52:57,421 [INFO] pcrl.training.trainer: Epoch 37 [500/612] Loss: 0.4680 Task: 0.4680 Adv: -5.7037 Verify: 0.0000
2026-04-24 22:52:59,323 [INFO] pcrl.training.trainer: Epoch 37 [550/612] Loss: 0.4657 Task: 0.4657 Adv: -5.4655 Verify: 0.0000
2026-04-24 22:53:01,106 [INFO] pcrl.training.trainer: Epoch 37 [600/612] Loss: 0.4670 Task: 0.4670 Adv: -5.5580 Verify: 0.0000
2026-04-24 22:53:01,542 [INFO] pcrl.training.trainer: [TRAIN] Epoch 37 - Loss: 0.4949, Task: 0.4949, Adv: -5.5822, Verify: 0.0000, Time: 21.5s
2026-04-24 22:53:01,543 [INFO] pcrl.training.trainer:   Task 'income' accuracy: 0.7856
2026-04-24 22:53:01,543 [INFO] pcrl.training.trainer:   Task 'hours_band' accuracy: 0.9838
2026-04-24 22:53:01,543 [INFO] pcrl.training.trainer:   Task 'education_level' accuracy: 0.9998
2026-04-24 22:53:01,543 [INFO] pcrl.training.trainer:   Auditor 'race' accuracy: 0.6544
2026-04-24 22:53:01,543 [INFO] pcrl.training.trainer:   Auditor 'sex' accuracy: 0.7248
2026-04-24 22:53:01,543 [INFO] pcrl.training.trainer:   Auditor 'age_group' accuracy: 0.7099
2026-04-24 22:53:01,543 [INFO] pcrl.training.trainer:   Auditor 'marital_status' accuracy: 0.7529
2026-04-24 22:53:01,543 [INFO] pcrl.training.trainer:   Auditor 'income' accuracy: 0.7857
2026-04-24 22:53:02,719 [INFO] pcrl.training.trainer: [VAL] Epoch 37 - Loss: 0.4666, Task: 0.4666, Adv: 5.0898, Verify: 0.0000, Time: 1.2s
2026-04-24 22:53:02,719 [INFO] pcrl.training.trainer:   Task 'income' accuracy: 0.7893
2026-04-24 22:53:02,719 [INFO] pcrl.training.trainer:   Task 'hours_band' accuracy: 0.9864
2026-04-24 22:53:02,719 [INFO] pcrl.training.trainer:   Task 'education_level' accuracy: 1.0000
2026-04-24 22:53:02,719 [INFO] pcrl.training.trainer:   Auditor 'race' accuracy: 0.6939
2026-04-24 22:53:02,719 [INFO] pcrl.training.trainer:   Auditor 'sex' accuracy: 0.7889
2026-04-24 22:53:02,719 [INFO] pcrl.training.trainer:   Auditor 'age_group' accuracy: 0.7381
2026-04-24 22:53:02,719 [INFO] pcrl.training.trainer:   Auditor 'marital_status' accuracy: 0.7929
2026-04-24 22:53:02,719 [INFO] pcrl.training.trainer:   Auditor 'income' accuracy: 0.7902
2026-04-24 22:53:04,509 [INFO] pcrl.training.trainer: Epoch 38 [50/612] Loss: 0.5242 Task: 0.5242 Adv: -5.6179 Verify: 0.0000
2026-04-24 22:53:06,292 [INFO] pcrl.training.trainer: Epoch 38 [100/612] Loss: 0.4349 Task: 0.4349 Adv: -5.5486 Verify: 0.0000
2026-04-24 22:53:08,212 [INFO] pcrl.training.trainer: Epoch 38 [150/612] Loss: 0.4996 Task: 0.4996 Adv: -5.6757 Verify: 0.0000
2026-04-24 22:53:09,977 [INFO] pcrl.training.trainer: Epoch 38 [200/612] Loss: 0.5046 Task: 0.5046 Adv: -5.4495 Verify: 0.0000
2026-04-24 22:53:11,687 [INFO] pcrl.training.trainer: Epoch 38 [250/612] Loss: 0.5078 Task: 0.5078 Adv: -5.6173 Verify: 0.0000
2026-04-24 22:53:13,526 [INFO] pcrl.training.trainer: Epoch 38 [300/612] Loss: 0.5882 Task: 0.5882 Adv: -5.5993 Verify: 0.0000
2026-04-24 22:53:15,283 [INFO] pcrl.training.trainer: Epoch 38 [350/612] Loss: 0.5277 Task: 0.5277 Adv: -5.6280 Verify: 0.0000
2026-04-24 22:53:17,192 [INFO] pcrl.training.trainer: Epoch 38 [400/612] Loss: 0.4683 Task: 0.4683 Adv: -5.6494 Verify: 0.0000
2026-04-24 22:53:18,930 [INFO] pcrl.training.trainer: Epoch 38 [450/612] Loss: 0.4858 Task: 0.4858 Adv: -5.5568 Verify: 0.0000
2026-04-24 22:53:20,614 [INFO] pcrl.training.trainer: Epoch 38 [500/612] Loss: 0.4286 Task: 0.4286 Adv: -5.4889 Verify: 0.0000
2026-04-24 22:53:22,330 [INFO] pcrl.training.trainer: Epoch 38 [550/612] Loss: 0.4583 Task: 0.4583 Adv: -5.5641 Verify: 0.0000
2026-04-24 22:53:24,038 [INFO] pcrl.training.trainer: Epoch 38 [600/612] Loss: 0.4806 Task: 0.4806 Adv: -5.5578 Verify: 0.0000
2026-04-24 22:53:24,449 [INFO] pcrl.training.trainer: [TRAIN] Epoch 38 - Loss: 0.4955, Task: 0.4955, Adv: -5.6008, Verify: 0.0000, Time: 21.7s
2026-04-24 22:53:24,449 [INFO] pcrl.training.trainer:   Task 'income' accuracy: 0.7863
2026-04-24 22:53:24,449 [INFO] pcrl.training.trainer:   Task 'hours_band' accuracy: 0.9841
2026-04-24 22:53:24,449 [INFO] pcrl.training.trainer:   Task 'education_level' accuracy: 0.9998
2026-04-24 22:53:24,449 [INFO] pcrl.training.trainer:   Auditor 'race' accuracy: 0.6543
2026-04-24 22:53:24,449 [INFO] pcrl.training.trainer:   Auditor 'sex' accuracy: 0.7223
2026-04-24 22:53:24,449 [INFO] pcrl.training.trainer:   Auditor 'age_group' accuracy: 0.7033
2026-04-24 22:53:24,449 [INFO] pcrl.training.trainer:   Auditor 'marital_status' accuracy: 0.7512
2026-04-24 22:53:24,449 [INFO] pcrl.training.trainer:   Auditor 'income' accuracy: 0.7853
2026-04-24 22:53:25,586 [INFO] pcrl.training.trainer: [VAL] Epoch 38 - Loss: 0.4679, Task: 0.4679, Adv: 5.2131, Verify: 0.0000, Time: 1.1s
2026-04-24 22:53:25,586 [INFO] pcrl.training.trainer:   Task 'income' accuracy: 0.7900
2026-04-24 22:53:25,586 [INFO] pcrl.training.trainer:   Task 'hours_band' accuracy: 0.9875
2026-04-24 22:53:25,586 [INFO] pcrl.training.trainer:   Task 'education_level' accuracy: 1.0000
2026-04-24 22:53:25,586 [INFO] pcrl.training.trainer:   Auditor 'race' accuracy: 0.6782
2026-04-24 22:53:25,586 [INFO] pcrl.training.trainer:   Auditor 'sex' accuracy: 0.7817
2026-04-24 22:53:25,586 [INFO] pcrl.training.trainer:   Auditor 'age_group' accuracy: 0.7524
2026-04-24 22:53:25,586 [INFO] pcrl.training.trainer:   Auditor 'marital_status' accuracy: 0.7852
2026-04-24 22:53:25,586 [INFO] pcrl.training.trainer:   Auditor 'income' accuracy: 0.7905
2026-04-24 22:53:27,322 [INFO] pcrl.training.trainer: Epoch 39 [50/612] Loss: 0.4751 Task: 0.4751 Adv: -5.7867 Verify: 0.0000
2026-04-24 22:53:29,295 [INFO] pcrl.training.trainer: Epoch 39 [100/612] Loss: 0.4481 Task: 0.4481 Adv: -5.6141 Verify: 0.0000
2026-04-24 22:53:31,080 [INFO] pcrl.training.trainer: Epoch 39 [150/612] Loss: 0.4912 Task: 0.4912 Adv: -5.5811 Verify: 0.0000
2026-04-24 22:53:32,856 [INFO] pcrl.training.trainer: Epoch 39 [200/612] Loss: 0.6310 Task: 0.6310 Adv: -5.5292 Verify: 0.0000
2026-04-24 22:53:34,633 [INFO] pcrl.training.trainer: Epoch 39 [250/612] Loss: 0.5748 Task: 0.5748 Adv: -5.5672 Verify: 0.0000
2026-04-24 22:53:36,424 [INFO] pcrl.training.trainer: Epoch 39 [300/612] Loss: 0.4998 Task: 0.4998 Adv: -5.3943 Verify: 0.0000
2026-04-24 22:53:38,224 [INFO] pcrl.training.trainer: Epoch 39 [350/612] Loss: 0.5118 Task: 0.5118 Adv: -5.6698 Verify: 0.0000
2026-04-24 22:53:40,029 [INFO] pcrl.training.trainer: Epoch 39 [400/612] Loss: 0.4405 Task: 0.4405 Adv: -5.6005 Verify: 0.0000
2026-04-24 22:53:41,979 [INFO] pcrl.training.trainer: Epoch 39 [450/612] Loss: 0.5324 Task: 0.5324 Adv: -5.6528 Verify: 0.0000
2026-04-24 22:53:43,770 [INFO] pcrl.training.trainer: Epoch 39 [500/612] Loss: 0.4739 Task: 0.4739 Adv: -5.6001 Verify: 0.0000
2026-04-24 22:53:45,553 [INFO] pcrl.training.trainer: Epoch 39 [550/612] Loss: 0.4220 Task: 0.4220 Adv: -5.6830 Verify: 0.0000
2026-04-24 22:53:47,328 [INFO] pcrl.training.trainer: Epoch 39 [600/612] Loss: 0.4725 Task: 0.4725 Adv: -5.7644 Verify: 0.0000
2026-04-24 22:53:47,907 [INFO] pcrl.training.trainer: [TRAIN] Epoch 39 - Loss: 0.4951, Task: 0.4951, Adv: -5.5867, Verify: 0.0000, Time: 22.3s
2026-04-24 22:53:47,907 [INFO] pcrl.training.trainer:   Task 'income' accuracy: 0.7844
2026-04-24 22:53:47,907 [INFO] pcrl.training.trainer:   Task 'hours_band' accuracy: 0.9843
2026-04-24 22:53:47,907 [INFO] pcrl.training.trainer:   Task 'education_level' accuracy: 0.9997
2026-04-24 22:53:47,907 [INFO] pcrl.training.trainer:   Auditor 'race' accuracy: 0.6534
2026-04-24 22:53:47,907 [INFO] pcrl.training.trainer:   Auditor 'sex' accuracy: 0.7247
2026-04-24 22:53:47,908 [INFO] pcrl.training.trainer:   Auditor 'age_group' accuracy: 0.7044
2026-04-24 22:53:47,908 [INFO] pcrl.training.trainer:   Auditor 'marital_status' accuracy: 0.7544
2026-04-24 22:53:47,908 [INFO] pcrl.training.trainer:   Auditor 'income' accuracy: 0.7857
2026-04-24 22:53:48,931 [INFO] pcrl.training.trainer: [VAL] Epoch 39 - Loss: 0.4721, Task: 0.4721, Adv: 5.1870, Verify: 0.0000, Time: 1.0s
2026-04-24 22:53:48,931 [INFO] pcrl.training.trainer:   Task 'income' accuracy: 0.7877
2026-04-24 22:53:48,931 [INFO] pcrl.training.trainer:   Task 'hours_band' accuracy: 0.9943
2026-04-24 22:53:48,931 [INFO] pcrl.training.trainer:   Task 'education_level' accuracy: 1.0000
2026-04-24 22:53:48,931 [INFO] pcrl.training.trainer:   Auditor 'race' accuracy: 0.6787
2026-04-24 22:53:48,931 [INFO] pcrl.training.trainer:   Auditor 'sex' accuracy: 0.7634
2026-04-24 22:53:48,931 [INFO] pcrl.training.trainer:   Auditor 'age_group' accuracy: 0.7440
2026-04-24 22:53:48,931 [INFO] pcrl.training.trainer:   Auditor 'marital_status' accuracy: 0.7856
2026-04-24 22:53:48,931 [INFO] pcrl.training.trainer:   Auditor 'income' accuracy: 0.7897
2026-04-24 22:53:48,971 [INFO] pcrl.training.trainer: Saved checkpoint to /home/ubuntu/PCRL/checkpoints/folktables_std_s0/epoch_40.pt
2026-04-24 22:53:50,747 [INFO] pcrl.training.trainer: Epoch 40 [50/612] Loss: 0.4772 Task: 0.4772 Adv: -5.5522 Verify: 0.0000
2026-04-24 22:53:52,513 [INFO] pcrl.training.trainer: Epoch 40 [100/612] Loss: 0.5012 Task: 0.5012 Adv: -5.6602 Verify: 0.0000
2026-04-24 22:53:54,433 [INFO] pcrl.training.trainer: Epoch 40 [150/612] Loss: 0.5268 Task: 0.5268 Adv: -5.5568 Verify: 0.0000
2026-04-24 22:53:56,211 [INFO] pcrl.training.trainer: Epoch 40 [200/612] Loss: 0.5450 Task: 0.5450 Adv: -5.6345 Verify: 0.0000
2026-04-24 22:53:58,147 [INFO] pcrl.training.trainer: Epoch 40 [250/612] Loss: 0.4319 Task: 0.4319 Adv: -5.5136 Verify: 0.0000
2026-04-24 22:53:59,929 [INFO] pcrl.training.trainer: Epoch 40 [300/612] Loss: 0.4845 Task: 0.4845 Adv: -5.5732 Verify: 0.0000
2026-04-24 22:54:01,857 [INFO] pcrl.training.trainer: Epoch 40 [350/612] Loss: 0.4839 Task: 0.4839 Adv: -5.5757 Verify: 0.0000
2026-04-24 22:54:03,635 [INFO] pcrl.training.trainer: Epoch 40 [400/612] Loss: 0.5242 Task: 0.5242 Adv: -5.5489 Verify: 0.0000
2026-04-24 22:54:05,410 [INFO] pcrl.training.trainer: Epoch 40 [450/612] Loss: 0.5065 Task: 0.5065 Adv: -5.5218 Verify: 0.0000
2026-04-24 22:54:07,185 [INFO] pcrl.training.trainer: Epoch 40 [500/612] Loss: 0.5075 Task: 0.5075 Adv: -5.5947 Verify: 0.0000
2026-04-24 22:54:08,965 [INFO] pcrl.training.trainer: Epoch 40 [550/612] Loss: 0.4846 Task: 0.4846 Adv: -5.6423 Verify: 0.0000
2026-04-24 22:54:10,734 [INFO] pcrl.training.trainer: Epoch 40 [600/612] Loss: 0.4373 Task: 0.4373 Adv: -5.5843 Verify: 0.0000
2026-04-24 22:54:11,166 [INFO] pcrl.training.trainer: [TRAIN] Epoch 40 - Loss: 0.4937, Task: 0.4937, Adv: -5.5904, Verify: 0.0000, Time: 22.2s
2026-04-24 22:54:11,166 [INFO] pcrl.training.trainer:   Task 'income' accuracy: 0.7862
2026-04-24 22:54:11,166 [INFO] pcrl.training.trainer:   Task 'hours_band' accuracy: 0.9844
2026-04-24 22:54:11,166 [INFO] pcrl.training.trainer:   Task 'education_level' accuracy: 0.9998
2026-04-24 22:54:11,166 [INFO] pcrl.training.trainer:   Auditor 'race' accuracy: 0.6528
2026-04-24 22:54:11,166 [INFO] pcrl.training.trainer:   Auditor 'sex' accuracy: 0.7237
2026-04-24 22:54:11,166 [INFO] pcrl.training.trainer:   Auditor 'age_group' accuracy: 0.7081
2026-04-24 22:54:11,166 [INFO] pcrl.training.trainer:   Auditor 'marital_status' accuracy: 0.7540
2026-04-24 22:54:11,166 [INFO] pcrl.training.trainer:   Auditor 'income' accuracy: 0.7859
2026-04-24 22:54:12,333 [INFO] pcrl.training.trainer: [VAL] Epoch 40 - Loss: 0.4637, Task: 0.4637, Adv: 5.0667, Verify: 0.0000, Time: 1.2s
2026-04-24 22:54:12,333 [INFO] pcrl.training.trainer:   Task 'income' accuracy: 0.7901
2026-04-24 22:54:12,334 [INFO] pcrl.training.trainer:   Task 'hours_band' accuracy: 0.9921
2026-04-24 22:54:12,334 [INFO] pcrl.training.trainer:   Task 'education_level' accuracy: 1.0000
2026-04-24 22:54:12,334 [INFO] pcrl.training.trainer:   Auditor 'race' accuracy: 0.6825
2026-04-24 22:54:12,334 [INFO] pcrl.training.trainer:   Auditor 'sex' accuracy: 0.7630
2026-04-24 22:54:12,334 [INFO] pcrl.training.trainer:   Auditor 'age_group' accuracy: 0.7597
2026-04-24 22:54:12,334 [INFO] pcrl.training.trainer:   Auditor 'marital_status' accuracy: 0.7971
2026-04-24 22:54:12,334 [INFO] pcrl.training.trainer:   Auditor 'income' accuracy: 0.7906
2026-04-24 22:54:14,119 [INFO] pcrl.training.trainer: Epoch 41 [50/612] Loss: 0.4926 Task: 0.4926 Adv: -5.6629 Verify: 0.0000
2026-04-24 22:54:16,051 [INFO] pcrl.training.trainer: Epoch 41 [100/612] Loss: 0.4722 Task: 0.4722 Adv: -5.6471 Verify: 0.0000
2026-04-24 22:54:17,833 [INFO] pcrl.training.trainer: Epoch 41 [150/612] Loss: 0.4952 Task: 0.4952 Adv: -5.6921 Verify: 0.0000
2026-04-24 22:54:19,613 [INFO] pcrl.training.trainer: Epoch 41 [200/612] Loss: 0.4951 Task: 0.4951 Adv: -5.4827 Verify: 0.0000
2026-04-24 22:54:21,380 [INFO] pcrl.training.trainer: Epoch 41 [250/612] Loss: 0.6280 Task: 0.6280 Adv: -5.7183 Verify: 0.0000
2026-04-24 22:54:23,149 [INFO] pcrl.training.trainer: Epoch 41 [300/612] Loss: 0.4323 Task: 0.4323 Adv: -5.5932 Verify: 0.0000
2026-04-24 22:54:24,925 [INFO] pcrl.training.trainer: Epoch 41 [350/612] Loss: 0.4876 Task: 0.4876 Adv: -5.3910 Verify: 0.0000
2026-04-24 22:54:26,646 [INFO] pcrl.training.trainer: Epoch 41 [400/612] Loss: 0.4469 Task: 0.4469 Adv: -5.4886 Verify: 0.0000
2026-04-24 22:54:28,532 [INFO] pcrl.training.trainer: Epoch 41 [450/612] Loss: 0.4710 Task: 0.4710 Adv: -5.6370 Verify: 0.0000
2026-04-24 22:54:30,302 [INFO] pcrl.training.trainer: Epoch 41 [500/612] Loss: 0.5057 Task: 0.5057 Adv: -5.6184 Verify: 0.0000
2026-04-24 22:54:32,082 [INFO] pcrl.training.trainer: Epoch 41 [550/612] Loss: 0.5654 Task: 0.5654 Adv: -5.4772 Verify: 0.0000
2026-04-24 22:54:33,819 [INFO] pcrl.training.trainer: Epoch 41 [600/612] Loss: 0.5152 Task: 0.5152 Adv: -5.5134 Verify: 0.0000
2026-04-24 22:54:34,388 [INFO] pcrl.training.trainer: [TRAIN] Epoch 41 - Loss: 0.4919, Task: 0.4919, Adv: -5.5851, Verify: 0.0000, Time: 22.1s
2026-04-24 22:54:34,388 [INFO] pcrl.training.trainer:   Task 'income' accuracy: 0.7859
2026-04-24 22:54:34,388 [INFO] pcrl.training.trainer:   Task 'hours_band' accuracy: 0.9848
2026-04-24 22:54:34,388 [INFO] pcrl.training.trainer:   Task 'education_level' accuracy: 0.9998
2026-04-24 22:54:34,388 [INFO] pcrl.training.trainer:   Auditor 'race' accuracy: 0.6521
2026-04-24 22:54:34,388 [INFO] pcrl.training.trainer:   Auditor 'sex' accuracy: 0.7265
2026-04-24 22:54:34,388 [INFO] pcrl.training.trainer:   Auditor 'age_group' accuracy: 0.7077
2026-04-24 22:54:34,388 [INFO] pcrl.training.trainer:   Auditor 'marital_status' accuracy: 0.7545
2026-04-24 22:54:34,388 [INFO] pcrl.training.trainer:   Auditor 'income' accuracy: 0.7855
2026-04-24 22:54:35,406 [INFO] pcrl.training.trainer: [VAL] Epoch 41 - Loss: 0.4655, Task: 0.4655, Adv: 5.1432, Verify: 0.0000, Time: 1.0s
2026-04-24 22:54:35,406 [INFO] pcrl.training.trainer:   Task 'income' accuracy: 0.7894
2026-04-24 22:54:35,406 [INFO] pcrl.training.trainer:   Task 'hours_band' accuracy: 0.9900
2026-04-24 22:54:35,406 [INFO] pcrl.training.trainer:   Task 'education_level' accuracy: 1.0000
2026-04-24 22:54:35,406 [INFO] pcrl.training.trainer:   Auditor 'race' accuracy: 0.6966
2026-04-24 22:54:35,406 [INFO] pcrl.training.trainer:   Auditor 'sex' accuracy: 0.7699
2026-04-24 22:54:35,406 [INFO] pcrl.training.trainer:   Auditor 'age_group' accuracy: 0.7372
2026-04-24 22:54:35,406 [INFO] pcrl.training.trainer:   Auditor 'marital_status' accuracy: 0.7793
2026-04-24 22:54:35,406 [INFO] pcrl.training.trainer:   Auditor 'income' accuracy: 0.7899
2026-04-24 22:54:37,111 [INFO] pcrl.training.trainer: Epoch 42 [50/612] Loss: 0.4450 Task: 0.4450 Adv: -5.6037 Verify: 0.0000
2026-04-24 22:54:38,783 [INFO] pcrl.training.trainer: Epoch 42 [100/612] Loss: 0.4644 Task: 0.4644 Adv: -5.4548 Verify: 0.0000
2026-04-24 22:54:40,466 [INFO] pcrl.training.trainer: Epoch 42 [150/612] Loss: 0.5487 Task: 0.5487 Adv: -5.4478 Verify: 0.0000
2026-04-24 22:54:42,353 [INFO] pcrl.training.trainer: Epoch 42 [200/612] Loss: 0.4294 Task: 0.4294 Adv: -5.7192 Verify: 0.0000
2026-04-24 22:54:44,087 [INFO] pcrl.training.trainer: Epoch 42 [250/612] Loss: 0.5248 Task: 0.5248 Adv: -5.4715 Verify: 0.0000
2026-04-24 22:54:45,797 [INFO] pcrl.training.trainer: Epoch 42 [300/612] Loss: 0.4995 Task: 0.4995 Adv: -5.7159 Verify: 0.0000
2026-04-24 22:54:47,487 [INFO] pcrl.training.trainer: Epoch 42 [350/612] Loss: 0.5009 Task: 0.5009 Adv: -5.5083 Verify: 0.0000
2026-04-24 22:54:49,378 [INFO] pcrl.training.trainer: Epoch 42 [400/612] Loss: 0.4606 Task: 0.4606 Adv: -5.5232 Verify: 0.0000
2026-04-24 22:54:51,126 [INFO] pcrl.training.trainer: Epoch 42 [450/612] Loss: 0.5637 Task: 0.5637 Adv: -5.4538 Verify: 0.0000
2026-04-24 22:54:53,040 [INFO] pcrl.training.trainer: Epoch 42 [500/612] Loss: 0.5075 Task: 0.5075 Adv: -5.7022 Verify: 0.0000
2026-04-24 22:54:54,837 [INFO] pcrl.training.trainer: Epoch 42 [550/612] Loss: 0.4416 Task: 0.4416 Adv: -5.5722 Verify: 0.0000
2026-04-24 22:54:56,766 [INFO] pcrl.training.trainer: Epoch 42 [600/612] Loss: 0.4748 Task: 0.4748 Adv: -5.6505 Verify: 0.0000
2026-04-24 22:54:57,195 [INFO] pcrl.training.trainer: [TRAIN] Epoch 42 - Loss: 0.4935, Task: 0.4935, Adv: -5.5715, Verify: 0.0000, Time: 21.8s
2026-04-24 22:54:57,195 [INFO] pcrl.training.trainer:   Task 'income' accuracy: 0.7860
2026-04-24 22:54:57,195 [INFO] pcrl.training.trainer:   Task 'hours_band' accuracy: 0.9844
2026-04-24 22:54:57,195 [INFO] pcrl.training.trainer:   Task 'education_level' accuracy: 0.9997
2026-04-24 22:54:57,195 [INFO] pcrl.training.trainer:   Auditor 'race' accuracy: 0.6531
2026-04-24 22:54:57,195 [INFO] pcrl.training.trainer:   Auditor 'sex' accuracy: 0.7271
2026-04-24 22:54:57,195 [INFO] pcrl.training.trainer:   Auditor 'age_group' accuracy: 0.7089
2026-04-24 22:54:57,195 [INFO] pcrl.training.trainer:   Auditor 'marital_status' accuracy: 0.7533
2026-04-24 22:54:57,195 [INFO] pcrl.training.trainer:   Auditor 'income' accuracy: 0.7868
2026-04-24 22:54:58,229 [INFO] pcrl.training.trainer: [VAL] Epoch 42 - Loss: 0.4703, Task: 0.4703, Adv: 5.1163, Verify: 0.0000, Time: 1.0s
2026-04-24 22:54:58,229 [INFO] pcrl.training.trainer:   Task 'income' accuracy: 0.7896
2026-04-24 22:54:58,229 [INFO] pcrl.training.trainer:   Task 'hours_band' accuracy: 0.9878
2026-04-24 22:54:58,229 [INFO] pcrl.training.trainer:   Task 'education_level' accuracy: 1.0000
2026-04-24 22:54:58,229 [INFO] pcrl.training.trainer:   Auditor 'race' accuracy: 0.6689
2026-04-24 22:54:58,230 [INFO] pcrl.training.trainer:   Auditor 'sex' accuracy: 0.7845
2026-04-24 22:54:58,230 [INFO] pcrl.training.trainer:   Auditor 'age_group' accuracy: 0.7333
2026-04-24 22:54:58,230 [INFO] pcrl.training.trainer:   Auditor 'marital_status' accuracy: 0.7806
2026-04-24 22:54:58,230 [INFO] pcrl.training.trainer:   Auditor 'income' accuracy: 0.7901
2026-04-24 22:55:00,175 [INFO] pcrl.training.trainer: Epoch 43 [50/612] Loss: 0.4715 Task: 0.4715 Adv: -5.6848 Verify: 0.0000
2026-04-24 22:55:01,942 [INFO] pcrl.training.trainer: Epoch 43 [100/612] Loss: 0.4750 Task: 0.4750 Adv: -5.6048 Verify: 0.0000
2026-04-24 22:55:03,858 [INFO] pcrl.training.trainer: Epoch 43 [150/612] Loss: 0.5101 Task: 0.5101 Adv: -5.5841 Verify: 0.0000
2026-04-24 22:55:05,627 [INFO] pcrl.training.trainer: Epoch 43 [200/612] Loss: 0.5083 Task: 0.5083 Adv: -5.5027 Verify: 0.0000
2026-04-24 22:55:07,379 [INFO] pcrl.training.trainer: Epoch 43 [250/612] Loss: 0.5065 Task: 0.5065 Adv: -5.6180 Verify: 0.0000
2026-04-24 22:55:09,144 [INFO] pcrl.training.trainer: Epoch 43 [300/612] Loss: 0.4082 Task: 0.4082 Adv: -5.5481 Verify: 0.0000
2026-04-24 22:55:10,904 [INFO] pcrl.training.trainer: Epoch 43 [350/612] Loss: 0.4368 Task: 0.4368 Adv: -5.4642 Verify: 0.0000
2026-04-24 22:55:12,821 [INFO] pcrl.training.trainer: Epoch 43 [400/612] Loss: 0.4644 Task: 0.4644 Adv: -5.5051 Verify: 0.0000
2026-04-24 22:55:14,780 [INFO] pcrl.training.trainer: Epoch 43 [450/612] Loss: 0.5258 Task: 0.5258 Adv: -5.4589 Verify: 0.0000
2026-04-24 22:55:16,930 [INFO] pcrl.training.trainer: Epoch 43 [500/612] Loss: 0.4749 Task: 0.4749 Adv: -5.5085 Verify: 0.0000
2026-04-24 22:55:18,879 [INFO] pcrl.training.trainer: Epoch 43 [550/612] Loss: 0.5331 Task: 0.5331 Adv: -5.6619 Verify: 0.0000
2026-04-24 22:55:20,828 [INFO] pcrl.training.trainer: Epoch 43 [600/612] Loss: 0.4840 Task: 0.4840 Adv: -5.6223 Verify: 0.0000
2026-04-24 22:55:21,305 [INFO] pcrl.training.trainer: [TRAIN] Epoch 43 - Loss: 0.4911, Task: 0.4911, Adv: -5.5655, Verify: 0.0000, Time: 23.1s
2026-04-24 22:55:21,305 [INFO] pcrl.training.trainer:   Task 'income' accuracy: 0.7859
2026-04-24 22:55:21,305 [INFO] pcrl.training.trainer:   Task 'hours_band' accuracy: 0.9848
2026-04-24 22:55:21,305 [INFO] pcrl.training.trainer:   Task 'education_level' accuracy: 0.9998
2026-04-24 22:55:21,305 [INFO] pcrl.training.trainer:   Auditor 'race' accuracy: 0.6529
2026-04-24 22:55:21,305 [INFO] pcrl.training.trainer:   Auditor 'sex' accuracy: 0.7305
2026-04-24 22:55:21,305 [INFO] pcrl.training.trainer:   Auditor 'age_group' accuracy: 0.7085
2026-04-24 22:55:21,305 [INFO] pcrl.training.trainer:   Auditor 'marital_status' accuracy: 0.7568
2026-04-24 22:55:21,305 [INFO] pcrl.training.trainer:   Auditor 'income' accuracy: 0.7864
2026-04-24 22:55:22,606 [INFO] pcrl.training.trainer: [VAL] Epoch 43 - Loss: 0.4583, Task: 0.4583, Adv: 5.1084, Verify: 0.0000, Time: 1.3s
2026-04-24 22:55:22,607 [INFO] pcrl.training.trainer:   Task 'income' accuracy: 0.7896
2026-04-24 22:55:22,607 [INFO] pcrl.training.trainer:   Task 'hours_band' accuracy: 0.9962
2026-04-24 22:55:22,607 [INFO] pcrl.training.trainer:   Task 'education_level' accuracy: 1.0000
2026-04-24 22:55:22,607 [INFO] pcrl.training.trainer:   Auditor 'race' accuracy: 0.6844
2026-04-24 22:55:22,608 [INFO] pcrl.training.trainer:   Auditor 'sex' accuracy: 0.7716
2026-04-24 22:55:22,608 [INFO] pcrl.training.trainer:   Auditor 'age_group' accuracy: 0.7294
2026-04-24 22:55:22,608 [INFO] pcrl.training.trainer:   Auditor 'marital_status' accuracy: 0.7870
2026-04-24 22:55:22,608 [INFO] pcrl.training.trainer:   Auditor 'income' accuracy: 0.7902
2026-04-24 22:55:22,672 [INFO] pcrl.training.trainer: Saved checkpoint to /home/ubuntu/PCRL/checkpoints/folktables_std_s0/best.pt
2026-04-24 22:55:24,626 [INFO] pcrl.training.trainer: Epoch 44 [50/612] Loss: 0.5779 Task: 0.5779 Adv: -5.5860 Verify: 0.0000
2026-04-24 22:55:26,573 [INFO] pcrl.training.trainer: Epoch 44 [100/612] Loss: 0.5298 Task: 0.5298 Adv: -5.5092 Verify: 0.0000
2026-04-24 22:55:28,523 [INFO] pcrl.training.trainer: Epoch 44 [150/612] Loss: 0.4690 Task: 0.4690 Adv: -5.5613 Verify: 0.0000
2026-04-24 22:55:30,473 [INFO] pcrl.training.trainer: Epoch 44 [200/612] Loss: 0.5355 Task: 0.5355 Adv: -5.7662 Verify: 0.0000
2026-04-24 22:55:32,252 [INFO] pcrl.training.trainer: Epoch 44 [250/612] Loss: 0.5677 Task: 0.5677 Adv: -5.5384 Verify: 0.0000
2026-04-24 22:55:34,163 [INFO] pcrl.training.trainer: Epoch 44 [300/612] Loss: 0.4902 Task: 0.4902 Adv: -5.4842 Verify: 0.0000
2026-04-24 22:55:35,931 [INFO] pcrl.training.trainer: Epoch 44 [350/612] Loss: 0.5855 Task: 0.5855 Adv: -5.6680 Verify: 0.0000
2026-04-24 22:55:37,846 [INFO] pcrl.training.trainer: Epoch 44 [400/612] Loss: 0.4402 Task: 0.4402 Adv: -5.4738 Verify: 0.0000
2026-04-24 22:55:39,626 [INFO] pcrl.training.trainer: Epoch 44 [450/612] Loss: 0.4816 Task: 0.4816 Adv: -5.6472 Verify: 0.0000
2026-04-24 22:55:41,388 [INFO] pcrl.training.trainer: Epoch 44 [500/612] Loss: 0.5778 Task: 0.5778 Adv: -5.6414 Verify: 0.0000
2026-04-24 22:55:43,153 [INFO] pcrl.training.trainer: Epoch 44 [550/612] Loss: 0.4502 Task: 0.4502 Adv: -5.7297 Verify: 0.0000
2026-04-24 22:55:44,931 [INFO] pcrl.training.trainer: Epoch 44 [600/612] Loss: 0.5168 Task: 0.5168 Adv: -5.5833 Verify: 0.0000
2026-04-24 22:55:45,360 [INFO] pcrl.training.trainer: [TRAIN] Epoch 44 - Loss: 0.4923, Task: 0.4923, Adv: -5.5781, Verify: 0.0000, Time: 22.7s
2026-04-24 22:55:45,361 [INFO] pcrl.training.trainer:   Task 'income' accuracy: 0.7853
2026-04-24 22:55:45,361 [INFO] pcrl.training.trainer:   Task 'hours_band' accuracy: 0.9847
2026-04-24 22:55:45,361 [INFO] pcrl.training.trainer:   Task 'education_level' accuracy: 0.9998
2026-04-24 22:55:45,361 [INFO] pcrl.training.trainer:   Auditor 'race' accuracy: 0.6536
2026-04-24 22:55:45,361 [INFO] pcrl.training.trainer:   Auditor 'sex' accuracy: 0.7294
2026-04-24 22:55:45,361 [INFO] pcrl.training.trainer:   Auditor 'age_group' accuracy: 0.7088
2026-04-24 22:55:45,361 [INFO] pcrl.training.trainer:   Auditor 'marital_status' accuracy: 0.7508
2026-04-24 22:55:45,361 [INFO] pcrl.training.trainer:   Auditor 'income' accuracy: 0.7861
2026-04-24 22:55:46,526 [INFO] pcrl.training.trainer: [VAL] Epoch 44 - Loss: 0.4587, Task: 0.4587, Adv: 5.2074, Verify: 0.0000, Time: 1.2s
2026-04-24 22:55:46,526 [INFO] pcrl.training.trainer:   Task 'income' accuracy: 0.7891
2026-04-24 22:55:46,528 [INFO] pcrl.training.trainer:   Task 'hours_band' accuracy: 0.9945
2026-04-24 22:55:46,528 [INFO] pcrl.training.trainer:   Task 'education_level' accuracy: 1.0000
2026-04-24 22:55:46,528 [INFO] pcrl.training.trainer:   Auditor 'race' accuracy: 0.6716
2026-04-24 22:55:46,528 [INFO] pcrl.training.trainer:   Auditor 'sex' accuracy: 0.7626
2026-04-24 22:55:46,528 [INFO] pcrl.training.trainer:   Auditor 'age_group' accuracy: 0.7190
2026-04-24 22:55:46,528 [INFO] pcrl.training.trainer:   Auditor 'marital_status' accuracy: 0.7877
2026-04-24 22:55:46,528 [INFO] pcrl.training.trainer:   Auditor 'income' accuracy: 0.7890
2026-04-24 22:55:48,311 [INFO] pcrl.training.trainer: Epoch 45 [50/612] Loss: 0.4702 Task: 0.4702 Adv: -5.5240 Verify: 0.0000
2026-04-24 22:55:50,226 [INFO] pcrl.training.trainer: Epoch 45 [100/612] Loss: 0.4402 Task: 0.4402 Adv: -5.5789 Verify: 0.0000
2026-04-24 22:55:51,986 [INFO] pcrl.training.trainer: Epoch 45 [150/612] Loss: 0.5217 Task: 0.5217 Adv: -5.5110 Verify: 0.0000
2026-04-24 22:55:53,751 [INFO] pcrl.training.trainer: Epoch 45 [200/612] Loss: 0.4896 Task: 0.4896 Adv: -5.5741 Verify: 0.0000
2026-04-24 22:55:55,504 [INFO] pcrl.training.trainer: Epoch 45 [250/612] Loss: 0.4741 Task: 0.4741 Adv: -5.5192 Verify: 0.0000
2026-04-24 22:55:57,251 [INFO] pcrl.training.trainer: Epoch 45 [300/612] Loss: 0.4717 Task: 0.4717 Adv: -5.6990 Verify: 0.0000
2026-04-24 22:55:59,011 [INFO] pcrl.training.trainer: Epoch 45 [350/612] Loss: 0.5161 Task: 0.5161 Adv: -5.5234 Verify: 0.0000
2026-04-24 22:56:00,766 [INFO] pcrl.training.trainer: Epoch 45 [400/612] Loss: 0.4795 Task: 0.4795 Adv: -5.5603 Verify: 0.0000
2026-04-24 22:56:02,669 [INFO] pcrl.training.trainer: Epoch 45 [450/612] Loss: 0.4816 Task: 0.4816 Adv: -5.5312 Verify: 0.0000
2026-04-24 22:56:04,430 [INFO] pcrl.training.trainer: Epoch 45 [500/612] Loss: 0.4821 Task: 0.4821 Adv: -5.4036 Verify: 0.0000
2026-04-24 22:56:06,187 [INFO] pcrl.training.trainer: Epoch 45 [550/612] Loss: 0.4206 Task: 0.4206 Adv: -5.6160 Verify: 0.0000
2026-04-24 22:56:07,946 [INFO] pcrl.training.trainer: Epoch 45 [600/612] Loss: 0.4588 Task: 0.4588 Adv: -5.5109 Verify: 0.0000
2026-04-24 22:56:08,528 [INFO] pcrl.training.trainer: [TRAIN] Epoch 45 - Loss: 0.4919, Task: 0.4919, Adv: -5.5823, Verify: 0.0000, Time: 22.0s
2026-04-24 22:56:08,528 [INFO] pcrl.training.trainer:   Task 'income' accuracy: 0.7858
2026-04-24 22:56:08,528 [INFO] pcrl.training.trainer:   Task 'hours_band' accuracy: 0.9850
2026-04-24 22:56:08,528 [INFO] pcrl.training.trainer:   Task 'education_level' accuracy: 0.9998
2026-04-24 22:56:08,528 [INFO] pcrl.training.trainer:   Auditor 'race' accuracy: 0.6508
2026-04-24 22:56:08,528 [INFO] pcrl.training.trainer:   Auditor 'sex' accuracy: 0.7273
2026-04-24 22:56:08,528 [INFO] pcrl.training.trainer:   Auditor 'age_group' accuracy: 0.7059
2026-04-24 22:56:08,528 [INFO] pcrl.training.trainer:   Auditor 'marital_status' accuracy: 0.7564
2026-04-24 22:56:08,528 [INFO] pcrl.training.trainer:   Auditor 'income' accuracy: 0.7848
2026-04-24 22:56:09,534 [INFO] pcrl.training.trainer: [VAL] Epoch 45 - Loss: 0.4824, Task: 0.4824, Adv: 5.0515, Verify: 0.0000, Time: 1.0s
2026-04-24 22:56:09,534 [INFO] pcrl.training.trainer:   Task 'income' accuracy: 0.7903
2026-04-24 22:56:09,534 [INFO] pcrl.training.trainer:   Task 'hours_band' accuracy: 0.9854
2026-04-24 22:56:09,534 [INFO] pcrl.training.trainer:   Task 'education_level' accuracy: 1.0000
2026-04-24 22:56:09,534 [INFO] pcrl.training.trainer:   Auditor 'race' accuracy: 0.6890
2026-04-24 22:56:09,534 [INFO] pcrl.training.trainer:   Auditor 'sex' accuracy: 0.8050
2026-04-24 22:56:09,534 [INFO] pcrl.training.trainer:   Auditor 'age_group' accuracy: 0.7458
2026-04-24 22:56:09,534 [INFO] pcrl.training.trainer:   Auditor 'marital_status' accuracy: 0.7916
2026-04-24 22:56:09,534 [INFO] pcrl.training.trainer:   Auditor 'income' accuracy: 0.7906
2026-04-24 22:56:11,294 [INFO] pcrl.training.trainer: Epoch 46 [50/612] Loss: 0.4689 Task: 0.4689 Adv: -5.6886 Verify: 0.0000
2026-04-24 22:56:13,195 [INFO] pcrl.training.trainer: Epoch 46 [100/612] Loss: 0.3957 Task: 0.3957 Adv: -5.5478 Verify: 0.0000
2026-04-24 22:56:14,940 [INFO] pcrl.training.trainer: Epoch 46 [150/612] Loss: 0.4593 Task: 0.4593 Adv: -5.6252 Verify: 0.0000
2026-04-24 22:56:16,680 [INFO] pcrl.training.trainer: Epoch 46 [200/612] Loss: 0.5183 Task: 0.5183 Adv: -5.3994 Verify: 0.0000
2026-04-24 22:56:18,410 [INFO] pcrl.training.trainer: Epoch 46 [250/612] Loss: 0.4623 Task: 0.4623 Adv: -5.6077 Verify: 0.0000
2026-04-24 22:56:20,139 [INFO] pcrl.training.trainer: Epoch 46 [300/612] Loss: 0.4502 Task: 0.4502 Adv: -5.5370 Verify: 0.0000
2026-04-24 22:56:21,862 [INFO] pcrl.training.trainer: Epoch 46 [350/612] Loss: 0.5605 Task: 0.5605 Adv: -5.4828 Verify: 0.0000
2026-04-24 22:56:23,556 [INFO] pcrl.training.trainer: Epoch 46 [400/612] Loss: 0.5003 Task: 0.5003 Adv: -5.7005 Verify: 0.0000
2026-04-24 22:56:25,375 [INFO] pcrl.training.trainer: Epoch 46 [450/612] Loss: 0.6344 Task: 0.6344 Adv: -5.6723 Verify: 0.0000
2026-04-24 22:56:27,069 [INFO] pcrl.training.trainer: Epoch 46 [500/612] Loss: 0.5046 Task: 0.5046 Adv: -5.4501 Verify: 0.0000
2026-04-24 22:56:28,792 [INFO] pcrl.training.trainer: Epoch 46 [550/612] Loss: 0.4237 Task: 0.4237 Adv: -5.5936 Verify: 0.0000
2026-04-24 22:56:30,652 [INFO] pcrl.training.trainer: Epoch 46 [600/612] Loss: 0.5193 Task: 0.5193 Adv: -5.4480 Verify: 0.0000
2026-04-24 22:56:31,068 [INFO] pcrl.training.trainer: [TRAIN] Epoch 46 - Loss: 0.4908, Task: 0.4908, Adv: -5.5629, Verify: 0.0000, Time: 21.5s
2026-04-24 22:56:31,068 [INFO] pcrl.training.trainer:   Task 'income' accuracy: 0.7862
2026-04-24 22:56:31,068 [INFO] pcrl.training.trainer:   Task 'hours_band' accuracy: 0.9853
2026-04-24 22:56:31,068 [INFO] pcrl.training.trainer:   Task 'education_level' accuracy: 0.9998
2026-04-24 22:56:31,068 [INFO] pcrl.training.trainer:   Auditor 'race' accuracy: 0.6529
2026-04-24 22:56:31,068 [INFO] pcrl.training.trainer:   Auditor 'sex' accuracy: 0.7305
2026-04-24 22:56:31,068 [INFO] pcrl.training.trainer:   Auditor 'age_group' accuracy: 0.7113
2026-04-24 22:56:31,068 [INFO] pcrl.training.trainer:   Auditor 'marital_status' accuracy: 0.7548
2026-04-24 22:56:31,068 [INFO] pcrl.training.trainer:   Auditor 'income' accuracy: 0.7862
2026-04-24 22:56:32,073 [INFO] pcrl.training.trainer: [VAL] Epoch 46 - Loss: 0.4705, Task: 0.4705, Adv: 5.0857, Verify: 0.0000, Time: 1.0s
2026-04-24 22:56:32,073 [INFO] pcrl.training.trainer:   Task 'income' accuracy: 0.7898
2026-04-24 22:56:32,073 [INFO] pcrl.training.trainer:   Task 'hours_band' accuracy: 0.9879
2026-04-24 22:56:32,073 [INFO] pcrl.training.trainer:   Task 'education_level' accuracy: 1.0000
2026-04-24 22:56:32,073 [INFO] pcrl.training.trainer:   Auditor 'race' accuracy: 0.6784
2026-04-24 22:56:32,073 [INFO] pcrl.training.trainer:   Auditor 'sex' accuracy: 0.7706
2026-04-24 22:56:32,073 [INFO] pcrl.training.trainer:   Auditor 'age_group' accuracy: 0.7489
2026-04-24 22:56:32,073 [INFO] pcrl.training.trainer:   Auditor 'marital_status' accuracy: 0.7952
2026-04-24 22:56:32,073 [INFO] pcrl.training.trainer:   Auditor 'income' accuracy: 0.7897
2026-04-24 22:56:33,787 [INFO] pcrl.training.trainer: Epoch 47 [50/612] Loss: 0.5359 Task: 0.5359 Adv: -5.3391 Verify: 0.0000
2026-04-24 22:56:35,515 [INFO] pcrl.training.trainer: Epoch 47 [100/612] Loss: 0.5046 Task: 0.5046 Adv: -5.4046 Verify: 0.0000
2026-04-24 22:56:37,261 [INFO] pcrl.training.trainer: Epoch 47 [150/612] Loss: 0.4418 Task: 0.4418 Adv: -5.5686 Verify: 0.0000
2026-04-24 22:56:39,168 [INFO] pcrl.training.trainer: Epoch 47 [200/612] Loss: 0.5601 Task: 0.5601 Adv: -5.7115 Verify: 0.0000
2026-04-24 22:56:40,917 [INFO] pcrl.training.trainer: Epoch 47 [250/612] Loss: 0.5277 Task: 0.5277 Adv: -5.5514 Verify: 0.0000
2026-04-24 22:56:42,665 [INFO] pcrl.training.trainer: Epoch 47 [300/612] Loss: 0.4803 Task: 0.4803 Adv: -5.5213 Verify: 0.0000
2026-04-24 22:56:44,417 [INFO] pcrl.training.trainer: Epoch 47 [350/612] Loss: 0.5776 Task: 0.5776 Adv: -5.5724 Verify: 0.0000
2026-04-24 22:56:46,316 [INFO] pcrl.training.trainer: Epoch 47 [400/612] Loss: 0.5019 Task: 0.5019 Adv: -5.5250 Verify: 0.0000
2026-04-24 22:56:48,064 [INFO] pcrl.training.trainer: Epoch 47 [450/612] Loss: 0.5146 Task: 0.5146 Adv: -5.6585 Verify: 0.0000
2026-04-24 22:56:49,965 [INFO] pcrl.training.trainer: Epoch 47 [500/612] Loss: 0.4572 Task: 0.4572 Adv: -5.5245 Verify: 0.0000
2026-04-24 22:56:51,712 [INFO] pcrl.training.trainer: Epoch 47 [550/612] Loss: 0.5111 Task: 0.5111 Adv: -5.6446 Verify: 0.0000
2026-04-24 22:56:53,609 [INFO] pcrl.training.trainer: Epoch 47 [600/612] Loss: 0.4591 Task: 0.4591 Adv: -5.6962 Verify: 0.0000
2026-04-24 22:56:54,032 [INFO] pcrl.training.trainer: [TRAIN] Epoch 47 - Loss: 0.4954, Task: 0.4954, Adv: -5.5564, Verify: 0.0000, Time: 22.0s
2026-04-24 22:56:54,032 [INFO] pcrl.training.trainer:   Task 'income' accuracy: 0.7861
2026-04-24 22:56:54,032 [INFO] pcrl.training.trainer:   Task 'hours_band' accuracy: 0.9840
2026-04-24 22:56:54,032 [INFO] pcrl.training.trainer:   Task 'education_level' accuracy: 0.9997
2026-04-24 22:56:54,032 [INFO] pcrl.training.trainer:   Auditor 'race' accuracy: 0.6550
2026-04-24 22:56:54,032 [INFO] pcrl.training.trainer:   Auditor 'sex' accuracy: 0.7266
2026-04-24 22:56:54,032 [INFO] pcrl.training.trainer:   Auditor 'age_group' accuracy: 0.7108
2026-04-24 22:56:54,032 [INFO] pcrl.training.trainer:   Auditor 'marital_status' accuracy: 0.7540
2026-04-24 22:56:54,032 [INFO] pcrl.training.trainer:   Auditor 'income' accuracy: 0.7868
2026-04-24 22:56:55,039 [INFO] pcrl.training.trainer: [VAL] Epoch 47 - Loss: 0.4610, Task: 0.4610, Adv: 5.1399, Verify: 0.0000, Time: 1.0s
2026-04-24 22:56:55,039 [INFO] pcrl.training.trainer:   Task 'income' accuracy: 0.7893
2026-04-24 22:56:55,039 [INFO] pcrl.training.trainer:   Task 'hours_band' accuracy: 0.9925
2026-04-24 22:56:55,039 [INFO] pcrl.training.trainer:   Task 'education_level' accuracy: 1.0000
2026-04-24 22:56:55,039 [INFO] pcrl.training.trainer:   Auditor 'race' accuracy: 0.6719
2026-04-24 22:56:55,039 [INFO] pcrl.training.trainer:   Auditor 'sex' accuracy: 0.7557
2026-04-24 22:56:55,039 [INFO] pcrl.training.trainer:   Auditor 'age_group' accuracy: 0.7430
2026-04-24 22:56:55,039 [INFO] pcrl.training.trainer:   Auditor 'marital_status' accuracy: 0.7898
2026-04-24 22:56:55,039 [INFO] pcrl.training.trainer:   Auditor 'income' accuracy: 0.7883
2026-04-24 22:56:56,943 [INFO] pcrl.training.trainer: Epoch 48 [50/612] Loss: 0.4993 Task: 0.4993 Adv: -5.6784 Verify: 0.0000
2026-04-24 22:56:58,672 [INFO] pcrl.training.trainer: Epoch 48 [100/612] Loss: 0.5024 Task: 0.5024 Adv: -5.5311 Verify: 0.0000
2026-04-24 22:57:00,524 [INFO] pcrl.training.trainer: Epoch 48 [150/612] Loss: 0.4636 Task: 0.4636 Adv: -5.5135 Verify: 0.0000
2026-04-24 22:57:02,210 [INFO] pcrl.training.trainer: Epoch 48 [200/612] Loss: 0.4580 Task: 0.4580 Adv: -5.5034 Verify: 0.0000
2026-04-24 22:57:03,873 [INFO] pcrl.training.trainer: Epoch 48 [250/612] Loss: 0.5287 Task: 0.5287 Adv: -5.7332 Verify: 0.0000
2026-04-24 22:57:05,536 [INFO] pcrl.training.trainer: Epoch 48 [300/612] Loss: 0.5095 Task: 0.5095 Adv: -5.6130 Verify: 0.0000
2026-04-24 22:57:07,215 [INFO] pcrl.training.trainer: Epoch 48 [350/612] Loss: 0.4681 Task: 0.4681 Adv: -5.7183 Verify: 0.0000
2026-04-24 22:57:08,893 [INFO] pcrl.training.trainer: Epoch 48 [400/612] Loss: 0.4495 Task: 0.4495 Adv: -5.7582 Verify: 0.0000
2026-04-24 22:57:10,664 [INFO] pcrl.training.trainer: Epoch 48 [450/612] Loss: 0.5638 Task: 0.5638 Adv: -5.5352 Verify: 0.0000
2026-04-24 22:57:12,643 [INFO] pcrl.training.trainer: Epoch 48 [500/612] Loss: 0.4512 Task: 0.4512 Adv: -5.6013 Verify: 0.0000
2026-04-24 22:57:14,469 [INFO] pcrl.training.trainer: Epoch 48 [550/612] Loss: 0.4572 Task: 0.4572 Adv: -5.5478 Verify: 0.0000
2026-04-24 22:57:16,286 [INFO] pcrl.training.trainer: Epoch 48 [600/612] Loss: 0.5069 Task: 0.5069 Adv: -5.2860 Verify: 0.0000
2026-04-24 22:57:16,723 [INFO] pcrl.training.trainer: [TRAIN] Epoch 48 - Loss: 0.4929, Task: 0.4929, Adv: -5.5751, Verify: 0.0000, Time: 21.7s
2026-04-24 22:57:16,724 [INFO] pcrl.training.trainer:   Task 'income' accuracy: 0.7860
2026-04-24 22:57:16,724 [INFO] pcrl.training.trainer:   Task 'hours_band' accuracy: 0.9846
2026-04-24 22:57:16,724 [INFO] pcrl.training.trainer:   Task 'education_level' accuracy: 0.9997
2026-04-24 22:57:16,724 [INFO] pcrl.training.trainer:   Auditor 'race' accuracy: 0.6539
2026-04-24 22:57:16,724 [INFO] pcrl.training.trainer:   Auditor 'sex' accuracy: 0.7224
2026-04-24 22:57:16,724 [INFO] pcrl.training.trainer:   Auditor 'age_group' accuracy: 0.7109
2026-04-24 22:57:16,724 [INFO] pcrl.training.trainer:   Auditor 'marital_status' accuracy: 0.7543
2026-04-24 22:57:16,724 [INFO] pcrl.training.trainer:   Auditor 'income' accuracy: 0.7858
2026-04-24 22:57:17,905 [INFO] pcrl.training.trainer: [VAL] Epoch 48 - Loss: 0.4737, Task: 0.4737, Adv: 5.1551, Verify: 0.0000, Time: 1.2s
2026-04-24 22:57:17,905 [INFO] pcrl.training.trainer:   Task 'income' accuracy: 0.7890
2026-04-24 22:57:17,905 [INFO] pcrl.training.trainer:   Task 'hours_band' accuracy: 0.9857
2026-04-24 22:57:17,905 [INFO] pcrl.training.trainer:   Task 'education_level' accuracy: 1.0000
2026-04-24 22:57:17,905 [INFO] pcrl.training.trainer:   Auditor 'race' accuracy: 0.6875
2026-04-24 22:57:17,905 [INFO] pcrl.training.trainer:   Auditor 'sex' accuracy: 0.7441
2026-04-24 22:57:17,905 [INFO] pcrl.training.trainer:   Auditor 'age_group' accuracy: 0.7454
2026-04-24 22:57:17,905 [INFO] pcrl.training.trainer:   Auditor 'marital_status' accuracy: 0.7801
2026-04-24 22:57:17,905 [INFO] pcrl.training.trainer:   Auditor 'income' accuracy: 0.7893
2026-04-24 22:57:19,687 [INFO] pcrl.training.trainer: Epoch 49 [50/612] Loss: 0.4989 Task: 0.4989 Adv: -5.6274 Verify: 0.0000
2026-04-24 22:57:21,439 [INFO] pcrl.training.trainer: Epoch 49 [100/612] Loss: 0.5550 Task: 0.5550 Adv: -5.2693 Verify: 0.0000
2026-04-24 22:57:23,192 [INFO] pcrl.training.trainer: Epoch 49 [150/612] Loss: 0.4463 Task: 0.4463 Adv: -5.5078 Verify: 0.0000
2026-04-24 22:57:24,966 [INFO] pcrl.training.trainer: Epoch 49 [200/612] Loss: 0.5264 Task: 0.5264 Adv: -5.5335 Verify: 0.0000
2026-04-24 22:57:26,764 [INFO] pcrl.training.trainer: Epoch 49 [250/612] Loss: 0.5155 Task: 0.5155 Adv: -5.5206 Verify: 0.0000
2026-04-24 22:57:28,707 [INFO] pcrl.training.trainer: Epoch 49 [300/612] Loss: 0.4791 Task: 0.4791 Adv: -5.5960 Verify: 0.0000
2026-04-24 22:57:30,488 [INFO] pcrl.training.trainer: Epoch 49 [350/612] Loss: 0.4708 Task: 0.4708 Adv: -5.5591 Verify: 0.0000
2026-04-24 22:57:32,271 [INFO] pcrl.training.trainer: Epoch 49 [400/612] Loss: 0.5000 Task: 0.5000 Adv: -5.5157 Verify: 0.0000
2026-04-24 22:57:34,040 [INFO] pcrl.training.trainer: Epoch 49 [450/612] Loss: 0.4899 Task: 0.4899 Adv: -5.5077 Verify: 0.0000
2026-04-24 22:57:35,928 [INFO] pcrl.training.trainer: Epoch 49 [500/612] Loss: 0.5031 Task: 0.5031 Adv: -5.5541 Verify: 0.0000
2026-04-24 22:57:37,654 [INFO] pcrl.training.trainer: Epoch 49 [550/612] Loss: 0.5333 Task: 0.5333 Adv: -5.6311 Verify: 0.0000
2026-04-24 22:57:39,370 [INFO] pcrl.training.trainer: Epoch 49 [600/612] Loss: 0.5025 Task: 0.5025 Adv: -5.4581 Verify: 0.0000
2026-04-24 22:57:39,802 [INFO] pcrl.training.trainer: [TRAIN] Epoch 49 - Loss: 0.4885, Task: 0.4885, Adv: -5.5520, Verify: 0.0000, Time: 21.9s
2026-04-24 22:57:39,802 [INFO] pcrl.training.trainer:   Task 'income' accuracy: 0.7861
2026-04-24 22:57:39,802 [INFO] pcrl.training.trainer:   Task 'hours_band' accuracy: 0.9857
2026-04-24 22:57:39,802 [INFO] pcrl.training.trainer:   Task 'education_level' accuracy: 0.9998
2026-04-24 22:57:39,802 [INFO] pcrl.training.trainer:   Auditor 'race' accuracy: 0.6542
2026-04-24 22:57:39,802 [INFO] pcrl.training.trainer:   Auditor 'sex' accuracy: 0.7267
2026-04-24 22:57:39,802 [INFO] pcrl.training.trainer:   Auditor 'age_group' accuracy: 0.7131
2026-04-24 22:57:39,802 [INFO] pcrl.training.trainer:   Auditor 'marital_status' accuracy: 0.7541
2026-04-24 22:57:39,803 [INFO] pcrl.training.trainer:   Auditor 'income' accuracy: 0.7861
2026-04-24 22:57:40,970 [INFO] pcrl.training.trainer: [VAL] Epoch 49 - Loss: 0.4615, Task: 0.4615, Adv: 5.1164, Verify: 0.0000, Time: 1.2s
2026-04-24 22:57:40,970 [INFO] pcrl.training.trainer:   Task 'income' accuracy: 0.7900
2026-04-24 22:57:40,970 [INFO] pcrl.training.trainer:   Task 'hours_band' accuracy: 0.9923
2026-04-24 22:57:40,970 [INFO] pcrl.training.trainer:   Task 'education_level' accuracy: 1.0000
2026-04-24 22:57:40,971 [INFO] pcrl.training.trainer:   Auditor 'race' accuracy: 0.6880
2026-04-24 22:57:40,971 [INFO] pcrl.training.trainer:   Auditor 'sex' accuracy: 0.7806
2026-04-24 22:57:40,971 [INFO] pcrl.training.trainer:   Auditor 'age_group' accuracy: 0.7279
2026-04-24 22:57:40,971 [INFO] pcrl.training.trainer:   Auditor 'marital_status' accuracy: 0.7819
2026-04-24 22:57:40,971 [INFO] pcrl.training.trainer:   Auditor 'income' accuracy: 0.7891
2026-04-24 22:57:41,010 [INFO] pcrl.training.trainer: Saved checkpoint to /home/ubuntu/PCRL/checkpoints/folktables_std_s0/epoch_50.pt
2026-04-24 22:57:42,791 [INFO] pcrl.training.trainer: Epoch 50 [50/612] Loss: 0.5237 Task: 0.5237 Adv: -5.5897 Verify: 0.0000
2026-04-24 22:57:44,707 [INFO] pcrl.training.trainer: Epoch 50 [100/612] Loss: 0.5148 Task: 0.5148 Adv: -5.3621 Verify: 0.0000
2026-04-24 22:57:46,477 [INFO] pcrl.training.trainer: Epoch 50 [150/612] Loss: 0.4746 Task: 0.4746 Adv: -5.6600 Verify: 0.0000
2026-04-24 22:57:48,395 [INFO] pcrl.training.trainer: Epoch 50 [200/612] Loss: 0.4544 Task: 0.4544 Adv: -5.5762 Verify: 0.0000
2026-04-24 22:57:50,164 [INFO] pcrl.training.trainer: Epoch 50 [250/612] Loss: 0.4376 Task: 0.4376 Adv: -5.4885 Verify: 0.0000
2026-04-24 22:57:51,959 [INFO] pcrl.training.trainer: Epoch 50 [300/612] Loss: 0.5429 Task: 0.5429 Adv: -5.6539 Verify: 0.0000
2026-04-24 22:57:53,760 [INFO] pcrl.training.trainer: Epoch 50 [350/612] Loss: 0.5115 Task: 0.5115 Adv: -5.6683 Verify: 0.0000
2026-04-24 22:57:55,524 [INFO] pcrl.training.trainer: Epoch 50 [400/612] Loss: 0.4937 Task: 0.4937 Adv: -5.8105 Verify: 0.0000
2026-04-24 22:57:57,282 [INFO] pcrl.training.trainer: Epoch 50 [450/612] Loss: 0.5109 Task: 0.5109 Adv: -5.7045 Verify: 0.0000
2026-04-24 22:57:59,219 [INFO] pcrl.training.trainer: Epoch 50 [500/612] Loss: 0.4293 Task: 0.4293 Adv: -5.5505 Verify: 0.0000
2026-04-24 22:58:00,982 [INFO] pcrl.training.trainer: Epoch 50 [550/612] Loss: 0.3971 Task: 0.3971 Adv: -5.7685 Verify: 0.0000
2026-04-24 22:58:02,751 [INFO] pcrl.training.trainer: Epoch 50 [600/612] Loss: 0.5110 Task: 0.5110 Adv: -5.5264 Verify: 0.0000
2026-04-24 22:58:03,182 [INFO] pcrl.training.trainer: [TRAIN] Epoch 50 - Loss: 0.4893, Task: 0.4893, Adv: -5.5489, Verify: 0.0000, Time: 22.2s
2026-04-24 22:58:03,182 [INFO] pcrl.training.trainer:   Task 'income' accuracy: 0.7866
2026-04-24 22:58:03,182 [INFO] pcrl.training.trainer:   Task 'hours_band' accuracy: 0.9855
2026-04-24 22:58:03,182 [INFO] pcrl.training.trainer:   Task 'education_level' accuracy: 0.9998
2026-04-24 22:58:03,182 [INFO] pcrl.training.trainer:   Auditor 'race' accuracy: 0.6546
2026-04-24 22:58:03,182 [INFO] pcrl.training.trainer:   Auditor 'sex' accuracy: 0.7286
2026-04-24 22:58:03,182 [INFO] pcrl.training.trainer:   Auditor 'age_group' accuracy: 0.7127
2026-04-24 22:58:03,182 [INFO] pcrl.training.trainer:   Auditor 'marital_status' accuracy: 0.7556
2026-04-24 22:58:03,182 [INFO] pcrl.training.trainer:   Auditor 'income' accuracy: 0.7859
2026-04-24 22:58:04,193 [INFO] pcrl.training.trainer: [VAL] Epoch 50 - Loss: 0.4588, Task: 0.4588, Adv: 5.1415, Verify: 0.0000, Time: 1.0s
2026-04-24 22:58:04,194 [INFO] pcrl.training.trainer:   Task 'income' accuracy: 0.7899
2026-04-24 22:58:04,194 [INFO] pcrl.training.trainer:   Task 'hours_band' accuracy: 0.9956
2026-04-24 22:58:04,194 [INFO] pcrl.training.trainer:   Task 'education_level' accuracy: 1.0000
2026-04-24 22:58:04,194 [INFO] pcrl.training.trainer:   Auditor 'race' accuracy: 0.6737
2026-04-24 22:58:04,194 [INFO] pcrl.training.trainer:   Auditor 'sex' accuracy: 0.7822
2026-04-24 22:58:04,194 [INFO] pcrl.training.trainer:   Auditor 'age_group' accuracy: 0.7615
2026-04-24 22:58:04,194 [INFO] pcrl.training.trainer:   Auditor 'marital_status' accuracy: 0.7725
2026-04-24 22:58:04,194 [INFO] pcrl.training.trainer:   Auditor 'income' accuracy: 0.7899
2026-04-24 22:58:06,113 [INFO] pcrl.training.trainer: Epoch 51 [50/612] Loss: 0.5178 Task: 0.5178 Adv: -5.5446 Verify: 0.0000
2026-04-24 22:58:07,870 [INFO] pcrl.training.trainer: Epoch 51 [100/612] Loss: 0.5040 Task: 0.5040 Adv: -5.5225 Verify: 0.0000
2026-04-24 22:58:09,641 [INFO] pcrl.training.trainer: Epoch 51 [150/612] Loss: 0.4433 Task: 0.4433 Adv: -5.5215 Verify: 0.0000
2026-04-24 22:58:11,407 [INFO] pcrl.training.trainer: Epoch 51 [200/612] Loss: 0.4190 Task: 0.4190 Adv: -5.7332 Verify: 0.0000
2026-04-24 22:58:13,174 [INFO] pcrl.training.trainer: Epoch 51 [250/612] Loss: 0.5945 Task: 0.5945 Adv: -5.5657 Verify: 0.0000
2026-04-24 22:58:14,929 [INFO] pcrl.training.trainer: Epoch 51 [300/612] Loss: 0.4895 Task: 0.4895 Adv: -5.5118 Verify: 0.0000
2026-04-24 22:58:16,833 [INFO] pcrl.training.trainer: Epoch 51 [350/612] Loss: 0.5516 Task: 0.5516 Adv: -5.6001 Verify: 0.0000
2026-04-24 22:58:18,602 [INFO] pcrl.training.trainer: Epoch 51 [400/612] Loss: 0.4407 Task: 0.4407 Adv: -5.5437 Verify: 0.0000
2026-04-24 22:58:20,298 [INFO] pcrl.training.trainer: Epoch 51 [450/612] Loss: 0.4425 Task: 0.4425 Adv: -5.4735 Verify: 0.0000
2026-04-24 22:58:21,992 [INFO] pcrl.training.trainer: Epoch 51 [500/612] Loss: 0.4972 Task: 0.4972 Adv: -5.5686 Verify: 0.0000
2026-04-24 22:58:23,833 [INFO] pcrl.training.trainer: Epoch 51 [550/612] Loss: 0.4585 Task: 0.4585 Adv: -5.5757 Verify: 0.0000
2026-04-24 22:58:25,501 [INFO] pcrl.training.trainer: Epoch 51 [600/612] Loss: 0.4259 Task: 0.4259 Adv: -5.3885 Verify: 0.0000
2026-04-24 22:58:25,906 [INFO] pcrl.training.trainer: [TRAIN] Epoch 51 - Loss: 0.4903, Task: 0.4903, Adv: -5.5338, Verify: 0.0000, Time: 21.7s
2026-04-24 22:58:25,906 [INFO] pcrl.training.trainer:   Task 'income' accuracy: 0.7869
2026-04-24 22:58:25,907 [INFO] pcrl.training.trainer:   Task 'hours_band' accuracy: 0.9850
2026-04-24 22:58:25,907 [INFO] pcrl.training.trainer:   Task 'education_level' accuracy: 0.9999
2026-04-24 22:58:25,907 [INFO] pcrl.training.trainer:   Auditor 'race' accuracy: 0.6554
2026-04-24 22:58:25,907 [INFO] pcrl.training.trainer:   Auditor 'sex' accuracy: 0.7311
2026-04-24 22:58:25,907 [INFO] pcrl.training.trainer:   Auditor 'age_group' accuracy: 0.7142
2026-04-24 22:58:25,907 [INFO] pcrl.training.trainer:   Auditor 'marital_status' accuracy: 0.7547
2026-04-24 22:58:25,907 [INFO] pcrl.training.trainer:   Auditor 'income' accuracy: 0.7861
2026-04-24 22:58:26,898 [INFO] pcrl.training.trainer: [VAL] Epoch 51 - Loss: 0.4680, Task: 0.4680, Adv: 5.0862, Verify: 0.0000, Time: 1.0s
2026-04-24 22:58:26,898 [INFO] pcrl.training.trainer:   Task 'income' accuracy: 0.7900
2026-04-24 22:58:26,898 [INFO] pcrl.training.trainer:   Task 'hours_band' accuracy: 0.9892
2026-04-24 22:58:26,898 [INFO] pcrl.training.trainer:   Task 'education_level' accuracy: 1.0000
2026-04-24 22:58:26,898 [INFO] pcrl.training.trainer:   Auditor 'race' accuracy: 0.6870
2026-04-24 22:58:26,898 [INFO] pcrl.training.trainer:   Auditor 'sex' accuracy: 0.7804
2026-04-24 22:58:26,898 [INFO] pcrl.training.trainer:   Auditor 'age_group' accuracy: 0.7782
2026-04-24 22:58:26,898 [INFO] pcrl.training.trainer:   Auditor 'marital_status' accuracy: 0.7743
2026-04-24 22:58:26,898 [INFO] pcrl.training.trainer:   Auditor 'income' accuracy: 0.7899
2026-04-24 22:58:28,725 [INFO] pcrl.training.trainer: Epoch 52 [50/612] Loss: 0.5155 Task: 0.5155 Adv: -5.4175 Verify: 0.0000
2026-04-24 22:58:30,408 [INFO] pcrl.training.trainer: Epoch 52 [100/612] Loss: 0.5020 Task: 0.5020 Adv: -5.4891 Verify: 0.0000
2026-04-24 22:58:32,101 [INFO] pcrl.training.trainer: Epoch 52 [150/612] Loss: 0.4516 Task: 0.4516 Adv: -5.5001 Verify: 0.0000
2026-04-24 22:58:33,974 [INFO] pcrl.training.trainer: Epoch 52 [200/612] Loss: 0.4510 Task: 0.4510 Adv: -5.4700 Verify: 0.0000
2026-04-24 22:58:35,761 [INFO] pcrl.training.trainer: Epoch 52 [250/612] Loss: 0.4750 Task: 0.4750 Adv: -5.4567 Verify: 0.0000
2026-04-24 22:58:37,547 [INFO] pcrl.training.trainer: Epoch 52 [300/612] Loss: 0.4729 Task: 0.4729 Adv: -5.4983 Verify: 0.0000
2026-04-24 22:58:39,490 [INFO] pcrl.training.trainer: Epoch 52 [350/612] Loss: 0.4521 Task: 0.4521 Adv: -5.3689 Verify: 0.0000
2026-04-24 22:58:41,277 [INFO] pcrl.training.trainer: Epoch 52 [400/612] Loss: 0.5143 Task: 0.5143 Adv: -5.4460 Verify: 0.0000
2026-04-24 22:58:43,209 [INFO] pcrl.training.trainer: Epoch 52 [450/612] Loss: 0.4784 Task: 0.4784 Adv: -5.4222 Verify: 0.0000
2026-04-24 22:58:44,988 [INFO] pcrl.training.trainer: Epoch 52 [500/612] Loss: 0.5047 Task: 0.5047 Adv: -5.5885 Verify: 0.0000
2026-04-24 22:58:46,785 [INFO] pcrl.training.trainer: Epoch 52 [550/612] Loss: 0.5130 Task: 0.5130 Adv: -5.5799 Verify: 0.0000
2026-04-24 22:58:48,573 [INFO] pcrl.training.trainer: Epoch 52 [600/612] Loss: 0.4433 Task: 0.4433 Adv: -5.6170 Verify: 0.0000
2026-04-24 22:58:49,006 [INFO] pcrl.training.trainer: [TRAIN] Epoch 52 - Loss: 0.4890, Task: 0.4890, Adv: -5.5220, Verify: 0.0000, Time: 22.1s
2026-04-24 22:58:49,006 [INFO] pcrl.training.trainer:   Task 'income' accuracy: 0.7861
2026-04-24 22:58:49,006 [INFO] pcrl.training.trainer:   Task 'hours_band' accuracy: 0.9857
2026-04-24 22:58:49,006 [INFO] pcrl.training.trainer:   Task 'education_level' accuracy: 0.9997
2026-04-24 22:58:49,006 [INFO] pcrl.training.trainer:   Auditor 'race' accuracy: 0.6558
2026-04-24 22:58:49,006 [INFO] pcrl.training.trainer:   Auditor 'sex' accuracy: 0.7306
2026-04-24 22:58:49,006 [INFO] pcrl.training.trainer:   Auditor 'age_group' accuracy: 0.7132
2026-04-24 22:58:49,006 [INFO] pcrl.training.trainer:   Auditor 'marital_status' accuracy: 0.7569
2026-04-24 22:58:49,006 [INFO] pcrl.training.trainer:   Auditor 'income' accuracy: 0.7860
2026-04-24 22:58:50,179 [INFO] pcrl.training.trainer: [VAL] Epoch 52 - Loss: 0.4723, Task: 0.4723, Adv: 4.9914, Verify: 0.0000, Time: 1.2s
2026-04-24 22:58:50,179 [INFO] pcrl.training.trainer:   Task 'income' accuracy: 0.7901
2026-04-24 22:58:50,179 [INFO] pcrl.training.trainer:   Task 'hours_band' accuracy: 0.9872
2026-04-24 22:58:50,179 [INFO] pcrl.training.trainer:   Task 'education_level' accuracy: 1.0000
2026-04-24 22:58:50,179 [INFO] pcrl.training.trainer:   Auditor 'race' accuracy: 0.6822
2026-04-24 22:58:50,179 [INFO] pcrl.training.trainer:   Auditor 'sex' accuracy: 0.7944
2026-04-24 22:58:50,179 [INFO] pcrl.training.trainer:   Auditor 'age_group' accuracy: 0.7435
2026-04-24 22:58:50,179 [INFO] pcrl.training.trainer:   Auditor 'marital_status' accuracy: 0.7962
2026-04-24 22:58:50,179 [INFO] pcrl.training.trainer:   Auditor 'income' accuracy: 0.7906
2026-04-24 22:58:51,971 [INFO] pcrl.training.trainer: Epoch 53 [50/612] Loss: 0.4567 Task: 0.4567 Adv: -5.3474 Verify: 0.0000
2026-04-24 22:58:53,904 [INFO] pcrl.training.trainer: Epoch 53 [100/612] Loss: 0.5356 Task: 0.5356 Adv: -5.6801 Verify: 0.0000
2026-04-24 22:58:55,688 [INFO] pcrl.training.trainer: Epoch 53 [150/612] Loss: 0.4884 Task: 0.4884 Adv: -5.4809 Verify: 0.0000
2026-04-24 22:58:57,479 [INFO] pcrl.training.trainer: Epoch 53 [200/612] Loss: 0.4684 Task: 0.4684 Adv: -5.5119 Verify: 0.0000
2026-04-24 22:58:59,269 [INFO] pcrl.training.trainer: Epoch 53 [250/612] Loss: 0.4471 Task: 0.4471 Adv: -5.5280 Verify: 0.0000
2026-04-24 22:59:01,046 [INFO] pcrl.training.trainer: Epoch 53 [300/612] Loss: 0.5013 Task: 0.5013 Adv: -5.6054 Verify: 0.0000
2026-04-24 22:59:02,798 [INFO] pcrl.training.trainer: Epoch 53 [350/612] Loss: 0.5203 Task: 0.5203 Adv: -5.6339 Verify: 0.0000
2026-04-24 22:59:04,571 [INFO] pcrl.training.trainer: Epoch 53 [400/612] Loss: 0.5931 Task: 0.5931 Adv: -5.5621 Verify: 0.0000
2026-04-24 22:59:06,516 [INFO] pcrl.training.trainer: Epoch 53 [450/612] Loss: 0.4789 Task: 0.4789 Adv: -5.6268 Verify: 0.0000
2026-04-24 22:59:08,315 [INFO] pcrl.training.trainer: Epoch 53 [500/612] Loss: 0.4609 Task: 0.4609 Adv: -5.6076 Verify: 0.0000
2026-04-24 22:59:10,106 [INFO] pcrl.training.trainer: Epoch 53 [550/612] Loss: 0.5294 Task: 0.5294 Adv: -5.4861 Verify: 0.0000
2026-04-24 22:59:11,863 [INFO] pcrl.training.trainer: Epoch 53 [600/612] Loss: 0.4390 Task: 0.4390 Adv: -5.4952 Verify: 0.0000
2026-04-24 22:59:12,438 [INFO] pcrl.training.trainer: [TRAIN] Epoch 53 - Loss: 0.4909, Task: 0.4909, Adv: -5.5345, Verify: 0.0000, Time: 22.3s
2026-04-24 22:59:12,438 [INFO] pcrl.training.trainer:   Task 'income' accuracy: 0.7861
2026-04-24 22:59:12,438 [INFO] pcrl.training.trainer:   Task 'hours_band' accuracy: 0.9855
2026-04-24 22:59:12,438 [INFO] pcrl.training.trainer:   Task 'education_level' accuracy: 0.9998
2026-04-24 22:59:12,438 [INFO] pcrl.training.trainer:   Auditor 'race' accuracy: 0.6538
2026-04-24 22:59:12,438 [INFO] pcrl.training.trainer:   Auditor 'sex' accuracy: 0.7299
2026-04-24 22:59:12,438 [INFO] pcrl.training.trainer:   Auditor 'age_group' accuracy: 0.7132
2026-04-24 22:59:12,438 [INFO] pcrl.training.trainer:   Auditor 'marital_status' accuracy: 0.7558
2026-04-24 22:59:12,438 [INFO] pcrl.training.trainer:   Auditor 'income' accuracy: 0.7857
2026-04-24 22:59:13,447 [INFO] pcrl.training.trainer: [VAL] Epoch 53 - Loss: 0.4620, Task: 0.4620, Adv: 5.0851, Verify: 0.0000, Time: 1.0s
2026-04-24 22:59:13,447 [INFO] pcrl.training.trainer:   Task 'income' accuracy: 0.7901
2026-04-24 22:59:13,447 [INFO] pcrl.training.trainer:   Task 'hours_band' accuracy: 0.9948
2026-04-24 22:59:13,447 [INFO] pcrl.training.trainer:   Task 'education_level' accuracy: 1.0000
2026-04-24 22:59:13,447 [INFO] pcrl.training.trainer:   Auditor 'race' accuracy: 0.6746
2026-04-24 22:59:13,447 [INFO] pcrl.training.trainer:   Auditor 'sex' accuracy: 0.7766
2026-04-24 22:59:13,447 [INFO] pcrl.training.trainer:   Auditor 'age_group' accuracy: 0.7580
2026-04-24 22:59:13,447 [INFO] pcrl.training.trainer:   Auditor 'marital_status' accuracy: 0.7938
2026-04-24 22:59:13,447 [INFO] pcrl.training.trainer:   Auditor 'income' accuracy: 0.7869
2026-04-24 22:59:15,214 [INFO] pcrl.training.trainer: Epoch 54 [50/612] Loss: 0.4644 Task: 0.4644 Adv: -5.5780 Verify: 0.0000
2026-04-24 22:59:17,137 [INFO] pcrl.training.trainer: Epoch 54 [100/612] Loss: 0.4905 Task: 0.4905 Adv: -5.5884 Verify: 0.0000
2026-04-24 22:59:18,910 [INFO] pcrl.training.trainer: Epoch 54 [150/612] Loss: 0.4853 Task: 0.4853 Adv: -5.4117 Verify: 0.0000
2026-04-24 22:59:20,671 [INFO] pcrl.training.trainer: Epoch 54 [200/612] Loss: 0.4592 Task: 0.4592 Adv: -5.4254 Verify: 0.0000
2026-04-24 22:59:22,441 [INFO] pcrl.training.trainer: Epoch 54 [250/612] Loss: 0.5248 Task: 0.5248 Adv: -5.5228 Verify: 0.0000
2026-04-24 22:59:24,203 [INFO] pcrl.training.trainer: Epoch 54 [300/612] Loss: 0.4408 Task: 0.4408 Adv: -5.3607 Verify: 0.0000
2026-04-24 22:59:25,967 [INFO] pcrl.training.trainer: Epoch 54 [350/612] Loss: 0.4872 Task: 0.4872 Adv: -5.4874 Verify: 0.0000
2026-04-24 22:59:27,739 [INFO] pcrl.training.trainer: Epoch 54 [400/612] Loss: 0.4474 Task: 0.4474 Adv: -5.4538 Verify: 0.0000
2026-04-24 22:59:29,653 [INFO] pcrl.training.trainer: Epoch 54 [450/612] Loss: 0.4982 Task: 0.4982 Adv: -5.5577 Verify: 0.0000
2026-04-24 22:59:31,418 [INFO] pcrl.training.trainer: Epoch 54 [500/612] Loss: 0.5505 Task: 0.5505 Adv: -5.5499 Verify: 0.0000
2026-04-24 22:59:33,200 [INFO] pcrl.training.trainer: Epoch 54 [550/612] Loss: 0.4471 Task: 0.4471 Adv: -5.3517 Verify: 0.0000
2026-04-24 22:59:35,143 [INFO] pcrl.training.trainer: Epoch 54 [600/612] Loss: 0.4954 Task: 0.4954 Adv: -5.5362 Verify: 0.0000
2026-04-24 22:59:35,581 [INFO] pcrl.training.trainer: [TRAIN] Epoch 54 - Loss: 0.4888, Task: 0.4888, Adv: -5.5329, Verify: 0.0000, Time: 22.1s
2026-04-24 22:59:35,581 [INFO] pcrl.training.trainer:   Task 'income' accuracy: 0.7862
2026-04-24 22:59:35,581 [INFO] pcrl.training.trainer:   Task 'hours_band' accuracy: 0.9858
2026-04-24 22:59:35,581 [INFO] pcrl.training.trainer:   Task 'education_level' accuracy: 0.9998
2026-04-24 22:59:35,581 [INFO] pcrl.training.trainer:   Auditor 'race' accuracy: 0.6555
2026-04-24 22:59:35,581 [INFO] pcrl.training.trainer:   Auditor 'sex' accuracy: 0.7297
2026-04-24 22:59:35,581 [INFO] pcrl.training.trainer:   Auditor 'age_group' accuracy: 0.7112
2026-04-24 22:59:35,581 [INFO] pcrl.training.trainer:   Auditor 'marital_status' accuracy: 0.7583
2026-04-24 22:59:35,581 [INFO] pcrl.training.trainer:   Auditor 'income' accuracy: 0.7857
2026-04-24 22:59:36,617 [INFO] pcrl.training.trainer: [VAL] Epoch 54 - Loss: 0.4623, Task: 0.4623, Adv: 5.0821, Verify: 0.0000, Time: 1.0s
2026-04-24 22:59:36,617 [INFO] pcrl.training.trainer:   Task 'income' accuracy: 0.7912
2026-04-24 22:59:36,617 [INFO] pcrl.training.trainer:   Task 'hours_band' accuracy: 0.9899
2026-04-24 22:59:36,617 [INFO] pcrl.training.trainer:   Task 'education_level' accuracy: 1.0000
2026-04-24 22:59:36,617 [INFO] pcrl.training.trainer:   Auditor 'race' accuracy: 0.6947
2026-04-24 22:59:36,617 [INFO] pcrl.training.trainer:   Auditor 'sex' accuracy: 0.7471
2026-04-24 22:59:36,617 [INFO] pcrl.training.trainer:   Auditor 'age_group' accuracy: 0.7679
2026-04-24 22:59:36,617 [INFO] pcrl.training.trainer:   Auditor 'marital_status' accuracy: 0.8002
2026-04-24 22:59:36,617 [INFO] pcrl.training.trainer:   Auditor 'income' accuracy: 0.7897
2026-04-24 22:59:38,404 [INFO] pcrl.training.trainer: Epoch 55 [50/612] Loss: 0.4805 Task: 0.4805 Adv: -5.4635 Verify: 0.0000
2026-04-24 22:59:40,195 [INFO] pcrl.training.trainer: Epoch 55 [100/612] Loss: 0.4624 Task: 0.4624 Adv: -5.4770 Verify: 0.0000
2026-04-24 22:59:41,975 [INFO] pcrl.training.trainer: Epoch 55 [150/612] Loss: 0.4865 Task: 0.4865 Adv: -5.5813 Verify: 0.0000
2026-04-24 22:59:43,820 [INFO] pcrl.training.trainer: Epoch 55 [200/612] Loss: 0.5177 Task: 0.5177 Adv: -5.4983 Verify: 0.0000
2026-04-24 22:59:45,486 [INFO] pcrl.training.trainer: Epoch 55 [250/612] Loss: 0.4594 Task: 0.4594 Adv: -5.5109 Verify: 0.0000
2026-04-24 22:59:47,159 [INFO] pcrl.training.trainer: Epoch 55 [300/612] Loss: 0.4684 Task: 0.4684 Adv: -5.5134 Verify: 0.0000
2026-04-24 22:59:48,883 [INFO] pcrl.training.trainer: Epoch 55 [350/612] Loss: 0.4917 Task: 0.4917 Adv: -5.7110 Verify: 0.0000
2026-04-24 22:59:50,697 [INFO] pcrl.training.trainer: Epoch 55 [400/612] Loss: 0.4422 Task: 0.4422 Adv: -5.4861 Verify: 0.0000
2026-04-24 22:59:52,431 [INFO] pcrl.training.trainer: Epoch 55 [450/612] Loss: 0.4675 Task: 0.4675 Adv: -5.4094 Verify: 0.0000
2026-04-24 22:59:54,340 [INFO] pcrl.training.trainer: Epoch 55 [500/612] Loss: 0.5315 Task: 0.5315 Adv: -5.4983 Verify: 0.0000
2026-04-24 22:59:56,054 [INFO] pcrl.training.trainer: Epoch 55 [550/612] Loss: 0.6690 Task: 0.6690 Adv: -5.4607 Verify: 0.0000
2026-04-24 22:59:57,860 [INFO] pcrl.training.trainer: Epoch 55 [600/612] Loss: 0.5211 Task: 0.5211 Adv: -5.4310 Verify: 0.0000
2026-04-24 22:59:58,280 [INFO] pcrl.training.trainer: [TRAIN] Epoch 55 - Loss: 0.4862, Task: 0.4862, Adv: -5.5188, Verify: 0.0000, Time: 21.7s
2026-04-24 22:59:58,280 [INFO] pcrl.training.trainer:   Task 'income' accuracy: 0.7860
2026-04-24 22:59:58,281 [INFO] pcrl.training.trainer:   Task 'hours_band' accuracy: 0.9865
2026-04-24 22:59:58,281 [INFO] pcrl.training.trainer:   Task 'education_level' accuracy: 0.9998
2026-04-24 22:59:58,281 [INFO] pcrl.training.trainer:   Auditor 'race' accuracy: 0.6564
2026-04-24 22:59:58,281 [INFO] pcrl.training.trainer:   Auditor 'sex' accuracy: 0.7313
2026-04-24 22:59:58,281 [INFO] pcrl.training.trainer:   Auditor 'age_group' accuracy: 0.7117
2026-04-24 22:59:58,281 [INFO] pcrl.training.trainer:   Auditor 'marital_status' accuracy: 0.7599
2026-04-24 22:59:58,281 [INFO] pcrl.training.trainer:   Auditor 'income' accuracy: 0.7849
2026-04-24 22:59:59,282 [INFO] pcrl.training.trainer: [VAL] Epoch 55 - Loss: 0.4830, Task: 0.4830, Adv: 5.0091, Verify: 0.0000, Time: 1.0s
2026-04-24 22:59:59,282 [INFO] pcrl.training.trainer:   Task 'income' accuracy: 0.7892
2026-04-24 22:59:59,282 [INFO] pcrl.training.trainer:   Task 'hours_band' accuracy: 0.9824
2026-04-24 22:59:59,282 [INFO] pcrl.training.trainer:   Task 'education_level' accuracy: 1.0000
2026-04-24 22:59:59,282 [INFO] pcrl.training.trainer:   Auditor 'race' accuracy: 0.6875
2026-04-24 22:59:59,282 [INFO] pcrl.training.trainer:   Auditor 'sex' accuracy: 0.7914
2026-04-24 22:59:59,282 [INFO] pcrl.training.trainer:   Auditor 'age_group' accuracy: 0.7606
2026-04-24 22:59:59,282 [INFO] pcrl.training.trainer:   Auditor 'marital_status' accuracy: 0.7615
2026-04-24 22:59:59,282 [INFO] pcrl.training.trainer:   Auditor 'income' accuracy: 0.7896
2026-04-24 23:00:01,089 [INFO] pcrl.training.trainer: Epoch 56 [50/612] Loss: 0.4791 Task: 0.4791 Adv: -5.6889 Verify: 0.0000
2026-04-24 23:00:02,803 [INFO] pcrl.training.trainer: Epoch 56 [100/612] Loss: 0.4771 Task: 0.4771 Adv: -5.3947 Verify: 0.0000
2026-04-24 23:00:04,671 [INFO] pcrl.training.trainer: Epoch 56 [150/612] Loss: 0.6289 Task: 0.6289 Adv: -5.6209 Verify: 0.0000
2026-04-24 23:00:06,425 [INFO] pcrl.training.trainer: Epoch 56 [200/612] Loss: 0.4899 Task: 0.4899 Adv: -5.4289 Verify: 0.0000
2026-04-24 23:00:08,194 [INFO] pcrl.training.trainer: Epoch 56 [250/612] Loss: 0.4895 Task: 0.4895 Adv: -5.5240 Verify: 0.0000
2026-04-24 23:00:09,942 [INFO] pcrl.training.trainer: Epoch 56 [300/612] Loss: 0.4770 Task: 0.4770 Adv: -5.4676 Verify: 0.0000
2026-04-24 23:00:11,666 [INFO] pcrl.training.trainer: Epoch 56 [350/612] Loss: 0.4405 Task: 0.4405 Adv: -5.2783 Verify: 0.0000
2026-04-24 23:00:13,378 [INFO] pcrl.training.trainer: Epoch 56 [400/612] Loss: 0.4773 Task: 0.4773 Adv: -5.5727 Verify: 0.0000
2026-04-24 23:00:15,054 [INFO] pcrl.training.trainer: Epoch 56 [450/612] Loss: 0.6236 Task: 0.6236 Adv: -5.4492 Verify: 0.0000
2026-04-24 23:00:16,852 [INFO] pcrl.training.trainer: Epoch 56 [500/612] Loss: 0.5280 Task: 0.5280 Adv: -5.6174 Verify: 0.0000
2026-04-24 23:00:18,571 [INFO] pcrl.training.trainer: Epoch 56 [550/612] Loss: 0.5267 Task: 0.5267 Adv: -5.5508 Verify: 0.0000
2026-04-24 23:00:20,304 [INFO] pcrl.training.trainer: Epoch 56 [600/612] Loss: 0.4892 Task: 0.4892 Adv: -5.6632 Verify: 0.0000
2026-04-24 23:00:20,719 [INFO] pcrl.training.trainer: [TRAIN] Epoch 56 - Loss: 0.4866, Task: 0.4866, Adv: -5.4923, Verify: 0.0000, Time: 21.4s
2026-04-24 23:00:20,720 [INFO] pcrl.training.trainer:   Task 'income' accuracy: 0.7858
2026-04-24 23:00:20,720 [INFO] pcrl.training.trainer:   Task 'hours_band' accuracy: 0.9867
2026-04-24 23:00:20,720 [INFO] pcrl.training.trainer:   Task 'education_level' accuracy: 0.9998
2026-04-24 23:00:20,720 [INFO] pcrl.training.trainer:   Auditor 'race' accuracy: 0.6581
2026-04-24 23:00:20,720 [INFO] pcrl.training.trainer:   Auditor 'sex' accuracy: 0.7363
2026-04-24 23:00:20,720 [INFO] pcrl.training.trainer:   Auditor 'age_group' accuracy: 0.7130
2026-04-24 23:00:20,720 [INFO] pcrl.training.trainer:   Auditor 'marital_status' accuracy: 0.7595
2026-04-24 23:00:20,720 [INFO] pcrl.training.trainer:   Auditor 'income' accuracy: 0.7859
2026-04-24 23:00:21,874 [INFO] pcrl.training.trainer: [VAL] Epoch 56 - Loss: 0.4513, Task: 0.4513, Adv: 4.9698, Verify: 0.0000, Time: 1.2s
2026-04-24 23:00:21,874 [INFO] pcrl.training.trainer:   Task 'income' accuracy: 0.7899
2026-04-24 23:00:21,874 [INFO] pcrl.training.trainer:   Task 'hours_band' accuracy: 0.9979
2026-04-24 23:00:21,874 [INFO] pcrl.training.trainer:   Task 'education_level' accuracy: 1.0000
2026-04-24 23:00:21,874 [INFO] pcrl.training.trainer:   Auditor 'race' accuracy: 0.6788
2026-04-24 23:00:21,874 [INFO] pcrl.training.trainer:   Auditor 'sex' accuracy: 0.7925
2026-04-24 23:00:21,874 [INFO] pcrl.training.trainer:   Auditor 'age_group' accuracy: 0.7597
2026-04-24 23:00:21,874 [INFO] pcrl.training.trainer:   Auditor 'marital_status' accuracy: 0.7985
2026-04-24 23:00:21,874 [INFO] pcrl.training.trainer:   Auditor 'income' accuracy: 0.7894
2026-04-24 23:00:21,937 [INFO] pcrl.training.trainer: Saved checkpoint to /home/ubuntu/PCRL/checkpoints/folktables_std_s0/best.pt
2026-04-24 23:00:23,743 [INFO] pcrl.training.trainer: Epoch 57 [50/612] Loss: 0.4640 Task: 0.4640 Adv: -5.3172 Verify: 0.0000
2026-04-24 23:00:25,505 [INFO] pcrl.training.trainer: Epoch 57 [100/612] Loss: 0.3996 Task: 0.3996 Adv: -5.2917 Verify: 0.0000
2026-04-24 23:00:27,213 [INFO] pcrl.training.trainer: Epoch 57 [150/612] Loss: 0.4674 Task: 0.4674 Adv: -5.3716 Verify: 0.0000
2026-04-24 23:00:29,007 [INFO] pcrl.training.trainer: Epoch 57 [200/612] Loss: 0.4663 Task: 0.4663 Adv: -5.4584 Verify: 0.0000
2026-04-24 23:00:30,687 [INFO] pcrl.training.trainer: Epoch 57 [250/612] Loss: 0.5208 Task: 0.5208 Adv: -5.4637 Verify: 0.0000
2026-04-24 23:00:32,554 [INFO] pcrl.training.trainer: Epoch 57 [300/612] Loss: 0.5143 Task: 0.5143 Adv: -5.4424 Verify: 0.0000
2026-04-24 23:00:34,283 [INFO] pcrl.training.trainer: Epoch 57 [350/612] Loss: 0.4451 Task: 0.4451 Adv: -5.3295 Verify: 0.0000
2026-04-24 23:00:36,190 [INFO] pcrl.training.trainer: Epoch 57 [400/612] Loss: 0.4543 Task: 0.4543 Adv: -5.4028 Verify: 0.0000
2026-04-24 23:00:37,942 [INFO] pcrl.training.trainer: Epoch 57 [450/612] Loss: 0.5028 Task: 0.5028 Adv: -5.5651 Verify: 0.0000
2026-04-24 23:00:39,720 [INFO] pcrl.training.trainer: Epoch 57 [500/612] Loss: 0.4644 Task: 0.4644 Adv: -5.5565 Verify: 0.0000
2026-04-24 23:00:41,489 [INFO] pcrl.training.trainer: Epoch 57 [550/612] Loss: 0.5302 Task: 0.5302 Adv: -5.7145 Verify: 0.0000
2026-04-24 23:00:43,238 [INFO] pcrl.training.trainer: Epoch 57 [600/612] Loss: 0.4490 Task: 0.4490 Adv: -5.5225 Verify: 0.0000
2026-04-24 23:00:43,659 [INFO] pcrl.training.trainer: [TRAIN] Epoch 57 - Loss: 0.4868, Task: 0.4868, Adv: -5.5104, Verify: 0.0000, Time: 21.7s
2026-04-24 23:00:43,659 [INFO] pcrl.training.trainer:   Task 'income' accuracy: 0.7862
2026-04-24 23:00:43,659 [INFO] pcrl.training.trainer:   Task 'hours_band' accuracy: 0.9862
2026-04-24 23:00:43,659 [INFO] pcrl.training.trainer:   Task 'education_level' accuracy: 0.9997
2026-04-24 23:00:43,660 [INFO] pcrl.training.trainer:   Auditor 'race' accuracy: 0.6561
2026-04-24 23:00:43,660 [INFO] pcrl.training.trainer:   Auditor 'sex' accuracy: 0.7357
2026-04-24 23:00:43,660 [INFO] pcrl.training.trainer:   Auditor 'age_group' accuracy: 0.7118
2026-04-24 23:00:43,660 [INFO] pcrl.training.trainer:   Auditor 'marital_status' accuracy: 0.7570
2026-04-24 23:00:43,660 [INFO] pcrl.training.trainer:   Auditor 'income' accuracy: 0.7857
2026-04-24 23:00:44,797 [INFO] pcrl.training.trainer: [VAL] Epoch 57 - Loss: 0.4609, Task: 0.4609, Adv: 5.1354, Verify: 0.0000, Time: 1.1s
2026-04-24 23:00:44,797 [INFO] pcrl.training.trainer:   Task 'income' accuracy: 0.7898
2026-04-24 23:00:44,797 [INFO] pcrl.training.trainer:   Task 'hours_band' accuracy: 0.9918
2026-04-24 23:00:44,797 [INFO] pcrl.training.trainer:   Task 'education_level' accuracy: 1.0000
2026-04-24 23:00:44,797 [INFO] pcrl.training.trainer:   Auditor 'race' accuracy: 0.6635
2026-04-24 23:00:44,797 [INFO] pcrl.training.trainer:   Auditor 'sex' accuracy: 0.7758
2026-04-24 23:00:44,797 [INFO] pcrl.training.trainer:   Auditor 'age_group' accuracy: 0.7648
2026-04-24 23:00:44,797 [INFO] pcrl.training.trainer:   Auditor 'marital_status' accuracy: 0.8005
2026-04-24 23:00:44,797 [INFO] pcrl.training.trainer:   Auditor 'income' accuracy: 0.7883
2026-04-24 23:00:46,552 [INFO] pcrl.training.trainer: Epoch 58 [50/612] Loss: 0.4937 Task: 0.4937 Adv: -5.5068 Verify: 0.0000
2026-04-24 23:00:48,451 [INFO] pcrl.training.trainer: Epoch 58 [100/612] Loss: 0.4512 Task: 0.4512 Adv: -5.5637 Verify: 0.0000
2026-04-24 23:00:50,202 [INFO] pcrl.training.trainer: Epoch 58 [150/612] Loss: 0.4522 Task: 0.4522 Adv: -5.6711 Verify: 0.0000
2026-04-24 23:00:51,945 [INFO] pcrl.training.trainer: Epoch 58 [200/612] Loss: 0.4999 Task: 0.4999 Adv: -5.4010 Verify: 0.0000
2026-04-24 23:00:53,696 [INFO] pcrl.training.trainer: Epoch 58 [250/612] Loss: 0.4784 Task: 0.4784 Adv: -5.6075 Verify: 0.0000
2026-04-24 23:00:55,433 [INFO] pcrl.training.trainer: Epoch 58 [300/612] Loss: 0.5122 Task: 0.5122 Adv: -5.5957 Verify: 0.0000
2026-04-24 23:00:57,158 [INFO] pcrl.training.trainer: Epoch 58 [350/612] Loss: 0.5035 Task: 0.5035 Adv: -5.5433 Verify: 0.0000
2026-04-24 23:00:58,915 [INFO] pcrl.training.trainer: Epoch 58 [400/612] Loss: 0.5000 Task: 0.5000 Adv: -5.6286 Verify: 0.0000
2026-04-24 23:01:00,809 [INFO] pcrl.training.trainer: Epoch 58 [450/612] Loss: 0.5255 Task: 0.5255 Adv: -5.5667 Verify: 0.0000
2026-04-24 23:01:02,542 [INFO] pcrl.training.trainer: Epoch 58 [500/612] Loss: 0.4774 Task: 0.4774 Adv: -5.5876 Verify: 0.0000
2026-04-24 23:01:04,263 [INFO] pcrl.training.trainer: Epoch 58 [550/612] Loss: 0.4404 Task: 0.4404 Adv: -5.5290 Verify: 0.0000
2026-04-24 23:01:06,071 [INFO] pcrl.training.trainer: Epoch 58 [600/612] Loss: 0.4539 Task: 0.4539 Adv: -5.5924 Verify: 0.0000
2026-04-24 23:01:06,661 [INFO] pcrl.training.trainer: [TRAIN] Epoch 58 - Loss: 0.4884, Task: 0.4884, Adv: -5.5196, Verify: 0.0000, Time: 21.9s
2026-04-24 23:01:06,661 [INFO] pcrl.training.trainer:   Task 'income' accuracy: 0.7868
2026-04-24 23:01:06,661 [INFO] pcrl.training.trainer:   Task 'hours_band' accuracy: 0.9862
2026-04-24 23:01:06,661 [INFO] pcrl.training.trainer:   Task 'education_level' accuracy: 0.9998
2026-04-24 23:01:06,661 [INFO] pcrl.training.trainer:   Auditor 'race' accuracy: 0.6535
2026-04-24 23:01:06,661 [INFO] pcrl.training.trainer:   Auditor 'sex' accuracy: 0.7383
2026-04-24 23:01:06,661 [INFO] pcrl.training.trainer:   Auditor 'age_group' accuracy: 0.7138
2026-04-24 23:01:06,661 [INFO] pcrl.training.trainer:   Auditor 'marital_status' accuracy: 0.7575
2026-04-24 23:01:06,661 [INFO] pcrl.training.trainer:   Auditor 'income' accuracy: 0.7866
2026-04-24 23:01:07,695 [INFO] pcrl.training.trainer: [VAL] Epoch 58 - Loss: 0.4859, Task: 0.4859, Adv: 5.0636, Verify: 0.0000, Time: 1.0s
2026-04-24 23:01:07,695 [INFO] pcrl.training.trainer:   Task 'income' accuracy: 0.7891
2026-04-24 23:01:07,695 [INFO] pcrl.training.trainer:   Task 'hours_band' accuracy: 0.9822
2026-04-24 23:01:07,695 [INFO] pcrl.training.trainer:   Task 'education_level' accuracy: 1.0000
2026-04-24 23:01:07,695 [INFO] pcrl.training.trainer:   Auditor 'race' accuracy: 0.6782
2026-04-24 23:01:07,695 [INFO] pcrl.training.trainer:   Auditor 'sex' accuracy: 0.7828
2026-04-24 23:01:07,695 [INFO] pcrl.training.trainer:   Auditor 'age_group' accuracy: 0.7651
2026-04-24 23:01:07,695 [INFO] pcrl.training.trainer:   Auditor 'marital_status' accuracy: 0.7730
2026-04-24 23:01:07,695 [INFO] pcrl.training.trainer:   Auditor 'income' accuracy: 0.7890
2026-04-24 23:01:09,522 [INFO] pcrl.training.trainer: Epoch 59 [50/612] Loss: 0.5806 Task: 0.5806 Adv: -5.5829 Verify: 0.0000
2026-04-24 23:01:11,333 [INFO] pcrl.training.trainer: Epoch 59 [100/612] Loss: 0.4582 Task: 0.4582 Adv: -5.5626 Verify: 0.0000
2026-04-24 23:01:13,127 [INFO] pcrl.training.trainer: Epoch 59 [150/612] Loss: 0.4396 Task: 0.4396 Adv: -5.5110 Verify: 0.0000
2026-04-24 23:01:15,035 [INFO] pcrl.training.trainer: Epoch 59 [200/612] Loss: 0.5240 Task: 0.5240 Adv: -5.6559 Verify: 0.0000
2026-04-24 23:01:16,825 [INFO] pcrl.training.trainer: Epoch 59 [250/612] Loss: 0.4776 Task: 0.4776 Adv: -5.5421 Verify: 0.0000
2026-04-24 23:01:18,612 [INFO] pcrl.training.trainer: Epoch 59 [300/612] Loss: 0.4889 Task: 0.4889 Adv: -5.5071 Verify: 0.0000
2026-04-24 23:01:20,378 [INFO] pcrl.training.trainer: Epoch 59 [350/612] Loss: 0.5451 Task: 0.5451 Adv: -5.4798 Verify: 0.0000
2026-04-24 23:01:22,301 [INFO] pcrl.training.trainer: Epoch 59 [400/612] Loss: 0.5533 Task: 0.5533 Adv: -5.5007 Verify: 0.0000
2026-04-24 23:01:24,057 [INFO] pcrl.training.trainer: Epoch 59 [450/612] Loss: 0.5192 Task: 0.5192 Adv: -5.7165 Verify: 0.0000
2026-04-24 23:01:25,798 [INFO] pcrl.training.trainer: Epoch 59 [500/612] Loss: 0.5058 Task: 0.5058 Adv: -5.5675 Verify: 0.0000
2026-04-24 23:01:27,649 [INFO] pcrl.training.trainer: Epoch 59 [550/612] Loss: 0.4897 Task: 0.4897 Adv: -5.6456 Verify: 0.0000
2026-04-24 23:01:29,317 [INFO] pcrl.training.trainer: Epoch 59 [600/612] Loss: 0.4529 Task: 0.4529 Adv: -5.4640 Verify: 0.0000
2026-04-24 23:01:29,849 [INFO] pcrl.training.trainer: [TRAIN] Epoch 59 - Loss: 0.4887, Task: 0.4887, Adv: -5.5335, Verify: 0.0000, Time: 22.2s
2026-04-24 23:01:29,850 [INFO] pcrl.training.trainer:   Task 'income' accuracy: 0.7862
2026-04-24 23:01:29,850 [INFO] pcrl.training.trainer:   Task 'hours_band' accuracy: 0.9857
2026-04-24 23:01:29,850 [INFO] pcrl.training.trainer:   Task 'education_level' accuracy: 0.9997
2026-04-24 23:01:29,850 [INFO] pcrl.training.trainer:   Auditor 'race' accuracy: 0.6532
2026-04-24 23:01:29,850 [INFO] pcrl.training.trainer:   Auditor 'sex' accuracy: 0.7299
2026-04-24 23:01:29,850 [INFO] pcrl.training.trainer:   Auditor 'age_group' accuracy: 0.7126
2026-04-24 23:01:29,850 [INFO] pcrl.training.trainer:   Auditor 'marital_status' accuracy: 0.7586
2026-04-24 23:01:29,850 [INFO] pcrl.training.trainer:   Auditor 'income' accuracy: 0.7858
2026-04-24 23:01:30,841 [INFO] pcrl.training.trainer: [VAL] Epoch 59 - Loss: 0.4647, Task: 0.4647, Adv: 5.0791, Verify: 0.0000, Time: 1.0s
2026-04-24 23:01:30,841 [INFO] pcrl.training.trainer:   Task 'income' accuracy: 0.7904
2026-04-24 23:01:30,841 [INFO] pcrl.training.trainer:   Task 'hours_band' accuracy: 0.9921
2026-04-24 23:01:30,841 [INFO] pcrl.training.trainer:   Task 'education_level' accuracy: 1.0000
2026-04-24 23:01:30,841 [INFO] pcrl.training.trainer:   Auditor 'race' accuracy: 0.6684
2026-04-24 23:01:30,841 [INFO] pcrl.training.trainer:   Auditor 'sex' accuracy: 0.7780
2026-04-24 23:01:30,841 [INFO] pcrl.training.trainer:   Auditor 'age_group' accuracy: 0.7269
2026-04-24 23:01:30,841 [INFO] pcrl.training.trainer:   Auditor 'marital_status' accuracy: 0.7987
2026-04-24 23:01:30,841 [INFO] pcrl.training.trainer:   Auditor 'income' accuracy: 0.7896
2026-04-24 23:01:30,881 [INFO] pcrl.training.trainer: Saved checkpoint to /home/ubuntu/PCRL/checkpoints/folktables_std_s0/epoch_60.pt
2026-04-24 23:01:32,681 [INFO] pcrl.training.trainer: Epoch 60 [50/612] Loss: 0.5133 Task: 0.5133 Adv: -5.4883 Verify: 0.0000
2026-04-24 23:01:34,341 [INFO] pcrl.training.trainer: Epoch 60 [100/612] Loss: 0.4825 Task: 0.4825 Adv: -5.5104 Verify: 0.0000
2026-04-24 23:01:36,010 [INFO] pcrl.training.trainer: Epoch 60 [150/612] Loss: 0.4799 Task: 0.4799 Adv: -5.4837 Verify: 0.0000
2026-04-24 23:01:37,710 [INFO] pcrl.training.trainer: Epoch 60 [200/612] Loss: 0.4722 Task: 0.4722 Adv: -5.4849 Verify: 0.0000
2026-04-24 23:01:39,448 [INFO] pcrl.training.trainer: Epoch 60 [250/612] Loss: 0.4136 Task: 0.4136 Adv: -5.4490 Verify: 0.0000
2026-04-24 23:01:41,135 [INFO] pcrl.training.trainer: Epoch 60 [300/612] Loss: 0.5129 Task: 0.5129 Adv: -5.6181 Verify: 0.0000
2026-04-24 23:01:42,876 [INFO] pcrl.training.trainer: Epoch 60 [350/612] Loss: 0.4670 Task: 0.4670 Adv: -5.5586 Verify: 0.0000
2026-04-24 23:01:44,759 [INFO] pcrl.training.trainer: Epoch 60 [400/612] Loss: 0.4639 Task: 0.4639 Adv: -5.5053 Verify: 0.0000
2026-04-24 23:01:46,487 [INFO] pcrl.training.trainer: Epoch 60 [450/612] Loss: 0.4739 Task: 0.4739 Adv: -5.5777 Verify: 0.0000
2026-04-24 23:01:48,242 [INFO] pcrl.training.trainer: Epoch 60 [500/612] Loss: 0.5193 Task: 0.5193 Adv: -5.3996 Verify: 0.0000
2026-04-24 23:01:50,150 [INFO] pcrl.training.trainer: Epoch 60 [550/612] Loss: 0.5626 Task: 0.5626 Adv: -5.4874 Verify: 0.0000
2026-04-24 23:01:51,912 [INFO] pcrl.training.trainer: Epoch 60 [600/612] Loss: 0.4851 Task: 0.4851 Adv: -5.5724 Verify: 0.0000
2026-04-24 23:01:52,338 [INFO] pcrl.training.trainer: [TRAIN] Epoch 60 - Loss: 0.4866, Task: 0.4866, Adv: -5.5223, Verify: 0.0000, Time: 21.5s
2026-04-24 23:01:52,338 [INFO] pcrl.training.trainer:   Task 'income' accuracy: 0.7864
2026-04-24 23:01:52,338 [INFO] pcrl.training.trainer:   Task 'hours_band' accuracy: 0.9865
2026-04-24 23:01:52,338 [INFO] pcrl.training.trainer:   Task 'education_level' accuracy: 0.9998
2026-04-24 23:01:52,338 [INFO] pcrl.training.trainer:   Auditor 'race' accuracy: 0.6549
2026-04-24 23:01:52,339 [INFO] pcrl.training.trainer:   Auditor 'sex' accuracy: 0.7306
2026-04-24 23:01:52,339 [INFO] pcrl.training.trainer:   Auditor 'age_group' accuracy: 0.7099
2026-04-24 23:01:52,339 [INFO] pcrl.training.trainer:   Auditor 'marital_status' accuracy: 0.7589
2026-04-24 23:01:52,339 [INFO] pcrl.training.trainer:   Auditor 'income' accuracy: 0.7859
2026-04-24 23:01:53,353 [INFO] pcrl.training.trainer: [VAL] Epoch 60 - Loss: 0.4550, Task: 0.4550, Adv: 5.0215, Verify: 0.0000, Time: 1.0s
2026-04-24 23:01:53,354 [INFO] pcrl.training.trainer:   Task 'income' accuracy: 0.7904
2026-04-24 23:01:53,354 [INFO] pcrl.training.trainer:   Task 'hours_band' accuracy: 0.9968
2026-04-24 23:01:53,354 [INFO] pcrl.training.trainer:   Task 'education_level' accuracy: 1.0000
2026-04-24 23:01:53,354 [INFO] pcrl.training.trainer:   Auditor 'race' accuracy: 0.6772
2026-04-24 23:01:53,354 [INFO] pcrl.training.trainer:   Auditor 'sex' accuracy: 0.7795
2026-04-24 23:01:53,354 [INFO] pcrl.training.trainer:   Auditor 'age_group' accuracy: 0.7187
2026-04-24 23:01:53,354 [INFO] pcrl.training.trainer:   Auditor 'marital_status' accuracy: 0.8044
2026-04-24 23:01:53,354 [INFO] pcrl.training.trainer:   Auditor 'income' accuracy: 0.7898
2026-04-24 23:01:55,264 [INFO] pcrl.training.trainer: Epoch 61 [50/612] Loss: 0.4361 Task: 0.4361 Adv: -5.4708 Verify: 0.0000
2026-04-24 23:01:56,981 [INFO] pcrl.training.trainer: Epoch 61 [100/612] Loss: 0.4553 Task: 0.4553 Adv: -5.5480 Verify: 0.0000
2026-04-24 23:01:58,650 [INFO] pcrl.training.trainer: Epoch 61 [150/612] Loss: 0.5174 Task: 0.5174 Adv: -5.5241 Verify: 0.0000
2026-04-24 23:02:00,313 [INFO] pcrl.training.trainer: Epoch 61 [200/612] Loss: 0.5430 Task: 0.5430 Adv: -5.4826 Verify: 0.0000
2026-04-24 23:02:02,116 [INFO] pcrl.training.trainer: Epoch 61 [250/612] Loss: 0.4964 Task: 0.4964 Adv: -5.4784 Verify: 0.0000
2026-04-24 23:02:03,827 [INFO] pcrl.training.trainer: Epoch 61 [300/612] Loss: 0.4974 Task: 0.4974 Adv: -5.5265 Verify: 0.0000
2026-04-24 23:02:05,691 [INFO] pcrl.training.trainer: Epoch 61 [350/612] Loss: 0.4919 Task: 0.4919 Adv: -5.4573 Verify: 0.0000
2026-04-24 23:02:07,377 [INFO] pcrl.training.trainer: Epoch 61 [400/612] Loss: 0.5330 Task: 0.5330 Adv: -5.5368 Verify: 0.0000
2026-04-24 23:02:09,216 [INFO] pcrl.training.trainer: Epoch 61 [450/612] Loss: 0.4687 Task: 0.4687 Adv: -5.5104 Verify: 0.0000
2026-04-24 23:02:10,882 [INFO] pcrl.training.trainer: Epoch 61 [500/612] Loss: 0.4764 Task: 0.4764 Adv: -5.5580 Verify: 0.0000
2026-04-24 23:02:12,551 [INFO] pcrl.training.trainer: Epoch 61 [550/612] Loss: 0.4220 Task: 0.4220 Adv: -5.5366 Verify: 0.0000
2026-04-24 23:02:14,261 [INFO] pcrl.training.trainer: Epoch 61 [600/612] Loss: 0.5526 Task: 0.5526 Adv: -5.6356 Verify: 0.0000
2026-04-24 23:02:14,670 [INFO] pcrl.training.trainer: [TRAIN] Epoch 61 - Loss: 0.4887, Task: 0.4887, Adv: -5.5308, Verify: 0.0000, Time: 21.3s
2026-04-24 23:02:14,670 [INFO] pcrl.training.trainer:   Task 'income' accuracy: 0.7867
2026-04-24 23:02:14,670 [INFO] pcrl.training.trainer:   Task 'hours_band' accuracy: 0.9858
2026-04-24 23:02:14,670 [INFO] pcrl.training.trainer:   Task 'education_level' accuracy: 0.9999
2026-04-24 23:02:14,670 [INFO] pcrl.training.trainer:   Auditor 'race' accuracy: 0.6543
2026-04-24 23:02:14,670 [INFO] pcrl.training.trainer:   Auditor 'sex' accuracy: 0.7304
2026-04-24 23:02:14,670 [INFO] pcrl.training.trainer:   Auditor 'age_group' accuracy: 0.7101
2026-04-24 23:02:14,670 [INFO] pcrl.training.trainer:   Auditor 'marital_status' accuracy: 0.7589
2026-04-24 23:02:14,670 [INFO] pcrl.training.trainer:   Auditor 'income' accuracy: 0.7858
2026-04-24 23:02:15,796 [INFO] pcrl.training.trainer: [VAL] Epoch 61 - Loss: 0.4660, Task: 0.4660, Adv: 5.1619, Verify: 0.0000, Time: 1.1s
2026-04-24 23:02:15,796 [INFO] pcrl.training.trainer:   Task 'income' accuracy: 0.7894
2026-04-24 23:02:15,796 [INFO] pcrl.training.trainer:   Task 'hours_band' accuracy: 0.9898
2026-04-24 23:02:15,796 [INFO] pcrl.training.trainer:   Task 'education_level' accuracy: 1.0000
2026-04-24 23:02:15,796 [INFO] pcrl.training.trainer:   Auditor 'race' accuracy: 0.6627
2026-04-24 23:02:15,796 [INFO] pcrl.training.trainer:   Auditor 'sex' accuracy: 0.7433
2026-04-24 23:02:15,796 [INFO] pcrl.training.trainer:   Auditor 'age_group' accuracy: 0.7420
2026-04-24 23:02:15,796 [INFO] pcrl.training.trainer:   Auditor 'marital_status' accuracy: 0.7848
2026-04-24 23:02:15,796 [INFO] pcrl.training.trainer:   Auditor 'income' accuracy: 0.7893
2026-04-24 23:02:17,516 [INFO] pcrl.training.trainer: Epoch 62 [50/612] Loss: 0.4826 Task: 0.4826 Adv: -5.4869 Verify: 0.0000
2026-04-24 23:02:19,418 [INFO] pcrl.training.trainer: Epoch 62 [100/612] Loss: 0.5301 Task: 0.5301 Adv: -5.4536 Verify: 0.0000
2026-04-24 23:02:21,189 [INFO] pcrl.training.trainer: Epoch 62 [150/612] Loss: 0.4979 Task: 0.4979 Adv: -5.6147 Verify: 0.0000
2026-04-24 23:02:22,965 [INFO] pcrl.training.trainer: Epoch 62 [200/612] Loss: 0.5280 Task: 0.5280 Adv: -5.5534 Verify: 0.0000
2026-04-24 23:02:24,742 [INFO] pcrl.training.trainer: Epoch 62 [250/612] Loss: 0.6120 Task: 0.6120 Adv: -5.4059 Verify: 0.0000
2026-04-24 23:02:26,513 [INFO] pcrl.training.trainer: Epoch 62 [300/612] Loss: 0.5436 Task: 0.5436 Adv: -5.4610 Verify: 0.0000
2026-04-24 23:02:28,262 [INFO] pcrl.training.trainer: Epoch 62 [350/612] Loss: 0.4761 Task: 0.4761 Adv: -5.6216 Verify: 0.0000
2026-04-24 23:02:30,015 [INFO] pcrl.training.trainer: Epoch 62 [400/612] Loss: 0.5105 Task: 0.5105 Adv: -5.6324 Verify: 0.0000
2026-04-24 23:02:31,922 [INFO] pcrl.training.trainer: Epoch 62 [450/612] Loss: 0.5993 Task: 0.5993 Adv: -5.4609 Verify: 0.0000
2026-04-24 23:02:33,689 [INFO] pcrl.training.trainer: Epoch 62 [500/612] Loss: 0.5568 Task: 0.5568 Adv: -5.4666 Verify: 0.0000
2026-04-24 23:02:35,459 [INFO] pcrl.training.trainer: Epoch 62 [550/612] Loss: 0.4260 Task: 0.4260 Adv: -5.4874 Verify: 0.0000
2026-04-24 23:02:37,202 [INFO] pcrl.training.trainer: Epoch 62 [600/612] Loss: 0.5086 Task: 0.5086 Adv: -5.5735 Verify: 0.0000
2026-04-24 23:02:37,767 [INFO] pcrl.training.trainer: [TRAIN] Epoch 62 - Loss: 0.4878, Task: 0.4878, Adv: -5.5239, Verify: 0.0000, Time: 22.0s
2026-04-24 23:02:37,768 [INFO] pcrl.training.trainer:   Task 'income' accuracy: 0.7874
2026-04-24 23:02:37,768 [INFO] pcrl.training.trainer:   Task 'hours_band' accuracy: 0.9860
2026-04-24 23:02:37,768 [INFO] pcrl.training.trainer:   Task 'education_level' accuracy: 0.9998
2026-04-24 23:02:37,768 [INFO] pcrl.training.trainer:   Auditor 'race' accuracy: 0.6539
2026-04-24 23:02:37,768 [INFO] pcrl.training.trainer:   Auditor 'sex' accuracy: 0.7297
2026-04-24 23:02:37,768 [INFO] pcrl.training.trainer:   Auditor 'age_group' accuracy: 0.7083
2026-04-24 23:02:37,768 [INFO] pcrl.training.trainer:   Auditor 'marital_status' accuracy: 0.7616
2026-04-24 23:02:37,768 [INFO] pcrl.training.trainer:   Auditor 'income' accuracy: 0.7858
2026-04-24 23:02:38,784 [INFO] pcrl.training.trainer: [VAL] Epoch 62 - Loss: 0.4630, Task: 0.4630, Adv: 5.0087, Verify: 0.0000, Time: 1.0s
2026-04-24 23:02:38,784 [INFO] pcrl.training.trainer:   Task 'income' accuracy: 0.7905
2026-04-24 23:02:38,784 [INFO] pcrl.training.trainer:   Task 'hours_band' accuracy: 0.9907
2026-04-24 23:02:38,784 [INFO] pcrl.training.trainer:   Task 'education_level' accuracy: 1.0000
2026-04-24 23:02:38,784 [INFO] pcrl.training.trainer:   Auditor 'race' accuracy: 0.6646
2026-04-24 23:02:38,784 [INFO] pcrl.training.trainer:   Auditor 'sex' accuracy: 0.7780
2026-04-24 23:02:38,784 [INFO] pcrl.training.trainer:   Auditor 'age_group' accuracy: 0.7597
2026-04-24 23:02:38,784 [INFO] pcrl.training.trainer:   Auditor 'marital_status' accuracy: 0.8071
2026-04-24 23:02:38,784 [INFO] pcrl.training.trainer:   Auditor 'income' accuracy: 0.7897
2026-04-24 23:02:40,519 [INFO] pcrl.training.trainer: Epoch 63 [50/612] Loss: 0.5373 Task: 0.5373 Adv: -5.4955 Verify: 0.0000
2026-04-24 23:02:42,441 [INFO] pcrl.training.trainer: Epoch 63 [100/612] Loss: 0.4740 Task: 0.4740 Adv: -5.6358 Verify: 0.0000
2026-04-24 23:02:44,211 [INFO] pcrl.training.trainer: Epoch 63 [150/612] Loss: 0.4064 Task: 0.4064 Adv: -5.7113 Verify: 0.0000
2026-04-24 23:02:45,982 [INFO] pcrl.training.trainer: Epoch 63 [200/612] Loss: 0.5239 Task: 0.5239 Adv: -5.3523 Verify: 0.0000
2026-04-24 23:02:47,744 [INFO] pcrl.training.trainer: Epoch 63 [250/612] Loss: 0.4576 Task: 0.4576 Adv: -5.3562 Verify: 0.0000
2026-04-24 23:02:49,511 [INFO] pcrl.training.trainer: Epoch 63 [300/612] Loss: 0.5983 Task: 0.5983 Adv: -5.3907 Verify: 0.0000
2026-04-24 23:02:51,272 [INFO] pcrl.training.trainer: Epoch 63 [350/612] Loss: 0.6085 Task: 0.6085 Adv: -5.3711 Verify: 0.0000
2026-04-24 23:02:53,030 [INFO] pcrl.training.trainer: Epoch 63 [400/612] Loss: 0.4568 Task: 0.4568 Adv: -5.5122 Verify: 0.0000
2026-04-24 23:02:54,947 [INFO] pcrl.training.trainer: Epoch 63 [450/612] Loss: 0.5000 Task: 0.5000 Adv: -5.6582 Verify: 0.0000
2026-04-24 23:02:56,719 [INFO] pcrl.training.trainer: Epoch 63 [500/612] Loss: 0.5301 Task: 0.5301 Adv: -5.5649 Verify: 0.0000
2026-04-24 23:02:58,488 [INFO] pcrl.training.trainer: Epoch 63 [550/612] Loss: 0.4859 Task: 0.4859 Adv: -5.6987 Verify: 0.0000
2026-04-24 23:03:00,387 [INFO] pcrl.training.trainer: Epoch 63 [600/612] Loss: 0.5296 Task: 0.5296 Adv: -5.6899 Verify: 0.0000
2026-04-24 23:03:00,814 [INFO] pcrl.training.trainer: [TRAIN] Epoch 63 - Loss: 0.4880, Task: 0.4880, Adv: -5.5240, Verify: 0.0000, Time: 22.0s
2026-04-24 23:03:00,815 [INFO] pcrl.training.trainer:   Task 'income' accuracy: 0.7868
2026-04-24 23:03:00,815 [INFO] pcrl.training.trainer:   Task 'hours_band' accuracy: 0.9863
2026-04-24 23:03:00,815 [INFO] pcrl.training.trainer:   Task 'education_level' accuracy: 0.9997
2026-04-24 23:03:00,815 [INFO] pcrl.training.trainer:   Auditor 'race' accuracy: 0.6541
2026-04-24 23:03:00,815 [INFO] pcrl.training.trainer:   Auditor 'sex' accuracy: 0.7288
2026-04-24 23:03:00,815 [INFO] pcrl.training.trainer:   Auditor 'age_group' accuracy: 0.7064
2026-04-24 23:03:00,815 [INFO] pcrl.training.trainer:   Auditor 'marital_status' accuracy: 0.7618
2026-04-24 23:03:00,815 [INFO] pcrl.training.trainer:   Auditor 'income' accuracy: 0.7859
2026-04-24 23:03:01,827 [INFO] pcrl.training.trainer: [VAL] Epoch 63 - Loss: 0.4665, Task: 0.4665, Adv: 5.0546, Verify: 0.0000, Time: 1.0s
2026-04-24 23:03:01,827 [INFO] pcrl.training.trainer:   Task 'income' accuracy: 0.7907
2026-04-24 23:03:01,827 [INFO] pcrl.training.trainer:   Task 'hours_band' accuracy: 0.9873
2026-04-24 23:03:01,827 [INFO] pcrl.training.trainer:   Task 'education_level' accuracy: 1.0000
2026-04-24 23:03:01,827 [INFO] pcrl.training.trainer:   Auditor 'race' accuracy: 0.6777
2026-04-24 23:03:01,827 [INFO] pcrl.training.trainer:   Auditor 'sex' accuracy: 0.7775
2026-04-24 23:03:01,827 [INFO] pcrl.training.trainer:   Auditor 'age_group' accuracy: 0.7563
2026-04-24 23:03:01,827 [INFO] pcrl.training.trainer:   Auditor 'marital_status' accuracy: 0.8048
2026-04-24 23:03:01,827 [INFO] pcrl.training.trainer:   Auditor 'income' accuracy: 0.7903
2026-04-24 23:03:03,596 [INFO] pcrl.training.trainer: Epoch 64 [50/612] Loss: 0.5596 Task: 0.5596 Adv: -5.4721 Verify: 0.0000
2026-04-24 23:03:05,355 [INFO] pcrl.training.trainer: Epoch 64 [100/612] Loss: 0.4882 Task: 0.4882 Adv: -5.5592 Verify: 0.0000
2026-04-24 23:03:07,117 [INFO] pcrl.training.trainer: Epoch 64 [150/612] Loss: 0.4399 Task: 0.4399 Adv: -5.4365 Verify: 0.0000
2026-04-24 23:03:09,043 [INFO] pcrl.training.trainer: Epoch 64 [200/612] Loss: 0.4636 Task: 0.4636 Adv: -5.5552 Verify: 0.0000
2026-04-24 23:03:10,813 [INFO] pcrl.training.trainer: Epoch 64 [250/612] Loss: 0.4495 Task: 0.4495 Adv: -5.6046 Verify: 0.0000
2026-04-24 23:03:12,590 [INFO] pcrl.training.trainer: Epoch 64 [300/612] Loss: 0.5252 Task: 0.5252 Adv: -5.3621 Verify: 0.0000
2026-04-24 23:03:14,358 [INFO] pcrl.training.trainer: Epoch 64 [350/612] Loss: 0.5186 Task: 0.5186 Adv: -5.5721 Verify: 0.0000
2026-04-24 23:03:16,274 [INFO] pcrl.training.trainer: Epoch 64 [400/612] Loss: 0.4024 Task: 0.4024 Adv: -5.4798 Verify: 0.0000
2026-04-24 23:03:18,042 [INFO] pcrl.training.trainer: Epoch 64 [450/612] Loss: 0.5032 Task: 0.5032 Adv: -5.5533 Verify: 0.0000
2026-04-24 23:03:19,970 [INFO] pcrl.training.trainer: Epoch 64 [500/612] Loss: 0.4686 Task: 0.4686 Adv: -5.4908 Verify: 0.0000
2026-04-24 23:03:21,747 [INFO] pcrl.training.trainer: Epoch 64 [550/612] Loss: 0.4826 Task: 0.4826 Adv: -5.5721 Verify: 0.0000
2026-04-24 23:03:23,659 [INFO] pcrl.training.trainer: Epoch 64 [600/612] Loss: 0.5097 Task: 0.5097 Adv: -5.7226 Verify: 0.0000
2026-04-24 23:03:24,095 [INFO] pcrl.training.trainer: [TRAIN] Epoch 64 - Loss: 0.4862, Task: 0.4862, Adv: -5.5100, Verify: 0.0000, Time: 22.3s
2026-04-24 23:03:24,095 [INFO] pcrl.training.trainer:   Task 'income' accuracy: 0.7865
2026-04-24 23:03:24,095 [INFO] pcrl.training.trainer:   Task 'hours_band' accuracy: 0.9870
2026-04-24 23:03:24,095 [INFO] pcrl.training.trainer:   Task 'education_level' accuracy: 0.9998
2026-04-24 23:03:24,095 [INFO] pcrl.training.trainer:   Auditor 'race' accuracy: 0.6554
2026-04-24 23:03:24,095 [INFO] pcrl.training.trainer:   Auditor 'sex' accuracy: 0.7275
2026-04-24 23:03:24,095 [INFO] pcrl.training.trainer:   Auditor 'age_group' accuracy: 0.7080
2026-04-24 23:03:24,095 [INFO] pcrl.training.trainer:   Auditor 'marital_status' accuracy: 0.7611
2026-04-24 23:03:24,095 [INFO] pcrl.training.trainer:   Auditor 'income' accuracy: 0.7862
2026-04-24 23:03:25,118 [INFO] pcrl.training.trainer: [VAL] Epoch 64 - Loss: 0.5104, Task: 0.5104, Adv: 5.0076, Verify: 0.0000, Time: 1.0s
2026-04-24 23:03:25,118 [INFO] pcrl.training.trainer:   Task 'income' accuracy: 0.7901
2026-04-24 23:03:25,118 [INFO] pcrl.training.trainer:   Task 'hours_band' accuracy: 0.9668
2026-04-24 23:03:25,118 [INFO] pcrl.training.trainer:   Task 'education_level' accuracy: 1.0000
2026-04-24 23:03:25,118 [INFO] pcrl.training.trainer:   Auditor 'race' accuracy: 0.6959
2026-04-24 23:03:25,118 [INFO] pcrl.training.trainer:   Auditor 'sex' accuracy: 0.7843
2026-04-24 23:03:25,118 [INFO] pcrl.training.trainer:   Auditor 'age_group' accuracy: 0.7312
2026-04-24 23:03:25,118 [INFO] pcrl.training.trainer:   Auditor 'marital_status' accuracy: 0.8067
2026-04-24 23:03:25,118 [INFO] pcrl.training.trainer:   Auditor 'income' accuracy: 0.7907
2026-04-24 23:03:27,051 [INFO] pcrl.training.trainer: Epoch 65 [50/612] Loss: 0.4878 Task: 0.4878 Adv: -5.5064 Verify: 0.0000
2026-04-24 23:03:28,828 [INFO] pcrl.training.trainer: Epoch 65 [100/612] Loss: 0.6073 Task: 0.6073 Adv: -5.6555 Verify: 0.0000
2026-04-24 23:03:30,734 [INFO] pcrl.training.trainer: Epoch 65 [150/612] Loss: 0.5760 Task: 0.5760 Adv: -5.4804 Verify: 0.0000
2026-04-24 23:03:32,493 [INFO] pcrl.training.trainer: Epoch 65 [200/612] Loss: 0.4203 Task: 0.4203 Adv: -5.5105 Verify: 0.0000
2026-04-24 23:03:34,249 [INFO] pcrl.training.trainer: Epoch 65 [250/612] Loss: 0.5134 Task: 0.5134 Adv: -5.4508 Verify: 0.0000
2026-04-24 23:03:36,011 [INFO] pcrl.training.trainer: Epoch 65 [300/612] Loss: 0.5138 Task: 0.5138 Adv: -5.5288 Verify: 0.0000
2026-04-24 23:03:37,779 [INFO] pcrl.training.trainer: Epoch 65 [350/612] Loss: 0.4293 Task: 0.4293 Adv: -5.6666 Verify: 0.0000
2026-04-24 23:03:39,556 [INFO] pcrl.training.trainer: Epoch 65 [400/612] Loss: 0.4520 Task: 0.4520 Adv: -5.5659 Verify: 0.0000
2026-04-24 23:03:41,332 [INFO] pcrl.training.trainer: Epoch 65 [450/612] Loss: 0.4227 Task: 0.4227 Adv: -5.5054 Verify: 0.0000
2026-04-24 23:03:43,256 [INFO] pcrl.training.trainer: Epoch 65 [500/612] Loss: 0.4799 Task: 0.4799 Adv: -5.4900 Verify: 0.0000
2026-04-24 23:03:45,025 [INFO] pcrl.training.trainer: Epoch 65 [550/612] Loss: 0.4512 Task: 0.4512 Adv: -5.5046 Verify: 0.0000
2026-04-24 23:03:46,775 [INFO] pcrl.training.trainer: Epoch 65 [600/612] Loss: 0.5871 Task: 0.5871 Adv: -5.5108 Verify: 0.0000
2026-04-24 23:03:47,200 [INFO] pcrl.training.trainer: [TRAIN] Epoch 65 - Loss: 0.4867, Task: 0.4867, Adv: -5.5094, Verify: 0.0000, Time: 22.1s
2026-04-24 23:03:47,200 [INFO] pcrl.training.trainer:   Task 'income' accuracy: 0.7870
2026-04-24 23:03:47,200 [INFO] pcrl.training.trainer:   Task 'hours_band' accuracy: 0.9860
2026-04-24 23:03:47,200 [INFO] pcrl.training.trainer:   Task 'education_level' accuracy: 0.9998
2026-04-24 23:03:47,200 [INFO] pcrl.training.trainer:   Auditor 'race' accuracy: 0.6559
2026-04-24 23:03:47,200 [INFO] pcrl.training.trainer:   Auditor 'sex' accuracy: 0.7278
2026-04-24 23:03:47,200 [INFO] pcrl.training.trainer:   Auditor 'age_group' accuracy: 0.7106
2026-04-24 23:03:47,200 [INFO] pcrl.training.trainer:   Auditor 'marital_status' accuracy: 0.7620
2026-04-24 23:03:47,200 [INFO] pcrl.training.trainer:   Auditor 'income' accuracy: 0.7866
2026-04-24 23:03:48,353 [INFO] pcrl.training.trainer: [VAL] Epoch 65 - Loss: 0.4560, Task: 0.4560, Adv: 4.9794, Verify: 0.0000, Time: 1.2s
2026-04-24 23:03:48,353 [INFO] pcrl.training.trainer:   Task 'income' accuracy: 0.7903
2026-04-24 23:03:48,354 [INFO] pcrl.training.trainer:   Task 'hours_band' accuracy: 0.9918
2026-04-24 23:03:48,354 [INFO] pcrl.training.trainer:   Task 'education_level' accuracy: 1.0000
2026-04-24 23:03:48,354 [INFO] pcrl.training.trainer:   Auditor 'race' accuracy: 0.6820
2026-04-24 23:03:48,354 [INFO] pcrl.training.trainer:   Auditor 'sex' accuracy: 0.7718
2026-04-24 23:03:48,354 [INFO] pcrl.training.trainer:   Auditor 'age_group' accuracy: 0.7700
2026-04-24 23:03:48,354 [INFO] pcrl.training.trainer:   Auditor 'marital_status' accuracy: 0.7876
2026-04-24 23:03:48,354 [INFO] pcrl.training.trainer:   Auditor 'income' accuracy: 0.7902
2026-04-24 23:03:50,107 [INFO] pcrl.training.trainer: Epoch 66 [50/612] Loss: 0.4470 Task: 0.4470 Adv: -5.4815 Verify: 0.0000
2026-04-24 23:03:51,878 [INFO] pcrl.training.trainer: Epoch 66 [100/612] Loss: 0.4874 Task: 0.4874 Adv: -5.5730 Verify: 0.0000
2026-04-24 23:03:53,607 [INFO] pcrl.training.trainer: Epoch 66 [150/612] Loss: 0.4942 Task: 0.4942 Adv: -5.4284 Verify: 0.0000
2026-04-24 23:03:55,314 [INFO] pcrl.training.trainer: Epoch 66 [200/612] Loss: 0.5349 Task: 0.5349 Adv: -5.5399 Verify: 0.0000
2026-04-24 23:03:57,003 [INFO] pcrl.training.trainer: Epoch 66 [250/612] Loss: 0.4842 Task: 0.4842 Adv: -5.5316 Verify: 0.0000
2026-04-24 23:03:58,687 [INFO] pcrl.training.trainer: Epoch 66 [300/612] Loss: 0.4143 Task: 0.4143 Adv: -5.5080 Verify: 0.0000
2026-04-24 23:04:00,478 [INFO] pcrl.training.trainer: Epoch 66 [350/612] Loss: 0.5057 Task: 0.5057 Adv: -5.6146 Verify: 0.0000
2026-04-24 23:04:02,225 [INFO] pcrl.training.trainer: Epoch 66 [400/612] Loss: 0.4650 Task: 0.4650 Adv: -5.6002 Verify: 0.0000
2026-04-24 23:04:03,966 [INFO] pcrl.training.trainer: Epoch 66 [450/612] Loss: 0.5193 Task: 0.5193 Adv: -5.5099 Verify: 0.0000
2026-04-24 23:04:05,862 [INFO] pcrl.training.trainer: Epoch 66 [500/612] Loss: 0.5108 Task: 0.5108 Adv: -5.6059 Verify: 0.0000
2026-04-24 23:04:07,619 [INFO] pcrl.training.trainer: Epoch 66 [550/612] Loss: 0.4632 Task: 0.4632 Adv: -5.5296 Verify: 0.0000
2026-04-24 23:04:09,396 [INFO] pcrl.training.trainer: Epoch 66 [600/612] Loss: 0.5168 Task: 0.5168 Adv: -5.6225 Verify: 0.0000
2026-04-24 23:04:09,825 [INFO] pcrl.training.trainer: [TRAIN] Epoch 66 - Loss: 0.4868, Task: 0.4868, Adv: -5.5091, Verify: 0.0000, Time: 21.5s
2026-04-24 23:04:09,826 [INFO] pcrl.training.trainer:   Task 'income' accuracy: 0.7866
2026-04-24 23:04:09,826 [INFO] pcrl.training.trainer:   Task 'hours_band' accuracy: 0.9865
2026-04-24 23:04:09,826 [INFO] pcrl.training.trainer:   Task 'education_level' accuracy: 0.9998
2026-04-24 23:04:09,826 [INFO] pcrl.training.trainer:   Auditor 'race' accuracy: 0.6533
2026-04-24 23:04:09,826 [INFO] pcrl.training.trainer:   Auditor 'sex' accuracy: 0.7317
2026-04-24 23:04:09,826 [INFO] pcrl.training.trainer:   Auditor 'age_group' accuracy: 0.7113
2026-04-24 23:04:09,826 [INFO] pcrl.training.trainer:   Auditor 'marital_status' accuracy: 0.7596
2026-04-24 23:04:09,826 [INFO] pcrl.training.trainer:   Auditor 'income' accuracy: 0.7859
2026-04-24 23:04:10,992 [INFO] pcrl.training.trainer: [VAL] Epoch 66 - Loss: 0.4633, Task: 0.4633, Adv: 4.9171, Verify: 0.0000, Time: 1.2s
2026-04-24 23:04:10,993 [INFO] pcrl.training.trainer:   Task 'income' accuracy: 0.7900
2026-04-24 23:04:10,993 [INFO] pcrl.training.trainer:   Task 'hours_band' accuracy: 0.9909
2026-04-24 23:04:10,993 [INFO] pcrl.training.trainer:   Task 'education_level' accuracy: 1.0000
2026-04-24 23:04:10,993 [INFO] pcrl.training.trainer:   Auditor 'race' accuracy: 0.7005
2026-04-24 23:04:10,993 [INFO] pcrl.training.trainer:   Auditor 'sex' accuracy: 0.7945
2026-04-24 23:04:10,993 [INFO] pcrl.training.trainer:   Auditor 'age_group' accuracy: 0.7254
2026-04-24 23:04:10,993 [INFO] pcrl.training.trainer:   Auditor 'marital_status' accuracy: 0.7935
2026-04-24 23:04:10,993 [INFO] pcrl.training.trainer:   Auditor 'income' accuracy: 0.7899
2026-04-24 23:04:12,784 [INFO] pcrl.training.trainer: Epoch 67 [50/612] Loss: 0.5186 Task: 0.5186 Adv: -5.4698 Verify: 0.0000
2026-04-24 23:04:14,708 [INFO] pcrl.training.trainer: Epoch 67 [100/612] Loss: 0.4992 Task: 0.4992 Adv: -5.4823 Verify: 0.0000
2026-04-24 23:04:16,499 [INFO] pcrl.training.trainer: Epoch 67 [150/612] Loss: 0.4058 Task: 0.4058 Adv: -5.3162 Verify: 0.0000
2026-04-24 23:04:18,300 [INFO] pcrl.training.trainer: Epoch 67 [200/612] Loss: 0.4666 Task: 0.4666 Adv: -5.5504 Verify: 0.0000
2026-04-24 23:04:20,227 [INFO] pcrl.training.trainer: Epoch 67 [250/612] Loss: 0.4996 Task: 0.4996 Adv: -5.4468 Verify: 0.0000
2026-04-24 23:04:22,001 [INFO] pcrl.training.trainer: Epoch 67 [300/612] Loss: 0.4222 Task: 0.4222 Adv: -5.5183 Verify: 0.0000
2026-04-24 23:04:23,937 [INFO] pcrl.training.trainer: Epoch 67 [350/612] Loss: 0.5662 Task: 0.5662 Adv: -5.6312 Verify: 0.0000
2026-04-24 23:04:25,748 [INFO] pcrl.training.trainer: Epoch 67 [400/612] Loss: 0.4766 Task: 0.4766 Adv: -5.3387 Verify: 0.0000
2026-04-24 23:04:27,554 [INFO] pcrl.training.trainer: Epoch 67 [450/612] Loss: 0.4655 Task: 0.4655 Adv: -5.5753 Verify: 0.0000
2026-04-24 23:04:29,371 [INFO] pcrl.training.trainer: Epoch 67 [500/612] Loss: 0.4668 Task: 0.4668 Adv: -5.5375 Verify: 0.0000
2026-04-24 23:04:31,167 [INFO] pcrl.training.trainer: Epoch 67 [550/612] Loss: 0.4874 Task: 0.4874 Adv: -5.6459 Verify: 0.0000
2026-04-24 23:04:32,938 [INFO] pcrl.training.trainer: Epoch 67 [600/612] Loss: 0.5564 Task: 0.5564 Adv: -5.3843 Verify: 0.0000
2026-04-24 23:04:33,364 [INFO] pcrl.training.trainer: [TRAIN] Epoch 67 - Loss: 0.4838, Task: 0.4838, Adv: -5.5087, Verify: 0.0000, Time: 22.4s
2026-04-24 23:04:33,364 [INFO] pcrl.training.trainer:   Task 'income' accuracy: 0.7863
2026-04-24 23:04:33,364 [INFO] pcrl.training.trainer:   Task 'hours_band' accuracy: 0.9869
2026-04-24 23:04:33,364 [INFO] pcrl.training.trainer:   Task 'education_level' accuracy: 0.9998
2026-04-24 23:04:33,364 [INFO] pcrl.training.trainer:   Auditor 'race' accuracy: 0.6551
2026-04-24 23:04:33,364 [INFO] pcrl.training.trainer:   Auditor 'sex' accuracy: 0.7284
2026-04-24 23:04:33,364 [INFO] pcrl.training.trainer:   Auditor 'age_group' accuracy: 0.7137
2026-04-24 23:04:33,364 [INFO] pcrl.training.trainer:   Auditor 'marital_status' accuracy: 0.7581
2026-04-24 23:04:33,364 [INFO] pcrl.training.trainer:   Auditor 'income' accuracy: 0.7858
2026-04-24 23:04:34,520 [INFO] pcrl.training.trainer: [VAL] Epoch 67 - Loss: 0.4931, Task: 0.4931, Adv: 4.9681, Verify: 0.0000, Time: 1.2s
2026-04-24 23:04:34,520 [INFO] pcrl.training.trainer:   Task 'income' accuracy: 0.7911
2026-04-24 23:04:34,521 [INFO] pcrl.training.trainer:   Task 'hours_band' accuracy: 0.9831
2026-04-24 23:04:34,521 [INFO] pcrl.training.trainer:   Task 'education_level' accuracy: 1.0000
2026-04-24 23:04:34,521 [INFO] pcrl.training.trainer:   Auditor 'race' accuracy: 0.6709
2026-04-24 23:04:34,521 [INFO] pcrl.training.trainer:   Auditor 'sex' accuracy: 0.7888
2026-04-24 23:04:34,521 [INFO] pcrl.training.trainer:   Auditor 'age_group' accuracy: 0.7531
2026-04-24 23:04:34,521 [INFO] pcrl.training.trainer:   Auditor 'marital_status' accuracy: 0.7984
2026-04-24 23:04:34,521 [INFO] pcrl.training.trainer:   Auditor 'income' accuracy: 0.7896
2026-04-24 23:04:36,301 [INFO] pcrl.training.trainer: Epoch 68 [50/612] Loss: 0.4664 Task: 0.4664 Adv: -5.4351 Verify: 0.0000
2026-04-24 23:04:38,229 [INFO] pcrl.training.trainer: Epoch 68 [100/612] Loss: 0.5261 Task: 0.5261 Adv: -5.4751 Verify: 0.0000
2026-04-24 23:04:40,024 [INFO] pcrl.training.trainer: Epoch 68 [150/612] Loss: 0.5227 Task: 0.5227 Adv: -5.4891 Verify: 0.0000
2026-04-24 23:04:41,834 [INFO] pcrl.training.trainer: Epoch 68 [200/612] Loss: 0.5022 Task: 0.5022 Adv: -5.5132 Verify: 0.0000
2026-04-24 23:04:43,603 [INFO] pcrl.training.trainer: Epoch 68 [250/612] Loss: 0.5092 Task: 0.5092 Adv: -5.5122 Verify: 0.0000
2026-04-24 23:04:45,324 [INFO] pcrl.training.trainer: Epoch 68 [300/612] Loss: 0.4594 Task: 0.4594 Adv: -5.4832 Verify: 0.0000
2026-04-24 23:04:47,050 [INFO] pcrl.training.trainer: Epoch 68 [350/612] Loss: 0.4314 Task: 0.4314 Adv: -5.6647 Verify: 0.0000
2026-04-24 23:04:48,815 [INFO] pcrl.training.trainer: Epoch 68 [400/612] Loss: 0.4409 Task: 0.4409 Adv: -5.3826 Verify: 0.0000
2026-04-24 23:04:50,690 [INFO] pcrl.training.trainer: Epoch 68 [450/612] Loss: 0.5101 Task: 0.5101 Adv: -5.4451 Verify: 0.0000
2026-04-24 23:04:52,396 [INFO] pcrl.training.trainer: Epoch 68 [500/612] Loss: 0.4448 Task: 0.4448 Adv: -5.5473 Verify: 0.0000
2026-04-24 23:04:54,171 [INFO] pcrl.training.trainer: Epoch 68 [550/612] Loss: 0.5508 Task: 0.5508 Adv: -5.5146 Verify: 0.0000
2026-04-24 23:04:55,996 [INFO] pcrl.training.trainer: Epoch 68 [600/612] Loss: 0.5222 Task: 0.5222 Adv: -5.4637 Verify: 0.0000
2026-04-24 23:04:56,594 [INFO] pcrl.training.trainer: [TRAIN] Epoch 68 - Loss: 0.4854, Task: 0.4854, Adv: -5.5156, Verify: 0.0000, Time: 22.1s
2026-04-24 23:04:56,594 [INFO] pcrl.training.trainer:   Task 'income' accuracy: 0.7875
2026-04-24 23:04:56,594 [INFO] pcrl.training.trainer:   Task 'hours_band' accuracy: 0.9863
2026-04-24 23:04:56,594 [INFO] pcrl.training.trainer:   Task 'education_level' accuracy: 0.9998
2026-04-24 23:04:56,594 [INFO] pcrl.training.trainer:   Auditor 'race' accuracy: 0.6554
2026-04-24 23:04:56,594 [INFO] pcrl.training.trainer:   Auditor 'sex' accuracy: 0.7287
2026-04-24 23:04:56,594 [INFO] pcrl.training.trainer:   Auditor 'age_group' accuracy: 0.7122
2026-04-24 23:04:56,594 [INFO] pcrl.training.trainer:   Auditor 'marital_status' accuracy: 0.7566
2026-04-24 23:04:56,594 [INFO] pcrl.training.trainer:   Auditor 'income' accuracy: 0.7873
2026-04-24 23:04:57,646 [INFO] pcrl.training.trainer: [VAL] Epoch 68 - Loss: 0.4726, Task: 0.4726, Adv: 5.1290, Verify: 0.0000, Time: 1.1s
2026-04-24 23:04:57,647 [INFO] pcrl.training.trainer:   Task 'income' accuracy: 0.7909
2026-04-24 23:04:57,647 [INFO] pcrl.training.trainer:   Task 'hours_band' accuracy: 0.9835
2026-04-24 23:04:57,647 [INFO] pcrl.training.trainer:   Task 'education_level' accuracy: 1.0000
2026-04-24 23:04:57,647 [INFO] pcrl.training.trainer:   Auditor 'race' accuracy: 0.6503
2026-04-24 23:04:57,647 [INFO] pcrl.training.trainer:   Auditor 'sex' accuracy: 0.7585
2026-04-24 23:04:57,647 [INFO] pcrl.training.trainer:   Auditor 'age_group' accuracy: 0.7484
2026-04-24 23:04:57,647 [INFO] pcrl.training.trainer:   Auditor 'marital_status' accuracy: 0.7879
2026-04-24 23:04:57,647 [INFO] pcrl.training.trainer:   Auditor 'income' accuracy: 0.7907
2026-04-24 23:04:59,492 [INFO] pcrl.training.trainer: Epoch 69 [50/612] Loss: 0.5229 Task: 0.5229 Adv: -5.5382 Verify: 0.0000
2026-04-24 23:05:01,321 [INFO] pcrl.training.trainer: Epoch 69 [100/612] Loss: 0.4205 Task: 0.4205 Adv: -5.4830 Verify: 0.0000
2026-04-24 23:05:03,163 [INFO] pcrl.training.trainer: Epoch 69 [150/612] Loss: 0.4770 Task: 0.4770 Adv: -5.7169 Verify: 0.0000
2026-04-24 23:05:05,134 [INFO] pcrl.training.trainer: Epoch 69 [200/612] Loss: 0.5287 Task: 0.5287 Adv: -5.3985 Verify: 0.0000
2026-04-24 23:05:06,972 [INFO] pcrl.training.trainer: Epoch 69 [250/612] Loss: 0.5109 Task: 0.5109 Adv: -5.5318 Verify: 0.0000
2026-04-24 23:05:08,819 [INFO] pcrl.training.trainer: Epoch 69 [300/612] Loss: 0.4603 Task: 0.4603 Adv: -5.4468 Verify: 0.0000
2026-04-24 23:05:10,650 [INFO] pcrl.training.trainer: Epoch 69 [350/612] Loss: 0.4598 Task: 0.4598 Adv: -5.6112 Verify: 0.0000
2026-04-24 23:05:12,619 [INFO] pcrl.training.trainer: Epoch 69 [400/612] Loss: 0.4573 Task: 0.4573 Adv: -5.5473 Verify: 0.0000
2026-04-24 23:05:14,412 [INFO] pcrl.training.trainer: Epoch 69 [450/612] Loss: 0.5136 Task: 0.5136 Adv: -5.4914 Verify: 0.0000
2026-04-24 23:05:16,206 [INFO] pcrl.training.trainer: Epoch 69 [500/612] Loss: 0.5308 Task: 0.5308 Adv: -5.6427 Verify: 0.0000
2026-04-24 23:05:18,141 [INFO] pcrl.training.trainer: Epoch 69 [550/612] Loss: 0.5078 Task: 0.5078 Adv: -5.6452 Verify: 0.0000
2026-04-24 23:05:19,926 [INFO] pcrl.training.trainer: Epoch 69 [600/612] Loss: 0.4099 Task: 0.4099 Adv: -5.3800 Verify: 0.0000
2026-04-24 23:05:20,499 [INFO] pcrl.training.trainer: [TRAIN] Epoch 69 - Loss: 0.4859, Task: 0.4859, Adv: -5.5078, Verify: 0.0000, Time: 22.9s
2026-04-24 23:05:20,499 [INFO] pcrl.training.trainer:   Task 'income' accuracy: 0.7874
2026-04-24 23:05:20,499 [INFO] pcrl.training.trainer:   Task 'hours_band' accuracy: 0.9865
2026-04-24 23:05:20,500 [INFO] pcrl.training.trainer:   Task 'education_level' accuracy: 0.9999
2026-04-24 23:05:20,500 [INFO] pcrl.training.trainer:   Auditor 'race' accuracy: 0.6552
2026-04-24 23:05:20,500 [INFO] pcrl.training.trainer:   Auditor 'sex' accuracy: 0.7298
2026-04-24 23:05:20,500 [INFO] pcrl.training.trainer:   Auditor 'age_group' accuracy: 0.7085
2026-04-24 23:05:20,500 [INFO] pcrl.training.trainer:   Auditor 'marital_status' accuracy: 0.7607
2026-04-24 23:05:20,500 [INFO] pcrl.training.trainer:   Auditor 'income' accuracy: 0.7862
2026-04-24 23:05:21,525 [INFO] pcrl.training.trainer: [VAL] Epoch 69 - Loss: 0.4538, Task: 0.4538, Adv: 4.9625, Verify: 0.0000, Time: 1.0s
2026-04-24 23:05:21,525 [INFO] pcrl.training.trainer:   Task 'income' accuracy: 0.7898
2026-04-24 23:05:21,525 [INFO] pcrl.training.trainer:   Task 'hours_band' accuracy: 0.9984
2026-04-24 23:05:21,525 [INFO] pcrl.training.trainer:   Task 'education_level' accuracy: 1.0000
2026-04-24 23:05:21,525 [INFO] pcrl.training.trainer:   Auditor 'race' accuracy: 0.6894
2026-04-24 23:05:21,525 [INFO] pcrl.training.trainer:   Auditor 'sex' accuracy: 0.7872
2026-04-24 23:05:21,525 [INFO] pcrl.training.trainer:   Auditor 'age_group' accuracy: 0.7147
2026-04-24 23:05:21,525 [INFO] pcrl.training.trainer:   Auditor 'marital_status' accuracy: 0.7944
2026-04-24 23:05:21,525 [INFO] pcrl.training.trainer:   Auditor 'income' accuracy: 0.7896
2026-04-24 23:05:21,565 [INFO] pcrl.training.trainer: Saved checkpoint to /home/ubuntu/PCRL/checkpoints/folktables_std_s0/epoch_70.pt
2026-04-24 23:05:23,514 [INFO] pcrl.training.trainer: Epoch 70 [50/612] Loss: 0.4940 Task: 0.4940 Adv: -5.6611 Verify: 0.0000
2026-04-24 23:05:25,306 [INFO] pcrl.training.trainer: Epoch 70 [100/612] Loss: 0.4857 Task: 0.4857 Adv: -5.5871 Verify: 0.0000
2026-04-24 23:05:27,098 [INFO] pcrl.training.trainer: Epoch 70 [150/612] Loss: 0.4342 Task: 0.4342 Adv: -5.5396 Verify: 0.0000
2026-04-24 23:05:28,892 [INFO] pcrl.training.trainer: Epoch 70 [200/612] Loss: 0.4795 Task: 0.4795 Adv: -5.4369 Verify: 0.0000
2026-04-24 23:05:30,672 [INFO] pcrl.training.trainer: Epoch 70 [250/612] Loss: 0.4703 Task: 0.4703 Adv: -5.5930 Verify: 0.0000
2026-04-24 23:05:32,452 [INFO] pcrl.training.trainer: Epoch 70 [300/612] Loss: 0.4689 Task: 0.4689 Adv: -5.5950 Verify: 0.0000
2026-04-24 23:05:34,235 [INFO] pcrl.training.trainer: Epoch 70 [350/612] Loss: 0.5053 Task: 0.5053 Adv: -5.4929 Verify: 0.0000
2026-04-24 23:05:36,171 [INFO] pcrl.training.trainer: Epoch 70 [400/612] Loss: 0.5505 Task: 0.5505 Adv: -5.5069 Verify: 0.0000
2026-04-24 23:05:37,964 [INFO] pcrl.training.trainer: Epoch 70 [450/612] Loss: 0.4370 Task: 0.4370 Adv: -5.5632 Verify: 0.0000
2026-04-24 23:05:39,772 [INFO] pcrl.training.trainer: Epoch 70 [500/612] Loss: 0.5313 Task: 0.5313 Adv: -5.6186 Verify: 0.0000
2026-04-24 23:05:41,725 [INFO] pcrl.training.trainer: Epoch 70 [550/612] Loss: 0.5142 Task: 0.5142 Adv: -5.6106 Verify: 0.0000
2026-04-24 23:05:43,511 [INFO] pcrl.training.trainer: Epoch 70 [600/612] Loss: 0.4526 Task: 0.4526 Adv: -5.3617 Verify: 0.0000
2026-04-24 23:05:43,947 [INFO] pcrl.training.trainer: [TRAIN] Epoch 70 - Loss: 0.4844, Task: 0.4844, Adv: -5.5030, Verify: 0.0000, Time: 22.4s
2026-04-24 23:05:43,947 [INFO] pcrl.training.trainer:   Task 'income' accuracy: 0.7868
2026-04-24 23:05:43,947 [INFO] pcrl.training.trainer:   Task 'hours_band' accuracy: 0.9868
2026-04-24 23:05:43,947 [INFO] pcrl.training.trainer:   Task 'education_level' accuracy: 0.9999
2026-04-24 23:05:43,947 [INFO] pcrl.training.trainer:   Auditor 'race' accuracy: 0.6568
2026-04-24 23:05:43,947 [INFO] pcrl.training.trainer:   Auditor 'sex' accuracy: 0.7295
2026-04-24 23:05:43,947 [INFO] pcrl.training.trainer:   Auditor 'age_group' accuracy: 0.7096
2026-04-24 23:05:43,947 [INFO] pcrl.training.trainer:   Auditor 'marital_status' accuracy: 0.7565
2026-04-24 23:05:43,947 [INFO] pcrl.training.trainer:   Auditor 'income' accuracy: 0.7868
2026-04-24 23:05:44,966 [INFO] pcrl.training.trainer: [VAL] Epoch 70 - Loss: 0.4550, Task: 0.4550, Adv: 4.9324, Verify: 0.0000, Time: 1.0s
2026-04-24 23:05:44,966 [INFO] pcrl.training.trainer:   Task 'income' accuracy: 0.7896
2026-04-24 23:05:44,966 [INFO] pcrl.training.trainer:   Task 'hours_band' accuracy: 0.9953
2026-04-24 23:05:44,966 [INFO] pcrl.training.trainer:   Task 'education_level' accuracy: 1.0000
2026-04-24 23:05:44,966 [INFO] pcrl.training.trainer:   Auditor 'race' accuracy: 0.6811
2026-04-24 23:05:44,966 [INFO] pcrl.training.trainer:   Auditor 'sex' accuracy: 0.7748
2026-04-24 23:05:44,966 [INFO] pcrl.training.trainer:   Auditor 'age_group' accuracy: 0.7811
2026-04-24 23:05:44,966 [INFO] pcrl.training.trainer:   Auditor 'marital_status' accuracy: 0.7945
2026-04-24 23:05:44,966 [INFO] pcrl.training.trainer:   Auditor 'income' accuracy: 0.7906
2026-04-24 23:05:46,913 [INFO] pcrl.training.trainer: Epoch 71 [50/612] Loss: 0.4213 Task: 0.4213 Adv: -5.5940 Verify: 0.0000
2026-04-24 23:05:48,702 [INFO] pcrl.training.trainer: Epoch 71 [100/612] Loss: 0.4210 Task: 0.4210 Adv: -5.4442 Verify: 0.0000
2026-04-24 23:05:50,489 [INFO] pcrl.training.trainer: Epoch 71 [150/612] Loss: 0.4883 Task: 0.4883 Adv: -5.5864 Verify: 0.0000
2026-04-24 23:05:52,278 [INFO] pcrl.training.trainer: Epoch 71 [200/612] Loss: 0.5283 Task: 0.5283 Adv: -5.3959 Verify: 0.0000
2026-04-24 23:05:54,221 [INFO] pcrl.training.trainer: Epoch 71 [250/612] Loss: 0.4475 Task: 0.4475 Adv: -5.5481 Verify: 0.0000
2026-04-24 23:05:56,010 [INFO] pcrl.training.trainer: Epoch 71 [300/612] Loss: 0.3825 Task: 0.3825 Adv: -5.4136 Verify: 0.0000
2026-04-24 23:05:57,947 [INFO] pcrl.training.trainer: Epoch 71 [350/612] Loss: 0.4989 Task: 0.4989 Adv: -5.5339 Verify: 0.0000
2026-04-24 23:05:59,743 [INFO] pcrl.training.trainer: Epoch 71 [400/612] Loss: 0.5095 Task: 0.5095 Adv: -5.3921 Verify: 0.0000
2026-04-24 23:06:01,688 [INFO] pcrl.training.trainer: Epoch 71 [450/612] Loss: 0.4365 Task: 0.4365 Adv: -5.3569 Verify: 0.0000
2026-04-24 23:06:03,476 [INFO] pcrl.training.trainer: Epoch 71 [500/612] Loss: 0.4676 Task: 0.4676 Adv: -5.3072 Verify: 0.0000
2026-04-24 23:06:05,270 [INFO] pcrl.training.trainer: Epoch 71 [550/612] Loss: 0.4211 Task: 0.4211 Adv: -5.5705 Verify: 0.0000
2026-04-24 23:06:07,054 [INFO] pcrl.training.trainer: Epoch 71 [600/612] Loss: 0.5113 Task: 0.5113 Adv: -5.3332 Verify: 0.0000
2026-04-24 23:06:07,487 [INFO] pcrl.training.trainer: [TRAIN] Epoch 71 - Loss: 0.4869, Task: 0.4869, Adv: -5.5060, Verify: 0.0000, Time: 22.5s
2026-04-24 23:06:07,488 [INFO] pcrl.training.trainer:   Task 'income' accuracy: 0.7866
2026-04-24 23:06:07,488 [INFO] pcrl.training.trainer:   Task 'hours_band' accuracy: 0.9863
2026-04-24 23:06:07,488 [INFO] pcrl.training.trainer:   Task 'education_level' accuracy: 0.9998
2026-04-24 23:06:07,488 [INFO] pcrl.training.trainer:   Auditor 'race' accuracy: 0.6556
2026-04-24 23:06:07,488 [INFO] pcrl.training.trainer:   Auditor 'sex' accuracy: 0.7315
2026-04-24 23:06:07,488 [INFO] pcrl.training.trainer:   Auditor 'age_group' accuracy: 0.7089
2026-04-24 23:06:07,488 [INFO] pcrl.training.trainer:   Auditor 'marital_status' accuracy: 0.7578
2026-04-24 23:06:07,488 [INFO] pcrl.training.trainer:   Auditor 'income' accuracy: 0.7866
2026-04-24 23:06:08,671 [INFO] pcrl.training.trainer: [VAL] Epoch 71 - Loss: 0.4550, Task: 0.4550, Adv: 4.9552, Verify: 0.0000, Time: 1.2s
2026-04-24 23:06:08,672 [INFO] pcrl.training.trainer:   Task 'income' accuracy: 0.7892
2026-04-24 23:06:08,673 [INFO] pcrl.training.trainer:   Task 'hours_band' accuracy: 0.9968
2026-04-24 23:06:08,673 [INFO] pcrl.training.trainer:   Task 'education_level' accuracy: 1.0000
2026-04-24 23:06:08,673 [INFO] pcrl.training.trainer:   Auditor 'race' accuracy: 0.6776
2026-04-24 23:06:08,673 [INFO] pcrl.training.trainer:   Auditor 'sex' accuracy: 0.7634
2026-04-24 23:06:08,673 [INFO] pcrl.training.trainer:   Auditor 'age_group' accuracy: 0.7721
2026-04-24 23:06:08,673 [INFO] pcrl.training.trainer:   Auditor 'marital_status' accuracy: 0.7900
2026-04-24 23:06:08,673 [INFO] pcrl.training.trainer:   Auditor 'income' accuracy: 0.7896
2026-04-24 23:06:10,470 [INFO] pcrl.training.trainer: Epoch 72 [50/612] Loss: 0.5508 Task: 0.5508 Adv: -5.5535 Verify: 0.0000
2026-04-24 23:06:12,410 [INFO] pcrl.training.trainer: Epoch 72 [100/612] Loss: 0.4748 Task: 0.4748 Adv: -5.6029 Verify: 0.0000
2026-04-24 23:06:14,201 [INFO] pcrl.training.trainer: Epoch 72 [150/612] Loss: 0.5414 Task: 0.5414 Adv: -5.4922 Verify: 0.0000
2026-04-24 23:06:15,985 [INFO] pcrl.training.trainer: Epoch 72 [200/612] Loss: 0.3948 Task: 0.3948 Adv: -5.3208 Verify: 0.0000
2026-04-24 23:06:17,774 [INFO] pcrl.training.trainer: Epoch 72 [250/612] Loss: 0.4541 Task: 0.4541 Adv: -5.5146 Verify: 0.0000
2026-04-24 23:06:19,568 [INFO] pcrl.training.trainer: Epoch 72 [300/612] Loss: 0.5100 Task: 0.5100 Adv: -5.6816 Verify: 0.0000
2026-04-24 23:06:21,352 [INFO] pcrl.training.trainer: Epoch 72 [350/612] Loss: 0.4514 Task: 0.4514 Adv: -5.5548 Verify: 0.0000
2026-04-24 23:06:23,138 [INFO] pcrl.training.trainer: Epoch 72 [400/612] Loss: 0.5580 Task: 0.5580 Adv: -5.5897 Verify: 0.0000
2026-04-24 23:06:25,080 [INFO] pcrl.training.trainer: Epoch 72 [450/612] Loss: 0.4258 Task: 0.4258 Adv: -5.3685 Verify: 0.0000
2026-04-24 23:06:26,878 [INFO] pcrl.training.trainer: Epoch 72 [500/612] Loss: 0.5106 Task: 0.5106 Adv: -5.5080 Verify: 0.0000
2026-04-24 23:06:28,685 [INFO] pcrl.training.trainer: Epoch 72 [550/612] Loss: 0.5103 Task: 0.5103 Adv: -5.3552 Verify: 0.0000
2026-04-24 23:06:30,473 [INFO] pcrl.training.trainer: Epoch 72 [600/612] Loss: 0.4072 Task: 0.4072 Adv: -5.4760 Verify: 0.0000
2026-04-24 23:06:31,058 [INFO] pcrl.training.trainer: [TRAIN] Epoch 72 - Loss: 0.4858, Task: 0.4858, Adv: -5.5083, Verify: 0.0000, Time: 22.4s
2026-04-24 23:06:31,058 [INFO] pcrl.training.trainer:   Task 'income' accuracy: 0.7863
2026-04-24 23:06:31,058 [INFO] pcrl.training.trainer:   Task 'hours_band' accuracy: 0.9868
2026-04-24 23:06:31,058 [INFO] pcrl.training.trainer:   Task 'education_level' accuracy: 0.9998
2026-04-24 23:06:31,058 [INFO] pcrl.training.trainer:   Auditor 'race' accuracy: 0.6521
2026-04-24 23:06:31,058 [INFO] pcrl.training.trainer:   Auditor 'sex' accuracy: 0.7346
2026-04-24 23:06:31,058 [INFO] pcrl.training.trainer:   Auditor 'age_group' accuracy: 0.7087
2026-04-24 23:06:31,058 [INFO] pcrl.training.trainer:   Auditor 'marital_status' accuracy: 0.7566
2026-04-24 23:06:31,058 [INFO] pcrl.training.trainer:   Auditor 'income' accuracy: 0.7865
2026-04-24 23:06:32,082 [INFO] pcrl.training.trainer: [VAL] Epoch 72 - Loss: 0.4558, Task: 0.4558, Adv: 4.9808, Verify: 0.0000, Time: 1.0s
2026-04-24 23:06:32,082 [INFO] pcrl.training.trainer:   Task 'income' accuracy: 0.7902
2026-04-24 23:06:32,082 [INFO] pcrl.training.trainer:   Task 'hours_band' accuracy: 0.9949
2026-04-24 23:06:32,082 [INFO] pcrl.training.trainer:   Task 'education_level' accuracy: 1.0000
2026-04-24 23:06:32,082 [INFO] pcrl.training.trainer:   Auditor 'race' accuracy: 0.6600
2026-04-24 23:06:32,082 [INFO] pcrl.training.trainer:   Auditor 'sex' accuracy: 0.8194
2026-04-24 23:06:32,082 [INFO] pcrl.training.trainer:   Auditor 'age_group' accuracy: 0.7603
2026-04-24 23:06:32,082 [INFO] pcrl.training.trainer:   Auditor 'marital_status' accuracy: 0.7919
2026-04-24 23:06:32,082 [INFO] pcrl.training.trainer:   Auditor 'income' accuracy: 0.7904
2026-04-24 23:06:33,869 [INFO] pcrl.training.trainer: Epoch 73 [50/612] Loss: 0.4796 Task: 0.4796 Adv: -5.3924 Verify: 0.0000
2026-04-24 23:06:35,786 [INFO] pcrl.training.trainer: Epoch 73 [100/612] Loss: 0.5267 Task: 0.5267 Adv: -5.4820 Verify: 0.0000
2026-04-24 23:06:37,551 [INFO] pcrl.training.trainer: Epoch 73 [150/612] Loss: 0.5296 Task: 0.5296 Adv: -5.5710 Verify: 0.0000
2026-04-24 23:06:39,297 [INFO] pcrl.training.trainer: Epoch 73 [200/612] Loss: 0.4936 Task: 0.4936 Adv: -5.4785 Verify: 0.0000
2026-04-24 23:06:41,015 [INFO] pcrl.training.trainer: Epoch 73 [250/612] Loss: 0.5051 Task: 0.5051 Adv: -5.4416 Verify: 0.0000
2026-04-24 23:06:42,792 [INFO] pcrl.training.trainer: Epoch 73 [300/612] Loss: 0.4469 Task: 0.4469 Adv: -5.4274 Verify: 0.0000
2026-04-24 23:06:44,552 [INFO] pcrl.training.trainer: Epoch 73 [350/612] Loss: 0.4859 Task: 0.4859 Adv: -5.6120 Verify: 0.0000
2026-04-24 23:06:46,309 [INFO] pcrl.training.trainer: Epoch 73 [400/612] Loss: 0.4688 Task: 0.4688 Adv: -5.5095 Verify: 0.0000
2026-04-24 23:06:48,207 [INFO] pcrl.training.trainer: Epoch 73 [450/612] Loss: 0.5099 Task: 0.5099 Adv: -5.4516 Verify: 0.0000
2026-04-24 23:06:49,961 [INFO] pcrl.training.trainer: Epoch 73 [500/612] Loss: 0.4817 Task: 0.4817 Adv: -5.2427 Verify: 0.0000
2026-04-24 23:06:51,687 [INFO] pcrl.training.trainer: Epoch 73 [550/612] Loss: 0.4055 Task: 0.4055 Adv: -5.4188 Verify: 0.0000
2026-04-24 23:06:53,545 [INFO] pcrl.training.trainer: Epoch 73 [600/612] Loss: 0.5064 Task: 0.5064 Adv: -5.5545 Verify: 0.0000
2026-04-24 23:06:53,960 [INFO] pcrl.training.trainer: [TRAIN] Epoch 73 - Loss: 0.4852, Task: 0.4852, Adv: -5.4887, Verify: 0.0000, Time: 21.9s
2026-04-24 23:06:53,960 [INFO] pcrl.training.trainer:   Task 'income' accuracy: 0.7865
2026-04-24 23:06:53,960 [INFO] pcrl.training.trainer:   Task 'hours_band' accuracy: 0.9873
2026-04-24 23:06:53,960 [INFO] pcrl.training.trainer:   Task 'education_level' accuracy: 0.9998
2026-04-24 23:06:53,960 [INFO] pcrl.training.trainer:   Auditor 'race' accuracy: 0.6533
2026-04-24 23:06:53,960 [INFO] pcrl.training.trainer:   Auditor 'sex' accuracy: 0.7343
2026-04-24 23:06:53,960 [INFO] pcrl.training.trainer:   Auditor 'age_group' accuracy: 0.7105
2026-04-24 23:06:53,960 [INFO] pcrl.training.trainer:   Auditor 'marital_status' accuracy: 0.7610
2026-04-24 23:06:53,960 [INFO] pcrl.training.trainer:   Auditor 'income' accuracy: 0.7864
2026-04-24 23:06:54,959 [INFO] pcrl.training.trainer: [VAL] Epoch 73 - Loss: 0.4519, Task: 0.4519, Adv: 4.9421, Verify: 0.0000, Time: 1.0s
2026-04-24 23:06:54,959 [INFO] pcrl.training.trainer:   Task 'income' accuracy: 0.7902
2026-04-24 23:06:54,960 [INFO] pcrl.training.trainer:   Task 'hours_band' accuracy: 0.9982
2026-04-24 23:06:54,960 [INFO] pcrl.training.trainer:   Task 'education_level' accuracy: 1.0000
2026-04-24 23:06:54,960 [INFO] pcrl.training.trainer:   Auditor 'race' accuracy: 0.6937
2026-04-24 23:06:54,960 [INFO] pcrl.training.trainer:   Auditor 'sex' accuracy: 0.7943
2026-04-24 23:06:54,960 [INFO] pcrl.training.trainer:   Auditor 'age_group' accuracy: 0.7652
2026-04-24 23:06:54,960 [INFO] pcrl.training.trainer:   Auditor 'marital_status' accuracy: 0.7927
2026-04-24 23:06:54,960 [INFO] pcrl.training.trainer:   Auditor 'income' accuracy: 0.7897
2026-04-24 23:06:56,644 [INFO] pcrl.training.trainer: Epoch 74 [50/612] Loss: 0.5044 Task: 0.5044 Adv: -5.5300 Verify: 0.0000
2026-04-24 23:06:58,335 [INFO] pcrl.training.trainer: Epoch 74 [100/612] Loss: 0.4565 Task: 0.4565 Adv: -5.3827 Verify: 0.0000
2026-04-24 23:07:00,022 [INFO] pcrl.training.trainer: Epoch 74 [150/612] Loss: 0.4553 Task: 0.4553 Adv: -5.5239 Verify: 0.0000
2026-04-24 23:07:01,816 [INFO] pcrl.training.trainer: Epoch 74 [200/612] Loss: 0.4394 Task: 0.4394 Adv: -5.5958 Verify: 0.0000
2026-04-24 23:07:03,520 [INFO] pcrl.training.trainer: Epoch 74 [250/612] Loss: 0.4625 Task: 0.4625 Adv: -5.4918 Verify: 0.0000
2026-04-24 23:07:05,256 [INFO] pcrl.training.trainer: Epoch 74 [300/612] Loss: 0.5041 Task: 0.5041 Adv: -5.5270 Verify: 0.0000
2026-04-24 23:07:07,038 [INFO] pcrl.training.trainer: Epoch 74 [350/612] Loss: 0.4948 Task: 0.4948 Adv: -5.3865 Verify: 0.0000
2026-04-24 23:07:08,997 [INFO] pcrl.training.trainer: Epoch 74 [400/612] Loss: 0.4789 Task: 0.4789 Adv: -5.3942 Verify: 0.0000
2026-04-24 23:07:10,758 [INFO] pcrl.training.trainer: Epoch 74 [450/612] Loss: 0.4339 Task: 0.4339 Adv: -5.4710 Verify: 0.0000
2026-04-24 23:07:12,671 [INFO] pcrl.training.trainer: Epoch 74 [500/612] Loss: 0.4621 Task: 0.4621 Adv: -5.4572 Verify: 0.0000
2026-04-24 23:07:14,434 [INFO] pcrl.training.trainer: Epoch 74 [550/612] Loss: 0.4189 Task: 0.4189 Adv: -5.6244 Verify: 0.0000
2026-04-24 23:07:16,354 [INFO] pcrl.training.trainer: Epoch 74 [600/612] Loss: 0.5264 Task: 0.5264 Adv: -5.5722 Verify: 0.0000
2026-04-24 23:07:16,789 [INFO] pcrl.training.trainer: [TRAIN] Epoch 74 - Loss: 0.4831, Task: 0.4831, Adv: -5.4963, Verify: 0.0000, Time: 21.8s
2026-04-24 23:07:16,789 [INFO] pcrl.training.trainer:   Task 'income' accuracy: 0.7869
2026-04-24 23:07:16,789 [INFO] pcrl.training.trainer:   Task 'hours_band' accuracy: 0.9872
2026-04-24 23:07:16,789 [INFO] pcrl.training.trainer:   Task 'education_level' accuracy: 0.9998
2026-04-24 23:07:16,789 [INFO] pcrl.training.trainer:   Auditor 'race' accuracy: 0.6527
2026-04-24 23:07:16,789 [INFO] pcrl.training.trainer:   Auditor 'sex' accuracy: 0.7328
2026-04-24 23:07:16,789 [INFO] pcrl.training.trainer:   Auditor 'age_group' accuracy: 0.7121
2026-04-24 23:07:16,789 [INFO] pcrl.training.trainer:   Auditor 'marital_status' accuracy: 0.7596
2026-04-24 23:07:16,789 [INFO] pcrl.training.trainer:   Auditor 'income' accuracy: 0.7876
2026-04-24 23:07:17,830 [INFO] pcrl.training.trainer: [VAL] Epoch 74 - Loss: 0.4850, Task: 0.4850, Adv: 4.9500, Verify: 0.0000, Time: 1.0s
2026-04-24 23:07:17,830 [INFO] pcrl.training.trainer:   Task 'income' accuracy: 0.7892
2026-04-24 23:07:17,831 [INFO] pcrl.training.trainer:   Task 'hours_band' accuracy: 0.9780
2026-04-24 23:07:17,831 [INFO] pcrl.training.trainer:   Task 'education_level' accuracy: 1.0000
2026-04-24 23:07:17,831 [INFO] pcrl.training.trainer:   Auditor 'race' accuracy: 0.6818
2026-04-24 23:07:17,831 [INFO] pcrl.training.trainer:   Auditor 'sex' accuracy: 0.8105
2026-04-24 23:07:17,831 [INFO] pcrl.training.trainer:   Auditor 'age_group' accuracy: 0.7456
2026-04-24 23:07:17,831 [INFO] pcrl.training.trainer:   Auditor 'marital_status' accuracy: 0.7922
2026-04-24 23:07:17,831 [INFO] pcrl.training.trainer:   Auditor 'income' accuracy: 0.7890
2026-04-24 23:07:19,800 [INFO] pcrl.training.trainer: Epoch 75 [50/612] Loss: 0.4867 Task: 0.4867 Adv: -5.4235 Verify: 0.0000
2026-04-24 23:07:21,600 [INFO] pcrl.training.trainer: Epoch 75 [100/612] Loss: 0.4499 Task: 0.4499 Adv: -5.3908 Verify: 0.0000
2026-04-24 23:07:23,542 [INFO] pcrl.training.trainer: Epoch 75 [150/612] Loss: 0.5523 Task: 0.5523 Adv: -5.5470 Verify: 0.0000
2026-04-24 23:07:25,301 [INFO] pcrl.training.trainer: Epoch 75 [200/612] Loss: 0.4754 Task: 0.4754 Adv: -5.5915 Verify: 0.0000
2026-04-24 23:07:27,075 [INFO] pcrl.training.trainer: Epoch 75 [250/612] Loss: 0.5198 Task: 0.5198 Adv: -5.5280 Verify: 0.0000
2026-04-24 23:07:28,840 [INFO] pcrl.training.trainer: Epoch 75 [300/612] Loss: 0.4223 Task: 0.4223 Adv: -5.6280 Verify: 0.0000
2026-04-24 23:07:30,576 [INFO] pcrl.training.trainer: Epoch 75 [350/612] Loss: 0.4769 Task: 0.4769 Adv: -5.5173 Verify: 0.0000
2026-04-24 23:07:32,282 [INFO] pcrl.training.trainer: Epoch 75 [400/612] Loss: 0.4351 Task: 0.4351 Adv: -5.5207 Verify: 0.0000
2026-04-24 23:07:33,996 [INFO] pcrl.training.trainer: Epoch 75 [450/612] Loss: 0.5383 Task: 0.5383 Adv: -5.5313 Verify: 0.0000
2026-04-24 23:07:35,830 [INFO] pcrl.training.trainer: Epoch 75 [500/612] Loss: 0.5550 Task: 0.5550 Adv: -5.3098 Verify: 0.0000
2026-04-24 23:07:37,496 [INFO] pcrl.training.trainer: Epoch 75 [550/612] Loss: 0.4679 Task: 0.4679 Adv: -5.4326 Verify: 0.0000
2026-04-24 23:07:39,186 [INFO] pcrl.training.trainer: Epoch 75 [600/612] Loss: 0.4926 Task: 0.4926 Adv: -5.3215 Verify: 0.0000
2026-04-24 23:07:39,593 [INFO] pcrl.training.trainer: [TRAIN] Epoch 75 - Loss: 0.4843, Task: 0.4843, Adv: -5.4926, Verify: 0.0000, Time: 21.8s
2026-04-24 23:07:39,593 [INFO] pcrl.training.trainer:   Task 'income' accuracy: 0.7870
2026-04-24 23:07:39,593 [INFO] pcrl.training.trainer:   Task 'hours_band' accuracy: 0.9868
2026-04-24 23:07:39,593 [INFO] pcrl.training.trainer:   Task 'education_level' accuracy: 0.9998
2026-04-24 23:07:39,593 [INFO] pcrl.training.trainer:   Auditor 'race' accuracy: 0.6534
2026-04-24 23:07:39,593 [INFO] pcrl.training.trainer:   Auditor 'sex' accuracy: 0.7359
2026-04-24 23:07:39,593 [INFO] pcrl.training.trainer:   Auditor 'age_group' accuracy: 0.7100
2026-04-24 23:07:39,593 [INFO] pcrl.training.trainer:   Auditor 'marital_status' accuracy: 0.7603
2026-04-24 23:07:39,593 [INFO] pcrl.training.trainer:   Auditor 'income' accuracy: 0.7866
2026-04-24 23:07:40,731 [INFO] pcrl.training.trainer: [VAL] Epoch 75 - Loss: 0.4607, Task: 0.4607, Adv: 4.9841, Verify: 0.0000, Time: 1.1s
2026-04-24 23:07:40,731 [INFO] pcrl.training.trainer:   Task 'income' accuracy: 0.7892
2026-04-24 23:07:40,731 [INFO] pcrl.training.trainer:   Task 'hours_band' accuracy: 0.9913
2026-04-24 23:07:40,731 [INFO] pcrl.training.trainer:   Task 'education_level' accuracy: 1.0000
2026-04-24 23:07:40,731 [INFO] pcrl.training.trainer:   Auditor 'race' accuracy: 0.6902
2026-04-24 23:07:40,731 [INFO] pcrl.training.trainer:   Auditor 'sex' accuracy: 0.7674
2026-04-24 23:07:40,731 [INFO] pcrl.training.trainer:   Auditor 'age_group' accuracy: 0.7274
2026-04-24 23:07:40,731 [INFO] pcrl.training.trainer:   Auditor 'marital_status' accuracy: 0.7781
2026-04-24 23:07:40,731 [INFO] pcrl.training.trainer:   Auditor 'income' accuracy: 0.7906
2026-04-24 23:07:42,454 [INFO] pcrl.training.trainer: Epoch 76 [50/612] Loss: 0.4682 Task: 0.4682 Adv: -5.4669 Verify: 0.0000
2026-04-24 23:07:44,149 [INFO] pcrl.training.trainer: Epoch 76 [100/612] Loss: 0.4641 Task: 0.4641 Adv: -5.5481 Verify: 0.0000
2026-04-24 23:07:45,871 [INFO] pcrl.training.trainer: Epoch 76 [150/612] Loss: 0.4964 Task: 0.4964 Adv: -5.6336 Verify: 0.0000
2026-04-24 23:07:47,592 [INFO] pcrl.training.trainer: Epoch 76 [200/612] Loss: 0.4681 Task: 0.4681 Adv: -5.6386 Verify: 0.0000
2026-04-24 23:07:49,302 [INFO] pcrl.training.trainer: Epoch 76 [250/612] Loss: 0.4407 Task: 0.4407 Adv: -5.5592 Verify: 0.0000
2026-04-24 23:07:51,018 [INFO] pcrl.training.trainer: Epoch 76 [300/612] Loss: 0.4639 Task: 0.4639 Adv: -5.5115 Verify: 0.0000
2026-04-24 23:07:52,908 [INFO] pcrl.training.trainer: Epoch 76 [350/612] Loss: 0.4661 Task: 0.4661 Adv: -5.4344 Verify: 0.0000
2026-04-24 23:07:54,669 [INFO] pcrl.training.trainer: Epoch 76 [400/612] Loss: 0.4363 Task: 0.4363 Adv: -5.4929 Verify: 0.0000
2026-04-24 23:07:56,447 [INFO] pcrl.training.trainer: Epoch 76 [450/612] Loss: 0.4929 Task: 0.4929 Adv: -5.3305 Verify: 0.0000
2026-04-24 23:07:58,371 [INFO] pcrl.training.trainer: Epoch 76 [500/612] Loss: 0.4423 Task: 0.4423 Adv: -5.5319 Verify: 0.0000
2026-04-24 23:08:00,157 [INFO] pcrl.training.trainer: Epoch 76 [550/612] Loss: 0.4373 Task: 0.4373 Adv: -5.5986 Verify: 0.0000
2026-04-24 23:08:01,923 [INFO] pcrl.training.trainer: Epoch 76 [600/612] Loss: 0.4722 Task: 0.4722 Adv: -5.5730 Verify: 0.0000
2026-04-24 23:08:02,353 [INFO] pcrl.training.trainer: [TRAIN] Epoch 76 - Loss: 0.4840, Task: 0.4840, Adv: -5.4913, Verify: 0.0000, Time: 21.6s
2026-04-24 23:08:02,353 [INFO] pcrl.training.trainer:   Task 'income' accuracy: 0.7870
2026-04-24 23:08:02,353 [INFO] pcrl.training.trainer:   Task 'hours_band' accuracy: 0.9868
2026-04-24 23:08:02,353 [INFO] pcrl.training.trainer:   Task 'education_level' accuracy: 0.9998
2026-04-24 23:08:02,354 [INFO] pcrl.training.trainer:   Auditor 'race' accuracy: 0.6553
2026-04-24 23:08:02,354 [INFO] pcrl.training.trainer:   Auditor 'sex' accuracy: 0.7355
2026-04-24 23:08:02,354 [INFO] pcrl.training.trainer:   Auditor 'age_group' accuracy: 0.7116
2026-04-24 23:08:02,354 [INFO] pcrl.training.trainer:   Auditor 'marital_status' accuracy: 0.7579
2026-04-24 23:08:02,354 [INFO] pcrl.training.trainer:   Auditor 'income' accuracy: 0.7873
2026-04-24 23:08:03,521 [INFO] pcrl.training.trainer: [VAL] Epoch 76 - Loss: 0.4591, Task: 0.4591, Adv: 5.0591, Verify: 0.0000, Time: 1.2s
2026-04-24 23:08:03,521 [INFO] pcrl.training.trainer:   Task 'income' accuracy: 0.7906
2026-04-24 23:08:03,521 [INFO] pcrl.training.trainer:   Task 'hours_band' accuracy: 0.9919
2026-04-24 23:08:03,521 [INFO] pcrl.training.trainer:   Task 'education_level' accuracy: 1.0000
2026-04-24 23:08:03,521 [INFO] pcrl.training.trainer:   Auditor 'race' accuracy: 0.6651
2026-04-24 23:08:03,521 [INFO] pcrl.training.trainer:   Auditor 'sex' accuracy: 0.7744
2026-04-24 23:08:03,521 [INFO] pcrl.training.trainer:   Auditor 'age_group' accuracy: 0.7560
2026-04-24 23:08:03,521 [INFO] pcrl.training.trainer:   Auditor 'marital_status' accuracy: 0.8005
2026-04-24 23:08:03,521 [INFO] pcrl.training.trainer:   Auditor 'income' accuracy: 0.7900
2026-04-24 23:08:03,521 [INFO] pcrl.training.trainer: Early stopping at epoch 76
2026-04-24 23:08:03,561 [INFO] pcrl.training.trainer: Saved checkpoint to /home/ubuntu/PCRL/checkpoints/folktables_std_s0/final.pt
2026-04-24 23:08:03,561 [INFO] pcrl.training.trainer: Training complete!
2026-04-24 23:31:32,705 [INFO] __main__: Saved /home/ubuntu/PCRL/results/folktables/baselines.csv (8 rows)
2026-04-24 23:31:32,706 [INFO] __main__: ═══ LAFTR (λ=25) seed=0 ═══
2026-04-24 23:31:32,763 [INFO] pcrl.training.trainer: ============================================================
2026-04-24 23:31:32,763 [INFO] pcrl.training.trainer: Starting PCRL Training
2026-04-24 23:31:32,763 [INFO] pcrl.training.trainer: ============================================================
2026-04-24 23:31:32,763 [INFO] pcrl.training.trainer: Epochs: 200
2026-04-24 23:31:32,763 [INFO] pcrl.training.trainer: Batch size: 256
2026-04-24 23:31:32,763 [INFO] pcrl.training.trainer: Lambda adversarial: 25.0
2026-04-24 23:31:32,763 [INFO] pcrl.training.trainer: Auditor steps per encoder step: 10
2026-04-24 23:31:32,763 [INFO] pcrl.training.trainer: Purposes: ['income_prediction', 'employment_analysis', 'education_assessment']
2026-04-24 23:31:32,763 [INFO] pcrl.training.trainer: ============================================================
2026-04-24 23:31:39,726 [INFO] pcrl.training.trainer: Epoch 0 [50/612] Loss: -84.2866 Task: 3.3930 Adv: -5.9287 Verify: 2.4215
2026-04-24 23:31:46,506 [INFO] pcrl.training.trainer: Epoch 0 [100/612] Loss: -76.3191 Task: 2.9265 Adv: -5.3448 Verify: 2.1750
2026-04-24 23:31:53,327 [INFO] pcrl.training.trainer: Epoch 0 [150/612] Loss: -84.0598 Task: 2.6624 Adv: -5.6271 Verify: 2.1582
2026-04-24 23:32:00,164 [INFO] pcrl.training.trainer: Epoch 0 [200/612] Loss: -95.0930 Task: 2.4828 Adv: -6.0058 Verify: 2.1027
2026-04-24 23:32:07,033 [INFO] pcrl.training.trainer: Epoch 0 [250/612] Loss: -100.9814 Task: 2.3430 Adv: -6.3128 Verify: 2.1798
2026-04-24 23:32:13,921 [INFO] pcrl.training.trainer: Epoch 0 [300/612] Loss: -99.3965 Task: 2.2700 Adv: -6.1309 Verify: 2.0643
2026-04-24 23:32:20,809 [INFO] pcrl.training.trainer: Epoch 0 [350/612] Loss: -105.0781 Task: 2.2522 Adv: -6.4567 Verify: 2.1635
2026-04-24 23:32:27,855 [INFO] pcrl.training.trainer: Epoch 0 [400/612] Loss: -97.4038 Task: 2.2833 Adv: -6.1451 Verify: 2.1577
2026-04-24 23:32:34,618 [INFO] pcrl.training.trainer: Epoch 0 [450/612] Loss: -100.8066 Task: 2.1760 Adv: -6.1170 Verify: 1.9977
2026-04-24 23:32:41,378 [INFO] pcrl.training.trainer: Epoch 0 [500/612] Loss: -101.2258 Task: 2.1391 Adv: -6.2571 Verify: 2.1225
2026-04-24 23:32:48,232 [INFO] pcrl.training.trainer: Epoch 0 [550/612] Loss: -114.4348 Task: 2.0872 Adv: -6.7945 Verify: 2.1336
2026-04-24 23:32:54,904 [INFO] pcrl.training.trainer: Epoch 0 [600/612] Loss: -108.8850 Task: 2.0507 Adv: -6.6073 Verify: 2.1698
2026-04-24 23:32:56,532 [INFO] pcrl.training.trainer: [TRAIN] Epoch 0 - Loss: -94.4913, Task: 2.4748, Adv: -6.0988, Verify: 2.2201, Time: 83.8s
2026-04-24 23:32:56,532 [INFO] pcrl.training.trainer:   Task 'income' accuracy: 0.5767
2026-04-24 23:32:56,532 [INFO] pcrl.training.trainer:   Task 'hours_band' accuracy: 0.6186
2026-04-24 23:32:56,532 [INFO] pcrl.training.trainer:   Task 'education_level' accuracy: 0.6700
2026-04-24 23:32:56,532 [INFO] pcrl.training.trainer:   Auditor 'race' accuracy: 0.6345
2026-04-24 23:32:56,532 [INFO] pcrl.training.trainer:   Auditor 'sex' accuracy: 0.6641
2026-04-24 23:32:56,532 [INFO] pcrl.training.trainer:   Auditor 'age_group' accuracy: 0.5516
2026-04-24 23:32:56,532 [INFO] pcrl.training.trainer:   Auditor 'marital_status' accuracy: 0.6902
2026-04-24 23:32:56,532 [INFO] pcrl.training.trainer:   Auditor 'income' accuracy: 0.6552
2026-04-24 23:32:57,561 [INFO] pcrl.training.trainer: [VAL] Epoch 0 - Loss: 165.9983, Task: 1.6684, Adv: 6.5732, Verify: 0.0000, Time: 1.0s
2026-04-24 23:32:57,561 [INFO] pcrl.training.trainer:   Task 'income' accuracy: 0.6340
2026-04-24 23:32:57,561 [INFO] pcrl.training.trainer:   Task 'hours_band' accuracy: 0.7746
2026-04-24 23:32:57,561 [INFO] pcrl.training.trainer:   Task 'education_level' accuracy: 0.8977
2026-04-24 23:32:57,561 [INFO] pcrl.training.trainer:   Auditor 'race' accuracy: 0.6379
2026-04-24 23:32:57,561 [INFO] pcrl.training.trainer:   Auditor 'sex' accuracy: 0.7264
2026-04-24 23:32:57,561 [INFO] pcrl.training.trainer:   Auditor 'age_group' accuracy: 0.4918
2026-04-24 23:32:57,561 [INFO] pcrl.training.trainer:   Auditor 'marital_status' accuracy: 0.7537
2026-04-24 23:32:57,561 [INFO] pcrl.training.trainer:   Auditor 'income' accuracy: 0.6372
2026-04-24 23:32:57,600 [INFO] pcrl.training.trainer: Saved checkpoint to /home/ubuntu/PCRL/checkpoints/folktables_laftr_s0_lam25/best.pt
2026-04-24 23:33:04,699 [INFO] pcrl.training.trainer: Epoch 1 [50/612] Loss: -109.0254 Task: 2.1346 Adv: -6.4959 Verify: 2.0495
2026-04-24 23:33:11,449 [INFO] pcrl.training.trainer: Epoch 1 [100/612] Loss: -117.4264 Task: 2.1005 Adv: -6.7559 Verify: 1.9749
2026-04-24 23:33:18,286 [INFO] pcrl.training.trainer: Epoch 1 [150/612] Loss: -120.8855 Task: 1.9223 Adv: -6.8920 Verify: 1.9797
2026-04-24 23:33:25,020 [INFO] pcrl.training.trainer: Epoch 1 [200/612] Loss: -117.5584 Task: 2.0105 Adv: -6.7983 Verify: 2.0155
2026-04-24 23:33:32,134 [INFO] pcrl.training.trainer: Epoch 1 [250/612] Loss: -115.9912 Task: 2.0874 Adv: -6.7372 Verify: 2.0141
2026-04-24 23:33:39,137 [INFO] pcrl.training.trainer: Epoch 1 [300/612] Loss: -115.8875 Task: 2.1236 Adv: -6.8767 Verify: 2.1562
2026-04-24 23:33:46,132 [INFO] pcrl.training.trainer: Epoch 1 [350/612] Loss: -122.9976 Task: 1.9841 Adv: -7.0910 Verify: 2.0917
2026-04-24 23:33:52,877 [INFO] pcrl.training.trainer: Epoch 1 [400/612] Loss: -116.2636 Task: 2.0668 Adv: -6.9264 Verify: 2.1932
2026-04-24 23:33:59,693 [INFO] pcrl.training.trainer: Epoch 1 [450/612] Loss: -114.8265 Task: 2.1173 Adv: -6.8004 Verify: 2.1226
2026-04-24 23:34:06,449 [INFO] pcrl.training.trainer: Epoch 1 [500/612] Loss: -118.2394 Task: 2.0597 Adv: -6.8485 Verify: 2.0365
2026-04-24 23:34:13,268 [INFO] pcrl.training.trainer: Epoch 1 [550/612] Loss: -126.4704 Task: 1.9973 Adv: -7.0747 Verify: 1.9360
2026-04-24 23:34:20,048 [INFO] pcrl.training.trainer: Epoch 1 [600/612] Loss: -123.2793 Task: 2.1316 Adv: -6.9992 Verify: 1.9828
2026-04-24 23:34:21,663 [INFO] pcrl.training.trainer: [TRAIN] Epoch 1 - Loss: -115.8319, Task: 2.0227, Adv: -6.7826, Verify: 2.0684, Time: 84.1s
2026-04-24 23:34:21,663 [INFO] pcrl.training.trainer:   Task 'income' accuracy: 0.6144
2026-04-24 23:34:21,663 [INFO] pcrl.training.trainer:   Task 'hours_band' accuracy: 0.7429
2026-04-24 23:34:21,663 [INFO] pcrl.training.trainer:   Task 'education_level' accuracy: 0.6935
2026-04-24 23:34:21,663 [INFO] pcrl.training.trainer:   Auditor 'race' accuracy: 0.6211
2026-04-24 23:34:21,663 [INFO] pcrl.training.trainer:   Auditor 'sex' accuracy: 0.6102
2026-04-24 23:34:21,663 [INFO] pcrl.training.trainer:   Auditor 'age_group' accuracy: 0.4844
2026-04-24 23:34:21,663 [INFO] pcrl.training.trainer:   Auditor 'marital_status' accuracy: 0.6164
2026-04-24 23:34:21,663 [INFO] pcrl.training.trainer:   Auditor 'income' accuracy: 0.6475
2026-04-24 23:34:22,671 [INFO] pcrl.training.trainer: [VAL] Epoch 1 - Loss: 184.8182, Task: 1.8837, Adv: 7.3174, Verify: 0.0000, Time: 1.0s
2026-04-24 23:34:22,671 [INFO] pcrl.training.trainer:   Task 'income' accuracy: 0.6442
2026-04-24 23:34:22,672 [INFO] pcrl.training.trainer:   Task 'hours_band' accuracy: 0.8221
2026-04-24 23:34:22,672 [INFO] pcrl.training.trainer:   Task 'education_level' accuracy: 0.7234
2026-04-24 23:34:22,672 [INFO] pcrl.training.trainer:   Auditor 'race' accuracy: 0.5731
2026-04-24 23:34:22,672 [INFO] pcrl.training.trainer:   Auditor 'sex' accuracy: 0.6396
2026-04-24 23:34:22,672 [INFO] pcrl.training.trainer:   Auditor 'age_group' accuracy: 0.4389
2026-04-24 23:34:22,672 [INFO] pcrl.training.trainer:   Auditor 'marital_status' accuracy: 0.5982
2026-04-24 23:34:22,672 [INFO] pcrl.training.trainer:   Auditor 'income' accuracy: 0.6533
2026-04-24 23:34:29,468 [INFO] pcrl.training.trainer: Epoch 2 [50/612] Loss: -118.5145 Task: 2.1091 Adv: -6.7355 Verify: 1.9105
2026-04-24 23:34:36,425 [INFO] pcrl.training.trainer: Epoch 2 [100/612] Loss: -130.8054 Task: 2.2429 Adv: -7.2735 Verify: 1.9516
2026-04-24 23:34:43,263 [INFO] pcrl.training.trainer: Epoch 2 [150/612] Loss: -126.3397 Task: 2.1971 Adv: -7.1239 Verify: 1.9824
2026-04-24 23:34:50,083 [INFO] pcrl.training.trainer: Epoch 2 [200/612] Loss: -129.9854 Task: 2.0939 Adv: -7.2713 Verify: 1.9881
2026-04-24 23:34:56,835 [INFO] pcrl.training.trainer: Epoch 2 [250/612] Loss: -135.8719 Task: 2.2783 Adv: -7.5731 Verify: 2.0471
2026-04-24 23:35:03,582 [INFO] pcrl.training.trainer: Epoch 2 [300/612] Loss: -130.8797 Task: 2.1974 Adv: -7.3887 Verify: 2.0656
2026-04-24 23:35:10,180 [INFO] pcrl.training.trainer: Epoch 2 [350/612] Loss: -129.3240 Task: 2.2530 Adv: -7.1380 Verify: 1.8749
2026-04-24 23:35:16,943 [INFO] pcrl.training.trainer: Epoch 2 [400/612] Loss: -129.9737 Task: 2.2404 Adv: -7.1091 Verify: 1.8205
2026-04-24 23:35:23,835 [INFO] pcrl.training.trainer: Epoch 2 [450/612] Loss: -133.6868 Task: 2.3405 Adv: -7.4049 Verify: 1.9638
2026-04-24 23:35:30,764 [INFO] pcrl.training.trainer: Epoch 2 [500/612] Loss: -124.6706 Task: 2.5079 Adv: -7.0023 Verify: 1.9151
2026-04-24 23:35:37,650 [INFO] pcrl.training.trainer: Epoch 2 [550/612] Loss: -141.6890 Task: 2.5727 Adv: -7.5551 Verify: 1.7846
2026-04-24 23:35:44,538 [INFO] pcrl.training.trainer: Epoch 2 [600/612] Loss: -134.5255 Task: 2.5872 Adv: -7.3765 Verify: 1.8919
2026-04-24 23:35:46,171 [INFO] pcrl.training.trainer: [TRAIN] Epoch 2 - Loss: -130.0980, Task: 2.3279, Adv: -7.2257, Verify: 1.9287, Time: 83.5s
2026-04-24 23:35:46,171 [INFO] pcrl.training.trainer:   Task 'income' accuracy: 0.6235
2026-04-24 23:35:46,172 [INFO] pcrl.training.trainer:   Task 'hours_band' accuracy: 0.7652
2026-04-24 23:35:46,172 [INFO] pcrl.training.trainer:   Task 'education_level' accuracy: 0.5305
2026-04-24 23:35:46,172 [INFO] pcrl.training.trainer:   Auditor 'race' accuracy: 0.6179
2026-04-24 23:35:46,172 [INFO] pcrl.training.trainer:   Auditor 'sex' accuracy: 0.5632
2026-04-24 23:35:46,172 [INFO] pcrl.training.trainer:   Auditor 'age_group' accuracy: 0.4389
2026-04-24 23:35:46,172 [INFO] pcrl.training.trainer:   Auditor 'marital_status' accuracy: 0.5532
2026-04-24 23:35:46,172 [INFO] pcrl.training.trainer:   Auditor 'income' accuracy: 0.6305
2026-04-24 23:35:47,203 [INFO] pcrl.training.trainer: [VAL] Epoch 2 - Loss: 187.4284, Task: 2.6066, Adv: 7.3929, Verify: 0.0000, Time: 1.0s
2026-04-24 23:35:47,204 [INFO] pcrl.training.trainer:   Task 'income' accuracy: 0.6303
2026-04-24 23:35:47,204 [INFO] pcrl.training.trainer:   Task 'hours_band' accuracy: 0.6856
2026-04-24 23:35:47,204 [INFO] pcrl.training.trainer:   Task 'education_level' accuracy: 0.4466
2026-04-24 23:35:47,204 [INFO] pcrl.training.trainer:   Auditor 'race' accuracy: 0.6201
2026-04-24 23:35:47,204 [INFO] pcrl.training.trainer:   Auditor 'sex' accuracy: 0.5287
2026-04-24 23:35:47,204 [INFO] pcrl.training.trainer:   Auditor 'age_group' accuracy: 0.4137
2026-04-24 23:35:47,204 [INFO] pcrl.training.trainer:   Auditor 'marital_status' accuracy: 0.5301
2026-04-24 23:35:47,204 [INFO] pcrl.training.trainer:   Auditor 'income' accuracy: 0.6255
2026-04-24 23:35:54,028 [INFO] pcrl.training.trainer: Epoch 3 [50/612] Loss: -130.5644 Task: 2.8085 Adv: -7.1915 Verify: 1.8566
2026-04-24 23:36:00,804 [INFO] pcrl.training.trainer: Epoch 3 [100/612] Loss: -132.3652 Task: 2.6300 Adv: -7.2648 Verify: 1.8650
2026-04-24 23:36:07,687 [INFO] pcrl.training.trainer: Epoch 3 [150/612] Loss: -135.3740 Task: 2.6686 Adv: -7.2391 Verify: 1.7174
2026-04-24 23:36:14,432 [INFO] pcrl.training.trainer: Epoch 3 [200/612] Loss: -160.5061 Task: 2.7557 Adv: -7.2945 Verify: 0.7640
2026-04-24 23:36:21,227 [INFO] pcrl.training.trainer: Epoch 3 [250/612] Loss: -156.1460 Task: 2.7718 Adv: -7.5398 Verify: 1.1831
2026-04-24 23:36:27,935 [INFO] pcrl.training.trainer: Epoch 3 [300/612] Loss: -156.7291 Task: 2.8641 Adv: -7.4639 Verify: 1.0801
2026-04-24 23:36:35,352 [INFO] pcrl.training.trainer: Epoch 3 [350/612] Loss: -159.9278 Task: 2.8777 Adv: -7.4988 Verify: 0.9866
2026-04-24 23:36:42,802 [INFO] pcrl.training.trainer: Epoch 3 [400/612] Loss: -160.8240 Task: 2.9430 Adv: -7.3141 Verify: 0.7634
2026-04-24 23:36:50,052 [INFO] pcrl.training.trainer: Epoch 3 [450/612] Loss: -165.1468 Task: 2.9464 Adv: -7.3939 Verify: 0.6701
2026-04-24 23:36:56,733 [INFO] pcrl.training.trainer: Epoch 3 [500/612] Loss: -164.6729 Task: 3.0157 Adv: -7.4661 Verify: 0.7585
2026-04-24 23:37:03,561 [INFO] pcrl.training.trainer: Epoch 3 [550/612] Loss: -170.9119 Task: 2.9567 Adv: -7.3741 Verify: 0.4193
2026-04-24 23:37:10,489 [INFO] pcrl.training.trainer: Epoch 3 [600/612] Loss: -172.5519 Task: 3.0389 Adv: -7.4300 Verify: 0.4063
2026-04-24 23:37:12,157 [INFO] pcrl.training.trainer: [TRAIN] Epoch 3 - Loss: -154.2515, Task: 2.8422, Adv: -7.4131, Verify: 1.1293, Time: 85.0s
2026-04-24 23:37:12,157 [INFO] pcrl.training.trainer:   Task 'income' accuracy: 0.6199
2026-04-24 23:37:12,157 [INFO] pcrl.training.trainer:   Task 'hours_band' accuracy: 0.6646
2026-04-24 23:37:12,157 [INFO] pcrl.training.trainer:   Task 'education_level' accuracy: 0.3885
2026-04-24 23:37:12,157 [INFO] pcrl.training.trainer:   Auditor 'race' accuracy: 0.6184
2026-04-24 23:37:12,157 [INFO] pcrl.training.trainer:   Auditor 'sex' accuracy: 0.5354
2026-04-24 23:37:12,157 [INFO] pcrl.training.trainer:   Auditor 'age_group' accuracy: 0.4184
2026-04-24 23:37:12,157 [INFO] pcrl.training.trainer:   Auditor 'marital_status' accuracy: 0.5268
2026-04-24 23:37:12,157 [INFO] pcrl.training.trainer:   Auditor 'income' accuracy: 0.6233
2026-04-24 23:37:13,193 [INFO] pcrl.training.trainer: [VAL] Epoch 3 - Loss: 191.4345, Task: 2.9600, Adv: 7.5390, Verify: 0.0000, Time: 1.0s
2026-04-24 23:37:13,193 [INFO] pcrl.training.trainer:   Task 'income' accuracy: 0.6002
2026-04-24 23:37:13,193 [INFO] pcrl.training.trainer:   Task 'hours_band' accuracy: 0.6345
2026-04-24 23:37:13,193 [INFO] pcrl.training.trainer:   Task 'education_level' accuracy: 0.3862
2026-04-24 23:37:13,193 [INFO] pcrl.training.trainer:   Auditor 'race' accuracy: 0.6201
2026-04-24 23:37:13,193 [INFO] pcrl.training.trainer:   Auditor 'sex' accuracy: 0.5278
2026-04-24 23:37:13,193 [INFO] pcrl.training.trainer:   Auditor 'age_group' accuracy: 0.4141
2026-04-24 23:37:13,193 [INFO] pcrl.training.trainer:   Auditor 'marital_status' accuracy: 0.5266
2026-04-24 23:37:13,193 [INFO] pcrl.training.trainer:   Auditor 'income' accuracy: 0.6055
2026-04-24 23:37:20,349 [INFO] pcrl.training.trainer: Epoch 4 [50/612] Loss: -176.5391 Task: 3.0248 Adv: -7.4463 Verify: 0.2638
2026-04-24 23:37:27,253 [INFO] pcrl.training.trainer: Epoch 4 [100/612] Loss: -174.1640 Task: 3.0561 Adv: -7.4702 Verify: 0.3813
2026-04-24 23:37:34,242 [INFO] pcrl.training.trainer: Epoch 4 [150/612] Loss: -178.9964 Task: 3.0028 Adv: -7.5624 Verify: 0.2824
2026-04-24 23:37:41,101 [INFO] pcrl.training.trainer: Epoch 4 [200/612] Loss: -179.3393 Task: 2.9517 Adv: -7.5320 Verify: 0.2403
2026-04-24 23:37:47,902 [INFO] pcrl.training.trainer: Epoch 4 [250/612] Loss: -181.1438 Task: 3.0466 Adv: -7.5000 Verify: 0.1324
2026-04-24 23:37:54,688 [INFO] pcrl.training.trainer: Epoch 4 [300/612] Loss: -177.6936 Task: 3.0694 Adv: -7.5132 Verify: 0.2827
2026-04-24 23:38:01,466 [INFO] pcrl.training.trainer: Epoch 4 [350/612] Loss: -177.7650 Task: 3.0312 Adv: -7.4001 Verify: 0.1683
2026-04-24 23:38:08,256 [INFO] pcrl.training.trainer: Epoch 4 [400/612] Loss: -182.2233 Task: 3.0065 Adv: -7.4623 Verify: 0.0531
2026-04-24 23:38:15,227 [INFO] pcrl.training.trainer: Epoch 4 [450/612] Loss: -183.2594 Task: 3.0422 Adv: -7.5482 Verify: 0.0962
2026-04-24 23:38:22,108 [INFO] pcrl.training.trainer: Epoch 4 [500/612] Loss: -181.1833 Task: 3.0866 Adv: -7.4730 Verify: 0.1022
2026-04-24 23:38:29,065 [INFO] pcrl.training.trainer: Epoch 4 [550/612] Loss: -179.4594 Task: 3.0757 Adv: -7.3850 Verify: 0.0836
2026-04-24 23:38:35,883 [INFO] pcrl.training.trainer: Epoch 4 [600/612] Loss: -181.6465 Task: 3.0303 Adv: -7.4672 Verify: 0.0801
2026-04-24 23:38:37,533 [INFO] pcrl.training.trainer: [TRAIN] Epoch 4 - Loss: -179.0276, Task: 3.0452, Adv: -7.4783, Verify: 0.1953, Time: 84.3s
2026-04-24 23:38:37,533 [INFO] pcrl.training.trainer:   Task 'income' accuracy: 0.5905
2026-04-24 23:38:37,533 [INFO] pcrl.training.trainer:   Task 'hours_band' accuracy: 0.6043
2026-04-24 23:38:37,533 [INFO] pcrl.training.trainer:   Task 'education_level' accuracy: 0.3857
2026-04-24 23:38:37,533 [INFO] pcrl.training.trainer:   Auditor 'race' accuracy: 0.6184
2026-04-24 23:38:37,534 [INFO] pcrl.training.trainer:   Auditor 'sex' accuracy: 0.5305
2026-04-24 23:38:37,534 [INFO] pcrl.training.trainer:   Auditor 'age_group' accuracy: 0.4155
2026-04-24 23:38:37,534 [INFO] pcrl.training.trainer:   Auditor 'marital_status' accuracy: 0.5235
2026-04-24 23:38:37,534 [INFO] pcrl.training.trainer:   Auditor 'income' accuracy: 0.5919
2026-04-24 23:38:38,717 [INFO] pcrl.training.trainer: [VAL] Epoch 4 - Loss: 189.8779, Task: 2.9890, Adv: 7.4756, Verify: 0.0000, Time: 1.2s
2026-04-24 23:38:38,717 [INFO] pcrl.training.trainer:   Task 'income' accuracy: 0.5910
2026-04-24 23:38:38,717 [INFO] pcrl.training.trainer:   Task 'hours_band' accuracy: 0.6269
2026-04-24 23:38:38,717 [INFO] pcrl.training.trainer:   Task 'education_level' accuracy: 0.3879
2026-04-24 23:38:38,717 [INFO] pcrl.training.trainer:   Auditor 'race' accuracy: 0.6201
2026-04-24 23:38:38,717 [INFO] pcrl.training.trainer:   Auditor 'sex' accuracy: 0.5352
2026-04-24 23:38:38,717 [INFO] pcrl.training.trainer:   Auditor 'age_group' accuracy: 0.4141
2026-04-24 23:38:38,717 [INFO] pcrl.training.trainer:   Auditor 'marital_status' accuracy: 0.5266
2026-04-24 23:38:38,717 [INFO] pcrl.training.trainer:   Auditor 'income' accuracy: 0.5910
2026-04-24 23:38:45,529 [INFO] pcrl.training.trainer: Epoch 5 [50/612] Loss: -181.2065 Task: 3.0625 Adv: -7.4174 Verify: 0.0467
2026-04-24 23:38:52,360 [INFO] pcrl.training.trainer: Epoch 5 [100/612] Loss: -184.1879 Task: 2.9986 Adv: -7.5202 Verify: 0.0328
2026-04-24 23:38:59,167 [INFO] pcrl.training.trainer: Epoch 5 [150/612] Loss: -182.8569 Task: 3.0763 Adv: -7.4704 Verify: 0.0331
2026-04-24 23:39:05,964 [INFO] pcrl.training.trainer: Epoch 5 [200/612] Loss: -182.2904 Task: 3.0706 Adv: -7.4458 Verify: 0.0314
2026-04-24 23:39:13,127 [INFO] pcrl.training.trainer: Epoch 5 [250/612] Loss: -181.1626 Task: 2.9935 Adv: -7.4098 Verify: 0.0436
2026-04-24 23:39:20,046 [INFO] pcrl.training.trainer: Epoch 5 [300/612] Loss: -181.5066 Task: 3.0766 Adv: -7.4383 Verify: 0.0550
2026-04-24 23:39:26,864 [INFO] pcrl.training.trainer: Epoch 5 [350/612] Loss: -183.2763 Task: 3.0116 Adv: -7.4865 Verify: 0.0350
2026-04-24 23:39:33,692 [INFO] pcrl.training.trainer: Epoch 5 [400/612] Loss: -181.5520 Task: 2.9486 Adv: -7.4204 Verify: 0.0404
2026-04-24 23:39:40,662 [INFO] pcrl.training.trainer: Epoch 5 [450/612] Loss: -182.7595 Task: 3.0206 Adv: -7.4731 Verify: 0.0419
2026-04-24 23:39:47,403 [INFO] pcrl.training.trainer: Epoch 5 [500/612] Loss: -181.0930 Task: 3.0767 Adv: -7.4122 Verify: 0.0454
2026-04-24 23:39:54,329 [INFO] pcrl.training.trainer: Epoch 5 [550/612] Loss: -180.9520 Task: 2.9193 Adv: -7.4154 Verify: 0.0606
2026-04-24 23:40:01,113 [INFO] pcrl.training.trainer: Epoch 5 [600/612] Loss: -182.4167 Task: 3.0328 Adv: -7.4489 Verify: 0.0309
2026-04-24 23:40:02,764 [INFO] pcrl.training.trainer: [TRAIN] Epoch 5 - Loss: -183.0242, Task: 3.0366, Adv: -7.4836, Verify: 0.0412, Time: 84.0s
2026-04-24 23:40:02,764 [INFO] pcrl.training.trainer:   Task 'income' accuracy: 0.5882
2026-04-24 23:40:02,764 [INFO] pcrl.training.trainer:   Task 'hours_band' accuracy: 0.6061
2026-04-24 23:40:02,764 [INFO] pcrl.training.trainer:   Task 'education_level' accuracy: 0.3869
2026-04-24 23:40:02,764 [INFO] pcrl.training.trainer:   Auditor 'race' accuracy: 0.6184
2026-04-24 23:40:02,764 [INFO] pcrl.training.trainer:   Auditor 'sex' accuracy: 0.5318
2026-04-24 23:40:02,764 [INFO] pcrl.training.trainer:   Auditor 'age_group' accuracy: 0.4156
2026-04-24 23:40:02,764 [INFO] pcrl.training.trainer:   Auditor 'marital_status' accuracy: 0.5235
2026-04-24 23:40:02,764 [INFO] pcrl.training.trainer:   Auditor 'income' accuracy: 0.5883
2026-04-24 23:40:03,945 [INFO] pcrl.training.trainer: [VAL] Epoch 5 - Loss: 189.3830, Task: 2.9419, Adv: 7.4576, Verify: 0.0000, Time: 1.2s
2026-04-24 23:40:03,945 [INFO] pcrl.training.trainer:   Task 'income' accuracy: 0.5910
2026-04-24 23:40:03,945 [INFO] pcrl.training.trainer:   Task 'hours_band' accuracy: 0.6440
2026-04-24 23:40:03,945 [INFO] pcrl.training.trainer:   Task 'education_level' accuracy: 0.3876
2026-04-24 23:40:03,945 [INFO] pcrl.training.trainer:   Auditor 'race' accuracy: 0.6201
2026-04-24 23:40:03,945 [INFO] pcrl.training.trainer:   Auditor 'sex' accuracy: 0.5410
2026-04-24 23:40:03,945 [INFO] pcrl.training.trainer:   Auditor 'age_group' accuracy: 0.4108
2026-04-24 23:40:03,945 [INFO] pcrl.training.trainer:   Auditor 'marital_status' accuracy: 0.5266
2026-04-24 23:40:03,945 [INFO] pcrl.training.trainer:   Auditor 'income' accuracy: 0.5910
2026-04-24 23:40:10,812 [INFO] pcrl.training.trainer: Epoch 6 [50/612] Loss: -183.6178 Task: 3.0138 Adv: -7.4949 Verify: 0.0296
2026-04-24 23:40:17,762 [INFO] pcrl.training.trainer: Epoch 6 [100/612] Loss: -183.3040 Task: 2.9989 Adv: -7.4934 Verify: 0.0413
2026-04-24 23:40:24,569 [INFO] pcrl.training.trainer: Epoch 6 [150/612] Loss: -183.2492 Task: 2.9278 Adv: -7.4868 Verify: 0.0398
2026-04-24 23:40:31,452 [INFO] pcrl.training.trainer: Epoch 6 [200/612] Loss: -184.3603 Task: 2.9761 Adv: -7.5154 Verify: 0.0219
2026-04-24 23:40:38,144 [INFO] pcrl.training.trainer: Epoch 6 [250/612] Loss: -184.1968 Task: 3.1094 Adv: -7.5148 Verify: 0.0225
2026-04-24 23:40:44,851 [INFO] pcrl.training.trainer: Epoch 6 [300/612] Loss: -182.7769 Task: 2.9415 Adv: -7.4481 Verify: 0.0193
2026-04-24 23:40:51,425 [INFO] pcrl.training.trainer: Epoch 6 [350/612] Loss: -183.4466 Task: 2.9251 Adv: -7.4892 Verify: 0.0344
2026-04-24 23:40:58,204 [INFO] pcrl.training.trainer: Epoch 6 [400/612] Loss: -183.3707 Task: 3.0615 Adv: -7.4989 Verify: 0.0416
2026-04-24 23:41:05,103 [INFO] pcrl.training.trainer: Epoch 6 [450/612] Loss: -184.1219 Task: 2.9430 Adv: -7.4964 Verify: 0.0138
2026-04-24 23:41:11,916 [INFO] pcrl.training.trainer: Epoch 6 [500/612] Loss: -184.4304 Task: 2.9225 Adv: -7.5066 Verify: 0.0125
2026-04-24 23:41:18,769 [INFO] pcrl.training.trainer: Epoch 6 [550/612] Loss: -181.4351 Task: 3.0030 Adv: -7.4214 Verify: 0.0439
2026-04-24 23:41:25,662 [INFO] pcrl.training.trainer: Epoch 6 [600/612] Loss: -182.9538 Task: 3.0335 Adv: -7.4603 Verify: 0.0208
2026-04-24 23:41:27,487 [INFO] pcrl.training.trainer: [TRAIN] Epoch 6 - Loss: -183.1374, Task: 3.0007, Adv: -7.4776, Verify: 0.0321, Time: 83.5s
2026-04-24 23:41:27,487 [INFO] pcrl.training.trainer:   Task 'income' accuracy: 0.5887
2026-04-24 23:41:27,487 [INFO] pcrl.training.trainer:   Task 'hours_band' accuracy: 0.6193
2026-04-24 23:41:27,487 [INFO] pcrl.training.trainer:   Task 'education_level' accuracy: 0.3869
2026-04-24 23:41:27,487 [INFO] pcrl.training.trainer:   Auditor 'race' accuracy: 0.6184
2026-04-24 23:41:27,487 [INFO] pcrl.training.trainer:   Auditor 'sex' accuracy: 0.5343
2026-04-24 23:41:27,487 [INFO] pcrl.training.trainer:   Auditor 'age_group' accuracy: 0.4159
2026-04-24 23:41:27,487 [INFO] pcrl.training.trainer:   Auditor 'marital_status' accuracy: 0.5233
2026-04-24 23:41:27,487 [INFO] pcrl.training.trainer:   Auditor 'income' accuracy: 0.5890
2026-04-24 23:41:28,662 [INFO] pcrl.training.trainer: [VAL] Epoch 6 - Loss: 189.4075, Task: 2.8971, Adv: 7.4604, Verify: 0.0000, Time: 1.2s
2026-04-24 23:41:28,663 [INFO] pcrl.training.trainer:   Task 'income' accuracy: 0.5909
2026-04-24 23:41:28,663 [INFO] pcrl.training.trainer:   Task 'hours_band' accuracy: 0.6509
2026-04-24 23:41:28,663 [INFO] pcrl.training.trainer:   Task 'education_level' accuracy: 0.3904
2026-04-24 23:41:28,663 [INFO] pcrl.training.trainer:   Auditor 'race' accuracy: 0.6201
2026-04-24 23:41:28,663 [INFO] pcrl.training.trainer:   Auditor 'sex' accuracy: 0.5397
2026-04-24 23:41:28,663 [INFO] pcrl.training.trainer:   Auditor 'age_group' accuracy: 0.4181
2026-04-24 23:41:28,663 [INFO] pcrl.training.trainer:   Auditor 'marital_status' accuracy: 0.5266
2026-04-24 23:41:28,663 [INFO] pcrl.training.trainer:   Auditor 'income' accuracy: 0.5909
2026-04-24 23:41:36,407 [INFO] pcrl.training.trainer: Epoch 7 [50/612] Loss: -183.7854 Task: 2.9059 Adv: -7.4851 Verify: 0.0174
2026-04-24 23:41:43,568 [INFO] pcrl.training.trainer: Epoch 7 [100/612] Loss: -182.4313 Task: 2.9103 Adv: -7.4340 Verify: 0.0203
2026-04-24 23:41:50,312 [INFO] pcrl.training.trainer: Epoch 7 [150/612] Loss: -181.6869 Task: 2.9913 Adv: -7.4249 Verify: 0.0378
2026-04-24 23:41:56,988 [INFO] pcrl.training.trainer: Epoch 7 [200/612] Loss: -184.7796 Task: 2.9149 Adv: -7.5250 Verify: 0.0173
2026-04-24 23:42:03,838 [INFO] pcrl.training.trainer: Epoch 7 [250/612] Loss: -185.1432 Task: 3.0649 Adv: -7.5692 Verify: 0.0408
2026-04-24 23:42:10,706 [INFO] pcrl.training.trainer: Epoch 7 [300/612] Loss: -182.4524 Task: 3.0076 Adv: -7.4469 Verify: 0.0286
2026-04-24 23:42:17,519 [INFO] pcrl.training.trainer: Epoch 7 [350/612] Loss: -182.5430 Task: 3.0886 Adv: -7.4666 Verify: 0.0413
2026-04-24 23:42:24,491 [INFO] pcrl.training.trainer: Epoch 7 [400/612] Loss: -181.3132 Task: 3.0489 Adv: -7.4131 Verify: 0.0386
2026-04-24 23:42:31,331 [INFO] pcrl.training.trainer: Epoch 7 [450/612] Loss: -182.5374 Task: 3.0280 Adv: -7.4513 Verify: 0.0286
2026-04-24 23:42:38,159 [INFO] pcrl.training.trainer: Epoch 7 [500/612] Loss: -182.3615 Task: 3.1136 Adv: -7.5294 Verify: 0.1104
2026-04-24 23:42:45,014 [INFO] pcrl.training.trainer: Epoch 7 [550/612] Loss: -182.1559 Task: 3.0508 Adv: -7.4386 Verify: 0.0303
2026-04-24 23:42:52,059 [INFO] pcrl.training.trainer: Epoch 7 [600/612] Loss: -184.0131 Task: 3.0437 Adv: -7.5097 Verify: 0.0274
2026-04-24 23:42:53,696 [INFO] pcrl.training.trainer: [TRAIN] Epoch 7 - Loss: -183.1471, Task: 2.9998, Adv: -7.4780, Verify: 0.0321, Time: 85.0s
2026-04-24 23:42:53,696 [INFO] pcrl.training.trainer:   Task 'income' accuracy: 0.5882
2026-04-24 23:42:53,697 [INFO] pcrl.training.trainer:   Task 'hours_band' accuracy: 0.6152
2026-04-24 23:42:53,697 [INFO] pcrl.training.trainer:   Task 'education_level' accuracy: 0.3940
2026-04-24 23:42:53,697 [INFO] pcrl.training.trainer:   Auditor 'race' accuracy: 0.6184
2026-04-24 23:42:53,697 [INFO] pcrl.training.trainer:   Auditor 'sex' accuracy: 0.5335
2026-04-24 23:42:53,697 [INFO] pcrl.training.trainer:   Auditor 'age_group' accuracy: 0.4181
2026-04-24 23:42:53,697 [INFO] pcrl.training.trainer:   Auditor 'marital_status' accuracy: 0.5233
2026-04-24 23:42:53,697 [INFO] pcrl.training.trainer:   Auditor 'income' accuracy: 0.5888
2026-04-24 23:42:54,728 [INFO] pcrl.training.trainer: [VAL] Epoch 7 - Loss: 190.2021, Task: 3.0000, Adv: 7.4881, Verify: 0.0000, Time: 1.0s
2026-04-24 23:42:54,728 [INFO] pcrl.training.trainer:   Task 'income' accuracy: 0.5910
2026-04-24 23:42:54,728 [INFO] pcrl.training.trainer:   Task 'hours_band' accuracy: 0.6106
2026-04-24 23:42:54,728 [INFO] pcrl.training.trainer:   Task 'education_level' accuracy: 0.3866
2026-04-24 23:42:54,728 [INFO] pcrl.training.trainer:   Auditor 'race' accuracy: 0.6201
2026-04-24 23:42:54,728 [INFO] pcrl.training.trainer:   Auditor 'sex' accuracy: 0.5278
2026-04-24 23:42:54,728 [INFO] pcrl.training.trainer:   Auditor 'age_group' accuracy: 0.4141
2026-04-24 23:42:54,728 [INFO] pcrl.training.trainer:   Auditor 'marital_status' accuracy: 0.5266
2026-04-24 23:42:54,728 [INFO] pcrl.training.trainer:   Auditor 'income' accuracy: 0.5910
2026-04-24 23:43:01,572 [INFO] pcrl.training.trainer: Epoch 8 [50/612] Loss: -182.5115 Task: 2.9981 Adv: -7.4458 Verify: 0.0255
2026-04-24 23:43:08,587 [INFO] pcrl.training.trainer: Epoch 8 [100/612] Loss: -182.7201 Task: 3.0239 Adv: -7.4707 Verify: 0.0410
2026-04-24 23:43:15,513 [INFO] pcrl.training.trainer: Epoch 8 [150/612] Loss: -185.0263 Task: 3.0382 Adv: -7.5501 Verify: 0.0276
2026-04-24 23:43:22,504 [INFO] pcrl.training.trainer: Epoch 8 [200/612] Loss: -183.4740 Task: 3.0066 Adv: -7.4779 Verify: 0.0186
2026-04-24 23:43:29,608 [INFO] pcrl.training.trainer: Epoch 8 [250/612] Loss: -183.8151 Task: 3.0263 Adv: -7.4937 Verify: 0.0200
2026-04-24 23:43:36,504 [INFO] pcrl.training.trainer: Epoch 8 [300/612] Loss: -182.6130 Task: 3.0765 Adv: -7.4605 Verify: 0.0329
2026-04-24 23:43:43,278 [INFO] pcrl.training.trainer: Epoch 8 [350/612] Loss: -180.1844 Task: 2.9654 Adv: -7.3620 Verify: 0.0360
2026-04-24 23:43:50,168 [INFO] pcrl.training.trainer: Epoch 8 [400/612] Loss: -182.7644 Task: 2.9607 Adv: -7.4675 Verify: 0.0385
2026-04-24 23:43:57,117 [INFO] pcrl.training.trainer: Epoch 8 [450/612] Loss: -184.0960 Task: 3.1482 Adv: -7.5214 Verify: 0.0316
2026-04-24 23:44:04,065 [INFO] pcrl.training.trainer: Epoch 8 [500/612] Loss: -183.6900 Task: 2.9938 Adv: -7.5076 Verify: 0.0403
2026-04-24 23:44:10,680 [INFO] pcrl.training.trainer: Epoch 8 [550/612] Loss: -183.4792 Task: 2.9897 Adv: -7.5000 Verify: 0.0412
2026-04-24 23:44:17,417 [INFO] pcrl.training.trainer: Epoch 8 [600/612] Loss: -183.0361 Task: 3.0301 Adv: -7.4515 Verify: 0.0089
2026-04-24 23:44:19,050 [INFO] pcrl.training.trainer: [TRAIN] Epoch 8 - Loss: -183.3718, Task: 3.0303, Adv: -7.4865, Verify: 0.0305, Time: 84.3s
2026-04-24 23:44:19,050 [INFO] pcrl.training.trainer:   Task 'income' accuracy: 0.5882
2026-04-24 23:44:19,050 [INFO] pcrl.training.trainer:   Task 'hours_band' accuracy: 0.6002
2026-04-24 23:44:19,050 [INFO] pcrl.training.trainer:   Task 'education_level' accuracy: 0.3920
2026-04-24 23:44:19,050 [INFO] pcrl.training.trainer:   Auditor 'race' accuracy: 0.6184
2026-04-24 23:44:19,050 [INFO] pcrl.training.trainer:   Auditor 'sex' accuracy: 0.5280
2026-04-24 23:44:19,050 [INFO] pcrl.training.trainer:   Auditor 'age_group' accuracy: 0.4162
2026-04-24 23:44:19,050 [INFO] pcrl.training.trainer:   Auditor 'marital_status' accuracy: 0.5234
2026-04-24 23:44:19,050 [INFO] pcrl.training.trainer:   Auditor 'income' accuracy: 0.5893
2026-04-24 23:44:20,214 [INFO] pcrl.training.trainer: [VAL] Epoch 8 - Loss: 190.0519, Task: 3.1073, Adv: 7.4778, Verify: 0.0000, Time: 1.2s
2026-04-24 23:44:20,214 [INFO] pcrl.training.trainer:   Task 'income' accuracy: 0.5910
2026-04-24 23:44:20,214 [INFO] pcrl.training.trainer:   Task 'hours_band' accuracy: 0.5688
2026-04-24 23:44:20,214 [INFO] pcrl.training.trainer:   Task 'education_level' accuracy: 0.3866
2026-04-24 23:44:20,214 [INFO] pcrl.training.trainer:   Auditor 'race' accuracy: 0.6201
2026-04-24 23:44:20,214 [INFO] pcrl.training.trainer:   Auditor 'sex' accuracy: 0.5278
2026-04-24 23:44:20,214 [INFO] pcrl.training.trainer:   Auditor 'age_group' accuracy: 0.4141
2026-04-24 23:44:20,214 [INFO] pcrl.training.trainer:   Auditor 'marital_status' accuracy: 0.5266
2026-04-24 23:44:20,214 [INFO] pcrl.training.trainer:   Auditor 'income' accuracy: 0.5910
2026-04-24 23:44:27,002 [INFO] pcrl.training.trainer: Epoch 9 [50/612] Loss: -184.5348 Task: 2.9607 Adv: -7.5112 Verify: 0.0114
2026-04-24 23:44:33,882 [INFO] pcrl.training.trainer: Epoch 9 [100/612] Loss: -184.7231 Task: 3.0684 Adv: -7.5233 Verify: 0.0116
2026-04-24 23:44:40,463 [INFO] pcrl.training.trainer: Epoch 9 [150/612] Loss: -185.2673 Task: 3.0666 Adv: -7.5484 Verify: 0.0151
2026-04-24 23:44:47,191 [INFO] pcrl.training.trainer: Epoch 9 [200/612] Loss: -181.7613 Task: 3.1468 Adv: -7.4325 Verify: 0.0362
2026-04-24 23:44:53,932 [INFO] pcrl.training.trainer: Epoch 9 [250/612] Loss: -182.9227 Task: 3.1947 Adv: -7.4896 Verify: 0.0449
2026-04-24 23:45:00,719 [INFO] pcrl.training.trainer: Epoch 9 [300/612] Loss: -183.2171 Task: 3.0059 Adv: -7.4657 Verify: 0.0167
2026-04-24 23:45:07,361 [INFO] pcrl.training.trainer: Epoch 9 [350/612] Loss: -182.8601 Task: 3.2258 Adv: -7.4793 Verify: 0.0359
2026-04-24 23:45:14,025 [INFO] pcrl.training.trainer: Epoch 9 [400/612] Loss: -184.2121 Task: 3.1447 Adv: -7.5037 Verify: 0.0094
2026-04-24 23:45:20,982 [INFO] pcrl.training.trainer: Epoch 9 [450/612] Loss: -184.4784 Task: 3.0559 Adv: -7.5532 Verify: 0.0518
2026-04-24 23:45:27,811 [INFO] pcrl.training.trainer: Epoch 9 [500/612] Loss: -182.9099 Task: 3.0792 Adv: -7.4562 Verify: 0.0166
2026-04-24 23:45:34,623 [INFO] pcrl.training.trainer: Epoch 9 [550/612] Loss: -181.7085 Task: 3.1507 Adv: -7.4254 Verify: 0.0310
2026-04-24 23:45:41,500 [INFO] pcrl.training.trainer: Epoch 9 [600/612] Loss: -185.7815 Task: 3.1050 Adv: -7.5725 Verify: 0.0170
2026-04-24 23:45:43,141 [INFO] pcrl.training.trainer: [TRAIN] Epoch 9 - Loss: -183.3601, Task: 3.0860, Adv: -7.4864, Verify: 0.0286, Time: 82.9s
2026-04-24 23:45:43,141 [INFO] pcrl.training.trainer:   Task 'income' accuracy: 0.5882
2026-04-24 23:45:43,141 [INFO] pcrl.training.trainer:   Task 'hours_band' accuracy: 0.5769
2026-04-24 23:45:43,141 [INFO] pcrl.training.trainer:   Task 'education_level' accuracy: 0.3878
2026-04-24 23:45:43,141 [INFO] pcrl.training.trainer:   Auditor 'race' accuracy: 0.6184
2026-04-24 23:45:43,141 [INFO] pcrl.training.trainer:   Auditor 'sex' accuracy: 0.5279
2026-04-24 23:45:43,141 [INFO] pcrl.training.trainer:   Auditor 'age_group' accuracy: 0.4157
2026-04-24 23:45:43,141 [INFO] pcrl.training.trainer:   Auditor 'marital_status' accuracy: 0.5233
2026-04-24 23:45:43,141 [INFO] pcrl.training.trainer:   Auditor 'income' accuracy: 0.5887
2026-04-24 23:45:44,326 [INFO] pcrl.training.trainer: [VAL] Epoch 9 - Loss: 189.9883, Task: 3.0443, Adv: 7.4778, Verify: 0.0000, Time: 1.2s
2026-04-24 23:45:44,326 [INFO] pcrl.training.trainer:   Task 'income' accuracy: 0.5910
2026-04-24 23:45:44,326 [INFO] pcrl.training.trainer:   Task 'hours_band' accuracy: 0.5957
2026-04-24 23:45:44,326 [INFO] pcrl.training.trainer:   Task 'education_level' accuracy: 0.3885
2026-04-24 23:45:44,326 [INFO] pcrl.training.trainer:   Auditor 'race' accuracy: 0.6201
2026-04-24 23:45:44,326 [INFO] pcrl.training.trainer:   Auditor 'sex' accuracy: 0.5278
2026-04-24 23:45:44,326 [INFO] pcrl.training.trainer:   Auditor 'age_group' accuracy: 0.4141
2026-04-24 23:45:44,326 [INFO] pcrl.training.trainer:   Auditor 'marital_status' accuracy: 0.5266
2026-04-24 23:45:44,326 [INFO] pcrl.training.trainer:   Auditor 'income' accuracy: 0.5910
2026-04-24 23:45:44,365 [INFO] pcrl.training.trainer: Saved checkpoint to /home/ubuntu/PCRL/checkpoints/folktables_laftr_s0_lam25/epoch_10.pt
2026-04-24 23:45:51,257 [INFO] pcrl.training.trainer: Epoch 10 [50/612] Loss: -184.8186 Task: 3.0248 Adv: -7.5313 Verify: 0.0176
2026-04-24 23:45:58,011 [INFO] pcrl.training.trainer: Epoch 10 [100/612] Loss: -182.0275 Task: 3.1036 Adv: -7.4288 Verify: 0.0235
2026-04-24 23:46:05,552 [INFO] pcrl.training.trainer: Epoch 10 [150/612] Loss: -181.7535 Task: 3.2082 Adv: -7.4241 Verify: 0.0256
2026-04-24 23:46:13,030 [INFO] pcrl.training.trainer: Epoch 10 [200/612] Loss: -185.0299 Task: 3.2450 Adv: -7.5391 Verify: 0.0081
2026-04-24 23:46:20,317 [INFO] pcrl.training.trainer: Epoch 10 [250/612] Loss: -184.0850 Task: 3.0714 Adv: -7.5260 Verify: 0.0397
2026-04-24 23:46:27,047 [INFO] pcrl.training.trainer: Epoch 10 [300/612] Loss: -183.7276 Task: 2.9966 Adv: -7.4844 Verify: 0.0154
2026-04-24 23:46:33,801 [INFO] pcrl.training.trainer: Epoch 10 [350/612] Loss: -183.5304 Task: 3.1710 Adv: -7.4972 Verify: 0.0292
2026-04-24 23:46:40,530 [INFO] pcrl.training.trainer: Epoch 10 [400/612] Loss: -182.1468 Task: 3.0905 Adv: -7.4596 Verify: 0.0501
2026-04-24 23:46:47,365 [INFO] pcrl.training.trainer: Epoch 10 [450/612] Loss: -182.0499 Task: 3.1404 Adv: -7.4557 Verify: 0.0481
2026-04-24 23:46:54,188 [INFO] pcrl.training.trainer: Epoch 10 [500/612] Loss: -181.8241 Task: 3.1344 Adv: -7.4633 Verify: 0.0649
2026-04-24 23:47:00,996 [INFO] pcrl.training.trainer: Epoch 10 [550/612] Loss: -182.7207 Task: 3.2175 Adv: -7.4587 Verify: 0.0212
2026-04-24 23:47:07,776 [INFO] pcrl.training.trainer: Epoch 10 [600/612] Loss: -182.9642 Task: 3.0637 Adv: -7.4586 Verify: 0.0175
2026-04-24 23:47:09,412 [INFO] pcrl.training.trainer: [TRAIN] Epoch 10 - Loss: -183.3413, Task: 3.1140, Adv: -7.4875, Verify: 0.0293, Time: 85.0s
2026-04-24 23:47:09,412 [INFO] pcrl.training.trainer:   Task 'income' accuracy: 0.5882
2026-04-24 23:47:09,412 [INFO] pcrl.training.trainer:   Task 'hours_band' accuracy: 0.5671
2026-04-24 23:47:09,412 [INFO] pcrl.training.trainer:   Task 'education_level' accuracy: 0.3870
2026-04-24 23:47:09,412 [INFO] pcrl.training.trainer:   Auditor 'race' accuracy: 0.6184
2026-04-24 23:47:09,412 [INFO] pcrl.training.trainer:   Auditor 'sex' accuracy: 0.5279
2026-04-24 23:47:09,412 [INFO] pcrl.training.trainer:   Auditor 'age_group' accuracy: 0.4156
2026-04-24 23:47:09,412 [INFO] pcrl.training.trainer:   Auditor 'marital_status' accuracy: 0.5233
2026-04-24 23:47:09,412 [INFO] pcrl.training.trainer:   Auditor 'income' accuracy: 0.5882
2026-04-24 23:47:10,606 [INFO] pcrl.training.trainer: [VAL] Epoch 10 - Loss: 190.0457, Task: 3.1478, Adv: 7.4759, Verify: 0.0000, Time: 1.2s
2026-04-24 23:47:10,606 [INFO] pcrl.training.trainer:   Task 'income' accuracy: 0.5910
2026-04-24 23:47:10,606 [INFO] pcrl.training.trainer:   Task 'hours_band' accuracy: 0.5431
2026-04-24 23:47:10,606 [INFO] pcrl.training.trainer:   Task 'education_level' accuracy: 0.3866
2026-04-24 23:47:10,606 [INFO] pcrl.training.trainer:   Auditor 'race' accuracy: 0.6201
2026-04-24 23:47:10,606 [INFO] pcrl.training.trainer:   Auditor 'sex' accuracy: 0.5278
2026-04-24 23:47:10,606 [INFO] pcrl.training.trainer:   Auditor 'age_group' accuracy: 0.4141
2026-04-24 23:47:10,606 [INFO] pcrl.training.trainer:   Auditor 'marital_status' accuracy: 0.5266
2026-04-24 23:47:10,607 [INFO] pcrl.training.trainer:   Auditor 'income' accuracy: 0.5910
2026-04-24 23:47:17,517 [INFO] pcrl.training.trainer: Epoch 11 [50/612] Loss: -183.3083 Task: 3.0511 Adv: -7.5019 Verify: 0.0475
2026-04-24 23:47:24,633 [INFO] pcrl.training.trainer: Epoch 11 [100/612] Loss: -182.3995 Task: 3.2021 Adv: -7.4559 Verify: 0.0318
2026-04-24 23:47:31,563 [INFO] pcrl.training.trainer: Epoch 11 [150/612] Loss: -182.7762 Task: 3.1043 Adv: -7.4711 Verify: 0.0359
2026-04-24 23:47:38,408 [INFO] pcrl.training.trainer: Epoch 11 [200/612] Loss: -184.6942 Task: 3.1129 Adv: -7.5273 Verify: 0.0150
2026-04-24 23:47:45,253 [INFO] pcrl.training.trainer: Epoch 11 [250/612] Loss: -182.8628 Task: 3.1193 Adv: -7.5121 Verify: 0.0728
2026-04-24 23:47:51,950 [INFO] pcrl.training.trainer: Epoch 11 [300/612] Loss: -182.4810 Task: 3.1010 Adv: -7.4489 Verify: 0.0257
2026-04-24 23:47:58,736 [INFO] pcrl.training.trainer: Epoch 11 [350/612] Loss: -183.3614 Task: 3.1073 Adv: -7.5036 Verify: 0.0449
2026-04-24 23:48:05,518 [INFO] pcrl.training.trainer: Epoch 11 [400/612] Loss: -182.9188 Task: 3.1699 Adv: -7.4582 Verify: 0.0146
2026-04-24 23:48:12,474 [INFO] pcrl.training.trainer: Epoch 11 [450/612] Loss: -184.2837 Task: 3.0954 Adv: -7.5176 Verify: 0.0224
2026-04-24 23:48:19,374 [INFO] pcrl.training.trainer: Epoch 11 [500/612] Loss: -183.6530 Task: 3.2062 Adv: -7.5014 Verify: 0.0270
2026-04-24 23:48:26,080 [INFO] pcrl.training.trainer: Epoch 11 [550/612] Loss: -182.3482 Task: 3.1881 Adv: -7.4550 Verify: 0.0335
2026-04-24 23:48:32,841 [INFO] pcrl.training.trainer: Epoch 11 [600/612] Loss: -182.4422 Task: 3.1115 Adv: -7.4543 Verify: 0.0321
2026-04-24 23:48:34,618 [INFO] pcrl.training.trainer: [TRAIN] Epoch 11 - Loss: -183.4031, Task: 3.1199, Adv: -7.4899, Verify: 0.0289, Time: 84.0s
2026-04-24 23:48:34,619 [INFO] pcrl.training.trainer:   Task 'income' accuracy: 0.5882
2026-04-24 23:48:34,619 [INFO] pcrl.training.trainer:   Task 'hours_band' accuracy: 0.5598
2026-04-24 23:48:34,619 [INFO] pcrl.training.trainer:   Task 'education_level' accuracy: 0.3878
2026-04-24 23:48:34,619 [INFO] pcrl.training.trainer:   Auditor 'race' accuracy: 0.6184
2026-04-24 23:48:34,619 [INFO] pcrl.training.trainer:   Auditor 'sex' accuracy: 0.5279
2026-04-24 23:48:34,619 [INFO] pcrl.training.trainer:   Auditor 'age_group' accuracy: 0.4157
2026-04-24 23:48:34,619 [INFO] pcrl.training.trainer:   Auditor 'marital_status' accuracy: 0.5233
2026-04-24 23:48:34,619 [INFO] pcrl.training.trainer:   Auditor 'income' accuracy: 0.5882
2026-04-24 23:48:35,647 [INFO] pcrl.training.trainer: [VAL] Epoch 11 - Loss: 190.0958, Task: 3.1500, Adv: 7.4778, Verify: 0.0000, Time: 1.0s
2026-04-24 23:48:35,647 [INFO] pcrl.training.trainer:   Task 'income' accuracy: 0.5910
2026-04-24 23:48:35,647 [INFO] pcrl.training.trainer:   Task 'hours_band' accuracy: 0.5426
2026-04-24 23:48:35,647 [INFO] pcrl.training.trainer:   Task 'education_level' accuracy: 0.3866
2026-04-24 23:48:35,647 [INFO] pcrl.training.trainer:   Auditor 'race' accuracy: 0.6201
2026-04-24 23:48:35,647 [INFO] pcrl.training.trainer:   Auditor 'sex' accuracy: 0.5278
2026-04-24 23:48:35,647 [INFO] pcrl.training.trainer:   Auditor 'age_group' accuracy: 0.4141
2026-04-24 23:48:35,647 [INFO] pcrl.training.trainer:   Auditor 'marital_status' accuracy: 0.5266
2026-04-24 23:48:35,647 [INFO] pcrl.training.trainer:   Auditor 'income' accuracy: 0.5910
2026-04-24 23:48:42,425 [INFO] pcrl.training.trainer: Epoch 12 [50/612] Loss: -183.5067 Task: 3.1046 Adv: -7.4979 Verify: 0.0334
2026-04-24 23:48:49,164 [INFO] pcrl.training.trainer: Epoch 12 [100/612] Loss: -184.1659 Task: 3.2052 Adv: -7.5312 Verify: 0.0364
2026-04-24 23:48:55,862 [INFO] pcrl.training.trainer: Epoch 12 [150/612] Loss: -183.2515 Task: 3.1498 Adv: -7.4721 Verify: 0.0161
2026-04-24 23:49:02,577 [INFO] pcrl.training.trainer: Epoch 12 [200/612] Loss: -182.6279 Task: 3.1473 Adv: -7.4774 Verify: 0.0464
2026-04-24 23:49:09,093 [INFO] pcrl.training.trainer: Epoch 12 [250/612] Loss: -184.9927 Task: 3.1450 Adv: -7.5568 Verify: 0.0313
2026-04-24 23:49:15,783 [INFO] pcrl.training.trainer: Epoch 12 [300/612] Loss: -183.5058 Task: 3.1465 Adv: -7.4834 Verify: 0.0173
2026-04-24 23:49:22,519 [INFO] pcrl.training.trainer: Epoch 12 [350/612] Loss: -183.6262 Task: 3.1052 Adv: -7.4856 Verify: 0.0163
2026-04-24 23:49:29,414 [INFO] pcrl.training.trainer: Epoch 12 [400/612] Loss: -183.5057 Task: 3.1520 Adv: -7.4863 Verify: 0.0200
2026-04-24 23:49:36,063 [INFO] pcrl.training.trainer: Epoch 12 [450/612] Loss: -183.0090 Task: 3.1537 Adv: -7.4770 Verify: 0.0305
2026-04-24 23:49:42,757 [INFO] pcrl.training.trainer: Epoch 12 [500/612] Loss: -184.2336 Task: 3.1714 Adv: -7.5111 Verify: 0.0149
2026-04-24 23:49:49,638 [INFO] pcrl.training.trainer: Epoch 12 [550/612] Loss: -183.6694 Task: 3.2038 Adv: -7.5049 Verify: 0.0300
2026-04-24 23:49:56,499 [INFO] pcrl.training.trainer: Epoch 12 [600/612] Loss: -183.3879 Task: 3.1856 Adv: -7.5106 Verify: 0.0477
2026-04-24 23:49:58,496 [INFO] pcrl.training.trainer: [TRAIN] Epoch 12 - Loss: -183.3371, Task: 3.1477, Adv: -7.4878, Verify: 0.0284, Time: 82.8s
2026-04-24 23:49:58,496 [INFO] pcrl.training.trainer:   Task 'income' accuracy: 0.5882
2026-04-24 23:49:58,496 [INFO] pcrl.training.trainer:   Task 'hours_band' accuracy: 0.5476
2026-04-24 23:49:58,496 [INFO] pcrl.training.trainer:   Task 'education_level' accuracy: 0.3867
2026-04-24 23:49:58,496 [INFO] pcrl.training.trainer:   Auditor 'race' accuracy: 0.6184
2026-04-24 23:49:58,496 [INFO] pcrl.training.trainer:   Auditor 'sex' accuracy: 0.5279
2026-04-24 23:49:58,496 [INFO] pcrl.training.trainer:   Auditor 'age_group' accuracy: 0.4156
2026-04-24 23:49:58,496 [INFO] pcrl.training.trainer:   Auditor 'marital_status' accuracy: 0.5234
2026-04-24 23:49:58,496 [INFO] pcrl.training.trainer:   Auditor 'income' accuracy: 0.5882
2026-04-24 23:49:59,658 [INFO] pcrl.training.trainer: [VAL] Epoch 12 - Loss: 190.0885, Task: 3.1588, Adv: 7.4772, Verify: 0.0000, Time: 1.2s
2026-04-24 23:49:59,658 [INFO] pcrl.training.trainer:   Task 'income' accuracy: 0.5910
2026-04-24 23:49:59,658 [INFO] pcrl.training.trainer:   Task 'hours_band' accuracy: 0.5423
2026-04-24 23:49:59,658 [INFO] pcrl.training.trainer:   Task 'education_level' accuracy: 0.3866
2026-04-24 23:49:59,658 [INFO] pcrl.training.trainer:   Auditor 'race' accuracy: 0.6201
2026-04-24 23:49:59,658 [INFO] pcrl.training.trainer:   Auditor 'sex' accuracy: 0.5278
2026-04-24 23:49:59,658 [INFO] pcrl.training.trainer:   Auditor 'age_group' accuracy: 0.4141
2026-04-24 23:49:59,658 [INFO] pcrl.training.trainer:   Auditor 'marital_status' accuracy: 0.5266
2026-04-24 23:49:59,658 [INFO] pcrl.training.trainer:   Auditor 'income' accuracy: 0.5910
2026-04-24 23:50:07,295 [INFO] pcrl.training.trainer: Epoch 13 [50/612] Loss: -184.3854 Task: 3.1880 Adv: -7.5263 Verify: 0.0233
2026-04-24 23:50:14,277 [INFO] pcrl.training.trainer: Epoch 13 [100/612] Loss: -182.0908 Task: 3.1871 Adv: -7.4828 Verify: 0.0717
2026-04-24 23:50:21,123 [INFO] pcrl.training.trainer: Epoch 13 [150/612] Loss: -184.9580 Task: 3.1601 Adv: -7.5349 Verify: 0.0102
2026-04-24 23:50:27,852 [INFO] pcrl.training.trainer: Epoch 13 [200/612] Loss: -180.8369 Task: 3.1090 Adv: -7.3724 Verify: 0.0146
2026-04-24 23:50:34,604 [INFO] pcrl.training.trainer: Epoch 13 [250/612] Loss: -183.0690 Task: 3.1167 Adv: -7.4753 Verify: 0.0279
2026-04-24 23:50:41,324 [INFO] pcrl.training.trainer: Epoch 13 [300/612] Loss: -183.5476 Task: 3.1210 Adv: -7.5389 Verify: 0.0722
2026-04-24 23:50:47,976 [INFO] pcrl.training.trainer: Epoch 13 [350/612] Loss: -184.1975 Task: 3.1742 Adv: -7.5154 Verify: 0.0205
2026-04-24 23:50:54,548 [INFO] pcrl.training.trainer: Epoch 13 [400/612] Loss: -185.0059 Task: 3.0774 Adv: -7.5446 Verify: 0.0213
2026-04-24 23:51:01,256 [INFO] pcrl.training.trainer: Epoch 13 [450/612] Loss: -183.3333 Task: 3.0887 Adv: -7.4993 Verify: 0.0424
2026-04-24 23:51:08,071 [INFO] pcrl.training.trainer: Epoch 13 [500/612] Loss: -181.7845 Task: 3.1493 Adv: -7.4242 Verify: 0.0268
2026-04-24 23:51:14,801 [INFO] pcrl.training.trainer: Epoch 13 [550/612] Loss: -182.8861 Task: 3.1017 Adv: -7.4557 Verify: 0.0161
2026-04-24 23:51:21,532 [INFO] pcrl.training.trainer: Epoch 13 [600/612] Loss: -183.8104 Task: 3.0891 Adv: -7.5223 Verify: 0.0464
2026-04-24 23:51:23,151 [INFO] pcrl.training.trainer: [TRAIN] Epoch 13 - Loss: -183.3762, Task: 3.1514, Adv: -7.4900, Verify: 0.0289, Time: 83.5s
2026-04-24 23:51:23,151 [INFO] pcrl.training.trainer:   Task 'income' accuracy: 0.5882
2026-04-24 23:51:23,151 [INFO] pcrl.training.trainer:   Task 'hours_band' accuracy: 0.5468
2026-04-24 23:51:23,151 [INFO] pcrl.training.trainer:   Task 'education_level' accuracy: 0.3866
2026-04-24 23:51:23,151 [INFO] pcrl.training.trainer:   Auditor 'race' accuracy: 0.6184
2026-04-24 23:51:23,151 [INFO] pcrl.training.trainer:   Auditor 'sex' accuracy: 0.5279
2026-04-24 23:51:23,151 [INFO] pcrl.training.trainer:   Auditor 'age_group' accuracy: 0.4156
2026-04-24 23:51:23,152 [INFO] pcrl.training.trainer:   Auditor 'marital_status' accuracy: 0.5232
2026-04-24 23:51:23,152 [INFO] pcrl.training.trainer:   Auditor 'income' accuracy: 0.5882
2026-04-24 23:51:24,317 [INFO] pcrl.training.trainer: [VAL] Epoch 13 - Loss: 190.0354, Task: 3.1518, Adv: 7.4753, Verify: 0.0000, Time: 1.2s
2026-04-24 23:51:24,317 [INFO] pcrl.training.trainer:   Task 'income' accuracy: 0.5910
2026-04-24 23:51:24,317 [INFO] pcrl.training.trainer:   Task 'hours_band' accuracy: 0.5423
2026-04-24 23:51:24,317 [INFO] pcrl.training.trainer:   Task 'education_level' accuracy: 0.3866
2026-04-24 23:51:24,317 [INFO] pcrl.training.trainer:   Auditor 'race' accuracy: 0.6201
2026-04-24 23:51:24,317 [INFO] pcrl.training.trainer:   Auditor 'sex' accuracy: 0.5278
2026-04-24 23:51:24,317 [INFO] pcrl.training.trainer:   Auditor 'age_group' accuracy: 0.4141
2026-04-24 23:51:24,317 [INFO] pcrl.training.trainer:   Auditor 'marital_status' accuracy: 0.5266
2026-04-24 23:51:24,317 [INFO] pcrl.training.trainer:   Auditor 'income' accuracy: 0.5910
2026-04-24 23:51:31,096 [INFO] pcrl.training.trainer: Epoch 14 [50/612] Loss: -182.6937 Task: 3.1937 Adv: -7.4647 Verify: 0.0292
2026-04-24 23:51:37,853 [INFO] pcrl.training.trainer: Epoch 14 [100/612] Loss: -184.1043 Task: 3.0755 Adv: -7.5097 Verify: 0.0225
2026-04-24 23:51:44,637 [INFO] pcrl.training.trainer: Epoch 14 [150/612] Loss: -182.3155 Task: 3.1564 Adv: -7.4390 Verify: 0.0201
2026-04-24 23:51:51,436 [INFO] pcrl.training.trainer: Epoch 14 [200/612] Loss: -183.6271 Task: 3.0902 Adv: -7.5004 Verify: 0.0317
2026-04-24 23:51:58,160 [INFO] pcrl.training.trainer: Epoch 14 [250/612] Loss: -183.5567 Task: 3.1216 Adv: -7.4912 Verify: 0.0241
2026-04-24 23:52:04,925 [INFO] pcrl.training.trainer: Epoch 14 [300/612] Loss: -183.9720 Task: 3.0494 Adv: -7.5108 Verify: 0.0300
2026-04-24 23:52:11,891 [INFO] pcrl.training.trainer: Epoch 14 [350/612] Loss: -182.8750 Task: 3.2246 Adv: -7.4543 Verify: 0.0103
2026-04-24 23:52:18,706 [INFO] pcrl.training.trainer: Epoch 14 [400/612] Loss: -181.6174 Task: 3.0938 Adv: -7.4218 Verify: 0.0334
2026-04-24 23:52:25,537 [INFO] pcrl.training.trainer: Epoch 14 [450/612] Loss: -183.6592 Task: 3.1284 Adv: -7.4839 Verify: 0.0124
2026-04-24 23:52:32,241 [INFO] pcrl.training.trainer: Epoch 14 [500/612] Loss: -184.1843 Task: 3.1665 Adv: -7.5245 Verify: 0.0304
2026-04-24 23:52:39,106 [INFO] pcrl.training.trainer: Epoch 14 [550/612] Loss: -182.2202 Task: 3.1565 Adv: -7.4493 Verify: 0.0342
2026-04-24 23:52:45,802 [INFO] pcrl.training.trainer: Epoch 14 [600/612] Loss: -184.8195 Task: 3.1952 Adv: -7.5350 Verify: 0.0144
2026-04-24 23:52:47,411 [INFO] pcrl.training.trainer: [TRAIN] Epoch 14 - Loss: -183.3932, Task: 3.1499, Adv: -7.4901, Verify: 0.0283, Time: 83.1s
2026-04-24 23:52:47,411 [INFO] pcrl.training.trainer:   Task 'income' accuracy: 0.5882
2026-04-24 23:52:47,411 [INFO] pcrl.training.trainer:   Task 'hours_band' accuracy: 0.5467
2026-04-24 23:52:47,411 [INFO] pcrl.training.trainer:   Task 'education_level' accuracy: 0.3866
2026-04-24 23:52:47,411 [INFO] pcrl.training.trainer:   Auditor 'race' accuracy: 0.6184
2026-04-24 23:52:47,411 [INFO] pcrl.training.trainer:   Auditor 'sex' accuracy: 0.5279
2026-04-24 23:52:47,411 [INFO] pcrl.training.trainer:   Auditor 'age_group' accuracy: 0.4156
2026-04-24 23:52:47,411 [INFO] pcrl.training.trainer:   Auditor 'marital_status' accuracy: 0.5233
2026-04-24 23:52:47,411 [INFO] pcrl.training.trainer:   Auditor 'income' accuracy: 0.5882
2026-04-24 23:52:48,559 [INFO] pcrl.training.trainer: [VAL] Epoch 14 - Loss: 190.0986, Task: 3.1548, Adv: 7.4778, Verify: 0.0000, Time: 1.1s
2026-04-24 23:52:48,560 [INFO] pcrl.training.trainer:   Task 'income' accuracy: 0.5910
2026-04-24 23:52:48,560 [INFO] pcrl.training.trainer:   Task 'hours_band' accuracy: 0.5423
2026-04-24 23:52:48,560 [INFO] pcrl.training.trainer:   Task 'education_level' accuracy: 0.3866
2026-04-24 23:52:48,560 [INFO] pcrl.training.trainer:   Auditor 'race' accuracy: 0.6201
2026-04-24 23:52:48,560 [INFO] pcrl.training.trainer:   Auditor 'sex' accuracy: 0.5278
2026-04-24 23:52:48,560 [INFO] pcrl.training.trainer:   Auditor 'age_group' accuracy: 0.4141
2026-04-24 23:52:48,560 [INFO] pcrl.training.trainer:   Auditor 'marital_status' accuracy: 0.5266
2026-04-24 23:52:48,560 [INFO] pcrl.training.trainer:   Auditor 'income' accuracy: 0.5910
2026-04-24 23:52:55,230 [INFO] pcrl.training.trainer: Epoch 15 [50/612] Loss: -182.9947 Task: 3.1862 Adv: -7.4793 Verify: 0.0320
2026-04-24 23:53:01,948 [INFO] pcrl.training.trainer: Epoch 15 [100/612] Loss: -182.9164 Task: 3.1087 Adv: -7.4489 Verify: 0.0079
2026-04-24 23:53:08,744 [INFO] pcrl.training.trainer: Epoch 15 [150/612] Loss: -179.8938 Task: 3.1963 Adv: -7.3664 Verify: 0.0428
2026-04-24 23:53:15,433 [INFO] pcrl.training.trainer: Epoch 15 [200/612] Loss: -183.2237 Task: 3.1730 Adv: -7.4711 Verify: 0.0152
2026-04-24 23:53:22,079 [INFO] pcrl.training.trainer: Epoch 15 [250/612] Loss: -184.4331 Task: 3.1411 Adv: -7.5249 Verify: 0.0219
2026-04-24 23:53:28,955 [INFO] pcrl.training.trainer: Epoch 15 [300/612] Loss: -183.7048 Task: 3.1605 Adv: -7.4933 Verify: 0.0187
2026-04-24 23:53:35,845 [INFO] pcrl.training.trainer: Epoch 15 [350/612] Loss: -183.4531 Task: 3.0066 Adv: -7.4777 Verify: 0.0193
2026-04-24 23:53:42,863 [INFO] pcrl.training.trainer: Epoch 15 [400/612] Loss: -182.5519 Task: 3.2422 Adv: -7.4443 Verify: 0.0125
2026-04-24 23:53:49,658 [INFO] pcrl.training.trainer: Epoch 15 [450/612] Loss: -182.9746 Task: 3.1848 Adv: -7.4875 Verify: 0.0411
2026-04-24 23:53:56,474 [INFO] pcrl.training.trainer: Epoch 15 [500/612] Loss: -182.2481 Task: 3.1464 Adv: -7.4409 Verify: 0.0251
2026-04-24 23:54:03,267 [INFO] pcrl.training.trainer: Epoch 15 [550/612] Loss: -182.3724 Task: 3.1124 Adv: -7.4414 Verify: 0.0220
2026-04-24 23:54:10,099 [INFO] pcrl.training.trainer: Epoch 15 [600/612] Loss: -184.5671 Task: 3.1567 Adv: -7.5327 Verify: 0.0238
2026-04-24 23:54:11,735 [INFO] pcrl.training.trainer: [TRAIN] Epoch 15 - Loss: -183.3522, Task: 3.1460, Adv: -7.4887, Verify: 0.0288, Time: 83.2s
2026-04-24 23:54:11,736 [INFO] pcrl.training.trainer:   Task 'income' accuracy: 0.5882
2026-04-24 23:54:11,736 [INFO] pcrl.training.trainer:   Task 'hours_band' accuracy: 0.5475
2026-04-24 23:54:11,736 [INFO] pcrl.training.trainer:   Task 'education_level' accuracy: 0.3867
2026-04-24 23:54:11,736 [INFO] pcrl.training.trainer:   Auditor 'race' accuracy: 0.6184
2026-04-24 23:54:11,736 [INFO] pcrl.training.trainer:   Auditor 'sex' accuracy: 0.5279
2026-04-24 23:54:11,736 [INFO] pcrl.training.trainer:   Auditor 'age_group' accuracy: 0.4156
2026-04-24 23:54:11,736 [INFO] pcrl.training.trainer:   Auditor 'marital_status' accuracy: 0.5233
2026-04-24 23:54:11,736 [INFO] pcrl.training.trainer:   Auditor 'income' accuracy: 0.5882
2026-04-24 23:54:12,904 [INFO] pcrl.training.trainer: [VAL] Epoch 15 - Loss: 190.0911, Task: 3.1467, Adv: 7.4778, Verify: 0.0000, Time: 1.2s
2026-04-24 23:54:12,904 [INFO] pcrl.training.trainer:   Task 'income' accuracy: 0.5910
2026-04-24 23:54:12,904 [INFO] pcrl.training.trainer:   Task 'hours_band' accuracy: 0.5434
2026-04-24 23:54:12,904 [INFO] pcrl.training.trainer:   Task 'education_level' accuracy: 0.3866
2026-04-24 23:54:12,904 [INFO] pcrl.training.trainer:   Auditor 'race' accuracy: 0.6201
2026-04-24 23:54:12,904 [INFO] pcrl.training.trainer:   Auditor 'sex' accuracy: 0.5278
2026-04-24 23:54:12,904 [INFO] pcrl.training.trainer:   Auditor 'age_group' accuracy: 0.4141
2026-04-24 23:54:12,904 [INFO] pcrl.training.trainer:   Auditor 'marital_status' accuracy: 0.5266
2026-04-24 23:54:12,904 [INFO] pcrl.training.trainer:   Auditor 'income' accuracy: 0.5910
2026-04-24 23:54:19,629 [INFO] pcrl.training.trainer: Epoch 16 [50/612] Loss: -182.2534 Task: 3.2107 Adv: -7.4792 Verify: 0.0607
2026-04-24 23:54:26,510 [INFO] pcrl.training.trainer: Epoch 16 [100/612] Loss: -183.2052 Task: 3.1741 Adv: -7.4669 Verify: 0.0117
2026-04-24 23:54:33,276 [INFO] pcrl.training.trainer: Epoch 16 [150/612] Loss: -183.4963 Task: 3.1908 Adv: -7.5066 Verify: 0.0391
2026-04-24 23:54:40,016 [INFO] pcrl.training.trainer: Epoch 16 [200/612] Loss: -183.6596 Task: 3.1597 Adv: -7.4915 Verify: 0.0187
2026-04-24 23:54:46,778 [INFO] pcrl.training.trainer: Epoch 16 [250/612] Loss: -182.3413 Task: 3.1746 Adv: -7.4602 Verify: 0.0396
2026-04-24 23:54:53,542 [INFO] pcrl.training.trainer: Epoch 16 [300/612] Loss: -183.6261 Task: 3.1289 Adv: -7.5006 Verify: 0.0304
2026-04-24 23:55:00,380 [INFO] pcrl.training.trainer: Epoch 16 [350/612] Loss: -182.5733 Task: 3.1117 Adv: -7.4500 Verify: 0.0226
2026-04-24 23:55:07,133 [INFO] pcrl.training.trainer: Epoch 16 [400/612] Loss: -182.0914 Task: 3.2281 Adv: -7.4482 Verify: 0.0354
2026-04-24 23:55:13,968 [INFO] pcrl.training.trainer: Epoch 16 [450/612] Loss: -182.5068 Task: 3.0422 Adv: -7.4618 Verify: 0.0398
2026-04-24 23:55:20,633 [INFO] pcrl.training.trainer: Epoch 16 [500/612] Loss: -184.1367 Task: 3.1776 Adv: -7.5371 Verify: 0.0445
2026-04-24 23:55:27,321 [INFO] pcrl.training.trainer: Epoch 16 [550/612] Loss: -184.6781 Task: 3.1747 Adv: -7.5320 Verify: 0.0179
2026-04-24 23:55:34,065 [INFO] pcrl.training.trainer: Epoch 16 [600/612] Loss: -182.9605 Task: 3.1454 Adv: -7.4929 Verify: 0.0486
2026-04-24 23:55:35,843 [INFO] pcrl.training.trainer: [TRAIN] Epoch 16 - Loss: -183.4152, Task: 3.1518, Adv: -7.4914, Verify: 0.0287, Time: 82.9s
2026-04-24 23:55:35,843 [INFO] pcrl.training.trainer:   Task 'income' accuracy: 0.5882
2026-04-24 23:55:35,843 [INFO] pcrl.training.trainer:   Task 'hours_band' accuracy: 0.5469
2026-04-24 23:55:35,843 [INFO] pcrl.training.trainer:   Task 'education_level' accuracy: 0.3866
2026-04-24 23:55:35,843 [INFO] pcrl.training.trainer:   Auditor 'race' accuracy: 0.6184
2026-04-24 23:55:35,843 [INFO] pcrl.training.trainer:   Auditor 'sex' accuracy: 0.5279
2026-04-24 23:55:35,843 [INFO] pcrl.training.trainer:   Auditor 'age_group' accuracy: 0.4154
2026-04-24 23:55:35,843 [INFO] pcrl.training.trainer:   Auditor 'marital_status' accuracy: 0.5232
2026-04-24 23:55:35,843 [INFO] pcrl.training.trainer:   Auditor 'income' accuracy: 0.5882
2026-04-24 23:55:36,864 [INFO] pcrl.training.trainer: [VAL] Epoch 16 - Loss: 190.1272, Task: 3.1577, Adv: 7.4788, Verify: 0.0000, Time: 1.0s
2026-04-24 23:55:36,864 [INFO] pcrl.training.trainer:   Task 'income' accuracy: 0.5910
2026-04-24 23:55:36,865 [INFO] pcrl.training.trainer:   Task 'hours_band' accuracy: 0.5423
2026-04-24 23:55:36,865 [INFO] pcrl.training.trainer:   Task 'education_level' accuracy: 0.3866
2026-04-24 23:55:36,865 [INFO] pcrl.training.trainer:   Auditor 'race' accuracy: 0.6201
2026-04-24 23:55:36,865 [INFO] pcrl.training.trainer:   Auditor 'sex' accuracy: 0.5278
2026-04-24 23:55:36,865 [INFO] pcrl.training.trainer:   Auditor 'age_group' accuracy: 0.4141
2026-04-24 23:55:36,865 [INFO] pcrl.training.trainer:   Auditor 'marital_status' accuracy: 0.5266
2026-04-24 23:55:36,865 [INFO] pcrl.training.trainer:   Auditor 'income' accuracy: 0.5910
2026-04-24 23:55:43,558 [INFO] pcrl.training.trainer: Epoch 17 [50/612] Loss: -185.8628 Task: 3.1511 Adv: -7.5992 Verify: 0.0386
2026-04-24 23:55:50,254 [INFO] pcrl.training.trainer: Epoch 17 [100/612] Loss: -182.0376 Task: 3.1743 Adv: -7.4539 Verify: 0.0454
2026-04-24 23:55:56,978 [INFO] pcrl.training.trainer: Epoch 17 [150/612] Loss: -181.6895 Task: 3.2332 Adv: -7.4545 Verify: 0.0575
2026-04-24 23:56:03,853 [INFO] pcrl.training.trainer: Epoch 17 [200/612] Loss: -179.7190 Task: 3.2038 Adv: -7.3634 Verify: 0.0465
2026-04-24 23:56:10,586 [INFO] pcrl.training.trainer: Epoch 17 [250/612] Loss: -180.9311 Task: 3.1489 Adv: -7.4120 Verify: 0.0488
2026-04-24 23:56:17,367 [INFO] pcrl.training.trainer: Epoch 17 [300/612] Loss: -183.5567 Task: 3.1450 Adv: -7.5032 Verify: 0.0352
2026-04-24 23:56:24,116 [INFO] pcrl.training.trainer: Epoch 17 [350/612] Loss: -185.4809 Task: 3.1618 Adv: -7.5598 Verify: 0.0141
2026-04-24 23:56:31,008 [INFO] pcrl.training.trainer: Epoch 17 [400/612] Loss: -183.0679 Task: 3.1366 Adv: -7.4817 Verify: 0.0336
2026-04-24 23:56:37,744 [INFO] pcrl.training.trainer: Epoch 17 [450/612] Loss: -183.3621 Task: 3.1720 Adv: -7.4829 Verify: 0.0215
2026-04-24 23:56:44,450 [INFO] pcrl.training.trainer: Epoch 17 [500/612] Loss: -183.7375 Task: 3.2025 Adv: -7.5129 Verify: 0.0353
2026-04-24 23:56:51,348 [INFO] pcrl.training.trainer: Epoch 17 [550/612] Loss: -182.5391 Task: 3.1186 Adv: -7.4377 Verify: 0.0114
2026-04-24 23:56:58,080 [INFO] pcrl.training.trainer: Epoch 17 [600/612] Loss: -183.2496 Task: 3.1748 Adv: -7.4779 Verify: 0.0209
2026-04-24 23:56:59,843 [INFO] pcrl.training.trainer: [TRAIN] Epoch 17 - Loss: -183.3779, Task: 3.1478, Adv: -7.4886, Verify: 0.0276, Time: 83.0s
2026-04-24 23:56:59,843 [INFO] pcrl.training.trainer:   Task 'income' accuracy: 0.5882
2026-04-24 23:56:59,843 [INFO] pcrl.training.trainer:   Task 'hours_band' accuracy: 0.5480
2026-04-24 23:56:59,843 [INFO] pcrl.training.trainer:   Task 'education_level' accuracy: 0.3866
2026-04-24 23:56:59,843 [INFO] pcrl.training.trainer:   Auditor 'race' accuracy: 0.6184
2026-04-24 23:56:59,843 [INFO] pcrl.training.trainer:   Auditor 'sex' accuracy: 0.5279
2026-04-24 23:56:59,843 [INFO] pcrl.training.trainer:   Auditor 'age_group' accuracy: 0.4155
2026-04-24 23:56:59,843 [INFO] pcrl.training.trainer:   Auditor 'marital_status' accuracy: 0.5234
2026-04-24 23:56:59,843 [INFO] pcrl.training.trainer:   Auditor 'income' accuracy: 0.5882
2026-04-24 23:57:00,861 [INFO] pcrl.training.trainer: [VAL] Epoch 17 - Loss: 190.1118, Task: 3.1499, Adv: 7.4785, Verify: 0.0000, Time: 1.0s
2026-04-24 23:57:00,861 [INFO] pcrl.training.trainer:   Task 'income' accuracy: 0.5910
2026-04-24 23:57:00,861 [INFO] pcrl.training.trainer:   Task 'hours_band' accuracy: 0.5424
2026-04-24 23:57:00,861 [INFO] pcrl.training.trainer:   Task 'education_level' accuracy: 0.3866
2026-04-24 23:57:00,861 [INFO] pcrl.training.trainer:   Auditor 'race' accuracy: 0.6201
2026-04-24 23:57:00,861 [INFO] pcrl.training.trainer:   Auditor 'sex' accuracy: 0.5278
2026-04-24 23:57:00,861 [INFO] pcrl.training.trainer:   Auditor 'age_group' accuracy: 0.4141
2026-04-24 23:57:00,861 [INFO] pcrl.training.trainer:   Auditor 'marital_status' accuracy: 0.5266
2026-04-24 23:57:00,861 [INFO] pcrl.training.trainer:   Auditor 'income' accuracy: 0.5910
2026-04-24 23:57:07,734 [INFO] pcrl.training.trainer: Epoch 18 [50/612] Loss: -183.9810 Task: 3.1627 Adv: -7.5197 Verify: 0.0339
2026-04-24 23:57:14,436 [INFO] pcrl.training.trainer: Epoch 18 [100/612] Loss: -182.4840 Task: 3.1738 Adv: -7.4556 Verify: 0.0293
2026-04-24 23:57:21,255 [INFO] pcrl.training.trainer: Epoch 18 [150/612] Loss: -180.4116 Task: 3.1719 Adv: -7.3783 Verify: 0.0350
2026-04-24 23:57:27,959 [INFO] pcrl.training.trainer: Epoch 18 [200/612] Loss: -183.5027 Task: 3.1105 Adv: -7.5087 Verify: 0.0442
2026-04-24 23:57:34,812 [INFO] pcrl.training.trainer: Epoch 18 [250/612] Loss: -184.7263 Task: 3.1790 Adv: -7.5290 Verify: 0.0128
2026-04-24 23:57:41,599 [INFO] pcrl.training.trainer: Epoch 18 [300/612] Loss: -183.4528 Task: 3.2047 Adv: -7.4898 Verify: 0.0235
2026-04-24 23:57:48,448 [INFO] pcrl.training.trainer: Epoch 18 [350/612] Loss: -182.6921 Task: 3.1786 Adv: -7.5179 Verify: 0.0831
2026-04-24 23:57:55,346 [INFO] pcrl.training.trainer: Epoch 18 [400/612] Loss: -183.8904 Task: 3.1983 Adv: -7.4988 Verify: 0.0152
2026-04-24 23:58:02,235 [INFO] pcrl.training.trainer: Epoch 18 [450/612] Loss: -182.1258 Task: 3.0631 Adv: -7.4252 Verify: 0.0176
2026-04-24 23:58:09,262 [INFO] pcrl.training.trainer: Epoch 18 [500/612] Loss: -182.3169 Task: 3.1491 Adv: -7.4416 Verify: 0.0229
2026-04-24 23:58:16,078 [INFO] pcrl.training.trainer: Epoch 18 [550/612] Loss: -183.9452 Task: 3.1772 Adv: -7.5178 Verify: 0.0329
2026-04-24 23:58:22,817 [INFO] pcrl.training.trainer: Epoch 18 [600/612] Loss: -184.0152 Task: 3.1245 Adv: -7.5111 Verify: 0.0255
2026-04-24 23:58:24,437 [INFO] pcrl.training.trainer: [TRAIN] Epoch 18 - Loss: -183.3769, Task: 3.1484, Adv: -7.4883, Verify: 0.0273, Time: 83.6s
2026-04-24 23:58:24,438 [INFO] pcrl.training.trainer:   Task 'income' accuracy: 0.5882
2026-04-24 23:58:24,438 [INFO] pcrl.training.trainer:   Task 'hours_band' accuracy: 0.5476
2026-04-24 23:58:24,438 [INFO] pcrl.training.trainer:   Task 'education_level' accuracy: 0.3866
2026-04-24 23:58:24,438 [INFO] pcrl.training.trainer:   Auditor 'race' accuracy: 0.6184
2026-04-24 23:58:24,438 [INFO] pcrl.training.trainer:   Auditor 'sex' accuracy: 0.5279
2026-04-24 23:58:24,438 [INFO] pcrl.training.trainer:   Auditor 'age_group' accuracy: 0.4156
2026-04-24 23:58:24,438 [INFO] pcrl.training.trainer:   Auditor 'marital_status' accuracy: 0.5233
2026-04-24 23:58:24,438 [INFO] pcrl.training.trainer:   Auditor 'income' accuracy: 0.5882
2026-04-24 23:58:25,610 [INFO] pcrl.training.trainer: [VAL] Epoch 18 - Loss: 190.0806, Task: 3.1547, Adv: 7.4770, Verify: 0.0000, Time: 1.2s
2026-04-24 23:58:25,610 [INFO] pcrl.training.trainer:   Task 'income' accuracy: 0.5910
2026-04-24 23:58:25,610 [INFO] pcrl.training.trainer:   Task 'hours_band' accuracy: 0.5423
2026-04-24 23:58:25,610 [INFO] pcrl.training.trainer:   Task 'education_level' accuracy: 0.3866
2026-04-24 23:58:25,610 [INFO] pcrl.training.trainer:   Auditor 'race' accuracy: 0.6201
2026-04-24 23:58:25,610 [INFO] pcrl.training.trainer:   Auditor 'sex' accuracy: 0.5278
2026-04-24 23:58:25,610 [INFO] pcrl.training.trainer:   Auditor 'age_group' accuracy: 0.4141
2026-04-24 23:58:25,610 [INFO] pcrl.training.trainer:   Auditor 'marital_status' accuracy: 0.5266
2026-04-24 23:58:25,610 [INFO] pcrl.training.trainer:   Auditor 'income' accuracy: 0.5910
2026-04-24 23:58:32,294 [INFO] pcrl.training.trainer: Epoch 19 [50/612] Loss: -182.9514 Task: 3.1587 Adv: -7.4636 Verify: 0.0192
2026-04-24 23:58:38,966 [INFO] pcrl.training.trainer: Epoch 19 [100/612] Loss: -181.4531 Task: 3.1080 Adv: -7.4533 Verify: 0.0709
2026-04-24 23:58:45,699 [INFO] pcrl.training.trainer: Epoch 19 [150/612] Loss: -182.2575 Task: 3.0594 Adv: -7.4417 Verify: 0.0290
2026-04-24 23:58:52,462 [INFO] pcrl.training.trainer: Epoch 19 [200/612] Loss: -182.4789 Task: 3.1293 Adv: -7.4526 Verify: 0.0283
2026-04-24 23:58:59,204 [INFO] pcrl.training.trainer: Epoch 19 [250/612] Loss: -182.5175 Task: 3.1839 Adv: -7.4577 Verify: 0.0297
2026-04-24 23:59:05,912 [INFO] pcrl.training.trainer: Epoch 19 [300/612] Loss: -182.2142 Task: 3.1642 Adv: -7.4298 Verify: 0.0147
2026-04-24 23:59:12,762 [INFO] pcrl.training.trainer: Epoch 19 [350/612] Loss: -183.5231 Task: 3.1462 Adv: -7.5244 Verify: 0.0577
2026-04-24 23:59:19,483 [INFO] pcrl.training.trainer: Epoch 19 [400/612] Loss: -181.7790 Task: 3.1947 Adv: -7.4233 Verify: 0.0244
2026-04-24 23:59:26,210 [INFO] pcrl.training.trainer: Epoch 19 [450/612] Loss: -183.8945 Task: 3.0894 Adv: -7.5024 Verify: 0.0231
2026-04-24 23:59:32,968 [INFO] pcrl.training.trainer: Epoch 19 [500/612] Loss: -185.6460 Task: 3.0447 Adv: -7.5811 Verify: 0.0335
2026-04-24 23:59:39,816 [INFO] pcrl.training.trainer: Epoch 19 [550/612] Loss: -184.5549 Task: 3.1268 Adv: -7.5334 Verify: 0.0261
2026-04-24 23:59:46,488 [INFO] pcrl.training.trainer: Epoch 19 [600/612] Loss: -182.6594 Task: 3.1293 Adv: -7.4745 Verify: 0.0430
2026-04-24 23:59:48,095 [INFO] pcrl.training.trainer: [TRAIN] Epoch 19 - Loss: -183.3889, Task: 3.1513, Adv: -7.4896, Verify: 0.0279, Time: 82.5s
2026-04-24 23:59:48,096 [INFO] pcrl.training.trainer:   Task 'income' accuracy: 0.5882
2026-04-24 23:59:48,096 [INFO] pcrl.training.trainer:   Task 'hours_band' accuracy: 0.5471
2026-04-24 23:59:48,096 [INFO] pcrl.training.trainer:   Task 'education_level' accuracy: 0.3866
2026-04-24 23:59:48,096 [INFO] pcrl.training.trainer:   Auditor 'race' accuracy: 0.6184
2026-04-24 23:59:48,096 [INFO] pcrl.training.trainer:   Auditor 'sex' accuracy: 0.5279
2026-04-24 23:59:48,096 [INFO] pcrl.training.trainer:   Auditor 'age_group' accuracy: 0.4156
2026-04-24 23:59:48,096 [INFO] pcrl.training.trainer:   Auditor 'marital_status' accuracy: 0.5233
2026-04-24 23:59:48,096 [INFO] pcrl.training.trainer:   Auditor 'income' accuracy: 0.5882
2026-04-24 23:59:49,267 [INFO] pcrl.training.trainer: [VAL] Epoch 19 - Loss: 190.0852, Task: 3.1430, Adv: 7.4777, Verify: 0.0000, Time: 1.2s
2026-04-24 23:59:49,267 [INFO] pcrl.training.trainer:   Task 'income' accuracy: 0.5910
2026-04-24 23:59:49,267 [INFO] pcrl.training.trainer:   Task 'hours_band' accuracy: 0.5465
2026-04-24 23:59:49,267 [INFO] pcrl.training.trainer:   Task 'education_level' accuracy: 0.3866
2026-04-24 23:59:49,267 [INFO] pcrl.training.trainer:   Auditor 'race' accuracy: 0.6201
2026-04-24 23:59:49,267 [INFO] pcrl.training.trainer:   Auditor 'sex' accuracy: 0.5278
2026-04-24 23:59:49,267 [INFO] pcrl.training.trainer:   Auditor 'age_group' accuracy: 0.4141
2026-04-24 23:59:49,267 [INFO] pcrl.training.trainer:   Auditor 'marital_status' accuracy: 0.5266
2026-04-24 23:59:49,267 [INFO] pcrl.training.trainer:   Auditor 'income' accuracy: 0.5910
2026-04-24 23:59:49,307 [INFO] pcrl.training.trainer: Saved checkpoint to /home/ubuntu/PCRL/checkpoints/folktables_laftr_s0_lam25/epoch_20.pt
2026-04-24 23:59:56,008 [INFO] pcrl.training.trainer: Epoch 20 [50/612] Loss: -183.2320 Task: 3.1653 Adv: -7.4734 Verify: 0.0175
2026-04-25 00:00:02,785 [INFO] pcrl.training.trainer: Epoch 20 [100/612] Loss: -184.6429 Task: 3.1805 Adv: -7.5284 Verify: 0.0154
2026-04-25 00:00:09,338 [INFO] pcrl.training.trainer: Epoch 20 [150/612] Loss: -184.9032 Task: 3.1014 Adv: -7.5445 Verify: 0.0243
2026-04-25 00:00:16,146 [INFO] pcrl.training.trainer: Epoch 20 [200/612] Loss: -182.6229 Task: 3.1270 Adv: -7.4444 Verify: 0.0144
2026-04-25 00:00:22,883 [INFO] pcrl.training.trainer: Epoch 20 [250/612] Loss: -183.1411 Task: 3.1823 Adv: -7.4854 Verify: 0.0324
2026-04-25 00:00:29,662 [INFO] pcrl.training.trainer: Epoch 20 [300/612] Loss: -183.2482 Task: 3.1031 Adv: -7.4837 Verify: 0.0296
2026-04-25 00:00:36,314 [INFO] pcrl.training.trainer: Epoch 20 [350/612] Loss: -183.6351 Task: 3.1724 Adv: -7.5098 Verify: 0.0375
2026-04-25 00:00:43,027 [INFO] pcrl.training.trainer: Epoch 20 [400/612] Loss: -180.8768 Task: 3.1985 Adv: -7.3872 Verify: 0.0242
2026-04-25 00:00:49,727 [INFO] pcrl.training.trainer: Epoch 20 [450/612] Loss: -183.9018 Task: 3.1375 Adv: -7.5012 Verify: 0.0196
2026-04-25 00:00:56,478 [INFO] pcrl.training.trainer: Epoch 20 [500/612] Loss: -182.2998 Task: 3.1613 Adv: -7.4715 Verify: 0.0530
2026-04-25 00:01:03,429 [INFO] pcrl.training.trainer: Epoch 20 [550/612] Loss: -182.0569 Task: 3.1810 Adv: -7.4259 Verify: 0.0164
2026-04-25 00:01:10,232 [INFO] pcrl.training.trainer: Epoch 20 [600/612] Loss: -184.3102 Task: 3.0966 Adv: -7.5119 Verify: 0.0157
2026-04-25 00:01:11,830 [INFO] pcrl.training.trainer: [TRAIN] Epoch 20 - Loss: -183.4309, Task: 3.1489, Adv: -7.4901, Verify: 0.0269, Time: 82.5s
2026-04-25 00:01:11,830 [INFO] pcrl.training.trainer:   Task 'income' accuracy: 0.5882
2026-04-25 00:01:11,830 [INFO] pcrl.training.trainer:   Task 'hours_band' accuracy: 0.5474
2026-04-25 00:01:11,830 [INFO] pcrl.training.trainer:   Task 'education_level' accuracy: 0.3866
2026-04-25 00:01:11,830 [INFO] pcrl.training.trainer:   Auditor 'race' accuracy: 0.6184
2026-04-25 00:01:11,830 [INFO] pcrl.training.trainer:   Auditor 'sex' accuracy: 0.5279
2026-04-25 00:01:11,830 [INFO] pcrl.training.trainer:   Auditor 'age_group' accuracy: 0.4156
2026-04-25 00:01:11,830 [INFO] pcrl.training.trainer:   Auditor 'marital_status' accuracy: 0.5234
2026-04-25 00:01:11,830 [INFO] pcrl.training.trainer:   Auditor 'income' accuracy: 0.5882
2026-04-25 00:01:12,832 [INFO] pcrl.training.trainer: [VAL] Epoch 20 - Loss: 190.1104, Task: 3.1609, Adv: 7.4780, Verify: 0.0000, Time: 1.0s
2026-04-25 00:01:12,832 [INFO] pcrl.training.trainer:   Task 'income' accuracy: 0.5910
2026-04-25 00:01:12,832 [INFO] pcrl.training.trainer:   Task 'hours_band' accuracy: 0.5423
2026-04-25 00:01:12,832 [INFO] pcrl.training.trainer:   Task 'education_level' accuracy: 0.3866
2026-04-25 00:01:12,833 [INFO] pcrl.training.trainer:   Auditor 'race' accuracy: 0.6201
2026-04-25 00:01:12,833 [INFO] pcrl.training.trainer:   Auditor 'sex' accuracy: 0.5278
2026-04-25 00:01:12,833 [INFO] pcrl.training.trainer:   Auditor 'age_group' accuracy: 0.4141
2026-04-25 00:01:12,833 [INFO] pcrl.training.trainer:   Auditor 'marital_status' accuracy: 0.5266
2026-04-25 00:01:12,833 [INFO] pcrl.training.trainer:   Auditor 'income' accuracy: 0.5910
2026-04-25 00:01:12,833 [INFO] pcrl.training.trainer: Early stopping at epoch 20
2026-04-25 00:01:12,871 [INFO] pcrl.training.trainer: Saved checkpoint to /home/ubuntu/PCRL/checkpoints/folktables_laftr_s0_lam25/final.pt
2026-04-25 00:01:12,872 [INFO] pcrl.training.trainer: Training complete!
2026-04-25 00:20:54,443 [INFO] __main__: Saved /home/ubuntu/PCRL/results/folktables/baselines.csv (16 rows)
2026-04-25 00:20:54,446 [INFO] __main__: Saved /home/ubuntu/PCRL/results/folktables/summary.csv (24 rows)
2026-04-25 00:20:54,446 [INFO] __main__: Done. Total wall time: 425.2 min
